seed,run_id,mobility,status,rejection_reason,rejected_at_s,probe_captured,avg_neighbor_count,std_neighbor_count,min_neighbor_count,max_neighbor_count,avg_two_hop_count,std_two_hop_count,avg_routing_table_size,std_routing_table_size,fully_converged_nodes,node1_is_neighbor_of_node0,avg_min_euclidean_dist
1,1,0,rejected,assert_connectivity,60.000000,1,6.240000,3.095545,0.000000,12.000000,8.400000,4.779121,47.040000,6.720000,0,0,60.286439
2,2,0,accepted,none,0.000000,1,5.920000,2.207623,1.000000,10.000000,8.520000,3.971096,49.000000,0.000000,50,0,70.998375
3,3,0,rejected,assert_connectivity,60.000000,1,5.400000,2.244994,1.000000,11.000000,6.520000,3.232584,45.160000,9.014122,0,0,70.479147
4,4,0,rejected,assert_connectivity,60.000000,1,6.320000,2.587972,0.000000,11.000000,7.560000,3.430219,43.280000,10.766689,0,0,69.564370
5,5,0,rejected,assert_connectivity,60.000000,1,5.920000,2.415285,0.000000,12.000000,6.920000,4.039010,39.840000,12.485768,0,0,61.863788
6,6,0,rejected,assert_connectivity,60.000000,1,6.440000,3.131517,1.000000,13.000000,7.360000,4.385248,40.000000,12.000000,0,0,60.352771
7,7,0,accepted,none,0.000000,1,7.760000,3.355950,1.000000,14.000000,9.600000,4.237924,49.000000,0.000000,50,0,61.335085
8,8,0,accepted,none,0.000000,1,5.400000,1.907878,2.000000,9.000000,5.880000,2.294690,49.000000,0.000000,50,0,62.675655
9,9,0,accepted,none,0.000000,1,5.680000,2.130164,2.000000,9.000000,6.160000,2.802570,49.000000,0.000000,50,0,59.408642
10,10,0,rejected,assert_connectivity,60.000000,1,5.640000,2.496077,0.000000,10.000000,7.560000,3.516589,47.040000,6.720000,0,0,73.541554
11,11,0,rejected,assert_connectivity,60.000000,1,7.200000,3.826225,1.000000,16.000000,9.160000,5.703893,40.000000,12.000000,0,0,63.169865
12,12,0,accepted,none,0.000000,1,5.640000,2.755068,1.000000,11.000000,7.520000,3.232584,49.000000,0.000000,50,0,82.711918
13,13,0,rejected,too_close,60.000000,1,5.920000,2.373521,1.000000,10.000000,8.720000,4.400182,49.000000,0.000000,50,1,74.163121
14,14,0,rejected,assert_connectivity,60.000000,1,4.840000,2.138785,0.000000,9.000000,5.360000,3.284874,41.520000,11.803796,0,0,69.274817
15,15,0,rejected,assert_connectivity,60.000000,1,5.320000,1.815930,1.000000,9.000000,6.960000,3.841666,41.640000,11.394314,0,0,64.005092
16,16,0,rejected,too_close,60.000000,1,5.640000,2.567177,1.000000,12.000000,7.240000,3.530212,49.000000,0.000000,50,0,67.852884
17,17,0,rejected,assert_connectivity,60.000000,1,5.920000,2.711752,0.000000,10.000000,6.880000,3.575696,47.040000,6.720000,0,0,60.415488
18,18,0,accepted,none,0.000000,1,6.800000,3.046309,1.000000,13.000000,9.760000,4.072149,49.000000,0.000000,50,0,52.704149
19,19,0,rejected,assert_connectivity,60.000000,1,5.680000,2.730861,1.000000,12.000000,5.960000,4.093702,30.640000,13.860390,0,0,76.141612
20,20,0,rejected,assert_connectivity,60.000000,1,5.440000,2.325167,1.000000,10.000000,6.880000,3.203998,45.160000,9.014122,0,0,67.777051
21,21,0,rejected,assert_connectivity,60.000000,1,6.600000,2.877499,0.000000,12.000000,8.960000,4.560526,47.040000,6.720000,0,1,72.293897
22,22,0,rejected,assert_connectivity,60.000000,1,5.280000,1.732513,2.000000,9.000000,5.120000,3.845205,36.960000,12.491533,0,0,59.870205
23,23,0,rejected,assert_connectivity,60.000000,1,6.400000,3.655133,0.000000,13.000000,7.800000,4.857983,47.040000,6.720000,0,0,80.551743
24,24,0,accepted,none,0.000000,1,5.640000,2.287007,2.000000,10.000000,7.080000,3.260920,49.000000,0.000000,50,0,69.415490
25,25,0,rejected,assert_connectivity,60.000000,1,6.360000,3.333227,0.000000,13.000000,10.080000,4.824272,45.120000,9.210081,0,0,72.417177
26,26,0,rejected,assert_connectivity,60.000000,1,5.600000,2.323790,0.000000,12.000000,7.920000,4.288776,47.040000,6.720000,0,1,65.489310
27,27,0,rejected,assert_connectivity,60.000000,1,7.520000,2.765791,0.000000,12.000000,8.800000,4.911212,47.040000,6.720000,0,0,56.153673
28,28,0,accepted,none,0.000000,1,5.040000,1.720000,2.000000,9.000000,6.920000,3.097354,49.000000,0.000000,50,0,64.280876
29,29,0,rejected,assert_connectivity,60.000000,1,6.400000,3.826225,0.000000,14.000000,7.560000,4.181674,41.520000,11.803796,0,0,62.742349
30,30,0,rejected,assert_connectivity,60.000000,1,7.000000,4.147288,0.000000,14.000000,7.800000,3.908964,47.040000,6.720000,0,0,63.616309
31,31,0,accepted,none,0.000000,1,6.280000,2.623280,1.000000,12.000000,9.240000,3.728592,49.000000,0.000000,50,0,64.259098
32,32,0,rejected,assert_connectivity,60.000000,1,6.040000,2.576509,0.000000,11.000000,8.400000,3.382307,47.040000,6.720000,0,1,66.097699
33,33,0,rejected,assert_connectivity,60.000000,1,5.440000,2.255305,2.000000,10.000000,5.960000,3.504055,41.640000,11.394314,0,0,62.097532
34,34,0,rejected,assert_connectivity,60.000000,1,6.200000,3.206244,0.000000,13.000000,7.680000,4.211603,43.280000,10.766689,0,0,65.010611
35,35,0,accepted,none,0.000000,1,5.440000,1.790642,1.000000,9.000000,7.240000,3.403293,49.000000,0.000000,50,0,68.442699
36,36,0,rejected,assert_connectivity,60.000000,1,5.520000,2.325855,0.000000,10.000000,6.640000,3.553927,47.040000,6.720000,0,0,64.198608
37,37,0,rejected,assert_connectivity,60.000000,1,6.320000,3.114097,0.000000,13.000000,7.720000,3.815966,47.040000,6.720000,0,0,69.200593
38,38,0,rejected,assert_connectivity,60.000000,1,6.320000,3.775924,1.000000,14.000000,8.520000,5.235418,34.760000,14.303230,0,0,61.005326
39,39,0,rejected,assert_connectivity,60.000000,1,5.720000,2.835771,2.000000,12.000000,6.760000,3.886181,43.360000,10.449421,0,0,54.549577
40,40,0,rejected,assert_connectivity,60.000000,1,6.200000,2.856571,0.000000,12.000000,7.480000,3.689119,47.040000,6.720000,0,0,71.156393
41,41,0,rejected,assert_connectivity,60.000000,1,5.840000,2.516823,0.000000,11.000000,8.080000,3.814918,47.040000,6.720000,0,0,66.974039
42,42,0,accepted,none,0.000000,1,6.320000,3.838958,1.000000,15.000000,7.720000,3.990188,49.000000,0.000000,50,0,69.118422
43,43,0,accepted,none,0.000000,1,5.240000,1.691863,1.000000,9.000000,6.880000,3.362380,49.000000,0.000000,50,0,61.361878
44,44,0,rejected,too_close,60.000000,1,6.320000,2.935575,1.000000,12.000000,9.560000,4.459417,49.000000,0.000000,50,0,70.877896
45,45,0,accepted,none,0.000000,1,5.480000,2.109407,1.000000,9.000000,5.400000,3.364521,49.000000,0.000000,50,0,65.498329
46,46,0,rejected,assert_connectivity,60.000000,1,7.960000,3.649438,1.000000,13.000000,8.160000,5.304187,29.680000,13.088071,0,0,68.962505
47,47,0,accepted,none,0.000000,1,6.600000,3.394113,2.000000,15.000000,7.920000,4.175356,49.000000,0.000000,50,0,61.640106
48,48,0,rejected,assert_connectivity,60.000000,1,6.080000,2.504716,1.000000,11.000000,5.880000,3.326500,40.000000,12.000000,0,0,56.377756
49,49,0,accepted,none,0.000000,1,6.720000,3.006925,2.000000,12.000000,9.280000,4.626186,49.000000,0.000000,50,0,58.593798
50,50,0,rejected,assert_connectivity,60.000000,1,7.400000,3.280244,0.000000,14.000000,7.240000,3.265333,47.040000,6.720000,0,0,58.669209
51,51,0,rejected,assert_connectivity,60.000000,1,6.080000,3.084412,0.000000,11.000000,8.440000,3.430219,47.040000,6.720000,0,0,69.601296
52,52,0,rejected,assert_connectivity,60.000000,1,5.200000,1.928730,1.000000,9.000000,5.240000,3.301878,45.160000,9.014122,0,0,66.559193
53,53,0,rejected,too_close,60.000000,1,4.920000,1.831284,1.000000,9.000000,4.640000,1.926240,49.000000,0.000000,50,1,66.286517
54,54,0,rejected,assert_connectivity,60.000000,1,5.880000,2.754197,1.000000,11.000000,7.280000,3.498800,39.760000,12.720943,0,0,56.796110
55,55,0,rejected,assert_connectivity,60.000000,1,5.960000,3.130240,0.000000,12.000000,6.120000,3.010913,47.040000,6.720000,0,0,66.383344
56,56,0,accepted,none,0.000000,1,5.480000,2.146998,1.000000,11.000000,7.040000,3.123844,49.000000,0.000000,50,0,69.155011
57,57,0,rejected,assert_connectivity,60.000000,1,5.760000,2.990385,1.000000,12.000000,6.880000,3.922448,43.360000,10.449421,0,0,67.725698
58,58,0,rejected,assert_connectivity,60.000000,1,6.640000,2.733203,2.000000,11.000000,8.880000,4.087248,43.360000,10.449421,0,1,69.882854
59,59,0,rejected,assert_connectivity,60.000000,1,5.360000,2.674023,1.000000,13.000000,5.720000,3.124356,43.360000,10.449421,0,0,63.621257
60,60,0,rejected,assert_connectivity,60.000000,1,5.560000,1.920000,0.000000,9.000000,7.760000,2.949983,47.040000,6.720000,0,0,74.793491
61,61,0,rejected,assert_connectivity,60.000000,1,5.920000,2.855451,1.000000,12.000000,6.120000,3.462023,45.160000,9.014122,0,0,66.383779
62,62,0,accepted,none,0.000000,1,6.200000,2.727636,1.000000,12.000000,7.720000,2.705846,49.000000,0.000000,50,0,70.003345
63,63,0,accepted,none,0.000000,1,7.480000,3.287796,1.000000,16.000000,9.520000,4.040990,49.000000,0.000000,50,0,60.548096
64,64,0,accepted,none,0.000000,1,5.960000,1.938659,2.000000,10.000000,7.360000,3.374967,49.000000,0.000000,50,0,60.429171
65,65,0,accepted,none,0.000000,1,6.000000,1.833030,2.000000,11.000000,7.800000,2.771281,49.000000,0.000000,50,0,62.065294
66,66,0,accepted,none,0.000000,1,5.480000,2.183941,2.000000,11.000000,6.520000,3.694537,49.000000,0.000000,50,0,62.923717
67,67,0,accepted,none,0.000000,1,6.440000,2.736129,1.000000,12.000000,9.800000,3.622154,49.000000,0.000000,50,0,61.771808
68,68,0,rejected,assert_connectivity,60.000000,1,6.880000,3.043945,1.000000,12.000000,9.880000,4.541542,41.640000,11.394314,0,0,64.328026
69,69,0,rejected,assert_connectivity,60.000000,1,6.400000,3.352611,1.000000,14.000000,8.000000,4.882622,41.640000,11.394314,0,0,66.458013
70,70,0,rejected,too_close,60.000000,1,6.240000,2.565619,2.000000,12.000000,7.840000,4.323702,49.000000,0.000000,50,0,64.563683
71,71,0,rejected,assert_connectivity,60.000000,1,5.960000,2.966210,1.000000,11.000000,7.760000,3.797684,45.160000,9.014122,0,0,61.854177
72,72,0,rejected,assert_connectivity,60.000000,1,5.960000,2.925474,2.000000,16.000000,6.800000,3.867816,43.360000,10.449421,0,0,60.700005
73,73,0,accepted,none,0.000000,1,5.320000,1.933287,1.000000,10.000000,7.200000,3.566511,49.000000,0.000000,50,0,67.251183
74,74,0,rejected,assert_connectivity,60.000000,1,7.560000,3.225895,1.000000,14.000000,7.240000,3.987781,45.160000,9.014122,0,1,57.824896
75,75,0,accepted,none,0.000000,1,6.400000,2.374868,1.000000,12.000000,6.720000,3.555503,49.000000,0.000000,50,0,68.552714
76,76,0,rejected,assert_connectivity,60.000000,1,8.000000,4.004997,0.000000,16.000000,9.800000,4.390900,47.040000,6.720000,0,0,69.143222
77,77,0,accepted,none,0.000000,1,6.640000,3.290957,2.000000,13.000000,7.520000,3.945833,49.000000,0.000000,50,0,62.828355
78,78,0,rejected,too_close,60.000000,1,6.160000,2.361017,1.000000,12.000000,7.720000,4.064677,49.000000,0.000000,50,0,62.870062
79,79,0,rejected,assert_connectivity,60.000000,1,6.480000,3.176413,0.000000,13.000000,7.440000,3.645051,27.440000,10.176758,0,0,69.610297
80,80,0,accepted,none,0.000000,1,5.720000,2.315513,1.000000,10.000000,6.960000,3.714620,49.000000,0.000000,50,0,63.343192
81,81,0,rejected,too_close,60.000000,1,6.200000,2.675818,1.000000,13.000000,9.320000,3.663004,49.000000,0.000000,50,0,63.403951
82,82,0,accepted,none,0.000000,1,5.760000,1.849973,2.000000,10.000000,6.640000,3.321205,49.000000,0.000000,50,0,68.657185
83,83,0,rejected,too_close,60.000000,1,5.680000,2.866636,1.000000,12.000000,8.520000,3.869057,49.000000,0.000000,50,1,68.544363
84,84,0,accepted,none,0.000000,1,6.360000,3.090372,1.000000,12.000000,8.960000,4.209323,49.000000,0.000000,50,0,68.792261
85,85,0,rejected,assert_connectivity,60.000000,1,6.760000,2.596613,1.000000,12.000000,8.520000,3.628994,41.640000,11.394314,0,0,61.135107
86,86,0,rejected,assert_connectivity,60.000000,1,5.640000,2.582712,0.000000,12.000000,5.960000,3.286092,43.280000,10.766689,0,0,65.570306
87,87,0,rejected,assert_connectivity,60.000000,1,5.440000,2.021485,0.000000,9.000000,6.720000,2.727930,47.040000,6.720000,0,0,66.677249
88,88,0,rejected,too_close,60.000000,1,5.480000,1.951820,2.000000,10.000000,7.440000,3.060457,49.000000,0.000000,50,0,67.008718
89,89,0,rejected,assert_connectivity,60.000000,1,6.640000,3.005062,0.000000,12.000000,8.360000,4.564033,43.280000,10.766689,0,0,65.824913
90,90,0,rejected,assert_connectivity,60.000000,1,6.240000,2.909020,1.000000,12.000000,8.840000,4.679145,36.960000,12.491533,0,0,65.909676
91,91,0,rejected,assert_connectivity,60.000000,1,6.360000,2.364403,1.000000,11.000000,6.320000,3.139682,34.240000,12.293999,0,0,55.765248
92,92,0,rejected,assert_connectivity,60.000000,1,7.080000,3.697783,1.000000,16.000000,9.280000,4.866374,45.160000,9.014122,0,0,64.795529
93,93,0,rejected,assert_connectivity,60.000000,1,5.120000,1.850838,2.000000,10.000000,7.320000,4.096047,38.440000,12.348538,0,0,67.477789
94,94,0,accepted,none,0.000000,1,5.720000,2.172924,1.000000,10.000000,7.640000,3.185969,49.000000,0.000000,50,0,70.556125
95,95,0,accepted,none,0.000000,1,6.840000,2.248199,2.000000,11.000000,7.560000,3.476550,49.000000,0.000000,50,0,59.630239
96,96,0,rejected,too_close,60.000000,1,5.560000,2.108649,2.000000,11.000000,5.360000,2.791129,49.000000,0.000000,50,0,68.744609
97,97,0,rejected,assert_connectivity,60.000000,1,6.760000,2.846471,0.000000,12.000000,7.840000,3.822878,43.280000,10.766689,0,0,57.997631
98,98,0,rejected,assert_connectivity,60.000000,1,6.360000,2.833796,1.000000,12.000000,9.480000,4.665790,45.160000,9.014122,0,0,58.665270
99,99,0,rejected,too_close,60.000000,1,7.160000,2.975634,1.000000,12.000000,8.240000,4.037623,49.000000,0.000000,50,1,63.617703
100,100,0,rejected,assert_connectivity,60.000000,1,6.400000,2.569047,0.000000,12.000000,8.160000,3.300667,45.120000,9.210081,0,0,68.951738
101,101,0,accepted,none,0.000000,1,5.600000,2.481935,2.000000,11.000000,7.280000,4.118446,49.000000,0.000000,50,0,70.301750
102,102,0,rejected,assert_connectivity,60.000000,1,6.240000,2.510458,1.000000,11.000000,7.040000,3.560674,27.880000,11.566573,0,0,65.626788
103,103,0,rejected,too_close,60.000000,1,7.040000,2.959459,2.000000,14.000000,8.200000,3.934463,49.000000,0.000000,50,1,62.610588
104,104,0,rejected,assert_connectivity,60.000000,1,6.720000,2.408651,1.000000,11.000000,7.640000,3.887210,40.000000,12.000000,0,0,68.679674
105,105,0,accepted,none,0.000000,1,5.960000,1.875740,2.000000,11.000000,7.760000,3.190987,49.000000,0.000000,50,0,63.721762
106,106,0,rejected,assert_connectivity,60.000000,1,5.840000,2.452427,0.000000,11.000000,6.800000,2.905168,47.040000,6.720000,0,0,64.662020
107,107,0,accepted,none,0.000000,1,5.280000,1.497197,2.000000,8.000000,7.640000,3.109727,49.000000,0.000000,50,0,71.378178
108,108,0,rejected,assert_connectivity,60.000000,1,5.720000,2.764344,1.000000,11.000000,7.360000,4.389806,40.000000,12.000000,0,0,63.664081
109,109,0,accepted,none,0.000000,1,6.160000,2.138785,1.000000,10.000000,6.600000,2.078461,49.000000,0.000000,50,0,66.349984
110,110,0,accepted,none,0.000000,1,6.040000,2.382939,1.000000,10.000000,7.680000,3.460867,49.000000,0.000000,50,0,70.830452
111,111,0,accepted,none,0.000000,1,5.440000,2.325167,2.000000,11.000000,5.720000,2.814534,49.000000,0.000000,50,0,69.332652
112,112,0,rejected,assert_connectivity,60.000000,1,6.280000,3.328904,1.000000,13.000000,7.640000,4.702170,41.640000,11.394314,0,0,64.512305
113,113,0,accepted,none,0.000000,1,6.040000,2.720000,1.000000,10.000000,8.360000,4.053443,49.000000,0.000000,50,0,73.930426
114,114,0,rejected,assert_connectivity,60.000000,1,6.800000,3.340659,1.000000,15.000000,7.280000,4.059754,28.000000,9.165151,0,0,67.674124
115,115,0,rejected,assert_connectivity,60.000000,1,6.560000,2.677013,0.000000,12.000000,8.160000,4.201714,47.040000,6.720000,0,0,69.621568
116,116,0,accepted,none,0.000000,1,5.720000,2.638484,1.000000,11.000000,7.720000,3.175154,49.000000,0.000000,50,0,77.423464
117,117,0,rejected,assert_connectivity,60.000000,1,5.360000,2.330322,1.000000,11.000000,6.600000,3.959798,25.360000,9.568197,0,0,54.304852
118,118,0,rejected,assert_connectivity,60.000000,1,7.400000,4.204759,0.000000,15.000000,8.200000,4.156922,47.040000,6.720000,0,0,63.483322
119,119,0,accepted,none,0.000000,1,6.160000,2.540551,1.000000,10.000000,7.200000,3.810512,49.000000,0.000000,50,0,60.025026
120,120,0,rejected,assert_connectivity,60.000000,1,4.920000,2.207623,1.000000,9.000000,6.200000,3.249615,45.160000,9.014122,0,0,62.574099
121,121,0,rejected,assert_connectivity,60.000000,1,5.720000,2.416940,0.000000,10.000000,5.880000,2.746926,43.280000,10.766689,0,0,63.090672
122,122,0,accepted,none,0.000000,1,6.160000,2.013554,1.000000,10.000000,8.600000,3.655133,49.000000,0.000000,50,0,62.590349
123,123,0,rejected,assert_connectivity,60.000000,1,6.120000,2.620229,0.000000,12.000000,7.320000,3.523862,23.840000,5.547468,0,1,70.456550
124,124,0,rejected,assert_connectivity,60.000000,1,6.160000,3.431385,0.000000,14.000000,6.320000,3.568977,47.040000,6.720000,0,0,61.386282
125,125,0,accepted,none,0.000000,1,6.320000,1.901999,2.000000,10.000000,6.640000,3.192241,49.000000,0.000000,50,0,60.054965
126,126,0,rejected,assert_connectivity,60.000000,1,7.120000,2.303389,0.000000,13.000000,6.720000,3.292659,47.040000,6.720000,0,0,53.338496
127,127,0,rejected,assert_connectivity,60.000000,1,6.920000,2.869425,1.000000,12.000000,8.160000,3.926118,43.360000,10.449421,0,0,65.549784
128,128,0,rejected,assert_connectivity,60.000000,1,5.600000,2.457641,1.000000,11.000000,6.000000,3.852272,41.640000,11.394314,0,0,61.999491
129,129,0,accepted,none,0.000000,1,7.080000,3.676085,2.000000,14.000000,8.560000,4.796499,49.000000,0.000000,50,0,59.743417
130,130,0,rejected,assert_connectivity,60.000000,1,5.400000,2.068816,0.000000,9.000000,7.520000,3.281707,47.040000,6.720000,0,0,67.668853
131,131,0,rejected,assert_connectivity,60.000000,1,6.320000,3.361190,0.000000,13.000000,7.680000,4.953544,39.680000,12.960617,0,0,60.221468
132,132,0,accepted,none,0.000000,1,6.520000,2.308593,2.000000,10.000000,7.880000,2.936937,49.000000,0.000000,50,0,58.859912
133,133,0,rejected,assert_connectivity,60.000000,1,5.160000,2.500880,1.000000,9.000000,6.440000,3.847909,24.080000,8.076732,0,0,65.609845
134,134,0,rejected,assert_connectivity,60.000000,1,5.520000,2.273675,0.000000,10.000000,7.800000,4.166533,47.040000,6.720000,0,0,71.324389
135,135,0,rejected,assert_connectivity,60.000000,1,7.600000,4.582576,1.000000,16.000000,10.640000,5.034918,43.360000,10.449421,0,0,72.158465
136,136,0,rejected,assert_connectivity,60.000000,1,6.440000,3.389159,1.000000,12.000000,7.640000,3.871744,28.880000,12.125411,0,0,56.382543
137,137,0,rejected,too_close,60.000000,1,6.120000,2.930119,1.000000,12.000000,8.640000,4.279065,49.000000,0.000000,50,1,68.858803
138,138,0,rejected,assert_connectivity,60.000000,1,6.280000,2.646054,0.000000,11.000000,7.840000,4.225447,47.040000,6.720000,0,0,74.540547
139,139,0,rejected,assert_connectivity,60.000000,1,5.840000,2.361017,0.000000,10.000000,7.120000,4.135892,45.120000,9.210081,0,0,67.802664
140,140,0,rejected,assert_connectivity,60.000000,1,7.440000,2.987708,0.000000,13.000000,10.800000,4.833218,47.040000,6.720000,0,0,59.225095
141,141,0,accepted,none,0.000000,1,6.240000,2.588899,2.000000,11.000000,8.800000,3.741657,49.000000,0.000000,50,0,67.707363
142,142,0,rejected,assert_connectivity,60.000000,1,5.560000,2.546841,0.000000,10.000000,6.760000,4.072149,29.120000,14.038006,0,0,68.247221
143,143,0,rejected,assert_connectivity,60.000000,1,5.680000,2.167395,0.000000,11.000000,7.200000,3.364521,47.040000,6.720000,0,0,70.099789
144,144,0,rejected,assert_connectivity,60.000000,1,6.600000,3.334666,1.000000,12.000000,7.400000,3.704052,34.240000,12.293999,0,0,58.249438
145,145,0,rejected,too_close,60.000000,1,6.600000,2.705550,1.000000,11.000000,8.920000,4.058768,49.000000,0.000000,50,0,67.672909
146,146,0,rejected,assert_connectivity,60.000000,1,5.760000,2.573402,1.000000,12.000000,6.920000,3.820157,45.160000,9.014122,0,0,59.606363
147,147,0,rejected,too_close,60.000000,1,5.320000,2.327574,1.000000,9.000000,6.480000,3.389631,49.000000,0.000000,50,1,68.753552
148,148,0,accepted,none,0.000000,1,5.480000,2.193080,1.000000,10.000000,4.040000,2.449163,49.000000,0.000000,50,0,66.435301
149,149,0,rejected,assert_connectivity,60.000000,1,5.880000,2.346402,1.000000,11.000000,7.560000,4.133570,45.160000,9.014122,0,0,63.859051
150,150,0,rejected,assert_connectivity,60.000000,1,6.640000,3.485742,0.000000,14.000000,8.920000,4.376483,43.280000,10.766689,0,0,61.415715
151,151,0,accepted,none,0.000000,1,6.040000,2.560937,2.000000,11.000000,7.640000,3.537004,49.000000,0.000000,50,0,70.897925
152,152,0,accepted,none,0.000000,1,6.120000,2.717646,1.000000,10.000000,6.360000,2.688940,49.000000,0.000000,50,0,66.794153
153,153,0,rejected,too_close,60.000000,1,6.680000,3.414323,1.000000,13.000000,8.720000,3.815966,49.000000,0.000000,50,0,68.008858
154,154,0,accepted,none,0.000000,1,5.400000,2.262742,2.000000,12.000000,6.360000,2.543698,49.000000,0.000000,50,0,59.617021
155,155,0,rejected,assert_connectivity,60.000000,1,6.360000,2.242855,2.000000,12.000000,6.560000,3.527946,30.760000,11.104161,0,0,56.607693
156,156,0,rejected,too_close,60.000000,1,6.080000,2.331008,1.000000,11.000000,6.840000,3.716773,49.000000,0.000000,50,0,63.343170
157,157,0,accepted,none,0.000000,1,6.200000,2.912044,1.000000,12.000000,7.960000,3.676738,49.000000,0.000000,50,0,59.386813
158,158,0,rejected,too_close,60.000000,1,5.840000,2.618091,1.000000,12.000000,6.360000,3.141719,49.000000,0.000000,50,0,70.456019
159,159,0,rejected,assert_connectivity,60.000000,1,6.280000,3.417836,1.000000,13.000000,8.160000,4.759664,45.160000,9.014122,0,0,64.488870
160,160,0,rejected,too_close,60.000000,1,5.880000,2.094182,2.000000,11.000000,6.400000,2.918904,49.000000,0.000000,50,0,68.140354
161,161,0,rejected,assert_connectivity,60.000000,1,6.560000,2.757970,1.000000,13.000000,8.640000,4.194091,45.160000,9.014122,0,0,59.692428
162,162,0,rejected,assert_connectivity,60.000000,1,6.600000,3.515679,0.000000,14.000000,6.600000,3.633180,47.040000,6.720000,0,1,66.981522
163,163,0,rejected,assert_connectivity,60.000000,1,7.240000,3.432550,0.000000,14.000000,9.000000,5.023943,47.040000,6.720000,0,0,64.315868
164,164,0,accepted,none,0.000000,1,5.640000,1.797331,1.000000,9.000000,7.680000,2.887490,49.000000,0.000000,50,0,74.065114
165,165,0,rejected,too_close,60.000000,1,7.600000,4.171331,1.000000,16.000000,9.960000,4.732695,49.000000,0.000000,50,0,64.495820
166,166,0,rejected,assert_connectivity,60.000000,1,5.880000,2.006390,0.000000,10.000000,4.440000,3.163289,33.920000,13.010519,0,0,60.504739
167,167,0,accepted,none,0.000000,1,6.040000,2.199636,2.000000,12.000000,8.960000,2.712637,49.000000,0.000000,50,0,68.749081
168,168,0,rejected,assert_connectivity,60.000000,1,7.760000,3.886181,0.000000,17.000000,10.640000,6.127838,38.240000,12.900481,0,0,65.739882
169,169,0,rejected,assert_connectivity,60.000000,1,6.160000,2.309632,0.000000,10.000000,5.240000,3.140446,47.040000,6.720000,0,0,69.259780
170,170,0,accepted,none,0.000000,1,5.520000,2.291201,1.000000,10.000000,7.880000,3.216458,49.000000,0.000000,50,0,66.931946
171,171,0,accepted,none,0.000000,1,5.120000,1.840000,1.000000,9.000000,5.200000,2.154066,49.000000,0.000000,50,0,72.612127
172,172,0,accepted,none,0.000000,1,6.120000,2.739635,1.000000,12.000000,10.240000,4.154804,49.000000,0.000000,50,0,66.168328
173,173,0,rejected,assert_connectivity,60.000000,1,6.120000,3.241234,1.000000,14.000000,7.840000,3.807151,28.000000,9.165151,0,0,58.083493
174,174,0,accepted,none,0.000000,1,6.640000,2.747799,1.000000,12.000000,8.280000,3.810722,49.000000,0.000000,50,0,61.157875
175,175,0,rejected,assert_connectivity,60.000000,1,5.280000,1.755449,2.000000,9.000000,6.320000,3.802315,43.360000,10.449421,0,0,61.194640
176,176,0,rejected,assert_connectivity,60.000000,1,6.240000,2.680000,1.000000,11.000000,5.280000,4.094093,26.800000,13.249906,0,0,67.723924
177,177,0,accepted,none,0.000000,1,5.840000,2.157406,1.000000,10.000000,6.240000,4.052456,49.000000,0.000000,50,0,58.532355
178,178,0,rejected,assert_connectivity,60.000000,1,5.160000,1.993590,2.000000,10.000000,6.800000,3.316625,41.640000,11.394314,0,0,60.595178
179,179,0,rejected,assert_connectivity,60.000000,1,6.640000,3.160759,0.000000,13.000000,8.560000,4.350448,47.040000,6.720000,0,0,66.574402
180,180,0,rejected,assert_connectivity,60.000000,1,5.960000,2.712637,1.000000,11.000000,5.680000,2.656614,45.160000,9.014122,0,0,60.550461
181,181,0,rejected,assert_connectivity,60.000000,1,5.920000,2.904066,0.000000,11.000000,6.920000,3.610208,47.040000,6.720000,0,0,72.151560
182,182,0,rejected,assert_connectivity,60.000000,1,6.000000,1.897367,2.000000,11.000000,6.840000,3.233326,34.240000,12.293999,0,0,68.701953
183,183,0,rejected,assert_connectivity,60.000000,1,5.800000,2.424871,1.000000,10.000000,7.960000,3.836457,40.000000,12.000000,0,0,69.475080
184,184,0,rejected,assert_connectivity,60.000000,1,5.160000,2.081922,0.000000,10.000000,5.320000,3.036050,43.280000,10.766689,0,0,66.754423
185,185,0,rejected,assert_connectivity,60.000000,1,5.360000,2.703775,0.000000,11.000000,7.080000,4.227718,38.240000,12.900481,0,0,67.937550
186,186,0,rejected,too_close,60.000000,1,5.560000,2.507269,1.000000,11.000000,6.560000,3.225895,49.000000,0.000000,50,1,71.245423
187,187,0,rejected,assert_connectivity,60.000000,1,6.720000,3.532931,1.000000,14.000000,7.320000,4.973691,38.120000,13.219138,0,0,66.106839
188,188,0,accepted,none,0.000000,1,7.360000,3.333227,1.000000,14.000000,9.240000,4.917560,49.000000,0.000000,50,0,60.765970
189,189,0,rejected,too_close,60.000000,1,6.400000,2.473863,1.000000,12.000000,6.560000,3.666933,49.000000,0.000000,50,1,65.773974
190,190,0,rejected,assert_connectivity,60.000000,1,6.080000,3.018874,1.000000,13.000000,6.480000,3.365947,43.360000,10.449421,0,0,61.781853
191,191,0,accepted,none,0.000000,1,6.200000,2.537716,1.000000,12.000000,7.640000,4.013776,49.000000,0.000000,50,0,57.517722
192,192,0,rejected,too_close,60.000000,1,6.520000,2.815955,1.000000,14.000000,8.600000,4.440721,49.000000,0.000000,50,0,67.505718
193,193,0,accepted,none,0.000000,1,6.640000,2.819645,2.000000,13.000000,9.440000,4.903713,49.000000,0.000000,50,0,63.796141
194,194,0,rejected,assert_connectivity,60.000000,1,5.080000,2.322413,1.000000,10.000000,5.160000,3.956564,33.000000,12.000000,0,0,67.086413
195,195,0,rejected,assert_connectivity,60.000000,1,6.200000,3.033150,0.000000,12.000000,8.280000,4.005197,47.040000,6.720000,0,0,75.419294
196,196,0,accepted,none,0.000000,1,5.560000,1.834775,2.000000,10.000000,7.320000,2.824465,49.000000,0.000000,50,0,72.215788
197,197,0,rejected,assert_connectivity,60.000000,1,5.560000,2.192350,1.000000,10.000000,5.880000,3.581285,32.360000,13.323303,0,0,55.434376
198,198,0,rejected,too_close,60.000000,1,5.360000,1.977473,1.000000,9.000000,6.240000,2.557812,49.000000,0.000000,50,0,68.872700
199,199,0,rejected,too_close,60.000000,1,5.760000,2.429486,1.000000,11.000000,6.960000,3.117435,49.000000,0.000000,50,0,66.005039
200,200,0,accepted,none,0.000000,1,6.680000,3.349269,2.000000,14.000000,8.480000,4.674356,49.000000,0.000000,50,0,63.002117
201,201,0,accepted,none,0.000000,1,6.760000,2.902137,1.000000,14.000000,8.280000,4.219194,49.000000,0.000000,50,0,62.408114
205,205,0,rejected,too_close,60.000000,1,6.360000,2.161111,1.000000,10.000000,7.080000,3.451608,49.000000,0.000000,50,0,66.152490
204,204,0,rejected,assert_connectivity,60.000000,1,7.240000,4.086857,0.000000,16.000000,8.920000,5.321053,33.920000,13.010519,0,0,66.716438
203,203,0,rejected,assert_connectivity,60.000000,1,5.920000,2.261327,1.000000,11.000000,7.280000,2.912319,45.160000,9.014122,0,0,68.433645
209,209,0,rejected,assert_connectivity,60.000000,1,5.000000,2.029778,0.000000,9.000000,5.240000,1.860753,47.040000,6.720000,0,0,68.477773
211,211,0,rejected,assert_connectivity,60.000000,1,6.840000,3.596443,1.000000,14.000000,8.480000,5.024898,43.360000,10.449421,0,0,67.121978
213,213,0,rejected,assert_connectivity,60.000000,1,5.640000,1.705989,2.000000,10.000000,6.240000,2.775320,27.240000,8.396571,0,0,58.126888
214,214,0,rejected,assert_connectivity,60.000000,1,6.280000,2.538031,0.000000,11.000000,8.080000,3.610208,47.040000,6.720000,0,0,69.195756
206,206,0,accepted,none,0.000000,1,6.040000,2.668033,1.000000,13.000000,7.040000,3.393877,49.000000,0.000000,50,0,73.099502
208,208,0,accepted,none,0.000000,1,6.400000,2.383275,1.000000,12.000000,7.280000,3.747212,49.000000,0.000000,50,0,68.347281
216,216,0,rejected,assert_connectivity,60.000000,1,6.840000,2.548411,1.000000,11.000000,8.200000,3.908964,45.160000,9.014122,0,0,67.495813
202,202,0,accepted,none,0.000000,1,6.080000,2.216664,1.000000,10.000000,8.080000,2.488694,49.000000,0.000000,50,0,68.727095
217,217,0,rejected,too_close,60.000000,1,5.920000,2.682089,1.000000,12.000000,7.680000,4.183013,49.000000,0.000000,50,0,59.250296
207,207,0,accepted,none,0.000000,1,6.920000,2.472570,1.000000,11.000000,8.440000,4.294927,49.000000,0.000000,50,0,59.202143
210,210,0,accepted,none,0.000000,1,6.440000,3.027606,1.000000,13.000000,9.000000,4.074310,49.000000,0.000000,50,0,73.234024
218,218,0,rejected,assert_connectivity,60.000000,1,5.840000,2.602768,1.000000,11.000000,7.040000,3.458092,45.160000,9.014122,0,0,74.104608
220,220,0,rejected,assert_connectivity,60.000000,1,6.640000,2.543698,0.000000,11.000000,8.280000,3.725802,47.040000,6.720000,0,0,67.826572
222,222,0,rejected,assert_connectivity,60.000000,1,5.920000,2.423551,1.000000,12.000000,6.720000,4.098975,36.960000,12.491533,0,0,64.566186
223,223,0,rejected,assert_connectivity,60.000000,1,5.400000,2.561250,0.000000,12.000000,7.440000,4.846277,36.720000,13.102733,0,0,71.843719
221,221,0,rejected,assert_connectivity,60.000000,1,7.240000,3.478850,0.000000,13.000000,8.400000,5.031898,43.280000,10.766689,0,0,68.808175
212,212,0,accepted,none,0.000000,1,6.600000,3.000000,1.000000,12.000000,7.240000,3.344010,49.000000,0.000000,50,0,67.656518
224,224,0,rejected,assert_connectivity,60.000000,1,6.440000,3.213472,1.000000,14.000000,6.160000,4.187410,38.080000,13.323423,0,0,64.543143
225,225,0,rejected,assert_connectivity,60.000000,1,5.800000,2.332381,2.000000,10.000000,6.120000,2.783092,38.440000,12.348538,0,0,66.470207
215,215,0,accepted,none,0.000000,1,5.360000,2.142522,1.000000,10.000000,6.400000,2.884441,49.000000,0.000000,50,0,63.010747
226,226,0,rejected,too_close,60.000000,1,7.360000,2.747799,1.000000,11.000000,10.280000,4.368249,49.000000,0.000000,50,0,65.564410
227,227,0,rejected,assert_connectivity,60.000000,1,6.520000,3.008255,2.000000,12.000000,8.640000,4.462107,43.360000,10.449421,0,0,65.029258
228,228,0,rejected,too_close,60.000000,1,6.640000,3.167081,1.000000,13.000000,8.560000,4.332020,49.000000,0.000000,50,1,63.913653
230,230,0,rejected,assert_connectivity,60.000000,1,5.320000,2.336151,1.000000,10.000000,6.000000,2.905168,45.160000,9.014122,0,0,64.304360
232,232,0,rejected,assert_connectivity,60.000000,1,5.760000,2.267686,0.000000,10.000000,6.080000,3.520455,47.040000,6.720000,0,0,66.002196
231,231,0,rejected,too_close,60.000000,1,5.360000,2.504077,1.000000,12.000000,7.240000,3.467333,49.000000,0.000000,50,1,64.706046
233,233,0,rejected,assert_connectivity,60.000000,1,5.240000,2.083843,0.000000,10.000000,6.520000,2.601845,47.040000,6.720000,0,0,77.874076
234,234,0,rejected,assert_connectivity,60.000000,1,5.560000,2.272972,0.000000,11.000000,4.480000,2.722058,27.440000,10.176758,0,0,60.696552
235,235,0,rejected,assert_connectivity,60.000000,1,5.680000,2.014349,1.000000,11.000000,4.720000,2.870819,45.160000,9.014122,0,0,65.544615
237,237,0,rejected,too_close,60.000000,1,6.120000,1.882976,1.000000,9.000000,7.120000,3.037367,49.000000,0.000000,50,1,61.807244
238,238,0,rejected,assert_connectivity,60.000000,1,6.040000,2.615033,0.000000,12.000000,7.720000,3.616849,47.040000,6.720000,0,0,68.686776
240,240,0,rejected,assert_connectivity,60.000000,1,5.720000,2.561562,1.000000,11.000000,5.560000,3.377336,36.960000,12.491533,0,0,64.081559
241,241,0,rejected,too_close,60.000000,1,6.800000,2.521904,1.000000,12.000000,9.560000,4.215021,49.000000,0.000000,50,1,62.288849
242,242,0,rejected,assert_connectivity,60.000000,1,6.920000,2.951881,1.000000,13.000000,9.560000,5.099647,43.360000,10.449421,0,1,72.304324
245,245,0,rejected,assert_connectivity,60.000000,1,5.680000,2.603382,1.000000,11.000000,7.960000,3.831240,40.000000,12.000000,0,0,65.618914
244,244,0,rejected,assert_connectivity,60.000000,1,6.840000,2.781079,1.000000,12.000000,5.800000,3.588872,38.440000,12.348538,0,1,56.764365
219,219,0,accepted,none,0.000000,1,7.120000,3.403763,1.000000,15.000000,7.960000,4.647408,49.000000,0.000000,50,0,66.842262
247,247,0,rejected,assert_connectivity,60.000000,1,5.640000,2.496077,0.000000,11.000000,6.320000,2.969444,43.280000,10.766689,0,0,66.842348
246,246,0,rejected,assert_connectivity,60.000000,1,6.400000,2.645751,0.000000,13.000000,7.800000,4.476606,47.040000,6.720000,0,0,66.022303
248,248,0,rejected,too_close,60.000000,1,7.280000,3.435346,2.000000,15.000000,7.400000,3.487119,49.000000,0.000000,50,0,56.884680
250,250,0,rejected,assert_connectivity,60.000000,1,6.560000,2.417933,0.000000,10.000000,8.000000,4.886717,32.640000,12.765203,0,0,62.383698
251,251,0,rejected,assert_connectivity,60.000000,1,6.800000,3.052868,0.000000,12.000000,8.800000,4.724405,41.440000,12.073376,0,0,65.478959
252,252,0,rejected,assert_connectivity,60.000000,1,6.480000,3.080519,0.000000,13.000000,6.960000,3.594218,47.040000,6.720000,0,1,63.026989
229,229,0,accepted,none,0.000000,1,6.560000,3.001066,2.000000,13.000000,9.640000,4.828085,49.000000,0.000000,50,0,70.351515
253,253,0,rejected,assert_connectivity,60.000000,1,4.960000,1.788407,1.000000,8.000000,6.400000,2.979933,45.160000,9.014122,0,0,60.501569
239,239,0,accepted,none,0.000000,1,5.520000,2.299913,1.000000,11.000000,5.680000,2.275434,49.000000,0.000000,50,0,66.243362
254,254,0,rejected,too_close,60.000000,1,5.640000,1.717673,2.000000,9.000000,7.760000,3.153157,49.000000,0.000000,50,0,71.500045
255,255,0,rejected,too_close,60.000000,1,6.800000,2.870540,2.000000,12.000000,9.840000,4.258450,49.000000,0.000000,50,1,65.002803
236,236,0,accepted,none,0.000000,1,6.240000,2.437704,2.000000,11.000000,6.560000,2.691914,49.000000,0.000000,50,0,59.587810
256,256,0,rejected,assert_connectivity,60.000000,1,6.160000,2.737590,0.000000,13.000000,7.920000,3.604664,47.040000,6.720000,0,0,58.604130
257,257,0,rejected,too_close,60.000000,1,5.960000,2.856291,1.000000,11.000000,5.760000,2.731739,49.000000,0.000000,50,1,71.641044
260,260,0,rejected,assert_connectivity,60.000000,1,6.080000,1.494523,1.000000,9.000000,4.120000,2.454710,34.240000,12.293999,0,1,61.622981
243,243,0,accepted,none,0.000000,1,5.480000,2.515870,1.000000,12.000000,5.880000,2.790269,49.000000,0.000000,50,0,67.500604
261,261,0,rejected,assert_connectivity,60.000000,1,7.640000,5.343257,0.000000,18.000000,6.040000,4.108333,20.680000,9.304708,0,0,63.925462
263,263,0,rejected,assert_connectivity,60.000000,1,5.600000,2.154066,1.000000,10.000000,6.280000,2.926021,43.360000,10.449421,0,0,58.505948
249,249,0,accepted,none,0.000000,1,5.960000,2.226747,1.000000,11.000000,7.640000,4.265021,49.000000,0.000000,50,0,62.049355
267,267,0,rejected,assert_connectivity,60.000000,1,5.960000,2.521587,1.000000,10.000000,6.600000,4.582576,41.640000,11.394314,0,0,59.949778
258,258,0,accepted,none,0.000000,1,5.760000,2.596613,1.000000,11.000000,8.040000,3.549422,49.000000,0.000000,50,0,70.189301
259,259,0,accepted,none,0.000000,1,6.320000,2.509502,1.000000,14.000000,7.400000,3.549648,49.000000,0.000000,50,0,67.300670
264,264,0,accepted,none,0.000000,1,5.200000,2.400000,2.000000,12.000000,6.640000,3.729665,49.000000,0.000000,50,0,66.852910
262,262,0,accepted,none,0.000000,1,5.200000,1.959592,1.000000,10.000000,6.880000,3.829569,49.000000,0.000000,50,0,68.125340
270,270,0,rejected,assert_connectivity,60.000000,1,5.720000,2.849842,0.000000,12.000000,4.960000,2.660526,25.840000,12.586278,0,0,59.573158
266,266,0,accepted,none,0.000000,1,5.520000,2.137662,2.000000,9.000000,6.880000,3.296301,49.000000,0.000000,50,0,67.190638
265,265,0,accepted,none,0.000000,1,6.440000,2.850684,1.000000,12.000000,7.520000,3.567856,49.000000,0.000000,50,0,60.948288
274,274,0,rejected,assert_connectivity,60.000000,1,5.240000,1.965299,1.000000,12.000000,5.240000,3.332026,34.240000,12.293999,0,0,65.561263
275,275,0,rejected,assert_connectivity,60.000000,1,5.520000,2.264862,2.000000,10.000000,5.960000,3.322409,40.000000,12.000000,0,0,62.769349
276,276,0,rejected,assert_connectivity,60.000000,1,6.720000,3.328904,0.000000,12.000000,8.040000,4.395270,47.040000,6.720000,0,0,68.911541
268,268,0,accepted,none,0.000000,1,6.000000,2.218107,1.000000,10.000000,8.440000,3.858290,49.000000,0.000000,50,0,61.968883
277,277,0,rejected,assert_connectivity,60.000000,1,6.040000,2.391318,0.000000,10.000000,7.640000,4.165381,47.040000,6.720000,0,0,69.861449
278,278,0,rejected,too_close,60.000000,1,6.480000,2.655108,2.000000,14.000000,8.200000,4.029888,49.000000,0.000000,50,0,58.244959
280,280,0,rejected,assert_connectivity,60.000000,1,7.360000,3.290957,0.000000,16.000000,9.320000,5.209376,45.120000,9.210081,0,0,61.924918
281,281,0,rejected,assert_connectivity,60.000000,1,6.600000,3.676955,0.000000,13.000000,7.960000,4.668876,47.040000,6.720000,0,0,67.959150
269,269,0,accepted,none,0.000000,1,5.480000,2.071135,1.000000,10.000000,6.640000,3.553927,49.000000,0.000000,50,0,64.476715
282,282,0,rejected,too_close,60.000000,1,5.880000,2.259557,2.000000,11.000000,8.080000,2.883331,49.000000,0.000000,50,0,63.950105
272,272,0,accepted,none,0.000000,1,5.640000,2.733203,1.000000,12.000000,7.560000,4.152879,49.000000,0.000000,50,0,61.537199
284,284,0,rejected,assert_connectivity,60.000000,1,6.000000,3.039737,1.000000,13.000000,6.120000,4.343455,29.960000,12.612629,0,0,57.409298
271,271,0,accepted,none,0.000000,1,5.440000,2.417933,1.000000,12.000000,7.040000,3.826016,49.000000,0.000000,50,0,78.156943
273,273,0,accepted,none,0.000000,1,6.120000,2.346402,2.000000,10.000000,7.400000,3.352611,49.000000,0.000000,50,0,69.193893
288,288,0,rejected,assert_connectivity,60.000000,1,6.040000,3.091666,0.000000,12.000000,6.480000,3.822251,38.240000,12.900481,0,0,61.646543
289,289,0,rejected,assert_connectivity,60.000000,1,6.760000,3.063070,0.000000,12.000000,9.680000,4.249423,45.120000,9.210081,0,0,71.567400
290,290,0,rejected,assert_connectivity,60.000000,1,5.760000,1.934528,0.000000,11.000000,5.240000,2.902137,29.280000,11.435104,0,0,55.371333
291,291,0,rejected,assert_connectivity,60.000000,1,7.280000,3.231346,0.000000,14.000000,9.040000,3.831240,47.040000,6.720000,0,0,68.297333
292,292,0,rejected,assert_connectivity,60.000000,1,5.800000,2.227106,1.000000,9.000000,6.440000,3.144265,31.840000,11.598896,0,0,64.709940
279,279,0,accepted,none,0.000000,1,6.360000,3.185969,1.000000,13.000000,8.400000,5.118594,49.000000,0.000000,50,0,76.163467
285,285,0,accepted,none,0.000000,1,5.400000,1.673320,1.000000,9.000000,5.720000,2.449816,49.000000,0.000000,50,0,68.624245
295,295,0,rejected,too_close,60.000000,1,6.240000,1.924162,1.000000,10.000000,8.320000,3.849364,49.000000,0.000000,50,0,66.436540
286,286,0,accepted,none,0.000000,1,5.280000,1.661806,2.000000,9.000000,6.480000,2.801714,49.000000,0.000000,50,0,64.906734
296,296,0,rejected,assert_connectivity,60.000000,1,5.440000,2.021485,0.000000,10.000000,6.560000,3.623037,47.040000,6.720000,0,0,63.720098
283,283,0,accepted,none,0.000000,1,6.320000,2.240000,1.000000,10.000000,6.200000,2.771281,49.000000,0.000000,50,0,67.555577
299,299,0,rejected,assert_connectivity,60.000000,1,5.160000,2.023462,0.000000,10.000000,4.520000,3.584634,30.440000,14.245224,0,0,64.203100
300,300,0,rejected,assert_connectivity,60.000000,1,6.640000,2.937754,0.000000,12.000000,8.960000,4.137439,47.040000,6.720000,0,0,65.006587
287,287,0,accepted,none,0.000000,1,6.440000,2.108649,2.000000,10.000000,8.680000,3.042630,49.000000,0.000000,50,0,54.714262
301,301,0,rejected,assert_connectivity,60.000000,1,6.640000,2.944554,0.000000,13.000000,7.640000,5.152708,30.480000,14.177785,0,0,63.369203
302,302,0,rejected,assert_connectivity,60.000000,1,5.680000,2.386965,1.000000,11.000000,7.480000,4.085291,45.160000,9.014122,0,1,67.311981
303,303,0,rejected,assert_connectivity,60.000000,1,6.920000,2.415285,0.000000,13.000000,7.200000,4.547527,47.040000,6.720000,0,1,56.592504
304,304,0,rejected,assert_connectivity,60.000000,1,6.280000,2.383611,0.000000,11.000000,7.000000,3.800000,47.040000,6.720000,0,0,70.465506
305,305,0,rejected,assert_connectivity,60.000000,1,6.000000,2.209072,1.000000,10.000000,5.720000,4.195426,45.160000,9.014122,0,0,55.380819
293,293,0,accepted,none,0.000000,1,5.240000,1.806212,2.000000,9.000000,6.200000,2.807134,49.000000,0.000000,50,0,74.390883
306,306,0,rejected,assert_connectivity,60.000000,1,5.840000,2.571848,0.000000,11.000000,8.440000,3.493766,47.040000,6.720000,0,0,62.322064
294,294,0,accepted,none,0.000000,1,6.760000,2.285257,2.000000,14.000000,8.400000,4.660472,49.000000,0.000000,50,0,58.741791
309,309,0,rejected,too_close,60.000000,1,7.240000,3.271452,1.000000,13.000000,9.400000,4.280187,49.000000,0.000000,50,0,67.910748
312,312,0,rejected,assert_connectivity,60.000000,1,5.560000,3.014366,1.000000,12.000000,6.320000,3.602444,38.120000,13.219138,0,0,71.589171
311,311,0,rejected,too_close,60.000000,1,6.080000,2.278947,2.000000,11.000000,7.680000,3.139682,49.000000,0.000000,50,0,67.004037
314,314,0,rejected,assert_connectivity,60.000000,1,7.040000,3.682173,0.000000,16.000000,6.960000,4.074113,18.320000,7.484491,0,1,56.843115
313,313,0,rejected,too_close,60.000000,1,5.640000,1.621851,2.000000,10.000000,5.960000,2.813965,49.000000,0.000000,50,1,63.657219
298,298,0,accepted,none,0.000000,1,6.360000,2.805423,1.000000,12.000000,8.480000,3.389631,49.000000,0.000000,50,0,68.637045
297,297,0,accepted,none,0.000000,1,5.880000,2.746926,1.000000,12.000000,7.680000,4.342534,49.000000,0.000000,50,0,71.807037
315,315,0,rejected,too_close,60.000000,1,5.160000,1.665653,2.000000,8.000000,6.280000,2.400333,49.000000,0.000000,50,0,65.488564
318,318,0,rejected,too_close,60.000000,1,6.720000,2.877777,1.000000,13.000000,8.520000,3.721505,49.000000,0.000000,50,1,62.506896
307,307,0,accepted,none,0.000000,1,6.200000,2.107131,1.000000,10.000000,6.320000,3.307204,49.000000,0.000000,50,0,61.097825
320,320,0,rejected,assert_connectivity,60.000000,1,6.720000,3.053130,1.000000,13.000000,9.160000,5.334267,45.160000,9.014122,0,0,60.677725
308,308,0,accepted,none,0.000000,1,5.320000,2.248911,2.000000,11.000000,7.200000,3.583295,49.000000,0.000000,50,0,62.045537
310,310,0,accepted,none,0.000000,1,6.080000,3.005595,1.000000,12.000000,8.600000,3.714835,49.000000,0.000000,50,0,74.658504
324,324,0,rejected,assert_connectivity,60.000000,1,7.560000,3.960606,1.000000,15.000000,10.920000,5.377137,41.640000,11.394314,0,0,69.079343
317,317,0,accepted,none,0.000000,1,5.880000,2.277191,1.000000,10.000000,6.400000,2.481935,49.000000,0.000000,50,0,56.540469
316,316,0,accepted,none,0.000000,1,5.600000,2.135416,1.000000,10.000000,7.680000,3.016223,49.000000,0.000000,50,0,62.044466
325,325,0,rejected,assert_connectivity,60.000000,1,5.080000,1.927070,0.000000,10.000000,7.120000,4.203047,39.840000,12.485768,0,0,66.075597
326,326,0,rejected,assert_connectivity,60.000000,1,6.960000,3.393877,0.000000,13.000000,9.920000,4.947080,41.440000,12.073376,0,1,70.955529
328,328,0,rejected,assert_connectivity,60.000000,1,6.000000,2.253886,2.000000,10.000000,5.560000,3.232089,43.360000,10.449421,0,0,58.272980
319,319,0,accepted,none,0.000000,1,6.520000,2.647565,2.000000,12.000000,8.400000,3.736308,49.000000,0.000000,50,0,71.450858
329,329,0,rejected,too_close,60.000000,1,5.520000,1.899895,1.000000,9.000000,6.280000,3.033414,49.000000,0.000000,50,1,61.605844
321,321,0,accepted,none,0.000000,1,5.840000,2.221351,2.000000,10.000000,7.160000,3.015692,49.000000,0.000000,50,0,63.602833
323,323,0,accepted,none,0.000000,1,6.200000,2.271563,2.000000,11.000000,8.640000,3.422046,49.000000,0.000000,50,0,76.149053
332,332,0,rejected,assert_connectivity,60.000000,1,5.080000,2.143269,0.000000,9.000000,6.480000,2.426850,47.040000,6.720000,0,0,82.302031
322,322,0,accepted,none,0.000000,1,6.840000,2.460569,1.000000,12.000000,8.400000,3.605551,49.000000,0.000000,50,0,61.510026
335,335,0,rejected,assert_connectivity,60.000000,1,6.560000,2.829558,0.000000,12.000000,9.320000,4.216349,47.040000,6.720000,0,1,65.591467
336,336,0,rejected,too_close,60.000000,1,6.480000,2.801714,1.000000,13.000000,7.560000,3.225895,49.000000,0.000000,50,0,65.885080
338,338,0,rejected,too_close,60.000000,1,5.880000,2.346402,2.000000,10.000000,7.240000,3.438372,49.000000,0.000000,50,1,71.775888
339,339,0,rejected,assert_connectivity,60.000000,1,6.320000,3.202749,1.000000,12.000000,8.560000,5.265586,43.360000,10.449421,0,0,65.842145
327,327,0,accepted,none,0.000000,1,5.960000,2.135041,2.000000,11.000000,7.000000,3.098387,49.000000,0.000000,50,0,60.899777
330,330,0,accepted,none,0.000000,1,4.880000,1.739425,2.000000,9.000000,5.800000,2.630589,49.000000,0.000000,50,0,60.197669
331,331,0,accepted,none,0.000000,1,5.680000,3.378994,1.000000,14.000000,7.760000,4.370629,49.000000,0.000000,50,0,60.852966
342,342,0,rejected,assert_connectivity,60.000000,1,6.120000,3.017549,1.000000,13.000000,5.360000,3.983767,32.040000,13.926895,0,0,61.179681
333,333,0,accepted,none,0.000000,1,5.160000,2.101047,1.000000,11.000000,5.800000,2.374868,49.000000,0.000000,50,0,67.886572
343,343,0,rejected,assert_connectivity,60.000000,1,6.200000,2.932576,1.000000,12.000000,8.600000,4.651881,36.560000,13.492457,0,0,66.114545
344,344,0,rejected,assert_connectivity,60.000000,1,5.800000,2.537716,2.000000,11.000000,8.160000,4.446842,43.360000,10.449421,0,0,65.702122
345,345,0,rejected,assert_connectivity,60.000000,1,6.080000,2.951881,0.000000,14.000000,6.160000,3.195997,47.040000,6.720000,0,0,64.219124
334,334,0,accepted,none,0.000000,1,6.120000,2.413628,2.000000,11.000000,8.880000,4.315739,49.000000,0.000000,50,0,70.838326
346,346,0,rejected,assert_connectivity,60.000000,1,6.000000,2.569047,0.000000,12.000000,7.280000,3.688035,47.040000,6.720000,0,0,70.207063
347,347,0,rejected,assert_connectivity,60.000000,1,7.200000,3.898718,1.000000,14.000000,8.360000,4.018756,43.360000,10.449421,0,0,66.897823
337,337,0,accepted,none,0.000000,1,5.920000,2.406990,2.000000,12.000000,8.600000,3.423449,49.000000,0.000000,50,0,63.581840
349,349,0,rejected,assert_connectivity,60.000000,1,7.080000,3.217701,2.000000,16.000000,7.880000,4.554734,41.640000,11.394314,0,0,53.613466
348,348,0,rejected,too_close,60.000000,1,6.440000,3.027606,1.000000,14.000000,8.960000,4.118058,49.000000,0.000000,50,0,68.344433
352,352,0,rejected,assert_connectivity,60.000000,1,6.600000,2.986637,1.000000,12.000000,8.480000,4.299953,43.360000,10.449421,0,0,69.098605
351,351,0,rejected,too_close,60.000000,1,7.960000,4.595476,1.000000,18.000000,9.520000,4.526544,49.000000,0.000000,50,1,62.199516
353,353,0,rejected,assert_connectivity,60.000000,1,6.400000,2.792848,1.000000,13.000000,8.360000,3.451145,43.360000,10.449421,0,0,61.686866
341,341,0,accepted,none,0.000000,1,5.200000,2.039608,2.000000,9.000000,5.840000,2.788261,49.000000,0.000000,50,0,71.595421
355,355,0,rejected,assert_connectivity,60.000000,1,6.880000,3.134581,1.000000,13.000000,7.840000,3.854141,40.000000,12.000000,0,0,58.143360
356,356,0,rejected,assert_connectivity,60.000000,1,6.040000,2.058737,0.000000,10.000000,7.320000,3.529533,47.040000,6.720000,0,0,63.148509
357,357,0,rejected,assert_connectivity,60.000000,1,5.320000,1.678571,2.000000,9.000000,5.840000,3.132794,35.560000,12.464606,0,0,60.648111
359,359,0,rejected,assert_connectivity,60.000000,1,5.760000,2.604304,0.000000,11.000000,5.480000,2.988244,35.280000,13.130179,0,0,62.959820
358,358,0,rejected,assert_connectivity,60.000000,1,6.000000,2.698148,0.000000,12.000000,7.760000,4.178804,47.040000,6.720000,0,0,75.568312
360,360,0,rejected,assert_connectivity,60.000000,1,5.360000,2.287007,1.000000,11.000000,7.880000,3.896871,45.160000,9.014122,0,0,78.527101
361,361,0,rejected,assert_connectivity,60.000000,1,5.600000,1.865476,2.000000,9.000000,5.520000,2.947813,41.640000,11.394314,0,0,65.990760
340,340,0,accepted,none,0.000000,1,7.160000,3.759574,1.000000,15.000000,9.960000,4.525307,49.000000,0.000000,50,0,72.235688
364,364,0,rejected,assert_connectivity,60.000000,1,5.520000,2.601845,1.000000,12.000000,7.160000,4.323702,43.360000,10.449421,0,0,69.139312
367,367,0,rejected,assert_connectivity,60.000000,1,6.000000,2.521904,2.000000,11.000000,5.800000,3.033150,31.840000,11.598896,0,0,58.537790
366,366,0,rejected,too_close,60.000000,1,6.040000,2.481612,1.000000,13.000000,7.680000,3.722580,49.000000,0.000000,50,0,69.696739
368,368,0,rejected,too_close,60.000000,1,6.520000,2.393658,2.000000,10.000000,7.280000,3.212725,49.000000,0.000000,50,0,66.925661
369,369,0,rejected,assert_connectivity,60.000000,1,4.800000,2.009975,0.000000,9.000000,5.280000,2.271915,47.040000,6.720000,0,0,66.211151
350,350,0,accepted,none,0.000000,1,6.040000,2.162961,1.000000,10.000000,7.120000,2.717646,49.000000,0.000000,50,0,61.342797
354,354,0,accepted,none,0.000000,1,6.000000,2.449490,1.000000,13.000000,7.920000,4.462466,49.000000,0.000000,50,0,62.167478
370,370,0,rejected,too_close,60.000000,1,6.200000,2.705550,2.000000,11.000000,7.960000,4.485354,49.000000,0.000000,50,0,64.330385
371,371,0,rejected,too_close,60.000000,1,5.520000,1.951820,1.000000,9.000000,7.160000,3.483447,49.000000,0.000000,50,0,63.305910
375,375,0,rejected,assert_connectivity,60.000000,1,5.840000,2.773878,1.000000,14.000000,6.600000,4.874423,28.160000,13.247430,0,1,62.625535
363,363,0,accepted,none,0.000000,1,5.960000,2.884164,1.000000,12.000000,6.960000,3.969685,49.000000,0.000000,50,0,57.907537
376,376,0,rejected,too_close,60.000000,1,6.480000,2.137662,1.000000,11.000000,8.640000,4.131634,49.000000,0.000000,50,1,66.346338
362,362,0,accepted,none,0.000000,1,4.920000,1.906200,1.000000,9.000000,6.400000,2.126029,49.000000,0.000000,50,0,73.088824
365,365,0,accepted,none,0.000000,1,5.080000,1.947717,2.000000,9.000000,6.120000,2.643029,49.000000,0.000000,50,0,67.267997
378,378,0,rejected,assert_connectivity,60.000000,1,6.080000,2.682089,1.000000,11.000000,8.200000,4.565085,43.360000,10.449421,0,0,70.786697
379,379,0,rejected,assert_connectivity,60.000000,1,6.360000,2.447529,1.000000,10.000000,7.680000,3.807571,45.160000,9.014122,0,0,68.018604
380,380,0,rejected,assert_connectivity,60.000000,1,6.680000,2.915064,1.000000,12.000000,8.640000,3.902615,43.360000,10.449421,0,0,61.207907
382,382,0,rejected,assert_connectivity,60.000000,1,6.160000,2.625719,0.000000,13.000000,7.240000,3.586419,28.320000,10.835940,0,0,58.458700
383,383,0,rejected,assert_connectivity,60.000000,1,7.880000,3.409633,1.000000,16.000000,9.840000,5.315487,43.360000,10.449421,0,0,54.740270
384,384,0,rejected,too_close,60.000000,1,7.720000,3.143501,2.000000,14.000000,10.320000,4.460673,49.000000,0.000000,50,1,65.622620
372,372,0,accepted,none,0.000000,1,6.000000,2.280351,2.000000,11.000000,7.240000,3.927136,49.000000,0.000000,50,0,71.754570
386,386,0,rejected,assert_connectivity,60.000000,1,5.840000,1.803996,3.000000,12.000000,6.360000,3.948468,40.000000,12.000000,0,1,51.072674
374,374,0,accepted,none,0.000000,1,5.960000,1.843475,3.000000,10.000000,6.360000,2.017523,49.000000,0.000000,50,0,62.793453
388,388,0,rejected,assert_connectivity,60.000000,1,5.800000,2.209072,1.000000,11.000000,7.640000,4.107359,40.000000,12.000000,0,0,59.862494
373,373,0,accepted,none,0.000000,1,6.240000,2.276489,1.000000,11.000000,7.320000,2.436719,49.000000,0.000000,50,0,71.279741
389,389,0,rejected,assert_connectivity,60.000000,1,5.320000,2.203996,0.000000,10.000000,5.640000,2.798285,43.280000,10.766689,0,0,71.720266
390,390,0,rejected,assert_connectivity,60.000000,1,6.680000,3.749347,1.000000,15.000000,10.120000,5.163875,45.160000,9.014122,0,0,66.402655
377,377,0,accepted,none,0.000000,1,5.800000,2.653300,2.000000,12.000000,7.760000,4.012780,49.000000,0.000000,50,0,60.279981
394,394,0,rejected,too_close,60.000000,1,6.360000,2.188698,2.000000,10.000000,8.000000,2.756810,49.000000,0.000000,50,0,65.757585
381,381,0,accepted,none,0.000000,1,6.040000,2.884164,1.000000,13.000000,8.400000,4.737088,49.000000,0.000000,50,0,66.546935
395,395,0,rejected,assert_connectivity,60.000000,1,4.760000,1.839130,0.000000,10.000000,7.040000,3.486890,47.040000,6.720000,0,0,71.490175
385,385,0,accepted,none,0.000000,1,5.880000,2.329292,1.000000,11.000000,6.400000,2.952965,49.000000,0.000000,50,0,67.329928
398,398,0,rejected,too_close,60.000000,1,6.440000,2.467063,1.000000,11.000000,8.080000,2.938299,49.000000,0.000000,50,0,65.452738
387,387,0,accepted,none,0.000000,1,6.120000,2.178440,1.000000,11.000000,7.280000,3.709663,49.000000,0.000000,50,0,68.068375
400,400,0,rejected,assert_connectivity,60.000000,1,6.960000,3.583071,1.000000,14.000000,8.920000,4.979317,45.160000,9.014122,0,0,59.570556
391,391,0,accepted,none,0.000000,1,6.160000,2.326886,3.000000,11.000000,7.520000,3.780159,49.000000,0.000000,50,0,67.640245
392,392,0,accepted,none,0.000000,1,5.840000,2.110545,1.000000,10.000000,8.160000,4.323702,49.000000,0.000000,50,0,66.239793
396,396,0,accepted,none,0.000000,1,6.640000,3.038157,2.000000,12.000000,6.640000,3.686516,49.000000,0.000000,50,0,52.919421
393,393,0,accepted,none,0.000000,1,7.960000,4.180718,1.000000,15.000000,10.680000,4.872125,49.000000,0.000000,50,0,74.860977
397,397,0,accepted,none,0.000000,1,5.440000,1.710672,1.000000,9.000000,7.640000,2.471922,49.000000,0.000000,50,0,70.280149
399,399,0,accepted,none,0.000000,1,6.440000,3.225895,1.000000,15.000000,7.480000,4.508836,49.000000,0.000000,50,0,70.871348
402,402,0,accepted,none,0.000000,1,5.920000,1.775838,1.000000,10.000000,7.120000,3.415494,49.000000,0.000000,50,0,65.519301
401,401,0,accepted,none,0.000000,1,6.360000,2.755068,1.000000,12.000000,8.480000,4.158076,49.000000,0.000000,50,0,62.807881
403,403,0,accepted,none,0.000000,1,5.720000,2.135790,1.000000,10.000000,7.960000,3.434880,49.000000,0.000000,50,0,67.162452
408,408,0,rejected,assert_connectivity,60.000000,1,6.920000,3.514769,0.000000,14.000000,9.480000,4.834211,45.120000,9.210081,0,0,68.166446
411,411,0,rejected,assert_connectivity,60.000000,1,6.080000,2.076921,1.000000,10.000000,6.320000,2.873604,45.160000,9.014122,0,0,57.999287
406,406,0,accepted,none,0.000000,1,5.760000,2.186870,1.000000,10.000000,6.040000,2.741970,49.000000,0.000000,50,0,58.208047
404,404,0,accepted,none,0.000000,1,5.760000,2.588899,1.000000,12.000000,8.360000,3.761702,49.000000,0.000000,50,0,64.803124
405,405,0,accepted,none,0.000000,1,5.800000,2.323790,1.000000,11.000000,8.120000,3.575696,49.000000,0.000000,50,0,66.341985
413,413,0,rejected,too_close,60.000000,1,5.760000,2.604304,1.000000,11.000000,7.000000,3.660601,49.000000,0.000000,50,0,67.418972
414,414,0,rejected,assert_connectivity,60.000000,1,6.720000,3.316866,0.000000,14.000000,6.440000,3.053916,47.040000,6.720000,0,0,61.673023
407,407,0,accepted,none,0.000000,1,5.760000,2.717057,2.000000,12.000000,6.800000,3.440930,49.000000,0.000000,50,0,68.216516
416,416,0,rejected,too_close,60.000000,1,6.680000,2.649075,2.000000,14.000000,7.720000,4.094093,49.000000,0.000000,50,0,63.890546
417,417,0,rejected,assert_connectivity,60.000000,1,5.760000,2.789695,1.000000,12.000000,7.560000,4.035641,45.160000,9.014122,0,0,66.288775
410,410,0,accepted,none,0.000000,1,5.600000,2.383275,1.000000,11.000000,5.960000,2.897999,49.000000,0.000000,50,0,65.364787
409,409,0,accepted,none,0.000000,1,6.480000,2.137662,1.000000,10.000000,8.080000,3.632300,49.000000,0.000000,50,0,54.560562
412,412,0,accepted,none,0.000000,1,7.000000,3.091925,1.000000,13.000000,7.160000,4.230177,49.000000,0.000000,50,0,54.441530
422,422,0,rejected,too_close,60.000000,1,6.120000,2.303389,1.000000,10.000000,7.920000,3.582401,49.000000,0.000000,50,1,66.467545
423,423,0,rejected,assert_connectivity,60.000000,1,5.880000,2.462844,0.000000,11.000000,6.600000,3.611094,47.040000,6.720000,0,0,60.202050
424,424,0,rejected,assert_connectivity,60.000000,1,5.680000,2.686559,0.000000,12.000000,9.400000,4.791659,47.040000,6.720000,0,0,71.159385
425,425,0,rejected,assert_connectivity,60.000000,1,5.520000,2.443276,1.000000,10.000000,7.680000,3.506793,39.760000,12.720943,0,0,74.302555
426,426,0,rejected,too_close,60.000000,1,5.760000,2.657518,1.000000,12.000000,6.120000,3.222670,49.000000,0.000000,50,1,51.362808
427,427,0,rejected,too_close,60.000000,1,5.520000,2.578682,1.000000,11.000000,8.000000,3.784178,49.000000,0.000000,50,0,62.430502
419,419,0,accepted,none,0.000000,1,5.960000,1.611955,2.000000,9.000000,7.760000,2.611972,49.000000,0.000000,50,0,62.589599
428,428,0,rejected,assert_connectivity,60.000000,1,6.320000,2.403664,0.000000,10.000000,7.560000,3.118718,47.040000,6.720000,0,0,74.995100
418,418,0,accepted,none,0.000000,1,6.440000,2.426190,1.000000,13.000000,7.720000,3.446970,49.000000,0.000000,50,0,62.283457
420,420,0,accepted,none,0.000000,1,5.520000,2.342990,1.000000,11.000000,7.320000,3.668460,49.000000,0.000000,50,0,67.815796
429,429,0,rejected,too_close,60.000000,1,5.840000,2.532667,2.000000,10.000000,7.400000,3.549648,49.000000,0.000000,50,1,62.422996
430,430,0,rejected,assert_connectivity,60.000000,1,6.080000,2.820213,0.000000,11.000000,4.400000,2.925748,19.680000,6.721428,0,0,53.944224
433,433,0,rejected,too_close,60.000000,1,5.680000,2.167395,2.000000,10.000000,7.320000,3.574577,49.000000,0.000000,50,0,66.841755
434,434,0,rejected,assert_connectivity,60.000000,1,5.920000,2.018316,0.000000,10.000000,7.440000,3.884122,45.120000,9.210081,0,0,68.308757
435,435,0,rejected,assert_connectivity,60.000000,1,5.600000,3.124100,0.000000,12.000000,7.480000,4.299953,45.120000,9.210081,0,0,72.384984
436,436,0,rejected,assert_connectivity,60.000000,1,6.880000,2.997599,0.000000,12.000000,7.720000,4.113587,38.240000,12.900481,0,0,64.127977
415,415,0,accepted,none,0.000000,1,8.960000,4.209323,1.000000,17.000000,13.360000,5.410213,49.000000,0.000000,50,0,57.315728
437,437,0,rejected,too_close,60.000000,1,6.560000,2.829558,1.000000,13.000000,8.840000,3.727519,49.000000,0.000000,50,0,58.897804
421,421,0,accepted,none,0.000000,1,6.760000,2.895237,1.000000,13.000000,7.800000,3.364521,49.000000,0.000000,50,0,60.121414
438,438,0,rejected,too_close,60.000000,1,6.600000,3.498571,1.000000,13.000000,8.800000,4.681880,49.000000,0.000000,50,1,62.343505
439,439,0,rejected,assert_connectivity,60.000000,1,5.560000,2.499280,2.000000,12.000000,5.040000,2.440983,29.760000,10.527222,0,0,60.780702
443,443,0,rejected,too_close,60.000000,1,6.120000,2.526974,1.000000,11.000000,6.600000,2.323790,49.000000,0.000000,50,0,58.353348
444,444,0,rejected,too_close,60.000000,1,6.120000,3.004264,1.000000,13.000000,7.720000,4.512383,49.000000,0.000000,50,0,64.461360
446,446,0,rejected,assert_connectivity,60.000000,1,7.000000,4.059557,0.000000,15.000000,8.760000,4.492483,43.280000,10.766689,0,0,62.365493
447,447,0,rejected,assert_connectivity,60.000000,1,6.160000,2.914515,1.000000,12.000000,7.360000,4.155767,41.640000,11.394314,0,0,62.916092
432,432,0,accepted,none,0.000000,1,6.120000,2.430144,1.000000,12.000000,8.200000,4.142463,49.000000,0.000000,50,0,65.887086
431,431,0,accepted,none,0.000000,1,5.760000,2.195996,1.000000,10.000000,6.800000,3.762978,49.000000,0.000000,50,0,56.698139
449,449,0,rejected,assert_connectivity,60.000000,1,6.040000,2.332038,0.000000,10.000000,8.880000,3.712896,47.040000,6.720000,0,0,70.260413
451,451,0,rejected,too_close,60.000000,1,6.360000,3.148079,1.000000,13.000000,9.040000,4.034650,49.000000,0.000000,50,0,69.035807
441,441,0,accepted,none,0.000000,1,5.440000,2.272972,1.000000,9.000000,7.560000,3.250600,49.000000,0.000000,50,0,65.883832
440,440,0,accepted,none,0.000000,1,5.480000,2.238214,1.000000,11.000000,6.840000,3.413854,49.000000,0.000000,50,0,76.789310
442,442,0,accepted,none,0.000000,1,6.040000,2.078076,2.000000,10.000000,5.720000,3.218944,49.000000,0.000000,50,0,66.284261
452,452,0,rejected,assert_connectivity,60.000000,1,5.520000,2.507907,0.000000,12.000000,6.200000,2.660827,47.040000,6.720000,0,0,66.502937
453,453,0,rejected,assert_connectivity,60.000000,1,7.000000,3.292416,0.000000,13.000000,10.280000,4.858148,47.040000,6.720000,0,0,64.719948
456,456,0,rejected,assert_connectivity,60.000000,1,5.440000,2.290502,1.000000,11.000000,5.000000,2.756810,28.000000,9.165151,0,0,66.577317
445,445,0,accepted,none,0.000000,1,5.400000,2.000000,1.000000,9.000000,7.440000,3.493766,49.000000,0.000000,50,0,74.471734
457,457,0,rejected,too_close,60.000000,1,5.600000,2.000000,1.000000,9.000000,6.680000,3.557752,49.000000,0.000000,50,1,63.867125
458,458,0,rejected,assert_connectivity,60.000000,1,5.280000,2.191255,2.000000,10.000000,6.880000,3.755742,38.440000,12.348538,0,0,66.622446
459,459,0,rejected,assert_connectivity,60.000000,1,6.880000,2.589517,0.000000,11.000000,7.280000,3.040000,47.040000,6.720000,0,0,63.080965
448,448,0,accepted,none,0.000000,1,5.760000,2.437704,1.000000,11.000000,8.880000,3.766378,49.000000,0.000000,50,0,70.668856
462,462,0,rejected,assert_connectivity,60.000000,1,5.760000,2.387970,0.000000,11.000000,8.600000,4.228475,47.040000,6.720000,0,0,70.530675
450,450,0,accepted,none,0.000000,1,6.720000,2.553742,2.000000,12.000000,8.440000,3.980754,49.000000,0.000000,50,0,60.238268
463,463,0,rejected,too_close,60.000000,1,6.560000,3.424383,1.000000,15.000000,8.400000,3.831449,49.000000,0.000000,50,0,63.973195
466,466,0,rejected,assert_connectivity,60.000000,1,4.920000,1.730202,1.000000,8.000000,5.280000,3.470101,45.160000,9.014122,0,0,55.955893
465,465,0,rejected,assert_connectivity,60.000000,1,7.280000,2.778777,0.000000,13.000000,7.520000,4.355410,47.040000,6.720000,0,0,67.183036
467,467,0,rejected,too_close,60.000000,1,5.280000,1.908298,1.000000,8.000000,5.240000,2.672527,49.000000,0.000000,50,1,62.680523
454,454,0,accepted,none,0.000000,1,5.480000,2.022276,2.000000,9.000000,7.040000,3.358333,49.000000,0.000000,50,0,64.782585
468,468,0,rejected,too_close,60.000000,1,7.080000,3.267048,1.000000,12.000000,9.840000,4.211223,49.000000,0.000000,50,0,61.694671
455,455,0,accepted,none,0.000000,1,6.080000,2.189429,2.000000,11.000000,7.320000,3.361190,49.000000,0.000000,50,0,58.824761
469,469,0,rejected,assert_connectivity,60.000000,1,6.080000,1.947717,1.000000,10.000000,4.200000,3.878144,22.720000,11.040000,0,0,55.979349
471,471,0,rejected,assert_connectivity,60.000000,1,5.080000,2.365079,1.000000,10.000000,4.960000,3.098128,39.760000,12.720943,0,0,62.889050
460,460,0,accepted,none,0.000000,1,6.280000,2.561562,1.000000,11.000000,6.960000,3.486890,49.000000,0.000000,50,0,63.184146
472,472,0,rejected,assert_connectivity,60.000000,1,8.400000,4.955805,1.000000,19.000000,11.040000,5.628357,43.360000,10.449421,0,0,65.568037
461,461,0,accepted,none,0.000000,1,5.240000,1.761363,2.000000,10.000000,6.840000,2.402998,49.000000,0.000000,50,0,77.613744
474,474,0,rejected,assert_connectivity,60.000000,1,6.920000,3.404938,1.000000,13.000000,6.400000,4.103657,45.160000,9.014122,0,0,54.485790
476,476,0,rejected,assert_connectivity,60.000000,1,6.120000,3.096062,1.000000,14.000000,9.120000,5.240763,43.360000,10.449421,0,0,60.546376
477,477,0,rejected,assert_connectivity,60.000000,1,6.640000,3.559551,0.000000,14.000000,8.640000,4.136472,47.040000,6.720000,0,0,70.307959
464,464,0,accepted,none,0.000000,1,5.400000,1.907878,2.000000,10.000000,6.840000,2.656012,49.000000,0.000000,50,0,68.070873
480,480,0,rejected,too_close,60.000000,1,5.760000,2.337178,2.000000,11.000000,8.160000,4.374289,49.000000,0.000000,50,0,66.992203
470,470,0,accepted,none,0.000000,1,6.720000,2.973483,1.000000,12.000000,9.280000,4.271019,49.000000,0.000000,50,0,61.837995
473,473,0,accepted,none,0.000000,1,6.480000,2.830124,1.000000,12.000000,5.000000,2.986637,49.000000,0.000000,50,0,60.970824
483,483,0,rejected,assert_connectivity,60.000000,1,6.480000,2.906820,1.000000,11.000000,7.360000,4.112226,45.160000,9.014122,0,0,60.013129
484,484,0,rejected,assert_connectivity,60.000000,1,6.400000,3.006659,1.000000,14.000000,6.920000,4.564384,29.760000,10.527222,0,1,60.636961
478,478,0,accepted,none,0.000000,1,5.560000,1.801777,1.000000,9.000000,6.560000,2.871655,49.000000,0.000000,50,0,60.555261
475,475,0,accepted,none,0.000000,1,5.440000,2.070362,2.000000,9.000000,6.920000,2.667133,49.000000,0.000000,50,0,65.327711
485,485,0,rejected,assert_connectivity,60.000000,1,7.200000,3.322650,0.000000,13.000000,8.720000,4.923576,32.640000,12.765203,0,0,64.131513
479,479,0,accepted,none,0.000000,1,6.000000,2.190890,2.000000,11.000000,7.520000,3.976129,49.000000,0.000000,50,0,59.687026
488,488,0,rejected,assert_connectivity,60.000000,1,5.800000,2.126029,1.000000,10.000000,7.120000,4.160000,36.960000,12.491533,0,1,63.363979
487,487,0,rejected,too_close,60.000000,1,5.840000,2.062620,2.000000,12.000000,7.280000,3.274385,49.000000,0.000000,50,1,67.822158
490,490,0,rejected,assert_connectivity,60.000000,1,6.040000,2.828144,1.000000,12.000000,7.960000,4.335712,38.120000,13.219138,0,0,62.048753
482,482,0,accepted,none,0.000000,1,5.560000,2.316549,1.000000,10.000000,5.960000,3.364283,49.000000,0.000000,50,0,61.905353
492,492,0,rejected,assert_connectivity,60.000000,1,7.800000,4.004997,0.000000,17.000000,8.800000,5.407402,28.480000,12.812869,0,0,60.667143
481,481,0,accepted,none,0.000000,1,6.320000,2.989582,1.000000,12.000000,9.640000,4.559649,49.000000,0.000000,50,0,66.289122
494,494,0,rejected,assert_connectivity,60.000000,1,6.040000,3.481149,0.000000,13.000000,7.840000,4.614586,47.040000,6.720000,0,0,68.351458
495,495,0,rejected,too_close,60.000000,1,5.920000,2.629373,1.000000,12.000000,7.760000,4.135505,49.000000,0.000000,50,0,71.176747
497,497,0,rejected,assert_connectivity,60.000000,1,6.600000,4.237924,0.000000,15.000000,8.200000,5.134199,45.120000,9.210081,0,0,76.303078
486,486,0,accepted,none,0.000000,1,5.880000,2.084610,2.000000,10.000000,6.920000,3.071417,49.000000,0.000000,50,0,63.447642
489,489,0,accepted,none,0.000000,1,6.120000,2.761449,1.000000,12.000000,6.600000,3.682391,49.000000,0.000000,50,0,72.043963
500,500,0,rejected,too_close,60.000000,1,6.080000,2.598769,1.000000,11.000000,7.440000,4.055416,49.000000,0.000000,50,0,69.693342
501,501,0,rejected,assert_connectivity,60.000000,1,6.480000,2.334438,2.000000,11.000000,6.800000,3.924283,43.360000,10.449421,0,0,67.308171
493,493,0,accepted,none,0.000000,1,5.720000,1.744018,2.000000,9.000000,6.520000,3.318072,49.000000,0.000000,50,0,64.969192
502,502,0,rejected,too_close,60.000000,1,6.480000,2.906820,1.000000,14.000000,8.480000,2.531719,49.000000,0.000000,50,0,61.260682
503,503,0,rejected,assert_connectivity,60.000000,1,5.600000,2.756810,0.000000,12.000000,6.920000,4.983332,25.520000,12.991135,0,0,70.701377
504,504,0,rejected,too_close,60.000000,1,5.920000,1.906200,1.000000,10.000000,8.320000,3.270719,49.000000,0.000000,50,0,69.654365
505,505,0,rejected,too_close,60.000000,1,6.680000,2.549039,2.000000,13.000000,8.680000,3.152396,49.000000,0.000000,50,1,66.290715
507,507,0,rejected,assert_connectivity,60.000000,1,6.360000,2.621145,0.000000,11.000000,7.320000,4.249423,28.840000,12.218609,0,0,64.415954
496,496,0,accepted,none,0.000000,1,5.840000,1.942782,2.000000,10.000000,7.680000,3.613530,49.000000,0.000000,50,0,66.917536
508,508,0,rejected,assert_connectivity,60.000000,1,6.720000,3.268272,0.000000,16.000000,6.640000,3.675650,23.120000,3.620166,0,0,72.328140
498,498,0,accepted,none,0.000000,1,6.760000,2.657518,1.000000,12.000000,8.720000,4.015171,49.000000,0.000000,50,0,66.691897
491,491,0,accepted,none,0.000000,1,7.720000,3.388451,1.000000,14.000000,11.400000,4.853864,49.000000,0.000000,50,0,65.730008
499,499,0,accepted,none,0.000000,1,5.920000,2.234636,2.000000,11.000000,6.480000,2.879167,49.000000,0.000000,50,0,64.348636
509,509,0,rejected,assert_connectivity,60.000000,1,7.360000,3.309139,0.000000,14.000000,9.000000,4.476606,47.040000,6.720000,0,1,56.429483
511,511,0,rejected,assert_connectivity,60.000000,1,4.960000,2.262388,0.000000,9.000000,6.960000,2.945912,45.120000,9.210081,0,0,72.655926
512,512,0,rejected,assert_connectivity,60.000000,1,5.680000,2.378571,0.000000,11.000000,8.800000,4.024922,47.040000,6.720000,0,0,66.673562
514,514,0,rejected,assert_connectivity,60.000000,1,5.800000,2.271563,2.000000,11.000000,6.920000,3.254781,43.360000,10.449421,0,0,69.198759
513,513,0,rejected,assert_connectivity,60.000000,1,6.800000,2.675818,0.000000,13.000000,9.520000,4.215400,43.280000,10.766689,0,0,60.208279
516,516,0,rejected,too_close,60.000000,1,5.640000,1.977473,2.000000,10.000000,6.920000,3.861813,49.000000,0.000000,50,0,57.973589
518,518,0,rejected,assert_connectivity,60.000000,1,6.360000,2.447529,1.000000,11.000000,8.720000,4.242829,41.640000,11.394314,0,0,69.153297
519,519,0,rejected,assert_connectivity,60.000000,1,5.600000,2.529822,1.000000,11.000000,8.160000,4.295858,43.360000,10.449421,0,0,64.998046
521,521,0,rejected,assert_connectivity,60.000000,1,6.040000,2.891090,0.000000,12.000000,6.520000,4.468736,41.520000,11.803796,0,0,63.776457
522,522,0,rejected,assert_connectivity,60.000000,1,7.040000,3.085190,1.000000,13.000000,9.000000,3.984972,45.160000,9.014122,0,0,69.406817
523,523,0,rejected,assert_connectivity,60.000000,1,6.520000,3.041316,1.000000,13.000000,6.720000,4.552098,33.440000,14.003085,0,0,46.737216
524,524,0,rejected,assert_connectivity,60.000000,1,5.320000,2.213052,1.000000,11.000000,6.760000,3.992794,41.640000,11.394314,0,0,71.334647
506,506,0,accepted,none,0.000000,1,7.720000,3.688035,1.000000,14.000000,10.800000,5.578530,49.000000,0.000000,50,0,63.622061
510,510,0,accepted,none,0.000000,1,6.080000,2.644542,1.000000,13.000000,6.160000,3.941370,49.000000,0.000000,50,0,67.039421
527,527,0,rejected,assert_connectivity,60.000000,1,7.360000,4.038614,1.000000,15.000000,9.480000,5.072435,45.160000,9.014122,0,0,64.336971
515,515,0,accepted,none,0.000000,1,6.000000,2.068816,2.000000,10.000000,7.440000,3.677825,49.000000,0.000000,50,0,70.095896
520,520,0,accepted,none,0.000000,1,6.120000,2.006390,2.000000,10.000000,7.720000,3.644393,49.000000,0.000000,50,0,74.423240
531,531,0,rejected,assert_connectivity,60.000000,1,4.880000,1.437220,1.000000,8.000000,4.920000,2.287706,41.640000,11.394314,0,0,62.674575
517,517,0,accepted,none,0.000000,1,6.920000,3.422514,1.000000,12.000000,8.280000,4.280374,49.000000,0.000000,50,0,79.767578
525,525,0,accepted,none,0.000000,1,5.440000,1.971395,1.000000,10.000000,7.680000,3.270719,49.000000,0.000000,50,0,64.835847
534,534,0,rejected,assert_connectivity,60.000000,1,6.480000,2.765791,0.000000,12.000000,8.520000,3.656446,47.040000,6.720000,0,0,70.888206
526,526,0,accepted,none,0.000000,1,7.360000,3.241975,2.000000,14.000000,9.800000,4.538722,49.000000,0.000000,50,0,62.110853
530,530,0,accepted,none,0.000000,1,5.720000,1.939484,1.000000,9.000000,7.400000,2.993326,49.000000,0.000000,50,0,68.217326
529,529,0,accepted,none,0.000000,1,6.520000,2.662630,1.000000,12.000000,8.920000,4.480357,49.000000,0.000000,50,0,65.817127
528,528,0,accepted,none,0.000000,1,7.000000,4.694678,1.000000,18.000000,8.360000,4.889826,49.000000,0.000000,50,0,67.655005
538,538,0,rejected,assert_connectivity,60.000000,1,6.200000,2.400000,0.000000,12.000000,6.760000,3.190987,47.040000,6.720000,0,0,66.401055
533,533,0,accepted,none,0.000000,1,5.440000,1.856448,2.000000,10.000000,6.880000,2.558437,49.000000,0.000000,50,0,66.838201
532,532,0,accepted,none,0.000000,1,5.920000,2.038038,1.000000,10.000000,7.760000,3.265333,49.000000,0.000000,50,0,66.701685
540,540,0,rejected,too_close,60.000000,1,7.040000,3.280000,1.000000,14.000000,10.680000,5.100745,49.000000,0.000000,50,0,66.286160
541,541,0,rejected,assert_connectivity,60.000000,1,6.320000,3.812820,1.000000,13.000000,8.040000,4.849577,41.640000,11.394314,0,0,75.907506
543,543,0,rejected,assert_connectivity,60.000000,1,6.480000,4.080392,1.000000,15.000000,7.760000,4.954029,36.960000,12.491533,0,0,69.320995
544,544,0,rejected,assert_connectivity,60.000000,1,6.120000,3.153665,0.000000,12.000000,6.800000,4.660472,41.520000,11.803796,0,0,74.342196
535,535,0,accepted,none,0.000000,1,5.960000,2.407987,2.000000,10.000000,7.760000,3.749987,49.000000,0.000000,50,0,72.432263
545,545,0,rejected,assert_connectivity,60.000000,1,5.960000,2.734666,2.000000,11.000000,6.400000,3.919184,41.640000,11.394314,0,0,62.035363
546,546,0,rejected,assert_connectivity,60.000000,1,5.280000,2.069203,1.000000,12.000000,5.280000,2.973483,40.000000,12.000000,0,0,60.828629
536,536,0,accepted,none,0.000000,1,5.480000,2.061456,1.000000,9.000000,6.960000,3.286092,49.000000,0.000000,50,0,68.456922
548,548,0,rejected,assert_connectivity,60.000000,1,5.880000,2.470951,1.000000,11.000000,7.520000,4.271955,40.000000,12.000000,0,0,65.434269
549,549,0,rejected,assert_connectivity,60.000000,1,5.680000,3.016223,1.000000,11.000000,7.720000,3.763190,43.360000,10.449421,0,0,64.700640
550,550,0,rejected,assert_connectivity,60.000000,1,7.200000,3.429286,1.000000,15.000000,7.160000,3.378520,38.440000,12.348538,0,0,64.636028
551,551,0,rejected,too_close,60.000000,1,5.960000,3.091666,1.000000,14.000000,7.880000,4.212553,49.000000,0.000000,50,1,63.852705
539,539,0,accepted,none,0.000000,1,5.480000,1.878723,3.000000,10.000000,6.760000,3.146808,49.000000,0.000000,50,0,70.054235
552,552,0,rejected,assert_connectivity,60.000000,1,7.120000,3.380178,0.000000,14.000000,9.640000,4.744513,47.040000,6.720000,0,0,65.482994
537,537,0,accepted,none,0.000000,1,6.160000,2.744886,1.000000,11.000000,9.240000,4.062315,49.000000,0.000000,50,0,72.734247
554,554,0,rejected,assert_connectivity,60.000000,1,5.800000,2.727636,1.000000,11.000000,8.120000,5.042380,36.560000,13.492457,0,1,74.084819
556,556,0,rejected,assert_connectivity,60.000000,1,6.720000,3.046572,2.000000,12.000000,8.200000,3.187475,43.360000,10.449421,0,0,63.383050
555,555,0,rejected,assert_connectivity,60.000000,1,6.280000,2.749836,0.000000,10.000000,7.920000,3.116665,47.040000,6.720000,0,0,74.246603
558,558,0,rejected,too_close,60.000000,1,6.360000,2.161111,3.000000,10.000000,7.200000,3.193744,49.000000,0.000000,50,0,61.522075
542,542,0,accepted,none,0.000000,1,6.000000,2.253886,1.000000,10.000000,7.200000,2.457641,49.000000,0.000000,50,0,66.161882
559,559,0,rejected,too_close,60.000000,1,5.960000,2.891090,1.000000,13.000000,6.880000,3.553252,49.000000,0.000000,50,1,65.015692
560,560,0,rejected,assert_connectivity,60.000000,1,6.200000,2.785678,0.000000,14.000000,8.320000,3.987179,47.040000,6.720000,0,1,62.666185
561,561,0,rejected,assert_connectivity,60.000000,1,6.320000,2.982885,0.000000,13.000000,7.360000,4.003798,47.040000,6.720000,0,1,59.533220
563,563,0,rejected,assert_connectivity,60.000000,1,5.360000,2.151836,0.000000,9.000000,5.920000,3.974116,36.520000,13.598882,0,1,60.250999
564,564,0,rejected,assert_connectivity,60.000000,1,5.320000,2.248911,1.000000,9.000000,5.240000,2.789695,40.000000,12.000000,0,0,69.566348
562,562,0,rejected,assert_connectivity,60.000000,1,8.320000,4.734723,0.000000,18.000000,9.840000,5.266346,47.040000,6.720000,0,0,75.022273
566,566,0,rejected,assert_connectivity,60.000000,1,5.960000,2.332038,1.000000,10.000000,7.560000,4.565786,40.000000,12.000000,0,0,72.460235
567,567,0,rejected,assert_connectivity,60.000000,1,7.040000,4.209323,1.000000,15.000000,10.440000,5.359701,45.160000,9.014122,0,0,79.810769
547,547,0,accepted,none,0.000000,1,6.360000,2.066495,1.000000,11.000000,8.000000,3.469870,49.000000,0.000000,50,0,59.666735
569,569,0,rejected,too_close,60.000000,1,5.880000,1.986353,1.000000,10.000000,7.000000,3.605551,49.000000,0.000000,50,0,71.561218
572,572,0,rejected,too_close,60.000000,1,6.120000,2.169239,1.000000,10.000000,7.640000,3.148079,49.000000,0.000000,50,1,68.034852
557,557,0,accepted,none,0.000000,1,6.120000,2.055626,2.000000,10.000000,7.040000,2.357626,49.000000,0.000000,50,0,53.097892
553,553,0,accepted,none,0.000000,1,6.400000,3.440930,1.000000,15.000000,9.120000,4.877048,49.000000,0.000000,50,0,64.261133
574,574,0,rejected,too_close,60.000000,1,6.280000,1.939484,2.000000,9.000000,6.560000,2.981007,49.000000,0.000000,50,0,63.019258
565,565,0,accepted,none,0.000000,1,7.320000,3.754677,1.000000,15.000000,8.760000,4.675725,49.000000,0.000000,50,0,60.593799
570,570,0,accepted,none,0.000000,1,6.240000,2.796855,1.000000,14.000000,6.120000,2.888875,49.000000,0.000000,50,0,58.957411
568,568,0,accepted,none,0.000000,1,5.960000,2.545270,1.000000,12.000000,7.920000,3.928562,49.000000,0.000000,50,0,66.598477
578,578,0,rejected,assert_connectivity,60.000000,1,5.720000,2.653601,0.000000,12.000000,8.200000,4.494441,47.040000,6.720000,0,0,69.336898
573,573,0,accepted,none,0.000000,1,4.960000,1.696585,1.000000,10.000000,6.000000,2.473863,49.000000,0.000000,50,0,60.701395
571,571,0,accepted,none,0.000000,1,7.000000,3.212476,1.000000,15.000000,8.360000,3.772320,49.000000,0.000000,50,0,67.991105
581,581,0,rejected,assert_connectivity,60.000000,1,6.400000,2.683282,1.000000,11.000000,6.720000,4.381963,26.920000,12.967405,0,1,60.871496
582,582,0,rejected,assert_connectivity,60.000000,1,5.680000,1.771327,0.000000,9.000000,7.160000,3.390339,47.040000,6.720000,0,1,76.635405
575,575,0,accepted,none,0.000000,1,5.680000,2.203996,1.000000,11.000000,8.720000,3.868023,49.000000,0.000000,50,0,71.844900
576,576,0,accepted,none,0.000000,1,6.520000,3.419006,1.000000,13.000000,8.400000,3.633180,49.000000,0.000000,50,0,69.345648
586,586,0,rejected,assert_connectivity,60.000000,1,6.160000,2.633325,2.000000,12.000000,7.120000,4.315739,43.360000,10.449421,0,0,54.147833
579,579,0,accepted,none,0.000000,1,5.240000,2.045092,1.000000,8.000000,5.680000,2.257787,49.000000,0.000000,50,0,60.526290
577,577,0,accepted,none,0.000000,1,6.320000,2.336151,2.000000,11.000000,8.440000,3.470792,49.000000,0.000000,50,0,67.320582
587,587,0,rejected,assert_connectivity,60.000000,1,5.680000,2.344696,1.000000,11.000000,7.000000,3.660601,38.440000,12.348538,0,1,62.411633
588,588,0,rejected,too_close,60.000000,1,5.880000,2.363387,2.000000,11.000000,7.520000,3.287796,49.000000,0.000000,50,0,58.786608
590,590,0,rejected,assert_connectivity,60.000000,1,6.280000,3.411979,1.000000,13.000000,8.160000,5.375351,34.960000,13.844797,0,1,67.239326
580,580,0,accepted,none,0.000000,1,6.480000,3.080519,1.000000,13.000000,9.040000,4.147095,49.000000,0.000000,50,0,68.725203
583,583,0,accepted,none,0.000000,1,6.400000,2.457641,1.000000,11.000000,8.200000,3.492850,49.000000,0.000000,50,0,69.356116
593,593,0,rejected,assert_connectivity,60.000000,1,5.200000,1.886796,2.000000,9.000000,4.920000,3.167586,35.560000,12.464606,0,0,63.165128
584,584,0,accepted,none,0.000000,1,5.880000,2.643029,1.000000,11.000000,8.000000,3.124100,49.000000,0.000000,50,0,65.022868
585,585,0,accepted,none,0.000000,1,5.520000,1.992386,2.000000,10.000000,6.160000,2.571848,49.000000,0.000000,50,0,59.617202
595,595,0,rejected,assert_connectivity,60.000000,1,5.520000,2.273675,1.000000,11.000000,7.360000,3.917959,45.160000,9.014122,0,0,58.579305
598,598,0,rejected,too_close,60.000000,1,7.520000,2.906820,1.000000,13.000000,8.480000,3.539718,49.000000,0.000000,50,1,61.960021
589,589,0,accepted,none,0.000000,1,5.600000,1.939072,1.000000,10.000000,6.360000,3.109727,49.000000,0.000000,50,0,67.730057
599,599,0,rejected,assert_connectivity,60.000000,1,6.440000,2.913143,2.000000,11.000000,8.640000,4.568413,41.640000,11.394314,0,0,58.873848
600,600,0,rejected,assert_connectivity,60.000000,1,6.480000,2.729396,1.000000,12.000000,6.480000,3.716127,45.160000,9.014122,0,0,67.402435
601,601,0,rejected,assert_connectivity,60.000000,1,6.400000,2.905168,0.000000,14.000000,7.880000,3.259693,47.040000,6.720000,0,0,64.638519
602,602,0,rejected,assert_connectivity,60.000000,1,6.400000,1.939072,0.000000,10.000000,6.000000,3.671512,47.040000,6.720000,0,0,59.303923
592,592,0,accepted,none,0.000000,1,5.960000,2.009577,1.000000,11.000000,6.640000,3.135347,49.000000,0.000000,50,0,62.959211
591,591,0,accepted,none,0.000000,1,7.000000,4.185690,1.000000,16.000000,8.080000,4.749063,49.000000,0.000000,50,0,65.987525
605,605,0,rejected,assert_connectivity,60.000000,1,6.480000,1.992386,0.000000,12.000000,8.240000,3.942385,47.040000,6.720000,0,0,67.075993
596,596,0,accepted,none,0.000000,1,5.320000,2.014349,1.000000,9.000000,4.720000,2.793134,49.000000,0.000000,50,0,62.796762
594,594,0,accepted,none,0.000000,1,6.480000,2.736713,1.000000,11.000000,7.680000,3.177672,49.000000,0.000000,50,0,67.735096
607,607,0,rejected,assert_connectivity,60.000000,1,7.080000,2.998933,1.000000,13.000000,7.720000,3.826434,45.160000,9.014122,0,1,58.358312
597,597,0,accepted,none,0.000000,1,6.680000,2.361694,1.000000,11.000000,6.760000,3.301878,49.000000,0.000000,50,0,55.224584
608,608,0,rejected,assert_connectivity,60.000000,1,6.120000,2.470951,0.000000,11.000000,8.120000,3.771684,47.040000,6.720000,0,0,67.937839
610,610,0,rejected,assert_connectivity,60.000000,1,6.440000,3.347596,1.000000,14.000000,7.680000,4.933315,41.640000,11.394314,0,0,66.011085
612,612,0,rejected,assert_connectivity,60.000000,1,6.240000,2.717057,1.000000,12.000000,8.200000,4.431704,43.360000,10.449421,0,0,60.199733
606,606,0,accepted,none,0.000000,1,5.920000,2.234636,1.000000,12.000000,6.600000,4.228475,49.000000,0.000000,50,0,62.559813
609,609,0,accepted,none,0.000000,1,4.800000,1.523155,1.000000,8.000000,4.480000,2.531719,49.000000,0.000000,50,0,61.710920
603,603,0,accepted,none,0.000000,1,7.440000,2.864681,1.000000,13.000000,11.000000,4.703190,49.000000,0.000000,50,0,63.286050
604,604,0,accepted,none,0.000000,1,5.760000,2.345720,2.000000,11.000000,7.120000,2.847034,49.000000,0.000000,50,0,70.433623
615,615,0,rejected,assert_connectivity,60.000000,1,4.960000,2.271211,1.000000,9.000000,5.320000,3.540847,45.160000,9.014122,0,0,59.089794
617,617,0,rejected,assert_connectivity,60.000000,1,4.960000,1.720000,0.000000,8.000000,5.320000,3.075321,47.040000,6.720000,0,1,63.349670
618,618,0,rejected,too_close,60.000000,1,6.160000,2.700815,1.000000,12.000000,7.120000,2.470951,49.000000,0.000000,50,0,67.469569
611,611,0,accepted,none,0.000000,1,5.280000,1.929145,1.000000,10.000000,7.240000,2.963511,49.000000,0.000000,50,0,66.042307
620,620,0,rejected,assert_connectivity,60.000000,1,5.920000,3.097354,0.000000,13.000000,7.120000,3.570098,47.040000,6.720000,0,1,73.964930
622,622,0,rejected,assert_connectivity,60.000000,1,5.800000,2.433105,1.000000,10.000000,8.360000,4.642241,38.080000,13.323423,0,1,68.600208
613,613,0,accepted,none,0.000000,1,5.400000,2.481935,2.000000,12.000000,6.800000,3.794733,49.000000,0.000000,50,0,64.452316
614,614,0,accepted,none,0.000000,1,5.640000,1.546092,2.000000,8.000000,6.800000,2.349468,49.000000,0.000000,50,0,64.067687
624,624,0,rejected,too_close,60.000000,1,6.840000,2.257078,2.000000,12.000000,8.520000,3.899949,49.000000,0.000000,50,0,50.356079
625,625,0,rejected,assert_connectivity,60.000000,1,5.040000,1.648757,2.000000,9.000000,5.000000,3.527038,32.040000,13.926895,0,0,68.169699
626,626,0,rejected,assert_connectivity,60.000000,1,6.640000,3.724299,1.000000,14.000000,7.600000,4.737088,45.160000,9.014122,0,0,58.842797
627,627,0,rejected,assert_connectivity,60.000000,1,6.440000,3.007723,2.000000,12.000000,7.160000,4.644825,36.960000,12.491533,0,0,65.930090
628,628,0,rejected,assert_connectivity,60.000000,1,5.480000,2.247132,0.000000,10.000000,7.640000,3.756381,47.040000,6.720000,0,0,69.848591
629,629,0,rejected,assert_connectivity,60.000000,1,6.400000,2.939388,1.000000,12.000000,7.760000,3.911828,43.360000,10.449421,0,0,61.592256
630,630,0,rejected,assert_connectivity,60.000000,1,6.920000,2.876387,0.000000,13.000000,6.960000,3.632960,47.040000,6.720000,0,0,60.478479
631,631,0,rejected,assert_connectivity,60.000000,1,6.520000,3.293873,0.000000,13.000000,8.400000,3.872983,47.040000,6.720000,0,1,71.536372
616,616,0,accepted,none,0.000000,1,5.480000,1.889339,2.000000,9.000000,7.680000,3.361190,49.000000,0.000000,50,0,78.891945
633,633,0,rejected,too_close,60.000000,1,5.920000,2.322413,1.000000,13.000000,6.920000,3.064898,49.000000,0.000000,50,0,64.722625
634,634,0,rejected,too_close,60.000000,1,7.440000,3.353565,2.000000,16.000000,9.280000,4.521239,49.000000,0.000000,50,0,66.989099
635,635,0,rejected,too_close,60.000000,1,5.440000,2.417933,1.000000,10.000000,6.240000,3.415026,49.000000,0.000000,50,0,69.100370
621,621,0,accepted,none,0.000000,1,5.680000,2.167395,1.000000,10.000000,7.200000,3.577709,49.000000,0.000000,50,0,66.143204
623,623,0,accepted,none,0.000000,1,6.080000,2.659624,1.000000,12.000000,7.600000,3.446738,49.000000,0.000000,50,0,54.579817
636,636,0,rejected,too_close,60.000000,1,6.600000,3.655133,1.000000,14.000000,10.000000,5.110773,49.000000,0.000000,50,0,73.524116
637,637,0,rejected,assert_connectivity,60.000000,1,7.160000,3.270229,0.000000,13.000000,10.160000,4.888190,47.040000,6.720000,0,0,61.687423
619,619,0,accepted,none,0.000000,1,7.160000,3.384435,1.000000,15.000000,8.280000,4.458879,49.000000,0.000000,50,0,56.964690
638,638,0,rejected,assert_connectivity,60.000000,1,5.680000,2.370148,2.000000,10.000000,5.440000,3.377336,43.360000,10.449421,0,0,64.132236
644,644,0,rejected,assert_connectivity,60.000000,1,6.440000,2.281754,0.000000,11.000000,7.680000,4.406541,47.040000,6.720000,0,0,66.642976
645,645,0,rejected,too_close,60.000000,1,5.200000,2.315167,1.000000,12.000000,7.720000,3.594663,49.000000,0.000000,50,0,66.908833
632,632,0,accepted,none,0.000000,1,5.960000,2.622670,2.000000,11.000000,6.560000,3.232089,49.000000,0.000000,50,0,70.058315
639,639,0,accepted,none,0.000000,1,6.560000,2.538976,2.000000,12.000000,7.640000,3.070896,49.000000,0.000000,50,0,65.570680
642,642,0,accepted,none,0.000000,1,6.200000,2.181742,1.000000,11.000000,8.520000,3.832701,49.000000,0.000000,50,0,72.395532
640,640,0,accepted,none,0.000000,1,6.360000,2.471922,1.000000,11.000000,7.840000,3.512036,49.000000,0.000000,50,0,65.612287
641,641,0,accepted,none,0.000000,1,6.000000,2.529822,1.000000,12.000000,7.680000,3.402587,49.000000,0.000000,50,0,67.942138
648,648,0,rejected,too_close,60.000000,1,5.360000,1.729277,2.000000,10.000000,6.880000,3.222670,49.000000,0.000000,50,0,60.056444
649,649,0,rejected,assert_connectivity,60.000000,1,6.760000,2.665033,2.000000,11.000000,4.840000,3.061764,31.840000,11.598896,0,0,58.241069
643,643,0,accepted,none,0.000000,1,6.720000,2.553742,1.000000,12.000000,8.160000,4.387984,49.000000,0.000000,50,0,54.101243
650,650,0,rejected,assert_connectivity,60.000000,1,5.200000,2.097618,0.000000,9.000000,7.160000,3.705995,45.120000,9.210081,0,0,71.649878
651,651,0,rejected,assert_connectivity,60.000000,1,6.160000,2.708210,1.000000,11.000000,8.160000,4.120000,45.160000,9.014122,0,0,63.469369
653,653,0,rejected,assert_connectivity,60.000000,1,5.360000,2.347424,0.000000,11.000000,5.440000,2.878611,21.280000,5.407550,0,0,59.387659
655,655,0,rejected,assert_connectivity,60.000000,1,6.000000,2.271563,0.000000,11.000000,8.520000,3.930598,47.040000,6.720000,0,0,72.062793
654,654,0,rejected,too_close,60.000000,1,6.520000,2.844222,1.000000,11.000000,8.480000,3.971096,49.000000,0.000000,50,0,63.738452
656,656,0,rejected,too_close,60.000000,1,6.160000,3.081298,1.000000,13.000000,8.040000,3.939340,49.000000,0.000000,50,0,68.154080
657,657,0,rejected,assert_connectivity,60.000000,1,6.520000,3.672819,1.000000,13.000000,8.640000,4.394360,45.160000,9.014122,0,0,70.462101
646,646,0,accepted,none,0.000000,1,6.320000,2.781654,1.000000,12.000000,8.240000,3.580838,49.000000,0.000000,50,0,68.531621
659,659,0,rejected,too_close,60.000000,1,6.800000,3.065942,1.000000,13.000000,9.600000,4.427189,49.000000,0.000000,50,0,61.979028
661,661,0,rejected,assert_connectivity,60.000000,1,6.440000,2.523173,1.000000,12.000000,6.000000,3.328663,33.000000,12.000000,0,0,66.738481
662,662,0,rejected,assert_connectivity,60.000000,1,6.120000,2.511095,0.000000,11.000000,7.680000,4.056797,47.040000,6.720000,0,1,61.672482
663,663,0,rejected,assert_connectivity,60.000000,1,6.000000,2.966479,1.000000,11.000000,6.560000,3.925099,33.280000,14.356936,0,1,64.931362
664,664,0,rejected,assert_connectivity,60.000000,1,6.720000,2.646054,1.000000,13.000000,7.120000,3.937715,45.160000,9.014122,0,0,61.266289
647,647,0,accepted,none,0.000000,1,6.360000,2.364403,2.000000,12.000000,7.320000,2.810267,49.000000,0.000000,50,0,63.941420
667,667,0,rejected,too_close,60.000000,1,5.680000,2.240000,1.000000,9.000000,7.040000,3.111013,49.000000,0.000000,50,0,62.233839
668,668,0,rejected,too_close,60.000000,1,7.000000,2.884441,2.000000,15.000000,7.520000,3.360000,49.000000,0.000000,50,0,59.935772
669,669,0,rejected,assert_connectivity,60.000000,1,5.320000,2.139533,0.000000,9.000000,5.560000,2.721470,47.040000,6.720000,0,0,68.024926
670,670,0,rejected,assert_connectivity,60.000000,1,5.440000,2.164809,1.000000,9.000000,6.080000,3.038684,45.160000,9.014122,0,1,68.463571
672,672,0,rejected,assert_connectivity,60.000000,1,5.880000,2.581782,0.000000,11.000000,8.640000,4.170180,47.040000,6.720000,0,0,70.569031
652,652,0,accepted,none,0.000000,1,5.800000,2.622975,1.000000,10.000000,7.280000,4.147481,49.000000,0.000000,50,0,61.286874
673,673,0,rejected,assert_connectivity,60.000000,1,6.360000,3.303089,0.000000,12.000000,9.040000,4.275325,47.040000,6.720000,0,0,74.230039
660,660,0,accepted,none,0.000000,1,6.120000,2.303389,1.000000,11.000000,9.120000,4.572264,49.000000,0.000000,50,0,68.708660
675,675,0,rejected,assert_connectivity,60.000000,1,6.600000,2.600000,0.000000,11.000000,9.840000,4.011783,47.040000,6.720000,0,0,75.822042
665,665,0,accepted,none,0.000000,1,5.880000,1.829098,2.000000,9.000000,5.840000,2.759420,49.000000,0.000000,50,0,63.420094
666,666,0,accepted,none,0.000000,1,5.640000,1.466424,3.000000,9.000000,6.680000,3.094770,49.000000,0.000000,50,0,54.442880
677,677,0,rejected,assert_connectivity,60.000000,1,6.360000,2.875830,1.000000,11.000000,6.840000,3.951506,43.360000,10.449421,0,1,60.823686
658,658,0,accepted,none,0.000000,1,6.800000,3.566511,2.000000,15.000000,8.720000,4.882786,49.000000,0.000000,50,0,66.605271
679,679,0,rejected,assert_connectivity,60.000000,1,6.080000,2.261327,1.000000,11.000000,6.080000,3.548746,32.360000,13.323303,0,0,65.482797
678,678,0,rejected,assert_connectivity,60.000000,1,6.000000,2.792848,0.000000,12.000000,8.800000,3.741657,47.040000,6.720000,0,0,76.263941
680,680,0,rejected,too_close,60.000000,1,6.120000,2.635451,1.000000,12.000000,8.520000,2.947813,49.000000,0.000000,50,0,62.083825
681,681,0,rejected,assert_connectivity,60.000000,1,7.080000,3.116665,0.000000,14.000000,7.320000,3.313246,47.040000,6.720000,0,0,67.060499
682,682,0,rejected,assert_connectivity,60.000000,1,5.920000,2.897171,0.000000,11.000000,9.080000,4.698255,45.120000,9.210081,0,0,69.133093
683,683,0,rejected,assert_connectivity,60.000000,1,6.640000,3.892351,1.000000,15.000000,7.680000,4.383788,45.160000,9.014122,0,1,61.791160
684,684,0,rejected,assert_connectivity,60.000000,1,6.480000,2.780216,1.000000,12.000000,7.640000,4.727621,32.160000,13.704539,0,0,64.806602
686,686,0,rejected,too_close,60.000000,1,5.560000,2.316549,2.000000,10.000000,6.680000,3.523862,49.000000,0.000000,50,0,63.651673
687,687,0,rejected,too_close,60.000000,1,6.400000,2.400000,1.000000,10.000000,7.240000,2.320000,49.000000,0.000000,50,1,72.402290
671,671,0,accepted,none,0.000000,1,6.640000,3.038157,2.000000,13.000000,9.560000,4.290268,49.000000,0.000000,50,0,67.442324
689,689,0,rejected,assert_connectivity,60.000000,1,5.880000,2.581782,1.000000,12.000000,7.480000,4.863085,34.240000,12.293999,0,0,66.041321
690,690,0,rejected,assert_connectivity,60.000000,1,6.120000,3.166323,2.000000,13.000000,8.040000,4.390717,43.360000,10.449421,0,0,56.094782
674,674,0,accepted,none,0.000000,1,6.360000,2.439344,1.000000,11.000000,7.200000,3.091925,49.000000,0.000000,50,0,66.078594
692,692,0,rejected,assert_connectivity,60.000000,1,5.720000,2.698444,0.000000,13.000000,7.120000,4.097023,47.040000,6.720000,0,0,64.590134
693,693,0,rejected,assert_connectivity,60.000000,1,5.760000,2.611972,1.000000,11.000000,6.800000,3.231099,40.000000,12.000000,0,0,70.002152
676,676,0,accepted,none,0.000000,1,5.760000,2.205085,1.000000,11.000000,5.360000,3.266558,49.000000,0.000000,50,0,73.386022
697,697,0,rejected,assert_connectivity,60.000000,1,4.720000,1.720930,0.000000,8.000000,5.720000,2.800286,47.040000,6.720000,0,0,69.426507
696,696,0,rejected,assert_connectivity,60.000000,1,7.920000,3.463178,0.000000,15.000000,8.800000,4.014972,47.040000,6.720000,0,0,62.525301
698,698,0,rejected,assert_connectivity,60.000000,1,6.200000,2.340940,0.000000,10.000000,6.280000,3.616849,47.040000,6.720000,0,0,62.326732
699,699,0,rejected,assert_connectivity,60.000000,1,5.640000,2.123770,0.000000,10.000000,5.240000,3.338023,47.040000,6.720000,0,0,63.093783
685,685,0,accepted,none,0.000000,1,5.680000,2.461219,1.000000,12.000000,7.200000,4.039802,49.000000,0.000000,50,0,74.707985
688,688,0,accepted,none,0.000000,1,5.480000,2.211244,1.000000,11.000000,6.080000,2.924654,49.000000,0.000000,50,0,64.376403
691,691,0,accepted,none,0.000000,1,6.120000,2.122640,2.000000,10.000000,6.840000,2.110545,49.000000,0.000000,50,0,66.377198
695,695,0,accepted,none,0.000000,1,6.360000,2.659022,2.000000,12.000000,6.880000,3.320482,49.000000,0.000000,50,0,56.745884
704,704,0,rejected,assert_connectivity,60.000000,1,5.000000,1.822087,1.000000,10.000000,5.320000,3.177672,40.000000,12.000000,0,0,61.622212
694,694,0,accepted,none,0.000000,1,6.240000,2.789695,2.000000,12.000000,8.320000,3.972103,49.000000,0.000000,50,0,65.210831
701,701,0,accepted,none,0.000000,1,5.640000,2.269449,2.000000,10.000000,6.200000,2.600000,49.000000,0.000000,50,0,54.920779
700,700,0,accepted,none,0.000000,1,5.960000,2.799714,1.000000,13.000000,8.120000,4.384701,49.000000,0.000000,50,0,61.940159
702,702,0,accepted,none,0.000000,1,6.680000,3.501086,1.000000,13.000000,8.440000,4.060345,49.000000,0.000000,50,0,73.249105
703,703,0,accepted,none,0.000000,1,6.760000,3.203498,1.000000,13.000000,8.040000,2.972945,49.000000,0.000000,50,0,63.855722
706,706,0,accepted,none,0.000000,1,5.640000,2.439344,1.000000,10.000000,4.880000,3.050508,49.000000,0.000000,50,0,58.929586
707,707,0,accepted,none,0.000000,1,5.920000,1.885099,1.000000,9.000000,7.640000,3.217204,49.000000,0.000000,50,0,64.952632
705,705,0,accepted,none,0.000000,1,7.440000,3.007723,1.000000,12.000000,9.120000,5.271205,49.000000,0.000000,50,0,53.410925
712,712,0,rejected,assert_connectivity,60.000000,1,5.720000,3.006925,0.000000,13.000000,8.200000,4.418144,43.280000,10.766689,0,0,59.015368
713,713,0,rejected,too_close,60.000000,1,6.840000,3.431385,1.000000,13.000000,10.440000,4.665447,49.000000,0.000000,50,0,71.753279
715,715,0,rejected,assert_connectivity,60.000000,1,7.120000,3.134581,0.000000,13.000000,9.040000,4.261267,45.120000,9.210081,0,0,62.094629
716,716,0,rejected,assert_connectivity,60.000000,1,5.520000,2.670131,0.000000,12.000000,5.560000,3.007723,21.280000,5.407550,0,0,60.268840
709,709,0,accepted,none,0.000000,1,5.120000,2.303389,1.000000,12.000000,5.880000,2.612585,49.000000,0.000000,50,0,67.786969
717,717,0,rejected,assert_connectivity,60.000000,1,5.680000,2.420248,1.000000,11.000000,7.000000,4.093898,41.640000,11.394314,0,0,65.979314
708,708,0,accepted,none,0.000000,1,6.720000,3.815966,1.000000,13.000000,8.760000,4.287470,49.000000,0.000000,50,0,62.632659
718,718,0,rejected,assert_connectivity,60.000000,1,6.560000,3.811351,0.000000,15.000000,7.520000,4.253187,47.040000,6.720000,0,0,68.051532
719,719,0,rejected,assert_connectivity,60.000000,1,5.680000,2.004395,0.000000,9.000000,7.280000,3.660820,45.120000,9.210081,0,0,70.027955
710,710,0,accepted,none,0.000000,1,6.240000,2.731739,1.000000,13.000000,7.760000,3.781851,49.000000,0.000000,50,0,58.268342
723,723,0,rejected,too_close,60.000000,1,6.600000,3.429286,1.000000,13.000000,7.880000,3.729021,49.000000,0.000000,50,1,70.895556
711,711,0,accepted,none,0.000000,1,6.200000,2.683282,1.000000,11.000000,7.680000,3.875255,49.000000,0.000000,50,0,66.422458
725,725,0,rejected,assert_connectivity,60.000000,1,7.200000,3.200000,1.000000,15.000000,8.200000,4.489989,29.760000,10.527222,0,0,57.462072
727,727,0,rejected,assert_connectivity,60.000000,1,5.840000,2.419587,0.000000,12.000000,7.200000,3.762978,47.040000,6.720000,0,0,64.009826
714,714,0,accepted,none,0.000000,1,5.840000,2.148115,1.000000,10.000000,8.480000,3.925506,49.000000,0.000000,50,0,71.494315
722,722,0,accepted,none,0.000000,1,6.360000,2.027412,2.000000,10.000000,8.400000,4.152108,49.000000,0.000000,50,0,59.393318
720,720,0,accepted,none,0.000000,1,6.840000,3.100710,1.000000,13.000000,8.440000,4.468378,49.000000,0.000000,50,0,53.757072
730,730,0,rejected,assert_connectivity,60.000000,1,5.920000,2.621755,1.000000,11.000000,6.640000,3.735023,45.160000,9.014122,0,0,58.171595
721,721,0,accepted,none,0.000000,1,6.760000,2.534245,2.000000,12.000000,9.400000,3.130495,49.000000,0.000000,50,0,58.345478
731,731,0,rejected,assert_connectivity,60.000000,1,6.200000,2.569047,0.000000,11.000000,7.480000,4.267271,45.120000,9.210081,0,0,64.333618
726,726,0,accepted,none,0.000000,1,5.480000,2.041960,1.000000,9.000000,7.560000,3.086487,49.000000,0.000000,50,0,70.429757
734,734,0,rejected,assert_connectivity,60.000000,1,5.960000,2.537400,1.000000,10.000000,5.400000,2.668333,29.760000,10.527222,0,0,66.882870
732,732,0,rejected,too_close,60.000000,1,5.320000,2.781654,1.000000,11.000000,7.480000,4.401091,49.000000,0.000000,50,1,62.164671
733,733,0,rejected,assert_connectivity,60.000000,1,6.840000,2.845066,0.000000,12.000000,8.760000,4.585019,36.720000,13.102733,0,0,63.673794
724,724,0,accepted,none,0.000000,1,6.680000,3.997199,2.000000,15.000000,8.080000,4.160961,49.000000,0.000000,50,0,75.640565
735,735,0,rejected,too_close,60.000000,1,5.880000,2.241785,2.000000,11.000000,8.720000,3.831658,49.000000,0.000000,50,0,72.937903
736,736,0,rejected,assert_connectivity,60.000000,1,6.000000,2.622975,0.000000,13.000000,7.160000,4.220711,45.120000,9.210081,0,0,68.184395
738,738,0,rejected,assert_connectivity,60.000000,1,7.160000,3.107153,0.000000,12.000000,10.840000,5.174399,38.240000,12.900481,0,1,62.455826
728,728,0,accepted,none,0.000000,1,6.200000,2.029778,1.000000,10.000000,7.320000,3.775924,49.000000,0.000000,50,0,60.444091
740,740,0,rejected,assert_connectivity,60.000000,1,5.960000,3.085190,1.000000,12.000000,7.920000,4.367333,38.120000,13.219138,0,1,57.144998
739,739,0,rejected,too_close,60.000000,1,5.920000,2.287706,1.000000,11.000000,7.760000,3.911828,49.000000,0.000000,50,0,70.058805
742,742,0,rejected,assert_connectivity,60.000000,1,5.480000,2.692508,0.000000,10.000000,6.480000,4.271955,23.400000,12.262137,0,0,66.164482
741,741,0,rejected,assert_connectivity,60.000000,1,7.400000,2.821347,0.000000,12.000000,8.360000,4.942712,47.040000,6.720000,0,0,57.953087
744,744,0,rejected,assert_connectivity,60.000000,1,5.920000,2.008382,1.000000,10.000000,5.920000,2.813112,25.960000,6.720000,0,0,66.770262
729,729,0,accepted,none,0.000000,1,5.920000,3.468948,1.000000,14.000000,6.640000,4.227340,49.000000,0.000000,50,0,62.173399
745,745,0,rejected,assert_connectivity,60.000000,1,6.920000,3.285361,1.000000,12.000000,8.520000,4.746536,39.760000,12.720943,0,0,63.726327
748,748,0,rejected,too_close,60.000000,1,5.920000,2.322413,1.000000,12.000000,5.840000,2.678507,49.000000,0.000000,50,0,63.639294
749,749,0,rejected,too_close,60.000000,1,6.040000,2.630285,1.000000,13.000000,7.880000,4.077450,49.000000,0.000000,50,1,61.453633
752,752,0,rejected,assert_connectivity,60.000000,1,5.800000,1.979899,1.000000,10.000000,5.040000,2.645449,35.560000,12.464606,0,0,65.274559
737,737,0,accepted,none,0.000000,1,6.680000,3.101226,1.000000,14.000000,8.000000,3.919184,49.000000,0.000000,50,0,67.422412
743,743,0,accepted,none,0.000000,1,6.200000,2.705550,1.000000,13.000000,6.560000,3.137897,49.000000,0.000000,50,0,62.526095
750,750,0,accepted,none,0.000000,1,6.000000,2.408319,1.000000,11.000000,6.720000,3.600222,49.000000,0.000000,50,0,59.133653
754,754,0,rejected,assert_connectivity,60.000000,1,7.080000,2.536454,1.000000,12.000000,8.840000,3.854141,45.160000,9.014122,0,1,62.783266
746,746,0,accepted,none,0.000000,1,5.840000,2.230336,2.000000,10.000000,7.440000,3.925099,49.000000,0.000000,50,0,67.372038
747,747,0,accepted,none,0.000000,1,6.280000,2.993593,1.000000,12.000000,8.560000,4.020746,49.000000,0.000000,50,0,72.107218
757,757,0,rejected,assert_connectivity,60.000000,1,5.600000,2.584570,0.000000,11.000000,7.200000,4.166533,41.520000,11.803796,0,0,68.144066
756,756,0,rejected,too_close,60.000000,1,5.800000,2.537716,1.000000,11.000000,7.520000,3.511353,49.000000,0.000000,50,1,63.515363
751,751,0,accepted,none,0.000000,1,5.360000,2.114332,1.000000,9.000000,5.200000,2.675818,49.000000,0.000000,50,0,69.429223
758,758,0,rejected,assert_connectivity,60.000000,1,5.160000,2.138785,0.000000,11.000000,6.760000,3.234563,47.040000,6.720000,0,0,70.813226
759,759,0,rejected,assert_connectivity,60.000000,1,5.760000,2.362710,0.000000,10.000000,6.760000,3.271452,47.040000,6.720000,0,0,65.033455
760,760,0,rejected,too_close,60.000000,1,5.240000,2.267686,1.000000,10.000000,7.200000,3.446738,49.000000,0.000000,50,0,68.603571
762,762,0,rejected,too_close,60.000000,1,6.400000,2.622975,2.000000,11.000000,8.200000,3.052868,49.000000,0.000000,50,0,57.863105
763,763,0,rejected,assert_connectivity,60.000000,1,5.880000,3.030775,1.000000,13.000000,8.680000,4.722033,45.160000,9.014122,0,0,69.456051
753,753,0,accepted,none,0.000000,1,5.280000,1.908298,2.000000,10.000000,6.240000,2.478387,49.000000,0.000000,50,0,73.990340
764,764,0,rejected,too_close,60.000000,1,6.640000,2.896619,1.000000,13.000000,7.640000,3.735023,49.000000,0.000000,50,0,65.103196
765,765,0,rejected,assert_connectivity,60.000000,1,6.640000,2.805423,0.000000,12.000000,6.760000,4.429718,33.920000,13.010519,0,0,60.494925
766,766,0,rejected,assert_connectivity,60.000000,1,6.400000,3.091925,1.000000,12.000000,6.840000,3.838541,45.160000,9.014122,0,0,61.873024
767,767,0,rejected,assert_connectivity,60.000000,1,5.600000,2.190890,1.000000,10.000000,6.360000,3.333227,41.640000,11.394314,0,0,64.645488
768,768,0,rejected,assert_connectivity,60.000000,1,6.440000,2.967558,0.000000,13.000000,8.720000,4.841653,38.240000,12.900481,0,0,74.961091
770,770,0,rejected,assert_connectivity,60.000000,1,6.040000,2.049000,1.000000,10.000000,4.440000,3.040789,22.480000,5.265890,0,0,55.071445
772,772,0,rejected,assert_connectivity,60.000000,1,6.320000,2.708800,1.000000,12.000000,7.520000,4.327771,43.360000,10.449421,0,0,68.287400
773,773,0,rejected,assert_connectivity,60.000000,1,6.880000,2.790269,2.000000,12.000000,7.600000,4.586938,34.960000,13.844797,0,0,59.672182
774,774,0,rejected,too_close,60.000000,1,6.720000,3.187726,1.000000,13.000000,9.280000,4.604520,49.000000,0.000000,50,0,57.707936
776,776,0,rejected,assert_connectivity,60.000000,1,5.800000,2.576820,0.000000,11.000000,6.120000,3.050508,47.040000,6.720000,0,0,69.801089
755,755,0,accepted,none,0.000000,1,5.360000,2.355929,1.000000,11.000000,6.920000,2.813112,49.000000,0.000000,50,0,72.516426
777,777,0,rejected,assert_connectivity,60.000000,1,6.280000,3.193994,1.000000,12.000000,7.920000,4.279439,39.760000,12.720943,0,0,59.452866
778,778,0,rejected,assert_connectivity,60.000000,1,6.000000,2.905168,0.000000,12.000000,7.800000,4.741308,41.520000,11.803796,0,0,63.812886
780,780,0,rejected,assert_connectivity,60.000000,1,5.440000,2.654506,0.000000,11.000000,5.080000,2.440000,24.640000,8.939262,0,0,68.124357
779,779,0,rejected,assert_connectivity,60.000000,1,5.760000,2.445895,0.000000,11.000000,7.640000,3.713543,47.040000,6.720000,0,0,70.136917
761,761,0,accepted,none,0.000000,1,5.440000,2.089593,2.000000,9.000000,7.320000,2.767237,49.000000,0.000000,50,0,65.349280
782,782,0,rejected,assert_connectivity,60.000000,1,7.240000,3.813450,0.000000,15.000000,8.040000,4.741139,41.520000,11.803796,0,0,62.731332
785,785,0,rejected,too_close,60.000000,1,5.920000,2.876387,1.000000,12.000000,7.920000,2.733789,49.000000,0.000000,50,0,66.674753
771,771,0,accepted,none,0.000000,1,5.720000,2.135790,2.000000,11.000000,6.440000,3.250600,49.000000,0.000000,50,0,52.477238
769,769,0,accepted,none,0.000000,1,6.520000,2.418595,2.000000,13.000000,8.160000,3.068289,49.000000,0.000000,50,0,71.256400
775,775,0,accepted,none,0.000000,1,5.760000,2.337178,2.000000,10.000000,6.640000,2.896619,49.000000,0.000000,50,0,65.382543
788,788,0,rejected,assert_connectivity,60.000000,1,6.400000,3.085450,0.000000,12.000000,7.920000,4.048901,47.040000,6.720000,0,0,69.377167
781,781,0,accepted,none,0.000000,1,5.200000,1.969772,2.000000,9.000000,4.960000,2.529506,49.000000,0.000000,50,0,57.460330
789,789,0,rejected,assert_connectivity,60.000000,1,6.600000,3.831449,0.000000,14.000000,6.960000,4.919187,33.320000,14.269464,0,0,61.476391
790,790,0,rejected,assert_connectivity,60.000000,1,6.200000,2.280351,0.000000,11.000000,8.560000,3.505196,47.040000,6.720000,0,0,64.846986
791,791,0,rejected,assert_connectivity,60.000000,1,6.600000,3.984972,1.000000,14.000000,8.680000,4.892607,43.360000,10.449421,0,0,65.708360
793,793,0,rejected,assert_connectivity,60.000000,1,5.720000,2.391987,0.000000,11.000000,8.160000,4.374289,47.040000,6.720000,0,0,67.274030
783,783,0,accepted,none,0.000000,1,5.120000,1.976259,2.000000,9.000000,5.440000,2.857691,49.000000,0.000000,50,0,66.711615
794,794,0,rejected,assert_connectivity,60.000000,1,6.040000,1.999600,0.000000,10.000000,8.440000,3.550549,47.040000,6.720000,0,0,63.227880
784,784,0,accepted,none,0.000000,1,6.560000,2.409647,1.000000,11.000000,7.120000,2.936937,49.000000,0.000000,50,0,66.311886
796,796,0,rejected,assert_connectivity,60.000000,1,6.560000,2.981007,0.000000,12.000000,4.720000,2.561562,27.440000,10.176758,0,0,56.155588
786,786,0,accepted,none,0.000000,1,5.680000,1.630215,2.000000,9.000000,5.800000,2.163331,49.000000,0.000000,50,0,65.164976
787,787,0,accepted,none,0.000000,1,4.440000,1.387948,1.000000,7.000000,5.560000,2.192350,49.000000,0.000000,50,0,69.760619
801,801,0,rejected,too_close,60.000000,1,5.280000,1.960000,2.000000,11.000000,5.680000,3.619061,49.000000,0.000000,50,0,63.218554
802,802,0,rejected,assert_connectivity,60.000000,1,5.720000,2.727930,0.000000,11.000000,6.800000,4.422669,41.520000,11.803796,0,1,62.632844
803,803,0,rejected,assert_connectivity,60.000000,1,5.920000,2.652094,2.000000,11.000000,7.320000,3.931615,31.840000,11.598896,0,0,65.050633
792,792,0,accepted,none,0.000000,1,5.520000,2.165548,1.000000,10.000000,6.960000,3.417367,49.000000,0.000000,50,0,59.575673
799,799,0,accepted,none,0.000000,1,5.840000,2.062620,1.000000,9.000000,6.520000,3.207741,49.000000,0.000000,50,0,61.492716
795,795,0,accepted,none,0.000000,1,6.520000,3.436510,1.000000,14.000000,7.600000,3.405877,49.000000,0.000000,50,0,60.813210
800,800,0,accepted,none,0.000000,1,5.680000,1.617900,2.000000,10.000000,6.160000,3.384435,49.000000,0.000000,50,0,67.372617
798,798,0,accepted,none,0.000000,1,6.560000,2.523173,1.000000,12.000000,7.760000,3.385617,49.000000,0.000000,50,0,63.763388
797,797,0,accepted,none,0.000000,1,6.720000,2.973483,1.000000,13.000000,9.000000,3.800000,49.000000,0.000000,50,0,75.706559
807,807,0,rejected,assert_connectivity,60.000000,1,6.160000,2.921370,1.000000,13.000000,4.880000,2.550608,24.360000,2.978322,0,0,63.606781
806,806,0,rejected,assert_connectivity,60.000000,1,6.880000,3.235058,0.000000,13.000000,9.000000,5.035871,47.040000,6.720000,0,0,60.583306
808,808,0,rejected,assert_connectivity,60.000000,1,5.240000,2.102950,1.000000,9.000000,5.640000,3.018344,33.680000,13.518047,0,0,62.440346
810,810,0,rejected,assert_connectivity,60.000000,1,6.720000,2.749836,0.000000,12.000000,6.960000,4.195045,47.040000,6.720000,0,0,71.634089
811,811,0,rejected,too_close,60.000000,1,5.760000,2.149977,1.000000,10.000000,7.280000,3.237530,49.000000,0.000000,50,0,75.602134
812,812,0,rejected,assert_connectivity,60.000000,1,5.960000,2.087678,0.000000,11.000000,8.520000,3.151127,47.040000,6.720000,0,0,72.634588
814,814,0,rejected,assert_connectivity,60.000000,1,7.080000,3.964038,1.000000,15.000000,7.920000,4.316665,31.840000,11.598896,0,1,72.310403
816,816,0,rejected,assert_connectivity,60.000000,1,7.000000,3.130495,0.000000,15.000000,9.320000,4.370080,47.040000,6.720000,0,0,55.402360
804,804,0,accepted,none,0.000000,1,6.000000,2.441311,1.000000,12.000000,7.880000,4.092139,49.000000,0.000000,50,0,66.565322
817,817,0,rejected,assert_connectivity,60.000000,1,5.840000,2.239286,1.000000,10.000000,6.040000,2.529506,31.840000,11.598896,0,0,60.383663
820,820,0,rejected,assert_connectivity,60.000000,1,6.520000,3.551000,0.000000,13.000000,7.480000,5.000960,32.080000,13.883573,0,0,65.462456
805,805,0,accepted,none,0.000000,1,6.960000,2.690427,2.000000,13.000000,8.440000,3.806100,49.000000,0.000000,50,0,61.274451
821,821,0,rejected,assert_connectivity,60.000000,1,5.720000,2.522221,0.000000,10.000000,6.520000,3.330105,47.040000,6.720000,0,0,69.625424
822,822,0,rejected,assert_connectivity,60.000000,1,6.120000,2.658120,0.000000,12.000000,8.640000,4.803166,47.040000,6.720000,0,0,78.988214
823,823,0,rejected,assert_connectivity,60.000000,1,5.840000,2.419587,0.000000,11.000000,6.560000,2.850684,47.040000,6.720000,0,0,72.184159
824,824,0,rejected,assert_connectivity,60.000000,1,5.920000,2.711752,1.000000,12.000000,5.760000,3.397411,45.160000,9.014122,0,0,56.000239
813,813,0,accepted,none,0.000000,1,5.600000,2.116601,1.000000,11.000000,6.360000,3.593105,49.000000,0.000000,50,0,77.399757
825,825,0,rejected,assert_connectivity,60.000000,1,6.080000,2.869425,1.000000,13.000000,7.280000,3.857668,45.160000,9.014122,0,0,61.831333
809,809,0,accepted,none,0.000000,1,6.600000,2.116601,2.000000,11.000000,8.600000,3.237283,49.000000,0.000000,50,0,60.631606
815,815,0,accepted,none,0.000000,1,6.320000,2.664132,1.000000,12.000000,7.400000,3.914077,49.000000,0.000000,50,0,65.272344
830,830,0,rejected,assert_connectivity,60.000000,1,5.880000,2.303389,2.000000,11.000000,7.080000,3.309622,36.960000,12.491533,0,0,64.728671
831,831,0,rejected,assert_connectivity,60.000000,1,6.240000,2.642423,0.000000,12.000000,8.320000,4.254127,39.840000,12.485768,0,0,66.973710
818,818,0,accepted,none,0.000000,1,6.760000,3.215960,1.000000,13.000000,7.560000,3.858290,49.000000,0.000000,50,0,63.192929
819,819,0,accepted,none,0.000000,1,6.160000,2.548411,1.000000,12.000000,8.440000,3.377336,49.000000,0.000000,50,0,62.786557
834,834,0,rejected,assert_connectivity,60.000000,1,5.800000,2.236068,0.000000,11.000000,7.160000,3.529079,47.040000,6.720000,0,0,66.792626
827,827,0,accepted,none,0.000000,1,5.440000,1.576832,1.000000,9.000000,7.200000,3.423449,49.000000,0.000000,50,0,68.532467
828,828,0,accepted,none,0.000000,1,6.280000,2.993593,1.000000,12.000000,9.080000,4.551220,49.000000,0.000000,50,0,60.829861
829,829,0,accepted,none,0.000000,1,5.160000,2.352531,1.000000,10.000000,6.200000,3.666061,49.000000,0.000000,50,0,64.352751
838,838,0,rejected,assert_connectivity,60.000000,1,6.200000,2.653300,0.000000,11.000000,6.480000,3.650972,43.280000,10.766689,0,0,61.707772
826,826,0,accepted,none,0.000000,1,6.960000,2.918630,1.000000,13.000000,10.560000,3.985775,49.000000,0.000000,50,0,62.973367
839,839,0,rejected,assert_connectivity,60.000000,1,6.080000,2.322413,0.000000,10.000000,7.440000,3.904664,45.120000,9.210081,0,0,68.370881
833,833,0,accepted,none,0.000000,1,5.400000,2.227106,2.000000,10.000000,7.200000,2.849561,49.000000,0.000000,50,0,60.527523
840,840,0,rejected,too_close,60.000000,1,6.920000,3.440000,1.000000,15.000000,9.880000,4.794330,49.000000,0.000000,50,0,69.554438
832,832,0,accepted,none,0.000000,1,5.920000,2.067269,1.000000,10.000000,8.200000,2.877499,49.000000,0.000000,50,0,66.366293
835,835,0,accepted,none,0.000000,1,5.920000,2.552176,2.000000,12.000000,7.480000,3.710741,49.000000,0.000000,50,0,70.442557
844,844,0,rejected,assert_connectivity,60.000000,1,5.640000,2.951339,0.000000,12.000000,4.520000,2.426850,47.040000,6.720000,0,0,65.669863
845,845,0,rejected,assert_connectivity,60.000000,1,6.280000,2.691022,0.000000,11.000000,9.080000,3.814918,47.040000,6.720000,0,0,73.748610
846,846,0,rejected,assert_connectivity,60.000000,1,6.000000,3.033150,0.000000,12.000000,8.560000,4.224500,47.040000,6.720000,0,0,68.568343
836,836,0,accepted,none,0.000000,1,5.920000,1.647301,2.000000,9.000000,7.600000,3.104835,49.000000,0.000000,50,0,60.729710
837,837,0,accepted,none,0.000000,1,5.680000,2.767237,1.000000,11.000000,6.560000,3.832284,49.000000,0.000000,50,0,68.926811
850,850,0,rejected,assert_connectivity,60.000000,1,7.080000,3.142229,1.000000,14.000000,10.120000,4.722880,45.160000,9.014122,0,0,66.956030
843,843,0,accepted,none,0.000000,1,6.080000,1.718604,2.000000,10.000000,7.000000,3.469870,49.000000,0.000000,50,0,66.379799
842,842,0,accepted,none,0.000000,1,5.960000,2.584260,1.000000,11.000000,8.200000,3.888444,49.000000,0.000000,50,0,63.143793
851,851,0,rejected,assert_connectivity,60.000000,1,7.400000,4.132796,0.000000,14.000000,10.640000,5.948983,39.680000,12.960617,0,0,67.952394
852,852,0,rejected,too_close,60.000000,1,6.000000,1.907878,1.000000,11.000000,7.680000,2.501520,49.000000,0.000000,50,1,63.373639
853,853,0,rejected,too_close,60.000000,1,6.360000,3.520000,1.000000,14.000000,8.400000,4.820788,49.000000,0.000000,50,0,59.618162
854,854,0,rejected,assert_connectivity,60.000000,1,6.920000,3.315660,1.000000,13.000000,9.600000,5.095096,31.840000,11.598896,0,0,62.056425
841,841,0,accepted,none,0.000000,1,6.040000,3.162025,2.000000,13.000000,5.720000,2.638484,49.000000,0.000000,50,0,70.758831
855,855,0,rejected,assert_connectivity,60.000000,1,6.640000,3.468487,1.000000,13.000000,7.440000,3.945428,45.160000,9.014122,0,0,54.194559
856,856,0,rejected,assert_connectivity,60.000000,1,6.600000,3.117691,1.000000,12.000000,8.640000,4.637931,45.160000,9.014122,0,1,60.116205
848,848,0,accepted,none,0.000000,1,5.520000,2.256014,2.000000,11.000000,6.680000,2.901310,49.000000,0.000000,50,0,66.030721
847,847,0,accepted,none,0.000000,1,6.000000,2.116601,2.000000,11.000000,8.320000,3.797051,49.000000,0.000000,50,0,67.197600
859,859,0,rejected,assert_connectivity,60.000000,1,7.640000,2.666533,1.000000,11.000000,9.600000,4.525483,45.160000,9.014122,0,0,59.918762
860,860,0,rejected,assert_connectivity,60.000000,1,7.880000,4.038019,1.000000,15.000000,9.240000,4.810655,43.360000,10.449421,0,0,64.882912
862,862,0,rejected,assert_connectivity,60.000000,1,6.880000,3.350463,0.000000,14.000000,7.280000,3.842083,45.120000,9.210081,0,0,67.625914
849,849,0,accepted,none,0.000000,1,6.000000,3.364521,1.000000,13.000000,6.480000,3.732238,49.000000,0.000000,50,0,69.028390
864,864,0,rejected,assert_connectivity,60.000000,1,5.880000,2.354910,0.000000,11.000000,7.240000,3.159494,47.040000,6.720000,0,0,67.152423
857,857,0,accepted,none,0.000000,1,6.040000,2.449163,1.000000,11.000000,7.600000,3.815757,49.000000,0.000000,50,0,59.574256
858,858,0,accepted,none,0.000000,1,7.120000,2.916436,1.000000,13.000000,9.200000,3.352611,49.000000,0.000000,50,0,69.104523
868,868,0,rejected,assert_connectivity,60.000000,1,5.920000,2.261327,1.000000,10.000000,5.840000,2.795425,45.160000,9.014122,0,0,63.051486
861,861,0,accepted,none,0.000000,1,6.080000,1.927070,2.000000,10.000000,7.640000,3.631859,49.000000,0.000000,50,0,63.856019
863,863,0,accepted,none,0.000000,1,5.600000,2.019901,2.000000,12.000000,7.120000,2.717646,49.000000,0.000000,50,0,67.544224
871,871,0,rejected,assert_connectivity,60.000000,1,6.560000,2.299217,0.000000,11.000000,7.880000,3.344488,47.040000,6.720000,0,0,68.799398
865,865,0,accepted,none,0.000000,1,5.560000,1.888491,2.000000,9.000000,7.720000,3.137132,49.000000,0.000000,50,0,68.393678
867,867,0,accepted,none,0.000000,1,5.840000,1.747684,2.000000,10.000000,5.960000,2.668033,49.000000,0.000000,50,0,74.756882
873,873,0,rejected,assert_connectivity,60.000000,1,6.760000,2.687452,0.000000,12.000000,6.320000,4.645170,35.040000,13.683508,0,0,57.294254
874,874,0,rejected,assert_connectivity,60.000000,1,5.040000,2.019505,1.000000,10.000000,5.560000,3.060457,41.640000,11.394314,0,0,65.199389
866,866,0,accepted,none,0.000000,1,5.040000,1.938659,1.000000,10.000000,6.520000,3.287796,49.000000,0.000000,50,0,72.235941
876,876,0,rejected,assert_connectivity,60.000000,1,7.120000,2.997599,0.000000,12.000000,7.800000,3.805260,43.280000,10.766689,0,1,58.806154
877,877,0,rejected,assert_connectivity,60.000000,1,6.760000,3.749987,1.000000,15.000000,8.200000,5.310367,33.520000,13.843757,0,0,67.394723
878,878,0,rejected,assert_connectivity,60.000000,1,6.080000,2.560000,1.000000,11.000000,8.800000,4.413615,45.160000,9.014122,0,0,71.635571
879,879,0,rejected,too_close,60.000000,1,5.960000,2.162961,2.000000,10.000000,8.680000,3.962020,49.000000,0.000000,50,0,65.586954
882,882,0,rejected,assert_connectivity,60.000000,1,5.160000,2.166656,0.000000,9.000000,6.240000,4.393450,38.240000,12.900481,0,0,76.171204
870,870,0,accepted,none,0.000000,1,6.240000,2.478387,1.000000,12.000000,8.160000,4.365135,49.000000,0.000000,50,0,68.176123
869,869,0,accepted,none,0.000000,1,6.640000,3.103289,2.000000,12.000000,8.000000,3.687818,49.000000,0.000000,50,0,58.262641
885,885,0,rejected,assert_connectivity,60.000000,1,6.080000,2.883331,1.000000,12.000000,4.800000,3.255764,40.000000,12.000000,0,0,56.014002
872,872,0,accepted,none,0.000000,1,6.320000,3.390811,1.000000,14.000000,8.240000,4.101512,49.000000,0.000000,50,0,62.317797
886,886,0,rejected,assert_connectivity,60.000000,1,5.480000,2.220270,1.000000,10.000000,6.200000,2.986637,35.560000,12.464606,0,0,70.401261
875,875,0,accepted,none,0.000000,1,5.440000,1.801777,2.000000,9.000000,4.680000,2.587972,49.000000,0.000000,50,0,68.289477
880,880,0,accepted,none,0.000000,1,6.320000,2.656614,1.000000,11.000000,7.960000,3.475399,49.000000,0.000000,50,0,64.325562
889,889,0,rejected,assert_connectivity,60.000000,1,6.880000,4.292505,1.000000,16.000000,9.480000,5.322556,41.480000,11.936901,0,0,61.810298
881,881,0,accepted,none,0.000000,1,6.480000,3.318072,1.000000,13.000000,8.640000,4.559649,49.000000,0.000000,50,0,66.668683
890,890,0,rejected,assert_connectivity,60.000000,1,6.000000,2.481935,0.000000,11.000000,6.680000,2.656614,47.040000,6.720000,0,0,56.935613
893,893,0,rejected,assert_connectivity,60.000000,1,6.080000,3.279268,0.000000,13.000000,7.720000,4.463362,45.120000,9.210081,0,0,69.736539
883,883,0,accepted,none,0.000000,1,6.160000,2.587354,2.000000,11.000000,8.600000,3.649658,49.000000,0.000000,50,0,58.554208
892,892,0,rejected,assert_connectivity,60.000000,1,7.120000,3.524996,1.000000,16.000000,10.680000,5.368203,43.360000,10.449421,0,0,67.682031
884,884,0,accepted,none,0.000000,1,5.680000,1.859462,2.000000,10.000000,7.000000,2.720294,49.000000,0.000000,50,0,62.744965
896,896,0,rejected,assert_connectivity,60.000000,1,6.240000,2.680000,1.000000,12.000000,6.040000,3.924080,28.840000,9.877976,0,0,65.046012
895,895,0,rejected,assert_connectivity,60.000000,1,7.600000,2.778489,1.000000,15.000000,7.600000,3.261901,31.840000,11.598896,0,0,48.832023
897,897,0,rejected,assert_connectivity,60.000000,1,5.760000,2.267686,0.000000,10.000000,7.240000,3.591991,47.040000,6.720000,0,1,67.017903
898,898,0,rejected,assert_connectivity,60.000000,1,7.440000,3.661475,1.000000,14.000000,9.040000,4.436034,45.160000,9.014122,0,0,50.957643
899,899,0,rejected,assert_connectivity,60.000000,1,6.000000,2.870540,0.000000,12.000000,5.880000,3.326500,47.040000,6.720000,0,0,72.067563
900,900,0,rejected,assert_connectivity,60.000000,1,6.880000,4.023133,1.000000,14.000000,5.000000,2.932576,36.960000,12.491533,0,0,59.064011
901,901,0,rejected,assert_connectivity,60.000000,1,5.760000,2.429486,1.000000,11.000000,7.680000,4.606257,38.120000,13.219138,0,0,65.380376
902,902,0,rejected,too_close,60.000000,1,6.400000,2.537716,3.000000,12.000000,8.680000,3.977135,49.000000,0.000000,50,0,66.930166
887,887,0,accepted,none,0.000000,1,7.120000,2.923286,2.000000,12.000000,8.680000,3.252322,49.000000,0.000000,50,0,61.242167
888,888,0,accepted,none,0.000000,1,6.160000,2.640909,1.000000,11.000000,7.800000,3.872983,49.000000,0.000000,50,0,67.347812
903,903,0,rejected,too_close,60.000000,1,6.240000,3.043419,1.000000,13.000000,7.760000,4.197904,49.000000,0.000000,50,0,65.648397
904,904,0,rejected,too_close,60.000000,1,7.000000,2.932576,1.000000,13.000000,8.400000,3.752333,49.000000,0.000000,50,1,60.961753
905,905,0,rejected,assert_connectivity,60.000000,1,5.080000,1.787065,0.000000,9.000000,5.720000,2.416940,47.040000,6.720000,0,0,69.152511
906,906,0,rejected,assert_connectivity,60.000000,1,5.680000,2.626328,1.000000,11.000000,7.600000,4.521062,41.640000,11.394314,0,0,70.173369
907,907,0,rejected,assert_connectivity,60.000000,1,5.440000,2.118112,1.000000,9.000000,6.480000,3.517044,43.360000,10.449421,0,0,60.188625
908,908,0,rejected,assert_connectivity,60.000000,1,6.560000,3.533610,0.000000,13.000000,7.800000,4.252058,47.040000,6.720000,0,0,62.493866
910,910,0,rejected,assert_connectivity,60.000000,1,5.680000,3.081818,0.000000,13.000000,4.960000,3.486890,47.040000,6.720000,0,0,54.811413
909,909,0,rejected,assert_connectivity,60.000000,1,6.320000,3.075321,1.000000,13.000000,7.760000,4.320000,45.160000,9.014122,0,0,68.447006
911,911,0,rejected,assert_connectivity,60.000000,1,5.840000,2.194174,1.000000,10.000000,6.600000,3.762978,45.160000,9.014122,0,0,62.415702
912,912,0,rejected,assert_connectivity,60.000000,1,6.280000,2.584879,0.000000,12.000000,8.200000,4.345112,47.040000,6.720000,0,0,57.261798
915,915,0,rejected,assert_connectivity,60.000000,1,5.600000,2.645751,1.000000,11.000000,4.600000,2.771281,24.160000,1.993590,0,0,65.803128
914,914,0,rejected,assert_connectivity,60.000000,1,5.920000,2.951881,0.000000,13.000000,6.680000,2.723527,45.120000,9.210081,0,1,68.360613
891,891,0,accepted,none,0.000000,1,6.400000,4.069398,1.000000,15.000000,7.080000,4.344376,49.000000,0.000000,50,0,68.454177
917,917,0,rejected,too_close,60.000000,1,5.400000,2.218107,2.000000,11.000000,7.320000,2.831537,49.000000,0.000000,50,0,72.139019
894,894,0,accepted,none,0.000000,1,6.040000,2.288755,2.000000,11.000000,7.400000,3.682391,49.000000,0.000000,50,0,65.086087
920,920,0,rejected,assert_connectivity,60.000000,1,5.200000,2.383275,1.000000,10.000000,5.000000,2.473863,33.000000,12.000000,0,1,72.447766
918,918,0,rejected,too_close,60.000000,1,5.920000,1.597999,3.000000,8.000000,8.440000,3.430219,49.000000,0.000000,50,0,64.425352
919,919,0,rejected,assert_connectivity,60.000000,1,6.320000,3.580168,1.000000,14.000000,6.920000,3.918367,33.000000,12.000000,0,0,60.666692
923,923,0,rejected,assert_connectivity,60.000000,1,6.200000,3.243455,0.000000,13.000000,7.320000,4.027108,47.040000,6.720000,0,0,64.460439
925,925,0,rejected,too_close,60.000000,1,6.040000,2.162961,1.000000,12.000000,7.080000,2.682089,49.000000,0.000000,50,1,58.627671
927,927,0,rejected,assert_connectivity,60.000000,1,5.800000,2.200000,2.000000,11.000000,6.640000,3.892351,41.640000,11.394314,0,0,67.697579
928,928,0,rejected,assert_connectivity,60.000000,1,5.960000,2.505674,1.000000,10.000000,7.280000,3.736522,43.360000,10.449421,0,0,56.109497
913,913,0,accepted,none,0.000000,1,5.600000,2.374868,1.000000,10.000000,6.280000,2.849842,49.000000,0.000000,50,0,70.047420
929,929,0,rejected,assert_connectivity,60.000000,1,5.640000,2.826730,1.000000,10.000000,7.400000,3.862642,45.160000,9.014122,0,0,69.308141
930,930,0,rejected,assert_connectivity,60.000000,1,6.160000,3.048672,0.000000,13.000000,7.240000,3.541525,25.920000,8.717431,0,0,66.290972
916,916,0,accepted,none,0.000000,1,5.920000,2.504716,2.000000,11.000000,6.360000,3.339221,49.000000,0.000000,50,0,61.745394
921,921,0,accepted,none,0.000000,1,5.480000,2.002399,1.000000,10.000000,5.880000,2.936937,49.000000,0.000000,50,0,66.343480
932,932,0,rejected,assert_connectivity,60.000000,1,6.200000,2.366432,0.000000,11.000000,6.640000,3.559551,47.040000,6.720000,0,0,62.231353
933,933,0,rejected,assert_connectivity,60.000000,1,5.400000,1.843909,2.000000,9.000000,4.800000,2.771281,23.680000,11.595585,0,1,58.445603
922,922,0,accepted,none,0.000000,1,4.680000,1.793767,1.000000,8.000000,5.960000,2.806849,49.000000,0.000000,50,0,67.966750
935,935,0,rejected,too_close,60.000000,1,6.280000,2.898551,1.000000,14.000000,7.520000,4.276634,49.000000,0.000000,50,0,64.091748
924,924,0,accepted,none,0.000000,1,5.680000,2.101809,1.000000,10.000000,6.560000,2.706732,49.000000,0.000000,50,0,67.455168
926,926,0,accepted,none,0.000000,1,5.600000,1.822087,1.000000,9.000000,6.600000,3.370460,49.000000,0.000000,50,0,69.693423
938,938,0,rejected,assert_connectivity,60.000000,1,5.720000,2.646054,0.000000,12.000000,5.680000,2.395329,45.120000,9.210081,0,0,68.000224
940,940,0,rejected,too_close,60.000000,1,5.800000,2.645751,2.000000,12.000000,7.200000,3.903844,49.000000,0.000000,50,0,64.192999
941,941,0,rejected,assert_connectivity,60.000000,1,6.240000,2.895237,1.000000,11.000000,7.200000,4.595650,38.440000,12.348538,0,0,64.332364
942,942,0,rejected,assert_connectivity,60.000000,1,6.440000,1.991582,0.000000,10.000000,7.040000,3.949481,47.040000,6.720000,0,0,60.458258
944,944,0,rejected,assert_connectivity,60.000000,1,6.320000,2.477418,2.000000,12.000000,8.280000,4.770912,38.440000,12.348538,0,0,59.725388
931,931,0,accepted,none,0.000000,1,6.240000,2.534245,1.000000,12.000000,8.040000,3.199750,49.000000,0.000000,50,0,73.012636
945,945,0,rejected,assert_connectivity,60.000000,1,6.440000,3.774440,1.000000,15.000000,7.160000,5.441911,31.720000,14.564395,0,0,69.290750
934,934,0,accepted,none,0.000000,1,5.800000,1.949359,1.000000,9.000000,6.440000,3.465025,49.000000,0.000000,50,0,62.101146
936,936,0,accepted,none,0.000000,1,6.080000,2.560000,2.000000,12.000000,6.360000,3.204746,49.000000,0.000000,50,0,53.488679
937,937,0,accepted,none,0.000000,1,6.320000,2.908195,1.000000,14.000000,8.640000,4.184543,49.000000,0.000000,50,0,67.762902
939,939,0,accepted,none,0.000000,1,6.200000,2.163331,3.000000,11.000000,7.280000,2.366770,49.000000,0.000000,50,0,67.216418
950,950,0,rejected,too_close,60.000000,1,5.680000,2.693993,2.000000,12.000000,6.120000,2.783092,49.000000,0.000000,50,0,73.984500
951,951,0,rejected,assert_connectivity,60.000000,1,5.920000,2.741095,0.000000,12.000000,7.120000,4.018159,47.040000,6.720000,0,0,65.368720
953,953,0,rejected,assert_connectivity,60.000000,1,5.520000,2.334438,0.000000,10.000000,7.240000,4.096633,47.040000,6.720000,0,0,71.490348
943,943,0,accepted,none,0.000000,1,5.600000,2.481935,1.000000,10.000000,6.400000,3.720215,49.000000,0.000000,50,0,68.370634
948,948,0,accepted,none,0.000000,1,5.800000,2.181742,2.000000,11.000000,7.200000,3.136877,49.000000,0.000000,50,0,68.668122
946,946,0,accepted,none,0.000000,1,6.680000,3.196498,1.000000,14.000000,8.080000,4.265396,49.000000,0.000000,50,0,66.738811
947,947,0,accepted,none,0.000000,1,6.600000,2.973214,1.000000,12.000000,8.360000,3.345206,49.000000,0.000000,50,0,65.306900
957,957,0,rejected,assert_connectivity,60.000000,1,5.680000,2.580233,1.000000,12.000000,5.640000,3.439535,35.560000,12.464606,0,0,63.682781
949,949,0,accepted,none,0.000000,1,6.080000,2.536454,2.000000,10.000000,7.120000,2.768682,49.000000,0.000000,50,0,64.094710
956,956,0,rejected,too_close,60.000000,1,6.520000,3.041316,2.000000,14.000000,9.080000,4.590599,49.000000,0.000000,50,0,52.208755
958,958,0,rejected,assert_connectivity,60.000000,1,6.400000,3.130495,1.000000,12.000000,7.920000,5.043174,36.320000,14.078977,0,1,68.433894
961,961,0,rejected,assert_connectivity,60.000000,1,5.680000,1.994392,0.000000,9.000000,7.520000,3.067507,47.040000,6.720000,0,0,68.367340
962,962,0,rejected,assert_connectivity,60.000000,1,6.280000,2.254240,1.000000,10.000000,9.880000,4.461569,45.160000,9.014122,0,0,68.005322
963,963,0,rejected,too_close,60.000000,1,6.120000,2.346402,1.000000,10.000000,6.080000,3.025492,49.000000,0.000000,50,0,55.395830
964,964,0,rejected,assert_connectivity,60.000000,1,5.200000,1.979899,0.000000,10.000000,5.120000,2.804568,43.240000,10.924395,0,0,65.069238
952,952,0,accepted,none,0.000000,1,6.480000,3.442325,1.000000,13.000000,7.120000,3.947860,49.000000,0.000000,50,0,57.876356
954,954,0,accepted,none,0.000000,1,5.600000,1.777639,1.000000,9.000000,6.680000,3.568977,49.000000,0.000000,50,0,62.526199
965,965,0,rejected,assert_connectivity,60.000000,1,5.920000,2.644542,0.000000,11.000000,6.080000,3.167586,36.720000,13.102733,0,0,64.501469
966,966,0,rejected,assert_connectivity,60.000000,1,6.000000,3.231099,0.000000,13.000000,6.400000,3.605551,45.120000,9.210081,0,0,64.103446
967,967,0,rejected,assert_connectivity,60.000000,1,5.000000,2.059126,0.000000,10.000000,5.120000,3.344488,31.920000,14.182863,0,0,70.311586
968,968,0,rejected,assert_connectivity,60.000000,1,6.600000,3.800000,1.000000,15.000000,7.360000,4.828085,41.480000,11.936901,0,0,67.002339
955,955,0,accepted,none,0.000000,1,5.960000,2.416278,1.000000,11.000000,8.160000,3.874842,49.000000,0.000000,50,0,70.619529
971,971,0,rejected,assert_connectivity,60.000000,1,6.400000,2.683282,1.000000,12.000000,6.240000,4.434230,41.640000,11.394314,0,0,64.375469
972,972,0,rejected,assert_connectivity,60.000000,1,5.840000,1.932460,1.000000,10.000000,6.320000,2.852648,45.160000,9.014122,0,1,65.516075
973,973,0,rejected,too_close,60.000000,1,6.040000,2.993059,2.000000,12.000000,9.040000,4.694507,49.000000,0.000000,50,0,70.225712
974,974,0,rejected,assert_connectivity,60.000000,1,7.480000,4.464258,1.000000,17.000000,10.000000,5.226854,41.640000,11.394314,0,1,65.656005
975,975,0,rejected,assert_connectivity,60.000000,1,6.720000,2.891643,2.000000,12.000000,8.800000,5.063596,40.000000,12.000000,0,0,62.789837
959,959,0,accepted,none,0.000000,1,5.600000,2.315167,1.000000,11.000000,7.040000,3.638461,49.000000,0.000000,50,0,69.980682
960,960,0,accepted,none,0.000000,1,5.800000,2.280351,2.000000,11.000000,8.040000,3.720000,49.000000,0.000000,50,0,71.088940
979,979,0,rejected,assert_connectivity,60.000000,1,5.120000,2.094182,2.000000,11.000000,4.760000,2.396331,28.000000,9.165151,0,0,60.766191
981,981,0,rejected,assert_connectivity,60.000000,1,5.440000,2.325167,1.000000,11.000000,5.600000,2.561250,24.360000,2.978322,0,0,68.709110
980,980,0,rejected,assert_connectivity,60.000000,1,6.960000,3.230851,1.000000,13.000000,9.600000,5.192302,43.360000,10.449421,0,0,58.805901
969,969,0,accepted,none,0.000000,1,6.760000,3.338023,2.000000,14.000000,8.240000,4.178804,49.000000,0.000000,50,0,62.725881
970,970,0,accepted,none,0.000000,1,5.720000,2.263095,2.000000,11.000000,9.080000,4.029094,49.000000,0.000000,50,0,74.617606
977,977,0,accepted,none,0.000000,1,5.040000,2.244638,1.000000,10.000000,5.520000,3.047885,49.000000,0.000000,50,0,60.827143
985,985,0,rejected,assert_connectivity,60.000000,1,5.520000,1.951820,2.000000,11.000000,6.400000,3.605551,43.360000,10.449421,0,0,61.813836
984,984,0,rejected,assert_connectivity,60.000000,1,7.240000,3.361904,1.000000,13.000000,10.000000,5.325411,41.640000,11.394314,0,0,65.048332
988,988,0,rejected,assert_connectivity,60.000000,1,5.800000,2.000000,1.000000,10.000000,6.600000,3.616628,45.160000,9.014122,0,0,62.169556
976,976,0,accepted,none,0.000000,1,6.160000,2.648471,1.000000,11.000000,7.160000,3.378520,49.000000,0.000000,50,0,66.325103
978,978,0,accepted,none,0.000000,1,6.440000,2.801143,1.000000,13.000000,10.400000,4.529901,49.000000,0.000000,50,0,71.500781
989,989,0,rejected,assert_connectivity,60.000000,1,6.280000,2.506312,0.000000,11.000000,8.480000,3.465487,47.040000,6.720000,0,0,71.596697
990,990,0,rejected,too_close,60.000000,1,6.120000,2.936937,1.000000,13.000000,7.320000,3.911215,49.000000,0.000000,50,1,57.754724
991,991,0,rejected,too_close,60.000000,1,6.360000,2.397999,1.000000,11.000000,8.880000,3.536326,49.000000,0.000000,50,0,64.618748
982,982,0,accepted,none,0.000000,1,6.080000,2.161851,2.000000,10.000000,6.440000,2.624195,49.000000,0.000000,50,0,64.765494
983,983,0,accepted,none,0.000000,1,5.160000,1.911649,1.000000,10.000000,5.920000,2.480645,49.000000,0.000000,50,0,62.807814
993,993,0,rejected,assert_connectivity,60.000000,1,6.720000,2.749836,1.000000,11.000000,8.840000,4.644825,34.240000,12.293999,0,0,61.484710
994,994,0,rejected,assert_connectivity,60.000000,1,5.280000,2.088444,1.000000,9.000000,7.400000,3.268027,45.160000,9.014122,0,0,73.277694
995,995,0,rejected,assert_connectivity,60.000000,1,5.560000,2.499280,1.000000,11.000000,6.240000,3.222173,45.160000,9.014122,0,0,66.702372
996,996,0,rejected,too_close,60.000000,1,6.360000,2.287007,3.000000,12.000000,6.240000,3.076101,49.000000,0.000000,50,1,62.399832
999,999,0,rejected,assert_connectivity,60.000000,1,7.600000,3.405877,1.000000,14.000000,9.040000,4.103462,43.360000,10.449421,0,0,60.698867
1000,1000,0,rejected,assert_connectivity,60.000000,1,5.600000,2.465766,1.000000,10.000000,7.280000,4.608861,41.640000,11.394314,0,0,69.353838
1001,1001,0,rejected,assert_connectivity,60.000000,1,6.200000,2.856571,1.000000,12.000000,7.640000,4.655148,38.440000,12.348538,0,0,61.662032
1002,1002,0,rejected,assert_connectivity,60.000000,1,4.400000,1.456022,2.000000,8.000000,4.320000,2.444913,34.240000,12.293999,0,0,61.149560
1003,1003,0,rejected,assert_connectivity,60.000000,1,5.840000,2.886936,0.000000,13.000000,6.480000,3.628994,47.040000,6.720000,0,0,69.766185
1004,1004,0,rejected,assert_connectivity,60.000000,1,6.000000,2.433105,1.000000,11.000000,6.560000,3.623037,41.640000,11.394314,0,0,67.934319
986,986,0,accepted,none,0.000000,1,5.720000,2.191255,1.000000,10.000000,8.280000,3.423682,49.000000,0.000000,50,0,74.227266
987,987,0,accepted,none,0.000000,1,5.760000,2.035289,2.000000,12.000000,7.640000,2.944554,49.000000,0.000000,50,0,61.912526
1007,1007,0,rejected,assert_connectivity,60.000000,1,5.080000,1.916664,2.000000,9.000000,6.040000,3.261656,43.360000,10.449421,0,0,65.161922
1008,1008,0,rejected,too_close,60.000000,1,7.320000,3.289012,1.000000,13.000000,8.640000,4.987023,49.000000,0.000000,50,1,63.586117
1010,1010,0,rejected,too_close,60.000000,1,5.360000,1.884251,2.000000,9.000000,6.560000,2.728809,49.000000,0.000000,50,1,72.046881
992,992,0,accepted,none,0.000000,1,6.560000,3.188479,1.000000,13.000000,7.080000,3.416665,49.000000,0.000000,50,0,68.406185
997,997,0,accepted,none,0.000000,1,5.440000,1.930389,1.000000,8.000000,5.920000,3.148587,49.000000,0.000000,50,0,62.196762
998,998,0,accepted,none,0.000000,1,5.600000,2.135416,2.000000,9.000000,5.680000,2.838591,49.000000,0.000000,50,0,65.230090
1011,1011,0,rejected,assert_connectivity,60.000000,1,5.520000,1.824719,2.000000,9.000000,6.560000,3.470792,38.440000,12.348538,0,0,60.143339
1012,1012,0,rejected,assert_connectivity,60.000000,1,6.800000,2.939388,1.000000,13.000000,8.280000,4.303673,28.000000,9.165151,0,0,64.401582
1013,1013,0,rejected,assert_connectivity,60.000000,1,5.840000,2.989047,1.000000,12.000000,8.200000,4.132796,45.160000,9.014122,0,0,70.361747
1016,1016,0,rejected,too_close,60.000000,1,6.200000,2.126029,2.000000,11.000000,7.960000,3.794522,49.000000,0.000000,50,0,66.503487
1017,1017,0,rejected,assert_connectivity,60.000000,1,6.080000,2.456339,0.000000,11.000000,9.160000,4.244337,47.040000,6.720000,0,0,68.624175
1018,1018,0,rejected,assert_connectivity,60.000000,1,6.240000,2.437704,0.000000,12.000000,8.880000,3.927544,47.040000,6.720000,0,1,72.930937
1019,1019,0,rejected,too_close,60.000000,1,5.840000,1.993590,2.000000,11.000000,7.440000,3.060457,49.000000,0.000000,50,0,57.520391
1005,1005,0,accepted,none,0.000000,1,6.080000,1.927070,2.000000,11.000000,6.080000,2.652094,49.000000,0.000000,50,0,61.081587
1006,1006,0,accepted,none,0.000000,1,5.280000,1.865905,1.000000,9.000000,8.440000,3.656009,49.000000,0.000000,50,0,79.419113
1020,1020,0,rejected,assert_connectivity,60.000000,1,7.160000,2.516823,0.000000,12.000000,7.360000,3.866575,47.040000,6.720000,0,0,56.527771
1021,1021,0,rejected,assert_connectivity,60.000000,1,6.280000,2.498319,0.000000,12.000000,8.240000,3.849987,47.040000,6.720000,0,0,65.004245
1023,1023,0,rejected,assert_connectivity,60.000000,1,5.520000,2.988244,0.000000,14.000000,6.040000,4.489811,27.400000,14.520331,0,0,69.336094
1025,1025,0,rejected,assert_connectivity,60.000000,1,5.640000,1.946895,1.000000,10.000000,5.480000,3.465487,35.560000,12.464606,0,0,69.249054
1024,1024,0,rejected,assert_connectivity,60.000000,1,6.560000,3.533610,1.000000,14.000000,8.000000,4.604346,45.160000,9.014122,0,0,61.126809
1026,1026,0,rejected,too_close,60.000000,1,6.600000,2.683282,1.000000,11.000000,7.160000,3.360714,49.000000,0.000000,50,0,62.490135
1009,1009,0,accepted,none,0.000000,1,6.920000,2.636968,1.000000,12.000000,8.840000,2.859091,49.000000,0.000000,50,0,64.837654
1029,1029,0,rejected,assert_connectivity,60.000000,1,5.720000,1.970178,1.000000,9.000000,6.080000,3.565614,41.640000,11.394314,0,0,58.671228
1015,1015,0,accepted,none,0.000000,1,5.320000,2.111303,2.000000,11.000000,7.920000,3.434181,49.000000,0.000000,50,0,71.752164
1030,1030,0,rejected,too_close,60.000000,1,7.160000,2.995730,2.000000,15.000000,8.760000,3.658196,49.000000,0.000000,50,1,61.293355
1014,1014,0,accepted,none,0.000000,1,6.960000,2.870261,2.000000,13.000000,8.560000,4.138405,49.000000,0.000000,50,0,57.432265
1032,1032,0,rejected,assert_connectivity,60.000000,1,6.840000,3.722150,0.000000,15.000000,7.600000,4.795832,31.920000,14.182863,0,0,64.410518
1033,1033,0,rejected,too_close,60.000000,1,6.240000,2.746343,1.000000,11.000000,9.200000,3.458323,49.000000,0.000000,50,1,71.977061
1035,1035,0,rejected,assert_connectivity,60.000000,1,6.360000,3.204746,0.000000,14.000000,8.160000,4.433328,47.040000,6.720000,0,0,67.909165
1036,1036,0,rejected,too_close,60.000000,1,6.920000,3.005595,2.000000,12.000000,6.120000,2.923286,49.000000,0.000000,50,0,55.114806
1037,1037,0,rejected,assert_connectivity,60.000000,1,5.360000,2.740511,1.000000,12.000000,6.640000,4.873438,33.280000,14.356936,0,0,65.455000
1038,1038,0,rejected,assert_connectivity,60.000000,1,5.960000,2.226747,2.000000,10.000000,8.320000,3.523862,43.360000,10.449421,0,0,64.760036
1022,1022,0,accepted,none,0.000000,1,5.000000,2.039608,1.000000,10.000000,5.960000,2.382939,49.000000,0.000000,50,0,68.348330
1039,1039,0,rejected,too_close,60.000000,1,7.200000,2.653300,2.000000,12.000000,8.600000,3.908964,49.000000,0.000000,50,0,59.550574
1040,1040,0,rejected,assert_connectivity,60.000000,1,5.840000,2.587354,0.000000,11.000000,6.760000,3.855178,45.120000,9.210081,0,0,65.715270
1041,1041,0,rejected,assert_connectivity,60.000000,1,6.480000,3.505653,1.000000,13.000000,7.120000,3.983165,41.640000,11.394314,0,0,69.364453
1027,1027,0,accepted,none,0.000000,1,6.400000,3.098387,1.000000,15.000000,8.040000,4.113198,49.000000,0.000000,50,0,60.944987
1028,1028,0,accepted,none,0.000000,1,6.160000,2.516823,1.000000,12.000000,8.080000,3.571218,49.000000,0.000000,50,0,72.319067
1044,1044,0,rejected,too_close,60.000000,1,6.680000,3.094770,2.000000,15.000000,10.440000,4.716609,49.000000,0.000000,50,0,58.724382
1046,1046,0,rejected,too_close,60.000000,1,5.480000,2.080769,1.000000,9.000000,7.760000,3.397411,49.000000,0.000000,50,0,72.009070
1031,1031,0,accepted,none,0.000000,1,6.560000,2.538976,2.000000,12.000000,6.880000,2.396998,49.000000,0.000000,50,0,60.302738
1047,1047,0,rejected,assert_connectivity,60.000000,1,6.560000,3.156961,2.000000,14.000000,7.640000,4.655148,43.360000,10.449421,0,0,57.578282
1048,1048,0,rejected,assert_connectivity,60.000000,1,6.400000,3.532704,0.000000,14.000000,9.480000,4.928448,47.040000,6.720000,0,0,81.345453
1050,1050,0,rejected,assert_connectivity,60.000000,1,6.280000,2.522221,2.000000,12.000000,6.880000,3.547619,41.640000,11.394314,0,0,56.911502
1034,1034,0,accepted,none,0.000000,1,6.720000,2.842816,1.000000,12.000000,8.240000,2.915888,49.000000,0.000000,50,0,67.409520
1051,1051,0,rejected,assert_connectivity,60.000000,1,6.080000,2.528557,1.000000,11.000000,6.800000,3.400000,25.440000,5.824637,0,0,65.177100
1052,1052,0,rejected,assert_connectivity,60.000000,1,6.480000,2.893026,0.000000,13.000000,5.120000,3.485054,29.360000,13.656881,0,0,62.512424
1053,1053,0,rejected,assert_connectivity,60.000000,1,5.680000,2.318965,0.000000,10.000000,6.440000,2.779640,47.040000,6.720000,0,0,67.905711
1042,1042,0,accepted,none,0.000000,1,5.000000,1.708801,1.000000,9.000000,5.720000,2.771570,49.000000,0.000000,50,0,60.314672
1043,1043,0,accepted,none,0.000000,1,5.920000,1.937421,1.000000,10.000000,6.720000,3.256010,49.000000,0.000000,50,0,56.140036
1057,1057,0,rejected,assert_connectivity,60.000000,1,5.600000,2.529822,1.000000,10.000000,7.400000,4.233202,33.000000,12.000000,0,0,64.480292
1045,1045,0,accepted,none,0.000000,1,6.200000,2.698148,1.000000,11.000000,7.080000,3.071417,49.000000,0.000000,50,0,67.868763
1059,1059,0,rejected,assert_connectivity,60.000000,1,7.960000,4.902897,1.000000,18.000000,8.920000,4.515927,45.160000,9.014122,0,0,73.682126
1049,1049,0,accepted,none,0.000000,1,5.320000,2.167395,1.000000,11.000000,6.240000,3.608656,49.000000,0.000000,50,0,69.526187
1061,1061,0,rejected,assert_connectivity,60.000000,1,5.840000,2.656012,1.000000,11.000000,8.200000,4.669047,43.360000,10.449421,0,0,59.592995
1054,1054,0,accepted,none,0.000000,1,5.200000,1.865476,3.000000,10.000000,5.080000,2.667133,49.000000,0.000000,50,0,62.524549
1062,1062,0,rejected,assert_connectivity,60.000000,1,5.520000,2.247132,1.000000,11.000000,5.720000,3.376626,40.000000,12.000000,0,0,60.182814
1065,1065,0,rejected,assert_connectivity,60.000000,1,5.480000,2.229260,1.000000,11.000000,6.160000,3.961616,38.440000,12.348538,0,1,60.005898
1064,1064,0,rejected,assert_connectivity,60.000000,1,5.920000,3.173894,1.000000,13.000000,7.120000,3.102515,45.160000,9.014122,0,0,69.161680
1056,1056,0,accepted,none,0.000000,1,6.400000,2.749545,1.000000,14.000000,6.080000,2.820213,49.000000,0.000000,50,0,58.626860
1055,1055,0,accepted,none,0.000000,1,6.080000,2.636968,1.000000,11.000000,8.360000,3.798737,49.000000,0.000000,50,0,67.870959
1066,1066,0,rejected,too_close,60.000000,1,6.280000,2.742554,1.000000,11.000000,7.960000,3.515452,49.000000,0.000000,50,0,66.397498
1067,1067,0,rejected,assert_connectivity,60.000000,1,6.720000,2.863844,0.000000,11.000000,8.320000,4.420136,47.040000,6.720000,0,0,73.723595
1069,1069,0,rejected,assert_connectivity,60.000000,1,5.520000,2.137662,0.000000,10.000000,6.080000,3.375441,47.040000,6.720000,0,0,63.135768
1070,1070,0,rejected,too_close,60.000000,1,6.040000,2.660526,1.000000,12.000000,8.440000,4.486246,49.000000,0.000000,50,1,71.608810
1071,1071,0,rejected,assert_connectivity,60.000000,1,7.920000,3.587980,0.000000,16.000000,8.720000,3.985173,47.040000,6.720000,0,0,57.363139
1073,1073,0,rejected,assert_connectivity,60.000000,1,7.040000,3.261656,0.000000,13.000000,9.600000,4.312772,47.040000,6.720000,0,1,68.257748
1058,1058,0,accepted,none,0.000000,1,6.160000,2.274731,2.000000,10.000000,8.240000,3.271452,49.000000,0.000000,50,0,72.995537
1060,1060,0,accepted,none,0.000000,1,6.560000,2.954048,1.000000,11.000000,7.960000,4.413434,49.000000,0.000000,50,0,70.260458
1076,1076,0,rejected,assert_connectivity,60.000000,1,6.240000,2.753616,0.000000,12.000000,8.800000,4.289522,47.040000,6.720000,0,0,67.653530
1077,1077,0,rejected,assert_connectivity,60.000000,1,7.560000,4.010785,0.000000,16.000000,6.600000,4.489989,45.120000,9.210081,0,0,62.551358
1063,1063,0,accepted,none,0.000000,1,6.360000,2.242855,2.000000,10.000000,8.160000,3.657103,49.000000,0.000000,50,0,62.212087
1078,1078,0,rejected,assert_connectivity,60.000000,1,6.880000,3.467795,0.000000,14.000000,8.160000,5.752773,29.360000,13.656881,0,0,67.379051
1081,1081,0,rejected,assert_connectivity,60.000000,1,6.240000,2.936392,1.000000,11.000000,8.640000,4.823940,43.360000,10.449421,0,0,63.799658
1068,1068,0,accepted,none,0.000000,1,6.080000,2.827296,1.000000,14.000000,8.720000,4.266333,49.000000,0.000000,50,0,70.292073
1072,1072,0,accepted,none,0.000000,1,5.560000,2.307899,1.000000,10.000000,6.280000,2.530138,49.000000,0.000000,50,0,66.010711
1074,1074,0,accepted,none,0.000000,1,5.440000,2.183209,2.000000,10.000000,6.200000,2.553429,49.000000,0.000000,50,0,65.028563
1083,1083,0,rejected,too_close,60.000000,1,8.400000,4.132796,1.000000,16.000000,9.320000,4.734723,49.000000,0.000000,50,0,65.940295
1085,1085,0,rejected,too_close,60.000000,1,6.040000,2.097236,1.000000,10.000000,6.640000,3.907736,49.000000,0.000000,50,1,64.629590
1086,1086,0,rejected,assert_connectivity,60.000000,1,5.640000,2.769549,1.000000,11.000000,7.160000,3.796630,43.360000,10.449421,0,0,68.714500
1075,1075,0,accepted,none,0.000000,1,6.360000,2.711162,1.000000,12.000000,8.520000,3.448130,49.000000,0.000000,50,0,62.385992
1087,1087,0,rejected,assert_connectivity,60.000000,1,6.040000,3.111013,1.000000,13.000000,6.200000,4.127953,30.760000,11.104161,0,0,64.865283
1088,1088,0,rejected,assert_connectivity,60.000000,1,4.960000,2.009577,1.000000,10.000000,6.480000,3.869057,43.360000,10.449421,0,0,72.241583
1089,1089,0,rejected,assert_connectivity,60.000000,1,6.200000,2.513961,2.000000,12.000000,6.720000,3.481609,29.760000,10.527222,0,0,65.734841
1079,1079,0,accepted,none,0.000000,1,5.840000,2.043135,2.000000,10.000000,7.400000,3.752333,49.000000,0.000000,50,0,71.145874
1090,1090,0,rejected,assert_connectivity,60.000000,1,6.000000,3.322650,1.000000,12.000000,6.880000,4.466050,39.760000,12.720943,0,0,64.991498
1091,1091,0,rejected,too_close,60.000000,1,6.320000,2.723527,1.000000,11.000000,8.160000,3.951506,49.000000,0.000000,50,1,59.204826
1080,1080,0,accepted,none,0.000000,1,6.240000,2.112439,2.000000,10.000000,8.400000,3.784178,49.000000,0.000000,50,0,68.468461
1092,1092,0,rejected,assert_connectivity,60.000000,1,5.920000,3.071417,1.000000,12.000000,5.960000,2.959459,43.360000,10.449421,0,0,64.255083
1082,1082,0,accepted,none,0.000000,1,6.160000,2.318275,2.000000,11.000000,7.680000,3.337304,49.000000,0.000000,50,0,63.794685
1095,1095,0,rejected,too_close,60.000000,1,6.000000,2.720294,1.000000,11.000000,6.720000,2.757100,49.000000,0.000000,50,1,69.473661
1097,1097,0,rejected,too_close,60.000000,1,5.320000,2.092271,1.000000,9.000000,6.320000,2.395329,49.000000,0.000000,50,1,70.074675
1096,1096,0,rejected,too_close,60.000000,1,5.920000,2.598769,1.000000,11.000000,7.360000,2.840845,49.000000,0.000000,50,1,65.673661
1098,1098,0,rejected,too_close,60.000000,1,5.760000,2.437704,1.000000,11.000000,7.640000,3.793468,49.000000,0.000000,50,1,64.985507
1099,1099,0,rejected,too_close,60.000000,1,6.120000,2.223870,1.000000,10.000000,5.000000,3.231099,49.000000,0.000000,50,0,57.576628
1084,1084,0,accepted,none,0.000000,1,5.440000,1.888491,2.000000,9.000000,7.160000,3.822878,49.000000,0.000000,50,0,74.092948
1101,1101,0,rejected,assert_connectivity,60.000000,1,7.600000,4.681880,0.000000,16.000000,9.920000,5.476641,47.040000,6.720000,0,0,74.463875
1102,1102,0,rejected,assert_connectivity,60.000000,1,6.600000,3.026549,0.000000,12.000000,5.640000,3.321205,36.720000,13.102733,0,0,60.852329
1104,1104,0,rejected,too_close,60.000000,1,6.000000,2.172556,2.000000,13.000000,8.760000,3.652725,49.000000,0.000000,50,0,63.934485
1105,1105,0,rejected,assert_connectivity,60.000000,1,6.040000,2.357626,0.000000,11.000000,7.800000,3.757659,47.040000,6.720000,0,0,59.580566
1106,1106,0,rejected,assert_connectivity,60.000000,1,6.440000,2.899379,0.000000,12.000000,8.480000,4.085291,45.120000,9.210081,0,1,68.868808
1108,1108,0,rejected,assert_connectivity,60.000000,1,6.320000,2.866636,1.000000,13.000000,5.760000,3.916938,21.440000,11.107043,0,0,62.145558
1109,1109,0,rejected,assert_connectivity,60.000000,1,5.440000,2.255305,1.000000,10.000000,7.760000,3.547168,45.160000,9.014122,0,0,69.688941
1111,1111,0,rejected,too_close,60.000000,1,5.840000,2.788261,1.000000,12.000000,5.920000,3.236294,49.000000,0.000000,50,1,68.800044
1094,1094,0,accepted,none,0.000000,1,5.800000,2.465766,1.000000,10.000000,7.080000,3.142229,49.000000,0.000000,50,0,63.673941
1093,1093,0,accepted,none,0.000000,1,6.400000,1.959592,3.000000,11.000000,7.800000,3.633180,49.000000,0.000000,50,0,55.606608
1112,1112,0,rejected,too_close,60.000000,1,7.000000,2.863564,1.000000,14.000000,9.840000,3.551676,49.000000,0.000000,50,0,62.963879
1113,1113,0,rejected,assert_connectivity,60.000000,1,6.560000,3.034205,0.000000,13.000000,8.520000,4.016167,47.040000,6.720000,0,1,73.191019
1114,1114,0,rejected,assert_connectivity,60.000000,1,6.240000,2.345720,1.000000,10.000000,8.240000,4.202666,45.160000,9.014122,0,0,62.108705
1115,1115,0,rejected,assert_connectivity,60.000000,1,5.160000,2.283506,1.000000,10.000000,6.200000,2.778489,24.160000,1.993590,0,0,72.312242
1100,1100,0,accepted,none,0.000000,1,6.400000,2.764055,1.000000,11.000000,8.520000,4.036038,49.000000,0.000000,50,0,70.196957
1117,1117,0,rejected,assert_connectivity,60.000000,1,6.560000,3.073500,0.000000,12.000000,10.360000,5.133264,43.240000,10.924395,0,0,69.714422
1118,1118,0,rejected,too_close,60.000000,1,5.760000,2.223151,1.000000,11.000000,6.440000,3.493766,49.000000,0.000000,50,1,61.036155
1103,1103,0,accepted,none,0.000000,1,6.080000,2.733789,1.000000,12.000000,8.360000,3.691937,49.000000,0.000000,50,0,70.972680
1121,1121,0,rejected,assert_connectivity,60.000000,1,5.640000,2.903515,1.000000,12.000000,6.400000,3.622154,43.360000,10.449421,0,0,66.344294
1122,1122,0,rejected,assert_connectivity,60.000000,1,5.760000,2.320000,1.000000,11.000000,8.200000,4.538722,45.160000,9.014122,0,0,53.055273
1107,1107,0,accepted,none,0.000000,1,6.240000,2.888321,2.000000,12.000000,8.760000,4.945948,49.000000,0.000000,50,0,56.381022
1123,1123,0,rejected,too_close,60.000000,1,6.240000,3.271452,1.000000,14.000000,6.840000,3.448826,49.000000,0.000000,50,0,66.008853
1124,1124,0,rejected,assert_connectivity,60.000000,1,6.200000,2.433105,0.000000,11.000000,7.360000,3.096837,47.040000,6.720000,0,0,66.604675
1125,1125,0,rejected,too_close,60.000000,1,6.480000,2.491907,2.000000,12.000000,7.200000,3.815757,49.000000,0.000000,50,1,64.656803
1126,1126,0,rejected,assert_connectivity,60.000000,1,5.840000,2.309632,1.000000,9.000000,8.000000,4.275512,41.640000,11.394314,0,0,66.782904
1110,1110,0,accepted,none,0.000000,1,7.040000,3.509758,3.000000,14.000000,6.720000,3.805470,49.000000,0.000000,50,0,48.757953
1116,1116,0,accepted,none,0.000000,1,5.920000,2.552176,1.000000,11.000000,7.800000,4.732864,49.000000,0.000000,50,0,63.748931
1120,1120,0,accepted,none,0.000000,1,5.480000,1.920833,2.000000,11.000000,6.600000,2.592296,49.000000,0.000000,50,0,66.140766
1119,1119,0,accepted,none,0.000000,1,6.000000,2.408319,1.000000,10.000000,7.720000,3.212725,49.000000,0.000000,50,0,68.160644
1132,1132,0,rejected,assert_connectivity,60.000000,1,6.040000,2.615033,0.000000,13.000000,8.000000,4.829079,36.720000,13.102733,0,0,74.066507
1134,1134,0,rejected,too_close,60.000000,1,5.640000,2.559375,1.000000,13.000000,6.280000,2.939660,49.000000,0.000000,50,1,63.331957
1128,1128,0,accepted,none,0.000000,1,5.360000,1.915829,2.000000,10.000000,6.720000,2.646054,49.000000,0.000000,50,0,62.908410
1127,1127,0,accepted,none,0.000000,1,5.280000,1.897788,2.000000,9.000000,7.480000,3.827480,49.000000,0.000000,50,0,72.342764
1129,1129,0,accepted,none,0.000000,1,6.080000,3.230108,1.000000,12.000000,7.400000,4.079216,49.000000,0.000000,50,0,66.662001
1137,1137,0,rejected,assert_connectivity,60.000000,1,6.440000,2.631805,1.000000,12.000000,9.360000,3.892351,45.160000,9.014122,0,0,68.255683
1130,1130,0,accepted,none,0.000000,1,5.880000,2.783092,1.000000,11.000000,9.000000,3.274141,49.000000,0.000000,50,0,64.205333
1138,1138,0,rejected,too_close,60.000000,1,6.480000,2.220270,1.000000,11.000000,8.040000,2.770993,49.000000,0.000000,50,1,72.511455
1139,1139,0,rejected,assert_connectivity,60.000000,1,5.880000,2.542754,1.000000,11.000000,7.720000,3.682608,45.160000,9.014122,0,0,64.971621
1140,1140,0,rejected,assert_connectivity,60.000000,1,6.000000,3.155947,1.000000,13.000000,6.360000,3.659290,24.880000,10.216927,0,0,61.967802
1142,1142,0,rejected,too_close,60.000000,1,5.800000,2.742262,1.000000,11.000000,7.640000,3.718925,49.000000,0.000000,50,1,69.468188
1131,1131,0,accepted,none,0.000000,1,6.200000,1.969772,1.000000,10.000000,8.400000,3.423449,49.000000,0.000000,50,0,73.756617
1133,1133,0,accepted,none,0.000000,1,6.600000,2.925748,1.000000,13.000000,8.760000,4.684272,49.000000,0.000000,50,0,63.045220
1135,1135,0,accepted,none,0.000000,1,5.680000,2.477418,1.000000,10.000000,6.560000,3.182200,49.000000,0.000000,50,0,68.819885
1147,1147,0,rejected,assert_connectivity,60.000000,1,6.560000,2.333752,0.000000,10.000000,6.320000,3.049197,47.040000,6.720000,0,1,65.347524
1136,1136,0,accepted,none,0.000000,1,5.280000,2.135790,2.000000,10.000000,6.440000,3.287309,49.000000,0.000000,50,0,64.300111
1143,1143,0,accepted,none,0.000000,1,5.880000,2.438360,1.000000,11.000000,8.200000,4.195235,49.000000,0.000000,50,0,68.742024
1141,1141,0,accepted,none,0.000000,1,6.120000,3.444648,1.000000,15.000000,8.360000,4.107359,49.000000,0.000000,50,0,70.969152
1145,1145,0,accepted,none,0.000000,1,5.600000,2.172556,2.000000,11.000000,6.680000,4.139758,49.000000,0.000000,50,0,54.610289
1150,1150,0,rejected,assert_connectivity,60.000000,1,6.280000,2.425201,0.000000,11.000000,8.480000,3.689119,43.280000,10.766689,0,0,59.905862
1144,1144,0,accepted,none,0.000000,1,5.360000,2.085761,2.000000,9.000000,7.200000,3.261901,49.000000,0.000000,50,0,67.127016
1152,1152,0,rejected,assert_connectivity,60.000000,1,7.120000,2.909570,0.000000,12.000000,10.280000,4.931693,47.040000,6.720000,0,1,60.300048
1155,1155,0,rejected,assert_connectivity,60.000000,1,5.920000,2.621755,2.000000,11.000000,7.600000,4.538722,43.360000,10.449421,0,0,64.552769
1146,1146,0,accepted,none,0.000000,1,5.880000,2.454710,1.000000,12.000000,7.840000,4.309803,49.000000,0.000000,50,0,66.457305
1156,1156,0,rejected,assert_connectivity,60.000000,1,5.000000,2.039608,0.000000,10.000000,5.080000,3.321686,41.520000,11.803796,0,0,63.099766
1157,1157,0,rejected,assert_connectivity,60.000000,1,6.800000,2.870540,1.000000,12.000000,8.640000,4.236791,38.440000,12.348538,0,0,65.752834
1148,1148,0,accepted,none,0.000000,1,5.600000,1.897367,2.000000,10.000000,6.280000,2.863844,49.000000,0.000000,50,0,66.226360
1158,1158,0,rejected,too_close,60.000000,1,7.440000,2.960811,2.000000,14.000000,9.920000,4.004198,49.000000,0.000000,50,1,67.301570
1159,1159,0,rejected,too_close,60.000000,1,6.840000,3.042105,3.000000,14.000000,9.040000,4.923251,49.000000,0.000000,50,0,74.118925
1161,1161,0,rejected,too_close,60.000000,1,5.160000,2.101047,1.000000,10.000000,5.720000,2.870819,49.000000,0.000000,50,1,62.876271
1149,1149,0,accepted,none,0.000000,1,6.280000,2.771570,1.000000,13.000000,8.840000,4.662017,49.000000,0.000000,50,0,71.267503
1151,1151,0,accepted,none,0.000000,1,5.840000,2.335466,2.000000,11.000000,6.800000,3.168596,49.000000,0.000000,50,0,58.891318
1165,1165,0,rejected,assert_connectivity,60.000000,1,5.840000,2.900759,1.000000,11.000000,7.760000,4.032667,45.160000,9.014122,0,0,68.193284
1153,1153,0,accepted,none,0.000000,1,6.000000,1.959592,2.000000,11.000000,7.240000,2.354230,49.000000,0.000000,50,0,63.522974
1154,1154,0,accepted,none,0.000000,1,6.840000,2.274731,1.000000,10.000000,8.520000,3.785446,49.000000,0.000000,50,0,55.456936
1167,1167,0,rejected,too_close,60.000000,1,6.040000,2.078076,2.000000,10.000000,6.920000,3.315660,49.000000,0.000000,50,1,58.817607
1168,1168,0,rejected,assert_connectivity,60.000000,1,6.960000,3.162025,1.000000,14.000000,8.760000,5.065807,40.000000,12.000000,0,0,63.896723
1169,1169,0,rejected,assert_connectivity,60.000000,1,6.200000,3.019934,1.000000,11.000000,7.880000,4.872946,39.760000,12.720943,0,0,67.146608
1160,1160,0,accepted,none,0.000000,1,5.240000,1.985548,2.000000,10.000000,6.800000,3.622154,49.000000,0.000000,50,0,68.387201
1171,1171,0,rejected,assert_connectivity,60.000000,1,5.560000,2.864681,0.000000,11.000000,8.280000,4.503510,41.520000,11.803796,0,0,70.658237
1172,1172,0,rejected,assert_connectivity,60.000000,1,6.360000,2.937754,0.000000,13.000000,8.920000,3.692371,47.040000,6.720000,0,0,70.690270
1163,1163,0,accepted,none,0.000000,1,5.840000,2.318275,2.000000,10.000000,7.680000,3.529533,49.000000,0.000000,50,0,68.904078
1162,1162,0,accepted,none,0.000000,1,6.600000,2.720294,1.000000,12.000000,9.240000,4.240566,49.000000,0.000000,50,0,71.213584
1174,1174,0,rejected,assert_connectivity,60.000000,1,6.400000,3.149603,0.000000,13.000000,9.200000,4.931531,47.040000,6.720000,0,0,73.131442
1164,1164,0,accepted,none,0.000000,1,6.240000,2.581163,1.000000,12.000000,8.120000,3.502228,49.000000,0.000000,50,0,62.547734
1175,1175,0,rejected,assert_connectivity,60.000000,1,6.760000,2.853489,1.000000,13.000000,7.640000,2.991722,45.160000,9.014122,0,0,64.055364
1176,1176,0,rejected,assert_connectivity,60.000000,1,5.880000,2.470951,0.000000,10.000000,7.960000,4.034650,41.440000,12.073376,0,0,73.822099
1177,1177,0,rejected,assert_connectivity,60.000000,1,6.120000,2.462844,1.000000,10.000000,6.360000,4.227340,45.160000,9.014122,0,0,64.778436
1178,1178,0,rejected,too_close,60.000000,1,6.760000,2.990385,1.000000,13.000000,9.120000,4.483927,49.000000,0.000000,50,1,68.106875
1179,1179,0,rejected,assert_connectivity,60.000000,1,5.400000,2.068816,0.000000,10.000000,5.800000,2.952965,29.280000,11.435104,0,0,66.466554
1181,1181,0,rejected,too_close,60.000000,1,5.520000,2.475803,1.000000,11.000000,6.560000,2.981007,49.000000,0.000000,50,1,71.869572
1166,1166,0,accepted,none,0.000000,1,6.840000,2.618091,1.000000,12.000000,9.000000,3.757659,49.000000,0.000000,50,0,62.467371
1182,1182,0,rejected,assert_connectivity,60.000000,1,5.640000,2.260619,2.000000,11.000000,6.160000,3.812401,43.360000,10.449421,0,0,59.669243
1185,1185,0,rejected,assert_connectivity,60.000000,1,6.320000,2.533298,0.000000,11.000000,6.640000,3.480000,45.120000,9.210081,0,0,62.381273
1186,1186,0,rejected,assert_connectivity,60.000000,1,6.080000,2.591062,2.000000,12.000000,5.760000,2.775320,43.360000,10.449421,0,0,62.684042
1170,1170,0,accepted,none,0.000000,1,6.600000,2.497999,2.000000,12.000000,8.000000,3.328663,49.000000,0.000000,50,0,60.134375
1188,1188,0,rejected,too_close,60.000000,1,6.280000,3.187726,1.000000,14.000000,8.360000,3.497199,49.000000,0.000000,50,0,58.654105
1173,1173,0,accepted,none,0.000000,1,6.080000,2.225668,2.000000,10.000000,6.120000,3.485054,49.000000,0.000000,50,0,63.086681
1189,1189,0,rejected,assert_connectivity,60.000000,1,6.640000,4.008790,0.000000,15.000000,8.680000,4.056797,47.040000,6.720000,0,0,72.273531
1190,1190,0,rejected,assert_connectivity,60.000000,1,6.280000,2.457967,0.000000,11.000000,7.440000,3.144265,47.040000,6.720000,0,0,63.724636
1192,1192,0,rejected,assert_connectivity,60.000000,1,5.920000,2.472570,0.000000,13.000000,6.840000,3.028927,47.040000,6.720000,0,0,72.257757
1193,1193,0,rejected,assert_connectivity,60.000000,1,7.200000,3.666061,1.000000,13.000000,9.760000,4.443242,45.160000,9.014122,0,1,64.732982
1195,1195,0,rejected,assert_connectivity,60.000000,1,6.480000,3.047885,0.000000,11.000000,8.600000,3.862642,47.040000,6.720000,0,0,74.672463
1183,1183,0,accepted,none,0.000000,1,5.880000,1.976259,2.000000,10.000000,8.080000,3.064898,49.000000,0.000000,50,0,68.280285
1180,1180,0,accepted,none,0.000000,1,5.960000,3.292173,1.000000,14.000000,7.000000,4.538722,49.000000,0.000000,50,0,69.343361
1196,1196,0,rejected,assert_connectivity,60.000000,1,5.920000,2.567801,0.000000,11.000000,7.480000,3.465487,47.040000,6.720000,0,0,70.413728
1199,1199,0,rejected,assert_connectivity,60.000000,1,5.880000,2.519047,0.000000,11.000000,6.160000,3.579721,47.040000,6.720000,0,0,63.158707
1197,1197,0,rejected,assert_connectivity,60.000000,1,7.560000,3.985775,1.000000,16.000000,8.920000,5.513039,31.120000,13.016359,0,0,49.990037
1198,1198,0,rejected,too_close,60.000000,1,5.720000,2.742554,1.000000,11.000000,7.120000,3.043945,49.000000,0.000000,50,0,58.382610
1184,1184,0,accepted,none,0.000000,1,6.320000,3.307204,1.000000,15.000000,7.200000,3.435113,49.000000,0.000000,50,0,73.278781
1200,1200,0,rejected,assert_connectivity,60.000000,1,5.920000,2.504716,0.000000,11.000000,7.840000,3.419708,47.040000,6.720000,0,1,73.399000
1202,1202,0,rejected,assert_connectivity,60.000000,1,7.040000,3.555053,1.000000,13.000000,9.960000,5.007834,41.480000,11.936901,0,0,72.131239
1187,1187,0,accepted,none,0.000000,1,6.960000,2.734666,1.000000,13.000000,9.880000,4.384701,49.000000,0.000000,50,0,60.790702
1191,1191,0,accepted,none,0.000000,1,5.320000,2.318965,1.000000,10.000000,5.800000,2.898275,49.000000,0.000000,50,0,72.913897
1205,1205,0,rejected,assert_connectivity,60.000000,1,6.240000,3.818691,1.000000,12.000000,7.200000,4.294182,45.160000,9.014122,0,0,67.563131
1206,1206,0,rejected,assert_connectivity,60.000000,1,7.680000,3.956969,0.000000,15.000000,10.680000,5.224711,43.280000,10.766689,0,0,63.296597
1209,1209,0,rejected,assert_connectivity,60.000000,1,6.520000,2.578682,1.000000,11.000000,8.640000,4.102487,40.000000,12.000000,0,1,63.901734
1194,1194,0,accepted,none,0.000000,1,6.600000,2.576820,2.000000,12.000000,7.000000,3.364521,49.000000,0.000000,50,0,66.655442
1210,1210,0,rejected,too_close,60.000000,1,5.560000,1.779438,1.000000,10.000000,6.560000,2.728809,49.000000,0.000000,50,0,68.804605
1211,1211,0,rejected,assert_connectivity,60.000000,1,5.680000,2.063395,0.000000,10.000000,4.800000,1.754993,27.440000,10.176758,0,0,56.202898
1201,1201,0,accepted,none,0.000000,1,5.720000,1.990377,1.000000,10.000000,7.560000,3.207242,49.000000,0.000000,50,0,62.485879
1204,1204,0,accepted,none,0.000000,1,5.160000,1.983532,1.000000,10.000000,5.560000,3.137897,49.000000,0.000000,50,0,67.886301
1203,1203,0,accepted,none,0.000000,1,6.240000,2.412965,1.000000,11.000000,7.520000,3.424850,49.000000,0.000000,50,0,65.744630
1214,1214,0,rejected,assert_connectivity,60.000000,1,6.360000,3.179686,0.000000,14.000000,9.560000,4.883278,41.520000,11.803796,0,0,72.434284
1215,1215,0,rejected,assert_connectivity,60.000000,1,5.280000,1.939484,1.000000,11.000000,7.280000,4.142656,45.160000,9.014122,0,0,58.330495
1207,1207,0,accepted,none,0.000000,1,5.680000,2.101809,1.000000,11.000000,7.360000,4.265021,49.000000,0.000000,50,0,67.065074
1208,1208,0,accepted,none,0.000000,1,6.000000,3.155947,2.000000,13.000000,6.040000,2.568735,49.000000,0.000000,50,0,72.120848
1219,1219,0,rejected,assert_connectivity,60.000000,1,5.520000,1.868047,2.000000,10.000000,5.720000,4.005197,43.360000,10.449421,0,0,65.414552
1212,1212,0,accepted,none,0.000000,1,6.200000,3.555278,1.000000,14.000000,6.440000,3.965653,49.000000,0.000000,50,0,59.649815
1213,1213,0,accepted,none,0.000000,1,5.520000,2.041960,2.000000,11.000000,5.360000,2.295735,49.000000,0.000000,50,0,66.813118
1223,1223,0,rejected,assert_connectivity,60.000000,1,4.720000,2.097999,1.000000,9.000000,5.680000,3.437674,38.440000,12.348538,0,0,69.092711
1216,1216,0,accepted,none,0.000000,1,5.840000,2.257078,1.000000,10.000000,7.200000,2.785678,49.000000,0.000000,50,0,77.713088
1224,1224,0,rejected,assert_connectivity,60.000000,1,6.280000,2.271915,1.000000,11.000000,8.480000,4.119417,45.160000,9.014122,0,0,68.710944
1218,1218,0,accepted,none,0.000000,1,6.320000,2.336151,1.000000,10.000000,6.840000,3.738235,49.000000,0.000000,50,0,65.239835
1226,1226,0,rejected,assert_connectivity,60.000000,1,6.360000,2.636361,0.000000,10.000000,6.880000,3.664096,47.040000,6.720000,0,0,68.999178
1227,1227,0,rejected,assert_connectivity,60.000000,1,7.040000,3.212227,0.000000,13.000000,10.280000,4.804331,47.040000,6.720000,0,0,68.303925
1217,1217,0,accepted,none,0.000000,1,5.960000,2.806849,1.000000,12.000000,8.280000,3.831658,49.000000,0.000000,50,0,65.287658
1228,1228,0,rejected,assert_connectivity,60.000000,1,6.320000,3.282926,1.000000,13.000000,9.680000,5.045552,45.160000,9.014122,0,0,61.854600
1229,1229,0,rejected,assert_connectivity,60.000000,1,5.480000,2.202181,0.000000,10.000000,7.800000,4.322037,36.720000,13.102733,0,0,66.009890
1230,1230,0,rejected,assert_connectivity,60.000000,1,5.840000,2.928208,1.000000,13.000000,7.600000,4.312772,28.000000,9.165151,0,0,63.863421
1220,1220,0,accepted,none,0.000000,1,6.000000,2.227106,1.000000,11.000000,8.440000,4.215021,49.000000,0.000000,50,0,71.404983
1221,1221,0,accepted,none,0.000000,1,7.120000,2.680597,1.000000,13.000000,6.480000,2.913692,49.000000,0.000000,50,0,60.698807
1234,1234,0,rejected,assert_connectivity,60.000000,1,5.600000,2.227106,1.000000,11.000000,6.440000,4.405270,25.840000,12.490572,0,0,59.188945
1232,1232,0,rejected,assert_connectivity,60.000000,1,6.880000,2.804568,1.000000,12.000000,8.400000,3.939543,40.000000,12.000000,0,0,75.202966
1222,1222,0,accepted,none,0.000000,1,5.600000,2.297825,2.000000,10.000000,7.040000,3.026285,49.000000,0.000000,50,0,66.646816
1237,1237,0,rejected,assert_connectivity,60.000000,1,5.320000,2.203996,1.000000,10.000000,6.480000,2.662630,31.840000,11.598896,0,0,66.143542
1236,1236,0,rejected,assert_connectivity,60.000000,1,6.640000,3.508618,0.000000,14.000000,9.520000,5.197076,47.040000,6.720000,0,0,66.403802
1225,1225,0,accepted,none,0.000000,1,5.960000,2.449163,1.000000,11.000000,8.000000,4.800000,49.000000,0.000000,50,0,71.305658
1241,1241,0,rejected,assert_connectivity,60.000000,1,6.080000,2.985565,1.000000,12.000000,5.240000,2.895237,29.760000,10.527222,0,0,65.740386
1242,1242,0,rejected,too_close,60.000000,1,5.360000,2.551549,1.000000,11.000000,6.840000,3.257975,49.000000,0.000000,50,0,64.619568
1231,1231,0,accepted,none,0.000000,1,5.000000,1.833030,1.000000,10.000000,6.080000,2.883331,49.000000,0.000000,50,0,69.788534
1244,1244,0,rejected,assert_connectivity,60.000000,1,6.120000,2.754197,1.000000,13.000000,6.560000,3.965653,36.560000,13.492457,0,0,62.529054
1235,1235,0,accepted,none,0.000000,1,5.880000,2.768682,1.000000,11.000000,7.400000,3.487119,49.000000,0.000000,50,0,64.045918
1245,1245,0,rejected,assert_connectivity,60.000000,1,5.560000,2.417933,1.000000,10.000000,6.480000,3.522726,43.360000,10.449421,0,0,68.298563
1246,1246,0,rejected,assert_connectivity,60.000000,1,5.280000,1.980303,0.000000,9.000000,4.720000,2.078846,47.040000,6.720000,0,0,59.721745
1233,1233,0,accepted,none,0.000000,1,6.560000,2.401333,1.000000,11.000000,8.240000,3.449986,49.000000,0.000000,50,0,67.241017
1247,1247,0,rejected,assert_connectivity,60.000000,1,6.640000,2.812543,0.000000,12.000000,9.200000,4.190465,47.040000,6.720000,0,0,63.397818
1239,1239,0,accepted,none,0.000000,1,6.400000,2.029778,1.000000,11.000000,9.040000,4.054430,49.000000,0.000000,50,0,64.537205
1238,1238,0,accepted,none,0.000000,1,6.640000,2.364403,1.000000,12.000000,8.360000,3.615301,49.000000,0.000000,50,0,72.545943
1240,1240,0,accepted,none,0.000000,1,5.840000,2.715585,1.000000,11.000000,6.960000,3.224655,49.000000,0.000000,50,0,63.370216
1249,1249,0,rejected,assert_connectivity,60.000000,1,5.840000,2.361017,0.000000,11.000000,6.760000,4.320000,45.120000,9.210081,0,0,57.806186
1251,1251,0,rejected,assert_connectivity,60.000000,1,6.480000,2.539606,1.000000,12.000000,7.680000,3.009585,43.360000,10.449421,0,0,64.234698
1254,1254,0,rejected,assert_connectivity,60.000000,1,6.520000,2.893026,0.000000,14.000000,7.480000,3.539718,47.040000,6.720000,0,0,71.516530
1255,1255,0,rejected,assert_connectivity,60.000000,1,7.400000,3.527038,1.000000,14.000000,10.800000,5.055690,43.360000,10.449421,0,0,70.312553
1243,1243,0,accepted,none,0.000000,1,6.240000,2.045092,1.000000,9.000000,6.560000,2.801143,49.000000,0.000000,50,0,61.420728
1258,1258,0,rejected,assert_connectivity,60.000000,1,6.120000,2.783092,0.000000,11.000000,7.520000,4.299953,36.720000,13.102733,0,0,72.817997
1259,1259,0,rejected,too_close,60.000000,1,6.520000,2.801714,1.000000,12.000000,10.320000,4.066645,49.000000,0.000000,50,1,78.896908
1248,1248,0,accepted,none,0.000000,1,5.960000,1.989573,1.000000,11.000000,8.280000,3.857668,49.000000,0.000000,50,0,70.209287
1250,1250,0,accepted,none,0.000000,1,6.000000,2.280351,1.000000,10.000000,6.800000,2.778489,49.000000,0.000000,50,0,63.113920
1260,1260,0,rejected,assert_connectivity,60.000000,1,7.640000,3.581955,1.000000,13.000000,9.280000,4.363668,45.160000,9.014122,0,0,54.762270
1252,1252,0,accepted,none,0.000000,1,6.880000,1.872325,3.000000,10.000000,7.720000,3.040000,49.000000,0.000000,50,0,64.249843
1253,1253,0,accepted,none,0.000000,1,5.920000,1.730202,1.000000,9.000000,8.200000,3.316625,49.000000,0.000000,50,0,76.034272
1264,1264,0,rejected,assert_connectivity,60.000000,1,6.400000,2.946184,0.000000,13.000000,8.320000,4.046925,41.440000,12.073376,0,0,65.729109
1256,1256,0,accepted,none,0.000000,1,5.440000,1.888491,1.000000,9.000000,6.480000,3.195246,49.000000,0.000000,50,0,64.968248
1265,1265,0,rejected,assert_connectivity,60.000000,1,6.040000,1.989573,2.000000,9.000000,4.840000,2.737590,31.840000,11.598896,0,1,64.047364
1257,1257,0,accepted,none,0.000000,1,5.800000,2.323790,1.000000,10.000000,7.040000,3.521136,49.000000,0.000000,50,0,58.548001
1267,1267,0,rejected,too_close,60.000000,1,5.720000,2.698444,1.000000,12.000000,8.640000,3.887210,49.000000,0.000000,50,1,73.762299
1268,1268,0,rejected,too_close,60.000000,1,7.360000,3.480000,1.000000,14.000000,7.480000,3.848324,49.000000,0.000000,50,0,63.970982
1270,1270,0,rejected,assert_connectivity,60.000000,1,5.200000,2.009975,0.000000,9.000000,4.920000,3.097354,24.400000,12.571396,0,0,71.464335
1261,1261,0,accepted,none,0.000000,1,5.440000,1.961224,2.000000,10.000000,7.520000,3.383726,49.000000,0.000000,50,0,70.324343
1263,1263,0,accepted,none,0.000000,1,5.400000,2.200000,1.000000,10.000000,6.480000,3.971096,49.000000,0.000000,50,0,68.862398
1273,1273,0,rejected,assert_connectivity,60.000000,1,6.080000,2.755649,1.000000,12.000000,6.480000,3.517044,45.160000,9.014122,0,0,50.599182
1274,1274,0,rejected,assert_connectivity,60.000000,1,5.640000,2.133167,1.000000,9.000000,5.200000,3.033150,43.360000,10.449421,0,0,60.868375
1262,1262,0,accepted,none,0.000000,1,6.360000,2.551549,1.000000,11.000000,7.840000,2.975634,49.000000,0.000000,50,0,61.684663
1275,1275,0,rejected,assert_connectivity,60.000000,1,6.200000,2.645751,1.000000,12.000000,7.640000,3.729665,45.160000,9.014122,0,0,63.394469
1276,1276,0,rejected,assert_connectivity,60.000000,1,5.680000,2.477418,0.000000,10.000000,7.080000,4.260704,29.600000,13.260468,0,0,73.813805
1277,1277,0,rejected,assert_connectivity,60.000000,1,6.160000,3.239506,0.000000,12.000000,7.040000,3.841666,45.120000,9.210081,0,0,66.498627
1266,1266,0,accepted,none,0.000000,1,6.080000,2.008382,2.000000,11.000000,6.600000,2.190890,49.000000,0.000000,50,0,62.080667
1278,1278,0,rejected,too_close,60.000000,1,6.680000,2.795997,1.000000,11.000000,9.280000,4.716100,49.000000,0.000000,50,1,59.945001
1279,1279,0,rejected,assert_connectivity,60.000000,1,6.280000,3.117948,0.000000,13.000000,8.800000,5.122499,38.240000,12.900481,0,0,66.096963
1280,1280,0,rejected,assert_connectivity,60.000000,1,6.480000,3.263372,0.000000,14.000000,6.960000,4.547351,31.840000,14.329494,0,0,70.951487
1271,1271,0,accepted,none,0.000000,1,5.400000,2.416609,1.000000,10.000000,6.760000,3.680000,49.000000,0.000000,50,0,66.243454
1283,1283,0,rejected,assert_connectivity,60.000000,1,6.240000,3.271452,1.000000,14.000000,7.800000,4.335897,29.760000,10.527222,0,0,62.318005
1272,1272,0,accepted,none,0.000000,1,5.840000,1.942782,1.000000,10.000000,7.080000,2.827296,49.000000,0.000000,50,0,61.772724
1285,1285,0,rejected,assert_connectivity,60.000000,1,5.400000,1.649242,0.000000,8.000000,4.480000,2.146998,47.040000,6.720000,0,0,55.708751
1269,1269,0,accepted,none,0.000000,1,7.040000,2.993059,1.000000,14.000000,9.280000,3.340898,49.000000,0.000000,50,0,65.022437
1286,1286,0,rejected,assert_connectivity,60.000000,1,7.080000,2.945098,0.000000,14.000000,8.840000,4.713215,45.120000,9.210081,0,0,61.681094
1288,1288,0,rejected,assert_connectivity,60.000000,1,6.320000,2.444913,0.000000,11.000000,8.840000,3.419708,47.040000,6.720000,0,0,63.279337
1289,1289,0,rejected,assert_connectivity,60.000000,1,5.280000,2.358304,0.000000,10.000000,6.360000,3.272675,45.120000,9.210081,0,0,74.941623
1292,1292,0,rejected,assert_connectivity,60.000000,1,5.120000,2.045874,1.000000,10.000000,5.400000,3.458323,36.960000,12.491533,0,0,72.655051
1293,1293,0,rejected,assert_connectivity,60.000000,1,6.240000,2.811121,2.000000,11.000000,7.480000,4.327771,36.480000,13.682456,0,0,63.430865
1294,1294,0,rejected,assert_connectivity,60.000000,1,6.400000,2.973214,0.000000,12.000000,8.720000,3.826434,47.040000,6.720000,0,0,61.670173
1281,1281,0,accepted,none,0.000000,1,6.160000,2.685964,1.000000,13.000000,8.760000,3.952518,49.000000,0.000000,50,0,57.686957
1295,1295,0,rejected,assert_connectivity,60.000000,1,6.600000,3.218695,0.000000,12.000000,9.040000,5.153484,45.120000,9.210081,0,0,69.759669
1282,1282,0,accepted,none,0.000000,1,6.480000,2.647565,2.000000,13.000000,9.120000,3.927544,49.000000,0.000000,50,0,58.305038
1284,1284,0,accepted,none,0.000000,1,5.560000,2.118112,2.000000,9.000000,6.280000,2.592605,49.000000,0.000000,50,0,67.893343
1297,1297,0,rejected,assert_connectivity,60.000000,1,5.280000,2.383611,2.000000,12.000000,5.480000,3.106381,38.440000,12.348538,0,0,62.431782
1296,1296,0,rejected,assert_connectivity,60.000000,1,5.800000,3.019934,0.000000,12.000000,8.120000,4.370995,41.520000,11.803796,0,0,72.890959
1287,1287,0,accepted,none,0.000000,1,6.000000,2.638181,1.000000,12.000000,7.760000,4.273453,49.000000,0.000000,50,0,70.474348
1298,1298,0,rejected,assert_connectivity,60.000000,1,6.120000,2.977516,0.000000,15.000000,7.720000,4.490167,47.040000,6.720000,0,1,66.411412
1299,1299,0,rejected,assert_connectivity,60.000000,1,6.800000,3.274141,0.000000,13.000000,6.200000,3.492850,43.280000,10.766689,0,0,60.426482
1301,1301,0,rejected,assert_connectivity,60.000000,1,5.760000,2.596613,1.000000,11.000000,6.680000,3.926525,27.240000,8.396571,0,0,69.038043
1300,1300,0,rejected,too_close,60.000000,1,5.920000,2.528557,1.000000,11.000000,7.840000,3.354758,49.000000,0.000000,50,0,71.736110
1302,1302,0,rejected,assert_connectivity,60.000000,1,6.600000,2.939388,0.000000,12.000000,9.080000,4.749063,47.040000,6.720000,0,0,62.235784
1303,1303,0,rejected,assert_connectivity,60.000000,1,6.320000,2.788835,1.000000,12.000000,6.600000,3.984972,45.160000,9.014122,0,0,63.363142
1290,1290,0,accepted,none,0.000000,1,5.640000,1.646329,3.000000,8.000000,6.600000,2.408319,49.000000,0.000000,50,0,65.008847
1305,1305,0,rejected,too_close,60.000000,1,6.440000,2.325167,2.000000,11.000000,8.160000,3.562920,49.000000,0.000000,50,0,65.428586
1306,1306,0,rejected,too_close,60.000000,1,6.280000,3.406112,1.000000,13.000000,8.320000,3.489642,49.000000,0.000000,50,0,69.865515
1307,1307,0,rejected,assert_connectivity,60.000000,1,6.320000,2.845628,2.000000,11.000000,7.840000,4.584147,43.360000,10.449421,0,1,63.170775
1291,1291,0,accepted,none,0.000000,1,5.760000,1.944839,1.000000,9.000000,7.600000,2.416609,49.000000,0.000000,50,0,83.374524
1309,1309,0,rejected,too_close,60.000000,1,5.640000,2.142522,2.000000,11.000000,6.040000,1.854292,49.000000,0.000000,50,0,64.399693
1308,1308,0,rejected,assert_connectivity,60.000000,1,6.880000,4.370995,0.000000,16.000000,8.280000,4.886880,45.120000,9.210081,0,0,71.292213
1310,1310,0,rejected,assert_connectivity,60.000000,1,7.560000,3.447666,1.000000,14.000000,8.760000,3.608656,45.160000,9.014122,0,0,61.840400
1312,1312,0,rejected,assert_connectivity,60.000000,1,5.200000,2.218107,0.000000,11.000000,6.120000,3.581285,39.840000,12.485768,0,0,62.690670
1311,1311,0,rejected,too_close,60.000000,1,6.400000,2.163331,1.000000,10.000000,7.800000,4.049691,49.000000,0.000000,50,1,67.507910
1314,1314,0,rejected,assert_connectivity,60.000000,1,6.680000,2.962701,0.000000,12.000000,8.200000,4.595650,47.040000,6.720000,0,1,68.341244
1315,1315,0,rejected,assert_connectivity,60.000000,1,6.400000,2.756810,1.000000,12.000000,8.120000,4.306460,38.440000,12.348538,0,0,64.404120
1317,1317,0,rejected,assert_connectivity,60.000000,1,5.800000,2.332381,0.000000,10.000000,7.880000,3.575696,47.040000,6.720000,0,1,74.520005
1316,1316,0,rejected,assert_connectivity,60.000000,1,6.120000,2.977516,0.000000,12.000000,8.640000,4.078039,43.280000,10.766689,0,0,66.741476
1318,1318,0,rejected,assert_connectivity,60.000000,1,6.800000,3.815757,1.000000,16.000000,8.600000,4.724405,43.360000,10.449421,0,1,70.085093
1320,1320,0,rejected,assert_connectivity,60.000000,1,5.720000,2.835771,0.000000,11.000000,6.760000,4.188365,34.800000,14.211263,0,0,65.229338
1319,1319,0,rejected,assert_connectivity,60.000000,1,5.640000,2.066495,0.000000,10.000000,6.600000,3.627671,47.040000,6.720000,0,0,64.403548
1325,1325,0,rejected,assert_connectivity,60.000000,1,5.680000,1.880851,0.000000,9.000000,4.040000,1.948948,16.720000,5.592996,0,0,62.520205
1322,1322,0,rejected,assert_connectivity,60.000000,1,5.920000,2.614116,0.000000,11.000000,8.160000,4.153842,47.040000,6.720000,0,1,71.680461
1321,1321,0,rejected,assert_connectivity,60.000000,1,6.960000,2.897999,0.000000,12.000000,9.920000,4.820124,47.040000,6.720000,0,1,72.350087
1323,1323,0,rejected,assert_connectivity,60.000000,1,5.880000,2.874996,0.000000,12.000000,4.880000,2.970791,47.040000,6.720000,0,0,59.434507
1324,1324,0,rejected,assert_connectivity,60.000000,1,5.600000,2.049390,1.000000,12.000000,6.200000,3.644173,38.440000,12.348538,0,0,60.488568
1326,1326,0,rejected,assert_connectivity,60.000000,1,6.040000,2.297477,0.000000,11.000000,7.800000,3.622154,47.040000,6.720000,0,0,73.540038
1330,1330,0,rejected,assert_connectivity,60.000000,1,4.480000,1.590472,2.000000,8.000000,4.840000,2.013554,43.360000,10.449421,0,0,56.672661
1328,1328,0,rejected,assert_connectivity,60.000000,1,6.280000,3.117948,0.000000,14.000000,8.720000,4.770912,39.840000,12.485768,0,0,70.231026
1327,1327,0,rejected,too_close,60.000000,1,6.720000,2.600308,2.000000,14.000000,8.120000,3.530666,49.000000,0.000000,50,0,71.992264
1334,1334,0,rejected,assert_connectivity,60.000000,1,5.200000,1.989975,1.000000,9.000000,4.360000,2.242855,29.760000,10.527222,0,0,62.485000
1332,1332,0,rejected,assert_connectivity,60.000000,1,5.680000,2.795997,0.000000,11.000000,5.640000,3.380887,47.040000,6.720000,0,0,71.466497
1331,1331,0,rejected,assert_connectivity,60.000000,1,6.840000,2.935030,1.000000,10.000000,6.520000,3.287796,45.160000,9.014122,0,0,58.958045
1337,1337,0,rejected,assert_connectivity,60.000000,1,5.920000,2.261327,2.000000,12.000000,6.160000,3.590877,41.640000,11.394314,0,0,56.553505
1335,1335,0,rejected,too_close,60.000000,1,6.600000,2.374868,2.000000,11.000000,10.320000,4.801833,49.000000,0.000000,50,0,65.181067
1313,1313,0,accepted,none,0.000000,1,5.640000,1.819450,2.000000,10.000000,6.240000,2.949983,49.000000,0.000000,50,0,66.186652
1304,1304,0,accepted,none,0.000000,1,6.800000,2.756810,1.000000,12.000000,9.120000,4.352654,49.000000,0.000000,50,0,66.892125
1338,1338,0,rejected,assert_connectivity,60.000000,1,6.600000,3.328663,2.000000,13.000000,8.600000,5.509991,38.080000,13.323423,0,0,68.770282
1341,1341,0,rejected,assert_connectivity,60.000000,1,5.480000,2.090359,0.000000,10.000000,7.880000,3.718279,47.040000,6.720000,0,0,58.254416
1340,1340,0,rejected,assert_connectivity,60.000000,1,5.920000,2.978859,0.000000,12.000000,7.840000,4.309803,43.280000,10.766689,0,1,73.385673
1342,1342,0,rejected,assert_connectivity,60.000000,1,5.720000,2.097999,0.000000,9.000000,6.640000,3.090372,45.120000,9.210081,0,0,68.075205
1343,1343,0,rejected,assert_connectivity,60.000000,1,5.960000,2.489659,1.000000,10.000000,6.080000,3.457398,45.160000,9.014122,0,0,63.625322
1344,1344,0,rejected,too_close,60.000000,1,5.440000,2.080000,1.000000,10.000000,6.600000,2.764055,49.000000,0.000000,50,0,67.342487
1345,1345,0,rejected,assert_connectivity,60.000000,1,5.600000,1.918333,1.000000,10.000000,6.000000,3.566511,45.160000,9.014122,0,0,52.755950
1346,1346,0,rejected,assert_connectivity,60.000000,1,5.880000,2.542754,1.000000,11.000000,6.080000,2.972137,24.640000,3.948468,0,0,56.239543
1347,1347,0,rejected,assert_connectivity,60.000000,1,6.120000,2.268392,0.000000,11.000000,6.720000,4.345296,35.280000,13.130179,0,1,63.151999
1329,1329,0,accepted,none,0.000000,1,4.800000,1.732051,1.000000,9.000000,5.120000,2.178440,49.000000,0.000000,50,0,70.583211
1333,1333,0,accepted,none,0.000000,1,6.040000,2.323446,3.000000,11.000000,8.360000,4.616319,49.000000,0.000000,50,0,70.179642
1336,1336,0,accepted,none,0.000000,1,5.560000,2.108649,1.000000,10.000000,7.200000,3.504283,49.000000,0.000000,50,0,61.080423
1352,1352,0,rejected,too_close,60.000000,1,6.240000,2.846471,1.000000,12.000000,9.440000,3.909783,49.000000,0.000000,50,0,69.644005
1339,1339,0,accepted,none,0.000000,1,5.680000,2.203996,1.000000,11.000000,7.640000,3.198500,49.000000,0.000000,50,0,70.853743
1355,1355,0,rejected,assert_connectivity,60.000000,1,6.680000,2.240000,0.000000,11.000000,9.160000,4.504931,47.040000,6.720000,0,0,61.496330
1356,1356,0,rejected,assert_connectivity,60.000000,1,6.760000,2.803997,1.000000,14.000000,7.200000,3.538361,45.160000,9.014122,0,1,55.117833
1349,1349,0,accepted,none,0.000000,1,5.560000,1.991582,1.000000,10.000000,7.840000,3.378520,49.000000,0.000000,50,0,64.875516
1351,1351,0,accepted,none,0.000000,1,5.720000,1.960000,1.000000,9.000000,7.400000,3.033150,49.000000,0.000000,50,0,71.407681
1357,1357,0,rejected,too_close,60.000000,1,6.640000,3.057842,1.000000,13.000000,10.960000,4.261267,49.000000,0.000000,50,0,71.273382
1348,1348,0,accepted,none,0.000000,1,5.920000,2.390314,1.000000,11.000000,8.960000,3.346401,49.000000,0.000000,50,0,65.277572
1350,1350,0,accepted,none,0.000000,1,6.440000,2.299217,1.000000,12.000000,8.600000,4.209513,49.000000,0.000000,50,0,61.335997
1360,1360,0,rejected,assert_connectivity,60.000000,1,6.040000,2.416278,0.000000,11.000000,6.960000,3.709232,47.040000,6.720000,0,0,65.039089
1359,1359,0,rejected,too_close,60.000000,1,6.480000,2.677611,1.000000,12.000000,8.320000,4.314812,49.000000,0.000000,50,1,68.838861
1362,1362,0,rejected,assert_connectivity,60.000000,1,6.440000,2.801143,1.000000,13.000000,6.720000,3.388451,28.840000,9.877976,0,1,66.067234
1363,1363,0,rejected,too_close,60.000000,1,6.480000,2.947813,1.000000,12.000000,9.160000,3.941370,49.000000,0.000000,50,1,64.399855
1354,1354,0,accepted,none,0.000000,1,5.000000,1.400000,2.000000,7.000000,5.840000,2.685964,49.000000,0.000000,50,0,66.078574
1367,1367,0,rejected,assert_connectivity,60.000000,1,5.400000,2.116601,1.000000,10.000000,7.120000,3.057057,45.160000,9.014122,0,0,80.605388
1353,1353,0,accepted,none,0.000000,1,7.960000,4.161538,1.000000,15.000000,9.960000,4.906975,49.000000,0.000000,50,0,65.740370
1369,1369,0,rejected,assert_connectivity,60.000000,1,6.160000,2.886936,2.000000,12.000000,8.200000,4.795832,32.040000,13.926895,0,0,67.176565
1358,1358,0,accepted,none,0.000000,1,6.200000,2.615339,2.000000,13.000000,7.680000,3.349269,49.000000,0.000000,50,0,57.930214
1361,1361,0,accepted,none,0.000000,1,6.120000,2.312055,1.000000,10.000000,8.320000,3.657540,49.000000,0.000000,50,0,68.196960
1366,1366,0,accepted,none,0.000000,1,6.720000,3.033414,2.000000,14.000000,5.960000,2.382939,49.000000,0.000000,50,0,63.964730
1364,1364,0,accepted,none,0.000000,1,7.240000,3.513175,1.000000,15.000000,9.320000,4.584496,49.000000,0.000000,50,0,63.079492
1365,1365,0,accepted,none,0.000000,1,6.400000,2.497999,1.000000,12.000000,8.520000,4.001200,49.000000,0.000000,50,0,68.755595
1368,1368,0,accepted,none,0.000000,1,5.320000,1.891454,1.000000,10.000000,7.520000,3.257238,49.000000,0.000000,50,0,71.976042
1374,1374,0,rejected,assert_connectivity,60.000000,1,6.240000,2.470304,0.000000,13.000000,7.320000,4.007194,47.040000,6.720000,0,0,69.389865
1373,1373,0,rejected,assert_connectivity,60.000000,1,6.640000,2.504077,0.000000,12.000000,9.200000,3.872983,47.040000,6.720000,0,0,70.108476
1375,1375,0,rejected,assert_connectivity,60.000000,1,6.800000,3.117691,0.000000,14.000000,9.080000,4.288776,41.520000,11.803796,0,0,65.470365
1376,1376,0,rejected,assert_connectivity,60.000000,1,6.120000,2.430144,1.000000,11.000000,7.960000,3.852064,43.360000,10.449421,0,0,65.543069
1378,1378,0,rejected,assert_connectivity,60.000000,1,6.960000,3.605329,0.000000,14.000000,7.920000,3.866988,22.920000,9.576722,0,0,69.773485
1370,1370,0,accepted,none,0.000000,1,5.960000,2.449163,2.000000,11.000000,6.560000,3.040789,49.000000,0.000000,50,0,69.295372
1377,1377,0,rejected,assert_connectivity,60.000000,1,7.240000,2.976978,0.000000,14.000000,10.160000,3.743581,47.040000,6.720000,0,0,65.639610
1380,1380,0,rejected,assert_connectivity,60.000000,1,5.240000,2.177705,1.000000,8.000000,6.600000,3.693237,45.160000,9.014122,0,0,66.584374
1381,1381,0,rejected,assert_connectivity,60.000000,1,6.080000,1.741723,0.000000,9.000000,6.600000,3.358571,47.040000,6.720000,0,0,69.664310
1382,1382,0,rejected,assert_connectivity,60.000000,1,5.760000,2.035289,0.000000,9.000000,7.360000,3.357142,47.040000,6.720000,0,1,65.265592
1386,1386,0,rejected,assert_connectivity,60.000000,1,6.960000,3.423215,1.000000,14.000000,10.600000,5.031898,45.160000,9.014122,0,0,61.538422
1371,1371,0,accepted,none,0.000000,1,6.960000,2.849281,1.000000,14.000000,8.520000,4.916259,49.000000,0.000000,50,0,60.627690
1372,1372,0,accepted,none,0.000000,1,5.160000,2.318275,1.000000,11.000000,7.120000,2.832949,49.000000,0.000000,50,0,69.273318
1387,1387,0,rejected,assert_connectivity,60.000000,1,6.440000,3.293387,0.000000,13.000000,10.400000,5.134199,47.040000,6.720000,0,0,67.721297
1388,1388,0,rejected,too_close,60.000000,1,5.960000,2.374532,1.000000,11.000000,8.360000,3.531345,49.000000,0.000000,50,0,68.545387
1389,1389,0,rejected,assert_connectivity,60.000000,1,5.880000,2.495115,0.000000,12.000000,6.960000,3.794522,45.120000,9.210081,0,0,65.352873
1392,1392,0,rejected,assert_connectivity,60.000000,1,6.760000,3.361904,0.000000,13.000000,9.200000,4.745524,47.040000,6.720000,0,0,75.874977
1393,1393,0,rejected,assert_connectivity,60.000000,1,6.200000,3.346640,0.000000,14.000000,7.600000,4.512206,43.280000,10.766689,0,0,61.532654
1379,1379,0,accepted,none,0.000000,1,5.760000,2.573402,1.000000,11.000000,8.480000,4.114560,49.000000,0.000000,50,0,68.261614
1383,1383,0,accepted,none,0.000000,1,6.000000,2.653300,1.000000,11.000000,8.320000,4.360917,49.000000,0.000000,50,0,70.389316
1385,1385,0,accepted,none,0.000000,1,5.200000,2.068816,1.000000,10.000000,5.000000,2.154066,49.000000,0.000000,50,0,61.557978
1384,1384,0,accepted,none,0.000000,1,6.760000,2.731739,2.000000,12.000000,9.920000,4.664075,49.000000,0.000000,50,0,57.171643
1395,1395,0,rejected,assert_connectivity,60.000000,1,6.440000,3.105865,1.000000,13.000000,7.240000,4.510255,36.960000,12.491533,0,0,65.212867
1396,1396,0,rejected,too_close,60.000000,1,4.920000,1.730202,1.000000,8.000000,6.480000,2.601845,49.000000,0.000000,50,1,75.753296
1398,1398,0,rejected,assert_connectivity,60.000000,1,6.920000,3.192742,0.000000,16.000000,6.080000,3.676085,47.040000,6.720000,0,0,64.998871
1397,1397,0,rejected,too_close,60.000000,1,6.480000,2.844222,1.000000,14.000000,7.920000,2.820213,49.000000,0.000000,50,1,59.859505
1400,1400,0,rejected,assert_connectivity,60.000000,1,5.880000,2.519047,1.000000,12.000000,6.400000,3.944617,26.560000,7.579340,0,0,62.031018
1399,1399,0,rejected,assert_connectivity,60.000000,1,5.600000,2.315167,0.000000,11.000000,6.680000,2.969444,47.040000,6.720000,0,0,64.010111
1401,1401,0,rejected,too_close,60.000000,1,6.600000,3.633180,1.000000,14.000000,8.120000,4.255068,49.000000,0.000000,50,0,60.259109
1403,1403,0,rejected,too_close,60.000000,1,5.440000,2.041176,1.000000,9.000000,6.600000,2.835489,49.000000,0.000000,50,1,59.444414
1390,1390,0,accepted,none,0.000000,1,6.000000,2.000000,1.000000,10.000000,7.600000,4.009988,49.000000,0.000000,50,0,68.384767
1391,1391,0,accepted,none,0.000000,1,5.840000,2.023462,1.000000,9.000000,6.560000,3.207242,49.000000,0.000000,50,0,73.847471
1407,1407,0,rejected,assert_connectivity,60.000000,1,6.440000,2.434420,1.000000,10.000000,5.920000,2.373521,24.160000,1.993590,0,0,59.463867
1405,1405,0,rejected,assert_connectivity,60.000000,1,5.080000,2.278947,1.000000,9.000000,6.200000,4.024922,38.080000,13.323423,0,0,73.286183
1406,1406,0,rejected,assert_connectivity,60.000000,1,6.360000,2.998400,0.000000,13.000000,7.480000,4.579258,43.280000,10.766689,0,0,61.520895
1408,1408,0,rejected,assert_connectivity,60.000000,1,6.040000,2.591988,0.000000,12.000000,9.240000,4.259390,47.040000,6.720000,0,0,63.408471
1411,1411,0,rejected,too_close,60.000000,1,6.280000,2.912319,1.000000,13.000000,7.200000,3.243455,49.000000,0.000000,50,1,62.277257
1394,1394,0,accepted,none,0.000000,1,6.280000,2.638484,1.000000,12.000000,8.440000,4.754619,49.000000,0.000000,50,0,59.690525
1413,1413,0,rejected,assert_connectivity,60.000000,1,6.280000,2.163701,3.000000,11.000000,5.840000,3.562920,38.440000,12.348538,0,0,63.248088
1402,1402,0,accepted,none,0.000000,1,5.440000,2.021485,1.000000,10.000000,6.760000,2.832384,49.000000,0.000000,50,0,76.734086
1404,1404,0,accepted,none,0.000000,1,5.320000,1.760000,2.000000,9.000000,7.160000,2.737590,49.000000,0.000000,50,0,72.112685
1417,1417,0,rejected,assert_connectivity,60.000000,1,5.880000,2.065333,1.000000,11.000000,5.760000,3.484595,45.160000,9.014122,0,0,67.051962
1410,1410,0,accepted,none,0.000000,1,5.320000,2.176603,1.000000,11.000000,6.960000,3.543783,49.000000,0.000000,50,0,68.818501
1409,1409,0,accepted,none,0.000000,1,6.000000,2.521904,1.000000,13.000000,7.880000,3.824343,49.000000,0.000000,50,0,55.852863
1412,1412,0,accepted,none,0.000000,1,6.400000,2.771281,1.000000,13.000000,7.360000,3.902615,49.000000,0.000000,50,0,70.195579
1419,1419,0,rejected,assert_connectivity,60.000000,1,6.360000,2.840845,0.000000,12.000000,7.080000,3.393170,43.280000,10.766689,0,0,69.006421
1420,1420,0,rejected,assert_connectivity,60.000000,1,5.600000,2.366432,0.000000,10.000000,7.720000,3.836874,47.040000,6.720000,0,0,65.776684
1422,1422,0,rejected,assert_connectivity,60.000000,1,6.240000,3.253060,1.000000,13.000000,8.760000,5.065807,45.160000,9.014122,0,0,63.337450
1423,1423,0,rejected,too_close,60.000000,1,7.280000,3.423682,2.000000,15.000000,9.920000,4.043958,49.000000,0.000000,50,0,68.124063
1415,1415,0,accepted,none,0.000000,1,6.200000,2.366432,1.000000,10.000000,8.040000,4.542951,49.000000,0.000000,50,0,68.003980
1425,1425,0,rejected,assert_connectivity,60.000000,1,5.480000,2.174764,1.000000,10.000000,6.000000,3.261901,45.160000,9.014122,0,1,67.530572
1414,1414,0,accepted,none,0.000000,1,7.880000,3.153665,1.000000,12.000000,10.800000,4.939636,49.000000,0.000000,50,0,60.424741
1426,1426,0,rejected,assert_connectivity,60.000000,1,8.080000,3.404938,1.000000,16.000000,10.360000,5.195229,45.160000,9.014122,0,0,60.262838
1427,1427,0,rejected,too_close,60.000000,1,5.440000,1.877871,1.000000,9.000000,6.840000,2.185040,49.000000,0.000000,50,0,67.388001
1428,1428,0,rejected,assert_connectivity,60.000000,1,6.880000,3.290228,0.000000,13.000000,9.760000,4.221658,47.040000,6.720000,0,0,69.682021
1416,1416,0,accepted,none,0.000000,1,6.600000,2.727636,1.000000,13.000000,8.400000,3.328663,49.000000,0.000000,50,0,69.164037
1429,1429,0,rejected,assert_connectivity,60.000000,1,6.600000,3.298485,2.000000,14.000000,6.640000,3.179686,43.360000,10.449421,0,0,70.230734
1431,1431,0,rejected,too_close,60.000000,1,6.160000,2.656012,1.000000,12.000000,7.240000,4.111253,49.000000,0.000000,50,1,66.137649
1433,1433,0,rejected,too_close,60.000000,1,5.920000,2.644542,2.000000,12.000000,7.240000,3.438372,49.000000,0.000000,50,0,62.511769
1418,1418,0,accepted,none,0.000000,1,6.360000,2.567177,2.000000,13.000000,9.040000,3.969685,49.000000,0.000000,50,0,67.958870
1421,1421,0,accepted,none,0.000000,1,5.600000,1.811077,2.000000,10.000000,6.320000,2.541181,49.000000,0.000000,50,0,72.702642
1436,1436,0,rejected,assert_connectivity,60.000000,1,6.120000,2.990920,1.000000,14.000000,8.000000,3.908964,45.160000,9.014122,0,0,57.171197
1437,1437,0,rejected,assert_connectivity,60.000000,1,5.680000,2.549039,1.000000,11.000000,7.440000,3.406817,26.560000,7.579340,0,1,57.469994
1438,1438,0,rejected,assert_connectivity,60.000000,1,5.640000,1.946895,1.000000,11.000000,6.080000,3.497656,35.080000,13.582106,0,1,61.411117
1424,1424,0,accepted,none,0.000000,1,6.200000,2.315167,1.000000,11.000000,8.280000,3.975123,49.000000,0.000000,50,0,70.889496
1440,1440,0,rejected,assert_connectivity,60.000000,1,5.200000,2.039608,0.000000,9.000000,6.560000,4.020746,39.720000,12.843738,0,0,60.519233
1441,1441,0,rejected,assert_connectivity,60.000000,1,4.800000,2.323790,1.000000,10.000000,5.160000,3.183457,39.760000,12.720943,0,0,58.419282
1432,1432,0,accepted,none,0.000000,1,5.680000,1.964077,2.000000,10.000000,7.320000,3.414323,49.000000,0.000000,50,0,63.383921
1443,1443,0,rejected,assert_connectivity,60.000000,1,6.240000,2.997065,0.000000,11.000000,8.400000,4.089010,47.040000,6.720000,0,0,62.246253
1430,1430,0,accepted,none,0.000000,1,5.960000,1.672842,2.000000,10.000000,6.880000,2.566242,49.000000,0.000000,50,0,62.216707
1435,1435,0,accepted,none,0.000000,1,5.160000,1.689497,1.000000,9.000000,5.360000,2.696368,49.000000,0.000000,50,0,70.958193
1444,1444,0,rejected,assert_connectivity,60.000000,1,5.760000,2.687452,0.000000,11.000000,7.720000,3.990188,43.280000,10.766689,0,0,75.269500
1445,1445,0,rejected,too_close,60.000000,1,5.400000,2.097618,2.000000,10.000000,7.680000,3.738663,49.000000,0.000000,50,0,73.513353
1447,1447,0,rejected,assert_connectivity,60.000000,1,6.240000,3.017018,1.000000,13.000000,5.880000,4.443602,25.520000,13.046440,0,0,59.854379
1448,1448,0,rejected,assert_connectivity,60.000000,1,5.240000,1.913740,1.000000,9.000000,7.120000,3.570098,45.160000,9.014122,0,0,73.184833
1434,1434,0,accepted,none,0.000000,1,6.600000,2.720294,1.000000,13.000000,9.360000,4.293064,49.000000,0.000000,50,0,70.486824
1450,1450,0,rejected,too_close,60.000000,1,6.320000,2.541181,3.000000,12.000000,8.600000,3.078961,49.000000,0.000000,50,0,69.271300
1451,1451,0,rejected,assert_connectivity,60.000000,1,5.560000,2.499280,0.000000,12.000000,7.280000,3.949886,47.040000,6.720000,0,0,69.244711
1452,1452,0,rejected,too_close,60.000000,1,6.160000,3.015692,1.000000,14.000000,7.880000,4.790157,49.000000,0.000000,50,0,56.001914
1439,1439,0,accepted,none,0.000000,1,5.960000,2.244638,1.000000,10.000000,6.040000,3.469640,49.000000,0.000000,50,0,59.725537
1454,1454,0,rejected,assert_connectivity,60.000000,1,5.320000,1.815930,0.000000,8.000000,5.800000,2.592296,47.040000,6.720000,0,0,68.812958
1453,1453,0,rejected,assert_connectivity,60.000000,1,5.680000,2.730861,1.000000,11.000000,5.960000,3.789248,45.160000,9.014122,0,0,64.909990
1455,1455,0,rejected,too_close,60.000000,1,6.240000,2.404662,1.000000,11.000000,9.240000,3.432550,49.000000,0.000000,50,1,70.367516
1456,1456,0,rejected,assert_connectivity,60.000000,1,5.800000,2.600000,0.000000,11.000000,8.040000,4.326477,47.040000,6.720000,0,0,74.472134
1457,1457,0,rejected,assert_connectivity,60.000000,1,7.960000,3.599778,0.000000,14.000000,11.800000,5.571355,41.520000,11.803796,0,1,66.752161
1442,1442,0,accepted,none,0.000000,1,6.520000,3.232584,1.000000,12.000000,8.040000,4.049494,49.000000,0.000000,50,0,58.765804
1461,1461,0,rejected,too_close,60.000000,1,5.880000,2.811690,1.000000,12.000000,7.960000,3.543783,49.000000,0.000000,50,0,68.798209
1462,1462,0,rejected,too_close,60.000000,1,6.000000,2.675818,1.000000,11.000000,5.640000,2.791129,49.000000,0.000000,50,0,64.866375
1463,1463,0,rejected,assert_connectivity,60.000000,1,7.800000,4.034848,0.000000,15.000000,12.280000,6.145047,45.120000,9.210081,0,1,67.275961
1449,1449,0,accepted,none,0.000000,1,5.600000,2.144761,1.000000,9.000000,5.440000,3.047360,49.000000,0.000000,50,0,57.383191
1446,1446,0,accepted,none,0.000000,1,7.120000,2.761449,1.000000,14.000000,8.080000,4.068612,49.000000,0.000000,50,0,62.872864
1465,1465,0,rejected,assert_connectivity,60.000000,1,6.440000,2.899379,1.000000,14.000000,7.400000,3.394113,40.000000,12.000000,0,0,62.084076
1467,1467,0,rejected,assert_connectivity,60.000000,1,6.320000,2.795997,0.000000,11.000000,6.320000,3.602444,47.040000,6.720000,0,1,61.175199
1466,1466,0,rejected,too_close,60.000000,1,6.200000,2.408319,2.000000,11.000000,8.760000,3.535873,49.000000,0.000000,50,0,66.726175
1468,1468,0,rejected,assert_connectivity,60.000000,1,6.360000,2.917259,1.000000,13.000000,9.040000,4.732695,38.440000,12.348538,0,0,65.079327
1469,1469,0,rejected,assert_connectivity,60.000000,1,5.520000,2.256014,0.000000,10.000000,6.960000,3.340419,47.040000,6.720000,0,0,59.881306
1470,1470,0,rejected,too_close,60.000000,1,5.720000,2.400333,1.000000,10.000000,7.360000,3.167081,49.000000,0.000000,50,0,70.967520
1458,1458,0,accepted,none,0.000000,1,5.080000,1.978282,1.000000,10.000000,5.800000,3.013304,49.000000,0.000000,50,0,67.027113
1471,1471,0,rejected,assert_connectivity,60.000000,1,6.240000,2.753616,0.000000,12.000000,8.400000,4.142463,47.040000,6.720000,0,0,75.173691
1472,1472,0,rejected,assert_connectivity,60.000000,1,5.480000,2.273675,1.000000,11.000000,5.480000,2.563123,45.160000,9.014122,0,0,56.698016
1460,1460,0,accepted,none,0.000000,1,5.480000,1.791536,2.000000,9.000000,5.240000,3.082596,49.000000,0.000000,50,0,65.421859
1474,1474,0,rejected,assert_connectivity,60.000000,1,5.880000,2.232846,1.000000,10.000000,5.880000,4.042969,23.760000,11.512706,0,0,60.314893
1473,1473,0,rejected,assert_connectivity,60.000000,1,6.320000,2.533298,0.000000,11.000000,8.200000,4.034848,47.040000,6.720000,0,0,74.119037
1476,1476,0,rejected,too_close,60.000000,1,7.600000,3.752333,1.000000,15.000000,10.240000,4.889008,49.000000,0.000000,50,0,63.271834
1479,1479,0,rejected,assert_connectivity,60.000000,1,5.960000,2.993059,0.000000,14.000000,7.200000,3.655133,47.040000,6.720000,0,0,69.347549
1459,1459,0,accepted,none,0.000000,1,7.240000,4.183587,1.000000,17.000000,10.160000,5.289083,49.000000,0.000000,50,0,60.793771
1464,1464,0,accepted,none,0.000000,1,5.520000,2.342990,1.000000,11.000000,7.000000,3.784178,49.000000,0.000000,50,0,63.026691
1482,1482,0,rejected,assert_connectivity,60.000000,1,6.760000,3.326019,0.000000,13.000000,7.520000,3.705347,47.040000,6.720000,0,0,59.046991
1475,1475,0,accepted,none,0.000000,1,5.600000,2.000000,2.000000,11.000000,7.680000,3.738663,49.000000,0.000000,50,0,72.221663
1477,1477,0,accepted,none,0.000000,1,5.560000,1.981515,1.000000,10.000000,7.640000,2.930938,49.000000,0.000000,50,0,69.800772
1478,1478,0,accepted,none,0.000000,1,6.320000,2.716174,1.000000,11.000000,7.080000,4.222985,49.000000,0.000000,50,0,61.173981
1485,1485,0,rejected,assert_connectivity,60.000000,1,6.280000,3.243702,0.000000,15.000000,7.960000,4.604172,45.120000,9.210081,0,0,64.487575
1487,1487,0,rejected,assert_connectivity,60.000000,1,5.680000,3.022846,0.000000,12.000000,7.840000,4.880000,47.040000,6.720000,0,0,69.040603
1486,1486,0,rejected,assert_connectivity,60.000000,1,6.680000,2.738175,0.000000,11.000000,9.840000,4.105411,47.040000,6.720000,0,0,74.641542
1488,1488,0,rejected,assert_connectivity,60.000000,1,6.080000,2.869425,0.000000,12.000000,7.120000,3.664096,47.040000,6.720000,0,0,64.343532
1483,1483,0,accepted,none,0.000000,1,4.560000,1.525254,2.000000,8.000000,6.240000,2.731739,49.000000,0.000000,50,0,70.944332
1480,1480,0,accepted,none,0.000000,1,6.000000,2.660827,1.000000,11.000000,6.760000,2.949983,49.000000,0.000000,50,0,70.590204
1484,1484,0,accepted,none,0.000000,1,7.160000,2.730275,2.000000,13.000000,7.120000,3.397882,49.000000,0.000000,50,0,57.609768
1491,1491,0,rejected,assert_connectivity,60.000000,1,7.120000,3.473557,0.000000,14.000000,9.320000,5.551360,45.120000,9.210081,0,0,62.420400
1481,1481,0,accepted,none,0.000000,1,6.920000,2.985565,1.000000,13.000000,9.320000,3.931615,49.000000,0.000000,50,0,72.412943
1492,1492,0,rejected,assert_connectivity,60.000000,1,6.600000,2.505993,2.000000,12.000000,7.520000,4.332390,35.560000,12.464606,0,0,60.737547
1493,1493,0,rejected,assert_connectivity,60.000000,1,6.960000,3.039474,0.000000,12.000000,7.240000,2.760869,47.040000,6.720000,0,1,57.554007
1496,1496,0,rejected,assert_connectivity,60.000000,1,5.760000,2.902137,0.000000,11.000000,7.120000,4.131053,47.040000,6.720000,0,0,63.144532
1495,1495,0,rejected,assert_connectivity,60.000000,1,7.520000,3.201500,0.000000,13.000000,9.960000,4.494263,47.040000,6.720000,0,0,72.593377
1498,1498,0,rejected,assert_connectivity,60.000000,1,6.440000,2.920000,1.000000,12.000000,7.200000,4.209513,41.640000,11.394314,0,0,63.514328
1500,1500,0,rejected,too_close,60.000000,1,5.680000,2.266627,2.000000,11.000000,7.000000,4.084116,49.000000,0.000000,50,1,52.812749
1499,1499,0,rejected,too_close,60.000000,1,6.760000,2.596613,1.000000,12.000000,8.840000,3.551676,49.000000,0.000000,50,0,61.850085
1489,1489,0,accepted,none,0.000000,1,6.080000,2.464467,1.000000,11.000000,7.440000,3.914895,49.000000,0.000000,50,0,69.644173
1490,1490,0,accepted,none,0.000000,1,5.640000,2.321723,1.000000,10.000000,6.240000,3.082596,49.000000,0.000000,50,0,59.678663
1504,1504,0,rejected,assert_connectivity,60.000000,1,5.640000,1.774937,0.000000,9.000000,6.960000,3.280000,47.040000,6.720000,0,1,58.685982
1506,1506,0,rejected,assert_connectivity,60.000000,1,6.920000,3.457398,1.000000,14.000000,8.560000,4.829741,41.640000,11.394314,0,0,65.141089
1497,1497,0,accepted,none,0.000000,1,5.960000,1.672842,2.000000,9.000000,7.400000,4.137632,49.000000,0.000000,50,0,62.364448
1494,1494,0,accepted,none,0.000000,1,6.160000,3.195997,1.000000,13.000000,8.200000,4.303487,49.000000,0.000000,50,0,68.014319
1507,1507,0,rejected,assert_connectivity,60.000000,1,6.120000,2.861049,0.000000,13.000000,7.440000,3.447666,47.040000,6.720000,0,0,58.918401
1508,1508,0,rejected,assert_connectivity,60.000000,1,6.160000,2.524757,0.000000,12.000000,6.760000,3.530212,45.120000,9.210081,0,1,58.015013
1502,1502,0,accepted,none,0.000000,1,5.320000,1.725572,2.000000,9.000000,6.520000,2.941020,49.000000,0.000000,50,0,61.096335
1511,1511,0,rejected,assert_connectivity,60.000000,1,5.640000,2.104852,1.000000,9.000000,8.000000,3.857460,45.160000,9.014122,0,0,77.977703
1501,1501,0,accepted,none,0.000000,1,6.080000,2.305125,2.000000,11.000000,8.080000,4.184925,49.000000,0.000000,50,0,66.274143
1503,1503,0,accepted,none,0.000000,1,6.600000,2.653300,1.000000,12.000000,8.280000,3.666279,49.000000,0.000000,50,0,66.921333
1513,1513,0,rejected,assert_connectivity,60.000000,1,7.280000,3.810722,1.000000,15.000000,10.600000,5.219195,41.480000,11.936901,0,0,58.754131
1515,1515,0,rejected,assert_connectivity,60.000000,1,6.280000,2.898551,1.000000,13.000000,7.880000,4.474997,45.160000,9.014122,0,0,55.998503
1516,1516,0,rejected,assert_connectivity,60.000000,1,6.080000,2.652094,1.000000,11.000000,8.080000,3.984169,45.160000,9.014122,0,0,71.692696
1505,1505,0,accepted,none,0.000000,1,5.360000,1.705989,2.000000,9.000000,5.200000,2.383275,49.000000,0.000000,50,0,69.805531
1519,1519,0,rejected,assert_connectivity,60.000000,1,5.800000,2.097618,0.000000,9.000000,6.960000,2.993059,47.040000,6.720000,0,0,72.677097
1509,1509,0,accepted,none,0.000000,1,5.120000,2.094182,1.000000,9.000000,7.120000,3.043945,49.000000,0.000000,50,0,64.726712
1520,1520,0,rejected,assert_connectivity,60.000000,1,6.880000,2.680597,2.000000,12.000000,8.320000,4.379224,41.640000,11.394314,0,0,61.099049
1521,1521,0,rejected,assert_connectivity,60.000000,1,5.600000,2.424871,0.000000,10.000000,6.920000,3.835831,47.040000,6.720000,0,0,68.988276
1523,1523,0,rejected,assert_connectivity,60.000000,1,6.720000,3.231346,1.000000,14.000000,7.200000,3.394113,45.160000,9.014122,0,0,62.219571
1510,1510,0,accepted,none,0.000000,1,6.360000,2.496077,1.000000,11.000000,8.000000,4.498889,49.000000,0.000000,50,0,68.901175
1514,1514,0,accepted,none,0.000000,1,5.520000,1.711607,2.000000,10.000000,6.920000,2.972137,49.000000,0.000000,50,0,66.471410
1512,1512,0,accepted,none,0.000000,1,6.560000,3.194746,1.000000,14.000000,8.640000,3.363094,49.000000,0.000000,50,0,63.066822
1524,1524,0,rejected,too_close,60.000000,1,6.040000,2.497679,1.000000,11.000000,8.760000,3.426719,49.000000,0.000000,50,0,75.309398
1525,1525,0,rejected,assert_connectivity,60.000000,1,6.200000,3.104835,1.000000,15.000000,7.920000,5.035236,40.000000,12.000000,0,0,58.584662
1527,1527,0,rejected,assert_connectivity,60.000000,1,6.280000,3.162531,1.000000,13.000000,5.960000,3.006393,45.160000,9.014122,0,0,62.247541
1517,1517,0,accepted,none,0.000000,1,5.600000,2.465766,1.000000,12.000000,7.440000,2.885550,49.000000,0.000000,50,0,74.923854
1528,1528,0,rejected,assert_connectivity,60.000000,1,6.280000,2.030172,0.000000,11.000000,7.000000,4.069398,47.040000,6.720000,0,0,66.320259
1529,1529,0,rejected,assert_connectivity,60.000000,1,5.520000,2.061456,0.000000,11.000000,7.800000,3.627671,47.040000,6.720000,0,0,71.124256
1530,1530,0,rejected,too_close,60.000000,1,7.440000,4.652569,1.000000,15.000000,8.560000,4.788152,49.000000,0.000000,50,0,66.262475
1532,1532,0,rejected,assert_connectivity,60.000000,1,5.880000,2.984225,0.000000,12.000000,8.000000,4.200000,38.240000,12.900481,0,1,68.863629
1518,1518,0,accepted,none,0.000000,1,6.880000,3.290228,1.000000,14.000000,8.920000,3.560000,49.000000,0.000000,50,0,75.074688
1534,1534,0,rejected,assert_connectivity,60.000000,1,5.680000,2.310325,1.000000,10.000000,8.200000,3.888444,45.160000,9.014122,0,0,63.435395
1535,1535,0,rejected,too_close,60.000000,1,5.720000,1.897788,2.000000,10.000000,7.080000,3.474709,49.000000,0.000000,50,1,61.805003
1536,1536,0,rejected,assert_connectivity,60.000000,1,7.240000,3.127683,0.000000,14.000000,9.160000,4.446842,47.040000,6.720000,0,0,72.529682
1539,1539,0,rejected,assert_connectivity,60.000000,1,5.920000,2.704367,1.000000,13.000000,6.040000,2.842253,45.160000,9.014122,0,0,63.158261
1540,1540,0,rejected,assert_connectivity,60.000000,1,4.880000,1.966113,1.000000,9.000000,4.960000,2.513643,36.960000,12.491533,0,1,68.423333
1526,1526,0,accepted,none,0.000000,1,5.480000,2.109407,1.000000,9.000000,6.480000,3.244935,49.000000,0.000000,50,0,68.640018
1522,1522,0,accepted,none,0.000000,1,8.000000,3.370460,1.000000,17.000000,10.880000,3.631198,49.000000,0.000000,50,0,59.591060
1541,1541,0,rejected,assert_connectivity,60.000000,1,5.840000,2.476772,0.000000,12.000000,8.080000,4.232446,45.120000,9.210081,0,0,73.141947
1542,1542,0,rejected,assert_connectivity,60.000000,1,6.360000,2.527924,0.000000,11.000000,8.080000,3.587980,45.120000,9.210081,0,1,67.158436
1531,1531,0,accepted,none,0.000000,1,5.680000,2.240000,2.000000,10.000000,6.320000,2.595689,49.000000,0.000000,50,0,64.161559
1543,1543,0,rejected,assert_connectivity,60.000000,1,5.960000,2.749254,1.000000,12.000000,7.240000,4.434230,29.680000,13.088071,0,0,64.123243
1545,1545,0,rejected,assert_connectivity,60.000000,1,6.200000,2.891366,0.000000,14.000000,7.880000,3.745077,47.040000,6.720000,0,0,64.207068
1546,1546,0,rejected,assert_connectivity,60.000000,1,6.000000,2.383275,0.000000,11.000000,6.520000,2.507907,47.040000,6.720000,0,0,65.186377
1547,1547,0,rejected,assert_connectivity,60.000000,1,7.280000,3.292659,3.000000,13.000000,8.000000,4.582576,35.560000,12.464606,0,0,53.187084
1533,1533,0,accepted,none,0.000000,1,5.760000,2.320000,2.000000,11.000000,7.760000,3.397411,49.000000,0.000000,50,0,74.191006
1550,1550,0,rejected,assert_connectivity,60.000000,1,6.200000,2.905168,0.000000,11.000000,8.600000,4.298837,41.520000,11.803796,0,0,68.236091
1548,1548,0,rejected,assert_connectivity,60.000000,1,6.640000,3.427886,0.000000,12.000000,8.520000,4.224879,41.520000,11.803796,0,0,67.510691
1537,1537,0,accepted,none,0.000000,1,5.280000,1.949769,1.000000,10.000000,5.400000,2.785678,49.000000,0.000000,50,0,62.470173
1551,1551,0,rejected,assert_connectivity,60.000000,1,5.560000,2.808273,0.000000,11.000000,4.560000,3.293387,21.680000,12.493903,0,0,59.802585
1554,1554,0,rejected,assert_connectivity,60.000000,1,6.000000,2.828427,1.000000,11.000000,6.560000,2.899379,24.040000,0.999200,0,0,54.550267
1552,1552,0,rejected,too_close,60.000000,1,5.920000,2.777337,1.000000,11.000000,9.040000,4.004797,49.000000,0.000000,50,0,65.135715
1556,1556,0,rejected,assert_connectivity,60.000000,1,6.720000,3.649877,0.000000,13.000000,8.720000,4.317592,45.120000,9.210081,0,0,76.710024
1538,1538,0,accepted,none,0.000000,1,7.320000,4.168645,1.000000,15.000000,9.040000,4.630162,49.000000,0.000000,50,0,67.582702
1557,1557,0,rejected,assert_connectivity,60.000000,1,5.680000,2.284207,0.000000,11.000000,7.760000,2.881389,47.040000,6.720000,0,0,73.074628
1558,1558,0,rejected,assert_connectivity,60.000000,1,5.880000,2.566242,1.000000,13.000000,7.240000,3.982763,45.160000,9.014122,0,0,57.679841
1560,1560,0,rejected,assert_connectivity,60.000000,1,6.280000,3.212725,0.000000,15.000000,5.960000,5.035712,24.400000,12.571396,0,0,60.801753
1561,1561,0,rejected,assert_connectivity,60.000000,1,5.640000,2.861887,0.000000,12.000000,6.480000,3.562246,47.040000,6.720000,0,0,68.728432
1544,1544,0,accepted,none,0.000000,1,5.440000,2.721470,1.000000,12.000000,6.720000,3.388451,49.000000,0.000000,50,0,64.413893
1549,1549,0,accepted,none,0.000000,1,5.320000,1.984339,1.000000,9.000000,6.720000,3.006925,49.000000,0.000000,50,0,63.908873
1553,1553,0,accepted,none,0.000000,1,5.400000,1.939072,1.000000,8.000000,4.440000,2.080000,49.000000,0.000000,50,0,65.949558
1564,1564,0,rejected,assert_connectivity,60.000000,1,5.760000,2.186870,1.000000,11.000000,6.240000,2.619618,45.160000,9.014122,0,0,68.956932
1566,1566,0,rejected,assert_connectivity,60.000000,1,7.080000,3.599111,0.000000,14.000000,10.520000,4.895876,45.120000,9.210081,0,0,64.011331
1559,1559,0,accepted,none,0.000000,1,5.880000,2.141401,2.000000,11.000000,6.000000,4.280187,49.000000,0.000000,50,0,62.572257
1555,1555,0,accepted,none,0.000000,1,6.480000,2.751291,1.000000,14.000000,9.240000,3.776559,49.000000,0.000000,50,0,64.644770
1569,1569,0,rejected,assert_connectivity,60.000000,1,5.960000,2.697851,0.000000,11.000000,6.440000,4.725082,30.440000,14.245224,0,0,61.130250
1562,1562,0,accepted,none,0.000000,1,6.040000,1.948948,2.000000,10.000000,7.160000,3.061764,49.000000,0.000000,50,0,61.826534
1563,1563,0,accepted,none,0.000000,1,5.320000,1.837825,1.000000,10.000000,7.280000,3.168848,49.000000,0.000000,50,0,65.166801
1572,1572,0,rejected,assert_connectivity,60.000000,1,7.040000,3.117435,0.000000,14.000000,9.720000,4.074506,47.040000,6.720000,0,0,63.420885
1565,1565,0,accepted,none,0.000000,1,5.200000,1.969772,1.000000,10.000000,6.000000,2.457641,49.000000,0.000000,50,0,69.972987
1573,1573,0,rejected,too_close,60.000000,1,6.600000,2.465766,2.000000,12.000000,8.760000,4.216918,49.000000,0.000000,50,1,58.349048
1574,1574,0,rejected,assert_connectivity,60.000000,1,6.320000,2.760000,1.000000,12.000000,7.600000,4.284857,41.640000,11.394314,0,0,67.002569
1567,1567,0,accepted,none,0.000000,1,5.480000,2.146998,1.000000,10.000000,6.040000,2.897999,49.000000,0.000000,50,0,71.084288
1575,1575,0,rejected,too_close,60.000000,1,5.680000,1.984339,2.000000,10.000000,7.160000,2.989047,49.000000,0.000000,50,1,64.886582
1577,1577,0,rejected,assert_connectivity,60.000000,1,6.040000,2.153695,0.000000,10.000000,7.720000,4.108722,47.040000,6.720000,0,0,70.033003
1576,1576,0,rejected,too_close,60.000000,1,6.120000,2.511095,1.000000,11.000000,7.720000,3.334906,49.000000,0.000000,50,0,64.053215
1579,1579,0,rejected,assert_connectivity,60.000000,1,5.640000,2.321723,1.000000,10.000000,6.040000,3.292173,45.160000,9.014122,0,0,57.767810
1581,1581,0,rejected,assert_connectivity,60.000000,1,5.880000,2.861049,0.000000,12.000000,7.360000,3.948468,43.280000,10.766689,0,1,62.191863
1568,1568,0,accepted,none,0.000000,1,5.840000,1.815048,2.000000,10.000000,6.640000,2.798285,49.000000,0.000000,50,0,69.423004
1582,1582,0,rejected,assert_connectivity,60.000000,1,5.840000,2.830972,0.000000,12.000000,7.440000,3.914895,41.520000,11.803796,0,0,66.290843
1584,1584,0,rejected,assert_connectivity,60.000000,1,5.480000,2.758550,0.000000,12.000000,7.800000,4.409082,41.440000,12.073376,0,0,62.279788
1585,1585,0,rejected,too_close,60.000000,1,5.240000,2.371160,1.000000,10.000000,7.520000,3.539718,49.000000,0.000000,50,1,71.399331
1587,1587,0,rejected,too_close,60.000000,1,5.960000,2.135041,1.000000,10.000000,7.360000,3.814499,49.000000,0.000000,50,0,71.112216
1571,1571,0,accepted,none,0.000000,1,6.240000,2.818226,1.000000,12.000000,8.320000,3.478160,49.000000,0.000000,50,0,73.518860
1570,1570,0,accepted,none,0.000000,1,5.880000,2.589517,1.000000,11.000000,8.000000,3.857460,49.000000,0.000000,50,0,67.924902
1588,1588,0,rejected,assert_connectivity,60.000000,1,6.120000,2.710277,0.000000,11.000000,7.320000,3.580168,47.040000,6.720000,0,0,69.276805
1578,1578,0,accepted,none,0.000000,1,5.800000,1.428286,3.000000,9.000000,6.480000,3.112812,49.000000,0.000000,50,0,69.391090
1592,1592,0,rejected,assert_connectivity,60.000000,1,6.200000,2.778489,1.000000,11.000000,7.320000,4.076469,38.120000,13.219138,0,0,66.402177
1580,1580,0,accepted,none,0.000000,1,5.720000,2.668633,1.000000,12.000000,7.720000,3.544235,49.000000,0.000000,50,0,70.121084
1593,1593,0,rejected,too_close,60.000000,1,5.600000,2.144761,2.000000,11.000000,5.880000,3.102515,49.000000,0.000000,50,1,69.988654
1594,1594,0,rejected,assert_connectivity,60.000000,1,5.400000,1.854724,0.000000,9.000000,6.840000,2.595072,47.040000,6.720000,0,0,71.968691
1583,1583,0,accepted,none,0.000000,1,5.360000,2.431131,1.000000,11.000000,7.720000,3.747212,49.000000,0.000000,50,0,78.342964
1596,1596,0,rejected,too_close,60.000000,1,5.480000,2.229260,1.000000,10.000000,6.240000,3.608656,49.000000,0.000000,50,1,63.817351
1586,1586,0,accepted,none,0.000000,1,5.280000,2.218468,1.000000,10.000000,7.960000,3.725372,49.000000,0.000000,50,0,72.804127
1597,1597,0,rejected,assert_connectivity,60.000000,1,6.400000,2.856571,1.000000,12.000000,9.600000,4.413615,45.160000,9.014122,0,0,63.771583
1590,1590,0,accepted,none,0.000000,1,5.400000,1.371131,2.000000,8.000000,5.920000,2.488694,49.000000,0.000000,50,0,61.484008
1598,1598,0,rejected,assert_connectivity,60.000000,1,7.080000,3.230108,0.000000,14.000000,9.520000,4.143622,47.040000,6.720000,0,0,64.238712
1589,1589,0,accepted,none,0.000000,1,5.400000,2.088061,2.000000,10.000000,7.120000,3.592436,49.000000,0.000000,50,0,61.062958
1603,1603,0,rejected,assert_connectivity,60.000000,1,5.800000,2.653300,1.000000,11.000000,5.080000,2.910945,43.360000,10.449421,0,0,58.923190
1591,1591,0,accepted,none,0.000000,1,5.480000,2.758550,1.000000,11.000000,7.160000,3.817643,49.000000,0.000000,50,0,73.166562
1605,1605,0,rejected,assert_connectivity,60.000000,1,5.520000,2.459593,1.000000,11.000000,6.240000,3.802946,40.000000,12.000000,0,0,72.059067
1604,1604,0,rejected,too_close,60.000000,1,6.440000,1.971395,3.000000,11.000000,7.640000,2.651490,49.000000,0.000000,50,0,70.012881
1606,1606,0,rejected,assert_connectivity,60.000000,1,5.120000,2.160000,0.000000,9.000000,6.080000,3.375441,47.040000,6.720000,0,0,68.964384
1608,1608,0,rejected,assert_connectivity,60.000000,1,5.400000,1.833030,0.000000,10.000000,6.600000,2.262742,47.040000,6.720000,0,0,64.860868
1609,1609,0,rejected,assert_connectivity,60.000000,1,6.080000,2.834361,0.000000,12.000000,6.840000,4.001800,41.520000,11.803796,0,0,64.301587
1599,1599,0,accepted,none,0.000000,1,6.520000,2.156293,1.000000,10.000000,7.440000,3.105865,49.000000,0.000000,50,0,61.091249
1595,1595,0,accepted,none,0.000000,1,6.840000,2.941836,1.000000,11.000000,9.240000,4.567538,49.000000,0.000000,50,0,65.677490
1611,1611,0,rejected,assert_connectivity,60.000000,1,6.720000,3.274385,1.000000,13.000000,7.600000,4.427189,34.920000,13.931030,0,0,67.622889
1610,1610,0,rejected,assert_connectivity,60.000000,1,5.920000,2.440000,0.000000,10.000000,5.640000,2.910395,41.520000,11.803796,0,0,67.426036
1601,1601,0,accepted,none,0.000000,1,5.920000,2.674621,1.000000,12.000000,5.960000,2.972945,49.000000,0.000000,50,0,69.082163
1600,1600,0,accepted,none,0.000000,1,6.680000,3.602444,2.000000,14.000000,9.160000,3.640659,49.000000,0.000000,50,0,74.259719
1614,1614,0,rejected,too_close,60.000000,1,5.520000,2.264862,1.000000,11.000000,6.440000,2.829558,49.000000,0.000000,50,1,68.158844
1613,1613,0,rejected,assert_connectivity,60.000000,1,7.280000,4.079412,0.000000,15.000000,9.520000,4.548582,41.520000,11.803796,0,0,75.519713
1615,1615,0,rejected,assert_connectivity,60.000000,1,5.320000,1.922914,0.000000,9.000000,6.600000,3.052868,45.120000,9.210081,0,0,70.439268
1602,1602,0,accepted,none,0.000000,1,7.040000,3.352372,2.000000,13.000000,9.840000,4.721695,49.000000,0.000000,50,0,60.560959
1618,1618,0,rejected,too_close,60.000000,1,5.760000,2.140654,2.000000,10.000000,7.520000,3.753612,49.000000,0.000000,50,0,68.086865
1607,1607,0,accepted,none,0.000000,1,5.880000,1.955914,3.000000,11.000000,7.480000,3.419006,49.000000,0.000000,50,0,63.408157
1612,1612,0,accepted,none,0.000000,1,5.400000,1.822087,2.000000,9.000000,7.000000,3.268027,49.000000,0.000000,50,0,67.330862
1617,1617,0,accepted,none,0.000000,1,5.800000,1.624808,2.000000,9.000000,7.640000,2.543698,49.000000,0.000000,50,0,66.469001
1619,1619,0,accepted,none,0.000000,1,5.400000,2.172556,1.000000,11.000000,6.480000,2.808843,49.000000,0.000000,50,0,66.791530
1616,1616,0,accepted,none,0.000000,1,6.080000,2.365079,1.000000,10.000000,7.440000,2.281754,49.000000,0.000000,50,0,73.040985
1624,1624,0,rejected,assert_connectivity,60.000000,1,5.760000,2.687452,1.000000,12.000000,6.600000,3.446738,41.640000,11.394314,0,0,63.491541
1620,1620,0,accepted,none,0.000000,1,5.640000,2.659022,1.000000,11.000000,7.480000,3.832701,49.000000,0.000000,50,0,69.263013
1625,1625,0,rejected,assert_connectivity,60.000000,1,5.160000,2.484834,1.000000,10.000000,5.640000,3.179686,45.160000,9.014122,0,0,71.418965
1621,1621,0,accepted,none,0.000000,1,7.200000,3.059412,3.000000,15.000000,6.920000,2.917807,49.000000,0.000000,50,0,60.976500
1622,1622,0,accepted,none,0.000000,1,5.680000,2.284207,1.000000,11.000000,6.040000,2.705254,49.000000,0.000000,50,0,61.068565
1627,1627,0,rejected,assert_connectivity,60.000000,1,5.560000,2.426190,1.000000,11.000000,7.400000,3.358571,43.360000,10.449421,0,0,71.390029
1629,1629,0,rejected,assert_connectivity,60.000000,1,5.480000,2.174764,1.000000,10.000000,5.800000,3.800000,35.560000,12.464606,0,0,59.338405
1628,1628,0,rejected,assert_connectivity,60.000000,1,6.200000,2.925748,0.000000,12.000000,8.080000,3.887621,45.120000,9.210081,0,0,66.971571
1633,1633,0,rejected,assert_connectivity,60.000000,1,7.320000,4.183013,0.000000,15.000000,10.800000,5.817216,41.440000,12.073376,0,0,60.242966
1635,1635,0,rejected,too_close,60.000000,1,5.480000,2.247132,1.000000,10.000000,6.640000,2.725876,49.000000,0.000000,50,0,64.513398
1636,1636,0,rejected,assert_connectivity,60.000000,1,6.800000,3.411744,1.000000,14.000000,7.080000,2.480645,26.560000,7.579340,0,0,69.642738
1623,1623,0,accepted,none,0.000000,1,5.840000,2.194174,1.000000,10.000000,7.600000,3.352611,49.000000,0.000000,50,0,76.018765
1638,1638,0,rejected,assert_connectivity,60.000000,1,6.600000,2.856571,0.000000,11.000000,10.520000,5.060593,47.040000,6.720000,0,0,68.308886
1626,1626,0,accepted,none,0.000000,1,6.240000,2.970253,2.000000,12.000000,7.040000,4.395270,49.000000,0.000000,50,0,58.146286
1639,1639,0,rejected,assert_connectivity,60.000000,1,5.680000,2.185772,1.000000,10.000000,6.760000,3.663659,40.000000,12.000000,0,0,61.220786
1631,1631,0,accepted,none,0.000000,1,5.480000,2.061456,1.000000,9.000000,7.000000,3.815757,49.000000,0.000000,50,0,72.257899
1640,1640,0,rejected,too_close,60.000000,1,5.640000,2.755068,1.000000,12.000000,6.800000,4.009988,49.000000,0.000000,50,0,63.111202
1630,1630,0,accepted,none,0.000000,1,5.680000,2.318965,2.000000,10.000000,7.000000,3.352611,49.000000,0.000000,50,0,67.780908
1632,1632,0,accepted,none,0.000000,1,5.440000,2.376215,1.000000,9.000000,5.720000,2.856851,49.000000,0.000000,50,0,72.825852
1634,1634,0,accepted,none,0.000000,1,5.440000,1.856448,2.000000,9.000000,7.240000,3.597555,49.000000,0.000000,50,0,66.492393
1641,1641,0,rejected,assert_connectivity,60.000000,1,6.000000,3.720215,0.000000,14.000000,7.960000,4.560526,38.240000,12.900481,0,0,72.821002
1646,1646,0,rejected,assert_connectivity,60.000000,1,7.720000,4.166725,0.000000,16.000000,10.640000,5.736759,47.040000,6.720000,0,0,60.196382
1648,1648,0,rejected,too_close,60.000000,1,5.880000,2.303389,2.000000,10.000000,7.720000,3.376626,49.000000,0.000000,50,0,63.470812
1637,1637,0,accepted,none,0.000000,1,5.600000,2.683282,1.000000,12.000000,7.320000,3.797051,49.000000,0.000000,50,0,65.504240
1650,1650,0,rejected,too_close,60.000000,1,6.480000,2.435077,2.000000,13.000000,8.080000,3.953935,49.000000,0.000000,50,0,65.735081
1651,1651,0,rejected,assert_connectivity,60.000000,1,5.320000,2.656614,1.000000,11.000000,7.040000,3.903639,45.160000,9.014122,0,0,66.615929
1642,1642,0,accepted,none,0.000000,1,5.840000,2.369473,2.000000,12.000000,7.000000,4.223742,49.000000,0.000000,50,0,57.619199
1644,1644,0,accepted,none,0.000000,1,6.560000,2.608908,1.000000,11.000000,6.720000,3.292659,49.000000,0.000000,50,0,63.460373
1652,1652,0,rejected,too_close,60.000000,1,6.120000,2.964051,1.000000,10.000000,8.760000,3.977738,49.000000,0.000000,50,0,81.003449
1647,1647,0,accepted,none,0.000000,1,5.120000,1.739425,1.000000,10.000000,7.240000,2.702295,49.000000,0.000000,50,0,74.123371
1653,1653,0,rejected,assert_connectivity,60.000000,1,7.120000,4.366417,0.000000,16.000000,9.080000,5.403110,41.440000,12.073376,0,0,69.805478
1643,1643,0,accepted,none,0.000000,1,5.920000,2.152580,2.000000,10.000000,7.920000,3.064898,49.000000,0.000000,50,0,67.063693
1645,1645,0,accepted,none,0.000000,1,6.880000,3.433016,1.000000,14.000000,9.400000,4.233202,49.000000,0.000000,50,0,67.186747
1654,1654,0,rejected,too_close,60.000000,1,6.120000,2.178440,1.000000,11.000000,9.120000,4.018159,49.000000,0.000000,50,0,65.058531
1657,1657,0,rejected,too_close,60.000000,1,5.960000,2.382939,2.000000,12.000000,7.240000,3.535873,49.000000,0.000000,50,1,57.037124
1661,1661,0,rejected,assert_connectivity,60.000000,1,6.000000,3.136877,1.000000,12.000000,7.440000,3.623037,35.560000,12.464606,0,0,69.774563
1662,1662,0,rejected,assert_connectivity,60.000000,1,6.320000,3.635602,0.000000,15.000000,7.520000,4.473209,29.280000,11.435104,0,0,62.112310
1649,1649,0,accepted,none,0.000000,1,5.960000,2.568735,1.000000,13.000000,7.520000,3.293873,49.000000,0.000000,50,0,73.078442
1663,1663,0,rejected,assert_connectivity,60.000000,1,6.600000,2.835489,1.000000,13.000000,6.280000,4.673500,24.160000,11.080361,0,0,56.359641
1665,1665,0,rejected,assert_connectivity,60.000000,1,6.040000,2.630285,0.000000,11.000000,8.920000,4.270082,47.040000,6.720000,0,0,60.721979
1666,1666,0,rejected,assert_connectivity,60.000000,1,5.600000,2.172556,1.000000,11.000000,6.640000,3.241975,41.640000,11.394314,0,0,56.489526
1655,1655,0,accepted,none,0.000000,1,6.320000,2.760000,1.000000,12.000000,8.920000,3.825389,49.000000,0.000000,50,0,67.725178
1659,1659,0,accepted,none,0.000000,1,5.560000,2.219550,1.000000,11.000000,6.880000,3.524996,49.000000,0.000000,50,0,61.178787
1656,1656,0,accepted,none,0.000000,1,5.440000,2.201454,1.000000,10.000000,6.560000,2.570292,49.000000,0.000000,50,0,57.379597
1658,1658,0,accepted,none,0.000000,1,6.880000,2.724995,1.000000,11.000000,9.320000,3.911215,49.000000,0.000000,50,0,72.201395
1660,1660,0,accepted,none,0.000000,1,6.360000,2.206898,2.000000,11.000000,7.360000,2.414622,49.000000,0.000000,50,0,55.002361
1668,1668,0,rejected,assert_connectivity,60.000000,1,5.480000,1.941546,0.000000,9.000000,6.400000,2.600000,47.040000,6.720000,0,0,64.712793
1671,1671,0,rejected,assert_connectivity,60.000000,1,6.120000,2.881944,1.000000,13.000000,7.160000,3.711388,41.640000,11.394314,0,0,67.678182
1673,1673,0,rejected,assert_connectivity,60.000000,1,6.000000,2.800000,0.000000,12.000000,6.760000,3.834371,41.520000,11.803796,0,0,68.101747
1674,1674,0,rejected,assert_connectivity,60.000000,1,5.360000,2.037253,0.000000,10.000000,6.080000,3.943805,36.720000,13.102733,0,1,64.785353
1675,1675,0,rejected,too_close,60.000000,1,6.240000,2.371160,2.000000,11.000000,7.840000,2.571848,49.000000,0.000000,50,1,62.001281
1664,1664,0,accepted,none,0.000000,1,6.960000,2.727343,1.000000,13.000000,9.320000,4.722033,49.000000,0.000000,50,0,66.331386
1678,1678,0,rejected,assert_connectivity,60.000000,1,6.040000,3.111013,0.000000,13.000000,5.800000,3.072458,47.040000,6.720000,0,1,66.288532
1667,1667,0,accepted,none,0.000000,1,6.440000,1.951000,2.000000,10.000000,8.080000,3.422514,49.000000,0.000000,50,0,68.175260
1679,1679,0,rejected,assert_connectivity,60.000000,1,5.920000,2.243569,0.000000,11.000000,5.000000,2.800000,47.040000,6.720000,0,0,58.239887
1670,1670,0,accepted,none,0.000000,1,6.080000,2.225668,2.000000,10.000000,8.040000,3.346401,49.000000,0.000000,50,0,67.183323
1669,1669,0,accepted,none,0.000000,1,5.800000,2.088061,1.000000,10.000000,7.920000,3.058366,49.000000,0.000000,50,0,67.332942
1672,1672,0,accepted,none,0.000000,1,6.800000,3.693237,2.000000,15.000000,10.000000,4.690416,49.000000,0.000000,50,0,65.572422
1682,1682,0,rejected,assert_connectivity,60.000000,1,6.800000,3.268027,1.000000,14.000000,8.920000,4.058768,45.160000,9.014122,0,0,63.378530
1677,1677,0,accepted,none,0.000000,1,6.440000,2.601230,1.000000,12.000000,8.040000,4.507594,49.000000,0.000000,50,0,55.502686
1676,1676,0,accepted,none,0.000000,1,6.400000,3.072458,1.000000,13.000000,9.040000,4.014773,49.000000,0.000000,50,0,73.942680
1680,1680,0,accepted,none,0.000000,1,5.920000,1.718604,1.000000,9.000000,6.920000,3.267048,49.000000,0.000000,50,0,61.589126
1681,1681,0,accepted,none,0.000000,1,6.360000,2.520000,2.000000,12.000000,7.240000,3.701675,49.000000,0.000000,50,0,58.518930
1688,1688,0,rejected,assert_connectivity,60.000000,1,6.200000,3.111270,0.000000,12.000000,8.200000,4.543127,47.040000,6.720000,0,0,67.907848
1684,1684,0,accepted,none,0.000000,1,6.120000,2.840000,1.000000,11.000000,7.400000,3.903844,49.000000,0.000000,50,0,54.845883
1683,1683,0,accepted,none,0.000000,1,7.080000,2.791702,3.000000,12.000000,7.280000,2.891643,49.000000,0.000000,50,0,55.442605
1685,1685,0,accepted,none,0.000000,1,6.280000,2.010373,1.000000,10.000000,7.240000,3.307930,49.000000,0.000000,50,0,58.521154
1691,1691,0,rejected,assert_connectivity,60.000000,1,6.360000,3.103289,0.000000,13.000000,8.720000,4.400182,47.040000,6.720000,0,0,71.196201
1692,1692,0,rejected,too_close,60.000000,1,5.760000,2.267686,1.000000,12.000000,6.240000,2.672527,49.000000,0.000000,50,0,69.608807
1686,1686,0,accepted,none,0.000000,1,6.120000,2.680597,1.000000,11.000000,7.120000,3.653163,49.000000,0.000000,50,0,61.653665
1687,1687,0,accepted,none,0.000000,1,6.000000,2.289105,2.000000,11.000000,6.520000,2.934212,49.000000,0.000000,50,0,62.210480
1695,1695,0,rejected,assert_connectivity,60.000000,1,6.160000,2.361017,1.000000,10.000000,7.000000,3.994997,41.640000,11.394314,0,1,61.386168
1696,1696,0,rejected,assert_connectivity,60.000000,1,6.600000,2.630589,0.000000,12.000000,8.720000,4.418325,47.040000,6.720000,0,0,65.330983
1698,1698,0,rejected,too_close,60.000000,1,6.200000,2.107131,1.000000,10.000000,8.680000,3.807571,49.000000,0.000000,50,1,63.450347
1699,1699,0,rejected,assert_connectivity,60.000000,1,6.960000,3.155693,0.000000,13.000000,8.040000,4.098585,43.280000,10.766689,0,0,61.936884
1700,1700,0,rejected,too_close,60.000000,1,6.160000,3.270229,1.000000,13.000000,9.160000,3.854141,49.000000,0.000000,50,1,71.881788
1701,1701,0,rejected,assert_connectivity,60.000000,1,5.320000,2.284207,0.000000,11.000000,6.360000,3.456935,47.040000,6.720000,0,0,63.208519
1702,1702,0,rejected,assert_connectivity,60.000000,1,6.120000,2.294690,0.000000,11.000000,8.560000,3.769138,47.040000,6.720000,0,0,63.069420
1690,1690,0,accepted,none,0.000000,1,6.240000,2.739051,2.000000,11.000000,7.360000,3.581955,49.000000,0.000000,50,0,64.525637
1689,1689,0,accepted,none,0.000000,1,5.920000,2.331008,1.000000,10.000000,5.840000,2.548411,49.000000,0.000000,50,0,61.218716
1704,1704,0,rejected,too_close,60.000000,1,6.160000,2.138785,1.000000,10.000000,7.120000,3.421345,49.000000,0.000000,50,1,66.667205
1705,1705,0,rejected,assert_connectivity,60.000000,1,5.600000,2.227106,1.000000,10.000000,6.840000,3.601999,40.000000,12.000000,0,0,75.102240
1694,1694,0,accepted,none,0.000000,1,5.120000,2.016333,1.000000,9.000000,5.440000,2.458943,49.000000,0.000000,50,0,69.649162
1693,1693,0,accepted,none,0.000000,1,5.560000,2.108649,1.000000,11.000000,6.840000,3.574129,49.000000,0.000000,50,0,66.413811
1707,1707,0,rejected,assert_connectivity,60.000000,1,6.000000,2.253886,0.000000,10.000000,6.120000,3.438837,47.040000,6.720000,0,0,65.649155
1709,1709,0,rejected,too_close,60.000000,1,6.240000,2.177705,1.000000,11.000000,8.280000,3.382543,49.000000,0.000000,50,1,56.963492
1711,1711,0,rejected,assert_connectivity,60.000000,1,4.920000,2.076921,0.000000,10.000000,5.640000,2.978322,47.040000,6.720000,0,0,68.568050
1697,1697,0,accepted,none,0.000000,1,6.440000,2.570292,2.000000,13.000000,6.880000,3.808622,49.000000,0.000000,50,0,64.824963
1712,1712,0,rejected,assert_connectivity,60.000000,1,6.640000,2.355929,0.000000,11.000000,8.160000,3.890296,47.040000,6.720000,0,0,64.724550
1713,1713,0,rejected,too_close,60.000000,1,6.280000,2.400333,2.000000,11.000000,7.040000,2.668033,49.000000,0.000000,50,1,63.917015
1716,1716,0,rejected,assert_connectivity,60.000000,1,7.120000,3.089595,1.000000,13.000000,8.440000,3.623037,45.160000,9.014122,0,0,65.832553
1703,1703,0,accepted,none,0.000000,1,6.640000,2.755068,2.000000,11.000000,6.320000,3.591323,49.000000,0.000000,50,0,60.525994
1718,1718,0,rejected,assert_connectivity,60.000000,1,5.600000,2.181742,1.000000,10.000000,6.400000,3.611094,36.960000,12.491533,0,0,67.337357
1708,1708,0,accepted,none,0.000000,1,5.480000,2.032142,1.000000,10.000000,6.880000,3.017549,49.000000,0.000000,50,0,76.431905
1706,1706,0,accepted,none,0.000000,1,6.160000,1.770424,3.000000,10.000000,9.080000,3.531798,49.000000,0.000000,50,0,60.776115
1720,1720,0,rejected,assert_connectivity,60.000000,1,5.560000,2.237499,0.000000,10.000000,7.720000,3.784389,45.120000,9.210081,0,1,73.599578
1721,1721,0,rejected,too_close,60.000000,1,5.040000,1.548677,2.000000,8.000000,6.360000,2.295735,49.000000,0.000000,50,0,71.012360
1722,1722,0,rejected,too_close,60.000000,1,6.280000,2.209434,2.000000,10.000000,7.720000,3.098645,49.000000,0.000000,50,0,66.320953
1710,1710,0,accepted,none,0.000000,1,6.200000,3.206244,2.000000,12.000000,7.800000,3.572114,49.000000,0.000000,50,0,64.996862
1714,1714,0,accepted,none,0.000000,1,5.960000,2.153695,1.000000,11.000000,7.280000,2.584879,49.000000,0.000000,50,0,69.206141
1724,1724,0,rejected,assert_connectivity,60.000000,1,6.520000,2.467711,1.000000,11.000000,8.120000,4.338848,35.560000,12.464606,0,0,65.601831
1725,1725,0,rejected,too_close,60.000000,1,5.880000,2.650585,1.000000,11.000000,8.560000,3.980754,49.000000,0.000000,50,0,69.000872
1715,1715,0,accepted,none,0.000000,1,6.040000,2.607374,1.000000,11.000000,8.280000,3.747212,49.000000,0.000000,50,0,72.480948
1726,1726,0,rejected,assert_connectivity,60.000000,1,6.640000,3.266558,1.000000,12.000000,7.760000,4.909420,33.440000,14.003085,0,0,63.030584
1728,1728,0,rejected,assert_connectivity,60.000000,1,6.760000,3.478850,1.000000,15.000000,5.600000,3.560899,40.000000,12.000000,0,0,66.345784
1717,1717,0,accepted,none,0.000000,1,6.040000,2.932303,2.000000,12.000000,7.760000,4.216918,49.000000,0.000000,50,0,72.793540
1729,1729,0,rejected,too_close,60.000000,1,6.000000,2.660827,2.000000,13.000000,7.920000,3.260920,49.000000,0.000000,50,1,60.167006
1730,1730,0,rejected,assert_connectivity,60.000000,1,5.680000,2.386965,0.000000,10.000000,7.280000,4.440901,45.120000,9.210081,0,0,67.987197
1731,1731,0,rejected,assert_connectivity,60.000000,1,6.440000,2.871655,0.000000,13.000000,7.560000,3.758510,43.280000,10.766689,0,0,69.062261
1734,1734,0,rejected,assert_connectivity,60.000000,1,5.800000,2.993326,1.000000,12.000000,6.440000,4.280934,39.760000,12.720943,0,0,56.955746
1719,1719,0,accepted,none,0.000000,1,6.320000,2.649075,1.000000,11.000000,6.360000,2.930938,49.000000,0.000000,50,0,57.257418
1735,1735,0,rejected,assert_connectivity,60.000000,1,6.480000,3.014896,0.000000,13.000000,8.160000,3.801894,47.040000,6.720000,0,1,59.451609
1737,1737,0,rejected,assert_connectivity,60.000000,1,5.640000,2.381260,0.000000,10.000000,6.880000,3.664096,47.040000,6.720000,0,1,64.074430
1736,1736,0,rejected,assert_connectivity,60.000000,1,5.560000,2.450796,1.000000,11.000000,8.040000,3.924080,45.160000,9.014122,0,0,73.602635
1739,1739,0,rejected,too_close,60.000000,1,5.760000,2.015540,1.000000,10.000000,7.600000,4.014972,49.000000,0.000000,50,0,70.931699
1740,1740,0,rejected,assert_connectivity,60.000000,1,6.640000,3.122563,0.000000,12.000000,10.240000,4.212173,47.040000,6.720000,0,0,64.872655
1723,1723,0,accepted,none,0.000000,1,6.120000,2.223870,2.000000,11.000000,8.760000,4.202666,49.000000,0.000000,50,0,72.359768
1741,1741,0,rejected,assert_connectivity,60.000000,1,6.640000,2.978322,0.000000,12.000000,8.960000,4.358715,47.040000,6.720000,0,0,60.518210
1742,1742,0,rejected,assert_connectivity,60.000000,1,6.400000,2.993326,2.000000,14.000000,7.200000,4.418144,40.000000,12.000000,0,0,57.309949
1743,1743,0,rejected,assert_connectivity,60.000000,1,5.880000,2.178440,0.000000,10.000000,7.200000,3.752333,47.040000,6.720000,0,0,69.572013
1727,1727,0,accepted,none,0.000000,1,5.920000,2.124523,2.000000,10.000000,7.080000,3.428352,49.000000,0.000000,50,0,66.722956
1744,1744,0,rejected,assert_connectivity,60.000000,1,4.720000,1.939484,1.000000,9.000000,6.400000,3.181195,41.640000,11.394314,0,0,72.131321
1746,1746,0,rejected,assert_connectivity,60.000000,1,5.600000,2.529822,2.000000,11.000000,6.240000,3.690854,43.360000,10.449421,0,0,71.821751
1748,1748,0,rejected,too_close,60.000000,1,6.680000,2.873604,1.000000,12.000000,10.320000,4.491948,49.000000,0.000000,50,1,64.049007
1733,1733,0,accepted,none,0.000000,1,6.360000,2.688940,1.000000,11.000000,4.360000,2.636361,49.000000,0.000000,50,0,63.655428
1750,1750,0,rejected,too_close,60.000000,1,7.960000,4.069201,1.000000,17.000000,7.960000,3.463871,49.000000,0.000000,50,1,58.078147
1732,1732,0,accepted,none,0.000000,1,7.560000,3.424383,2.000000,13.000000,10.000000,4.449719,49.000000,0.000000,50,0,56.710452
1751,1751,0,rejected,too_close,60.000000,1,6.880000,2.775896,1.000000,12.000000,10.640000,4.412528,49.000000,0.000000,50,0,68.279529
1752,1752,0,rejected,assert_connectivity,60.000000,1,6.920000,3.357618,1.000000,13.000000,9.480000,4.805164,36.960000,12.491533,0,0,64.870218
1738,1738,0,accepted,none,0.000000,1,6.360000,2.414622,2.000000,12.000000,7.920000,3.123075,49.000000,0.000000,50,0,64.523926
1754,1754,0,rejected,assert_connectivity,60.000000,1,6.640000,3.284874,0.000000,15.000000,5.560000,3.131517,41.440000,12.073376,0,0,62.711724
1757,1757,0,rejected,assert_connectivity,60.000000,1,6.400000,3.224903,0.000000,12.000000,6.840000,4.076077,47.040000,6.720000,0,0,63.165384
1745,1745,0,accepted,none,0.000000,1,6.440000,2.050951,1.000000,10.000000,7.760000,3.355950,49.000000,0.000000,50,0,62.465151
1758,1758,0,rejected,assert_connectivity,60.000000,1,5.200000,2.009975,1.000000,9.000000,6.160000,3.646149,45.160000,9.014122,0,0,65.200666
1747,1747,0,accepted,none,0.000000,1,6.040000,2.849281,1.000000,12.000000,9.400000,4.660472,49.000000,0.000000,50,0,70.608613
1749,1749,0,accepted,none,0.000000,1,5.720000,1.939484,1.000000,10.000000,7.040000,3.364283,49.000000,0.000000,50,0,70.195672
1761,1761,0,rejected,assert_connectivity,60.000000,1,5.720000,2.498319,0.000000,10.000000,8.120000,4.411984,39.720000,12.843738,0,0,71.222483
1762,1762,0,rejected,assert_connectivity,60.000000,1,5.280000,2.218468,0.000000,10.000000,6.720000,2.366770,47.040000,6.720000,0,1,77.170097
1763,1763,0,rejected,assert_connectivity,60.000000,1,5.720000,2.154437,1.000000,9.000000,8.120000,4.106775,45.160000,9.014122,0,0,71.676521
1764,1764,0,rejected,assert_connectivity,60.000000,1,5.720000,3.098645,0.000000,12.000000,5.520000,3.365947,30.160000,14.770728,0,0,63.155573
1753,1753,0,accepted,none,0.000000,1,6.080000,2.198545,2.000000,11.000000,5.920000,3.254781,49.000000,0.000000,50,0,58.181887
1766,1766,0,rejected,assert_connectivity,60.000000,1,6.000000,2.172556,1.000000,11.000000,6.240000,3.507478,40.000000,12.000000,0,0,58.053496
1767,1767,0,rejected,assert_connectivity,60.000000,1,5.640000,2.471922,1.000000,10.000000,6.680000,3.062287,45.160000,9.014122,0,0,65.006903
1755,1755,0,accepted,none,0.000000,1,6.120000,2.241785,2.000000,10.000000,7.760000,3.307930,49.000000,0.000000,50,0,70.669138
1769,1769,0,rejected,too_close,60.000000,1,5.320000,2.082691,1.000000,10.000000,6.440000,3.347596,49.000000,0.000000,50,0,60.237485
1756,1756,0,accepted,none,0.000000,1,6.200000,2.959730,1.000000,12.000000,7.960000,3.417367,49.000000,0.000000,50,0,74.772276
1770,1770,0,rejected,too_close,60.000000,1,5.880000,2.612585,1.000000,10.000000,6.840000,3.366660,49.000000,0.000000,50,1,66.045500
1771,1771,0,rejected,assert_connectivity,60.000000,1,7.200000,3.200000,1.000000,14.000000,5.960000,3.736094,38.440000,12.348538,0,0,63.878298
1773,1773,0,rejected,assert_connectivity,60.000000,1,5.520000,2.165548,0.000000,9.000000,6.480000,3.201500,47.040000,6.720000,0,0,64.242365
1759,1759,0,accepted,none,0.000000,1,6.240000,2.354230,2.000000,11.000000,8.320000,3.926525,49.000000,0.000000,50,0,61.549738
1776,1776,0,rejected,assert_connectivity,60.000000,1,6.560000,2.662029,0.000000,13.000000,7.360000,4.217867,47.040000,6.720000,0,1,65.520066
1760,1760,0,accepted,none,0.000000,1,6.720000,2.960000,2.000000,13.000000,9.920000,4.698255,49.000000,0.000000,50,0,59.929748
1765,1765,0,accepted,none,0.000000,1,6.000000,1.822087,2.000000,10.000000,6.000000,3.310589,49.000000,0.000000,50,0,63.314383
1777,1777,0,rejected,assert_connectivity,60.000000,1,6.160000,2.859091,1.000000,13.000000,8.040000,4.467483,45.160000,9.014122,0,0,63.709778
1779,1779,0,rejected,too_close,60.000000,1,6.120000,2.643029,2.000000,12.000000,8.120000,3.024169,49.000000,0.000000,50,1,67.735722
1772,1772,0,accepted,none,0.000000,1,5.800000,1.788854,2.000000,9.000000,5.600000,2.946184,49.000000,0.000000,50,0,66.243526
1768,1768,0,accepted,none,0.000000,1,6.760000,2.990385,1.000000,13.000000,7.520000,4.504398,49.000000,0.000000,50,0,67.850585
1782,1782,0,rejected,too_close,60.000000,1,6.080000,2.322413,1.000000,10.000000,7.720000,3.784389,49.000000,0.000000,50,0,65.804756
1783,1783,0,rejected,assert_connectivity,60.000000,1,5.760000,2.709686,1.000000,12.000000,6.400000,3.815757,40.000000,12.000000,0,0,63.624875
1775,1775,0,accepted,none,0.000000,1,5.200000,1.600000,2.000000,10.000000,5.480000,2.342990,49.000000,0.000000,50,0,63.944038
1774,1774,0,accepted,none,0.000000,1,6.200000,2.698148,1.000000,11.000000,8.240000,3.228374,49.000000,0.000000,50,0,70.231293
1784,1784,0,rejected,assert_connectivity,60.000000,1,6.760000,2.860489,1.000000,13.000000,6.600000,4.156922,45.160000,9.014122,0,0,55.084446
1785,1785,0,rejected,assert_connectivity,60.000000,1,5.440000,2.290502,1.000000,11.000000,5.840000,3.227135,43.360000,10.449421,0,0,56.654681
1786,1786,0,rejected,assert_connectivity,60.000000,1,5.760000,2.149977,1.000000,11.000000,6.320000,4.527428,32.360000,13.323303,0,0,60.484519
1788,1788,0,rejected,assert_connectivity,60.000000,1,5.160000,2.052900,0.000000,9.000000,5.800000,3.464102,47.040000,6.720000,0,0,67.532651
1789,1789,0,rejected,too_close,60.000000,1,5.760000,2.404662,2.000000,12.000000,7.720000,3.280488,49.000000,0.000000,50,1,67.777748
1778,1778,0,accepted,none,0.000000,1,6.680000,2.336151,1.000000,11.000000,7.360000,3.708153,49.000000,0.000000,50,0,71.068102
1792,1792,0,rejected,assert_connectivity,60.000000,1,6.000000,3.124100,1.000000,13.000000,7.600000,4.294182,45.160000,9.014122,0,0,58.609720
1780,1780,0,accepted,none,0.000000,1,5.960000,2.668033,1.000000,11.000000,9.480000,4.661502,49.000000,0.000000,50,0,57.351676
1781,1781,0,accepted,none,0.000000,1,6.040000,2.622670,2.000000,13.000000,6.760000,3.326019,49.000000,0.000000,50,0,64.114152
1794,1794,0,rejected,assert_connectivity,60.000000,1,7.280000,3.168848,0.000000,13.000000,7.400000,4.284857,45.120000,9.210081,0,0,66.417443
1795,1795,0,rejected,assert_connectivity,60.000000,1,6.120000,3.140955,1.000000,13.000000,8.760000,4.847927,43.360000,10.449421,0,0,67.624462
1796,1796,0,rejected,assert_connectivity,60.000000,1,6.400000,2.537716,1.000000,12.000000,6.360000,3.297029,45.160000,9.014122,0,0,52.790594
1798,1798,0,rejected,assert_connectivity,60.000000,1,5.720000,2.676117,1.000000,11.000000,7.120000,4.439099,45.160000,9.014122,0,0,71.960455
1799,1799,0,rejected,too_close,60.000000,1,6.600000,2.800000,2.000000,13.000000,8.560000,3.567408,49.000000,0.000000,50,1,65.473649
1800,1800,0,rejected,assert_connectivity,60.000000,1,5.640000,2.179541,0.000000,9.000000,5.400000,3.249615,39.840000,12.485768,0,0,64.964896
1787,1787,0,accepted,none,0.000000,1,5.360000,1.786169,2.000000,9.000000,6.160000,2.795425,49.000000,0.000000,50,0,68.632447
1801,1801,0,rejected,assert_connectivity,60.000000,1,6.280000,2.778777,1.000000,12.000000,7.440000,4.262206,43.360000,10.449421,0,0,68.552755
1802,1802,0,rejected,assert_connectivity,60.000000,1,5.680000,2.618702,1.000000,12.000000,7.240000,4.062315,38.440000,12.348538,0,0,64.915912
1803,1803,0,rejected,assert_connectivity,60.000000,1,6.560000,2.822481,0.000000,12.000000,6.480000,3.305995,47.040000,6.720000,0,0,67.207475
1805,1805,0,rejected,assert_connectivity,60.000000,1,5.520000,2.563123,1.000000,12.000000,4.920000,2.322413,35.560000,12.464606,0,0,65.007563
1790,1790,0,accepted,none,0.000000,1,6.360000,2.520000,1.000000,11.000000,8.000000,4.787484,49.000000,0.000000,50,0,66.801961
1806,1806,0,rejected,assert_connectivity,60.000000,1,6.200000,2.675818,2.000000,12.000000,6.680000,3.679348,25.440000,5.824637,0,0,66.808755
1791,1791,0,accepted,none,0.000000,1,6.400000,2.489980,2.000000,11.000000,7.240000,2.709686,49.000000,0.000000,50,0,62.858865
1793,1793,0,accepted,none,0.000000,1,5.400000,2.449490,1.000000,12.000000,5.640000,2.826730,49.000000,0.000000,50,0,65.699762
1807,1807,0,rejected,assert_connectivity,60.000000,1,5.760000,2.223151,0.000000,11.000000,6.760000,2.825314,47.040000,6.720000,0,0,68.346730
1811,1811,0,rejected,assert_connectivity,60.000000,1,5.200000,1.854724,1.000000,10.000000,6.480000,2.954590,45.160000,9.014122,0,0,69.499262
1812,1812,0,rejected,assert_connectivity,60.000000,1,6.960000,3.783966,0.000000,14.000000,9.360000,5.387987,43.280000,10.766689,0,0,73.727701
1814,1814,0,rejected,too_close,60.000000,1,6.840000,2.452427,1.000000,11.000000,7.120000,3.932633,49.000000,0.000000,50,1,60.068562
1797,1797,0,accepted,none,0.000000,1,6.200000,2.097618,1.000000,10.000000,8.720000,4.336081,49.000000,0.000000,50,0,60.782308
1816,1816,0,rejected,assert_connectivity,60.000000,1,6.120000,2.312055,0.000000,12.000000,8.920000,4.141690,47.040000,6.720000,0,0,70.512723
1804,1804,0,accepted,none,0.000000,1,5.640000,1.884251,2.000000,10.000000,7.040000,3.026285,49.000000,0.000000,50,0,67.028182
1817,1817,0,rejected,too_close,60.000000,1,5.760000,2.709686,1.000000,11.000000,9.280000,4.669218,49.000000,0.000000,50,1,70.053771
1818,1818,0,rejected,assert_connectivity,60.000000,1,5.440000,1.940722,2.000000,9.000000,6.560000,3.470792,43.360000,10.449421,0,0,67.999351
1819,1819,0,rejected,too_close,60.000000,1,6.920000,3.587980,1.000000,15.000000,7.760000,3.952518,49.000000,0.000000,50,0,68.771661
1810,1810,0,accepted,none,0.000000,1,5.040000,1.586947,2.000000,9.000000,7.080000,2.591062,49.000000,0.000000,50,0,65.290313
1808,1808,0,accepted,none,0.000000,1,5.240000,2.258849,1.000000,10.000000,6.360000,3.229613,49.000000,0.000000,50,0,69.138405
1821,1821,0,rejected,assert_connectivity,60.000000,1,5.560000,2.475157,1.000000,12.000000,6.920000,4.529194,24.160000,9.506545,0,0,76.524310
1809,1809,0,accepted,none,0.000000,1,6.280000,2.514279,1.000000,12.000000,7.840000,2.752163,49.000000,0.000000,50,0,74.374814
1824,1824,0,rejected,assert_connectivity,60.000000,1,6.280000,3.274385,0.000000,14.000000,8.160000,4.491592,47.040000,6.720000,0,0,58.889398
1826,1826,0,rejected,assert_connectivity,60.000000,1,6.360000,3.223414,0.000000,12.000000,8.600000,4.123106,43.280000,10.766689,0,0,70.310722
1813,1813,0,accepted,none,0.000000,1,7.600000,3.810512,1.000000,15.000000,11.280000,5.207840,49.000000,0.000000,50,0,59.719170
1827,1827,0,rejected,assert_connectivity,60.000000,1,6.360000,3.103289,1.000000,12.000000,8.120000,5.101529,45.160000,9.014122,0,0,67.155934
1815,1815,0,accepted,none,0.000000,1,5.680000,1.804882,1.000000,9.000000,7.800000,3.224903,49.000000,0.000000,50,0,68.443145
1822,1822,0,accepted,none,0.000000,1,5.800000,2.383275,2.000000,12.000000,7.040000,3.340419,49.000000,0.000000,50,0,64.438227
1820,1820,0,accepted,none,0.000000,1,6.280000,3.218944,1.000000,12.000000,7.880000,3.824343,49.000000,0.000000,50,0,65.275758
1823,1823,0,accepted,none,0.000000,1,7.640000,4.550868,2.000000,16.000000,8.560000,3.430219,49.000000,0.000000,50,0,63.822684
1825,1825,0,accepted,none,0.000000,1,6.400000,2.513961,1.000000,11.000000,7.720000,2.218468,49.000000,0.000000,50,0,73.307152
1833,1833,0,rejected,assert_connectivity,60.000000,1,6.800000,3.762978,0.000000,14.000000,9.680000,4.314812,47.040000,6.720000,0,0,74.240537
1830,1830,0,accepted,none,0.000000,1,5.280000,2.191255,1.000000,11.000000,6.720000,2.870819,49.000000,0.000000,50,0,68.554072
1828,1828,0,accepted,none,0.000000,1,6.480000,2.941020,1.000000,13.000000,5.960000,2.690427,49.000000,0.000000,50,0,65.521328
1829,1829,0,accepted,none,0.000000,1,6.240000,2.214136,2.000000,11.000000,6.440000,2.920000,49.000000,0.000000,50,0,64.232857
1835,1835,0,rejected,assert_connectivity,60.000000,1,6.280000,2.749836,0.000000,13.000000,6.000000,3.815757,37.960000,13.652780,0,0,73.494087
1837,1837,0,rejected,assert_connectivity,60.000000,1,5.560000,2.108649,1.000000,10.000000,7.040000,2.645449,24.640000,3.948468,0,0,63.185018
1836,1836,0,rejected,too_close,60.000000,1,6.560000,2.684474,1.000000,12.000000,8.760000,4.091748,49.000000,0.000000,50,1,55.270900
1838,1838,0,rejected,too_close,60.000000,1,6.360000,2.551549,1.000000,12.000000,7.400000,3.810512,49.000000,0.000000,50,1,56.554022
1839,1839,0,rejected,assert_connectivity,60.000000,1,6.120000,2.259557,0.000000,10.000000,7.320000,3.101226,47.040000,6.720000,0,1,64.006249
1841,1841,0,rejected,too_close,60.000000,1,5.840000,1.993590,2.000000,9.000000,6.720000,2.638484,49.000000,0.000000,50,0,67.815738
1843,1843,0,rejected,too_close,60.000000,1,5.120000,1.644871,1.000000,8.000000,5.760000,2.421239,49.000000,0.000000,50,1,67.625367
1842,1842,0,rejected,assert_connectivity,60.000000,1,6.400000,2.253886,0.000000,11.000000,7.960000,3.370223,47.040000,6.720000,0,0,73.615096
1844,1844,0,rejected,assert_connectivity,60.000000,1,6.280000,2.400333,1.000000,12.000000,6.480000,3.144773,45.160000,9.014122,0,0,58.920973
1831,1831,0,accepted,none,0.000000,1,6.040000,2.959459,1.000000,12.000000,8.120000,3.871124,49.000000,0.000000,50,0,57.546099
1845,1845,0,rejected,assert_connectivity,60.000000,1,6.440000,2.864681,0.000000,12.000000,7.840000,4.095656,43.280000,10.766689,0,0,67.739816
1846,1846,0,rejected,assert_connectivity,60.000000,1,6.320000,2.257787,0.000000,10.000000,8.560000,3.522272,47.040000,6.720000,0,0,63.655468
1832,1832,0,accepted,none,0.000000,1,6.000000,1.876166,2.000000,11.000000,7.240000,3.209735,49.000000,0.000000,50,0,65.459926
1847,1847,0,rejected,assert_connectivity,60.000000,1,5.280000,1.980303,0.000000,10.000000,6.600000,3.555278,47.040000,6.720000,0,0,62.804261
1848,1848,0,rejected,assert_connectivity,60.000000,1,6.000000,2.553429,1.000000,11.000000,8.600000,4.345112,41.640000,11.394314,0,0,63.143084
1850,1850,0,rejected,assert_connectivity,60.000000,1,6.520000,3.207741,0.000000,12.000000,7.880000,4.193519,43.280000,10.766689,0,0,75.812084
1851,1851,0,rejected,assert_connectivity,60.000000,1,6.440000,2.829558,1.000000,12.000000,6.000000,3.605551,45.160000,9.014122,0,0,68.200754
1852,1852,0,rejected,too_close,60.000000,1,5.560000,1.888491,1.000000,9.000000,6.160000,2.955402,49.000000,0.000000,50,1,64.511369
1853,1853,0,rejected,assert_connectivity,60.000000,1,6.120000,2.285957,0.000000,11.000000,7.240000,3.473097,47.040000,6.720000,0,0,66.946681
1854,1854,0,rejected,assert_connectivity,60.000000,1,6.200000,2.374868,1.000000,10.000000,6.880000,2.303389,25.000000,4.898979,0,0,72.793449
1834,1834,0,accepted,none,0.000000,1,6.480000,3.238765,1.000000,13.000000,6.760000,3.886181,49.000000,0.000000,50,0,57.783941
1855,1855,0,rejected,assert_connectivity,60.000000,1,6.520000,2.662630,0.000000,12.000000,8.680000,4.610596,47.040000,6.720000,0,0,79.305030
1856,1856,0,rejected,assert_connectivity,60.000000,1,7.720000,3.079221,0.000000,13.000000,10.840000,4.129697,47.040000,6.720000,0,0,60.600696
1857,1857,0,rejected,assert_connectivity,60.000000,1,6.400000,3.274141,1.000000,13.000000,6.960000,4.358715,38.440000,12.348538,0,0,62.589713
1859,1859,0,rejected,assert_connectivity,60.000000,1,6.080000,2.644542,1.000000,11.000000,5.720000,2.814534,45.160000,9.014122,0,0,56.641926
1861,1861,0,rejected,assert_connectivity,60.000000,1,7.720000,3.731166,1.000000,15.000000,9.840000,4.662017,45.160000,9.014122,0,0,69.981704
1840,1840,0,accepted,none,0.000000,1,6.720000,2.771570,2.000000,12.000000,6.880000,2.627851,49.000000,0.000000,50,0,55.011392
1864,1864,0,rejected,assert_connectivity,60.000000,1,6.160000,2.618091,1.000000,12.000000,6.560000,4.332020,43.360000,10.449421,0,0,59.218468
1849,1849,0,accepted,none,0.000000,1,6.520000,2.872212,2.000000,13.000000,6.360000,3.185969,49.000000,0.000000,50,0,57.660190
1858,1858,0,accepted,none,0.000000,1,4.920000,2.018316,2.000000,10.000000,6.240000,3.190987,49.000000,0.000000,50,0,74.696839
1867,1867,0,rejected,assert_connectivity,60.000000,1,5.880000,3.102515,1.000000,12.000000,7.040000,4.049494,43.360000,10.449421,0,0,66.114639
1860,1860,0,accepted,none,0.000000,1,6.600000,2.884441,1.000000,11.000000,8.560000,3.470792,49.000000,0.000000,50,0,61.890244
1869,1869,0,rejected,too_close,60.000000,1,7.200000,3.364521,1.000000,14.000000,10.400000,3.789459,49.000000,0.000000,50,1,70.148060
1863,1863,0,accepted,none,0.000000,1,5.560000,2.281754,1.000000,11.000000,6.120000,3.609100,49.000000,0.000000,50,0,67.650277
1862,1862,0,accepted,none,0.000000,1,5.640000,2.527924,1.000000,12.000000,6.720000,3.515907,49.000000,0.000000,50,0,57.045224
1871,1871,0,rejected,assert_connectivity,60.000000,1,6.080000,2.322413,0.000000,10.000000,6.480000,3.628994,47.040000,6.720000,0,0,65.548969
1872,1872,0,rejected,assert_connectivity,60.000000,1,5.520000,2.586426,1.000000,11.000000,5.080000,3.186471,41.480000,11.936901,0,0,67.876133
1865,1865,0,accepted,none,0.000000,1,6.680000,3.679348,1.000000,15.000000,8.000000,4.098780,49.000000,0.000000,50,0,65.498653
1875,1875,0,rejected,assert_connectivity,60.000000,1,7.640000,5.070542,0.000000,16.000000,5.840000,4.428815,30.600000,13.972831,0,0,55.835690
1866,1866,0,accepted,none,0.000000,1,6.160000,3.002399,1.000000,12.000000,8.520000,3.981156,49.000000,0.000000,50,0,65.630087
1877,1877,0,rejected,assert_connectivity,60.000000,1,6.240000,2.494474,1.000000,13.000000,6.720000,3.752546,45.160000,9.014122,0,0,65.570701
1878,1878,0,rejected,assert_connectivity,60.000000,1,5.720000,2.209434,0.000000,9.000000,5.800000,3.078961,47.040000,6.720000,0,0,68.618028
1880,1880,0,rejected,assert_connectivity,60.000000,1,5.720000,1.960000,1.000000,11.000000,6.640000,3.637362,40.000000,12.000000,0,0,60.353960
1868,1868,0,accepted,none,0.000000,1,5.880000,2.620229,2.000000,11.000000,7.520000,3.360000,49.000000,0.000000,50,0,71.493097
1881,1881,0,rejected,too_close,60.000000,1,5.680000,2.327574,1.000000,11.000000,6.440000,2.639394,49.000000,0.000000,50,0,59.453046
1870,1870,0,accepted,none,0.000000,1,5.040000,1.989573,1.000000,10.000000,5.120000,2.717646,49.000000,0.000000,50,0,60.937515
1883,1883,0,rejected,assert_connectivity,60.000000,1,5.800000,2.698148,1.000000,12.000000,7.120000,3.302363,39.760000,12.720943,0,0,66.107959
1873,1873,0,accepted,none,0.000000,1,6.640000,2.776761,1.000000,13.000000,10.480000,4.327771,49.000000,0.000000,50,0,67.169804
1874,1874,0,accepted,none,0.000000,1,7.120000,3.473557,1.000000,15.000000,7.440000,3.656009,49.000000,0.000000,50,0,59.568282
1876,1876,0,accepted,none,0.000000,1,6.280000,3.644393,1.000000,14.000000,8.320000,4.580131,49.000000,0.000000,50,0,69.165768
1879,1879,0,accepted,none,0.000000,1,6.680000,3.016223,1.000000,12.000000,9.680000,4.337926,49.000000,0.000000,50,0,65.529833
1888,1888,0,rejected,too_close,60.000000,1,5.320000,1.870187,2.000000,9.000000,5.880000,3.108955,49.000000,0.000000,50,1,66.252078
1889,1889,0,rejected,too_close,60.000000,1,6.680000,2.469332,1.000000,11.000000,8.280000,2.877777,49.000000,0.000000,50,0,65.001279
1890,1890,0,rejected,assert_connectivity,60.000000,1,5.120000,2.259557,0.000000,10.000000,7.040000,3.757446,47.040000,6.720000,0,0,74.368578
1891,1891,0,rejected,assert_connectivity,60.000000,1,5.560000,2.538976,1.000000,11.000000,6.360000,3.333227,45.160000,9.014122,0,0,68.324858
1884,1884,0,accepted,none,0.000000,1,5.720000,2.545899,1.000000,11.000000,8.200000,4.029888,49.000000,0.000000,50,0,60.428242
1882,1882,0,accepted,none,0.000000,1,7.800000,3.572114,1.000000,14.000000,9.240000,4.067235,49.000000,0.000000,50,0,55.394039
1885,1885,0,accepted,none,0.000000,1,5.560000,2.164809,1.000000,10.000000,7.000000,3.181195,49.000000,0.000000,50,0,71.817185
1894,1894,0,rejected,assert_connectivity,60.000000,1,6.680000,2.580233,1.000000,11.000000,6.880000,3.241234,43.360000,10.449421,0,0,67.112492
1886,1886,0,accepted,none,0.000000,1,5.480000,2.238214,1.000000,12.000000,6.520000,3.528399,49.000000,0.000000,50,0,59.660561
1895,1895,0,rejected,too_close,60.000000,1,6.440000,2.706732,1.000000,12.000000,7.640000,3.456935,49.000000,0.000000,50,0,64.193260
1897,1897,0,rejected,assert_connectivity,60.000000,1,5.720000,2.691022,1.000000,11.000000,6.840000,3.905688,43.360000,10.449421,0,0,64.059190
1900,1900,0,rejected,assert_connectivity,60.000000,1,6.200000,2.600000,0.000000,11.000000,5.480000,3.453925,28.000000,13.549908,0,0,60.699640
1887,1887,0,accepted,none,0.000000,1,6.640000,2.381260,1.000000,11.000000,9.200000,4.418144,49.000000,0.000000,50,0,62.577695
1901,1901,0,rejected,assert_connectivity,60.000000,1,6.920000,2.904066,0.000000,13.000000,6.320000,3.270719,47.040000,6.720000,0,0,61.791555
1902,1902,0,rejected,too_close,60.000000,1,6.680000,2.664132,2.000000,12.000000,8.800000,3.429286,49.000000,0.000000,50,1,59.388283
1903,1903,0,rejected,assert_connectivity,60.000000,1,5.920000,2.614116,1.000000,12.000000,7.720000,3.394348,43.360000,10.449421,0,0,56.140928
1905,1905,0,rejected,too_close,60.000000,1,6.800000,2.973214,2.000000,13.000000,8.840000,3.780794,49.000000,0.000000,50,1,67.797780
1892,1892,0,accepted,none,0.000000,1,5.560000,2.089593,1.000000,9.000000,7.360000,3.508618,49.000000,0.000000,50,0,71.761071
1893,1893,0,accepted,none,0.000000,1,6.040000,2.675519,1.000000,11.000000,7.200000,3.847077,49.000000,0.000000,50,0,68.760560
1906,1906,0,rejected,assert_connectivity,60.000000,1,7.000000,2.545584,0.000000,12.000000,7.120000,3.553252,47.040000,6.720000,0,0,64.263698
1907,1907,0,rejected,assert_connectivity,60.000000,1,5.800000,3.492850,1.000000,13.000000,7.080000,3.814918,39.760000,12.720943,0,0,67.260721
1896,1896,0,accepted,none,0.000000,1,5.360000,2.711162,1.000000,11.000000,6.520000,3.377810,49.000000,0.000000,50,0,75.684821
1908,1908,0,rejected,assert_connectivity,60.000000,1,6.920000,3.565614,0.000000,13.000000,8.320000,5.270446,41.440000,12.073376,0,0,64.096806
1898,1898,0,accepted,none,0.000000,1,5.440000,1.614435,3.000000,8.000000,5.840000,2.873047,49.000000,0.000000,50,0,68.594764
1909,1909,0,rejected,assert_connectivity,60.000000,1,6.840000,2.625719,0.000000,12.000000,8.120000,3.586865,41.520000,11.803796,0,0,56.078719
1910,1910,0,rejected,too_close,60.000000,1,6.120000,2.462844,1.000000,10.000000,7.160000,3.546040,49.000000,0.000000,50,0,71.640430
1899,1899,0,accepted,none,0.000000,1,5.760000,1.975449,1.000000,11.000000,8.000000,3.405877,49.000000,0.000000,50,0,70.739599
1912,1912,0,rejected,assert_connectivity,60.000000,1,6.440000,3.007723,0.000000,12.000000,7.600000,4.467662,47.040000,6.720000,0,1,62.742962
1916,1916,0,rejected,assert_connectivity,60.000000,1,6.240000,2.825314,1.000000,11.000000,8.400000,5.106858,36.480000,13.682456,0,0,72.512308
1918,1918,0,rejected,too_close,60.000000,1,6.200000,2.727636,1.000000,12.000000,8.400000,3.549648,49.000000,0.000000,50,0,66.561709
1919,1919,0,rejected,assert_connectivity,60.000000,1,5.560000,2.316549,1.000000,10.000000,4.880000,2.811690,43.360000,10.449421,0,0,51.545740
1904,1904,0,accepted,none,0.000000,1,6.280000,2.400333,1.000000,12.000000,7.840000,3.460405,49.000000,0.000000,50,0,62.673919
1921,1921,0,rejected,too_close,60.000000,1,5.800000,1.969772,1.000000,9.000000,6.480000,3.699946,49.000000,0.000000,50,0,64.524912
1922,1922,0,rejected,assert_connectivity,60.000000,1,6.280000,2.912319,1.000000,12.000000,8.400000,3.826225,45.160000,9.014122,0,0,72.489184
1915,1915,0,accepted,none,0.000000,1,5.960000,2.280000,1.000000,12.000000,7.960000,4.059360,49.000000,0.000000,50,0,69.515772
1923,1923,0,rejected,assert_connectivity,60.000000,1,6.720000,3.149857,0.000000,12.000000,7.520000,4.704211,35.280000,13.130179,0,0,66.280843
1917,1917,0,accepted,none,0.000000,1,6.040000,2.584260,1.000000,11.000000,7.560000,3.256747,49.000000,0.000000,50,0,63.675851
1911,1911,0,accepted,none,0.000000,1,6.480000,2.988244,1.000000,13.000000,8.800000,4.363485,49.000000,0.000000,50,0,65.874245
1914,1914,0,accepted,none,0.000000,1,5.960000,2.806849,1.000000,12.000000,6.520000,3.966056,49.000000,0.000000,50,0,73.609883
1924,1924,0,rejected,assert_connectivity,60.000000,1,7.000000,3.340659,1.000000,13.000000,8.480000,4.846607,43.360000,10.449421,0,0,57.772942
1925,1925,0,rejected,assert_connectivity,60.000000,1,5.520000,2.264862,0.000000,9.000000,6.600000,3.091925,47.040000,6.720000,0,0,60.621479
1926,1926,0,rejected,assert_connectivity,60.000000,1,6.840000,2.975634,0.000000,13.000000,7.680000,4.071560,47.040000,6.720000,0,1,58.969659
1913,1913,0,accepted,none,0.000000,1,8.000000,3.411744,1.000000,15.000000,8.400000,3.660601,49.000000,0.000000,50,0,61.584426
1928,1928,0,rejected,assert_connectivity,60.000000,1,6.280000,2.375205,0.000000,11.000000,8.600000,4.547527,47.040000,6.720000,0,0,56.636002
1929,1929,0,rejected,too_close,60.000000,1,6.880000,2.695478,1.000000,11.000000,9.440000,3.533610,49.000000,0.000000,50,1,71.591108
1932,1932,0,rejected,assert_connectivity,60.000000,1,6.880000,3.421345,1.000000,14.000000,7.200000,3.588872,45.160000,9.014122,0,0,65.591072
1934,1934,0,rejected,assert_connectivity,60.000000,1,5.640000,2.188698,1.000000,9.000000,7.760000,3.728592,45.160000,9.014122,0,0,62.143181
1935,1935,0,rejected,assert_connectivity,60.000000,1,6.120000,3.210234,0.000000,12.000000,7.760000,4.709820,39.720000,12.843738,0,0,73.776947
1920,1920,0,accepted,none,0.000000,1,5.680000,2.436719,1.000000,11.000000,7.200000,3.538361,49.000000,0.000000,50,0,62.939428
1936,1936,0,rejected,too_close,60.000000,1,5.680000,2.043918,1.000000,9.000000,8.160000,3.431385,49.000000,0.000000,50,1,66.370131
1937,1937,0,rejected,assert_connectivity,60.000000,1,5.520000,3.511353,1.000000,13.000000,7.240000,4.461211,38.080000,13.323423,0,0,67.122192
1940,1940,0,rejected,assert_connectivity,60.000000,1,6.560000,3.527946,0.000000,13.000000,7.320000,4.941417,39.720000,12.843738,0,0,67.238401
1941,1941,0,rejected,assert_connectivity,60.000000,1,5.640000,2.431131,0.000000,11.000000,7.360000,4.189320,45.120000,9.210081,0,0,72.259196
1942,1942,0,rejected,assert_connectivity,60.000000,1,6.840000,2.110545,0.000000,12.000000,8.480000,4.695700,47.040000,6.720000,0,0,63.044132
1927,1927,0,accepted,none,0.000000,1,6.160000,2.715585,1.000000,11.000000,7.880000,4.283176,49.000000,0.000000,50,0,67.930504
1931,1931,0,accepted,none,0.000000,1,5.240000,2.494474,2.000000,11.000000,6.840000,3.754251,49.000000,0.000000,50,0,65.163125
1930,1930,0,accepted,none,0.000000,1,5.880000,2.454710,1.000000,10.000000,6.960000,3.376152,49.000000,0.000000,50,0,61.934687
1943,1943,0,rejected,assert_connectivity,60.000000,1,6.120000,2.503118,1.000000,11.000000,7.640000,4.097609,38.120000,13.219138,0,0,58.729732
1944,1944,0,rejected,assert_connectivity,60.000000,1,5.160000,1.701294,0.000000,8.000000,6.160000,3.640659,38.240000,12.900481,0,0,69.353319
1945,1945,0,rejected,assert_connectivity,60.000000,1,5.640000,2.215942,1.000000,10.000000,6.200000,3.464102,41.640000,11.394314,0,0,69.948826
1933,1933,0,accepted,none,0.000000,1,7.040000,2.591988,2.000000,13.000000,10.320000,4.896693,49.000000,0.000000,50,0,56.006362
1947,1947,0,rejected,assert_connectivity,60.000000,1,7.360000,2.567177,0.000000,13.000000,10.080000,4.620996,47.040000,6.720000,0,0,67.992952
1948,1948,0,rejected,assert_connectivity,60.000000,1,8.880000,3.625686,0.000000,16.000000,10.560000,4.725082,47.040000,6.720000,0,0,60.603472
1952,1952,0,rejected,assert_connectivity,60.000000,1,6.360000,3.631859,1.000000,14.000000,8.720000,4.613198,41.480000,11.936901,0,0,70.156042
1938,1938,0,accepted,none,0.000000,1,5.840000,2.587354,2.000000,13.000000,7.600000,3.872983,49.000000,0.000000,50,0,63.990697
1939,1939,0,accepted,none,0.000000,1,6.560000,3.073500,2.000000,14.000000,8.800000,3.841875,49.000000,0.000000,50,0,65.659200
1946,1946,0,accepted,none,0.000000,1,5.880000,2.160000,1.000000,10.000000,6.680000,2.477418,49.000000,0.000000,50,0,65.514358
1949,1949,0,accepted,none,0.000000,1,5.840000,2.221351,1.000000,10.000000,7.320000,3.802315,49.000000,0.000000,50,0,66.040399
1950,1950,0,accepted,none,0.000000,1,6.720000,2.953236,1.000000,13.000000,7.880000,4.760840,49.000000,0.000000,50,0,60.249196
1953,1953,0,accepted,none,0.000000,1,4.840000,1.792875,1.000000,8.000000,5.360000,3.229613,49.000000,0.000000,50,0,55.709842
1951,1951,0,accepted,none,0.000000,1,6.600000,2.675818,1.000000,12.000000,9.600000,4.214262,49.000000,0.000000,50,0,67.316725
1958,1958,0,rejected,assert_connectivity,60.000000,1,5.800000,2.622975,2.000000,12.000000,6.480000,3.945833,40.000000,12.000000,0,0,67.175702
1959,1959,0,rejected,assert_connectivity,60.000000,1,6.360000,2.924107,1.000000,14.000000,9.600000,4.741308,41.640000,11.394314,0,0,72.247192
1960,1960,0,rejected,assert_connectivity,60.000000,1,6.720000,2.946455,1.000000,13.000000,7.160000,3.471945,45.160000,9.014122,0,0,53.437701
1961,1961,0,rejected,assert_connectivity,60.000000,1,5.520000,2.109407,1.000000,9.000000,6.600000,3.919184,36.960000,12.491533,0,0,62.093450
1962,1962,0,rejected,assert_connectivity,60.000000,1,5.680000,2.301652,1.000000,9.000000,7.080000,3.315660,45.160000,9.014122,0,0,64.370681
1955,1955,0,accepted,none,0.000000,1,5.880000,2.658120,1.000000,12.000000,8.200000,4.137632,49.000000,0.000000,50,0,68.850115
1963,1963,0,rejected,assert_connectivity,60.000000,1,6.840000,3.100710,0.000000,13.000000,9.120000,4.439099,47.040000,6.720000,0,1,63.706711
1964,1964,0,rejected,assert_connectivity,60.000000,1,6.960000,3.130240,0.000000,13.000000,8.520000,3.595775,47.040000,6.720000,0,0,72.144534
1954,1954,0,accepted,none,0.000000,1,7.760000,3.332026,2.000000,15.000000,9.640000,4.453134,49.000000,0.000000,50,0,60.763010
1965,1965,0,rejected,assert_connectivity,60.000000,1,5.960000,2.986369,1.000000,12.000000,5.000000,2.465766,32.040000,13.926895,0,0,65.308360
1966,1966,0,rejected,assert_connectivity,60.000000,1,6.240000,2.680000,0.000000,10.000000,4.800000,3.757659,26.480000,11.708527,0,0,64.366629
1967,1967,0,rejected,too_close,60.000000,1,5.800000,2.433105,1.000000,10.000000,7.600000,3.498571,49.000000,0.000000,50,1,69.424296
1969,1969,0,rejected,assert_connectivity,60.000000,1,5.920000,2.798857,1.000000,11.000000,6.320000,3.518181,41.640000,11.394314,0,0,69.423040
1968,1968,0,rejected,assert_connectivity,60.000000,1,6.240000,2.702295,0.000000,12.000000,8.920000,4.270082,47.040000,6.720000,0,1,70.913165
1973,1973,0,rejected,assert_connectivity,60.000000,1,5.560000,1.733897,1.000000,10.000000,6.400000,2.545584,25.960000,6.720000,0,1,73.235873
1974,1974,0,rejected,assert_connectivity,60.000000,1,5.240000,2.005592,1.000000,11.000000,5.600000,4.137632,35.080000,13.582106,0,0,58.765701
1957,1957,0,accepted,none,0.000000,1,5.160000,2.500880,1.000000,11.000000,5.880000,3.296301,49.000000,0.000000,50,0,70.310575
1976,1976,0,rejected,assert_connectivity,60.000000,1,6.040000,3.039474,1.000000,12.000000,7.160000,4.342165,31.840000,11.598896,0,1,67.790959
1956,1956,0,accepted,none,0.000000,1,6.320000,2.781654,1.000000,11.000000,7.880000,3.235058,49.000000,0.000000,50,0,67.721910
1977,1977,0,rejected,assert_connectivity,60.000000,1,5.560000,2.409647,1.000000,10.000000,7.000000,3.682391,45.160000,9.014122,0,0,60.589365
1979,1979,0,rejected,assert_connectivity,60.000000,1,6.000000,2.925748,1.000000,13.000000,6.720000,4.494619,45.160000,9.014122,0,0,71.171558
1981,1981,0,rejected,assert_connectivity,60.000000,1,6.160000,2.318275,1.000000,11.000000,8.400000,3.800000,45.160000,9.014122,0,0,68.858212
1970,1970,0,accepted,none,0.000000,1,5.160000,1.858602,1.000000,9.000000,6.480000,2.974828,49.000000,0.000000,50,0,62.440986
1971,1971,0,accepted,none,0.000000,1,5.480000,1.746310,1.000000,9.000000,6.840000,3.618619,49.000000,0.000000,50,0,68.305354
1983,1983,0,rejected,too_close,60.000000,1,6.680000,2.266627,1.000000,12.000000,9.520000,3.360000,49.000000,0.000000,50,0,66.519449
1972,1972,0,accepted,none,0.000000,1,5.320000,2.240000,2.000000,11.000000,6.960000,2.599692,49.000000,0.000000,50,0,70.676861
1975,1975,0,accepted,none,0.000000,1,5.600000,2.537716,1.000000,12.000000,6.680000,3.426018,49.000000,0.000000,50,0,69.871116
1984,1984,0,rejected,too_close,60.000000,1,6.120000,2.977516,1.000000,11.000000,7.800000,3.934463,49.000000,0.000000,50,0,68.249003
1985,1985,0,rejected,assert_connectivity,60.000000,1,5.960000,2.918630,1.000000,14.000000,7.320000,3.120513,27.240000,8.396571,0,0,70.112544
1986,1986,0,rejected,assert_connectivity,60.000000,1,5.920000,3.369510,1.000000,13.000000,6.200000,4.303487,32.000000,14.000000,0,0,70.378759
1987,1987,0,rejected,assert_connectivity,60.000000,1,6.080000,2.791702,0.000000,12.000000,8.600000,4.404543,47.040000,6.720000,0,0,67.524024
1988,1988,0,rejected,assert_connectivity,60.000000,1,6.520000,2.547469,0.000000,11.000000,8.080000,4.053838,39.840000,12.485768,0,0,65.028507
1989,1989,0,rejected,too_close,60.000000,1,5.280000,2.107510,1.000000,10.000000,6.920000,3.012242,49.000000,0.000000,50,0,68.675834
1990,1990,0,rejected,assert_connectivity,60.000000,1,6.400000,2.349468,1.000000,10.000000,7.360000,4.107359,43.360000,10.449421,0,0,68.730239
1991,1991,0,rejected,assert_connectivity,60.000000,1,6.000000,2.660827,1.000000,12.000000,7.160000,3.028927,45.160000,9.014122,0,0,64.515346
1992,1992,0,rejected,too_close,60.000000,1,6.280000,2.691022,1.000000,11.000000,8.200000,3.852272,49.000000,0.000000,50,0,66.297526
1995,1995,0,rejected,assert_connectivity,60.000000,1,5.760000,2.149977,2.000000,11.000000,6.440000,3.137897,25.440000,5.824637,0,0,66.547354
1980,1980,0,accepted,none,0.000000,1,6.480000,3.226391,1.000000,13.000000,8.640000,4.274389,49.000000,0.000000,50,0,64.050035
1978,1978,0,accepted,none,0.000000,1,6.120000,2.084610,2.000000,12.000000,8.520000,3.899949,49.000000,0.000000,50,0,68.070750
1997,1997,0,rejected,assert_connectivity,60.000000,1,5.480000,2.041960,0.000000,10.000000,7.760000,3.760638,47.040000,6.720000,0,0,67.413411
1998,1998,0,rejected,assert_connectivity,60.000000,1,7.160000,2.625719,0.000000,12.000000,7.400000,3.538361,47.040000,6.720000,0,0,61.517860
2000,2000,0,rejected,assert_connectivity,60.000000,1,5.920000,2.674621,0.000000,13.000000,6.680000,3.431851,47.040000,6.720000,0,0,68.395219
2001,2001,0,rejected,assert_connectivity,60.000000,1,6.240000,2.293992,2.000000,11.000000,5.480000,3.348074,43.360000,10.449421,0,0,56.902478
1982,1982,0,accepted,none,0.000000,1,6.360000,2.924107,1.000000,12.000000,8.440000,4.186454,49.000000,0.000000,50,0,72.619354
2002,2002,0,rejected,assert_connectivity,60.000000,1,6.320000,3.301151,0.000000,14.000000,8.720000,4.849907,41.440000,12.073376,0,1,68.243208
2003,2003,0,rejected,too_close,60.000000,1,5.520000,2.022276,1.000000,10.000000,7.000000,3.310589,49.000000,0.000000,50,1,68.270399
2004,2004,0,rejected,assert_connectivity,60.000000,1,5.200000,2.181742,0.000000,11.000000,7.400000,3.698648,47.040000,6.720000,0,0,71.103055
2005,2005,0,rejected,too_close,60.000000,1,5.160000,1.488086,2.000000,8.000000,6.240000,3.121282,49.000000,0.000000,50,0,69.778618
2006,2006,0,rejected,too_close,60.000000,1,5.440000,2.031354,1.000000,11.000000,6.080000,3.254781,49.000000,0.000000,50,0,59.564875
2008,2008,0,rejected,assert_connectivity,60.000000,1,5.800000,2.807134,2.000000,12.000000,6.320000,2.996264,38.440000,12.348538,0,0,62.940920
2009,2009,0,rejected,assert_connectivity,60.000000,1,6.520000,3.354042,1.000000,14.000000,6.440000,3.341616,25.960000,6.720000,0,0,64.566881
2010,2010,0,rejected,assert_connectivity,60.000000,1,6.440000,2.714111,0.000000,11.000000,7.880000,3.792835,43.280000,10.766689,0,0,61.691324
1996,1996,0,accepted,none,0.000000,1,5.280000,2.400333,1.000000,11.000000,5.320000,2.817375,49.000000,0.000000,50,0,65.982580
1999,1999,0,accepted,none,0.000000,1,5.480000,1.699882,1.000000,8.000000,7.120000,3.284144,49.000000,0.000000,50,0,55.981852
1993,1993,0,accepted,none,0.000000,1,7.120000,3.057057,2.000000,12.000000,10.000000,4.656179,49.000000,0.000000,50,0,70.295484
2012,2012,0,rejected,assert_connectivity,60.000000,1,5.120000,1.904101,0.000000,9.000000,5.160000,2.564059,47.040000,6.720000,0,0,67.633591
1994,1994,0,accepted,none,0.000000,1,6.320000,2.969444,1.000000,12.000000,8.360000,4.213122,49.000000,0.000000,50,0,68.089436
2014,2014,0,rejected,assert_connectivity,60.000000,1,5.800000,2.497999,1.000000,11.000000,6.160000,2.886936,43.360000,10.449421,0,0,65.490244
2015,2015,0,rejected,assert_connectivity,60.000000,1,6.560000,2.864681,0.000000,12.000000,7.280000,3.225151,47.040000,6.720000,0,0,71.389854
2017,2017,0,rejected,assert_connectivity,60.000000,1,6.840000,3.202249,0.000000,13.000000,9.600000,5.083306,45.120000,9.210081,0,0,69.255715
2018,2018,0,rejected,assert_connectivity,60.000000,1,7.160000,3.529079,1.000000,14.000000,10.840000,5.262547,39.760000,12.720943,0,0,60.290851
2019,2019,0,rejected,assert_connectivity,60.000000,1,6.280000,3.105093,0.000000,12.000000,8.800000,4.219005,43.280000,10.766689,0,0,68.378834
2020,2020,0,rejected,too_close,60.000000,1,6.320000,1.891454,1.000000,9.000000,6.280000,3.346879,49.000000,0.000000,50,0,58.226052
2021,2021,0,rejected,assert_connectivity,60.000000,1,5.600000,2.049390,0.000000,10.000000,5.520000,2.531719,45.120000,9.210081,0,0,69.921404
2022,2022,0,rejected,too_close,60.000000,1,6.080000,2.440000,1.000000,10.000000,6.440000,3.150619,49.000000,0.000000,50,0,64.034906
2023,2023,0,rejected,assert_connectivity,60.000000,1,6.600000,2.952965,0.000000,14.000000,8.240000,3.467333,47.040000,6.720000,0,0,68.153427
2007,2007,0,accepted,none,0.000000,1,6.360000,2.188698,2.000000,11.000000,6.800000,2.607681,49.000000,0.000000,50,0,56.030594
2024,2024,0,rejected,assert_connectivity,60.000000,1,5.440000,2.174029,0.000000,10.000000,7.520000,3.132028,47.040000,6.720000,0,0,77.095106
2025,2025,0,rejected,assert_connectivity,60.000000,1,5.360000,2.197817,1.000000,9.000000,6.360000,3.735023,38.440000,12.348538,0,0,63.669427
2027,2027,0,rejected,too_close,60.000000,1,6.520000,2.264862,1.000000,11.000000,8.160000,2.962161,49.000000,0.000000,50,0,70.793343
2028,2028,0,rejected,assert_connectivity,60.000000,1,5.360000,2.559375,1.000000,10.000000,6.240000,3.271452,35.080000,13.582106,0,0,65.621206
2011,2011,0,accepted,none,0.000000,1,6.080000,2.252465,2.000000,10.000000,7.160000,2.452427,49.000000,0.000000,50,0,67.198775
2032,2032,0,rejected,assert_connectivity,60.000000,1,5.760000,2.502479,1.000000,11.000000,6.720000,4.927636,30.640000,13.860390,0,0,74.261056
2031,2031,0,rejected,assert_connectivity,60.000000,1,6.840000,3.120000,0.000000,12.000000,7.280000,2.615645,47.040000,6.720000,0,0,59.948870
2013,2013,0,accepted,none,0.000000,1,5.840000,2.361017,1.000000,10.000000,7.640000,4.311659,49.000000,0.000000,50,0,63.564309
2033,2033,0,rejected,assert_connectivity,60.000000,1,7.040000,3.123844,1.000000,14.000000,7.640000,4.241509,45.160000,9.014122,0,1,55.559098
2034,2034,0,rejected,assert_connectivity,60.000000,1,6.880000,3.636702,0.000000,14.000000,9.280000,4.972082,43.240000,10.924395,0,1,66.527752
2016,2016,0,accepted,none,0.000000,1,6.560000,3.213472,1.000000,14.000000,9.040000,3.298242,49.000000,0.000000,50,0,61.248157
2037,2037,0,rejected,assert_connectivity,60.000000,1,6.680000,2.921917,1.000000,12.000000,9.120000,4.554734,43.360000,10.449421,0,0,64.659754
2038,2038,0,rejected,assert_connectivity,60.000000,1,7.480000,2.685070,0.000000,12.000000,7.320000,3.838958,36.720000,13.102733,0,0,59.307765
2039,2039,0,rejected,assert_connectivity,60.000000,1,7.160000,2.845066,0.000000,13.000000,10.320000,4.627915,47.040000,6.720000,0,1,68.026368
2040,2040,0,rejected,assert_connectivity,60.000000,1,5.800000,2.807134,1.000000,12.000000,7.040000,3.826016,45.160000,9.014122,0,0,64.824227
2042,2042,0,rejected,assert_connectivity,60.000000,1,6.120000,2.574024,0.000000,12.000000,7.200000,4.472136,41.520000,11.803796,0,0,65.564299
2026,2026,0,accepted,none,0.000000,1,6.880000,2.542754,2.000000,12.000000,8.520000,3.732238,49.000000,0.000000,50,0,60.786986
2030,2030,0,accepted,none,0.000000,1,6.280000,2.349809,1.000000,10.000000,8.120000,3.296301,49.000000,0.000000,50,0,67.629525
2044,2044,0,rejected,assert_connectivity,60.000000,1,5.320000,2.101809,1.000000,9.000000,5.320000,2.745469,45.160000,9.014122,0,1,57.550240
2045,2045,0,rejected,assert_connectivity,60.000000,1,5.520000,2.193080,1.000000,11.000000,5.640000,2.978322,33.000000,12.000000,0,0,65.564592
2029,2029,0,accepted,none,0.000000,1,7.480000,3.125636,1.000000,13.000000,10.560000,4.552626,49.000000,0.000000,50,0,59.867536
2035,2035,0,accepted,none,0.000000,1,6.200000,2.835489,1.000000,12.000000,7.560000,4.181674,49.000000,0.000000,50,0,69.257027
2036,2036,0,accepted,none,0.000000,1,6.280000,2.785965,1.000000,13.000000,8.160000,3.743581,49.000000,0.000000,50,0,62.076447
2048,2048,0,rejected,assert_connectivity,60.000000,1,6.400000,3.059412,0.000000,12.000000,8.080000,4.723727,47.040000,6.720000,0,0,64.560765
2049,2049,0,rejected,too_close,60.000000,1,6.520000,2.385288,2.000000,11.000000,7.840000,3.854141,49.000000,0.000000,50,1,60.049329
2050,2050,0,rejected,assert_connectivity,60.000000,1,6.720000,3.231346,1.000000,13.000000,10.360000,4.946757,45.160000,9.014122,0,0,61.472418
2041,2041,0,accepted,none,0.000000,1,6.000000,2.842534,1.000000,13.000000,7.520000,3.293873,49.000000,0.000000,50,0,62.018560
2053,2053,0,rejected,assert_connectivity,60.000000,1,5.520000,2.032142,0.000000,9.000000,6.720000,3.168848,47.040000,6.720000,0,0,68.013596
2055,2055,0,rejected,assert_connectivity,60.000000,1,5.000000,1.754993,0.000000,8.000000,6.760000,2.915888,47.040000,6.720000,0,0,71.790966
2056,2056,0,rejected,assert_connectivity,60.000000,1,5.920000,2.855451,0.000000,12.000000,5.360000,2.776761,25.920000,8.717431,0,0,68.361473
2043,2043,0,accepted,none,0.000000,1,6.920000,2.992257,1.000000,13.000000,8.320000,5.266650,49.000000,0.000000,50,0,69.096022
2057,2057,0,rejected,assert_connectivity,60.000000,1,5.640000,2.347424,0.000000,9.000000,5.720000,3.098645,47.040000,6.720000,0,0,63.665910
2059,2059,0,rejected,assert_connectivity,60.000000,1,6.040000,2.806849,0.000000,12.000000,5.320000,3.349269,47.040000,6.720000,0,0,67.452794
2047,2047,0,accepted,none,0.000000,1,6.200000,2.497999,1.000000,11.000000,7.680000,3.733310,49.000000,0.000000,50,0,64.737329
2052,2052,0,accepted,none,0.000000,1,5.400000,1.886796,2.000000,11.000000,6.280000,2.498319,49.000000,0.000000,50,0,63.512871
2051,2051,0,accepted,none,0.000000,1,5.680000,2.626328,1.000000,13.000000,7.360000,3.565165,49.000000,0.000000,50,0,65.589804
2060,2060,0,rejected,assert_connectivity,60.000000,1,6.320000,2.976172,0.000000,12.000000,6.040000,3.521136,33.440000,14.028770,0,0,59.262883
2061,2061,0,rejected,assert_connectivity,60.000000,1,6.720000,3.162531,0.000000,14.000000,9.480000,4.419231,47.040000,6.720000,0,0,62.392154
2062,2062,0,rejected,assert_connectivity,60.000000,1,6.680000,4.100927,1.000000,17.000000,8.440000,4.783973,45.160000,9.014122,0,1,66.604997
2063,2063,0,rejected,assert_connectivity,60.000000,1,6.000000,2.097618,1.000000,10.000000,5.800000,2.771281,40.000000,12.000000,0,0,50.045524
2046,2046,0,accepted,none,0.000000,1,7.720000,3.934666,2.000000,16.000000,9.840000,4.491592,49.000000,0.000000,50,0,68.131982
2066,2066,0,rejected,assert_connectivity,60.000000,1,7.640000,4.546471,0.000000,16.000000,10.720000,5.889109,39.840000,12.485768,0,0,73.958530
2067,2067,0,rejected,assert_connectivity,60.000000,1,6.320000,2.469332,0.000000,12.000000,8.600000,3.046309,47.040000,6.720000,0,0,70.002499
2068,2068,0,rejected,assert_connectivity,60.000000,1,6.360000,2.598153,0.000000,13.000000,6.880000,3.881443,47.040000,6.720000,0,0,68.094774
2054,2054,0,accepted,none,0.000000,1,6.400000,2.584570,2.000000,11.000000,8.640000,4.506706,49.000000,0.000000,50,0,55.358407
2070,2070,0,rejected,assert_connectivity,60.000000,1,5.640000,2.197817,1.000000,10.000000,6.000000,3.752333,45.160000,9.014122,0,0,62.741339
2072,2072,0,rejected,assert_connectivity,60.000000,1,5.720000,2.530138,1.000000,11.000000,7.280000,4.020149,33.000000,12.000000,0,1,64.745116
2071,2071,0,rejected,too_close,60.000000,1,6.080000,3.064898,1.000000,12.000000,9.480000,4.784308,49.000000,0.000000,50,0,68.341128
2058,2058,0,accepted,none,0.000000,1,5.520000,2.273675,1.000000,11.000000,6.440000,3.007723,49.000000,0.000000,50,0,58.271770
2074,2074,0,rejected,assert_connectivity,60.000000,1,5.440000,2.367784,0.000000,12.000000,6.040000,3.515452,47.040000,6.720000,0,0,65.675095
2076,2076,0,rejected,assert_connectivity,60.000000,1,6.560000,3.040789,0.000000,12.000000,6.120000,3.210234,24.040000,8.192582,0,0,70.322084
2075,2075,0,rejected,assert_connectivity,60.000000,1,6.920000,2.945098,0.000000,12.000000,8.840000,4.006794,47.040000,6.720000,0,0,67.048954
2077,2077,0,rejected,too_close,60.000000,1,6.520000,3.401411,1.000000,13.000000,6.600000,3.577709,49.000000,0.000000,50,1,60.531544
2078,2078,0,rejected,assert_connectivity,60.000000,1,7.080000,3.697783,0.000000,13.000000,9.960000,5.003839,47.040000,6.720000,0,1,67.080953
2065,2065,0,accepted,none,0.000000,1,5.160000,1.759091,1.000000,9.000000,6.120000,2.761449,49.000000,0.000000,50,0,66.387897
2081,2081,0,rejected,too_close,60.000000,1,5.840000,2.292248,1.000000,11.000000,8.240000,3.355950,49.000000,0.000000,50,1,73.961238
2064,2064,0,accepted,none,0.000000,1,6.840000,3.094253,1.000000,12.000000,7.040000,3.458092,49.000000,0.000000,50,0,67.379463
2069,2069,0,accepted,none,0.000000,1,5.160000,2.436062,1.000000,10.000000,5.960000,2.966210,49.000000,0.000000,50,0,67.317669
2082,2082,0,rejected,assert_connectivity,60.000000,1,6.400000,3.124100,1.000000,12.000000,6.920000,3.908145,43.360000,10.449421,0,1,60.928822
2083,2083,0,rejected,assert_connectivity,60.000000,1,5.680000,2.203996,0.000000,10.000000,7.440000,3.232089,47.040000,6.720000,0,0,69.266537
2084,2084,0,rejected,too_close,60.000000,1,6.200000,2.424871,1.000000,10.000000,7.600000,3.872983,49.000000,0.000000,50,0,63.782970
2088,2088,0,rejected,too_close,60.000000,1,6.720000,2.341282,1.000000,11.000000,10.040000,4.093702,49.000000,0.000000,50,0,62.417601
2073,2073,0,accepted,none,0.000000,1,5.720000,2.441639,2.000000,11.000000,5.920000,2.931484,49.000000,0.000000,50,0,67.428764
2090,2090,0,rejected,too_close,60.000000,1,5.640000,2.151836,1.000000,9.000000,7.520000,3.281707,49.000000,0.000000,50,1,69.430484
2079,2079,0,accepted,none,0.000000,1,5.920000,2.243569,3.000000,11.000000,6.480000,3.683694,49.000000,0.000000,50,0,57.217225
2091,2091,0,rejected,too_close,60.000000,1,5.800000,1.989975,1.000000,9.000000,7.280000,3.124356,49.000000,0.000000,50,1,69.372557
2093,2093,0,rejected,assert_connectivity,60.000000,1,5.760000,2.035289,2.000000,10.000000,6.360000,3.380887,35.560000,12.464606,0,1,61.674801
2080,2080,0,accepted,none,0.000000,1,5.960000,2.162961,1.000000,11.000000,8.400000,4.209513,49.000000,0.000000,50,0,65.596994
2095,2095,0,rejected,assert_connectivity,60.000000,1,6.600000,2.727636,0.000000,13.000000,6.880000,3.089595,47.040000,6.720000,0,1,66.873996
2086,2086,0,accepted,none,0.000000,1,5.520000,2.451449,1.000000,10.000000,7.520000,4.124270,49.000000,0.000000,50,0,73.867637
2085,2085,0,accepted,none,0.000000,1,6.200000,3.200000,1.000000,13.000000,7.800000,4.209513,49.000000,0.000000,50,0,58.974464
2089,2089,0,accepted,none,0.000000,1,5.560000,1.991582,1.000000,9.000000,7.320000,2.587972,49.000000,0.000000,50,0,69.157639
2087,2087,0,accepted,none,0.000000,1,7.120000,3.386089,2.000000,13.000000,10.600000,4.673329,49.000000,0.000000,50,0,61.857503
2099,2099,0,rejected,too_close,60.000000,1,6.320000,2.845628,2.000000,12.000000,8.000000,4.368066,49.000000,0.000000,50,0,62.332120
2100,2100,0,rejected,assert_connectivity,60.000000,1,6.440000,2.920000,2.000000,13.000000,7.680000,4.244714,35.560000,12.464606,0,0,62.374846
2102,2102,0,rejected,assert_connectivity,60.000000,1,5.520000,2.851245,1.000000,12.000000,5.880000,4.411984,27.920000,13.697941,0,0,64.242853
2092,2092,0,accepted,none,0.000000,1,6.520000,3.047885,1.000000,12.000000,7.960000,3.752119,49.000000,0.000000,50,0,67.965928
2094,2094,0,accepted,none,0.000000,1,5.400000,1.697056,2.000000,9.000000,7.000000,3.124100,49.000000,0.000000,50,0,67.781955
2103,2103,0,rejected,assert_connectivity,60.000000,1,5.800000,3.124100,1.000000,12.000000,6.520000,3.573458,26.560000,7.579340,0,0,68.379619
2104,2104,0,rejected,assert_connectivity,60.000000,1,5.800000,2.400000,0.000000,11.000000,6.320000,3.501086,47.040000,6.720000,0,0,58.837307
2105,2105,0,rejected,assert_connectivity,60.000000,1,7.120000,3.350463,0.000000,14.000000,10.920000,5.027286,47.040000,6.720000,0,0,63.366230
2107,2107,0,rejected,assert_connectivity,60.000000,1,5.120000,2.259557,0.000000,9.000000,5.720000,4.113587,39.720000,12.843738,0,0,69.000274
2106,2106,0,rejected,assert_connectivity,60.000000,1,7.120000,3.490788,0.000000,14.000000,9.280000,4.409263,47.040000,6.720000,0,0,63.713498
2110,2110,0,rejected,too_close,60.000000,1,6.360000,2.389644,1.000000,12.000000,7.240000,4.315368,49.000000,0.000000,50,0,64.901293
2097,2097,0,accepted,none,0.000000,1,6.160000,2.129413,2.000000,10.000000,7.520000,3.595775,49.000000,0.000000,50,0,63.235964
2096,2096,0,accepted,none,0.000000,1,6.640000,3.083894,1.000000,12.000000,8.240000,3.977738,49.000000,0.000000,50,0,76.369572
2111,2111,0,rejected,assert_connectivity,60.000000,1,6.080000,2.252465,0.000000,11.000000,7.360000,3.664751,47.040000,6.720000,0,1,64.917924
2098,2098,0,accepted,none,0.000000,1,5.800000,2.600000,1.000000,11.000000,7.560000,3.816595,49.000000,0.000000,50,0,69.715982
2113,2113,0,rejected,assert_connectivity,60.000000,1,7.000000,3.417601,0.000000,14.000000,10.000000,4.418144,47.040000,6.720000,0,0,71.685043
2114,2114,0,rejected,assert_connectivity,60.000000,1,6.520000,3.182703,1.000000,12.000000,7.520000,4.446302,41.640000,11.394314,0,0,57.704362
2115,2115,0,rejected,assert_connectivity,60.000000,1,6.000000,2.465766,0.000000,10.000000,8.000000,3.872983,47.040000,6.720000,0,1,68.647434
2101,2101,0,accepted,none,0.000000,1,6.120000,2.534877,1.000000,11.000000,6.960000,3.475399,49.000000,0.000000,50,0,65.225117
2118,2118,0,rejected,assert_connectivity,60.000000,1,6.680000,2.649075,2.000000,12.000000,6.160000,4.036632,41.640000,11.394314,0,0,58.310909
2119,2119,0,rejected,assert_connectivity,60.000000,1,6.440000,3.611980,0.000000,13.000000,9.040000,4.927312,41.520000,11.803796,0,0,77.022822
2120,2120,0,rejected,assert_connectivity,60.000000,1,6.800000,3.682391,1.000000,14.000000,9.160000,5.166662,45.160000,9.014122,0,0,65.706710
2122,2122,0,rejected,assert_connectivity,60.000000,1,5.240000,2.354230,0.000000,10.000000,6.240000,4.091748,30.480000,14.177785,0,0,68.387971
2121,2121,0,rejected,too_close,60.000000,1,7.720000,4.200190,1.000000,16.000000,9.080000,4.189702,49.000000,0.000000,50,0,67.648334
2108,2108,0,accepted,none,0.000000,1,5.680000,1.984339,1.000000,9.000000,6.680000,2.887490,49.000000,0.000000,50,0,71.115250
2109,2109,0,accepted,none,0.000000,1,5.960000,1.959184,3.000000,10.000000,8.320000,4.187792,49.000000,0.000000,50,0,66.475734
2125,2125,0,rejected,assert_connectivity,60.000000,1,6.320000,2.469332,1.000000,12.000000,7.200000,3.340659,45.160000,9.014122,0,1,65.044143
2112,2112,0,accepted,none,0.000000,1,5.800000,1.822087,1.000000,10.000000,7.360000,3.756381,49.000000,0.000000,50,0,70.819890
2117,2117,0,accepted,none,0.000000,1,5.640000,2.206898,1.000000,10.000000,6.080000,2.415285,49.000000,0.000000,50,0,54.650219
2116,2116,0,accepted,none,0.000000,1,6.080000,2.876387,1.000000,13.000000,8.600000,4.214262,49.000000,0.000000,50,0,63.260584
2130,2130,0,rejected,assert_connectivity,60.000000,1,7.600000,2.638181,0.000000,13.000000,9.440000,4.866868,47.040000,6.720000,0,1,60.002946
2124,2124,0,accepted,none,0.000000,1,5.200000,1.788854,1.000000,9.000000,6.320000,2.248911,49.000000,0.000000,50,0,62.968995
2123,2123,0,accepted,none,0.000000,1,5.920000,2.652094,1.000000,11.000000,6.480000,3.213970,49.000000,0.000000,50,0,63.176287
2132,2132,0,rejected,assert_connectivity,60.000000,1,5.480000,1.962040,1.000000,9.000000,6.680000,3.208987,45.160000,9.014122,0,0,64.370243
2133,2133,0,rejected,assert_connectivity,60.000000,1,5.680000,2.461219,1.000000,11.000000,4.360000,3.198500,24.880000,10.216927,0,0,63.589511
2128,2128,0,accepted,none,0.000000,1,5.560000,1.899052,2.000000,10.000000,6.120000,2.881944,49.000000,0.000000,50,0,68.610831
2127,2127,0,accepted,none,0.000000,1,5.760000,2.345720,1.000000,12.000000,8.360000,4.279065,49.000000,0.000000,50,0,75.637883
2126,2126,0,accepted,none,0.000000,1,6.760000,3.765953,1.000000,15.000000,9.120000,4.602782,49.000000,0.000000,50,0,71.070829
2135,2135,0,rejected,assert_connectivity,60.000000,1,4.920000,1.659397,1.000000,9.000000,6.040000,3.059150,40.000000,12.000000,0,0,60.675402
2137,2137,0,rejected,assert_connectivity,60.000000,1,5.840000,2.175868,2.000000,10.000000,4.560000,2.779640,34.240000,12.293999,0,0,52.620234
2138,2138,0,rejected,assert_connectivity,60.000000,1,6.760000,3.234563,0.000000,12.000000,6.400000,3.046309,45.120000,9.210081,0,1,66.494825
2129,2129,0,accepted,none,0.000000,1,6.120000,2.930119,2.000000,14.000000,6.600000,3.633180,49.000000,0.000000,50,0,57.811984
2142,2142,0,rejected,assert_connectivity,60.000000,1,6.960000,2.856291,0.000000,12.000000,7.600000,4.247352,47.040000,6.720000,0,0,65.973218
2131,2131,0,accepted,none,0.000000,1,5.120000,1.595494,1.000000,8.000000,4.960000,2.668033,49.000000,0.000000,50,0,67.349080
2144,2144,0,rejected,too_close,60.000000,1,6.080000,2.305125,1.000000,12.000000,8.000000,4.127953,49.000000,0.000000,50,1,69.913952
2145,2145,0,rejected,assert_connectivity,60.000000,1,5.800000,2.306513,2.000000,12.000000,7.640000,4.131634,43.360000,10.449421,0,0,61.723365
2134,2134,0,accepted,none,0.000000,1,6.280000,2.391987,1.000000,12.000000,7.600000,3.394113,49.000000,0.000000,50,0,64.897842
2146,2146,0,rejected,assert_connectivity,60.000000,1,5.480000,2.109407,0.000000,11.000000,7.280000,4.171523,29.280000,11.435104,0,0,66.621051
2147,2147,0,rejected,assert_connectivity,60.000000,1,5.600000,2.366432,1.000000,10.000000,4.560000,2.417933,33.000000,12.000000,0,0,57.832665
2136,2136,0,accepted,none,0.000000,1,5.800000,1.800000,1.000000,9.000000,7.600000,3.440930,49.000000,0.000000,50,0,71.637607
2148,2148,0,rejected,too_close,60.000000,1,6.400000,2.200000,2.000000,11.000000,7.000000,4.436215,49.000000,0.000000,50,1,62.004579
2139,2139,0,accepted,none,0.000000,1,5.080000,1.671407,1.000000,8.000000,6.160000,3.087782,49.000000,0.000000,50,0,59.601630
2140,2140,0,accepted,none,0.000000,1,6.280000,2.425201,2.000000,12.000000,6.120000,3.479310,49.000000,0.000000,50,0,60.351768
2150,2150,0,rejected,too_close,60.000000,1,5.280000,2.126405,1.000000,10.000000,6.840000,3.529079,49.000000,0.000000,50,1,62.569668
2151,2151,0,rejected,assert_connectivity,60.000000,1,6.040000,3.111013,1.000000,14.000000,6.280000,4.108722,30.880000,13.447141,0,0,69.641775
2152,2152,0,rejected,assert_connectivity,60.000000,1,5.560000,2.183209,0.000000,10.000000,5.280000,2.771570,36.720000,13.102733,0,1,67.452714
2153,2153,0,rejected,assert_connectivity,60.000000,1,5.920000,2.398666,1.000000,12.000000,6.720000,3.475860,38.440000,12.348538,0,0,62.557823
2155,2155,0,rejected,assert_connectivity,60.000000,1,6.240000,3.265333,0.000000,15.000000,8.200000,4.449719,45.120000,9.210081,0,1,61.493862
2141,2141,0,accepted,none,0.000000,1,6.160000,2.928208,1.000000,12.000000,9.360000,4.506706,49.000000,0.000000,50,0,64.797686
2156,2156,0,rejected,assert_connectivity,60.000000,1,6.240000,2.976978,0.000000,12.000000,8.960000,4.372459,47.040000,6.720000,0,0,70.834526
2159,2159,0,rejected,assert_connectivity,60.000000,1,6.160000,2.257078,0.000000,10.000000,6.640000,3.514314,32.640000,12.765203,0,0,66.820878
2158,2158,0,rejected,assert_connectivity,60.000000,1,5.800000,2.408319,0.000000,11.000000,7.840000,3.035523,47.040000,6.720000,0,0,76.822755
2160,2160,0,rejected,assert_connectivity,60.000000,1,5.960000,2.172188,0.000000,10.000000,6.920000,3.514769,47.040000,6.720000,0,0,70.467834
2143,2143,0,accepted,none,0.000000,1,6.360000,1.915829,1.000000,10.000000,9.200000,3.400000,49.000000,0.000000,50,0,64.828066
2149,2149,0,accepted,none,0.000000,1,5.360000,1.946895,1.000000,9.000000,6.480000,2.981543,49.000000,0.000000,50,0,60.655600
2154,2154,0,accepted,none,0.000000,1,6.200000,3.117691,1.000000,12.000000,6.840000,3.880000,49.000000,0.000000,50,0,66.807511
2157,2157,0,accepted,none,0.000000,1,6.880000,2.754197,2.000000,13.000000,8.600000,3.231099,49.000000,0.000000,50,0,62.287491
2161,2161,0,accepted,none,0.000000,1,4.720000,1.400571,1.000000,8.000000,4.640000,2.133167,49.000000,0.000000,50,0,64.805904
2166,2166,0,rejected,assert_connectivity,60.000000,1,6.800000,3.549648,1.000000,14.000000,9.040000,5.280000,41.640000,11.394314,0,0,64.197094
2162,2162,0,accepted,none,0.000000,1,6.120000,1.955914,1.000000,11.000000,7.760000,4.032667,49.000000,0.000000,50,0,59.229664
2167,2167,0,rejected,assert_connectivity,60.000000,1,6.080000,2.972137,0.000000,12.000000,7.440000,4.936233,47.040000,6.720000,0,1,60.719041
2169,2169,0,rejected,assert_connectivity,60.000000,1,6.800000,3.286335,1.000000,13.000000,8.760000,5.316239,40.000000,12.000000,0,1,68.423700
2163,2163,0,accepted,none,0.000000,1,5.480000,1.920833,2.000000,9.000000,6.880000,3.519318,49.000000,0.000000,50,0,68.842157
2170,2170,0,rejected,assert_connectivity,60.000000,1,7.560000,3.623037,1.000000,16.000000,9.840000,4.945139,41.480000,11.936901,0,0,61.544856
2171,2171,0,rejected,assert_connectivity,60.000000,1,6.120000,3.076622,1.000000,15.000000,6.320000,3.786502,33.000000,12.000000,0,0,62.279042
2164,2164,0,accepted,none,0.000000,1,5.880000,2.550608,2.000000,11.000000,5.880000,2.620229,49.000000,0.000000,50,0,64.418940
2172,2172,0,rejected,assert_connectivity,60.000000,1,4.840000,1.942782,1.000000,9.000000,5.280000,2.778777,39.760000,12.720943,0,0,63.540566
2173,2173,0,rejected,assert_connectivity,60.000000,1,6.280000,2.646054,0.000000,11.000000,7.360000,2.718529,47.040000,6.720000,0,0,68.533453
2175,2175,0,rejected,assert_connectivity,60.000000,1,6.360000,3.005062,0.000000,12.000000,7.280000,4.108722,25.280000,7.937355,0,0,61.142749
2174,2174,0,rejected,assert_connectivity,60.000000,1,7.240000,3.547168,0.000000,16.000000,10.640000,5.915268,43.240000,10.924395,0,0,63.307691
2176,2176,0,rejected,assert_connectivity,60.000000,1,5.440000,2.228542,0.000000,10.000000,5.640000,3.210981,41.520000,11.803796,0,0,64.415277
2165,2165,0,accepted,none,0.000000,1,5.400000,2.068816,1.000000,10.000000,6.320000,2.618702,49.000000,0.000000,50,0,66.894605
2178,2178,0,rejected,assert_connectivity,60.000000,1,6.200000,3.274141,1.000000,13.000000,6.320000,4.017163,34.240000,12.293999,0,0,73.913182
2180,2180,0,rejected,assert_connectivity,60.000000,1,5.720000,2.668633,0.000000,12.000000,7.000000,4.242641,47.040000,6.720000,0,0,66.190741
2179,2179,0,rejected,assert_connectivity,60.000000,1,6.320000,2.817375,1.000000,11.000000,9.240000,4.876720,45.160000,9.014122,0,0,65.743750
2181,2181,0,rejected,assert_connectivity,60.000000,1,7.160000,2.873047,1.000000,14.000000,7.920000,4.542422,33.000000,12.000000,0,0,60.358881
2183,2183,0,rejected,too_close,60.000000,1,5.920000,2.261327,1.000000,10.000000,7.640000,2.917259,49.000000,0.000000,50,1,65.007552
2184,2184,0,rejected,too_close,60.000000,1,5.400000,1.562050,1.000000,9.000000,6.040000,2.727343,49.000000,0.000000,50,0,58.047509
2185,2185,0,rejected,assert_connectivity,60.000000,1,7.280000,3.549873,0.000000,15.000000,9.920000,4.029094,47.040000,6.720000,0,0,74.000759
2187,2187,0,rejected,too_close,60.000000,1,5.640000,2.142522,2.000000,9.000000,8.200000,3.768289,49.000000,0.000000,50,0,63.594069
2188,2188,0,rejected,assert_connectivity,60.000000,1,6.520000,3.991190,2.000000,17.000000,9.000000,4.979960,43.360000,10.449421,0,0,67.016370
2189,2189,0,rejected,assert_connectivity,60.000000,1,6.160000,2.524757,1.000000,12.000000,7.880000,4.393814,38.440000,12.348538,0,0,57.453738
2191,2191,0,rejected,too_close,60.000000,1,5.960000,2.529506,1.000000,11.000000,6.720000,3.429519,49.000000,0.000000,50,1,59.728553
2192,2192,0,rejected,assert_connectivity,60.000000,1,6.360000,2.488051,0.000000,11.000000,6.200000,3.243455,47.040000,6.720000,0,0,59.739204
2168,2168,0,accepted,none,0.000000,1,6.520000,1.664212,3.000000,10.000000,6.840000,3.202249,49.000000,0.000000,50,0,59.689435
2193,2193,0,rejected,assert_connectivity,60.000000,1,4.840000,1.901158,1.000000,9.000000,5.960000,2.945912,45.160000,9.014122,0,0,63.085555
2177,2177,0,accepted,none,0.000000,1,5.200000,1.697056,1.000000,9.000000,5.160000,2.166656,49.000000,0.000000,50,0,62.782748
2195,2195,0,rejected,assert_connectivity,60.000000,1,6.320000,2.679104,0.000000,12.000000,9.840000,3.996799,45.120000,9.210081,0,1,75.666716
2196,2196,0,rejected,assert_connectivity,60.000000,1,6.280000,2.630893,0.000000,12.000000,10.560000,4.686833,47.040000,6.720000,0,0,63.723884
2198,2198,0,rejected,assert_connectivity,60.000000,1,6.000000,2.497999,0.000000,12.000000,6.600000,3.492850,29.280000,11.435104,0,0,67.035967
2199,2199,0,rejected,assert_connectivity,60.000000,1,7.040000,4.261267,0.000000,16.000000,8.080000,5.141362,47.040000,6.720000,0,0,59.590854
2182,2182,0,accepted,none,0.000000,1,6.880000,3.519318,1.000000,14.000000,9.160000,4.776442,49.000000,0.000000,50,0,64.784315
2201,2201,0,rejected,assert_connectivity,60.000000,1,6.440000,2.981007,0.000000,11.000000,8.840000,4.618918,43.280000,10.766689,0,0,56.891409
2186,2186,0,accepted,none,0.000000,1,5.520000,2.165548,1.000000,10.000000,6.200000,3.098387,49.000000,0.000000,50,0,67.038232
2202,2202,0,rejected,assert_connectivity,60.000000,1,6.880000,3.147316,1.000000,14.000000,7.600000,4.242641,38.120000,13.219138,0,0,62.676937
2204,2204,0,rejected,assert_connectivity,60.000000,1,5.240000,2.320000,1.000000,10.000000,6.400000,4.284857,36.480000,13.682456,0,0,70.808756
2203,2203,0,rejected,assert_connectivity,60.000000,1,5.680000,2.327574,0.000000,10.000000,7.480000,3.832701,45.120000,9.210081,0,0,71.722165
2190,2190,0,accepted,none,0.000000,1,5.840000,2.618091,1.000000,10.000000,6.600000,3.773592,49.000000,0.000000,50,0,65.741910
2207,2207,0,rejected,assert_connectivity,60.000000,1,5.960000,2.416278,1.000000,12.000000,7.120000,3.553252,45.160000,9.014122,0,0,71.126913
2194,2194,0,accepted,none,0.000000,1,5.640000,2.260619,1.000000,10.000000,8.240000,4.226393,49.000000,0.000000,50,0,67.805777
2209,2209,0,rejected,assert_connectivity,60.000000,1,6.600000,3.072458,1.000000,15.000000,8.000000,4.180909,45.160000,9.014122,0,0,68.001860
2210,2210,0,rejected,assert_connectivity,60.000000,1,5.560000,2.316549,0.000000,12.000000,6.240000,2.627242,47.040000,6.720000,0,0,67.152813
2200,2200,0,accepted,none,0.000000,1,5.600000,1.854724,1.000000,9.000000,6.400000,3.376389,49.000000,0.000000,50,0,64.463333
2197,2197,0,accepted,none,0.000000,1,7.480000,3.305995,1.000000,13.000000,9.520000,4.695700,49.000000,0.000000,50,0,58.779252
2213,2213,0,rejected,assert_connectivity,60.000000,1,6.200000,2.481935,1.000000,11.000000,8.600000,4.569464,41.640000,11.394314,0,1,62.583517
2208,2208,0,accepted,none,0.000000,1,5.880000,2.055626,2.000000,11.000000,6.320000,3.563369,49.000000,0.000000,50,0,55.524029
2205,2205,0,accepted,none,0.000000,1,6.120000,2.346402,2.000000,11.000000,8.920000,4.358165,49.000000,0.000000,50,0,54.717209
2206,2206,0,accepted,none,0.000000,1,7.120000,2.739635,2.000000,12.000000,6.960000,2.806849,49.000000,0.000000,50,0,55.999929
2217,2217,0,rejected,assert_connectivity,60.000000,1,5.840000,2.326886,1.000000,10.000000,6.760000,3.473097,45.160000,9.014122,0,0,64.128961
2211,2211,0,accepted,none,0.000000,1,6.400000,2.756810,1.000000,12.000000,9.400000,4.630335,49.000000,0.000000,50,0,68.535788
2219,2219,0,rejected,assert_connectivity,60.000000,1,6.800000,3.255764,0.000000,13.000000,8.480000,4.504398,47.040000,6.720000,0,0,61.174278
2212,2212,0,accepted,none,0.000000,1,6.400000,2.545584,1.000000,11.000000,8.280000,3.549873,49.000000,0.000000,50,0,71.478025
2221,2221,0,rejected,too_close,60.000000,1,6.120000,2.487087,1.000000,11.000000,9.160000,3.890296,49.000000,0.000000,50,0,68.627100
2214,2214,0,accepted,none,0.000000,1,5.520000,1.802665,1.000000,9.000000,6.200000,2.856571,49.000000,0.000000,50,0,61.098141
2222,2222,0,rejected,assert_connectivity,60.000000,1,5.480000,2.012362,1.000000,10.000000,6.320000,3.295087,45.160000,9.014122,0,0,61.904980
2225,2225,0,rejected,assert_connectivity,60.000000,1,6.160000,2.595072,0.000000,12.000000,5.920000,3.404938,29.280000,11.435104,0,0,55.196685
2215,2215,0,accepted,none,0.000000,1,6.400000,2.986637,1.000000,12.000000,8.760000,3.744650,49.000000,0.000000,50,0,74.323354
2226,2226,0,rejected,assert_connectivity,60.000000,1,5.360000,1.936595,1.000000,10.000000,6.240000,3.630757,38.440000,12.348538,0,0,65.720607
2227,2227,0,rejected,assert_connectivity,60.000000,1,7.640000,3.386798,0.000000,14.000000,8.960000,4.783137,43.280000,10.766689,0,0,60.280680
2228,2228,0,rejected,too_close,60.000000,1,5.880000,2.604918,1.000000,10.000000,6.920000,3.211479,49.000000,0.000000,50,1,71.042386
2216,2216,0,accepted,none,0.000000,1,6.080000,2.406990,2.000000,11.000000,8.440000,3.694103,49.000000,0.000000,50,0,67.858494
2218,2218,0,accepted,none,0.000000,1,6.560000,2.639394,1.000000,13.000000,7.400000,3.370460,49.000000,0.000000,50,0,57.857704
2231,2231,0,rejected,assert_connectivity,60.000000,1,7.000000,3.649658,0.000000,14.000000,8.320000,4.277569,47.040000,6.720000,0,0,69.481745
2232,2232,0,rejected,assert_connectivity,60.000000,1,6.720000,3.481609,1.000000,13.000000,6.880000,3.886592,45.160000,9.014122,0,1,58.730580
2220,2220,0,accepted,none,0.000000,1,5.920000,2.180275,1.000000,11.000000,7.320000,3.859741,49.000000,0.000000,50,0,67.356918
2235,2235,0,rejected,assert_connectivity,60.000000,1,5.000000,2.116601,1.000000,10.000000,6.240000,3.530212,45.160000,9.014122,0,0,68.038318
2223,2223,0,accepted,none,0.000000,1,6.200000,2.638181,2.000000,12.000000,7.960000,3.999800,49.000000,0.000000,50,0,61.331319
2224,2224,0,accepted,none,0.000000,1,6.080000,3.514769,1.000000,14.000000,7.400000,3.746999,49.000000,0.000000,50,0,69.689084
2238,2238,0,rejected,too_close,60.000000,1,5.400000,2.622975,1.000000,11.000000,5.960000,3.237036,49.000000,0.000000,50,0,64.163485
2239,2239,0,rejected,too_close,60.000000,1,5.520000,2.443276,1.000000,11.000000,8.000000,4.219005,49.000000,0.000000,50,1,71.560062
2229,2229,0,accepted,none,0.000000,1,6.000000,2.939388,1.000000,13.000000,7.760000,3.685431,49.000000,0.000000,50,0,57.199071
2230,2230,0,accepted,none,0.000000,1,5.480000,2.002399,2.000000,9.000000,5.720000,2.661128,49.000000,0.000000,50,0,71.245725
2240,2240,0,rejected,assert_connectivity,60.000000,1,6.560000,2.843660,1.000000,14.000000,8.520000,4.665790,35.560000,12.464606,0,0,62.153659
2233,2233,0,accepted,none,0.000000,1,5.680000,2.004395,1.000000,9.000000,7.440000,3.573010,49.000000,0.000000,50,0,72.675061
2242,2242,0,rejected,assert_connectivity,60.000000,1,5.120000,1.632667,1.000000,8.000000,5.960000,3.543783,36.960000,12.491533,0,0,61.948770
2241,2241,0,rejected,assert_connectivity,60.000000,1,6.480000,3.163795,0.000000,13.000000,7.320000,3.977135,47.040000,6.720000,0,0,64.998275
2243,2243,0,rejected,too_close,60.000000,1,6.120000,2.285957,1.000000,10.000000,8.200000,3.752333,49.000000,0.000000,50,1,63.012142
2244,2244,0,rejected,assert_connectivity,60.000000,1,5.400000,1.777639,0.000000,8.000000,5.720000,3.268272,47.040000,6.720000,0,0,67.753641
2234,2234,0,accepted,none,0.000000,1,5.720000,1.980303,1.000000,10.000000,7.480000,3.305995,49.000000,0.000000,50,0,67.419416
2246,2246,0,rejected,too_close,60.000000,1,7.760000,4.718305,1.000000,18.000000,9.880000,4.962419,49.000000,0.000000,50,1,59.261681
2236,2236,0,accepted,none,0.000000,1,5.560000,2.639394,1.000000,12.000000,8.560000,3.567408,49.000000,0.000000,50,0,70.760446
2237,2237,0,accepted,none,0.000000,1,6.280000,2.676117,1.000000,11.000000,7.760000,4.347689,49.000000,0.000000,50,0,60.086436
2252,2252,0,rejected,assert_connectivity,60.000000,1,6.120000,2.205811,1.000000,12.000000,7.680000,3.196498,45.160000,9.014122,0,0,61.922718
2253,2253,0,rejected,assert_connectivity,60.000000,1,7.160000,3.419708,0.000000,13.000000,7.320000,4.216349,28.480000,12.812869,0,0,59.879379
2254,2254,0,rejected,assert_connectivity,60.000000,1,6.120000,2.223870,1.000000,11.000000,6.640000,3.485742,45.160000,9.014122,0,0,62.769308
2255,2255,0,rejected,assert_connectivity,60.000000,1,6.400000,2.135416,0.000000,11.000000,7.720000,4.368249,47.040000,6.720000,0,1,53.877648
2248,2248,0,accepted,none,0.000000,1,5.200000,1.400000,2.000000,8.000000,5.760000,2.502479,49.000000,0.000000,50,0,69.398183
2247,2247,0,accepted,none,0.000000,1,5.960000,2.199636,1.000000,10.000000,7.400000,3.682391,49.000000,0.000000,50,0,67.490535
2245,2245,0,accepted,none,0.000000,1,6.760000,2.943196,2.000000,12.000000,9.400000,3.644173,49.000000,0.000000,50,0,62.264421
2249,2249,0,accepted,none,0.000000,1,5.640000,2.027412,1.000000,10.000000,7.400000,4.113393,49.000000,0.000000,50,0,71.269658
2258,2258,0,rejected,assert_connectivity,60.000000,1,5.320000,2.378571,2.000000,10.000000,5.440000,2.669532,43.360000,10.449421,0,0,65.976337
2257,2257,0,rejected,assert_connectivity,60.000000,1,6.280000,3.105093,0.000000,14.000000,9.680000,4.392903,47.040000,6.720000,0,0,70.881916
2250,2250,0,accepted,none,0.000000,1,5.840000,2.230336,1.000000,10.000000,8.440000,3.617513,49.000000,0.000000,50,0,71.438797
2251,2251,0,accepted,none,0.000000,1,5.480000,2.109407,2.000000,9.000000,6.640000,3.254289,49.000000,0.000000,50,0,64.286282
2259,2259,0,rejected,assert_connectivity,60.000000,1,7.800000,4.715930,1.000000,16.000000,6.040000,3.205994,19.760000,5.274694,0,0,72.945381
2261,2261,0,rejected,assert_connectivity,60.000000,1,6.200000,2.271563,0.000000,11.000000,7.600000,4.166533,47.040000,6.720000,0,0,59.933286
2264,2264,0,rejected,assert_connectivity,60.000000,1,6.120000,3.241234,1.000000,13.000000,6.560000,3.400941,43.360000,10.449421,0,0,62.910870
2263,2263,0,rejected,assert_connectivity,60.000000,1,6.960000,3.224655,0.000000,13.000000,9.280000,4.507949,47.040000,6.720000,0,0,60.321715
2265,2265,0,rejected,assert_connectivity,60.000000,1,5.280000,2.209434,1.000000,9.000000,7.520000,3.389631,45.160000,9.014122,0,0,73.973468
2266,2266,0,rejected,assert_connectivity,60.000000,1,5.800000,2.323790,0.000000,11.000000,7.360000,4.203617,45.120000,9.210081,0,0,71.915828
2268,2268,0,rejected,too_close,60.000000,1,6.280000,2.939660,1.000000,14.000000,9.400000,4.741308,49.000000,0.000000,50,0,74.947057
2271,2271,0,rejected,assert_connectivity,60.000000,1,6.760000,2.665033,0.000000,13.000000,8.440000,4.468378,47.040000,6.720000,0,0,60.226689
2256,2256,0,accepted,none,0.000000,1,5.920000,1.831284,2.000000,12.000000,9.080000,3.230108,49.000000,0.000000,50,0,77.482259
2273,2273,0,rejected,assert_connectivity,60.000000,1,5.680000,2.723527,0.000000,12.000000,7.000000,4.214262,47.040000,6.720000,0,0,71.732697
2262,2262,0,accepted,none,0.000000,1,5.160000,2.110545,1.000000,9.000000,7.160000,4.225447,49.000000,0.000000,50,0,72.900610
2274,2274,0,rejected,assert_connectivity,60.000000,1,6.280000,3.130751,2.000000,13.000000,6.240000,3.426719,28.840000,9.877976,0,1,60.724568
2275,2275,0,rejected,assert_connectivity,60.000000,1,7.040000,4.049494,0.000000,14.000000,7.760000,4.207422,39.680000,12.960617,0,0,64.412293
2260,2260,0,accepted,none,0.000000,1,6.720000,2.905443,1.000000,12.000000,8.920000,3.486201,49.000000,0.000000,50,0,72.399377
2270,2270,0,accepted,none,0.000000,1,5.600000,2.349468,1.000000,12.000000,7.400000,4.142463,49.000000,0.000000,50,0,62.633318
2276,2276,0,rejected,assert_connectivity,60.000000,1,6.600000,3.841875,0.000000,16.000000,8.760000,5.327513,41.520000,11.803796,0,0,65.431061
2267,2267,0,accepted,none,0.000000,1,6.040000,2.357626,1.000000,11.000000,9.720000,3.677173,49.000000,0.000000,50,0,78.446304
2269,2269,0,accepted,none,0.000000,1,6.440000,2.299217,2.000000,12.000000,6.400000,2.764055,49.000000,0.000000,50,0,58.035758
2277,2277,0,rejected,assert_connectivity,60.000000,1,6.400000,2.828427,1.000000,12.000000,7.280000,3.965047,45.160000,9.014122,0,0,63.027597
2278,2278,0,rejected,assert_connectivity,60.000000,1,5.200000,2.374868,2.000000,11.000000,6.880000,3.669550,43.360000,10.449421,0,0,66.619851
2279,2279,0,rejected,too_close,60.000000,1,5.480000,1.780337,1.000000,9.000000,6.240000,3.575248,49.000000,0.000000,50,0,71.317127
2281,2281,0,rejected,assert_connectivity,60.000000,1,6.280000,2.506312,0.000000,12.000000,8.240000,3.932226,47.040000,6.720000,0,0,74.559553
2280,2280,0,rejected,too_close,60.000000,1,7.280000,3.475860,1.000000,14.000000,8.880000,3.855593,49.000000,0.000000,50,1,59.842685
2283,2283,0,rejected,assert_connectivity,60.000000,1,5.400000,2.262742,0.000000,9.000000,4.840000,2.524757,39.720000,12.843738,0,0,65.298321
2284,2284,0,rejected,assert_connectivity,60.000000,1,5.920000,1.988366,1.000000,9.000000,5.720000,2.577130,45.160000,9.014122,0,0,63.460901
2287,2287,0,rejected,assert_connectivity,60.000000,1,5.480000,2.202181,1.000000,9.000000,7.200000,3.638681,41.640000,11.394314,0,0,62.321634
2272,2272,0,accepted,none,0.000000,1,6.360000,2.930938,2.000000,13.000000,7.280000,3.888650,49.000000,0.000000,50,0,65.888287
2286,2286,0,rejected,assert_connectivity,60.000000,1,6.520000,3.263372,1.000000,13.000000,8.720000,5.040000,45.160000,9.014122,0,0,71.077245
2288,2288,0,rejected,assert_connectivity,60.000000,1,6.360000,2.543698,0.000000,10.000000,6.960000,4.069201,36.400000,13.886684,0,0,55.913082
2290,2290,0,rejected,assert_connectivity,60.000000,1,6.440000,2.562499,0.000000,11.000000,7.880000,4.072542,45.120000,9.210081,0,0,57.779294
2291,2291,0,rejected,assert_connectivity,60.000000,1,6.480000,2.865240,0.000000,11.000000,9.000000,4.538722,47.040000,6.720000,0,0,58.033981
2292,2292,0,rejected,assert_connectivity,60.000000,1,6.200000,2.497999,0.000000,11.000000,6.800000,3.504283,47.040000,6.720000,0,0,63.861606
2293,2293,0,rejected,assert_connectivity,60.000000,1,6.440000,3.742513,1.000000,15.000000,8.200000,4.987986,45.160000,9.014122,0,0,57.179521
2296,2296,0,rejected,assert_connectivity,60.000000,1,4.760000,1.656019,2.000000,8.000000,5.000000,3.111270,40.000000,12.000000,0,0,63.981829
2282,2282,0,accepted,none,0.000000,1,5.720000,2.209434,2.000000,11.000000,4.840000,2.700815,49.000000,0.000000,50,0,60.974298
2285,2285,0,accepted,none,0.000000,1,5.960000,2.925474,2.000000,12.000000,8.760000,4.492483,49.000000,0.000000,50,0,60.698108
2299,2299,0,rejected,assert_connectivity,60.000000,1,5.640000,2.567177,1.000000,12.000000,7.600000,3.687818,43.360000,10.449421,0,0,61.816647
2289,2289,0,accepted,none,0.000000,1,6.280000,2.530138,2.000000,11.000000,7.680000,3.749347,49.000000,0.000000,50,0,71.266328
2294,2294,0,accepted,none,0.000000,1,5.360000,1.763633,2.000000,9.000000,5.840000,2.968906,49.000000,0.000000,50,0,69.717737
2301,2301,0,rejected,assert_connectivity,60.000000,1,7.400000,3.475629,0.000000,13.000000,10.080000,4.732188,41.440000,12.073376,0,1,56.431405
2302,2302,0,rejected,assert_connectivity,60.000000,1,6.800000,4.019950,1.000000,15.000000,7.320000,4.046925,45.160000,9.014122,0,0,65.328986
2303,2303,0,rejected,assert_connectivity,60.000000,1,6.840000,2.935030,1.000000,12.000000,8.200000,4.029888,45.160000,9.014122,0,0,57.010748
2297,2297,0,accepted,none,0.000000,1,6.520000,2.376889,2.000000,10.000000,7.440000,3.244441,49.000000,0.000000,50,0,62.758989
2304,2304,0,rejected,assert_connectivity,60.000000,1,5.520000,2.685070,2.000000,10.000000,6.800000,2.756810,43.360000,10.449421,0,0,73.135484
2295,2295,0,accepted,none,0.000000,1,6.000000,2.289105,1.000000,11.000000,6.920000,2.504716,49.000000,0.000000,50,0,59.756777
2307,2307,0,rejected,too_close,60.000000,1,5.840000,2.091507,2.000000,11.000000,6.520000,2.961351,49.000000,0.000000,50,0,64.571632
2298,2298,0,accepted,none,0.000000,1,5.760000,3.010382,1.000000,12.000000,7.520000,3.407286,49.000000,0.000000,50,0,69.747977
2306,2306,0,rejected,assert_connectivity,60.000000,1,7.240000,3.575248,0.000000,15.000000,10.720000,5.499236,47.040000,6.720000,0,0,59.870154
2312,2312,0,rejected,assert_connectivity,60.000000,1,5.720000,2.209434,2.000000,11.000000,6.200000,2.778489,25.000000,4.898979,0,0,64.716934
2311,2311,0,rejected,assert_connectivity,60.000000,1,6.880000,3.115381,0.000000,13.000000,6.680000,4.675211,29.920000,12.705652,0,0,58.753130
2313,2313,0,rejected,assert_connectivity,60.000000,1,5.160000,1.890608,0.000000,9.000000,6.840000,3.722150,41.520000,11.803796,0,0,67.575468
2315,2315,0,rejected,assert_connectivity,60.000000,1,5.480000,2.547469,0.000000,11.000000,8.240000,4.598087,38.240000,12.900481,0,0,59.384619
2300,2300,0,accepted,none,0.000000,1,5.920000,2.124523,1.000000,12.000000,7.760000,3.922040,49.000000,0.000000,50,0,70.521464
2316,2316,0,rejected,assert_connectivity,60.000000,1,6.120000,2.503118,1.000000,11.000000,8.200000,4.317407,43.360000,10.449421,0,0,60.083216
2318,2318,0,rejected,assert_connectivity,60.000000,1,6.840000,3.460405,1.000000,14.000000,8.960000,4.890644,36.960000,12.491533,0,0,57.384877
2319,2319,0,rejected,assert_connectivity,60.000000,1,5.640000,2.703775,1.000000,11.000000,5.680000,3.797051,41.640000,11.394314,0,0,59.951990
2310,2310,0,accepted,none,0.000000,1,5.520000,2.531719,1.000000,11.000000,7.560000,3.634061,49.000000,0.000000,50,0,54.303050
2305,2305,0,accepted,none,0.000000,1,6.320000,2.611053,1.000000,14.000000,8.520000,3.324094,49.000000,0.000000,50,0,62.967923
2308,2308,0,accepted,none,0.000000,1,6.360000,2.496077,1.000000,11.000000,8.520000,3.935683,49.000000,0.000000,50,0,62.765097
2321,2321,0,rejected,assert_connectivity,60.000000,1,5.800000,2.653300,0.000000,12.000000,6.120000,3.513631,47.040000,6.720000,0,0,72.653811
2323,2323,0,rejected,assert_connectivity,60.000000,1,7.880000,3.696701,1.000000,15.000000,11.040000,5.188295,43.360000,10.449421,0,0,61.043667
2309,2309,0,accepted,none,0.000000,1,6.960000,3.852064,1.000000,14.000000,8.360000,4.898000,49.000000,0.000000,50,0,59.953793
2314,2314,0,accepted,none,0.000000,1,6.760000,2.895237,1.000000,13.000000,8.280000,3.243702,49.000000,0.000000,50,0,65.494060
2327,2327,0,rejected,assert_connectivity,60.000000,1,6.000000,2.537716,0.000000,10.000000,6.800000,3.693237,43.280000,10.766689,0,0,64.122467
2317,2317,0,accepted,none,0.000000,1,6.480000,2.981543,1.000000,13.000000,8.600000,3.187475,49.000000,0.000000,50,0,67.237579
2322,2322,0,accepted,none,0.000000,1,6.240000,2.542125,1.000000,10.000000,6.280000,2.973483,49.000000,0.000000,50,0,68.638477
2320,2320,0,accepted,none,0.000000,1,5.880000,2.312055,1.000000,11.000000,7.040000,3.583071,49.000000,0.000000,50,0,58.018802
2324,2324,0,accepted,none,0.000000,1,6.280000,2.757100,1.000000,11.000000,6.200000,3.255764,49.000000,0.000000,50,0,68.164139
2332,2332,0,rejected,assert_connectivity,60.000000,1,5.760000,2.709686,1.000000,12.000000,7.120000,3.397882,43.360000,10.449421,0,0,64.015719
2325,2325,0,accepted,none,0.000000,1,6.080000,2.415285,2.000000,11.000000,8.240000,3.564043,49.000000,0.000000,50,0,65.127732
2326,2326,0,accepted,none,0.000000,1,6.440000,2.458943,1.000000,12.000000,8.640000,3.902615,49.000000,0.000000,50,0,63.204474
2334,2334,0,rejected,assert_connectivity,60.000000,1,6.280000,2.946455,0.000000,12.000000,8.240000,2.680000,47.040000,6.720000,0,0,64.947036
2328,2328,0,accepted,none,0.000000,1,6.440000,2.593530,2.000000,12.000000,8.440000,3.894406,49.000000,0.000000,50,0,65.349285
2336,2336,0,rejected,assert_connectivity,60.000000,1,6.440000,3.990789,1.000000,15.000000,7.880000,4.881147,35.080000,13.582106,0,0,55.900449
2337,2337,0,rejected,assert_connectivity,60.000000,1,6.600000,2.489980,0.000000,11.000000,8.360000,3.963635,43.280000,10.766689,0,0,66.054130
2329,2329,0,accepted,none,0.000000,1,5.560000,2.108649,1.000000,9.000000,5.960000,3.136622,49.000000,0.000000,50,0,68.545272
2338,2338,0,rejected,assert_connectivity,60.000000,1,5.920000,2.406990,0.000000,10.000000,7.280000,4.137826,43.280000,10.766689,0,1,61.698226
2339,2339,0,rejected,too_close,60.000000,1,5.680000,1.793767,1.000000,9.000000,6.760000,3.467333,49.000000,0.000000,50,1,61.544181
2330,2330,0,accepted,none,0.000000,1,5.200000,2.154066,2.000000,12.000000,5.680000,1.974234,49.000000,0.000000,50,0,69.963228
2331,2331,0,accepted,none,0.000000,1,5.840000,1.781685,2.000000,10.000000,7.280000,3.262147,49.000000,0.000000,50,0,60.296727
2343,2343,0,rejected,assert_connectivity,60.000000,1,6.080000,2.456339,0.000000,11.000000,7.040000,3.939340,47.040000,6.720000,0,0,69.824908
2344,2344,0,rejected,assert_connectivity,60.000000,1,6.320000,2.942380,0.000000,12.000000,7.960000,3.989787,47.040000,6.720000,0,1,63.013622
2345,2345,0,rejected,assert_connectivity,60.000000,1,6.320000,2.831537,0.000000,12.000000,8.840000,4.211223,47.040000,6.720000,0,0,72.568902
2346,2346,0,rejected,assert_connectivity,60.000000,1,6.240000,2.657518,1.000000,13.000000,6.920000,3.861813,41.640000,11.394314,0,0,69.464665
2333,2333,0,accepted,none,0.000000,1,6.160000,2.318275,2.000000,11.000000,8.320000,3.596888,49.000000,0.000000,50,0,60.542487
2335,2335,0,accepted,none,0.000000,1,6.160000,2.744886,1.000000,11.000000,7.560000,3.785023,49.000000,0.000000,50,0,63.749430
2348,2348,0,rejected,assert_connectivity,60.000000,1,7.920000,4.102877,0.000000,15.000000,10.040000,4.741139,47.040000,6.720000,0,0,65.928708
2349,2349,0,rejected,too_close,60.000000,1,7.280000,2.306859,2.000000,13.000000,8.680000,3.946847,49.000000,0.000000,50,0,61.959048
2351,2351,0,rejected,assert_connectivity,60.000000,1,5.520000,2.342990,1.000000,9.000000,6.760000,2.811121,35.560000,12.464606,0,1,74.569888
2350,2350,0,rejected,assert_connectivity,60.000000,1,5.920000,1.863760,0.000000,9.000000,7.640000,3.845829,47.040000,6.720000,0,0,67.142731
2340,2340,0,accepted,none,0.000000,1,5.440000,1.834775,1.000000,9.000000,5.640000,2.215942,49.000000,0.000000,50,0,63.951161
2342,2342,0,accepted,none,0.000000,1,5.760000,2.015540,2.000000,10.000000,8.000000,3.039737,49.000000,0.000000,50,0,68.619896
2353,2353,0,rejected,assert_connectivity,60.000000,1,6.120000,2.943739,0.000000,12.000000,7.440000,4.817302,47.040000,6.720000,0,0,63.592436
2355,2355,0,rejected,assert_connectivity,60.000000,1,6.000000,2.905168,0.000000,13.000000,6.600000,4.004997,47.040000,6.720000,0,0,66.178087
2354,2354,0,rejected,assert_connectivity,60.000000,1,6.320000,2.831537,0.000000,12.000000,8.680000,3.880412,47.040000,6.720000,0,0,66.191971
2356,2356,0,rejected,assert_connectivity,60.000000,1,6.560000,3.232089,1.000000,14.000000,7.440000,4.248105,36.960000,12.491533,0,0,68.627509
2359,2359,0,rejected,assert_connectivity,60.000000,1,6.360000,2.951339,1.000000,11.000000,8.240000,4.726775,43.360000,10.449421,0,0,66.774775
2341,2341,0,accepted,none,0.000000,1,5.840000,2.633325,1.000000,13.000000,8.680000,4.337926,49.000000,0.000000,50,0,73.876779
2347,2347,0,accepted,none,0.000000,1,6.000000,2.653300,1.000000,12.000000,7.760000,4.178804,49.000000,0.000000,50,0,57.899749
2363,2363,0,rejected,assert_connectivity,60.000000,1,6.520000,2.961351,1.000000,12.000000,7.680000,3.233821,43.360000,10.449421,0,0,69.353490
2364,2364,0,rejected,assert_connectivity,60.000000,1,5.240000,2.064558,1.000000,10.000000,7.280000,3.149857,43.360000,10.449421,0,0,63.664236
2365,2365,0,rejected,assert_connectivity,60.000000,1,6.400000,2.835489,1.000000,13.000000,4.640000,2.520000,24.040000,0.999200,0,0,60.843241
2357,2357,0,accepted,none,0.000000,1,5.480000,2.174764,2.000000,10.000000,8.040000,3.486890,49.000000,0.000000,50,0,72.427676
2361,2361,0,accepted,none,0.000000,1,5.480000,2.137662,1.000000,10.000000,6.160000,3.786080,49.000000,0.000000,50,0,66.303975
2352,2352,0,accepted,none,0.000000,1,7.600000,3.831449,1.000000,14.000000,11.280000,4.552098,49.000000,0.000000,50,0,67.162366
2358,2358,0,accepted,none,0.000000,1,6.040000,2.705254,1.000000,14.000000,7.880000,3.024169,49.000000,0.000000,50,0,75.608107
2360,2360,0,accepted,none,0.000000,1,6.720000,2.877777,1.000000,13.000000,7.480000,3.151127,49.000000,0.000000,50,0,60.989999
2368,2368,0,rejected,assert_connectivity,60.000000,1,5.160000,2.138785,1.000000,10.000000,4.960000,3.142992,41.640000,11.394314,0,0,62.129186
2369,2369,0,rejected,assert_connectivity,60.000000,1,5.680000,2.485478,0.000000,13.000000,7.040000,4.331097,33.920000,13.010519,0,0,60.566736
2371,2371,0,rejected,assert_connectivity,60.000000,1,5.080000,2.152580,0.000000,9.000000,5.880000,3.185216,47.040000,6.720000,0,0,64.636065
2370,2370,0,rejected,assert_connectivity,60.000000,1,6.760000,3.313970,2.000000,14.000000,6.400000,3.328663,38.440000,12.348538,0,1,64.622793
2372,2372,0,rejected,assert_connectivity,60.000000,1,5.880000,2.103711,2.000000,11.000000,6.520000,4.070577,33.000000,12.000000,0,0,59.409904
2362,2362,0,accepted,none,0.000000,1,6.280000,2.315513,1.000000,10.000000,8.440000,3.371409,49.000000,0.000000,50,0,70.738550
2374,2374,0,rejected,assert_connectivity,60.000000,1,4.960000,2.049000,1.000000,10.000000,5.120000,2.268392,45.160000,9.014122,0,0,70.428273
2376,2376,0,rejected,assert_connectivity,60.000000,1,5.440000,2.021485,1.000000,10.000000,5.320000,2.603382,31.840000,11.598896,0,0,59.508040
2375,2375,0,rejected,assert_connectivity,60.000000,1,6.640000,3.718925,0.000000,14.000000,9.920000,4.421945,47.040000,6.720000,0,0,68.311405
2377,2377,0,rejected,assert_connectivity,60.000000,1,6.840000,3.035523,0.000000,13.000000,9.000000,4.256759,41.520000,11.803796,0,0,60.362297
2378,2378,0,rejected,too_close,60.000000,1,5.800000,1.673320,2.000000,10.000000,8.200000,3.458323,49.000000,0.000000,50,0,65.727413
2379,2379,0,rejected,too_close,60.000000,1,5.920000,2.512688,1.000000,12.000000,8.240000,3.829151,49.000000,0.000000,50,0,67.445090
2381,2381,0,rejected,assert_connectivity,60.000000,1,4.800000,2.236068,1.000000,9.000000,6.280000,3.538587,34.960000,13.844797,0,0,68.927061
2382,2382,0,rejected,assert_connectivity,60.000000,1,5.960000,2.785390,0.000000,10.000000,4.920000,3.404938,47.060000,6.724314,1,0,65.202833
2383,2383,0,rejected,too_close,60.000000,1,5.600000,2.280351,1.000000,12.000000,6.960000,3.492621,49.000000,0.000000,50,0,67.559998
2384,2384,0,rejected,assert_connectivity,60.000000,1,6.960000,2.756520,1.000000,12.000000,7.320000,3.921428,41.640000,11.394314,0,0,68.444594
2367,2367,0,accepted,none,0.000000,1,5.040000,1.708333,2.000000,9.000000,5.920000,2.748381,49.000000,0.000000,50,0,60.186739
2386,2386,0,rejected,too_close,60.000000,1,6.520000,2.491907,1.000000,12.000000,8.280000,3.328904,49.000000,0.000000,50,0,58.784778
2388,2388,0,rejected,assert_connectivity,60.000000,1,7.720000,3.914282,0.000000,15.000000,10.080000,4.480357,47.040000,6.720000,0,0,62.352890
2366,2366,0,accepted,none,0.000000,1,6.280000,2.049780,2.000000,11.000000,8.200000,3.231099,49.000000,0.000000,50,0,69.811365
2391,2391,0,rejected,too_close,60.000000,1,5.040000,1.948948,1.000000,10.000000,6.120000,3.362380,49.000000,0.000000,50,0,70.589922
2392,2392,0,rejected,assert_connectivity,60.000000,1,5.360000,2.170346,0.000000,10.000000,7.480000,3.505653,47.040000,6.720000,0,0,73.524736
2373,2373,0,accepted,none,0.000000,1,5.680000,2.073065,1.000000,10.000000,7.120000,3.824343,49.000000,0.000000,50,0,69.982458
2380,2380,0,accepted,none,0.000000,1,6.480000,2.609521,2.000000,11.000000,8.240000,4.120971,49.000000,0.000000,50,0,60.395959
2394,2394,0,rejected,too_close,60.000000,1,6.280000,2.097999,2.000000,11.000000,6.640000,2.861887,49.000000,0.000000,50,0,65.992886
2395,2395,0,rejected,too_close,60.000000,1,6.400000,2.698148,1.000000,11.000000,8.640000,3.866575,49.000000,0.000000,50,0,67.688083
2396,2396,0,rejected,assert_connectivity,60.000000,1,7.600000,4.774935,0.000000,16.000000,7.240000,4.379772,47.040000,6.720000,0,0,68.473535
2397,2397,0,rejected,assert_connectivity,60.000000,1,6.080000,3.254781,1.000000,13.000000,9.040000,5.199846,45.160000,9.014122,0,0,72.329299
2387,2387,0,accepted,none,0.000000,1,6.000000,2.019901,2.000000,10.000000,7.640000,3.103289,49.000000,0.000000,50,0,68.394169
2389,2389,0,accepted,none,0.000000,1,5.680000,2.453080,1.000000,12.000000,6.960000,2.785390,49.000000,0.000000,50,0,72.150234
2399,2399,0,rejected,assert_connectivity,60.000000,1,6.000000,2.592296,0.000000,12.000000,7.480000,4.369165,39.840000,12.485768,0,0,66.090035
2385,2385,0,accepted,none,0.000000,1,7.040000,2.911769,2.000000,12.000000,10.720000,4.271019,49.000000,0.000000,50,0,76.010774
2400,2400,0,rejected,assert_connectivity,60.000000,1,7.040000,3.019669,0.000000,14.000000,9.880000,4.810987,47.040000,6.720000,0,0,66.186400
2401,2401,0,rejected,assert_connectivity,60.000000,1,5.920000,2.652094,0.000000,11.000000,7.120000,4.306460,33.640000,13.615814,0,0,62.408436
2390,2390,0,accepted,none,0.000000,1,6.040000,2.235710,1.000000,10.000000,7.360000,2.504077,49.000000,0.000000,50,0,69.734782
2402,2402,0,rejected,assert_connectivity,60.000000,1,6.680000,2.395329,0.000000,11.000000,8.040000,3.405642,47.040000,6.720000,0,0,65.211737
2407,2407,0,rejected,too_close,60.000000,1,6.160000,2.386294,1.000000,11.000000,7.760000,4.611117,49.000000,0.000000,50,0,57.351414
2408,2408,0,rejected,assert_connectivity,60.000000,1,7.240000,3.586419,2.000000,14.000000,7.800000,3.800000,43.360000,10.449421,0,0,57.617890
2409,2409,0,rejected,assert_connectivity,60.000000,1,5.880000,2.329292,2.000000,11.000000,7.040000,4.054430,43.360000,10.449421,0,1,64.486118
2393,2393,0,accepted,none,0.000000,1,7.520000,3.590209,1.000000,16.000000,9.120000,5.074012,49.000000,0.000000,50,0,58.358060
2410,2410,0,rejected,assert_connectivity,60.000000,1,5.520000,2.368459,0.000000,10.000000,6.680000,3.523862,43.280000,10.766689,0,0,64.521335
2398,2398,0,accepted,none,0.000000,1,6.000000,2.513961,1.000000,11.000000,7.520000,3.287796,49.000000,0.000000,50,0,65.129287
2411,2411,0,rejected,assert_connectivity,60.000000,1,5.440000,2.136914,1.000000,10.000000,5.800000,3.006659,36.560000,13.492457,0,0,57.594814
2413,2413,0,rejected,too_close,60.000000,1,5.520000,2.507907,1.000000,10.000000,7.720000,3.600222,49.000000,0.000000,50,0,72.615422
2414,2414,0,rejected,assert_connectivity,60.000000,1,4.720000,1.990377,1.000000,10.000000,5.280000,3.168848,34.760000,14.303230,0,1,66.995039
2405,2405,0,accepted,none,0.000000,1,5.760000,2.746343,2.000000,10.000000,6.960000,4.199810,49.000000,0.000000,50,0,65.199686
2404,2404,0,accepted,none,0.000000,1,5.720000,2.010373,1.000000,9.000000,5.520000,2.787400,49.000000,0.000000,50,0,65.577667
2403,2403,0,accepted,none,0.000000,1,6.560000,3.353565,1.000000,14.000000,8.680000,3.126915,49.000000,0.000000,50,0,55.506624
2406,2406,0,accepted,none,0.000000,1,5.400000,2.009975,1.000000,11.000000,7.080000,3.064898,49.000000,0.000000,50,0,66.061810
2417,2417,0,rejected,assert_connectivity,60.000000,1,6.240000,2.853489,0.000000,11.000000,7.520000,4.299953,43.280000,10.766689,0,0,71.562291
2418,2418,0,rejected,assert_connectivity,60.000000,1,5.520000,1.746310,1.000000,10.000000,5.920000,3.697783,45.160000,9.014122,0,0,65.354863
2419,2419,0,rejected,assert_connectivity,60.000000,1,6.320000,3.036050,0.000000,12.000000,6.880000,4.028101,47.040000,6.720000,0,0,64.454670
2420,2420,0,rejected,assert_connectivity,60.000000,1,6.120000,2.241785,1.000000,12.000000,8.040000,3.243208,45.160000,9.014122,0,0,63.313654
2422,2422,0,rejected,assert_connectivity,60.000000,1,5.520000,2.299913,0.000000,11.000000,7.320000,3.931615,47.040000,6.720000,0,0,74.470023
2424,2424,0,rejected,assert_connectivity,60.000000,1,6.400000,3.841875,1.000000,15.000000,9.080000,5.476641,36.480000,13.682456,0,0,63.162308
2423,2423,0,rejected,assert_connectivity,60.000000,1,6.440000,2.836618,0.000000,13.000000,8.080000,4.711008,41.520000,11.803796,0,0,73.692045
2425,2425,0,rejected,assert_connectivity,60.000000,1,6.080000,2.270154,1.000000,10.000000,8.200000,3.924283,45.160000,9.014122,0,0,60.191934
2426,2426,0,rejected,assert_connectivity,60.000000,1,6.680000,3.706427,0.000000,14.000000,5.440000,3.225895,47.040000,6.720000,0,0,62.773885
2427,2427,0,rejected,assert_connectivity,60.000000,1,6.640000,3.374967,0.000000,13.000000,6.480000,4.114560,43.280000,10.766689,0,0,64.206234
2415,2415,0,accepted,none,0.000000,1,6.160000,2.508864,1.000000,11.000000,5.440000,3.092960,49.000000,0.000000,50,0,66.060138
2412,2412,0,accepted,none,0.000000,1,5.480000,1.962040,1.000000,9.000000,7.720000,3.187726,49.000000,0.000000,50,0,66.698344
2431,2431,0,rejected,assert_connectivity,60.000000,1,5.680000,2.266627,0.000000,11.000000,6.520000,3.699946,35.280000,13.130179,0,0,67.512449
2416,2416,0,accepted,none,0.000000,1,6.000000,2.592296,1.000000,12.000000,8.320000,3.289012,49.000000,0.000000,50,0,65.696202
2432,2432,0,rejected,assert_connectivity,60.000000,1,5.600000,1.979899,0.000000,9.000000,6.880000,3.586865,47.040000,6.720000,0,0,61.818696
2434,2434,0,rejected,too_close,60.000000,1,6.040000,2.181376,1.000000,11.000000,8.960000,3.984771,49.000000,0.000000,50,0,64.938660
2421,2421,0,accepted,none,0.000000,1,6.880000,2.454710,1.000000,11.000000,7.440000,3.940355,49.000000,0.000000,50,0,59.497926
2436,2436,0,rejected,too_close,60.000000,1,6.600000,2.683282,2.000000,12.000000,7.560000,2.491265,49.000000,0.000000,50,1,71.825311
2437,2437,0,rejected,assert_connectivity,60.000000,1,5.520000,2.563123,1.000000,11.000000,6.880000,4.077450,28.160000,13.328706,0,0,64.729699
2429,2429,0,accepted,none,0.000000,1,5.760000,2.249978,1.000000,11.000000,6.160000,3.195997,49.000000,0.000000,50,0,67.717956
2438,2438,0,rejected,too_close,60.000000,1,6.520000,3.067507,2.000000,15.000000,7.640000,3.284874,49.000000,0.000000,50,0,68.419653
2428,2428,0,accepted,none,0.000000,1,6.080000,2.741095,1.000000,11.000000,8.360000,3.907736,49.000000,0.000000,50,0,61.716386
2440,2440,0,rejected,assert_connectivity,60.000000,1,5.680000,2.167395,1.000000,9.000000,5.960000,3.193493,39.760000,12.720943,0,0,66.753674
2443,2443,0,rejected,assert_connectivity,60.000000,1,6.720000,2.713227,0.000000,11.000000,8.800000,3.984972,47.040000,6.720000,0,0,59.651984
2430,2430,0,accepted,none,0.000000,1,7.280000,2.863844,1.000000,13.000000,10.920000,4.672644,49.000000,0.000000,50,0,67.373791
2444,2444,0,rejected,assert_connectivity,60.000000,1,5.960000,2.217747,0.000000,10.000000,8.040000,4.349529,47.040000,6.720000,0,0,74.364283
2445,2445,0,rejected,too_close,60.000000,1,5.960000,2.505674,1.000000,12.000000,8.720000,3.521591,49.000000,0.000000,50,1,66.109074
2435,2435,0,accepted,none,0.000000,1,5.000000,1.959592,1.000000,10.000000,5.520000,2.865240,49.000000,0.000000,50,0,62.584012
2433,2433,0,accepted,none,0.000000,1,6.280000,2.814534,1.000000,12.000000,8.200000,2.959730,49.000000,0.000000,50,0,74.582165
2447,2447,0,rejected,assert_connectivity,60.000000,1,5.760000,3.222173,1.000000,12.000000,7.600000,3.964846,43.360000,10.449421,0,0,68.503525
2449,2449,0,rejected,assert_connectivity,60.000000,1,7.200000,4.219005,0.000000,16.000000,9.360000,5.210605,36.720000,13.102733,0,0,62.563659
2439,2439,0,accepted,none,0.000000,1,6.000000,2.181742,1.000000,11.000000,5.720000,2.771570,49.000000,0.000000,50,0,66.356537
2452,2452,0,rejected,assert_connectivity,60.000000,1,5.240000,2.177705,2.000000,9.000000,6.480000,3.477010,41.640000,11.394314,0,0,70.399774
2442,2442,0,accepted,none,0.000000,1,5.880000,2.294690,1.000000,10.000000,6.600000,2.856571,49.000000,0.000000,50,0,63.661643
2453,2453,0,rejected,assert_connectivity,60.000000,1,5.400000,2.019901,0.000000,9.000000,7.080000,3.571218,47.040000,6.720000,0,1,65.174979
2441,2441,0,accepted,none,0.000000,1,5.960000,2.835207,2.000000,12.000000,7.360000,3.553927,49.000000,0.000000,50,0,69.097771
2455,2455,0,rejected,assert_connectivity,60.000000,1,5.760000,2.581163,1.000000,11.000000,6.720000,3.805470,43.360000,10.449421,0,0,68.007784
2446,2446,0,accepted,none,0.000000,1,6.280000,2.905443,1.000000,11.000000,7.760000,3.937309,49.000000,0.000000,50,0,59.646327
2448,2448,0,accepted,none,0.000000,1,6.160000,2.460569,2.000000,12.000000,6.840000,3.546040,49.000000,0.000000,50,0,62.289165
2450,2450,0,accepted,none,0.000000,1,5.480000,1.746310,1.000000,9.000000,7.080000,2.528557,49.000000,0.000000,50,0,73.791011
2458,2458,0,rejected,assert_connectivity,60.000000,1,6.560000,2.342307,1.000000,11.000000,6.760000,3.165817,45.160000,9.014122,0,1,63.929127
2459,2459,0,rejected,too_close,60.000000,1,6.200000,2.849561,1.000000,12.000000,7.480000,4.382876,49.000000,0.000000,50,1,57.630224
2451,2451,0,accepted,none,0.000000,1,5.160000,2.052900,2.000000,9.000000,6.360000,3.185969,49.000000,0.000000,50,0,74.205231
2461,2461,0,rejected,assert_connectivity,60.000000,1,7.560000,3.650534,2.000000,15.000000,10.240000,4.802333,43.360000,10.449421,0,0,61.641444
2462,2462,0,rejected,assert_connectivity,60.000000,1,5.720000,2.020297,0.000000,9.000000,7.960000,3.532478,47.040000,6.720000,0,0,67.395212
2463,2463,0,rejected,assert_connectivity,60.000000,1,6.640000,3.122563,1.000000,13.000000,8.040000,5.226701,33.680000,13.518047,0,0,64.339916
2465,2465,0,rejected,assert_connectivity,60.000000,1,5.880000,2.074994,2.000000,10.000000,6.480000,4.234336,36.960000,12.491533,0,0,63.808953
2466,2466,0,rejected,too_close,60.000000,1,5.720000,2.727930,1.000000,12.000000,8.320000,4.347137,49.000000,0.000000,50,0,70.338523
2467,2467,0,rejected,assert_connectivity,60.000000,1,6.040000,2.835207,1.000000,14.000000,6.200000,4.242641,32.040000,13.926895,0,0,64.878311
2454,2454,0,accepted,none,0.000000,1,5.920000,2.777337,1.000000,11.000000,8.040000,3.693020,49.000000,0.000000,50,0,68.238548
2456,2456,0,accepted,none,0.000000,1,6.560000,2.728809,1.000000,11.000000,6.560000,3.262882,49.000000,0.000000,50,0,62.352139
2468,2468,0,rejected,assert_connectivity,60.000000,1,5.560000,2.108649,1.000000,9.000000,5.080000,2.415285,24.160000,1.993590,0,0,66.837457
2457,2457,0,accepted,none,0.000000,1,6.400000,2.306513,2.000000,11.000000,5.920000,3.297514,49.000000,0.000000,50,0,60.725518
2470,2470,0,rejected,assert_connectivity,60.000000,1,5.480000,2.459593,0.000000,10.000000,7.800000,3.605551,47.040000,6.720000,0,1,64.770291
2471,2471,0,rejected,assert_connectivity,60.000000,1,6.640000,2.605840,0.000000,12.000000,8.120000,3.932633,47.040000,6.720000,0,0,65.732872
2472,2472,0,rejected,assert_connectivity,60.000000,1,7.120000,3.691287,0.000000,13.000000,10.600000,5.130302,43.280000,10.766689,0,0,63.107275
2473,2473,0,rejected,assert_connectivity,60.000000,1,6.120000,2.396998,0.000000,10.000000,5.760000,3.524543,47.040000,6.720000,0,0,60.515191
2476,2476,0,rejected,too_close,60.000000,1,5.560000,2.409647,1.000000,11.000000,6.520000,3.232584,49.000000,0.000000,50,0,62.686964
2475,2475,0,rejected,assert_connectivity,60.000000,1,7.160000,3.170867,0.000000,13.000000,9.240000,3.818691,45.120000,9.210081,0,0,64.748547
2477,2477,0,rejected,assert_connectivity,60.000000,1,6.400000,2.912044,0.000000,12.000000,9.280000,4.142656,47.040000,6.720000,0,0,66.502339
2479,2479,0,rejected,assert_connectivity,60.000000,1,6.160000,3.251830,0.000000,12.000000,5.840000,3.523407,41.520000,11.803796,0,0,68.816882
2480,2480,0,rejected,assert_connectivity,60.000000,1,5.040000,1.574293,2.000000,9.000000,5.440000,3.112298,43.360000,10.449421,0,0,64.645140
2460,2460,0,accepted,none,0.000000,1,5.760000,2.093418,1.000000,10.000000,7.920000,3.129473,49.000000,0.000000,50,0,60.374666
2464,2464,0,accepted,none,0.000000,1,5.880000,1.976259,2.000000,10.000000,5.440000,2.850684,49.000000,0.000000,50,0,58.876343
2481,2481,0,rejected,assert_connectivity,60.000000,1,4.760000,1.806212,0.000000,9.000000,4.880000,2.847034,47.040000,6.720000,0,0,64.298779
2484,2484,0,rejected,assert_connectivity,60.000000,1,5.600000,2.727636,0.000000,12.000000,7.920000,4.199238,47.040000,6.720000,0,0,66.869600
2485,2485,0,rejected,assert_connectivity,60.000000,1,6.880000,3.886592,0.000000,15.000000,6.760000,3.349985,47.040000,6.720000,0,0,69.334556
2469,2469,0,accepted,none,0.000000,1,5.720000,2.676117,1.000000,11.000000,5.600000,2.529822,49.000000,0.000000,50,0,63.544525
2486,2486,0,rejected,too_close,60.000000,1,6.120000,2.783092,1.000000,11.000000,6.920000,3.989185,49.000000,0.000000,50,1,64.649763
2488,2488,0,rejected,too_close,60.000000,1,6.720000,2.615645,1.000000,12.000000,6.560000,3.219689,49.000000,0.000000,50,1,64.734146
2489,2489,0,rejected,assert_connectivity,60.000000,1,5.560000,2.127534,2.000000,10.000000,7.200000,3.237283,41.640000,11.394314,0,0,63.090141
2490,2490,0,rejected,assert_connectivity,60.000000,1,5.880000,2.103711,0.000000,10.000000,7.600000,4.156922,47.040000,6.720000,0,0,68.828967
2492,2492,0,rejected,assert_connectivity,60.000000,1,4.680000,1.642437,0.000000,8.000000,6.560000,2.060679,47.040000,6.720000,0,0,64.679975
2493,2493,0,rejected,assert_connectivity,60.000000,1,5.720000,2.545899,0.000000,11.000000,8.520000,3.986176,47.040000,6.720000,0,0,64.668715
2483,2483,0,accepted,none,0.000000,1,5.800000,2.400000,1.000000,10.000000,6.960000,2.734666,49.000000,0.000000,50,0,68.677261
2478,2478,0,accepted,none,0.000000,1,6.360000,2.197817,2.000000,10.000000,7.080000,3.012242,49.000000,0.000000,50,0,62.018511
2494,2494,0,rejected,too_close,60.000000,1,6.680000,2.436719,1.000000,11.000000,6.280000,2.668633,49.000000,0.000000,50,1,57.533070
2496,2496,0,rejected,assert_connectivity,60.000000,1,6.760000,2.462194,0.000000,11.000000,6.280000,3.111527,29.280000,11.435104,0,0,56.825484
2482,2482,0,accepted,none,0.000000,1,7.160000,2.962161,1.000000,14.000000,7.760000,2.949983,49.000000,0.000000,50,0,68.235604
2498,2498,0,rejected,assert_connectivity,60.000000,1,5.440000,2.333752,1.000000,11.000000,6.960000,3.654914,41.480000,11.936901,0,0,69.642460
2497,2497,0,rejected,assert_connectivity,60.000000,1,7.120000,2.881944,1.000000,12.000000,8.600000,4.927474,45.160000,9.014122,0,0,53.822651
2499,2499,0,rejected,too_close,60.000000,1,6.440000,2.654506,1.000000,11.000000,6.880000,3.314453,49.000000,0.000000,50,0,69.864246
2474,2474,0,accepted,none,0.000000,1,9.120000,5.530425,1.000000,20.000000,12.640000,5.443381,49.000000,0.000000,50,0,65.881519
2487,2487,0,accepted,none,0.000000,1,6.000000,2.271563,1.000000,11.000000,8.840000,3.673472,49.000000,0.000000,50,0,65.037031
2503,2503,0,rejected,assert_connectivity,60.000000,1,5.360000,2.372846,0.000000,10.000000,5.960000,3.423215,47.040000,6.720000,0,0,69.351564
2491,2491,0,accepted,none,0.000000,1,6.160000,3.100710,1.000000,14.000000,8.240000,4.216918,49.000000,0.000000,50,0,69.067079
2505,2505,0,rejected,assert_connectivity,60.000000,1,6.600000,3.162278,0.000000,14.000000,7.320000,3.844164,47.040000,6.720000,0,0,70.872544
2495,2495,0,accepted,none,0.000000,1,5.360000,2.151836,1.000000,11.000000,6.400000,3.000000,49.000000,0.000000,50,0,70.776417
2508,2508,0,rejected,assert_connectivity,60.000000,1,6.080000,2.629373,0.000000,11.000000,7.080000,3.979146,47.040000,6.720000,0,1,64.127620
2500,2500,0,accepted,none,0.000000,1,5.480000,1.711607,1.000000,9.000000,6.360000,2.740511,49.000000,0.000000,50,0,67.671845
2509,2509,0,rejected,assert_connectivity,60.000000,1,6.280000,3.175154,1.000000,13.000000,8.640000,4.165381,45.160000,9.014122,0,1,73.662710
2502,2502,0,accepted,none,0.000000,1,5.760000,2.328605,2.000000,10.000000,7.840000,3.324816,49.000000,0.000000,50,0,63.461650
2501,2501,0,accepted,none,0.000000,1,5.520000,1.931217,1.000000,9.000000,8.240000,3.172129,49.000000,0.000000,50,0,72.365245
2512,2512,0,rejected,assert_connectivity,60.000000,1,5.560000,2.290502,1.000000,12.000000,8.040000,3.280000,45.160000,9.014122,0,0,66.552070
2504,2504,0,accepted,none,0.000000,1,5.960000,2.630285,1.000000,12.000000,6.760000,3.283656,49.000000,0.000000,50,0,64.894071
2513,2513,0,rejected,assert_connectivity,60.000000,1,5.960000,2.306166,0.000000,10.000000,8.040000,3.498342,45.120000,9.210081,0,1,74.632354
2506,2506,0,accepted,none,0.000000,1,5.240000,2.311363,1.000000,10.000000,5.840000,3.042105,49.000000,0.000000,50,0,66.841784
2514,2514,0,rejected,assert_connectivity,60.000000,1,5.960000,2.262388,0.000000,12.000000,7.840000,3.657103,47.040000,6.720000,0,0,60.369466
2516,2516,0,rejected,assert_connectivity,60.000000,1,5.400000,2.416609,1.000000,10.000000,6.080000,3.097354,43.360000,10.449421,0,0,60.536207
2519,2519,0,rejected,too_close,60.000000,1,5.840000,2.335466,2.000000,10.000000,7.760000,3.184713,49.000000,0.000000,50,0,65.643043
2507,2507,0,accepted,none,0.000000,1,6.280000,2.498319,1.000000,11.000000,9.240000,3.501771,49.000000,0.000000,50,0,67.295976
2520,2520,0,rejected,assert_connectivity,60.000000,1,6.920000,3.451608,1.000000,13.000000,9.360000,4.815641,41.640000,11.394314,0,1,64.456691
2510,2510,0,accepted,none,0.000000,1,5.680000,2.034109,2.000000,10.000000,6.920000,3.142229,49.000000,0.000000,50,0,69.708900
2511,2511,0,accepted,none,0.000000,1,5.240000,1.828223,1.000000,9.000000,5.440000,2.070362,49.000000,0.000000,50,0,58.210935
2523,2523,0,rejected,assert_connectivity,60.000000,1,5.760000,2.936392,1.000000,14.000000,6.400000,3.959798,36.960000,12.491533,0,0,72.441371
2524,2524,0,rejected,assert_connectivity,60.000000,1,5.080000,1.622837,0.000000,8.000000,7.080000,2.869425,47.040000,6.720000,0,0,69.557955
2515,2515,0,accepted,none,0.000000,1,5.520000,2.174764,2.000000,9.000000,7.640000,3.809252,49.000000,0.000000,50,0,61.101174
2525,2525,0,rejected,assert_connectivity,60.000000,1,6.520000,3.176413,0.000000,13.000000,8.960000,5.071331,41.520000,11.803796,0,1,68.249268
2526,2526,0,rejected,assert_connectivity,60.000000,1,6.400000,2.778489,0.000000,13.000000,7.520000,3.195246,47.040000,6.720000,0,0,62.150999
2528,2528,0,rejected,assert_connectivity,60.000000,1,6.600000,2.932576,1.000000,14.000000,7.480000,3.721505,45.160000,9.014122,0,0,66.489246
2529,2529,0,rejected,assert_connectivity,60.000000,1,5.720000,3.218944,0.000000,12.000000,7.720000,4.181100,45.120000,9.210081,0,0,73.731786
2518,2518,0,accepted,none,0.000000,1,5.760000,2.320000,1.000000,10.000000,8.160000,3.646149,49.000000,0.000000,50,0,68.177256
2517,2517,0,accepted,none,0.000000,1,6.440000,3.383253,2.000000,14.000000,7.920000,4.053838,49.000000,0.000000,50,0,63.754717
2530,2530,0,rejected,assert_connectivity,60.000000,1,4.600000,1.732051,2.000000,8.000000,5.480000,3.163795,36.480000,13.682456,0,0,67.524884
2533,2533,0,rejected,assert_connectivity,60.000000,1,5.480000,2.360000,0.000000,11.000000,5.160000,3.068289,32.640000,12.765203,0,1,67.884452
2531,2531,0,rejected,too_close,60.000000,1,6.360000,2.567177,2.000000,12.000000,8.840000,3.613087,49.000000,0.000000,50,0,59.392864
2532,2532,0,rejected,assert_connectivity,60.000000,1,6.200000,2.227106,2.000000,11.000000,8.600000,4.422669,43.360000,10.449421,0,1,66.098372
2522,2522,0,accepted,none,0.000000,1,5.480000,2.780216,1.000000,11.000000,6.160000,3.651630,49.000000,0.000000,50,0,61.042543
2534,2534,0,rejected,too_close,60.000000,1,6.240000,2.074223,1.000000,9.000000,9.000000,3.720215,49.000000,0.000000,50,0,76.708351
2521,2521,0,accepted,none,0.000000,1,6.680000,2.760000,1.000000,12.000000,8.680000,3.791781,49.000000,0.000000,50,0,69.348091
2535,2535,0,rejected,assert_connectivity,60.000000,1,5.360000,2.330322,0.000000,10.000000,6.120000,2.388640,47.040000,6.720000,0,0,63.161647
2537,2537,0,rejected,assert_connectivity,60.000000,1,5.720000,2.490301,2.000000,12.000000,9.040000,4.979799,41.640000,11.394314,0,0,70.578964
2536,2536,0,rejected,assert_connectivity,60.000000,1,6.360000,2.930938,0.000000,13.000000,7.680000,2.915064,47.040000,6.720000,0,0,64.277037
2538,2538,0,rejected,assert_connectivity,60.000000,1,6.280000,2.498319,1.000000,12.000000,6.440000,3.377336,29.760000,10.527222,0,0,58.213774
2539,2539,0,rejected,too_close,60.000000,1,6.080000,2.917807,1.000000,12.000000,7.200000,4.156922,49.000000,0.000000,50,0,62.225065
2540,2540,0,rejected,assert_connectivity,60.000000,1,5.600000,2.545584,1.000000,11.000000,5.800000,2.749545,43.360000,10.449421,0,0,69.300372
2541,2541,0,rejected,assert_connectivity,60.000000,1,6.960000,3.789248,0.000000,13.000000,9.680000,4.822613,43.240000,10.924395,0,0,62.813803
2542,2542,0,rejected,assert_connectivity,60.000000,1,5.400000,1.843909,1.000000,8.000000,6.680000,3.337304,41.640000,11.394314,0,0,51.065824
2543,2543,0,rejected,assert_connectivity,60.000000,1,6.720000,2.807419,1.000000,11.000000,7.400000,3.687818,45.160000,9.014122,0,0,69.092951
2544,2544,0,rejected,assert_connectivity,60.000000,1,6.800000,2.698148,1.000000,13.000000,8.000000,4.166533,38.120000,13.219138,0,0,63.540082
2545,2545,0,rejected,too_close,60.000000,1,5.960000,2.144388,2.000000,11.000000,6.760000,3.552802,49.000000,0.000000,50,1,64.261801
2547,2547,0,rejected,assert_connectivity,60.000000,1,7.440000,4.200762,1.000000,15.000000,9.560000,4.964514,43.360000,10.449421,0,0,56.721398
2550,2550,0,rejected,too_close,60.000000,1,6.680000,2.541181,2.000000,12.000000,8.720000,3.510214,49.000000,0.000000,50,0,61.943852
2552,2552,0,rejected,assert_connectivity,60.000000,1,6.520000,2.467711,2.000000,13.000000,7.520000,3.678260,25.000000,4.898979,0,0,66.249923
2553,2553,0,rejected,too_close,60.000000,1,5.880000,2.094182,1.000000,10.000000,6.920000,3.071417,49.000000,0.000000,50,1,63.807338
2527,2527,0,accepted,none,0.000000,1,6.640000,2.636361,3.000000,13.000000,9.680000,4.593212,49.000000,0.000000,50,0,61.481866
2554,2554,0,rejected,too_close,60.000000,1,6.400000,3.174902,2.000000,13.000000,7.080000,4.302743,49.000000,0.000000,50,0,58.663924
2555,2555,0,rejected,too_close,60.000000,1,5.840000,2.500880,2.000000,10.000000,7.720000,3.538587,49.000000,0.000000,50,0,69.478904
2557,2557,0,rejected,too_close,60.000000,1,6.160000,2.166656,2.000000,10.000000,6.840000,2.816807,49.000000,0.000000,50,0,67.683918
2558,2558,0,rejected,too_close,60.000000,1,6.400000,2.749545,1.000000,12.000000,8.440000,3.975726,49.000000,0.000000,50,0,77.056855
2559,2559,0,rejected,assert_connectivity,60.000000,1,5.800000,2.778489,1.000000,13.000000,7.040000,4.127760,29.760000,10.527222,0,0,60.027170
2549,2549,0,accepted,none,0.000000,1,5.800000,2.433105,1.000000,10.000000,7.720000,3.475860,49.000000,0.000000,50,0,65.685700
2546,2546,0,accepted,none,0.000000,1,6.440000,2.467063,1.000000,12.000000,8.640000,2.998400,49.000000,0.000000,50,0,66.389025
2551,2551,0,accepted,none,0.000000,1,5.320000,1.943605,2.000000,11.000000,7.560000,2.864681,49.000000,0.000000,50,0,77.032621
2548,2548,0,accepted,none,0.000000,1,6.400000,2.863564,1.000000,11.000000,9.240000,4.425201,49.000000,0.000000,50,0,67.753286
2562,2562,0,rejected,assert_connectivity,60.000000,1,6.040000,2.945912,0.000000,12.000000,7.000000,4.252058,39.720000,12.843738,0,0,63.573691
2564,2564,0,rejected,assert_connectivity,60.000000,1,6.240000,2.922738,1.000000,12.000000,5.760000,3.379704,22.640000,9.713413,0,1,65.003333
2565,2565,0,rejected,assert_connectivity,60.000000,1,6.080000,2.755649,0.000000,14.000000,8.000000,4.118252,47.040000,6.720000,0,0,62.842541
2566,2566,0,rejected,too_close,60.000000,1,5.880000,1.750885,2.000000,10.000000,7.040000,3.605329,49.000000,0.000000,50,0,62.056800
2556,2556,0,accepted,none,0.000000,1,5.880000,2.196725,1.000000,11.000000,7.040000,2.529506,49.000000,0.000000,50,0,67.112550
2568,2568,0,rejected,too_close,60.000000,1,6.640000,2.924107,1.000000,12.000000,6.480000,3.689119,49.000000,0.000000,50,1,61.537461
2569,2569,0,rejected,assert_connectivity,60.000000,1,6.240000,2.789695,0.000000,12.000000,7.520000,3.811771,47.040000,6.720000,0,0,62.045803
2570,2570,0,rejected,assert_connectivity,60.000000,1,6.720000,3.704268,1.000000,14.000000,9.600000,4.686150,45.160000,9.014122,0,0,66.439414
2560,2560,0,accepted,none,0.000000,1,6.240000,2.345720,1.000000,11.000000,8.880000,3.362380,49.000000,0.000000,50,0,68.758720
2574,2574,0,rejected,assert_connectivity,60.000000,1,5.240000,2.232129,1.000000,11.000000,4.960000,2.870261,34.240000,12.293999,0,0,67.476150
2561,2561,0,accepted,none,0.000000,1,6.760000,3.647246,1.000000,15.000000,8.960000,4.866046,49.000000,0.000000,50,0,70.661017
2575,2575,0,rejected,assert_connectivity,60.000000,1,5.160000,1.880000,2.000000,10.000000,4.880000,2.534877,40.000000,12.000000,0,0,68.061697
2563,2563,0,accepted,none,0.000000,1,6.760000,3.049984,1.000000,12.000000,7.640000,4.018756,49.000000,0.000000,50,0,62.838532
2576,2576,0,rejected,assert_connectivity,60.000000,1,5.840000,2.265921,0.000000,10.000000,9.000000,3.878144,47.040000,6.720000,0,0,68.850030
2577,2577,0,rejected,assert_connectivity,60.000000,1,5.520000,1.899895,1.000000,9.000000,6.080000,3.474709,36.960000,12.491533,0,1,70.214739
2567,2567,0,accepted,none,0.000000,1,6.160000,2.975634,1.000000,14.000000,9.680000,4.491948,49.000000,0.000000,50,0,65.919247
2571,2571,0,accepted,none,0.000000,1,6.040000,1.482700,3.000000,8.000000,6.760000,3.636262,49.000000,0.000000,50,0,62.431748
2581,2581,0,rejected,assert_connectivity,60.000000,1,6.440000,3.001066,2.000000,14.000000,6.120000,3.530666,19.360000,7.541247,0,1,57.692576
2572,2572,0,accepted,none,0.000000,1,5.800000,1.969772,2.000000,9.000000,5.840000,3.506337,49.000000,0.000000,50,0,63.847972
2573,2573,0,accepted,none,0.000000,1,4.840000,1.677617,1.000000,8.000000,6.080000,2.755649,49.000000,0.000000,50,0,70.673247
2582,2582,0,rejected,too_close,60.000000,1,5.840000,2.230336,1.000000,11.000000,6.840000,3.843748,49.000000,0.000000,50,0,64.365983
2583,2583,0,rejected,assert_connectivity,60.000000,1,6.720000,3.773804,0.000000,16.000000,8.240000,3.829151,47.040000,6.720000,0,0,73.967236
2585,2585,0,rejected,assert_connectivity,60.000000,1,5.720000,2.607988,2.000000,11.000000,8.200000,4.853864,41.640000,11.394314,0,0,71.801592
2587,2587,0,rejected,assert_connectivity,60.000000,1,6.520000,2.499920,0.000000,11.000000,8.800000,5.039841,43.280000,10.766689,0,0,60.938270
2589,2589,0,rejected,assert_connectivity,60.000000,1,6.640000,2.520000,0.000000,12.000000,7.360000,3.167081,24.240000,6.335803,0,0,60.661771
2580,2580,0,accepted,none,0.000000,1,5.720000,2.172924,1.000000,10.000000,5.880000,2.511095,49.000000,0.000000,50,0,61.124300
2579,2579,0,accepted,none,0.000000,1,6.640000,3.416197,1.000000,14.000000,9.040000,4.317221,49.000000,0.000000,50,0,71.158689
2591,2591,0,rejected,assert_connectivity,60.000000,1,5.920000,3.468948,0.000000,14.000000,6.320000,4.333313,30.480000,14.177785,0,0,64.239172
2578,2578,0,accepted,none,0.000000,1,7.000000,3.000000,1.000000,12.000000,10.040000,4.280000,49.000000,0.000000,50,0,59.665540
2584,2584,0,accepted,none,0.000000,1,6.040000,2.181376,2.000000,13.000000,6.320000,2.336151,49.000000,0.000000,50,0,62.705046
2592,2592,0,rejected,assert_connectivity,60.000000,1,6.480000,2.773013,1.000000,13.000000,9.480000,4.432787,43.360000,10.449421,0,0,62.800861
2594,2594,0,rejected,too_close,60.000000,1,5.320000,2.266627,1.000000,10.000000,6.520000,3.710741,49.000000,0.000000,50,0,59.496739
2595,2595,0,rejected,too_close,60.000000,1,5.640000,2.197817,2.000000,10.000000,5.800000,2.979933,49.000000,0.000000,50,1,61.865558
2588,2588,0,accepted,none,0.000000,1,6.200000,2.280351,1.000000,10.000000,6.600000,2.925748,49.000000,0.000000,50,0,65.813893
2596,2596,0,rejected,too_close,60.000000,1,6.680000,3.373070,1.000000,13.000000,8.840000,4.614586,49.000000,0.000000,50,1,72.572067
2597,2597,0,rejected,assert_connectivity,60.000000,1,6.040000,2.986369,0.000000,11.000000,6.440000,3.731809,47.040000,6.720000,0,0,69.429853
2598,2598,0,rejected,assert_connectivity,60.000000,1,6.720000,2.742554,0.000000,12.000000,8.760000,3.972707,47.040000,6.720000,0,0,57.217338
2600,2600,0,rejected,assert_connectivity,60.000000,1,7.720000,3.752546,1.000000,15.000000,9.320000,4.760000,30.760000,11.104161,0,0,60.356089
2601,2601,0,rejected,assert_connectivity,60.000000,1,6.600000,3.046309,0.000000,14.000000,9.040000,3.994797,47.040000,6.720000,0,0,62.903255
2602,2602,0,rejected,assert_connectivity,60.000000,1,6.280000,3.810722,0.000000,16.000000,7.680000,4.324072,47.040000,6.720000,0,0,76.468778
2586,2586,0,accepted,none,0.000000,1,6.600000,2.925748,1.000000,12.000000,9.960000,4.458520,49.000000,0.000000,50,0,69.044251
2590,2590,0,accepted,none,0.000000,1,5.720000,2.742554,1.000000,13.000000,6.560000,2.920000,49.000000,0.000000,50,0,70.030544
2603,2603,0,rejected,assert_connectivity,60.000000,1,6.080000,2.813112,2.000000,12.000000,8.160000,4.788987,41.640000,11.394314,0,1,66.536293
2605,2605,0,rejected,assert_connectivity,60.000000,1,5.800000,2.756810,1.000000,12.000000,7.280000,4.152301,41.480000,11.936901,0,0,61.116435
2607,2607,0,rejected,assert_connectivity,60.000000,1,5.880000,2.673126,0.000000,12.000000,6.920000,3.851441,41.520000,11.803796,0,0,68.231075
2609,2609,0,rejected,assert_connectivity,60.000000,1,6.840000,4.110280,1.000000,16.000000,8.520000,4.396544,43.360000,10.449421,0,0,71.506445
2610,2610,0,rejected,assert_connectivity,60.000000,1,5.120000,2.026228,2.000000,11.000000,4.880000,3.438837,38.440000,12.348538,0,0,59.404573
2611,2611,0,rejected,assert_connectivity,60.000000,1,5.320000,1.974234,1.000000,10.000000,4.200000,3.000000,33.440000,14.003085,0,0,57.499222
2593,2593,0,accepted,none,0.000000,1,5.240000,1.530490,1.000000,9.000000,7.160000,2.809697,49.000000,0.000000,50,0,73.945874
2614,2614,0,rejected,too_close,60.000000,1,5.200000,2.088061,2.000000,11.000000,6.000000,2.877499,49.000000,0.000000,50,0,67.655809
2615,2615,0,rejected,assert_connectivity,60.000000,1,7.360000,2.985029,0.000000,13.000000,8.880000,4.620130,47.040000,6.720000,0,0,65.306952
2599,2599,0,accepted,none,0.000000,1,6.120000,2.534877,1.000000,11.000000,6.800000,3.340659,49.000000,0.000000,50,0,58.336672
2604,2604,0,accepted,none,0.000000,1,5.800000,2.814249,1.000000,12.000000,6.120000,3.592436,49.000000,0.000000,50,0,61.249788
2616,2616,0,rejected,assert_connectivity,60.000000,1,6.680000,3.276828,1.000000,13.000000,10.400000,5.477226,45.160000,9.014122,0,0,70.149032
2617,2617,0,rejected,too_close,60.000000,1,6.120000,1.807097,2.000000,10.000000,6.560000,3.465025,49.000000,0.000000,50,0,70.277790
2608,2608,0,accepted,none,0.000000,1,6.240000,3.127683,1.000000,15.000000,8.200000,4.237924,49.000000,0.000000,50,0,76.065937
2606,2606,0,accepted,none,0.000000,1,5.240000,2.035289,1.000000,9.000000,6.800000,2.849561,49.000000,0.000000,50,0,80.558999
2619,2619,0,rejected,assert_connectivity,60.000000,1,6.400000,3.104835,1.000000,13.000000,8.440000,5.355969,41.480000,11.936901,0,0,62.349177
2621,2621,0,rejected,assert_connectivity,60.000000,1,6.120000,2.103711,1.000000,10.000000,7.920000,3.681521,45.160000,9.014122,0,0,67.947963
2623,2623,0,rejected,assert_connectivity,60.000000,1,5.720000,2.757100,1.000000,12.000000,8.360000,4.564033,45.160000,9.014122,0,0,68.743111
2612,2612,0,accepted,none,0.000000,1,6.640000,1.905361,3.000000,11.000000,5.720000,2.545899,49.000000,0.000000,50,0,60.597160
2624,2624,0,rejected,assert_connectivity,60.000000,1,5.720000,2.592605,2.000000,12.000000,6.320000,3.962020,41.640000,11.394314,0,0,71.218330
2625,2625,0,rejected,assert_connectivity,60.000000,1,6.480000,2.744012,2.000000,13.000000,7.000000,4.617359,38.440000,12.348538,0,0,63.690576
2613,2613,0,accepted,none,0.000000,1,5.240000,2.404662,1.000000,11.000000,5.440000,2.940476,49.000000,0.000000,50,0,64.230571
2628,2628,0,rejected,assert_connectivity,60.000000,1,5.640000,2.480000,1.000000,11.000000,4.760000,3.222173,26.120000,10.277432,0,0,61.766788
2630,2630,0,rejected,assert_connectivity,60.000000,1,6.960000,2.705254,1.000000,13.000000,5.520000,3.528399,34.240000,12.293999,0,1,56.922071
2631,2631,0,rejected,assert_connectivity,60.000000,1,6.240000,2.478387,0.000000,12.000000,7.920000,3.526131,47.040000,6.720000,0,0,64.209842
2620,2620,0,accepted,none,0.000000,1,5.800000,2.244994,2.000000,11.000000,6.840000,3.931208,49.000000,0.000000,50,0,63.123684
2633,2633,0,rejected,assert_connectivity,60.000000,1,7.160000,3.562920,0.000000,14.000000,9.280000,4.308318,47.040000,6.720000,0,1,62.932536
2622,2622,0,accepted,none,0.000000,1,5.680000,2.292946,1.000000,11.000000,7.400000,3.174902,49.000000,0.000000,50,0,65.024188
2618,2618,0,accepted,none,0.000000,1,6.000000,2.675818,1.000000,12.000000,7.640000,3.284874,49.000000,0.000000,50,0,58.550479
2634,2634,0,rejected,assert_connectivity,60.000000,1,6.120000,2.380252,0.000000,11.000000,8.320000,3.900974,47.040000,6.720000,0,1,73.201340
2629,2629,0,accepted,none,0.000000,1,6.080000,2.124523,1.000000,10.000000,7.440000,3.493766,49.000000,0.000000,50,0,66.625370
2627,2627,0,accepted,none,0.000000,1,6.200000,2.569047,1.000000,12.000000,7.840000,3.613087,49.000000,0.000000,50,0,69.695571
2626,2626,0,accepted,none,0.000000,1,7.080000,2.560000,1.000000,11.000000,9.840000,3.986778,49.000000,0.000000,50,0,67.147874
2639,2639,0,rejected,too_close,60.000000,1,6.560000,3.250600,1.000000,13.000000,8.640000,3.803998,49.000000,0.000000,50,0,69.116674
2640,2640,0,rejected,assert_connectivity,60.000000,1,6.640000,2.812543,0.000000,11.000000,8.480000,4.119417,45.120000,9.210081,0,1,59.934697
2632,2632,0,accepted,none,0.000000,1,5.760000,2.311363,1.000000,10.000000,6.720000,2.877777,49.000000,0.000000,50,0,72.804423
2641,2641,0,rejected,assert_connectivity,60.000000,1,6.800000,2.877499,0.000000,12.000000,10.040000,3.862434,47.040000,6.720000,0,0,58.654896
2642,2642,0,rejected,assert_connectivity,60.000000,1,6.240000,3.228374,1.000000,13.000000,5.560000,3.527946,41.640000,11.394314,0,0,64.176943
2636,2636,0,accepted,none,0.000000,1,6.000000,2.144761,2.000000,11.000000,5.720000,3.085709,49.000000,0.000000,50,0,57.676459
2645,2645,0,rejected,assert_connectivity,60.000000,1,5.040000,1.832594,0.000000,9.000000,7.320000,3.139682,47.040000,6.720000,0,0,68.837210
2635,2635,0,accepted,none,0.000000,1,6.440000,3.201000,1.000000,16.000000,7.960000,4.108333,49.000000,0.000000,50,0,66.109967
2637,2637,0,accepted,none,0.000000,1,6.520000,2.655108,1.000000,11.000000,7.520000,3.705347,49.000000,0.000000,50,0,63.739951
2648,2648,0,rejected,assert_connectivity,60.000000,1,5.280000,1.778089,1.000000,9.000000,6.000000,3.298485,34.240000,12.293999,0,0,69.489203
2650,2650,0,rejected,too_close,60.000000,1,5.920000,2.252465,2.000000,12.000000,7.240000,4.287470,49.000000,0.000000,50,0,62.105387
2638,2638,0,accepted,none,0.000000,1,6.240000,2.922738,1.000000,12.000000,10.320000,4.527428,49.000000,0.000000,50,0,67.491749
2651,2651,0,rejected,assert_connectivity,60.000000,1,5.440000,2.426190,1.000000,10.000000,5.840000,2.648471,45.160000,9.014122,0,0,69.891869
2653,2653,0,rejected,assert_connectivity,60.000000,1,7.640000,2.769549,0.000000,13.000000,9.840000,3.294602,47.040000,6.720000,0,0,61.656498
2644,2644,0,accepted,none,0.000000,1,6.040000,2.697851,1.000000,11.000000,6.840000,3.517727,49.000000,0.000000,50,0,72.067965
2643,2643,0,accepted,none,0.000000,1,6.760000,2.518412,1.000000,11.000000,8.280000,3.130751,49.000000,0.000000,50,0,63.576054
2655,2655,0,rejected,assert_connectivity,60.000000,1,5.760000,2.102950,1.000000,11.000000,8.120000,3.942791,45.160000,9.014122,0,0,63.280640
2647,2647,0,accepted,none,0.000000,1,5.280000,1.744018,2.000000,8.000000,5.000000,3.052868,49.000000,0.000000,50,0,60.782103
2657,2657,0,rejected,assert_connectivity,60.000000,1,5.800000,2.973214,1.000000,11.000000,7.840000,5.013422,35.080000,13.582106,0,0,63.539163
2646,2646,0,accepted,none,0.000000,1,5.960000,2.813965,1.000000,11.000000,6.880000,3.063593,49.000000,0.000000,50,0,69.410253
2658,2658,0,rejected,assert_connectivity,60.000000,1,7.240000,2.746343,0.000000,13.000000,9.040000,3.649438,47.040000,6.720000,0,0,63.850290
2659,2659,0,rejected,too_close,60.000000,1,5.200000,1.624808,2.000000,8.000000,6.680000,3.139682,49.000000,0.000000,50,1,62.500437
2660,2660,0,rejected,assert_connectivity,60.000000,1,5.200000,2.742262,0.000000,11.000000,6.680000,3.749347,39.680000,12.960617,0,0,68.926750
2649,2649,0,accepted,none,0.000000,1,5.840000,2.452427,1.000000,11.000000,9.400000,3.720215,49.000000,0.000000,50,0,72.805562
2662,2662,0,rejected,assert_connectivity,60.000000,1,7.640000,3.248138,0.000000,15.000000,10.440000,4.364218,47.040000,6.720000,0,0,71.682572
2663,2663,0,rejected,assert_connectivity,60.000000,1,5.880000,2.768682,1.000000,13.000000,6.800000,4.521062,39.760000,12.720943,0,0,55.728586
2664,2664,0,rejected,assert_connectivity,60.000000,1,7.960000,4.233013,1.000000,16.000000,11.440000,4.783973,45.160000,9.014122,0,0,57.300568
2665,2665,0,rejected,assert_connectivity,60.000000,1,7.600000,3.929377,1.000000,15.000000,7.760000,3.987781,43.360000,10.449421,0,0,61.768802
2652,2652,0,accepted,none,0.000000,1,5.440000,1.779438,2.000000,9.000000,7.360000,3.369035,49.000000,0.000000,50,0,61.148725
2668,2668,0,rejected,assert_connectivity,60.000000,1,7.280000,3.262147,0.000000,13.000000,8.440000,4.648268,41.520000,11.803796,0,0,58.574610
2656,2656,0,accepted,none,0.000000,1,5.360000,2.330322,1.000000,10.000000,8.080000,4.466945,49.000000,0.000000,50,0,67.532785
2669,2669,0,rejected,assert_connectivity,60.000000,1,5.480000,2.165548,0.000000,9.000000,6.840000,3.372595,47.040000,6.720000,0,0,72.125837
2654,2654,0,accepted,none,0.000000,1,5.800000,2.457641,1.000000,12.000000,7.800000,3.046309,49.000000,0.000000,50,0,62.340740
2671,2671,0,rejected,assert_connectivity,60.000000,1,5.800000,2.315167,1.000000,12.000000,7.440000,4.075095,43.360000,10.449421,0,1,66.944403
2672,2672,0,rejected,too_close,60.000000,1,6.760000,3.089078,1.000000,13.000000,9.800000,4.413615,49.000000,0.000000,50,0,60.998425
2674,2674,0,rejected,assert_connectivity,60.000000,1,6.760000,2.760869,0.000000,12.000000,10.080000,4.706761,47.040000,6.720000,0,1,69.079096
2675,2675,0,rejected,assert_connectivity,60.000000,1,7.200000,3.352611,1.000000,13.000000,5.920000,3.297514,29.760000,10.527222,0,0,61.205375
2661,2661,0,accepted,none,0.000000,1,6.160000,2.880000,2.000000,13.000000,7.880000,3.669550,49.000000,0.000000,50,0,67.696480
2676,2676,0,rejected,assert_connectivity,60.000000,1,6.480000,3.144773,1.000000,12.000000,8.360000,3.798737,41.640000,11.394314,0,0,64.484799
2678,2678,0,rejected,assert_connectivity,60.000000,1,6.800000,3.218695,1.000000,12.000000,7.720000,4.404725,45.160000,9.014122,0,0,58.673990
2667,2667,0,accepted,none,0.000000,1,7.040000,3.452304,1.000000,12.000000,7.480000,3.811771,49.000000,0.000000,50,0,64.905844
2666,2666,0,accepted,none,0.000000,1,7.040000,3.019669,2.000000,13.000000,9.520000,4.775940,49.000000,0.000000,50,0,62.259120
2681,2681,0,rejected,too_close,60.000000,1,5.920000,2.234636,1.000000,10.000000,6.160000,3.318795,49.000000,0.000000,50,0,69.832420
2682,2682,0,rejected,assert_connectivity,60.000000,1,5.760000,2.470304,1.000000,10.000000,6.840000,3.300667,45.160000,9.014122,0,0,57.013972
2670,2670,0,accepted,none,0.000000,1,5.720000,2.040000,1.000000,11.000000,7.880000,2.868031,49.000000,0.000000,50,0,71.598808
2683,2683,0,rejected,assert_connectivity,60.000000,1,5.200000,2.236068,0.000000,10.000000,5.600000,3.143247,41.520000,11.803796,0,0,65.228765
2673,2673,0,accepted,none,0.000000,1,5.880000,2.337862,2.000000,12.000000,5.600000,2.946184,49.000000,0.000000,50,0,55.854722
2685,2685,0,rejected,too_close,60.000000,1,5.680000,2.014349,1.000000,11.000000,7.200000,2.821347,49.000000,0.000000,50,1,71.009005
2684,2684,0,rejected,assert_connectivity,60.000000,1,7.280000,3.655352,0.000000,13.000000,9.880000,5.081889,47.040000,6.720000,0,0,64.951846
2686,2686,0,rejected,too_close,60.000000,1,5.480000,2.211244,1.000000,10.000000,7.200000,3.026549,49.000000,0.000000,50,1,65.181293
2688,2688,0,rejected,assert_connectivity,60.000000,1,6.160000,2.648471,2.000000,12.000000,4.840000,2.436062,21.040000,8.592927,0,0,54.126175
2677,2677,0,accepted,none,0.000000,1,5.200000,1.949359,1.000000,9.000000,6.240000,2.943196,49.000000,0.000000,50,0,66.975163
2689,2689,0,rejected,assert_connectivity,60.000000,1,6.320000,3.518181,0.000000,15.000000,8.440000,4.271581,38.240000,12.900481,0,0,62.936682
2690,2690,0,rejected,assert_connectivity,60.000000,1,6.080000,2.440000,0.000000,12.000000,6.040000,3.006393,47.040000,6.720000,0,1,64.332069
2691,2691,0,rejected,assert_connectivity,60.000000,1,6.200000,2.297825,0.000000,10.000000,7.920000,3.192742,47.040000,6.720000,0,0,69.051995
2692,2692,0,rejected,assert_connectivity,60.000000,1,7.640000,4.389806,0.000000,17.000000,8.040000,5.462454,38.240000,12.900481,0,1,62.836482
2679,2679,0,accepted,none,0.000000,1,5.520000,1.962040,2.000000,10.000000,6.520000,2.794566,49.000000,0.000000,50,0,65.831992
2694,2694,0,rejected,assert_connectivity,60.000000,1,5.600000,2.097618,0.000000,9.000000,7.400000,3.104835,47.040000,6.720000,0,0,70.674807
2696,2696,0,rejected,assert_connectivity,60.000000,1,7.480000,3.293873,0.000000,13.000000,8.600000,4.354308,39.840000,12.485768,0,0,63.644002
2698,2698,0,rejected,too_close,60.000000,1,4.880000,1.924994,1.000000,10.000000,5.320000,2.723527,49.000000,0.000000,50,0,65.283630
2680,2680,0,accepted,none,0.000000,1,6.000000,2.209072,1.000000,11.000000,7.560000,2.728809,49.000000,0.000000,50,0,67.905678
2697,2697,0,rejected,too_close,60.000000,1,6.760000,2.922738,1.000000,12.000000,9.160000,4.387984,49.000000,0.000000,50,1,69.635336
2700,2700,0,rejected,too_close,60.000000,1,6.560000,3.131517,2.000000,12.000000,8.920000,4.307389,49.000000,0.000000,50,0,72.280214
2702,2702,0,rejected,too_close,60.000000,1,6.720000,2.966749,1.000000,12.000000,7.880000,3.771684,49.000000,0.000000,50,0,63.416055
2703,2703,0,rejected,assert_connectivity,60.000000,1,6.400000,2.870540,0.000000,12.000000,6.760000,3.455778,39.840000,12.485768,0,0,67.671702
2704,2704,0,rejected,assert_connectivity,60.000000,1,5.680000,2.752744,1.000000,11.000000,8.120000,4.537136,45.160000,9.014122,0,0,71.971878
2705,2705,0,rejected,assert_connectivity,60.000000,1,6.680000,2.887490,0.000000,12.000000,8.080000,3.994196,47.040000,6.720000,0,0,68.206715
2706,2706,0,rejected,assert_connectivity,60.000000,1,5.760000,1.806212,2.000000,10.000000,4.960000,2.863285,35.560000,12.464606,0,1,61.428457
2687,2687,0,accepted,none,0.000000,1,5.240000,2.083843,1.000000,11.000000,5.840000,2.752163,49.000000,0.000000,50,0,67.835444
2707,2707,0,rejected,assert_connectivity,60.000000,1,6.240000,3.277560,1.000000,13.000000,6.840000,4.267833,32.040000,13.926895,0,0,60.753880
2693,2693,0,accepted,none,0.000000,1,5.640000,2.224949,1.000000,10.000000,7.840000,2.935030,49.000000,0.000000,50,0,70.024636
2708,2708,0,rejected,assert_connectivity,60.000000,1,6.600000,2.842534,0.000000,14.000000,7.240000,3.490329,47.040000,6.720000,0,0,63.598855
2711,2711,0,rejected,assert_connectivity,60.000000,1,5.960000,2.630285,0.000000,11.000000,7.120000,4.292505,43.280000,10.766689,0,0,60.783945
2695,2695,0,accepted,none,0.000000,1,5.920000,2.629373,1.000000,13.000000,8.840000,4.046529,49.000000,0.000000,50,0,66.473056
2701,2701,0,accepted,none,0.000000,1,5.160000,1.973423,1.000000,9.000000,5.840000,2.935030,49.000000,0.000000,50,0,72.977748
2713,2713,0,rejected,assert_connectivity,60.000000,1,6.080000,2.598769,0.000000,11.000000,8.560000,4.280934,47.040000,6.720000,0,0,78.166222
2699,2699,0,accepted,none,0.000000,1,5.640000,2.504077,2.000000,11.000000,6.880000,3.356427,49.000000,0.000000,50,0,69.676769
2714,2714,0,rejected,assert_connectivity,60.000000,1,6.080000,2.348106,0.000000,11.000000,7.800000,3.352611,47.040000,6.720000,0,0,65.625255
2715,2715,0,rejected,too_close,60.000000,1,6.400000,2.244994,1.000000,10.000000,8.120000,4.301814,49.000000,0.000000,50,0,67.368961
2716,2716,0,rejected,assert_connectivity,60.000000,1,5.840000,2.975634,0.000000,12.000000,7.400000,3.709447,39.840000,12.485768,0,0,69.301956
2717,2717,0,rejected,assert_connectivity,60.000000,1,5.640000,2.123770,2.000000,9.000000,7.640000,3.866575,43.360000,10.449421,0,0,67.951133
2718,2718,0,rejected,assert_connectivity,60.000000,1,5.600000,2.135416,2.000000,10.000000,6.200000,3.304542,41.640000,11.394314,0,1,65.228241
2719,2719,0,rejected,assert_connectivity,60.000000,1,6.080000,3.339701,0.000000,13.000000,6.480000,3.996198,31.840000,14.354595,0,0,57.870869
2720,2720,0,rejected,assert_connectivity,60.000000,1,6.600000,3.033150,0.000000,12.000000,9.080000,5.294677,43.280000,10.766689,0,0,54.499477
2721,2721,0,rejected,assert_connectivity,60.000000,1,6.040000,2.877221,0.000000,11.000000,5.120000,3.609100,29.280000,11.435104,0,0,59.773956
2723,2723,0,rejected,assert_connectivity,60.000000,1,6.000000,2.144761,3.000000,10.000000,6.480000,3.281707,41.640000,11.394314,0,0,46.571470
2724,2724,0,rejected,assert_connectivity,60.000000,1,5.520000,2.523807,1.000000,11.000000,6.640000,3.740374,41.640000,11.394314,0,0,66.424545
2725,2725,0,rejected,assert_connectivity,60.000000,1,5.840000,2.468684,1.000000,11.000000,7.240000,4.701319,38.440000,12.348538,0,0,67.115210
2712,2712,0,accepted,none,0.000000,1,5.560000,2.001599,2.000000,11.000000,7.480000,4.486602,49.000000,0.000000,50,0,60.615951
2726,2726,0,rejected,assert_connectivity,60.000000,1,6.600000,3.452535,0.000000,16.000000,8.520000,4.817634,45.120000,9.210081,0,0,68.299948
2727,2727,0,rejected,too_close,60.000000,1,5.440000,1.877871,1.000000,10.000000,7.080000,2.897171,49.000000,0.000000,50,0,63.527162
2728,2728,0,rejected,assert_connectivity,60.000000,1,6.280000,2.592605,0.000000,10.000000,7.640000,3.938325,41.520000,11.803796,0,0,68.601030
2730,2730,0,rejected,assert_connectivity,60.000000,1,5.760000,2.494474,0.000000,12.000000,8.480000,4.271955,47.040000,6.720000,0,0,67.153181
2729,2729,0,rejected,too_close,60.000000,1,7.240000,2.874439,1.000000,12.000000,8.000000,3.594440,49.000000,0.000000,50,0,60.957912
2731,2731,0,rejected,too_close,60.000000,1,5.880000,1.807097,1.000000,9.000000,7.200000,3.193744,49.000000,0.000000,50,0,64.740054
2709,2709,0,accepted,none,0.000000,1,6.760000,3.036840,1.000000,13.000000,7.520000,3.601333,49.000000,0.000000,50,0,62.595994
2710,2710,0,accepted,none,0.000000,1,6.400000,2.905168,1.000000,12.000000,8.600000,3.789459,49.000000,0.000000,50,0,64.615775
2732,2732,0,rejected,too_close,60.000000,1,6.320000,3.384908,1.000000,13.000000,8.000000,4.445222,49.000000,0.000000,50,0,72.079915
2733,2733,0,rejected,assert_connectivity,60.000000,1,5.680000,2.611053,1.000000,11.000000,8.000000,4.975942,43.360000,10.449421,0,0,64.963242
2734,2734,0,rejected,assert_connectivity,60.000000,1,6.080000,3.211479,1.000000,14.000000,6.200000,3.532704,45.160000,9.014122,0,0,70.152333
2736,2736,0,rejected,too_close,60.000000,1,6.000000,1.562050,2.000000,9.000000,6.680000,2.517459,49.000000,0.000000,50,0,69.366576
2737,2737,0,rejected,assert_connectivity,60.000000,1,6.400000,3.583295,0.000000,13.000000,9.120000,4.998560,47.040000,6.720000,0,0,68.639635
2739,2739,0,rejected,assert_connectivity,60.000000,1,5.720000,2.457967,1.000000,11.000000,7.200000,3.994997,38.440000,12.348538,0,0,75.141462
2741,2741,0,rejected,assert_connectivity,60.000000,1,5.880000,3.147316,1.000000,12.000000,6.120000,4.198285,38.120000,13.219138,0,0,64.396347
2742,2742,0,rejected,assert_connectivity,60.000000,1,6.360000,2.605840,1.000000,11.000000,6.960000,4.556139,34.240000,12.293999,0,0,59.771755
2743,2743,0,rejected,assert_connectivity,60.000000,1,5.200000,2.097618,0.000000,10.000000,7.160000,2.700815,47.040000,6.720000,0,1,63.484902
2744,2744,0,rejected,assert_connectivity,60.000000,1,5.400000,2.244994,1.000000,9.000000,5.320000,2.664132,33.000000,12.000000,0,0,62.621060
2722,2722,0,accepted,none,0.000000,1,5.840000,1.792875,2.000000,10.000000,6.200000,3.078961,49.000000,0.000000,50,0,60.138133
2745,2745,0,rejected,assert_connectivity,60.000000,1,7.320000,3.002932,0.000000,13.000000,9.280000,4.449899,47.040000,6.720000,0,0,68.353564
2747,2747,0,rejected,assert_connectivity,60.000000,1,8.560000,4.215021,0.000000,15.000000,9.000000,4.862098,39.640000,13.080917,0,0,63.325148
2748,2748,0,rejected,assert_connectivity,60.000000,1,7.080000,3.809672,2.000000,15.000000,7.640000,4.330173,38.440000,12.348538,0,1,58.300757
2749,2749,0,rejected,assert_connectivity,60.000000,1,5.880000,2.413628,0.000000,12.000000,8.640000,3.439535,47.040000,6.720000,0,0,70.707081
2750,2750,0,rejected,assert_connectivity,60.000000,1,5.480000,2.765791,1.000000,10.000000,6.120000,3.271941,45.160000,9.014122,0,0,58.210146
2751,2751,0,rejected,assert_connectivity,60.000000,1,7.200000,4.214262,1.000000,17.000000,8.800000,4.690416,45.160000,9.014122,0,0,65.175360
2752,2752,0,rejected,assert_connectivity,60.000000,1,6.240000,3.003731,0.000000,13.000000,7.600000,4.538722,47.040000,6.720000,0,0,64.224354
2755,2755,0,rejected,too_close,60.000000,1,6.320000,2.248911,1.000000,11.000000,8.920000,4.208753,49.000000,0.000000,50,0,67.286354
2738,2738,0,accepted,none,0.000000,1,6.400000,2.009975,2.000000,10.000000,8.120000,3.564492,49.000000,0.000000,50,0,66.048850
2735,2735,0,accepted,none,0.000000,1,6.160000,2.444259,2.000000,11.000000,9.680000,4.296231,49.000000,0.000000,50,0,64.459093
2740,2740,0,accepted,none,0.000000,1,5.680000,2.603382,1.000000,11.000000,7.120000,3.734381,49.000000,0.000000,50,0,67.925842
2756,2756,0,rejected,assert_connectivity,60.000000,1,7.240000,3.409164,0.000000,16.000000,9.440000,3.527946,47.040000,6.720000,0,0,66.120555
2757,2757,0,rejected,too_close,60.000000,1,5.960000,2.645449,1.000000,11.000000,9.200000,4.166533,49.000000,0.000000,50,1,67.734955
2758,2758,0,rejected,too_close,60.000000,1,5.760000,1.543503,2.000000,10.000000,6.520000,2.547469,49.000000,0.000000,50,0,59.750569
2759,2759,0,rejected,assert_connectivity,60.000000,1,6.720000,3.498800,2.000000,14.000000,8.760000,4.479107,43.360000,10.449421,0,0,59.921631
2763,2763,0,rejected,assert_connectivity,60.000000,1,7.280000,3.310831,0.000000,13.000000,10.560000,4.665447,45.120000,9.210081,0,0,61.512292
2746,2746,0,accepted,none,0.000000,1,6.720000,2.441639,1.000000,11.000000,9.040000,3.994797,49.000000,0.000000,50,0,65.901084
2764,2764,0,rejected,too_close,60.000000,1,5.440000,2.060679,1.000000,10.000000,6.360000,3.427886,49.000000,0.000000,50,0,58.296572
2765,2765,0,rejected,assert_connectivity,60.000000,1,6.240000,3.114868,1.000000,13.000000,7.320000,4.154227,45.160000,9.014122,0,0,68.830006
2754,2754,0,accepted,none,0.000000,1,5.440000,2.060679,1.000000,10.000000,5.720000,3.006925,49.000000,0.000000,50,0,69.771480
2753,2753,0,accepted,none,0.000000,1,5.720000,2.577130,1.000000,11.000000,5.920000,2.261327,49.000000,0.000000,50,0,56.644203
2766,2766,0,rejected,assert_connectivity,60.000000,1,6.880000,2.761449,1.000000,12.000000,5.880000,2.511095,25.000000,4.898979,0,0,65.205701
2767,2767,0,rejected,assert_connectivity,60.000000,1,5.720000,2.986905,0.000000,12.000000,7.280000,3.898923,45.120000,9.210081,0,1,66.451433
2768,2768,0,rejected,assert_connectivity,60.000000,1,6.040000,2.087678,0.000000,9.000000,5.440000,2.608908,47.040000,6.720000,0,0,58.891752
2769,2769,0,rejected,too_close,60.000000,1,6.360000,2.188698,1.000000,10.000000,8.680000,3.977135,49.000000,0.000000,50,0,67.262395
2771,2771,0,rejected,too_close,60.000000,1,5.520000,2.118868,2.000000,11.000000,6.920000,2.978859,49.000000,0.000000,50,0,59.709866
2773,2773,0,rejected,assert_connectivity,60.000000,1,7.160000,3.306720,1.000000,14.000000,7.680000,3.557752,24.640000,3.948468,0,1,59.009126
2774,2774,0,rejected,too_close,60.000000,1,5.680000,2.185772,1.000000,11.000000,5.920000,3.730094,49.000000,0.000000,50,0,64.332296
2760,2760,0,accepted,none,0.000000,1,6.440000,2.070362,2.000000,10.000000,8.200000,3.388215,49.000000,0.000000,50,0,62.323069
2775,2775,0,rejected,assert_connectivity,60.000000,1,5.680000,2.649075,1.000000,12.000000,9.040000,4.591122,45.160000,9.014122,0,0,69.279479
2761,2761,0,accepted,none,0.000000,1,5.480000,2.080769,1.000000,10.000000,7.080000,3.751480,49.000000,0.000000,50,0,71.283742
2777,2777,0,rejected,assert_connectivity,60.000000,1,7.240000,3.927136,1.000000,14.000000,10.280000,5.455419,36.560000,13.492457,0,0,55.128255
2778,2778,0,rejected,assert_connectivity,60.000000,1,6.240000,3.056534,1.000000,13.000000,8.880000,5.148359,35.080000,13.582106,0,0,62.927806
2779,2779,0,rejected,assert_connectivity,60.000000,1,5.880000,2.065333,0.000000,10.000000,6.240000,3.701675,31.440000,12.411543,0,0,67.779561
2762,2762,0,accepted,none,0.000000,1,6.360000,2.711162,1.000000,11.000000,7.480000,3.769562,49.000000,0.000000,50,0,68.669094
2782,2782,0,rejected,assert_connectivity,60.000000,1,6.880000,3.609100,0.000000,15.000000,7.560000,4.883278,39.680000,12.960617,0,0,63.452042
2784,2784,0,rejected,assert_connectivity,60.000000,1,6.400000,2.357965,0.000000,11.000000,8.360000,4.344007,47.040000,6.720000,0,0,61.264821
2770,2770,0,accepted,none,0.000000,1,6.280000,2.683580,1.000000,11.000000,6.000000,2.705550,49.000000,0.000000,50,0,61.319260
2786,2786,0,rejected,assert_connectivity,60.000000,1,5.840000,2.700815,0.000000,11.000000,3.960000,2.932303,35.040000,13.683508,0,0,53.226365
2772,2772,0,accepted,none,0.000000,1,5.520000,2.032142,1.000000,10.000000,6.120000,3.024169,49.000000,0.000000,50,0,69.668511
2787,2787,0,rejected,assert_connectivity,60.000000,1,6.120000,2.783092,0.000000,11.000000,7.880000,4.840000,38.240000,12.900481,0,1,66.190083
2788,2788,0,rejected,assert_connectivity,60.000000,1,5.600000,2.561250,0.000000,11.000000,7.800000,4.715930,47.040000,6.720000,0,0,67.833187
2789,2789,0,rejected,assert_connectivity,60.000000,1,5.320000,2.194903,0.000000,10.000000,7.520000,3.562246,47.040000,6.720000,0,0,81.301560
2776,2776,0,accepted,none,0.000000,1,7.040000,3.486890,2.000000,15.000000,9.440000,4.712367,49.000000,0.000000,50,0,62.295375
2790,2790,0,rejected,assert_connectivity,60.000000,1,5.840000,2.809697,1.000000,11.000000,6.240000,3.003731,29.760000,10.527222,0,0,64.737091
2791,2791,0,rejected,too_close,60.000000,1,7.200000,3.682391,1.000000,16.000000,6.640000,3.659290,49.000000,0.000000,50,1,55.284811
2783,2783,0,accepted,none,0.000000,1,6.200000,2.357965,2.000000,10.000000,6.840000,3.348791,49.000000,0.000000,50,0,71.049068
2792,2792,0,rejected,assert_connectivity,60.000000,1,6.200000,2.569047,1.000000,12.000000,7.560000,3.628553,45.160000,9.014122,0,0,76.375836
2780,2780,0,accepted,none,0.000000,1,6.200000,2.979933,1.000000,12.000000,8.240000,3.952518,49.000000,0.000000,50,0,66.405855
2794,2794,0,rejected,assert_connectivity,60.000000,1,6.680000,3.355235,0.000000,13.000000,8.560000,5.288327,47.040000,6.720000,0,0,69.229302
2781,2781,0,accepted,none,0.000000,1,6.720000,3.747212,1.000000,15.000000,9.800000,5.153639,49.000000,0.000000,50,0,70.009866
2785,2785,0,accepted,none,0.000000,1,6.080000,2.591062,1.000000,11.000000,8.000000,4.098780,49.000000,0.000000,50,0,73.551393
2798,2798,0,rejected,assert_connectivity,60.000000,1,5.280000,2.306859,0.000000,10.000000,8.200000,4.024922,45.120000,9.210081,0,0,75.943197
2800,2800,0,rejected,assert_connectivity,60.000000,1,6.280000,2.793134,0.000000,11.000000,8.840000,3.727519,47.040000,6.720000,0,0,70.208435
2802,2802,0,rejected,assert_connectivity,60.000000,1,6.760000,3.246906,0.000000,14.000000,10.280000,4.737257,45.120000,9.210081,0,0,72.153300
2803,2803,0,rejected,assert_connectivity,60.000000,1,5.240000,2.054848,0.000000,9.000000,4.640000,2.882776,32.640000,12.765203,0,0,53.699696
2804,2804,0,rejected,assert_connectivity,60.000000,1,6.440000,3.131517,0.000000,13.000000,7.720000,3.137132,47.040000,6.720000,0,0,68.614424
2795,2795,0,accepted,none,0.000000,1,5.640000,2.527924,1.000000,10.000000,7.000000,3.583295,49.000000,0.000000,50,0,64.695299
2805,2805,0,rejected,too_close,60.000000,1,6.160000,2.737590,1.000000,14.000000,8.040000,4.161538,49.000000,0.000000,50,0,66.202299
2793,2793,0,accepted,none,0.000000,1,6.080000,1.957958,1.000000,11.000000,7.120000,3.302363,49.000000,0.000000,50,0,61.112059
2806,2806,0,rejected,assert_connectivity,60.000000,1,4.760000,2.186870,0.000000,11.000000,5.000000,3.212476,26.640000,13.429460,0,0,66.682332
2797,2797,0,accepted,none,0.000000,1,6.400000,2.227106,2.000000,11.000000,8.320000,3.337304,49.000000,0.000000,50,0,58.025619
2807,2807,0,rejected,assert_connectivity,60.000000,1,6.120000,2.205811,0.000000,10.000000,7.080000,3.279268,47.040000,6.720000,0,0,65.687048
2808,2808,0,rejected,assert_connectivity,60.000000,1,6.400000,2.521904,1.000000,12.000000,6.760000,3.496055,40.000000,12.000000,0,0,61.576719
2801,2801,0,accepted,none,0.000000,1,5.960000,2.682983,1.000000,11.000000,9.000000,4.390900,49.000000,0.000000,50,0,69.907788
2799,2799,0,accepted,none,0.000000,1,6.560000,2.316549,2.000000,12.000000,7.160000,2.921370,49.000000,0.000000,50,0,63.363022
2809,2809,0,rejected,too_close,60.000000,1,5.320000,2.120755,2.000000,12.000000,7.240000,3.586419,49.000000,0.000000,50,0,69.200588
2796,2796,0,accepted,none,0.000000,1,6.760000,2.596613,1.000000,12.000000,9.600000,4.137632,49.000000,0.000000,50,0,60.311933
2811,2811,0,rejected,assert_connectivity,60.000000,1,5.960000,3.065681,1.000000,13.000000,4.560000,2.987708,30.880000,13.447141,0,0,71.422579
2812,2812,0,rejected,too_close,60.000000,1,6.520000,2.109407,2.000000,10.000000,7.160000,3.227135,49.000000,0.000000,50,0,68.682640
2815,2815,0,rejected,assert_connectivity,60.000000,1,6.600000,2.986637,1.000000,13.000000,9.440000,4.792327,41.640000,11.394314,0,0,67.867567
2814,2814,0,rejected,assert_connectivity,60.000000,1,8.240000,4.197904,1.000000,14.000000,9.240000,5.263307,36.560000,13.492457,0,0,57.482273
2816,2816,0,rejected,assert_connectivity,60.000000,1,5.960000,2.374532,2.000000,10.000000,8.600000,4.431704,38.440000,12.348538,0,0,61.829836
2817,2817,0,rejected,assert_connectivity,60.000000,1,5.800000,2.315167,0.000000,11.000000,7.240000,3.484595,47.040000,6.720000,0,0,68.007495
2819,2819,0,rejected,too_close,60.000000,1,6.400000,2.645751,1.000000,11.000000,8.600000,4.024922,49.000000,0.000000,50,0,58.237330
2822,2822,0,rejected,assert_connectivity,60.000000,1,6.320000,2.386965,0.000000,11.000000,9.000000,3.888444,47.040000,6.720000,0,0,76.748156
2823,2823,0,rejected,too_close,60.000000,1,6.400000,2.433105,1.000000,11.000000,8.000000,3.124100,49.000000,0.000000,50,0,72.915990
2824,2824,0,rejected,assert_connectivity,60.000000,1,6.760000,3.134071,0.000000,12.000000,8.000000,4.485532,47.040000,6.720000,0,0,67.848153
2825,2825,0,rejected,assert_connectivity,60.000000,1,6.360000,2.278245,0.000000,11.000000,7.160000,4.168261,47.040000,6.720000,0,0,63.711654
2826,2826,0,rejected,assert_connectivity,60.000000,1,5.600000,2.374868,1.000000,11.000000,6.960000,3.783966,29.760000,10.527222,0,0,57.677974
2827,2827,0,rejected,assert_connectivity,60.000000,1,6.560000,2.646961,1.000000,11.000000,7.560000,3.847909,45.160000,9.014122,0,0,60.684097
2829,2829,0,rejected,assert_connectivity,60.000000,1,5.760000,2.421239,1.000000,11.000000,7.760000,3.547168,45.160000,9.014122,0,0,65.895842
2810,2810,0,accepted,none,0.000000,1,6.800000,2.181742,3.000000,12.000000,8.080000,4.199238,49.000000,0.000000,50,0,63.766586
2831,2831,0,rejected,assert_connectivity,60.000000,1,6.480000,2.617174,1.000000,11.000000,8.120000,3.397882,43.360000,10.449421,0,0,67.231528
2813,2813,0,accepted,none,0.000000,1,6.040000,2.481612,2.000000,11.000000,6.520000,2.632413,49.000000,0.000000,50,0,61.045000
2820,2820,0,accepted,none,0.000000,1,6.760000,2.839437,1.000000,13.000000,8.360000,3.480000,49.000000,0.000000,50,0,70.211227
2821,2821,0,accepted,none,0.000000,1,6.920000,2.431789,1.000000,12.000000,7.800000,3.268027,49.000000,0.000000,50,0,67.150900
2832,2832,0,rejected,assert_connectivity,60.000000,1,6.400000,3.527038,0.000000,13.000000,5.240000,2.775320,47.040000,6.720000,0,0,65.553956
2833,2833,0,rejected,too_close,60.000000,1,5.920000,2.488694,1.000000,10.000000,6.960000,2.584260,49.000000,0.000000,50,1,73.488935
2818,2818,0,accepted,none,0.000000,1,6.640000,2.903515,2.000000,12.000000,9.240000,4.347689,49.000000,0.000000,50,0,65.015236
2834,2834,0,rejected,assert_connectivity,60.000000,1,6.440000,3.125124,1.000000,12.000000,8.400000,4.787484,36.960000,12.491533,0,0,65.096927
2835,2835,0,rejected,assert_connectivity,60.000000,1,5.520000,2.685070,0.000000,11.000000,7.240000,3.478850,45.120000,9.210081,0,1,76.384960
2836,2836,0,rejected,too_close,60.000000,1,5.760000,2.054848,1.000000,10.000000,6.880000,3.222670,49.000000,0.000000,50,1,79.718393
2837,2837,0,rejected,assert_connectivity,60.000000,1,6.680000,2.955943,0.000000,12.000000,7.800000,4.014972,45.120000,9.210081,0,0,61.741709
2828,2828,0,accepted,none,0.000000,1,6.960000,3.218447,1.000000,13.000000,8.440000,3.827062,49.000000,0.000000,50,0,67.105967
2830,2830,0,accepted,none,0.000000,1,5.280000,2.145134,2.000000,11.000000,7.080000,2.945098,49.000000,0.000000,50,0,65.294627
