run_id,rng_run,rng_seed,harness_version,header_version,n_nodes,grid_x,grid_y,mobility,radio_range,min_hops_required,num_attackers,attackers_list,spoof_count,attacker_jitter,defense_variant,redundant_mpr,malicious_threshold,uncertainty_beta,fading_factor,max_load,max_delay,cheat_threshold,trust_update_interval_s,phy_trace_available,wall_clock_seconds,random_window_order,window_order_perm,slot0_scenario
2,2,1,2.2.0,2,50,750.000000,1000.000000,0,190.000000,3,1,2,5,25.000000,DCFM-OLSR,0,-1,-1,-1,-1,-1,-1,-1,1,25.651968,0,0|1|2|3,baseline
7,7,1,2.2.0,2,50,750.000000,1000.000000,0,190.000000,3,1,2,5,25.000000,DCFM-OLSR,0,-1,-1,-1,-1,-1,-1,-1,1,34.999839,0,0|1|2|3,baseline
8,8,1,2.2.0,2,50,750.000000,1000.000000,0,190.000000,3,1,2,5,25.000000,DCFM-OLSR,0,-1,-1,-1,-1,-1,-1,-1,1,26.275479,0,0|1|2|3,baseline
9,9,1,2.2.0,2,50,750.000000,1000.000000,0,190.000000,3,1,2,5,25.000000,DCFM-OLSR,0,-1,-1,-1,-1,-1,-1,-1,1,26.736340,0,0|1|2|3,baseline
12,12,1,2.2.0,2,50,750.000000,1000.000000,0,190.000000,3,1,2,5,25.000000,DCFM-OLSR,0,-1,-1,-1,-1,-1,-1,-1,1,28.398733,0,0|1|2|3,baseline
18,18,1,2.2.0,2,50,750.000000,1000.000000,0,190.000000,3,1,2,5,25.000000,DCFM-OLSR,0,-1,-1,-1,-1,-1,-1,-1,1,32.595983,0,0|1|2|3,baseline
24,24,1,2.2.0,2,50,750.000000,1000.000000,0,190.000000,3,1,2,5,25.000000,DCFM-OLSR,0,-1,-1,-1,-1,-1,-1,-1,1,28.082967,0,0|1|2|3,baseline
28,28,1,2.2.0,2,50,750.000000,1000.000000,0,190.000000,3,1,2,5,25.000000,DCFM-OLSR,0,-1,-1,-1,-1,-1,-1,-1,1,24.949845,0,0|1|2|3,baseline
31,31,1,2.2.0,2,50,750.000000,1000.000000,0,190.000000,3,1,2,5,25.000000,DCFM-OLSR,0,-1,-1,-1,-1,-1,-1,-1,1,29.368977,0,0|1|2|3,baseline
35,35,1,2.2.0,2,50,750.000000,1000.000000,0,190.000000,3,1,2,5,25.000000,DCFM-OLSR,0,-1,-1,-1,-1,-1,-1,-1,1,25.743184,0,0|1|2|3,baseline
42,42,1,2.2.0,2,50,750.000000,1000.000000,0,190.000000,3,1,2,5,25.000000,DCFM-OLSR,0,-1,-1,-1,-1,-1,-1,-1,1,33.923991,0,0|1|2|3,baseline
43,43,1,2.2.0,2,50,750.000000,1000.000000,0,190.000000,3,1,2,5,25.000000,DCFM-OLSR,0,-1,-1,-1,-1,-1,-1,-1,1,25.607183,0,0|1|2|3,baseline
45,45,1,2.2.0,2,50,750.000000,1000.000000,0,190.000000,3,1,2,5,25.000000,DCFM-OLSR,0,-1,-1,-1,-1,-1,-1,-1,1,25.373351,0,0|1|2|3,baseline
47,47,1,2.2.0,2,50,750.000000,1000.000000,0,190.000000,3,1,2,5,25.000000,DCFM-OLSR,0,-1,-1,-1,-1,-1,-1,-1,1,31.974162,0,0|1|2|3,baseline
49,49,1,2.2.0,2,50,750.000000,1000.000000,0,190.000000,3,1,2,5,25.000000,DCFM-OLSR,0,-1,-1,-1,-1,-1,-1,-1,1,32.494886,0,0|1|2|3,baseline
56,56,1,2.2.0,2,50,750.000000,1000.000000,0,190.000000,3,1,2,5,25.000000,DCFM-OLSR,0,-1,-1,-1,-1,-1,-1,-1,1,31.182995,0,0|1|2|3,baseline
62,62,1,2.2.0,2,50,750.000000,1000.000000,0,190.000000,3,1,2,5,25.000000,DCFM-OLSR,0,-1,-1,-1,-1,-1,-1,-1,1,34.928194,0,0|1|2|3,baseline
63,63,1,2.2.0,2,50,750.000000,1000.000000,0,190.000000,3,1,2,5,25.000000,DCFM-OLSR,0,-1,-1,-1,-1,-1,-1,-1,1,37.074620,0,0|1|2|3,baseline
64,64,1,2.2.0,2,50,750.000000,1000.000000,0,190.000000,3,1,2,5,25.000000,DCFM-OLSR,0,-1,-1,-1,-1,-1,-1,-1,1,27.858838,0,0|1|2|3,baseline
65,65,1,2.2.0,2,50,750.000000,1000.000000,0,190.000000,3,1,2,5,25.000000,DCFM-OLSR,0,-1,-1,-1,-1,-1,-1,-1,1,27.422223,0,0|1|2|3,baseline
66,66,1,2.2.0,2,50,750.000000,1000.000000,0,190.000000,3,1,2,5,25.000000,DCFM-OLSR,0,-1,-1,-1,-1,-1,-1,-1,1,26.600218,0,0|1|2|3,baseline
67,67,1,2.2.0,2,50,750.000000,1000.000000,0,190.000000,3,1,2,5,25.000000,DCFM-OLSR,0,-1,-1,-1,-1,-1,-1,-1,1,30.488796,0,0|1|2|3,baseline
73,73,1,2.2.0,2,50,750.000000,1000.000000,0,190.000000,3,1,2,5,25.000000,DCFM-OLSR,0,-1,-1,-1,-1,-1,-1,-1,1,25.760156,0,0|1|2|3,baseline
75,75,1,2.2.0,2,50,750.000000,1000.000000,0,190.000000,3,1,2,5,25.000000,DCFM-OLSR,0,-1,-1,-1,-1,-1,-1,-1,1,30.698931,0,0|1|2|3,baseline
77,77,1,2.2.0,2,50,750.000000,1000.000000,0,190.000000,3,1,2,5,25.000000,DCFM-OLSR,0,-1,-1,-1,-1,-1,-1,-1,1,33.282425,0,0|1|2|3,baseline
80,80,1,2.2.0,2,50,750.000000,1000.000000,0,190.000000,3,1,2,5,25.000000,DCFM-OLSR,0,-1,-1,-1,-1,-1,-1,-1,1,28.993900,0,0|1|2|3,baseline
82,82,1,2.2.0,2,50,750.000000,1000.000000,0,190.000000,3,1,2,5,25.000000,DCFM-OLSR,0,-1,-1,-1,-1,-1,-1,-1,1,28.181357,0,0|1|2|3,baseline
84,84,1,2.2.0,2,50,750.000000,1000.000000,0,190.000000,3,1,2,5,25.000000,DCFM-OLSR,0,-1,-1,-1,-1,-1,-1,-1,1,29.299775,0,0|1|2|3,baseline
94,94,1,2.2.0,2,50,750.000000,1000.000000,0,190.000000,3,1,2,5,25.000000,DCFM-OLSR,0,-1,-1,-1,-1,-1,-1,-1,1,26.939527,0,0|1|2|3,baseline
95,95,1,2.2.0,2,50,750.000000,1000.000000,0,190.000000,3,1,2,5,25.000000,DCFM-OLSR,0,-1,-1,-1,-1,-1,-1,-1,1,32.756536,0,0|1|2|3,baseline
101,101,1,2.2.0,2,50,750.000000,1000.000000,0,190.000000,3,1,2,5,25.000000,DCFM-OLSR,0,-1,-1,-1,-1,-1,-1,-1,1,29.527687,0,0|1|2|3,baseline
105,105,1,2.2.0,2,50,750.000000,1000.000000,0,190.000000,3,1,2,5,25.000000,DCFM-OLSR,0,-1,-1,-1,-1,-1,-1,-1,1,29.129295,0,0|1|2|3,baseline
107,107,1,2.2.0,2,50,750.000000,1000.000000,0,190.000000,3,1,2,5,25.000000,DCFM-OLSR,0,-1,-1,-1,-1,-1,-1,-1,1,27.629379,0,0|1|2|3,baseline
109,109,1,2.2.0,2,50,750.000000,1000.000000,0,190.000000,3,1,2,5,25.000000,DCFM-OLSR,0,-1,-1,-1,-1,-1,-1,-1,1,35.254740,0,0|1|2|3,baseline
110,110,1,2.2.0,2,50,750.000000,1000.000000,0,190.000000,3,1,2,5,25.000000,DCFM-OLSR,0,-1,-1,-1,-1,-1,-1,-1,1,30.609168,0,0|1|2|3,baseline
111,111,1,2.2.0,2,50,750.000000,1000.000000,0,190.000000,3,1,2,5,25.000000,DCFM-OLSR,0,-1,-1,-1,-1,-1,-1,-1,1,42.224493,0,0|1|2|3,baseline
113,113,1,2.2.0,2,50,750.000000,1000.000000,0,190.000000,3,1,2,5,25.000000,DCFM-OLSR,0,-1,-1,-1,-1,-1,-1,-1,1,57.551998,0,0|1|2|3,baseline
116,116,1,2.2.0,2,50,750.000000,1000.000000,0,190.000000,3,1,2,5,25.000000,DCFM-OLSR,0,-1,-1,-1,-1,-1,-1,-1,1,30.021606,0,0|1|2|3,baseline
119,119,1,2.2.0,2,50,750.000000,1000.000000,0,190.000000,3,1,2,5,25.000000,DCFM-OLSR,0,-1,-1,-1,-1,-1,-1,-1,1,29.560978,0,0|1|2|3,baseline
122,122,1,2.2.0,2,50,750.000000,1000.000000,0,190.000000,3,1,2,5,25.000000,DCFM-OLSR,0,-1,-1,-1,-1,-1,-1,-1,1,29.258650,0,0|1|2|3,baseline
125,125,1,2.2.0,2,50,750.000000,1000.000000,0,190.000000,3,1,2,5,25.000000,DCFM-OLSR,0,-1,-1,-1,-1,-1,-1,-1,1,30.240535,0,0|1|2|3,baseline
129,129,1,2.2.0,2,50,750.000000,1000.000000,0,190.000000,3,1,2,5,25.000000,DCFM-OLSR,0,-1,-1,-1,-1,-1,-1,-1,1,38.958804,0,0|1|2|3,baseline
132,132,1,2.2.0,2,50,750.000000,1000.000000,0,190.000000,3,1,2,5,25.000000,DCFM-OLSR,0,-1,-1,-1,-1,-1,-1,-1,1,29.208773,0,0|1|2|3,baseline
141,141,1,2.2.0,2,50,750.000000,1000.000000,0,190.000000,3,1,2,5,25.000000,DCFM-OLSR,0,-1,-1,-1,-1,-1,-1,-1,1,29.831729,0,0|1|2|3,baseline
148,148,1,2.2.0,2,50,750.000000,1000.000000,0,190.000000,3,1,2,5,25.000000,DCFM-OLSR,0,-1,-1,-1,-1,-1,-1,-1,1,29.573415,0,0|1|2|3,baseline
151,151,1,2.2.0,2,50,750.000000,1000.000000,0,190.000000,3,1,2,5,25.000000,DCFM-OLSR,0,-1,-1,-1,-1,-1,-1,-1,1,28.011638,0,0|1|2|3,baseline
152,152,1,2.2.0,2,50,750.000000,1000.000000,0,190.000000,3,1,2,5,25.000000,DCFM-OLSR,0,-1,-1,-1,-1,-1,-1,-1,1,29.606264,0,0|1|2|3,baseline
154,154,1,2.2.0,2,50,750.000000,1000.000000,0,190.000000,3,1,2,5,25.000000,DCFM-OLSR,0,-1,-1,-1,-1,-1,-1,-1,1,27.262172,0,0|1|2|3,baseline
157,157,1,2.2.0,2,50,750.000000,1000.000000,0,190.000000,3,1,2,5,25.000000,DCFM-OLSR,0,-1,-1,-1,-1,-1,-1,-1,1,30.244011,0,0|1|2|3,baseline
164,164,1,2.2.0,2,50,750.000000,1000.000000,0,190.000000,3,1,2,5,25.000000,DCFM-OLSR,0,-1,-1,-1,-1,-1,-1,-1,1,26.621544,0,0|1|2|3,baseline
167,167,1,2.2.0,2,50,750.000000,1000.000000,0,190.000000,3,1,2,5,25.000000,DCFM-OLSR,0,-1,-1,-1,-1,-1,-1,-1,1,28.054971,0,0|1|2|3,baseline
170,170,1,2.2.0,2,50,750.000000,1000.000000,0,190.000000,3,1,2,5,25.000000,DCFM-OLSR,0,-1,-1,-1,-1,-1,-1,-1,1,28.340711,0,0|1|2|3,baseline
171,171,1,2.2.0,2,50,750.000000,1000.000000,0,190.000000,3,1,2,5,25.000000,DCFM-OLSR,0,-1,-1,-1,-1,-1,-1,-1,1,24.192655,0,0|1|2|3,baseline
172,172,1,2.2.0,2,50,750.000000,1000.000000,0,190.000000,3,1,2,5,25.000000,DCFM-OLSR,0,-1,-1,-1,-1,-1,-1,-1,1,28.443105,0,0|1|2|3,baseline
174,174,1,2.2.0,2,50,750.000000,1000.000000,0,190.000000,3,1,2,5,25.000000,DCFM-OLSR,0,-1,-1,-1,-1,-1,-1,-1,1,31.465340,0,0|1|2|3,baseline
177,177,1,2.2.0,2,50,750.000000,1000.000000,0,190.000000,3,1,2,5,25.000000,DCFM-OLSR,0,-1,-1,-1,-1,-1,-1,-1,1,26.901419,0,0|1|2|3,baseline
188,188,1,2.2.0,2,50,750.000000,1000.000000,0,190.000000,3,1,2,5,25.000000,DCFM-OLSR,0,-1,-1,-1,-1,-1,-1,-1,1,34.649489,0,0|1|2|3,baseline
191,191,1,2.2.0,2,50,750.000000,1000.000000,0,190.000000,3,1,2,5,25.000000,DCFM-OLSR,0,-1,-1,-1,-1,-1,-1,-1,1,26.607391,0,0|1|2|3,baseline
193,193,1,2.2.0,2,50,750.000000,1000.000000,0,190.000000,3,1,2,5,25.000000,DCFM-OLSR,0,-1,-1,-1,-1,-1,-1,-1,1,34.121459,0,0|1|2|3,baseline
196,196,1,2.2.0,2,50,750.000000,1000.000000,0,190.000000,3,1,2,5,25.000000,DCFM-OLSR,0,-1,-1,-1,-1,-1,-1,-1,1,27.215100,0,0|1|2|3,baseline
200,200,1,2.2.0,2,50,750.000000,1000.000000,0,190.000000,3,1,2,5,25.000000,DCFM-OLSR,0,-1,-1,-1,-1,-1,-1,-1,1,32.250721,0,0|1|2|3,baseline
201,201,1,2.2.0,2,50,750.000000,1000.000000,0,190.000000,3,1,2,5,25.000000,DCFM-OLSR,0,-1,-1,-1,-1,-1,-1,-1,1,33.629635,0,0|1|2|3,baseline
206,206,1,2.2.0,2,50,750.000000,1000.000000,0,190.000000,3,1,2,5,25.000000,DCFM-OLSR,0,-1,-1,-1,-1,-1,-1,-1,1,73.521061,0,0|1|2|3,baseline
208,208,1,2.2.0,2,50,750.000000,1000.000000,0,190.000000,3,1,2,5,25.000000,DCFM-OLSR,0,-1,-1,-1,-1,-1,-1,-1,1,78.657679,0,0|1|2|3,baseline
202,202,1,2.2.0,2,50,750.000000,1000.000000,0,190.000000,3,1,2,5,25.000000,DCFM-OLSR,0,-1,-1,-1,-1,-1,-1,-1,1,80.374393,0,0|1|2|3,baseline
210,210,1,2.2.0,2,50,750.000000,1000.000000,0,190.000000,3,1,2,5,25.000000,DCFM-OLSR,0,-1,-1,-1,-1,-1,-1,-1,1,73.531934,0,0|1|2|3,baseline
207,207,1,2.2.0,2,50,750.000000,1000.000000,0,190.000000,3,1,2,5,25.000000,DCFM-OLSR,0,-1,-1,-1,-1,-1,-1,-1,1,90.979749,0,0|1|2|3,baseline
215,215,1,2.2.0,2,50,750.000000,1000.000000,0,190.000000,3,1,2,5,25.000000,DCFM-OLSR,0,-1,-1,-1,-1,-1,-1,-1,1,68.022031,0,0|1|2|3,baseline
212,212,1,2.2.0,2,50,750.000000,1000.000000,0,190.000000,3,1,2,5,25.000000,DCFM-OLSR,0,-1,-1,-1,-1,-1,-1,-1,1,86.170028,0,0|1|2|3,baseline
219,219,1,2.2.0,2,50,750.000000,1000.000000,0,190.000000,3,1,2,5,25.000000,DCFM-OLSR,0,-1,-1,-1,-1,-1,-1,-1,1,93.296479,0,0|1|2|3,baseline
229,229,1,2.2.0,2,50,750.000000,1000.000000,0,190.000000,3,1,2,5,25.000000,DCFM-OLSR,0,-1,-1,-1,-1,-1,-1,-1,1,90.955822,0,0|1|2|3,baseline
236,236,1,2.2.0,2,50,750.000000,1000.000000,0,190.000000,3,1,2,5,25.000000,DCFM-OLSR,0,-1,-1,-1,-1,-1,-1,-1,1,82.423254,0,0|1|2|3,baseline
243,243,1,2.2.0,2,50,750.000000,1000.000000,0,190.000000,3,1,2,5,25.000000,DCFM-OLSR,0,-1,-1,-1,-1,-1,-1,-1,1,73.509096,0,0|1|2|3,baseline
239,239,1,2.2.0,2,50,750.000000,1000.000000,0,190.000000,3,1,2,5,25.000000,DCFM-OLSR,0,-1,-1,-1,-1,-1,-1,-1,1,83.740428,0,0|1|2|3,baseline
249,249,1,2.2.0,2,50,750.000000,1000.000000,0,190.000000,3,1,2,5,25.000000,DCFM-OLSR,0,-1,-1,-1,-1,-1,-1,-1,1,73.410064,0,0|1|2|3,baseline
262,262,1,2.2.0,2,50,750.000000,1000.000000,0,190.000000,3,1,2,5,25.000000,DCFM-OLSR,0,-1,-1,-1,-1,-1,-1,-1,1,63.517757,0,0|1|2|3,baseline
258,258,1,2.2.0,2,50,750.000000,1000.000000,0,190.000000,3,1,2,5,25.000000,DCFM-OLSR,0,-1,-1,-1,-1,-1,-1,-1,1,73.179963,0,0|1|2|3,baseline
264,264,1,2.2.0,2,50,750.000000,1000.000000,0,190.000000,3,1,2,5,25.000000,DCFM-OLSR,0,-1,-1,-1,-1,-1,-1,-1,1,65.781266,0,0|1|2|3,baseline
259,259,1,2.2.0,2,50,750.000000,1000.000000,0,190.000000,3,1,2,5,25.000000,DCFM-OLSR,0,-1,-1,-1,-1,-1,-1,-1,1,78.032865,0,0|1|2|3,baseline
266,266,1,2.2.0,2,50,750.000000,1000.000000,0,190.000000,3,1,2,5,25.000000,DCFM-OLSR,0,-1,-1,-1,-1,-1,-1,-1,1,72.994710,0,0|1|2|3,baseline
265,265,1,2.2.0,2,50,750.000000,1000.000000,0,190.000000,3,1,2,5,25.000000,DCFM-OLSR,0,-1,-1,-1,-1,-1,-1,-1,1,89.973676,0,0|1|2|3,baseline
268,268,1,2.2.0,2,50,750.000000,1000.000000,0,190.000000,3,1,2,5,25.000000,DCFM-OLSR,0,-1,-1,-1,-1,-1,-1,-1,1,71.991116,0,0|1|2|3,baseline
269,269,1,2.2.0,2,50,750.000000,1000.000000,0,190.000000,3,1,2,5,25.000000,DCFM-OLSR,0,-1,-1,-1,-1,-1,-1,-1,1,67.172701,0,0|1|2|3,baseline
272,272,1,2.2.0,2,50,750.000000,1000.000000,0,190.000000,3,1,2,5,25.000000,DCFM-OLSR,0,-1,-1,-1,-1,-1,-1,-1,1,65.300150,0,0|1|2|3,baseline
271,271,1,2.2.0,2,50,750.000000,1000.000000,0,190.000000,3,1,2,5,25.000000,DCFM-OLSR,0,-1,-1,-1,-1,-1,-1,-1,1,78.511259,0,0|1|2|3,baseline
273,273,1,2.2.0,2,50,750.000000,1000.000000,0,190.000000,3,1,2,5,25.000000,DCFM-OLSR,0,-1,-1,-1,-1,-1,-1,-1,1,76.687090,0,0|1|2|3,baseline
279,279,1,2.2.0,2,50,750.000000,1000.000000,0,190.000000,3,1,2,5,25.000000,DCFM-OLSR,0,-1,-1,-1,-1,-1,-1,-1,1,81.447349,0,0|1|2|3,baseline
285,285,1,2.2.0,2,50,750.000000,1000.000000,0,190.000000,3,1,2,5,25.000000,DCFM-OLSR,0,-1,-1,-1,-1,-1,-1,-1,1,64.423001,0,0|1|2|3,baseline
286,286,1,2.2.0,2,50,750.000000,1000.000000,0,190.000000,3,1,2,5,25.000000,DCFM-OLSR,0,-1,-1,-1,-1,-1,-1,-1,1,68.938753,0,0|1|2|3,baseline
283,283,1,2.2.0,2,50,750.000000,1000.000000,0,190.000000,3,1,2,5,25.000000,DCFM-OLSR,0,-1,-1,-1,-1,-1,-1,-1,1,88.335698,0,0|1|2|3,baseline
287,287,1,2.2.0,2,50,750.000000,1000.000000,0,190.000000,3,1,2,5,25.000000,DCFM-OLSR,0,-1,-1,-1,-1,-1,-1,-1,1,79.821897,0,0|1|2|3,baseline
293,293,1,2.2.0,2,50,750.000000,1000.000000,0,190.000000,3,1,2,5,25.000000,DCFM-OLSR,0,-1,-1,-1,-1,-1,-1,-1,1,69.347991,0,0|1|2|3,baseline
294,294,1,2.2.0,2,50,750.000000,1000.000000,0,190.000000,3,1,2,5,25.000000,DCFM-OLSR,0,-1,-1,-1,-1,-1,-1,-1,1,89.728381,0,0|1|2|3,baseline
298,298,1,2.2.0,2,50,750.000000,1000.000000,0,190.000000,3,1,2,5,25.000000,DCFM-OLSR,0,-1,-1,-1,-1,-1,-1,-1,1,77.463067,0,0|1|2|3,baseline
297,297,1,2.2.0,2,50,750.000000,1000.000000,0,190.000000,3,1,2,5,25.000000,DCFM-OLSR,0,-1,-1,-1,-1,-1,-1,-1,1,86.871431,0,0|1|2|3,baseline
308,308,1,2.2.0,2,50,750.000000,1000.000000,0,190.000000,3,1,2,5,25.000000,DCFM-OLSR,0,-1,-1,-1,-1,-1,-1,-1,1,66.656156,0,0|1|2|3,baseline
307,307,1,2.2.0,2,50,750.000000,1000.000000,0,190.000000,3,1,2,5,25.000000,DCFM-OLSR,0,-1,-1,-1,-1,-1,-1,-1,1,69.804985,0,0|1|2|3,baseline
310,310,1,2.2.0,2,50,750.000000,1000.000000,0,190.000000,3,1,2,5,25.000000,DCFM-OLSR,0,-1,-1,-1,-1,-1,-1,-1,1,81.964517,0,0|1|2|3,baseline
316,316,1,2.2.0,2,50,750.000000,1000.000000,0,190.000000,3,1,2,5,25.000000,DCFM-OLSR,0,-1,-1,-1,-1,-1,-1,-1,1,79.501592,0,0|1|2|3,baseline
317,317,1,2.2.0,2,50,750.000000,1000.000000,0,190.000000,3,1,2,5,25.000000,DCFM-OLSR,0,-1,-1,-1,-1,-1,-1,-1,1,80.688591,0,0|1|2|3,baseline
319,319,1,2.2.0,2,50,750.000000,1000.000000,0,190.000000,3,1,2,5,25.000000,DCFM-OLSR,0,-1,-1,-1,-1,-1,-1,-1,1,82.061069,0,0|1|2|3,baseline
321,321,1,2.2.0,2,50,750.000000,1000.000000,0,190.000000,3,1,2,5,25.000000,DCFM-OLSR,0,-1,-1,-1,-1,-1,-1,-1,1,75.167477,0,0|1|2|3,baseline
322,322,1,2.2.0,2,50,750.000000,1000.000000,0,190.000000,3,1,2,5,25.000000,DCFM-OLSR,0,-1,-1,-1,-1,-1,-1,-1,1,81.801076,0,0|1|2|3,baseline
323,323,1,2.2.0,2,50,750.000000,1000.000000,0,190.000000,3,1,2,5,25.000000,DCFM-OLSR,0,-1,-1,-1,-1,-1,-1,-1,1,79.828904,0,0|1|2|3,baseline
330,330,1,2.2.0,2,50,750.000000,1000.000000,0,190.000000,3,1,2,5,25.000000,DCFM-OLSR,0,-1,-1,-1,-1,-1,-1,-1,1,65.504690,0,0|1|2|3,baseline
327,327,1,2.2.0,2,50,750.000000,1000.000000,0,190.000000,3,1,2,5,25.000000,DCFM-OLSR,0,-1,-1,-1,-1,-1,-1,-1,1,75.203012,0,0|1|2|3,baseline
331,331,1,2.2.0,2,50,750.000000,1000.000000,0,190.000000,3,1,2,5,25.000000,DCFM-OLSR,0,-1,-1,-1,-1,-1,-1,-1,1,71.582814,0,0|1|2|3,baseline
333,333,1,2.2.0,2,50,750.000000,1000.000000,0,190.000000,3,1,2,5,25.000000,DCFM-OLSR,0,-1,-1,-1,-1,-1,-1,-1,1,73.158025,0,0|1|2|3,baseline
334,334,1,2.2.0,2,50,750.000000,1000.000000,0,190.000000,3,1,2,5,25.000000,DCFM-OLSR,0,-1,-1,-1,-1,-1,-1,-1,1,83.141522,0,0|1|2|3,baseline
337,337,1,2.2.0,2,50,750.000000,1000.000000,0,190.000000,3,1,2,5,25.000000,DCFM-OLSR,0,-1,-1,-1,-1,-1,-1,-1,1,76.225974,0,0|1|2|3,baseline
341,341,1,2.2.0,2,50,750.000000,1000.000000,0,190.000000,3,1,2,5,25.000000,DCFM-OLSR,0,-1,-1,-1,-1,-1,-1,-1,1,70.548603,0,0|1|2|3,baseline
340,340,1,2.2.0,2,50,750.000000,1000.000000,0,190.000000,3,1,2,5,25.000000,DCFM-OLSR,0,-1,-1,-1,-1,-1,-1,-1,1,99.707450,0,0|1|2|3,baseline
350,350,1,2.2.0,2,50,750.000000,1000.000000,0,190.000000,3,1,2,5,25.000000,DCFM-OLSR,0,-1,-1,-1,-1,-1,-1,-1,1,75.428062,0,0|1|2|3,baseline
354,354,1,2.2.0,2,50,750.000000,1000.000000,0,190.000000,3,1,2,5,25.000000,DCFM-OLSR,0,-1,-1,-1,-1,-1,-1,-1,1,75.327057,0,0|1|2|3,baseline
362,362,1,2.2.0,2,50,750.000000,1000.000000,0,190.000000,3,1,2,5,25.000000,DCFM-OLSR,0,-1,-1,-1,-1,-1,-1,-1,1,63.996782,0,0|1|2|3,baseline
363,363,1,2.2.0,2,50,750.000000,1000.000000,0,190.000000,3,1,2,5,25.000000,DCFM-OLSR,0,-1,-1,-1,-1,-1,-1,-1,1,74.098581,0,0|1|2|3,baseline
365,365,1,2.2.0,2,50,750.000000,1000.000000,0,190.000000,3,1,2,5,25.000000,DCFM-OLSR,0,-1,-1,-1,-1,-1,-1,-1,1,67.916314,0,0|1|2|3,baseline
372,372,1,2.2.0,2,50,750.000000,1000.000000,0,190.000000,3,1,2,5,25.000000,DCFM-OLSR,0,-1,-1,-1,-1,-1,-1,-1,1,79.120523,0,0|1|2|3,baseline
373,373,1,2.2.0,2,50,750.000000,1000.000000,0,190.000000,3,1,2,5,25.000000,DCFM-OLSR,0,-1,-1,-1,-1,-1,-1,-1,1,78.344371,0,0|1|2|3,baseline
374,374,1,2.2.0,2,50,750.000000,1000.000000,0,190.000000,3,1,2,5,25.000000,DCFM-OLSR,0,-1,-1,-1,-1,-1,-1,-1,1,75.835521,0,0|1|2|3,baseline
377,377,1,2.2.0,2,50,750.000000,1000.000000,0,190.000000,3,1,2,5,25.000000,DCFM-OLSR,0,-1,-1,-1,-1,-1,-1,-1,1,82.185581,0,0|1|2|3,baseline
381,381,1,2.2.0,2,50,750.000000,1000.000000,0,190.000000,3,1,2,5,25.000000,DCFM-OLSR,0,-1,-1,-1,-1,-1,-1,-1,1,78.362392,0,0|1|2|3,baseline
385,385,1,2.2.0,2,50,750.000000,1000.000000,0,190.000000,3,1,2,5,25.000000,DCFM-OLSR,0,-1,-1,-1,-1,-1,-1,-1,1,74.464930,0,0|1|2|3,baseline
387,387,1,2.2.0,2,50,750.000000,1000.000000,0,190.000000,3,1,2,5,25.000000,DCFM-OLSR,0,-1,-1,-1,-1,-1,-1,-1,1,79.108391,0,0|1|2|3,baseline
392,392,1,2.2.0,2,50,750.000000,1000.000000,0,190.000000,3,1,2,5,25.000000,DCFM-OLSR,0,-1,-1,-1,-1,-1,-1,-1,1,68.581517,0,0|1|2|3,baseline
391,391,1,2.2.0,2,50,750.000000,1000.000000,0,190.000000,3,1,2,5,25.000000,DCFM-OLSR,0,-1,-1,-1,-1,-1,-1,-1,1,73.916335,0,0|1|2|3,baseline
397,397,1,2.2.0,2,50,750.000000,1000.000000,0,190.000000,3,1,2,5,25.000000,DCFM-OLSR,0,-1,-1,-1,-1,-1,-1,-1,1,66.584746,0,0|1|2|3,baseline
396,396,1,2.2.0,2,50,750.000000,1000.000000,0,190.000000,3,1,2,5,25.000000,DCFM-OLSR,0,-1,-1,-1,-1,-1,-1,-1,1,77.298160,0,0|1|2|3,baseline
393,393,1,2.2.0,2,50,750.000000,1000.000000,0,190.000000,3,1,2,5,25.000000,DCFM-OLSR,0,-1,-1,-1,-1,-1,-1,-1,1,106.177267,0,0|1|2|3,baseline
399,399,1,2.2.0,2,50,750.000000,1000.000000,0,190.000000,3,1,2,5,25.000000,DCFM-OLSR,0,-1,-1,-1,-1,-1,-1,-1,1,81.239307,0,0|1|2|3,baseline
401,401,1,2.2.0,2,50,750.000000,1000.000000,0,190.000000,3,1,2,5,25.000000,DCFM-OLSR,0,-1,-1,-1,-1,-1,-1,-1,1,74.966846,0,0|1|2|3,baseline
402,402,1,2.2.0,2,50,750.000000,1000.000000,0,190.000000,3,1,2,5,25.000000,DCFM-OLSR,0,-1,-1,-1,-1,-1,-1,-1,1,69.760589,0,0|1|2|3,baseline
403,403,1,2.2.0,2,50,750.000000,1000.000000,0,190.000000,3,1,2,5,25.000000,DCFM-OLSR,0,-1,-1,-1,-1,-1,-1,-1,1,71.649340,0,0|1|2|3,baseline
404,404,1,2.2.0,2,50,750.000000,1000.000000,0,190.000000,3,1,2,5,25.000000,DCFM-OLSR,0,-1,-1,-1,-1,-1,-1,-1,1,76.633156,0,0|1|2|3,baseline
405,405,1,2.2.0,2,50,750.000000,1000.000000,0,190.000000,3,1,2,5,25.000000,DCFM-OLSR,0,-1,-1,-1,-1,-1,-1,-1,1,72.889621,0,0|1|2|3,baseline
406,406,1,2.2.0,2,50,750.000000,1000.000000,0,190.000000,3,1,2,5,25.000000,DCFM-OLSR,0,-1,-1,-1,-1,-1,-1,-1,1,74.920846,0,0|1|2|3,baseline
407,407,1,2.2.0,2,50,750.000000,1000.000000,0,190.000000,3,1,2,5,25.000000,DCFM-OLSR,0,-1,-1,-1,-1,-1,-1,-1,1,68.038508,0,0|1|2|3,baseline
410,410,1,2.2.0,2,50,750.000000,1000.000000,0,190.000000,3,1,2,5,25.000000,DCFM-OLSR,0,-1,-1,-1,-1,-1,-1,-1,1,67.921797,0,0|1|2|3,baseline
409,409,1,2.2.0,2,50,750.000000,1000.000000,0,190.000000,3,1,2,5,25.000000,DCFM-OLSR,0,-1,-1,-1,-1,-1,-1,-1,1,84.032558,0,0|1|2|3,baseline
412,412,1,2.2.0,2,50,750.000000,1000.000000,0,190.000000,3,1,2,5,25.000000,DCFM-OLSR,0,-1,-1,-1,-1,-1,-1,-1,1,77.794366,0,0|1|2|3,baseline
420,420,1,2.2.0,2,50,750.000000,1000.000000,0,190.000000,3,1,2,5,25.000000,DCFM-OLSR,0,-1,-1,-1,-1,-1,-1,-1,1,69.414556,0,0|1|2|3,baseline
419,419,1,2.2.0,2,50,750.000000,1000.000000,0,190.000000,3,1,2,5,25.000000,DCFM-OLSR,0,-1,-1,-1,-1,-1,-1,-1,1,71.626007,0,0|1|2|3,baseline
418,418,1,2.2.0,2,50,750.000000,1000.000000,0,190.000000,3,1,2,5,25.000000,DCFM-OLSR,0,-1,-1,-1,-1,-1,-1,-1,1,81.718529,0,0|1|2|3,baseline
421,421,1,2.2.0,2,50,750.000000,1000.000000,0,190.000000,3,1,2,5,25.000000,DCFM-OLSR,0,-1,-1,-1,-1,-1,-1,-1,1,86.778538,0,0|1|2|3,baseline
415,415,1,2.2.0,2,50,750.000000,1000.000000,0,190.000000,3,1,2,5,25.000000,DCFM-OLSR,0,-1,-1,-1,-1,-1,-1,-1,1,130.119355,0,0|1|2|3,baseline
431,431,1,2.2.0,2,50,750.000000,1000.000000,0,190.000000,3,1,2,5,25.000000,DCFM-OLSR,0,-1,-1,-1,-1,-1,-1,-1,1,76.618644,0,0|1|2|3,baseline
432,432,1,2.2.0,2,50,750.000000,1000.000000,0,190.000000,3,1,2,5,25.000000,DCFM-OLSR,0,-1,-1,-1,-1,-1,-1,-1,1,76.900707,0,0|1|2|3,baseline
441,441,1,2.2.0,2,50,750.000000,1000.000000,0,190.000000,3,1,2,5,25.000000,DCFM-OLSR,0,-1,-1,-1,-1,-1,-1,-1,1,64.948851,0,0|1|2|3,baseline
440,440,1,2.2.0,2,50,750.000000,1000.000000,0,190.000000,3,1,2,5,25.000000,DCFM-OLSR,0,-1,-1,-1,-1,-1,-1,-1,1,70.653049,0,0|1|2|3,baseline
442,442,1,2.2.0,2,50,750.000000,1000.000000,0,190.000000,3,1,2,5,25.000000,DCFM-OLSR,0,-1,-1,-1,-1,-1,-1,-1,1,83.205103,0,0|1|2|3,baseline
445,445,1,2.2.0,2,50,750.000000,1000.000000,0,190.000000,3,1,2,5,25.000000,DCFM-OLSR,0,-1,-1,-1,-1,-1,-1,-1,1,74.105272,0,0|1|2|3,baseline
448,448,1,2.2.0,2,50,750.000000,1000.000000,0,190.000000,3,1,2,5,25.000000,DCFM-OLSR,0,-1,-1,-1,-1,-1,-1,-1,1,70.322415,0,0|1|2|3,baseline
450,450,1,2.2.0,2,50,750.000000,1000.000000,0,190.000000,3,1,2,5,25.000000,DCFM-OLSR,0,-1,-1,-1,-1,-1,-1,-1,1,79.968853,0,0|1|2|3,baseline
454,454,1,2.2.0,2,50,750.000000,1000.000000,0,190.000000,3,1,2,5,25.000000,DCFM-OLSR,0,-1,-1,-1,-1,-1,-1,-1,1,71.175559,0,0|1|2|3,baseline
455,455,1,2.2.0,2,50,750.000000,1000.000000,0,190.000000,3,1,2,5,25.000000,DCFM-OLSR,0,-1,-1,-1,-1,-1,-1,-1,1,78.452919,0,0|1|2|3,baseline
461,461,1,2.2.0,2,50,750.000000,1000.000000,0,190.000000,3,1,2,5,25.000000,DCFM-OLSR,0,-1,-1,-1,-1,-1,-1,-1,1,64.650158,0,0|1|2|3,baseline
460,460,1,2.2.0,2,50,750.000000,1000.000000,0,190.000000,3,1,2,5,25.000000,DCFM-OLSR,0,-1,-1,-1,-1,-1,-1,-1,1,74.728170,0,0|1|2|3,baseline
464,464,1,2.2.0,2,50,750.000000,1000.000000,0,190.000000,3,1,2,5,25.000000,DCFM-OLSR,0,-1,-1,-1,-1,-1,-1,-1,1,75.655345,0,0|1|2|3,baseline
475,475,1,2.2.0,2,50,750.000000,1000.000000,0,190.000000,3,1,2,5,25.000000,DCFM-OLSR,0,-1,-1,-1,-1,-1,-1,-1,1,67.553447,0,0|1|2|3,baseline
470,470,1,2.2.0,2,50,750.000000,1000.000000,0,190.000000,3,1,2,5,25.000000,DCFM-OLSR,0,-1,-1,-1,-1,-1,-1,-1,1,83.996743,0,0|1|2|3,baseline
473,473,1,2.2.0,2,50,750.000000,1000.000000,0,190.000000,3,1,2,5,25.000000,DCFM-OLSR,0,-1,-1,-1,-1,-1,-1,-1,1,80.504424,0,0|1|2|3,baseline
478,478,1,2.2.0,2,50,750.000000,1000.000000,0,190.000000,3,1,2,5,25.000000,DCFM-OLSR,0,-1,-1,-1,-1,-1,-1,-1,1,68.959766,0,0|1|2|3,baseline
479,479,1,2.2.0,2,50,750.000000,1000.000000,0,190.000000,3,1,2,5,25.000000,DCFM-OLSR,0,-1,-1,-1,-1,-1,-1,-1,1,69.167378,0,0|1|2|3,baseline
481,481,1,2.2.0,2,50,750.000000,1000.000000,0,190.000000,3,1,2,5,25.000000,DCFM-OLSR,0,-1,-1,-1,-1,-1,-1,-1,1,77.788491,0,0|1|2|3,baseline
482,482,1,2.2.0,2,50,750.000000,1000.000000,0,190.000000,3,1,2,5,25.000000,DCFM-OLSR,0,-1,-1,-1,-1,-1,-1,-1,1,70.344294,0,0|1|2|3,baseline
486,486,1,2.2.0,2,50,750.000000,1000.000000,0,190.000000,3,1,2,5,25.000000,DCFM-OLSR,0,-1,-1,-1,-1,-1,-1,-1,1,72.077284,0,0|1|2|3,baseline
489,489,1,2.2.0,2,50,750.000000,1000.000000,0,190.000000,3,1,2,5,25.000000,DCFM-OLSR,0,-1,-1,-1,-1,-1,-1,-1,1,71.365434,0,0|1|2|3,baseline
493,493,1,2.2.0,2,50,750.000000,1000.000000,0,190.000000,3,1,2,5,25.000000,DCFM-OLSR,0,-1,-1,-1,-1,-1,-1,-1,1,65.653675,0,0|1|2|3,baseline
496,496,1,2.2.0,2,50,750.000000,1000.000000,0,190.000000,3,1,2,5,25.000000,DCFM-OLSR,0,-1,-1,-1,-1,-1,-1,-1,1,77.980371,0,0|1|2|3,baseline
499,499,1,2.2.0,2,50,750.000000,1000.000000,0,190.000000,3,1,2,5,25.000000,DCFM-OLSR,0,-1,-1,-1,-1,-1,-1,-1,1,71.464953,0,0|1|2|3,baseline
498,498,1,2.2.0,2,50,750.000000,1000.000000,0,190.000000,3,1,2,5,25.000000,DCFM-OLSR,0,-1,-1,-1,-1,-1,-1,-1,1,78.476916,0,0|1|2|3,baseline
491,491,1,2.2.0,2,50,750.000000,1000.000000,0,190.000000,3,1,2,5,25.000000,DCFM-OLSR,0,-1,-1,-1,-1,-1,-1,-1,1,110.390319,0,0|1|2|3,baseline
510,510,1,2.2.0,2,50,750.000000,1000.000000,0,190.000000,3,1,2,5,25.000000,DCFM-OLSR,0,-1,-1,-1,-1,-1,-1,-1,1,83.834508,0,0|1|2|3,baseline
515,515,1,2.2.0,2,50,750.000000,1000.000000,0,190.000000,3,1,2,5,25.000000,DCFM-OLSR,0,-1,-1,-1,-1,-1,-1,-1,1,84.649369,0,0|1|2|3,baseline
520,520,1,2.2.0,2,50,750.000000,1000.000000,0,190.000000,3,1,2,5,25.000000,DCFM-OLSR,0,-1,-1,-1,-1,-1,-1,-1,1,84.383651,0,0|1|2|3,baseline
525,525,1,2.2.0,2,50,750.000000,1000.000000,0,190.000000,3,1,2,5,25.000000,DCFM-OLSR,0,-1,-1,-1,-1,-1,-1,-1,1,74.278001,0,0|1|2|3,baseline
517,517,1,2.2.0,2,50,750.000000,1000.000000,0,190.000000,3,1,2,5,25.000000,DCFM-OLSR,0,-1,-1,-1,-1,-1,-1,-1,1,115.595698,0,0|1|2|3,baseline
526,526,1,2.2.0,2,50,750.000000,1000.000000,0,190.000000,3,1,2,5,25.000000,DCFM-OLSR,0,-1,-1,-1,-1,-1,-1,-1,1,100.554379,0,0|1|2|3,baseline
528,528,1,2.2.0,2,50,750.000000,1000.000000,0,190.000000,3,1,2,5,25.000000,DCFM-OLSR,0,-1,-1,-1,-1,-1,-1,-1,1,108.372283,0,0|1|2|3,baseline
529,529,1,2.2.0,2,50,750.000000,1000.000000,0,190.000000,3,1,2,5,25.000000,DCFM-OLSR,0,-1,-1,-1,-1,-1,-1,-1,1,91.226903,0,0|1|2|3,baseline
530,530,1,2.2.0,2,50,750.000000,1000.000000,0,190.000000,3,1,2,5,25.000000,DCFM-OLSR,0,-1,-1,-1,-1,-1,-1,-1,1,79.295935,0,0|1|2|3,baseline
532,532,1,2.2.0,2,50,750.000000,1000.000000,0,190.000000,3,1,2,5,25.000000,DCFM-OLSR,0,-1,-1,-1,-1,-1,-1,-1,1,79.206285,0,0|1|2|3,baseline
533,533,1,2.2.0,2,50,750.000000,1000.000000,0,190.000000,3,1,2,5,25.000000,DCFM-OLSR,0,-1,-1,-1,-1,-1,-1,-1,1,75.500315,0,0|1|2|3,baseline
535,535,1,2.2.0,2,50,750.000000,1000.000000,0,190.000000,3,1,2,5,25.000000,DCFM-OLSR,0,-1,-1,-1,-1,-1,-1,-1,1,84.697920,0,0|1|2|3,baseline
536,536,1,2.2.0,2,50,750.000000,1000.000000,0,190.000000,3,1,2,5,25.000000,DCFM-OLSR,0,-1,-1,-1,-1,-1,-1,-1,1,94.231473,0,0|1|2|3,baseline
539,539,1,2.2.0,2,50,750.000000,1000.000000,0,190.000000,3,1,2,5,25.000000,DCFM-OLSR,0,-1,-1,-1,-1,-1,-1,-1,1,87.552805,0,0|1|2|3,baseline
537,537,1,2.2.0,2,50,750.000000,1000.000000,0,190.000000,3,1,2,5,25.000000,DCFM-OLSR,0,-1,-1,-1,-1,-1,-1,-1,1,102.735616,0,0|1|2|3,baseline
542,542,1,2.2.0,2,50,750.000000,1000.000000,0,190.000000,3,1,2,5,25.000000,DCFM-OLSR,0,-1,-1,-1,-1,-1,-1,-1,1,88.279980,0,0|1|2|3,baseline
547,547,1,2.2.0,2,50,750.000000,1000.000000,0,190.000000,3,1,2,5,25.000000,DCFM-OLSR,0,-1,-1,-1,-1,-1,-1,-1,1,91.902878,0,0|1|2|3,baseline
557,557,1,2.2.0,2,50,750.000000,1000.000000,0,190.000000,3,1,2,5,25.000000,DCFM-OLSR,0,-1,-1,-1,-1,-1,-1,-1,1,77.119395,0,0|1|2|3,baseline
553,553,1,2.2.0,2,50,750.000000,1000.000000,0,190.000000,3,1,2,5,25.000000,DCFM-OLSR,0,-1,-1,-1,-1,-1,-1,-1,1,94.922628,0,0|1|2|3,baseline
565,565,1,2.2.0,2,50,750.000000,1000.000000,0,190.000000,3,1,2,5,25.000000,DCFM-OLSR,0,-1,-1,-1,-1,-1,-1,-1,1,82.523136,0,0|1|2|3,baseline
568,568,1,2.2.0,2,50,750.000000,1000.000000,0,190.000000,3,1,2,5,25.000000,DCFM-OLSR,0,-1,-1,-1,-1,-1,-1,-1,1,80.227391,0,0|1|2|3,baseline
573,573,1,2.2.0,2,50,750.000000,1000.000000,0,190.000000,3,1,2,5,25.000000,DCFM-OLSR,0,-1,-1,-1,-1,-1,-1,-1,1,61.650041,0,0|1|2|3,baseline
570,570,1,2.2.0,2,50,750.000000,1000.000000,0,190.000000,3,1,2,5,25.000000,DCFM-OLSR,0,-1,-1,-1,-1,-1,-1,-1,1,81.041640,0,0|1|2|3,baseline
571,571,1,2.2.0,2,50,750.000000,1000.000000,0,190.000000,3,1,2,5,25.000000,DCFM-OLSR,0,-1,-1,-1,-1,-1,-1,-1,1,89.027222,0,0|1|2|3,baseline
575,575,1,2.2.0,2,50,750.000000,1000.000000,0,190.000000,3,1,2,5,25.000000,DCFM-OLSR,0,-1,-1,-1,-1,-1,-1,-1,1,78.509189,0,0|1|2|3,baseline
576,576,1,2.2.0,2,50,750.000000,1000.000000,0,190.000000,3,1,2,5,25.000000,DCFM-OLSR,0,-1,-1,-1,-1,-1,-1,-1,1,84.827064,0,0|1|2|3,baseline
577,577,1,2.2.0,2,50,750.000000,1000.000000,0,190.000000,3,1,2,5,25.000000,DCFM-OLSR,0,-1,-1,-1,-1,-1,-1,-1,1,88.694010,0,0|1|2|3,baseline
579,579,1,2.2.0,2,50,750.000000,1000.000000,0,190.000000,3,1,2,5,25.000000,DCFM-OLSR,0,-1,-1,-1,-1,-1,-1,-1,1,81.593031,0,0|1|2|3,baseline
580,580,1,2.2.0,2,50,750.000000,1000.000000,0,190.000000,3,1,2,5,25.000000,DCFM-OLSR,0,-1,-1,-1,-1,-1,-1,-1,1,103.590915,0,0|1|2|3,baseline
584,584,1,2.2.0,2,50,750.000000,1000.000000,0,190.000000,3,1,2,5,25.000000,DCFM-OLSR,0,-1,-1,-1,-1,-1,-1,-1,1,91.665307,0,0|1|2|3,baseline
583,583,1,2.2.0,2,50,750.000000,1000.000000,0,190.000000,3,1,2,5,25.000000,DCFM-OLSR,0,-1,-1,-1,-1,-1,-1,-1,1,104.715205,0,0|1|2|3,baseline
585,585,1,2.2.0,2,50,750.000000,1000.000000,0,190.000000,3,1,2,5,25.000000,DCFM-OLSR,0,-1,-1,-1,-1,-1,-1,-1,1,89.894016,0,0|1|2|3,baseline
589,589,1,2.2.0,2,50,750.000000,1000.000000,0,190.000000,3,1,2,5,25.000000,DCFM-OLSR,0,-1,-1,-1,-1,-1,-1,-1,1,92.343823,0,0|1|2|3,baseline
592,592,1,2.2.0,2,50,750.000000,1000.000000,0,190.000000,3,1,2,5,25.000000,DCFM-OLSR,0,-1,-1,-1,-1,-1,-1,-1,1,85.384600,0,0|1|2|3,baseline
591,591,1,2.2.0,2,50,750.000000,1000.000000,0,190.000000,3,1,2,5,25.000000,DCFM-OLSR,0,-1,-1,-1,-1,-1,-1,-1,1,106.740908,0,0|1|2|3,baseline
594,594,1,2.2.0,2,50,750.000000,1000.000000,0,190.000000,3,1,2,5,25.000000,DCFM-OLSR,0,-1,-1,-1,-1,-1,-1,-1,1,87.767759,0,0|1|2|3,baseline
596,596,1,2.2.0,2,50,750.000000,1000.000000,0,190.000000,3,1,2,5,25.000000,DCFM-OLSR,0,-1,-1,-1,-1,-1,-1,-1,1,85.457689,0,0|1|2|3,baseline
597,597,1,2.2.0,2,50,750.000000,1000.000000,0,190.000000,3,1,2,5,25.000000,DCFM-OLSR,0,-1,-1,-1,-1,-1,-1,-1,1,89.213629,0,0|1|2|3,baseline
604,604,1,2.2.0,2,50,750.000000,1000.000000,0,190.000000,3,1,2,5,25.000000,DCFM-OLSR,0,-1,-1,-1,-1,-1,-1,-1,1,71.975160,0,0|1|2|3,baseline
603,603,1,2.2.0,2,50,750.000000,1000.000000,0,190.000000,3,1,2,5,25.000000,DCFM-OLSR,0,-1,-1,-1,-1,-1,-1,-1,1,90.614681,0,0|1|2|3,baseline
606,606,1,2.2.0,2,50,750.000000,1000.000000,0,190.000000,3,1,2,5,25.000000,DCFM-OLSR,0,-1,-1,-1,-1,-1,-1,-1,1,71.328140,0,0|1|2|3,baseline
609,609,1,2.2.0,2,50,750.000000,1000.000000,0,190.000000,3,1,2,5,25.000000,DCFM-OLSR,0,-1,-1,-1,-1,-1,-1,-1,1,60.507117,0,0|1|2|3,baseline
611,611,1,2.2.0,2,50,750.000000,1000.000000,0,190.000000,3,1,2,5,25.000000,DCFM-OLSR,0,-1,-1,-1,-1,-1,-1,-1,1,66.075076,0,0|1|2|3,baseline
614,614,1,2.2.0,2,50,750.000000,1000.000000,0,190.000000,3,1,2,5,25.000000,DCFM-OLSR,0,-1,-1,-1,-1,-1,-1,-1,1,77.722751,0,0|1|2|3,baseline
613,613,1,2.2.0,2,50,750.000000,1000.000000,0,190.000000,3,1,2,5,25.000000,DCFM-OLSR,0,-1,-1,-1,-1,-1,-1,-1,1,85.534953,0,0|1|2|3,baseline
616,616,1,2.2.0,2,50,750.000000,1000.000000,0,190.000000,3,1,2,5,25.000000,DCFM-OLSR,0,-1,-1,-1,-1,-1,-1,-1,1,72.237366,0,0|1|2|3,baseline
621,621,1,2.2.0,2,50,750.000000,1000.000000,0,190.000000,3,1,2,5,25.000000,DCFM-OLSR,0,-1,-1,-1,-1,-1,-1,-1,1,70.993067,0,0|1|2|3,baseline
623,623,1,2.2.0,2,50,750.000000,1000.000000,0,190.000000,3,1,2,5,25.000000,DCFM-OLSR,0,-1,-1,-1,-1,-1,-1,-1,1,70.780229,0,0|1|2|3,baseline
619,619,1,2.2.0,2,50,750.000000,1000.000000,0,190.000000,3,1,2,5,25.000000,DCFM-OLSR,0,-1,-1,-1,-1,-1,-1,-1,1,91.884287,0,0|1|2|3,baseline
632,632,1,2.2.0,2,50,750.000000,1000.000000,0,190.000000,3,1,2,5,25.000000,DCFM-OLSR,0,-1,-1,-1,-1,-1,-1,-1,1,76.949562,0,0|1|2|3,baseline
639,639,1,2.2.0,2,50,750.000000,1000.000000,0,190.000000,3,1,2,5,25.000000,DCFM-OLSR,0,-1,-1,-1,-1,-1,-1,-1,1,78.739337,0,0|1|2|3,baseline
641,641,1,2.2.0,2,50,750.000000,1000.000000,0,190.000000,3,1,2,5,25.000000,DCFM-OLSR,0,-1,-1,-1,-1,-1,-1,-1,1,75.312665,0,0|1|2|3,baseline
640,640,1,2.2.0,2,50,750.000000,1000.000000,0,190.000000,3,1,2,5,25.000000,DCFM-OLSR,0,-1,-1,-1,-1,-1,-1,-1,1,79.982848,0,0|1|2|3,baseline
642,642,1,2.2.0,2,50,750.000000,1000.000000,0,190.000000,3,1,2,5,25.000000,DCFM-OLSR,0,-1,-1,-1,-1,-1,-1,-1,1,76.470926,0,0|1|2|3,baseline
643,643,1,2.2.0,2,50,750.000000,1000.000000,0,190.000000,3,1,2,5,25.000000,DCFM-OLSR,0,-1,-1,-1,-1,-1,-1,-1,1,89.460323,0,0|1|2|3,baseline
646,646,1,2.2.0,2,50,750.000000,1000.000000,0,190.000000,3,1,2,5,25.000000,DCFM-OLSR,0,-1,-1,-1,-1,-1,-1,-1,1,84.124983,0,0|1|2|3,baseline
647,647,1,2.2.0,2,50,750.000000,1000.000000,0,190.000000,3,1,2,5,25.000000,DCFM-OLSR,0,-1,-1,-1,-1,-1,-1,-1,1,80.262035,0,0|1|2|3,baseline
652,652,1,2.2.0,2,50,750.000000,1000.000000,0,190.000000,3,1,2,5,25.000000,DCFM-OLSR,0,-1,-1,-1,-1,-1,-1,-1,1,82.645986,0,0|1|2|3,baseline
660,660,1,2.2.0,2,50,750.000000,1000.000000,0,190.000000,3,1,2,5,25.000000,DCFM-OLSR,0,-1,-1,-1,-1,-1,-1,-1,1,76.944537,0,0|1|2|3,baseline
666,666,1,2.2.0,2,50,750.000000,1000.000000,0,190.000000,3,1,2,5,25.000000,DCFM-OLSR,0,-1,-1,-1,-1,-1,-1,-1,1,67.528881,0,0|1|2|3,baseline
665,665,1,2.2.0,2,50,750.000000,1000.000000,0,190.000000,3,1,2,5,25.000000,DCFM-OLSR,0,-1,-1,-1,-1,-1,-1,-1,1,80.608924,0,0|1|2|3,baseline
658,658,1,2.2.0,2,50,750.000000,1000.000000,0,190.000000,3,1,2,5,25.000000,DCFM-OLSR,0,-1,-1,-1,-1,-1,-1,-1,1,122.060938,0,0|1|2|3,baseline
671,671,1,2.2.0,2,50,750.000000,1000.000000,0,190.000000,3,1,2,5,25.000000,DCFM-OLSR,0,-1,-1,-1,-1,-1,-1,-1,1,86.431505,0,0|1|2|3,baseline
674,674,1,2.2.0,2,50,750.000000,1000.000000,0,190.000000,3,1,2,5,25.000000,DCFM-OLSR,0,-1,-1,-1,-1,-1,-1,-1,1,87.167505,0,0|1|2|3,baseline
676,676,1,2.2.0,2,50,750.000000,1000.000000,0,190.000000,3,1,2,5,25.000000,DCFM-OLSR,0,-1,-1,-1,-1,-1,-1,-1,1,82.733677,0,0|1|2|3,baseline
685,685,1,2.2.0,2,50,750.000000,1000.000000,0,190.000000,3,1,2,5,25.000000,DCFM-OLSR,0,-1,-1,-1,-1,-1,-1,-1,1,76.153460,0,0|1|2|3,baseline
688,688,1,2.2.0,2,50,750.000000,1000.000000,0,190.000000,3,1,2,5,25.000000,DCFM-OLSR,0,-1,-1,-1,-1,-1,-1,-1,1,73.156371,0,0|1|2|3,baseline
691,691,1,2.2.0,2,50,750.000000,1000.000000,0,190.000000,3,1,2,5,25.000000,DCFM-OLSR,0,-1,-1,-1,-1,-1,-1,-1,1,79.451241,0,0|1|2|3,baseline
694,694,1,2.2.0,2,50,750.000000,1000.000000,0,190.000000,3,1,2,5,25.000000,DCFM-OLSR,0,-1,-1,-1,-1,-1,-1,-1,1,70.575081,0,0|1|2|3,baseline
695,695,1,2.2.0,2,50,750.000000,1000.000000,0,190.000000,3,1,2,5,25.000000,DCFM-OLSR,0,-1,-1,-1,-1,-1,-1,-1,1,75.061720,0,0|1|2|3,baseline
701,701,1,2.2.0,2,50,750.000000,1000.000000,0,190.000000,3,1,2,5,25.000000,DCFM-OLSR,0,-1,-1,-1,-1,-1,-1,-1,1,69.840400,0,0|1|2|3,baseline
700,700,1,2.2.0,2,50,750.000000,1000.000000,0,190.000000,3,1,2,5,25.000000,DCFM-OLSR,0,-1,-1,-1,-1,-1,-1,-1,1,76.375210,0,0|1|2|3,baseline
702,702,1,2.2.0,2,50,750.000000,1000.000000,0,190.000000,3,1,2,5,25.000000,DCFM-OLSR,0,-1,-1,-1,-1,-1,-1,-1,1,92.507447,0,0|1|2|3,baseline
703,703,1,2.2.0,2,50,750.000000,1000.000000,0,190.000000,3,1,2,5,25.000000,DCFM-OLSR,0,-1,-1,-1,-1,-1,-1,-1,1,89.372981,0,0|1|2|3,baseline
707,707,1,2.2.0,2,50,750.000000,1000.000000,0,190.000000,3,1,2,5,25.000000,DCFM-OLSR,0,-1,-1,-1,-1,-1,-1,-1,1,78.926724,0,0|1|2|3,baseline
706,706,1,2.2.0,2,50,750.000000,1000.000000,0,190.000000,3,1,2,5,25.000000,DCFM-OLSR,0,-1,-1,-1,-1,-1,-1,-1,1,81.411521,0,0|1|2|3,baseline
705,705,1,2.2.0,2,50,750.000000,1000.000000,0,190.000000,3,1,2,5,25.000000,DCFM-OLSR,0,-1,-1,-1,-1,-1,-1,-1,1,114.677145,0,0|1|2|3,baseline
709,709,1,2.2.0,2,50,750.000000,1000.000000,0,190.000000,3,1,2,5,25.000000,DCFM-OLSR,0,-1,-1,-1,-1,-1,-1,-1,1,90.508888,0,0|1|2|3,baseline
708,708,1,2.2.0,2,50,750.000000,1000.000000,0,190.000000,3,1,2,5,25.000000,DCFM-OLSR,0,-1,-1,-1,-1,-1,-1,-1,1,102.031663,0,0|1|2|3,baseline
710,710,1,2.2.0,2,50,750.000000,1000.000000,0,190.000000,3,1,2,5,25.000000,DCFM-OLSR,0,-1,-1,-1,-1,-1,-1,-1,1,94.586466,0,0|1|2|3,baseline
711,711,1,2.2.0,2,50,750.000000,1000.000000,0,190.000000,3,1,2,5,25.000000,DCFM-OLSR,0,-1,-1,-1,-1,-1,-1,-1,1,89.987689,0,0|1|2|3,baseline
714,714,1,2.2.0,2,50,750.000000,1000.000000,0,190.000000,3,1,2,5,25.000000,DCFM-OLSR,0,-1,-1,-1,-1,-1,-1,-1,1,82.499735,0,0|1|2|3,baseline
722,722,1,2.2.0,2,50,750.000000,1000.000000,0,190.000000,3,1,2,5,25.000000,DCFM-OLSR,0,-1,-1,-1,-1,-1,-1,-1,1,77.584270,0,0|1|2|3,baseline
720,720,1,2.2.0,2,50,750.000000,1000.000000,0,190.000000,3,1,2,5,25.000000,DCFM-OLSR,0,-1,-1,-1,-1,-1,-1,-1,1,84.654653,0,0|1|2|3,baseline
721,721,1,2.2.0,2,50,750.000000,1000.000000,0,190.000000,3,1,2,5,25.000000,DCFM-OLSR,0,-1,-1,-1,-1,-1,-1,-1,1,83.349212,0,0|1|2|3,baseline
724,724,1,2.2.0,2,50,750.000000,1000.000000,0,190.000000,3,1,2,5,25.000000,DCFM-OLSR,0,-1,-1,-1,-1,-1,-1,-1,1,100.590153,0,0|1|2|3,baseline
726,726,1,2.2.0,2,50,750.000000,1000.000000,0,190.000000,3,1,2,5,25.000000,DCFM-OLSR,0,-1,-1,-1,-1,-1,-1,-1,1,77.222034,0,0|1|2|3,baseline
728,728,1,2.2.0,2,50,750.000000,1000.000000,0,190.000000,3,1,2,5,25.000000,DCFM-OLSR,0,-1,-1,-1,-1,-1,-1,-1,1,79.116502,0,0|1|2|3,baseline
729,729,1,2.2.0,2,50,750.000000,1000.000000,0,190.000000,3,1,2,5,25.000000,DCFM-OLSR,0,-1,-1,-1,-1,-1,-1,-1,1,80.091032,0,0|1|2|3,baseline
737,737,1,2.2.0,2,50,750.000000,1000.000000,0,190.000000,3,1,2,5,25.000000,DCFM-OLSR,0,-1,-1,-1,-1,-1,-1,-1,1,92.991075,0,0|1|2|3,baseline
743,743,1,2.2.0,2,50,750.000000,1000.000000,0,190.000000,3,1,2,5,25.000000,DCFM-OLSR,0,-1,-1,-1,-1,-1,-1,-1,1,76.327541,0,0|1|2|3,baseline
746,746,1,2.2.0,2,50,750.000000,1000.000000,0,190.000000,3,1,2,5,25.000000,DCFM-OLSR,0,-1,-1,-1,-1,-1,-1,-1,1,79.292470,0,0|1|2|3,baseline
747,747,1,2.2.0,2,50,750.000000,1000.000000,0,190.000000,3,1,2,5,25.000000,DCFM-OLSR,0,-1,-1,-1,-1,-1,-1,-1,1,77.975145,0,0|1|2|3,baseline
750,750,1,2.2.0,2,50,750.000000,1000.000000,0,190.000000,3,1,2,5,25.000000,DCFM-OLSR,0,-1,-1,-1,-1,-1,-1,-1,1,73.754397,0,0|1|2|3,baseline
751,751,1,2.2.0,2,50,750.000000,1000.000000,0,190.000000,3,1,2,5,25.000000,DCFM-OLSR,0,-1,-1,-1,-1,-1,-1,-1,1,72.278523,0,0|1|2|3,baseline
753,753,1,2.2.0,2,50,750.000000,1000.000000,0,190.000000,3,1,2,5,25.000000,DCFM-OLSR,0,-1,-1,-1,-1,-1,-1,-1,1,68.131019,0,0|1|2|3,baseline
755,755,1,2.2.0,2,50,750.000000,1000.000000,0,190.000000,3,1,2,5,25.000000,DCFM-OLSR,0,-1,-1,-1,-1,-1,-1,-1,1,69.691824,0,0|1|2|3,baseline
761,761,1,2.2.0,2,50,750.000000,1000.000000,0,190.000000,3,1,2,5,25.000000,DCFM-OLSR,0,-1,-1,-1,-1,-1,-1,-1,1,69.627293,0,0|1|2|3,baseline
771,771,1,2.2.0,2,50,750.000000,1000.000000,0,190.000000,3,1,2,5,25.000000,DCFM-OLSR,0,-1,-1,-1,-1,-1,-1,-1,1,72.471556,0,0|1|2|3,baseline
775,775,1,2.2.0,2,50,750.000000,1000.000000,0,190.000000,3,1,2,5,25.000000,DCFM-OLSR,0,-1,-1,-1,-1,-1,-1,-1,1,69.928000,0,0|1|2|3,baseline
769,769,1,2.2.0,2,50,750.000000,1000.000000,0,190.000000,3,1,2,5,25.000000,DCFM-OLSR,0,-1,-1,-1,-1,-1,-1,-1,1,82.452971,0,0|1|2|3,baseline
781,781,1,2.2.0,2,50,750.000000,1000.000000,0,190.000000,3,1,2,5,25.000000,DCFM-OLSR,0,-1,-1,-1,-1,-1,-1,-1,1,58.734596,0,0|1|2|3,baseline
783,783,1,2.2.0,2,50,750.000000,1000.000000,0,190.000000,3,1,2,5,25.000000,DCFM-OLSR,0,-1,-1,-1,-1,-1,-1,-1,1,73.684522,0,0|1|2|3,baseline
784,784,1,2.2.0,2,50,750.000000,1000.000000,0,190.000000,3,1,2,5,25.000000,DCFM-OLSR,0,-1,-1,-1,-1,-1,-1,-1,1,83.289363,0,0|1|2|3,baseline
787,787,1,2.2.0,2,50,750.000000,1000.000000,0,190.000000,3,1,2,5,25.000000,DCFM-OLSR,0,-1,-1,-1,-1,-1,-1,-1,1,61.763657,0,0|1|2|3,baseline
786,786,1,2.2.0,2,50,750.000000,1000.000000,0,190.000000,3,1,2,5,25.000000,DCFM-OLSR,0,-1,-1,-1,-1,-1,-1,-1,1,78.156631,0,0|1|2|3,baseline
792,792,1,2.2.0,2,50,750.000000,1000.000000,0,190.000000,3,1,2,5,25.000000,DCFM-OLSR,0,-1,-1,-1,-1,-1,-1,-1,1,79.629112,0,0|1|2|3,baseline
795,795,1,2.2.0,2,50,750.000000,1000.000000,0,190.000000,3,1,2,5,25.000000,DCFM-OLSR,0,-1,-1,-1,-1,-1,-1,-1,1,84.714660,0,0|1|2|3,baseline
798,798,1,2.2.0,2,50,750.000000,1000.000000,0,190.000000,3,1,2,5,25.000000,DCFM-OLSR,0,-1,-1,-1,-1,-1,-1,-1,1,79.656036,0,0|1|2|3,baseline
797,797,1,2.2.0,2,50,750.000000,1000.000000,0,190.000000,3,1,2,5,25.000000,DCFM-OLSR,0,-1,-1,-1,-1,-1,-1,-1,1,85.050157,0,0|1|2|3,baseline
799,799,1,2.2.0,2,50,750.000000,1000.000000,0,190.000000,3,1,2,5,25.000000,DCFM-OLSR,0,-1,-1,-1,-1,-1,-1,-1,1,73.318791,0,0|1|2|3,baseline
800,800,1,2.2.0,2,50,750.000000,1000.000000,0,190.000000,3,1,2,5,25.000000,DCFM-OLSR,0,-1,-1,-1,-1,-1,-1,-1,1,73.297524,0,0|1|2|3,baseline
804,804,1,2.2.0,2,50,750.000000,1000.000000,0,190.000000,3,1,2,5,25.000000,DCFM-OLSR,0,-1,-1,-1,-1,-1,-1,-1,1,72.316751,0,0|1|2|3,baseline
805,805,1,2.2.0,2,50,750.000000,1000.000000,0,190.000000,3,1,2,5,25.000000,DCFM-OLSR,0,-1,-1,-1,-1,-1,-1,-1,1,83.436369,0,0|1|2|3,baseline
813,813,1,2.2.0,2,50,750.000000,1000.000000,0,190.000000,3,1,2,5,25.000000,DCFM-OLSR,0,-1,-1,-1,-1,-1,-1,-1,1,67.969106,0,0|1|2|3,baseline
809,809,1,2.2.0,2,50,750.000000,1000.000000,0,190.000000,3,1,2,5,25.000000,DCFM-OLSR,0,-1,-1,-1,-1,-1,-1,-1,1,84.310746,0,0|1|2|3,baseline
815,815,1,2.2.0,2,50,750.000000,1000.000000,0,190.000000,3,1,2,5,25.000000,DCFM-OLSR,0,-1,-1,-1,-1,-1,-1,-1,1,71.925827,0,0|1|2|3,baseline
819,819,1,2.2.0,2,50,750.000000,1000.000000,0,190.000000,3,1,2,5,25.000000,DCFM-OLSR,0,-1,-1,-1,-1,-1,-1,-1,1,72.957492,0,0|1|2|3,baseline
818,818,1,2.2.0,2,50,750.000000,1000.000000,0,190.000000,3,1,2,5,25.000000,DCFM-OLSR,0,-1,-1,-1,-1,-1,-1,-1,1,82.359307,0,0|1|2|3,baseline
827,827,1,2.2.0,2,50,750.000000,1000.000000,0,190.000000,3,1,2,5,25.000000,DCFM-OLSR,0,-1,-1,-1,-1,-1,-1,-1,1,68.766242,0,0|1|2|3,baseline
829,829,1,2.2.0,2,50,750.000000,1000.000000,0,190.000000,3,1,2,5,25.000000,DCFM-OLSR,0,-1,-1,-1,-1,-1,-1,-1,1,65.168359,0,0|1|2|3,baseline
826,826,1,2.2.0,2,50,750.000000,1000.000000,0,190.000000,3,1,2,5,25.000000,DCFM-OLSR,0,-1,-1,-1,-1,-1,-1,-1,1,97.791496,0,0|1|2|3,baseline
828,828,1,2.2.0,2,50,750.000000,1000.000000,0,190.000000,3,1,2,5,25.000000,DCFM-OLSR,0,-1,-1,-1,-1,-1,-1,-1,1,84.199756,0,0|1|2|3,baseline
833,833,1,2.2.0,2,50,750.000000,1000.000000,0,190.000000,3,1,2,5,25.000000,DCFM-OLSR,0,-1,-1,-1,-1,-1,-1,-1,1,70.278258,0,0|1|2|3,baseline
832,832,1,2.2.0,2,50,750.000000,1000.000000,0,190.000000,3,1,2,5,25.000000,DCFM-OLSR,0,-1,-1,-1,-1,-1,-1,-1,1,80.255771,0,0|1|2|3,baseline
835,835,1,2.2.0,2,50,750.000000,1000.000000,0,190.000000,3,1,2,5,25.000000,DCFM-OLSR,0,-1,-1,-1,-1,-1,-1,-1,1,82.753776,0,0|1|2|3,baseline
836,836,1,2.2.0,2,50,750.000000,1000.000000,0,190.000000,3,1,2,5,25.000000,DCFM-OLSR,0,-1,-1,-1,-1,-1,-1,-1,1,78.716004,0,0|1|2|3,baseline
837,837,1,2.2.0,2,50,750.000000,1000.000000,0,190.000000,3,1,2,5,25.000000,DCFM-OLSR,0,-1,-1,-1,-1,-1,-1,-1,1,81.841405,0,0|1|2|3,baseline
842,842,1,2.2.0,2,50,750.000000,1000.000000,0,190.000000,3,1,2,5,25.000000,DCFM-OLSR,0,-1,-1,-1,-1,-1,-1,-1,1,71.206000,0,0|1|2|3,baseline
843,843,1,2.2.0,2,50,750.000000,1000.000000,0,190.000000,3,1,2,5,25.000000,DCFM-OLSR,0,-1,-1,-1,-1,-1,-1,-1,1,71.921513,0,0|1|2|3,baseline
841,841,1,2.2.0,2,50,750.000000,1000.000000,0,190.000000,3,1,2,5,25.000000,DCFM-OLSR,0,-1,-1,-1,-1,-1,-1,-1,1,92.027544,0,0|1|2|3,baseline
847,847,1,2.2.0,2,50,750.000000,1000.000000,0,190.000000,3,1,2,5,25.000000,DCFM-OLSR,0,-1,-1,-1,-1,-1,-1,-1,1,74.309307,0,0|1|2|3,baseline
848,848,1,2.2.0,2,50,750.000000,1000.000000,0,190.000000,3,1,2,5,25.000000,DCFM-OLSR,0,-1,-1,-1,-1,-1,-1,-1,1,70.166539,0,0|1|2|3,baseline
849,849,1,2.2.0,2,50,750.000000,1000.000000,0,190.000000,3,1,2,5,25.000000,DCFM-OLSR,0,-1,-1,-1,-1,-1,-1,-1,1,91.443893,0,0|1|2|3,baseline
857,857,1,2.2.0,2,50,750.000000,1000.000000,0,190.000000,3,1,2,5,25.000000,DCFM-OLSR,0,-1,-1,-1,-1,-1,-1,-1,1,72.069988,0,0|1|2|3,baseline
863,863,1,2.2.0,2,50,750.000000,1000.000000,0,190.000000,3,1,2,5,25.000000,DCFM-OLSR,0,-1,-1,-1,-1,-1,-1,-1,1,66.827543,0,0|1|2|3,baseline
861,861,1,2.2.0,2,50,750.000000,1000.000000,0,190.000000,3,1,2,5,25.000000,DCFM-OLSR,0,-1,-1,-1,-1,-1,-1,-1,1,69.955664,0,0|1|2|3,baseline
865,865,1,2.2.0,2,50,750.000000,1000.000000,0,190.000000,3,1,2,5,25.000000,DCFM-OLSR,0,-1,-1,-1,-1,-1,-1,-1,1,63.122607,0,0|1|2|3,baseline
858,858,1,2.2.0,2,50,750.000000,1000.000000,0,190.000000,3,1,2,5,25.000000,DCFM-OLSR,0,-1,-1,-1,-1,-1,-1,-1,1,85.815882,0,0|1|2|3,baseline
866,866,1,2.2.0,2,50,750.000000,1000.000000,0,190.000000,3,1,2,5,25.000000,DCFM-OLSR,0,-1,-1,-1,-1,-1,-1,-1,1,65.524368,0,0|1|2|3,baseline
867,867,1,2.2.0,2,50,750.000000,1000.000000,0,190.000000,3,1,2,5,25.000000,DCFM-OLSR,0,-1,-1,-1,-1,-1,-1,-1,1,66.899714,0,0|1|2|3,baseline
870,870,1,2.2.0,2,50,750.000000,1000.000000,0,190.000000,3,1,2,5,25.000000,DCFM-OLSR,0,-1,-1,-1,-1,-1,-1,-1,1,74.524344,0,0|1|2|3,baseline
869,869,1,2.2.0,2,50,750.000000,1000.000000,0,190.000000,3,1,2,5,25.000000,DCFM-OLSR,0,-1,-1,-1,-1,-1,-1,-1,1,79.440337,0,0|1|2|3,baseline
872,872,1,2.2.0,2,50,750.000000,1000.000000,0,190.000000,3,1,2,5,25.000000,DCFM-OLSR,0,-1,-1,-1,-1,-1,-1,-1,1,79.438968,0,0|1|2|3,baseline
875,875,1,2.2.0,2,50,750.000000,1000.000000,0,190.000000,3,1,2,5,25.000000,DCFM-OLSR,0,-1,-1,-1,-1,-1,-1,-1,1,91.634819,0,0|1|2|3,baseline
880,880,1,2.2.0,2,50,750.000000,1000.000000,0,190.000000,3,1,2,5,25.000000,DCFM-OLSR,0,-1,-1,-1,-1,-1,-1,-1,1,73.410113,0,0|1|2|3,baseline
881,881,1,2.2.0,2,50,750.000000,1000.000000,0,190.000000,3,1,2,5,25.000000,DCFM-OLSR,0,-1,-1,-1,-1,-1,-1,-1,1,85.832371,0,0|1|2|3,baseline
883,883,1,2.2.0,2,50,750.000000,1000.000000,0,190.000000,3,1,2,5,25.000000,DCFM-OLSR,0,-1,-1,-1,-1,-1,-1,-1,1,70.306360,0,0|1|2|3,baseline
884,884,1,2.2.0,2,50,750.000000,1000.000000,0,190.000000,3,1,2,5,25.000000,DCFM-OLSR,0,-1,-1,-1,-1,-1,-1,-1,1,67.404556,0,0|1|2|3,baseline
887,887,1,2.2.0,2,50,750.000000,1000.000000,0,190.000000,3,1,2,5,25.000000,DCFM-OLSR,0,-1,-1,-1,-1,-1,-1,-1,1,84.290745,0,0|1|2|3,baseline
888,888,1,2.2.0,2,50,750.000000,1000.000000,0,190.000000,3,1,2,5,25.000000,DCFM-OLSR,0,-1,-1,-1,-1,-1,-1,-1,1,82.235736,0,0|1|2|3,baseline
894,894,1,2.2.0,2,50,750.000000,1000.000000,0,190.000000,3,1,2,5,25.000000,DCFM-OLSR,0,-1,-1,-1,-1,-1,-1,-1,1,78.966194,0,0|1|2|3,baseline
891,891,1,2.2.0,2,50,750.000000,1000.000000,0,190.000000,3,1,2,5,25.000000,DCFM-OLSR,0,-1,-1,-1,-1,-1,-1,-1,1,94.588542,0,0|1|2|3,baseline
913,913,1,2.2.0,2,50,750.000000,1000.000000,0,190.000000,3,1,2,5,25.000000,DCFM-OLSR,0,-1,-1,-1,-1,-1,-1,-1,1,69.015320,0,0|1|2|3,baseline
922,922,1,2.2.0,2,50,750.000000,1000.000000,0,190.000000,3,1,2,5,25.000000,DCFM-OLSR,0,-1,-1,-1,-1,-1,-1,-1,1,58.386946,0,0|1|2|3,baseline
916,916,1,2.2.0,2,50,750.000000,1000.000000,0,190.000000,3,1,2,5,25.000000,DCFM-OLSR,0,-1,-1,-1,-1,-1,-1,-1,1,76.998049,0,0|1|2|3,baseline
921,921,1,2.2.0,2,50,750.000000,1000.000000,0,190.000000,3,1,2,5,25.000000,DCFM-OLSR,0,-1,-1,-1,-1,-1,-1,-1,1,69.118745,0,0|1|2|3,baseline
924,924,1,2.2.0,2,50,750.000000,1000.000000,0,190.000000,3,1,2,5,25.000000,DCFM-OLSR,0,-1,-1,-1,-1,-1,-1,-1,1,71.670733,0,0|1|2|3,baseline
926,926,1,2.2.0,2,50,750.000000,1000.000000,0,190.000000,3,1,2,5,25.000000,DCFM-OLSR,0,-1,-1,-1,-1,-1,-1,-1,1,70.183206,0,0|1|2|3,baseline
931,931,1,2.2.0,2,50,750.000000,1000.000000,0,190.000000,3,1,2,5,25.000000,DCFM-OLSR,0,-1,-1,-1,-1,-1,-1,-1,1,76.325235,0,0|1|2|3,baseline
934,934,1,2.2.0,2,50,750.000000,1000.000000,0,190.000000,3,1,2,5,25.000000,DCFM-OLSR,0,-1,-1,-1,-1,-1,-1,-1,1,69.479647,0,0|1|2|3,baseline
936,936,1,2.2.0,2,50,750.000000,1000.000000,0,190.000000,3,1,2,5,25.000000,DCFM-OLSR,0,-1,-1,-1,-1,-1,-1,-1,1,74.227201,0,0|1|2|3,baseline
939,939,1,2.2.0,2,50,750.000000,1000.000000,0,190.000000,3,1,2,5,25.000000,DCFM-OLSR,0,-1,-1,-1,-1,-1,-1,-1,1,71.075614,0,0|1|2|3,baseline
937,937,1,2.2.0,2,50,750.000000,1000.000000,0,190.000000,3,1,2,5,25.000000,DCFM-OLSR,0,-1,-1,-1,-1,-1,-1,-1,1,85.593172,0,0|1|2|3,baseline
943,943,1,2.2.0,2,50,750.000000,1000.000000,0,190.000000,3,1,2,5,25.000000,DCFM-OLSR,0,-1,-1,-1,-1,-1,-1,-1,1,84.952224,0,0|1|2|3,baseline
946,946,1,2.2.0,2,50,750.000000,1000.000000,0,190.000000,3,1,2,5,25.000000,DCFM-OLSR,0,-1,-1,-1,-1,-1,-1,-1,1,77.240847,0,0|1|2|3,baseline
948,948,1,2.2.0,2,50,750.000000,1000.000000,0,190.000000,3,1,2,5,25.000000,DCFM-OLSR,0,-1,-1,-1,-1,-1,-1,-1,1,70.686190,0,0|1|2|3,baseline
947,947,1,2.2.0,2,50,750.000000,1000.000000,0,190.000000,3,1,2,5,25.000000,DCFM-OLSR,0,-1,-1,-1,-1,-1,-1,-1,1,81.518670,0,0|1|2|3,baseline
949,949,1,2.2.0,2,50,750.000000,1000.000000,0,190.000000,3,1,2,5,25.000000,DCFM-OLSR,0,-1,-1,-1,-1,-1,-1,-1,1,76.388136,0,0|1|2|3,baseline
952,952,1,2.2.0,2,50,750.000000,1000.000000,0,190.000000,3,1,2,5,25.000000,DCFM-OLSR,0,-1,-1,-1,-1,-1,-1,-1,1,81.179568,0,0|1|2|3,baseline
954,954,1,2.2.0,2,50,750.000000,1000.000000,0,190.000000,3,1,2,5,25.000000,DCFM-OLSR,0,-1,-1,-1,-1,-1,-1,-1,1,69.459629,0,0|1|2|3,baseline
955,955,1,2.2.0,2,50,750.000000,1000.000000,0,190.000000,3,1,2,5,25.000000,DCFM-OLSR,0,-1,-1,-1,-1,-1,-1,-1,1,77.278627,0,0|1|2|3,baseline
959,959,1,2.2.0,2,50,750.000000,1000.000000,0,190.000000,3,1,2,5,25.000000,DCFM-OLSR,0,-1,-1,-1,-1,-1,-1,-1,1,74.440465,0,0|1|2|3,baseline
960,960,1,2.2.0,2,50,750.000000,1000.000000,0,190.000000,3,1,2,5,25.000000,DCFM-OLSR,0,-1,-1,-1,-1,-1,-1,-1,1,73.686099,0,0|1|2|3,baseline
970,970,1,2.2.0,2,50,750.000000,1000.000000,0,190.000000,3,1,2,5,25.000000,DCFM-OLSR,0,-1,-1,-1,-1,-1,-1,-1,1,74.481870,0,0|1|2|3,baseline
977,977,1,2.2.0,2,50,750.000000,1000.000000,0,190.000000,3,1,2,5,25.000000,DCFM-OLSR,0,-1,-1,-1,-1,-1,-1,-1,1,61.205333,0,0|1|2|3,baseline
969,969,1,2.2.0,2,50,750.000000,1000.000000,0,190.000000,3,1,2,5,25.000000,DCFM-OLSR,0,-1,-1,-1,-1,-1,-1,-1,1,93.742311,0,0|1|2|3,baseline
976,976,1,2.2.0,2,50,750.000000,1000.000000,0,190.000000,3,1,2,5,25.000000,DCFM-OLSR,0,-1,-1,-1,-1,-1,-1,-1,1,78.169696,0,0|1|2|3,baseline
978,978,1,2.2.0,2,50,750.000000,1000.000000,0,190.000000,3,1,2,5,25.000000,DCFM-OLSR,0,-1,-1,-1,-1,-1,-1,-1,1,81.569585,0,0|1|2|3,baseline
983,983,1,2.2.0,2,50,750.000000,1000.000000,0,190.000000,3,1,2,5,25.000000,DCFM-OLSR,0,-1,-1,-1,-1,-1,-1,-1,1,66.824418,0,0|1|2|3,baseline
982,982,1,2.2.0,2,50,750.000000,1000.000000,0,190.000000,3,1,2,5,25.000000,DCFM-OLSR,0,-1,-1,-1,-1,-1,-1,-1,1,77.657013,0,0|1|2|3,baseline
986,986,1,2.2.0,2,50,750.000000,1000.000000,0,190.000000,3,1,2,5,25.000000,DCFM-OLSR,0,-1,-1,-1,-1,-1,-1,-1,1,75.296150,0,0|1|2|3,baseline
987,987,1,2.2.0,2,50,750.000000,1000.000000,0,190.000000,3,1,2,5,25.000000,DCFM-OLSR,0,-1,-1,-1,-1,-1,-1,-1,1,78.611389,0,0|1|2|3,baseline
998,998,1,2.2.0,2,50,750.000000,1000.000000,0,190.000000,3,1,2,5,25.000000,DCFM-OLSR,0,-1,-1,-1,-1,-1,-1,-1,1,69.368691,0,0|1|2|3,baseline
997,997,1,2.2.0,2,50,750.000000,1000.000000,0,190.000000,3,1,2,5,25.000000,DCFM-OLSR,0,-1,-1,-1,-1,-1,-1,-1,1,73.266722,0,0|1|2|3,baseline
992,992,1,2.2.0,2,50,750.000000,1000.000000,0,190.000000,3,1,2,5,25.000000,DCFM-OLSR,0,-1,-1,-1,-1,-1,-1,-1,1,94.463792,0,0|1|2|3,baseline
1006,1006,1,2.2.0,2,50,750.000000,1000.000000,0,190.000000,3,1,2,5,25.000000,DCFM-OLSR,0,-1,-1,-1,-1,-1,-1,-1,1,66.151109,0,0|1|2|3,baseline
1005,1005,1,2.2.0,2,50,750.000000,1000.000000,0,190.000000,3,1,2,5,25.000000,DCFM-OLSR,0,-1,-1,-1,-1,-1,-1,-1,1,86.297776,0,0|1|2|3,baseline
1009,1009,1,2.2.0,2,50,750.000000,1000.000000,0,190.000000,3,1,2,5,25.000000,DCFM-OLSR,0,-1,-1,-1,-1,-1,-1,-1,1,91.182946,0,0|1|2|3,baseline
1015,1015,1,2.2.0,2,50,750.000000,1000.000000,0,190.000000,3,1,2,5,25.000000,DCFM-OLSR,0,-1,-1,-1,-1,-1,-1,-1,1,67.577325,0,0|1|2|3,baseline
1014,1014,1,2.2.0,2,50,750.000000,1000.000000,0,190.000000,3,1,2,5,25.000000,DCFM-OLSR,0,-1,-1,-1,-1,-1,-1,-1,1,93.097334,0,0|1|2|3,baseline
1022,1022,1,2.2.0,2,50,750.000000,1000.000000,0,190.000000,3,1,2,5,25.000000,DCFM-OLSR,0,-1,-1,-1,-1,-1,-1,-1,1,70.711585,0,0|1|2|3,baseline
1028,1028,1,2.2.0,2,50,750.000000,1000.000000,0,190.000000,3,1,2,5,25.000000,DCFM-OLSR,0,-1,-1,-1,-1,-1,-1,-1,1,79.264926,0,0|1|2|3,baseline
1027,1027,1,2.2.0,2,50,750.000000,1000.000000,0,190.000000,3,1,2,5,25.000000,DCFM-OLSR,0,-1,-1,-1,-1,-1,-1,-1,1,91.512508,0,0|1|2|3,baseline
1031,1031,1,2.2.0,2,50,750.000000,1000.000000,0,190.000000,3,1,2,5,25.000000,DCFM-OLSR,0,-1,-1,-1,-1,-1,-1,-1,1,80.627673,0,0|1|2|3,baseline
1034,1034,1,2.2.0,2,50,750.000000,1000.000000,0,190.000000,3,1,2,5,25.000000,DCFM-OLSR,0,-1,-1,-1,-1,-1,-1,-1,1,84.303737,0,0|1|2|3,baseline
1042,1042,1,2.2.0,2,50,750.000000,1000.000000,0,190.000000,3,1,2,5,25.000000,DCFM-OLSR,0,-1,-1,-1,-1,-1,-1,-1,1,68.534227,0,0|1|2|3,baseline
1043,1043,1,2.2.0,2,50,750.000000,1000.000000,0,190.000000,3,1,2,5,25.000000,DCFM-OLSR,0,-1,-1,-1,-1,-1,-1,-1,1,79.136414,0,0|1|2|3,baseline
1045,1045,1,2.2.0,2,50,750.000000,1000.000000,0,190.000000,3,1,2,5,25.000000,DCFM-OLSR,0,-1,-1,-1,-1,-1,-1,-1,1,78.491847,0,0|1|2|3,baseline
1049,1049,1,2.2.0,2,50,750.000000,1000.000000,0,190.000000,3,1,2,5,25.000000,DCFM-OLSR,0,-1,-1,-1,-1,-1,-1,-1,1,66.510469,0,0|1|2|3,baseline
1054,1054,1,2.2.0,2,50,750.000000,1000.000000,0,190.000000,3,1,2,5,25.000000,DCFM-OLSR,0,-1,-1,-1,-1,-1,-1,-1,1,63.045732,0,0|1|2|3,baseline
1055,1055,1,2.2.0,2,50,750.000000,1000.000000,0,190.000000,3,1,2,5,25.000000,DCFM-OLSR,0,-1,-1,-1,-1,-1,-1,-1,1,75.113448,0,0|1|2|3,baseline
1056,1056,1,2.2.0,2,50,750.000000,1000.000000,0,190.000000,3,1,2,5,25.000000,DCFM-OLSR,0,-1,-1,-1,-1,-1,-1,-1,1,80.283301,0,0|1|2|3,baseline
1058,1058,1,2.2.0,2,50,750.000000,1000.000000,0,190.000000,3,1,2,5,25.000000,DCFM-OLSR,0,-1,-1,-1,-1,-1,-1,-1,1,73.728059,0,0|1|2|3,baseline
1063,1063,1,2.2.0,2,50,750.000000,1000.000000,0,190.000000,3,1,2,5,25.000000,DCFM-OLSR,0,-1,-1,-1,-1,-1,-1,-1,1,75.835458,0,0|1|2|3,baseline
1060,1060,1,2.2.0,2,50,750.000000,1000.000000,0,190.000000,3,1,2,5,25.000000,DCFM-OLSR,0,-1,-1,-1,-1,-1,-1,-1,1,84.732006,0,0|1|2|3,baseline
1068,1068,1,2.2.0,2,50,750.000000,1000.000000,0,190.000000,3,1,2,5,25.000000,DCFM-OLSR,0,-1,-1,-1,-1,-1,-1,-1,1,78.105579,0,0|1|2|3,baseline
1072,1072,1,2.2.0,2,50,750.000000,1000.000000,0,190.000000,3,1,2,5,25.000000,DCFM-OLSR,0,-1,-1,-1,-1,-1,-1,-1,1,68.272011,0,0|1|2|3,baseline
1074,1074,1,2.2.0,2,50,750.000000,1000.000000,0,190.000000,3,1,2,5,25.000000,DCFM-OLSR,0,-1,-1,-1,-1,-1,-1,-1,1,65.559279,0,0|1|2|3,baseline
1075,1075,1,2.2.0,2,50,750.000000,1000.000000,0,190.000000,3,1,2,5,25.000000,DCFM-OLSR,0,-1,-1,-1,-1,-1,-1,-1,1,78.267554,0,0|1|2|3,baseline
1079,1079,1,2.2.0,2,50,750.000000,1000.000000,0,190.000000,3,1,2,5,25.000000,DCFM-OLSR,0,-1,-1,-1,-1,-1,-1,-1,1,68.655492,0,0|1|2|3,baseline
1080,1080,1,2.2.0,2,50,750.000000,1000.000000,0,190.000000,3,1,2,5,25.000000,DCFM-OLSR,0,-1,-1,-1,-1,-1,-1,-1,1,80.958731,0,0|1|2|3,baseline
1082,1082,1,2.2.0,2,50,750.000000,1000.000000,0,190.000000,3,1,2,5,25.000000,DCFM-OLSR,0,-1,-1,-1,-1,-1,-1,-1,1,75.911692,0,0|1|2|3,baseline
1084,1084,1,2.2.0,2,50,750.000000,1000.000000,0,190.000000,3,1,2,5,25.000000,DCFM-OLSR,0,-1,-1,-1,-1,-1,-1,-1,1,76.350455,0,0|1|2|3,baseline
1094,1094,1,2.2.0,2,50,750.000000,1000.000000,0,190.000000,3,1,2,5,25.000000,DCFM-OLSR,0,-1,-1,-1,-1,-1,-1,-1,1,69.718473,0,0|1|2|3,baseline
1093,1093,1,2.2.0,2,50,750.000000,1000.000000,0,190.000000,3,1,2,5,25.000000,DCFM-OLSR,0,-1,-1,-1,-1,-1,-1,-1,1,82.351133,0,0|1|2|3,baseline
1100,1100,1,2.2.0,2,50,750.000000,1000.000000,0,190.000000,3,1,2,5,25.000000,DCFM-OLSR,0,-1,-1,-1,-1,-1,-1,-1,1,77.877758,0,0|1|2|3,baseline
1103,1103,1,2.2.0,2,50,750.000000,1000.000000,0,190.000000,3,1,2,5,25.000000,DCFM-OLSR,0,-1,-1,-1,-1,-1,-1,-1,1,76.947132,0,0|1|2|3,baseline
1107,1107,1,2.2.0,2,50,750.000000,1000.000000,0,190.000000,3,1,2,5,25.000000,DCFM-OLSR,0,-1,-1,-1,-1,-1,-1,-1,1,82.728113,0,0|1|2|3,baseline
1110,1110,1,2.2.0,2,50,750.000000,1000.000000,0,190.000000,3,1,2,5,25.000000,DCFM-OLSR,0,-1,-1,-1,-1,-1,-1,-1,1,95.530408,0,0|1|2|3,baseline
1116,1116,1,2.2.0,2,50,750.000000,1000.000000,0,190.000000,3,1,2,5,25.000000,DCFM-OLSR,0,-1,-1,-1,-1,-1,-1,-1,1,78.576700,0,0|1|2|3,baseline
1120,1120,1,2.2.0,2,50,750.000000,1000.000000,0,190.000000,3,1,2,5,25.000000,DCFM-OLSR,0,-1,-1,-1,-1,-1,-1,-1,1,80.090468,0,0|1|2|3,baseline
1119,1119,1,2.2.0,2,50,750.000000,1000.000000,0,190.000000,3,1,2,5,25.000000,DCFM-OLSR,0,-1,-1,-1,-1,-1,-1,-1,1,84.381874,0,0|1|2|3,baseline
1127,1127,1,2.2.0,2,50,750.000000,1000.000000,0,190.000000,3,1,2,5,25.000000,DCFM-OLSR,0,-1,-1,-1,-1,-1,-1,-1,1,96.488420,0,0|1|2|3,baseline
1128,1128,1,2.2.0,2,50,750.000000,1000.000000,0,190.000000,3,1,2,5,25.000000,DCFM-OLSR,0,-1,-1,-1,-1,-1,-1,-1,1,93.617648,0,0|1|2|3,baseline
1129,1129,1,2.2.0,2,50,750.000000,1000.000000,0,190.000000,3,1,2,5,25.000000,DCFM-OLSR,0,-1,-1,-1,-1,-1,-1,-1,1,99.837020,0,0|1|2|3,baseline
1130,1130,1,2.2.0,2,50,750.000000,1000.000000,0,190.000000,3,1,2,5,25.000000,DCFM-OLSR,0,-1,-1,-1,-1,-1,-1,-1,1,96.549477,0,0|1|2|3,baseline
1131,1131,1,2.2.0,2,50,750.000000,1000.000000,0,190.000000,3,1,2,5,25.000000,DCFM-OLSR,0,-1,-1,-1,-1,-1,-1,-1,1,99.989633,0,0|1|2|3,baseline
1133,1133,1,2.2.0,2,50,750.000000,1000.000000,0,190.000000,3,1,2,5,25.000000,DCFM-OLSR,0,-1,-1,-1,-1,-1,-1,-1,1,109.727174,0,0|1|2|3,baseline
1135,1135,1,2.2.0,2,50,750.000000,1000.000000,0,190.000000,3,1,2,5,25.000000,DCFM-OLSR,0,-1,-1,-1,-1,-1,-1,-1,1,100.377569,0,0|1|2|3,baseline
1136,1136,1,2.2.0,2,50,750.000000,1000.000000,0,190.000000,3,1,2,5,25.000000,DCFM-OLSR,0,-1,-1,-1,-1,-1,-1,-1,1,97.905263,0,0|1|2|3,baseline
1143,1143,1,2.2.0,2,50,750.000000,1000.000000,0,190.000000,3,1,2,5,25.000000,DCFM-OLSR,0,-1,-1,-1,-1,-1,-1,-1,1,109.708875,0,0|1|2|3,baseline
1144,1144,1,2.2.0,2,50,750.000000,1000.000000,0,190.000000,3,1,2,5,25.000000,DCFM-OLSR,0,-1,-1,-1,-1,-1,-1,-1,1,105.860376,0,0|1|2|3,baseline
1141,1141,1,2.2.0,2,50,750.000000,1000.000000,0,190.000000,3,1,2,5,25.000000,DCFM-OLSR,0,-1,-1,-1,-1,-1,-1,-1,1,132.986547,0,0|1|2|3,baseline
1145,1145,1,2.2.0,2,50,750.000000,1000.000000,0,190.000000,3,1,2,5,25.000000,DCFM-OLSR,0,-1,-1,-1,-1,-1,-1,-1,1,115.202797,0,0|1|2|3,baseline
1146,1146,1,2.2.0,2,50,750.000000,1000.000000,0,190.000000,3,1,2,5,25.000000,DCFM-OLSR,0,-1,-1,-1,-1,-1,-1,-1,1,135.567664,0,0|1|2|3,baseline
1148,1148,1,2.2.0,2,50,750.000000,1000.000000,0,190.000000,3,1,2,5,25.000000,DCFM-OLSR,0,-1,-1,-1,-1,-1,-1,-1,1,134.474730,0,0|1|2|3,baseline
1149,1149,1,2.2.0,2,50,750.000000,1000.000000,0,190.000000,3,1,2,5,25.000000,DCFM-OLSR,0,-1,-1,-1,-1,-1,-1,-1,1,145.825749,0,0|1|2|3,baseline
1151,1151,1,2.2.0,2,50,750.000000,1000.000000,0,190.000000,3,1,2,5,25.000000,DCFM-OLSR,0,-1,-1,-1,-1,-1,-1,-1,1,129.306037,0,0|1|2|3,baseline
1153,1153,1,2.2.0,2,50,750.000000,1000.000000,0,190.000000,3,1,2,5,25.000000,DCFM-OLSR,0,-1,-1,-1,-1,-1,-1,-1,1,128.143537,0,0|1|2|3,baseline
1154,1154,1,2.2.0,2,50,750.000000,1000.000000,0,190.000000,3,1,2,5,25.000000,DCFM-OLSR,0,-1,-1,-1,-1,-1,-1,-1,1,133.064771,0,0|1|2|3,baseline
1160,1160,1,2.2.0,2,50,750.000000,1000.000000,0,190.000000,3,1,2,5,25.000000,DCFM-OLSR,0,-1,-1,-1,-1,-1,-1,-1,1,91.653274,0,0|1|2|3,baseline
1163,1163,1,2.2.0,2,50,750.000000,1000.000000,0,190.000000,3,1,2,5,25.000000,DCFM-OLSR,0,-1,-1,-1,-1,-1,-1,-1,1,98.903347,0,0|1|2|3,baseline
1162,1162,1,2.2.0,2,50,750.000000,1000.000000,0,190.000000,3,1,2,5,25.000000,DCFM-OLSR,0,-1,-1,-1,-1,-1,-1,-1,1,111.600752,0,0|1|2|3,baseline
1164,1164,1,2.2.0,2,50,750.000000,1000.000000,0,190.000000,3,1,2,5,25.000000,DCFM-OLSR,0,-1,-1,-1,-1,-1,-1,-1,1,108.505267,0,0|1|2|3,baseline
1166,1166,1,2.2.0,2,50,750.000000,1000.000000,0,190.000000,3,1,2,5,25.000000,DCFM-OLSR,0,-1,-1,-1,-1,-1,-1,-1,1,126.131810,0,0|1|2|3,baseline
1170,1170,1,2.2.0,2,50,750.000000,1000.000000,0,190.000000,3,1,2,5,25.000000,DCFM-OLSR,0,-1,-1,-1,-1,-1,-1,-1,1,126.175507,0,0|1|2|3,baseline
1173,1173,1,2.2.0,2,50,750.000000,1000.000000,0,190.000000,3,1,2,5,25.000000,DCFM-OLSR,0,-1,-1,-1,-1,-1,-1,-1,1,119.963674,0,0|1|2|3,baseline
1183,1183,1,2.2.0,2,50,750.000000,1000.000000,0,190.000000,3,1,2,5,25.000000,DCFM-OLSR,0,-1,-1,-1,-1,-1,-1,-1,1,115.487323,0,0|1|2|3,baseline
1180,1180,1,2.2.0,2,50,750.000000,1000.000000,0,190.000000,3,1,2,5,25.000000,DCFM-OLSR,0,-1,-1,-1,-1,-1,-1,-1,1,127.345021,0,0|1|2|3,baseline
1184,1184,1,2.2.0,2,50,750.000000,1000.000000,0,190.000000,3,1,2,5,25.000000,DCFM-OLSR,0,-1,-1,-1,-1,-1,-1,-1,1,134.745022,0,0|1|2|3,baseline
1187,1187,1,2.2.0,2,50,750.000000,1000.000000,0,190.000000,3,1,2,5,25.000000,DCFM-OLSR,0,-1,-1,-1,-1,-1,-1,-1,1,133.993874,0,0|1|2|3,baseline
1191,1191,1,2.2.0,2,50,750.000000,1000.000000,0,190.000000,3,1,2,5,25.000000,DCFM-OLSR,0,-1,-1,-1,-1,-1,-1,-1,1,108.322008,0,0|1|2|3,baseline
1194,1194,1,2.2.0,2,50,750.000000,1000.000000,0,190.000000,3,1,2,5,25.000000,DCFM-OLSR,0,-1,-1,-1,-1,-1,-1,-1,1,130.873684,0,0|1|2|3,baseline
1201,1201,1,2.2.0,2,50,750.000000,1000.000000,0,190.000000,3,1,2,5,25.000000,DCFM-OLSR,0,-1,-1,-1,-1,-1,-1,-1,1,109.277252,0,0|1|2|3,baseline
1204,1204,1,2.2.0,2,50,750.000000,1000.000000,0,190.000000,3,1,2,5,25.000000,DCFM-OLSR,0,-1,-1,-1,-1,-1,-1,-1,1,104.339007,0,0|1|2|3,baseline
1203,1203,1,2.2.0,2,50,750.000000,1000.000000,0,190.000000,3,1,2,5,25.000000,DCFM-OLSR,0,-1,-1,-1,-1,-1,-1,-1,1,117.055188,0,0|1|2|3,baseline
1207,1207,1,2.2.0,2,50,750.000000,1000.000000,0,190.000000,3,1,2,5,25.000000,DCFM-OLSR,0,-1,-1,-1,-1,-1,-1,-1,1,107.454348,0,0|1|2|3,baseline
1208,1208,1,2.2.0,2,50,750.000000,1000.000000,0,190.000000,3,1,2,5,25.000000,DCFM-OLSR,0,-1,-1,-1,-1,-1,-1,-1,1,128.847065,0,0|1|2|3,baseline
1212,1212,1,2.2.0,2,50,750.000000,1000.000000,0,190.000000,3,1,2,5,25.000000,DCFM-OLSR,0,-1,-1,-1,-1,-1,-1,-1,1,116.983096,0,0|1|2|3,baseline
1213,1213,1,2.2.0,2,50,750.000000,1000.000000,0,190.000000,3,1,2,5,25.000000,DCFM-OLSR,0,-1,-1,-1,-1,-1,-1,-1,1,114.683514,0,0|1|2|3,baseline
1216,1216,1,2.2.0,2,50,750.000000,1000.000000,0,190.000000,3,1,2,5,25.000000,DCFM-OLSR,0,-1,-1,-1,-1,-1,-1,-1,1,99.346474,0,0|1|2|3,baseline
1217,1217,1,2.2.0,2,50,750.000000,1000.000000,0,190.000000,3,1,2,5,25.000000,DCFM-OLSR,0,-1,-1,-1,-1,-1,-1,-1,1,111.313580,0,0|1|2|3,baseline
1218,1218,1,2.2.0,2,50,750.000000,1000.000000,0,190.000000,3,1,2,5,25.000000,DCFM-OLSR,0,-1,-1,-1,-1,-1,-1,-1,1,108.343681,0,0|1|2|3,baseline
1220,1220,1,2.2.0,2,50,750.000000,1000.000000,0,190.000000,3,1,2,5,25.000000,DCFM-OLSR,0,-1,-1,-1,-1,-1,-1,-1,1,111.151924,0,0|1|2|3,baseline
1222,1222,1,2.2.0,2,50,750.000000,1000.000000,0,190.000000,3,1,2,5,25.000000,DCFM-OLSR,0,-1,-1,-1,-1,-1,-1,-1,1,101.767178,0,0|1|2|3,baseline
1221,1221,1,2.2.0,2,50,750.000000,1000.000000,0,190.000000,3,1,2,5,25.000000,DCFM-OLSR,0,-1,-1,-1,-1,-1,-1,-1,1,141.423746,0,0|1|2|3,baseline
1225,1225,1,2.2.0,2,50,750.000000,1000.000000,0,190.000000,3,1,2,5,25.000000,DCFM-OLSR,0,-1,-1,-1,-1,-1,-1,-1,1,99.337107,0,0|1|2|3,baseline
1231,1231,1,2.2.0,2,50,750.000000,1000.000000,0,190.000000,3,1,2,5,25.000000,DCFM-OLSR,0,-1,-1,-1,-1,-1,-1,-1,1,85.052428,0,0|1|2|3,baseline
1235,1235,1,2.2.0,2,50,750.000000,1000.000000,0,190.000000,3,1,2,5,25.000000,DCFM-OLSR,0,-1,-1,-1,-1,-1,-1,-1,1,96.067838,0,0|1|2|3,baseline
1233,1233,1,2.2.0,2,50,750.000000,1000.000000,0,190.000000,3,1,2,5,25.000000,DCFM-OLSR,0,-1,-1,-1,-1,-1,-1,-1,1,119.682793,0,0|1|2|3,baseline
1239,1239,1,2.2.0,2,50,750.000000,1000.000000,0,190.000000,3,1,2,5,25.000000,DCFM-OLSR,0,-1,-1,-1,-1,-1,-1,-1,1,92.108786,0,0|1|2|3,baseline
1238,1238,1,2.2.0,2,50,750.000000,1000.000000,0,190.000000,3,1,2,5,25.000000,DCFM-OLSR,0,-1,-1,-1,-1,-1,-1,-1,1,104.429818,0,0|1|2|3,baseline
1240,1240,1,2.2.0,2,50,750.000000,1000.000000,0,190.000000,3,1,2,5,25.000000,DCFM-OLSR,0,-1,-1,-1,-1,-1,-1,-1,1,97.056841,0,0|1|2|3,baseline
1243,1243,1,2.2.0,2,50,750.000000,1000.000000,0,190.000000,3,1,2,5,25.000000,DCFM-OLSR,0,-1,-1,-1,-1,-1,-1,-1,1,101.951854,0,0|1|2|3,baseline
1248,1248,1,2.2.0,2,50,750.000000,1000.000000,0,190.000000,3,1,2,5,25.000000,DCFM-OLSR,0,-1,-1,-1,-1,-1,-1,-1,1,90.437286,0,0|1|2|3,baseline
1250,1250,1,2.2.0,2,50,750.000000,1000.000000,0,190.000000,3,1,2,5,25.000000,DCFM-OLSR,0,-1,-1,-1,-1,-1,-1,-1,1,87.178501,0,0|1|2|3,baseline
1252,1252,1,2.2.0,2,50,750.000000,1000.000000,0,190.000000,3,1,2,5,25.000000,DCFM-OLSR,0,-1,-1,-1,-1,-1,-1,-1,1,93.933798,0,0|1|2|3,baseline
1253,1253,1,2.2.0,2,50,750.000000,1000.000000,0,190.000000,3,1,2,5,25.000000,DCFM-OLSR,0,-1,-1,-1,-1,-1,-1,-1,1,86.197245,0,0|1|2|3,baseline
1256,1256,1,2.2.0,2,50,750.000000,1000.000000,0,190.000000,3,1,2,5,25.000000,DCFM-OLSR,0,-1,-1,-1,-1,-1,-1,-1,1,82.265188,0,0|1|2|3,baseline
1257,1257,1,2.2.0,2,50,750.000000,1000.000000,0,190.000000,3,1,2,5,25.000000,DCFM-OLSR,0,-1,-1,-1,-1,-1,-1,-1,1,85.709610,0,0|1|2|3,baseline
1261,1261,1,2.2.0,2,50,750.000000,1000.000000,0,190.000000,3,1,2,5,25.000000,DCFM-OLSR,0,-1,-1,-1,-1,-1,-1,-1,1,83.687129,0,0|1|2|3,baseline
1263,1263,1,2.2.0,2,50,750.000000,1000.000000,0,190.000000,3,1,2,5,25.000000,DCFM-OLSR,0,-1,-1,-1,-1,-1,-1,-1,1,84.666284,0,0|1|2|3,baseline
1262,1262,1,2.2.0,2,50,750.000000,1000.000000,0,190.000000,3,1,2,5,25.000000,DCFM-OLSR,0,-1,-1,-1,-1,-1,-1,-1,1,95.666329,0,0|1|2|3,baseline
1266,1266,1,2.2.0,2,50,750.000000,1000.000000,0,190.000000,3,1,2,5,25.000000,DCFM-OLSR,0,-1,-1,-1,-1,-1,-1,-1,1,86.142609,0,0|1|2|3,baseline
1271,1271,1,2.2.0,2,50,750.000000,1000.000000,0,190.000000,3,1,2,5,25.000000,DCFM-OLSR,0,-1,-1,-1,-1,-1,-1,-1,1,81.197349,0,0|1|2|3,baseline
1272,1272,1,2.2.0,2,50,750.000000,1000.000000,0,190.000000,3,1,2,5,25.000000,DCFM-OLSR,0,-1,-1,-1,-1,-1,-1,-1,1,84.707622,0,0|1|2|3,baseline
1269,1269,1,2.2.0,2,50,750.000000,1000.000000,0,190.000000,3,1,2,5,25.000000,DCFM-OLSR,0,-1,-1,-1,-1,-1,-1,-1,1,107.686038,0,0|1|2|3,baseline
1281,1281,1,2.2.0,2,50,750.000000,1000.000000,0,190.000000,3,1,2,5,25.000000,DCFM-OLSR,0,-1,-1,-1,-1,-1,-1,-1,1,95.006250,0,0|1|2|3,baseline
1284,1284,1,2.2.0,2,50,750.000000,1000.000000,0,190.000000,3,1,2,5,25.000000,DCFM-OLSR,0,-1,-1,-1,-1,-1,-1,-1,1,87.382355,0,0|1|2|3,baseline
1282,1282,1,2.2.0,2,50,750.000000,1000.000000,0,190.000000,3,1,2,5,25.000000,DCFM-OLSR,0,-1,-1,-1,-1,-1,-1,-1,1,98.065375,0,0|1|2|3,baseline
1287,1287,1,2.2.0,2,50,750.000000,1000.000000,0,190.000000,3,1,2,5,25.000000,DCFM-OLSR,0,-1,-1,-1,-1,-1,-1,-1,1,91.014112,0,0|1|2|3,baseline
1291,1291,1,2.2.0,2,50,750.000000,1000.000000,0,190.000000,3,1,2,5,25.000000,DCFM-OLSR,0,-1,-1,-1,-1,-1,-1,-1,1,86.703276,0,0|1|2|3,baseline
1290,1290,1,2.2.0,2,50,750.000000,1000.000000,0,190.000000,3,1,2,5,25.000000,DCFM-OLSR,0,-1,-1,-1,-1,-1,-1,-1,1,90.520910,0,0|1|2|3,baseline
1313,1313,1,2.2.0,2,50,750.000000,1000.000000,0,190.000000,3,1,2,5,25.000000,DCFM-OLSR,0,-1,-1,-1,-1,-1,-1,-1,1,87.405543,0,0|1|2|3,baseline
1304,1304,1,2.2.0,2,50,750.000000,1000.000000,0,190.000000,3,1,2,5,25.000000,DCFM-OLSR,0,-1,-1,-1,-1,-1,-1,-1,1,117.257636,0,0|1|2|3,baseline
1329,1329,1,2.2.0,2,50,750.000000,1000.000000,0,190.000000,3,1,2,5,25.000000,DCFM-OLSR,0,-1,-1,-1,-1,-1,-1,-1,1,78.674786,0,0|1|2|3,baseline
1333,1333,1,2.2.0,2,50,750.000000,1000.000000,0,190.000000,3,1,2,5,25.000000,DCFM-OLSR,0,-1,-1,-1,-1,-1,-1,-1,1,90.747664,0,0|1|2|3,baseline
1336,1336,1,2.2.0,2,50,750.000000,1000.000000,0,190.000000,3,1,2,5,25.000000,DCFM-OLSR,0,-1,-1,-1,-1,-1,-1,-1,1,87.235033,0,0|1|2|3,baseline
1339,1339,1,2.2.0,2,50,750.000000,1000.000000,0,190.000000,3,1,2,5,25.000000,DCFM-OLSR,0,-1,-1,-1,-1,-1,-1,-1,1,89.171337,0,0|1|2|3,baseline
1351,1351,1,2.2.0,2,50,750.000000,1000.000000,0,190.000000,3,1,2,5,25.000000,DCFM-OLSR,0,-1,-1,-1,-1,-1,-1,-1,1,84.162631,0,0|1|2|3,baseline
1349,1349,1,2.2.0,2,50,750.000000,1000.000000,0,190.000000,3,1,2,5,25.000000,DCFM-OLSR,0,-1,-1,-1,-1,-1,-1,-1,1,88.926447,0,0|1|2|3,baseline
1348,1348,1,2.2.0,2,50,750.000000,1000.000000,0,190.000000,3,1,2,5,25.000000,DCFM-OLSR,0,-1,-1,-1,-1,-1,-1,-1,1,97.368677,0,0|1|2|3,baseline
1350,1350,1,2.2.0,2,50,750.000000,1000.000000,0,190.000000,3,1,2,5,25.000000,DCFM-OLSR,0,-1,-1,-1,-1,-1,-1,-1,1,101.760978,0,0|1|2|3,baseline
1354,1354,1,2.2.0,2,50,750.000000,1000.000000,0,190.000000,3,1,2,5,25.000000,DCFM-OLSR,0,-1,-1,-1,-1,-1,-1,-1,1,79.060093,0,0|1|2|3,baseline
1358,1358,1,2.2.0,2,50,750.000000,1000.000000,0,190.000000,3,1,2,5,25.000000,DCFM-OLSR,0,-1,-1,-1,-1,-1,-1,-1,1,85.672869,0,0|1|2|3,baseline
1353,1353,1,2.2.0,2,50,750.000000,1000.000000,0,190.000000,3,1,2,5,25.000000,DCFM-OLSR,0,-1,-1,-1,-1,-1,-1,-1,1,126.054121,0,0|1|2|3,baseline
1361,1361,1,2.2.0,2,50,750.000000,1000.000000,0,190.000000,3,1,2,5,25.000000,DCFM-OLSR,0,-1,-1,-1,-1,-1,-1,-1,1,91.238602,0,0|1|2|3,baseline
1368,1368,1,2.2.0,2,50,750.000000,1000.000000,0,190.000000,3,1,2,5,25.000000,DCFM-OLSR,0,-1,-1,-1,-1,-1,-1,-1,1,80.877674,0,0|1|2|3,baseline
1364,1364,1,2.2.0,2,50,750.000000,1000.000000,0,190.000000,3,1,2,5,25.000000,DCFM-OLSR,0,-1,-1,-1,-1,-1,-1,-1,1,111.162749,0,0|1|2|3,baseline
1365,1365,1,2.2.0,2,50,750.000000,1000.000000,0,190.000000,3,1,2,5,25.000000,DCFM-OLSR,0,-1,-1,-1,-1,-1,-1,-1,1,111.037182,0,0|1|2|3,baseline
1366,1366,1,2.2.0,2,50,750.000000,1000.000000,0,190.000000,3,1,2,5,25.000000,DCFM-OLSR,0,-1,-1,-1,-1,-1,-1,-1,1,110.067601,0,0|1|2|3,baseline
1370,1370,1,2.2.0,2,50,750.000000,1000.000000,0,190.000000,3,1,2,5,25.000000,DCFM-OLSR,0,-1,-1,-1,-1,-1,-1,-1,1,87.261255,0,0|1|2|3,baseline
1371,1371,1,2.2.0,2,50,750.000000,1000.000000,0,190.000000,3,1,2,5,25.000000,DCFM-OLSR,0,-1,-1,-1,-1,-1,-1,-1,1,114.253533,0,0|1|2|3,baseline
1372,1372,1,2.2.0,2,50,750.000000,1000.000000,0,190.000000,3,1,2,5,25.000000,DCFM-OLSR,0,-1,-1,-1,-1,-1,-1,-1,1,86.209793,0,0|1|2|3,baseline
1379,1379,1,2.2.0,2,50,750.000000,1000.000000,0,190.000000,3,1,2,5,25.000000,DCFM-OLSR,0,-1,-1,-1,-1,-1,-1,-1,1,97.049619,0,0|1|2|3,baseline
1385,1385,1,2.2.0,2,50,750.000000,1000.000000,0,190.000000,3,1,2,5,25.000000,DCFM-OLSR,0,-1,-1,-1,-1,-1,-1,-1,1,87.639552,0,0|1|2|3,baseline
1383,1383,1,2.2.0,2,50,750.000000,1000.000000,0,190.000000,3,1,2,5,25.000000,DCFM-OLSR,0,-1,-1,-1,-1,-1,-1,-1,1,93.383220,0,0|1|2|3,baseline
1384,1384,1,2.2.0,2,50,750.000000,1000.000000,0,190.000000,3,1,2,5,25.000000,DCFM-OLSR,0,-1,-1,-1,-1,-1,-1,-1,1,94.195567,0,0|1|2|3,baseline
1391,1391,1,2.2.0,2,50,750.000000,1000.000000,0,190.000000,3,1,2,5,25.000000,DCFM-OLSR,0,-1,-1,-1,-1,-1,-1,-1,1,89.793067,0,0|1|2|3,baseline
1390,1390,1,2.2.0,2,50,750.000000,1000.000000,0,190.000000,3,1,2,5,25.000000,DCFM-OLSR,0,-1,-1,-1,-1,-1,-1,-1,1,93.768920,0,0|1|2|3,baseline
1394,1394,1,2.2.0,2,50,750.000000,1000.000000,0,190.000000,3,1,2,5,25.000000,DCFM-OLSR,0,-1,-1,-1,-1,-1,-1,-1,1,93.589623,0,0|1|2|3,baseline
1402,1402,1,2.2.0,2,50,750.000000,1000.000000,0,190.000000,3,1,2,5,25.000000,DCFM-OLSR,0,-1,-1,-1,-1,-1,-1,-1,1,83.159301,0,0|1|2|3,baseline
1404,1404,1,2.2.0,2,50,750.000000,1000.000000,0,190.000000,3,1,2,5,25.000000,DCFM-OLSR,0,-1,-1,-1,-1,-1,-1,-1,1,81.226496,0,0|1|2|3,baseline
1410,1410,1,2.2.0,2,50,750.000000,1000.000000,0,190.000000,3,1,2,5,25.000000,DCFM-OLSR,0,-1,-1,-1,-1,-1,-1,-1,1,84.891461,0,0|1|2|3,baseline
1409,1409,1,2.2.0,2,50,750.000000,1000.000000,0,190.000000,3,1,2,5,25.000000,DCFM-OLSR,0,-1,-1,-1,-1,-1,-1,-1,1,90.129573,0,0|1|2|3,baseline
1412,1412,1,2.2.0,2,50,750.000000,1000.000000,0,190.000000,3,1,2,5,25.000000,DCFM-OLSR,0,-1,-1,-1,-1,-1,-1,-1,1,98.467553,0,0|1|2|3,baseline
1415,1415,1,2.2.0,2,50,750.000000,1000.000000,0,190.000000,3,1,2,5,25.000000,DCFM-OLSR,0,-1,-1,-1,-1,-1,-1,-1,1,103.910687,0,0|1|2|3,baseline
1418,1418,1,2.2.0,2,50,750.000000,1000.000000,0,190.000000,3,1,2,5,25.000000,DCFM-OLSR,0,-1,-1,-1,-1,-1,-1,-1,1,96.845431,0,0|1|2|3,baseline
1416,1416,1,2.2.0,2,50,750.000000,1000.000000,0,190.000000,3,1,2,5,25.000000,DCFM-OLSR,0,-1,-1,-1,-1,-1,-1,-1,1,105.305870,0,0|1|2|3,baseline
1421,1421,1,2.2.0,2,50,750.000000,1000.000000,0,190.000000,3,1,2,5,25.000000,DCFM-OLSR,0,-1,-1,-1,-1,-1,-1,-1,1,86.726424,0,0|1|2|3,baseline
1424,1424,1,2.2.0,2,50,750.000000,1000.000000,0,190.000000,3,1,2,5,25.000000,DCFM-OLSR,0,-1,-1,-1,-1,-1,-1,-1,1,97.497133,0,0|1|2|3,baseline
1432,1432,1,2.2.0,2,50,750.000000,1000.000000,0,190.000000,3,1,2,5,25.000000,DCFM-OLSR,0,-1,-1,-1,-1,-1,-1,-1,1,79.649897,0,0|1|2|3,baseline
1430,1430,1,2.2.0,2,50,750.000000,1000.000000,0,190.000000,3,1,2,5,25.000000,DCFM-OLSR,0,-1,-1,-1,-1,-1,-1,-1,1,87.608042,0,0|1|2|3,baseline
1435,1435,1,2.2.0,2,50,750.000000,1000.000000,0,190.000000,3,1,2,5,25.000000,DCFM-OLSR,0,-1,-1,-1,-1,-1,-1,-1,1,73.352182,0,0|1|2|3,baseline
1434,1434,1,2.2.0,2,50,750.000000,1000.000000,0,190.000000,3,1,2,5,25.000000,DCFM-OLSR,0,-1,-1,-1,-1,-1,-1,-1,1,94.333469,0,0|1|2|3,baseline
1439,1439,1,2.2.0,2,50,750.000000,1000.000000,0,190.000000,3,1,2,5,25.000000,DCFM-OLSR,0,-1,-1,-1,-1,-1,-1,-1,1,73.718578,0,0|1|2|3,baseline
1442,1442,1,2.2.0,2,50,750.000000,1000.000000,0,190.000000,3,1,2,5,25.000000,DCFM-OLSR,0,-1,-1,-1,-1,-1,-1,-1,1,91.247193,0,0|1|2|3,baseline
1449,1449,1,2.2.0,2,50,750.000000,1000.000000,0,190.000000,3,1,2,5,25.000000,DCFM-OLSR,0,-1,-1,-1,-1,-1,-1,-1,1,72.274244,0,0|1|2|3,baseline
1446,1446,1,2.2.0,2,50,750.000000,1000.000000,0,190.000000,3,1,2,5,25.000000,DCFM-OLSR,0,-1,-1,-1,-1,-1,-1,-1,1,94.478737,0,0|1|2|3,baseline
1458,1458,1,2.2.0,2,50,750.000000,1000.000000,0,190.000000,3,1,2,5,25.000000,DCFM-OLSR,0,-1,-1,-1,-1,-1,-1,-1,1,74.535542,0,0|1|2|3,baseline
1460,1460,1,2.2.0,2,50,750.000000,1000.000000,0,190.000000,3,1,2,5,25.000000,DCFM-OLSR,0,-1,-1,-1,-1,-1,-1,-1,1,77.563079,0,0|1|2|3,baseline
1464,1464,1,2.2.0,2,50,750.000000,1000.000000,0,190.000000,3,1,2,5,25.000000,DCFM-OLSR,0,-1,-1,-1,-1,-1,-1,-1,1,79.449253,0,0|1|2|3,baseline
1459,1459,1,2.2.0,2,50,750.000000,1000.000000,0,190.000000,3,1,2,5,25.000000,DCFM-OLSR,0,-1,-1,-1,-1,-1,-1,-1,1,107.506338,0,0|1|2|3,baseline
1477,1477,1,2.2.0,2,50,750.000000,1000.000000,0,190.000000,3,1,2,5,25.000000,DCFM-OLSR,0,-1,-1,-1,-1,-1,-1,-1,1,69.299056,0,0|1|2|3,baseline
1475,1475,1,2.2.0,2,50,750.000000,1000.000000,0,190.000000,3,1,2,5,25.000000,DCFM-OLSR,0,-1,-1,-1,-1,-1,-1,-1,1,77.637774,0,0|1|2|3,baseline
1478,1478,1,2.2.0,2,50,750.000000,1000.000000,0,190.000000,3,1,2,5,25.000000,DCFM-OLSR,0,-1,-1,-1,-1,-1,-1,-1,1,79.238540,0,0|1|2|3,baseline
1480,1480,1,2.2.0,2,50,750.000000,1000.000000,0,190.000000,3,1,2,5,25.000000,DCFM-OLSR,0,-1,-1,-1,-1,-1,-1,-1,1,86.023062,0,0|1|2|3,baseline
1483,1483,1,2.2.0,2,50,750.000000,1000.000000,0,190.000000,3,1,2,5,25.000000,DCFM-OLSR,0,-1,-1,-1,-1,-1,-1,-1,1,67.402363,0,0|1|2|3,baseline
1481,1481,1,2.2.0,2,50,750.000000,1000.000000,0,190.000000,3,1,2,5,25.000000,DCFM-OLSR,0,-1,-1,-1,-1,-1,-1,-1,1,99.558063,0,0|1|2|3,baseline
1484,1484,1,2.2.0,2,50,750.000000,1000.000000,0,190.000000,3,1,2,5,25.000000,DCFM-OLSR,0,-1,-1,-1,-1,-1,-1,-1,1,85.612030,0,0|1|2|3,baseline
1490,1490,1,2.2.0,2,50,750.000000,1000.000000,0,190.000000,3,1,2,5,25.000000,DCFM-OLSR,0,-1,-1,-1,-1,-1,-1,-1,1,76.585680,0,0|1|2|3,baseline
1489,1489,1,2.2.0,2,50,750.000000,1000.000000,0,190.000000,3,1,2,5,25.000000,DCFM-OLSR,0,-1,-1,-1,-1,-1,-1,-1,1,77.331606,0,0|1|2|3,baseline
1494,1494,1,2.2.0,2,50,750.000000,1000.000000,0,190.000000,3,1,2,5,25.000000,DCFM-OLSR,0,-1,-1,-1,-1,-1,-1,-1,1,85.190914,0,0|1|2|3,baseline
1497,1497,1,2.2.0,2,50,750.000000,1000.000000,0,190.000000,3,1,2,5,25.000000,DCFM-OLSR,0,-1,-1,-1,-1,-1,-1,-1,1,75.260869,0,0|1|2|3,baseline
1501,1501,1,2.2.0,2,50,750.000000,1000.000000,0,190.000000,3,1,2,5,25.000000,DCFM-OLSR,0,-1,-1,-1,-1,-1,-1,-1,1,80.208578,0,0|1|2|3,baseline
1502,1502,1,2.2.0,2,50,750.000000,1000.000000,0,190.000000,3,1,2,5,25.000000,DCFM-OLSR,0,-1,-1,-1,-1,-1,-1,-1,1,78.196932,0,0|1|2|3,baseline
1503,1503,1,2.2.0,2,50,750.000000,1000.000000,0,190.000000,3,1,2,5,25.000000,DCFM-OLSR,0,-1,-1,-1,-1,-1,-1,-1,1,92.745631,0,0|1|2|3,baseline
1505,1505,1,2.2.0,2,50,750.000000,1000.000000,0,190.000000,3,1,2,5,25.000000,DCFM-OLSR,0,-1,-1,-1,-1,-1,-1,-1,1,83.109495,0,0|1|2|3,baseline
1509,1509,1,2.2.0,2,50,750.000000,1000.000000,0,190.000000,3,1,2,5,25.000000,DCFM-OLSR,0,-1,-1,-1,-1,-1,-1,-1,1,73.683998,0,0|1|2|3,baseline
1514,1514,1,2.2.0,2,50,750.000000,1000.000000,0,190.000000,3,1,2,5,25.000000,DCFM-OLSR,0,-1,-1,-1,-1,-1,-1,-1,1,76.414518,0,0|1|2|3,baseline
1512,1512,1,2.2.0,2,50,750.000000,1000.000000,0,190.000000,3,1,2,5,25.000000,DCFM-OLSR,0,-1,-1,-1,-1,-1,-1,-1,1,97.440797,0,0|1|2|3,baseline
1510,1510,1,2.2.0,2,50,750.000000,1000.000000,0,190.000000,3,1,2,5,25.000000,DCFM-OLSR,0,-1,-1,-1,-1,-1,-1,-1,1,110.431720,0,0|1|2|3,baseline
1517,1517,1,2.2.0,2,50,750.000000,1000.000000,0,190.000000,3,1,2,5,25.000000,DCFM-OLSR,0,-1,-1,-1,-1,-1,-1,-1,1,81.592766,0,0|1|2|3,baseline
1518,1518,1,2.2.0,2,50,750.000000,1000.000000,0,190.000000,3,1,2,5,25.000000,DCFM-OLSR,0,-1,-1,-1,-1,-1,-1,-1,1,107.829039,0,0|1|2|3,baseline
1526,1526,1,2.2.0,2,50,750.000000,1000.000000,0,190.000000,3,1,2,5,25.000000,DCFM-OLSR,0,-1,-1,-1,-1,-1,-1,-1,1,83.036690,0,0|1|2|3,baseline
1531,1531,1,2.2.0,2,50,750.000000,1000.000000,0,190.000000,3,1,2,5,25.000000,DCFM-OLSR,0,-1,-1,-1,-1,-1,-1,-1,1,73.701548,0,0|1|2|3,baseline
1522,1522,1,2.2.0,2,50,750.000000,1000.000000,0,190.000000,3,1,2,5,25.000000,DCFM-OLSR,0,-1,-1,-1,-1,-1,-1,-1,1,121.212939,0,0|1|2|3,baseline
1533,1533,1,2.2.0,2,50,750.000000,1000.000000,0,190.000000,3,1,2,5,25.000000,DCFM-OLSR,0,-1,-1,-1,-1,-1,-1,-1,1,91.447833,0,0|1|2|3,baseline
1537,1537,1,2.2.0,2,50,750.000000,1000.000000,0,190.000000,3,1,2,5,25.000000,DCFM-OLSR,0,-1,-1,-1,-1,-1,-1,-1,1,77.115776,0,0|1|2|3,baseline
1538,1538,1,2.2.0,2,50,750.000000,1000.000000,0,190.000000,3,1,2,5,25.000000,DCFM-OLSR,0,-1,-1,-1,-1,-1,-1,-1,1,98.780627,0,0|1|2|3,baseline
1544,1544,1,2.2.0,2,50,750.000000,1000.000000,0,190.000000,3,1,2,5,25.000000,DCFM-OLSR,0,-1,-1,-1,-1,-1,-1,-1,1,82.552186,0,0|1|2|3,baseline
1549,1549,1,2.2.0,2,50,750.000000,1000.000000,0,190.000000,3,1,2,5,25.000000,DCFM-OLSR,0,-1,-1,-1,-1,-1,-1,-1,1,73.558034,0,0|1|2|3,baseline
1553,1553,1,2.2.0,2,50,750.000000,1000.000000,0,190.000000,3,1,2,5,25.000000,DCFM-OLSR,0,-1,-1,-1,-1,-1,-1,-1,1,80.660147,0,0|1|2|3,baseline
1559,1559,1,2.2.0,2,50,750.000000,1000.000000,0,190.000000,3,1,2,5,25.000000,DCFM-OLSR,0,-1,-1,-1,-1,-1,-1,-1,1,75.420495,0,0|1|2|3,baseline
1555,1555,1,2.2.0,2,50,750.000000,1000.000000,0,190.000000,3,1,2,5,25.000000,DCFM-OLSR,0,-1,-1,-1,-1,-1,-1,-1,1,94.986064,0,0|1|2|3,baseline
1563,1563,1,2.2.0,2,50,750.000000,1000.000000,0,190.000000,3,1,2,5,25.000000,DCFM-OLSR,0,-1,-1,-1,-1,-1,-1,-1,1,70.855887,0,0|1|2|3,baseline
1562,1562,1,2.2.0,2,50,750.000000,1000.000000,0,190.000000,3,1,2,5,25.000000,DCFM-OLSR,0,-1,-1,-1,-1,-1,-1,-1,1,80.506460,0,0|1|2|3,baseline
1565,1565,1,2.2.0,2,50,750.000000,1000.000000,0,190.000000,3,1,2,5,25.000000,DCFM-OLSR,0,-1,-1,-1,-1,-1,-1,-1,1,80.766479,0,0|1|2|3,baseline
1567,1567,1,2.2.0,2,50,750.000000,1000.000000,0,190.000000,3,1,2,5,25.000000,DCFM-OLSR,0,-1,-1,-1,-1,-1,-1,-1,1,79.081602,0,0|1|2|3,baseline
1568,1568,1,2.2.0,2,50,750.000000,1000.000000,0,190.000000,3,1,2,5,25.000000,DCFM-OLSR,0,-1,-1,-1,-1,-1,-1,-1,1,86.870084,0,0|1|2|3,baseline
1571,1571,1,2.2.0,2,50,750.000000,1000.000000,0,190.000000,3,1,2,5,25.000000,DCFM-OLSR,0,-1,-1,-1,-1,-1,-1,-1,1,86.862895,0,0|1|2|3,baseline
1570,1570,1,2.2.0,2,50,750.000000,1000.000000,0,190.000000,3,1,2,5,25.000000,DCFM-OLSR,0,-1,-1,-1,-1,-1,-1,-1,1,91.365273,0,0|1|2|3,baseline
1578,1578,1,2.2.0,2,50,750.000000,1000.000000,0,190.000000,3,1,2,5,25.000000,DCFM-OLSR,0,-1,-1,-1,-1,-1,-1,-1,1,79.209734,0,0|1|2|3,baseline
1580,1580,1,2.2.0,2,50,750.000000,1000.000000,0,190.000000,3,1,2,5,25.000000,DCFM-OLSR,0,-1,-1,-1,-1,-1,-1,-1,1,77.448498,0,0|1|2|3,baseline
1583,1583,1,2.2.0,2,50,750.000000,1000.000000,0,190.000000,3,1,2,5,25.000000,DCFM-OLSR,0,-1,-1,-1,-1,-1,-1,-1,1,76.826600,0,0|1|2|3,baseline
1586,1586,1,2.2.0,2,50,750.000000,1000.000000,0,190.000000,3,1,2,5,25.000000,DCFM-OLSR,0,-1,-1,-1,-1,-1,-1,-1,1,71.873186,0,0|1|2|3,baseline
1590,1590,1,2.2.0,2,50,750.000000,1000.000000,0,190.000000,3,1,2,5,25.000000,DCFM-OLSR,0,-1,-1,-1,-1,-1,-1,-1,1,70.304229,0,0|1|2|3,baseline
1589,1589,1,2.2.0,2,50,750.000000,1000.000000,0,190.000000,3,1,2,5,25.000000,DCFM-OLSR,0,-1,-1,-1,-1,-1,-1,-1,1,76.760029,0,0|1|2|3,baseline
1591,1591,1,2.2.0,2,50,750.000000,1000.000000,0,190.000000,3,1,2,5,25.000000,DCFM-OLSR,0,-1,-1,-1,-1,-1,-1,-1,1,73.650482,0,0|1|2|3,baseline
1599,1599,1,2.2.0,2,50,750.000000,1000.000000,0,190.000000,3,1,2,5,25.000000,DCFM-OLSR,0,-1,-1,-1,-1,-1,-1,-1,1,71.229631,0,0|1|2|3,baseline
1601,1601,1,2.2.0,2,50,750.000000,1000.000000,0,190.000000,3,1,2,5,25.000000,DCFM-OLSR,0,-1,-1,-1,-1,-1,-1,-1,1,75.347104,0,0|1|2|3,baseline
1600,1600,1,2.2.0,2,50,750.000000,1000.000000,0,190.000000,3,1,2,5,25.000000,DCFM-OLSR,0,-1,-1,-1,-1,-1,-1,-1,1,82.121694,0,0|1|2|3,baseline
1595,1595,1,2.2.0,2,50,750.000000,1000.000000,0,190.000000,3,1,2,5,25.000000,DCFM-OLSR,0,-1,-1,-1,-1,-1,-1,-1,1,97.646576,0,0|1|2|3,baseline
1602,1602,1,2.2.0,2,50,750.000000,1000.000000,0,190.000000,3,1,2,5,25.000000,DCFM-OLSR,0,-1,-1,-1,-1,-1,-1,-1,1,89.261842,0,0|1|2|3,baseline
1607,1607,1,2.2.0,2,50,750.000000,1000.000000,0,190.000000,3,1,2,5,25.000000,DCFM-OLSR,0,-1,-1,-1,-1,-1,-1,-1,1,74.490666,0,0|1|2|3,baseline
1612,1612,1,2.2.0,2,50,750.000000,1000.000000,0,190.000000,3,1,2,5,25.000000,DCFM-OLSR,0,-1,-1,-1,-1,-1,-1,-1,1,63.967896,0,0|1|2|3,baseline
1617,1617,1,2.2.0,2,50,750.000000,1000.000000,0,190.000000,3,1,2,5,25.000000,DCFM-OLSR,0,-1,-1,-1,-1,-1,-1,-1,1,69.947470,0,0|1|2|3,baseline
1619,1619,1,2.2.0,2,50,750.000000,1000.000000,0,190.000000,3,1,2,5,25.000000,DCFM-OLSR,0,-1,-1,-1,-1,-1,-1,-1,1,71.277675,0,0|1|2|3,baseline
1616,1616,1,2.2.0,2,50,750.000000,1000.000000,0,190.000000,3,1,2,5,25.000000,DCFM-OLSR,0,-1,-1,-1,-1,-1,-1,-1,1,79.817181,0,0|1|2|3,baseline
1620,1620,1,2.2.0,2,50,750.000000,1000.000000,0,190.000000,3,1,2,5,25.000000,DCFM-OLSR,0,-1,-1,-1,-1,-1,-1,-1,1,75.457694,0,0|1|2|3,baseline
1622,1622,1,2.2.0,2,50,750.000000,1000.000000,0,190.000000,3,1,2,5,25.000000,DCFM-OLSR,0,-1,-1,-1,-1,-1,-1,-1,1,87.920215,0,0|1|2|3,baseline
1621,1621,1,2.2.0,2,50,750.000000,1000.000000,0,190.000000,3,1,2,5,25.000000,DCFM-OLSR,0,-1,-1,-1,-1,-1,-1,-1,1,91.725487,0,0|1|2|3,baseline
1623,1623,1,2.2.0,2,50,750.000000,1000.000000,0,190.000000,3,1,2,5,25.000000,DCFM-OLSR,0,-1,-1,-1,-1,-1,-1,-1,1,82.131651,0,0|1|2|3,baseline
1631,1631,1,2.2.0,2,50,750.000000,1000.000000,0,190.000000,3,1,2,5,25.000000,DCFM-OLSR,0,-1,-1,-1,-1,-1,-1,-1,1,68.130181,0,0|1|2|3,baseline
1626,1626,1,2.2.0,2,50,750.000000,1000.000000,0,190.000000,3,1,2,5,25.000000,DCFM-OLSR,0,-1,-1,-1,-1,-1,-1,-1,1,80.134333,0,0|1|2|3,baseline
1630,1630,1,2.2.0,2,50,750.000000,1000.000000,0,190.000000,3,1,2,5,25.000000,DCFM-OLSR,0,-1,-1,-1,-1,-1,-1,-1,1,71.343488,0,0|1|2|3,baseline
1632,1632,1,2.2.0,2,50,750.000000,1000.000000,0,190.000000,3,1,2,5,25.000000,DCFM-OLSR,0,-1,-1,-1,-1,-1,-1,-1,1,71.280195,0,0|1|2|3,baseline
1634,1634,1,2.2.0,2,50,750.000000,1000.000000,0,190.000000,3,1,2,5,25.000000,DCFM-OLSR,0,-1,-1,-1,-1,-1,-1,-1,1,66.415042,0,0|1|2|3,baseline
1637,1637,1,2.2.0,2,50,750.000000,1000.000000,0,190.000000,3,1,2,5,25.000000,DCFM-OLSR,0,-1,-1,-1,-1,-1,-1,-1,1,68.872429,0,0|1|2|3,baseline
1643,1643,1,2.2.0,2,50,750.000000,1000.000000,0,190.000000,3,1,2,5,25.000000,DCFM-OLSR,0,-1,-1,-1,-1,-1,-1,-1,1,68.915855,0,0|1|2|3,baseline
1642,1642,1,2.2.0,2,50,750.000000,1000.000000,0,190.000000,3,1,2,5,25.000000,DCFM-OLSR,0,-1,-1,-1,-1,-1,-1,-1,1,70.485882,0,0|1|2|3,baseline
1647,1647,1,2.2.0,2,50,750.000000,1000.000000,0,190.000000,3,1,2,5,25.000000,DCFM-OLSR,0,-1,-1,-1,-1,-1,-1,-1,1,61.876646,0,0|1|2|3,baseline
1644,1644,1,2.2.0,2,50,750.000000,1000.000000,0,190.000000,3,1,2,5,25.000000,DCFM-OLSR,0,-1,-1,-1,-1,-1,-1,-1,1,78.233852,0,0|1|2|3,baseline
1645,1645,1,2.2.0,2,50,750.000000,1000.000000,0,190.000000,3,1,2,5,25.000000,DCFM-OLSR,0,-1,-1,-1,-1,-1,-1,-1,1,78.124341,0,0|1|2|3,baseline
1649,1649,1,2.2.0,2,50,750.000000,1000.000000,0,190.000000,3,1,2,5,25.000000,DCFM-OLSR,0,-1,-1,-1,-1,-1,-1,-1,1,78.420482,0,0|1|2|3,baseline
1656,1656,1,2.2.0,2,50,750.000000,1000.000000,0,190.000000,3,1,2,5,25.000000,DCFM-OLSR,0,-1,-1,-1,-1,-1,-1,-1,1,69.161014,0,0|1|2|3,baseline
1655,1655,1,2.2.0,2,50,750.000000,1000.000000,0,190.000000,3,1,2,5,25.000000,DCFM-OLSR,0,-1,-1,-1,-1,-1,-1,-1,1,74.261967,0,0|1|2|3,baseline
1659,1659,1,2.2.0,2,50,750.000000,1000.000000,0,190.000000,3,1,2,5,25.000000,DCFM-OLSR,0,-1,-1,-1,-1,-1,-1,-1,1,69.919495,0,0|1|2|3,baseline
1660,1660,1,2.2.0,2,50,750.000000,1000.000000,0,190.000000,3,1,2,5,25.000000,DCFM-OLSR,0,-1,-1,-1,-1,-1,-1,-1,1,72.606409,0,0|1|2|3,baseline
1658,1658,1,2.2.0,2,50,750.000000,1000.000000,0,190.000000,3,1,2,5,25.000000,DCFM-OLSR,0,-1,-1,-1,-1,-1,-1,-1,1,83.305166,0,0|1|2|3,baseline
1664,1664,1,2.2.0,2,50,750.000000,1000.000000,0,190.000000,3,1,2,5,25.000000,DCFM-OLSR,0,-1,-1,-1,-1,-1,-1,-1,1,86.847171,0,0|1|2|3,baseline
1667,1667,1,2.2.0,2,50,750.000000,1000.000000,0,190.000000,3,1,2,5,25.000000,DCFM-OLSR,0,-1,-1,-1,-1,-1,-1,-1,1,75.080568,0,0|1|2|3,baseline
1669,1669,1,2.2.0,2,50,750.000000,1000.000000,0,190.000000,3,1,2,5,25.000000,DCFM-OLSR,0,-1,-1,-1,-1,-1,-1,-1,1,70.994089,0,0|1|2|3,baseline
1670,1670,1,2.2.0,2,50,750.000000,1000.000000,0,190.000000,3,1,2,5,25.000000,DCFM-OLSR,0,-1,-1,-1,-1,-1,-1,-1,1,72.180200,0,0|1|2|3,baseline
1672,1672,1,2.2.0,2,50,750.000000,1000.000000,0,190.000000,3,1,2,5,25.000000,DCFM-OLSR,0,-1,-1,-1,-1,-1,-1,-1,1,82.925496,0,0|1|2|3,baseline
1676,1676,1,2.2.0,2,50,750.000000,1000.000000,0,190.000000,3,1,2,5,25.000000,DCFM-OLSR,0,-1,-1,-1,-1,-1,-1,-1,1,74.701162,0,0|1|2|3,baseline
1677,1677,1,2.2.0,2,50,750.000000,1000.000000,0,190.000000,3,1,2,5,25.000000,DCFM-OLSR,0,-1,-1,-1,-1,-1,-1,-1,1,71.553737,0,0|1|2|3,baseline
1680,1680,1,2.2.0,2,50,750.000000,1000.000000,0,190.000000,3,1,2,5,25.000000,DCFM-OLSR,0,-1,-1,-1,-1,-1,-1,-1,1,66.354144,0,0|1|2|3,baseline
1681,1681,1,2.2.0,2,50,750.000000,1000.000000,0,190.000000,3,1,2,5,25.000000,DCFM-OLSR,0,-1,-1,-1,-1,-1,-1,-1,1,70.515084,0,0|1|2|3,baseline
1684,1684,1,2.2.0,2,50,750.000000,1000.000000,0,190.000000,3,1,2,5,25.000000,DCFM-OLSR,0,-1,-1,-1,-1,-1,-1,-1,1,69.014954,0,0|1|2|3,baseline
1683,1683,1,2.2.0,2,50,750.000000,1000.000000,0,190.000000,3,1,2,5,25.000000,DCFM-OLSR,0,-1,-1,-1,-1,-1,-1,-1,1,84.651156,0,0|1|2|3,baseline
1687,1687,1,2.2.0,2,50,750.000000,1000.000000,0,190.000000,3,1,2,5,25.000000,DCFM-OLSR,0,-1,-1,-1,-1,-1,-1,-1,1,66.535034,0,0|1|2|3,baseline
1685,1685,1,2.2.0,2,50,750.000000,1000.000000,0,190.000000,3,1,2,5,25.000000,DCFM-OLSR,0,-1,-1,-1,-1,-1,-1,-1,1,73.629157,0,0|1|2|3,baseline
1686,1686,1,2.2.0,2,50,750.000000,1000.000000,0,190.000000,3,1,2,5,25.000000,DCFM-OLSR,0,-1,-1,-1,-1,-1,-1,-1,1,69.756634,0,0|1|2|3,baseline
1690,1690,1,2.2.0,2,50,750.000000,1000.000000,0,190.000000,3,1,2,5,25.000000,DCFM-OLSR,0,-1,-1,-1,-1,-1,-1,-1,1,69.588301,0,0|1|2|3,baseline
1689,1689,1,2.2.0,2,50,750.000000,1000.000000,0,190.000000,3,1,2,5,25.000000,DCFM-OLSR,0,-1,-1,-1,-1,-1,-1,-1,1,83.123030,0,0|1|2|3,baseline
1694,1694,1,2.2.0,2,50,750.000000,1000.000000,0,190.000000,3,1,2,5,25.000000,DCFM-OLSR,0,-1,-1,-1,-1,-1,-1,-1,1,62.112265,0,0|1|2|3,baseline
1693,1693,1,2.2.0,2,50,750.000000,1000.000000,0,190.000000,3,1,2,5,25.000000,DCFM-OLSR,0,-1,-1,-1,-1,-1,-1,-1,1,69.022731,0,0|1|2|3,baseline
1697,1697,1,2.2.0,2,50,750.000000,1000.000000,0,190.000000,3,1,2,5,25.000000,DCFM-OLSR,0,-1,-1,-1,-1,-1,-1,-1,1,79.953543,0,0|1|2|3,baseline
1703,1703,1,2.2.0,2,50,750.000000,1000.000000,0,190.000000,3,1,2,5,25.000000,DCFM-OLSR,0,-1,-1,-1,-1,-1,-1,-1,1,72.274340,0,0|1|2|3,baseline
1706,1706,1,2.2.0,2,50,750.000000,1000.000000,0,190.000000,3,1,2,5,25.000000,DCFM-OLSR,0,-1,-1,-1,-1,-1,-1,-1,1,72.280319,0,0|1|2|3,baseline
1708,1708,1,2.2.0,2,50,750.000000,1000.000000,0,190.000000,3,1,2,5,25.000000,DCFM-OLSR,0,-1,-1,-1,-1,-1,-1,-1,1,67.626521,0,0|1|2|3,baseline
1710,1710,1,2.2.0,2,50,750.000000,1000.000000,0,190.000000,3,1,2,5,25.000000,DCFM-OLSR,0,-1,-1,-1,-1,-1,-1,-1,1,79.956950,0,0|1|2|3,baseline
1714,1714,1,2.2.0,2,50,750.000000,1000.000000,0,190.000000,3,1,2,5,25.000000,DCFM-OLSR,0,-1,-1,-1,-1,-1,-1,-1,1,72.136992,0,0|1|2|3,baseline
1715,1715,1,2.2.0,2,50,750.000000,1000.000000,0,190.000000,3,1,2,5,25.000000,DCFM-OLSR,0,-1,-1,-1,-1,-1,-1,-1,1,80.065630,0,0|1|2|3,baseline
1717,1717,1,2.2.0,2,50,750.000000,1000.000000,0,190.000000,3,1,2,5,25.000000,DCFM-OLSR,0,-1,-1,-1,-1,-1,-1,-1,1,73.490503,0,0|1|2|3,baseline
1719,1719,1,2.2.0,2,50,750.000000,1000.000000,0,190.000000,3,1,2,5,25.000000,DCFM-OLSR,0,-1,-1,-1,-1,-1,-1,-1,1,82.831107,0,0|1|2|3,baseline
1723,1723,1,2.2.0,2,50,750.000000,1000.000000,0,190.000000,3,1,2,5,25.000000,DCFM-OLSR,0,-1,-1,-1,-1,-1,-1,-1,1,78.268937,0,0|1|2|3,baseline
1727,1727,1,2.2.0,2,50,750.000000,1000.000000,0,190.000000,3,1,2,5,25.000000,DCFM-OLSR,0,-1,-1,-1,-1,-1,-1,-1,1,73.695408,0,0|1|2|3,baseline
1733,1733,1,2.2.0,2,50,750.000000,1000.000000,0,190.000000,3,1,2,5,25.000000,DCFM-OLSR,0,-1,-1,-1,-1,-1,-1,-1,1,88.744190,0,0|1|2|3,baseline
1732,1732,1,2.2.0,2,50,750.000000,1000.000000,0,190.000000,3,1,2,5,25.000000,DCFM-OLSR,0,-1,-1,-1,-1,-1,-1,-1,1,93.849857,0,0|1|2|3,baseline
1738,1738,1,2.2.0,2,50,750.000000,1000.000000,0,190.000000,3,1,2,5,25.000000,DCFM-OLSR,0,-1,-1,-1,-1,-1,-1,-1,1,77.404274,0,0|1|2|3,baseline
1745,1745,1,2.2.0,2,50,750.000000,1000.000000,0,190.000000,3,1,2,5,25.000000,DCFM-OLSR,0,-1,-1,-1,-1,-1,-1,-1,1,75.417011,0,0|1|2|3,baseline
1749,1749,1,2.2.0,2,50,750.000000,1000.000000,0,190.000000,3,1,2,5,25.000000,DCFM-OLSR,0,-1,-1,-1,-1,-1,-1,-1,1,66.806060,0,0|1|2|3,baseline
1747,1747,1,2.2.0,2,50,750.000000,1000.000000,0,190.000000,3,1,2,5,25.000000,DCFM-OLSR,0,-1,-1,-1,-1,-1,-1,-1,1,75.793450,0,0|1|2|3,baseline
1753,1753,1,2.2.0,2,50,750.000000,1000.000000,0,190.000000,3,1,2,5,25.000000,DCFM-OLSR,0,-1,-1,-1,-1,-1,-1,-1,1,77.050306,0,0|1|2|3,baseline
1755,1755,1,2.2.0,2,50,750.000000,1000.000000,0,190.000000,3,1,2,5,25.000000,DCFM-OLSR,0,-1,-1,-1,-1,-1,-1,-1,1,76.836266,0,0|1|2|3,baseline
1756,1756,1,2.2.0,2,50,750.000000,1000.000000,0,190.000000,3,1,2,5,25.000000,DCFM-OLSR,0,-1,-1,-1,-1,-1,-1,-1,1,82.366110,0,0|1|2|3,baseline
1759,1759,1,2.2.0,2,50,750.000000,1000.000000,0,190.000000,3,1,2,5,25.000000,DCFM-OLSR,0,-1,-1,-1,-1,-1,-1,-1,1,79.048615,0,0|1|2|3,baseline
1765,1765,1,2.2.0,2,50,750.000000,1000.000000,0,190.000000,3,1,2,5,25.000000,DCFM-OLSR,0,-1,-1,-1,-1,-1,-1,-1,1,66.546842,0,0|1|2|3,baseline
1760,1760,1,2.2.0,2,50,750.000000,1000.000000,0,190.000000,3,1,2,5,25.000000,DCFM-OLSR,0,-1,-1,-1,-1,-1,-1,-1,1,89.650333,0,0|1|2|3,baseline
1772,1772,1,2.2.0,2,50,750.000000,1000.000000,0,190.000000,3,1,2,5,25.000000,DCFM-OLSR,0,-1,-1,-1,-1,-1,-1,-1,1,70.719717,0,0|1|2|3,baseline
1768,1768,1,2.2.0,2,50,750.000000,1000.000000,0,190.000000,3,1,2,5,25.000000,DCFM-OLSR,0,-1,-1,-1,-1,-1,-1,-1,1,96.452136,0,0|1|2|3,baseline
1775,1775,1,2.2.0,2,50,750.000000,1000.000000,0,190.000000,3,1,2,5,25.000000,DCFM-OLSR,0,-1,-1,-1,-1,-1,-1,-1,1,66.277596,0,0|1|2|3,baseline
1774,1774,1,2.2.0,2,50,750.000000,1000.000000,0,190.000000,3,1,2,5,25.000000,DCFM-OLSR,0,-1,-1,-1,-1,-1,-1,-1,1,77.813324,0,0|1|2|3,baseline
1778,1778,1,2.2.0,2,50,750.000000,1000.000000,0,190.000000,3,1,2,5,25.000000,DCFM-OLSR,0,-1,-1,-1,-1,-1,-1,-1,1,76.868909,0,0|1|2|3,baseline
1780,1780,1,2.2.0,2,50,750.000000,1000.000000,0,190.000000,3,1,2,5,25.000000,DCFM-OLSR,0,-1,-1,-1,-1,-1,-1,-1,1,71.571406,0,0|1|2|3,baseline
1781,1781,1,2.2.0,2,50,750.000000,1000.000000,0,190.000000,3,1,2,5,25.000000,DCFM-OLSR,0,-1,-1,-1,-1,-1,-1,-1,1,69.621023,0,0|1|2|3,baseline
1787,1787,1,2.2.0,2,50,750.000000,1000.000000,0,190.000000,3,1,2,5,25.000000,DCFM-OLSR,0,-1,-1,-1,-1,-1,-1,-1,1,68.139172,0,0|1|2|3,baseline
1793,1793,1,2.2.0,2,50,750.000000,1000.000000,0,190.000000,3,1,2,5,25.000000,DCFM-OLSR,0,-1,-1,-1,-1,-1,-1,-1,1,64.205601,0,0|1|2|3,baseline
1790,1790,1,2.2.0,2,50,750.000000,1000.000000,0,190.000000,3,1,2,5,25.000000,DCFM-OLSR,0,-1,-1,-1,-1,-1,-1,-1,1,80.288028,0,0|1|2|3,baseline
1791,1791,1,2.2.0,2,50,750.000000,1000.000000,0,190.000000,3,1,2,5,25.000000,DCFM-OLSR,0,-1,-1,-1,-1,-1,-1,-1,1,82.535048,0,0|1|2|3,baseline
1797,1797,1,2.2.0,2,50,750.000000,1000.000000,0,190.000000,3,1,2,5,25.000000,DCFM-OLSR,0,-1,-1,-1,-1,-1,-1,-1,1,79.039342,0,0|1|2|3,baseline
1804,1804,1,2.2.0,2,50,750.000000,1000.000000,0,190.000000,3,1,2,5,25.000000,DCFM-OLSR,0,-1,-1,-1,-1,-1,-1,-1,1,67.410486,0,0|1|2|3,baseline
1808,1808,1,2.2.0,2,50,750.000000,1000.000000,0,190.000000,3,1,2,5,25.000000,DCFM-OLSR,0,-1,-1,-1,-1,-1,-1,-1,1,67.446710,0,0|1|2|3,baseline
1810,1810,1,2.2.0,2,50,750.000000,1000.000000,0,190.000000,3,1,2,5,25.000000,DCFM-OLSR,0,-1,-1,-1,-1,-1,-1,-1,1,63.175327,0,0|1|2|3,baseline
1809,1809,1,2.2.0,2,50,750.000000,1000.000000,0,190.000000,3,1,2,5,25.000000,DCFM-OLSR,0,-1,-1,-1,-1,-1,-1,-1,1,80.496527,0,0|1|2|3,baseline
1815,1815,1,2.2.0,2,50,750.000000,1000.000000,0,190.000000,3,1,2,5,25.000000,DCFM-OLSR,0,-1,-1,-1,-1,-1,-1,-1,1,73.323594,0,0|1|2|3,baseline
1813,1813,1,2.2.0,2,50,750.000000,1000.000000,0,190.000000,3,1,2,5,25.000000,DCFM-OLSR,0,-1,-1,-1,-1,-1,-1,-1,1,96.052216,0,0|1|2|3,baseline
1822,1822,1,2.2.0,2,50,750.000000,1000.000000,0,190.000000,3,1,2,5,25.000000,DCFM-OLSR,0,-1,-1,-1,-1,-1,-1,-1,1,68.304426,0,0|1|2|3,baseline
1820,1820,1,2.2.0,2,50,750.000000,1000.000000,0,190.000000,3,1,2,5,25.000000,DCFM-OLSR,0,-1,-1,-1,-1,-1,-1,-1,1,78.196443,0,0|1|2|3,baseline
1823,1823,1,2.2.0,2,50,750.000000,1000.000000,0,190.000000,3,1,2,5,25.000000,DCFM-OLSR,0,-1,-1,-1,-1,-1,-1,-1,1,93.841328,0,0|1|2|3,baseline
1825,1825,1,2.2.0,2,50,750.000000,1000.000000,0,190.000000,3,1,2,5,25.000000,DCFM-OLSR,0,-1,-1,-1,-1,-1,-1,-1,1,85.400347,0,0|1|2|3,baseline
1828,1828,1,2.2.0,2,50,750.000000,1000.000000,0,190.000000,3,1,2,5,25.000000,DCFM-OLSR,0,-1,-1,-1,-1,-1,-1,-1,1,73.669617,0,0|1|2|3,baseline
1830,1830,1,2.2.0,2,50,750.000000,1000.000000,0,190.000000,3,1,2,5,25.000000,DCFM-OLSR,0,-1,-1,-1,-1,-1,-1,-1,1,60.800937,0,0|1|2|3,baseline
1829,1829,1,2.2.0,2,50,750.000000,1000.000000,0,190.000000,3,1,2,5,25.000000,DCFM-OLSR,0,-1,-1,-1,-1,-1,-1,-1,1,79.107654,0,0|1|2|3,baseline
1831,1831,1,2.2.0,2,50,750.000000,1000.000000,0,190.000000,3,1,2,5,25.000000,DCFM-OLSR,0,-1,-1,-1,-1,-1,-1,-1,1,77.725041,0,0|1|2|3,baseline
1832,1832,1,2.2.0,2,50,750.000000,1000.000000,0,190.000000,3,1,2,5,25.000000,DCFM-OLSR,0,-1,-1,-1,-1,-1,-1,-1,1,82.460804,0,0|1|2|3,baseline
1834,1834,1,2.2.0,2,50,750.000000,1000.000000,0,190.000000,3,1,2,5,25.000000,DCFM-OLSR,0,-1,-1,-1,-1,-1,-1,-1,1,78.236708,0,0|1|2|3,baseline
1840,1840,1,2.2.0,2,50,750.000000,1000.000000,0,190.000000,3,1,2,5,25.000000,DCFM-OLSR,0,-1,-1,-1,-1,-1,-1,-1,1,89.507893,0,0|1|2|3,baseline
1858,1858,1,2.2.0,2,50,750.000000,1000.000000,0,190.000000,3,1,2,5,25.000000,DCFM-OLSR,0,-1,-1,-1,-1,-1,-1,-1,1,60.710668,0,0|1|2|3,baseline
1849,1849,1,2.2.0,2,50,750.000000,1000.000000,0,190.000000,3,1,2,5,25.000000,DCFM-OLSR,0,-1,-1,-1,-1,-1,-1,-1,1,97.140693,0,0|1|2|3,baseline
1860,1860,1,2.2.0,2,50,750.000000,1000.000000,0,190.000000,3,1,2,5,25.000000,DCFM-OLSR,0,-1,-1,-1,-1,-1,-1,-1,1,79.208264,0,0|1|2|3,baseline
1862,1862,1,2.2.0,2,50,750.000000,1000.000000,0,190.000000,3,1,2,5,25.000000,DCFM-OLSR,0,-1,-1,-1,-1,-1,-1,-1,1,77.817101,0,0|1|2|3,baseline
1863,1863,1,2.2.0,2,50,750.000000,1000.000000,0,190.000000,3,1,2,5,25.000000,DCFM-OLSR,0,-1,-1,-1,-1,-1,-1,-1,1,81.657069,0,0|1|2|3,baseline
1865,1865,1,2.2.0,2,50,750.000000,1000.000000,0,190.000000,3,1,2,5,25.000000,DCFM-OLSR,0,-1,-1,-1,-1,-1,-1,-1,1,82.790574,0,0|1|2|3,baseline
1866,1866,1,2.2.0,2,50,750.000000,1000.000000,0,190.000000,3,1,2,5,25.000000,DCFM-OLSR,0,-1,-1,-1,-1,-1,-1,-1,1,78.427839,0,0|1|2|3,baseline
1868,1868,1,2.2.0,2,50,750.000000,1000.000000,0,190.000000,3,1,2,5,25.000000,DCFM-OLSR,0,-1,-1,-1,-1,-1,-1,-1,1,70.279354,0,0|1|2|3,baseline
1870,1870,1,2.2.0,2,50,750.000000,1000.000000,0,190.000000,3,1,2,5,25.000000,DCFM-OLSR,0,-1,-1,-1,-1,-1,-1,-1,1,63.958628,0,0|1|2|3,baseline
1873,1873,1,2.2.0,2,50,750.000000,1000.000000,0,190.000000,3,1,2,5,25.000000,DCFM-OLSR,0,-1,-1,-1,-1,-1,-1,-1,1,81.980245,0,0|1|2|3,baseline
1874,1874,1,2.2.0,2,50,750.000000,1000.000000,0,190.000000,3,1,2,5,25.000000,DCFM-OLSR,0,-1,-1,-1,-1,-1,-1,-1,1,86.267710,0,0|1|2|3,baseline
1876,1876,1,2.2.0,2,50,750.000000,1000.000000,0,190.000000,3,1,2,5,25.000000,DCFM-OLSR,0,-1,-1,-1,-1,-1,-1,-1,1,95.133346,0,0|1|2|3,baseline
1879,1879,1,2.2.0,2,50,750.000000,1000.000000,0,190.000000,3,1,2,5,25.000000,DCFM-OLSR,0,-1,-1,-1,-1,-1,-1,-1,1,84.989322,0,0|1|2|3,baseline
1884,1884,1,2.2.0,2,50,750.000000,1000.000000,0,190.000000,3,1,2,5,25.000000,DCFM-OLSR,0,-1,-1,-1,-1,-1,-1,-1,1,78.139338,0,0|1|2|3,baseline
1885,1885,1,2.2.0,2,50,750.000000,1000.000000,0,190.000000,3,1,2,5,25.000000,DCFM-OLSR,0,-1,-1,-1,-1,-1,-1,-1,1,75.113120,0,0|1|2|3,baseline
1882,1882,1,2.2.0,2,50,750.000000,1000.000000,0,190.000000,3,1,2,5,25.000000,DCFM-OLSR,0,-1,-1,-1,-1,-1,-1,-1,1,106.888202,0,0|1|2|3,baseline
1886,1886,1,2.2.0,2,50,750.000000,1000.000000,0,190.000000,3,1,2,5,25.000000,DCFM-OLSR,0,-1,-1,-1,-1,-1,-1,-1,1,72.361085,0,0|1|2|3,baseline
1887,1887,1,2.2.0,2,50,750.000000,1000.000000,0,190.000000,3,1,2,5,25.000000,DCFM-OLSR,0,-1,-1,-1,-1,-1,-1,-1,1,102.462719,0,0|1|2|3,baseline
1892,1892,1,2.2.0,2,50,750.000000,1000.000000,0,190.000000,3,1,2,5,25.000000,DCFM-OLSR,0,-1,-1,-1,-1,-1,-1,-1,1,77.727025,0,0|1|2|3,baseline
1893,1893,1,2.2.0,2,50,750.000000,1000.000000,0,190.000000,3,1,2,5,25.000000,DCFM-OLSR,0,-1,-1,-1,-1,-1,-1,-1,1,78.791801,0,0|1|2|3,baseline
1896,1896,1,2.2.0,2,50,750.000000,1000.000000,0,190.000000,3,1,2,5,25.000000,DCFM-OLSR,0,-1,-1,-1,-1,-1,-1,-1,1,83.302116,0,0|1|2|3,baseline
1898,1898,1,2.2.0,2,50,750.000000,1000.000000,0,190.000000,3,1,2,5,25.000000,DCFM-OLSR,0,-1,-1,-1,-1,-1,-1,-1,1,78.673697,0,0|1|2|3,baseline
1899,1899,1,2.2.0,2,50,750.000000,1000.000000,0,190.000000,3,1,2,5,25.000000,DCFM-OLSR,0,-1,-1,-1,-1,-1,-1,-1,1,89.259006,0,0|1|2|3,baseline
1904,1904,1,2.2.0,2,50,750.000000,1000.000000,0,190.000000,3,1,2,5,25.000000,DCFM-OLSR,0,-1,-1,-1,-1,-1,-1,-1,1,94.742099,0,0|1|2|3,baseline
1915,1915,1,2.2.0,2,50,750.000000,1000.000000,0,190.000000,3,1,2,5,25.000000,DCFM-OLSR,0,-1,-1,-1,-1,-1,-1,-1,1,80.259114,0,0|1|2|3,baseline
1911,1911,1,2.2.0,2,50,750.000000,1000.000000,0,190.000000,3,1,2,5,25.000000,DCFM-OLSR,0,-1,-1,-1,-1,-1,-1,-1,1,100.568001,0,0|1|2|3,baseline
1917,1917,1,2.2.0,2,50,750.000000,1000.000000,0,190.000000,3,1,2,5,25.000000,DCFM-OLSR,0,-1,-1,-1,-1,-1,-1,-1,1,85.211858,0,0|1|2|3,baseline
1914,1914,1,2.2.0,2,50,750.000000,1000.000000,0,190.000000,3,1,2,5,25.000000,DCFM-OLSR,0,-1,-1,-1,-1,-1,-1,-1,1,100.330046,0,0|1|2|3,baseline
1913,1913,1,2.2.0,2,50,750.000000,1000.000000,0,190.000000,3,1,2,5,25.000000,DCFM-OLSR,0,-1,-1,-1,-1,-1,-1,-1,1,122.125587,0,0|1|2|3,baseline
1920,1920,1,2.2.0,2,50,750.000000,1000.000000,0,190.000000,3,1,2,5,25.000000,DCFM-OLSR,0,-1,-1,-1,-1,-1,-1,-1,1,87.980558,0,0|1|2|3,baseline
1927,1927,1,2.2.0,2,50,750.000000,1000.000000,0,190.000000,3,1,2,5,25.000000,DCFM-OLSR,0,-1,-1,-1,-1,-1,-1,-1,1,83.006746,0,0|1|2|3,baseline
1931,1931,1,2.2.0,2,50,750.000000,1000.000000,0,190.000000,3,1,2,5,25.000000,DCFM-OLSR,0,-1,-1,-1,-1,-1,-1,-1,1,79.333494,0,0|1|2|3,baseline
1930,1930,1,2.2.0,2,50,750.000000,1000.000000,0,190.000000,3,1,2,5,25.000000,DCFM-OLSR,0,-1,-1,-1,-1,-1,-1,-1,1,89.448707,0,0|1|2|3,baseline
1938,1938,1,2.2.0,2,50,750.000000,1000.000000,0,190.000000,3,1,2,5,25.000000,DCFM-OLSR,0,-1,-1,-1,-1,-1,-1,-1,1,99.342452,0,0|1|2|3,baseline
1939,1939,1,2.2.0,2,50,750.000000,1000.000000,0,190.000000,3,1,2,5,25.000000,DCFM-OLSR,0,-1,-1,-1,-1,-1,-1,-1,1,100.888622,0,0|1|2|3,baseline
1946,1946,1,2.2.0,2,50,750.000000,1000.000000,0,190.000000,3,1,2,5,25.000000,DCFM-OLSR,0,-1,-1,-1,-1,-1,-1,-1,1,85.442037,0,0|1|2|3,baseline
1949,1949,1,2.2.0,2,50,750.000000,1000.000000,0,190.000000,3,1,2,5,25.000000,DCFM-OLSR,0,-1,-1,-1,-1,-1,-1,-1,1,78.824197,0,0|1|2|3,baseline
1953,1953,1,2.2.0,2,50,750.000000,1000.000000,0,190.000000,3,1,2,5,25.000000,DCFM-OLSR,0,-1,-1,-1,-1,-1,-1,-1,1,61.396407,0,0|1|2|3,baseline
1951,1951,1,2.2.0,2,50,750.000000,1000.000000,0,190.000000,3,1,2,5,25.000000,DCFM-OLSR,0,-1,-1,-1,-1,-1,-1,-1,1,85.350513,0,0|1|2|3,baseline
1950,1950,1,2.2.0,2,50,750.000000,1000.000000,0,190.000000,3,1,2,5,25.000000,DCFM-OLSR,0,-1,-1,-1,-1,-1,-1,-1,1,90.945709,0,0|1|2|3,baseline
1955,1955,1,2.2.0,2,50,750.000000,1000.000000,0,190.000000,3,1,2,5,25.000000,DCFM-OLSR,0,-1,-1,-1,-1,-1,-1,-1,1,83.226356,0,0|1|2|3,baseline
1954,1954,1,2.2.0,2,50,750.000000,1000.000000,0,190.000000,3,1,2,5,25.000000,DCFM-OLSR,0,-1,-1,-1,-1,-1,-1,-1,1,117.984794,0,0|1|2|3,baseline
1957,1957,1,2.2.0,2,50,750.000000,1000.000000,0,190.000000,3,1,2,5,25.000000,DCFM-OLSR,0,-1,-1,-1,-1,-1,-1,-1,1,82.593791,0,0|1|2|3,baseline
1956,1956,1,2.2.0,2,50,750.000000,1000.000000,0,190.000000,3,1,2,5,25.000000,DCFM-OLSR,0,-1,-1,-1,-1,-1,-1,-1,1,99.690550,0,0|1|2|3,baseline
1970,1970,1,2.2.0,2,50,750.000000,1000.000000,0,190.000000,3,1,2,5,25.000000,DCFM-OLSR,0,-1,-1,-1,-1,-1,-1,-1,1,77.303804,0,0|1|2|3,baseline
1971,1971,1,2.2.0,2,50,750.000000,1000.000000,0,190.000000,3,1,2,5,25.000000,DCFM-OLSR,0,-1,-1,-1,-1,-1,-1,-1,1,85.175364,0,0|1|2|3,baseline
1972,1972,1,2.2.0,2,50,750.000000,1000.000000,0,190.000000,3,1,2,5,25.000000,DCFM-OLSR,0,-1,-1,-1,-1,-1,-1,-1,1,88.520541,0,0|1|2|3,baseline
1975,1975,1,2.2.0,2,50,750.000000,1000.000000,0,190.000000,3,1,2,5,25.000000,DCFM-OLSR,0,-1,-1,-1,-1,-1,-1,-1,1,94.348900,0,0|1|2|3,baseline
1978,1978,1,2.2.0,2,50,750.000000,1000.000000,0,190.000000,3,1,2,5,25.000000,DCFM-OLSR,0,-1,-1,-1,-1,-1,-1,-1,1,111.862252,0,0|1|2|3,baseline
1980,1980,1,2.2.0,2,50,750.000000,1000.000000,0,190.000000,3,1,2,5,25.000000,DCFM-OLSR,0,-1,-1,-1,-1,-1,-1,-1,1,112.822384,0,0|1|2|3,baseline
1982,1982,1,2.2.0,2,50,750.000000,1000.000000,0,190.000000,3,1,2,5,25.000000,DCFM-OLSR,0,-1,-1,-1,-1,-1,-1,-1,1,115.084871,0,0|1|2|3,baseline
1996,1996,1,2.2.0,2,50,750.000000,1000.000000,0,190.000000,3,1,2,5,25.000000,DCFM-OLSR,0,-1,-1,-1,-1,-1,-1,-1,1,87.006861,0,0|1|2|3,baseline
1994,1994,1,2.2.0,2,50,750.000000,1000.000000,0,190.000000,3,1,2,5,25.000000,DCFM-OLSR,0,-1,-1,-1,-1,-1,-1,-1,1,105.933081,0,0|1|2|3,baseline
1993,1993,1,2.2.0,2,50,750.000000,1000.000000,0,190.000000,3,1,2,5,25.000000,DCFM-OLSR,0,-1,-1,-1,-1,-1,-1,-1,1,110.825821,0,0|1|2|3,baseline
1999,1999,1,2.2.0,2,50,750.000000,1000.000000,0,190.000000,3,1,2,5,25.000000,DCFM-OLSR,0,-1,-1,-1,-1,-1,-1,-1,1,81.790093,0,0|1|2|3,baseline
2011,2011,1,2.2.0,2,50,750.000000,1000.000000,0,190.000000,3,1,2,5,25.000000,DCFM-OLSR,0,-1,-1,-1,-1,-1,-1,-1,1,76.861237,0,0|1|2|3,baseline
2007,2007,1,2.2.0,2,50,750.000000,1000.000000,0,190.000000,3,1,2,5,25.000000,DCFM-OLSR,0,-1,-1,-1,-1,-1,-1,-1,1,93.725155,0,0|1|2|3,baseline
2013,2013,1,2.2.0,2,50,750.000000,1000.000000,0,190.000000,3,1,2,5,25.000000,DCFM-OLSR,0,-1,-1,-1,-1,-1,-1,-1,1,77.032755,0,0|1|2|3,baseline
2016,2016,1,2.2.0,2,50,750.000000,1000.000000,0,190.000000,3,1,2,5,25.000000,DCFM-OLSR,0,-1,-1,-1,-1,-1,-1,-1,1,91.781587,0,0|1|2|3,baseline
2030,2030,1,2.2.0,2,50,750.000000,1000.000000,0,190.000000,3,1,2,5,25.000000,DCFM-OLSR,0,-1,-1,-1,-1,-1,-1,-1,1,95.186343,0,0|1|2|3,baseline
2026,2026,1,2.2.0,2,50,750.000000,1000.000000,0,190.000000,3,1,2,5,25.000000,DCFM-OLSR,0,-1,-1,-1,-1,-1,-1,-1,1,106.091357,0,0|1|2|3,baseline
2035,2035,1,2.2.0,2,50,750.000000,1000.000000,0,190.000000,3,1,2,5,25.000000,DCFM-OLSR,0,-1,-1,-1,-1,-1,-1,-1,1,91.666917,0,0|1|2|3,baseline
2036,2036,1,2.2.0,2,50,750.000000,1000.000000,0,190.000000,3,1,2,5,25.000000,DCFM-OLSR,0,-1,-1,-1,-1,-1,-1,-1,1,95.356198,0,0|1|2|3,baseline
2041,2041,1,2.2.0,2,50,750.000000,1000.000000,0,190.000000,3,1,2,5,25.000000,DCFM-OLSR,0,-1,-1,-1,-1,-1,-1,-1,1,88.121917,0,0|1|2|3,baseline
2043,2043,1,2.2.0,2,50,750.000000,1000.000000,0,190.000000,3,1,2,5,25.000000,DCFM-OLSR,0,-1,-1,-1,-1,-1,-1,-1,1,103.979297,0,0|1|2|3,baseline
2047,2047,1,2.2.0,2,50,750.000000,1000.000000,0,190.000000,3,1,2,5,25.000000,DCFM-OLSR,0,-1,-1,-1,-1,-1,-1,-1,1,89.409655,0,0|1|2|3,baseline
2052,2052,1,2.2.0,2,50,750.000000,1000.000000,0,190.000000,3,1,2,5,25.000000,DCFM-OLSR,0,-1,-1,-1,-1,-1,-1,-1,1,75.550632,0,0|1|2|3,baseline
2051,2051,1,2.2.0,2,50,750.000000,1000.000000,0,190.000000,3,1,2,5,25.000000,DCFM-OLSR,0,-1,-1,-1,-1,-1,-1,-1,1,79.882736,0,0|1|2|3,baseline
2054,2054,1,2.2.0,2,50,750.000000,1000.000000,0,190.000000,3,1,2,5,25.000000,DCFM-OLSR,0,-1,-1,-1,-1,-1,-1,-1,1,87.950970,0,0|1|2|3,baseline
2046,2046,1,2.2.0,2,50,750.000000,1000.000000,0,190.000000,3,1,2,5,25.000000,DCFM-OLSR,0,-1,-1,-1,-1,-1,-1,-1,1,132.049655,0,0|1|2|3,baseline
2058,2058,1,2.2.0,2,50,750.000000,1000.000000,0,190.000000,3,1,2,5,25.000000,DCFM-OLSR,0,-1,-1,-1,-1,-1,-1,-1,1,83.338733,0,0|1|2|3,baseline
2065,2065,1,2.2.0,2,50,750.000000,1000.000000,0,190.000000,3,1,2,5,25.000000,DCFM-OLSR,0,-1,-1,-1,-1,-1,-1,-1,1,71.577241,0,0|1|2|3,baseline
2069,2069,1,2.2.0,2,50,750.000000,1000.000000,0,190.000000,3,1,2,5,25.000000,DCFM-OLSR,0,-1,-1,-1,-1,-1,-1,-1,1,67.112322,0,0|1|2|3,baseline
2064,2064,1,2.2.0,2,50,750.000000,1000.000000,0,190.000000,3,1,2,5,25.000000,DCFM-OLSR,0,-1,-1,-1,-1,-1,-1,-1,1,86.390725,0,0|1|2|3,baseline
2073,2073,1,2.2.0,2,50,750.000000,1000.000000,0,190.000000,3,1,2,5,25.000000,DCFM-OLSR,0,-1,-1,-1,-1,-1,-1,-1,1,78.388003,0,0|1|2|3,baseline
2079,2079,1,2.2.0,2,50,750.000000,1000.000000,0,190.000000,3,1,2,5,25.000000,DCFM-OLSR,0,-1,-1,-1,-1,-1,-1,-1,1,78.469246,0,0|1|2|3,baseline
2080,2080,1,2.2.0,2,50,750.000000,1000.000000,0,190.000000,3,1,2,5,25.000000,DCFM-OLSR,0,-1,-1,-1,-1,-1,-1,-1,1,85.016990,0,0|1|2|3,baseline
2086,2086,1,2.2.0,2,50,750.000000,1000.000000,0,190.000000,3,1,2,5,25.000000,DCFM-OLSR,0,-1,-1,-1,-1,-1,-1,-1,1,80.603700,0,0|1|2|3,baseline
2089,2089,1,2.2.0,2,50,750.000000,1000.000000,0,190.000000,3,1,2,5,25.000000,DCFM-OLSR,0,-1,-1,-1,-1,-1,-1,-1,1,70.277192,0,0|1|2|3,baseline
2087,2087,1,2.2.0,2,50,750.000000,1000.000000,0,190.000000,3,1,2,5,25.000000,DCFM-OLSR,0,-1,-1,-1,-1,-1,-1,-1,1,98.488503,0,0|1|2|3,baseline
2085,2085,1,2.2.0,2,50,750.000000,1000.000000,0,190.000000,3,1,2,5,25.000000,DCFM-OLSR,0,-1,-1,-1,-1,-1,-1,-1,1,102.848787,0,0|1|2|3,baseline
2094,2094,1,2.2.0,2,50,750.000000,1000.000000,0,190.000000,3,1,2,5,25.000000,DCFM-OLSR,0,-1,-1,-1,-1,-1,-1,-1,1,80.593255,0,0|1|2|3,baseline
2092,2092,1,2.2.0,2,50,750.000000,1000.000000,0,190.000000,3,1,2,5,25.000000,DCFM-OLSR,0,-1,-1,-1,-1,-1,-1,-1,1,96.624052,0,0|1|2|3,baseline
2097,2097,1,2.2.0,2,50,750.000000,1000.000000,0,190.000000,3,1,2,5,25.000000,DCFM-OLSR,0,-1,-1,-1,-1,-1,-1,-1,1,86.353320,0,0|1|2|3,baseline
2096,2096,1,2.2.0,2,50,750.000000,1000.000000,0,190.000000,3,1,2,5,25.000000,DCFM-OLSR,0,-1,-1,-1,-1,-1,-1,-1,1,106.807603,0,0|1|2|3,baseline
2098,2098,1,2.2.0,2,50,750.000000,1000.000000,0,190.000000,3,1,2,5,25.000000,DCFM-OLSR,0,-1,-1,-1,-1,-1,-1,-1,1,90.915007,0,0|1|2|3,baseline
2101,2101,1,2.2.0,2,50,750.000000,1000.000000,0,190.000000,3,1,2,5,25.000000,DCFM-OLSR,0,-1,-1,-1,-1,-1,-1,-1,1,94.790234,0,0|1|2|3,baseline
2108,2108,1,2.2.0,2,50,750.000000,1000.000000,0,190.000000,3,1,2,5,25.000000,DCFM-OLSR,0,-1,-1,-1,-1,-1,-1,-1,1,95.442716,0,0|1|2|3,baseline
2109,2109,1,2.2.0,2,50,750.000000,1000.000000,0,190.000000,3,1,2,5,25.000000,DCFM-OLSR,0,-1,-1,-1,-1,-1,-1,-1,1,97.890266,0,0|1|2|3,baseline
2112,2112,1,2.2.0,2,50,750.000000,1000.000000,0,190.000000,3,1,2,5,25.000000,DCFM-OLSR,0,-1,-1,-1,-1,-1,-1,-1,1,95.669543,0,0|1|2|3,baseline
2117,2117,1,2.2.0,2,50,750.000000,1000.000000,0,190.000000,3,1,2,5,25.000000,DCFM-OLSR,0,-1,-1,-1,-1,-1,-1,-1,1,92.306609,0,0|1|2|3,baseline
2116,2116,1,2.2.0,2,50,750.000000,1000.000000,0,190.000000,3,1,2,5,25.000000,DCFM-OLSR,0,-1,-1,-1,-1,-1,-1,-1,1,94.211828,0,0|1|2|3,baseline
2124,2124,1,2.2.0,2,50,750.000000,1000.000000,0,190.000000,3,1,2,5,25.000000,DCFM-OLSR,0,-1,-1,-1,-1,-1,-1,-1,1,77.783568,0,0|1|2|3,baseline
2123,2123,1,2.2.0,2,50,750.000000,1000.000000,0,190.000000,3,1,2,5,25.000000,DCFM-OLSR,0,-1,-1,-1,-1,-1,-1,-1,1,92.705908,0,0|1|2|3,baseline
2127,2127,1,2.2.0,2,50,750.000000,1000.000000,0,190.000000,3,1,2,5,25.000000,DCFM-OLSR,0,-1,-1,-1,-1,-1,-1,-1,1,87.559403,0,0|1|2|3,baseline
2126,2126,1,2.2.0,2,50,750.000000,1000.000000,0,190.000000,3,1,2,5,25.000000,DCFM-OLSR,0,-1,-1,-1,-1,-1,-1,-1,1,98.496041,0,0|1|2|3,baseline
2128,2128,1,2.2.0,2,50,750.000000,1000.000000,0,190.000000,3,1,2,5,25.000000,DCFM-OLSR,0,-1,-1,-1,-1,-1,-1,-1,1,79.051045,0,0|1|2|3,baseline
2129,2129,1,2.2.0,2,50,750.000000,1000.000000,0,190.000000,3,1,2,5,25.000000,DCFM-OLSR,0,-1,-1,-1,-1,-1,-1,-1,1,83.124921,0,0|1|2|3,baseline
2131,2131,1,2.2.0,2,50,750.000000,1000.000000,0,190.000000,3,1,2,5,25.000000,DCFM-OLSR,0,-1,-1,-1,-1,-1,-1,-1,1,78.832153,0,0|1|2|3,baseline
2134,2134,1,2.2.0,2,50,750.000000,1000.000000,0,190.000000,3,1,2,5,25.000000,DCFM-OLSR,0,-1,-1,-1,-1,-1,-1,-1,1,88.172854,0,0|1|2|3,baseline
2136,2136,1,2.2.0,2,50,750.000000,1000.000000,0,190.000000,3,1,2,5,25.000000,DCFM-OLSR,0,-1,-1,-1,-1,-1,-1,-1,1,80.561162,0,0|1|2|3,baseline
2139,2139,1,2.2.0,2,50,750.000000,1000.000000,0,190.000000,3,1,2,5,25.000000,DCFM-OLSR,0,-1,-1,-1,-1,-1,-1,-1,1,75.298225,0,0|1|2|3,baseline
2140,2140,1,2.2.0,2,50,750.000000,1000.000000,0,190.000000,3,1,2,5,25.000000,DCFM-OLSR,0,-1,-1,-1,-1,-1,-1,-1,1,87.794803,0,0|1|2|3,baseline
2141,2141,1,2.2.0,2,50,750.000000,1000.000000,0,190.000000,3,1,2,5,25.000000,DCFM-OLSR,0,-1,-1,-1,-1,-1,-1,-1,1,94.734643,0,0|1|2|3,baseline
2143,2143,1,2.2.0,2,50,750.000000,1000.000000,0,190.000000,3,1,2,5,25.000000,DCFM-OLSR,0,-1,-1,-1,-1,-1,-1,-1,1,96.774556,0,0|1|2|3,baseline
2149,2149,1,2.2.0,2,50,750.000000,1000.000000,0,190.000000,3,1,2,5,25.000000,DCFM-OLSR,0,-1,-1,-1,-1,-1,-1,-1,1,89.012434,0,0|1|2|3,baseline
2154,2154,1,2.2.0,2,50,750.000000,1000.000000,0,190.000000,3,1,2,5,25.000000,DCFM-OLSR,0,-1,-1,-1,-1,-1,-1,-1,1,102.868518,0,0|1|2|3,baseline
2161,2161,1,2.2.0,2,50,750.000000,1000.000000,0,190.000000,3,1,2,5,25.000000,DCFM-OLSR,0,-1,-1,-1,-1,-1,-1,-1,1,80.575533,0,0|1|2|3,baseline
2157,2157,1,2.2.0,2,50,750.000000,1000.000000,0,190.000000,3,1,2,5,25.000000,DCFM-OLSR,0,-1,-1,-1,-1,-1,-1,-1,1,103.900970,0,0|1|2|3,baseline
2162,2162,1,2.2.0,2,50,750.000000,1000.000000,0,190.000000,3,1,2,5,25.000000,DCFM-OLSR,0,-1,-1,-1,-1,-1,-1,-1,1,98.246774,0,0|1|2|3,baseline
2163,2163,1,2.2.0,2,50,750.000000,1000.000000,0,190.000000,3,1,2,5,25.000000,DCFM-OLSR,0,-1,-1,-1,-1,-1,-1,-1,1,99.348066,0,0|1|2|3,baseline
2164,2164,1,2.2.0,2,50,750.000000,1000.000000,0,190.000000,3,1,2,5,25.000000,DCFM-OLSR,0,-1,-1,-1,-1,-1,-1,-1,1,102.174775,0,0|1|2|3,baseline
2165,2165,1,2.2.0,2,50,750.000000,1000.000000,0,190.000000,3,1,2,5,25.000000,DCFM-OLSR,0,-1,-1,-1,-1,-1,-1,-1,1,95.210237,0,0|1|2|3,baseline
2177,2177,1,2.2.0,2,50,750.000000,1000.000000,0,190.000000,3,1,2,5,25.000000,DCFM-OLSR,0,-1,-1,-1,-1,-1,-1,-1,1,81.344044,0,0|1|2|3,baseline
2168,2168,1,2.2.0,2,50,750.000000,1000.000000,0,190.000000,3,1,2,5,25.000000,DCFM-OLSR,0,-1,-1,-1,-1,-1,-1,-1,1,110.347764,0,0|1|2|3,baseline
2186,2186,1,2.2.0,2,50,750.000000,1000.000000,0,190.000000,3,1,2,5,25.000000,DCFM-OLSR,0,-1,-1,-1,-1,-1,-1,-1,1,99.854442,0,0|1|2|3,baseline
2182,2182,1,2.2.0,2,50,750.000000,1000.000000,0,190.000000,3,1,2,5,25.000000,DCFM-OLSR,0,-1,-1,-1,-1,-1,-1,-1,1,120.397397,0,0|1|2|3,baseline
2190,2190,1,2.2.0,2,50,750.000000,1000.000000,0,190.000000,3,1,2,5,25.000000,DCFM-OLSR,0,-1,-1,-1,-1,-1,-1,-1,1,100.098116,0,0|1|2|3,baseline
2194,2194,1,2.2.0,2,50,750.000000,1000.000000,0,190.000000,3,1,2,5,25.000000,DCFM-OLSR,0,-1,-1,-1,-1,-1,-1,-1,1,94.681338,0,0|1|2|3,baseline
2200,2200,1,2.2.0,2,50,750.000000,1000.000000,0,190.000000,3,1,2,5,25.000000,DCFM-OLSR,0,-1,-1,-1,-1,-1,-1,-1,1,85.752669,0,0|1|2|3,baseline
2197,2197,1,2.2.0,2,50,750.000000,1000.000000,0,190.000000,3,1,2,5,25.000000,DCFM-OLSR,0,-1,-1,-1,-1,-1,-1,-1,1,123.974152,0,0|1|2|3,baseline
2205,2205,1,2.2.0,2,50,750.000000,1000.000000,0,190.000000,3,1,2,5,25.000000,DCFM-OLSR,0,-1,-1,-1,-1,-1,-1,-1,1,92.876366,0,0|1|2|3,baseline
2208,2208,1,2.2.0,2,50,750.000000,1000.000000,0,190.000000,3,1,2,5,25.000000,DCFM-OLSR,0,-1,-1,-1,-1,-1,-1,-1,1,83.645362,0,0|1|2|3,baseline
2206,2206,1,2.2.0,2,50,750.000000,1000.000000,0,190.000000,3,1,2,5,25.000000,DCFM-OLSR,0,-1,-1,-1,-1,-1,-1,-1,1,102.678063,0,0|1|2|3,baseline
2211,2211,1,2.2.0,2,50,750.000000,1000.000000,0,190.000000,3,1,2,5,25.000000,DCFM-OLSR,0,-1,-1,-1,-1,-1,-1,-1,1,89.736611,0,0|1|2|3,baseline
2212,2212,1,2.2.0,2,50,750.000000,1000.000000,0,190.000000,3,1,2,5,25.000000,DCFM-OLSR,0,-1,-1,-1,-1,-1,-1,-1,1,91.181190,0,0|1|2|3,baseline
2214,2214,1,2.2.0,2,50,750.000000,1000.000000,0,190.000000,3,1,2,5,25.000000,DCFM-OLSR,0,-1,-1,-1,-1,-1,-1,-1,1,78.784515,0,0|1|2|3,baseline
2215,2215,1,2.2.0,2,50,750.000000,1000.000000,0,190.000000,3,1,2,5,25.000000,DCFM-OLSR,0,-1,-1,-1,-1,-1,-1,-1,1,88.600038,0,0|1|2|3,baseline
2216,2216,1,2.2.0,2,50,750.000000,1000.000000,0,190.000000,3,1,2,5,25.000000,DCFM-OLSR,0,-1,-1,-1,-1,-1,-1,-1,1,76.655970,0,0|1|2|3,baseline
2218,2218,1,2.2.0,2,50,750.000000,1000.000000,0,190.000000,3,1,2,5,25.000000,DCFM-OLSR,0,-1,-1,-1,-1,-1,-1,-1,1,81.834126,0,0|1|2|3,baseline
2220,2220,1,2.2.0,2,50,750.000000,1000.000000,0,190.000000,3,1,2,5,25.000000,DCFM-OLSR,0,-1,-1,-1,-1,-1,-1,-1,1,82.559302,0,0|1|2|3,baseline
2224,2224,1,2.2.0,2,50,750.000000,1000.000000,0,190.000000,3,1,2,5,25.000000,DCFM-OLSR,0,-1,-1,-1,-1,-1,-1,-1,1,91.834986,0,0|1|2|3,baseline
2223,2223,1,2.2.0,2,50,750.000000,1000.000000,0,190.000000,3,1,2,5,25.000000,DCFM-OLSR,0,-1,-1,-1,-1,-1,-1,-1,1,99.835856,0,0|1|2|3,baseline
2230,2230,1,2.2.0,2,50,750.000000,1000.000000,0,190.000000,3,1,2,5,25.000000,DCFM-OLSR,0,-1,-1,-1,-1,-1,-1,-1,1,93.177618,0,0|1|2|3,baseline
2229,2229,1,2.2.0,2,50,750.000000,1000.000000,0,190.000000,3,1,2,5,25.000000,DCFM-OLSR,0,-1,-1,-1,-1,-1,-1,-1,1,103.061056,0,0|1|2|3,baseline
2233,2233,1,2.2.0,2,50,750.000000,1000.000000,0,190.000000,3,1,2,5,25.000000,DCFM-OLSR,0,-1,-1,-1,-1,-1,-1,-1,1,96.496940,0,0|1|2|3,baseline
2234,2234,1,2.2.0,2,50,750.000000,1000.000000,0,190.000000,3,1,2,5,25.000000,DCFM-OLSR,0,-1,-1,-1,-1,-1,-1,-1,1,97.854659,0,0|1|2|3,baseline
2236,2236,1,2.2.0,2,50,750.000000,1000.000000,0,190.000000,3,1,2,5,25.000000,DCFM-OLSR,0,-1,-1,-1,-1,-1,-1,-1,1,88.511940,0,0|1|2|3,baseline
2237,2237,1,2.2.0,2,50,750.000000,1000.000000,0,190.000000,3,1,2,5,25.000000,DCFM-OLSR,0,-1,-1,-1,-1,-1,-1,-1,1,84.491889,0,0|1|2|3,baseline
2248,2248,1,2.2.0,2,50,750.000000,1000.000000,0,190.000000,3,1,2,5,25.000000,DCFM-OLSR,0,-1,-1,-1,-1,-1,-1,-1,1,65.528505,0,0|1|2|3,baseline
2247,2247,1,2.2.0,2,50,750.000000,1000.000000,0,190.000000,3,1,2,5,25.000000,DCFM-OLSR,0,-1,-1,-1,-1,-1,-1,-1,1,75.585416,0,0|1|2|3,baseline
2245,2245,1,2.2.0,2,50,750.000000,1000.000000,0,190.000000,3,1,2,5,25.000000,DCFM-OLSR,0,-1,-1,-1,-1,-1,-1,-1,1,90.820344,0,0|1|2|3,baseline
2250,2250,1,2.2.0,2,50,750.000000,1000.000000,0,190.000000,3,1,2,5,25.000000,DCFM-OLSR,0,-1,-1,-1,-1,-1,-1,-1,1,75.492605,0,0|1|2|3,baseline
2249,2249,1,2.2.0,2,50,750.000000,1000.000000,0,190.000000,3,1,2,5,25.000000,DCFM-OLSR,0,-1,-1,-1,-1,-1,-1,-1,1,84.805792,0,0|1|2|3,baseline
2251,2251,1,2.2.0,2,50,750.000000,1000.000000,0,190.000000,3,1,2,5,25.000000,DCFM-OLSR,0,-1,-1,-1,-1,-1,-1,-1,1,79.290784,0,0|1|2|3,baseline
2256,2256,1,2.2.0,2,50,750.000000,1000.000000,0,190.000000,3,1,2,5,25.000000,DCFM-OLSR,0,-1,-1,-1,-1,-1,-1,-1,1,78.624940,0,0|1|2|3,baseline
2262,2262,1,2.2.0,2,50,750.000000,1000.000000,0,190.000000,3,1,2,5,25.000000,DCFM-OLSR,0,-1,-1,-1,-1,-1,-1,-1,1,74.627823,0,0|1|2|3,baseline
2260,2260,1,2.2.0,2,50,750.000000,1000.000000,0,190.000000,3,1,2,5,25.000000,DCFM-OLSR,0,-1,-1,-1,-1,-1,-1,-1,1,92.095564,0,0|1|2|3,baseline
2267,2267,1,2.2.0,2,50,750.000000,1000.000000,0,190.000000,3,1,2,5,25.000000,DCFM-OLSR,0,-1,-1,-1,-1,-1,-1,-1,1,81.575297,0,0|1|2|3,baseline
2270,2270,1,2.2.0,2,50,750.000000,1000.000000,0,190.000000,3,1,2,5,25.000000,DCFM-OLSR,0,-1,-1,-1,-1,-1,-1,-1,1,79.148388,0,0|1|2|3,baseline
2269,2269,1,2.2.0,2,50,750.000000,1000.000000,0,190.000000,3,1,2,5,25.000000,DCFM-OLSR,0,-1,-1,-1,-1,-1,-1,-1,1,86.968950,0,0|1|2|3,baseline
2272,2272,1,2.2.0,2,50,750.000000,1000.000000,0,190.000000,3,1,2,5,25.000000,DCFM-OLSR,0,-1,-1,-1,-1,-1,-1,-1,1,89.726149,0,0|1|2|3,baseline
2285,2285,1,2.2.0,2,50,750.000000,1000.000000,0,190.000000,3,1,2,5,25.000000,DCFM-OLSR,0,-1,-1,-1,-1,-1,-1,-1,1,85.067555,0,0|1|2|3,baseline
2294,2294,1,2.2.0,2,50,750.000000,1000.000000,0,190.000000,3,1,2,5,25.000000,DCFM-OLSR,0,-1,-1,-1,-1,-1,-1,-1,1,67.408536,0,0|1|2|3,baseline
2282,2282,1,2.2.0,2,50,750.000000,1000.000000,0,190.000000,3,1,2,5,25.000000,DCFM-OLSR,0,-1,-1,-1,-1,-1,-1,-1,1,97.081490,0,0|1|2|3,baseline
2289,2289,1,2.2.0,2,50,750.000000,1000.000000,0,190.000000,3,1,2,5,25.000000,DCFM-OLSR,0,-1,-1,-1,-1,-1,-1,-1,1,87.318748,0,0|1|2|3,baseline
2298,2298,1,2.2.0,2,50,750.000000,1000.000000,0,190.000000,3,1,2,5,25.000000,DCFM-OLSR,0,-1,-1,-1,-1,-1,-1,-1,1,75.257168,0,0|1|2|3,baseline
2297,2297,1,2.2.0,2,50,750.000000,1000.000000,0,190.000000,3,1,2,5,25.000000,DCFM-OLSR,0,-1,-1,-1,-1,-1,-1,-1,1,78.551881,0,0|1|2|3,baseline
2295,2295,1,2.2.0,2,50,750.000000,1000.000000,0,190.000000,3,1,2,5,25.000000,DCFM-OLSR,0,-1,-1,-1,-1,-1,-1,-1,1,88.791635,0,0|1|2|3,baseline
2300,2300,1,2.2.0,2,50,750.000000,1000.000000,0,190.000000,3,1,2,5,25.000000,DCFM-OLSR,0,-1,-1,-1,-1,-1,-1,-1,1,94.494976,0,0|1|2|3,baseline
2310,2310,1,2.2.0,2,50,750.000000,1000.000000,0,190.000000,3,1,2,5,25.000000,DCFM-OLSR,0,-1,-1,-1,-1,-1,-1,-1,1,77.662461,0,0|1|2|3,baseline
2305,2305,1,2.2.0,2,50,750.000000,1000.000000,0,190.000000,3,1,2,5,25.000000,DCFM-OLSR,0,-1,-1,-1,-1,-1,-1,-1,1,101.045272,0,0|1|2|3,baseline
2308,2308,1,2.2.0,2,50,750.000000,1000.000000,0,190.000000,3,1,2,5,25.000000,DCFM-OLSR,0,-1,-1,-1,-1,-1,-1,-1,1,102.803569,0,0|1|2|3,baseline
2314,2314,1,2.2.0,2,50,750.000000,1000.000000,0,190.000000,3,1,2,5,25.000000,DCFM-OLSR,0,-1,-1,-1,-1,-1,-1,-1,1,99.532873,0,0|1|2|3,baseline
2309,2309,1,2.2.0,2,50,750.000000,1000.000000,0,190.000000,3,1,2,5,25.000000,DCFM-OLSR,0,-1,-1,-1,-1,-1,-1,-1,1,118.084208,0,0|1|2|3,baseline
2317,2317,1,2.2.0,2,50,750.000000,1000.000000,0,190.000000,3,1,2,5,25.000000,DCFM-OLSR,0,-1,-1,-1,-1,-1,-1,-1,1,97.207881,0,0|1|2|3,baseline
2320,2320,1,2.2.0,2,50,750.000000,1000.000000,0,190.000000,3,1,2,5,25.000000,DCFM-OLSR,0,-1,-1,-1,-1,-1,-1,-1,1,86.465673,0,0|1|2|3,baseline
2322,2322,1,2.2.0,2,50,750.000000,1000.000000,0,190.000000,3,1,2,5,25.000000,DCFM-OLSR,0,-1,-1,-1,-1,-1,-1,-1,1,85.700853,0,0|1|2|3,baseline
2324,2324,1,2.2.0,2,50,750.000000,1000.000000,0,190.000000,3,1,2,5,25.000000,DCFM-OLSR,0,-1,-1,-1,-1,-1,-1,-1,1,82.360486,0,0|1|2|3,baseline
2325,2325,1,2.2.0,2,50,750.000000,1000.000000,0,190.000000,3,1,2,5,25.000000,DCFM-OLSR,0,-1,-1,-1,-1,-1,-1,-1,1,83.732668,0,0|1|2|3,baseline
2326,2326,1,2.2.0,2,50,750.000000,1000.000000,0,190.000000,3,1,2,5,25.000000,DCFM-OLSR,0,-1,-1,-1,-1,-1,-1,-1,1,89.849793,0,0|1|2|3,baseline
2329,2329,1,2.2.0,2,50,750.000000,1000.000000,0,190.000000,3,1,2,5,25.000000,DCFM-OLSR,0,-1,-1,-1,-1,-1,-1,-1,1,78.921143,0,0|1|2|3,baseline
2328,2328,1,2.2.0,2,50,750.000000,1000.000000,0,190.000000,3,1,2,5,25.000000,DCFM-OLSR,0,-1,-1,-1,-1,-1,-1,-1,1,98.274878,0,0|1|2|3,baseline
2330,2330,1,2.2.0,2,50,750.000000,1000.000000,0,190.000000,3,1,2,5,25.000000,DCFM-OLSR,0,-1,-1,-1,-1,-1,-1,-1,1,87.046838,0,0|1|2|3,baseline
2331,2331,1,2.2.0,2,50,750.000000,1000.000000,0,190.000000,3,1,2,5,25.000000,DCFM-OLSR,0,-1,-1,-1,-1,-1,-1,-1,1,94.859516,0,0|1|2|3,baseline
2333,2333,1,2.2.0,2,50,750.000000,1000.000000,0,190.000000,3,1,2,5,25.000000,DCFM-OLSR,0,-1,-1,-1,-1,-1,-1,-1,1,102.152075,0,0|1|2|3,baseline
2335,2335,1,2.2.0,2,50,750.000000,1000.000000,0,190.000000,3,1,2,5,25.000000,DCFM-OLSR,0,-1,-1,-1,-1,-1,-1,-1,1,104.283281,0,0|1|2|3,baseline
2340,2340,1,2.2.0,2,50,750.000000,1000.000000,0,190.000000,3,1,2,5,25.000000,DCFM-OLSR,0,-1,-1,-1,-1,-1,-1,-1,1,85.915739,0,0|1|2|3,baseline
2342,2342,1,2.2.0,2,50,750.000000,1000.000000,0,190.000000,3,1,2,5,25.000000,DCFM-OLSR,0,-1,-1,-1,-1,-1,-1,-1,1,80.722610,0,0|1|2|3,baseline
2341,2341,1,2.2.0,2,50,750.000000,1000.000000,0,190.000000,3,1,2,5,25.000000,DCFM-OLSR,0,-1,-1,-1,-1,-1,-1,-1,1,98.000539,0,0|1|2|3,baseline
2347,2347,1,2.2.0,2,50,750.000000,1000.000000,0,190.000000,3,1,2,5,25.000000,DCFM-OLSR,0,-1,-1,-1,-1,-1,-1,-1,1,86.634646,0,0|1|2|3,baseline
2357,2357,1,2.2.0,2,50,750.000000,1000.000000,0,190.000000,3,1,2,5,25.000000,DCFM-OLSR,0,-1,-1,-1,-1,-1,-1,-1,1,75.771723,0,0|1|2|3,baseline
2361,2361,1,2.2.0,2,50,750.000000,1000.000000,0,190.000000,3,1,2,5,25.000000,DCFM-OLSR,0,-1,-1,-1,-1,-1,-1,-1,1,70.670722,0,0|1|2|3,baseline
2358,2358,1,2.2.0,2,50,750.000000,1000.000000,0,190.000000,3,1,2,5,25.000000,DCFM-OLSR,0,-1,-1,-1,-1,-1,-1,-1,1,92.285900,0,0|1|2|3,baseline
2360,2360,1,2.2.0,2,50,750.000000,1000.000000,0,190.000000,3,1,2,5,25.000000,DCFM-OLSR,0,-1,-1,-1,-1,-1,-1,-1,1,89.982183,0,0|1|2|3,baseline
2352,2352,1,2.2.0,2,50,750.000000,1000.000000,0,190.000000,3,1,2,5,25.000000,DCFM-OLSR,0,-1,-1,-1,-1,-1,-1,-1,1,111.229571,0,0|1|2|3,baseline
2362,2362,1,2.2.0,2,50,750.000000,1000.000000,0,190.000000,3,1,2,5,25.000000,DCFM-OLSR,0,-1,-1,-1,-1,-1,-1,-1,1,93.449889,0,0|1|2|3,baseline
2367,2367,1,2.2.0,2,50,750.000000,1000.000000,0,190.000000,3,1,2,5,25.000000,DCFM-OLSR,0,-1,-1,-1,-1,-1,-1,-1,1,85.612762,0,0|1|2|3,baseline
2366,2366,1,2.2.0,2,50,750.000000,1000.000000,0,190.000000,3,1,2,5,25.000000,DCFM-OLSR,0,-1,-1,-1,-1,-1,-1,-1,1,102.650963,0,0|1|2|3,baseline
2373,2373,1,2.2.0,2,50,750.000000,1000.000000,0,190.000000,3,1,2,5,25.000000,DCFM-OLSR,0,-1,-1,-1,-1,-1,-1,-1,1,104.302885,0,0|1|2|3,baseline
2380,2380,1,2.2.0,2,50,750.000000,1000.000000,0,190.000000,3,1,2,5,25.000000,DCFM-OLSR,0,-1,-1,-1,-1,-1,-1,-1,1,91.701555,0,0|1|2|3,baseline
2387,2387,1,2.2.0,2,50,750.000000,1000.000000,0,190.000000,3,1,2,5,25.000000,DCFM-OLSR,0,-1,-1,-1,-1,-1,-1,-1,1,90.140483,0,0|1|2|3,baseline
2385,2385,1,2.2.0,2,50,750.000000,1000.000000,0,190.000000,3,1,2,5,25.000000,DCFM-OLSR,0,-1,-1,-1,-1,-1,-1,-1,1,104.950724,0,0|1|2|3,baseline
2389,2389,1,2.2.0,2,50,750.000000,1000.000000,0,190.000000,3,1,2,5,25.000000,DCFM-OLSR,0,-1,-1,-1,-1,-1,-1,-1,1,87.795898,0,0|1|2|3,baseline
2390,2390,1,2.2.0,2,50,750.000000,1000.000000,0,190.000000,3,1,2,5,25.000000,DCFM-OLSR,0,-1,-1,-1,-1,-1,-1,-1,1,83.356506,0,0|1|2|3,baseline
2398,2398,1,2.2.0,2,50,750.000000,1000.000000,0,190.000000,3,1,2,5,25.000000,DCFM-OLSR,0,-1,-1,-1,-1,-1,-1,-1,1,80.765343,0,0|1|2|3,baseline
2393,2393,1,2.2.0,2,50,750.000000,1000.000000,0,190.000000,3,1,2,5,25.000000,DCFM-OLSR,0,-1,-1,-1,-1,-1,-1,-1,1,110.843503,0,0|1|2|3,baseline
2403,2403,1,2.2.0,2,50,750.000000,1000.000000,0,190.000000,3,1,2,5,25.000000,DCFM-OLSR,0,-1,-1,-1,-1,-1,-1,-1,1,81.444692,0,0|1|2|3,baseline
2404,2404,1,2.2.0,2,50,750.000000,1000.000000,0,190.000000,3,1,2,5,25.000000,DCFM-OLSR,0,-1,-1,-1,-1,-1,-1,-1,1,79.515433,0,0|1|2|3,baseline
2406,2406,1,2.2.0,2,50,750.000000,1000.000000,0,190.000000,3,1,2,5,25.000000,DCFM-OLSR,0,-1,-1,-1,-1,-1,-1,-1,1,76.571732,0,0|1|2|3,baseline
2405,2405,1,2.2.0,2,50,750.000000,1000.000000,0,190.000000,3,1,2,5,25.000000,DCFM-OLSR,0,-1,-1,-1,-1,-1,-1,-1,1,83.012375,0,0|1|2|3,baseline
2412,2412,1,2.2.0,2,50,750.000000,1000.000000,0,190.000000,3,1,2,5,25.000000,DCFM-OLSR,0,-1,-1,-1,-1,-1,-1,-1,1,74.060746,0,0|1|2|3,baseline
2415,2415,1,2.2.0,2,50,750.000000,1000.000000,0,190.000000,3,1,2,5,25.000000,DCFM-OLSR,0,-1,-1,-1,-1,-1,-1,-1,1,79.344024,0,0|1|2|3,baseline
2416,2416,1,2.2.0,2,50,750.000000,1000.000000,0,190.000000,3,1,2,5,25.000000,DCFM-OLSR,0,-1,-1,-1,-1,-1,-1,-1,1,79.437199,0,0|1|2|3,baseline
2429,2429,1,2.2.0,2,50,750.000000,1000.000000,0,190.000000,3,1,2,5,25.000000,DCFM-OLSR,0,-1,-1,-1,-1,-1,-1,-1,1,63.177991,0,0|1|2|3,baseline
2421,2421,1,2.2.0,2,50,750.000000,1000.000000,0,190.000000,3,1,2,5,25.000000,DCFM-OLSR,0,-1,-1,-1,-1,-1,-1,-1,1,89.770835,0,0|1|2|3,baseline
2428,2428,1,2.2.0,2,50,750.000000,1000.000000,0,190.000000,3,1,2,5,25.000000,DCFM-OLSR,0,-1,-1,-1,-1,-1,-1,-1,1,82.879525,0,0|1|2|3,baseline
2430,2430,1,2.2.0,2,50,750.000000,1000.000000,0,190.000000,3,1,2,5,25.000000,DCFM-OLSR,0,-1,-1,-1,-1,-1,-1,-1,1,94.694747,0,0|1|2|3,baseline
2433,2433,1,2.2.0,2,50,750.000000,1000.000000,0,190.000000,3,1,2,5,25.000000,DCFM-OLSR,0,-1,-1,-1,-1,-1,-1,-1,1,82.305874,0,0|1|2|3,baseline
2435,2435,1,2.2.0,2,50,750.000000,1000.000000,0,190.000000,3,1,2,5,25.000000,DCFM-OLSR,0,-1,-1,-1,-1,-1,-1,-1,1,80.636014,0,0|1|2|3,baseline
2439,2439,1,2.2.0,2,50,750.000000,1000.000000,0,190.000000,3,1,2,5,25.000000,DCFM-OLSR,0,-1,-1,-1,-1,-1,-1,-1,1,79.888042,0,0|1|2|3,baseline
2442,2442,1,2.2.0,2,50,750.000000,1000.000000,0,190.000000,3,1,2,5,25.000000,DCFM-OLSR,0,-1,-1,-1,-1,-1,-1,-1,1,76.392892,0,0|1|2|3,baseline
2441,2441,1,2.2.0,2,50,750.000000,1000.000000,0,190.000000,3,1,2,5,25.000000,DCFM-OLSR,0,-1,-1,-1,-1,-1,-1,-1,1,89.257178,0,0|1|2|3,baseline
2446,2446,1,2.2.0,2,50,750.000000,1000.000000,0,190.000000,3,1,2,5,25.000000,DCFM-OLSR,0,-1,-1,-1,-1,-1,-1,-1,1,78.977129,0,0|1|2|3,baseline
2448,2448,1,2.2.0,2,50,750.000000,1000.000000,0,190.000000,3,1,2,5,25.000000,DCFM-OLSR,0,-1,-1,-1,-1,-1,-1,-1,1,76.365045,0,0|1|2|3,baseline
2450,2450,1,2.2.0,2,50,750.000000,1000.000000,0,190.000000,3,1,2,5,25.000000,DCFM-OLSR,0,-1,-1,-1,-1,-1,-1,-1,1,72.636426,0,0|1|2|3,baseline
2451,2451,1,2.2.0,2,50,750.000000,1000.000000,0,190.000000,3,1,2,5,25.000000,DCFM-OLSR,0,-1,-1,-1,-1,-1,-1,-1,1,73.644151,0,0|1|2|3,baseline
2454,2454,1,2.2.0,2,50,750.000000,1000.000000,0,190.000000,3,1,2,5,25.000000,DCFM-OLSR,0,-1,-1,-1,-1,-1,-1,-1,1,82.288011,0,0|1|2|3,baseline
2457,2457,1,2.2.0,2,50,750.000000,1000.000000,0,190.000000,3,1,2,5,25.000000,DCFM-OLSR,0,-1,-1,-1,-1,-1,-1,-1,1,80.027979,0,0|1|2|3,baseline
2456,2456,1,2.2.0,2,50,750.000000,1000.000000,0,190.000000,3,1,2,5,25.000000,DCFM-OLSR,0,-1,-1,-1,-1,-1,-1,-1,1,97.341541,0,0|1|2|3,baseline
2460,2460,1,2.2.0,2,50,750.000000,1000.000000,0,190.000000,3,1,2,5,25.000000,DCFM-OLSR,0,-1,-1,-1,-1,-1,-1,-1,1,80.084230,0,0|1|2|3,baseline
2464,2464,1,2.2.0,2,50,750.000000,1000.000000,0,190.000000,3,1,2,5,25.000000,DCFM-OLSR,0,-1,-1,-1,-1,-1,-1,-1,1,82.896083,0,0|1|2|3,baseline
2469,2469,1,2.2.0,2,50,750.000000,1000.000000,0,190.000000,3,1,2,5,25.000000,DCFM-OLSR,0,-1,-1,-1,-1,-1,-1,-1,1,73.872879,0,0|1|2|3,baseline
2478,2478,1,2.2.0,2,50,750.000000,1000.000000,0,190.000000,3,1,2,5,25.000000,DCFM-OLSR,0,-1,-1,-1,-1,-1,-1,-1,1,83.684405,0,0|1|2|3,baseline
2483,2483,1,2.2.0,2,50,750.000000,1000.000000,0,190.000000,3,1,2,5,25.000000,DCFM-OLSR,0,-1,-1,-1,-1,-1,-1,-1,1,75.564094,0,0|1|2|3,baseline
2482,2482,1,2.2.0,2,50,750.000000,1000.000000,0,190.000000,3,1,2,5,25.000000,DCFM-OLSR,0,-1,-1,-1,-1,-1,-1,-1,1,93.551446,0,0|1|2|3,baseline
2487,2487,1,2.2.0,2,50,750.000000,1000.000000,0,190.000000,3,1,2,5,25.000000,DCFM-OLSR,0,-1,-1,-1,-1,-1,-1,-1,1,80.875269,0,0|1|2|3,baseline
2491,2491,1,2.2.0,2,50,750.000000,1000.000000,0,190.000000,3,1,2,5,25.000000,DCFM-OLSR,0,-1,-1,-1,-1,-1,-1,-1,1,77.353422,0,0|1|2|3,baseline
2474,2474,1,2.2.0,2,50,750.000000,1000.000000,0,190.000000,3,1,2,5,25.000000,DCFM-OLSR,0,-1,-1,-1,-1,-1,-1,-1,1,150.478818,0,0|1|2|3,baseline
2495,2495,1,2.2.0,2,50,750.000000,1000.000000,0,190.000000,3,1,2,5,25.000000,DCFM-OLSR,0,-1,-1,-1,-1,-1,-1,-1,1,70.719577,0,0|1|2|3,baseline
2500,2500,1,2.2.0,2,50,750.000000,1000.000000,0,190.000000,3,1,2,5,25.000000,DCFM-OLSR,0,-1,-1,-1,-1,-1,-1,-1,1,68.159778,0,0|1|2|3,baseline
2501,2501,1,2.2.0,2,50,750.000000,1000.000000,0,190.000000,3,1,2,5,25.000000,DCFM-OLSR,0,-1,-1,-1,-1,-1,-1,-1,1,71.114876,0,0|1|2|3,baseline
2502,2502,1,2.2.0,2,50,750.000000,1000.000000,0,190.000000,3,1,2,5,25.000000,DCFM-OLSR,0,-1,-1,-1,-1,-1,-1,-1,1,68.023415,0,0|1|2|3,baseline
2506,2506,1,2.2.0,2,50,750.000000,1000.000000,0,190.000000,3,1,2,5,25.000000,DCFM-OLSR,0,-1,-1,-1,-1,-1,-1,-1,1,65.343044,0,0|1|2|3,baseline
2504,2504,1,2.2.0,2,50,750.000000,1000.000000,0,190.000000,3,1,2,5,25.000000,DCFM-OLSR,0,-1,-1,-1,-1,-1,-1,-1,1,74.809993,0,0|1|2|3,baseline
2507,2507,1,2.2.0,2,50,750.000000,1000.000000,0,190.000000,3,1,2,5,25.000000,DCFM-OLSR,0,-1,-1,-1,-1,-1,-1,-1,1,85.673497,0,0|1|2|3,baseline
2510,2510,1,2.2.0,2,50,750.000000,1000.000000,0,190.000000,3,1,2,5,25.000000,DCFM-OLSR,0,-1,-1,-1,-1,-1,-1,-1,1,69.825825,0,0|1|2|3,baseline
2511,2511,1,2.2.0,2,50,750.000000,1000.000000,0,190.000000,3,1,2,5,25.000000,DCFM-OLSR,0,-1,-1,-1,-1,-1,-1,-1,1,75.026781,0,0|1|2|3,baseline
2515,2515,1,2.2.0,2,50,750.000000,1000.000000,0,190.000000,3,1,2,5,25.000000,DCFM-OLSR,0,-1,-1,-1,-1,-1,-1,-1,1,67.404169,0,0|1|2|3,baseline
2518,2518,1,2.2.0,2,50,750.000000,1000.000000,0,190.000000,3,1,2,5,25.000000,DCFM-OLSR,0,-1,-1,-1,-1,-1,-1,-1,1,80.050805,0,0|1|2|3,baseline
2517,2517,1,2.2.0,2,50,750.000000,1000.000000,0,190.000000,3,1,2,5,25.000000,DCFM-OLSR,0,-1,-1,-1,-1,-1,-1,-1,1,89.805539,0,0|1|2|3,baseline
2521,2521,1,2.2.0,2,50,750.000000,1000.000000,0,190.000000,3,1,2,5,25.000000,DCFM-OLSR,0,-1,-1,-1,-1,-1,-1,-1,1,89.856672,0,0|1|2|3,baseline
2522,2522,1,2.2.0,2,50,750.000000,1000.000000,0,190.000000,3,1,2,5,25.000000,DCFM-OLSR,0,-1,-1,-1,-1,-1,-1,-1,1,81.034148,0,0|1|2|3,baseline
2527,2527,1,2.2.0,2,50,750.000000,1000.000000,0,190.000000,3,1,2,5,25.000000,DCFM-OLSR,0,-1,-1,-1,-1,-1,-1,-1,1,95.095849,0,0|1|2|3,baseline
2551,2551,1,2.2.0,2,50,750.000000,1000.000000,0,190.000000,3,1,2,5,25.000000,DCFM-OLSR,0,-1,-1,-1,-1,-1,-1,-1,1,68.809773,0,0|1|2|3,baseline
2549,2549,1,2.2.0,2,50,750.000000,1000.000000,0,190.000000,3,1,2,5,25.000000,DCFM-OLSR,0,-1,-1,-1,-1,-1,-1,-1,1,73.680026,0,0|1|2|3,baseline
2546,2546,1,2.2.0,2,50,750.000000,1000.000000,0,190.000000,3,1,2,5,25.000000,DCFM-OLSR,0,-1,-1,-1,-1,-1,-1,-1,1,86.570091,0,0|1|2|3,baseline
2548,2548,1,2.2.0,2,50,750.000000,1000.000000,0,190.000000,3,1,2,5,25.000000,DCFM-OLSR,0,-1,-1,-1,-1,-1,-1,-1,1,88.346853,0,0|1|2|3,baseline
2556,2556,1,2.2.0,2,50,750.000000,1000.000000,0,190.000000,3,1,2,5,25.000000,DCFM-OLSR,0,-1,-1,-1,-1,-1,-1,-1,1,72.940847,0,0|1|2|3,baseline
2560,2560,1,2.2.0,2,50,750.000000,1000.000000,0,190.000000,3,1,2,5,25.000000,DCFM-OLSR,0,-1,-1,-1,-1,-1,-1,-1,1,81.207416,0,0|1|2|3,baseline
2561,2561,1,2.2.0,2,50,750.000000,1000.000000,0,190.000000,3,1,2,5,25.000000,DCFM-OLSR,0,-1,-1,-1,-1,-1,-1,-1,1,97.869365,0,0|1|2|3,baseline
2563,2563,1,2.2.0,2,50,750.000000,1000.000000,0,190.000000,3,1,2,5,25.000000,DCFM-OLSR,0,-1,-1,-1,-1,-1,-1,-1,1,84.559660,0,0|1|2|3,baseline
2573,2573,1,2.2.0,2,50,750.000000,1000.000000,0,190.000000,3,1,2,5,25.000000,DCFM-OLSR,0,-1,-1,-1,-1,-1,-1,-1,1,62.124187,0,0|1|2|3,baseline
2567,2567,1,2.2.0,2,50,750.000000,1000.000000,0,190.000000,3,1,2,5,25.000000,DCFM-OLSR,0,-1,-1,-1,-1,-1,-1,-1,1,80.466273,0,0|1|2|3,baseline
2571,2571,1,2.2.0,2,50,750.000000,1000.000000,0,190.000000,3,1,2,5,25.000000,DCFM-OLSR,0,-1,-1,-1,-1,-1,-1,-1,1,75.754679,0,0|1|2|3,baseline
2572,2572,1,2.2.0,2,50,750.000000,1000.000000,0,190.000000,3,1,2,5,25.000000,DCFM-OLSR,0,-1,-1,-1,-1,-1,-1,-1,1,75.884755,0,0|1|2|3,baseline
2579,2579,1,2.2.0,2,50,750.000000,1000.000000,0,190.000000,3,1,2,5,25.000000,DCFM-OLSR,0,-1,-1,-1,-1,-1,-1,-1,1,89.890062,0,0|1|2|3,baseline
2578,2578,1,2.2.0,2,50,750.000000,1000.000000,0,190.000000,3,1,2,5,25.000000,DCFM-OLSR,0,-1,-1,-1,-1,-1,-1,-1,1,95.699927,0,0|1|2|3,baseline
2580,2580,1,2.2.0,2,50,750.000000,1000.000000,0,190.000000,3,1,2,5,25.000000,DCFM-OLSR,0,-1,-1,-1,-1,-1,-1,-1,1,85.277988,0,0|1|2|3,baseline
2584,2584,1,2.2.0,2,50,750.000000,1000.000000,0,190.000000,3,1,2,5,25.000000,DCFM-OLSR,0,-1,-1,-1,-1,-1,-1,-1,1,80.306288,0,0|1|2|3,baseline
2588,2588,1,2.2.0,2,50,750.000000,1000.000000,0,190.000000,3,1,2,5,25.000000,DCFM-OLSR,0,-1,-1,-1,-1,-1,-1,-1,1,77.100102,0,0|1|2|3,baseline
2586,2586,1,2.2.0,2,50,750.000000,1000.000000,0,190.000000,3,1,2,5,25.000000,DCFM-OLSR,0,-1,-1,-1,-1,-1,-1,-1,1,96.714826,0,0|1|2|3,baseline
2590,2590,1,2.2.0,2,50,750.000000,1000.000000,0,190.000000,3,1,2,5,25.000000,DCFM-OLSR,0,-1,-1,-1,-1,-1,-1,-1,1,81.198688,0,0|1|2|3,baseline
2593,2593,1,2.2.0,2,50,750.000000,1000.000000,0,190.000000,3,1,2,5,25.000000,DCFM-OLSR,0,-1,-1,-1,-1,-1,-1,-1,1,71.446320,0,0|1|2|3,baseline
2604,2604,1,2.2.0,2,50,750.000000,1000.000000,0,190.000000,3,1,2,5,25.000000,DCFM-OLSR,0,-1,-1,-1,-1,-1,-1,-1,1,73.845676,0,0|1|2|3,baseline
2599,2599,1,2.2.0,2,50,750.000000,1000.000000,0,190.000000,3,1,2,5,25.000000,DCFM-OLSR,0,-1,-1,-1,-1,-1,-1,-1,1,86.253470,0,0|1|2|3,baseline
2606,2606,1,2.2.0,2,50,750.000000,1000.000000,0,190.000000,3,1,2,5,25.000000,DCFM-OLSR,0,-1,-1,-1,-1,-1,-1,-1,1,76.261914,0,0|1|2|3,baseline
2608,2608,1,2.2.0,2,50,750.000000,1000.000000,0,190.000000,3,1,2,5,25.000000,DCFM-OLSR,0,-1,-1,-1,-1,-1,-1,-1,1,78.881554,0,0|1|2|3,baseline
2613,2613,1,2.2.0,2,50,750.000000,1000.000000,0,190.000000,3,1,2,5,25.000000,DCFM-OLSR,0,-1,-1,-1,-1,-1,-1,-1,1,77.164061,0,0|1|2|3,baseline
2612,2612,1,2.2.0,2,50,750.000000,1000.000000,0,190.000000,3,1,2,5,25.000000,DCFM-OLSR,0,-1,-1,-1,-1,-1,-1,-1,1,89.190417,0,0|1|2|3,baseline
2620,2620,1,2.2.0,2,50,750.000000,1000.000000,0,190.000000,3,1,2,5,25.000000,DCFM-OLSR,0,-1,-1,-1,-1,-1,-1,-1,1,67.774388,0,0|1|2|3,baseline
2622,2622,1,2.2.0,2,50,750.000000,1000.000000,0,190.000000,3,1,2,5,25.000000,DCFM-OLSR,0,-1,-1,-1,-1,-1,-1,-1,1,73.666810,0,0|1|2|3,baseline
2618,2618,1,2.2.0,2,50,750.000000,1000.000000,0,190.000000,3,1,2,5,25.000000,DCFM-OLSR,0,-1,-1,-1,-1,-1,-1,-1,1,85.115149,0,0|1|2|3,baseline
2627,2627,1,2.2.0,2,50,750.000000,1000.000000,0,190.000000,3,1,2,5,25.000000,DCFM-OLSR,0,-1,-1,-1,-1,-1,-1,-1,1,82.401393,0,0|1|2|3,baseline
2629,2629,1,2.2.0,2,50,750.000000,1000.000000,0,190.000000,3,1,2,5,25.000000,DCFM-OLSR,0,-1,-1,-1,-1,-1,-1,-1,1,76.791119,0,0|1|2|3,baseline
2632,2632,1,2.2.0,2,50,750.000000,1000.000000,0,190.000000,3,1,2,5,25.000000,DCFM-OLSR,0,-1,-1,-1,-1,-1,-1,-1,1,67.721900,0,0|1|2|3,baseline
2626,2626,1,2.2.0,2,50,750.000000,1000.000000,0,190.000000,3,1,2,5,25.000000,DCFM-OLSR,0,-1,-1,-1,-1,-1,-1,-1,1,99.116838,0,0|1|2|3,baseline
2635,2635,1,2.2.0,2,50,750.000000,1000.000000,0,190.000000,3,1,2,5,25.000000,DCFM-OLSR,0,-1,-1,-1,-1,-1,-1,-1,1,87.575756,0,0|1|2|3,baseline
2637,2637,1,2.2.0,2,50,750.000000,1000.000000,0,190.000000,3,1,2,5,25.000000,DCFM-OLSR,0,-1,-1,-1,-1,-1,-1,-1,1,89.227431,0,0|1|2|3,baseline
2636,2636,1,2.2.0,2,50,750.000000,1000.000000,0,190.000000,3,1,2,5,25.000000,DCFM-OLSR,0,-1,-1,-1,-1,-1,-1,-1,1,89.913970,0,0|1|2|3,baseline
2638,2638,1,2.2.0,2,50,750.000000,1000.000000,0,190.000000,3,1,2,5,25.000000,DCFM-OLSR,0,-1,-1,-1,-1,-1,-1,-1,1,87.598775,0,0|1|2|3,baseline
2643,2643,1,2.2.0,2,50,750.000000,1000.000000,0,190.000000,3,1,2,5,25.000000,DCFM-OLSR,0,-1,-1,-1,-1,-1,-1,-1,1,82.279870,0,0|1|2|3,baseline
2644,2644,1,2.2.0,2,50,750.000000,1000.000000,0,190.000000,3,1,2,5,25.000000,DCFM-OLSR,0,-1,-1,-1,-1,-1,-1,-1,1,81.188623,0,0|1|2|3,baseline
2646,2646,1,2.2.0,2,50,750.000000,1000.000000,0,190.000000,3,1,2,5,25.000000,DCFM-OLSR,0,-1,-1,-1,-1,-1,-1,-1,1,76.739274,0,0|1|2|3,baseline
2647,2647,1,2.2.0,2,50,750.000000,1000.000000,0,190.000000,3,1,2,5,25.000000,DCFM-OLSR,0,-1,-1,-1,-1,-1,-1,-1,1,82.166534,0,0|1|2|3,baseline
2649,2649,1,2.2.0,2,50,750.000000,1000.000000,0,190.000000,3,1,2,5,25.000000,DCFM-OLSR,0,-1,-1,-1,-1,-1,-1,-1,1,81.579658,0,0|1|2|3,baseline
2652,2652,1,2.2.0,2,50,750.000000,1000.000000,0,190.000000,3,1,2,5,25.000000,DCFM-OLSR,0,-1,-1,-1,-1,-1,-1,-1,1,85.009709,0,0|1|2|3,baseline
2654,2654,1,2.2.0,2,50,750.000000,1000.000000,0,190.000000,3,1,2,5,25.000000,DCFM-OLSR,0,-1,-1,-1,-1,-1,-1,-1,1,78.561418,0,0|1|2|3,baseline
2656,2656,1,2.2.0,2,50,750.000000,1000.000000,0,190.000000,3,1,2,5,25.000000,DCFM-OLSR,0,-1,-1,-1,-1,-1,-1,-1,1,78.266254,0,0|1|2|3,baseline
2661,2661,1,2.2.0,2,50,750.000000,1000.000000,0,190.000000,3,1,2,5,25.000000,DCFM-OLSR,0,-1,-1,-1,-1,-1,-1,-1,1,83.119069,0,0|1|2|3,baseline
2667,2667,1,2.2.0,2,50,750.000000,1000.000000,0,190.000000,3,1,2,5,25.000000,DCFM-OLSR,0,-1,-1,-1,-1,-1,-1,-1,1,87.322469,0,0|1|2|3,baseline
2666,2666,1,2.2.0,2,50,750.000000,1000.000000,0,190.000000,3,1,2,5,25.000000,DCFM-OLSR,0,-1,-1,-1,-1,-1,-1,-1,1,94.573502,0,0|1|2|3,baseline
2670,2670,1,2.2.0,2,50,750.000000,1000.000000,0,190.000000,3,1,2,5,25.000000,DCFM-OLSR,0,-1,-1,-1,-1,-1,-1,-1,1,76.133943,0,0|1|2|3,baseline
2673,2673,1,2.2.0,2,50,750.000000,1000.000000,0,190.000000,3,1,2,5,25.000000,DCFM-OLSR,0,-1,-1,-1,-1,-1,-1,-1,1,73.875244,0,0|1|2|3,baseline
2677,2677,1,2.2.0,2,50,750.000000,1000.000000,0,190.000000,3,1,2,5,25.000000,DCFM-OLSR,0,-1,-1,-1,-1,-1,-1,-1,1,71.422153,0,0|1|2|3,baseline
2679,2679,1,2.2.0,2,50,750.000000,1000.000000,0,190.000000,3,1,2,5,25.000000,DCFM-OLSR,0,-1,-1,-1,-1,-1,-1,-1,1,75.091184,0,0|1|2|3,baseline
2680,2680,1,2.2.0,2,50,750.000000,1000.000000,0,190.000000,3,1,2,5,25.000000,DCFM-OLSR,0,-1,-1,-1,-1,-1,-1,-1,1,75.983320,0,0|1|2|3,baseline
2687,2687,1,2.2.0,2,50,750.000000,1000.000000,0,190.000000,3,1,2,5,25.000000,DCFM-OLSR,0,-1,-1,-1,-1,-1,-1,-1,1,85.112933,0,0|1|2|3,baseline
2693,2693,1,2.2.0,2,50,750.000000,1000.000000,0,190.000000,3,1,2,5,25.000000,DCFM-OLSR,0,-1,-1,-1,-1,-1,-1,-1,1,74.710930,0,0|1|2|3,baseline
2695,2695,1,2.2.0,2,50,750.000000,1000.000000,0,190.000000,3,1,2,5,25.000000,DCFM-OLSR,0,-1,-1,-1,-1,-1,-1,-1,1,81.574046,0,0|1|2|3,baseline
2701,2701,1,2.2.0,2,50,750.000000,1000.000000,0,190.000000,3,1,2,5,25.000000,DCFM-OLSR,0,-1,-1,-1,-1,-1,-1,-1,1,68.743042,0,0|1|2|3,baseline
2699,2699,1,2.2.0,2,50,750.000000,1000.000000,0,190.000000,3,1,2,5,25.000000,DCFM-OLSR,0,-1,-1,-1,-1,-1,-1,-1,1,75.289989,0,0|1|2|3,baseline
2710,2710,1,2.2.0,2,50,750.000000,1000.000000,0,190.000000,3,1,2,5,25.000000,DCFM-OLSR,0,-1,-1,-1,-1,-1,-1,-1,1,91.053622,0,0|1|2|3,baseline
2712,2712,1,2.2.0,2,50,750.000000,1000.000000,0,190.000000,3,1,2,5,25.000000,DCFM-OLSR,0,-1,-1,-1,-1,-1,-1,-1,1,72.212347,0,0|1|2|3,baseline
2709,2709,1,2.2.0,2,50,750.000000,1000.000000,0,190.000000,3,1,2,5,25.000000,DCFM-OLSR,0,-1,-1,-1,-1,-1,-1,-1,1,105.058894,0,0|1|2|3,baseline
2722,2722,1,2.2.0,2,50,750.000000,1000.000000,0,190.000000,3,1,2,5,25.000000,DCFM-OLSR,0,-1,-1,-1,-1,-1,-1,-1,1,77.481607,0,0|1|2|3,baseline
2735,2735,1,2.2.0,2,50,750.000000,1000.000000,0,190.000000,3,1,2,5,25.000000,DCFM-OLSR,0,-1,-1,-1,-1,-1,-1,-1,1,84.735967,0,0|1|2|3,baseline
2738,2738,1,2.2.0,2,50,750.000000,1000.000000,0,190.000000,3,1,2,5,25.000000,DCFM-OLSR,0,-1,-1,-1,-1,-1,-1,-1,1,82.366436,0,0|1|2|3,baseline
2740,2740,1,2.2.0,2,50,750.000000,1000.000000,0,190.000000,3,1,2,5,25.000000,DCFM-OLSR,0,-1,-1,-1,-1,-1,-1,-1,1,82.957526,0,0|1|2|3,baseline
2746,2746,1,2.2.0,2,50,750.000000,1000.000000,0,190.000000,3,1,2,5,25.000000,DCFM-OLSR,0,-1,-1,-1,-1,-1,-1,-1,1,87.017784,0,0|1|2|3,baseline
2754,2754,1,2.2.0,2,50,750.000000,1000.000000,0,190.000000,3,1,2,5,25.000000,DCFM-OLSR,0,-1,-1,-1,-1,-1,-1,-1,1,70.055919,0,0|1|2|3,baseline
2753,2753,1,2.2.0,2,50,750.000000,1000.000000,0,190.000000,3,1,2,5,25.000000,DCFM-OLSR,0,-1,-1,-1,-1,-1,-1,-1,1,80.769941,0,0|1|2|3,baseline
2761,2761,1,2.2.0,2,50,750.000000,1000.000000,0,190.000000,3,1,2,5,25.000000,DCFM-OLSR,0,-1,-1,-1,-1,-1,-1,-1,1,72.927347,0,0|1|2|3,baseline
2760,2760,1,2.2.0,2,50,750.000000,1000.000000,0,190.000000,3,1,2,5,25.000000,DCFM-OLSR,0,-1,-1,-1,-1,-1,-1,-1,1,84.467892,0,0|1|2|3,baseline
2762,2762,1,2.2.0,2,50,750.000000,1000.000000,0,190.000000,3,1,2,5,25.000000,DCFM-OLSR,0,-1,-1,-1,-1,-1,-1,-1,1,86.099734,0,0|1|2|3,baseline
2770,2770,1,2.2.0,2,50,750.000000,1000.000000,0,190.000000,3,1,2,5,25.000000,DCFM-OLSR,0,-1,-1,-1,-1,-1,-1,-1,1,82.459230,0,0|1|2|3,baseline
2772,2772,1,2.2.0,2,50,750.000000,1000.000000,0,190.000000,3,1,2,5,25.000000,DCFM-OLSR,0,-1,-1,-1,-1,-1,-1,-1,1,81.859020,0,0|1|2|3,baseline
2776,2776,1,2.2.0,2,50,750.000000,1000.000000,0,190.000000,3,1,2,5,25.000000,DCFM-OLSR,0,-1,-1,-1,-1,-1,-1,-1,1,87.539148,0,0|1|2|3,baseline
2780,2780,1,2.2.0,2,50,750.000000,1000.000000,0,190.000000,3,1,2,5,25.000000,DCFM-OLSR,0,-1,-1,-1,-1,-1,-1,-1,1,89.716163,0,0|1|2|3,baseline
2783,2783,1,2.2.0,2,50,750.000000,1000.000000,0,190.000000,3,1,2,5,25.000000,DCFM-OLSR,0,-1,-1,-1,-1,-1,-1,-1,1,79.279564,0,0|1|2|3,baseline
2781,2781,1,2.2.0,2,50,750.000000,1000.000000,0,190.000000,3,1,2,5,25.000000,DCFM-OLSR,0,-1,-1,-1,-1,-1,-1,-1,1,90.979889,0,0|1|2|3,baseline
2785,2785,1,2.2.0,2,50,750.000000,1000.000000,0,190.000000,3,1,2,5,25.000000,DCFM-OLSR,0,-1,-1,-1,-1,-1,-1,-1,1,76.635931,0,0|1|2|3,baseline
2795,2795,1,2.2.0,2,50,750.000000,1000.000000,0,190.000000,3,1,2,5,25.000000,DCFM-OLSR,0,-1,-1,-1,-1,-1,-1,-1,1,72.578419,0,0|1|2|3,baseline
2793,2793,1,2.2.0,2,50,750.000000,1000.000000,0,190.000000,3,1,2,5,25.000000,DCFM-OLSR,0,-1,-1,-1,-1,-1,-1,-1,1,89.179102,0,0|1|2|3,baseline
2796,2796,1,2.2.0,2,50,750.000000,1000.000000,0,190.000000,3,1,2,5,25.000000,DCFM-OLSR,0,-1,-1,-1,-1,-1,-1,-1,1,89.806599,0,0|1|2|3,baseline
2801,2801,1,2.2.0,2,50,750.000000,1000.000000,0,190.000000,3,1,2,5,25.000000,DCFM-OLSR,0,-1,-1,-1,-1,-1,-1,-1,1,75.168030,0,0|1|2|3,baseline
2797,2797,1,2.2.0,2,50,750.000000,1000.000000,0,190.000000,3,1,2,5,25.000000,DCFM-OLSR,0,-1,-1,-1,-1,-1,-1,-1,1,88.352428,0,0|1|2|3,baseline
2799,2799,1,2.2.0,2,50,750.000000,1000.000000,0,190.000000,3,1,2,5,25.000000,DCFM-OLSR,0,-1,-1,-1,-1,-1,-1,-1,1,84.160948,0,0|1|2|3,baseline
2810,2810,1,2.2.0,2,50,750.000000,1000.000000,0,190.000000,3,1,2,5,25.000000,DCFM-OLSR,0,-1,-1,-1,-1,-1,-1,-1,1,83.680071,0,0|1|2|3,baseline
2813,2813,1,2.2.0,2,50,750.000000,1000.000000,0,190.000000,3,1,2,5,25.000000,DCFM-OLSR,0,-1,-1,-1,-1,-1,-1,-1,1,86.132000,0,0|1|2|3,baseline
2820,2820,1,2.2.0,2,50,750.000000,1000.000000,0,190.000000,3,1,2,5,25.000000,DCFM-OLSR,0,-1,-1,-1,-1,-1,-1,-1,1,76.348995,0,0|1|2|3,baseline
2818,2818,1,2.2.0,2,50,750.000000,1000.000000,0,190.000000,3,1,2,5,25.000000,DCFM-OLSR,0,-1,-1,-1,-1,-1,-1,-1,1,89.335397,0,0|1|2|3,baseline
2821,2821,1,2.2.0,2,50,750.000000,1000.000000,0,190.000000,3,1,2,5,25.000000,DCFM-OLSR,0,-1,-1,-1,-1,-1,-1,-1,1,89.778870,0,0|1|2|3,baseline
2830,2830,1,2.2.0,2,50,750.000000,1000.000000,0,190.000000,3,1,2,5,25.000000,DCFM-OLSR,0,-1,-1,-1,-1,-1,-1,-1,1,71.653235,0,0|1|2|3,baseline
2828,2828,1,2.2.0,2,50,750.000000,1000.000000,0,190.000000,3,1,2,5,25.000000,DCFM-OLSR,0,-1,-1,-1,-1,-1,-1,-1,1,116.702031,0,0|1|2|3,baseline
2840,2840,1,2.2.0,2,50,750.000000,1000.000000,0,190.000000,3,1,2,5,25.000000,DCFM-OLSR,0,-1,-1,-1,-1,-1,-1,-1,1,81.566859,0,0|1|2|3,baseline
2844,2844,1,2.2.0,2,50,750.000000,1000.000000,0,190.000000,3,1,2,5,25.000000,DCFM-OLSR,0,-1,-1,-1,-1,-1,-1,-1,1,72.406355,0,0|1|2|3,baseline
2838,2838,1,2.2.0,2,50,750.000000,1000.000000,0,190.000000,3,1,2,5,25.000000,DCFM-OLSR,0,-1,-1,-1,-1,-1,-1,-1,1,91.737451,0,0|1|2|3,baseline
2854,2854,1,2.2.0,2,50,750.000000,1000.000000,0,190.000000,3,1,2,5,25.000000,DCFM-OLSR,0,-1,-1,-1,-1,-1,-1,-1,1,64.205641,0,0|1|2|3,baseline
2853,2853,1,2.2.0,2,50,750.000000,1000.000000,0,190.000000,3,1,2,5,25.000000,DCFM-OLSR,0,-1,-1,-1,-1,-1,-1,-1,1,69.199084,0,0|1|2|3,baseline
2856,2856,1,2.2.0,2,50,750.000000,1000.000000,0,190.000000,3,1,2,5,25.000000,DCFM-OLSR,0,-1,-1,-1,-1,-1,-1,-1,1,57.698427,0,0|1|2|3,baseline
2857,2857,1,2.2.0,2,50,750.000000,1000.000000,0,190.000000,3,1,2,5,25.000000,DCFM-OLSR,0,-1,-1,-1,-1,-1,-1,-1,1,62.011435,0,0|1|2|3,baseline
