run_id,scenario,window_start,window_end,defense_enabled,attack_enabled,attacker_on_path,num_attackers_label
2,baseline,120.000000,160.000000,0,0,0,1
2,attack_only,220.000000,260.000000,0,1,0,1
2,defense_only,320.000000,360.000000,1,0,0,1
2,defense_vs_attack,420.000000,460.000000,1,1,0,1
7,baseline,120.000000,160.000000,0,0,1,1
7,attack_only,220.000000,260.000000,0,1,1,1
7,defense_only,320.000000,360.000000,1,0,1,1
7,defense_vs_attack,420.000000,460.000000,1,1,0,1
8,baseline,120.000000,160.000000,0,0,0,1
8,attack_only,220.000000,260.000000,0,1,0,1
8,defense_only,320.000000,360.000000,1,0,0,1
8,defense_vs_attack,420.000000,460.000000,1,1,0,1
9,baseline,120.000000,160.000000,0,0,1,1
9,attack_only,220.000000,260.000000,0,1,1,1
9,defense_only,320.000000,360.000000,1,0,1,1
9,defense_vs_attack,420.000000,460.000000,1,1,0,1
12,baseline,120.000000,160.000000,0,0,0,1
12,attack_only,220.000000,260.000000,0,1,0,1
12,defense_only,320.000000,360.000000,1,0,0,1
12,defense_vs_attack,420.000000,460.000000,1,1,0,1
18,baseline,120.000000,160.000000,0,0,0,1
18,attack_only,220.000000,260.000000,0,1,0,1
18,defense_only,320.000000,360.000000,1,0,0,1
18,defense_vs_attack,420.000000,460.000000,1,1,0,1
24,baseline,120.000000,160.000000,0,0,1,1
24,attack_only,220.000000,260.000000,0,1,1,1
24,defense_only,320.000000,360.000000,1,0,1,1
24,defense_vs_attack,420.000000,460.000000,1,1,0,1
28,baseline,120.000000,160.000000,0,0,1,1
28,attack_only,220.000000,260.000000,0,1,1,1
28,defense_only,320.000000,360.000000,1,0,1,1
28,defense_vs_attack,420.000000,460.000000,1,1,0,1
31,baseline,120.000000,160.000000,0,0,0,1
31,attack_only,220.000000,260.000000,0,1,0,1
31,defense_only,320.000000,360.000000,1,0,0,1
31,defense_vs_attack,420.000000,460.000000,1,1,0,1
35,baseline,120.000000,160.000000,0,0,0,1
35,attack_only,220.000000,260.000000,0,1,0,1
35,defense_only,320.000000,360.000000,1,0,0,1
35,defense_vs_attack,420.000000,460.000000,1,1,0,1
42,baseline,120.000000,160.000000,0,0,0,1
42,attack_only,220.000000,260.000000,0,1,0,1
42,defense_only,320.000000,360.000000,1,0,0,1
42,defense_vs_attack,420.000000,460.000000,1,1,0,1
43,baseline,120.000000,160.000000,0,0,0,1
43,attack_only,220.000000,260.000000,0,1,1,1
43,defense_only,320.000000,360.000000,1,0,0,1
43,defense_vs_attack,420.000000,460.000000,1,1,0,1
45,baseline,120.000000,160.000000,0,0,0,1
45,attack_only,220.000000,260.000000,0,1,1,1
45,defense_only,320.000000,360.000000,1,0,0,1
45,defense_vs_attack,420.000000,460.000000,1,1,0,1
47,baseline,120.000000,160.000000,0,0,0,1
47,attack_only,220.000000,260.000000,0,1,0,1
47,defense_only,320.000000,360.000000,1,0,0,1
47,defense_vs_attack,420.000000,460.000000,1,1,0,1
49,baseline,120.000000,160.000000,0,0,0,1
49,attack_only,220.000000,260.000000,0,1,0,1
49,defense_only,320.000000,360.000000,1,0,0,1
49,defense_vs_attack,420.000000,460.000000,1,1,0,1
56,baseline,120.000000,160.000000,0,0,0,1
56,attack_only,220.000000,260.000000,0,1,0,1
56,defense_only,320.000000,360.000000,1,0,0,1
56,defense_vs_attack,420.000000,460.000000,1,1,0,1
62,baseline,120.000000,160.000000,0,0,0,1
62,attack_only,220.000000,260.000000,0,1,0,1
62,defense_only,320.000000,360.000000,1,0,0,1
62,defense_vs_attack,420.000000,460.000000,1,1,0,1
63,baseline,120.000000,160.000000,0,0,0,1
63,attack_only,220.000000,260.000000,0,1,0,1
63,defense_only,320.000000,360.000000,1,0,0,1
63,defense_vs_attack,420.000000,460.000000,1,1,0,1
64,baseline,120.000000,160.000000,0,0,0,1
64,attack_only,220.000000,260.000000,0,1,0,1
64,defense_only,320.000000,360.000000,1,0,0,1
64,defense_vs_attack,420.000000,460.000000,1,1,0,1
65,baseline,120.000000,160.000000,0,0,0,1
65,attack_only,220.000000,260.000000,0,1,0,1
65,defense_only,320.000000,360.000000,1,0,0,1
65,defense_vs_attack,420.000000,460.000000,1,1,0,1
66,baseline,120.000000,160.000000,0,0,0,1
66,attack_only,220.000000,260.000000,0,1,0,1
66,defense_only,320.000000,360.000000,1,0,0,1
66,defense_vs_attack,420.000000,460.000000,1,1,0,1
67,baseline,120.000000,160.000000,0,0,0,1
67,attack_only,220.000000,260.000000,0,1,0,1
67,defense_only,320.000000,360.000000,1,0,0,1
67,defense_vs_attack,420.000000,460.000000,1,1,0,1
73,baseline,120.000000,160.000000,0,0,0,1
73,attack_only,220.000000,260.000000,0,1,0,1
73,defense_only,320.000000,360.000000,1,0,0,1
73,defense_vs_attack,420.000000,460.000000,1,1,0,1
75,baseline,120.000000,160.000000,0,0,1,1
75,attack_only,220.000000,260.000000,0,1,1,1
75,defense_only,320.000000,360.000000,1,0,1,1
75,defense_vs_attack,420.000000,460.000000,1,1,0,1
77,baseline,120.000000,160.000000,0,0,0,1
77,attack_only,220.000000,260.000000,0,1,1,1
77,defense_only,320.000000,360.000000,1,0,0,1
77,defense_vs_attack,420.000000,460.000000,1,1,0,1
80,baseline,120.000000,160.000000,0,0,0,1
80,attack_only,220.000000,260.000000,0,1,0,1
80,defense_only,320.000000,360.000000,1,0,0,1
80,defense_vs_attack,420.000000,460.000000,1,1,0,1
82,baseline,120.000000,160.000000,0,0,0,1
82,attack_only,220.000000,260.000000,0,1,0,1
82,defense_only,320.000000,360.000000,1,0,0,1
82,defense_vs_attack,420.000000,460.000000,1,1,0,1
84,baseline,120.000000,160.000000,0,0,0,1
84,attack_only,220.000000,260.000000,0,1,0,1
84,defense_only,320.000000,360.000000,1,0,0,1
84,defense_vs_attack,420.000000,460.000000,1,1,0,1
94,baseline,120.000000,160.000000,0,0,0,1
94,attack_only,220.000000,260.000000,0,1,1,1
94,defense_only,320.000000,360.000000,1,0,0,1
94,defense_vs_attack,420.000000,460.000000,1,1,0,1
95,baseline,120.000000,160.000000,0,0,1,1
95,attack_only,220.000000,260.000000,0,1,1,1
95,defense_only,320.000000,360.000000,1,0,1,1
95,defense_vs_attack,420.000000,460.000000,1,1,0,1
101,baseline,120.000000,160.000000,0,0,0,1
101,attack_only,220.000000,260.000000,0,1,0,1
101,defense_only,320.000000,360.000000,1,0,0,1
101,defense_vs_attack,420.000000,460.000000,1,1,0,1
105,baseline,120.000000,160.000000,0,0,0,1
105,attack_only,220.000000,260.000000,0,1,0,1
105,defense_only,320.000000,360.000000,1,0,0,1
105,defense_vs_attack,420.000000,460.000000,1,1,0,1
107,baseline,120.000000,160.000000,0,0,0,1
107,attack_only,220.000000,260.000000,0,1,0,1
107,defense_only,320.000000,360.000000,1,0,0,1
107,defense_vs_attack,420.000000,460.000000,1,1,0,1
109,baseline,120.000000,160.000000,0,0,0,1
109,attack_only,220.000000,260.000000,0,1,0,1
109,defense_only,320.000000,360.000000,1,0,0,1
109,defense_vs_attack,420.000000,460.000000,1,1,0,1
110,baseline,120.000000,160.000000,0,0,0,1
110,attack_only,220.000000,260.000000,0,1,0,1
110,defense_only,320.000000,360.000000,1,0,0,1
110,defense_vs_attack,420.000000,460.000000,1,1,0,1
111,baseline,120.000000,160.000000,0,0,0,1
111,attack_only,220.000000,260.000000,0,1,0,1
111,defense_only,320.000000,360.000000,1,0,0,1
111,defense_vs_attack,420.000000,460.000000,1,1,0,1
113,baseline,120.000000,160.000000,0,0,0,1
113,attack_only,220.000000,260.000000,0,1,1,1
113,defense_only,320.000000,360.000000,1,0,0,1
113,defense_vs_attack,420.000000,460.000000,1,1,0,1
116,baseline,120.000000,160.000000,0,0,0,1
116,attack_only,220.000000,260.000000,0,1,0,1
116,defense_only,320.000000,360.000000,1,0,0,1
116,defense_vs_attack,420.000000,460.000000,1,1,0,1
119,baseline,120.000000,160.000000,0,0,0,1
119,attack_only,220.000000,260.000000,0,1,0,1
119,defense_only,320.000000,360.000000,1,0,0,1
119,defense_vs_attack,420.000000,460.000000,1,1,0,1
122,baseline,120.000000,160.000000,0,0,0,1
122,attack_only,220.000000,260.000000,0,1,0,1
122,defense_only,320.000000,360.000000,1,0,0,1
122,defense_vs_attack,420.000000,460.000000,1,1,0,1
125,baseline,120.000000,160.000000,0,0,0,1
125,attack_only,220.000000,260.000000,0,1,0,1
125,defense_only,320.000000,360.000000,1,0,1,1
125,defense_vs_attack,420.000000,460.000000,1,1,0,1
129,baseline,120.000000,160.000000,0,0,0,1
129,attack_only,220.000000,260.000000,0,1,0,1
129,defense_only,320.000000,360.000000,1,0,0,1
129,defense_vs_attack,420.000000,460.000000,1,1,0,1
132,baseline,120.000000,160.000000,0,0,0,1
132,attack_only,220.000000,260.000000,0,1,0,1
132,defense_only,320.000000,360.000000,1,0,0,1
132,defense_vs_attack,420.000000,460.000000,1,1,0,1
141,baseline,120.000000,160.000000,0,0,1,1
141,attack_only,220.000000,260.000000,0,1,1,1
141,defense_only,320.000000,360.000000,1,0,1,1
141,defense_vs_attack,420.000000,460.000000,1,1,0,1
148,baseline,120.000000,160.000000,0,0,0,1
148,attack_only,220.000000,260.000000,0,1,1,1
148,defense_only,320.000000,360.000000,1,0,0,1
148,defense_vs_attack,420.000000,460.000000,1,1,0,1
151,baseline,120.000000,160.000000,0,0,0,1
151,attack_only,220.000000,260.000000,0,1,0,1
151,defense_only,320.000000,360.000000,1,0,0,1
151,defense_vs_attack,420.000000,460.000000,1,1,0,1
152,baseline,120.000000,160.000000,0,0,0,1
152,attack_only,220.000000,260.000000,0,1,0,1
152,defense_only,320.000000,360.000000,1,0,0,1
152,defense_vs_attack,420.000000,460.000000,1,1,0,1
154,baseline,120.000000,160.000000,0,0,0,1
154,attack_only,220.000000,260.000000,0,1,0,1
154,defense_only,320.000000,360.000000,1,0,0,1
154,defense_vs_attack,420.000000,460.000000,1,1,0,1
157,baseline,120.000000,160.000000,0,0,1,1
157,attack_only,220.000000,260.000000,0,1,1,1
157,defense_only,320.000000,360.000000,1,0,1,1
157,defense_vs_attack,420.000000,460.000000,1,1,0,1
164,baseline,120.000000,160.000000,0,0,0,1
164,attack_only,220.000000,260.000000,0,1,0,1
164,defense_only,320.000000,360.000000,1,0,0,1
164,defense_vs_attack,420.000000,460.000000,1,1,0,1
167,baseline,120.000000,160.000000,0,0,0,1
167,attack_only,220.000000,260.000000,0,1,1,1
167,defense_only,320.000000,360.000000,1,0,0,1
167,defense_vs_attack,420.000000,460.000000,1,1,0,1
170,baseline,120.000000,160.000000,0,0,1,1
170,attack_only,220.000000,260.000000,0,1,1,1
170,defense_only,320.000000,360.000000,1,0,1,1
170,defense_vs_attack,420.000000,460.000000,1,1,0,1
171,baseline,120.000000,160.000000,0,0,1,1
171,attack_only,220.000000,260.000000,0,1,1,1
171,defense_only,320.000000,360.000000,1,0,1,1
171,defense_vs_attack,420.000000,460.000000,1,1,0,1
172,baseline,120.000000,160.000000,0,0,0,1
172,attack_only,220.000000,260.000000,0,1,0,1
172,defense_only,320.000000,360.000000,1,0,0,1
172,defense_vs_attack,420.000000,460.000000,1,1,0,1
174,baseline,120.000000,160.000000,0,0,0,1
174,attack_only,220.000000,260.000000,0,1,0,1
174,defense_only,320.000000,360.000000,1,0,0,1
174,defense_vs_attack,420.000000,460.000000,1,1,0,1
177,baseline,120.000000,160.000000,0,0,0,1
177,attack_only,220.000000,260.000000,0,1,0,1
177,defense_only,320.000000,360.000000,1,0,0,1
177,defense_vs_attack,420.000000,460.000000,1,1,0,1
188,baseline,120.000000,160.000000,0,0,1,1
188,attack_only,220.000000,260.000000,0,1,1,1
188,defense_only,320.000000,360.000000,1,0,1,1
188,defense_vs_attack,420.000000,460.000000,1,1,0,1
191,baseline,120.000000,160.000000,0,0,0,1
191,attack_only,220.000000,260.000000,0,1,1,1
191,defense_only,320.000000,360.000000,1,0,0,1
191,defense_vs_attack,420.000000,460.000000,1,1,0,1
193,baseline,120.000000,160.000000,0,0,0,1
193,attack_only,220.000000,260.000000,0,1,0,1
193,defense_only,320.000000,360.000000,1,0,0,1
193,defense_vs_attack,420.000000,460.000000,1,1,0,1
196,baseline,120.000000,160.000000,0,0,0,1
196,attack_only,220.000000,260.000000,0,1,0,1
196,defense_only,320.000000,360.000000,1,0,0,1
196,defense_vs_attack,420.000000,460.000000,1,1,0,1
200,baseline,120.000000,160.000000,0,0,0,1
200,attack_only,220.000000,260.000000,0,1,0,1
200,defense_only,320.000000,360.000000,1,0,0,1
200,defense_vs_attack,420.000000,460.000000,1,1,0,1
201,baseline,120.000000,160.000000,0,0,0,1
201,attack_only,220.000000,260.000000,0,1,0,1
201,defense_only,320.000000,360.000000,1,0,0,1
201,defense_vs_attack,420.000000,460.000000,1,1,0,1
206,baseline,120.000000,160.000000,0,0,0,1
206,attack_only,220.000000,260.000000,0,1,1,1
206,defense_only,320.000000,360.000000,1,0,0,1
206,defense_vs_attack,420.000000,460.000000,1,1,0,1
208,baseline,120.000000,160.000000,0,0,1,1
208,attack_only,220.000000,260.000000,0,1,1,1
208,defense_only,320.000000,360.000000,1,0,1,1
208,defense_vs_attack,420.000000,460.000000,1,1,0,1
202,baseline,120.000000,160.000000,0,0,0,1
202,attack_only,220.000000,260.000000,0,1,0,1
202,defense_only,320.000000,360.000000,1,0,0,1
202,defense_vs_attack,420.000000,460.000000,1,1,0,1
210,baseline,120.000000,160.000000,0,0,0,1
210,attack_only,220.000000,260.000000,0,1,0,1
210,defense_only,320.000000,360.000000,1,0,0,1
210,defense_vs_attack,420.000000,460.000000,1,1,0,1
207,baseline,120.000000,160.000000,0,0,1,1
207,attack_only,220.000000,260.000000,0,1,1,1
207,defense_only,320.000000,360.000000,1,0,1,1
207,defense_vs_attack,420.000000,460.000000,1,1,0,1
215,baseline,120.000000,160.000000,0,0,0,1
215,attack_only,220.000000,260.000000,0,1,0,1
215,defense_only,320.000000,360.000000,1,0,0,1
215,defense_vs_attack,420.000000,460.000000,1,1,0,1
212,baseline,120.000000,160.000000,0,0,1,1
212,attack_only,220.000000,260.000000,0,1,1,1
212,defense_only,320.000000,360.000000,1,0,1,1
212,defense_vs_attack,420.000000,460.000000,1,1,0,1
219,baseline,120.000000,160.000000,0,0,0,1
219,attack_only,220.000000,260.000000,0,1,0,1
219,defense_only,320.000000,360.000000,1,0,0,1
219,defense_vs_attack,420.000000,460.000000,1,1,0,1
229,baseline,120.000000,160.000000,0,0,0,1
229,attack_only,220.000000,260.000000,0,1,0,1
229,defense_only,320.000000,360.000000,1,0,0,1
229,defense_vs_attack,420.000000,460.000000,1,1,0,1
236,baseline,120.000000,160.000000,0,0,1,1
236,attack_only,220.000000,260.000000,0,1,1,1
236,defense_only,320.000000,360.000000,1,0,1,1
236,defense_vs_attack,420.000000,460.000000,1,1,0,1
243,baseline,120.000000,160.000000,0,0,0,1
243,attack_only,220.000000,260.000000,0,1,1,1
243,defense_only,320.000000,360.000000,1,0,0,1
243,defense_vs_attack,420.000000,460.000000,1,1,0,1
239,baseline,120.000000,160.000000,0,0,0,1
239,attack_only,220.000000,260.000000,0,1,0,1
239,defense_only,320.000000,360.000000,1,0,0,1
239,defense_vs_attack,420.000000,460.000000,1,1,0,1
249,baseline,120.000000,160.000000,0,0,0,1
249,attack_only,220.000000,260.000000,0,1,0,1
249,defense_only,320.000000,360.000000,1,0,0,1
249,defense_vs_attack,420.000000,460.000000,1,1,0,1
262,baseline,120.000000,160.000000,0,0,1,1
262,attack_only,220.000000,260.000000,0,1,1,1
262,defense_only,320.000000,360.000000,1,0,1,1
262,defense_vs_attack,420.000000,460.000000,1,1,0,1
258,baseline,120.000000,160.000000,0,0,0,1
258,attack_only,220.000000,260.000000,0,1,0,1
258,defense_only,320.000000,360.000000,1,0,0,1
258,defense_vs_attack,420.000000,460.000000,1,1,0,1
264,baseline,120.000000,160.000000,0,0,0,1
264,attack_only,220.000000,260.000000,0,1,0,1
264,defense_only,320.000000,360.000000,1,0,0,1
264,defense_vs_attack,420.000000,460.000000,1,1,0,1
259,baseline,120.000000,160.000000,0,0,0,1
259,attack_only,220.000000,260.000000,0,1,0,1
259,defense_only,320.000000,360.000000,1,0,0,1
259,defense_vs_attack,420.000000,460.000000,1,1,0,1
266,baseline,120.000000,160.000000,0,0,0,1
266,attack_only,220.000000,260.000000,0,1,0,1
266,defense_only,320.000000,360.000000,1,0,0,1
266,defense_vs_attack,420.000000,460.000000,1,1,0,1
265,baseline,120.000000,160.000000,0,0,0,1
265,attack_only,220.000000,260.000000,0,1,0,1
265,defense_only,320.000000,360.000000,1,0,0,1
265,defense_vs_attack,420.000000,460.000000,1,1,0,1
268,baseline,120.000000,160.000000,0,0,0,1
268,attack_only,220.000000,260.000000,0,1,0,1
268,defense_only,320.000000,360.000000,1,0,0,1
268,defense_vs_attack,420.000000,460.000000,1,1,0,1
269,baseline,120.000000,160.000000,0,0,0,1
269,attack_only,220.000000,260.000000,0,1,0,1
269,defense_only,320.000000,360.000000,1,0,0,1
269,defense_vs_attack,420.000000,460.000000,1,1,0,1
272,baseline,120.000000,160.000000,0,0,0,1
272,attack_only,220.000000,260.000000,0,1,0,1
272,defense_only,320.000000,360.000000,1,0,0,1
272,defense_vs_attack,420.000000,460.000000,1,1,0,1
271,baseline,120.000000,160.000000,0,0,0,1
271,attack_only,220.000000,260.000000,0,1,0,1
271,defense_only,320.000000,360.000000,1,0,0,1
271,defense_vs_attack,420.000000,460.000000,1,1,0,1
273,baseline,120.000000,160.000000,0,0,0,1
273,attack_only,220.000000,260.000000,0,1,1,1
273,defense_only,320.000000,360.000000,1,0,1,1
273,defense_vs_attack,420.000000,460.000000,1,1,0,1
279,baseline,120.000000,160.000000,0,0,0,1
279,attack_only,220.000000,260.000000,0,1,1,1
279,defense_only,320.000000,360.000000,1,0,0,1
279,defense_vs_attack,420.000000,460.000000,1,1,0,1
285,baseline,120.000000,160.000000,0,0,1,1
285,attack_only,220.000000,260.000000,0,1,1,1
285,defense_only,320.000000,360.000000,1,0,1,1
285,defense_vs_attack,420.000000,460.000000,1,1,0,1
286,baseline,120.000000,160.000000,0,0,0,1
286,attack_only,220.000000,260.000000,0,1,0,1
286,defense_only,320.000000,360.000000,1,0,0,1
286,defense_vs_attack,420.000000,460.000000,1,1,0,1
283,baseline,120.000000,160.000000,0,0,0,1
283,attack_only,220.000000,260.000000,0,1,0,1
283,defense_only,320.000000,360.000000,1,0,0,1
283,defense_vs_attack,420.000000,460.000000,1,1,0,1
287,baseline,120.000000,160.000000,0,0,0,1
287,attack_only,220.000000,260.000000,0,1,0,1
287,defense_only,320.000000,360.000000,1,0,0,1
287,defense_vs_attack,420.000000,460.000000,1,1,0,1
293,baseline,120.000000,160.000000,0,0,0,1
293,attack_only,220.000000,260.000000,0,1,0,1
293,defense_only,320.000000,360.000000,1,0,0,1
293,defense_vs_attack,420.000000,460.000000,1,1,0,1
294,baseline,120.000000,160.000000,0,0,0,1
294,attack_only,220.000000,260.000000,0,1,0,1
294,defense_only,320.000000,360.000000,1,0,1,1
294,defense_vs_attack,420.000000,460.000000,1,1,0,1
298,baseline,120.000000,160.000000,0,0,0,1
298,attack_only,220.000000,260.000000,0,1,1,1
298,defense_only,320.000000,360.000000,1,0,1,1
298,defense_vs_attack,420.000000,460.000000,1,1,0,1
297,baseline,120.000000,160.000000,0,0,0,1
297,attack_only,220.000000,260.000000,0,1,0,1
297,defense_only,320.000000,360.000000,1,0,0,1
297,defense_vs_attack,420.000000,460.000000,1,1,0,1
308,baseline,120.000000,160.000000,0,0,0,1
308,attack_only,220.000000,260.000000,0,1,0,1
308,defense_only,320.000000,360.000000,1,0,0,1
308,defense_vs_attack,420.000000,460.000000,1,1,0,1
307,baseline,120.000000,160.000000,0,0,0,1
307,attack_only,220.000000,260.000000,0,1,0,1
307,defense_only,320.000000,360.000000,1,0,0,1
307,defense_vs_attack,420.000000,460.000000,1,1,0,1
310,baseline,120.000000,160.000000,0,0,0,1
310,attack_only,220.000000,260.000000,0,1,0,1
310,defense_only,320.000000,360.000000,1,0,0,1
310,defense_vs_attack,420.000000,460.000000,1,1,0,1
316,baseline,120.000000,160.000000,0,0,0,1
316,attack_only,220.000000,260.000000,0,1,1,1
316,defense_only,320.000000,360.000000,1,0,0,1
316,defense_vs_attack,420.000000,460.000000,1,1,0,1
317,baseline,120.000000,160.000000,0,0,0,1
317,attack_only,220.000000,260.000000,0,1,0,1
317,defense_only,320.000000,360.000000,1,0,0,1
317,defense_vs_attack,420.000000,460.000000,1,1,0,1
319,baseline,120.000000,160.000000,0,0,0,1
319,attack_only,220.000000,260.000000,0,1,0,1
319,defense_only,320.000000,360.000000,1,0,0,1
319,defense_vs_attack,420.000000,460.000000,1,1,0,1
321,baseline,120.000000,160.000000,0,0,1,1
321,attack_only,220.000000,260.000000,0,1,1,1
321,defense_only,320.000000,360.000000,1,0,1,1
321,defense_vs_attack,420.000000,460.000000,1,1,0,1
322,baseline,120.000000,160.000000,0,0,1,1
322,attack_only,220.000000,260.000000,0,1,1,1
322,defense_only,320.000000,360.000000,1,0,1,1
322,defense_vs_attack,420.000000,460.000000,1,1,0,1
323,baseline,120.000000,160.000000,0,0,0,1
323,attack_only,220.000000,260.000000,0,1,0,1
323,defense_only,320.000000,360.000000,1,0,0,1
323,defense_vs_attack,420.000000,460.000000,1,1,0,1
330,baseline,120.000000,160.000000,0,0,0,1
330,attack_only,220.000000,260.000000,0,1,1,1
330,defense_only,320.000000,360.000000,1,0,0,1
330,defense_vs_attack,420.000000,460.000000,1,1,0,1
327,baseline,120.000000,160.000000,0,0,0,1
327,attack_only,220.000000,260.000000,0,1,0,1
327,defense_only,320.000000,360.000000,1,0,0,1
327,defense_vs_attack,420.000000,460.000000,1,1,0,1
331,baseline,120.000000,160.000000,0,0,0,1
331,attack_only,220.000000,260.000000,0,1,0,1
331,defense_only,320.000000,360.000000,1,0,0,1
331,defense_vs_attack,420.000000,460.000000,1,1,0,1
333,baseline,120.000000,160.000000,0,0,0,1
333,attack_only,220.000000,260.000000,0,1,0,1
333,defense_only,320.000000,360.000000,1,0,0,1
333,defense_vs_attack,420.000000,460.000000,1,1,0,1
334,baseline,120.000000,160.000000,0,0,1,1
334,attack_only,220.000000,260.000000,0,1,1,1
334,defense_only,320.000000,360.000000,1,0,1,1
334,defense_vs_attack,420.000000,460.000000,1,1,0,1
337,baseline,120.000000,160.000000,0,0,0,1
337,attack_only,220.000000,260.000000,0,1,0,1
337,defense_only,320.000000,360.000000,1,0,0,1
337,defense_vs_attack,420.000000,460.000000,1,1,0,1
341,baseline,120.000000,160.000000,0,0,0,1
341,attack_only,220.000000,260.000000,0,1,0,1
341,defense_only,320.000000,360.000000,1,0,0,1
341,defense_vs_attack,420.000000,460.000000,1,1,0,1
340,baseline,120.000000,160.000000,0,0,0,1
340,attack_only,220.000000,260.000000,0,1,1,1
340,defense_only,320.000000,360.000000,1,0,1,1
340,defense_vs_attack,420.000000,460.000000,1,1,0,1
350,baseline,120.000000,160.000000,0,0,1,1
350,attack_only,220.000000,260.000000,0,1,1,1
350,defense_only,320.000000,360.000000,1,0,1,1
350,defense_vs_attack,420.000000,460.000000,1,1,0,1
354,baseline,120.000000,160.000000,0,0,0,1
354,attack_only,220.000000,260.000000,0,1,1,1
354,defense_only,320.000000,360.000000,1,0,1,1
354,defense_vs_attack,420.000000,460.000000,1,1,0,1
362,baseline,120.000000,160.000000,0,0,0,1
362,attack_only,220.000000,260.000000,0,1,1,1
362,defense_only,320.000000,360.000000,1,0,0,1
362,defense_vs_attack,420.000000,460.000000,1,1,0,1
363,baseline,120.000000,160.000000,0,0,1,1
363,attack_only,220.000000,260.000000,0,1,1,1
363,defense_only,320.000000,360.000000,1,0,1,1
363,defense_vs_attack,420.000000,460.000000,1,1,0,1
365,baseline,120.000000,160.000000,0,0,1,1
365,attack_only,220.000000,260.000000,0,1,1,1
365,defense_only,320.000000,360.000000,1,0,1,1
365,defense_vs_attack,420.000000,460.000000,1,1,0,1
372,baseline,120.000000,160.000000,0,0,0,1
372,attack_only,220.000000,260.000000,0,1,0,1
372,defense_only,320.000000,360.000000,1,0,0,1
372,defense_vs_attack,420.000000,460.000000,1,1,0,1
373,baseline,120.000000,160.000000,0,0,0,1
373,attack_only,220.000000,260.000000,0,1,1,1
373,defense_only,320.000000,360.000000,1,0,0,1
373,defense_vs_attack,420.000000,460.000000,1,1,0,1
374,baseline,120.000000,160.000000,0,0,0,1
374,attack_only,220.000000,260.000000,0,1,0,1
374,defense_only,320.000000,360.000000,1,0,0,1
374,defense_vs_attack,420.000000,460.000000,1,1,0,1
377,baseline,120.000000,160.000000,0,0,0,1
377,attack_only,220.000000,260.000000,0,1,1,1
377,defense_only,320.000000,360.000000,1,0,0,1
377,defense_vs_attack,420.000000,460.000000,1,1,0,1
381,baseline,120.000000,160.000000,0,0,0,1
381,attack_only,220.000000,260.000000,0,1,0,1
381,defense_only,320.000000,360.000000,1,0,0,1
381,defense_vs_attack,420.000000,460.000000,1,1,0,1
385,baseline,120.000000,160.000000,0,0,1,1
385,attack_only,220.000000,260.000000,0,1,1,1
385,defense_only,320.000000,360.000000,1,0,1,1
385,defense_vs_attack,420.000000,460.000000,1,1,0,1
387,baseline,120.000000,160.000000,0,0,0,1
387,attack_only,220.000000,260.000000,0,1,0,1
387,defense_only,320.000000,360.000000,1,0,0,1
387,defense_vs_attack,420.000000,460.000000,1,1,0,1
392,baseline,120.000000,160.000000,0,0,0,1
392,attack_only,220.000000,260.000000,0,1,1,1
392,defense_only,320.000000,360.000000,1,0,1,1
392,defense_vs_attack,420.000000,460.000000,1,1,0,1
391,baseline,120.000000,160.000000,0,0,0,1
391,attack_only,220.000000,260.000000,0,1,0,1
391,defense_only,320.000000,360.000000,1,0,0,1
391,defense_vs_attack,420.000000,460.000000,1,1,0,1
397,baseline,120.000000,160.000000,0,0,1,1
397,attack_only,220.000000,260.000000,0,1,1,1
397,defense_only,320.000000,360.000000,1,0,1,1
397,defense_vs_attack,420.000000,460.000000,1,1,0,1
396,baseline,120.000000,160.000000,0,0,0,1
396,attack_only,220.000000,260.000000,0,1,0,1
396,defense_only,320.000000,360.000000,1,0,0,1
396,defense_vs_attack,420.000000,460.000000,1,1,0,1
393,baseline,120.000000,160.000000,0,0,0,1
393,attack_only,220.000000,260.000000,0,1,0,1
393,defense_only,320.000000,360.000000,1,0,0,1
393,defense_vs_attack,420.000000,460.000000,1,1,0,1
399,baseline,120.000000,160.000000,0,0,0,1
399,attack_only,220.000000,260.000000,0,1,0,1
399,defense_only,320.000000,360.000000,1,0,0,1
399,defense_vs_attack,420.000000,460.000000,1,1,0,1
401,baseline,120.000000,160.000000,0,0,0,1
401,attack_only,220.000000,260.000000,0,1,0,1
401,defense_only,320.000000,360.000000,1,0,0,1
401,defense_vs_attack,420.000000,460.000000,1,1,0,1
402,baseline,120.000000,160.000000,0,0,0,1
402,attack_only,220.000000,260.000000,0,1,0,1
402,defense_only,320.000000,360.000000,1,0,0,1
402,defense_vs_attack,420.000000,460.000000,1,1,0,1
403,baseline,120.000000,160.000000,0,0,0,1
403,attack_only,220.000000,260.000000,0,1,0,1
403,defense_only,320.000000,360.000000,1,0,0,1
403,defense_vs_attack,420.000000,460.000000,1,1,0,1
404,baseline,120.000000,160.000000,0,0,0,1
404,attack_only,220.000000,260.000000,0,1,0,1
404,defense_only,320.000000,360.000000,1,0,0,1
404,defense_vs_attack,420.000000,460.000000,1,1,0,1
405,baseline,120.000000,160.000000,0,0,0,1
405,attack_only,220.000000,260.000000,0,1,1,1
405,defense_only,320.000000,360.000000,1,0,0,1
405,defense_vs_attack,420.000000,460.000000,1,1,0,1
406,baseline,120.000000,160.000000,0,0,0,1
406,attack_only,220.000000,260.000000,0,1,1,1
406,defense_only,320.000000,360.000000,1,0,0,1
406,defense_vs_attack,420.000000,460.000000,1,1,0,1
407,baseline,120.000000,160.000000,0,0,0,1
407,attack_only,220.000000,260.000000,0,1,0,1
407,defense_only,320.000000,360.000000,1,0,0,1
407,defense_vs_attack,420.000000,460.000000,1,1,0,1
410,baseline,120.000000,160.000000,0,0,1,1
410,attack_only,220.000000,260.000000,0,1,1,1
410,defense_only,320.000000,360.000000,1,0,1,1
410,defense_vs_attack,420.000000,460.000000,1,1,0,1
409,baseline,120.000000,160.000000,0,0,0,1
409,attack_only,220.000000,260.000000,0,1,0,1
409,defense_only,320.000000,360.000000,1,0,0,1
409,defense_vs_attack,420.000000,460.000000,1,1,0,1
412,baseline,120.000000,160.000000,0,0,0,1
412,attack_only,220.000000,260.000000,0,1,0,1
412,defense_only,320.000000,360.000000,1,0,0,1
412,defense_vs_attack,420.000000,460.000000,1,1,0,1
420,baseline,120.000000,160.000000,0,0,1,1
420,attack_only,220.000000,260.000000,0,1,1,1
420,defense_only,320.000000,360.000000,1,0,1,1
420,defense_vs_attack,420.000000,460.000000,1,1,0,1
419,baseline,120.000000,160.000000,0,0,1,1
419,attack_only,220.000000,260.000000,0,1,1,1
419,defense_only,320.000000,360.000000,1,0,1,1
419,defense_vs_attack,420.000000,460.000000,1,1,0,1
418,baseline,120.000000,160.000000,0,0,0,1
418,attack_only,220.000000,260.000000,0,1,1,1
418,defense_only,320.000000,360.000000,1,0,0,1
418,defense_vs_attack,420.000000,460.000000,1,1,0,1
421,baseline,120.000000,160.000000,0,0,0,1
421,attack_only,220.000000,260.000000,0,1,0,1
421,defense_only,320.000000,360.000000,1,0,0,1
421,defense_vs_attack,420.000000,460.000000,1,1,0,1
415,baseline,120.000000,160.000000,0,0,0,1
415,attack_only,220.000000,260.000000,0,1,1,1
415,defense_only,320.000000,360.000000,1,0,0,1
415,defense_vs_attack,420.000000,460.000000,1,1,0,1
431,baseline,120.000000,160.000000,0,0,0,1
431,attack_only,220.000000,260.000000,0,1,0,1
431,defense_only,320.000000,360.000000,1,0,0,1
431,defense_vs_attack,420.000000,460.000000,1,1,0,1
432,baseline,120.000000,160.000000,0,0,0,1
432,attack_only,220.000000,260.000000,0,1,0,1
432,defense_only,320.000000,360.000000,1,0,0,1
432,defense_vs_attack,420.000000,460.000000,1,1,0,1
441,baseline,120.000000,160.000000,0,0,0,1
441,attack_only,220.000000,260.000000,0,1,1,1
441,defense_only,320.000000,360.000000,1,0,0,1
441,defense_vs_attack,420.000000,460.000000,1,1,0,1
440,baseline,120.000000,160.000000,0,0,0,1
440,attack_only,220.000000,260.000000,0,1,0,1
440,defense_only,320.000000,360.000000,1,0,0,1
440,defense_vs_attack,420.000000,460.000000,1,1,0,1
442,baseline,120.000000,160.000000,0,0,1,1
442,attack_only,220.000000,260.000000,0,1,1,1
442,defense_only,320.000000,360.000000,1,0,1,1
442,defense_vs_attack,420.000000,460.000000,1,1,0,1
445,baseline,120.000000,160.000000,0,0,1,1
445,attack_only,220.000000,260.000000,0,1,1,1
445,defense_only,320.000000,360.000000,1,0,1,1
445,defense_vs_attack,420.000000,460.000000,1,1,0,1
448,baseline,120.000000,160.000000,0,0,0,1
448,attack_only,220.000000,260.000000,0,1,1,1
448,defense_only,320.000000,360.000000,1,0,0,1
448,defense_vs_attack,420.000000,460.000000,1,1,0,1
450,baseline,120.000000,160.000000,0,0,1,1
450,attack_only,220.000000,260.000000,0,1,1,1
450,defense_only,320.000000,360.000000,1,0,1,1
450,defense_vs_attack,420.000000,460.000000,1,1,0,1
454,baseline,120.000000,160.000000,0,0,0,1
454,attack_only,220.000000,260.000000,0,1,0,1
454,defense_only,320.000000,360.000000,1,0,0,1
454,defense_vs_attack,420.000000,460.000000,1,1,0,1
455,baseline,120.000000,160.000000,0,0,0,1
455,attack_only,220.000000,260.000000,0,1,0,1
455,defense_only,320.000000,360.000000,1,0,0,1
455,defense_vs_attack,420.000000,460.000000,1,1,0,1
461,baseline,120.000000,160.000000,0,0,0,1
461,attack_only,220.000000,260.000000,0,1,0,1
461,defense_only,320.000000,360.000000,1,0,0,1
461,defense_vs_attack,420.000000,460.000000,1,1,0,1
460,baseline,120.000000,160.000000,0,0,0,1
460,attack_only,220.000000,260.000000,0,1,0,1
460,defense_only,320.000000,360.000000,1,0,0,1
460,defense_vs_attack,420.000000,460.000000,1,1,0,1
464,baseline,120.000000,160.000000,0,0,0,1
464,attack_only,220.000000,260.000000,0,1,1,1
464,defense_only,320.000000,360.000000,1,0,0,1
464,defense_vs_attack,420.000000,460.000000,1,1,0,1
475,baseline,120.000000,160.000000,0,0,0,1
475,attack_only,220.000000,260.000000,0,1,0,1
475,defense_only,320.000000,360.000000,1,0,0,1
475,defense_vs_attack,420.000000,460.000000,1,1,0,1
470,baseline,120.000000,160.000000,0,0,0,1
470,attack_only,220.000000,260.000000,0,1,0,1
470,defense_only,320.000000,360.000000,1,0,0,1
470,defense_vs_attack,420.000000,460.000000,1,1,0,1
473,baseline,120.000000,160.000000,0,0,0,1
473,attack_only,220.000000,260.000000,0,1,1,1
473,defense_only,320.000000,360.000000,1,0,1,1
473,defense_vs_attack,420.000000,460.000000,1,1,0,1
478,baseline,120.000000,160.000000,0,0,0,1
478,attack_only,220.000000,260.000000,0,1,0,1
478,defense_only,320.000000,360.000000,1,0,0,1
478,defense_vs_attack,420.000000,460.000000,1,1,0,1
479,baseline,120.000000,160.000000,0,0,0,1
479,attack_only,220.000000,260.000000,0,1,0,1
479,defense_only,320.000000,360.000000,1,0,0,1
479,defense_vs_attack,420.000000,460.000000,1,1,0,1
481,baseline,120.000000,160.000000,0,0,0,1
481,attack_only,220.000000,260.000000,0,1,0,1
481,defense_only,320.000000,360.000000,1,0,0,1
481,defense_vs_attack,420.000000,460.000000,1,1,0,1
482,baseline,120.000000,160.000000,0,0,0,1
482,attack_only,220.000000,260.000000,0,1,0,1
482,defense_only,320.000000,360.000000,1,0,0,1
482,defense_vs_attack,420.000000,460.000000,1,1,0,1
486,baseline,120.000000,160.000000,0,0,0,1
486,attack_only,220.000000,260.000000,0,1,1,1
486,defense_only,320.000000,360.000000,1,0,0,1
486,defense_vs_attack,420.000000,460.000000,1,1,0,1
489,baseline,120.000000,160.000000,0,0,0,1
489,attack_only,220.000000,260.000000,0,1,1,1
489,defense_only,320.000000,360.000000,1,0,0,1
489,defense_vs_attack,420.000000,460.000000,1,1,0,1
493,baseline,120.000000,160.000000,0,0,1,1
493,attack_only,220.000000,260.000000,0,1,1,1
493,defense_only,320.000000,360.000000,1,0,1,1
493,defense_vs_attack,420.000000,460.000000,1,1,0,1
496,baseline,120.000000,160.000000,0,0,0,1
496,attack_only,220.000000,260.000000,0,1,1,1
496,defense_only,320.000000,360.000000,1,0,0,1
496,defense_vs_attack,420.000000,460.000000,1,1,0,1
499,baseline,120.000000,160.000000,0,0,0,1
499,attack_only,220.000000,260.000000,0,1,0,1
499,defense_only,320.000000,360.000000,1,0,0,1
499,defense_vs_attack,420.000000,460.000000,1,1,0,1
498,baseline,120.000000,160.000000,0,0,0,1
498,attack_only,220.000000,260.000000,0,1,0,1
498,defense_only,320.000000,360.000000,1,0,0,1
498,defense_vs_attack,420.000000,460.000000,1,1,0,1
491,baseline,120.000000,160.000000,0,0,0,1
491,attack_only,220.000000,260.000000,0,1,0,1
491,defense_only,320.000000,360.000000,1,0,0,1
491,defense_vs_attack,420.000000,460.000000,1,1,0,1
510,baseline,120.000000,160.000000,0,0,0,1
510,attack_only,220.000000,260.000000,0,1,0,1
510,defense_only,320.000000,360.000000,1,0,0,1
510,defense_vs_attack,420.000000,460.000000,1,1,0,1
515,baseline,120.000000,160.000000,0,0,0,1
515,attack_only,220.000000,260.000000,0,1,0,1
515,defense_only,320.000000,360.000000,1,0,0,1
515,defense_vs_attack,420.000000,460.000000,1,1,0,1
520,baseline,120.000000,160.000000,0,0,0,1
520,attack_only,220.000000,260.000000,0,1,1,1
520,defense_only,320.000000,360.000000,1,0,0,1
520,defense_vs_attack,420.000000,460.000000,1,1,0,1
525,baseline,120.000000,160.000000,0,0,1,1
525,attack_only,220.000000,260.000000,0,1,1,1
525,defense_only,320.000000,360.000000,1,0,1,1
525,defense_vs_attack,420.000000,460.000000,1,1,0,1
517,baseline,120.000000,160.000000,0,0,0,1
517,attack_only,220.000000,260.000000,0,1,0,1
517,defense_only,320.000000,360.000000,1,0,0,1
517,defense_vs_attack,420.000000,460.000000,1,1,0,1
526,baseline,120.000000,160.000000,0,0,0,1
526,attack_only,220.000000,260.000000,0,1,1,1
526,defense_only,320.000000,360.000000,1,0,0,1
526,defense_vs_attack,420.000000,460.000000,1,1,0,1
528,baseline,120.000000,160.000000,0,0,0,1
528,attack_only,220.000000,260.000000,0,1,0,1
528,defense_only,320.000000,360.000000,1,0,0,1
528,defense_vs_attack,420.000000,460.000000,1,1,0,1
529,baseline,120.000000,160.000000,0,0,1,1
529,attack_only,220.000000,260.000000,0,1,1,1
529,defense_only,320.000000,360.000000,1,0,1,1
529,defense_vs_attack,420.000000,460.000000,1,1,0,1
530,baseline,120.000000,160.000000,0,0,0,1
530,attack_only,220.000000,260.000000,0,1,1,1
530,defense_only,320.000000,360.000000,1,0,1,1
530,defense_vs_attack,420.000000,460.000000,1,1,0,1
532,baseline,120.000000,160.000000,0,0,0,1
532,attack_only,220.000000,260.000000,0,1,0,1
532,defense_only,320.000000,360.000000,1,0,0,1
532,defense_vs_attack,420.000000,460.000000,1,1,0,1
533,baseline,120.000000,160.000000,0,0,0,1
533,attack_only,220.000000,260.000000,0,1,0,1
533,defense_only,320.000000,360.000000,1,0,0,1
533,defense_vs_attack,420.000000,460.000000,1,1,0,1
535,baseline,120.000000,160.000000,0,0,0,1
535,attack_only,220.000000,260.000000,0,1,0,1
535,defense_only,320.000000,360.000000,1,0,0,1
535,defense_vs_attack,420.000000,460.000000,1,1,0,1
536,baseline,120.000000,160.000000,0,0,0,1
536,attack_only,220.000000,260.000000,0,1,1,1
536,defense_only,320.000000,360.000000,1,0,0,1
536,defense_vs_attack,420.000000,460.000000,1,1,0,1
539,baseline,120.000000,160.000000,0,0,0,1
539,attack_only,220.000000,260.000000,0,1,1,1
539,defense_only,320.000000,360.000000,1,0,1,1
539,defense_vs_attack,420.000000,460.000000,1,1,0,1
537,baseline,120.000000,160.000000,0,0,0,1
537,attack_only,220.000000,260.000000,0,1,0,1
537,defense_only,320.000000,360.000000,1,0,0,1
537,defense_vs_attack,420.000000,460.000000,1,1,0,1
542,baseline,120.000000,160.000000,0,0,1,1
542,attack_only,220.000000,260.000000,0,1,1,1
542,defense_only,320.000000,360.000000,1,0,0,1
542,defense_vs_attack,420.000000,460.000000,1,1,0,1
547,baseline,120.000000,160.000000,0,0,0,1
547,attack_only,220.000000,260.000000,0,1,0,1
547,defense_only,320.000000,360.000000,1,0,0,1
547,defense_vs_attack,420.000000,460.000000,1,1,0,1
557,baseline,120.000000,160.000000,0,0,0,1
557,attack_only,220.000000,260.000000,0,1,0,1
557,defense_only,320.000000,360.000000,1,0,0,1
557,defense_vs_attack,420.000000,460.000000,1,1,0,1
553,baseline,120.000000,160.000000,0,0,0,1
553,attack_only,220.000000,260.000000,0,1,0,1
553,defense_only,320.000000,360.000000,1,0,0,1
553,defense_vs_attack,420.000000,460.000000,1,1,0,1
565,baseline,120.000000,160.000000,0,0,0,1
565,attack_only,220.000000,260.000000,0,1,1,1
565,defense_only,320.000000,360.000000,1,0,0,1
565,defense_vs_attack,420.000000,460.000000,1,1,0,1
568,baseline,120.000000,160.000000,0,0,0,1
568,attack_only,220.000000,260.000000,0,1,0,1
568,defense_only,320.000000,360.000000,1,0,0,1
568,defense_vs_attack,420.000000,460.000000,1,1,0,1
573,baseline,120.000000,160.000000,0,0,0,1
573,attack_only,220.000000,260.000000,0,1,0,1
573,defense_only,320.000000,360.000000,1,0,0,1
573,defense_vs_attack,420.000000,460.000000,1,1,0,1
570,baseline,120.000000,160.000000,0,0,0,1
570,attack_only,220.000000,260.000000,0,1,0,1
570,defense_only,320.000000,360.000000,1,0,0,1
570,defense_vs_attack,420.000000,460.000000,1,1,0,1
571,baseline,120.000000,160.000000,0,0,0,1
571,attack_only,220.000000,260.000000,0,1,0,1
571,defense_only,320.000000,360.000000,1,0,0,1
571,defense_vs_attack,420.000000,460.000000,1,1,0,1
575,baseline,120.000000,160.000000,0,0,0,1
575,attack_only,220.000000,260.000000,0,1,0,1
575,defense_only,320.000000,360.000000,1,0,0,1
575,defense_vs_attack,420.000000,460.000000,1,1,0,1
576,baseline,120.000000,160.000000,0,0,0,1
576,attack_only,220.000000,260.000000,0,1,0,1
576,defense_only,320.000000,360.000000,1,0,0,1
576,defense_vs_attack,420.000000,460.000000,1,1,0,1
577,baseline,120.000000,160.000000,0,0,0,1
577,attack_only,220.000000,260.000000,0,1,0,1
577,defense_only,320.000000,360.000000,1,0,0,1
577,defense_vs_attack,420.000000,460.000000,1,1,0,1
579,baseline,120.000000,160.000000,0,0,0,1
579,attack_only,220.000000,260.000000,0,1,0,1
579,defense_only,320.000000,360.000000,1,0,0,1
579,defense_vs_attack,420.000000,460.000000,1,1,0,1
580,baseline,120.000000,160.000000,0,0,0,1
580,attack_only,220.000000,260.000000,0,1,1,1
580,defense_only,320.000000,360.000000,1,0,0,1
580,defense_vs_attack,420.000000,460.000000,1,1,0,1
584,baseline,120.000000,160.000000,0,0,1,1
584,attack_only,220.000000,260.000000,0,1,1,1
584,defense_only,320.000000,360.000000,1,0,1,1
584,defense_vs_attack,420.000000,460.000000,1,1,0,1
583,baseline,120.000000,160.000000,0,0,0,1
583,attack_only,220.000000,260.000000,0,1,0,1
583,defense_only,320.000000,360.000000,1,0,0,1
583,defense_vs_attack,420.000000,460.000000,1,1,0,1
585,baseline,120.000000,160.000000,0,0,0,1
585,attack_only,220.000000,260.000000,0,1,0,1
585,defense_only,320.000000,360.000000,1,0,0,1
585,defense_vs_attack,420.000000,460.000000,1,1,0,1
589,baseline,120.000000,160.000000,0,0,0,1
589,attack_only,220.000000,260.000000,0,1,1,1
589,defense_only,320.000000,360.000000,1,0,0,1
589,defense_vs_attack,420.000000,460.000000,1,1,0,1
592,baseline,120.000000,160.000000,0,0,0,1
592,attack_only,220.000000,260.000000,0,1,0,1
592,defense_only,320.000000,360.000000,1,0,0,1
592,defense_vs_attack,420.000000,460.000000,1,1,0,1
591,baseline,120.000000,160.000000,0,0,0,1
591,attack_only,220.000000,260.000000,0,1,0,1
591,defense_only,320.000000,360.000000,1,0,0,1
591,defense_vs_attack,420.000000,460.000000,1,1,0,1
594,baseline,120.000000,160.000000,0,0,0,1
594,attack_only,220.000000,260.000000,0,1,0,1
594,defense_only,320.000000,360.000000,1,0,0,1
594,defense_vs_attack,420.000000,460.000000,1,1,0,1
596,baseline,120.000000,160.000000,0,0,0,1
596,attack_only,220.000000,260.000000,0,1,0,1
596,defense_only,320.000000,360.000000,1,0,0,1
596,defense_vs_attack,420.000000,460.000000,1,1,0,1
597,baseline,120.000000,160.000000,0,0,0,1
597,attack_only,220.000000,260.000000,0,1,0,1
597,defense_only,320.000000,360.000000,1,0,0,1
597,defense_vs_attack,420.000000,460.000000,1,1,0,1
604,baseline,120.000000,160.000000,0,0,0,1
604,attack_only,220.000000,260.000000,0,1,0,1
604,defense_only,320.000000,360.000000,1,0,0,1
604,defense_vs_attack,420.000000,460.000000,1,1,0,1
603,baseline,120.000000,160.000000,0,0,0,1
603,attack_only,220.000000,260.000000,0,1,0,1
603,defense_only,320.000000,360.000000,1,0,0,1
603,defense_vs_attack,420.000000,460.000000,1,1,0,1
606,baseline,120.000000,160.000000,0,0,0,1
606,attack_only,220.000000,260.000000,0,1,0,1
606,defense_only,320.000000,360.000000,1,0,0,1
606,defense_vs_attack,420.000000,460.000000,1,1,0,1
609,baseline,120.000000,160.000000,0,0,0,1
609,attack_only,220.000000,260.000000,0,1,0,1
609,defense_only,320.000000,360.000000,1,0,0,1
609,defense_vs_attack,420.000000,460.000000,1,1,0,1
611,baseline,120.000000,160.000000,0,0,0,1
611,attack_only,220.000000,260.000000,0,1,0,1
611,defense_only,320.000000,360.000000,1,0,0,1
611,defense_vs_attack,420.000000,460.000000,1,1,0,1
614,baseline,120.000000,160.000000,0,0,0,1
614,attack_only,220.000000,260.000000,0,1,0,1
614,defense_only,320.000000,360.000000,1,0,0,1
614,defense_vs_attack,420.000000,460.000000,1,1,0,1
613,baseline,120.000000,160.000000,0,0,0,1
613,attack_only,220.000000,260.000000,0,1,0,1
613,defense_only,320.000000,360.000000,1,0,0,1
613,defense_vs_attack,420.000000,460.000000,1,1,0,1
616,baseline,120.000000,160.000000,0,0,0,1
616,attack_only,220.000000,260.000000,0,1,0,1
616,defense_only,320.000000,360.000000,1,0,0,1
616,defense_vs_attack,420.000000,460.000000,1,1,0,1
621,baseline,120.000000,160.000000,0,0,0,1
621,attack_only,220.000000,260.000000,0,1,0,1
621,defense_only,320.000000,360.000000,1,0,0,1
621,defense_vs_attack,420.000000,460.000000,1,1,0,1
623,baseline,120.000000,160.000000,0,0,0,1
623,attack_only,220.000000,260.000000,0,1,0,1
623,defense_only,320.000000,360.000000,1,0,0,1
623,defense_vs_attack,420.000000,460.000000,1,1,0,1
619,baseline,120.000000,160.000000,0,0,0,1
619,attack_only,220.000000,260.000000,0,1,1,1
619,defense_only,320.000000,360.000000,1,0,0,1
619,defense_vs_attack,420.000000,460.000000,1,1,0,1
632,baseline,120.000000,160.000000,0,0,0,1
632,attack_only,220.000000,260.000000,0,1,0,1
632,defense_only,320.000000,360.000000,1,0,0,1
632,defense_vs_attack,420.000000,460.000000,1,1,0,1
639,baseline,120.000000,160.000000,0,0,0,1
639,attack_only,220.000000,260.000000,0,1,0,1
639,defense_only,320.000000,360.000000,1,0,0,1
639,defense_vs_attack,420.000000,460.000000,1,1,0,1
641,baseline,120.000000,160.000000,0,0,0,1
641,attack_only,220.000000,260.000000,0,1,0,1
641,defense_only,320.000000,360.000000,1,0,0,1
641,defense_vs_attack,420.000000,460.000000,1,1,0,1
640,baseline,120.000000,160.000000,0,0,0,1
640,attack_only,220.000000,260.000000,0,1,0,1
640,defense_only,320.000000,360.000000,1,0,0,1
640,defense_vs_attack,420.000000,460.000000,1,1,0,1
642,baseline,120.000000,160.000000,0,0,0,1
642,attack_only,220.000000,260.000000,0,1,0,1
642,defense_only,320.000000,360.000000,1,0,0,1
642,defense_vs_attack,420.000000,460.000000,1,1,0,1
643,baseline,120.000000,160.000000,0,0,0,1
643,attack_only,220.000000,260.000000,0,1,1,1
643,defense_only,320.000000,360.000000,1,0,0,1
643,defense_vs_attack,420.000000,460.000000,1,1,0,1
646,baseline,120.000000,160.000000,0,0,0,1
646,attack_only,220.000000,260.000000,0,1,0,1
646,defense_only,320.000000,360.000000,1,0,0,1
646,defense_vs_attack,420.000000,460.000000,1,1,0,1
647,baseline,120.000000,160.000000,0,0,0,1
647,attack_only,220.000000,260.000000,0,1,1,1
647,defense_only,320.000000,360.000000,1,0,0,1
647,defense_vs_attack,420.000000,460.000000,1,1,0,1
652,baseline,120.000000,160.000000,0,0,1,1
652,attack_only,220.000000,260.000000,0,1,1,1
652,defense_only,320.000000,360.000000,1,0,1,1
652,defense_vs_attack,420.000000,460.000000,1,1,0,1
660,baseline,120.000000,160.000000,0,0,0,1
660,attack_only,220.000000,260.000000,0,1,0,1
660,defense_only,320.000000,360.000000,1,0,1,1
660,defense_vs_attack,420.000000,460.000000,1,1,0,1
666,baseline,120.000000,160.000000,0,0,0,1
666,attack_only,220.000000,260.000000,0,1,0,1
666,defense_only,320.000000,360.000000,1,0,0,1
666,defense_vs_attack,420.000000,460.000000,1,1,0,1
665,baseline,120.000000,160.000000,0,0,0,1
665,attack_only,220.000000,260.000000,0,1,1,1
665,defense_only,320.000000,360.000000,1,0,0,1
665,defense_vs_attack,420.000000,460.000000,1,1,0,1
658,baseline,120.000000,160.000000,0,0,0,1
658,attack_only,220.000000,260.000000,0,1,0,1
658,defense_only,320.000000,360.000000,1,0,0,1
658,defense_vs_attack,420.000000,460.000000,1,1,0,1
671,baseline,120.000000,160.000000,0,0,0,1
671,attack_only,220.000000,260.000000,0,1,0,1
671,defense_only,320.000000,360.000000,1,0,0,1
671,defense_vs_attack,420.000000,460.000000,1,1,0,1
674,baseline,120.000000,160.000000,0,0,1,1
674,attack_only,220.000000,260.000000,0,1,1,1
674,defense_only,320.000000,360.000000,1,0,1,1
674,defense_vs_attack,420.000000,460.000000,1,1,0,1
676,baseline,120.000000,160.000000,0,0,0,1
676,attack_only,220.000000,260.000000,0,1,0,1
676,defense_only,320.000000,360.000000,1,0,0,1
676,defense_vs_attack,420.000000,460.000000,1,1,0,1
685,baseline,120.000000,160.000000,0,0,0,1
685,attack_only,220.000000,260.000000,0,1,0,1
685,defense_only,320.000000,360.000000,1,0,0,1
685,defense_vs_attack,420.000000,460.000000,1,1,0,1
688,baseline,120.000000,160.000000,0,0,0,1
688,attack_only,220.000000,260.000000,0,1,0,1
688,defense_only,320.000000,360.000000,1,0,0,1
688,defense_vs_attack,420.000000,460.000000,1,1,0,1
691,baseline,120.000000,160.000000,0,0,0,1
691,attack_only,220.000000,260.000000,0,1,0,1
691,defense_only,320.000000,360.000000,1,0,0,1
691,defense_vs_attack,420.000000,460.000000,1,1,0,1
694,baseline,120.000000,160.000000,0,0,0,1
694,attack_only,220.000000,260.000000,0,1,0,1
694,defense_only,320.000000,360.000000,1,0,0,1
694,defense_vs_attack,420.000000,460.000000,1,1,0,1
695,baseline,120.000000,160.000000,0,0,0,1
695,attack_only,220.000000,260.000000,0,1,0,1
695,defense_only,320.000000,360.000000,1,0,0,1
695,defense_vs_attack,420.000000,460.000000,1,1,0,1
701,baseline,120.000000,160.000000,0,0,0,1
701,attack_only,220.000000,260.000000,0,1,0,1
701,defense_only,320.000000,360.000000,1,0,0,1
701,defense_vs_attack,420.000000,460.000000,1,1,0,1
700,baseline,120.000000,160.000000,0,0,0,1
700,attack_only,220.000000,260.000000,0,1,0,1
700,defense_only,320.000000,360.000000,1,0,0,1
700,defense_vs_attack,420.000000,460.000000,1,1,0,1
702,baseline,120.000000,160.000000,0,0,1,1
702,attack_only,220.000000,260.000000,0,1,1,1
702,defense_only,320.000000,360.000000,1,0,1,1
702,defense_vs_attack,420.000000,460.000000,1,1,0,1
703,baseline,120.000000,160.000000,0,0,1,1
703,attack_only,220.000000,260.000000,0,1,1,1
703,defense_only,320.000000,360.000000,1,0,1,1
703,defense_vs_attack,420.000000,460.000000,1,1,0,1
707,baseline,120.000000,160.000000,0,0,0,1
707,attack_only,220.000000,260.000000,0,1,0,1
707,defense_only,320.000000,360.000000,1,0,0,1
707,defense_vs_attack,420.000000,460.000000,1,1,0,1
706,baseline,120.000000,160.000000,0,0,0,1
706,attack_only,220.000000,260.000000,0,1,0,1
706,defense_only,320.000000,360.000000,1,0,0,1
706,defense_vs_attack,420.000000,460.000000,1,1,0,1
705,baseline,120.000000,160.000000,0,0,0,1
705,attack_only,220.000000,260.000000,0,1,0,1
705,defense_only,320.000000,360.000000,1,0,0,1
705,defense_vs_attack,420.000000,460.000000,1,1,0,1
709,baseline,120.000000,160.000000,0,0,0,1
709,attack_only,220.000000,260.000000,0,1,0,1
709,defense_only,320.000000,360.000000,1,0,0,1
709,defense_vs_attack,420.000000,460.000000,1,1,0,1
708,baseline,120.000000,160.000000,0,0,0,1
708,attack_only,220.000000,260.000000,0,1,0,1
708,defense_only,320.000000,360.000000,1,0,0,1
708,defense_vs_attack,420.000000,460.000000,1,1,0,1
710,baseline,120.000000,160.000000,0,0,0,1
710,attack_only,220.000000,260.000000,0,1,0,1
710,defense_only,320.000000,360.000000,1,0,0,1
710,defense_vs_attack,420.000000,460.000000,1,1,0,1
711,baseline,120.000000,160.000000,0,0,0,1
711,attack_only,220.000000,260.000000,0,1,0,1
711,defense_only,320.000000,360.000000,1,0,0,1
711,defense_vs_attack,420.000000,460.000000,1,1,0,1
714,baseline,120.000000,160.000000,0,0,0,1
714,attack_only,220.000000,260.000000,0,1,0,1
714,defense_only,320.000000,360.000000,1,0,0,1
714,defense_vs_attack,420.000000,460.000000,1,1,0,1
722,baseline,120.000000,160.000000,0,0,0,1
722,attack_only,220.000000,260.000000,0,1,0,1
722,defense_only,320.000000,360.000000,1,0,0,1
722,defense_vs_attack,420.000000,460.000000,1,1,0,1
720,baseline,120.000000,160.000000,0,0,0,1
720,attack_only,220.000000,260.000000,0,1,1,1
720,defense_only,320.000000,360.000000,1,0,0,1
720,defense_vs_attack,420.000000,460.000000,1,1,0,1
721,baseline,120.000000,160.000000,0,0,0,1
721,attack_only,220.000000,260.000000,0,1,0,1
721,defense_only,320.000000,360.000000,1,0,0,1
721,defense_vs_attack,420.000000,460.000000,1,1,0,1
724,baseline,120.000000,160.000000,0,0,0,1
724,attack_only,220.000000,260.000000,0,1,0,1
724,defense_only,320.000000,360.000000,1,0,0,1
724,defense_vs_attack,420.000000,460.000000,1,1,0,1
726,baseline,120.000000,160.000000,0,0,0,1
726,attack_only,220.000000,260.000000,0,1,1,1
726,defense_only,320.000000,360.000000,1,0,0,1
726,defense_vs_attack,420.000000,460.000000,1,1,0,1
728,baseline,120.000000,160.000000,0,0,0,1
728,attack_only,220.000000,260.000000,0,1,1,1
728,defense_only,320.000000,360.000000,1,0,0,1
728,defense_vs_attack,420.000000,460.000000,1,1,0,1
729,baseline,120.000000,160.000000,0,0,0,1
729,attack_only,220.000000,260.000000,0,1,0,1
729,defense_only,320.000000,360.000000,1,0,0,1
729,defense_vs_attack,420.000000,460.000000,1,1,0,1
737,baseline,120.000000,160.000000,0,0,0,1
737,attack_only,220.000000,260.000000,0,1,0,1
737,defense_only,320.000000,360.000000,1,0,0,1
737,defense_vs_attack,420.000000,460.000000,1,1,0,1
743,baseline,120.000000,160.000000,0,0,0,1
743,attack_only,220.000000,260.000000,0,1,0,1
743,defense_only,320.000000,360.000000,1,0,0,1
743,defense_vs_attack,420.000000,460.000000,1,1,0,1
746,baseline,120.000000,160.000000,0,0,0,1
746,attack_only,220.000000,260.000000,0,1,0,1
746,defense_only,320.000000,360.000000,1,0,0,1
746,defense_vs_attack,420.000000,460.000000,1,1,0,1
747,baseline,120.000000,160.000000,0,0,1,1
747,attack_only,220.000000,260.000000,0,1,1,1
747,defense_only,320.000000,360.000000,1,0,1,1
747,defense_vs_attack,420.000000,460.000000,1,1,0,1
750,baseline,120.000000,160.000000,0,0,0,1
750,attack_only,220.000000,260.000000,0,1,0,1
750,defense_only,320.000000,360.000000,1,0,0,1
750,defense_vs_attack,420.000000,460.000000,1,1,0,1
751,baseline,120.000000,160.000000,0,0,0,1
751,attack_only,220.000000,260.000000,0,1,0,1
751,defense_only,320.000000,360.000000,1,0,0,1
751,defense_vs_attack,420.000000,460.000000,1,1,0,1
753,baseline,120.000000,160.000000,0,0,0,1
753,attack_only,220.000000,260.000000,0,1,0,1
753,defense_only,320.000000,360.000000,1,0,0,1
753,defense_vs_attack,420.000000,460.000000,1,1,0,1
755,baseline,120.000000,160.000000,0,0,0,1
755,attack_only,220.000000,260.000000,0,1,0,1
755,defense_only,320.000000,360.000000,1,0,0,1
755,defense_vs_attack,420.000000,460.000000,1,1,0,1
761,baseline,120.000000,160.000000,0,0,1,1
761,attack_only,220.000000,260.000000,0,1,1,1
761,defense_only,320.000000,360.000000,1,0,1,1
761,defense_vs_attack,420.000000,460.000000,1,1,0,1
771,baseline,120.000000,160.000000,0,0,0,1
771,attack_only,220.000000,260.000000,0,1,0,1
771,defense_only,320.000000,360.000000,1,0,0,1
771,defense_vs_attack,420.000000,460.000000,1,1,0,1
775,baseline,120.000000,160.000000,0,0,1,1
775,attack_only,220.000000,260.000000,0,1,1,1
775,defense_only,320.000000,360.000000,1,0,1,1
775,defense_vs_attack,420.000000,460.000000,1,1,0,1
769,baseline,120.000000,160.000000,0,0,0,1
769,attack_only,220.000000,260.000000,0,1,0,1
769,defense_only,320.000000,360.000000,1,0,0,1
769,defense_vs_attack,420.000000,460.000000,1,1,0,1
781,baseline,120.000000,160.000000,0,0,1,1
781,attack_only,220.000000,260.000000,0,1,1,1
781,defense_only,320.000000,360.000000,1,0,1,1
781,defense_vs_attack,420.000000,460.000000,1,1,0,1
783,baseline,120.000000,160.000000,0,0,0,1
783,attack_only,220.000000,260.000000,0,1,0,1
783,defense_only,320.000000,360.000000,1,0,0,1
783,defense_vs_attack,420.000000,460.000000,1,1,0,1
784,baseline,120.000000,160.000000,0,0,0,1
784,attack_only,220.000000,260.000000,0,1,1,1
784,defense_only,320.000000,360.000000,1,0,0,1
784,defense_vs_attack,420.000000,460.000000,1,1,0,1
787,baseline,120.000000,160.000000,0,0,0,1
787,attack_only,220.000000,260.000000,0,1,0,1
787,defense_only,320.000000,360.000000,1,0,0,1
787,defense_vs_attack,420.000000,460.000000,1,1,0,1
786,baseline,120.000000,160.000000,0,0,0,1
786,attack_only,220.000000,260.000000,0,1,1,1
786,defense_only,320.000000,360.000000,1,0,0,1
786,defense_vs_attack,420.000000,460.000000,1,1,0,1
792,baseline,120.000000,160.000000,0,0,1,1
792,attack_only,220.000000,260.000000,0,1,1,1
792,defense_only,320.000000,360.000000,1,0,1,1
792,defense_vs_attack,420.000000,460.000000,1,1,0,1
795,baseline,120.000000,160.000000,0,0,1,1
795,attack_only,220.000000,260.000000,0,1,1,1
795,defense_only,320.000000,360.000000,1,0,1,1
795,defense_vs_attack,420.000000,460.000000,1,1,0,1
798,baseline,120.000000,160.000000,0,0,0,1
798,attack_only,220.000000,260.000000,0,1,0,1
798,defense_only,320.000000,360.000000,1,0,0,1
798,defense_vs_attack,420.000000,460.000000,1,1,0,1
797,baseline,120.000000,160.000000,0,0,0,1
797,attack_only,220.000000,260.000000,0,1,0,1
797,defense_only,320.000000,360.000000,1,0,0,1
797,defense_vs_attack,420.000000,460.000000,1,1,0,1
799,baseline,120.000000,160.000000,0,0,0,1
799,attack_only,220.000000,260.000000,0,1,1,1
799,defense_only,320.000000,360.000000,1,0,0,1
799,defense_vs_attack,420.000000,460.000000,1,1,0,1
800,baseline,120.000000,160.000000,0,0,0,1
800,attack_only,220.000000,260.000000,0,1,0,1
800,defense_only,320.000000,360.000000,1,0,0,1
800,defense_vs_attack,420.000000,460.000000,1,1,0,1
804,baseline,120.000000,160.000000,0,0,0,1
804,attack_only,220.000000,260.000000,0,1,1,1
804,defense_only,320.000000,360.000000,1,0,1,1
804,defense_vs_attack,420.000000,460.000000,1,1,0,1
805,baseline,120.000000,160.000000,0,0,0,1
805,attack_only,220.000000,260.000000,0,1,1,1
805,defense_only,320.000000,360.000000,1,0,1,1
805,defense_vs_attack,420.000000,460.000000,1,1,0,1
813,baseline,120.000000,160.000000,0,0,0,1
813,attack_only,220.000000,260.000000,0,1,0,1
813,defense_only,320.000000,360.000000,1,0,0,1
813,defense_vs_attack,420.000000,460.000000,1,1,0,1
809,baseline,120.000000,160.000000,0,0,0,1
809,attack_only,220.000000,260.000000,0,1,0,1
809,defense_only,320.000000,360.000000,1,0,0,1
809,defense_vs_attack,420.000000,460.000000,1,1,0,1
815,baseline,120.000000,160.000000,0,0,0,1
815,attack_only,220.000000,260.000000,0,1,0,1
815,defense_only,320.000000,360.000000,1,0,0,1
815,defense_vs_attack,420.000000,460.000000,1,1,0,1
819,baseline,120.000000,160.000000,0,0,0,1
819,attack_only,220.000000,260.000000,0,1,0,1
819,defense_only,320.000000,360.000000,1,0,0,1
819,defense_vs_attack,420.000000,460.000000,1,1,0,1
818,baseline,120.000000,160.000000,0,0,0,1
818,attack_only,220.000000,260.000000,0,1,0,1
818,defense_only,320.000000,360.000000,1,0,0,1
818,defense_vs_attack,420.000000,460.000000,1,1,0,1
827,baseline,120.000000,160.000000,0,0,0,1
827,attack_only,220.000000,260.000000,0,1,1,1
827,defense_only,320.000000,360.000000,1,0,0,1
827,defense_vs_attack,420.000000,460.000000,1,1,0,1
829,baseline,120.000000,160.000000,0,0,0,1
829,attack_only,220.000000,260.000000,0,1,0,1
829,defense_only,320.000000,360.000000,1,0,0,1
829,defense_vs_attack,420.000000,460.000000,1,1,0,1
826,baseline,120.000000,160.000000,0,0,0,1
826,attack_only,220.000000,260.000000,0,1,0,1
826,defense_only,320.000000,360.000000,1,0,0,1
826,defense_vs_attack,420.000000,460.000000,1,1,0,1
828,baseline,120.000000,160.000000,0,0,1,1
828,attack_only,220.000000,260.000000,0,1,1,1
828,defense_only,320.000000,360.000000,1,0,1,1
828,defense_vs_attack,420.000000,460.000000,1,1,0,1
833,baseline,120.000000,160.000000,0,0,0,1
833,attack_only,220.000000,260.000000,0,1,0,1
833,defense_only,320.000000,360.000000,1,0,0,1
833,defense_vs_attack,420.000000,460.000000,1,1,0,1
832,baseline,120.000000,160.000000,0,0,0,1
832,attack_only,220.000000,260.000000,0,1,0,1
832,defense_only,320.000000,360.000000,1,0,0,1
832,defense_vs_attack,420.000000,460.000000,1,1,0,1
835,baseline,120.000000,160.000000,0,0,1,1
835,attack_only,220.000000,260.000000,0,1,1,1
835,defense_only,320.000000,360.000000,1,0,1,1
835,defense_vs_attack,420.000000,460.000000,1,1,0,1
836,baseline,120.000000,160.000000,0,0,0,1
836,attack_only,220.000000,260.000000,0,1,0,1
836,defense_only,320.000000,360.000000,1,0,0,1
836,defense_vs_attack,420.000000,460.000000,1,1,0,1
837,baseline,120.000000,160.000000,0,0,0,1
837,attack_only,220.000000,260.000000,0,1,0,1
837,defense_only,320.000000,360.000000,1,0,0,1
837,defense_vs_attack,420.000000,460.000000,1,1,0,1
842,baseline,120.000000,160.000000,0,0,0,1
842,attack_only,220.000000,260.000000,0,1,0,1
842,defense_only,320.000000,360.000000,1,0,0,1
842,defense_vs_attack,420.000000,460.000000,1,1,0,1
843,baseline,120.000000,160.000000,0,0,0,1
843,attack_only,220.000000,260.000000,0,1,0,1
843,defense_only,320.000000,360.000000,1,0,0,1
843,defense_vs_attack,420.000000,460.000000,1,1,0,1
841,baseline,120.000000,160.000000,0,0,0,1
841,attack_only,220.000000,260.000000,0,1,0,1
841,defense_only,320.000000,360.000000,1,0,0,1
841,defense_vs_attack,420.000000,460.000000,1,1,0,1
847,baseline,120.000000,160.000000,0,0,0,1
847,attack_only,220.000000,260.000000,0,1,1,1
847,defense_only,320.000000,360.000000,1,0,0,1
847,defense_vs_attack,420.000000,460.000000,1,1,0,1
848,baseline,120.000000,160.000000,0,0,0,1
848,attack_only,220.000000,260.000000,0,1,0,1
848,defense_only,320.000000,360.000000,1,0,0,1
848,defense_vs_attack,420.000000,460.000000,1,1,0,1
849,baseline,120.000000,160.000000,0,0,0,1
849,attack_only,220.000000,260.000000,0,1,0,1
849,defense_only,320.000000,360.000000,1,0,0,1
849,defense_vs_attack,420.000000,460.000000,1,1,0,1
857,baseline,120.000000,160.000000,0,0,0,1
857,attack_only,220.000000,260.000000,0,1,0,1
857,defense_only,320.000000,360.000000,1,0,0,1
857,defense_vs_attack,420.000000,460.000000,1,1,0,1
863,baseline,120.000000,160.000000,0,0,0,1
863,attack_only,220.000000,260.000000,0,1,0,1
863,defense_only,320.000000,360.000000,1,0,0,1
863,defense_vs_attack,420.000000,460.000000,1,1,0,1
861,baseline,120.000000,160.000000,0,0,0,1
861,attack_only,220.000000,260.000000,0,1,0,1
861,defense_only,320.000000,360.000000,1,0,0,1
861,defense_vs_attack,420.000000,460.000000,1,1,0,1
865,baseline,120.000000,160.000000,0,0,0,1
865,attack_only,220.000000,260.000000,0,1,0,1
865,defense_only,320.000000,360.000000,1,0,0,1
865,defense_vs_attack,420.000000,460.000000,1,1,0,1
858,baseline,120.000000,160.000000,0,0,0,1
858,attack_only,220.000000,260.000000,0,1,0,1
858,defense_only,320.000000,360.000000,1,0,0,1
858,defense_vs_attack,420.000000,460.000000,1,1,0,1
866,baseline,120.000000,160.000000,0,0,0,1
866,attack_only,220.000000,260.000000,0,1,0,1
866,defense_only,320.000000,360.000000,1,0,0,1
866,defense_vs_attack,420.000000,460.000000,1,1,0,1
867,baseline,120.000000,160.000000,0,0,1,1
867,attack_only,220.000000,260.000000,0,1,1,1
867,defense_only,320.000000,360.000000,1,0,1,1
867,defense_vs_attack,420.000000,460.000000,1,1,0,1
870,baseline,120.000000,160.000000,0,0,0,1
870,attack_only,220.000000,260.000000,0,1,0,1
870,defense_only,320.000000,360.000000,1,0,0,1
870,defense_vs_attack,420.000000,460.000000,1,1,0,1
869,baseline,120.000000,160.000000,0,0,0,1
869,attack_only,220.000000,260.000000,0,1,0,1
869,defense_only,320.000000,360.000000,1,0,0,1
869,defense_vs_attack,420.000000,460.000000,1,1,0,1
872,baseline,120.000000,160.000000,0,0,0,1
872,attack_only,220.000000,260.000000,0,1,0,1
872,defense_only,320.000000,360.000000,1,0,0,1
872,defense_vs_attack,420.000000,460.000000,1,1,0,1
875,baseline,120.000000,160.000000,0,0,0,1
875,attack_only,220.000000,260.000000,0,1,0,1
875,defense_only,320.000000,360.000000,1,0,0,1
875,defense_vs_attack,420.000000,460.000000,1,1,0,1
880,baseline,120.000000,160.000000,0,0,1,1
880,attack_only,220.000000,260.000000,0,1,1,1
880,defense_only,320.000000,360.000000,1,0,0,1
880,defense_vs_attack,420.000000,460.000000,1,1,0,1
881,baseline,120.000000,160.000000,0,0,0,1
881,attack_only,220.000000,260.000000,0,1,0,1
881,defense_only,320.000000,360.000000,1,0,0,1
881,defense_vs_attack,420.000000,460.000000,1,1,0,1
883,baseline,120.000000,160.000000,0,0,0,1
883,attack_only,220.000000,260.000000,0,1,0,1
883,defense_only,320.000000,360.000000,1,0,0,1
883,defense_vs_attack,420.000000,460.000000,1,1,0,1
884,baseline,120.000000,160.000000,0,0,0,1
884,attack_only,220.000000,260.000000,0,1,1,1
884,defense_only,320.000000,360.000000,1,0,0,1
884,defense_vs_attack,420.000000,460.000000,1,1,0,1
887,baseline,120.000000,160.000000,0,0,0,1
887,attack_only,220.000000,260.000000,0,1,0,1
887,defense_only,320.000000,360.000000,1,0,0,1
887,defense_vs_attack,420.000000,460.000000,1,1,0,1
888,baseline,120.000000,160.000000,0,0,0,1
888,attack_only,220.000000,260.000000,0,1,0,1
888,defense_only,320.000000,360.000000,1,0,1,1
888,defense_vs_attack,420.000000,460.000000,1,1,0,1
894,baseline,120.000000,160.000000,0,0,0,1
894,attack_only,220.000000,260.000000,0,1,0,1
894,defense_only,320.000000,360.000000,1,0,0,1
894,defense_vs_attack,420.000000,460.000000,1,1,0,1
891,baseline,120.000000,160.000000,0,0,0,1
891,attack_only,220.000000,260.000000,0,1,0,1
891,defense_only,320.000000,360.000000,1,0,0,1
891,defense_vs_attack,420.000000,460.000000,1,1,0,1
913,baseline,120.000000,160.000000,0,0,0,1
913,attack_only,220.000000,260.000000,0,1,0,1
913,defense_only,320.000000,360.000000,1,0,0,1
913,defense_vs_attack,420.000000,460.000000,1,1,0,1
922,baseline,120.000000,160.000000,0,0,0,1
922,attack_only,220.000000,260.000000,0,1,0,1
922,defense_only,320.000000,360.000000,1,0,0,1
922,defense_vs_attack,420.000000,460.000000,1,1,0,1
916,baseline,120.000000,160.000000,0,0,0,1
916,attack_only,220.000000,260.000000,0,1,1,1
916,defense_only,320.000000,360.000000,1,0,0,1
916,defense_vs_attack,420.000000,460.000000,1,1,0,1
921,baseline,120.000000,160.000000,0,0,0,1
921,attack_only,220.000000,260.000000,0,1,1,1
921,defense_only,320.000000,360.000000,1,0,0,1
921,defense_vs_attack,420.000000,460.000000,1,1,0,1
924,baseline,120.000000,160.000000,0,0,0,1
924,attack_only,220.000000,260.000000,0,1,0,1
924,defense_only,320.000000,360.000000,1,0,0,1
924,defense_vs_attack,420.000000,460.000000,1,1,0,1
926,baseline,120.000000,160.000000,0,0,0,1
926,attack_only,220.000000,260.000000,0,1,0,1
926,defense_only,320.000000,360.000000,1,0,0,1
926,defense_vs_attack,420.000000,460.000000,1,1,0,1
931,baseline,120.000000,160.000000,0,0,1,1
931,attack_only,220.000000,260.000000,0,1,1,1
931,defense_only,320.000000,360.000000,1,0,1,1
931,defense_vs_attack,420.000000,460.000000,1,1,0,1
934,baseline,120.000000,160.000000,0,0,1,1
934,attack_only,220.000000,260.000000,0,1,1,1
934,defense_only,320.000000,360.000000,1,0,1,1
934,defense_vs_attack,420.000000,460.000000,1,1,0,1
936,baseline,120.000000,160.000000,0,0,0,1
936,attack_only,220.000000,260.000000,0,1,0,1
936,defense_only,320.000000,360.000000,1,0,0,1
936,defense_vs_attack,420.000000,460.000000,1,1,0,1
939,baseline,120.000000,160.000000,0,0,0,1
939,attack_only,220.000000,260.000000,0,1,0,1
939,defense_only,320.000000,360.000000,1,0,0,1
939,defense_vs_attack,420.000000,460.000000,1,1,0,1
937,baseline,120.000000,160.000000,0,0,1,1
937,attack_only,220.000000,260.000000,0,1,1,1
937,defense_only,320.000000,360.000000,1,0,1,1
937,defense_vs_attack,420.000000,460.000000,1,1,0,1
943,baseline,120.000000,160.000000,0,0,0,1
943,attack_only,220.000000,260.000000,0,1,1,1
943,defense_only,320.000000,360.000000,1,0,0,1
943,defense_vs_attack,420.000000,460.000000,1,1,0,1
946,baseline,120.000000,160.000000,0,0,0,1
946,attack_only,220.000000,260.000000,0,1,0,1
946,defense_only,320.000000,360.000000,1,0,0,1
946,defense_vs_attack,420.000000,460.000000,1,1,0,1
948,baseline,120.000000,160.000000,0,0,1,1
948,attack_only,220.000000,260.000000,0,1,1,1
948,defense_only,320.000000,360.000000,1,0,1,1
948,defense_vs_attack,420.000000,460.000000,1,1,0,1
947,baseline,120.000000,160.000000,0,0,0,1
947,attack_only,220.000000,260.000000,0,1,0,1
947,defense_only,320.000000,360.000000,1,0,0,1
947,defense_vs_attack,420.000000,460.000000,1,1,0,1
949,baseline,120.000000,160.000000,0,0,0,1
949,attack_only,220.000000,260.000000,0,1,0,1
949,defense_only,320.000000,360.000000,1,0,0,1
949,defense_vs_attack,420.000000,460.000000,1,1,0,1
952,baseline,120.000000,160.000000,0,0,0,1
952,attack_only,220.000000,260.000000,0,1,0,1
952,defense_only,320.000000,360.000000,1,0,0,1
952,defense_vs_attack,420.000000,460.000000,1,1,0,1
954,baseline,120.000000,160.000000,0,0,0,1
954,attack_only,220.000000,260.000000,0,1,1,1
954,defense_only,320.000000,360.000000,1,0,0,1
954,defense_vs_attack,420.000000,460.000000,1,1,0,1
955,baseline,120.000000,160.000000,0,0,0,1
955,attack_only,220.000000,260.000000,0,1,1,1
955,defense_only,320.000000,360.000000,1,0,0,1
955,defense_vs_attack,420.000000,460.000000,1,1,0,1
959,baseline,120.000000,160.000000,0,0,0,1
959,attack_only,220.000000,260.000000,0,1,1,1
959,defense_only,320.000000,360.000000,1,0,0,1
959,defense_vs_attack,420.000000,460.000000,1,1,0,1
960,baseline,120.000000,160.000000,0,0,0,1
960,attack_only,220.000000,260.000000,0,1,0,1
960,defense_only,320.000000,360.000000,1,0,0,1
960,defense_vs_attack,420.000000,460.000000,1,1,0,1
970,baseline,120.000000,160.000000,0,0,0,1
970,attack_only,220.000000,260.000000,0,1,0,1
970,defense_only,320.000000,360.000000,1,0,0,1
970,defense_vs_attack,420.000000,460.000000,1,1,0,1
977,baseline,120.000000,160.000000,0,0,0,1
977,attack_only,220.000000,260.000000,0,1,0,1
977,defense_only,320.000000,360.000000,1,0,0,1
977,defense_vs_attack,420.000000,460.000000,1,1,0,1
969,baseline,120.000000,160.000000,0,0,1,1
969,attack_only,220.000000,260.000000,0,1,1,1
969,defense_only,320.000000,360.000000,1,0,0,1
969,defense_vs_attack,420.000000,460.000000,1,1,0,1
976,baseline,120.000000,160.000000,0,0,0,1
976,attack_only,220.000000,260.000000,0,1,0,1
976,defense_only,320.000000,360.000000,1,0,0,1
976,defense_vs_attack,420.000000,460.000000,1,1,0,1
978,baseline,120.000000,160.000000,0,0,0,1
978,attack_only,220.000000,260.000000,0,1,0,1
978,defense_only,320.000000,360.000000,1,0,0,1
978,defense_vs_attack,420.000000,460.000000,1,1,0,1
983,baseline,120.000000,160.000000,0,0,0,1
983,attack_only,220.000000,260.000000,0,1,1,1
983,defense_only,320.000000,360.000000,1,0,0,1
983,defense_vs_attack,420.000000,460.000000,1,1,0,1
982,baseline,120.000000,160.000000,0,0,0,1
982,attack_only,220.000000,260.000000,0,1,0,1
982,defense_only,320.000000,360.000000,1,0,0,1
982,defense_vs_attack,420.000000,460.000000,1,1,0,1
986,baseline,120.000000,160.000000,0,0,0,1
986,attack_only,220.000000,260.000000,0,1,0,1
986,defense_only,320.000000,360.000000,1,0,0,1
986,defense_vs_attack,420.000000,460.000000,1,1,0,1
987,baseline,120.000000,160.000000,0,0,0,1
987,attack_only,220.000000,260.000000,0,1,0,1
987,defense_only,320.000000,360.000000,1,0,0,1
987,defense_vs_attack,420.000000,460.000000,1,1,0,1
998,baseline,120.000000,160.000000,0,0,0,1
998,attack_only,220.000000,260.000000,0,1,0,1
998,defense_only,320.000000,360.000000,1,0,0,1
998,defense_vs_attack,420.000000,460.000000,1,1,0,1
997,baseline,120.000000,160.000000,0,0,0,1
997,attack_only,220.000000,260.000000,0,1,0,1
997,defense_only,320.000000,360.000000,1,0,0,1
997,defense_vs_attack,420.000000,460.000000,1,1,0,1
992,baseline,120.000000,160.000000,0,0,0,1
992,attack_only,220.000000,260.000000,0,1,0,1
992,defense_only,320.000000,360.000000,1,0,0,1
992,defense_vs_attack,420.000000,460.000000,1,1,0,1
1006,baseline,120.000000,160.000000,0,0,0,1
1006,attack_only,220.000000,260.000000,0,1,1,1
1006,defense_only,320.000000,360.000000,1,0,0,1
1006,defense_vs_attack,420.000000,460.000000,1,1,0,1
1005,baseline,120.000000,160.000000,0,0,1,1
1005,attack_only,220.000000,260.000000,0,1,1,1
1005,defense_only,320.000000,360.000000,1,0,1,1
1005,defense_vs_attack,420.000000,460.000000,1,1,0,1
1009,baseline,120.000000,160.000000,0,0,1,1
1009,attack_only,220.000000,260.000000,0,1,1,1
1009,defense_only,320.000000,360.000000,1,0,1,1
1009,defense_vs_attack,420.000000,460.000000,1,1,0,1
1015,baseline,120.000000,160.000000,0,0,0,1
1015,attack_only,220.000000,260.000000,0,1,0,1
1015,defense_only,320.000000,360.000000,1,0,0,1
1015,defense_vs_attack,420.000000,460.000000,1,1,0,1
1014,baseline,120.000000,160.000000,0,0,0,1
1014,attack_only,220.000000,260.000000,0,1,0,1
1014,defense_only,320.000000,360.000000,1,0,0,1
1014,defense_vs_attack,420.000000,460.000000,1,1,0,1
1022,baseline,120.000000,160.000000,0,0,0,1
1022,attack_only,220.000000,260.000000,0,1,0,1
1022,defense_only,320.000000,360.000000,1,0,0,1
1022,defense_vs_attack,420.000000,460.000000,1,1,0,1
1028,baseline,120.000000,160.000000,0,0,0,1
1028,attack_only,220.000000,260.000000,0,1,0,1
1028,defense_only,320.000000,360.000000,1,0,0,1
1028,defense_vs_attack,420.000000,460.000000,1,1,0,1
1027,baseline,120.000000,160.000000,0,0,0,1
1027,attack_only,220.000000,260.000000,0,1,0,1
1027,defense_only,320.000000,360.000000,1,0,0,1
1027,defense_vs_attack,420.000000,460.000000,1,1,0,1
1031,baseline,120.000000,160.000000,0,0,0,1
1031,attack_only,220.000000,260.000000,0,1,0,1
1031,defense_only,320.000000,360.000000,1,0,0,1
1031,defense_vs_attack,420.000000,460.000000,1,1,0,1
1034,baseline,120.000000,160.000000,0,0,1,1
1034,attack_only,220.000000,260.000000,0,1,1,1
1034,defense_only,320.000000,360.000000,1,0,1,1
1034,defense_vs_attack,420.000000,460.000000,1,1,0,1
1042,baseline,120.000000,160.000000,0,0,0,1
1042,attack_only,220.000000,260.000000,0,1,0,1
1042,defense_only,320.000000,360.000000,1,0,0,1
1042,defense_vs_attack,420.000000,460.000000,1,1,0,1
1043,baseline,120.000000,160.000000,0,0,1,1
1043,attack_only,220.000000,260.000000,0,1,1,1
1043,defense_only,320.000000,360.000000,1,0,1,1
1043,defense_vs_attack,420.000000,460.000000,1,1,0,1
1045,baseline,120.000000,160.000000,0,0,0,1
1045,attack_only,220.000000,260.000000,0,1,0,1
1045,defense_only,320.000000,360.000000,1,0,0,1
1045,defense_vs_attack,420.000000,460.000000,1,1,0,1
1049,baseline,120.000000,160.000000,0,0,0,1
1049,attack_only,220.000000,260.000000,0,1,1,1
1049,defense_only,320.000000,360.000000,1,0,0,1
1049,defense_vs_attack,420.000000,460.000000,1,1,0,1
1054,baseline,120.000000,160.000000,0,0,0,1
1054,attack_only,220.000000,260.000000,0,1,0,1
1054,defense_only,320.000000,360.000000,1,0,0,1
1054,defense_vs_attack,420.000000,460.000000,1,1,0,1
1055,baseline,120.000000,160.000000,0,0,1,1
1055,attack_only,220.000000,260.000000,0,1,1,1
1055,defense_only,320.000000,360.000000,1,0,1,1
1055,defense_vs_attack,420.000000,460.000000,1,1,0,1
1056,baseline,120.000000,160.000000,0,0,0,1
1056,attack_only,220.000000,260.000000,0,1,0,1
1056,defense_only,320.000000,360.000000,1,0,0,1
1056,defense_vs_attack,420.000000,460.000000,1,1,0,1
1058,baseline,120.000000,160.000000,0,0,0,1
1058,attack_only,220.000000,260.000000,0,1,0,1
1058,defense_only,320.000000,360.000000,1,0,0,1
1058,defense_vs_attack,420.000000,460.000000,1,1,0,1
1063,baseline,120.000000,160.000000,0,0,0,1
1063,attack_only,220.000000,260.000000,0,1,0,1
1063,defense_only,320.000000,360.000000,1,0,0,1
1063,defense_vs_attack,420.000000,460.000000,1,1,0,1
1060,baseline,120.000000,160.000000,0,0,0,1
1060,attack_only,220.000000,260.000000,0,1,0,1
1060,defense_only,320.000000,360.000000,1,0,0,1
1060,defense_vs_attack,420.000000,460.000000,1,1,0,1
1068,baseline,120.000000,160.000000,0,0,0,1
1068,attack_only,220.000000,260.000000,0,1,1,1
1068,defense_only,320.000000,360.000000,1,0,0,1
1068,defense_vs_attack,420.000000,460.000000,1,1,0,1
1072,baseline,120.000000,160.000000,0,0,0,1
1072,attack_only,220.000000,260.000000,0,1,0,1
1072,defense_only,320.000000,360.000000,1,0,0,1
1072,defense_vs_attack,420.000000,460.000000,1,1,0,1
1074,baseline,120.000000,160.000000,0,0,0,1
1074,attack_only,220.000000,260.000000,0,1,1,1
1074,defense_only,320.000000,360.000000,1,0,0,1
1074,defense_vs_attack,420.000000,460.000000,1,1,0,1
1075,baseline,120.000000,160.000000,0,0,0,1
1075,attack_only,220.000000,260.000000,0,1,1,1
1075,defense_only,320.000000,360.000000,1,0,0,1
1075,defense_vs_attack,420.000000,460.000000,1,1,0,1
1079,baseline,120.000000,160.000000,0,0,0,1
1079,attack_only,220.000000,260.000000,0,1,0,1
1079,defense_only,320.000000,360.000000,1,0,0,1
1079,defense_vs_attack,420.000000,460.000000,1,1,0,1
1080,baseline,120.000000,160.000000,0,0,0,1
1080,attack_only,220.000000,260.000000,0,1,0,1
1080,defense_only,320.000000,360.000000,1,0,0,1
1080,defense_vs_attack,420.000000,460.000000,1,1,0,1
1082,baseline,120.000000,160.000000,0,0,1,1
1082,attack_only,220.000000,260.000000,0,1,1,1
1082,defense_only,320.000000,360.000000,1,0,1,1
1082,defense_vs_attack,420.000000,460.000000,1,1,1,1
1084,baseline,120.000000,160.000000,0,0,0,1
1084,attack_only,220.000000,260.000000,0,1,0,1
1084,defense_only,320.000000,360.000000,1,0,0,1
1084,defense_vs_attack,420.000000,460.000000,1,1,0,1
1094,baseline,120.000000,160.000000,0,0,0,1
1094,attack_only,220.000000,260.000000,0,1,0,1
1094,defense_only,320.000000,360.000000,1,0,0,1
1094,defense_vs_attack,420.000000,460.000000,1,1,0,1
1093,baseline,120.000000,160.000000,0,0,0,1
1093,attack_only,220.000000,260.000000,0,1,0,1
1093,defense_only,320.000000,360.000000,1,0,0,1
1093,defense_vs_attack,420.000000,460.000000,1,1,0,1
1100,baseline,120.000000,160.000000,0,0,0,1
1100,attack_only,220.000000,260.000000,0,1,0,1
1100,defense_only,320.000000,360.000000,1,0,0,1
1100,defense_vs_attack,420.000000,460.000000,1,1,0,1
1103,baseline,120.000000,160.000000,0,0,1,1
1103,attack_only,220.000000,260.000000,0,1,1,1
1103,defense_only,320.000000,360.000000,1,0,1,1
1103,defense_vs_attack,420.000000,460.000000,1,1,0,1
1107,baseline,120.000000,160.000000,0,0,1,1
1107,attack_only,220.000000,260.000000,0,1,1,1
1107,defense_only,320.000000,360.000000,1,0,1,1
1107,defense_vs_attack,420.000000,460.000000,1,1,0,1
1110,baseline,120.000000,160.000000,0,0,0,1
1110,attack_only,220.000000,260.000000,0,1,0,1
1110,defense_only,320.000000,360.000000,1,0,0,1
1110,defense_vs_attack,420.000000,460.000000,1,1,0,1
1116,baseline,120.000000,160.000000,0,0,1,1
1116,attack_only,220.000000,260.000000,0,1,1,1
1116,defense_only,320.000000,360.000000,1,0,1,1
1116,defense_vs_attack,420.000000,460.000000,1,1,0,1
1120,baseline,120.000000,160.000000,0,0,0,1
1120,attack_only,220.000000,260.000000,0,1,0,1
1120,defense_only,320.000000,360.000000,1,0,0,1
1120,defense_vs_attack,420.000000,460.000000,1,1,0,1
1119,baseline,120.000000,160.000000,0,0,1,1
1119,attack_only,220.000000,260.000000,0,1,1,1
1119,defense_only,320.000000,360.000000,1,0,1,1
1119,defense_vs_attack,420.000000,460.000000,1,1,0,1
1127,baseline,120.000000,160.000000,0,0,0,1
1127,attack_only,220.000000,260.000000,0,1,1,1
1127,defense_only,320.000000,360.000000,1,0,0,1
1127,defense_vs_attack,420.000000,460.000000,1,1,0,1
1128,baseline,120.000000,160.000000,0,0,0,1
1128,attack_only,220.000000,260.000000,0,1,1,1
1128,defense_only,320.000000,360.000000,1,0,0,1
1128,defense_vs_attack,420.000000,460.000000,1,1,0,1
1129,baseline,120.000000,160.000000,0,0,0,1
1129,attack_only,220.000000,260.000000,0,1,0,1
1129,defense_only,320.000000,360.000000,1,0,0,1
1129,defense_vs_attack,420.000000,460.000000,1,1,0,1
1130,baseline,120.000000,160.000000,0,0,1,1
1130,attack_only,220.000000,260.000000,0,1,1,1
1130,defense_only,320.000000,360.000000,1,0,1,1
1130,defense_vs_attack,420.000000,460.000000,1,1,0,1
1131,baseline,120.000000,160.000000,0,0,0,1
1131,attack_only,220.000000,260.000000,0,1,0,1
1131,defense_only,320.000000,360.000000,1,0,0,1
1131,defense_vs_attack,420.000000,460.000000,1,1,0,1
1133,baseline,120.000000,160.000000,0,0,0,1
1133,attack_only,220.000000,260.000000,0,1,0,1
1133,defense_only,320.000000,360.000000,1,0,0,1
1133,defense_vs_attack,420.000000,460.000000,1,1,0,1
1135,baseline,120.000000,160.000000,0,0,1,1
1135,attack_only,220.000000,260.000000,0,1,1,1
1135,defense_only,320.000000,360.000000,1,0,0,1
1135,defense_vs_attack,420.000000,460.000000,1,1,0,1
1136,baseline,120.000000,160.000000,0,0,0,1
1136,attack_only,220.000000,260.000000,0,1,1,1
1136,defense_only,320.000000,360.000000,1,0,0,1
1136,defense_vs_attack,420.000000,460.000000,1,1,0,1
1143,baseline,120.000000,160.000000,0,0,0,1
1143,attack_only,220.000000,260.000000,0,1,1,1
1143,defense_only,320.000000,360.000000,1,0,0,1
1143,defense_vs_attack,420.000000,460.000000,1,1,0,1
1144,baseline,120.000000,160.000000,0,0,0,1
1144,attack_only,220.000000,260.000000,0,1,0,1
1144,defense_only,320.000000,360.000000,1,0,0,1
1144,defense_vs_attack,420.000000,460.000000,1,1,0,1
1141,baseline,120.000000,160.000000,0,0,0,1
1141,attack_only,220.000000,260.000000,0,1,0,1
1141,defense_only,320.000000,360.000000,1,0,0,1
1141,defense_vs_attack,420.000000,460.000000,1,1,0,1
1145,baseline,120.000000,160.000000,0,0,0,1
1145,attack_only,220.000000,260.000000,0,1,0,1
1145,defense_only,320.000000,360.000000,1,0,0,1
1145,defense_vs_attack,420.000000,460.000000,1,1,0,1
1146,baseline,120.000000,160.000000,0,0,0,1
1146,attack_only,220.000000,260.000000,0,1,0,1
1146,defense_only,320.000000,360.000000,1,0,0,1
1146,defense_vs_attack,420.000000,460.000000,1,1,0,1
1148,baseline,120.000000,160.000000,0,0,0,1
1148,attack_only,220.000000,260.000000,0,1,0,1
1148,defense_only,320.000000,360.000000,1,0,0,1
1148,defense_vs_attack,420.000000,460.000000,1,1,0,1
1149,baseline,120.000000,160.000000,0,0,0,1
1149,attack_only,220.000000,260.000000,0,1,0,1
1149,defense_only,320.000000,360.000000,1,0,0,1
1149,defense_vs_attack,420.000000,460.000000,1,1,0,1
1151,baseline,120.000000,160.000000,0,0,0,1
1151,attack_only,220.000000,260.000000,0,1,0,1
1151,defense_only,320.000000,360.000000,1,0,0,1
1151,defense_vs_attack,420.000000,460.000000,1,1,0,1
1153,baseline,120.000000,160.000000,0,0,0,1
1153,attack_only,220.000000,260.000000,0,1,0,1
1153,defense_only,320.000000,360.000000,1,0,0,1
1153,defense_vs_attack,420.000000,460.000000,1,1,0,1
1154,baseline,120.000000,160.000000,0,0,0,1
1154,attack_only,220.000000,260.000000,0,1,0,1
1154,defense_only,320.000000,360.000000,1,0,0,1
1154,defense_vs_attack,420.000000,460.000000,1,1,0,1
1160,baseline,120.000000,160.000000,0,0,0,1
1160,attack_only,220.000000,260.000000,0,1,0,1
1160,defense_only,320.000000,360.000000,1,0,0,1
1160,defense_vs_attack,420.000000,460.000000,1,1,0,1
1163,baseline,120.000000,160.000000,0,0,0,1
1163,attack_only,220.000000,260.000000,0,1,0,1
1163,defense_only,320.000000,360.000000,1,0,0,1
1163,defense_vs_attack,420.000000,460.000000,1,1,0,1
1162,baseline,120.000000,160.000000,0,0,0,1
1162,attack_only,220.000000,260.000000,0,1,0,1
1162,defense_only,320.000000,360.000000,1,0,0,1
1162,defense_vs_attack,420.000000,460.000000,1,1,0,1
1164,baseline,120.000000,160.000000,0,0,0,1
1164,attack_only,220.000000,260.000000,0,1,0,1
1164,defense_only,320.000000,360.000000,1,0,0,1
1164,defense_vs_attack,420.000000,460.000000,1,1,0,1
1166,baseline,120.000000,160.000000,0,0,1,1
1166,attack_only,220.000000,260.000000,0,1,1,1
1166,defense_only,320.000000,360.000000,1,0,1,1
1166,defense_vs_attack,420.000000,460.000000,1,1,0,1
1170,baseline,120.000000,160.000000,0,0,0,1
1170,attack_only,220.000000,260.000000,0,1,0,1
1170,defense_only,320.000000,360.000000,1,0,0,1
1170,defense_vs_attack,420.000000,460.000000,1,1,0,1
1173,baseline,120.000000,160.000000,0,0,0,1
1173,attack_only,220.000000,260.000000,0,1,0,1
1173,defense_only,320.000000,360.000000,1,0,1,1
1173,defense_vs_attack,420.000000,460.000000,1,1,0,1
1183,baseline,120.000000,160.000000,0,0,0,1
1183,attack_only,220.000000,260.000000,0,1,0,1
1183,defense_only,320.000000,360.000000,1,0,0,1
1183,defense_vs_attack,420.000000,460.000000,1,1,0,1
1180,baseline,120.000000,160.000000,0,0,0,1
1180,attack_only,220.000000,260.000000,0,1,0,1
1180,defense_only,320.000000,360.000000,1,0,0,1
1180,defense_vs_attack,420.000000,460.000000,1,1,0,1
1184,baseline,120.000000,160.000000,0,0,0,1
1184,attack_only,220.000000,260.000000,0,1,1,1
1184,defense_only,320.000000,360.000000,1,0,0,1
1184,defense_vs_attack,420.000000,460.000000,1,1,0,1
1187,baseline,120.000000,160.000000,0,0,1,1
1187,attack_only,220.000000,260.000000,0,1,1,1
1187,defense_only,320.000000,360.000000,1,0,1,1
1187,defense_vs_attack,420.000000,460.000000,1,1,0,1
1191,baseline,120.000000,160.000000,0,0,0,1
1191,attack_only,220.000000,260.000000,0,1,0,1
1191,defense_only,320.000000,360.000000,1,0,0,1
1191,defense_vs_attack,420.000000,460.000000,1,1,0,1
1194,baseline,120.000000,160.000000,0,0,0,1
1194,attack_only,220.000000,260.000000,0,1,1,1
1194,defense_only,320.000000,360.000000,1,0,1,1
1194,defense_vs_attack,420.000000,460.000000,1,1,0,1
1201,baseline,120.000000,160.000000,0,0,0,1
1201,attack_only,220.000000,260.000000,0,1,0,1
1201,defense_only,320.000000,360.000000,1,0,0,1
1201,defense_vs_attack,420.000000,460.000000,1,1,0,1
1204,baseline,120.000000,160.000000,0,0,0,1
1204,attack_only,220.000000,260.000000,0,1,1,1
1204,defense_only,320.000000,360.000000,1,0,0,1
1204,defense_vs_attack,420.000000,460.000000,1,1,0,1
1203,baseline,120.000000,160.000000,0,0,0,1
1203,attack_only,220.000000,260.000000,0,1,0,1
1203,defense_only,320.000000,360.000000,1,0,0,1
1203,defense_vs_attack,420.000000,460.000000,1,1,0,1
1207,baseline,120.000000,160.000000,0,0,0,1
1207,attack_only,220.000000,260.000000,0,1,1,1
1207,defense_only,320.000000,360.000000,1,0,0,1
1207,defense_vs_attack,420.000000,460.000000,1,1,0,1
1208,baseline,120.000000,160.000000,0,0,0,1
1208,attack_only,220.000000,260.000000,0,1,1,1
1208,defense_only,320.000000,360.000000,1,0,0,1
1208,defense_vs_attack,420.000000,460.000000,1,1,0,1
1212,baseline,120.000000,160.000000,0,0,1,1
1212,attack_only,220.000000,260.000000,0,1,1,1
1212,defense_only,320.000000,360.000000,1,0,1,1
1212,defense_vs_attack,420.000000,460.000000,1,1,0,1
1213,baseline,120.000000,160.000000,0,0,0,1
1213,attack_only,220.000000,260.000000,0,1,1,1
1213,defense_only,320.000000,360.000000,1,0,0,1
1213,defense_vs_attack,420.000000,460.000000,1,1,0,1
1216,baseline,120.000000,160.000000,0,0,1,1
1216,attack_only,220.000000,260.000000,0,1,1,1
1216,defense_only,320.000000,360.000000,1,0,1,1
1216,defense_vs_attack,420.000000,460.000000,1,1,0,1
1217,baseline,120.000000,160.000000,0,0,0,1
1217,attack_only,220.000000,260.000000,0,1,0,1
1217,defense_only,320.000000,360.000000,1,0,0,1
1217,defense_vs_attack,420.000000,460.000000,1,1,0,1
1218,baseline,120.000000,160.000000,0,0,0,1
1218,attack_only,220.000000,260.000000,0,1,0,1
1218,defense_only,320.000000,360.000000,1,0,0,1
1218,defense_vs_attack,420.000000,460.000000,1,1,0,1
1220,baseline,120.000000,160.000000,0,0,0,1
1220,attack_only,220.000000,260.000000,0,1,0,1
1220,defense_only,320.000000,360.000000,1,0,1,1
1220,defense_vs_attack,420.000000,460.000000,1,1,0,1
1222,baseline,120.000000,160.000000,0,0,0,1
1222,attack_only,220.000000,260.000000,0,1,0,1
1222,defense_only,320.000000,360.000000,1,0,0,1
1222,defense_vs_attack,420.000000,460.000000,1,1,0,1
1221,baseline,120.000000,160.000000,0,0,0,1
1221,attack_only,220.000000,260.000000,0,1,0,1
1221,defense_only,320.000000,360.000000,1,0,0,1
1221,defense_vs_attack,420.000000,460.000000,1,1,0,1
1225,baseline,120.000000,160.000000,0,0,0,1
1225,attack_only,220.000000,260.000000,0,1,0,1
1225,defense_only,320.000000,360.000000,1,0,0,1
1225,defense_vs_attack,420.000000,460.000000,1,1,0,1
1231,baseline,120.000000,160.000000,0,0,0,1
1231,attack_only,220.000000,260.000000,0,1,1,1
1231,defense_only,320.000000,360.000000,1,0,0,1
1231,defense_vs_attack,420.000000,460.000000,1,1,0,1
1235,baseline,120.000000,160.000000,0,0,0,1
1235,attack_only,220.000000,260.000000,0,1,0,1
1235,defense_only,320.000000,360.000000,1,0,0,1
1235,defense_vs_attack,420.000000,460.000000,1,1,0,1
1233,baseline,120.000000,160.000000,0,0,0,1
1233,attack_only,220.000000,260.000000,0,1,0,1
1233,defense_only,320.000000,360.000000,1,0,0,1
1233,defense_vs_attack,420.000000,460.000000,1,1,0,1
1239,baseline,120.000000,160.000000,0,0,0,1
1239,attack_only,220.000000,260.000000,0,1,0,1
1239,defense_only,320.000000,360.000000,1,0,0,1
1239,defense_vs_attack,420.000000,460.000000,1,1,0,1
1238,baseline,120.000000,160.000000,0,0,0,1
1238,attack_only,220.000000,260.000000,0,1,0,1
1238,defense_only,320.000000,360.000000,1,0,0,1
1238,defense_vs_attack,420.000000,460.000000,1,1,0,1
1240,baseline,120.000000,160.000000,0,0,0,1
1240,attack_only,220.000000,260.000000,0,1,0,1
1240,defense_only,320.000000,360.000000,1,0,0,1
1240,defense_vs_attack,420.000000,460.000000,1,1,0,1
1243,baseline,120.000000,160.000000,0,0,0,1
1243,attack_only,220.000000,260.000000,0,1,0,1
1243,defense_only,320.000000,360.000000,1,0,0,1
1243,defense_vs_attack,420.000000,460.000000,1,1,0,1
1248,baseline,120.000000,160.000000,0,0,0,1
1248,attack_only,220.000000,260.000000,0,1,0,1
1248,defense_only,320.000000,360.000000,1,0,0,1
1248,defense_vs_attack,420.000000,460.000000,1,1,0,1
1250,baseline,120.000000,160.000000,0,0,0,1
1250,attack_only,220.000000,260.000000,0,1,1,1
1250,defense_only,320.000000,360.000000,1,0,0,1
1250,defense_vs_attack,420.000000,460.000000,1,1,0,1
1252,baseline,120.000000,160.000000,0,0,0,1
1252,attack_only,220.000000,260.000000,0,1,0,1
1252,defense_only,320.000000,360.000000,1,0,0,1
1252,defense_vs_attack,420.000000,460.000000,1,1,0,1
1253,baseline,120.000000,160.000000,0,0,0,1
1253,attack_only,220.000000,260.000000,0,1,0,1
1253,defense_only,320.000000,360.000000,1,0,0,1
1253,defense_vs_attack,420.000000,460.000000,1,1,0,1
1256,baseline,120.000000,160.000000,0,0,0,1
1256,attack_only,220.000000,260.000000,0,1,0,1
1256,defense_only,320.000000,360.000000,1,0,0,1
1256,defense_vs_attack,420.000000,460.000000,1,1,0,1
1257,baseline,120.000000,160.000000,0,0,0,1
1257,attack_only,220.000000,260.000000,0,1,1,1
1257,defense_only,320.000000,360.000000,1,0,0,1
1257,defense_vs_attack,420.000000,460.000000,1,1,0,1
1261,baseline,120.000000,160.000000,0,0,0,1
1261,attack_only,220.000000,260.000000,0,1,0,1
1261,defense_only,320.000000,360.000000,1,0,0,1
1261,defense_vs_attack,420.000000,460.000000,1,1,0,1
1263,baseline,120.000000,160.000000,0,0,0,1
1263,attack_only,220.000000,260.000000,0,1,0,1
1263,defense_only,320.000000,360.000000,1,0,0,1
1263,defense_vs_attack,420.000000,460.000000,1,1,0,1
1262,baseline,120.000000,160.000000,0,0,0,1
1262,attack_only,220.000000,260.000000,0,1,0,1
1262,defense_only,320.000000,360.000000,1,0,0,1
1262,defense_vs_attack,420.000000,460.000000,1,1,0,1
1266,baseline,120.000000,160.000000,0,0,1,1
1266,attack_only,220.000000,260.000000,0,1,1,1
1266,defense_only,320.000000,360.000000,1,0,1,1
1266,defense_vs_attack,420.000000,460.000000,1,1,0,1
1271,baseline,120.000000,160.000000,0,0,1,1
1271,attack_only,220.000000,260.000000,0,1,0,1
1271,defense_only,320.000000,360.000000,1,0,1,1
1271,defense_vs_attack,420.000000,460.000000,1,1,0,1
1272,baseline,120.000000,160.000000,0,0,0,1
1272,attack_only,220.000000,260.000000,0,1,0,1
1272,defense_only,320.000000,360.000000,1,0,0,1
1272,defense_vs_attack,420.000000,460.000000,1,1,0,1
1269,baseline,120.000000,160.000000,0,0,0,1
1269,attack_only,220.000000,260.000000,0,1,0,1
1269,defense_only,320.000000,360.000000,1,0,0,1
1269,defense_vs_attack,420.000000,460.000000,1,1,0,1
1281,baseline,120.000000,160.000000,0,0,0,1
1281,attack_only,220.000000,260.000000,0,1,0,1
1281,defense_only,320.000000,360.000000,1,0,0,1
1281,defense_vs_attack,420.000000,460.000000,1,1,0,1
1284,baseline,120.000000,160.000000,0,0,0,1
1284,attack_only,220.000000,260.000000,0,1,0,1
1284,defense_only,320.000000,360.000000,1,0,0,1
1284,defense_vs_attack,420.000000,460.000000,1,1,0,1
1282,baseline,120.000000,160.000000,0,0,0,1
1282,attack_only,220.000000,260.000000,0,1,0,1
1282,defense_only,320.000000,360.000000,1,0,0,1
1282,defense_vs_attack,420.000000,460.000000,1,1,0,1
1287,baseline,120.000000,160.000000,0,0,0,1
1287,attack_only,220.000000,260.000000,0,1,0,1
1287,defense_only,320.000000,360.000000,1,0,0,1
1287,defense_vs_attack,420.000000,460.000000,1,1,0,1
1291,baseline,120.000000,160.000000,0,0,0,1
1291,attack_only,220.000000,260.000000,0,1,0,1
1291,defense_only,320.000000,360.000000,1,0,0,1
1291,defense_vs_attack,420.000000,460.000000,1,1,0,1
1290,baseline,120.000000,160.000000,0,0,0,1
1290,attack_only,220.000000,260.000000,0,1,0,1
1290,defense_only,320.000000,360.000000,1,0,0,1
1290,defense_vs_attack,420.000000,460.000000,1,1,0,1
1313,baseline,120.000000,160.000000,0,0,0,1
1313,attack_only,220.000000,260.000000,0,1,0,1
1313,defense_only,320.000000,360.000000,1,0,0,1
1313,defense_vs_attack,420.000000,460.000000,1,1,0,1
1304,baseline,120.000000,160.000000,0,0,0,1
1304,attack_only,220.000000,260.000000,0,1,0,1
1304,defense_only,320.000000,360.000000,1,0,0,1
1304,defense_vs_attack,420.000000,460.000000,1,1,0,1
1329,baseline,120.000000,160.000000,0,0,0,1
1329,attack_only,220.000000,260.000000,0,1,0,1
1329,defense_only,320.000000,360.000000,1,0,0,1
1329,defense_vs_attack,420.000000,460.000000,1,1,0,1
1333,baseline,120.000000,160.000000,0,0,0,1
1333,attack_only,220.000000,260.000000,0,1,0,1
1333,defense_only,320.000000,360.000000,1,0,0,1
1333,defense_vs_attack,420.000000,460.000000,1,1,0,1
1336,baseline,120.000000,160.000000,0,0,0,1
1336,attack_only,220.000000,260.000000,0,1,0,1
1336,defense_only,320.000000,360.000000,1,0,0,1
1336,defense_vs_attack,420.000000,460.000000,1,1,0,1
1339,baseline,120.000000,160.000000,0,0,1,1
1339,attack_only,220.000000,260.000000,0,1,1,1
1339,defense_only,320.000000,360.000000,1,0,1,1
1339,defense_vs_attack,420.000000,460.000000,1,1,0,1
1351,baseline,120.000000,160.000000,0,0,0,1
1351,attack_only,220.000000,260.000000,0,1,0,1
1351,defense_only,320.000000,360.000000,1,0,0,1
1351,defense_vs_attack,420.000000,460.000000,1,1,0,1
1349,baseline,120.000000,160.000000,0,0,0,1
1349,attack_only,220.000000,260.000000,0,1,0,1
1349,defense_only,320.000000,360.000000,1,0,0,1
1349,defense_vs_attack,420.000000,460.000000,1,1,0,1
1348,baseline,120.000000,160.000000,0,0,0,1
1348,attack_only,220.000000,260.000000,0,1,0,1
1348,defense_only,320.000000,360.000000,1,0,0,1
1348,defense_vs_attack,420.000000,460.000000,1,1,0,1
1350,baseline,120.000000,160.000000,0,0,0,1
1350,attack_only,220.000000,260.000000,0,1,1,1
1350,defense_only,320.000000,360.000000,1,0,1,1
1350,defense_vs_attack,420.000000,460.000000,1,1,0,1
1354,baseline,120.000000,160.000000,0,0,0,1
1354,attack_only,220.000000,260.000000,0,1,0,1
1354,defense_only,320.000000,360.000000,1,0,0,1
1354,defense_vs_attack,420.000000,460.000000,1,1,0,1
1358,baseline,120.000000,160.000000,0,0,0,1
1358,attack_only,220.000000,260.000000,0,1,0,1
1358,defense_only,320.000000,360.000000,1,0,0,1
1358,defense_vs_attack,420.000000,460.000000,1,1,0,1
1353,baseline,120.000000,160.000000,0,0,0,1
1353,attack_only,220.000000,260.000000,0,1,0,1
1353,defense_only,320.000000,360.000000,1,0,0,1
1353,defense_vs_attack,420.000000,460.000000,1,1,0,1
1361,baseline,120.000000,160.000000,0,0,0,1
1361,attack_only,220.000000,260.000000,0,1,0,1
1361,defense_only,320.000000,360.000000,1,0,0,1
1361,defense_vs_attack,420.000000,460.000000,1,1,0,1
1368,baseline,120.000000,160.000000,0,0,1,1
1368,attack_only,220.000000,260.000000,0,1,1,1
1368,defense_only,320.000000,360.000000,1,0,0,1
1368,defense_vs_attack,420.000000,460.000000,1,1,0,1
1364,baseline,120.000000,160.000000,0,0,0,1
1364,attack_only,220.000000,260.000000,0,1,0,1
1364,defense_only,320.000000,360.000000,1,0,0,1
1364,defense_vs_attack,420.000000,460.000000,1,1,0,1
1365,baseline,120.000000,160.000000,0,0,1,1
1365,attack_only,220.000000,260.000000,0,1,1,1
1365,defense_only,320.000000,360.000000,1,0,0,1
1365,defense_vs_attack,420.000000,460.000000,1,1,0,1
1366,baseline,120.000000,160.000000,0,0,0,1
1366,attack_only,220.000000,260.000000,0,1,1,1
1366,defense_only,320.000000,360.000000,1,0,0,1
1366,defense_vs_attack,420.000000,460.000000,1,1,0,1
1370,baseline,120.000000,160.000000,0,0,0,1
1370,attack_only,220.000000,260.000000,0,1,0,1
1370,defense_only,320.000000,360.000000,1,0,0,1
1370,defense_vs_attack,420.000000,460.000000,1,1,0,1
1371,baseline,120.000000,160.000000,0,0,0,1
1371,attack_only,220.000000,260.000000,0,1,0,1
1371,defense_only,320.000000,360.000000,1,0,0,1
1371,defense_vs_attack,420.000000,460.000000,1,1,0,1
1372,baseline,120.000000,160.000000,0,0,0,1
1372,attack_only,220.000000,260.000000,0,1,0,1
1372,defense_only,320.000000,360.000000,1,0,0,1
1372,defense_vs_attack,420.000000,460.000000,1,1,0,1
1379,baseline,120.000000,160.000000,0,0,0,1
1379,attack_only,220.000000,260.000000,0,1,0,1
1379,defense_only,320.000000,360.000000,1,0,0,1
1379,defense_vs_attack,420.000000,460.000000,1,1,0,1
1385,baseline,120.000000,160.000000,0,0,0,1
1385,attack_only,220.000000,260.000000,0,1,0,1
1385,defense_only,320.000000,360.000000,1,0,0,1
1385,defense_vs_attack,420.000000,460.000000,1,1,0,1
1383,baseline,120.000000,160.000000,0,0,0,1
1383,attack_only,220.000000,260.000000,0,1,0,1
1383,defense_only,320.000000,360.000000,1,0,0,1
1383,defense_vs_attack,420.000000,460.000000,1,1,0,1
1384,baseline,120.000000,160.000000,0,0,0,1
1384,attack_only,220.000000,260.000000,0,1,1,1
1384,defense_only,320.000000,360.000000,1,0,0,1
1384,defense_vs_attack,420.000000,460.000000,1,1,0,1
1391,baseline,120.000000,160.000000,0,0,0,1
1391,attack_only,220.000000,260.000000,0,1,1,1
1391,defense_only,320.000000,360.000000,1,0,0,1
1391,defense_vs_attack,420.000000,460.000000,1,1,0,1
1390,baseline,120.000000,160.000000,0,0,0,1
1390,attack_only,220.000000,260.000000,0,1,1,1
1390,defense_only,320.000000,360.000000,1,0,0,1
1390,defense_vs_attack,420.000000,460.000000,1,1,0,1
1394,baseline,120.000000,160.000000,0,0,1,1
1394,attack_only,220.000000,260.000000,0,1,1,1
1394,defense_only,320.000000,360.000000,1,0,1,1
1394,defense_vs_attack,420.000000,460.000000,1,1,0,1
1402,baseline,120.000000,160.000000,0,0,0,1
1402,attack_only,220.000000,260.000000,0,1,0,1
1402,defense_only,320.000000,360.000000,1,0,0,1
1402,defense_vs_attack,420.000000,460.000000,1,1,0,1
1404,baseline,120.000000,160.000000,0,0,0,1
1404,attack_only,220.000000,260.000000,0,1,0,1
1404,defense_only,320.000000,360.000000,1,0,0,1
1404,defense_vs_attack,420.000000,460.000000,1,1,0,1
1410,baseline,120.000000,160.000000,0,0,0,1
1410,attack_only,220.000000,260.000000,0,1,1,1
1410,defense_only,320.000000,360.000000,1,0,0,1
1410,defense_vs_attack,420.000000,460.000000,1,1,0,1
1409,baseline,120.000000,160.000000,0,0,1,1
1409,attack_only,220.000000,260.000000,0,1,1,1
1409,defense_only,320.000000,360.000000,1,0,1,1
1409,defense_vs_attack,420.000000,460.000000,1,1,0,1
1412,baseline,120.000000,160.000000,0,0,0,1
1412,attack_only,220.000000,260.000000,0,1,0,1
1412,defense_only,320.000000,360.000000,1,0,0,1
1412,defense_vs_attack,420.000000,460.000000,1,1,0,1
1415,baseline,120.000000,160.000000,0,0,0,1
1415,attack_only,220.000000,260.000000,0,1,1,1
1415,defense_only,320.000000,360.000000,1,0,0,1
1415,defense_vs_attack,420.000000,460.000000,1,1,0,1
1418,baseline,120.000000,160.000000,0,0,0,1
1418,attack_only,220.000000,260.000000,0,1,0,1
1418,defense_only,320.000000,360.000000,1,0,0,1
1418,defense_vs_attack,420.000000,460.000000,1,1,0,1
1416,baseline,120.000000,160.000000,0,0,1,1
1416,attack_only,220.000000,260.000000,0,1,1,1
1416,defense_only,320.000000,360.000000,1,0,1,1
1416,defense_vs_attack,420.000000,460.000000,1,1,0,1
1421,baseline,120.000000,160.000000,0,0,0,1
1421,attack_only,220.000000,260.000000,0,1,0,1
1421,defense_only,320.000000,360.000000,1,0,0,1
1421,defense_vs_attack,420.000000,460.000000,1,1,0,1
1424,baseline,120.000000,160.000000,0,0,0,1
1424,attack_only,220.000000,260.000000,0,1,0,1
1424,defense_only,320.000000,360.000000,1,0,0,1
1424,defense_vs_attack,420.000000,460.000000,1,1,0,1
1432,baseline,120.000000,160.000000,0,0,1,1
1432,attack_only,220.000000,260.000000,0,1,1,1
1432,defense_only,320.000000,360.000000,1,0,1,1
1432,defense_vs_attack,420.000000,460.000000,1,1,0,1
1430,baseline,120.000000,160.000000,0,0,0,1
1430,attack_only,220.000000,260.000000,0,1,0,1
1430,defense_only,320.000000,360.000000,1,0,0,1
1430,defense_vs_attack,420.000000,460.000000,1,1,0,1
1435,baseline,120.000000,160.000000,0,0,0,1
1435,attack_only,220.000000,260.000000,0,1,1,1
1435,defense_only,320.000000,360.000000,1,0,0,1
1435,defense_vs_attack,420.000000,460.000000,1,1,0,1
1434,baseline,120.000000,160.000000,0,0,0,1
1434,attack_only,220.000000,260.000000,0,1,0,1
1434,defense_only,320.000000,360.000000,1,0,0,1
1434,defense_vs_attack,420.000000,460.000000,1,1,0,1
1439,baseline,120.000000,160.000000,0,0,0,1
1439,attack_only,220.000000,260.000000,0,1,1,1
1439,defense_only,320.000000,360.000000,1,0,0,1
1439,defense_vs_attack,420.000000,460.000000,1,1,0,1
1442,baseline,120.000000,160.000000,0,0,0,1
1442,attack_only,220.000000,260.000000,0,1,0,1
1442,defense_only,320.000000,360.000000,1,0,0,1
1442,defense_vs_attack,420.000000,460.000000,1,1,0,1
1449,baseline,120.000000,160.000000,0,0,0,1
1449,attack_only,220.000000,260.000000,0,1,0,1
1449,defense_only,320.000000,360.000000,1,0,0,1
1449,defense_vs_attack,420.000000,460.000000,1,1,0,1
1446,baseline,120.000000,160.000000,0,0,0,1
1446,attack_only,220.000000,260.000000,0,1,0,1
1446,defense_only,320.000000,360.000000,1,0,0,1
1446,defense_vs_attack,420.000000,460.000000,1,1,0,1
1458,baseline,120.000000,160.000000,0,0,0,1
1458,attack_only,220.000000,260.000000,0,1,0,1
1458,defense_only,320.000000,360.000000,1,0,0,1
1458,defense_vs_attack,420.000000,460.000000,1,1,0,1
1460,baseline,120.000000,160.000000,0,0,0,1
1460,attack_only,220.000000,260.000000,0,1,0,1
1460,defense_only,320.000000,360.000000,1,0,0,1
1460,defense_vs_attack,420.000000,460.000000,1,1,0,1
1464,baseline,120.000000,160.000000,0,0,1,1
1464,attack_only,220.000000,260.000000,0,1,1,1
1464,defense_only,320.000000,360.000000,1,0,1,1
1464,defense_vs_attack,420.000000,460.000000,1,1,0,1
1459,baseline,120.000000,160.000000,0,0,0,1
1459,attack_only,220.000000,260.000000,0,1,1,1
1459,defense_only,320.000000,360.000000,1,0,0,1
1459,defense_vs_attack,420.000000,460.000000,1,1,0,1
1477,baseline,120.000000,160.000000,0,0,0,1
1477,attack_only,220.000000,260.000000,0,1,1,1
1477,defense_only,320.000000,360.000000,1,0,0,1
1477,defense_vs_attack,420.000000,460.000000,1,1,0,1
1475,baseline,120.000000,160.000000,0,0,0,1
1475,attack_only,220.000000,260.000000,0,1,0,1
1475,defense_only,320.000000,360.000000,1,0,1,1
1475,defense_vs_attack,420.000000,460.000000,1,1,0,1
1478,baseline,120.000000,160.000000,0,0,0,1
1478,attack_only,220.000000,260.000000,0,1,1,1
1478,defense_only,320.000000,360.000000,1,0,0,1
1478,defense_vs_attack,420.000000,460.000000,1,1,0,1
1480,baseline,120.000000,160.000000,0,0,0,1
1480,attack_only,220.000000,260.000000,0,1,0,1
1480,defense_only,320.000000,360.000000,1,0,0,1
1480,defense_vs_attack,420.000000,460.000000,1,1,0,1
1483,baseline,120.000000,160.000000,0,0,1,1
1483,attack_only,220.000000,260.000000,0,1,1,1
1483,defense_only,320.000000,360.000000,1,0,1,1
1483,defense_vs_attack,420.000000,460.000000,1,1,0,1
1481,baseline,120.000000,160.000000,0,0,1,1
1481,attack_only,220.000000,260.000000,0,1,1,1
1481,defense_only,320.000000,360.000000,1,0,1,1
1481,defense_vs_attack,420.000000,460.000000,1,1,0,1
1484,baseline,120.000000,160.000000,0,0,0,1
1484,attack_only,220.000000,260.000000,0,1,0,1
1484,defense_only,320.000000,360.000000,1,0,0,1
1484,defense_vs_attack,420.000000,460.000000,1,1,0,1
1490,baseline,120.000000,160.000000,0,0,0,1
1490,attack_only,220.000000,260.000000,0,1,0,1
1490,defense_only,320.000000,360.000000,1,0,0,1
1490,defense_vs_attack,420.000000,460.000000,1,1,0,1
1489,baseline,120.000000,160.000000,0,0,0,1
1489,attack_only,220.000000,260.000000,0,1,0,1
1489,defense_only,320.000000,360.000000,1,0,0,1
1489,defense_vs_attack,420.000000,460.000000,1,1,0,1
1494,baseline,120.000000,160.000000,0,0,1,1
1494,attack_only,220.000000,260.000000,0,1,1,1
1494,defense_only,320.000000,360.000000,1,0,1,1
1494,defense_vs_attack,420.000000,460.000000,1,1,0,1
1497,baseline,120.000000,160.000000,0,0,1,1
1497,attack_only,220.000000,260.000000,0,1,1,1
1497,defense_only,320.000000,360.000000,1,0,1,1
1497,defense_vs_attack,420.000000,460.000000,1,1,0,1
1501,baseline,120.000000,160.000000,0,0,0,1
1501,attack_only,220.000000,260.000000,0,1,0,1
1501,defense_only,320.000000,360.000000,1,0,0,1
1501,defense_vs_attack,420.000000,460.000000,1,1,0,1
1502,baseline,120.000000,160.000000,0,0,0,1
1502,attack_only,220.000000,260.000000,0,1,0,1
1502,defense_only,320.000000,360.000000,1,0,0,1
1502,defense_vs_attack,420.000000,460.000000,1,1,0,1
1503,baseline,120.000000,160.000000,0,0,0,1
1503,attack_only,220.000000,260.000000,0,1,0,1
1503,defense_only,320.000000,360.000000,1,0,0,1
1503,defense_vs_attack,420.000000,460.000000,1,1,0,1
1505,baseline,120.000000,160.000000,0,0,0,1
1505,attack_only,220.000000,260.000000,0,1,0,1
1505,defense_only,320.000000,360.000000,1,0,0,1
1505,defense_vs_attack,420.000000,460.000000,1,1,0,1
1509,baseline,120.000000,160.000000,0,0,1,1
1509,attack_only,220.000000,260.000000,0,1,1,1
1509,defense_only,320.000000,360.000000,1,0,1,1
1509,defense_vs_attack,420.000000,460.000000,1,1,0,1
1514,baseline,120.000000,160.000000,0,0,1,1
1514,attack_only,220.000000,260.000000,0,1,1,1
1514,defense_only,320.000000,360.000000,1,0,1,1
1514,defense_vs_attack,420.000000,460.000000,1,1,0,1
1512,baseline,120.000000,160.000000,0,0,0,1
1512,attack_only,220.000000,260.000000,0,1,0,1
1512,defense_only,320.000000,360.000000,1,0,0,1
1512,defense_vs_attack,420.000000,460.000000,1,1,0,1
1510,baseline,120.000000,160.000000,0,0,1,1
1510,attack_only,220.000000,260.000000,0,1,1,1
1510,defense_only,320.000000,360.000000,1,0,1,1
1510,defense_vs_attack,420.000000,460.000000,1,1,0,1
1517,baseline,120.000000,160.000000,0,0,0,1
1517,attack_only,220.000000,260.000000,0,1,0,1
1517,defense_only,320.000000,360.000000,1,0,0,1
1517,defense_vs_attack,420.000000,460.000000,1,1,0,1
1518,baseline,120.000000,160.000000,0,0,0,1
1518,attack_only,220.000000,260.000000,0,1,0,1
1518,defense_only,320.000000,360.000000,1,0,0,1
1518,defense_vs_attack,420.000000,460.000000,1,1,0,1
1526,baseline,120.000000,160.000000,0,0,0,1
1526,attack_only,220.000000,260.000000,0,1,0,1
1526,defense_only,320.000000,360.000000,1,0,0,1
1526,defense_vs_attack,420.000000,460.000000,1,1,0,1
1531,baseline,120.000000,160.000000,0,0,1,1
1531,attack_only,220.000000,260.000000,0,1,1,1
1531,defense_only,320.000000,360.000000,1,0,1,1
1531,defense_vs_attack,420.000000,460.000000,1,1,0,1
1522,baseline,120.000000,160.000000,0,0,0,1
1522,attack_only,220.000000,260.000000,0,1,0,1
1522,defense_only,320.000000,360.000000,1,0,0,1
1522,defense_vs_attack,420.000000,460.000000,1,1,0,1
1533,baseline,120.000000,160.000000,0,0,0,1
1533,attack_only,220.000000,260.000000,0,1,0,1
1533,defense_only,320.000000,360.000000,1,0,0,1
1533,defense_vs_attack,420.000000,460.000000,1,1,0,1
1537,baseline,120.000000,160.000000,0,0,0,1
1537,attack_only,220.000000,260.000000,0,1,0,1
1537,defense_only,320.000000,360.000000,1,0,0,1
1537,defense_vs_attack,420.000000,460.000000,1,1,0,1
1538,baseline,120.000000,160.000000,0,0,1,1
1538,attack_only,220.000000,260.000000,0,1,1,1
1538,defense_only,320.000000,360.000000,1,0,0,1
1538,defense_vs_attack,420.000000,460.000000,1,1,0,1
1544,baseline,120.000000,160.000000,0,0,0,1
1544,attack_only,220.000000,260.000000,0,1,0,1
1544,defense_only,320.000000,360.000000,1,0,0,1
1544,defense_vs_attack,420.000000,460.000000,1,1,0,1
1549,baseline,120.000000,160.000000,0,0,0,1
1549,attack_only,220.000000,260.000000,0,1,0,1
1549,defense_only,320.000000,360.000000,1,0,0,1
1549,defense_vs_attack,420.000000,460.000000,1,1,0,1
1553,baseline,120.000000,160.000000,0,0,1,1
1553,attack_only,220.000000,260.000000,0,1,1,1
1553,defense_only,320.000000,360.000000,1,0,1,1
1553,defense_vs_attack,420.000000,460.000000,1,1,0,1
1559,baseline,120.000000,160.000000,0,0,0,1
1559,attack_only,220.000000,260.000000,0,1,0,1
1559,defense_only,320.000000,360.000000,1,0,0,1
1559,defense_vs_attack,420.000000,460.000000,1,1,0,1
1555,baseline,120.000000,160.000000,0,0,0,1
1555,attack_only,220.000000,260.000000,0,1,0,1
1555,defense_only,320.000000,360.000000,1,0,0,1
1555,defense_vs_attack,420.000000,460.000000,1,1,0,1
1563,baseline,120.000000,160.000000,0,0,0,1
1563,attack_only,220.000000,260.000000,0,1,0,1
1563,defense_only,320.000000,360.000000,1,0,0,1
1563,defense_vs_attack,420.000000,460.000000,1,1,0,1
1562,baseline,120.000000,160.000000,0,0,1,1
1562,attack_only,220.000000,260.000000,0,1,1,1
1562,defense_only,320.000000,360.000000,1,0,1,1
1562,defense_vs_attack,420.000000,460.000000,1,1,0,1
1565,baseline,120.000000,160.000000,0,0,0,1
1565,attack_only,220.000000,260.000000,0,1,0,1
1565,defense_only,320.000000,360.000000,1,0,0,1
1565,defense_vs_attack,420.000000,460.000000,1,1,0,1
1567,baseline,120.000000,160.000000,0,0,0,1
1567,attack_only,220.000000,260.000000,0,1,0,1
1567,defense_only,320.000000,360.000000,1,0,0,1
1567,defense_vs_attack,420.000000,460.000000,1,1,0,1
1568,baseline,120.000000,160.000000,0,0,0,1
1568,attack_only,220.000000,260.000000,0,1,0,1
1568,defense_only,320.000000,360.000000,1,0,0,1
1568,defense_vs_attack,420.000000,460.000000,1,1,0,1
1571,baseline,120.000000,160.000000,0,0,0,1
1571,attack_only,220.000000,260.000000,0,1,0,1
1571,defense_only,320.000000,360.000000,1,0,0,1
1571,defense_vs_attack,420.000000,460.000000,1,1,0,1
1570,baseline,120.000000,160.000000,0,0,0,1
1570,attack_only,220.000000,260.000000,0,1,0,1
1570,defense_only,320.000000,360.000000,1,0,0,1
1570,defense_vs_attack,420.000000,460.000000,1,1,0,1
1578,baseline,120.000000,160.000000,0,0,1,1
1578,attack_only,220.000000,260.000000,0,1,1,1
1578,defense_only,320.000000,360.000000,1,0,1,1
1578,defense_vs_attack,420.000000,460.000000,1,1,0,1
1580,baseline,120.000000,160.000000,0,0,1,1
1580,attack_only,220.000000,260.000000,0,1,1,1
1580,defense_only,320.000000,360.000000,1,0,0,1
1580,defense_vs_attack,420.000000,460.000000,1,1,0,1
1583,baseline,120.000000,160.000000,0,0,0,1
1583,attack_only,220.000000,260.000000,0,1,0,1
1583,defense_only,320.000000,360.000000,1,0,0,1
1583,defense_vs_attack,420.000000,460.000000,1,1,0,1
1586,baseline,120.000000,160.000000,0,0,0,1
1586,attack_only,220.000000,260.000000,0,1,0,1
1586,defense_only,320.000000,360.000000,1,0,0,1
1586,defense_vs_attack,420.000000,460.000000,1,1,0,1
1590,baseline,120.000000,160.000000,0,0,0,1
1590,attack_only,220.000000,260.000000,0,1,0,1
1590,defense_only,320.000000,360.000000,1,0,0,1
1590,defense_vs_attack,420.000000,460.000000,1,1,0,1
1589,baseline,120.000000,160.000000,0,0,0,1
1589,attack_only,220.000000,260.000000,0,1,0,1
1589,defense_only,320.000000,360.000000,1,0,0,1
1589,defense_vs_attack,420.000000,460.000000,1,1,0,1
1591,baseline,120.000000,160.000000,0,0,0,1
1591,attack_only,220.000000,260.000000,0,1,0,1
1591,defense_only,320.000000,360.000000,1,0,0,1
1591,defense_vs_attack,420.000000,460.000000,1,1,0,1
1599,baseline,120.000000,160.000000,0,0,0,1
1599,attack_only,220.000000,260.000000,0,1,0,1
1599,defense_only,320.000000,360.000000,1,0,0,1
1599,defense_vs_attack,420.000000,460.000000,1,1,0,1
1601,baseline,120.000000,160.000000,0,0,0,1
1601,attack_only,220.000000,260.000000,0,1,1,1
1601,defense_only,320.000000,360.000000,1,0,0,1
1601,defense_vs_attack,420.000000,460.000000,1,1,0,1
1600,baseline,120.000000,160.000000,0,0,0,1
1600,attack_only,220.000000,260.000000,0,1,0,1
1600,defense_only,320.000000,360.000000,1,0,0,1
1600,defense_vs_attack,420.000000,460.000000,1,1,0,1
1595,baseline,120.000000,160.000000,0,0,0,1
1595,attack_only,220.000000,260.000000,0,1,0,1
1595,defense_only,320.000000,360.000000,1,0,0,1
1595,defense_vs_attack,420.000000,460.000000,1,1,0,1
1602,baseline,120.000000,160.000000,0,0,0,1
1602,attack_only,220.000000,260.000000,0,1,0,1
1602,defense_only,320.000000,360.000000,1,0,0,1
1602,defense_vs_attack,420.000000,460.000000,1,1,0,1
1607,baseline,120.000000,160.000000,0,0,0,1
1607,attack_only,220.000000,260.000000,0,1,0,1
1607,defense_only,320.000000,360.000000,1,0,0,1
1607,defense_vs_attack,420.000000,460.000000,1,1,0,1
1612,baseline,120.000000,160.000000,0,0,0,1
1612,attack_only,220.000000,260.000000,0,1,0,1
1612,defense_only,320.000000,360.000000,1,0,0,1
1612,defense_vs_attack,420.000000,460.000000,1,1,0,1
1617,baseline,120.000000,160.000000,0,0,1,1
1617,attack_only,220.000000,260.000000,0,1,1,1
1617,defense_only,320.000000,360.000000,1,0,1,1
1617,defense_vs_attack,420.000000,460.000000,1,1,0,1
1619,baseline,120.000000,160.000000,0,0,0,1
1619,attack_only,220.000000,260.000000,0,1,0,1
1619,defense_only,320.000000,360.000000,1,0,0,1
1619,defense_vs_attack,420.000000,460.000000,1,1,0,1
1616,baseline,120.000000,160.000000,0,0,0,1
1616,attack_only,220.000000,260.000000,0,1,0,1
1616,defense_only,320.000000,360.000000,1,0,0,1
1616,defense_vs_attack,420.000000,460.000000,1,1,0,1
1620,baseline,120.000000,160.000000,0,0,0,1
1620,attack_only,220.000000,260.000000,0,1,0,1
1620,defense_only,320.000000,360.000000,1,0,0,1
1620,defense_vs_attack,420.000000,460.000000,1,1,0,1
1622,baseline,120.000000,160.000000,0,0,0,1
1622,attack_only,220.000000,260.000000,0,1,0,1
1622,defense_only,320.000000,360.000000,1,0,0,1
1622,defense_vs_attack,420.000000,460.000000,1,1,0,1
1621,baseline,120.000000,160.000000,0,0,0,1
1621,attack_only,220.000000,260.000000,0,1,0,1
1621,defense_only,320.000000,360.000000,1,0,0,1
1621,defense_vs_attack,420.000000,460.000000,1,1,0,1
1623,baseline,120.000000,160.000000,0,0,0,1
1623,attack_only,220.000000,260.000000,0,1,0,1
1623,defense_only,320.000000,360.000000,1,0,0,1
1623,defense_vs_attack,420.000000,460.000000,1,1,0,1
1631,baseline,120.000000,160.000000,0,0,0,1
1631,attack_only,220.000000,260.000000,0,1,1,1
1631,defense_only,320.000000,360.000000,1,0,0,1
1631,defense_vs_attack,420.000000,460.000000,1,1,0,1
1626,baseline,120.000000,160.000000,0,0,0,1
1626,attack_only,220.000000,260.000000,0,1,0,1
1626,defense_only,320.000000,360.000000,1,0,0,1
1626,defense_vs_attack,420.000000,460.000000,1,1,0,1
1630,baseline,120.000000,160.000000,0,0,0,1
1630,attack_only,220.000000,260.000000,0,1,0,1
1630,defense_only,320.000000,360.000000,1,0,0,1
1630,defense_vs_attack,420.000000,460.000000,1,1,0,1
1632,baseline,120.000000,160.000000,0,0,1,1
1632,attack_only,220.000000,260.000000,0,1,1,1
1632,defense_only,320.000000,360.000000,1,0,1,1
1632,defense_vs_attack,420.000000,460.000000,1,1,0,1
1634,baseline,120.000000,160.000000,0,0,0,1
1634,attack_only,220.000000,260.000000,0,1,0,1
1634,defense_only,320.000000,360.000000,1,0,0,1
1634,defense_vs_attack,420.000000,460.000000,1,1,0,1
1637,baseline,120.000000,160.000000,0,0,1,1
1637,attack_only,220.000000,260.000000,0,1,1,1
1637,defense_only,320.000000,360.000000,1,0,1,1
1637,defense_vs_attack,420.000000,460.000000,1,1,0,1
1643,baseline,120.000000,160.000000,0,0,0,1
1643,attack_only,220.000000,260.000000,0,1,0,1
1643,defense_only,320.000000,360.000000,1,0,0,1
1643,defense_vs_attack,420.000000,460.000000,1,1,0,1
1642,baseline,120.000000,160.000000,0,0,0,1
1642,attack_only,220.000000,260.000000,0,1,0,1
1642,defense_only,320.000000,360.000000,1,0,0,1
1642,defense_vs_attack,420.000000,460.000000,1,1,0,1
1647,baseline,120.000000,160.000000,0,0,0,1
1647,attack_only,220.000000,260.000000,0,1,0,1
1647,defense_only,320.000000,360.000000,1,0,0,1
1647,defense_vs_attack,420.000000,460.000000,1,1,0,1
1644,baseline,120.000000,160.000000,0,0,0,1
1644,attack_only,220.000000,260.000000,0,1,0,1
1644,defense_only,320.000000,360.000000,1,0,0,1
1644,defense_vs_attack,420.000000,460.000000,1,1,0,1
1645,baseline,120.000000,160.000000,0,0,0,1
1645,attack_only,220.000000,260.000000,0,1,0,1
1645,defense_only,320.000000,360.000000,1,0,0,1
1645,defense_vs_attack,420.000000,460.000000,1,1,0,1
1649,baseline,120.000000,160.000000,0,0,0,1
1649,attack_only,220.000000,260.000000,0,1,1,1
1649,defense_only,320.000000,360.000000,1,0,0,1
1649,defense_vs_attack,420.000000,460.000000,1,1,0,1
1656,baseline,120.000000,160.000000,0,0,0,1
1656,attack_only,220.000000,260.000000,0,1,0,1
1656,defense_only,320.000000,360.000000,1,0,0,1
1656,defense_vs_attack,420.000000,460.000000,1,1,0,1
1655,baseline,120.000000,160.000000,0,0,0,1
1655,attack_only,220.000000,260.000000,0,1,1,1
1655,defense_only,320.000000,360.000000,1,0,0,1
1655,defense_vs_attack,420.000000,460.000000,1,1,0,1
1659,baseline,120.000000,160.000000,0,0,0,1
1659,attack_only,220.000000,260.000000,0,1,1,1
1659,defense_only,320.000000,360.000000,1,0,0,1
1659,defense_vs_attack,420.000000,460.000000,1,1,0,1
1660,baseline,120.000000,160.000000,0,0,1,1
1660,attack_only,220.000000,260.000000,0,1,1,1
1660,defense_only,320.000000,360.000000,1,0,1,1
1660,defense_vs_attack,420.000000,460.000000,1,1,0,1
1658,baseline,120.000000,160.000000,0,0,0,1
1658,attack_only,220.000000,260.000000,0,1,0,1
1658,defense_only,320.000000,360.000000,1,0,0,1
1658,defense_vs_attack,420.000000,460.000000,1,1,0,1
1664,baseline,120.000000,160.000000,0,0,0,1
1664,attack_only,220.000000,260.000000,0,1,0,1
1664,defense_only,320.000000,360.000000,1,0,0,1
1664,defense_vs_attack,420.000000,460.000000,1,1,0,1
1667,baseline,120.000000,160.000000,0,0,0,1
1667,attack_only,220.000000,260.000000,0,1,0,1
1667,defense_only,320.000000,360.000000,1,0,0,1
1667,defense_vs_attack,420.000000,460.000000,1,1,0,1
1669,baseline,120.000000,160.000000,0,0,1,1
1669,attack_only,220.000000,260.000000,0,1,1,1
1669,defense_only,320.000000,360.000000,1,0,1,1
1669,defense_vs_attack,420.000000,460.000000,1,1,0,1
1670,baseline,120.000000,160.000000,0,0,0,1
1670,attack_only,220.000000,260.000000,0,1,0,1
1670,defense_only,320.000000,360.000000,1,0,0,1
1670,defense_vs_attack,420.000000,460.000000,1,1,0,1
1672,baseline,120.000000,160.000000,0,0,0,1
1672,attack_only,220.000000,260.000000,0,1,0,1
1672,defense_only,320.000000,360.000000,1,0,0,1
1672,defense_vs_attack,420.000000,460.000000,1,1,0,1
1676,baseline,120.000000,160.000000,0,0,0,1
1676,attack_only,220.000000,260.000000,0,1,0,1
1676,defense_only,320.000000,360.000000,1,0,0,1
1676,defense_vs_attack,420.000000,460.000000,1,1,0,1
1677,baseline,120.000000,160.000000,0,0,0,1
1677,attack_only,220.000000,260.000000,0,1,0,1
1677,defense_only,320.000000,360.000000,1,0,0,1
1677,defense_vs_attack,420.000000,460.000000,1,1,0,1
1680,baseline,120.000000,160.000000,0,0,0,1
1680,attack_only,220.000000,260.000000,0,1,0,1
1680,defense_only,320.000000,360.000000,1,0,0,1
1680,defense_vs_attack,420.000000,460.000000,1,1,0,1
1681,baseline,120.000000,160.000000,0,0,0,1
1681,attack_only,220.000000,260.000000,0,1,1,1
1681,defense_only,320.000000,360.000000,1,0,0,1
1681,defense_vs_attack,420.000000,460.000000,1,1,0,1
1684,baseline,120.000000,160.000000,0,0,0,1
1684,attack_only,220.000000,260.000000,0,1,1,1
1684,defense_only,320.000000,360.000000,1,0,0,1
1684,defense_vs_attack,420.000000,460.000000,1,1,0,1
1683,baseline,120.000000,160.000000,0,0,1,1
1683,attack_only,220.000000,260.000000,0,1,1,1
1683,defense_only,320.000000,360.000000,1,0,0,1
1683,defense_vs_attack,420.000000,460.000000,1,1,0,1
1687,baseline,120.000000,160.000000,0,0,0,1
1687,attack_only,220.000000,260.000000,0,1,1,1
1687,defense_only,320.000000,360.000000,1,0,0,1
1687,defense_vs_attack,420.000000,460.000000,1,1,0,1
1685,baseline,120.000000,160.000000,0,0,0,1
1685,attack_only,220.000000,260.000000,0,1,0,1
1685,defense_only,320.000000,360.000000,1,0,0,1
1685,defense_vs_attack,420.000000,460.000000,1,1,0,1
1686,baseline,120.000000,160.000000,0,0,0,1
1686,attack_only,220.000000,260.000000,0,1,1,1
1686,defense_only,320.000000,360.000000,1,0,1,1
1686,defense_vs_attack,420.000000,460.000000,1,1,0,1
1690,baseline,120.000000,160.000000,0,0,0,1
1690,attack_only,220.000000,260.000000,0,1,0,1
1690,defense_only,320.000000,360.000000,1,0,0,1
1690,defense_vs_attack,420.000000,460.000000,1,1,0,1
1689,baseline,120.000000,160.000000,0,0,0,1
1689,attack_only,220.000000,260.000000,0,1,0,1
1689,defense_only,320.000000,360.000000,1,0,0,1
1689,defense_vs_attack,420.000000,460.000000,1,1,0,1
1694,baseline,120.000000,160.000000,0,0,0,1
1694,attack_only,220.000000,260.000000,0,1,1,1
1694,defense_only,320.000000,360.000000,1,0,0,1
1694,defense_vs_attack,420.000000,460.000000,1,1,0,1
1693,baseline,120.000000,160.000000,0,0,0,1
1693,attack_only,220.000000,260.000000,0,1,1,1
1693,defense_only,320.000000,360.000000,1,0,0,1
1693,defense_vs_attack,420.000000,460.000000,1,1,0,1
1697,baseline,120.000000,160.000000,0,0,0,1
1697,attack_only,220.000000,260.000000,0,1,0,1
1697,defense_only,320.000000,360.000000,1,0,0,1
1697,defense_vs_attack,420.000000,460.000000,1,1,0,1
1703,baseline,120.000000,160.000000,0,0,0,1
1703,attack_only,220.000000,260.000000,0,1,0,1
1703,defense_only,320.000000,360.000000,1,0,0,1
1703,defense_vs_attack,420.000000,460.000000,1,1,0,1
1706,baseline,120.000000,160.000000,0,0,0,1
1706,attack_only,220.000000,260.000000,0,1,0,1
1706,defense_only,320.000000,360.000000,1,0,0,1
1706,defense_vs_attack,420.000000,460.000000,1,1,0,1
1708,baseline,120.000000,160.000000,0,0,0,1
1708,attack_only,220.000000,260.000000,0,1,0,1
1708,defense_only,320.000000,360.000000,1,0,0,1
1708,defense_vs_attack,420.000000,460.000000,1,1,0,1
1710,baseline,120.000000,160.000000,0,0,0,1
1710,attack_only,220.000000,260.000000,0,1,0,1
1710,defense_only,320.000000,360.000000,1,0,0,1
1710,defense_vs_attack,420.000000,460.000000,1,1,0,1
1714,baseline,120.000000,160.000000,0,0,0,1
1714,attack_only,220.000000,260.000000,0,1,0,1
1714,defense_only,320.000000,360.000000,1,0,0,1
1714,defense_vs_attack,420.000000,460.000000,1,1,0,1
1715,baseline,120.000000,160.000000,0,0,0,1
1715,attack_only,220.000000,260.000000,0,1,0,1
1715,defense_only,320.000000,360.000000,1,0,0,1
1715,defense_vs_attack,420.000000,460.000000,1,1,0,1
1717,baseline,120.000000,160.000000,0,0,0,1
1717,attack_only,220.000000,260.000000,0,1,0,1
1717,defense_only,320.000000,360.000000,1,0,0,1
1717,defense_vs_attack,420.000000,460.000000,1,1,0,1
1719,baseline,120.000000,160.000000,0,0,0,1
1719,attack_only,220.000000,260.000000,0,1,0,1
1719,defense_only,320.000000,360.000000,1,0,0,1
1719,defense_vs_attack,420.000000,460.000000,1,1,0,1
1723,baseline,120.000000,160.000000,0,0,0,1
1723,attack_only,220.000000,260.000000,0,1,0,1
1723,defense_only,320.000000,360.000000,1,0,0,1
1723,defense_vs_attack,420.000000,460.000000,1,1,0,1
1727,baseline,120.000000,160.000000,0,0,1,1
1727,attack_only,220.000000,260.000000,0,1,1,1
1727,defense_only,320.000000,360.000000,1,0,1,1
1727,defense_vs_attack,420.000000,460.000000,1,1,0,1
1733,baseline,120.000000,160.000000,0,0,0,1
1733,attack_only,220.000000,260.000000,0,1,0,1
1733,defense_only,320.000000,360.000000,1,0,0,1
1733,defense_vs_attack,420.000000,460.000000,1,1,0,1
1732,baseline,120.000000,160.000000,0,0,0,1
1732,attack_only,220.000000,260.000000,0,1,0,1
1732,defense_only,320.000000,360.000000,1,0,0,1
1732,defense_vs_attack,420.000000,460.000000,1,1,0,1
1738,baseline,120.000000,160.000000,0,0,0,1
1738,attack_only,220.000000,260.000000,0,1,0,1
1738,defense_only,320.000000,360.000000,1,0,0,1
1738,defense_vs_attack,420.000000,460.000000,1,1,0,1
1745,baseline,120.000000,160.000000,0,0,0,1
1745,attack_only,220.000000,260.000000,0,1,0,1
1745,defense_only,320.000000,360.000000,1,0,0,1
1745,defense_vs_attack,420.000000,460.000000,1,1,0,1
1749,baseline,120.000000,160.000000,0,0,0,1
1749,attack_only,220.000000,260.000000,0,1,0,1
1749,defense_only,320.000000,360.000000,1,0,0,1
1749,defense_vs_attack,420.000000,460.000000,1,1,0,1
1747,baseline,120.000000,160.000000,0,0,0,1
1747,attack_only,220.000000,260.000000,0,1,0,1
1747,defense_only,320.000000,360.000000,1,0,0,1
1747,defense_vs_attack,420.000000,460.000000,1,1,0,1
1753,baseline,120.000000,160.000000,0,0,0,1
1753,attack_only,220.000000,260.000000,0,1,1,1
1753,defense_only,320.000000,360.000000,1,0,0,1
1753,defense_vs_attack,420.000000,460.000000,1,1,0,1
1755,baseline,120.000000,160.000000,0,0,0,1
1755,attack_only,220.000000,260.000000,0,1,1,1
1755,defense_only,320.000000,360.000000,1,0,0,1
1755,defense_vs_attack,420.000000,460.000000,1,1,0,1
1756,baseline,120.000000,160.000000,0,0,1,1
1756,attack_only,220.000000,260.000000,0,1,1,1
1756,defense_only,320.000000,360.000000,1,0,1,1
1756,defense_vs_attack,420.000000,460.000000,1,1,0,1
1759,baseline,120.000000,160.000000,0,0,0,1
1759,attack_only,220.000000,260.000000,0,1,0,1
1759,defense_only,320.000000,360.000000,1,0,0,1
1759,defense_vs_attack,420.000000,460.000000,1,1,0,1
1765,baseline,120.000000,160.000000,0,0,0,1
1765,attack_only,220.000000,260.000000,0,1,1,1
1765,defense_only,320.000000,360.000000,1,0,0,1
1765,defense_vs_attack,420.000000,460.000000,1,1,0,1
1760,baseline,120.000000,160.000000,0,0,0,1
1760,attack_only,220.000000,260.000000,0,1,0,1
1760,defense_only,320.000000,360.000000,1,0,0,1
1760,defense_vs_attack,420.000000,460.000000,1,1,0,1
1772,baseline,120.000000,160.000000,0,0,1,1
1772,attack_only,220.000000,260.000000,0,1,1,1
1772,defense_only,320.000000,360.000000,1,0,1,1
1772,defense_vs_attack,420.000000,460.000000,1,1,1,1
1768,baseline,120.000000,160.000000,0,0,0,1
1768,attack_only,220.000000,260.000000,0,1,1,1
1768,defense_only,320.000000,360.000000,1,0,0,1
1768,defense_vs_attack,420.000000,460.000000,1,1,0,1
1775,baseline,120.000000,160.000000,0,0,1,1
1775,attack_only,220.000000,260.000000,0,1,1,1
1775,defense_only,320.000000,360.000000,1,0,1,1
1775,defense_vs_attack,420.000000,460.000000,1,1,0,1
1774,baseline,120.000000,160.000000,0,0,0,1
1774,attack_only,220.000000,260.000000,0,1,0,1
1774,defense_only,320.000000,360.000000,1,0,0,1
1774,defense_vs_attack,420.000000,460.000000,1,1,0,1
1778,baseline,120.000000,160.000000,0,0,0,1
1778,attack_only,220.000000,260.000000,0,1,0,1
1778,defense_only,320.000000,360.000000,1,0,0,1
1778,defense_vs_attack,420.000000,460.000000,1,1,0,1
1780,baseline,120.000000,160.000000,0,0,1,1
1780,attack_only,220.000000,260.000000,0,1,1,1
1780,defense_only,320.000000,360.000000,1,0,0,1
1780,defense_vs_attack,420.000000,460.000000,1,1,0,1
1781,baseline,120.000000,160.000000,0,0,0,1
1781,attack_only,220.000000,260.000000,0,1,0,1
1781,defense_only,320.000000,360.000000,1,0,0,1
1781,defense_vs_attack,420.000000,460.000000,1,1,0,1
1787,baseline,120.000000,160.000000,0,0,0,1
1787,attack_only,220.000000,260.000000,0,1,0,1
1787,defense_only,320.000000,360.000000,1,0,0,1
1787,defense_vs_attack,420.000000,460.000000,1,1,0,1
1793,baseline,120.000000,160.000000,0,0,0,1
1793,attack_only,220.000000,260.000000,0,1,0,1
1793,defense_only,320.000000,360.000000,1,0,0,1
1793,defense_vs_attack,420.000000,460.000000,1,1,0,1
1790,baseline,120.000000,160.000000,0,0,0,1
1790,attack_only,220.000000,260.000000,0,1,0,1
1790,defense_only,320.000000,360.000000,1,0,0,1
1790,defense_vs_attack,420.000000,460.000000,1,1,0,1
1791,baseline,120.000000,160.000000,0,0,0,1
1791,attack_only,220.000000,260.000000,0,1,0,1
1791,defense_only,320.000000,360.000000,1,0,0,1
1791,defense_vs_attack,420.000000,460.000000,1,1,0,1
1797,baseline,120.000000,160.000000,0,0,0,1
1797,attack_only,220.000000,260.000000,0,1,0,1
1797,defense_only,320.000000,360.000000,1,0,0,1
1797,defense_vs_attack,420.000000,460.000000,1,1,0,1
1804,baseline,120.000000,160.000000,0,0,0,1
1804,attack_only,220.000000,260.000000,0,1,0,1
1804,defense_only,320.000000,360.000000,1,0,0,1
1804,defense_vs_attack,420.000000,460.000000,1,1,0,1
1808,baseline,120.000000,160.000000,0,0,0,1
1808,attack_only,220.000000,260.000000,0,1,0,1
1808,defense_only,320.000000,360.000000,1,0,0,1
1808,defense_vs_attack,420.000000,460.000000,1,1,0,1
1810,baseline,120.000000,160.000000,0,0,0,1
1810,attack_only,220.000000,260.000000,0,1,0,1
1810,defense_only,320.000000,360.000000,1,0,0,1
1810,defense_vs_attack,420.000000,460.000000,1,1,0,1
1809,baseline,120.000000,160.000000,0,0,1,1
1809,attack_only,220.000000,260.000000,0,1,1,1
1809,defense_only,320.000000,360.000000,1,0,1,1
1809,defense_vs_attack,420.000000,460.000000,1,1,0,1
1815,baseline,120.000000,160.000000,0,0,0,1
1815,attack_only,220.000000,260.000000,0,1,0,1
1815,defense_only,320.000000,360.000000,1,0,1,1
1815,defense_vs_attack,420.000000,460.000000,1,1,0,1
1813,baseline,120.000000,160.000000,0,0,0,1
1813,attack_only,220.000000,260.000000,0,1,0,1
1813,defense_only,320.000000,360.000000,1,0,0,1
1813,defense_vs_attack,420.000000,460.000000,1,1,0,1
1822,baseline,120.000000,160.000000,0,0,1,1
1822,attack_only,220.000000,260.000000,0,1,1,1
1822,defense_only,320.000000,360.000000,1,0,1,1
1822,defense_vs_attack,420.000000,460.000000,1,1,0,1
1820,baseline,120.000000,160.000000,0,0,0,1
1820,attack_only,220.000000,260.000000,0,1,0,1
1820,defense_only,320.000000,360.000000,1,0,0,1
1820,defense_vs_attack,420.000000,460.000000,1,1,0,1
1823,baseline,120.000000,160.000000,0,0,0,1
1823,attack_only,220.000000,260.000000,0,1,0,1
1823,defense_only,320.000000,360.000000,1,0,0,1
1823,defense_vs_attack,420.000000,460.000000,1,1,0,1
1825,baseline,120.000000,160.000000,0,0,0,1
1825,attack_only,220.000000,260.000000,0,1,0,1
1825,defense_only,320.000000,360.000000,1,0,0,1
1825,defense_vs_attack,420.000000,460.000000,1,1,0,1
1828,baseline,120.000000,160.000000,0,0,1,1
1828,attack_only,220.000000,260.000000,0,1,1,1
1828,defense_only,320.000000,360.000000,1,0,1,1
1828,defense_vs_attack,420.000000,460.000000,1,1,0,1
1830,baseline,120.000000,160.000000,0,0,1,1
1830,attack_only,220.000000,260.000000,0,1,1,1
1830,defense_only,320.000000,360.000000,1,0,1,1
1830,defense_vs_attack,420.000000,460.000000,1,1,0,1
1829,baseline,120.000000,160.000000,0,0,0,1
1829,attack_only,220.000000,260.000000,0,1,0,1
1829,defense_only,320.000000,360.000000,1,0,0,1
1829,defense_vs_attack,420.000000,460.000000,1,1,0,1
1831,baseline,120.000000,160.000000,0,0,0,1
1831,attack_only,220.000000,260.000000,0,1,0,1
1831,defense_only,320.000000,360.000000,1,0,0,1
1831,defense_vs_attack,420.000000,460.000000,1,1,0,1
1832,baseline,120.000000,160.000000,0,0,0,1
1832,attack_only,220.000000,260.000000,0,1,0,1
1832,defense_only,320.000000,360.000000,1,0,0,1
1832,defense_vs_attack,420.000000,460.000000,1,1,0,1
1834,baseline,120.000000,160.000000,0,0,0,1
1834,attack_only,220.000000,260.000000,0,1,0,1
1834,defense_only,320.000000,360.000000,1,0,0,1
1834,defense_vs_attack,420.000000,460.000000,1,1,0,1
1840,baseline,120.000000,160.000000,0,0,1,1
1840,attack_only,220.000000,260.000000,0,1,1,1
1840,defense_only,320.000000,360.000000,1,0,1,1
1840,defense_vs_attack,420.000000,460.000000,1,1,0,1
1858,baseline,120.000000,160.000000,0,0,0,1
1858,attack_only,220.000000,260.000000,0,1,0,1
1858,defense_only,320.000000,360.000000,1,0,0,1
1858,defense_vs_attack,420.000000,460.000000,1,1,0,1
1849,baseline,120.000000,160.000000,0,0,0,1
1849,attack_only,220.000000,260.000000,0,1,0,1
1849,defense_only,320.000000,360.000000,1,0,0,1
1849,defense_vs_attack,420.000000,460.000000,1,1,0,1
1860,baseline,120.000000,160.000000,0,0,0,1
1860,attack_only,220.000000,260.000000,0,1,1,1
1860,defense_only,320.000000,360.000000,1,0,1,1
1860,defense_vs_attack,420.000000,460.000000,1,1,0,1
1862,baseline,120.000000,160.000000,0,0,0,1
1862,attack_only,220.000000,260.000000,0,1,0,1
1862,defense_only,320.000000,360.000000,1,0,0,1
1862,defense_vs_attack,420.000000,460.000000,1,1,0,1
1863,baseline,120.000000,160.000000,0,0,0,1
1863,attack_only,220.000000,260.000000,0,1,1,1
1863,defense_only,320.000000,360.000000,1,0,0,1
1863,defense_vs_attack,420.000000,460.000000,1,1,0,1
1865,baseline,120.000000,160.000000,0,0,0,1
1865,attack_only,220.000000,260.000000,0,1,0,1
1865,defense_only,320.000000,360.000000,1,0,0,1
1865,defense_vs_attack,420.000000,460.000000,1,1,0,1
1866,baseline,120.000000,160.000000,0,0,0,1
1866,attack_only,220.000000,260.000000,0,1,0,1
1866,defense_only,320.000000,360.000000,1,0,0,1
1866,defense_vs_attack,420.000000,460.000000,1,1,0,1
1868,baseline,120.000000,160.000000,0,0,0,1
1868,attack_only,220.000000,260.000000,0,1,1,1
1868,defense_only,320.000000,360.000000,1,0,0,1
1868,defense_vs_attack,420.000000,460.000000,1,1,0,1
1870,baseline,120.000000,160.000000,0,0,0,1
1870,attack_only,220.000000,260.000000,0,1,0,1
1870,defense_only,320.000000,360.000000,1,0,0,1
1870,defense_vs_attack,420.000000,460.000000,1,1,0,1
1873,baseline,120.000000,160.000000,0,0,0,1
1873,attack_only,220.000000,260.000000,0,1,0,1
1873,defense_only,320.000000,360.000000,1,0,0,1
1873,defense_vs_attack,420.000000,460.000000,1,1,0,1
1874,baseline,120.000000,160.000000,0,0,0,1
1874,attack_only,220.000000,260.000000,0,1,0,1
1874,defense_only,320.000000,360.000000,1,0,0,1
1874,defense_vs_attack,420.000000,460.000000,1,1,0,1
1876,baseline,120.000000,160.000000,0,0,0,1
1876,attack_only,220.000000,260.000000,0,1,0,1
1876,defense_only,320.000000,360.000000,1,0,0,1
1876,defense_vs_attack,420.000000,460.000000,1,1,0,1
1879,baseline,120.000000,160.000000,0,0,0,1
1879,attack_only,220.000000,260.000000,0,1,0,1
1879,defense_only,320.000000,360.000000,1,0,0,1
1879,defense_vs_attack,420.000000,460.000000,1,1,0,1
1884,baseline,120.000000,160.000000,0,0,0,1
1884,attack_only,220.000000,260.000000,0,1,0,1
1884,defense_only,320.000000,360.000000,1,0,0,1
1884,defense_vs_attack,420.000000,460.000000,1,1,0,1
1885,baseline,120.000000,160.000000,0,0,0,1
1885,attack_only,220.000000,260.000000,0,1,1,1
1885,defense_only,320.000000,360.000000,1,0,0,1
1885,defense_vs_attack,420.000000,460.000000,1,1,0,1
1882,baseline,120.000000,160.000000,0,0,0,1
1882,attack_only,220.000000,260.000000,0,1,0,1
1882,defense_only,320.000000,360.000000,1,0,0,1
1882,defense_vs_attack,420.000000,460.000000,1,1,0,1
1886,baseline,120.000000,160.000000,0,0,0,1
1886,attack_only,220.000000,260.000000,0,1,0,1
1886,defense_only,320.000000,360.000000,1,0,0,1
1886,defense_vs_attack,420.000000,460.000000,1,1,0,1
1887,baseline,120.000000,160.000000,0,0,0,1
1887,attack_only,220.000000,260.000000,0,1,0,1
1887,defense_only,320.000000,360.000000,1,0,0,1
1887,defense_vs_attack,420.000000,460.000000,1,1,0,1
1892,baseline,120.000000,160.000000,0,0,0,1
1892,attack_only,220.000000,260.000000,0,1,1,1
1892,defense_only,320.000000,360.000000,1,0,0,1
1892,defense_vs_attack,420.000000,460.000000,1,1,1,1
1893,baseline,120.000000,160.000000,0,0,0,1
1893,attack_only,220.000000,260.000000,0,1,0,1
1893,defense_only,320.000000,360.000000,1,0,0,1
1893,defense_vs_attack,420.000000,460.000000,1,1,0,1
1896,baseline,120.000000,160.000000,0,0,0,1
1896,attack_only,220.000000,260.000000,0,1,1,1
1896,defense_only,320.000000,360.000000,1,0,1,1
1896,defense_vs_attack,420.000000,460.000000,1,1,0,1
1898,baseline,120.000000,160.000000,0,0,0,1
1898,attack_only,220.000000,260.000000,0,1,0,1
1898,defense_only,320.000000,360.000000,1,0,0,1
1898,defense_vs_attack,420.000000,460.000000,1,1,0,1
1899,baseline,120.000000,160.000000,0,0,1,1
1899,attack_only,220.000000,260.000000,0,1,1,1
1899,defense_only,320.000000,360.000000,1,0,1,1
1899,defense_vs_attack,420.000000,460.000000,1,1,0,1
1904,baseline,120.000000,160.000000,0,0,0,1
1904,attack_only,220.000000,260.000000,0,1,1,1
1904,defense_only,320.000000,360.000000,1,0,0,1
1904,defense_vs_attack,420.000000,460.000000,1,1,0,1
1915,baseline,120.000000,160.000000,0,0,0,1
1915,attack_only,220.000000,260.000000,0,1,0,1
1915,defense_only,320.000000,360.000000,1,0,0,1
1915,defense_vs_attack,420.000000,460.000000,1,1,0,1
1911,baseline,120.000000,160.000000,0,0,0,1
1911,attack_only,220.000000,260.000000,0,1,0,1
1911,defense_only,320.000000,360.000000,1,0,0,1
1911,defense_vs_attack,420.000000,460.000000,1,1,0,1
1917,baseline,120.000000,160.000000,0,0,1,1
1917,attack_only,220.000000,260.000000,0,1,1,1
1917,defense_only,320.000000,360.000000,1,0,1,1
1917,defense_vs_attack,420.000000,460.000000,1,1,0,1
1914,baseline,120.000000,160.000000,0,0,1,1
1914,attack_only,220.000000,260.000000,0,1,1,1
1914,defense_only,320.000000,360.000000,1,0,1,1
1914,defense_vs_attack,420.000000,460.000000,1,1,0,1
1913,baseline,120.000000,160.000000,0,0,0,1
1913,attack_only,220.000000,260.000000,0,1,0,1
1913,defense_only,320.000000,360.000000,1,0,0,1
1913,defense_vs_attack,420.000000,460.000000,1,1,0,1
1920,baseline,120.000000,160.000000,0,0,0,1
1920,attack_only,220.000000,260.000000,0,1,0,1
1920,defense_only,320.000000,360.000000,1,0,0,1
1920,defense_vs_attack,420.000000,460.000000,1,1,0,1
1927,baseline,120.000000,160.000000,0,0,0,1
1927,attack_only,220.000000,260.000000,0,1,0,1
1927,defense_only,320.000000,360.000000,1,0,0,1
1927,defense_vs_attack,420.000000,460.000000,1,1,0,1
1931,baseline,120.000000,160.000000,0,0,0,1
1931,attack_only,220.000000,260.000000,0,1,0,1
1931,defense_only,320.000000,360.000000,1,0,0,1
1931,defense_vs_attack,420.000000,460.000000,1,1,0,1
1930,baseline,120.000000,160.000000,0,0,0,1
1930,attack_only,220.000000,260.000000,0,1,0,1
1930,defense_only,320.000000,360.000000,1,0,0,1
1930,defense_vs_attack,420.000000,460.000000,1,1,0,1
1938,baseline,120.000000,160.000000,0,0,0,1
1938,attack_only,220.000000,260.000000,0,1,0,1
1938,defense_only,320.000000,360.000000,1,0,0,1
1938,defense_vs_attack,420.000000,460.000000,1,1,0,1
1939,baseline,120.000000,160.000000,0,0,0,1
1939,attack_only,220.000000,260.000000,0,1,0,1
1939,defense_only,320.000000,360.000000,1,0,0,1
1939,defense_vs_attack,420.000000,460.000000,1,1,0,1
1946,baseline,120.000000,160.000000,0,0,0,1
1946,attack_only,220.000000,260.000000,0,1,1,1
1946,defense_only,320.000000,360.000000,1,0,0,1
1946,defense_vs_attack,420.000000,460.000000,1,1,0,1
1949,baseline,120.000000,160.000000,0,0,0,1
1949,attack_only,220.000000,260.000000,0,1,0,1
1949,defense_only,320.000000,360.000000,1,0,0,1
1949,defense_vs_attack,420.000000,460.000000,1,1,0,1
1953,baseline,120.000000,160.000000,0,0,1,1
1953,attack_only,220.000000,260.000000,0,1,1,1
1953,defense_only,320.000000,360.000000,1,0,1,1
1953,defense_vs_attack,420.000000,460.000000,1,1,0,1
1951,baseline,120.000000,160.000000,0,0,0,1
1951,attack_only,220.000000,260.000000,0,1,0,1
1951,defense_only,320.000000,360.000000,1,0,0,1
1951,defense_vs_attack,420.000000,460.000000,1,1,0,1
1950,baseline,120.000000,160.000000,0,0,0,1
1950,attack_only,220.000000,260.000000,0,1,0,1
1950,defense_only,320.000000,360.000000,1,0,0,1
1950,defense_vs_attack,420.000000,460.000000,1,1,0,1
1955,baseline,120.000000,160.000000,0,0,0,1
1955,attack_only,220.000000,260.000000,0,1,0,1
1955,defense_only,320.000000,360.000000,1,0,0,1
1955,defense_vs_attack,420.000000,460.000000,1,1,0,1
1954,baseline,120.000000,160.000000,0,0,0,1
1954,attack_only,220.000000,260.000000,0,1,0,1
1954,defense_only,320.000000,360.000000,1,0,0,1
1954,defense_vs_attack,420.000000,460.000000,1,1,0,1
1957,baseline,120.000000,160.000000,0,0,0,1
1957,attack_only,220.000000,260.000000,0,1,0,1
1957,defense_only,320.000000,360.000000,1,0,0,1
1957,defense_vs_attack,420.000000,460.000000,1,1,0,1
1956,baseline,120.000000,160.000000,0,0,0,1
1956,attack_only,220.000000,260.000000,0,1,0,1
1956,defense_only,320.000000,360.000000,1,0,0,1
1956,defense_vs_attack,420.000000,460.000000,1,1,0,1
1970,baseline,120.000000,160.000000,0,0,0,1
1970,attack_only,220.000000,260.000000,0,1,1,1
1970,defense_only,320.000000,360.000000,1,0,0,1
1970,defense_vs_attack,420.000000,460.000000,1,1,0,1
1971,baseline,120.000000,160.000000,0,0,0,1
1971,attack_only,220.000000,260.000000,0,1,0,1
1971,defense_only,320.000000,360.000000,1,0,0,1
1971,defense_vs_attack,420.000000,460.000000,1,1,0,1
1972,baseline,120.000000,160.000000,0,0,0,1
1972,attack_only,220.000000,260.000000,0,1,0,1
1972,defense_only,320.000000,360.000000,1,0,0,1
1972,defense_vs_attack,420.000000,460.000000,1,1,0,1
1975,baseline,120.000000,160.000000,0,0,0,1
1975,attack_only,220.000000,260.000000,0,1,0,1
1975,defense_only,320.000000,360.000000,1,0,0,1
1975,defense_vs_attack,420.000000,460.000000,1,1,0,1
1978,baseline,120.000000,160.000000,0,0,0,1
1978,attack_only,220.000000,260.000000,0,1,0,1
1978,defense_only,320.000000,360.000000,1,0,0,1
1978,defense_vs_attack,420.000000,460.000000,1,1,0,1
1980,baseline,120.000000,160.000000,0,0,0,1
1980,attack_only,220.000000,260.000000,0,1,0,1
1980,defense_only,320.000000,360.000000,1,0,0,1
1980,defense_vs_attack,420.000000,460.000000,1,1,0,1
1982,baseline,120.000000,160.000000,0,0,1,1
1982,attack_only,220.000000,260.000000,0,1,1,1
1982,defense_only,320.000000,360.000000,1,0,1,1
1982,defense_vs_attack,420.000000,460.000000,1,1,0,1
1996,baseline,120.000000,160.000000,0,0,0,1
1996,attack_only,220.000000,260.000000,0,1,0,1
1996,defense_only,320.000000,360.000000,1,0,0,1
1996,defense_vs_attack,420.000000,460.000000,1,1,0,1
1994,baseline,120.000000,160.000000,0,0,0,1
1994,attack_only,220.000000,260.000000,0,1,1,1
1994,defense_only,320.000000,360.000000,1,0,0,1
1994,defense_vs_attack,420.000000,460.000000,1,1,0,1
1993,baseline,120.000000,160.000000,0,0,0,1
1993,attack_only,220.000000,260.000000,0,1,1,1
1993,defense_only,320.000000,360.000000,1,0,1,1
1993,defense_vs_attack,420.000000,460.000000,1,1,0,1
1999,baseline,120.000000,160.000000,0,0,0,1
1999,attack_only,220.000000,260.000000,0,1,1,1
1999,defense_only,320.000000,360.000000,1,0,0,1
1999,defense_vs_attack,420.000000,460.000000,1,1,0,1
2011,baseline,120.000000,160.000000,0,0,0,1
2011,attack_only,220.000000,260.000000,0,1,0,1
2011,defense_only,320.000000,360.000000,1,0,0,1
2011,defense_vs_attack,420.000000,460.000000,1,1,0,1
2007,baseline,120.000000,160.000000,0,0,0,1
2007,attack_only,220.000000,260.000000,0,1,0,1
2007,defense_only,320.000000,360.000000,1,0,0,1
2007,defense_vs_attack,420.000000,460.000000,1,1,0,1
2013,baseline,120.000000,160.000000,0,0,0,1
2013,attack_only,220.000000,260.000000,0,1,0,1
2013,defense_only,320.000000,360.000000,1,0,0,1
2013,defense_vs_attack,420.000000,460.000000,1,1,0,1
2016,baseline,120.000000,160.000000,0,0,0,1
2016,attack_only,220.000000,260.000000,0,1,0,1
2016,defense_only,320.000000,360.000000,1,0,0,1
2016,defense_vs_attack,420.000000,460.000000,1,1,0,1
2030,baseline,120.000000,160.000000,0,0,1,1
2030,attack_only,220.000000,260.000000,0,1,1,1
2030,defense_only,320.000000,360.000000,1,0,1,1
2030,defense_vs_attack,420.000000,460.000000,1,1,0,1
2026,baseline,120.000000,160.000000,0,0,0,1
2026,attack_only,220.000000,260.000000,0,1,0,1
2026,defense_only,320.000000,360.000000,1,0,0,1
2026,defense_vs_attack,420.000000,460.000000,1,1,0,1
2035,baseline,120.000000,160.000000,0,0,0,1
2035,attack_only,220.000000,260.000000,0,1,0,1
2035,defense_only,320.000000,360.000000,1,0,0,1
2035,defense_vs_attack,420.000000,460.000000,1,1,0,1
2036,baseline,120.000000,160.000000,0,0,0,1
2036,attack_only,220.000000,260.000000,0,1,0,1
2036,defense_only,320.000000,360.000000,1,0,0,1
2036,defense_vs_attack,420.000000,460.000000,1,1,0,1
2041,baseline,120.000000,160.000000,0,0,0,1
2041,attack_only,220.000000,260.000000,0,1,0,1
2041,defense_only,320.000000,360.000000,1,0,0,1
2041,defense_vs_attack,420.000000,460.000000,1,1,0,1
2043,baseline,120.000000,160.000000,0,0,0,1
2043,attack_only,220.000000,260.000000,0,1,0,1
2043,defense_only,320.000000,360.000000,1,0,0,1
2043,defense_vs_attack,420.000000,460.000000,1,1,0,1
2047,baseline,120.000000,160.000000,0,0,0,1
2047,attack_only,220.000000,260.000000,0,1,0,1
2047,defense_only,320.000000,360.000000,1,0,0,1
2047,defense_vs_attack,420.000000,460.000000,1,1,0,1
2052,baseline,120.000000,160.000000,0,0,0,1
2052,attack_only,220.000000,260.000000,0,1,0,1
2052,defense_only,320.000000,360.000000,1,0,0,1
2052,defense_vs_attack,420.000000,460.000000,1,1,0,1
2051,baseline,120.000000,160.000000,0,0,0,1
2051,attack_only,220.000000,260.000000,0,1,1,1
2051,defense_only,320.000000,360.000000,1,0,0,1
2051,defense_vs_attack,420.000000,460.000000,1,1,0,1
2054,baseline,120.000000,160.000000,0,0,1,1
2054,attack_only,220.000000,260.000000,0,1,1,1
2054,defense_only,320.000000,360.000000,1,0,1,1
2054,defense_vs_attack,420.000000,460.000000,1,1,0,1
2046,baseline,120.000000,160.000000,0,0,0,1
2046,attack_only,220.000000,260.000000,0,1,0,1
2046,defense_only,320.000000,360.000000,1,0,0,1
2046,defense_vs_attack,420.000000,460.000000,1,1,0,1
2058,baseline,120.000000,160.000000,0,0,0,1
2058,attack_only,220.000000,260.000000,0,1,1,1
2058,defense_only,320.000000,360.000000,1,0,0,1
2058,defense_vs_attack,420.000000,460.000000,1,1,0,1
2065,baseline,120.000000,160.000000,0,0,1,1
2065,attack_only,220.000000,260.000000,0,1,1,1
2065,defense_only,320.000000,360.000000,1,0,1,1
2065,defense_vs_attack,420.000000,460.000000,1,1,0,1
2069,baseline,120.000000,160.000000,0,0,0,1
2069,attack_only,220.000000,260.000000,0,1,0,1
2069,defense_only,320.000000,360.000000,1,0,0,1
2069,defense_vs_attack,420.000000,460.000000,1,1,0,1
2064,baseline,120.000000,160.000000,0,0,0,1
2064,attack_only,220.000000,260.000000,0,1,1,1
2064,defense_only,320.000000,360.000000,1,0,0,1
2064,defense_vs_attack,420.000000,460.000000,1,1,0,1
2073,baseline,120.000000,160.000000,0,0,0,1
2073,attack_only,220.000000,260.000000,0,1,1,1
2073,defense_only,320.000000,360.000000,1,0,0,1
2073,defense_vs_attack,420.000000,460.000000,1,1,0,1
2079,baseline,120.000000,160.000000,0,0,0,1
2079,attack_only,220.000000,260.000000,0,1,0,1
2079,defense_only,320.000000,360.000000,1,0,0,1
2079,defense_vs_attack,420.000000,460.000000,1,1,0,1
2080,baseline,120.000000,160.000000,0,0,0,1
2080,attack_only,220.000000,260.000000,0,1,0,1
2080,defense_only,320.000000,360.000000,1,0,0,1
2080,defense_vs_attack,420.000000,460.000000,1,1,0,1
2086,baseline,120.000000,160.000000,0,0,0,1
2086,attack_only,220.000000,260.000000,0,1,1,1
2086,defense_only,320.000000,360.000000,1,0,0,1
2086,defense_vs_attack,420.000000,460.000000,1,1,0,1
2089,baseline,120.000000,160.000000,0,0,1,1
2089,attack_only,220.000000,260.000000,0,1,1,1
2089,defense_only,320.000000,360.000000,1,0,1,1
2089,defense_vs_attack,420.000000,460.000000,1,1,0,1
2087,baseline,120.000000,160.000000,0,0,0,1
2087,attack_only,220.000000,260.000000,0,1,0,1
2087,defense_only,320.000000,360.000000,1,0,0,1
2087,defense_vs_attack,420.000000,460.000000,1,1,0,1
2085,baseline,120.000000,160.000000,0,0,0,1
2085,attack_only,220.000000,260.000000,0,1,0,1
2085,defense_only,320.000000,360.000000,1,0,0,1
2085,defense_vs_attack,420.000000,460.000000,1,1,0,1
2094,baseline,120.000000,160.000000,0,0,0,1
2094,attack_only,220.000000,260.000000,0,1,0,1
2094,defense_only,320.000000,360.000000,1,0,0,1
2094,defense_vs_attack,420.000000,460.000000,1,1,0,1
2092,baseline,120.000000,160.000000,0,0,1,1
2092,attack_only,220.000000,260.000000,0,1,1,1
2092,defense_only,320.000000,360.000000,1,0,1,1
2092,defense_vs_attack,420.000000,460.000000,1,1,0,1
2097,baseline,120.000000,160.000000,0,0,0,1
2097,attack_only,220.000000,260.000000,0,1,1,1
2097,defense_only,320.000000,360.000000,1,0,0,1
2097,defense_vs_attack,420.000000,460.000000,1,1,0,1
2096,baseline,120.000000,160.000000,0,0,0,1
2096,attack_only,220.000000,260.000000,0,1,0,1
2096,defense_only,320.000000,360.000000,1,0,0,1
2096,defense_vs_attack,420.000000,460.000000,1,1,0,1
2098,baseline,120.000000,160.000000,0,0,0,1
2098,attack_only,220.000000,260.000000,0,1,0,1
2098,defense_only,320.000000,360.000000,1,0,0,1
2098,defense_vs_attack,420.000000,460.000000,1,1,0,1
2101,baseline,120.000000,160.000000,0,0,0,1
2101,attack_only,220.000000,260.000000,0,1,0,1
2101,defense_only,320.000000,360.000000,1,0,0,1
2101,defense_vs_attack,420.000000,460.000000,1,1,0,1
2108,baseline,120.000000,160.000000,0,0,0,1
2108,attack_only,220.000000,260.000000,0,1,0,1
2108,defense_only,320.000000,360.000000,1,0,0,1
2108,defense_vs_attack,420.000000,460.000000,1,1,0,1
2109,baseline,120.000000,160.000000,0,0,0,1
2109,attack_only,220.000000,260.000000,0,1,0,1
2109,defense_only,320.000000,360.000000,1,0,0,1
2109,defense_vs_attack,420.000000,460.000000,1,1,0,1
2112,baseline,120.000000,160.000000,0,0,0,1
2112,attack_only,220.000000,260.000000,0,1,0,1
2112,defense_only,320.000000,360.000000,1,0,0,1
2112,defense_vs_attack,420.000000,460.000000,1,1,0,1
2117,baseline,120.000000,160.000000,0,0,0,1
2117,attack_only,220.000000,260.000000,0,1,1,1
2117,defense_only,320.000000,360.000000,1,0,0,1
2117,defense_vs_attack,420.000000,460.000000,1,1,0,1
2116,baseline,120.000000,160.000000,0,0,1,1
2116,attack_only,220.000000,260.000000,0,1,1,1
2116,defense_only,320.000000,360.000000,1,0,1,1
2116,defense_vs_attack,420.000000,460.000000,1,1,0,1
2124,baseline,120.000000,160.000000,0,0,0,1
2124,attack_only,220.000000,260.000000,0,1,0,1
2124,defense_only,320.000000,360.000000,1,0,0,1
2124,defense_vs_attack,420.000000,460.000000,1,1,0,1
2123,baseline,120.000000,160.000000,0,0,0,1
2123,attack_only,220.000000,260.000000,0,1,0,1
2123,defense_only,320.000000,360.000000,1,0,0,1
2123,defense_vs_attack,420.000000,460.000000,1,1,0,1
2127,baseline,120.000000,160.000000,0,0,0,1
2127,attack_only,220.000000,260.000000,0,1,0,1
2127,defense_only,320.000000,360.000000,1,0,0,1
2127,defense_vs_attack,420.000000,460.000000,1,1,0,1
2126,baseline,120.000000,160.000000,0,0,0,1
2126,attack_only,220.000000,260.000000,0,1,0,1
2126,defense_only,320.000000,360.000000,1,0,0,1
2126,defense_vs_attack,420.000000,460.000000,1,1,0,1
2128,baseline,120.000000,160.000000,0,0,0,1
2128,attack_only,220.000000,260.000000,0,1,1,1
2128,defense_only,320.000000,360.000000,1,0,0,1
2128,defense_vs_attack,420.000000,460.000000,1,1,0,1
2129,baseline,120.000000,160.000000,0,0,0,1
2129,attack_only,220.000000,260.000000,0,1,0,1
2129,defense_only,320.000000,360.000000,1,0,0,1
2129,defense_vs_attack,420.000000,460.000000,1,1,0,1
2131,baseline,120.000000,160.000000,0,0,1,1
2131,attack_only,220.000000,260.000000,0,1,1,1
2131,defense_only,320.000000,360.000000,1,0,1,1
2131,defense_vs_attack,420.000000,460.000000,1,1,0,1
2134,baseline,120.000000,160.000000,0,0,0,1
2134,attack_only,220.000000,260.000000,0,1,0,1
2134,defense_only,320.000000,360.000000,1,0,0,1
2134,defense_vs_attack,420.000000,460.000000,1,1,0,1
2136,baseline,120.000000,160.000000,0,0,0,1
2136,attack_only,220.000000,260.000000,0,1,0,1
2136,defense_only,320.000000,360.000000,1,0,0,1
2136,defense_vs_attack,420.000000,460.000000,1,1,0,1
2139,baseline,120.000000,160.000000,0,0,1,1
2139,attack_only,220.000000,260.000000,0,1,1,1
2139,defense_only,320.000000,360.000000,1,0,1,1
2139,defense_vs_attack,420.000000,460.000000,1,1,0,1
2140,baseline,120.000000,160.000000,0,0,1,1
2140,attack_only,220.000000,260.000000,0,1,1,1
2140,defense_only,320.000000,360.000000,1,0,1,1
2140,defense_vs_attack,420.000000,460.000000,1,1,0,1
2141,baseline,120.000000,160.000000,0,0,0,1
2141,attack_only,220.000000,260.000000,0,1,1,1
2141,defense_only,320.000000,360.000000,1,0,0,1
2141,defense_vs_attack,420.000000,460.000000,1,1,0,1
2143,baseline,120.000000,160.000000,0,0,0,1
2143,attack_only,220.000000,260.000000,0,1,0,1
2143,defense_only,320.000000,360.000000,1,0,0,1
2143,defense_vs_attack,420.000000,460.000000,1,1,0,1
2149,baseline,120.000000,160.000000,0,0,0,1
2149,attack_only,220.000000,260.000000,0,1,0,1
2149,defense_only,320.000000,360.000000,1,0,0,1
2149,defense_vs_attack,420.000000,460.000000,1,1,0,1
2154,baseline,120.000000,160.000000,0,0,0,1
2154,attack_only,220.000000,260.000000,0,1,0,1
2154,defense_only,320.000000,360.000000,1,0,0,1
2154,defense_vs_attack,420.000000,460.000000,1,1,0,1
2161,baseline,120.000000,160.000000,0,0,0,1
2161,attack_only,220.000000,260.000000,0,1,1,1
2161,defense_only,320.000000,360.000000,1,0,0,1
2161,defense_vs_attack,420.000000,460.000000,1,1,0,1
2157,baseline,120.000000,160.000000,0,0,0,1
2157,attack_only,220.000000,260.000000,0,1,0,1
2157,defense_only,320.000000,360.000000,1,0,0,1
2157,defense_vs_attack,420.000000,460.000000,1,1,0,1
2162,baseline,120.000000,160.000000,0,0,0,1
2162,attack_only,220.000000,260.000000,0,1,1,1
2162,defense_only,320.000000,360.000000,1,0,0,1
2162,defense_vs_attack,420.000000,460.000000,1,1,0,1
2163,baseline,120.000000,160.000000,0,0,0,1
2163,attack_only,220.000000,260.000000,0,1,1,1
2163,defense_only,320.000000,360.000000,1,0,0,1
2163,defense_vs_attack,420.000000,460.000000,1,1,0,1
2164,baseline,120.000000,160.000000,0,0,0,1
2164,attack_only,220.000000,260.000000,0,1,0,1
2164,defense_only,320.000000,360.000000,1,0,0,1
2164,defense_vs_attack,420.000000,460.000000,1,1,0,1
2165,baseline,120.000000,160.000000,0,0,0,1
2165,attack_only,220.000000,260.000000,0,1,0,1
2165,defense_only,320.000000,360.000000,1,0,0,1
2165,defense_vs_attack,420.000000,460.000000,1,1,0,1
2177,baseline,120.000000,160.000000,0,0,0,1
2177,attack_only,220.000000,260.000000,0,1,0,1
2177,defense_only,320.000000,360.000000,1,0,0,1
2177,defense_vs_attack,420.000000,460.000000,1,1,0,1
2168,baseline,120.000000,160.000000,0,0,0,1
2168,attack_only,220.000000,260.000000,0,1,1,1
2168,defense_only,320.000000,360.000000,1,0,0,1
2168,defense_vs_attack,420.000000,460.000000,1,1,0,1
2186,baseline,120.000000,160.000000,0,0,0,1
2186,attack_only,220.000000,260.000000,0,1,0,1
2186,defense_only,320.000000,360.000000,1,0,0,1
2186,defense_vs_attack,420.000000,460.000000,1,1,0,1
2182,baseline,120.000000,160.000000,0,0,0,1
2182,attack_only,220.000000,260.000000,0,1,1,1
2182,defense_only,320.000000,360.000000,1,0,0,1
2182,defense_vs_attack,420.000000,460.000000,1,1,0,1
2190,baseline,120.000000,160.000000,0,0,0,1
2190,attack_only,220.000000,260.000000,0,1,0,1
2190,defense_only,320.000000,360.000000,1,0,0,1
2190,defense_vs_attack,420.000000,460.000000,1,1,0,1
2194,baseline,120.000000,160.000000,0,0,1,1
2194,attack_only,220.000000,260.000000,0,1,1,1
2194,defense_only,320.000000,360.000000,1,0,1,1
2194,defense_vs_attack,420.000000,460.000000,1,1,0,1
2200,baseline,120.000000,160.000000,0,0,0,1
2200,attack_only,220.000000,260.000000,0,1,0,1
2200,defense_only,320.000000,360.000000,1,0,0,1
2200,defense_vs_attack,420.000000,460.000000,1,1,0,1
2197,baseline,120.000000,160.000000,0,0,0,1
2197,attack_only,220.000000,260.000000,0,1,1,1
2197,defense_only,320.000000,360.000000,1,0,0,1
2197,defense_vs_attack,420.000000,460.000000,1,1,0,1
2205,baseline,120.000000,160.000000,0,0,0,1
2205,attack_only,220.000000,260.000000,0,1,0,1
2205,defense_only,320.000000,360.000000,1,0,0,1
2205,defense_vs_attack,420.000000,460.000000,1,1,0,1
2208,baseline,120.000000,160.000000,0,0,0,1
2208,attack_only,220.000000,260.000000,0,1,0,1
2208,defense_only,320.000000,360.000000,1,0,0,1
2208,defense_vs_attack,420.000000,460.000000,1,1,0,1
2206,baseline,120.000000,160.000000,0,0,1,1
2206,attack_only,220.000000,260.000000,0,1,1,1
2206,defense_only,320.000000,360.000000,1,0,1,1
2206,defense_vs_attack,420.000000,460.000000,1,1,0,1
2211,baseline,120.000000,160.000000,0,0,0,1
2211,attack_only,220.000000,260.000000,0,1,0,1
2211,defense_only,320.000000,360.000000,1,0,1,1
2211,defense_vs_attack,420.000000,460.000000,1,1,0,1
2212,baseline,120.000000,160.000000,0,0,0,1
2212,attack_only,220.000000,260.000000,0,1,0,1
2212,defense_only,320.000000,360.000000,1,0,0,1
2212,defense_vs_attack,420.000000,460.000000,1,1,0,1
2214,baseline,120.000000,160.000000,0,0,0,1
2214,attack_only,220.000000,260.000000,0,1,0,1
2214,defense_only,320.000000,360.000000,1,0,0,1
2214,defense_vs_attack,420.000000,460.000000,1,1,0,1
2215,baseline,120.000000,160.000000,0,0,0,1
2215,attack_only,220.000000,260.000000,0,1,1,1
2215,defense_only,320.000000,360.000000,1,0,0,1
2215,defense_vs_attack,420.000000,460.000000,1,1,0,1
2216,baseline,120.000000,160.000000,0,0,0,1
2216,attack_only,220.000000,260.000000,0,1,0,1
2216,defense_only,320.000000,360.000000,1,0,0,1
2216,defense_vs_attack,420.000000,460.000000,1,1,0,1
2218,baseline,120.000000,160.000000,0,0,0,1
2218,attack_only,220.000000,260.000000,0,1,0,1
2218,defense_only,320.000000,360.000000,1,0,0,1
2218,defense_vs_attack,420.000000,460.000000,1,1,0,1
2220,baseline,120.000000,160.000000,0,0,0,1
2220,attack_only,220.000000,260.000000,0,1,0,1
2220,defense_only,320.000000,360.000000,1,0,0,1
2220,defense_vs_attack,420.000000,460.000000,1,1,0,1
2224,baseline,120.000000,160.000000,0,0,0,1
2224,attack_only,220.000000,260.000000,0,1,0,1
2224,defense_only,320.000000,360.000000,1,0,0,1
2224,defense_vs_attack,420.000000,460.000000,1,1,0,1
2223,baseline,120.000000,160.000000,0,0,1,1
2223,attack_only,220.000000,260.000000,0,1,1,1
2223,defense_only,320.000000,360.000000,1,0,1,1
2223,defense_vs_attack,420.000000,460.000000,1,1,0,1
2230,baseline,120.000000,160.000000,0,0,0,1
2230,attack_only,220.000000,260.000000,0,1,0,1
2230,defense_only,320.000000,360.000000,1,0,0,1
2230,defense_vs_attack,420.000000,460.000000,1,1,0,1
2229,baseline,120.000000,160.000000,0,0,0,1
2229,attack_only,220.000000,260.000000,0,1,0,1
2229,defense_only,320.000000,360.000000,1,0,0,1
2229,defense_vs_attack,420.000000,460.000000,1,1,0,1
2233,baseline,120.000000,160.000000,0,0,0,1
2233,attack_only,220.000000,260.000000,0,1,0,1
2233,defense_only,320.000000,360.000000,1,0,0,1
2233,defense_vs_attack,420.000000,460.000000,1,1,0,1
2234,baseline,120.000000,160.000000,0,0,0,1
2234,attack_only,220.000000,260.000000,0,1,0,1
2234,defense_only,320.000000,360.000000,1,0,0,1
2234,defense_vs_attack,420.000000,460.000000,1,1,0,1
2236,baseline,120.000000,160.000000,0,0,0,1
2236,attack_only,220.000000,260.000000,0,1,0,1
2236,defense_only,320.000000,360.000000,1,0,0,1
2236,defense_vs_attack,420.000000,460.000000,1,1,0,1
2237,baseline,120.000000,160.000000,0,0,0,1
2237,attack_only,220.000000,260.000000,0,1,0,1
2237,defense_only,320.000000,360.000000,1,0,0,1
2237,defense_vs_attack,420.000000,460.000000,1,1,0,1
2248,baseline,120.000000,160.000000,0,0,0,1
2248,attack_only,220.000000,260.000000,0,1,0,1
2248,defense_only,320.000000,360.000000,1,0,0,1
2248,defense_vs_attack,420.000000,460.000000,1,1,0,1
2247,baseline,120.000000,160.000000,0,0,0,1
2247,attack_only,220.000000,260.000000,0,1,0,1
2247,defense_only,320.000000,360.000000,1,0,0,1
2247,defense_vs_attack,420.000000,460.000000,1,1,0,1
2245,baseline,120.000000,160.000000,0,0,0,1
2245,attack_only,220.000000,260.000000,0,1,0,1
2245,defense_only,320.000000,360.000000,1,0,0,1
2245,defense_vs_attack,420.000000,460.000000,1,1,0,1
2250,baseline,120.000000,160.000000,0,0,0,1
2250,attack_only,220.000000,260.000000,0,1,0,1
2250,defense_only,320.000000,360.000000,1,0,0,1
2250,defense_vs_attack,420.000000,460.000000,1,1,0,1
2249,baseline,120.000000,160.000000,0,0,0,1
2249,attack_only,220.000000,260.000000,0,1,0,1
2249,defense_only,320.000000,360.000000,1,0,0,1
2249,defense_vs_attack,420.000000,460.000000,1,1,0,1
2251,baseline,120.000000,160.000000,0,0,0,1
2251,attack_only,220.000000,260.000000,0,1,1,1
2251,defense_only,320.000000,360.000000,1,0,0,1
2251,defense_vs_attack,420.000000,460.000000,1,1,0,1
2256,baseline,120.000000,160.000000,0,0,0,1
2256,attack_only,220.000000,260.000000,0,1,0,1
2256,defense_only,320.000000,360.000000,1,0,0,1
2256,defense_vs_attack,420.000000,460.000000,1,1,0,1
2262,baseline,120.000000,160.000000,0,0,0,1
2262,attack_only,220.000000,260.000000,0,1,0,1
2262,defense_only,320.000000,360.000000,1,0,0,1
2262,defense_vs_attack,420.000000,460.000000,1,1,0,1
2260,baseline,120.000000,160.000000,0,0,0,1
2260,attack_only,220.000000,260.000000,0,1,0,1
2260,defense_only,320.000000,360.000000,1,0,0,1
2260,defense_vs_attack,420.000000,460.000000,1,1,0,1
2267,baseline,120.000000,160.000000,0,0,0,1
2267,attack_only,220.000000,260.000000,0,1,0,1
2267,defense_only,320.000000,360.000000,1,0,0,1
2267,defense_vs_attack,420.000000,460.000000,1,1,0,1
2270,baseline,120.000000,160.000000,0,0,1,1
2270,attack_only,220.000000,260.000000,0,1,1,1
2270,defense_only,320.000000,360.000000,1,0,1,1
2270,defense_vs_attack,420.000000,460.000000,1,1,0,1
2269,baseline,120.000000,160.000000,0,0,0,1
2269,attack_only,220.000000,260.000000,0,1,1,1
2269,defense_only,320.000000,360.000000,1,0,1,1
2269,defense_vs_attack,420.000000,460.000000,1,1,0,1
2272,baseline,120.000000,160.000000,0,0,0,1
2272,attack_only,220.000000,260.000000,0,1,1,1
2272,defense_only,320.000000,360.000000,1,0,0,1
2272,defense_vs_attack,420.000000,460.000000,1,1,0,1
2285,baseline,120.000000,160.000000,0,0,0,1
2285,attack_only,220.000000,260.000000,0,1,0,1
2285,defense_only,320.000000,360.000000,1,0,0,1
2285,defense_vs_attack,420.000000,460.000000,1,1,0,1
2294,baseline,120.000000,160.000000,0,0,0,1
2294,attack_only,220.000000,260.000000,0,1,1,1
2294,defense_only,320.000000,360.000000,1,0,0,1
2294,defense_vs_attack,420.000000,460.000000,1,1,0,1
2282,baseline,120.000000,160.000000,0,0,0,1
2282,attack_only,220.000000,260.000000,0,1,1,1
2282,defense_only,320.000000,360.000000,1,0,0,1
2282,defense_vs_attack,420.000000,460.000000,1,1,0,1
2289,baseline,120.000000,160.000000,0,0,0,1
2289,attack_only,220.000000,260.000000,0,1,0,1
2289,defense_only,320.000000,360.000000,1,0,0,1
2289,defense_vs_attack,420.000000,460.000000,1,1,0,1
2298,baseline,120.000000,160.000000,0,0,0,1
2298,attack_only,220.000000,260.000000,0,1,0,1
2298,defense_only,320.000000,360.000000,1,0,0,1
2298,defense_vs_attack,420.000000,460.000000,1,1,0,1
2297,baseline,120.000000,160.000000,0,0,0,1
2297,attack_only,220.000000,260.000000,0,1,0,1
2297,defense_only,320.000000,360.000000,1,0,0,1
2297,defense_vs_attack,420.000000,460.000000,1,1,0,1
2295,baseline,120.000000,160.000000,0,0,0,1
2295,attack_only,220.000000,260.000000,0,1,1,1
2295,defense_only,320.000000,360.000000,1,0,0,1
2295,defense_vs_attack,420.000000,460.000000,1,1,0,1
2300,baseline,120.000000,160.000000,0,0,1,1
2300,attack_only,220.000000,260.000000,0,1,1,1
2300,defense_only,320.000000,360.000000,1,0,1,1
2300,defense_vs_attack,420.000000,460.000000,1,1,0,1
2310,baseline,120.000000,160.000000,0,0,0,1
2310,attack_only,220.000000,260.000000,0,1,1,1
2310,defense_only,320.000000,360.000000,1,0,0,1
2310,defense_vs_attack,420.000000,460.000000,1,1,0,1
2305,baseline,120.000000,160.000000,0,0,0,1
2305,attack_only,220.000000,260.000000,0,1,0,1
2305,defense_only,320.000000,360.000000,1,0,0,1
2305,defense_vs_attack,420.000000,460.000000,1,1,0,1
2308,baseline,120.000000,160.000000,0,0,0,1
2308,attack_only,220.000000,260.000000,0,1,0,1
2308,defense_only,320.000000,360.000000,1,0,0,1
2308,defense_vs_attack,420.000000,460.000000,1,1,0,1
2314,baseline,120.000000,160.000000,0,0,0,1
2314,attack_only,220.000000,260.000000,0,1,1,1
2314,defense_only,320.000000,360.000000,1,0,0,1
2314,defense_vs_attack,420.000000,460.000000,1,1,0,1
2309,baseline,120.000000,160.000000,0,0,0,1
2309,attack_only,220.000000,260.000000,0,1,0,1
2309,defense_only,320.000000,360.000000,1,0,0,1
2309,defense_vs_attack,420.000000,460.000000,1,1,0,1
2317,baseline,120.000000,160.000000,0,0,1,1
2317,attack_only,220.000000,260.000000,0,1,1,1
2317,defense_only,320.000000,360.000000,1,0,1,1
2317,defense_vs_attack,420.000000,460.000000,1,1,0,1
2320,baseline,120.000000,160.000000,0,0,0,1
2320,attack_only,220.000000,260.000000,0,1,0,1
2320,defense_only,320.000000,360.000000,1,0,0,1
2320,defense_vs_attack,420.000000,460.000000,1,1,0,1
2322,baseline,120.000000,160.000000,0,0,0,1
2322,attack_only,220.000000,260.000000,0,1,1,1
2322,defense_only,320.000000,360.000000,1,0,0,1
2322,defense_vs_attack,420.000000,460.000000,1,1,0,1
2324,baseline,120.000000,160.000000,0,0,0,1
2324,attack_only,220.000000,260.000000,0,1,0,1
2324,defense_only,320.000000,360.000000,1,0,0,1
2324,defense_vs_attack,420.000000,460.000000,1,1,0,1
2325,baseline,120.000000,160.000000,0,0,0,1
2325,attack_only,220.000000,260.000000,0,1,1,1
2325,defense_only,320.000000,360.000000,1,0,0,1
2325,defense_vs_attack,420.000000,460.000000,1,1,0,1
2326,baseline,120.000000,160.000000,0,0,0,1
2326,attack_only,220.000000,260.000000,0,1,1,1
2326,defense_only,320.000000,360.000000,1,0,0,1
2326,defense_vs_attack,420.000000,460.000000,1,1,0,1
2329,baseline,120.000000,160.000000,0,0,1,1
2329,attack_only,220.000000,260.000000,0,1,1,1
2329,defense_only,320.000000,360.000000,1,0,1,1
2329,defense_vs_attack,420.000000,460.000000,1,1,0,1
2328,baseline,120.000000,160.000000,0,0,0,1
2328,attack_only,220.000000,260.000000,0,1,0,1
2328,defense_only,320.000000,360.000000,1,0,0,1
2328,defense_vs_attack,420.000000,460.000000,1,1,0,1
2330,baseline,120.000000,160.000000,0,0,0,1
2330,attack_only,220.000000,260.000000,0,1,1,1
2330,defense_only,320.000000,360.000000,1,0,0,1
2330,defense_vs_attack,420.000000,460.000000,1,1,0,1
2331,baseline,120.000000,160.000000,0,0,0,1
2331,attack_only,220.000000,260.000000,0,1,1,1
2331,defense_only,320.000000,360.000000,1,0,0,1
2331,defense_vs_attack,420.000000,460.000000,1,1,0,1
2333,baseline,120.000000,160.000000,0,0,0,1
2333,attack_only,220.000000,260.000000,0,1,0,1
2333,defense_only,320.000000,360.000000,1,0,0,1
2333,defense_vs_attack,420.000000,460.000000,1,1,1,1
2335,baseline,120.000000,160.000000,0,0,1,1
2335,attack_only,220.000000,260.000000,0,1,1,1
2335,defense_only,320.000000,360.000000,1,0,0,1
2335,defense_vs_attack,420.000000,460.000000,1,1,0,1
2340,baseline,120.000000,160.000000,0,0,0,1
2340,attack_only,220.000000,260.000000,0,1,0,1
2340,defense_only,320.000000,360.000000,1,0,0,1
2340,defense_vs_attack,420.000000,460.000000,1,1,0,1
2342,baseline,120.000000,160.000000,0,0,0,1
2342,attack_only,220.000000,260.000000,0,1,0,1
2342,defense_only,320.000000,360.000000,1,0,0,1
2342,defense_vs_attack,420.000000,460.000000,1,1,0,1
2341,baseline,120.000000,160.000000,0,0,0,1
2341,attack_only,220.000000,260.000000,0,1,0,1
2341,defense_only,320.000000,360.000000,1,0,0,1
2341,defense_vs_attack,420.000000,460.000000,1,1,0,1
2347,baseline,120.000000,160.000000,0,0,0,1
2347,attack_only,220.000000,260.000000,0,1,1,1
2347,defense_only,320.000000,360.000000,1,0,0,1
2347,defense_vs_attack,420.000000,460.000000,1,1,0,1
2357,baseline,120.000000,160.000000,0,0,0,1
2357,attack_only,220.000000,260.000000,0,1,0,1
2357,defense_only,320.000000,360.000000,1,0,0,1
2357,defense_vs_attack,420.000000,460.000000,1,1,0,1
2361,baseline,120.000000,160.000000,0,0,0,1
2361,attack_only,220.000000,260.000000,0,1,0,1
2361,defense_only,320.000000,360.000000,1,0,0,1
2361,defense_vs_attack,420.000000,460.000000,1,1,0,1
2358,baseline,120.000000,160.000000,0,0,0,1
2358,attack_only,220.000000,260.000000,0,1,0,1
2358,defense_only,320.000000,360.000000,1,0,0,1
2358,defense_vs_attack,420.000000,460.000000,1,1,0,1
2360,baseline,120.000000,160.000000,0,0,0,1
2360,attack_only,220.000000,260.000000,0,1,1,1
2360,defense_only,320.000000,360.000000,1,0,0,1
2360,defense_vs_attack,420.000000,460.000000,1,1,0,1
2352,baseline,120.000000,160.000000,0,0,0,1
2352,attack_only,220.000000,260.000000,0,1,0,1
2352,defense_only,320.000000,360.000000,1,0,1,1
2352,defense_vs_attack,420.000000,460.000000,1,1,0,1
2362,baseline,120.000000,160.000000,0,0,0,1
2362,attack_only,220.000000,260.000000,0,1,0,1
2362,defense_only,320.000000,360.000000,1,0,0,1
2362,defense_vs_attack,420.000000,460.000000,1,1,0,1
2367,baseline,120.000000,160.000000,0,0,0,1
2367,attack_only,220.000000,260.000000,0,1,0,1
2367,defense_only,320.000000,360.000000,1,0,0,1
2367,defense_vs_attack,420.000000,460.000000,1,1,0,1
2366,baseline,120.000000,160.000000,0,0,0,1
2366,attack_only,220.000000,260.000000,0,1,1,1
2366,defense_only,320.000000,360.000000,1,0,0,1
2366,defense_vs_attack,420.000000,460.000000,1,1,0,1
2373,baseline,120.000000,160.000000,0,0,0,1
2373,attack_only,220.000000,260.000000,0,1,0,1
2373,defense_only,320.000000,360.000000,1,0,0,1
2373,defense_vs_attack,420.000000,460.000000,1,1,0,1
2380,baseline,120.000000,160.000000,0,0,0,1
2380,attack_only,220.000000,260.000000,0,1,0,1
2380,defense_only,320.000000,360.000000,1,0,0,1
2380,defense_vs_attack,420.000000,460.000000,1,1,0,1
2387,baseline,120.000000,160.000000,0,0,0,1
2387,attack_only,220.000000,260.000000,0,1,0,1
2387,defense_only,320.000000,360.000000,1,0,0,1
2387,defense_vs_attack,420.000000,460.000000,1,1,0,1
2385,baseline,120.000000,160.000000,0,0,0,1
2385,attack_only,220.000000,260.000000,0,1,0,1
2385,defense_only,320.000000,360.000000,1,0,0,1
2385,defense_vs_attack,420.000000,460.000000,1,1,0,1
2389,baseline,120.000000,160.000000,0,0,0,1
2389,attack_only,220.000000,260.000000,0,1,0,1
2389,defense_only,320.000000,360.000000,1,0,0,1
2389,defense_vs_attack,420.000000,460.000000,1,1,0,1
2390,baseline,120.000000,160.000000,0,0,0,1
2390,attack_only,220.000000,260.000000,0,1,0,1
2390,defense_only,320.000000,360.000000,1,0,0,1
2390,defense_vs_attack,420.000000,460.000000,1,1,0,1
2398,baseline,120.000000,160.000000,0,0,1,1
2398,attack_only,220.000000,260.000000,0,1,1,1
2398,defense_only,320.000000,360.000000,1,0,1,1
2398,defense_vs_attack,420.000000,460.000000,1,1,0,1
2393,baseline,120.000000,160.000000,0,0,0,1
2393,attack_only,220.000000,260.000000,0,1,0,1
2393,defense_only,320.000000,360.000000,1,0,0,1
2393,defense_vs_attack,420.000000,460.000000,1,1,0,1
2403,baseline,120.000000,160.000000,0,0,0,1
2403,attack_only,220.000000,260.000000,0,1,1,1
2403,defense_only,320.000000,360.000000,1,0,0,1
2403,defense_vs_attack,420.000000,460.000000,1,1,0,1
2404,baseline,120.000000,160.000000,0,0,0,1
2404,attack_only,220.000000,260.000000,0,1,0,1
2404,defense_only,320.000000,360.000000,1,0,0,1
2404,defense_vs_attack,420.000000,460.000000,1,1,0,1
2406,baseline,120.000000,160.000000,0,0,1,1
2406,attack_only,220.000000,260.000000,0,1,1,1
2406,defense_only,320.000000,360.000000,1,0,1,1
2406,defense_vs_attack,420.000000,460.000000,1,1,0,1
2405,baseline,120.000000,160.000000,0,0,0,1
2405,attack_only,220.000000,260.000000,0,1,0,1
2405,defense_only,320.000000,360.000000,1,0,0,1
2405,defense_vs_attack,420.000000,460.000000,1,1,0,1
2412,baseline,120.000000,160.000000,0,0,0,1
2412,attack_only,220.000000,260.000000,0,1,0,1
2412,defense_only,320.000000,360.000000,1,0,0,1
2412,defense_vs_attack,420.000000,460.000000,1,1,0,1
2415,baseline,120.000000,160.000000,0,0,0,1
2415,attack_only,220.000000,260.000000,0,1,0,1
2415,defense_only,320.000000,360.000000,1,0,0,1
2415,defense_vs_attack,420.000000,460.000000,1,1,0,1
2416,baseline,120.000000,160.000000,0,0,0,1
2416,attack_only,220.000000,260.000000,0,1,0,1
2416,defense_only,320.000000,360.000000,1,0,0,1
2416,defense_vs_attack,420.000000,460.000000,1,1,0,1
2429,baseline,120.000000,160.000000,0,0,0,1
2429,attack_only,220.000000,260.000000,0,1,0,1
2429,defense_only,320.000000,360.000000,1,0,0,1
2429,defense_vs_attack,420.000000,460.000000,1,1,0,1
2421,baseline,120.000000,160.000000,0,0,0,1
2421,attack_only,220.000000,260.000000,0,1,1,1
2421,defense_only,320.000000,360.000000,1,0,0,1
2421,defense_vs_attack,420.000000,460.000000,1,1,0,1
2428,baseline,120.000000,160.000000,0,0,0,1
2428,attack_only,220.000000,260.000000,0,1,0,1
2428,defense_only,320.000000,360.000000,1,0,0,1
2428,defense_vs_attack,420.000000,460.000000,1,1,0,1
2430,baseline,120.000000,160.000000,0,0,1,1
2430,attack_only,220.000000,260.000000,0,1,1,1
2430,defense_only,320.000000,360.000000,1,0,1,1
2430,defense_vs_attack,420.000000,460.000000,1,1,0,1
2433,baseline,120.000000,160.000000,0,0,0,1
2433,attack_only,220.000000,260.000000,0,1,0,1
2433,defense_only,320.000000,360.000000,1,0,0,1
2433,defense_vs_attack,420.000000,460.000000,1,1,0,1
2435,baseline,120.000000,160.000000,0,0,0,1
2435,attack_only,220.000000,260.000000,0,1,0,1
2435,defense_only,320.000000,360.000000,1,0,0,1
2435,defense_vs_attack,420.000000,460.000000,1,1,0,1
2439,baseline,120.000000,160.000000,0,0,0,1
2439,attack_only,220.000000,260.000000,0,1,0,1
2439,defense_only,320.000000,360.000000,1,0,0,1
2439,defense_vs_attack,420.000000,460.000000,1,1,0,1
2442,baseline,120.000000,160.000000,0,0,0,1
2442,attack_only,220.000000,260.000000,0,1,1,1
2442,defense_only,320.000000,360.000000,1,0,0,1
2442,defense_vs_attack,420.000000,460.000000,1,1,0,1
2441,baseline,120.000000,160.000000,0,0,0,1
2441,attack_only,220.000000,260.000000,0,1,0,1
2441,defense_only,320.000000,360.000000,1,0,0,1
2441,defense_vs_attack,420.000000,460.000000,1,1,0,1
2446,baseline,120.000000,160.000000,0,0,0,1
2446,attack_only,220.000000,260.000000,0,1,0,1
2446,defense_only,320.000000,360.000000,1,0,0,1
2446,defense_vs_attack,420.000000,460.000000,1,1,0,1
2448,baseline,120.000000,160.000000,0,0,0,1
2448,attack_only,220.000000,260.000000,0,1,0,1
2448,defense_only,320.000000,360.000000,1,0,0,1
2448,defense_vs_attack,420.000000,460.000000,1,1,0,1
2450,baseline,120.000000,160.000000,0,0,0,1
2450,attack_only,220.000000,260.000000,0,1,0,1
2450,defense_only,320.000000,360.000000,1,0,0,1
2450,defense_vs_attack,420.000000,460.000000,1,1,0,1
2451,baseline,120.000000,160.000000,0,0,0,1
2451,attack_only,220.000000,260.000000,0,1,0,1
2451,defense_only,320.000000,360.000000,1,0,0,1
2451,defense_vs_attack,420.000000,460.000000,1,1,0,1
2454,baseline,120.000000,160.000000,0,0,0,1
2454,attack_only,220.000000,260.000000,0,1,0,1
2454,defense_only,320.000000,360.000000,1,0,0,1
2454,defense_vs_attack,420.000000,460.000000,1,1,0,1
2457,baseline,120.000000,160.000000,0,0,0,1
2457,attack_only,220.000000,260.000000,0,1,0,1
2457,defense_only,320.000000,360.000000,1,0,0,1
2457,defense_vs_attack,420.000000,460.000000,1,1,0,1
2456,baseline,120.000000,160.000000,0,0,1,1
2456,attack_only,220.000000,260.000000,0,1,1,1
2456,defense_only,320.000000,360.000000,1,0,1,1
2456,defense_vs_attack,420.000000,460.000000,1,1,0,1
2460,baseline,120.000000,160.000000,0,0,0,1
2460,attack_only,220.000000,260.000000,0,1,0,1
2460,defense_only,320.000000,360.000000,1,0,0,1
2460,defense_vs_attack,420.000000,460.000000,1,1,0,1
2464,baseline,120.000000,160.000000,0,0,0,1
2464,attack_only,220.000000,260.000000,0,1,0,1
2464,defense_only,320.000000,360.000000,1,0,0,1
2464,defense_vs_attack,420.000000,460.000000,1,1,0,1
2469,baseline,120.000000,160.000000,0,0,0,1
2469,attack_only,220.000000,260.000000,0,1,0,1
2469,defense_only,320.000000,360.000000,1,0,0,1
2469,defense_vs_attack,420.000000,460.000000,1,1,0,1
2478,baseline,120.000000,160.000000,0,0,0,1
2478,attack_only,220.000000,260.000000,0,1,0,1
2478,defense_only,320.000000,360.000000,1,0,0,1
2478,defense_vs_attack,420.000000,460.000000,1,1,0,1
2483,baseline,120.000000,160.000000,0,0,0,1
2483,attack_only,220.000000,260.000000,0,1,0,1
2483,defense_only,320.000000,360.000000,1,0,0,1
2483,defense_vs_attack,420.000000,460.000000,1,1,0,1
2482,baseline,120.000000,160.000000,0,0,0,1
2482,attack_only,220.000000,260.000000,0,1,1,1
2482,defense_only,320.000000,360.000000,1,0,0,1
2482,defense_vs_attack,420.000000,460.000000,1,1,0,1
2487,baseline,120.000000,160.000000,0,0,0,1
2487,attack_only,220.000000,260.000000,0,1,0,1
2487,defense_only,320.000000,360.000000,1,0,0,1
2487,defense_vs_attack,420.000000,460.000000,1,1,0,1
2491,baseline,120.000000,160.000000,0,0,0,1
2491,attack_only,220.000000,260.000000,0,1,1,1
2491,defense_only,320.000000,360.000000,1,0,0,1
2491,defense_vs_attack,420.000000,460.000000,1,1,0,1
2474,baseline,120.000000,160.000000,0,0,0,1
2474,attack_only,220.000000,260.000000,0,1,0,1
2474,defense_only,320.000000,360.000000,1,0,0,1
2474,defense_vs_attack,420.000000,460.000000,1,1,0,1
2495,baseline,120.000000,160.000000,0,0,0,1
2495,attack_only,220.000000,260.000000,0,1,0,1
2495,defense_only,320.000000,360.000000,1,0,0,1
2495,defense_vs_attack,420.000000,460.000000,1,1,0,1
2500,baseline,120.000000,160.000000,0,0,1,1
2500,attack_only,220.000000,260.000000,0,1,1,1
2500,defense_only,320.000000,360.000000,1,0,1,1
2500,defense_vs_attack,420.000000,460.000000,1,1,0,1
2501,baseline,120.000000,160.000000,0,0,0,1
2501,attack_only,220.000000,260.000000,0,1,1,1
2501,defense_only,320.000000,360.000000,1,0,0,1
2501,defense_vs_attack,420.000000,460.000000,1,1,0,1
2502,baseline,120.000000,160.000000,0,0,0,1
2502,attack_only,220.000000,260.000000,0,1,0,1
2502,defense_only,320.000000,360.000000,1,0,0,1
2502,defense_vs_attack,420.000000,460.000000,1,1,0,1
2506,baseline,120.000000,160.000000,0,0,1,1
2506,attack_only,220.000000,260.000000,0,1,1,1
2506,defense_only,320.000000,360.000000,1,0,1,1
2506,defense_vs_attack,420.000000,460.000000,1,1,0,1
2504,baseline,120.000000,160.000000,0,0,0,1
2504,attack_only,220.000000,260.000000,0,1,1,1
2504,defense_only,320.000000,360.000000,1,0,0,1
2504,defense_vs_attack,420.000000,460.000000,1,1,0,1
2507,baseline,120.000000,160.000000,0,0,1,1
2507,attack_only,220.000000,260.000000,0,1,0,1
2507,defense_only,320.000000,360.000000,1,0,1,1
2507,defense_vs_attack,420.000000,460.000000,1,1,0,1
2510,baseline,120.000000,160.000000,0,0,0,1
2510,attack_only,220.000000,260.000000,0,1,0,1
2510,defense_only,320.000000,360.000000,1,0,0,1
2510,defense_vs_attack,420.000000,460.000000,1,1,0,1
2511,baseline,120.000000,160.000000,0,0,0,1
2511,attack_only,220.000000,260.000000,0,1,0,1
2511,defense_only,320.000000,360.000000,1,0,0,1
2511,defense_vs_attack,420.000000,460.000000,1,1,0,1
2515,baseline,120.000000,160.000000,0,0,0,1
2515,attack_only,220.000000,260.000000,0,1,1,1
2515,defense_only,320.000000,360.000000,1,0,0,1
2515,defense_vs_attack,420.000000,460.000000,1,1,0,1
2518,baseline,120.000000,160.000000,0,0,1,1
2518,attack_only,220.000000,260.000000,0,1,1,1
2518,defense_only,320.000000,360.000000,1,0,1,1
2518,defense_vs_attack,420.000000,460.000000,1,1,0,1
2517,baseline,120.000000,160.000000,0,0,1,1
2517,attack_only,220.000000,260.000000,0,1,1,1
2517,defense_only,320.000000,360.000000,1,0,1,1
2517,defense_vs_attack,420.000000,460.000000,1,1,0,1
2521,baseline,120.000000,160.000000,0,0,0,1
2521,attack_only,220.000000,260.000000,0,1,0,1
2521,defense_only,320.000000,360.000000,1,0,0,1
2521,defense_vs_attack,420.000000,460.000000,1,1,0,1
2522,baseline,120.000000,160.000000,0,0,0,1
2522,attack_only,220.000000,260.000000,0,1,0,1
2522,defense_only,320.000000,360.000000,1,0,0,1
2522,defense_vs_attack,420.000000,460.000000,1,1,0,1
2527,baseline,120.000000,160.000000,0,0,0,1
2527,attack_only,220.000000,260.000000,0,1,0,1
2527,defense_only,320.000000,360.000000,1,0,0,1
2527,defense_vs_attack,420.000000,460.000000,1,1,0,1
2551,baseline,120.000000,160.000000,0,0,1,1
2551,attack_only,220.000000,260.000000,0,1,1,1
2551,defense_only,320.000000,360.000000,1,0,1,1
2551,defense_vs_attack,420.000000,460.000000,1,1,0,1
2549,baseline,120.000000,160.000000,0,0,0,1
2549,attack_only,220.000000,260.000000,0,1,1,1
2549,defense_only,320.000000,360.000000,1,0,0,1
2549,defense_vs_attack,420.000000,460.000000,1,1,0,1
2546,baseline,120.000000,160.000000,0,0,0,1
2546,attack_only,220.000000,260.000000,0,1,0,1
2546,defense_only,320.000000,360.000000,1,0,0,1
2546,defense_vs_attack,420.000000,460.000000,1,1,0,1
2548,baseline,120.000000,160.000000,0,0,0,1
2548,attack_only,220.000000,260.000000,0,1,0,1
2548,defense_only,320.000000,360.000000,1,0,0,1
2548,defense_vs_attack,420.000000,460.000000,1,1,0,1
2556,baseline,120.000000,160.000000,0,0,0,1
2556,attack_only,220.000000,260.000000,0,1,0,1
2556,defense_only,320.000000,360.000000,1,0,0,1
2556,defense_vs_attack,420.000000,460.000000,1,1,0,1
2560,baseline,120.000000,160.000000,0,0,0,1
2560,attack_only,220.000000,260.000000,0,1,0,1
2560,defense_only,320.000000,360.000000,1,0,0,1
2560,defense_vs_attack,420.000000,460.000000,1,1,0,1
2561,baseline,120.000000,160.000000,0,0,0,1
2561,attack_only,220.000000,260.000000,0,1,0,1
2561,defense_only,320.000000,360.000000,1,0,0,1
2561,defense_vs_attack,420.000000,460.000000,1,1,0,1
2563,baseline,120.000000,160.000000,0,0,0,1
2563,attack_only,220.000000,260.000000,0,1,0,1
2563,defense_only,320.000000,360.000000,1,0,0,1
2563,defense_vs_attack,420.000000,460.000000,1,1,0,1
2573,baseline,120.000000,160.000000,0,0,0,1
2573,attack_only,220.000000,260.000000,0,1,0,1
2573,defense_only,320.000000,360.000000,1,0,0,1
2573,defense_vs_attack,420.000000,460.000000,1,1,0,1
2567,baseline,120.000000,160.000000,0,0,0,1
2567,attack_only,220.000000,260.000000,0,1,0,1
2567,defense_only,320.000000,360.000000,1,0,0,1
2567,defense_vs_attack,420.000000,460.000000,1,1,0,1
2571,baseline,120.000000,160.000000,0,0,1,1
2571,attack_only,220.000000,260.000000,0,1,1,1
2571,defense_only,320.000000,360.000000,1,0,1,1
2571,defense_vs_attack,420.000000,460.000000,1,1,0,1
2572,baseline,120.000000,160.000000,0,0,0,1
2572,attack_only,220.000000,260.000000,0,1,0,1
2572,defense_only,320.000000,360.000000,1,0,0,1
2572,defense_vs_attack,420.000000,460.000000,1,1,0,1
2579,baseline,120.000000,160.000000,0,0,0,1
2579,attack_only,220.000000,260.000000,0,1,0,1
2579,defense_only,320.000000,360.000000,1,0,0,1
2579,defense_vs_attack,420.000000,460.000000,1,1,0,1
2578,baseline,120.000000,160.000000,0,0,0,1
2578,attack_only,220.000000,260.000000,0,1,1,1
2578,defense_only,320.000000,360.000000,1,0,0,1
2578,defense_vs_attack,420.000000,460.000000,1,1,0,1
2580,baseline,120.000000,160.000000,0,0,0,1
2580,attack_only,220.000000,260.000000,0,1,0,1
2580,defense_only,320.000000,360.000000,1,0,0,1
2580,defense_vs_attack,420.000000,460.000000,1,1,0,1
2584,baseline,120.000000,160.000000,0,0,0,1
2584,attack_only,220.000000,260.000000,0,1,0,1
2584,defense_only,320.000000,360.000000,1,0,0,1
2584,defense_vs_attack,420.000000,460.000000,1,1,0,1
2588,baseline,120.000000,160.000000,0,0,0,1
2588,attack_only,220.000000,260.000000,0,1,0,1
2588,defense_only,320.000000,360.000000,1,0,0,1
2588,defense_vs_attack,420.000000,460.000000,1,1,0,1
2586,baseline,120.000000,160.000000,0,0,0,1
2586,attack_only,220.000000,260.000000,0,1,0,1
2586,defense_only,320.000000,360.000000,1,0,0,1
2586,defense_vs_attack,420.000000,460.000000,1,1,0,1
2590,baseline,120.000000,160.000000,0,0,0,1
2590,attack_only,220.000000,260.000000,0,1,0,1
2590,defense_only,320.000000,360.000000,1,0,0,1
2590,defense_vs_attack,420.000000,460.000000,1,1,0,1
2593,baseline,120.000000,160.000000,0,0,0,1
2593,attack_only,220.000000,260.000000,0,1,0,1
2593,defense_only,320.000000,360.000000,1,0,0,1
2593,defense_vs_attack,420.000000,460.000000,1,1,0,1
2604,baseline,120.000000,160.000000,0,0,0,1
2604,attack_only,220.000000,260.000000,0,1,0,1
2604,defense_only,320.000000,360.000000,1,0,0,1
2604,defense_vs_attack,420.000000,460.000000,1,1,0,1
2599,baseline,120.000000,160.000000,0,0,1,1
2599,attack_only,220.000000,260.000000,0,1,1,1
2599,defense_only,320.000000,360.000000,1,0,1,1
2599,defense_vs_attack,420.000000,460.000000,1,1,0,1
2606,baseline,120.000000,160.000000,0,0,0,1
2606,attack_only,220.000000,260.000000,0,1,0,1
2606,defense_only,320.000000,360.000000,1,0,0,1
2606,defense_vs_attack,420.000000,460.000000,1,1,0,1
2608,baseline,120.000000,160.000000,0,0,0,1
2608,attack_only,220.000000,260.000000,0,1,0,1
2608,defense_only,320.000000,360.000000,1,0,0,1
2608,defense_vs_attack,420.000000,460.000000,1,1,0,1
2613,baseline,120.000000,160.000000,0,0,0,1
2613,attack_only,220.000000,260.000000,0,1,0,1
2613,defense_only,320.000000,360.000000,1,0,0,1
2613,defense_vs_attack,420.000000,460.000000,1,1,0,1
2612,baseline,120.000000,160.000000,0,0,0,1
2612,attack_only,220.000000,260.000000,0,1,0,1
2612,defense_only,320.000000,360.000000,1,0,0,1
2612,defense_vs_attack,420.000000,460.000000,1,1,0,1
2620,baseline,120.000000,160.000000,0,0,1,1
2620,attack_only,220.000000,260.000000,0,1,1,1
2620,defense_only,320.000000,360.000000,1,0,1,1
2620,defense_vs_attack,420.000000,460.000000,1,1,0,1
2622,baseline,120.000000,160.000000,0,0,0,1
2622,attack_only,220.000000,260.000000,0,1,0,1
2622,defense_only,320.000000,360.000000,1,0,0,1
2622,defense_vs_attack,420.000000,460.000000,1,1,0,1
2618,baseline,120.000000,160.000000,0,0,0,1
2618,attack_only,220.000000,260.000000,0,1,0,1
2618,defense_only,320.000000,360.000000,1,0,0,1
2618,defense_vs_attack,420.000000,460.000000,1,1,0,1
2627,baseline,120.000000,160.000000,0,0,0,1
2627,attack_only,220.000000,260.000000,0,1,0,1
2627,defense_only,320.000000,360.000000,1,0,0,1
2627,defense_vs_attack,420.000000,460.000000,1,1,0,1
2629,baseline,120.000000,160.000000,0,0,1,1
2629,attack_only,220.000000,260.000000,0,1,0,1
2629,defense_only,320.000000,360.000000,1,0,0,1
2629,defense_vs_attack,420.000000,460.000000,1,1,0,1
2632,baseline,120.000000,160.000000,0,0,0,1
2632,attack_only,220.000000,260.000000,0,1,1,1
2632,defense_only,320.000000,360.000000,1,0,0,1
2632,defense_vs_attack,420.000000,460.000000,1,1,0,1
2626,baseline,120.000000,160.000000,0,0,0,1
2626,attack_only,220.000000,260.000000,0,1,0,1
2626,defense_only,320.000000,360.000000,1,0,0,1
2626,defense_vs_attack,420.000000,460.000000,1,1,0,1
2635,baseline,120.000000,160.000000,0,0,0,1
2635,attack_only,220.000000,260.000000,0,1,0,1
2635,defense_only,320.000000,360.000000,1,0,0,1
2635,defense_vs_attack,420.000000,460.000000,1,1,0,1
2637,baseline,120.000000,160.000000,0,0,0,1
2637,attack_only,220.000000,260.000000,0,1,0,1
2637,defense_only,320.000000,360.000000,1,0,0,1
2637,defense_vs_attack,420.000000,460.000000,1,1,0,1
2636,baseline,120.000000,160.000000,0,0,0,1
2636,attack_only,220.000000,260.000000,0,1,0,1
2636,defense_only,320.000000,360.000000,1,0,0,1
2636,defense_vs_attack,420.000000,460.000000,1,1,0,1
2638,baseline,120.000000,160.000000,0,0,0,1
2638,attack_only,220.000000,260.000000,0,1,0,1
2638,defense_only,320.000000,360.000000,1,0,0,1
2638,defense_vs_attack,420.000000,460.000000,1,1,0,1
2643,baseline,120.000000,160.000000,0,0,0,1
2643,attack_only,220.000000,260.000000,0,1,0,1
2643,defense_only,320.000000,360.000000,1,0,0,1
2643,defense_vs_attack,420.000000,460.000000,1,1,0,1
2644,baseline,120.000000,160.000000,0,0,0,1
2644,attack_only,220.000000,260.000000,0,1,0,1
2644,defense_only,320.000000,360.000000,1,0,0,1
2644,defense_vs_attack,420.000000,460.000000,1,1,0,1
2646,baseline,120.000000,160.000000,0,0,1,1
2646,attack_only,220.000000,260.000000,0,1,1,1
2646,defense_only,320.000000,360.000000,1,0,1,1
2646,defense_vs_attack,420.000000,460.000000,1,1,0,1
2647,baseline,120.000000,160.000000,0,0,0,1
2647,attack_only,220.000000,260.000000,0,1,0,1
2647,defense_only,320.000000,360.000000,1,0,0,1
2647,defense_vs_attack,420.000000,460.000000,1,1,0,1
2649,baseline,120.000000,160.000000,0,0,0,1
2649,attack_only,220.000000,260.000000,0,1,0,1
2649,defense_only,320.000000,360.000000,1,0,0,1
2649,defense_vs_attack,420.000000,460.000000,1,1,0,1
2652,baseline,120.000000,160.000000,0,0,0,1
2652,attack_only,220.000000,260.000000,0,1,1,1
2652,defense_only,320.000000,360.000000,1,0,0,1
2652,defense_vs_attack,420.000000,460.000000,1,1,0,1
2654,baseline,120.000000,160.000000,0,0,0,1
2654,attack_only,220.000000,260.000000,0,1,1,1
2654,defense_only,320.000000,360.000000,1,0,0,1
2654,defense_vs_attack,420.000000,460.000000,1,1,0,1
2656,baseline,120.000000,160.000000,0,0,1,1
2656,attack_only,220.000000,260.000000,0,1,0,1
2656,defense_only,320.000000,360.000000,1,0,0,1
2656,defense_vs_attack,420.000000,460.000000,1,1,0,1
2661,baseline,120.000000,160.000000,0,0,0,1
2661,attack_only,220.000000,260.000000,0,1,1,1
2661,defense_only,320.000000,360.000000,1,0,0,1
2661,defense_vs_attack,420.000000,460.000000,1,1,0,1
2667,baseline,120.000000,160.000000,0,0,0,1
2667,attack_only,220.000000,260.000000,0,1,1,1
2667,defense_only,320.000000,360.000000,1,0,0,1
2667,defense_vs_attack,420.000000,460.000000,1,1,0,1
2666,baseline,120.000000,160.000000,0,0,1,1
2666,attack_only,220.000000,260.000000,0,1,1,1
2666,defense_only,320.000000,360.000000,1,0,1,1
2666,defense_vs_attack,420.000000,460.000000,1,1,0,1
2670,baseline,120.000000,160.000000,0,0,0,1
2670,attack_only,220.000000,260.000000,0,1,1,1
2670,defense_only,320.000000,360.000000,1,0,0,1
2670,defense_vs_attack,420.000000,460.000000,1,1,0,1
2673,baseline,120.000000,160.000000,0,0,1,1
2673,attack_only,220.000000,260.000000,0,1,1,1
2673,defense_only,320.000000,360.000000,1,0,1,1
2673,defense_vs_attack,420.000000,460.000000,1,1,0,1
2677,baseline,120.000000,160.000000,0,0,1,1
2677,attack_only,220.000000,260.000000,0,1,1,1
2677,defense_only,320.000000,360.000000,1,0,1,1
2677,defense_vs_attack,420.000000,460.000000,1,1,0,1
2679,baseline,120.000000,160.000000,0,0,0,1
2679,attack_only,220.000000,260.000000,0,1,1,1
2679,defense_only,320.000000,360.000000,1,0,0,1
2679,defense_vs_attack,420.000000,460.000000,1,1,0,1
2680,baseline,120.000000,160.000000,0,0,1,1
2680,attack_only,220.000000,260.000000,0,1,1,1
2680,defense_only,320.000000,360.000000,1,0,1,1
2680,defense_vs_attack,420.000000,460.000000,1,1,0,1
2687,baseline,120.000000,160.000000,0,0,0,1
2687,attack_only,220.000000,260.000000,0,1,0,1
2687,defense_only,320.000000,360.000000,1,0,0,1
2687,defense_vs_attack,420.000000,460.000000,1,1,0,1
2693,baseline,120.000000,160.000000,0,0,1,1
2693,attack_only,220.000000,260.000000,0,1,1,1
2693,defense_only,320.000000,360.000000,1,0,1,1
2693,defense_vs_attack,420.000000,460.000000,1,1,0,1
2695,baseline,120.000000,160.000000,0,0,0,1
2695,attack_only,220.000000,260.000000,0,1,0,1
2695,defense_only,320.000000,360.000000,1,0,0,1
2695,defense_vs_attack,420.000000,460.000000,1,1,0,1
2701,baseline,120.000000,160.000000,0,0,0,1
2701,attack_only,220.000000,260.000000,0,1,1,1
2701,defense_only,320.000000,360.000000,1,0,0,1
2701,defense_vs_attack,420.000000,460.000000,1,1,0,1
2699,baseline,120.000000,160.000000,0,0,0,1
2699,attack_only,220.000000,260.000000,0,1,0,1
2699,defense_only,320.000000,360.000000,1,0,1,1
2699,defense_vs_attack,420.000000,460.000000,1,1,0,1
2710,baseline,120.000000,160.000000,0,0,0,1
2710,attack_only,220.000000,260.000000,0,1,0,1
2710,defense_only,320.000000,360.000000,1,0,0,1
2710,defense_vs_attack,420.000000,460.000000,1,1,0,1
2712,baseline,120.000000,160.000000,0,0,0,1
2712,attack_only,220.000000,260.000000,0,1,0,1
2712,defense_only,320.000000,360.000000,1,0,0,1
2712,defense_vs_attack,420.000000,460.000000,1,1,0,1
2709,baseline,120.000000,160.000000,0,0,0,1
2709,attack_only,220.000000,260.000000,0,1,0,1
2709,defense_only,320.000000,360.000000,1,0,0,1
2709,defense_vs_attack,420.000000,460.000000,1,1,0,1
2722,baseline,120.000000,160.000000,0,0,0,1
2722,attack_only,220.000000,260.000000,0,1,1,1
2722,defense_only,320.000000,360.000000,1,0,0,1
2722,defense_vs_attack,420.000000,460.000000,1,1,0,1
2735,baseline,120.000000,160.000000,0,0,0,1
2735,attack_only,220.000000,260.000000,0,1,0,1
2735,defense_only,320.000000,360.000000,1,0,0,1
2735,defense_vs_attack,420.000000,460.000000,1,1,0,1
2738,baseline,120.000000,160.000000,0,0,0,1
2738,attack_only,220.000000,260.000000,0,1,0,1
2738,defense_only,320.000000,360.000000,1,0,0,1
2738,defense_vs_attack,420.000000,460.000000,1,1,0,1
2740,baseline,120.000000,160.000000,0,0,0,1
2740,attack_only,220.000000,260.000000,0,1,1,1
2740,defense_only,320.000000,360.000000,1,0,0,1
2740,defense_vs_attack,420.000000,460.000000,1,1,0,1
2746,baseline,120.000000,160.000000,0,0,0,1
2746,attack_only,220.000000,260.000000,0,1,0,1
2746,defense_only,320.000000,360.000000,1,0,0,1
2746,defense_vs_attack,420.000000,460.000000,1,1,0,1
2754,baseline,120.000000,160.000000,0,0,1,1
2754,attack_only,220.000000,260.000000,0,1,1,1
2754,defense_only,320.000000,360.000000,1,0,1,1
2754,defense_vs_attack,420.000000,460.000000,1,1,0,1
2753,baseline,120.000000,160.000000,0,0,1,1
2753,attack_only,220.000000,260.000000,0,1,1,1
2753,defense_only,320.000000,360.000000,1,0,1,1
2753,defense_vs_attack,420.000000,460.000000,1,1,0,1
2761,baseline,120.000000,160.000000,0,0,1,1
2761,attack_only,220.000000,260.000000,0,1,1,1
2761,defense_only,320.000000,360.000000,1,0,1,1
2761,defense_vs_attack,420.000000,460.000000,1,1,0,1
2760,baseline,120.000000,160.000000,0,0,0,1
2760,attack_only,220.000000,260.000000,0,1,0,1
2760,defense_only,320.000000,360.000000,1,0,0,1
2760,defense_vs_attack,420.000000,460.000000,1,1,0,1
2762,baseline,120.000000,160.000000,0,0,0,1
2762,attack_only,220.000000,260.000000,0,1,1,1
2762,defense_only,320.000000,360.000000,1,0,1,1
2762,defense_vs_attack,420.000000,460.000000,1,1,0,1
2770,baseline,120.000000,160.000000,0,0,0,1
2770,attack_only,220.000000,260.000000,0,1,0,1
2770,defense_only,320.000000,360.000000,1,0,0,1
2770,defense_vs_attack,420.000000,460.000000,1,1,0,1
2772,baseline,120.000000,160.000000,0,0,0,1
2772,attack_only,220.000000,260.000000,0,1,0,1
2772,defense_only,320.000000,360.000000,1,0,0,1
2772,defense_vs_attack,420.000000,460.000000,1,1,0,1
2776,baseline,120.000000,160.000000,0,0,0,1
2776,attack_only,220.000000,260.000000,0,1,1,1
2776,defense_only,320.000000,360.000000,1,0,0,1
2776,defense_vs_attack,420.000000,460.000000,1,1,0,1
2780,baseline,120.000000,160.000000,0,0,0,1
2780,attack_only,220.000000,260.000000,0,1,0,1
2780,defense_only,320.000000,360.000000,1,0,0,1
2780,defense_vs_attack,420.000000,460.000000,1,1,0,1
2783,baseline,120.000000,160.000000,0,0,1,1
2783,attack_only,220.000000,260.000000,0,1,1,1
2783,defense_only,320.000000,360.000000,1,0,1,1
2783,defense_vs_attack,420.000000,460.000000,1,1,0,1
2781,baseline,120.000000,160.000000,0,0,0,1
2781,attack_only,220.000000,260.000000,0,1,0,1
2781,defense_only,320.000000,360.000000,1,0,0,1
2781,defense_vs_attack,420.000000,460.000000,1,1,0,1
2785,baseline,120.000000,160.000000,0,0,0,1
2785,attack_only,220.000000,260.000000,0,1,0,1
2785,defense_only,320.000000,360.000000,1,0,0,1
2785,defense_vs_attack,420.000000,460.000000,1,1,0,1
2795,baseline,120.000000,160.000000,0,0,0,1
2795,attack_only,220.000000,260.000000,0,1,0,1
2795,defense_only,320.000000,360.000000,1,0,0,1
2795,defense_vs_attack,420.000000,460.000000,1,1,0,1
2793,baseline,120.000000,160.000000,0,0,0,1
2793,attack_only,220.000000,260.000000,0,1,0,1
2793,defense_only,320.000000,360.000000,1,0,0,1
2793,defense_vs_attack,420.000000,460.000000,1,1,0,1
2796,baseline,120.000000,160.000000,0,0,0,1
2796,attack_only,220.000000,260.000000,0,1,0,1
2796,defense_only,320.000000,360.000000,1,0,0,1
2796,defense_vs_attack,420.000000,460.000000,1,1,0,1
2801,baseline,120.000000,160.000000,0,0,1,1
2801,attack_only,220.000000,260.000000,0,1,1,1
2801,defense_only,320.000000,360.000000,1,0,0,1
2801,defense_vs_attack,420.000000,460.000000,1,1,0,1
2797,baseline,120.000000,160.000000,0,0,0,1
2797,attack_only,220.000000,260.000000,0,1,1,1
2797,defense_only,320.000000,360.000000,1,0,0,1
2797,defense_vs_attack,420.000000,460.000000,1,1,0,1
2799,baseline,120.000000,160.000000,0,0,0,1
2799,attack_only,220.000000,260.000000,0,1,0,1
2799,defense_only,320.000000,360.000000,1,0,0,1
2799,defense_vs_attack,420.000000,460.000000,1,1,0,1
2810,baseline,120.000000,160.000000,0,0,0,1
2810,attack_only,220.000000,260.000000,0,1,0,1
2810,defense_only,320.000000,360.000000,1,0,0,1
2810,defense_vs_attack,420.000000,460.000000,1,1,0,1
2813,baseline,120.000000,160.000000,0,0,1,1
2813,attack_only,220.000000,260.000000,0,1,1,1
2813,defense_only,320.000000,360.000000,1,0,1,1
2813,defense_vs_attack,420.000000,460.000000,1,1,0,1
2820,baseline,120.000000,160.000000,0,0,0,1
2820,attack_only,220.000000,260.000000,0,1,0,1
2820,defense_only,320.000000,360.000000,1,0,0,1
2820,defense_vs_attack,420.000000,460.000000,1,1,0,1
2818,baseline,120.000000,160.000000,0,0,0,1
2818,attack_only,220.000000,260.000000,0,1,0,1
2818,defense_only,320.000000,360.000000,1,0,0,1
2818,defense_vs_attack,420.000000,460.000000,1,1,0,1
2821,baseline,120.000000,160.000000,0,0,0,1
2821,attack_only,220.000000,260.000000,0,1,0,1
2821,defense_only,320.000000,360.000000,1,0,0,1
2821,defense_vs_attack,420.000000,460.000000,1,1,0,1
2830,baseline,120.000000,160.000000,0,0,0,1
2830,attack_only,220.000000,260.000000,0,1,0,1
2830,defense_only,320.000000,360.000000,1,0,0,1
2830,defense_vs_attack,420.000000,460.000000,1,1,0,1
2828,baseline,120.000000,160.000000,0,0,0,1
2828,attack_only,220.000000,260.000000,0,1,1,1
2828,defense_only,320.000000,360.000000,1,0,1,1
2828,defense_vs_attack,420.000000,460.000000,1,1,0,1
2840,baseline,120.000000,160.000000,0,0,0,1
2840,attack_only,220.000000,260.000000,0,1,0,1
2840,defense_only,320.000000,360.000000,1,0,0,1
2840,defense_vs_attack,420.000000,460.000000,1,1,0,1
2844,baseline,120.000000,160.000000,0,0,0,1
2844,attack_only,220.000000,260.000000,0,1,0,1
2844,defense_only,320.000000,360.000000,1,0,0,1
2844,defense_vs_attack,420.000000,460.000000,1,1,0,1
2838,baseline,120.000000,160.000000,0,0,0,1
2838,attack_only,220.000000,260.000000,0,1,0,1
2838,defense_only,320.000000,360.000000,1,0,0,1
2838,defense_vs_attack,420.000000,460.000000,1,1,0,1
2854,baseline,120.000000,160.000000,0,0,1,1
2854,attack_only,220.000000,260.000000,0,1,1,1
2854,defense_only,320.000000,360.000000,1,0,1,1
2854,defense_vs_attack,420.000000,460.000000,1,1,0,1
2853,baseline,120.000000,160.000000,0,0,0,1
2853,attack_only,220.000000,260.000000,0,1,0,1
2853,defense_only,320.000000,360.000000,1,0,0,1
2853,defense_vs_attack,420.000000,460.000000,1,1,0,1
2856,baseline,120.000000,160.000000,0,0,0,1
2856,attack_only,220.000000,260.000000,0,1,1,1
2856,defense_only,320.000000,360.000000,1,0,0,1
2856,defense_vs_attack,420.000000,460.000000,1,1,0,1
2857,baseline,120.000000,160.000000,0,0,0,1
2857,attack_only,220.000000,260.000000,0,1,0,1
2857,defense_only,320.000000,360.000000,1,0,0,1
2857,defense_vs_attack,420.000000,460.000000,1,1,0,1
