run_id,scenario,window_start,window_end,throughput_mbps,pdr_percent,avg_delay_s,tx_packets,rx_packets,rx_bytes,udp_rx_in_window,udp_expected_in_window,udp_loss_percent,overhead_ratio,hello_count,olsr_control_bytes_with_hello,path_hops_internal,min_attacker_trust,avg_attacker_trust,blacklist_max_size,mac_tx_in_window,mac_drop_in_window,mac_tx_total,mac_drop_total
2,baseline,120.000000,160.000000,0.001944,100.000000,0.026630,18,18,9720,18,18,0.000000,30.764198,1000,299028,5,1.000000,1.000000,0,1781,0,6609,0
2,attack_only,220.000000,260.000000,0.001944,100.000000,0.009892,18,18,9720,18,18,0.000000,30.661728,1000,298032,5,1.000000,1.000000,0,1737,0,10796,0
2,defense_only,320.000000,360.000000,0.001944,100.000000,0.022951,18,18,9720,18,18,0.000000,92.423868,1000,898360,5,1.000000,1.000000,0,2369,0,16535,0
2,defense_vs_attack,420.000000,460.000000,0.001944,100.000000,0.012817,18,18,9720,18,18,0.000000,90.535802,1000,880008,5,0.000000,0.836735,1,2416,0,22332,0
7,baseline,120.000000,160.000000,0.001944,100.000000,0.031303,18,18,9720,18,18,0.000000,26.948148,1000,261936,6,1.000000,1.000000,0,1644,0,6156,0
7,attack_only,220.000000,260.000000,0.000000,0.000000,0.000000,18,0,0,0,18,100.000000,0.000000,1000,259564,6,1.000000,1.000000,0,1553,0,10035,0
7,defense_only,320.000000,360.000000,0.001944,100.000000,0.012248,18,18,9720,18,18,0.000000,89.567078,1000,870592,6,1.000000,1.000000,0,2346,0,15630,0
7,defense_vs_attack,420.000000,460.000000,0.001080,55.555556,0.027540,18,10,5400,10,18,44.444444,173.541481,1000,937124,6,0.000000,0.836735,1,2399,0,21452,0
8,baseline,120.000000,160.000000,0.001944,100.000000,0.026592,18,18,9720,18,18,0.000000,26.978601,1000,262232,5,1.000000,1.000000,0,1759,0,6650,0
8,attack_only,220.000000,260.000000,0.001944,100.000000,0.009911,18,18,9720,18,18,0.000000,26.887654,1000,261348,5,1.000000,1.000000,0,1752,0,10909,0
8,defense_only,320.000000,360.000000,0.001944,100.000000,0.022338,18,18,9720,18,18,0.000000,86.412757,1000,839932,5,1.000000,1.000000,0,2644,0,17332,0
8,defense_vs_attack,420.000000,460.000000,0.001944,100.000000,0.012035,18,18,9720,18,18,0.000000,88.147325,1000,856792,5,0.000000,0.897959,1,2583,0,23648,0
9,baseline,120.000000,160.000000,0.001944,100.000000,0.030801,18,18,9720,18,18,0.000000,25.380658,1000,246700,6,1.000000,1.000000,0,1685,0,6246,0
9,attack_only,220.000000,260.000000,0.000000,0.000000,0.000000,18,0,0,0,18,100.000000,0.000000,1000,247660,6,1.000000,1.000000,0,1671,0,10337,0
9,defense_only,320.000000,360.000000,0.001944,100.000000,0.021633,18,18,9720,18,18,0.000000,88.459671,1000,859828,6,1.000000,1.000000,0,2583,0,16630,0
9,defense_vs_attack,420.000000,460.000000,0.000000,0.000000,0.000000,13,0,0,0,18,100.000000,0.000000,1000,689264,0,0.000000,0.897959,2,2681,0,23042,0
12,baseline,120.000000,160.000000,0.001944,100.000000,0.015051,18,18,9720,18,18,0.000000,31.982305,1000,310868,3,1.000000,1.000000,0,1813,0,6952,0
12,attack_only,220.000000,260.000000,0.001944,100.000000,0.005790,18,18,9720,18,18,0.000000,30.446091,1000,295936,3,1.000000,1.000000,0,1811,0,11414,0
12,defense_only,320.000000,360.000000,0.001944,100.000000,0.012812,18,18,9720,18,18,0.000000,92.697531,1000,901020,3,1.000000,1.000000,0,2507,0,17469,0
12,defense_vs_attack,420.000000,460.000000,0.001944,100.000000,0.007787,18,18,9720,18,18,0.000000,90.913169,1000,883676,3,0.000000,0.877551,1,2397,0,23411,0
18,baseline,120.000000,160.000000,0.001944,100.000000,0.020282,18,18,9720,18,18,0.000000,30.249794,1000,294028,4,1.000000,1.000000,0,1696,0,6393,0
18,attack_only,220.000000,260.000000,0.001944,100.000000,0.007999,18,18,9720,18,18,0.000000,30.072016,1000,292300,4,1.000000,1.000000,0,1657,0,10471,0
18,defense_only,320.000000,360.000000,0.001944,100.000000,0.017292,18,18,9720,18,18,0.000000,104.853498,1000,1019176,4,1.000000,1.000000,0,2286,0,16047,0
18,defense_vs_attack,420.000000,460.000000,0.001080,55.555556,0.012601,18,10,5400,10,18,44.444444,191.297037,1000,1033004,4,0.000000,0.734694,1,2315,0,21821,0
24,baseline,120.000000,160.000000,0.001944,100.000000,0.035546,18,18,9720,18,18,0.000000,31.580658,1000,306964,7,1.000000,1.000000,0,1902,0,6906,0
24,attack_only,220.000000,260.000000,0.000000,0.000000,0.000000,18,0,0,0,18,100.000000,0.000000,1000,292808,7,1.000000,1.000000,0,1788,0,11297,0
24,defense_only,320.000000,360.000000,0.001944,100.000000,0.022090,18,18,9720,18,18,0.000000,82.986831,1000,806632,7,1.000000,1.000000,0,2442,0,17178,0
24,defense_vs_attack,420.000000,460.000000,0.001404,72.222222,0.033307,18,13,7020,13,18,27.777778,115.368091,1000,809884,7,0.000000,0.816327,1,2444,0,23173,0
28,baseline,120.000000,160.000000,0.001944,100.000000,0.015519,18,18,9720,18,18,0.000000,29.927160,1000,290892,3,1.000000,1.000000,0,1788,0,6772,0
28,attack_only,220.000000,260.000000,0.000000,0.000000,0.000000,18,0,0,0,18,100.000000,0.000000,1000,289112,3,1.000000,1.000000,0,1731,0,11069,0
28,defense_only,320.000000,360.000000,0.001944,100.000000,0.008149,18,18,9720,18,18,0.000000,84.840741,1000,824652,3,1.000000,1.000000,0,2413,0,17084,0
28,defense_vs_attack,420.000000,460.000000,0.001728,88.888889,0.019636,18,16,8640,16,18,11.111111,97.303704,1000,840704,3,0.000000,0.877551,1,2571,0,23270,0
31,baseline,120.000000,160.000000,0.001944,100.000000,0.020693,18,18,9720,18,18,0.000000,32.162963,1000,312624,4,1.000000,1.000000,0,1787,0,6706,0
31,attack_only,220.000000,260.000000,0.001944,100.000000,0.008030,18,18,9720,18,18,0.000000,32.560082,1000,316484,4,1.000000,1.000000,0,1776,0,11057,0
31,defense_only,320.000000,360.000000,0.001944,100.000000,0.017175,18,18,9720,18,18,0.000000,91.807407,1000,892368,4,1.000000,1.000000,0,2373,0,16779,0
31,defense_vs_attack,420.000000,460.000000,0.001944,100.000000,0.009632,18,18,9720,18,18,0.000000,95.830864,1000,931476,4,0.000000,0.816327,1,2367,0,22546,0
35,baseline,120.000000,160.000000,0.001944,100.000000,0.020714,18,18,9720,18,18,0.000000,25.944033,1000,252176,4,1.000000,1.000000,0,1677,0,6295,0
35,attack_only,220.000000,260.000000,0.001944,100.000000,0.007793,18,18,9720,18,18,0.000000,26.479424,1000,257380,4,1.000000,1.000000,0,1699,0,10422,0
35,defense_only,320.000000,360.000000,0.001944,100.000000,0.017386,18,18,9720,18,18,0.000000,84.001235,1000,816492,4,1.000000,1.000000,0,2351,0,16109,0
35,defense_vs_attack,420.000000,460.000000,0.001944,100.000000,0.010553,18,18,9720,18,18,0.000000,84.487654,1000,821220,4,0.000000,0.877551,1,2455,0,22020,0
42,baseline,120.000000,160.000000,0.001944,100.000000,0.026534,18,18,9720,18,18,0.000000,32.883128,1000,319624,5,1.000000,1.000000,0,1880,0,6965,0
42,attack_only,220.000000,260.000000,0.001944,100.000000,0.010561,18,18,9720,18,18,0.000000,32.547737,1000,316364,5,1.000000,1.000000,0,1828,0,11434,0
42,defense_only,320.000000,360.000000,0.001944,100.000000,0.022095,18,18,9720,18,18,0.000000,101.284774,1000,984488,5,1.000000,1.000000,0,2716,0,17836,0
42,defense_vs_attack,420.000000,460.000000,0.001944,100.000000,0.012102,18,18,9720,18,18,0.000000,100.550617,1000,977352,5,0.000000,0.897959,1,2680,0,24310,0
43,baseline,120.000000,160.000000,0.001944,100.000000,0.021063,18,18,9720,18,18,0.000000,24.920165,1000,242224,4,1.000000,1.000000,0,1657,0,6236,0
43,attack_only,220.000000,260.000000,0.000000,0.000000,0.000000,18,0,0,0,18,100.000000,0.000000,1000,249824,5,1.000000,1.000000,0,1604,0,10190,0
43,defense_only,320.000000,360.000000,0.001944,100.000000,0.010213,18,18,9720,18,18,0.000000,84.215226,1000,818572,4,1.000000,1.000000,0,2455,0,16247,0
43,defense_vs_attack,420.000000,460.000000,0.001080,55.555556,0.019479,18,10,5400,10,18,44.444444,156.041481,1000,842624,4,0.000000,0.897959,1,2479,0,22439,0
45,baseline,120.000000,160.000000,0.001944,100.000000,0.031939,18,18,9720,18,18,0.000000,25.247737,1000,245408,6,1.000000,1.000000,0,1700,0,6229,0
45,attack_only,220.000000,260.000000,0.000000,0.000000,0.000000,18,0,0,0,18,100.000000,0.000000,1000,236600,6,1.000000,1.000000,0,1617,0,10244,0
45,defense_only,320.000000,360.000000,0.001944,100.000000,0.013295,18,18,9720,18,18,0.000000,88.093004,1000,856264,6,1.000000,1.000000,0,2490,0,16285,0
45,defense_vs_attack,420.000000,460.000000,0.001188,61.111111,0.023790,18,11,5940,11,18,38.888889,146.053199,1000,867556,6,0.000000,0.836735,1,2554,0,22524,0
47,baseline,120.000000,160.000000,0.001944,100.000000,0.015247,18,18,9720,18,18,0.000000,30.040741,1000,291996,3,1.000000,1.000000,0,1721,0,6483,0
47,attack_only,220.000000,260.000000,0.001944,100.000000,0.005790,18,18,9720,18,18,0.000000,30.023868,1000,291832,3,1.000000,1.000000,0,1698,0,10678,0
47,defense_only,320.000000,360.000000,0.001944,100.000000,0.012926,18,18,9720,18,18,0.000000,95.109053,1000,924460,3,1.000000,1.000000,0,2314,0,16244,0
47,defense_vs_attack,420.000000,460.000000,0.001944,100.000000,0.007570,18,18,9720,18,18,0.000000,93.023045,1000,904184,3,0.000000,0.857143,1,2326,0,22072,0
49,baseline,120.000000,160.000000,0.001944,100.000000,0.031600,18,18,9720,18,18,0.000000,31.474486,1000,305932,6,1.000000,1.000000,0,1770,0,6583,0
49,attack_only,220.000000,260.000000,0.001944,100.000000,0.013915,18,18,9720,18,18,0.000000,31.016872,1000,301484,6,1.000000,1.000000,0,1774,0,10846,0
49,defense_only,320.000000,360.000000,0.001944,100.000000,0.025847,18,18,9720,18,18,0.000000,107.006173,1000,1040100,6,1.000000,1.000000,0,2449,0,16700,0
49,defense_vs_attack,420.000000,460.000000,0.001404,72.222222,0.102496,18,13,7020,13,18,27.777778,130.350427,1000,915060,6,0.000000,0.816327,4,2606,0,22815,0
56,baseline,120.000000,160.000000,0.001944,100.000000,0.080957,18,18,9720,18,18,0.000000,22.351029,1000,217252,5,1.000000,1.000000,0,1637,0,6130,0
56,attack_only,220.000000,260.000000,0.001944,100.000000,0.010194,18,18,9720,18,18,0.000000,23.916461,1000,232468,5,1.000000,1.000000,0,1681,0,10157,0
56,defense_only,320.000000,360.000000,0.001944,100.000000,0.022657,18,18,9720,18,18,0.000000,83.677366,1000,813344,5,1.000000,1.000000,0,2563,0,16384,0
56,defense_vs_attack,420.000000,460.000000,0.001188,61.111111,0.013608,18,11,5940,11,18,38.888889,141.331313,1000,839508,5,0.000000,0.836735,2,2665,0,22951,0
62,baseline,120.000000,160.000000,0.001944,100.000000,0.036150,18,18,9720,18,18,0.000000,27.976543,1000,271932,7,1.000000,1.000000,0,1816,0,6647,0
62,attack_only,220.000000,260.000000,0.001944,100.000000,0.013951,18,18,9720,18,18,0.000000,27.844033,1000,270644,7,1.000000,1.000000,0,1745,0,10820,0
62,defense_only,320.000000,360.000000,0.001944,100.000000,0.031657,18,18,9720,18,18,0.000000,101.390535,1000,985516,7,1.000000,1.000000,0,2630,0,17073,0
62,defense_vs_attack,420.000000,460.000000,0.001944,100.000000,0.017917,18,18,9720,18,18,0.000000,98.169547,1000,954208,7,0.000000,0.918367,1,2649,0,23399,0
63,baseline,120.000000,160.000000,0.001944,100.000000,0.015505,18,18,9720,18,18,0.000000,25.123045,1000,244196,3,1.000000,1.000000,0,1627,0,6010,0
63,attack_only,220.000000,260.000000,0.001944,100.000000,0.005789,18,18,9720,18,18,0.000000,24.208642,1000,235308,3,1.000000,1.000000,0,1529,0,9781,0
63,defense_only,320.000000,360.000000,0.001944,100.000000,0.013514,18,18,9720,18,18,0.000000,107.182716,1000,1041816,3,1.000000,1.000000,0,2376,0,15455,0
63,defense_vs_attack,420.000000,460.000000,0.001944,100.000000,0.009290,18,18,9720,18,18,0.000000,111.295473,1000,1081792,3,0.000000,0.836735,1,2402,0,21353,0
64,baseline,120.000000,160.000000,0.001944,100.000000,0.071072,18,18,9720,18,18,0.000000,25.919753,1000,251940,3,1.000000,1.000000,0,1647,0,6248,0
64,attack_only,220.000000,260.000000,0.001944,100.000000,0.006729,18,18,9720,18,18,0.000000,25.863374,1000,251392,3,1.000000,1.000000,0,1622,0,10224,0
64,defense_only,320.000000,360.000000,0.001944,100.000000,0.012783,18,18,9720,18,18,0.000000,86.126337,1000,837148,3,1.000000,1.000000,0,2327,0,15964,0
64,defense_vs_attack,420.000000,460.000000,0.001944,100.000000,0.008280,18,18,9720,18,18,0.000000,90.240741,1000,877140,3,0.000000,0.816327,1,2399,0,21884,0
65,baseline,120.000000,160.000000,0.001944,100.000000,0.021301,18,18,9720,18,18,0.000000,29.169547,1000,283528,4,1.000000,1.000000,0,1749,0,6602,0
65,attack_only,220.000000,260.000000,0.001944,100.000000,0.008401,18,18,9720,18,18,0.000000,28.835802,1000,280284,4,1.000000,1.000000,0,1715,0,10839,0
65,defense_only,320.000000,360.000000,0.001944,100.000000,0.018313,18,18,9720,18,18,0.000000,85.719342,1000,833192,4,1.000000,1.000000,0,2387,0,16591,0
65,defense_vs_attack,420.000000,460.000000,0.001620,83.333333,0.010540,18,15,8100,15,18,16.666667,101.764444,1000,824292,4,0.000000,0.816327,1,2432,0,22565,0
66,baseline,120.000000,160.000000,0.001944,100.000000,0.021247,18,18,9720,18,18,0.000000,24.505761,1000,238196,4,1.000000,1.000000,0,1662,0,6229,0
66,attack_only,220.000000,260.000000,0.001944,100.000000,0.007952,18,18,9720,18,18,0.000000,23.105350,1000,224584,4,1.000000,1.000000,0,1616,0,10206,0
66,defense_only,320.000000,360.000000,0.001944,100.000000,0.017917,18,18,9720,18,18,0.000000,92.346091,1000,897604,4,1.000000,1.000000,0,2487,0,16269,0
66,defense_vs_attack,420.000000,460.000000,0.001944,100.000000,0.010849,18,18,9720,18,18,0.000000,92.816049,1000,902172,4,0.000000,0.775510,1,2521,0,22540,0
67,baseline,120.000000,160.000000,0.001944,100.000000,0.015708,18,18,9720,18,18,0.000000,27.118107,1000,263588,3,1.000000,1.000000,0,1596,0,6098,0
67,attack_only,220.000000,260.000000,0.001944,100.000000,0.006109,18,18,9720,18,18,0.000000,27.996296,1000,272124,3,1.000000,1.000000,0,1628,0,10102,0
67,defense_only,320.000000,360.000000,0.001944,100.000000,0.013318,18,18,9720,18,18,0.000000,103.020165,1000,1001356,3,1.000000,1.000000,0,2332,0,15809,0
67,defense_vs_attack,420.000000,460.000000,0.001944,100.000000,0.007653,18,18,9720,18,18,0.000000,102.197119,1000,993356,3,0.000000,0.857143,1,2364,0,21540,0
73,baseline,120.000000,160.000000,0.001944,100.000000,0.025783,18,18,9720,18,18,0.000000,28.993827,1000,281820,5,1.000000,1.000000,0,1740,0,6560,0
73,attack_only,220.000000,260.000000,0.001944,100.000000,0.009799,18,18,9720,18,18,0.000000,29.553498,1000,287260,5,1.000000,1.000000,0,1772,0,10841,0
73,defense_only,320.000000,360.000000,0.001944,100.000000,0.022702,18,18,9720,18,18,0.000000,84.759259,1000,823860,5,1.000000,1.000000,0,2489,0,16893,0
73,defense_vs_attack,420.000000,460.000000,0.001944,100.000000,0.012191,18,18,9720,18,18,0.000000,89.684362,1000,871732,5,0.000000,0.857143,2,2585,0,23001,0
75,baseline,120.000000,160.000000,0.001944,100.000000,0.030989,18,18,9720,18,18,0.000000,28.356790,1000,275628,6,1.000000,1.000000,0,1777,0,6636,0
75,attack_only,220.000000,260.000000,0.000000,0.000000,0.000000,18,0,0,0,18,100.000000,0.000000,1000,274064,6,1.000000,1.000000,0,1713,0,10820,0
75,defense_only,320.000000,360.000000,0.001944,100.000000,0.023702,18,18,9720,18,18,0.000000,91.727160,1000,891588,6,1.000000,1.000000,0,2467,0,16774,0
75,defense_vs_attack,420.000000,460.000000,0.001620,83.333333,0.040282,18,15,8100,15,18,16.666667,104.871605,1000,849460,7,0.000000,0.897959,1,2603,0,22936,0
77,baseline,120.000000,160.000000,0.001944,100.000000,0.026989,18,18,9720,18,18,0.000000,31.878601,1000,309860,5,1.000000,1.000000,0,1795,0,6745,0
77,attack_only,220.000000,260.000000,0.000000,0.000000,0.000000,18,0,0,0,18,100.000000,0.000000,1000,308396,5,1.000000,1.000000,0,1813,0,11120,0
77,defense_only,320.000000,360.000000,0.001944,100.000000,0.010318,18,18,9720,18,18,0.000000,96.660082,1000,939536,5,1.000000,1.000000,0,2476,0,17118,0
77,defense_vs_attack,420.000000,460.000000,0.001620,83.333333,0.023519,18,15,8100,15,18,16.666667,114.784198,1000,929752,5,0.000000,0.857143,1,2625,0,23391,0
80,baseline,120.000000,160.000000,0.001944,100.000000,0.031359,18,18,9720,18,18,0.000000,29.110700,1000,282956,6,1.000000,1.000000,0,1772,0,6571,0
80,attack_only,220.000000,260.000000,0.001944,100.000000,0.011890,18,18,9720,18,18,0.000000,30.507407,1000,296532,6,1.000000,1.000000,0,1763,0,10843,0
80,defense_only,320.000000,360.000000,0.001944,100.000000,0.027059,18,18,9720,18,18,0.000000,99.161728,1000,963852,6,1.000000,1.000000,0,2581,0,17012,0
80,defense_vs_attack,420.000000,460.000000,0.001728,88.888889,0.014943,18,16,8640,16,18,11.111111,108.363889,1000,936264,6,0.000000,0.857143,1,2638,0,23315,0
82,baseline,120.000000,160.000000,0.001944,100.000000,0.015385,18,18,9720,18,18,0.000000,21.174897,1000,205820,3,1.000000,1.000000,0,1531,0,5839,0
82,attack_only,220.000000,260.000000,0.001944,100.000000,0.005806,18,18,9720,18,18,0.000000,21.677778,1000,210708,3,1.000000,1.000000,0,1544,0,9620,0
82,defense_only,320.000000,360.000000,0.001944,100.000000,0.012851,18,18,9720,18,18,0.000000,91.362140,1000,888040,3,1.000000,1.000000,0,2530,0,15724,0
82,defense_vs_attack,420.000000,460.000000,0.001944,100.000000,0.007066,18,18,9720,18,18,0.000000,92.982305,1000,903788,3,0.000000,0.877551,1,2557,0,22052,0
84,baseline,120.000000,160.000000,0.001944,100.000000,0.020047,18,18,9720,18,18,0.000000,29.825103,1000,289900,4,1.000000,1.000000,0,1750,0,6504,0
84,attack_only,220.000000,260.000000,0.001944,100.000000,0.008701,18,18,9720,18,18,0.000000,29.516461,1000,286900,4,1.000000,1.000000,0,1705,0,10680,0
84,defense_only,320.000000,360.000000,0.001944,100.000000,0.017705,18,18,9720,18,18,0.000000,86.662551,1000,842360,4,1.000000,1.000000,0,2460,0,16484,0
84,defense_vs_attack,420.000000,460.000000,0.001944,100.000000,0.011936,18,18,9720,18,18,0.000000,93.516049,1000,908976,4,0.000000,0.775510,1,2370,0,22334,0
94,baseline,120.000000,160.000000,0.001944,100.000000,0.036833,18,18,9720,18,18,0.000000,31.913169,1000,310196,7,1.000000,1.000000,0,1911,0,6938,0
94,attack_only,220.000000,260.000000,0.000000,0.000000,0.000000,18,0,0,0,18,100.000000,0.000000,1000,311628,7,1.000000,1.000000,0,1861,0,11477,0
94,defense_only,320.000000,360.000000,0.001944,100.000000,0.032442,18,18,9720,18,18,0.000000,85.998354,1000,835904,7,1.000000,1.000000,0,2491,0,17436,0
94,defense_vs_attack,420.000000,460.000000,0.001728,88.888889,0.019137,18,16,8640,16,18,11.111111,95.670833,1000,826596,7,0.000000,0.836735,1,2480,0,23485,0
95,baseline,120.000000,160.000000,0.001944,100.000000,0.026143,18,18,9720,18,18,0.000000,25.167490,1000,244628,5,1.000000,1.000000,0,1618,0,5996,0
95,attack_only,220.000000,260.000000,0.000000,0.000000,0.000000,18,0,0,0,18,100.000000,0.000000,1000,240464,5,1.000000,1.000000,0,1553,0,9814,0
95,defense_only,320.000000,360.000000,0.001944,100.000000,0.016875,18,18,9720,18,18,0.000000,98.250617,1000,954996,5,1.000000,1.000000,0,2419,0,15664,0
95,defense_vs_attack,420.000000,460.000000,0.001188,61.111111,0.024188,18,11,5940,11,18,38.888889,153.496970,1000,911772,5,0.000000,0.857143,1,2406,0,21637,0
101,baseline,120.000000,160.000000,0.001944,100.000000,0.015491,18,18,9720,18,18,0.000000,25.113169,1000,244100,3,1.000000,1.000000,0,1644,0,6362,0
101,attack_only,220.000000,260.000000,0.001944,100.000000,0.005968,18,18,9720,18,18,0.000000,25.468313,1000,247552,3,1.000000,1.000000,0,1690,0,10519,0
101,defense_only,320.000000,360.000000,0.001944,100.000000,0.012524,18,18,9720,18,18,0.000000,83.782305,1000,814364,3,1.000000,1.000000,0,2408,0,16511,0
101,defense_vs_attack,420.000000,460.000000,0.001944,100.000000,0.008507,18,18,9720,18,18,0.000000,85.784774,1000,833828,3,0.000000,0.897959,1,2491,0,22832,0
105,baseline,120.000000,160.000000,0.001944,100.000000,0.042034,18,18,9720,18,18,0.000000,33.002058,1000,320780,8,1.000000,1.000000,0,1923,0,6978,0
105,attack_only,220.000000,260.000000,0.001944,100.000000,0.015812,18,18,9720,18,18,0.000000,32.867901,1000,319476,8,1.000000,1.000000,0,1877,0,11432,0
105,defense_only,320.000000,360.000000,0.001836,94.444444,0.035291,18,17,9180,17,18,5.555556,98.023529,1000,899856,8,1.000000,1.000000,0,2504,0,17349,0
105,defense_vs_attack,420.000000,460.000000,0.001728,88.888889,0.111596,18,16,8640,16,18,11.111111,101.606019,1000,877876,10,0.000000,0.857143,1,2753,0,23627,0
107,baseline,120.000000,160.000000,0.001944,100.000000,0.026796,18,18,9720,18,18,0.000000,35.685185,1000,346860,5,1.000000,1.000000,0,1894,0,7126,0
107,attack_only,220.000000,260.000000,0.001944,100.000000,0.010543,18,18,9720,18,18,0.000000,36.549794,1000,355264,5,1.000000,1.000000,0,1916,0,11741,0
107,defense_only,320.000000,360.000000,0.001944,100.000000,0.021263,18,18,9720,18,18,0.000000,97.514403,1000,947840,5,1.000000,1.000000,0,2493,0,17726,0
107,defense_vs_attack,420.000000,460.000000,0.001944,100.000000,0.012313,18,18,9720,18,18,0.000000,94.948148,1000,922896,5,0.000000,0.877551,1,2379,0,23706,0
109,baseline,120.000000,160.000000,0.001944,100.000000,0.025887,18,18,9720,18,18,0.000000,31.874486,1000,309820,5,1.000000,1.000000,0,1949,0,7225,0
109,attack_only,220.000000,260.000000,0.001944,100.000000,0.010111,18,18,9720,18,18,0.000000,32.395473,1000,314884,5,1.000000,1.000000,0,1900,0,11889,0
109,defense_only,320.000000,360.000000,0.001944,100.000000,0.023425,18,18,9720,18,18,0.000000,83.007819,1000,806836,5,1.000000,1.000000,0,2520,0,18059,0
109,defense_vs_attack,420.000000,460.000000,0.001944,100.000000,0.011145,18,18,9720,18,18,0.000000,84.760905,1000,823876,5,0.000000,0.959184,1,2639,0,24395,0
110,baseline,120.000000,160.000000,0.001944,100.000000,0.022914,18,18,9720,18,18,0.000000,30.393004,1000,295420,4,1.000000,1.000000,0,1795,0,6848,0
110,attack_only,220.000000,260.000000,0.001944,100.000000,0.009413,18,18,9720,18,18,0.000000,30.562140,1000,297064,4,1.000000,1.000000,0,1789,0,11201,0
110,defense_only,320.000000,360.000000,0.001944,100.000000,0.016492,18,18,9720,18,18,0.000000,86.909053,1000,844756,4,1.000000,1.000000,0,2431,0,17038,0
110,defense_vs_attack,420.000000,460.000000,0.001944,100.000000,0.018108,18,18,9720,18,18,0.000000,89.956379,1000,874376,4,0.000000,0.816327,1,2420,0,22922,0
111,baseline,120.000000,160.000000,0.001944,100.000000,0.040884,18,18,9720,18,18,0.000000,25.544444,1000,248292,8,1.000000,1.000000,0,1834,0,6733,0
111,attack_only,220.000000,260.000000,0.001944,100.000000,0.016099,18,18,9720,18,18,0.000000,26.230864,1000,254964,8,1.000000,1.000000,0,1810,0,11060,0
111,defense_only,320.000000,360.000000,0.001944,100.000000,0.038514,18,18,9720,18,18,0.000000,81.897119,1000,796040,8,1.000000,1.000000,0,2697,0,17508,0
111,defense_vs_attack,420.000000,460.000000,0.001080,55.555556,0.038822,18,10,5400,10,18,44.444444,152.381481,1000,822860,8,0.000000,0.918367,1,2683,0,24087,0
113,baseline,120.000000,160.000000,0.001944,100.000000,0.020848,18,18,9720,18,18,0.000000,30.232510,1000,293860,4,1.000000,1.000000,0,1799,0,6574,0
113,attack_only,220.000000,260.000000,0.000000,0.000000,0.000000,18,0,0,0,18,100.000000,0.000000,1000,293784,5,1.000000,1.000000,0,1711,0,10797,0
113,defense_only,320.000000,360.000000,0.001944,100.000000,0.012749,18,18,9720,18,18,0.000000,99.494239,1000,967084,4,1.000000,1.000000,0,2427,0,16845,0
113,defense_vs_attack,420.000000,460.000000,0.001944,100.000000,0.018724,18,18,9720,18,18,0.000000,98.200000,1000,954504,4,0.000000,0.836735,1,2549,0,22995,0
116,baseline,120.000000,160.000000,0.001944,100.000000,0.025776,18,18,9720,18,18,0.000000,31.783128,1000,308932,5,1.000000,1.000000,0,1834,0,6762,0
116,attack_only,220.000000,260.000000,0.001944,100.000000,0.010700,18,18,9720,18,18,0.000000,31.781070,1000,308912,5,1.000000,1.000000,0,1803,0,11178,0
116,defense_only,320.000000,360.000000,0.001944,100.000000,0.021435,18,18,9720,18,18,0.000000,84.026337,1000,816736,5,1.000000,1.000000,0,2364,0,16958,0
116,defense_vs_attack,420.000000,460.000000,0.001512,77.777778,0.023429,18,14,7560,14,18,22.222222,109.291005,1000,826240,5,0.000000,0.877551,1,2421,0,22828,0
119,baseline,120.000000,160.000000,0.001944,100.000000,0.016021,18,18,9720,18,18,0.000000,25.751029,1000,250300,3,1.000000,1.000000,0,1666,0,6324,0
119,attack_only,220.000000,260.000000,0.001944,100.000000,0.006382,18,18,9720,18,18,0.000000,24.925514,1000,242276,3,1.000000,1.000000,0,1635,0,10354,0
119,defense_only,320.000000,360.000000,0.001944,100.000000,0.012686,18,18,9720,18,18,0.000000,87.997119,1000,855332,3,1.000000,1.000000,0,2430,0,16240,0
119,defense_vs_attack,420.000000,460.000000,0.001728,88.888889,0.011174,18,16,8640,16,18,11.111111,103.624074,1000,895312,3,0.000000,0.795918,1,2530,0,22327,0
122,baseline,120.000000,160.000000,0.001944,100.000000,0.025559,18,18,9720,18,18,0.000000,32.795885,1000,318776,5,1.000000,1.000000,0,1763,0,6620,0
122,attack_only,220.000000,260.000000,0.001944,100.000000,0.009797,18,18,9720,18,18,0.000000,33.759671,1000,328144,5,1.000000,1.000000,0,1756,0,10923,0
122,defense_only,320.000000,360.000000,0.001944,100.000000,0.025550,18,18,9720,18,18,0.000000,96.905761,1000,941924,5,1.000000,1.000000,0,2366,0,16754,0
122,defense_vs_attack,420.000000,460.000000,0.001944,100.000000,0.017522,18,18,9720,18,18,0.000000,98.660494,1000,958980,5,0.000000,0.857143,1,2392,0,22638,0
125,baseline,120.000000,160.000000,0.001944,100.000000,0.025554,18,18,9720,18,18,0.000000,26.529218,1000,257864,5,1.000000,1.000000,0,1658,0,6195,0
125,attack_only,220.000000,260.000000,0.001944,100.000000,0.010504,18,18,9720,18,18,0.000000,26.484774,1000,257432,5,1.000000,1.000000,0,1688,0,10227,0
125,defense_only,320.000000,360.000000,0.001944,100.000000,0.024850,18,18,9720,18,18,0.000000,95.760082,1000,930788,5,1.000000,1.000000,0,2438,0,16190,0
125,defense_vs_attack,420.000000,460.000000,0.001188,61.111111,0.035599,18,11,5940,11,18,38.888889,152.884175,1000,908132,5,0.000000,0.857143,1,2851,0,22530,0
129,baseline,120.000000,160.000000,0.001944,100.000000,0.020832,18,18,9720,18,18,0.000000,29.790535,1000,289564,4,1.000000,1.000000,0,1712,0,6531,0
129,attack_only,220.000000,260.000000,0.001944,100.000000,0.007793,18,18,9720,18,18,0.000000,31.703704,1000,308160,4,1.000000,1.000000,0,1789,0,10879,0
129,defense_only,320.000000,360.000000,0.001944,100.000000,0.017544,18,18,9720,18,18,0.000000,102.048560,1000,991912,4,1.000000,1.000000,0,2486,0,16876,0
129,defense_vs_attack,420.000000,460.000000,0.001944,100.000000,0.016016,18,18,9720,18,18,0.000000,105.652675,1000,1026944,4,0.000000,0.836735,1,2528,0,23147,0
132,baseline,120.000000,160.000000,0.001944,100.000000,0.032000,18,18,9720,18,18,0.000000,27.886831,1000,271060,6,1.000000,1.000000,0,1857,0,6782,0
132,attack_only,220.000000,260.000000,0.001944,100.000000,0.018200,18,18,9720,18,18,0.000000,27.655556,1000,268812,6,1.000000,1.000000,0,1839,0,11203,0
132,defense_only,320.000000,360.000000,0.001944,100.000000,0.031238,18,18,9720,18,18,0.000000,73.384774,1000,713300,6,1.000000,1.000000,0,2427,0,17003,0
132,defense_vs_attack,420.000000,460.000000,0.001080,55.555556,0.020534,18,10,5400,10,18,44.444444,137.102222,1000,740352,6,0.000000,0.857143,1,2302,0,22734,0
141,baseline,120.000000,160.000000,0.001944,100.000000,0.020515,18,18,9720,18,18,0.000000,31.085185,1000,302148,4,1.000000,1.000000,0,1753,0,6580,0
141,attack_only,220.000000,260.000000,0.000000,0.000000,0.000000,18,0,0,0,18,100.000000,0.000000,1000,301656,4,1.000000,1.000000,0,1721,0,10831,0
141,defense_only,320.000000,360.000000,0.001944,100.000000,0.012821,18,18,9720,18,18,0.000000,92.875720,1000,902752,4,1.000000,1.000000,0,2317,0,16497,0
141,defense_vs_attack,420.000000,460.000000,0.000864,44.444444,0.025739,18,8,4320,8,18,55.555556,216.305556,1000,934440,4,0.000000,0.795918,2,2809,0,22821,0
148,baseline,120.000000,160.000000,0.001944,100.000000,0.047218,18,18,9720,18,18,0.000000,22.694239,1000,220588,9,1.000000,1.000000,0,1756,0,6268,0
148,attack_only,220.000000,260.000000,0.000000,0.000000,0.000000,18,0,0,0,18,100.000000,0.000000,1000,229812,10,1.000000,1.000000,0,1699,0,10358,0
148,defense_only,320.000000,360.000000,0.001944,100.000000,0.034952,18,18,9720,18,18,0.000000,91.145679,1000,885936,9,1.000000,1.000000,0,2781,0,16889,0
148,defense_vs_attack,420.000000,460.000000,0.001944,100.000000,0.023732,18,18,9720,18,18,0.000000,96.749383,1000,940404,9,0.000000,0.897959,1,2817,0,23587,0
151,baseline,120.000000,160.000000,0.001944,100.000000,0.020319,18,18,9720,18,18,0.000000,34.304527,1000,333440,4,1.000000,1.000000,0,1923,0,7025,0
151,attack_only,220.000000,260.000000,0.001944,100.000000,0.007794,18,18,9720,18,18,0.000000,34.663374,1000,336928,4,1.000000,1.000000,0,1852,0,11610,0
151,defense_only,320.000000,360.000000,0.001944,100.000000,0.017176,18,18,9720,18,18,0.000000,83.796708,1000,814504,4,1.000000,1.000000,0,2408,0,17490,0
151,defense_vs_attack,420.000000,460.000000,0.001944,100.000000,0.009557,18,18,9720,18,18,0.000000,84.341975,1000,819804,4,0.000000,0.836735,1,2455,0,23413,0
152,baseline,120.000000,160.000000,0.001944,100.000000,0.015323,18,18,9720,18,18,0.000000,23.088889,1000,224424,3,1.000000,1.000000,0,1570,0,5967,0
152,attack_only,220.000000,260.000000,0.001944,100.000000,0.005789,18,18,9720,18,18,0.000000,20.726749,1000,201464,3,1.000000,1.000000,0,1577,0,9792,0
152,defense_only,320.000000,360.000000,0.001944,100.000000,0.010792,18,18,9720,18,18,0.000000,80.393416,1000,781424,3,1.000000,1.000000,0,2365,0,15650,0
152,defense_vs_attack,420.000000,460.000000,0.001944,100.000000,0.012139,18,18,9720,18,18,0.000000,83.170370,1000,808416,3,0.000000,0.836735,1,2378,0,21606,0
154,baseline,120.000000,160.000000,0.001944,100.000000,0.020243,18,18,9720,18,18,0.000000,30.029218,1000,291884,4,1.000000,1.000000,0,1823,0,6963,0
154,attack_only,220.000000,260.000000,0.001944,100.000000,0.007896,18,18,9720,18,18,0.000000,29.585185,1000,287568,4,1.000000,1.000000,0,1812,0,11407,0
154,defense_only,320.000000,360.000000,0.001944,100.000000,0.017176,18,18,9720,18,18,0.000000,83.017695,1000,806932,4,1.000000,1.000000,0,2561,0,17712,0
154,defense_vs_attack,420.000000,460.000000,0.001944,100.000000,0.009777,18,18,9720,18,18,0.000000,83.934156,1000,815840,4,0.000000,0.918367,1,2648,0,24100,0
157,baseline,120.000000,160.000000,0.001944,100.000000,0.030764,18,18,9720,18,18,0.000000,24.066255,1000,233924,6,1.000000,1.000000,0,1679,0,6129,0
157,attack_only,220.000000,260.000000,0.000000,0.000000,0.000000,18,0,0,0,18,100.000000,0.000000,1000,227484,6,1.000000,1.000000,0,1605,0,10032,0
157,defense_only,320.000000,360.000000,0.001944,100.000000,0.021468,18,18,9720,18,18,0.000000,92.193416,1000,896120,6,1.000000,1.000000,0,2464,0,15963,0
157,defense_vs_attack,420.000000,460.000000,0.000540,45.454545,0.033880,11,5,2700,5,18,72.222222,289.330370,1000,781192,7,0.000000,0.795918,1,2438,0,21959,0
164,baseline,120.000000,160.000000,0.001944,100.000000,0.016100,18,18,9720,18,18,0.000000,35.418930,1000,344272,3,1.000000,1.000000,0,1873,0,7125,0
164,attack_only,220.000000,260.000000,0.001944,100.000000,0.005789,18,18,9720,18,18,0.000000,35.334568,1000,343452,3,1.000000,1.000000,0,1817,0,11660,0
164,defense_only,320.000000,360.000000,0.001944,100.000000,0.013642,18,18,9720,18,18,0.000000,82.472840,1000,801636,3,1.000000,1.000000,0,2454,0,17528,0
164,defense_vs_attack,420.000000,460.000000,0.001944,100.000000,0.007202,18,18,9720,18,18,0.000000,87.901646,1000,854404,3,0.000000,0.857143,1,2421,0,23554,0
167,baseline,120.000000,160.000000,0.001944,100.000000,0.026298,18,18,9720,18,18,0.000000,31.946091,1000,310516,5,1.000000,1.000000,0,1753,0,6595,0
167,attack_only,220.000000,260.000000,0.000000,0.000000,0.000000,18,0,0,0,18,100.000000,0.000000,1000,313816,6,1.000000,1.000000,0,1723,0,10830,0
167,defense_only,320.000000,360.000000,0.001944,100.000000,0.010285,18,18,9720,18,18,0.000000,85.036626,1000,826556,5,1.000000,1.000000,0,2355,0,16651,0
167,defense_vs_attack,420.000000,460.000000,0.001944,100.000000,0.022854,18,18,9720,18,18,0.000000,86.479424,1000,840580,5,0.000000,0.897959,1,2389,0,22507,0
170,baseline,120.000000,160.000000,0.001944,100.000000,0.015002,18,18,9720,18,18,0.000000,34.095885,1000,331412,3,1.000000,1.000000,0,1827,0,6987,0
170,attack_only,220.000000,260.000000,0.000000,0.000000,0.000000,18,0,0,0,18,100.000000,0.000000,1000,332572,3,1.000000,1.000000,0,1764,0,11427,0
170,defense_only,320.000000,360.000000,0.001944,100.000000,0.008249,18,18,9720,18,18,0.000000,88.759259,1000,862740,3,1.000000,1.000000,0,2427,0,17260,0
170,defense_vs_attack,420.000000,460.000000,0.000324,16.666667,0.053190,18,3,1620,3,18,83.333333,523.730864,1000,848444,6,0.000000,0.897959,2,2596,0,23410,0
171,baseline,120.000000,160.000000,0.001944,100.000000,0.056715,18,18,9720,18,18,0.000000,25.150206,1000,244460,11,1.000000,1.000000,0,1944,0,6780,0
171,attack_only,220.000000,260.000000,0.000000,0.000000,0.000000,18,0,0,0,18,100.000000,0.000000,1000,246204,11,1.000000,1.000000,0,1767,0,11077,0
171,defense_only,320.000000,360.000000,0.001944,100.000000,0.022907,18,18,9720,18,18,0.000000,76.351852,1000,742140,11,1.000000,1.000000,0,2651,0,17287,0
171,defense_vs_attack,420.000000,460.000000,0.000000,0.000000,0.000000,11,0,0,0,18,100.000000,0.000000,1000,551872,0,0.000000,0.897959,2,2307,0,23218,0
172,baseline,120.000000,160.000000,0.001944,100.000000,0.020651,18,18,9720,18,18,0.000000,32.085185,1000,311868,4,1.000000,1.000000,0,1794,0,6802,0
172,attack_only,220.000000,260.000000,0.001944,100.000000,0.008433,18,18,9720,18,18,0.000000,30.708230,1000,298484,4,1.000000,1.000000,0,1749,0,11066,0
172,defense_only,320.000000,360.000000,0.001944,100.000000,0.017113,18,18,9720,18,18,0.000000,86.551852,1000,841284,4,1.000000,1.000000,0,2364,0,16774,0
172,defense_vs_attack,420.000000,460.000000,0.001944,100.000000,0.011026,18,18,9720,18,18,0.000000,87.658025,1000,852036,4,0.000000,0.775510,1,2408,0,22511,0
174,baseline,120.000000,160.000000,0.001944,100.000000,0.015098,18,18,9720,18,18,0.000000,31.088889,1000,302184,3,1.000000,1.000000,0,1828,0,6942,0
174,attack_only,220.000000,260.000000,0.001944,100.000000,0.006538,18,18,9720,18,18,0.000000,31.104527,1000,302336,3,1.000000,1.000000,0,1789,0,11365,0
174,defense_only,320.000000,360.000000,0.001944,100.000000,0.013395,18,18,9720,18,18,0.000000,89.876543,1000,873600,3,1.000000,1.000000,0,2419,0,17240,0
174,defense_vs_attack,420.000000,460.000000,0.001944,100.000000,0.007207,18,18,9720,18,18,0.000000,89.856379,1000,873404,3,0.000000,0.775510,1,2454,0,23180,0
177,baseline,120.000000,160.000000,0.001944,100.000000,0.025819,18,18,9720,18,18,0.000000,22.294650,1000,216704,5,1.000000,1.000000,0,1570,0,5852,0
177,attack_only,220.000000,260.000000,0.001944,100.000000,0.010141,18,18,9720,18,18,0.000000,23.289300,1000,226372,5,1.000000,1.000000,0,1592,0,9632,0
177,defense_only,320.000000,360.000000,0.001944,100.000000,0.022185,18,18,9720,18,18,0.000000,98.057613,1000,953120,5,1.000000,1.000000,0,2510,0,15660,0
177,defense_vs_attack,420.000000,460.000000,0.001944,100.000000,0.012269,18,18,9720,18,18,0.000000,94.624280,1000,919748,5,0.000000,0.918367,1,2459,0,21622,0
188,baseline,120.000000,160.000000,0.001944,100.000000,0.020365,18,18,9720,18,18,0.000000,24.555967,1000,238684,4,1.000000,1.000000,0,1625,0,6105,0
188,attack_only,220.000000,260.000000,0.000000,0.000000,0.000000,18,0,0,0,18,100.000000,0.000000,1000,243916,4,1.000000,1.000000,0,1549,0,9953,0
188,defense_only,320.000000,360.000000,0.001944,100.000000,0.015743,18,18,9720,18,18,0.000000,90.999588,1000,884516,4,1.000000,1.000000,0,2388,0,15777,0
188,defense_vs_attack,420.000000,460.000000,0.001188,61.111111,0.023193,18,11,5940,11,18,38.888889,155.456566,1000,923412,5,0.000000,0.795918,1,2370,0,21654,0
191,baseline,120.000000,160.000000,0.001944,100.000000,0.016325,18,18,9720,18,18,0.000000,21.674897,1000,210680,3,1.000000,1.000000,0,1523,0,5745,0
191,attack_only,220.000000,260.000000,0.000000,0.000000,0.000000,18,0,0,0,18,100.000000,0.000000,1000,202588,4,1.000000,1.000000,0,1434,0,9309,0
191,defense_only,320.000000,360.000000,0.001944,100.000000,0.005874,18,18,9720,18,18,0.000000,91.830453,1000,892592,3,1.000000,1.000000,0,2383,0,15114,0
191,defense_vs_attack,420.000000,460.000000,0.001836,94.444444,0.013165,18,17,9180,17,18,5.555556,98.187800,1000,901364,3,0.000000,0.857143,1,2404,0,21005,0
193,baseline,120.000000,160.000000,0.001944,100.000000,0.025914,18,18,9720,18,18,0.000000,31.534568,1000,306516,5,1.000000,1.000000,0,1739,0,6570,0
193,attack_only,220.000000,260.000000,0.001944,100.000000,0.019796,18,18,9720,18,18,0.000000,32.441564,1000,315332,5,1.000000,1.000000,0,1804,0,10929,0
193,defense_only,320.000000,360.000000,0.001944,100.000000,0.015163,18,18,9720,18,18,0.000000,107.565844,1000,1045540,5,1.000000,1.000000,0,2533,0,16793,0
193,defense_vs_attack,420.000000,460.000000,0.001080,55.555556,0.012938,18,10,5400,10,18,44.444444,187.936296,1000,1014856,5,0.000000,0.795918,1,2415,0,22654,0
196,baseline,120.000000,160.000000,0.001944,100.000000,0.020256,18,18,9720,18,18,0.000000,31.087654,1000,302172,4,1.000000,1.000000,0,1795,0,6806,0
196,attack_only,220.000000,260.000000,0.001944,100.000000,0.007874,18,18,9720,18,18,0.000000,31.104115,1000,302332,4,1.000000,1.000000,0,1777,0,11150,0
196,defense_only,320.000000,360.000000,0.001944,100.000000,0.018502,18,18,9720,18,18,0.000000,86.106584,1000,836956,4,1.000000,1.000000,0,2442,0,17156,0
196,defense_vs_attack,420.000000,460.000000,0.001944,100.000000,0.010013,18,18,9720,18,18,0.000000,86.676132,1000,842492,4,0.000000,0.918367,1,2507,0,23274,0
200,baseline,120.000000,160.000000,0.001944,100.000000,0.031551,18,18,9720,18,18,0.000000,27.013169,1000,262568,6,1.000000,1.000000,0,1680,0,6206,0
200,attack_only,220.000000,260.000000,0.001944,100.000000,0.011803,18,18,9720,18,18,0.000000,25.512757,1000,247984,6,1.000000,1.000000,0,1657,0,10148,0
200,defense_only,320.000000,360.000000,0.001944,100.000000,0.026933,18,18,9720,18,18,0.000000,103.780247,1000,1008744,6,1.000000,1.000000,0,2404,0,15958,0
200,defense_vs_attack,420.000000,460.000000,0.001944,100.000000,0.014700,18,18,9720,18,18,0.000000,100.091358,1000,972888,6,0.000000,0.714286,2,2428,0,21885,0
201,baseline,120.000000,160.000000,0.001944,100.000000,0.025867,18,18,9720,18,18,0.000000,28.080658,1000,272944,5,1.000000,1.000000,0,1772,0,6524,0
201,attack_only,220.000000,260.000000,0.001944,100.000000,0.010216,18,18,9720,18,18,0.000000,26.647737,1000,259016,5,1.000000,1.000000,0,1651,0,10575,0
201,defense_only,320.000000,360.000000,0.001944,100.000000,0.022026,18,18,9720,18,18,0.000000,102.481481,1000,996120,5,1.000000,1.000000,0,2468,0,16501,0
201,defense_vs_attack,420.000000,460.000000,0.001944,100.000000,0.012334,18,18,9720,18,18,0.000000,100.304938,1000,974964,5,0.000000,0.877551,1,2447,0,22533,0
206,baseline,120.000000,160.000000,0.001944,100.000000,0.031084,18,18,9720,18,18,0.000000,24.366667,1000,236844,6,1.000000,1.000000,0,1643,0,6017,0
206,attack_only,220.000000,260.000000,0.000000,0.000000,0.000000,18,0,0,0,18,100.000000,0.000000,1000,241184,7,1.000000,1.000000,0,1654,0,9980,0
206,defense_only,320.000000,360.000000,0.001944,100.000000,0.011868,18,18,9720,18,18,0.000000,89.167078,1000,866704,6,1.000000,1.000000,0,2469,0,15908,0
206,defense_vs_attack,420.000000,460.000000,0.001080,55.555556,0.131117,18,10,5400,10,18,44.444444,158.429630,1000,855520,6,0.000000,0.918367,1,2389,0,21800,0
208,baseline,120.000000,160.000000,0.001944,100.000000,0.020341,18,18,9720,18,18,0.000000,24.504938,1000,238188,4,1.000000,1.000000,0,1620,0,6045,0
208,attack_only,220.000000,260.000000,0.000000,0.000000,0.000000,18,0,0,0,18,100.000000,0.000000,1000,238088,4,1.000000,1.000000,0,1518,0,9892,0
208,defense_only,320.000000,360.000000,0.001944,100.000000,0.010387,18,18,9720,18,18,0.000000,89.210700,1000,867128,4,1.000000,1.000000,0,2363,0,15589,0
208,defense_vs_attack,420.000000,460.000000,0.000648,37.500000,0.051515,16,6,3240,6,18,66.666667,248.518519,1000,805200,8,0.000000,0.836735,1,2420,0,21414,0
202,baseline,120.000000,160.000000,0.001944,100.000000,0.025883,18,18,9720,18,18,0.000000,30.975720,1000,301084,5,1.000000,1.000000,0,1925,0,7008,0
202,attack_only,220.000000,260.000000,0.001944,100.000000,0.009996,18,18,9720,18,18,0.000000,32.597531,1000,316848,5,1.000000,1.000000,0,1883,0,11590,0
202,defense_only,320.000000,360.000000,0.001944,100.000000,0.023603,18,18,9720,18,18,0.000000,93.280658,1000,906688,5,1.000000,1.000000,0,2515,0,17627,0
202,defense_vs_attack,420.000000,460.000000,0.001944,100.000000,0.013588,18,18,9720,18,18,0.000000,92.052263,1000,894748,5,0.000000,0.959184,1,2536,0,23791,0
210,baseline,120.000000,160.000000,0.001944,100.000000,0.021220,18,18,9720,18,18,0.000000,26.750206,1000,260012,4,1.000000,1.000000,0,1708,0,6348,0
210,attack_only,220.000000,260.000000,0.001944,100.000000,0.007880,18,18,9720,18,18,0.000000,26.987243,1000,262316,4,1.000000,1.000000,0,1682,0,10425,0
210,defense_only,320.000000,360.000000,0.001944,100.000000,0.019754,18,18,9720,18,18,0.000000,74.752675,1000,726596,4,1.000000,1.000000,0,2309,0,15972,0
210,defense_vs_attack,420.000000,460.000000,0.001944,100.000000,0.013789,18,18,9720,18,18,0.000000,76.938683,1000,747844,4,0.000000,0.836735,1,2275,0,21603,0
207,baseline,120.000000,160.000000,0.001944,100.000000,0.026016,18,18,9720,18,18,0.000000,34.803704,1000,338292,5,1.000000,1.000000,0,1889,0,6946,0
207,attack_only,220.000000,260.000000,0.000000,0.000000,0.000000,18,0,0,0,18,100.000000,0.000000,1000,339532,5,1.000000,1.000000,0,1803,0,11365,0
207,defense_only,320.000000,360.000000,0.001944,100.000000,0.013965,18,18,9720,18,18,0.000000,105.716872,1000,1027568,5,1.000000,1.000000,0,2541,0,17383,0
207,defense_vs_attack,420.000000,460.000000,0.001188,61.111111,0.043503,18,11,5940,11,18,38.888889,168.086869,1000,998436,6,0.000000,0.836735,1,2605,0,23389,0
215,baseline,120.000000,160.000000,0.001944,100.000000,0.020684,18,18,9720,18,18,0.000000,28.105761,1000,273188,4,1.000000,1.000000,0,1797,0,6621,0
215,attack_only,220.000000,260.000000,0.001944,100.000000,0.007794,18,18,9720,18,18,0.000000,28.346914,1000,275532,4,1.000000,1.000000,0,1746,0,10852,0
215,defense_only,320.000000,360.000000,0.001944,100.000000,0.017537,18,18,9720,18,18,0.000000,78.570782,1000,763708,4,1.000000,1.000000,0,2481,0,16907,0
215,defense_vs_attack,420.000000,460.000000,0.001944,100.000000,0.009499,18,18,9720,18,18,0.000000,77.290947,1000,751268,4,0.000000,0.897959,1,2547,0,23077,0
212,baseline,120.000000,160.000000,0.001944,100.000000,0.015629,18,18,9720,18,18,0.000000,26.524691,1000,257820,3,1.000000,1.000000,0,1658,0,6368,0
212,attack_only,220.000000,260.000000,0.000000,0.000000,0.000000,18,0,0,0,18,100.000000,0.000000,1000,265676,3,1.000000,1.000000,0,1686,0,10502,0
212,defense_only,320.000000,360.000000,0.001944,100.000000,0.008396,18,18,9720,18,18,0.000000,88.913992,1000,864244,3,1.000000,1.000000,0,2447,0,16492,0
212,defense_vs_attack,420.000000,460.000000,0.000000,0.000000,0.000000,6,0,0,0,18,100.000000,0.000000,1000,628408,0,0.000000,0.857143,1,2238,0,22373,0
219,baseline,120.000000,160.000000,0.001944,100.000000,0.015399,18,18,9720,18,18,0.000000,26.901235,1000,261480,3,1.000000,1.000000,0,1574,0,5967,0
219,attack_only,220.000000,260.000000,0.001944,100.000000,0.005909,18,18,9720,18,18,0.000000,28.171193,1000,273824,3,1.000000,1.000000,0,1616,0,9897,0
219,defense_only,320.000000,360.000000,0.001944,100.000000,0.013942,18,18,9720,18,18,0.000000,97.170782,1000,944500,3,1.000000,1.000000,0,2366,0,15633,0
219,defense_vs_attack,420.000000,460.000000,0.001944,100.000000,0.008343,18,18,9720,18,18,0.000000,97.945267,1000,952028,3,0.000000,0.816327,1,2401,0,21649,0
229,baseline,120.000000,160.000000,0.001944,100.000000,0.031679,18,18,9720,18,18,0.000000,27.863374,1000,270832,6,1.000000,1.000000,0,1708,0,6351,0
229,attack_only,220.000000,260.000000,0.001944,100.000000,0.012400,18,18,9720,18,18,0.000000,27.362963,1000,265968,6,1.000000,1.000000,0,1703,0,10465,0
229,defense_only,320.000000,360.000000,0.001944,100.000000,0.025816,18,18,9720,18,18,0.000000,107.382305,1000,1043756,6,1.000000,1.000000,0,2459,0,16350,0
229,defense_vs_attack,420.000000,460.000000,0.000972,50.000000,0.021134,18,9,4860,9,18,50.000000,213.745679,1000,1038804,6,0.000000,0.775510,1,2538,0,22447,0
236,baseline,120.000000,160.000000,0.001944,100.000000,0.036888,18,18,9720,18,18,0.000000,26.268313,1000,255328,7,1.000000,1.000000,0,1759,0,6413,0
236,attack_only,220.000000,260.000000,0.000000,0.000000,0.000000,18,0,0,0,18,100.000000,0.000000,1000,253952,7,1.000000,1.000000,0,1681,0,10498,0
236,defense_only,320.000000,360.000000,0.001944,100.000000,0.021902,18,18,9720,18,18,0.000000,85.227984,1000,828416,7,1.000000,1.000000,0,2498,0,16595,0
236,defense_vs_attack,420.000000,460.000000,0.000972,50.000000,0.159198,18,9,4860,9,18,50.000000,164.205761,1000,798040,8,0.000000,0.877551,1,3038,0,23171,0
243,baseline,120.000000,160.000000,0.001944,100.000000,0.026313,18,18,9720,18,18,0.000000,28.824280,1000,280172,5,1.000000,1.000000,0,1853,0,6879,0
243,attack_only,220.000000,260.000000,0.000000,0.000000,0.000000,18,0,0,0,18,100.000000,0.000000,1000,283148,6,1.000000,1.000000,0,1836,0,11367,0
243,defense_only,320.000000,360.000000,0.001944,100.000000,0.017100,18,18,9720,18,18,0.000000,82.361728,1000,800556,5,1.000000,1.000000,0,2612,0,17627,0
243,defense_vs_attack,420.000000,460.000000,0.001080,55.555556,0.015721,18,10,5400,10,18,44.444444,145.987407,1000,788332,5,0.000000,0.918367,1,2644,0,24010,0
239,baseline,120.000000,160.000000,0.001944,100.000000,0.046606,18,18,9720,18,18,0.000000,24.757202,1000,240640,9,1.000000,1.000000,0,1868,0,6818,0
239,attack_only,220.000000,260.000000,0.001944,100.000000,0.018037,18,18,9720,18,18,0.000000,25.742387,1000,250216,9,1.000000,1.000000,0,1905,0,11319,0
239,defense_only,320.000000,360.000000,0.001944,100.000000,0.039737,18,18,9720,18,18,0.000000,77.615226,1000,754420,9,1.000000,1.000000,0,2764,0,17895,0
239,defense_vs_attack,420.000000,460.000000,0.001944,100.000000,0.022546,18,18,9720,18,18,0.000000,76.796708,1000,746464,9,0.000000,0.938776,1,2808,0,24616,0
249,baseline,120.000000,160.000000,0.001944,100.000000,0.021457,18,18,9720,18,18,0.000000,29.511934,1000,286856,4,1.000000,1.000000,0,1646,0,6240,0
249,attack_only,220.000000,260.000000,0.001944,100.000000,0.008176,18,18,9720,18,18,0.000000,30.431687,1000,295796,4,1.000000,1.000000,0,1660,0,10268,0
249,defense_only,320.000000,360.000000,0.001944,100.000000,0.020768,18,18,9720,18,18,0.000000,88.457613,1000,859808,4,1.000000,1.000000,0,2394,0,16018,0
249,defense_vs_attack,420.000000,460.000000,0.001944,100.000000,0.010503,18,18,9720,18,18,0.000000,94.367078,1000,917248,4,0.000000,0.877551,1,2320,0,21822,0
262,baseline,120.000000,160.000000,0.001944,100.000000,0.021018,18,18,9720,18,18,0.000000,33.948148,1000,329976,4,1.000000,1.000000,0,1853,0,7056,0
262,attack_only,220.000000,260.000000,0.000000,0.000000,0.000000,18,0,0,0,18,100.000000,0.000000,1000,321280,4,1.000000,1.000000,0,1847,0,11592,0
262,defense_only,320.000000,360.000000,0.001944,100.000000,0.015049,18,18,9720,18,18,0.000000,83.957613,1000,816068,4,1.000000,1.000000,0,2493,0,17561,0
262,defense_vs_attack,420.000000,460.000000,0.001296,66.666667,0.030657,18,12,6480,12,18,33.333333,126.373457,1000,818900,5,0.000000,0.795918,1,2455,0,23610,0
258,baseline,120.000000,160.000000,0.001944,100.000000,0.031155,18,18,9720,18,18,0.000000,29.987243,1000,291476,6,1.000000,1.000000,0,1775,0,6666,0
258,attack_only,220.000000,260.000000,0.001944,100.000000,0.012353,18,18,9720,18,18,0.000000,30.118519,1000,292752,6,1.000000,1.000000,0,1770,0,10948,0
258,defense_only,320.000000,360.000000,0.001944,100.000000,0.030311,18,18,9720,18,18,0.000000,89.013992,1000,865216,6,1.000000,1.000000,0,2456,0,16928,0
258,defense_vs_attack,420.000000,460.000000,0.001944,100.000000,0.013881,18,18,9720,18,18,0.000000,86.451029,1000,840304,6,0.000000,0.897959,1,2461,0,22976,0
264,baseline,120.000000,160.000000,0.001944,100.000000,0.031337,18,18,9720,18,18,0.000000,32.096708,1000,311980,6,1.000000,1.000000,0,1872,0,6996,0
264,attack_only,220.000000,260.000000,0.001944,100.000000,0.012021,18,18,9720,18,18,0.000000,33.664198,1000,327216,6,1.000000,1.000000,0,1933,0,11644,0
264,defense_only,320.000000,360.000000,0.001944,100.000000,0.025776,18,18,9720,18,18,0.000000,90.425926,1000,878940,6,1.000000,1.000000,0,2628,0,17905,0
264,defense_vs_attack,420.000000,460.000000,0.001944,100.000000,0.015200,18,18,9720,18,18,0.000000,92.079012,1000,895008,6,0.000000,0.857143,1,2604,0,24222,0
259,baseline,120.000000,160.000000,0.001944,100.000000,0.016687,18,18,9720,18,18,0.000000,28.878189,1000,280696,3,1.000000,1.000000,0,1730,0,6510,0
259,attack_only,220.000000,260.000000,0.001944,100.000000,0.007046,18,18,9720,18,18,0.000000,29.360082,1000,285380,3,1.000000,1.000000,0,1710,0,10688,0
259,defense_only,320.000000,360.000000,0.001944,100.000000,0.012699,18,18,9720,18,18,0.000000,92.401235,1000,898140,3,1.000000,1.000000,0,2392,0,16544,0
259,defense_vs_attack,420.000000,460.000000,0.001296,66.666667,0.008763,18,12,6480,12,18,33.333333,145.906173,1000,945472,3,0.000000,0.938776,1,2484,0,22648,0
266,baseline,120.000000,160.000000,0.001944,100.000000,0.024768,18,18,9720,18,18,0.000000,31.415638,1000,305360,5,1.000000,1.000000,0,1975,0,7311,0
266,attack_only,220.000000,260.000000,0.001944,100.000000,0.026482,18,18,9720,18,18,0.000000,30.751852,1000,298908,5,1.000000,1.000000,0,1956,0,11958,0
266,defense_only,320.000000,360.000000,0.001944,100.000000,0.013449,18,18,9720,18,18,0.000000,82.896708,1000,805756,5,1.000000,1.000000,0,2655,0,18268,0
266,defense_vs_attack,420.000000,460.000000,0.001728,88.888889,0.022781,18,16,8640,16,18,11.111111,91.318981,1000,788996,5,0.000000,0.816327,1,2622,0,24659,0
265,baseline,120.000000,160.000000,0.001944,100.000000,0.020715,18,18,9720,18,18,0.000000,28.734568,1000,279300,4,1.000000,1.000000,0,1731,0,6580,0
265,attack_only,220.000000,260.000000,0.001944,100.000000,0.007793,18,18,9720,18,18,0.000000,30.037449,1000,291964,4,1.000000,1.000000,0,1760,0,10861,0
265,defense_only,320.000000,360.000000,0.001944,100.000000,0.018168,18,18,9720,18,18,0.000000,95.451852,1000,927792,4,1.000000,1.000000,0,2462,0,16860,0
265,defense_vs_attack,420.000000,460.000000,0.001944,100.000000,0.010714,18,18,9720,18,18,0.000000,97.342387,1000,946168,4,0.000000,0.857143,1,2516,0,22998,0
268,baseline,120.000000,160.000000,0.001944,100.000000,0.070942,18,18,9720,18,18,0.000000,29.351852,1000,285300,3,1.000000,1.000000,0,1691,0,6392,0
268,attack_only,220.000000,260.000000,0.001944,100.000000,0.005857,18,18,9720,18,18,0.000000,29.545267,1000,287180,3,1.000000,1.000000,0,1665,0,10490,0
268,defense_only,320.000000,360.000000,0.001944,100.000000,0.012812,18,18,9720,18,18,0.000000,90.140329,1000,876164,3,1.000000,1.000000,0,2312,0,16140,0
268,defense_vs_attack,420.000000,460.000000,0.001944,100.000000,0.007066,18,18,9720,18,18,0.000000,92.781893,1000,901840,3,0.000000,0.877551,1,2398,0,22042,0
269,baseline,120.000000,160.000000,0.001944,100.000000,0.020177,18,18,9720,18,18,0.000000,29.888066,1000,290512,4,1.000000,1.000000,0,1745,0,6674,0
269,attack_only,220.000000,260.000000,0.001944,100.000000,0.008820,18,18,9720,18,18,0.000000,32.423457,1000,315156,4,1.000000,1.000000,0,1797,0,11023,0
269,defense_only,320.000000,360.000000,0.001944,100.000000,0.016530,18,18,9720,18,18,0.000000,84.403704,1000,820404,4,1.000000,1.000000,0,2316,0,16810,0
269,defense_vs_attack,420.000000,460.000000,0.001944,100.000000,0.010262,18,18,9720,18,18,0.000000,85.179835,1000,827948,4,0.000000,0.877551,1,2426,0,22812,0
272,baseline,120.000000,160.000000,0.001944,100.000000,0.031810,18,18,9720,18,18,0.000000,24.180658,1000,235036,6,1.000000,1.000000,0,1675,0,6165,0
272,attack_only,220.000000,260.000000,0.001944,100.000000,0.011974,18,18,9720,18,18,0.000000,25.104115,1000,244012,6,1.000000,1.000000,0,1665,0,10135,0
272,defense_only,320.000000,360.000000,0.001944,100.000000,0.026140,18,18,9720,18,18,0.000000,79.823868,1000,775888,6,1.000000,1.000000,0,2441,0,15948,0
272,defense_vs_attack,420.000000,460.000000,0.001944,100.000000,0.014731,18,18,9720,18,18,0.000000,87.388889,1000,849420,6,0.000000,0.816327,1,2535,0,22140,0
271,baseline,120.000000,160.000000,0.001944,100.000000,0.020190,18,18,9720,18,18,0.000000,28.274897,1000,274832,4,1.000000,1.000000,0,1751,0,6704,0
271,attack_only,220.000000,260.000000,0.001944,100.000000,0.008270,18,18,9720,18,18,0.000000,29.328807,1000,285076,4,1.000000,1.000000,0,1824,0,11130,0
271,defense_only,320.000000,360.000000,0.001944,100.000000,0.018322,18,18,9720,18,18,0.000000,94.203292,1000,915656,4,1.000000,1.000000,0,2556,0,17496,0
271,defense_vs_attack,420.000000,460.000000,0.001944,100.000000,0.009499,18,18,9720,18,18,0.000000,94.817284,1000,921624,4,0.000000,0.918367,1,2630,0,23996,0
273,baseline,120.000000,160.000000,0.001944,100.000000,0.036534,18,18,9720,18,18,0.000000,25.491358,1000,247776,7,1.000000,1.000000,0,1715,0,6345,0
273,attack_only,220.000000,260.000000,0.000000,0.000000,0.000000,18,0,0,0,18,100.000000,0.000000,1000,257572,7,1.000000,1.000000,0,1686,0,10413,0
273,defense_only,320.000000,360.000000,0.001944,100.000000,0.025764,18,18,9720,18,18,0.000000,95.976955,1000,932896,7,1.000000,1.000000,0,2495,0,16299,0
273,defense_vs_attack,420.000000,460.000000,0.001296,66.666667,0.026915,18,12,6480,12,18,33.333333,141.775309,1000,918704,7,0.000000,0.816327,1,2430,0,22321,0
279,baseline,120.000000,160.000000,0.001944,100.000000,0.031049,18,18,9720,18,18,0.000000,28.009465,1000,272252,6,1.000000,1.000000,0,1718,0,6388,0
279,attack_only,220.000000,260.000000,0.000000,0.000000,0.000000,18,0,0,0,18,100.000000,0.000000,1000,270184,6,1.000000,1.000000,0,1690,0,10471,0
279,defense_only,320.000000,360.000000,0.001944,100.000000,0.023236,18,18,9720,18,18,0.000000,102.024280,1000,991676,6,1.000000,1.000000,0,2457,0,16383,0
279,defense_vs_attack,420.000000,460.000000,0.001080,55.555556,0.041195,18,10,5400,10,18,44.444444,174.862963,1000,944260,8,0.000000,0.755102,1,2484,0,22379,0
285,baseline,120.000000,160.000000,0.001944,100.000000,0.042233,18,18,9720,18,18,0.000000,25.969547,1000,252424,8,1.000000,1.000000,0,1786,0,6436,0
285,attack_only,220.000000,260.000000,0.000000,0.000000,0.000000,18,0,0,0,18,100.000000,0.000000,1000,257648,8,1.000000,1.000000,0,1691,0,10545,0
285,defense_only,320.000000,360.000000,0.001944,100.000000,0.027706,18,18,9720,18,18,0.000000,83.437860,1000,811016,8,1.000000,1.000000,0,2721,0,16799,0
285,defense_vs_attack,420.000000,460.000000,0.001404,72.222222,0.040786,18,13,7020,13,18,27.777778,116.834758,1000,820180,9,0.000000,0.877551,1,2680,0,23147,0
286,baseline,120.000000,160.000000,0.001944,100.000000,0.021114,18,18,9720,18,18,0.000000,26.314815,1000,255780,4,1.000000,1.000000,0,1741,0,6621,0
286,attack_only,220.000000,260.000000,0.001944,100.000000,0.007792,18,18,9720,18,18,0.000000,25.625103,1000,249076,4,1.000000,1.000000,0,1693,0,10772,0
286,defense_only,320.000000,360.000000,0.001944,100.000000,0.019155,18,18,9720,18,18,0.000000,78.161317,1000,759728,4,1.000000,1.000000,0,2559,0,17040,0
286,defense_vs_attack,420.000000,460.000000,0.001620,83.333333,0.019045,18,15,8100,15,18,16.666667,96.922469,1000,785072,4,0.000000,0.877551,1,2551,0,23401,0
283,baseline,120.000000,160.000000,0.001944,100.000000,0.042558,18,18,9720,18,18,0.000000,26.694650,1000,259472,8,1.000000,1.000000,0,1771,0,6489,0
283,attack_only,220.000000,260.000000,0.001944,100.000000,0.016674,18,18,9720,18,18,0.000000,27.321811,1000,265568,8,1.000000,1.000000,0,1787,0,10742,0
283,defense_only,320.000000,360.000000,0.001944,100.000000,0.034111,18,18,9720,18,18,0.000000,90.066667,1000,875448,8,1.000000,1.000000,0,2605,0,16918,0
283,defense_vs_attack,420.000000,460.000000,0.001944,100.000000,0.023069,18,18,9720,18,18,0.000000,91.416872,1000,888572,8,0.000000,0.877551,1,2593,0,23227,0
287,baseline,120.000000,160.000000,0.001944,100.000000,0.030704,18,18,9720,18,18,0.000000,28.867901,1000,280596,6,1.000000,1.000000,0,1858,0,6887,0
287,attack_only,220.000000,260.000000,0.001944,100.000000,0.012198,18,18,9720,18,18,0.000000,29.736626,1000,289040,6,1.000000,1.000000,0,1824,0,11291,0
287,defense_only,320.000000,360.000000,0.001944,100.000000,0.027204,18,18,9720,18,18,0.000000,87.784774,1000,853268,6,1.000000,1.000000,0,2476,0,17178,0
287,defense_vs_attack,420.000000,460.000000,0.001620,83.333333,0.018105,18,15,8100,15,18,16.666667,103.128889,1000,835344,6,0.000000,0.857143,1,2446,0,23090,0
293,baseline,120.000000,160.000000,0.001944,100.000000,0.015831,18,18,9720,18,18,0.000000,33.744444,1000,327996,3,1.000000,1.000000,0,1894,0,7378,0
293,attack_only,220.000000,260.000000,0.001944,100.000000,0.006218,18,18,9720,18,18,0.000000,33.908230,1000,329588,3,1.000000,1.000000,0,1925,0,12145,0
293,defense_only,320.000000,360.000000,0.001944,100.000000,0.012692,18,18,9720,18,18,0.000000,84.923457,1000,825456,3,1.000000,1.000000,0,2484,0,18175,0
293,defense_vs_attack,420.000000,460.000000,0.001944,100.000000,0.007603,18,18,9720,18,18,0.000000,83.747325,1000,814024,3,0.000000,0.877551,1,2591,0,24495,0
294,baseline,120.000000,160.000000,0.001944,100.000000,0.041323,18,18,9720,18,18,0.000000,30.495885,1000,296420,8,1.000000,1.000000,0,1834,0,6668,0
294,attack_only,220.000000,260.000000,0.001944,100.000000,0.016571,18,18,9720,18,18,0.000000,30.027160,1000,291864,8,1.000000,1.000000,0,1808,0,10945,0
294,defense_only,320.000000,360.000000,0.001944,100.000000,0.038940,18,18,9720,18,18,0.000000,107.544444,1000,1045332,8,1.000000,1.000000,0,2502,0,16837,0
294,defense_vs_attack,420.000000,460.000000,0.001620,83.333333,0.039827,18,15,8100,15,18,16.666667,127.500247,1000,1032752,8,0.000000,0.795918,1,2585,0,22944,0
298,baseline,120.000000,160.000000,0.001944,100.000000,0.026095,18,18,9720,18,18,0.000000,26.303704,1000,255672,5,1.000000,1.000000,0,1618,0,6127,0
298,attack_only,220.000000,260.000000,0.000000,0.000000,0.000000,18,0,0,0,18,100.000000,0.000000,1000,258408,5,1.000000,1.000000,0,1589,0,10047,0
298,defense_only,320.000000,360.000000,0.001944,100.000000,0.013285,18,18,9720,18,18,0.000000,86.725514,1000,842972,5,1.000000,1.000000,0,2322,0,15771,0
298,defense_vs_attack,420.000000,460.000000,0.001512,77.777778,0.021924,18,14,7560,14,18,22.222222,122.070899,1000,922856,5,0.000000,0.857143,1,2415,0,21696,0
297,baseline,120.000000,160.000000,0.001944,100.000000,0.020325,18,18,9720,18,18,0.000000,31.290535,1000,304144,4,1.000000,1.000000,0,1799,0,6896,0
297,attack_only,220.000000,260.000000,0.001944,100.000000,0.007850,18,18,9720,18,18,0.000000,31.016049,1000,301476,4,1.000000,1.000000,0,1793,0,11266,0
297,defense_only,320.000000,360.000000,0.001944,100.000000,0.018280,18,18,9720,18,18,0.000000,92.110288,1000,895312,4,1.000000,1.000000,0,2488,0,17330,0
297,defense_vs_attack,420.000000,460.000000,0.001944,100.000000,0.009499,18,18,9720,18,18,0.000000,90.882305,1000,883376,4,0.000000,0.816327,1,2593,0,23698,0
308,baseline,120.000000,160.000000,0.001944,100.000000,0.015303,18,18,9720,18,18,0.000000,25.630453,1000,249128,3,1.000000,1.000000,0,1605,0,6134,0
308,attack_only,220.000000,260.000000,0.001944,100.000000,0.005965,18,18,9720,18,18,0.000000,26.204938,1000,254712,3,1.000000,1.000000,0,1591,0,10092,0
308,defense_only,320.000000,360.000000,0.001944,100.000000,0.012811,18,18,9720,18,18,0.000000,81.762551,1000,794732,3,1.000000,1.000000,0,2452,0,15970,0
308,defense_vs_attack,420.000000,460.000000,0.001944,100.000000,0.007065,18,18,9720,18,18,0.000000,84.890123,1000,825132,3,0.000000,0.877551,1,2401,0,21963,0
307,baseline,120.000000,160.000000,0.001944,100.000000,0.020678,18,18,9720,18,18,0.000000,23.697531,1000,230340,4,1.000000,1.000000,0,1626,0,6187,0
307,attack_only,220.000000,260.000000,0.001944,100.000000,0.007877,18,18,9720,18,18,0.000000,23.497531,1000,228396,4,1.000000,1.000000,0,1625,0,10134,0
307,defense_only,320.000000,360.000000,0.001944,100.000000,0.017251,18,18,9720,18,18,0.000000,73.555144,1000,714956,4,1.000000,1.000000,0,2313,0,15858,0
307,defense_vs_attack,420.000000,460.000000,0.000756,43.750000,0.039151,16,7,3780,7,18,61.111111,152.582011,1000,576760,4,0.000000,0.836735,2,2279,0,21584,0
310,baseline,120.000000,160.000000,0.001944,100.000000,0.026781,18,18,9720,18,18,0.000000,38.408230,1000,373328,5,1.000000,1.000000,0,1940,0,7314,0
310,attack_only,220.000000,260.000000,0.001944,100.000000,0.009858,18,18,9720,18,18,0.000000,39.467490,1000,383624,5,1.000000,1.000000,0,1973,0,12136,0
310,defense_only,320.000000,360.000000,0.001944,100.000000,0.022400,18,18,9720,18,18,0.000000,83.242798,1000,809120,5,1.000000,1.000000,0,2438,0,18149,0
310,defense_vs_attack,420.000000,460.000000,0.001944,100.000000,0.012110,18,18,9720,18,18,0.000000,85.351852,1000,829620,5,0.000000,0.857143,1,2468,0,24129,0
316,baseline,120.000000,160.000000,0.001944,100.000000,0.031749,18,18,9720,18,18,0.000000,34.401646,1000,334384,6,1.000000,1.000000,0,1937,0,7133,0
316,attack_only,220.000000,260.000000,0.000000,0.000000,0.000000,18,0,0,0,18,100.000000,0.000000,1000,339876,6,1.000000,1.000000,0,1851,0,11665,0
316,defense_only,320.000000,360.000000,0.001944,100.000000,0.024052,18,18,9720,18,18,0.000000,96.860082,1000,941480,6,1.000000,1.000000,0,2599,0,17811,0
316,defense_vs_attack,420.000000,460.000000,0.001836,94.444444,0.018326,18,17,9180,17,18,5.555556,102.758170,1000,943320,6,0.000000,0.897959,1,2629,0,24193,0
317,baseline,120.000000,160.000000,0.001944,100.000000,0.057086,18,18,9720,18,18,0.000000,23.536214,1000,228772,11,1.000000,1.000000,0,1770,0,6279,0
317,attack_only,220.000000,260.000000,0.001944,100.000000,0.028910,18,18,9720,18,18,0.000000,24.029218,1000,233564,11,1.000000,1.000000,0,1790,0,10403,0
317,defense_only,320.000000,360.000000,0.001944,100.000000,0.046505,18,18,9720,18,18,0.000000,91.824691,1000,892536,11,1.000000,1.000000,0,2643,0,16670,0
317,defense_vs_attack,420.000000,460.000000,0.001512,77.777778,0.028817,18,14,7560,14,18,22.222222,115.390476,1000,872352,11,0.000000,0.897959,1,2598,0,22963,0
319,baseline,120.000000,160.000000,0.001944,100.000000,0.076080,18,18,9720,18,18,0.000000,32.640329,1000,317264,4,1.000000,1.000000,0,1794,0,6707,0
319,attack_only,220.000000,260.000000,0.001944,100.000000,0.026716,18,18,9720,18,18,0.000000,34.071193,1000,331172,5,1.000000,1.000000,0,1817,0,11040,0
319,defense_only,320.000000,360.000000,0.001944,100.000000,0.008287,18,18,9720,18,18,0.000000,95.493004,1000,928192,4,1.000000,1.000000,0,2471,0,16944,0
319,defense_vs_attack,420.000000,460.000000,0.001944,100.000000,0.017262,18,18,9720,18,18,0.000000,96.865432,1000,941532,4,0.000000,0.836735,1,2368,0,22778,0
321,baseline,120.000000,160.000000,0.001944,100.000000,0.021269,18,18,9720,18,18,0.000000,23.570370,1000,229104,4,1.000000,1.000000,0,1679,0,6306,0
321,attack_only,220.000000,260.000000,0.000000,0.000000,0.000000,18,0,0,0,18,100.000000,0.000000,1000,227392,4,1.000000,1.000000,0,1594,0,10227,0
321,defense_only,320.000000,360.000000,0.001944,100.000000,0.017923,18,18,9720,18,18,0.000000,84.472428,1000,821072,4,1.000000,1.000000,0,2535,0,16412,0
321,defense_vs_attack,420.000000,460.000000,0.001404,72.222222,0.016285,18,13,7020,13,18,27.777778,120.085470,1000,843000,4,0.000000,0.816327,1,2560,0,22644,0
322,baseline,120.000000,160.000000,0.001944,100.000000,0.026141,18,18,9720,18,18,0.000000,28.520988,1000,277224,5,1.000000,1.000000,0,1768,0,6528,0
322,attack_only,220.000000,260.000000,0.000000,0.000000,0.000000,18,0,0,0,18,100.000000,0.000000,1000,285284,5,1.000000,1.000000,0,1691,0,10701,0
322,defense_only,320.000000,360.000000,0.001944,100.000000,0.016662,18,18,9720,18,18,0.000000,91.662963,1000,890964,5,1.000000,1.000000,0,2363,0,16347,0
322,defense_vs_attack,420.000000,460.000000,0.001080,55.555556,0.030624,18,10,5400,10,18,44.444444,164.491852,1000,888256,5,0.000000,0.857143,3,2345,0,22192,0
323,baseline,120.000000,160.000000,0.001944,100.000000,0.020917,18,18,9720,18,18,0.000000,30.780247,1000,299184,4,1.000000,1.000000,0,1728,0,6453,0
323,attack_only,220.000000,260.000000,0.001944,100.000000,0.008641,18,18,9720,18,18,0.000000,30.566667,1000,297108,4,1.000000,1.000000,0,1702,0,10611,0
323,defense_only,320.000000,360.000000,0.001944,100.000000,0.016550,18,18,9720,18,18,0.000000,101.411934,1000,985724,4,1.000000,1.000000,0,2421,0,16470,0
323,defense_vs_attack,420.000000,460.000000,0.001728,88.888889,0.025940,18,16,8640,16,18,11.111111,118.467130,1000,1023556,5,0.000000,0.877551,2,2508,0,22472,0
330,baseline,120.000000,160.000000,0.001944,100.000000,0.042123,18,18,9720,18,18,0.000000,28.925926,1000,281160,8,1.000000,1.000000,0,1898,0,6903,0
330,attack_only,220.000000,260.000000,0.000000,0.000000,0.000000,18,0,0,0,18,100.000000,0.000000,1000,278316,8,1.000000,1.000000,0,1744,0,11191,0
330,defense_only,320.000000,360.000000,0.001944,100.000000,0.016728,18,18,9720,18,18,0.000000,77.927984,1000,757460,8,1.000000,1.000000,0,2641,0,17582,0
330,defense_vs_attack,420.000000,460.000000,0.001728,88.888889,0.036804,18,16,8640,16,18,11.111111,88.276389,1000,762708,8,0.000000,0.877551,1,2686,0,24016,0
327,baseline,120.000000,160.000000,0.001944,100.000000,0.025801,18,18,9720,18,18,0.000000,21.851029,1000,212392,5,1.000000,1.000000,0,1581,0,5969,0
327,attack_only,220.000000,260.000000,0.001944,100.000000,0.010151,18,18,9720,18,18,0.000000,23.157202,1000,225088,5,1.000000,1.000000,0,1614,0,9927,0
327,defense_only,320.000000,360.000000,0.001944,100.000000,0.022459,18,18,9720,18,18,0.000000,80.386420,1000,781356,5,1.000000,1.000000,0,2462,0,16020,0
327,defense_vs_attack,420.000000,460.000000,0.001944,100.000000,0.012896,18,18,9720,18,18,0.000000,83.734979,1000,813904,5,0.000000,0.938776,2,2552,0,22333,0
331,baseline,120.000000,160.000000,0.001944,100.000000,0.025747,18,18,9720,18,18,0.000000,29.208230,1000,283904,5,1.000000,1.000000,0,1768,0,6652,0
331,attack_only,220.000000,260.000000,0.001944,100.000000,0.010317,18,18,9720,18,18,0.000000,29.336214,1000,285148,5,1.000000,1.000000,0,1741,0,10932,0
331,defense_only,320.000000,360.000000,0.001944,100.000000,0.022187,18,18,9720,18,18,0.000000,85.428807,1000,830368,5,1.000000,1.000000,0,2554,0,17162,0
331,defense_vs_attack,420.000000,460.000000,0.001944,100.000000,0.012860,18,18,9720,18,18,0.000000,53.690535,1000,521872,5,0.000000,0.897959,1,2235,0,23028,0
333,baseline,120.000000,160.000000,0.001944,100.000000,0.046348,18,18,9720,18,18,0.000000,34.376543,1000,334140,9,1.000000,1.000000,0,2084,0,7457,0
333,attack_only,220.000000,260.000000,0.001944,100.000000,0.039584,18,18,9720,18,18,0.000000,34.848971,1000,338732,9,1.000000,1.000000,0,2062,0,12383,0
333,defense_only,320.000000,360.000000,0.001944,100.000000,0.023446,18,18,9720,18,18,0.000000,88.695062,1000,862116,9,1.000000,1.000000,0,2750,0,18965,0
333,defense_vs_attack,420.000000,460.000000,0.001944,100.000000,0.037920,18,18,9720,18,18,0.000000,87.498765,1000,850488,9,0.000000,0.918367,1,2762,0,25500,0
334,baseline,120.000000,160.000000,0.001944,100.000000,0.036698,18,18,9720,18,18,0.000000,29.760905,1000,289276,7,1.000000,1.000000,0,1841,0,6733,0
334,attack_only,220.000000,260.000000,0.000000,0.000000,0.000000,18,0,0,0,18,100.000000,0.000000,1000,292028,7,1.000000,1.000000,0,1757,0,10986,0
334,defense_only,320.000000,360.000000,0.001944,100.000000,0.026829,18,18,9720,18,18,0.000000,100.307819,1000,974992,7,1.000000,1.000000,0,2540,0,16953,0
334,defense_vs_attack,420.000000,460.000000,0.001944,100.000000,0.030099,18,18,9720,18,18,0.000000,92.283128,1000,896992,7,0.000000,0.857143,2,2415,0,22973,0
337,baseline,120.000000,160.000000,0.001944,100.000000,0.015272,18,18,9720,18,18,0.000000,30.638272,1000,297804,3,1.000000,1.000000,0,1709,0,6524,0
337,attack_only,220.000000,260.000000,0.001944,100.000000,0.006010,18,18,9720,18,18,0.000000,30.419342,1000,295676,3,1.000000,1.000000,0,1744,0,10748,0
337,defense_only,320.000000,360.000000,0.001944,100.000000,0.013050,18,18,9720,18,18,0.000000,93.662140,1000,910396,3,1.000000,1.000000,0,2382,0,16512,0
337,defense_vs_attack,420.000000,460.000000,0.001944,100.000000,0.007742,18,18,9720,18,18,0.000000,92.447737,1000,898592,3,0.000000,0.857143,1,2403,0,22474,0
341,baseline,120.000000,160.000000,0.001944,100.000000,0.031650,18,18,9720,18,18,0.000000,27.575309,1000,268032,6,1.000000,1.000000,0,1826,0,6738,0
341,attack_only,220.000000,260.000000,0.001944,100.000000,0.014406,18,18,9720,18,18,0.000000,26.522222,1000,257796,6,1.000000,1.000000,0,1855,0,11133,0
341,defense_only,320.000000,360.000000,0.001944,100.000000,0.026686,18,18,9720,18,18,0.000000,82.302469,1000,799980,6,1.000000,1.000000,0,2463,0,17122,0
341,defense_vs_attack,420.000000,460.000000,0.001944,100.000000,0.015098,18,18,9720,18,18,0.000000,83.591770,1000,812512,6,0.000000,0.857143,1,2644,0,23386,0
340,baseline,120.000000,160.000000,0.001944,100.000000,0.015817,18,18,9720,18,18,0.000000,33.502881,1000,325648,3,1.000000,1.000000,0,1828,0,6843,0
340,attack_only,220.000000,260.000000,0.000000,0.000000,0.000000,18,0,0,0,18,100.000000,0.000000,1000,332160,3,1.000000,1.000000,0,1752,0,11256,0
340,defense_only,320.000000,360.000000,0.001944,100.000000,0.012339,18,18,9720,18,18,0.000000,106.747737,1000,1037588,3,1.000000,1.000000,0,2441,0,17168,0
340,defense_vs_attack,420.000000,460.000000,0.001296,66.666667,0.006527,18,12,6480,12,18,33.333333,158.929012,1000,1029860,3,0.000000,0.877551,1,2454,0,23147,0
350,baseline,120.000000,160.000000,0.001944,100.000000,0.026165,18,18,9720,18,18,0.000000,26.321399,1000,255844,5,1.000000,1.000000,0,1688,0,6317,0
350,attack_only,220.000000,260.000000,0.000000,0.000000,0.000000,18,0,0,0,18,100.000000,0.000000,1000,251736,5,1.000000,1.000000,0,1652,0,10348,0
350,defense_only,320.000000,360.000000,0.001944,100.000000,0.020297,18,18,9720,18,18,0.000000,82.951440,1000,806288,5,1.000000,1.000000,0,2422,0,16204,0
350,defense_vs_attack,420.000000,460.000000,0.001512,77.777778,0.018804,18,14,7560,14,18,22.222222,110.790476,1000,837576,5,0.000000,0.877551,1,2463,0,22157,0
354,baseline,120.000000,160.000000,0.001944,100.000000,0.040460,18,18,9720,18,18,0.000000,24.193416,1000,235160,7,1.000000,1.000000,0,1615,0,5898,0
354,attack_only,220.000000,260.000000,0.000000,0.000000,0.000000,18,0,0,0,18,100.000000,0.000000,1000,247360,7,1.000000,1.000000,0,1565,0,9734,0
354,defense_only,320.000000,360.000000,0.001944,100.000000,0.024351,18,18,9720,18,18,0.000000,96.918519,1000,942048,7,1.000000,1.000000,0,2458,0,15616,0
354,defense_vs_attack,420.000000,460.000000,0.001512,77.777778,0.027047,18,14,7560,14,18,22.222222,123.458201,1000,933344,7,0.000000,0.836735,1,2486,0,21647,0
362,baseline,120.000000,160.000000,0.001944,100.000000,0.020242,18,18,9720,18,18,0.000000,32.010288,1000,311140,4,1.000000,1.000000,0,1838,0,6893,0
362,attack_only,220.000000,260.000000,0.000000,0.000000,0.000000,18,0,0,0,18,100.000000,0.000000,1000,315516,5,1.000000,1.000000,0,1792,0,11272,0
362,defense_only,320.000000,360.000000,0.001944,100.000000,0.007918,18,18,9720,18,18,0.000000,83.581070,1000,812408,4,1.000000,1.000000,0,2577,0,17425,0
362,defense_vs_attack,420.000000,460.000000,0.001620,83.333333,0.037853,18,15,8100,15,18,16.666667,101.284938,1000,820408,4,0.000000,0.877551,1,2594,0,23701,0
363,baseline,120.000000,160.000000,0.001944,100.000000,0.015605,18,18,9720,18,18,0.000000,23.818519,1000,231516,3,1.000000,1.000000,0,1504,0,5865,0
363,attack_only,220.000000,260.000000,0.000000,0.000000,0.000000,18,0,0,0,18,100.000000,0.000000,1000,233288,3,1.000000,1.000000,0,1481,0,9595,0
363,defense_only,320.000000,360.000000,0.001944,100.000000,0.009402,18,18,9720,18,18,0.000000,100.399177,1000,975880,3,1.000000,1.000000,0,2472,0,15563,0
363,defense_vs_attack,420.000000,460.000000,0.001080,55.555556,0.026343,18,10,5400,10,18,44.444444,160.180741,1000,864976,4,0.000000,0.857143,3,2526,0,21756,0
365,baseline,120.000000,160.000000,0.001944,100.000000,0.030924,18,18,9720,18,18,0.000000,28.473663,1000,276764,6,1.000000,1.000000,0,1785,0,6560,0
365,attack_only,220.000000,260.000000,0.000000,0.000000,0.000000,18,0,0,0,18,100.000000,0.000000,1000,267820,6,1.000000,1.000000,0,1680,0,10722,0
365,defense_only,320.000000,360.000000,0.001944,100.000000,0.019102,18,18,9720,18,18,0.000000,85.623868,1000,832264,6,1.000000,1.000000,0,2502,0,16841,0
365,defense_vs_attack,420.000000,460.000000,0.000972,50.000000,0.054997,18,9,4860,9,18,50.000000,167.790947,1000,815464,10,0.000000,0.918367,1,2991,0,23639,0
372,baseline,120.000000,160.000000,0.001944,100.000000,0.015834,18,18,9720,18,18,0.000000,25.840329,1000,251168,3,1.000000,1.000000,0,1630,0,6167,0
372,attack_only,220.000000,260.000000,0.001944,100.000000,0.006295,18,18,9720,18,18,0.000000,26.958025,1000,262032,3,1.000000,1.000000,0,1624,0,10151,0
372,defense_only,320.000000,360.000000,0.001944,100.000000,0.012382,18,18,9720,18,18,0.000000,98.391770,1000,956368,3,1.000000,1.000000,0,2515,0,16227,0
372,defense_vs_attack,420.000000,460.000000,0.001944,100.000000,0.007593,18,18,9720,18,18,0.000000,96.821811,1000,941108,3,0.000000,0.836735,1,2454,0,22259,0
373,baseline,120.000000,160.000000,0.001944,100.000000,0.030780,18,18,9720,18,18,0.000000,26.235802,1000,255012,6,1.000000,1.000000,0,1787,0,6580,0
373,attack_only,220.000000,260.000000,0.000000,0.000000,0.000000,18,0,0,0,18,100.000000,0.000000,1000,267388,7,1.000000,1.000000,0,1735,0,10845,0
373,defense_only,320.000000,360.000000,0.001944,100.000000,0.020210,18,18,9720,18,18,0.000000,81.192181,1000,789188,6,1.000000,1.000000,0,2533,0,16936,0
373,defense_vs_attack,420.000000,460.000000,0.001512,77.777778,0.021860,18,14,7560,14,18,22.222222,108.189947,1000,817916,6,0.000000,0.857143,1,2565,0,23109,0
374,baseline,120.000000,160.000000,0.001944,100.000000,0.025830,18,18,9720,18,18,0.000000,29.187243,1000,283700,5,1.000000,1.000000,0,1863,0,6958,0
374,attack_only,220.000000,260.000000,0.001944,100.000000,0.009899,18,18,9720,18,18,0.000000,29.605761,1000,287768,5,1.000000,1.000000,0,1859,0,11464,0
374,defense_only,320.000000,360.000000,0.001944,100.000000,0.022409,18,18,9720,18,18,0.000000,84.286831,1000,819268,5,1.000000,1.000000,0,2614,0,17672,0
374,defense_vs_attack,420.000000,460.000000,0.001944,100.000000,0.012601,18,18,9720,18,18,0.000000,85.611934,1000,832148,5,0.000000,0.938776,1,2625,0,24033,0
377,baseline,120.000000,160.000000,0.001944,100.000000,0.041915,18,18,9720,18,18,0.000000,29.204938,1000,283872,8,1.000000,1.000000,0,1798,0,6586,0
377,attack_only,220.000000,260.000000,0.000000,0.000000,0.000000,18,0,0,0,18,100.000000,0.000000,1000,295800,8,1.000000,1.000000,0,1723,0,10887,0
377,defense_only,320.000000,360.000000,0.001944,100.000000,0.018601,18,18,9720,18,18,0.000000,95.303704,1000,926352,8,1.000000,1.000000,0,2535,0,17098,0
377,defense_vs_attack,420.000000,460.000000,0.001512,77.777778,0.035249,18,14,7560,14,18,22.222222,124.382011,1000,940328,8,0.000000,0.877551,1,2654,0,23599,0
381,baseline,120.000000,160.000000,0.001944,100.000000,0.015717,18,18,9720,18,18,0.000000,32.037860,1000,311408,3,1.000000,1.000000,0,1723,0,6649,0
381,attack_only,220.000000,260.000000,0.001944,100.000000,0.006144,18,18,9720,18,18,0.000000,30.110700,1000,292676,3,1.000000,1.000000,0,1706,0,10896,0
381,defense_only,320.000000,360.000000,0.001944,100.000000,0.012859,18,18,9720,18,18,0.000000,98.569959,1000,958100,3,1.000000,1.000000,0,2366,0,16683,0
381,defense_vs_attack,420.000000,460.000000,0.001404,72.222222,0.008967,18,13,7020,13,18,27.777778,131.923077,1000,926100,3,0.000000,0.734694,1,2356,0,22684,0
385,baseline,120.000000,160.000000,0.001944,100.000000,0.026166,18,18,9720,18,18,0.000000,25.797531,1000,250752,5,1.000000,1.000000,0,1666,0,6267,0
385,attack_only,220.000000,260.000000,0.000000,0.000000,0.000000,18,0,0,0,18,100.000000,0.000000,1000,242720,5,1.000000,1.000000,0,1598,0,10211,0
385,defense_only,320.000000,360.000000,0.001944,100.000000,0.014237,18,18,9720,18,18,0.000000,91.534568,1000,889716,5,1.000000,1.000000,0,2617,0,16317,0
385,defense_vs_attack,420.000000,460.000000,0.001728,88.888889,0.027751,18,16,8640,16,18,11.111111,96.953704,1000,837680,5,0.000000,0.897959,1,2539,0,22494,0
387,baseline,120.000000,160.000000,0.001944,100.000000,0.015988,18,18,9720,18,18,0.000000,28.690947,1000,278876,3,1.000000,1.000000,0,1786,0,6778,0
387,attack_only,220.000000,260.000000,0.001944,100.000000,0.005879,18,18,9720,18,18,0.000000,28.587654,1000,277872,3,1.000000,1.000000,0,1745,0,11097,0
387,defense_only,320.000000,360.000000,0.001944,100.000000,0.014577,18,18,9720,18,18,0.000000,95.424691,1000,927528,3,1.000000,1.000000,0,2470,0,17090,0
387,defense_vs_attack,420.000000,460.000000,0.001944,100.000000,0.010760,18,18,9720,18,18,0.000000,93.175309,1000,905664,3,0.000000,0.857143,1,2437,0,23216,0
392,baseline,120.000000,160.000000,0.001944,100.000000,0.081105,18,18,9720,18,18,0.000000,29.645679,1000,288156,5,1.000000,1.000000,0,1824,0,6630,0
392,attack_only,220.000000,260.000000,0.000000,0.000000,0.000000,18,0,0,0,18,100.000000,0.000000,1000,282820,5,1.000000,1.000000,0,1706,0,10869,0
392,defense_only,320.000000,360.000000,0.001944,100.000000,0.019962,18,18,9720,18,18,0.000000,90.532510,1000,879976,5,1.000000,1.000000,0,2458,0,16767,0
392,defense_vs_attack,420.000000,460.000000,0.001512,77.777778,0.013086,18,14,7560,14,18,22.222222,115.249206,1000,871284,5,0.000000,0.795918,1,2427,0,22716,0
391,baseline,120.000000,160.000000,0.001944,100.000000,0.015723,18,18,9720,18,18,0.000000,31.078601,1000,302084,3,1.000000,1.000000,0,1776,0,6793,0
391,attack_only,220.000000,260.000000,0.001944,100.000000,0.015546,18,18,9720,18,18,0.000000,32.990535,1000,320668,3,1.000000,1.000000,0,1864,0,11290,0
391,defense_only,320.000000,360.000000,0.001944,100.000000,0.005789,18,18,9720,18,18,0.000000,91.946502,1000,893720,3,1.000000,1.000000,0,2438,0,17228,0
391,defense_vs_attack,420.000000,460.000000,0.001944,100.000000,0.012924,18,18,9720,18,18,0.000000,93.409053,1000,907936,3,0.000000,0.816327,1,2420,0,23126,0
397,baseline,120.000000,160.000000,0.001944,100.000000,0.025707,18,18,9720,18,18,0.000000,30.898765,1000,300336,5,1.000000,1.000000,0,1785,0,6694,0
397,attack_only,220.000000,260.000000,0.000000,0.000000,0.000000,18,0,0,0,18,100.000000,0.000000,1000,297548,5,1.000000,1.000000,0,1730,0,10971,0
397,defense_only,320.000000,360.000000,0.001944,100.000000,0.015166,18,18,9720,18,18,0.000000,85.903292,1000,834980,5,1.000000,1.000000,0,2459,0,16914,0
397,defense_vs_attack,420.000000,460.000000,0.000864,44.444444,0.051530,18,8,4320,8,18,55.555556,195.963889,1000,846564,7,0.000000,0.877551,1,2895,0,23350,0
396,baseline,120.000000,160.000000,0.001944,100.000000,0.015322,18,18,9720,18,18,0.000000,23.404938,1000,227496,3,1.000000,1.000000,0,1614,0,6232,0
396,attack_only,220.000000,260.000000,0.001944,100.000000,0.005890,18,18,9720,18,18,0.000000,24.136214,1000,234604,3,1.000000,1.000000,0,1625,0,10243,0
396,defense_only,320.000000,360.000000,0.001944,100.000000,0.012813,18,18,9720,18,18,0.000000,87.009465,1000,845732,3,1.000000,1.000000,0,2445,0,16094,0
396,defense_vs_attack,420.000000,460.000000,0.001944,100.000000,0.007220,18,18,9720,18,18,0.000000,84.879424,1000,825028,3,0.000000,0.816327,1,2453,0,22092,0
393,baseline,120.000000,160.000000,0.001944,100.000000,0.035757,18,18,9720,18,18,0.000000,28.401235,1000,276060,7,1.000000,1.000000,0,1770,0,6505,0
393,attack_only,220.000000,260.000000,0.001944,100.000000,0.013862,18,18,9720,18,18,0.000000,29.646502,1000,288164,7,1.000000,1.000000,0,1750,0,10677,0
393,defense_only,320.000000,360.000000,0.001944,100.000000,0.032060,18,18,9720,18,18,0.000000,109.934979,1000,1068568,7,1.000000,1.000000,0,2380,0,16426,0
393,defense_vs_attack,420.000000,460.000000,0.001944,100.000000,0.017423,18,18,9720,18,18,0.000000,108.745267,1000,1057004,7,0.000000,0.755102,1,2407,0,22514,0
399,baseline,120.000000,160.000000,0.001944,100.000000,0.020634,18,18,9720,18,18,0.000000,25.900823,1000,251756,4,1.000000,1.000000,0,1657,0,6281,0
399,attack_only,220.000000,260.000000,0.001944,100.000000,0.007908,18,18,9720,18,18,0.000000,26.097942,1000,253672,4,1.000000,1.000000,0,1654,0,10354,0
399,defense_only,320.000000,360.000000,0.001944,100.000000,0.017431,18,18,9720,18,18,0.000000,98.084362,1000,953380,4,1.000000,1.000000,0,2525,0,16416,0
399,defense_vs_attack,420.000000,460.000000,0.001836,94.444444,0.010002,18,17,9180,17,18,5.555556,97.589542,1000,895872,4,0.000000,0.938776,1,2582,0,22747,0
401,baseline,120.000000,160.000000,0.001944,100.000000,0.020567,18,18,9720,18,18,0.000000,30.288477,1000,294404,4,1.000000,1.000000,0,1783,0,6643,0
401,attack_only,220.000000,260.000000,0.001944,100.000000,0.007828,18,18,9720,18,18,0.000000,30.272428,1000,294248,4,1.000000,1.000000,0,1753,0,10875,0
401,defense_only,320.000000,360.000000,0.001944,100.000000,0.017555,18,18,9720,18,18,0.000000,95.519342,1000,928448,4,1.000000,1.000000,0,2371,0,16663,0
401,defense_vs_attack,420.000000,460.000000,0.001944,100.000000,0.011023,18,18,9720,18,18,0.000000,94.622634,1000,919732,4,0.000000,0.816327,1,2393,0,22589,0
402,baseline,120.000000,160.000000,0.001944,100.000000,0.015164,18,18,9720,18,18,0.000000,29.562551,1000,287348,3,1.000000,1.000000,0,1778,0,6680,0
402,attack_only,220.000000,260.000000,0.001944,100.000000,0.005789,18,18,9720,18,18,0.000000,30.142798,1000,292988,3,1.000000,1.000000,0,1743,0,10930,0
402,defense_only,320.000000,360.000000,0.001944,100.000000,0.013480,18,18,9720,18,18,0.000000,85.148560,1000,827644,3,1.000000,1.000000,0,2430,0,16858,0
402,defense_vs_attack,420.000000,460.000000,0.001944,100.000000,0.007290,18,18,9720,18,18,0.000000,79.878189,1000,776416,3,0.000000,0.918367,1,2394,0,22812,0
403,baseline,120.000000,160.000000,0.001944,100.000000,0.020314,18,18,9720,18,18,0.000000,33.579012,1000,326388,4,1.000000,1.000000,0,1850,0,6918,0
403,attack_only,220.000000,260.000000,0.001944,100.000000,0.007793,18,18,9720,18,18,0.000000,33.125926,1000,321984,4,1.000000,1.000000,0,1827,0,11452,0
403,defense_only,320.000000,360.000000,0.001944,100.000000,0.018164,18,18,9720,18,18,0.000000,85.674074,1000,832752,4,1.000000,1.000000,0,2377,0,17237,0
403,defense_vs_attack,420.000000,460.000000,0.001944,100.000000,0.009901,18,18,9720,18,18,0.000000,85.800000,1000,833976,4,0.000000,0.836735,1,2401,0,23125,0
404,baseline,120.000000,160.000000,0.001944,100.000000,0.015544,18,18,9720,18,18,0.000000,30.338683,1000,294892,3,1.000000,1.000000,0,1706,0,6547,0
404,attack_only,220.000000,260.000000,0.001944,100.000000,0.005836,18,18,9720,18,18,0.000000,31.111523,1000,302404,3,1.000000,1.000000,0,1709,0,10723,0
404,defense_only,320.000000,360.000000,0.001944,100.000000,0.012859,18,18,9720,18,18,0.000000,97.678189,1000,949432,3,1.000000,1.000000,0,2566,0,16758,0
404,defense_vs_attack,420.000000,460.000000,0.001944,100.000000,0.008122,18,18,9720,18,18,0.000000,93.953909,1000,913232,3,0.000000,0.857143,1,2422,0,22783,0
405,baseline,120.000000,160.000000,0.001944,100.000000,0.031309,18,18,9720,18,18,0.000000,34.884362,1000,339076,6,1.000000,1.000000,0,1912,0,7093,0
405,attack_only,220.000000,260.000000,0.000000,0.000000,0.000000,18,0,0,0,18,100.000000,0.000000,1000,335996,6,1.000000,1.000000,0,1860,0,11610,0
405,defense_only,320.000000,360.000000,0.001944,100.000000,0.017319,18,18,9720,18,18,0.000000,89.793416,1000,872792,6,1.000000,1.000000,0,2416,0,17497,0
405,defense_vs_attack,420.000000,460.000000,0.001080,55.555556,0.023029,18,10,5400,10,18,44.444444,146.075556,1000,788808,6,0.000000,0.877551,1,2384,0,23534,0
406,baseline,120.000000,160.000000,0.001944,100.000000,0.036144,18,18,9720,18,18,0.000000,21.667490,1000,210608,7,1.000000,1.000000,0,1639,0,6081,0
406,attack_only,220.000000,260.000000,0.000000,0.000000,0.000000,18,0,0,0,18,100.000000,0.000000,1000,198424,8,1.000000,1.000000,0,1576,0,9957,0
406,defense_only,320.000000,360.000000,0.001944,100.000000,0.014149,18,18,9720,18,18,0.000000,86.920988,1000,844872,7,1.000000,1.000000,0,2649,0,16364,0
406,defense_vs_attack,420.000000,460.000000,0.001944,100.000000,0.030760,18,18,9720,18,18,0.000000,88.369136,1000,858948,7,0.000000,0.857143,1,2699,0,22850,0
407,baseline,120.000000,160.000000,0.001944,100.000000,0.020338,18,18,9720,18,18,0.000000,24.522222,1000,238356,4,1.000000,1.000000,0,1608,0,6023,0
407,attack_only,220.000000,260.000000,0.001836,100.000000,0.011146,17,17,9180,17,18,5.555556,26.133769,1000,239908,4,1.000000,1.000000,0,1584,0,9904,0
407,defense_only,320.000000,360.000000,0.001944,100.000000,0.016369,18,18,9720,18,18,0.000000,87.954733,1000,854920,4,1.000000,1.000000,0,2570,0,16069,0
407,defense_vs_attack,420.000000,460.000000,0.000972,50.000000,0.017529,18,9,4860,9,18,50.000000,182.189300,1000,885440,4,0.000000,0.816327,1,2444,0,22187,0
410,baseline,120.000000,160.000000,0.001944,100.000000,0.020603,18,18,9720,18,18,0.000000,26.892181,1000,261392,4,1.000000,1.000000,0,1662,0,6425,0
410,attack_only,220.000000,260.000000,0.000000,0.000000,0.000000,18,0,0,0,18,100.000000,0.000000,1000,263380,4,1.000000,1.000000,0,1651,0,10505,0
410,defense_only,320.000000,360.000000,0.001944,100.000000,0.009724,18,18,9720,18,18,0.000000,94.442387,1000,917980,4,1.000000,1.000000,0,2555,0,16623,0
410,defense_vs_attack,420.000000,460.000000,0.000000,0.000000,0.000000,3,0,0,0,18,100.000000,0.000000,1000,670464,0,0.000000,0.877551,1,2354,0,22637,0
409,baseline,120.000000,160.000000,0.001944,100.000000,0.026194,18,18,9720,18,18,0.000000,28.809053,1000,280024,5,1.000000,1.000000,0,1776,0,6577,0
409,attack_only,220.000000,260.000000,0.001944,100.000000,0.019465,18,18,9720,18,18,0.000000,28.940329,1000,281300,5,1.000000,1.000000,0,1744,0,10825,0
409,defense_only,320.000000,360.000000,0.001944,100.000000,0.017201,18,18,9720,18,18,0.000000,99.842387,1000,970468,5,1.000000,1.000000,0,2424,0,16678,0
409,defense_vs_attack,420.000000,460.000000,0.001728,88.888889,0.020804,18,16,8640,16,18,11.111111,111.458796,1000,963004,5,0.000000,0.857143,1,2418,0,22612,0
412,baseline,120.000000,160.000000,0.001944,100.000000,0.020508,18,18,9720,18,18,0.000000,21.084362,1000,204940,4,1.000000,1.000000,0,1484,0,5703,0
412,attack_only,220.000000,260.000000,0.001944,100.000000,0.007794,18,18,9720,18,18,0.000000,20.759671,1000,201784,4,1.000000,1.000000,0,1528,0,9400,0
412,defense_only,320.000000,360.000000,0.001944,100.000000,0.018158,18,18,9720,18,18,0.000000,90.363786,1000,878336,4,1.000000,1.000000,0,2398,0,15113,0
412,defense_vs_attack,420.000000,460.000000,0.001512,77.777778,0.010408,18,14,7560,14,18,22.222222,131.356085,1000,993052,4,0.000000,0.755102,1,2483,0,20990,0
420,baseline,120.000000,160.000000,0.001944,100.000000,0.015357,18,18,9720,18,18,0.000000,32.672016,1000,317572,3,1.000000,1.000000,0,1826,0,6906,0
420,attack_only,220.000000,260.000000,0.000000,0.000000,0.000000,18,0,0,0,18,100.000000,0.000000,1000,317856,3,1.000000,1.000000,0,1788,0,11333,0
420,defense_only,320.000000,360.000000,0.001944,100.000000,0.008197,18,18,9720,18,18,0.000000,84.290123,1000,819300,3,1.000000,1.000000,0,2427,0,17295,0
420,defense_vs_attack,420.000000,460.000000,0.001080,55.555556,0.026840,18,10,5400,10,18,44.444444,147.625926,1000,797180,4,0.000000,0.775510,1,2366,0,23246,0
419,baseline,120.000000,160.000000,0.001944,100.000000,0.030754,18,18,9720,18,18,0.000000,28.836214,1000,280288,6,1.000000,1.000000,0,1752,0,6528,0
419,attack_only,220.000000,260.000000,0.000000,0.000000,0.000000,18,0,0,0,18,100.000000,0.000000,1000,286340,6,1.000000,1.000000,0,1713,0,10743,0
419,defense_only,320.000000,360.000000,0.001944,100.000000,0.019246,18,18,9720,18,18,0.000000,83.531276,1000,811924,6,1.000000,1.000000,0,2399,0,16568,0
419,defense_vs_attack,420.000000,460.000000,0.001296,66.666667,0.055257,18,12,6480,12,18,33.333333,138.962963,1000,900480,6,0.000000,0.836735,1,2659,0,22737,0
418,baseline,120.000000,160.000000,0.001944,100.000000,0.020885,18,18,9720,18,18,0.000000,33.038272,1000,321132,4,1.000000,1.000000,0,1876,0,7020,0
418,attack_only,220.000000,260.000000,0.000000,0.000000,0.000000,18,0,0,0,18,100.000000,0.000000,1000,321124,5,1.000000,1.000000,0,1816,0,11559,0
418,defense_only,320.000000,360.000000,0.001944,100.000000,0.008434,18,18,9720,18,18,0.000000,97.328395,1000,946032,4,1.000000,1.000000,0,2513,0,17602,0
418,defense_vs_attack,420.000000,460.000000,0.001944,100.000000,0.018122,18,18,9720,18,18,0.000000,95.120576,1000,924572,4,0.000000,0.836735,1,2451,0,23634,0
421,baseline,120.000000,160.000000,0.001944,100.000000,0.097753,18,18,9720,18,18,0.000000,25.104115,1000,244012,8,1.000000,1.000000,0,1659,0,6034,0
421,attack_only,220.000000,260.000000,0.001944,100.000000,0.016277,18,18,9720,18,18,0.000000,26.751029,1000,260020,8,1.000000,1.000000,0,1660,0,9946,0
421,defense_only,320.000000,360.000000,0.001944,100.000000,0.035002,18,18,9720,18,18,0.000000,102.311934,1000,994472,8,1.000000,1.000000,0,2458,0,15808,0
421,defense_vs_attack,420.000000,460.000000,0.001512,77.777778,0.025589,18,14,7560,14,18,22.222222,134.419048,1000,1016208,8,0.000000,0.836735,1,2454,0,21822,0
415,baseline,120.000000,160.000000,0.001944,100.000000,0.015323,18,18,9720,18,18,0.000000,30.583951,1000,297276,3,1.000000,1.000000,0,1685,0,6401,0
415,attack_only,220.000000,260.000000,0.000000,0.000000,0.000000,18,0,0,0,18,100.000000,0.000000,1000,297452,4,1.000000,1.000000,0,1623,0,10450,0
415,defense_only,320.000000,360.000000,0.001944,100.000000,0.008756,18,18,9720,18,18,0.000000,130.922222,1000,1272564,3,1.000000,1.000000,0,2365,0,16145,0
415,defense_vs_attack,420.000000,460.000000,0.001728,88.888889,0.011797,18,16,8640,16,18,11.111111,143.452315,1000,1239428,3,0.000000,0.795918,2,2415,0,22060,0
431,baseline,120.000000,160.000000,0.001944,100.000000,0.015801,18,18,9720,18,18,0.000000,27.606173,1000,268332,3,1.000000,1.000000,0,1700,0,6492,0
431,attack_only,220.000000,260.000000,0.001944,100.000000,0.005788,18,18,9720,18,18,0.000000,28.192181,1000,274028,3,1.000000,1.000000,0,1674,0,10636,0
431,defense_only,320.000000,360.000000,0.001944,100.000000,0.013384,18,18,9720,18,18,0.000000,91.664609,1000,890980,3,1.000000,1.000000,0,2475,0,16619,0
431,defense_vs_attack,420.000000,460.000000,0.001944,100.000000,0.008997,18,18,9720,18,18,0.000000,92.782716,1000,901848,3,0.000000,0.857143,1,2480,0,22749,0
432,baseline,120.000000,160.000000,0.001944,100.000000,0.015030,18,18,9720,18,18,0.000000,25.155556,1000,244512,3,1.000000,1.000000,0,1578,0,6063,0
432,attack_only,220.000000,260.000000,0.001944,100.000000,0.005789,18,18,9720,18,18,0.000000,25.269959,1000,245624,3,1.000000,1.000000,0,1563,0,9881,0
432,defense_only,320.000000,360.000000,0.001944,100.000000,0.013379,18,18,9720,18,18,0.000000,101.475720,1000,986344,3,1.000000,1.000000,0,2426,0,15807,0
432,defense_vs_attack,420.000000,460.000000,0.001944,100.000000,0.007628,18,18,9720,18,18,0.000000,101.904527,1000,990512,3,0.000000,0.857143,1,2518,0,21893,0
441,baseline,120.000000,160.000000,0.001944,100.000000,0.022474,18,18,9720,18,18,0.000000,27.844856,1000,270652,4,1.000000,1.000000,0,1708,0,6459,0
441,attack_only,220.000000,260.000000,0.000000,0.000000,0.000000,18,0,0,0,18,100.000000,0.000000,1000,283840,4,1.000000,1.000000,0,1681,0,10659,0
441,defense_only,320.000000,360.000000,0.001944,100.000000,0.010772,18,18,9720,18,18,0.000000,80.176132,1000,779312,4,1.000000,1.000000,0,2473,0,16627,0
441,defense_vs_attack,420.000000,460.000000,0.001080,55.555556,0.015600,18,10,5400,10,18,44.444444,148.594815,1000,802412,4,0.000000,0.836735,1,2437,0,22628,0
440,baseline,120.000000,160.000000,0.001944,100.000000,0.020350,18,18,9720,18,18,0.000000,28.817695,1000,280108,4,1.000000,1.000000,0,1770,0,6674,0
440,attack_only,220.000000,260.000000,0.001944,100.000000,0.008030,18,18,9720,18,18,0.000000,29.103704,1000,282888,4,1.000000,1.000000,0,1762,0,10973,0
440,defense_only,320.000000,360.000000,0.001944,100.000000,0.019678,18,18,9720,18,18,0.000000,86.270370,1000,838548,4,1.000000,1.000000,0,2608,0,17108,0
440,defense_vs_attack,420.000000,460.000000,0.001944,100.000000,0.008756,18,18,9720,18,18,0.000000,91.795062,1000,892248,4,0.000000,0.877551,1,2603,0,23414,0
442,baseline,120.000000,160.000000,0.001944,100.000000,0.036776,18,18,9720,18,18,0.000000,22.545267,1000,219140,7,1.000000,1.000000,0,1651,0,6125,0
442,attack_only,220.000000,260.000000,0.000000,0.000000,0.000000,18,0,0,0,18,100.000000,0.000000,1000,220740,7,1.000000,1.000000,0,1574,0,10004,0
442,defense_only,320.000000,360.000000,0.001944,100.000000,0.018933,18,18,9720,18,18,0.000000,96.837037,1000,941256,7,1.000000,1.000000,0,2603,0,16304,0
442,defense_vs_attack,420.000000,460.000000,0.000648,35.294118,0.039280,17,6,3240,6,18,66.666667,273.822222,1000,887184,8,0.000000,0.918367,1,2896,0,23014,0
445,baseline,120.000000,160.000000,0.001944,100.000000,0.014900,18,18,9720,18,18,0.000000,35.087654,1000,341052,3,1.000000,1.000000,0,1823,0,6967,0
445,attack_only,220.000000,260.000000,0.000000,0.000000,0.000000,18,0,0,0,18,100.000000,0.000000,1000,340196,3,1.000000,1.000000,0,1809,0,11405,0
445,defense_only,320.000000,360.000000,0.001944,100.000000,0.010704,18,18,9720,18,18,0.000000,94.755967,1000,921028,3,1.000000,1.000000,0,2439,0,17370,0
445,defense_vs_attack,420.000000,460.000000,0.000108,5.555556,0.063037,18,1,540,1,18,94.444444,1627.748148,1000,878984,5,0.000000,0.918367,1,3136,0,24038,0
448,baseline,120.000000,160.000000,0.001944,100.000000,0.031930,18,18,9720,18,18,0.000000,26.297942,1000,255616,6,1.000000,1.000000,0,1693,0,6175,0
448,attack_only,220.000000,260.000000,0.000000,0.000000,0.000000,18,0,0,0,18,100.000000,0.000000,1000,265884,7,1.000000,1.000000,0,1631,0,10175,0
448,defense_only,320.000000,360.000000,0.001944,100.000000,0.016871,18,18,9720,18,18,0.000000,87.768313,1000,853108,6,1.000000,1.000000,0,2388,0,15903,0
448,defense_vs_attack,420.000000,460.000000,0.001620,83.333333,0.032930,18,15,8100,15,18,16.666667,107.359012,1000,869608,6,0.000000,0.877551,1,2554,0,21988,0
450,baseline,120.000000,160.000000,0.001944,100.000000,0.031393,18,18,9720,18,18,0.000000,26.052675,1000,253232,6,1.000000,1.000000,0,1690,0,6295,0
450,attack_only,220.000000,260.000000,0.000000,0.000000,0.000000,18,0,0,0,18,100.000000,0.000000,1000,248524,6,1.000000,1.000000,0,1631,0,10295,0
450,defense_only,320.000000,360.000000,0.001944,100.000000,0.021386,18,18,9720,18,18,0.000000,87.458436,1000,850096,6,1.000000,1.000000,0,2454,0,16159,0
450,defense_vs_attack,420.000000,460.000000,0.001404,72.222222,0.023410,18,13,7020,13,18,27.777778,119.368661,1000,837968,6,0.000000,0.816327,1,2471,0,22115,0
454,baseline,120.000000,160.000000,0.001944,100.000000,0.021089,18,18,9720,18,18,0.000000,30.506584,1000,296524,4,1.000000,1.000000,0,1801,0,6723,0
454,attack_only,220.000000,260.000000,0.001944,100.000000,0.008037,18,18,9720,18,18,0.000000,29.545679,1000,287184,4,1.000000,1.000000,0,1737,0,10962,0
454,defense_only,320.000000,360.000000,0.001944,100.000000,0.017591,18,18,9720,18,18,0.000000,85.214815,1000,828288,4,1.000000,1.000000,0,2559,0,17046,0
454,defense_vs_attack,420.000000,460.000000,0.001404,72.222222,0.011072,18,13,7020,13,18,27.777778,120.762393,1000,847752,4,0.000000,0.857143,1,2697,0,23514,0
455,baseline,120.000000,160.000000,0.001944,100.000000,0.026480,18,18,9720,18,18,0.000000,27.093827,1000,263352,5,1.000000,1.000000,0,1807,0,6692,0
455,attack_only,220.000000,260.000000,0.001944,100.000000,0.010014,18,18,9720,18,18,0.000000,26.567490,1000,258236,5,1.000000,1.000000,0,1696,0,10877,0
455,defense_only,320.000000,360.000000,0.001944,100.000000,0.022129,18,18,9720,18,18,0.000000,89.309465,1000,868088,5,1.000000,1.000000,0,2502,0,16896,0
455,defense_vs_attack,420.000000,460.000000,0.001944,100.000000,0.012404,18,18,9720,18,18,0.000000,85.359671,1000,829696,5,0.000000,0.857143,1,2484,0,22948,0
461,baseline,120.000000,160.000000,0.001944,100.000000,0.020885,18,18,9720,18,18,0.000000,33.965021,1000,330140,4,1.000000,1.000000,0,1853,0,7002,0
461,attack_only,220.000000,260.000000,0.001944,100.000000,0.007885,18,18,9720,18,18,0.000000,33.463786,1000,325268,4,1.000000,1.000000,0,1840,0,11529,0
461,defense_only,320.000000,360.000000,0.001944,100.000000,0.017555,18,18,9720,18,18,0.000000,82.671605,1000,803568,4,1.000000,1.000000,0,2467,0,17569,0
461,defense_vs_attack,420.000000,460.000000,0.001944,100.000000,0.010313,18,18,9720,18,18,0.000000,83.953909,1000,816032,4,0.000000,0.897959,1,2504,0,23722,0
460,baseline,120.000000,160.000000,0.001944,100.000000,0.021039,18,18,9720,18,18,0.000000,23.027984,1000,223832,4,1.000000,1.000000,0,1597,0,5937,0
460,attack_only,220.000000,260.000000,0.001944,100.000000,0.007913,18,18,9720,18,18,0.000000,22.067078,1000,214492,4,1.000000,1.000000,0,1524,0,9647,0
460,defense_only,320.000000,360.000000,0.001944,100.000000,0.017312,18,18,9720,18,18,0.000000,90.484362,1000,879508,4,1.000000,1.000000,0,2376,0,15454,0
460,defense_vs_attack,420.000000,460.000000,0.001944,100.000000,0.010801,18,18,9720,18,18,0.000000,90.821399,1000,882784,4,0.000000,0.795918,1,2384,0,21389,0
464,baseline,120.000000,160.000000,0.001944,100.000000,0.025512,18,18,9720,18,18,0.000000,33.325103,1000,323920,5,1.000000,1.000000,0,1902,0,7074,0
464,attack_only,220.000000,260.000000,0.000000,0.000000,0.000000,18,0,0,0,18,100.000000,0.000000,1000,333028,6,1.000000,1.000000,0,1899,0,11692,0
464,defense_only,320.000000,360.000000,0.001944,100.000000,0.012954,18,18,9720,18,18,0.000000,97.257202,1000,945340,5,1.000000,1.000000,0,2591,0,17912,0
464,defense_vs_attack,420.000000,460.000000,0.001080,55.555556,0.018960,18,10,5400,10,18,44.444444,175.381481,1000,947060,5,0.000000,0.959184,1,2613,0,24308,0
475,baseline,120.000000,160.000000,0.001944,100.000000,0.030690,18,18,9720,18,18,0.000000,29.753909,1000,289208,6,1.000000,1.000000,0,1824,0,6759,0
475,attack_only,220.000000,260.000000,0.001944,100.000000,0.012062,18,18,9720,18,18,0.000000,29.306584,1000,284860,6,1.000000,1.000000,0,1848,0,11205,0
475,defense_only,320.000000,360.000000,0.001944,100.000000,0.023541,18,18,9720,18,18,0.000000,80.065844,1000,778240,6,1.000000,1.000000,0,2496,0,17281,0
475,defense_vs_attack,420.000000,460.000000,0.001944,100.000000,0.016122,18,18,9720,18,18,0.000000,78.219753,1000,760296,6,0.000000,0.857143,1,2523,0,23406,0
470,baseline,120.000000,160.000000,0.001944,100.000000,0.015196,18,18,9720,18,18,0.000000,25.460082,1000,247472,3,1.000000,1.000000,0,1575,0,5932,0
470,attack_only,220.000000,260.000000,0.001944,100.000000,0.005789,18,18,9720,18,18,0.000000,24.720576,1000,240284,3,1.000000,1.000000,0,1512,0,9661,0
470,defense_only,320.000000,360.000000,0.001944,100.000000,0.013020,18,18,9720,18,18,0.000000,102.012757,1000,991564,3,1.000000,1.000000,0,2288,0,15271,0
470,defense_vs_attack,420.000000,460.000000,0.001080,55.555556,0.008399,18,10,5400,10,18,44.444444,181.191852,1000,978436,3,0.000000,0.755102,1,2303,0,21126,0
473,baseline,120.000000,160.000000,0.001944,100.000000,0.052877,18,18,9720,18,18,0.000000,22.223045,1000,216008,10,1.000000,1.000000,0,1709,0,6097,0
473,attack_only,220.000000,260.000000,0.000000,0.000000,0.000000,18,0,0,0,18,100.000000,0.000000,1000,210724,10,1.000000,1.000000,0,1615,0,9935,0
473,defense_only,320.000000,360.000000,0.001944,100.000000,0.042352,18,18,9720,18,18,0.000000,83.044444,1000,807192,10,1.000000,1.000000,0,2606,0,16122,0
473,defense_vs_attack,420.000000,460.000000,0.000432,22.222222,0.031254,18,4,2160,4,18,77.777778,405.014815,1000,874832,10,0.000000,0.775510,1,2548,0,22331,0
478,baseline,120.000000,160.000000,0.001944,100.000000,0.015435,18,18,9720,18,18,0.000000,27.967490,1000,271844,3,1.000000,1.000000,0,1760,0,6603,0
478,attack_only,220.000000,260.000000,0.001944,100.000000,0.005857,18,18,9720,18,18,0.000000,28.072428,1000,272864,3,1.000000,1.000000,0,1677,0,10767,0
478,defense_only,320.000000,360.000000,0.001944,100.000000,0.012912,18,18,9720,18,18,0.000000,89.430041,1000,869260,3,1.000000,1.000000,0,2515,0,17004,0
478,defense_vs_attack,420.000000,460.000000,0.001944,100.000000,0.007066,18,18,9720,18,18,0.000000,90.132922,1000,876092,3,0.000000,0.836735,1,2555,0,23223,0
479,baseline,120.000000,160.000000,0.001944,100.000000,0.025385,18,18,9720,18,18,0.000000,26.415226,1000,256756,5,1.000000,1.000000,0,1664,0,6191,0
479,attack_only,220.000000,260.000000,0.001944,100.000000,0.009860,18,18,9720,18,18,0.000000,25.788889,1000,250668,5,1.000000,1.000000,0,1655,0,10208,0
479,defense_only,320.000000,360.000000,0.001944,100.000000,0.021539,18,18,9720,18,18,0.000000,89.397942,1000,868948,5,1.000000,1.000000,0,2424,0,16055,0
479,defense_vs_attack,420.000000,460.000000,0.001944,100.000000,0.012311,18,18,9720,18,18,0.000000,94.513580,1000,918672,5,0.000000,0.795918,1,2486,0,22041,0
481,baseline,120.000000,160.000000,0.001944,100.000000,0.015855,18,18,9720,18,18,0.000000,28.123868,1000,273364,3,1.000000,1.000000,0,1680,0,6285,0
481,attack_only,220.000000,260.000000,0.001944,100.000000,0.006005,18,18,9720,18,18,0.000000,26.799177,1000,260488,3,1.000000,1.000000,0,1604,0,10237,0
481,defense_only,320.000000,360.000000,0.001944,100.000000,0.012908,18,18,9720,18,18,0.000000,98.967490,1000,961964,3,1.000000,1.000000,0,2373,0,16018,0
481,defense_vs_attack,420.000000,460.000000,0.001944,100.000000,0.007066,18,18,9720,18,18,0.000000,97.744033,1000,950072,3,0.000000,0.755102,1,2288,0,21816,0
482,baseline,120.000000,160.000000,0.001944,100.000000,0.014954,18,18,9720,18,18,0.000000,22.502058,1000,218720,3,1.000000,1.000000,0,1582,0,5956,0
482,attack_only,220.000000,260.000000,0.001944,100.000000,0.005899,18,18,9720,18,18,0.000000,22.857202,1000,222172,3,1.000000,1.000000,0,1580,0,9854,0
482,defense_only,320.000000,360.000000,0.001944,100.000000,0.013629,18,18,9720,18,18,0.000000,87.119753,1000,846804,3,1.000000,1.000000,0,2556,0,15914,0
482,defense_vs_attack,420.000000,460.000000,0.001944,100.000000,0.007067,18,18,9720,18,18,0.000000,83.730453,1000,813860,3,0.000000,0.836735,1,2447,0,21976,0
486,baseline,120.000000,160.000000,0.001944,100.000000,0.036232,18,18,9720,18,18,0.000000,24.805761,1000,241112,7,1.000000,1.000000,0,1708,0,6361,0
486,attack_only,220.000000,260.000000,0.000000,0.000000,0.000000,18,0,0,0,18,100.000000,0.000000,1000,244376,8,1.000000,1.000000,0,1668,0,10364,0
486,defense_only,320.000000,360.000000,0.001944,100.000000,0.022507,18,18,9720,18,18,0.000000,88.926749,1000,864368,7,1.000000,1.000000,0,2563,0,16465,0
486,defense_vs_attack,420.000000,460.000000,0.001188,61.111111,0.029774,18,11,5940,11,18,38.888889,145.301010,1000,863088,7,0.000000,0.897959,1,2439,0,22445,0
489,baseline,120.000000,160.000000,0.001944,100.000000,0.031670,18,18,9720,18,18,0.000000,23.419342,1000,227636,6,1.000000,1.000000,0,1617,0,5995,0
489,attack_only,220.000000,260.000000,0.000000,0.000000,0.000000,18,0,0,0,18,100.000000,0.000000,1000,215908,7,1.000000,1.000000,0,1565,0,9776,0
489,defense_only,320.000000,360.000000,0.001944,100.000000,0.016800,18,18,9720,18,18,0.000000,82.294650,1000,799904,6,1.000000,1.000000,0,2493,0,15642,0
489,defense_vs_attack,420.000000,460.000000,0.001728,88.888889,0.025994,18,16,8640,16,18,11.111111,96.345833,1000,832428,7,0.000000,0.836735,1,2433,0,21691,0
493,baseline,120.000000,160.000000,0.001944,100.000000,0.020119,18,18,9720,18,18,0.000000,25.825103,1000,251020,4,1.000000,1.000000,0,1686,0,6422,0
493,attack_only,220.000000,260.000000,0.000000,0.000000,0.000000,18,0,0,0,18,100.000000,0.000000,1000,248724,4,1.000000,1.000000,0,1647,0,10515,0
493,defense_only,320.000000,360.000000,0.001944,100.000000,0.015811,18,18,9720,18,18,0.000000,74.994239,1000,728944,4,1.000000,1.000000,0,2372,0,16278,0
493,defense_vs_attack,420.000000,460.000000,0.001512,77.777778,0.019071,18,14,7560,14,18,22.222222,93.874603,1000,709692,4,0.000000,0.877551,1,2429,0,22205,0
496,baseline,120.000000,160.000000,0.001944,100.000000,0.036355,18,18,9720,18,18,0.000000,32.709877,1000,317940,7,1.000000,1.000000,0,1873,0,6994,0
496,attack_only,220.000000,260.000000,0.000000,0.000000,0.000000,18,0,0,0,18,100.000000,0.000000,1000,322448,7,1.000000,1.000000,0,1866,0,11516,0
496,defense_only,320.000000,360.000000,0.001944,100.000000,0.023936,18,18,9720,18,18,0.000000,94.978601,1000,923192,7,1.000000,1.000000,0,2492,0,17603,0
496,defense_vs_attack,420.000000,460.000000,0.001080,55.555556,0.021383,18,10,5400,10,18,44.444444,165.580000,1000,894132,7,0.000000,0.857143,1,2468,0,23636,0
499,baseline,120.000000,160.000000,0.001944,100.000000,0.025458,18,18,9720,18,18,0.000000,26.628395,1000,258828,5,1.000000,1.000000,0,1725,0,6381,0
499,attack_only,220.000000,260.000000,0.001944,100.000000,0.009853,18,18,9720,18,18,0.000000,26.527160,1000,257844,5,1.000000,1.000000,0,1682,0,10465,0
499,defense_only,320.000000,360.000000,0.001944,100.000000,0.020326,18,18,9720,18,18,0.000000,86.596708,1000,841720,5,1.000000,1.000000,0,2391,0,16336,0
499,defense_vs_attack,420.000000,460.000000,0.001944,100.000000,0.014842,18,18,9720,18,18,0.000000,85.782716,1000,833808,5,0.000000,0.918367,1,2596,0,22573,0
498,baseline,120.000000,160.000000,0.001944,100.000000,0.070715,18,18,9720,18,18,0.000000,28.817695,1000,280108,3,1.000000,1.000000,0,1657,0,6244,0
498,attack_only,220.000000,260.000000,0.001944,100.000000,0.005852,18,18,9720,18,18,0.000000,28.699588,1000,278960,3,1.000000,1.000000,0,1641,0,10257,0
498,defense_only,320.000000,360.000000,0.001944,100.000000,0.012994,18,18,9720,18,18,0.000000,87.619753,1000,851664,3,1.000000,1.000000,0,2255,0,15766,0
498,defense_vs_attack,420.000000,460.000000,0.001188,61.111111,0.015279,18,11,5940,11,18,38.888889,141.294949,1000,839292,3,0.000000,0.795918,1,2207,0,21283,0
491,baseline,120.000000,160.000000,0.001944,100.000000,0.021017,18,18,9720,18,18,0.000000,34.165844,1000,332092,4,1.000000,1.000000,0,1845,0,6886,0
491,attack_only,220.000000,260.000000,0.001944,100.000000,0.008727,18,18,9720,18,18,0.000000,34.544444,1000,335772,4,1.000000,1.000000,0,1799,0,11253,0
491,defense_only,320.000000,360.000000,0.001944,100.000000,0.018477,18,18,9720,18,18,0.000000,116.748148,999,1134792,4,1.000000,1.000000,0,2341,0,17073,0
491,defense_vs_attack,420.000000,460.000000,0.001728,88.888889,0.018544,18,16,8640,16,18,11.111111,128.418981,1000,1109540,4,0.000000,0.816327,1,2420,0,22957,0
510,baseline,120.000000,160.000000,0.001944,100.000000,0.026912,18,18,9720,18,18,0.000000,25.018107,1000,243176,5,1.000000,1.000000,0,1689,0,6285,0
510,attack_only,220.000000,260.000000,0.001944,100.000000,0.009798,18,18,9720,18,18,0.000000,24.472016,1000,237868,5,1.000000,1.000000,0,1666,0,10268,0
510,defense_only,320.000000,360.000000,0.001944,100.000000,0.022715,18,18,9720,18,18,0.000000,91.639506,1000,890736,5,1.000000,1.000000,0,2423,0,16091,0
510,defense_vs_attack,420.000000,460.000000,0.001944,100.000000,0.013630,18,18,9720,18,18,0.000000,93.815638,1000,911888,5,0.000000,0.775510,1,2518,0,22219,0
515,baseline,120.000000,160.000000,0.001944,100.000000,0.015006,18,18,9720,18,18,0.000000,28.773663,1000,279680,3,1.000000,1.000000,0,1791,0,6707,0
515,attack_only,220.000000,260.000000,0.001944,100.000000,0.006218,18,18,9720,18,18,0.000000,27.762551,1000,269852,3,1.000000,1.000000,0,1726,0,10925,0
515,defense_only,320.000000,360.000000,0.001944,100.000000,0.012644,18,18,9720,18,18,0.000000,86.185185,1000,837720,3,1.000000,1.000000,0,2408,0,16868,0
515,defense_vs_attack,420.000000,460.000000,0.001944,100.000000,0.008983,18,18,9720,18,18,0.000000,88.494239,1000,860164,3,0.000000,0.836735,1,2496,0,23003,0
520,baseline,120.000000,160.000000,0.001944,100.000000,0.026872,18,18,9720,18,18,0.000000,31.630453,1000,307448,5,1.000000,1.000000,0,1768,0,6648,0
520,attack_only,220.000000,260.000000,0.000000,0.000000,0.000000,18,0,0,0,18,100.000000,0.000000,1000,305784,6,1.000000,1.000000,0,1778,0,10963,0
520,defense_only,320.000000,360.000000,0.001944,100.000000,0.024766,18,18,9720,18,18,0.000000,94.600412,1000,919516,5,1.000000,1.000000,0,2438,0,16911,0
520,defense_vs_attack,420.000000,460.000000,0.001944,100.000000,0.011374,18,18,9720,18,18,0.000000,96.679835,1000,939728,5,0.000000,0.816327,1,2504,0,22971,0
525,baseline,120.000000,160.000000,0.001944,100.000000,0.015186,18,18,9720,18,18,0.000000,29.521811,1000,286952,3,1.000000,1.000000,0,1756,0,6600,0
525,attack_only,220.000000,260.000000,0.000000,0.000000,0.000000,18,0,0,0,18,100.000000,0.000000,1000,281564,3,1.000000,1.000000,0,1727,0,10863,0
525,defense_only,320.000000,360.000000,0.001836,94.444444,0.008089,18,17,9180,17,18,5.555556,92.959041,1000,853364,3,1.000000,1.000000,0,2392,0,16776,0
525,defense_vs_attack,420.000000,460.000000,0.001188,61.111111,0.015875,18,11,5940,11,18,38.888889,140.909091,1000,837000,3,0.000000,0.857143,1,2410,0,22738,0
517,baseline,120.000000,160.000000,0.001944,100.000000,0.015177,18,18,9720,18,18,0.000000,33.090123,1000,321636,3,1.000000,1.000000,0,1879,0,7035,0
517,attack_only,220.000000,260.000000,0.001944,100.000000,0.005789,18,18,9720,18,18,0.000000,30.164609,1000,293200,3,1.000000,1.000000,0,1857,0,11575,0
517,defense_only,320.000000,360.000000,0.001944,100.000000,0.012812,18,18,9720,18,18,0.000000,109.126337,1000,1060708,3,1.000000,1.000000,0,2479,0,17713,0
517,defense_vs_attack,420.000000,460.000000,0.001944,100.000000,0.007065,18,18,9720,18,18,0.000000,106.269136,1000,1032936,3,0.000000,0.897959,1,2597,0,24041,0
526,baseline,120.000000,160.000000,0.001944,100.000000,0.026427,18,18,9720,18,18,0.000000,27.132922,1000,263732,5,1.000000,1.000000,0,1652,0,6107,0
526,attack_only,220.000000,260.000000,0.000000,0.000000,0.000000,18,0,0,0,18,100.000000,0.000000,1000,280548,5,1.000000,1.000000,0,1626,0,10096,0
526,defense_only,320.000000,360.000000,0.001944,100.000000,0.013412,18,18,9720,18,18,0.000000,102.370370,1000,995040,5,1.000000,1.000000,0,2291,0,15610,0
526,defense_vs_attack,420.000000,460.000000,0.001944,100.000000,0.143345,18,18,9720,18,18,0.000000,100.590123,1000,977736,5,0.000000,0.795918,5,2334,0,21376,0
528,baseline,120.000000,160.000000,0.001944,100.000000,0.031460,18,18,9720,18,18,0.000000,29.576955,1000,287488,6,1.000000,1.000000,0,1839,0,6700,0
528,attack_only,220.000000,260.000000,0.001944,100.000000,0.011801,18,18,9720,18,18,0.000000,27.060905,1000,263032,6,1.000000,1.000000,0,1777,0,10964,0
528,defense_only,320.000000,360.000000,0.001944,100.000000,0.026153,18,18,9720,18,18,0.000000,101.207819,1000,983740,6,1.000000,1.000000,0,2569,0,17294,0
528,defense_vs_attack,420.000000,460.000000,0.001944,100.000000,0.015917,18,18,9720,18,18,0.000000,98.620576,1000,958592,6,0.000000,0.734694,1,2569,0,23555,0
529,baseline,120.000000,160.000000,0.001944,100.000000,0.035876,18,18,9720,18,18,0.000000,25.081893,1000,243796,7,1.000000,1.000000,0,1656,0,6052,0
529,attack_only,220.000000,260.000000,0.000000,0.000000,0.000000,18,0,0,0,18,100.000000,0.000000,1000,246732,7,1.000000,1.000000,0,1573,0,9885,0
529,defense_only,320.000000,360.000000,0.001944,100.000000,0.014951,18,18,9720,18,18,0.000000,103.714403,1000,1008104,7,1.000000,1.000000,0,2537,0,15760,0
529,defense_vs_attack,420.000000,460.000000,0.000324,25.000000,0.064473,12,3,1620,3,18,83.333333,505.385185,1000,818724,9,0.000000,0.816327,2,2716,0,21927,0
530,baseline,120.000000,160.000000,0.001944,100.000000,0.025221,18,18,9720,18,18,0.000000,27.267901,1000,265044,5,1.000000,1.000000,0,1689,0,6353,0
530,attack_only,220.000000,260.000000,0.000000,0.000000,0.000000,18,0,0,0,18,100.000000,0.000000,1000,274516,5,1.000000,1.000000,0,1678,0,10517,0
530,defense_only,320.000000,360.000000,0.001944,100.000000,0.016551,18,18,9720,18,18,0.000000,91.739095,1000,891704,5,1.000000,1.000000,0,2532,0,16539,0
530,defense_vs_attack,420.000000,460.000000,0.001080,55.555556,0.019053,18,10,5400,10,18,44.444444,162.632593,1000,878216,5,0.000000,0.836735,1,2505,0,22688,0
532,baseline,120.000000,160.000000,0.001944,100.000000,0.015509,18,18,9720,18,18,0.000000,30.964198,1000,300972,3,1.000000,1.000000,0,1729,0,6607,0
532,attack_only,220.000000,260.000000,0.001944,100.000000,0.005790,18,18,9720,18,18,0.000000,31.921811,1000,310280,3,1.000000,1.000000,0,1723,0,10802,0
532,defense_only,320.000000,360.000000,0.001944,100.000000,0.013950,18,18,9720,18,18,0.000000,86.766255,1000,843368,3,1.000000,1.000000,0,2374,0,16626,0
532,defense_vs_attack,420.000000,460.000000,0.001944,100.000000,0.007220,18,18,9720,18,18,0.000000,89.954321,1000,874356,3,0.000000,0.836735,1,2385,0,22495,0
533,baseline,120.000000,160.000000,0.001944,100.000000,0.015670,18,18,9720,18,18,0.000000,30.097942,1000,292552,3,1.000000,1.000000,0,1744,0,6684,0
533,attack_only,220.000000,260.000000,0.001944,100.000000,0.005992,18,18,9720,18,18,0.000000,30.411523,1000,295600,3,1.000000,1.000000,0,1769,0,10982,0
533,defense_only,320.000000,360.000000,0.001944,100.000000,0.013411,18,18,9720,18,18,0.000000,88.961728,1000,864708,3,1.000000,1.000000,0,2435,0,17030,0
533,defense_vs_attack,420.000000,460.000000,0.001404,72.222222,0.007780,18,13,7020,13,18,27.777778,122.250142,1000,858196,3,0.000000,0.857143,1,2600,0,23282,0
535,baseline,120.000000,160.000000,0.001944,100.000000,0.031638,18,18,9720,18,18,0.000000,32.274074,1000,313704,6,1.000000,1.000000,0,1845,0,6781,0
535,attack_only,220.000000,260.000000,0.001944,100.000000,0.012314,18,18,9720,18,18,0.000000,32.890947,1000,319700,6,1.000000,1.000000,0,1796,0,11165,0
535,defense_only,320.000000,360.000000,0.001944,100.000000,0.026994,18,18,9720,18,18,0.000000,80.474074,1000,782208,6,1.000000,1.000000,0,2414,0,16911,0
535,defense_vs_attack,420.000000,460.000000,0.001944,100.000000,0.015310,18,18,9720,18,18,0.000000,84.851852,1000,824760,6,0.000000,0.857143,1,2435,0,22740,0
536,baseline,120.000000,160.000000,0.001944,100.000000,0.036014,18,18,9720,18,18,0.000000,31.151029,1000,302788,7,1.000000,1.000000,0,1976,0,7252,0
536,attack_only,220.000000,260.000000,0.000000,0.000000,0.000000,18,0,0,0,18,100.000000,0.000000,1000,323604,8,1.000000,1.000000,0,1880,0,11847,0
536,defense_only,320.000000,360.000000,0.001944,100.000000,0.014323,18,18,9720,18,18,0.000000,81.062963,1000,787932,7,1.000000,1.000000,0,2696,0,18340,0
536,defense_vs_attack,420.000000,460.000000,0.001188,61.111111,0.030389,18,11,5940,11,18,38.888889,139.452525,1000,828348,7,0.000000,0.897959,1,2594,0,24612,0
539,baseline,120.000000,160.000000,0.001944,100.000000,0.021393,18,18,9720,18,18,0.000000,26.268313,1000,255328,4,1.000000,1.000000,0,1704,0,6443,0
539,attack_only,220.000000,260.000000,0.000000,0.000000,0.000000,18,0,0,0,18,100.000000,0.000000,1000,271184,4,1.000000,1.000000,0,1708,0,10647,0
539,defense_only,320.000000,360.000000,0.001944,100.000000,0.011027,18,18,9720,18,18,0.000000,86.866667,1000,844344,4,1.000000,1.000000,0,2564,0,16923,0
539,defense_vs_attack,420.000000,460.000000,0.001080,55.555556,0.013494,18,10,5400,10,18,44.444444,159.906667,1000,863496,4,0.000000,0.897959,1,2507,0,23153,0
537,baseline,120.000000,160.000000,0.001944,100.000000,0.021251,18,18,9720,18,18,0.000000,31.076132,1000,302060,4,1.000000,1.000000,0,1806,0,6802,0
537,attack_only,220.000000,260.000000,0.001944,100.000000,0.008001,18,18,9720,18,18,0.000000,31.944033,1000,310496,4,1.000000,1.000000,0,1802,0,11110,0
537,defense_only,320.000000,360.000000,0.001944,100.000000,0.018073,18,18,9720,18,18,0.000000,99.240329,1000,964616,4,1.000000,1.000000,0,2535,0,17105,0
537,defense_vs_attack,420.000000,460.000000,0.001944,100.000000,0.010731,18,18,9720,18,18,0.000000,99.144856,1000,963688,4,0.000000,0.816327,1,2452,0,23074,0
542,baseline,120.000000,160.000000,0.001944,100.000000,0.047130,18,18,9720,18,18,0.000000,24.537860,1000,238508,9,1.000000,1.000000,0,1711,0,6164,0
542,attack_only,220.000000,260.000000,0.000000,0.000000,0.000000,18,0,0,0,18,100.000000,0.000000,1000,230916,9,1.000000,1.000000,0,1600,0,9997,0
542,defense_only,320.000000,360.000000,0.001944,100.000000,0.041398,18,18,9720,18,18,0.000000,82.556790,1000,802452,9,1.000000,1.000000,0,2553,0,16011,0
542,defense_vs_attack,420.000000,460.000000,0.001188,61.111111,0.024157,18,11,5940,11,18,38.888889,137.420202,1000,816276,9,0.000000,0.857143,2,2598,0,22077,0
547,baseline,120.000000,160.000000,0.001944,100.000000,0.015165,18,18,9720,18,18,0.000000,30.504938,1000,296508,3,1.000000,1.000000,0,1713,0,6540,0
547,attack_only,220.000000,260.000000,0.001944,100.000000,0.005788,18,18,9720,18,18,0.000000,32.123457,1000,312240,3,1.000000,1.000000,0,1738,0,10768,0
547,defense_only,320.000000,360.000000,0.001944,100.000000,0.015815,18,18,9720,18,18,0.000000,101.934156,1000,990800,3,1.000000,1.000000,0,2295,0,16473,0
547,defense_vs_attack,420.000000,460.000000,0.001944,100.000000,0.006428,18,18,9720,18,18,0.000000,103.190947,1000,1003016,3,0.000000,0.877551,1,2368,0,22363,0
557,baseline,120.000000,160.000000,0.001944,100.000000,0.043158,18,18,9720,18,18,0.000000,23.982305,1000,233108,8,1.000000,1.000000,0,1784,0,6404,0
557,attack_only,220.000000,260.000000,0.001944,100.000000,0.016919,18,18,9720,18,18,0.000000,25.592593,1000,248760,8,1.000000,1.000000,0,1824,0,10736,0
557,defense_only,320.000000,360.000000,0.001944,100.000000,0.035039,18,18,9720,18,18,0.000000,86.710288,1000,842824,8,1.000000,1.000000,0,2482,0,16749,0
557,defense_vs_attack,420.000000,460.000000,0.001944,100.000000,0.019487,18,18,9720,18,18,0.000000,84.896708,1000,825196,8,0.000000,0.918367,1,2557,0,22918,0
553,baseline,120.000000,160.000000,0.001944,100.000000,0.026148,18,18,9720,18,18,0.000000,29.611523,1000,287824,5,1.000000,1.000000,0,1740,0,6523,0
553,attack_only,220.000000,260.000000,0.001944,100.000000,0.010552,18,18,9720,18,18,0.000000,31.160905,1000,302884,5,1.000000,1.000000,0,1735,0,10747,0
553,defense_only,320.000000,360.000000,0.001944,100.000000,0.022092,18,18,9720,18,18,0.000000,105.351852,1000,1024020,5,1.000000,1.000000,0,2457,0,16716,0
553,defense_vs_attack,420.000000,460.000000,0.001944,100.000000,0.014752,18,18,9720,18,18,0.000000,101.884774,1000,990320,5,0.000000,0.755102,1,2459,0,22690,0
565,baseline,120.000000,160.000000,0.001944,100.000000,0.015183,18,18,9720,18,18,0.000000,27.982305,1000,271988,3,1.000000,1.000000,0,1637,0,6183,0
565,attack_only,220.000000,260.000000,0.000000,0.000000,0.000000,18,0,0,0,18,100.000000,0.000000,1000,285200,4,1.000000,1.000000,0,1610,0,10110,0
565,defense_only,320.000000,360.000000,0.001944,100.000000,0.008294,18,18,9720,18,18,0.000000,91.304527,1000,887480,3,1.000000,1.000000,0,2242,0,15702,0
565,defense_vs_attack,420.000000,460.000000,0.001296,66.666667,0.011377,18,12,6480,12,18,33.333333,143.123457,1000,927440,3,0.000000,0.775510,1,2387,0,21540,0
568,baseline,120.000000,160.000000,0.001944,100.000000,0.021686,18,18,9720,18,18,0.000000,34.496708,1000,335308,4,1.000000,1.000000,0,1926,0,7126,0
568,attack_only,220.000000,260.000000,0.001944,100.000000,0.008413,18,18,9720,18,18,0.000000,34.023045,1000,330704,4,1.000000,1.000000,0,1861,0,11662,0
568,defense_only,320.000000,360.000000,0.001944,100.000000,0.019023,18,18,9720,18,18,0.000000,92.317695,1000,897328,4,1.000000,1.000000,0,2540,0,17693,0
568,defense_vs_attack,420.000000,460.000000,0.001944,100.000000,0.017430,18,18,9720,18,18,0.000000,94.774074,1000,921204,4,0.000000,0.857143,1,2417,0,23621,0
573,baseline,120.000000,160.000000,0.001944,100.000000,0.030948,18,18,9720,18,18,0.000000,28.271605,1000,274800,6,1.000000,1.000000,0,1837,0,6847,0
573,attack_only,220.000000,260.000000,0.001944,100.000000,0.013069,18,18,9720,18,18,0.000000,28.144033,1000,273560,6,1.000000,1.000000,0,1793,0,11244,0
573,defense_only,320.000000,360.000000,0.001944,100.000000,0.025370,18,18,9720,18,18,0.000000,80.519753,1000,782652,6,1.000000,1.000000,0,2614,0,17509,0
573,defense_vs_attack,420.000000,460.000000,0.001836,94.444444,0.018652,18,17,9180,17,18,5.555556,92.265359,1000,846996,6,0.000000,0.897959,1,2732,0,24075,0
570,baseline,120.000000,160.000000,0.001944,100.000000,0.020782,18,18,9720,18,18,0.000000,23.202469,1000,225528,4,1.000000,1.000000,0,1607,0,6198,0
570,attack_only,220.000000,260.000000,0.001944,100.000000,0.007794,18,18,9720,18,18,0.000000,22.247325,1000,216244,4,1.000000,1.000000,0,1599,0,10097,0
570,defense_only,320.000000,360.000000,0.001944,100.000000,0.020229,18,18,9720,18,18,0.000000,91.880658,1000,893080,4,1.000000,1.000000,0,2577,0,16302,0
570,defense_vs_attack,420.000000,460.000000,0.001944,100.000000,0.008308,18,18,9720,18,18,0.000000,87.967078,1000,855040,4,0.000000,0.877551,1,2532,0,22500,0
571,baseline,120.000000,160.000000,0.001944,100.000000,0.015060,18,18,9720,18,18,0.000000,29.193416,1000,283760,3,1.000000,1.000000,0,1682,0,6354,0
571,attack_only,220.000000,260.000000,0.001944,100.000000,0.006047,18,18,9720,18,18,0.000000,30.957202,1000,300904,3,1.000000,1.000000,0,1666,0,10432,0
571,defense_only,320.000000,360.000000,0.001944,100.000000,0.013796,18,18,9720,18,18,0.000000,100.649794,1000,978316,3,1.000000,1.000000,0,2373,0,16284,0
571,defense_vs_attack,420.000000,460.000000,0.001944,100.000000,0.007281,18,18,9720,18,18,0.000000,103.833745,1000,1009264,3,0.000000,0.816327,1,2516,0,22351,0
575,baseline,120.000000,160.000000,0.001944,100.000000,0.041676,18,18,9720,18,18,0.000000,37.213992,1000,361720,8,1.000000,1.000000,0,1983,0,7268,0
575,attack_only,220.000000,260.000000,0.001944,100.000000,0.028496,18,18,9720,18,18,0.000000,37.428807,1000,363808,8,1.000000,1.000000,0,1987,0,11992,0
575,defense_only,320.000000,360.000000,0.001944,100.000000,0.025324,18,18,9720,18,18,0.000000,101.412757,1000,985732,8,1.000000,1.000000,0,2531,0,17911,0
575,defense_vs_attack,420.000000,460.000000,0.001944,100.000000,0.028061,18,18,9720,18,18,0.000000,101.108642,1000,982776,8,0.000000,0.857143,1,2559,0,24060,0
576,baseline,120.000000,160.000000,0.001944,100.000000,0.026154,18,18,9720,18,18,0.000000,34.545679,1000,335784,5,1.000000,1.000000,0,1875,0,7054,0
576,attack_only,220.000000,260.000000,0.001944,100.000000,0.009797,18,18,9720,18,18,0.000000,34.454733,1000,334900,5,1.000000,1.000000,0,1857,0,11575,0
576,defense_only,320.000000,360.000000,0.001944,100.000000,0.023599,18,18,9720,18,18,0.000000,87.593004,1000,851404,5,1.000000,1.000000,0,2387,0,17498,0
576,defense_vs_attack,420.000000,460.000000,0.001944,100.000000,0.013406,18,18,9720,18,18,0.000000,91.456790,1000,888960,5,0.000000,0.795918,1,2418,0,23536,0
577,baseline,120.000000,160.000000,0.001944,100.000000,0.021566,18,18,9720,18,18,0.000000,30.899588,1000,300344,4,1.000000,1.000000,0,1732,0,6513,0
577,attack_only,220.000000,260.000000,0.001944,100.000000,0.008478,18,18,9720,18,18,0.000000,31.262551,1000,303872,4,1.000000,1.000000,0,1716,0,10713,0
577,defense_only,320.000000,360.000000,0.001944,100.000000,0.016024,18,18,9720,18,18,0.000000,89.548971,1000,870416,4,1.000000,1.000000,0,2392,0,16433,0
577,defense_vs_attack,420.000000,460.000000,0.001512,77.777778,0.012254,18,14,7560,14,18,22.222222,115.887302,1000,876108,4,0.000000,0.816327,1,2450,0,22352,0
579,baseline,120.000000,160.000000,0.001944,100.000000,0.016104,18,18,9720,18,18,0.000000,22.876543,1000,222360,3,1.000000,1.000000,0,1688,0,6411,0
579,attack_only,220.000000,260.000000,0.001944,100.000000,0.005861,18,18,9720,18,18,0.000000,24.195473,1000,235180,3,1.000000,1.000000,0,1716,0,10603,0
579,defense_only,320.000000,360.000000,0.001944,100.000000,0.012812,18,18,9720,18,18,0.000000,80.395885,1000,781448,3,1.000000,1.000000,0,2571,0,16887,0
579,defense_vs_attack,420.000000,460.000000,0.001944,100.000000,0.007513,18,18,9720,18,18,0.000000,79.582305,1000,773540,3,0.000000,0.959184,1,2613,0,23221,0
580,baseline,120.000000,160.000000,0.001944,100.000000,0.016635,18,18,9720,18,18,0.000000,31.033333,1000,301644,3,1.000000,1.000000,0,1810,0,6877,0
580,attack_only,220.000000,260.000000,0.000000,0.000000,0.000000,18,0,0,0,18,100.000000,0.000000,1000,301936,4,1.000000,1.000000,0,1764,0,11255,0
580,defense_only,320.000000,360.000000,0.001944,100.000000,0.006282,18,18,9720,18,18,0.000000,95.239918,1000,925732,3,1.000000,1.000000,0,2501,0,17309,0
580,defense_vs_attack,420.000000,460.000000,0.001944,100.000000,0.012384,18,18,9720,18,18,0.000000,90.904115,1000,883588,3,0.000000,0.816327,1,2416,0,23275,0
584,baseline,120.000000,160.000000,0.001944,100.000000,0.026018,18,18,9720,18,18,0.000000,32.346091,1000,314404,5,1.000000,1.000000,0,1807,0,6835,0
584,attack_only,220.000000,260.000000,0.000000,0.000000,0.000000,18,0,0,0,18,100.000000,0.000000,1000,315744,5,1.000000,1.000000,0,1761,0,11198,0
584,defense_only,320.000000,360.000000,0.001944,100.000000,0.015051,18,18,9720,18,18,0.000000,92.656379,1000,900620,5,1.000000,1.000000,0,2526,0,17235,0
584,defense_vs_attack,420.000000,460.000000,0.001944,100.000000,0.035228,18,18,9720,18,18,0.000000,88.077366,1000,856112,6,0.000000,0.877551,1,2663,0,23616,0
583,baseline,120.000000,160.000000,0.001944,100.000000,0.015717,18,18,9720,18,18,0.000000,30.838683,1000,299752,3,1.000000,1.000000,0,1759,0,6735,0
583,attack_only,220.000000,260.000000,0.001944,100.000000,0.005875,18,18,9720,18,18,0.000000,31.901646,1000,310084,3,1.000000,1.000000,0,1791,0,11154,0
583,defense_only,320.000000,360.000000,0.001944,100.000000,0.014858,18,18,9720,18,18,0.000000,97.934979,1000,951928,3,1.000000,1.000000,0,2447,0,17208,0
583,defense_vs_attack,420.000000,460.000000,0.001944,100.000000,0.007171,18,18,9720,18,18,0.000000,95.713992,1000,930340,3,0.000000,0.877551,1,2469,0,23352,0
585,baseline,120.000000,160.000000,0.001944,100.000000,0.015935,18,18,9720,18,18,0.000000,26.290947,1000,255548,3,1.000000,1.000000,0,1731,0,6503,0
585,attack_only,220.000000,260.000000,0.001944,100.000000,0.005789,18,18,9720,18,18,0.000000,26.817695,1000,260668,3,1.000000,1.000000,0,1725,0,10703,0
585,defense_only,320.000000,360.000000,0.001944,100.000000,0.012812,18,18,9720,18,18,0.000000,92.752263,1000,901552,3,1.000000,1.000000,0,2513,0,16981,0
585,defense_vs_attack,420.000000,460.000000,0.001944,100.000000,0.007750,18,18,9720,18,18,0.000000,91.023457,1000,884748,3,0.000000,0.877551,1,2578,0,23272,0
589,baseline,120.000000,160.000000,0.001944,100.000000,0.025762,18,18,9720,18,18,0.000000,27.293827,1000,265296,5,1.000000,1.000000,0,1717,0,6508,0
589,attack_only,220.000000,260.000000,0.000000,0.000000,0.000000,18,0,0,0,18,100.000000,0.000000,1000,260556,5,1.000000,1.000000,0,1654,0,10652,0
589,defense_only,320.000000,360.000000,0.001944,100.000000,0.010338,18,18,9720,18,18,0.000000,98.074074,1000,953280,5,1.000000,1.000000,0,2598,0,16931,0
589,defense_vs_attack,420.000000,460.000000,0.001512,77.777778,0.023201,18,14,7560,14,18,22.222222,125.670370,1000,950068,5,0.000000,0.857143,1,2594,0,23240,0
592,baseline,120.000000,160.000000,0.001944,100.000000,0.020618,18,18,9720,18,18,0.000000,28.807407,1000,280008,4,1.000000,1.000000,0,1769,0,6775,0
592,attack_only,220.000000,260.000000,0.001944,100.000000,0.008084,18,18,9720,18,18,0.000000,29.390535,1000,285676,4,1.000000,1.000000,0,1808,0,11187,0
592,defense_only,320.000000,360.000000,0.001944,100.000000,0.017634,18,18,9720,18,18,0.000000,88.448971,1000,859724,4,1.000000,1.000000,0,2543,0,17273,0
592,defense_vs_attack,420.000000,460.000000,0.001944,100.000000,0.009499,18,18,9720,18,18,0.000000,87.146091,1000,847060,4,0.000000,0.897959,1,2426,0,23337,0
591,baseline,120.000000,160.000000,0.001944,100.000000,0.031918,18,18,9720,18,18,0.000000,28.944856,1000,281344,5,1.000000,1.000000,0,1733,0,6285,0
591,attack_only,220.000000,260.000000,0.001944,100.000000,0.012187,18,18,9720,18,18,0.000000,29.958025,1000,291192,5,1.000000,1.000000,0,1730,0,10419,0
591,defense_only,320.000000,360.000000,0.001944,100.000000,0.018856,18,18,9720,18,18,0.000000,102.797119,1000,999188,5,1.000000,1.000000,0,2458,0,16416,0
591,defense_vs_attack,420.000000,460.000000,0.001944,100.000000,0.016453,18,18,9720,18,18,0.000000,99.770782,1000,969772,5,0.000000,0.897959,1,2431,0,22385,0
594,baseline,120.000000,160.000000,0.001944,100.000000,0.020313,18,18,9720,18,18,0.000000,29.809877,1000,289752,4,1.000000,1.000000,0,1775,0,6655,0
594,attack_only,220.000000,260.000000,0.001944,100.000000,0.007794,18,18,9720,18,18,0.000000,30.734156,1000,298736,4,1.000000,1.000000,0,1742,0,10901,0
594,defense_only,320.000000,360.000000,0.001944,100.000000,0.077732,18,18,9720,18,18,0.000000,96.330041,1000,936328,4,1.000000,1.000000,0,2455,0,16728,0
594,defense_vs_attack,420.000000,460.000000,0.001944,100.000000,0.010434,18,18,9720,18,18,0.000000,93.743210,1000,911184,4,0.000000,0.877551,1,2361,0,22645,0
596,baseline,120.000000,160.000000,0.001944,100.000000,0.063736,18,18,9720,18,18,0.000000,23.300000,1000,226476,12,1.000000,1.000000,0,1850,0,6550,0
596,attack_only,220.000000,260.000000,0.001944,100.000000,0.024853,18,18,9720,18,18,0.000000,23.428807,1000,227728,12,1.000000,1.000000,0,1880,0,10864,0
596,defense_only,320.000000,360.000000,0.001944,100.000000,0.051132,18,18,9720,18,18,0.000000,86.981070,1000,845456,12,1.000000,1.000000,0,2924,0,17664,0
596,defense_vs_attack,420.000000,460.000000,0.001944,100.000000,0.030097,18,18,9720,18,18,0.000000,88.139095,1000,856712,12,0.000000,0.857143,1,2902,0,24621,0
597,baseline,120.000000,160.000000,0.001944,100.000000,0.030961,18,18,9720,18,18,0.000000,23.853909,1000,231860,6,1.000000,1.000000,0,1694,0,6237,0
597,attack_only,220.000000,260.000000,0.001944,100.000000,0.024908,18,18,9720,18,18,0.000000,24.436214,1000,237520,6,1.000000,1.000000,0,1680,0,10230,0
597,defense_only,320.000000,360.000000,0.001944,100.000000,0.017284,18,18,9720,18,18,0.000000,87.959671,1000,854968,6,1.000000,1.000000,0,2572,0,16334,0
597,defense_vs_attack,420.000000,460.000000,0.001944,100.000000,0.022519,18,18,9720,18,18,0.000000,94.443210,1000,917988,6,0.000000,0.857143,1,2468,0,22520,0
604,baseline,120.000000,160.000000,0.001944,100.000000,0.048693,18,18,9720,18,18,0.000000,29.809053,1000,289744,9,1.000000,1.000000,0,1923,0,6937,0
604,attack_only,220.000000,260.000000,0.001944,100.000000,0.018855,18,18,9720,18,18,0.000000,30.244444,1000,293976,9,1.000000,1.000000,0,1884,0,11427,0
604,defense_only,320.000000,360.000000,0.001944,100.000000,0.039055,18,18,9720,18,18,0.000000,79.169547,1000,769528,9,1.000000,1.000000,0,2507,0,17427,0
604,defense_vs_attack,420.000000,460.000000,0.001620,83.333333,0.025430,18,15,8100,15,18,16.666667,95.124444,1000,770508,9,0.000000,0.877551,1,2618,0,23461,0
603,baseline,120.000000,160.000000,0.001944,100.000000,0.015262,18,18,9720,18,18,0.000000,28.837037,1000,280296,3,1.000000,1.000000,0,1583,0,6093,0
603,attack_only,220.000000,260.000000,0.001944,100.000000,0.006035,18,18,9720,18,18,0.000000,29.866667,1000,290304,3,1.000000,1.000000,0,1622,0,10009,0
603,defense_only,320.000000,360.000000,0.001944,100.000000,0.014371,18,18,9720,18,18,0.000000,112.471605,1000,1093224,3,1.000000,1.000000,0,2227,0,15453,0
603,defense_vs_attack,420.000000,460.000000,0.001944,100.000000,0.007594,18,18,9720,18,18,0.000000,112.729630,1000,1095732,3,0.000000,0.877551,1,2261,0,21020,0
606,baseline,120.000000,160.000000,0.001944,100.000000,0.086519,18,18,9720,18,18,0.000000,22.394239,1000,217672,6,1.000000,1.000000,0,1589,0,5938,0
606,attack_only,220.000000,260.000000,0.001944,100.000000,0.012546,18,18,9720,18,18,0.000000,22.390535,1000,217636,6,1.000000,1.000000,0,1567,0,9711,0
606,defense_only,320.000000,360.000000,0.001944,100.000000,0.027085,18,18,9720,18,18,0.000000,94.161317,1000,915248,6,1.000000,1.000000,0,2430,0,15656,0
606,defense_vs_attack,420.000000,460.000000,0.001944,100.000000,0.014560,18,18,9720,18,18,0.000000,90.848971,1000,883052,6,0.000000,0.836735,1,2463,0,21644,0
609,baseline,120.000000,160.000000,0.001944,100.000000,0.015763,18,18,9720,18,18,0.000000,21.207819,1000,206140,3,1.000000,1.000000,0,1585,0,5977,0
609,attack_only,220.000000,260.000000,0.001944,100.000000,0.005789,18,18,9720,18,18,0.000000,19.474897,1000,189296,3,1.000000,1.000000,0,1533,0,9745,0
609,defense_only,320.000000,360.000000,0.001944,100.000000,0.012812,18,18,9720,18,18,0.000000,88.863374,1000,863752,3,1.000000,1.000000,0,2446,0,15682,0
609,defense_vs_attack,420.000000,460.000000,0.001944,100.000000,0.007548,18,18,9720,18,18,0.000000,88.695473,1000,862120,3,0.000000,0.918367,1,2527,0,21903,0
611,baseline,120.000000,160.000000,0.001944,100.000000,0.030911,18,18,9720,18,18,0.000000,31.483539,1000,306020,6,1.000000,1.000000,0,1838,0,6970,0
611,attack_only,220.000000,260.000000,0.001944,100.000000,0.011893,18,18,9720,18,18,0.000000,30.932099,1000,300660,6,1.000000,1.000000,0,1871,0,11494,0
611,defense_only,320.000000,360.000000,0.001944,100.000000,0.026064,18,18,9720,18,18,0.000000,85.359671,1000,829696,6,1.000000,1.000000,0,2543,0,17505,0
611,defense_vs_attack,420.000000,460.000000,0.001944,100.000000,0.014446,18,18,9720,18,18,0.000000,87.824691,1000,853656,6,0.000000,0.857143,1,2600,0,23697,0
614,baseline,120.000000,160.000000,0.001944,100.000000,0.020559,18,18,9720,18,18,0.000000,32.854733,1000,319348,4,1.000000,1.000000,0,1964,0,7308,0
614,attack_only,220.000000,260.000000,0.001944,100.000000,0.007794,18,18,9720,18,18,0.000000,33.090535,1000,321640,4,1.000000,1.000000,0,1931,0,12078,0
614,defense_only,320.000000,360.000000,0.001944,100.000000,0.017795,18,18,9720,18,18,0.000000,91.798765,1000,892284,4,1.000000,1.000000,0,2616,0,18351,0
614,defense_vs_attack,420.000000,460.000000,0.001944,100.000000,0.009715,18,18,9720,18,18,0.000000,87.350617,1000,849048,4,0.000000,0.857143,1,2632,0,24688,0
613,baseline,120.000000,160.000000,0.001944,100.000000,0.041538,18,18,9720,18,18,0.000000,26.402881,1000,256636,8,1.000000,1.000000,0,1829,0,6756,0
613,attack_only,220.000000,260.000000,0.001944,100.000000,0.016135,18,18,9720,18,18,0.000000,26.025926,1000,252972,8,1.000000,1.000000,0,1849,0,11236,0
613,defense_only,320.000000,360.000000,0.001944,100.000000,0.034513,18,18,9720,18,18,0.000000,89.164198,1000,866676,8,1.000000,1.000000,0,2793,0,17885,0
613,defense_vs_attack,420.000000,460.000000,0.001944,100.000000,0.021294,18,18,9720,18,18,0.000000,93.110288,1000,905032,8,0.000000,0.836735,1,2773,0,24575,0
616,baseline,120.000000,160.000000,0.001944,100.000000,0.015585,18,18,9720,18,18,0.000000,32.129630,1000,312300,3,1.000000,1.000000,0,1779,0,6680,0
616,attack_only,220.000000,260.000000,0.001944,100.000000,0.005788,18,18,9720,18,18,0.000000,32.211523,1000,313096,3,1.000000,1.000000,0,1748,0,10991,0
616,defense_only,320.000000,360.000000,0.001944,100.000000,0.013149,18,18,9720,18,18,0.000000,94.310288,1000,916696,3,1.000000,1.000000,0,2471,0,16912,0
616,defense_vs_attack,420.000000,460.000000,0.001944,100.000000,0.007564,18,18,9720,18,18,0.000000,93.475309,1000,908580,3,0.000000,0.816327,1,2430,0,22895,0
621,baseline,120.000000,160.000000,0.001944,100.000000,0.015576,18,18,9720,18,18,0.000000,25.069136,1000,243672,3,1.000000,1.000000,0,1629,0,6261,0
621,attack_only,220.000000,260.000000,0.001944,100.000000,0.005881,18,18,9720,18,18,0.000000,24.803292,1000,241088,3,1.000000,1.000000,0,1623,0,10229,0
621,defense_only,320.000000,360.000000,0.001944,100.000000,0.013665,18,18,9720,18,18,0.000000,80.067901,1000,778260,3,1.000000,1.000000,0,2484,0,16146,0
621,defense_vs_attack,420.000000,460.000000,0.001944,100.000000,0.008223,18,18,9720,18,18,0.000000,84.244856,1000,818860,3,0.000000,0.795918,1,2521,0,22247,0
623,baseline,120.000000,160.000000,0.001944,100.000000,0.015299,18,18,9720,18,18,0.000000,20.234156,1000,196676,3,1.000000,1.000000,0,1511,0,5690,0
623,attack_only,220.000000,260.000000,0.001944,100.000000,0.005789,18,18,9720,18,18,0.000000,21.824280,1000,212132,3,1.000000,1.000000,0,1482,0,9355,0
623,defense_only,320.000000,360.000000,0.001944,100.000000,0.012812,18,18,9720,18,18,0.000000,83.204115,1000,808744,3,1.000000,1.000000,0,2381,0,15160,0
623,defense_vs_attack,420.000000,460.000000,0.001944,100.000000,0.007066,18,18,9720,18,18,0.000000,81.575309,1000,792912,3,0.000000,0.857143,1,2362,0,20964,0
619,baseline,120.000000,160.000000,0.001944,100.000000,0.020205,18,18,9720,18,18,0.000000,28.886831,1000,280780,4,1.000000,1.000000,0,1739,0,6485,0
619,attack_only,220.000000,260.000000,0.000000,0.000000,0.000000,18,0,0,0,18,100.000000,0.000000,1000,278356,5,1.000000,1.000000,0,1653,0,10603,0
619,defense_only,320.000000,360.000000,0.001944,100.000000,0.013095,18,18,9720,18,18,0.000000,96.579424,1000,938752,4,1.000000,1.000000,0,2437,0,16500,0
619,defense_vs_attack,420.000000,460.000000,0.001080,55.555556,0.013238,18,10,5400,10,18,44.444444,186.310370,1000,1006076,4,0.000000,0.693878,1,2400,0,22589,0
632,baseline,120.000000,160.000000,0.001944,100.000000,0.020440,18,18,9720,18,18,0.000000,34.592593,1000,336240,4,1.000000,1.000000,0,1971,0,7272,0
632,attack_only,220.000000,260.000000,0.001944,100.000000,0.007952,18,18,9720,18,18,0.000000,33.505350,1000,325672,4,1.000000,1.000000,0,1993,0,12207,0
632,defense_only,320.000000,360.000000,0.001944,100.000000,0.016898,18,18,9720,18,18,0.000000,89.225514,1000,867272,4,1.000000,1.000000,0,2662,0,18571,0
632,defense_vs_attack,420.000000,460.000000,0.001944,100.000000,0.009871,18,18,9720,18,18,0.000000,87.350617,1000,849048,4,0.000000,0.897959,1,2547,0,25026,0
639,baseline,120.000000,160.000000,0.001944,100.000000,0.015674,18,18,9720,18,18,0.000000,26.275720,1000,255400,3,1.000000,1.000000,0,1638,0,6227,0
639,attack_only,220.000000,260.000000,0.001944,100.000000,0.005990,18,18,9720,18,18,0.000000,27.319753,1000,265548,3,1.000000,1.000000,0,1696,0,10346,0
639,defense_only,320.000000,360.000000,0.001944,100.000000,0.013417,18,18,9720,18,18,0.000000,88.557613,1000,860780,3,1.000000,1.000000,0,2423,0,16185,0
639,defense_vs_attack,420.000000,460.000000,0.001944,100.000000,0.007684,18,18,9720,18,18,0.000000,94.528395,1000,918816,3,0.000000,0.897959,1,2515,0,22286,0
641,baseline,120.000000,160.000000,0.001944,100.000000,0.026115,18,18,9720,18,18,0.000000,28.941152,1000,281308,5,1.000000,1.000000,0,1786,0,6611,0
641,attack_only,220.000000,260.000000,0.001944,100.000000,0.010027,18,18,9720,18,18,0.000000,29.639095,1000,288092,5,1.000000,1.000000,0,1787,0,10936,0
641,defense_only,320.000000,360.000000,0.001944,100.000000,0.022949,18,18,9720,18,18,0.000000,85.460082,1000,830672,5,1.000000,1.000000,0,2457,0,16872,0
641,defense_vs_attack,420.000000,460.000000,0.001944,100.000000,0.013958,18,18,9720,18,18,0.000000,83.857202,1000,815092,5,0.000000,0.918367,1,2441,0,22922,0
640,baseline,120.000000,160.000000,0.001944,100.000000,0.015891,18,18,9720,18,18,0.000000,32.865432,1000,319452,3,1.000000,1.000000,0,1762,0,6653,0
640,attack_only,220.000000,260.000000,0.001944,100.000000,0.005903,18,18,9720,18,18,0.000000,34.076955,1000,331228,3,1.000000,1.000000,0,1725,0,10921,0
640,defense_only,320.000000,360.000000,0.001944,100.000000,0.013117,18,18,9720,18,18,0.000000,104.324691,1000,1014036,3,1.000000,1.000000,0,2406,0,16786,0
640,defense_vs_attack,420.000000,460.000000,0.001944,100.000000,0.007454,18,18,9720,18,18,0.000000,101.637860,1000,987920,3,0.000000,0.877551,1,2412,0,22719,0
642,baseline,120.000000,160.000000,0.001944,100.000000,0.015779,18,18,9720,18,18,0.000000,28.100412,1000,273136,3,1.000000,1.000000,0,1627,0,6237,0
642,attack_only,220.000000,260.000000,0.001944,100.000000,0.005789,18,18,9720,18,18,0.000000,27.636626,1000,268628,3,1.000000,1.000000,0,1625,0,10199,0
642,defense_only,320.000000,360.000000,0.001944,100.000000,0.013801,18,18,9720,18,18,0.000000,96.807819,1000,940972,3,1.000000,1.000000,0,2366,0,15969,0
642,defense_vs_attack,420.000000,460.000000,0.001080,55.555556,0.008418,18,10,5400,10,18,44.444444,181.251111,1000,978756,3,0.000000,0.816327,1,2396,0,21894,0
643,baseline,120.000000,160.000000,0.001944,100.000000,0.031257,18,18,9720,18,18,0.000000,27.217284,1000,264552,6,1.000000,1.000000,0,1784,0,6559,0
643,attack_only,220.000000,260.000000,0.000000,0.000000,0.000000,18,0,0,0,18,100.000000,0.000000,1000,270848,6,1.000000,1.000000,0,1705,0,10685,0
643,defense_only,320.000000,360.000000,0.001836,94.444444,0.020716,18,17,9180,17,18,5.555556,104.708061,1000,961220,6,1.000000,1.000000,0,2536,0,16813,0
643,defense_vs_attack,420.000000,460.000000,0.001512,77.777778,0.019725,18,14,7560,14,18,22.222222,124.743386,1000,943060,6,0.000000,0.857143,1,2534,0,22913,0
646,baseline,120.000000,160.000000,0.001944,100.000000,0.025071,18,18,9720,18,18,0.000000,31.578601,1000,306944,5,1.000000,1.000000,0,1772,0,6590,0
646,attack_only,220.000000,260.000000,0.001944,100.000000,0.010181,18,18,9720,18,18,0.000000,31.528395,1000,306456,5,1.000000,1.000000,0,1774,0,10879,0
646,defense_only,320.000000,360.000000,0.001944,100.000000,0.021635,18,18,9720,18,18,0.000000,104.348148,1000,1014264,5,1.000000,1.000000,0,2419,0,16656,0
646,defense_vs_attack,420.000000,460.000000,0.001944,100.000000,0.013480,18,18,9720,18,18,0.000000,102.861728,1000,999816,5,0.000000,0.857143,1,2466,0,22602,0
647,baseline,120.000000,160.000000,0.001944,100.000000,0.031223,18,18,9720,18,18,0.000000,25.144856,1000,244408,6,1.000000,1.000000,0,1658,0,6090,0
647,attack_only,220.000000,260.000000,0.000000,0.000000,0.000000,18,0,0,0,18,100.000000,0.000000,1000,219372,7,1.000000,1.000000,0,1561,0,9870,0
647,defense_only,320.000000,360.000000,0.001944,100.000000,0.019452,18,18,9720,18,18,0.000000,90.678189,1000,881392,6,1.000000,1.000000,0,2435,0,15649,0
647,defense_vs_attack,420.000000,460.000000,0.001404,72.222222,0.026495,18,13,7020,13,18,27.777778,121.667236,1000,854104,7,0.000000,0.897959,1,2686,0,21795,0
652,baseline,120.000000,160.000000,0.001944,100.000000,0.036198,18,18,9720,18,18,0.000000,28.994650,1000,281828,7,1.000000,1.000000,0,1864,0,6663,0
652,attack_only,220.000000,260.000000,0.000000,0.000000,0.000000,18,0,0,0,18,100.000000,0.000000,1000,265892,7,1.000000,1.000000,0,1740,0,10883,0
652,defense_only,320.000000,360.000000,0.001944,100.000000,0.024914,18,18,9720,18,18,0.000000,91.059671,1000,885100,7,1.000000,1.000000,0,2608,0,17006,0
652,defense_vs_attack,420.000000,460.000000,0.000108,7.692308,1.074390,13,1,540,1,18,94.444444,1383.703704,1000,747200,0,0.000000,0.816327,4,2664,0,23353,0
660,baseline,120.000000,160.000000,0.001944,100.000000,0.025601,18,18,9720,18,18,0.000000,31.713580,1000,308256,5,1.000000,1.000000,0,1774,0,6567,0
660,attack_only,220.000000,260.000000,0.001944,100.000000,0.009896,18,18,9720,18,18,0.000000,32.119753,1000,312204,5,1.000000,1.000000,0,1725,0,10808,0
660,defense_only,320.000000,360.000000,0.001944,100.000000,0.025267,18,18,9720,18,18,0.000000,98.725926,1000,959616,5,1.000000,1.000000,0,2340,0,16413,0
660,defense_vs_attack,420.000000,460.000000,0.001836,94.444444,0.018564,18,17,9180,17,18,5.555556,101.197386,1000,928992,5,0.000000,0.816327,1,2407,0,22221,0
666,baseline,120.000000,160.000000,0.001944,100.000000,0.015446,18,18,9720,18,18,0.000000,25.713580,1000,249936,3,1.000000,1.000000,0,1622,0,6349,0
666,attack_only,220.000000,260.000000,0.001944,100.000000,0.005790,18,18,9720,18,18,0.000000,27.460082,1000,266912,3,1.000000,1.000000,0,1704,0,10554,0
666,defense_only,320.000000,360.000000,0.001944,100.000000,0.012995,18,18,9720,18,18,0.000000,91.316872,1000,887600,3,1.000000,1.000000,0,2426,0,16472,0
666,defense_vs_attack,420.000000,460.000000,0.001836,94.444444,0.007986,18,17,9180,17,18,5.555556,95.152070,1000,873496,3,0.000000,0.897959,1,2491,0,22579,0
665,baseline,120.000000,160.000000,0.001944,100.000000,0.058075,18,18,9720,18,18,0.000000,23.533333,1000,228744,11,1.000000,1.000000,0,1830,0,6449,0
665,attack_only,220.000000,260.000000,0.000000,0.000000,0.000000,18,0,0,0,18,100.000000,0.000000,1000,207476,12,1.000000,1.000000,0,1681,0,10472,0
665,defense_only,320.000000,360.000000,0.001944,100.000000,0.034457,18,18,9720,18,18,0.000000,85.809877,1000,834072,11,1.000000,1.000000,0,2747,0,16938,0
665,defense_vs_attack,420.000000,460.000000,0.001728,88.888889,0.040642,18,16,8640,16,18,11.111111,101.183796,1000,874228,11,0.000000,0.836735,1,2671,0,23493,0
658,baseline,120.000000,160.000000,0.001944,100.000000,0.051487,18,18,9720,18,18,0.000000,26.442387,1000,257020,10,1.000000,1.000000,0,1856,0,6782,0
658,attack_only,220.000000,260.000000,0.001944,100.000000,0.019941,18,18,9720,18,18,0.000000,27.706584,1000,269308,10,1.000000,1.000000,0,1885,0,11238,0
658,defense_only,320.000000,360.000000,0.001944,100.000000,0.047199,18,18,9720,18,18,0.000000,100.960905,1000,981340,10,1.000000,1.000000,0,2815,0,18006,0
658,defense_vs_attack,420.000000,460.000000,0.001944,100.000000,0.026109,18,18,9720,18,18,0.000000,107.297531,1000,1042932,10,0.000000,0.918367,1,2778,0,24773,0
671,baseline,120.000000,160.000000,0.001944,100.000000,0.021483,18,18,9720,18,18,0.000000,34.874486,1000,338980,4,1.000000,1.000000,0,1869,0,6933,0
671,attack_only,220.000000,260.000000,0.001944,100.000000,0.008019,18,18,9720,18,18,0.000000,36.059671,1000,350500,4,1.000000,1.000000,0,1855,0,11435,0
671,defense_only,320.000000,360.000000,0.001944,100.000000,0.018589,18,18,9720,18,18,0.000000,97.433333,1000,947052,4,1.000000,1.000000,0,2400,0,17238,0
671,defense_vs_attack,420.000000,460.000000,0.001944,100.000000,0.010207,18,18,9720,18,18,0.000000,102.686420,1000,998112,4,0.000000,0.755102,1,2464,0,23157,0
674,baseline,120.000000,160.000000,0.001944,100.000000,0.025331,18,18,9720,18,18,0.000000,30.040741,1000,291996,5,1.000000,1.000000,0,1776,0,6688,0
674,attack_only,220.000000,260.000000,0.000000,0.000000,0.000000,18,0,0,0,18,100.000000,0.000000,1000,296228,5,1.000000,1.000000,0,1799,0,11063,0
674,defense_only,320.000000,360.000000,0.001944,100.000000,0.019919,18,18,9720,18,18,0.000000,98.496708,1000,957388,5,1.000000,1.000000,0,2607,0,17333,0
674,defense_vs_attack,420.000000,460.000000,0.000972,50.000000,0.053432,18,9,4860,9,18,50.000000,195.814815,1000,951660,7,0.000000,0.918367,1,2831,0,23856,0
676,baseline,120.000000,160.000000,0.001944,100.000000,0.016453,18,18,9720,18,18,0.000000,23.953086,1000,232824,3,1.000000,1.000000,0,1671,0,6268,0
676,attack_only,220.000000,260.000000,0.001944,100.000000,0.006596,18,18,9720,18,18,0.000000,25.258848,1000,245516,3,1.000000,1.000000,0,1668,0,10343,0
676,defense_only,320.000000,360.000000,0.001944,100.000000,0.012601,18,18,9720,18,18,0.000000,89.046091,1000,865528,3,1.000000,1.000000,0,2553,0,16735,0
676,defense_vs_attack,420.000000,460.000000,0.001944,100.000000,0.007487,18,18,9720,18,18,0.000000,90.045679,1000,875244,3,0.000000,0.857143,1,2545,0,23091,0
685,baseline,120.000000,160.000000,0.001944,100.000000,0.015666,18,18,9720,18,18,0.000000,30.870370,1000,300060,3,1.000000,1.000000,0,1809,0,6869,0
685,attack_only,220.000000,260.000000,0.001944,100.000000,0.006208,18,18,9720,18,18,0.000000,29.710700,1000,288788,3,1.000000,1.000000,0,1763,0,11255,0
685,defense_only,320.000000,360.000000,0.001944,100.000000,0.012562,18,18,9720,18,18,0.000000,87.666667,1000,852120,3,1.000000,1.000000,0,2474,0,17327,0
685,defense_vs_attack,420.000000,460.000000,0.001944,100.000000,0.007559,18,18,9720,18,18,0.000000,88.270782,1000,857992,3,0.000000,0.836735,2,2491,0,23427,0
688,baseline,120.000000,160.000000,0.001944,100.000000,0.036970,18,18,9720,18,18,0.000000,28.261728,1000,274704,7,1.000000,1.000000,0,1876,0,6941,0
688,attack_only,220.000000,260.000000,0.001944,100.000000,0.013974,18,18,9720,18,18,0.000000,28.046502,1000,272612,7,1.000000,1.000000,0,1876,0,11399,0
688,defense_only,320.000000,360.000000,0.001944,100.000000,0.031311,18,18,9720,18,18,0.000000,87.495062,1000,850452,7,1.000000,1.000000,0,2701,0,17804,0
688,defense_vs_attack,420.000000,460.000000,0.001944,100.000000,0.017816,18,18,9720,18,18,0.000000,87.759671,1000,853024,7,0.000000,0.836735,1,2617,0,24301,0
691,baseline,120.000000,160.000000,0.001944,100.000000,0.036361,18,18,9720,18,18,0.000000,26.469959,1000,257288,7,1.000000,1.000000,0,1815,0,6587,0
691,attack_only,220.000000,260.000000,0.001944,100.000000,0.014023,18,18,9720,18,18,0.000000,27.696708,1000,269212,7,1.000000,1.000000,0,1803,0,10890,0
691,defense_only,320.000000,360.000000,0.001944,100.000000,0.029805,18,18,9720,18,18,0.000000,87.681070,1000,852260,7,1.000000,1.000000,0,2576,0,17026,0
691,defense_vs_attack,420.000000,460.000000,0.001944,100.000000,0.019668,18,18,9720,18,18,0.000000,88.066667,1000,856008,7,0.000000,0.897959,1,2702,0,23422,0
694,baseline,120.000000,160.000000,0.001944,100.000000,0.020627,18,18,9720,18,18,0.000000,31.986420,1000,310908,4,1.000000,1.000000,0,1740,0,6577,0
694,attack_only,220.000000,260.000000,0.001944,100.000000,0.008317,18,18,9720,18,18,0.000000,33.113169,1000,321860,4,1.000000,1.000000,0,1782,0,10933,0
694,defense_only,320.000000,360.000000,0.001944,100.000000,0.017328,18,18,9720,18,18,0.000000,85.871605,1000,834672,4,1.000000,1.000000,0,2339,0,16628,0
694,defense_vs_attack,420.000000,460.000000,0.001944,100.000000,0.009708,18,18,9720,18,18,0.000000,83.682716,1000,813396,4,0.000000,0.877551,1,2392,0,22412,0
695,baseline,120.000000,160.000000,0.001944,100.000000,0.015738,18,18,9720,18,18,0.000000,23.420165,1000,227644,3,1.000000,1.000000,0,1617,0,6162,0
695,attack_only,220.000000,260.000000,0.001944,100.000000,0.005789,18,18,9720,18,18,0.000000,24.832510,1000,241372,3,1.000000,1.000000,0,1647,0,10193,0
695,defense_only,320.000000,360.000000,0.001944,100.000000,0.012964,18,18,9720,18,18,0.000000,86.342798,1000,839252,3,1.000000,1.000000,0,2562,0,16476,0
695,defense_vs_attack,420.000000,460.000000,0.001944,100.000000,0.007066,18,18,9720,18,18,0.000000,85.856790,1000,834528,3,0.000000,0.918367,1,2545,0,22728,0
701,baseline,120.000000,160.000000,0.001944,100.000000,0.020431,18,18,9720,18,18,0.000000,23.399588,1000,227444,4,1.000000,1.000000,0,1664,0,6282,0
701,attack_only,220.000000,260.000000,0.001944,100.000000,0.008087,18,18,9720,18,18,0.000000,23.238683,1000,225880,4,1.000000,1.000000,0,1670,0,10334,0
701,defense_only,320.000000,360.000000,0.001944,100.000000,0.017563,18,18,9720,18,18,0.000000,83.296708,1000,809644,4,1.000000,1.000000,0,2617,0,16637,0
701,defense_vs_attack,420.000000,460.000000,0.001944,100.000000,0.010093,18,18,9720,18,18,0.000000,82.892593,1000,805716,4,0.000000,0.816327,1,2584,0,23055,0
700,baseline,120.000000,160.000000,0.001944,100.000000,0.031162,18,18,9720,18,18,0.000000,29.749383,1000,289164,6,1.000000,1.000000,0,1848,0,6833,0
700,attack_only,220.000000,260.000000,0.001944,100.000000,0.012122,18,18,9720,18,18,0.000000,29.829630,1000,289944,6,1.000000,1.000000,0,1844,0,11263,0
700,defense_only,320.000000,360.000000,0.001944,100.000000,0.026645,18,18,9720,18,18,0.000000,97.625103,1000,948916,6,1.000000,1.000000,0,2583,0,17355,0
700,defense_vs_attack,420.000000,460.000000,0.001944,100.000000,0.014958,18,18,9720,18,18,0.000000,94.323457,1000,916824,6,0.000000,0.816327,1,2471,0,23465,0
702,baseline,120.000000,160.000000,0.001944,100.000000,0.031808,18,18,9720,18,18,0.000000,26.347737,1000,256100,6,1.000000,1.000000,0,1692,0,6241,0
702,attack_only,220.000000,260.000000,0.000000,0.000000,0.000000,18,0,0,0,18,100.000000,0.000000,1000,260032,6,1.000000,1.000000,0,1611,0,10119,0
702,defense_only,320.000000,360.000000,0.001944,100.000000,0.021527,18,18,9720,18,18,0.000000,103.046502,1000,1001612,6,1.000000,1.000000,0,2584,0,16270,0
702,defense_vs_attack,420.000000,460.000000,0.001188,61.111111,0.033099,18,11,5940,11,18,38.888889,157.310438,1000,934424,7,0.000000,0.755102,1,2434,0,22294,0
703,baseline,120.000000,160.000000,0.001944,100.000000,0.025394,18,18,9720,18,18,0.000000,24.774074,1000,240804,5,1.000000,1.000000,0,1642,0,6087,0
703,attack_only,220.000000,260.000000,0.000000,0.000000,0.000000,18,0,0,0,18,100.000000,0.000000,1000,243752,5,1.000000,1.000000,0,1630,0,10010,0
703,defense_only,320.000000,360.000000,0.001944,100.000000,0.018504,18,18,9720,18,18,0.000000,101.092593,1000,982620,5,1.000000,1.000000,0,2394,0,15801,0
703,defense_vs_attack,420.000000,460.000000,0.000000,0.000000,0.000000,7,0,0,0,18,100.000000,0.000000,1000,729064,0,0.000000,0.897959,1,2226,0,21484,0
707,baseline,120.000000,160.000000,0.001944,100.000000,0.015636,18,18,9720,18,18,0.000000,27.053498,1000,262960,3,1.000000,1.000000,0,1629,0,6306,0
707,attack_only,220.000000,260.000000,0.001944,100.000000,0.006237,18,18,9720,18,18,0.000000,27.197531,1000,264360,3,1.000000,1.000000,0,1653,0,10370,0
707,defense_only,320.000000,360.000000,0.001944,100.000000,0.013047,18,18,9720,18,18,0.000000,91.172428,1000,886196,3,1.000000,1.000000,0,2272,0,15992,0
707,defense_vs_attack,420.000000,460.000000,0.001944,100.000000,0.007966,18,18,9720,18,18,0.000000,92.670370,1000,900756,3,0.000000,0.857143,1,2384,0,21878,0
706,baseline,120.000000,160.000000,0.001944,100.000000,0.056398,18,18,9720,18,18,0.000000,23.650617,1000,229884,11,1.000000,1.000000,0,1788,0,6450,0
706,attack_only,220.000000,260.000000,0.000000,0.000000,0.000000,18,0,0,0,18,100.000000,0.000000,1000,231128,0,1.000000,1.000000,0,1724,0,10596,0
706,defense_only,320.000000,360.000000,0.001944,100.000000,0.035067,18,18,9720,18,18,0.000000,83.152263,1000,808240,11,1.000000,1.000000,0,2623,0,16859,0
706,defense_vs_attack,420.000000,460.000000,0.001080,55.555556,0.038083,18,10,5400,10,18,44.444444,145.777778,1000,787200,11,0.000000,0.918367,1,2646,0,23165,0
705,baseline,120.000000,160.000000,0.001944,100.000000,0.025331,18,18,9720,18,18,0.000000,24.292593,1000,236124,5,1.000000,1.000000,0,1598,0,5963,0
705,attack_only,220.000000,260.000000,0.001944,100.000000,0.010430,18,18,9720,18,18,0.000000,24.252263,1000,235732,5,1.000000,1.000000,0,1589,0,9819,0
705,defense_only,320.000000,360.000000,0.001944,100.000000,0.022024,18,18,9720,18,18,0.000000,109.839095,1000,1067636,5,1.000000,1.000000,0,2388,0,15687,0
705,defense_vs_attack,420.000000,460.000000,0.001944,100.000000,0.013545,18,18,9720,18,18,0.000000,103.016461,1000,1001320,5,0.000000,0.775510,1,2385,0,21616,0
709,baseline,120.000000,160.000000,0.001944,100.000000,0.026209,18,18,9720,18,18,0.000000,25.700823,1000,249812,5,1.000000,1.000000,0,1780,0,6702,0
709,attack_only,220.000000,260.000000,0.001944,100.000000,0.010118,18,18,9720,18,18,0.000000,25.957613,1000,252308,5,1.000000,1.000000,0,1739,0,10959,0
709,defense_only,320.000000,360.000000,0.001944,100.000000,0.021411,18,18,9720,18,18,0.000000,80.930041,1000,786640,5,1.000000,1.000000,0,2644,0,17402,0
709,defense_vs_attack,420.000000,460.000000,0.001944,100.000000,0.012737,18,18,9720,18,18,0.000000,84.276955,1000,819172,5,0.000000,0.918367,1,2789,0,24057,0
708,baseline,120.000000,160.000000,0.001944,100.000000,0.020894,18,18,9720,18,18,0.000000,28.969547,1000,281584,4,1.000000,1.000000,0,1769,0,6561,0
708,attack_only,220.000000,260.000000,0.001944,100.000000,0.008158,18,18,9720,18,18,0.000000,30.200412,1000,293548,4,1.000000,1.000000,0,1719,0,10785,0
708,defense_only,320.000000,360.000000,0.001944,100.000000,0.017129,18,18,9720,18,18,0.000000,78.936214,1000,767260,4,1.000000,1.000000,0,2509,0,16845,0
708,defense_vs_attack,420.000000,460.000000,0.001944,100.000000,0.010030,18,18,9720,18,18,0.000000,77.809877,1000,756312,4,0.000000,0.775510,1,2390,0,22907,0
710,baseline,120.000000,160.000000,0.001944,100.000000,0.015560,18,18,9720,18,18,0.000000,25.530864,1000,248160,3,1.000000,1.000000,0,1636,0,6151,0
710,attack_only,220.000000,260.000000,0.001944,100.000000,0.006565,18,18,9720,18,18,0.000000,26.406584,1000,256672,3,1.000000,1.000000,0,1611,0,10111,0
710,defense_only,320.000000,360.000000,0.001944,100.000000,0.013247,18,18,9720,18,18,0.000000,89.067078,1000,865732,3,1.000000,1.000000,0,2421,0,15900,0
710,defense_vs_attack,420.000000,460.000000,0.001944,100.000000,0.007065,18,18,9720,18,18,0.000000,86.607819,1000,841828,3,0.000000,0.918367,1,2396,0,21829,0
711,baseline,120.000000,160.000000,0.001944,100.000000,0.025618,18,18,9720,18,18,0.000000,23.239095,1000,225884,5,1.000000,1.000000,0,1626,0,6076,0
711,attack_only,220.000000,260.000000,0.001944,100.000000,0.009798,18,18,9720,18,18,0.000000,23.707407,1000,230436,5,1.000000,1.000000,0,1638,0,10023,0
711,defense_only,320.000000,360.000000,0.001944,100.000000,0.021634,18,18,9720,18,18,0.000000,81.151440,1000,788792,5,1.000000,1.000000,0,2487,0,15961,0
711,defense_vs_attack,420.000000,460.000000,0.001944,100.000000,0.012866,18,18,9720,18,18,0.000000,85.586831,1000,831904,5,0.000000,0.857143,1,2503,0,22016,0
714,baseline,120.000000,160.000000,0.001944,100.000000,0.082681,18,18,9720,18,18,0.000000,29.171193,1000,283544,5,1.000000,1.000000,0,1755,0,6460,0
714,attack_only,220.000000,260.000000,0.001944,100.000000,0.010888,18,18,9720,18,18,0.000000,29.383128,1000,285604,5,1.000000,1.000000,0,1723,0,10671,0
714,defense_only,320.000000,360.000000,0.001944,100.000000,0.021313,18,18,9720,18,18,0.000000,94.090535,1000,914560,5,1.000000,1.000000,0,2397,0,16539,0
714,defense_vs_attack,420.000000,460.000000,0.001836,94.444444,0.013151,18,17,9180,17,18,5.555556,100.579085,1000,923316,5,0.000000,0.877551,1,2502,0,22553,0
722,baseline,120.000000,160.000000,0.001944,100.000000,0.015249,18,18,9720,18,18,0.000000,27.078601,1000,263204,3,1.000000,1.000000,0,1622,0,6173,0
722,attack_only,220.000000,260.000000,0.001944,100.000000,0.005863,18,18,9720,18,18,0.000000,27.897942,1000,271168,3,1.000000,1.000000,0,1629,0,10172,0
722,defense_only,320.000000,360.000000,0.001944,100.000000,0.013545,18,18,9720,18,18,0.000000,96.778601,1000,940688,3,1.000000,1.000000,0,2430,0,15968,0
722,defense_vs_attack,420.000000,460.000000,0.001944,100.000000,0.013340,18,18,9720,18,18,0.000000,98.406173,1000,956508,3,0.000000,0.857143,1,2351,0,21799,0
720,baseline,120.000000,160.000000,0.001944,100.000000,0.025180,18,18,9720,18,18,0.000000,26.433745,1000,256936,5,1.000000,1.000000,0,1632,0,6106,0
720,attack_only,220.000000,260.000000,0.000000,0.000000,0.000000,18,0,0,0,18,100.000000,0.000000,1000,248700,6,1.000000,1.000000,0,1589,0,9958,0
720,defense_only,320.000000,360.000000,0.001944,100.000000,0.012483,18,18,9720,18,18,0.000000,102.119342,1000,992600,5,1.000000,1.000000,0,2323,0,15659,0
720,defense_vs_attack,420.000000,460.000000,0.001512,77.777778,0.024611,18,14,7560,14,18,22.222222,132.198413,1000,999420,5,0.000000,0.734694,1,2409,0,21478,0
721,baseline,120.000000,160.000000,0.001944,100.000000,0.025454,18,18,9720,18,18,0.000000,33.257613,1000,323264,5,1.000000,1.000000,0,1844,0,6943,0
721,attack_only,220.000000,260.000000,0.001944,100.000000,0.010148,18,18,9720,18,18,0.000000,34.357202,1000,333952,5,1.000000,1.000000,0,1875,0,11476,0
721,defense_only,320.000000,360.000000,0.001944,100.000000,0.024057,18,18,9720,18,18,0.000000,92.505350,1000,899152,5,1.000000,1.000000,0,2354,0,17169,0
721,defense_vs_attack,420.000000,460.000000,0.001944,100.000000,0.011469,18,18,9720,18,18,0.000000,93.611523,1000,909904,5,0.000000,0.897959,1,2329,0,22806,0
724,baseline,120.000000,160.000000,0.001944,100.000000,0.014793,18,18,9720,18,18,0.000000,29.246502,1000,284276,3,1.000000,1.000000,0,1723,0,6542,0
724,attack_only,220.000000,260.000000,0.001944,100.000000,0.005790,18,18,9720,18,18,0.000000,28.493416,1000,276956,3,1.000000,1.000000,0,1705,0,10702,0
724,defense_only,320.000000,360.000000,0.001944,100.000000,0.013018,18,18,9720,18,18,0.000000,104.415638,1000,1014920,3,1.000000,1.000000,0,2498,0,16801,0
724,defense_vs_attack,420.000000,460.000000,0.001944,100.000000,0.008981,18,18,9720,18,18,0.000000,103.203704,1000,1003140,3,0.000000,0.918367,1,2600,0,23138,0
726,baseline,120.000000,160.000000,0.001944,100.000000,0.037061,18,18,9720,18,18,0.000000,29.398765,1000,285756,7,1.000000,1.000000,0,1832,0,6674,0
726,attack_only,220.000000,260.000000,0.000000,0.000000,0.000000,18,0,0,0,18,100.000000,0.000000,1000,272416,7,1.000000,1.000000,0,1735,0,10891,0
726,defense_only,320.000000,360.000000,0.001944,100.000000,0.024982,18,18,9720,18,18,0.000000,94.256790,1000,916176,7,1.000000,1.000000,0,2515,0,16942,0
726,defense_vs_attack,420.000000,460.000000,0.000972,50.000000,0.025278,18,9,4860,9,18,50.000000,188.786008,1000,917500,7,0.000000,0.836735,1,2530,0,23144,0
728,baseline,120.000000,160.000000,0.001944,100.000000,0.036732,18,18,9720,18,18,0.000000,27.627160,1000,268536,7,1.000000,1.000000,0,1705,0,6236,0
728,attack_only,220.000000,260.000000,0.000000,0.000000,0.000000,18,0,0,0,18,100.000000,0.000000,1000,275116,7,1.000000,1.000000,0,1627,0,10207,0
728,defense_only,320.000000,360.000000,0.001944,100.000000,0.016879,18,18,9720,18,18,0.000000,89.969959,1000,874508,7,1.000000,1.000000,0,2452,0,15993,0
728,defense_vs_attack,420.000000,460.000000,0.001836,94.444444,0.032601,18,17,9180,17,18,5.555556,90.782571,1000,833384,7,0.000000,0.877551,1,2465,0,21885,0
729,baseline,120.000000,160.000000,0.001944,100.000000,0.026645,18,18,9720,18,18,0.000000,27.023457,1000,262668,5,1.000000,1.000000,0,1777,0,6499,0
729,attack_only,220.000000,260.000000,0.001944,100.000000,0.009797,18,18,9720,18,18,0.000000,28.051852,1000,272664,5,1.000000,1.000000,0,1727,0,10713,0
729,defense_only,320.000000,360.000000,0.001944,100.000000,0.021539,18,18,9720,18,18,0.000000,83.390535,1000,810556,5,1.000000,1.000000,0,2471,0,16682,0
729,defense_vs_attack,420.000000,460.000000,0.001944,100.000000,0.012178,18,18,9720,18,18,0.000000,82.655556,1000,803412,5,0.000000,0.836735,1,2485,0,22821,0
737,baseline,120.000000,160.000000,0.001944,100.000000,0.032478,18,18,9720,18,18,0.000000,29.000412,1000,281884,6,1.000000,1.000000,0,1792,0,6691,0
737,attack_only,220.000000,260.000000,0.001944,100.000000,0.012759,18,18,9720,18,18,0.000000,28.169547,1000,273808,6,1.000000,1.000000,0,1789,0,10967,0
737,defense_only,320.000000,360.000000,0.001944,100.000000,0.026512,18,18,9720,18,18,0.000000,96.173251,1000,934804,6,1.000000,1.000000,0,2517,0,16956,0
737,defense_vs_attack,420.000000,460.000000,0.001404,72.222222,0.016208,18,13,7020,13,18,27.777778,134.013105,1000,940772,6,0.000000,0.897959,1,2521,0,23154,0
743,baseline,120.000000,160.000000,0.001944,100.000000,0.015095,18,18,9720,18,18,0.000000,27.233745,1000,264712,3,1.000000,1.000000,0,1731,0,6625,0
743,attack_only,220.000000,260.000000,0.001944,100.000000,0.006474,18,18,9720,18,18,0.000000,28.718930,1000,279148,3,1.000000,1.000000,0,1737,0,10932,0
743,defense_only,320.000000,360.000000,0.001944,100.000000,0.013382,18,18,9720,18,18,0.000000,87.548560,1000,850972,3,1.000000,1.000000,0,2593,0,17132,0
743,defense_vs_attack,420.000000,460.000000,0.001944,100.000000,0.007964,18,18,9720,18,18,0.000000,88.607407,1000,861264,3,0.000000,0.877551,2,2556,0,23420,0
746,baseline,120.000000,160.000000,0.001944,100.000000,0.015115,18,18,9720,18,18,0.000000,29.194239,1000,283768,3,1.000000,1.000000,0,1694,0,6642,0
746,attack_only,220.000000,260.000000,0.001944,100.000000,0.006203,18,18,9720,18,18,0.000000,31.676543,1000,307896,3,1.000000,1.000000,0,1805,0,11031,0
746,defense_only,320.000000,360.000000,0.001944,100.000000,0.012383,18,18,9720,18,18,0.000000,94.537037,1000,918900,3,1.000000,1.000000,0,2413,0,16831,0
746,defense_vs_attack,420.000000,460.000000,0.001944,100.000000,0.008008,18,18,9720,18,18,0.000000,93.873663,1000,912452,3,0.000000,0.877551,1,2383,0,22825,0
747,baseline,120.000000,160.000000,0.001944,100.000000,0.020863,18,18,9720,18,18,0.000000,31.579424,1000,306952,4,1.000000,1.000000,0,1752,0,6650,0
747,attack_only,220.000000,260.000000,0.000000,0.000000,0.000000,18,0,0,0,18,100.000000,0.000000,1000,311564,4,1.000000,1.000000,0,1700,0,10865,0
747,defense_only,320.000000,360.000000,0.001944,100.000000,0.019006,18,18,9720,18,18,0.000000,80.324280,1000,780752,4,1.000000,1.000000,0,2346,0,16641,0
747,defense_vs_attack,420.000000,460.000000,0.000432,22.222222,0.029397,18,4,2160,4,18,77.777778,334.738889,1000,723036,0,0.000000,0.816327,5,2829,0,22840,0
750,baseline,120.000000,160.000000,0.001944,100.000000,0.015457,18,18,9720,18,18,0.000000,22.744444,1000,221076,3,1.000000,1.000000,0,1600,0,6025,0
750,attack_only,220.000000,260.000000,0.001944,100.000000,0.005850,18,18,9720,18,18,0.000000,22.889712,1000,222488,3,1.000000,1.000000,0,1596,0,9900,0
750,defense_only,320.000000,360.000000,0.001944,100.000000,0.012975,18,18,9720,18,18,0.000000,86.677366,1000,842504,3,1.000000,1.000000,0,2464,0,15918,0
750,defense_vs_attack,420.000000,460.000000,0.001944,100.000000,0.007408,18,18,9720,18,18,0.000000,82.353909,1000,800480,3,0.000000,0.857143,1,2410,0,22035,0
751,baseline,120.000000,160.000000,0.001944,100.000000,0.015410,18,18,9720,18,18,0.000000,30.975720,1000,301084,3,1.000000,1.000000,0,1868,0,7024,0
751,attack_only,220.000000,260.000000,0.001944,100.000000,0.006207,18,18,9720,18,18,0.000000,30.304938,1000,294564,3,1.000000,1.000000,0,1815,0,11485,0
751,defense_only,320.000000,360.000000,0.001944,100.000000,0.012803,18,18,9720,18,18,0.000000,88.450617,1000,859740,3,1.000000,1.000000,0,2524,0,17788,0
751,defense_vs_attack,420.000000,460.000000,0.001836,94.444444,0.012385,18,17,9180,17,18,5.555556,95.299346,1000,874848,3,0.000000,0.836735,1,2532,0,24232,0
753,baseline,120.000000,160.000000,0.001944,100.000000,0.031580,18,18,9720,18,18,0.000000,33.025926,1000,321012,6,1.000000,1.000000,0,2020,0,7390,0
753,attack_only,220.000000,260.000000,0.001944,100.000000,0.012123,18,18,9720,18,18,0.000000,32.441975,1000,315336,6,1.000000,1.000000,0,2002,0,12211,0
753,defense_only,320.000000,360.000000,0.001944,100.000000,0.026109,18,18,9720,18,18,0.000000,81.679424,1000,793924,6,1.000000,1.000000,0,2614,0,18628,0
753,defense_vs_attack,420.000000,460.000000,0.001944,100.000000,0.014971,18,18,9720,18,18,0.000000,83.581070,1000,812408,6,0.000000,0.877551,1,2603,0,24999,0
755,baseline,120.000000,160.000000,0.001944,100.000000,0.015452,18,18,9720,18,18,0.000000,27.454321,1000,266856,3,1.000000,1.000000,0,1699,0,6523,0
755,attack_only,220.000000,260.000000,0.001944,100.000000,0.005790,18,18,9720,18,18,0.000000,28.009053,1000,272248,3,1.000000,1.000000,0,1686,0,10756,0
755,defense_only,320.000000,360.000000,0.001944,100.000000,0.012872,18,18,9720,18,18,0.000000,81.696296,1000,794088,3,1.000000,1.000000,0,2387,0,16668,0
755,defense_vs_attack,420.000000,460.000000,0.001944,100.000000,0.007258,18,18,9720,18,18,0.000000,82.075720,1000,797776,3,0.000000,0.857143,1,2420,0,22594,0
761,baseline,120.000000,160.000000,0.001944,100.000000,0.020939,18,18,9720,18,18,0.000000,24.700823,1000,240092,4,1.000000,1.000000,0,1644,0,6137,0
761,attack_only,220.000000,260.000000,0.000000,0.000000,0.000000,18,0,0,0,18,100.000000,0.000000,1000,245360,4,1.000000,1.000000,0,1575,0,10080,0
761,defense_only,320.000000,360.000000,0.001944,100.000000,0.012611,18,18,9720,18,18,0.000000,90.982305,1000,884348,4,1.000000,1.000000,0,2434,0,15926,0
761,defense_vs_attack,420.000000,460.000000,0.000864,44.444444,0.020495,18,8,4320,8,18,55.555556,202.575000,1000,875124,4,0.000000,0.897959,1,2463,0,21901,0
771,baseline,120.000000,160.000000,0.001944,100.000000,0.015365,18,18,9720,18,18,0.000000,23.427984,1000,227720,3,1.000000,1.000000,0,1597,0,6098,0
771,attack_only,220.000000,260.000000,0.001944,100.000000,0.006260,18,18,9720,18,18,0.000000,23.220165,1000,225700,3,1.000000,1.000000,0,1640,0,10012,0
771,defense_only,320.000000,360.000000,0.001944,100.000000,0.013177,18,18,9720,18,18,0.000000,86.325514,1000,839084,3,1.000000,1.000000,0,2544,0,16141,0
771,defense_vs_attack,420.000000,460.000000,0.001728,88.888889,0.007624,18,16,8640,16,18,11.111111,100.640741,1000,869536,3,0.000000,0.816327,1,2536,0,22479,0
775,baseline,120.000000,160.000000,0.001944,100.000000,0.026248,18,18,9720,18,18,0.000000,32.281481,1000,313776,5,1.000000,1.000000,0,1843,0,6733,0
775,attack_only,220.000000,260.000000,0.000000,0.000000,0.000000,18,0,0,0,18,100.000000,0.000000,1000,317556,5,1.000000,1.000000,0,1729,0,10962,0
775,defense_only,320.000000,360.000000,0.001944,100.000000,0.024276,18,18,9720,18,18,0.000000,84.432922,1000,820688,5,1.000000,1.000000,0,2542,0,17151,0
775,defense_vs_attack,420.000000,460.000000,0.001620,83.333333,0.038649,18,15,8100,15,18,16.666667,104.541728,1000,846788,7,0.000000,0.918367,1,2698,0,23521,0
769,baseline,120.000000,160.000000,0.001944,100.000000,0.020930,18,18,9720,18,18,0.000000,31.734979,1000,308464,4,1.000000,1.000000,0,1766,0,6705,0
769,attack_only,220.000000,260.000000,0.001944,100.000000,0.008181,18,18,9720,18,18,0.000000,32.003704,1000,311076,4,1.000000,1.000000,0,1761,0,10957,0
769,defense_only,320.000000,360.000000,0.001944,100.000000,0.017303,18,18,9720,18,18,0.000000,93.601646,1000,909808,4,1.000000,1.000000,0,2427,0,16992,0
769,defense_vs_attack,420.000000,460.000000,0.001836,94.444444,0.010071,18,17,9180,17,18,5.555556,97.982571,1000,899480,4,0.000000,0.836735,1,2472,0,22946,0
781,baseline,120.000000,160.000000,0.001944,100.000000,0.030844,18,18,9720,18,18,0.000000,24.172016,1000,234952,6,1.000000,1.000000,0,1706,0,6256,0
781,attack_only,220.000000,260.000000,0.000000,0.000000,0.000000,18,0,0,0,18,100.000000,0.000000,1000,239916,6,1.000000,1.000000,0,1695,0,10315,0
781,defense_only,320.000000,360.000000,0.001944,100.000000,0.021437,18,18,9720,18,18,0.000000,80.304938,1000,780564,6,1.000000,1.000000,0,2601,0,16394,0
781,defense_vs_attack,420.000000,460.000000,0.001080,55.555556,0.024663,18,10,5400,10,18,44.444444,142.697778,1000,770568,6,0.000000,0.938776,1,2537,0,22491,0
783,baseline,120.000000,160.000000,0.001944,100.000000,0.015375,18,18,9720,18,18,0.000000,32.905350,1000,319840,3,1.000000,1.000000,0,2066,0,7518,0
783,attack_only,220.000000,260.000000,0.001944,100.000000,0.005862,18,18,9720,18,18,0.000000,33.490123,1000,325524,3,1.000000,1.000000,0,1941,0,12323,0
783,defense_only,320.000000,360.000000,0.001944,100.000000,0.012812,18,18,9720,18,18,0.000000,82.877778,1000,805572,3,1.000000,1.000000,0,2669,0,18829,0
783,defense_vs_attack,420.000000,460.000000,0.001944,100.000000,0.007122,18,18,9720,18,18,0.000000,85.830864,1000,834276,3,0.000000,0.857143,1,2682,0,25381,0
784,baseline,120.000000,160.000000,0.001944,100.000000,0.026840,18,18,9720,18,18,0.000000,28.698354,1000,278948,5,1.000000,1.000000,0,1784,0,6733,0
784,attack_only,220.000000,260.000000,0.000000,0.000000,0.000000,18,0,0,0,18,100.000000,0.000000,1000,287612,6,1.000000,1.000000,0,1772,0,11010,0
784,defense_only,320.000000,360.000000,0.001944,100.000000,0.017328,18,18,9720,18,18,0.000000,93.501646,1000,908836,5,1.000000,1.000000,0,2483,0,17073,0
784,defense_vs_attack,420.000000,460.000000,0.001728,88.888889,0.031873,18,16,8640,16,18,11.111111,106.379167,1000,919116,5,0.000000,0.897959,1,2669,0,23251,0
787,baseline,120.000000,160.000000,0.001944,100.000000,0.015685,18,18,9720,18,18,0.000000,32.588477,1000,316760,3,1.000000,1.000000,0,1818,0,6987,0
787,attack_only,220.000000,260.000000,0.001944,100.000000,0.005788,18,18,9720,18,18,0.000000,32.850206,1000,319304,3,1.000000,1.000000,0,1846,0,11496,0
787,defense_only,320.000000,360.000000,0.001944,100.000000,0.012865,18,18,9720,18,18,0.000000,84.822634,1000,824476,3,1.000000,1.000000,0,2582,0,17777,0
787,defense_vs_attack,420.000000,460.000000,0.001944,100.000000,0.007446,18,18,9720,18,18,0.000000,81.512346,1000,792300,3,0.000000,0.877551,1,2736,0,24348,0
786,baseline,120.000000,160.000000,0.001944,100.000000,0.030803,18,18,9720,18,18,0.000000,25.061317,1000,243596,6,1.000000,1.000000,0,1766,0,6535,0
786,attack_only,220.000000,260.000000,0.000000,0.000000,0.000000,18,0,0,0,18,100.000000,0.000000,1000,238920,7,1.000000,1.000000,0,1700,0,10650,0
786,defense_only,320.000000,360.000000,0.001944,100.000000,0.012241,18,18,9720,18,18,0.000000,80.189300,1000,779440,6,1.000000,1.000000,0,2606,0,16923,0
786,defense_vs_attack,420.000000,460.000000,0.001944,100.000000,0.027562,18,18,9720,18,18,0.000000,87.033333,1000,845964,6,0.000000,0.918367,1,2683,0,23339,0
792,baseline,120.000000,160.000000,0.001944,100.000000,0.041731,18,18,9720,18,18,0.000000,26.585597,1000,258412,8,1.000000,1.000000,0,1840,0,6629,0
792,attack_only,220.000000,260.000000,0.000000,0.000000,0.000000,18,0,0,0,18,100.000000,0.000000,1000,260044,8,1.000000,1.000000,0,1759,0,10890,0
792,defense_only,320.000000,360.000000,0.001944,100.000000,0.036872,18,18,9720,18,18,0.000000,94.423457,1000,917796,8,1.000000,1.000000,0,2685,0,17194,0
792,defense_vs_attack,420.000000,460.000000,0.000972,50.000000,0.043517,18,9,4860,9,18,50.000000,186.251852,1000,905184,10,0.000000,0.918367,1,2654,0,23596,0
795,baseline,120.000000,160.000000,0.001944,100.000000,0.015060,18,18,9720,18,18,0.000000,29.163786,1000,283472,3,1.000000,1.000000,0,1771,0,6679,0
795,attack_only,220.000000,260.000000,0.000000,0.000000,0.000000,18,0,0,0,18,100.000000,0.000000,1000,280340,3,1.000000,1.000000,0,1759,0,10931,0
795,defense_only,320.000000,360.000000,0.001944,100.000000,0.011311,18,18,9720,18,18,0.000000,90.032510,1000,875116,3,1.000000,1.000000,0,2414,0,16848,0
795,defense_vs_attack,420.000000,460.000000,0.001512,77.777778,0.019331,18,14,7560,14,18,22.222222,121.790476,1000,920736,3,0.000000,0.857143,1,2498,0,23005,0
798,baseline,120.000000,160.000000,0.001944,100.000000,0.025391,18,18,9720,18,18,0.000000,29.439506,1000,286152,5,1.000000,1.000000,0,1746,0,6529,0
798,attack_only,220.000000,260.000000,0.001944,100.000000,0.009908,18,18,9720,18,18,0.000000,29.471605,1000,286464,5,1.000000,1.000000,0,1731,0,10758,0
798,defense_only,320.000000,360.000000,0.001944,100.000000,0.022194,18,18,9720,18,18,0.000000,94.732099,1000,920796,5,1.000000,1.000000,0,2469,0,16679,0
798,defense_vs_attack,420.000000,460.000000,0.001944,100.000000,0.013088,18,18,9720,18,18,0.000000,95.186831,1000,925216,5,0.000000,0.877551,1,2402,0,22716,0
797,baseline,120.000000,160.000000,0.001944,100.000000,0.075825,18,18,9720,18,18,0.000000,33.773251,1000,328276,4,1.000000,1.000000,0,1799,0,6792,0
797,attack_only,220.000000,260.000000,0.001944,100.000000,0.007843,18,18,9720,18,18,0.000000,35.548971,1000,345536,4,1.000000,1.000000,0,1790,0,11185,0
797,defense_only,320.000000,360.000000,0.001944,100.000000,0.018283,18,18,9720,18,18,0.000000,104.566667,1000,1016388,4,1.000000,1.000000,0,2371,0,16997,0
797,defense_vs_attack,420.000000,460.000000,0.001944,100.000000,0.009546,18,18,9720,18,18,0.000000,105.772840,1000,1028112,4,0.000000,0.877551,1,2498,0,22968,0
799,baseline,120.000000,160.000000,0.001944,100.000000,0.021431,18,18,9720,18,18,0.000000,28.141152,1000,273532,4,1.000000,1.000000,0,1773,0,6570,0
799,attack_only,220.000000,260.000000,0.000000,0.000000,0.000000,18,0,0,0,18,100.000000,0.000000,1000,280264,4,1.000000,1.000000,0,1768,0,10902,0
799,defense_only,320.000000,360.000000,0.001944,100.000000,0.010752,18,18,9720,18,18,0.000000,93.809465,1000,911828,4,1.000000,1.000000,0,2501,0,17013,0
799,defense_vs_attack,420.000000,460.000000,0.001080,55.555556,0.013192,18,10,5400,10,18,44.444444,171.662963,1000,926980,4,0.000000,0.836735,1,2440,0,23135,0
800,baseline,120.000000,160.000000,0.001944,100.000000,0.025928,18,18,9720,18,18,0.000000,26.748971,1000,260000,5,1.000000,1.000000,0,1741,0,6455,0
800,attack_only,220.000000,260.000000,0.001944,100.000000,0.010463,18,18,9720,18,18,0.000000,26.390947,1000,256520,5,1.000000,1.000000,0,1706,0,10614,0
800,defense_only,320.000000,360.000000,0.001944,100.000000,0.021846,18,18,9720,18,18,0.000000,92.030041,1000,894532,5,1.000000,1.000000,0,2550,0,16672,0
800,defense_vs_attack,420.000000,460.000000,0.001944,100.000000,0.012364,18,18,9720,18,18,0.000000,92.702058,1000,901064,5,0.000000,0.857143,1,2564,0,22850,0
804,baseline,120.000000,160.000000,0.001944,100.000000,0.021068,18,18,9720,18,18,0.000000,26.572428,1000,258284,4,1.000000,1.000000,0,1659,0,6296,0
804,attack_only,220.000000,260.000000,0.000000,0.000000,0.000000,18,0,0,0,18,100.000000,0.000000,1000,256500,4,1.000000,1.000000,0,1643,0,10307,0
804,defense_only,320.000000,360.000000,0.001944,100.000000,0.014071,18,18,9720,18,18,0.000000,94.756379,1000,921032,4,1.000000,1.000000,0,2543,0,16224,0
804,defense_vs_attack,420.000000,460.000000,0.001080,55.555556,0.026068,18,10,5400,10,18,44.444444,168.050370,1000,907472,4,0.000000,0.816327,1,2511,0,22270,0
805,baseline,120.000000,160.000000,0.001944,100.000000,0.030445,18,18,9720,18,18,0.000000,25.959671,1000,252328,6,1.000000,1.000000,0,1675,0,6244,0
805,attack_only,220.000000,260.000000,0.000000,0.000000,0.000000,18,0,0,0,18,100.000000,0.000000,1000,256716,6,1.000000,1.000000,0,1635,0,10255,0
805,defense_only,320.000000,360.000000,0.001944,100.000000,0.024271,18,18,9720,18,18,0.000000,100.716049,1000,978960,6,1.000000,1.000000,0,2502,0,16274,0
805,defense_vs_attack,420.000000,460.000000,0.001728,88.888889,0.022199,18,16,8640,16,18,11.111111,113.131481,1000,977456,6,0.000000,0.816327,1,2448,0,22317,0
813,baseline,120.000000,160.000000,0.001944,100.000000,0.015078,18,18,9720,18,18,0.000000,27.744444,1000,269676,3,1.000000,1.000000,0,1660,0,6303,0
813,attack_only,220.000000,260.000000,0.001944,100.000000,0.005835,18,18,9720,18,18,0.000000,27.769136,1000,269916,3,1.000000,1.000000,0,1656,0,10369,0
813,defense_only,320.000000,360.000000,0.001944,100.000000,0.012974,18,18,9720,18,18,0.000000,87.486008,1000,850364,3,1.000000,1.000000,0,2419,0,16331,0
813,defense_vs_attack,420.000000,460.000000,0.001944,100.000000,0.007689,18,18,9720,18,18,0.000000,89.810700,1000,872960,3,0.000000,0.897959,1,2533,0,22492,0
809,baseline,120.000000,160.000000,0.001944,100.000000,0.026021,18,18,9720,18,18,0.000000,35.319753,1000,343308,5,1.000000,1.000000,0,1885,0,6970,0
809,attack_only,220.000000,260.000000,0.001944,100.000000,0.009797,18,18,9720,18,18,0.000000,34.771605,1000,337980,5,1.000000,1.000000,0,1886,0,11494,0
809,defense_only,320.000000,360.000000,0.001944,100.000000,0.022468,18,18,9720,18,18,0.000000,93.581481,1000,909612,5,1.000000,1.000000,0,2483,0,17424,0
809,defense_vs_attack,420.000000,460.000000,0.001944,100.000000,0.012256,18,18,9720,18,18,0.000000,91.633333,1000,890676,5,0.000000,0.836735,1,2564,0,23562,0
815,baseline,120.000000,160.000000,0.001944,100.000000,0.030820,18,18,9720,18,18,0.000000,23.852263,1000,231844,6,1.000000,1.000000,0,1660,0,6137,0
815,attack_only,220.000000,260.000000,0.001944,100.000000,0.012280,18,18,9720,18,18,0.000000,22.204938,1000,215832,6,1.000000,1.000000,0,1611,0,10023,0
815,defense_only,320.000000,360.000000,0.001944,100.000000,0.027628,18,18,9720,18,18,0.000000,76.875720,1000,747232,6,1.000000,1.000000,0,2347,0,15675,0
815,defense_vs_attack,420.000000,460.000000,0.001944,100.000000,0.015068,18,18,9720,18,18,0.000000,77.957202,1000,757744,6,0.000000,0.795918,2,2419,0,21461,0
819,baseline,120.000000,160.000000,0.001944,100.000000,0.015706,18,18,9720,18,18,0.000000,29.768724,1000,289352,3,1.000000,1.000000,0,1766,0,6712,0
819,attack_only,220.000000,260.000000,0.001944,100.000000,0.006442,18,18,9720,18,18,0.000000,29.733333,1000,289008,3,1.000000,1.000000,0,1749,0,11048,0
819,defense_only,320.000000,360.000000,0.001944,100.000000,0.015213,18,18,9720,18,18,0.000000,83.162963,1000,808344,3,1.000000,1.000000,0,2405,0,16791,0
819,defense_vs_attack,420.000000,460.000000,0.001188,61.111111,0.006494,18,11,5940,11,18,38.888889,143.608081,1000,853032,3,0.000000,0.816327,1,2479,0,22706,0
818,baseline,120.000000,160.000000,0.001944,100.000000,0.015561,18,18,9720,18,18,0.000000,28.537037,1000,277380,3,1.000000,1.000000,0,1660,0,6254,0
818,attack_only,220.000000,260.000000,0.001944,100.000000,0.005789,18,18,9720,18,18,0.000000,28.944033,1000,281336,3,1.000000,1.000000,0,1659,0,10288,0
818,defense_only,320.000000,360.000000,0.001944,100.000000,0.013418,18,18,9720,18,18,0.000000,94.925103,1000,922672,3,1.000000,1.000000,0,2371,0,16015,0
818,defense_vs_attack,420.000000,460.000000,0.001728,94.117647,0.008194,17,16,8640,16,18,11.111111,97.847685,1000,845404,3,0.000000,0.836735,1,2501,0,21941,0
827,baseline,120.000000,160.000000,0.001944,100.000000,0.021097,18,18,9720,18,18,0.000000,31.543621,1000,306604,4,1.000000,1.000000,0,1762,0,6747,0
827,attack_only,220.000000,260.000000,0.000000,0.000000,0.000000,18,0,0,0,18,100.000000,0.000000,1000,308600,5,1.000000,1.000000,0,1833,0,11149,0
827,defense_only,320.000000,360.000000,0.001944,100.000000,0.012687,18,18,9720,18,18,0.000000,90.382716,1000,878520,4,1.000000,1.000000,0,2494,0,17149,0
827,defense_vs_attack,420.000000,460.000000,0.001188,61.111111,0.014718,18,11,5940,11,18,38.888889,150.640404,1000,894804,4,0.000000,0.877551,1,2477,0,23215,0
829,baseline,120.000000,160.000000,0.001944,100.000000,0.020734,18,18,9720,18,18,0.000000,32.106584,1000,312076,4,1.000000,1.000000,0,1945,0,7205,0
829,attack_only,220.000000,260.000000,0.001944,100.000000,0.007937,18,18,9720,18,18,0.000000,32.520576,1000,316100,4,1.000000,1.000000,0,1860,0,11780,0
829,defense_only,320.000000,360.000000,0.001944,100.000000,0.017252,18,18,9720,18,18,0.000000,75.608642,1000,734916,4,1.000000,1.000000,0,2557,0,17925,0
829,defense_vs_attack,420.000000,460.000000,0.001944,100.000000,0.010118,18,18,9720,18,18,0.000000,76.430453,1000,742904,4,0.000000,0.857143,1,2577,0,24101,0
826,baseline,120.000000,160.000000,0.001944,100.000000,0.015284,18,18,9720,18,18,0.000000,36.887243,1000,358544,3,1.000000,1.000000,0,1861,0,7161,0
826,attack_only,220.000000,260.000000,0.001944,100.000000,0.005790,18,18,9720,18,18,0.000000,35.277366,1000,342896,3,1.000000,1.000000,0,1872,0,11763,0
826,defense_only,320.000000,360.000000,0.001944,100.000000,0.014056,18,18,9720,18,18,0.000000,110.645267,1000,1075472,3,1.000000,1.000000,0,2284,0,17494,0
826,defense_vs_attack,420.000000,460.000000,0.001944,100.000000,0.007201,18,18,9720,18,18,0.000000,108.811523,1000,1057648,3,0.000000,0.795918,1,2436,0,23343,0
828,baseline,120.000000,160.000000,0.001944,100.000000,0.026066,18,18,9720,18,18,0.000000,31.355556,1000,304776,5,1.000000,1.000000,0,1805,0,6637,0
828,attack_only,220.000000,260.000000,0.000000,0.000000,0.000000,18,0,0,0,18,100.000000,0.000000,1000,302216,5,1.000000,1.000000,0,1709,0,10845,0
828,defense_only,320.000000,360.000000,0.001944,100.000000,0.018474,18,18,9720,18,18,0.000000,100.056379,1000,972548,5,1.000000,1.000000,0,2415,0,16707,0
828,defense_vs_attack,420.000000,460.000000,0.000864,44.444444,0.047828,18,8,4320,8,18,55.555556,215.025926,1000,928912,7,0.000000,0.816327,2,2648,0,22893,0
833,baseline,120.000000,160.000000,0.001944,100.000000,0.015363,18,18,9720,18,18,0.000000,32.173663,1000,312728,3,1.000000,1.000000,0,1825,0,6953,0
833,attack_only,220.000000,260.000000,0.001944,100.000000,0.005922,18,18,9720,18,18,0.000000,32.414403,1000,315068,3,1.000000,1.000000,0,1858,0,11504,0
833,defense_only,320.000000,360.000000,0.001944,100.000000,0.013309,18,18,9720,18,18,0.000000,85.936626,1000,835304,3,1.000000,1.000000,0,2519,0,17594,0
833,defense_vs_attack,420.000000,460.000000,0.001944,100.000000,0.007649,18,18,9720,18,18,0.000000,87.685185,1000,852300,3,0.000000,0.816327,1,2444,0,23702,0
832,baseline,120.000000,160.000000,0.001944,100.000000,0.020662,18,18,9720,18,18,0.000000,30.328395,1000,294792,4,1.000000,1.000000,0,1769,0,6655,0
832,attack_only,220.000000,260.000000,0.001944,100.000000,0.007794,18,18,9720,18,18,0.000000,31.391358,1000,305124,4,1.000000,1.000000,0,1756,0,10949,0
832,defense_only,320.000000,360.000000,0.001944,100.000000,0.017572,18,18,9720,18,18,0.000000,95.900412,1000,932152,4,1.000000,1.000000,0,2459,0,16872,0
832,defense_vs_attack,420.000000,460.000000,0.001944,100.000000,0.009642,18,18,9720,18,18,0.000000,98.141975,1000,953940,4,0.000000,0.857143,1,2482,0,22920,0
835,baseline,120.000000,160.000000,0.001944,100.000000,0.015020,18,18,9720,18,18,0.000000,29.283128,1000,284632,3,1.000000,1.000000,0,1713,0,6506,0
835,attack_only,220.000000,260.000000,0.000000,0.000000,0.000000,18,0,0,0,18,100.000000,0.000000,1000,285248,3,1.000000,1.000000,0,1727,0,10714,0
835,defense_only,320.000000,360.000000,0.001944,100.000000,0.011240,18,18,9720,18,18,0.000000,96.744856,1000,940360,3,1.000000,1.000000,0,2440,0,16708,0
835,defense_vs_attack,420.000000,460.000000,0.000648,33.333333,0.041281,18,6,3240,6,18,66.666667,294.219753,1000,953272,0,0.000000,0.897959,2,2672,0,23052,0
836,baseline,120.000000,160.000000,0.001944,100.000000,0.076394,18,18,9720,18,18,0.000000,28.599177,1000,277984,4,1.000000,1.000000,0,1749,0,6578,0
836,attack_only,220.000000,260.000000,0.001944,100.000000,0.008515,18,18,9720,18,18,0.000000,28.220165,1000,274300,4,1.000000,1.000000,0,1704,0,10722,0
836,defense_only,320.000000,360.000000,0.001944,100.000000,0.015947,18,18,9720,18,18,0.000000,94.636626,1000,919868,4,1.000000,1.000000,0,2383,0,16580,0
836,defense_vs_attack,420.000000,460.000000,0.001944,100.000000,0.011898,18,18,9720,18,18,0.000000,91.845679,1000,892740,4,0.000000,0.877551,2,2456,0,22543,0
837,baseline,120.000000,160.000000,0.001944,100.000000,0.015266,18,18,9720,18,18,0.000000,28.318930,1000,275260,3,1.000000,1.000000,0,1774,0,6854,0
837,attack_only,220.000000,260.000000,0.001944,100.000000,0.005890,18,18,9720,18,18,0.000000,28.976955,1000,281656,3,1.000000,1.000000,0,1814,0,11294,0
837,defense_only,320.000000,360.000000,0.001944,100.000000,0.013018,18,18,9720,18,18,0.000000,86.050617,1000,836412,3,1.000000,1.000000,0,2550,0,17535,0
837,defense_vs_attack,420.000000,460.000000,0.001944,100.000000,0.007452,18,18,9720,18,18,0.000000,88.286008,1000,858140,3,0.000000,0.816327,1,2573,0,23816,0
842,baseline,120.000000,160.000000,0.001944,100.000000,0.031855,18,18,9720,18,18,0.000000,29.089300,1000,282748,6,1.000000,1.000000,0,1749,0,6494,0
842,attack_only,220.000000,260.000000,0.001944,100.000000,0.011884,18,18,9720,18,18,0.000000,28.768724,1000,279632,6,1.000000,1.000000,0,1723,0,10626,0
842,defense_only,320.000000,360.000000,0.001944,100.000000,0.027520,18,18,9720,18,18,0.000000,89.161317,1000,866648,6,1.000000,1.000000,0,2401,0,16483,0
842,defense_vs_attack,420.000000,460.000000,0.001944,100.000000,0.014461,18,18,9720,18,18,0.000000,87.837860,1000,853784,6,0.000000,0.877551,1,2340,0,22305,0
843,baseline,120.000000,160.000000,0.001944,100.000000,0.025984,18,18,9720,18,18,0.000000,27.247325,1000,264844,5,1.000000,1.000000,0,1688,0,6311,0
843,attack_only,220.000000,260.000000,0.001944,100.000000,0.010487,18,18,9720,18,18,0.000000,27.734156,1000,269576,5,1.000000,1.000000,0,1687,0,10371,0
843,defense_only,320.000000,360.000000,0.001944,100.000000,0.022287,18,18,9720,18,18,0.000000,93.542387,1000,909232,5,1.000000,1.000000,0,2439,0,16219,0
843,defense_vs_attack,420.000000,460.000000,0.001944,100.000000,0.013259,18,18,9720,18,18,0.000000,92.702058,1000,901064,5,0.000000,0.877551,1,2417,0,22156,0
841,baseline,120.000000,160.000000,0.001944,100.000000,0.026075,18,18,9720,18,18,0.000000,30.120988,1000,292776,5,1.000000,1.000000,0,1941,0,7293,0
841,attack_only,220.000000,260.000000,0.001944,100.000000,0.009798,18,18,9720,18,18,0.000000,32.338683,1000,314332,5,1.000000,1.000000,0,1989,0,12094,0
841,defense_only,320.000000,360.000000,0.001944,100.000000,0.021540,18,18,9720,18,18,0.000000,78.898765,1000,766896,5,1.000000,1.000000,0,2606,0,18549,0
841,defense_vs_attack,420.000000,460.000000,0.001944,100.000000,0.011933,18,18,9720,18,18,0.000000,84.046914,1000,816936,5,0.000000,0.979592,1,2593,0,25108,0
847,baseline,120.000000,160.000000,0.001944,100.000000,0.020888,18,18,9720,18,18,0.000000,30.413169,1000,295616,4,1.000000,1.000000,0,1740,0,6522,0
847,attack_only,220.000000,260.000000,0.000000,0.000000,0.000000,18,0,0,0,18,100.000000,0.000000,1000,298516,5,1.000000,1.000000,0,1689,0,10712,0
847,defense_only,320.000000,360.000000,0.001944,100.000000,0.008908,18,18,9720,18,18,0.000000,98.430864,1000,956748,4,1.000000,1.000000,0,2410,0,16546,0
847,defense_vs_attack,420.000000,460.000000,0.001296,66.666667,0.016479,18,12,6480,12,18,33.333333,145.910494,1000,945500,4,0.000000,0.816327,1,2363,0,22438,0
848,baseline,120.000000,160.000000,0.001944,100.000000,0.031249,18,18,9720,18,18,0.000000,29.688066,1000,288568,6,1.000000,1.000000,0,1891,0,7062,0
848,attack_only,220.000000,260.000000,0.001944,100.000000,0.012253,18,18,9720,18,18,0.000000,30.722222,1000,298620,6,1.000000,1.000000,0,1893,0,11580,0
848,defense_only,320.000000,360.000000,0.001944,100.000000,0.026302,18,18,9720,18,18,0.000000,81.297119,1000,790208,6,1.000000,1.000000,0,2619,0,17840,0
848,defense_vs_attack,420.000000,460.000000,0.001512,77.777778,0.015683,18,14,7560,14,18,22.222222,103.634392,1000,783476,6,0.000000,0.877551,1,2626,0,24138,0
849,baseline,120.000000,160.000000,0.001944,100.000000,0.047319,18,18,9720,18,18,0.000000,27.351440,1000,265856,9,1.000000,1.000000,0,1953,0,7090,0
849,attack_only,220.000000,260.000000,0.000000,0.000000,0.000000,0,0,0,0,18,100.000000,0.000000,1000,238496,0,1.000000,1.000000,0,1685,0,11392,0
849,defense_only,320.000000,360.000000,0.001944,100.000000,0.019544,18,18,9720,18,18,0.000000,84.034568,1000,816816,9,1.000000,1.000000,0,2863,0,18129,0
849,defense_vs_attack,420.000000,460.000000,0.001728,88.888889,0.040634,18,16,8640,16,18,11.111111,95.549537,1000,825548,9,0.000000,0.816327,1,2826,0,24949,0
857,baseline,120.000000,160.000000,0.001944,100.000000,0.015501,18,18,9720,18,18,0.000000,23.619342,1000,229580,3,1.000000,1.000000,0,1543,0,5893,0
857,attack_only,220.000000,260.000000,0.001944,100.000000,0.011605,18,18,9720,18,18,0.000000,23.052675,1000,224072,4,1.000000,1.000000,0,1540,0,9663,0
857,defense_only,320.000000,360.000000,0.001944,100.000000,0.011527,18,18,9720,18,18,0.000000,96.935802,1000,942216,3,1.000000,1.000000,0,2351,0,15455,0
857,defense_vs_attack,420.000000,460.000000,0.001944,100.000000,0.008894,18,18,9720,18,18,0.000000,94.653498,1000,920032,3,0.000000,0.816327,1,2565,0,21653,0
863,baseline,120.000000,160.000000,0.001944,100.000000,0.015390,18,18,9720,18,18,0.000000,31.004938,1000,301368,3,1.000000,1.000000,0,1697,0,6430,0
863,attack_only,220.000000,260.000000,0.001944,100.000000,0.005945,18,18,9720,18,18,0.000000,31.424691,1000,305448,3,1.000000,1.000000,0,1666,0,10550,0
863,defense_only,320.000000,360.000000,0.001944,100.000000,0.014676,18,18,9720,18,18,0.000000,93.376132,1000,907616,3,1.000000,1.000000,0,2419,0,16457,0
863,defense_vs_attack,420.000000,460.000000,0.001944,100.000000,0.007104,18,18,9720,18,18,0.000000,92.604527,1000,900116,3,0.000000,0.897959,1,2492,0,22662,0
861,baseline,120.000000,160.000000,0.001944,100.000000,0.020547,18,18,9720,18,18,0.000000,28.977366,1000,281660,4,1.000000,1.000000,0,1685,0,6380,0
861,attack_only,220.000000,260.000000,0.001944,100.000000,0.007794,18,18,9720,18,18,0.000000,28.460494,1000,276636,4,1.000000,1.000000,0,1685,0,10478,0
861,defense_only,320.000000,360.000000,0.001944,100.000000,0.018061,18,18,9720,18,18,0.000000,98.786420,1000,960204,4,1.000000,1.000000,0,2354,0,16249,0
861,defense_vs_attack,420.000000,460.000000,0.001944,100.000000,0.014163,18,18,9720,18,18,0.000000,99.237449,1000,964588,4,0.000000,0.816327,1,2417,0,22245,0
865,baseline,120.000000,160.000000,0.001944,100.000000,0.016720,18,18,9720,18,18,0.000000,30.193004,1000,293476,3,1.000000,1.000000,0,1725,0,6587,0
865,attack_only,220.000000,260.000000,0.001944,100.000000,0.006270,18,18,9720,18,18,0.000000,30.809465,1000,299468,3,1.000000,1.000000,0,1766,0,10895,0
865,defense_only,320.000000,360.000000,0.001944,100.000000,0.015039,18,18,9720,18,18,0.000000,85.039095,1000,826580,3,1.000000,1.000000,0,2393,0,16755,0
865,defense_vs_attack,420.000000,460.000000,0.001944,100.000000,0.008525,18,18,9720,18,18,0.000000,83.741564,1000,813968,3,0.000000,0.877551,1,2337,0,22570,0
858,baseline,120.000000,160.000000,0.001944,100.000000,0.016844,18,18,9720,18,18,0.000000,28.056790,1000,272712,3,1.000000,1.000000,0,1586,0,6091,0
858,attack_only,220.000000,260.000000,0.001944,100.000000,0.006445,18,18,9720,18,18,0.000000,28.337860,1000,275444,3,1.000000,1.000000,0,1593,0,9955,0
858,defense_only,320.000000,360.000000,0.001944,100.000000,0.012550,18,18,9720,18,18,0.000000,100.989712,1000,981620,3,1.000000,1.000000,0,2341,0,15634,0
858,defense_vs_attack,420.000000,460.000000,0.001944,100.000000,0.009322,18,18,9720,18,18,0.000000,103.904115,1000,1009948,3,0.000000,0.918367,1,2443,0,21525,0
866,baseline,120.000000,160.000000,0.001944,100.000000,0.025982,18,18,9720,18,18,0.000000,35.030453,1000,340496,5,1.000000,1.000000,0,1951,0,7305,0
866,attack_only,220.000000,260.000000,0.001944,100.000000,0.010023,18,18,9720,18,18,0.000000,33.896296,1000,329472,5,1.000000,1.000000,0,1915,0,12081,0
866,defense_only,320.000000,360.000000,0.001944,100.000000,0.021813,18,18,9720,18,18,0.000000,86.272840,1000,838572,5,1.000000,1.000000,0,2653,0,18392,0
866,defense_vs_attack,420.000000,460.000000,0.001944,100.000000,0.012406,18,18,9720,18,18,0.000000,85.681893,1000,832828,5,0.000000,0.816327,1,2516,0,24515,0
867,baseline,120.000000,160.000000,0.001944,100.000000,0.015764,18,18,9720,18,18,0.000000,24.169547,1000,234928,3,1.000000,1.000000,0,1639,0,6212,0
867,attack_only,220.000000,260.000000,0.000000,0.000000,0.000000,18,0,0,0,18,100.000000,0.000000,1000,230484,3,1.000000,1.000000,0,1561,0,10090,0
867,defense_only,320.000000,360.000000,0.001944,100.000000,0.008273,18,18,9720,18,18,0.000000,91.897942,1000,893248,3,1.000000,1.000000,0,2544,0,16038,0
867,defense_vs_attack,420.000000,460.000000,0.000000,0.000000,0.000000,6,0,0,0,18,100.000000,0.000000,1000,648236,0,0.000000,0.877551,1,2280,0,21849,0
870,baseline,120.000000,160.000000,0.001944,100.000000,0.021035,18,18,9720,18,18,0.000000,26.735802,1000,259872,4,1.000000,1.000000,0,1605,0,6077,0
870,attack_only,220.000000,260.000000,0.001944,100.000000,0.008104,18,18,9720,18,18,0.000000,27.630453,1000,268568,4,1.000000,1.000000,0,1629,0,10013,0
870,defense_only,320.000000,360.000000,0.001944,100.000000,0.016968,18,18,9720,18,18,0.000000,99.005350,1000,962332,4,1.000000,1.000000,0,2487,0,15949,0
870,defense_vs_attack,420.000000,460.000000,0.001296,66.666667,0.011798,18,12,6480,12,18,33.333333,142.284568,1000,922004,4,0.000000,0.795918,1,2403,0,21835,0
869,baseline,120.000000,160.000000,0.001944,100.000000,0.015995,18,18,9720,18,18,0.000000,28.974074,1000,281628,3,1.000000,1.000000,0,1652,0,6274,0
869,attack_only,220.000000,260.000000,0.001944,100.000000,0.006265,18,18,9720,18,18,0.000000,28.361728,1000,275676,3,1.000000,1.000000,0,1664,0,10318,0
869,defense_only,320.000000,360.000000,0.001944,100.000000,0.013427,18,18,9720,18,18,0.000000,95.006584,1000,923464,3,1.000000,1.000000,0,2373,0,16146,0
869,defense_vs_attack,420.000000,460.000000,0.001944,100.000000,0.019703,18,18,9720,18,18,0.000000,93.350206,1000,907364,4,0.000000,0.775510,4,2535,0,22186,0
872,baseline,120.000000,160.000000,0.001944,100.000000,0.015227,18,18,9720,18,18,0.000000,27.181893,1000,264208,3,1.000000,1.000000,0,1665,0,6309,0
872,attack_only,220.000000,260.000000,0.001944,100.000000,0.005788,18,18,9720,18,18,0.000000,27.721399,1000,269452,3,1.000000,1.000000,0,1643,0,10347,0
872,defense_only,320.000000,360.000000,0.001944,100.000000,0.013861,18,18,9720,18,18,0.000000,101.598765,1000,987540,3,1.000000,1.000000,0,2527,0,16374,0
872,defense_vs_attack,420.000000,460.000000,0.001944,100.000000,0.008005,18,18,9720,18,18,0.000000,101.673663,1000,988268,3,0.000000,0.816327,1,2468,0,22457,0
875,baseline,120.000000,160.000000,0.001944,100.000000,0.080370,18,18,9720,18,18,0.000000,29.341152,1000,285196,15,1.000000,1.000000,0,2170,0,7546,0
875,attack_only,220.000000,260.000000,0.001944,100.000000,0.031893,18,18,9720,18,18,0.000000,30.265432,1000,294180,15,1.000000,1.000000,0,2217,0,12620,0
875,defense_only,320.000000,360.000000,0.001944,100.000000,0.064109,18,18,9720,18,18,0.000000,93.353086,1000,907392,15,1.000000,1.000000,0,2964,0,19575,0
875,defense_vs_attack,420.000000,460.000000,0.001944,100.000000,0.041964,18,18,9720,18,18,0.000000,91.839095,1000,892676,15,0.000000,0.857143,1,2955,0,26634,0
880,baseline,120.000000,160.000000,0.001944,100.000000,0.026096,18,18,9720,18,18,0.000000,26.112346,1000,253812,5,1.000000,1.000000,0,1651,0,6200,0
880,attack_only,220.000000,260.000000,0.000000,0.000000,0.000000,18,0,0,0,18,100.000000,0.000000,1000,261760,5,1.000000,1.000000,0,1616,0,10168,0
880,defense_only,320.000000,360.000000,0.001944,100.000000,0.023988,18,18,9720,18,18,0.000000,91.567901,1000,890040,5,1.000000,1.000000,0,2429,0,16096,0
880,defense_vs_attack,420.000000,460.000000,0.001512,77.777778,0.012790,18,14,7560,14,18,22.222222,118.671429,1000,897156,5,0.000000,0.918367,1,2485,0,22153,0
881,baseline,120.000000,160.000000,0.001944,100.000000,0.026173,18,18,9720,18,18,0.000000,29.473251,1000,286480,5,1.000000,1.000000,0,1754,0,6576,0
881,attack_only,220.000000,260.000000,0.001944,100.000000,0.010024,18,18,9720,18,18,0.000000,28.641975,1000,278400,5,1.000000,1.000000,0,1752,0,10839,0
881,defense_only,320.000000,360.000000,0.001944,100.000000,0.025942,18,18,9720,18,18,0.000000,105.136214,1000,1021924,5,1.000000,1.000000,0,2481,0,16874,0
881,defense_vs_attack,420.000000,460.000000,0.001620,83.333333,0.019230,18,15,8100,15,18,16.666667,118.324938,1000,958432,5,0.000000,0.734694,2,2486,0,22986,0
883,baseline,120.000000,160.000000,0.001944,100.000000,0.021407,18,18,9720,18,18,0.000000,28.189300,1000,274000,4,1.000000,1.000000,0,1697,0,6395,0
883,attack_only,220.000000,260.000000,0.001944,100.000000,0.007794,18,18,9720,18,18,0.000000,27.826337,1000,270472,4,1.000000,1.000000,0,1701,0,10516,0
883,defense_only,320.000000,360.000000,0.001944,100.000000,0.017264,18,18,9720,18,18,0.000000,85.209465,1000,828236,4,1.000000,1.000000,0,2343,0,16360,0
883,defense_vs_attack,420.000000,460.000000,0.001296,66.666667,0.010916,18,12,6480,12,18,33.333333,132.590123,1000,859184,4,0.000000,0.795918,1,2358,0,22273,0
884,baseline,120.000000,160.000000,0.001944,100.000000,0.019926,18,18,9720,18,18,0.000000,27.409053,1000,266416,4,1.000000,1.000000,0,1701,0,6385,0
884,attack_only,220.000000,260.000000,0.000000,0.000000,0.000000,18,0,0,0,18,100.000000,0.000000,1000,266692,5,1.000000,1.000000,0,1666,0,10503,0
884,defense_only,320.000000,360.000000,0.001944,100.000000,0.010971,18,18,9720,18,18,0.000000,88.638272,1000,861564,4,1.000000,1.000000,0,2441,0,16441,0
884,defense_vs_attack,420.000000,460.000000,0.001080,55.555556,0.014773,18,10,5400,10,18,44.444444,154.873333,1000,836316,4,0.000000,0.836735,1,2462,0,22494,0
887,baseline,120.000000,160.000000,0.001944,100.000000,0.015217,18,18,9720,18,18,0.000000,25.488066,1000,247744,3,1.000000,1.000000,0,1632,0,6163,0
887,attack_only,220.000000,260.000000,0.001944,100.000000,0.005870,18,18,9720,18,18,0.000000,25.908230,1000,251828,3,1.000000,1.000000,0,1632,0,10140,0
887,defense_only,320.000000,360.000000,0.001944,100.000000,0.013634,18,18,9720,18,18,0.000000,88.465432,1000,859884,3,1.000000,1.000000,0,2345,0,15840,0
887,defense_vs_attack,420.000000,460.000000,0.001944,100.000000,0.007500,18,18,9720,18,18,0.000000,92.486420,1000,898968,3,0.000000,0.816327,1,2311,0,21674,0
888,baseline,120.000000,160.000000,0.001944,100.000000,0.041364,18,18,9720,18,18,0.000000,26.517284,1000,257748,8,1.000000,1.000000,0,1742,0,6334,0
888,attack_only,220.000000,260.000000,0.001944,100.000000,0.029892,18,18,9720,18,18,0.000000,26.552263,1000,258088,8,1.000000,1.000000,0,1726,0,10438,0
888,defense_only,320.000000,360.000000,0.001944,100.000000,0.036462,18,18,9720,18,18,0.000000,91.836626,1000,892652,8,1.000000,1.000000,0,2466,0,16422,0
888,defense_vs_attack,420.000000,460.000000,0.001188,61.111111,0.123952,18,11,5940,11,18,38.888889,148.593266,1000,882644,8,0.000000,0.918367,1,2590,0,22644,0
894,baseline,120.000000,160.000000,0.001944,100.000000,0.016089,18,18,9720,18,18,0.000000,26.811111,1000,260604,3,1.000000,1.000000,0,1659,0,6347,0
894,attack_only,220.000000,260.000000,0.001944,100.000000,0.005894,18,18,9720,18,18,0.000000,26.756379,1000,260072,3,1.000000,1.000000,0,1677,0,10430,0
894,defense_only,320.000000,360.000000,0.001944,100.000000,0.012872,18,18,9720,18,18,0.000000,88.493004,1000,860152,3,1.000000,1.000000,0,2550,0,16589,0
894,defense_vs_attack,420.000000,460.000000,0.001944,100.000000,0.007067,18,18,9720,18,18,0.000000,84.431687,1000,820676,3,0.000000,0.836735,1,2479,0,22673,0
891,baseline,120.000000,160.000000,0.001944,100.000000,0.015948,18,18,9720,18,18,0.000000,27.430453,1000,266624,3,1.000000,1.000000,0,1766,0,6786,0
891,attack_only,220.000000,260.000000,0.001944,100.000000,0.005788,18,18,9720,18,18,0.000000,27.567490,1000,267956,3,1.000000,1.000000,0,1743,0,11042,0
891,defense_only,320.000000,360.000000,0.001944,100.000000,0.013031,18,18,9720,18,18,0.000000,94.654733,1000,920044,3,1.000000,1.000000,0,2573,0,17335,0
891,defense_vs_attack,420.000000,460.000000,0.001944,100.000000,0.007065,18,18,9720,18,18,0.000000,102.188066,1000,993268,3,0.000000,0.714286,1,2568,0,23698,0
913,baseline,120.000000,160.000000,0.001944,100.000000,0.041827,18,18,9720,18,18,0.000000,21.720165,1000,211120,8,1.000000,1.000000,0,1696,0,6194,0
913,attack_only,220.000000,260.000000,0.001944,100.000000,0.016456,18,18,9720,18,18,0.000000,21.094650,1000,205040,8,1.000000,1.000000,0,1679,0,10132,0
913,defense_only,320.000000,360.000000,0.001944,100.000000,0.038047,18,18,9720,18,18,0.000000,76.363374,1000,742252,8,1.000000,1.000000,0,2599,0,16349,0
913,defense_vs_attack,420.000000,460.000000,0.001944,100.000000,0.019888,18,18,9720,18,18,0.000000,83.917284,1000,815676,8,0.000000,0.836735,1,2670,0,22754,0
922,baseline,120.000000,160.000000,0.001944,100.000000,0.036624,18,18,9720,18,18,0.000000,33.949383,1000,329988,7,1.000000,1.000000,0,1968,0,7303,0
922,attack_only,220.000000,260.000000,0.001944,100.000000,0.014152,18,18,9720,18,18,0.000000,33.541564,1000,326024,7,1.000000,1.000000,0,1950,0,11967,0
922,defense_only,320.000000,360.000000,0.001944,100.000000,0.032970,18,18,9720,18,18,0.000000,73.430864,1000,713748,7,1.000000,1.000000,0,2521,0,18102,0
922,defense_vs_attack,420.000000,460.000000,0.001296,66.666667,0.020513,18,12,6480,12,18,33.333333,117.972222,1000,764460,7,0.000000,0.836735,1,2561,0,24300,0
916,baseline,120.000000,160.000000,0.001944,100.000000,0.036224,18,18,9720,18,18,0.000000,29.160905,1000,283444,7,1.000000,1.000000,0,1845,0,6702,0
916,attack_only,220.000000,260.000000,0.000000,0.000000,0.000000,18,0,0,0,18,100.000000,0.000000,1000,253320,8,1.000000,1.000000,0,1695,0,10873,0
916,defense_only,320.000000,360.000000,0.001944,100.000000,0.021806,18,18,9720,18,18,0.000000,78.942798,1000,767324,7,1.000000,1.000000,0,2610,0,17090,0
916,defense_vs_attack,420.000000,460.000000,0.001296,66.666667,0.023832,18,12,6480,12,18,33.333333,131.172222,1000,849996,7,0.000000,0.816327,1,2604,0,23361,0
921,baseline,120.000000,160.000000,0.001944,100.000000,0.037076,18,18,9720,18,18,0.000000,24.182305,1000,235052,7,1.000000,1.000000,0,1689,0,6247,0
921,attack_only,220.000000,260.000000,0.000000,0.000000,0.000000,18,0,0,0,18,100.000000,0.000000,1000,237008,8,1.000000,1.000000,0,1674,0,10310,0
921,defense_only,320.000000,360.000000,0.001944,100.000000,0.021664,18,18,9720,18,18,0.000000,86.569136,1000,841452,7,1.000000,1.000000,0,2559,0,16410,0
921,defense_vs_attack,420.000000,460.000000,0.001620,83.333333,0.025502,18,15,8100,15,18,16.666667,109.107654,1000,883772,7,0.000000,0.836735,1,2629,0,22777,0
924,baseline,120.000000,160.000000,0.001944,100.000000,0.020476,18,18,9720,18,18,0.000000,33.546502,1000,326072,4,1.000000,1.000000,0,1835,0,6973,0
924,attack_only,220.000000,260.000000,0.001944,100.000000,0.007794,18,18,9720,18,18,0.000000,33.672840,1000,327300,4,1.000000,1.000000,0,1890,0,11506,0
924,defense_only,320.000000,360.000000,0.001944,100.000000,0.020240,18,18,9720,18,18,0.000000,84.176543,1000,818196,4,1.000000,1.000000,0,2575,0,17684,0
924,defense_vs_attack,420.000000,460.000000,0.001836,94.444444,0.016559,18,17,9180,17,18,5.555556,90.766449,1000,833236,4,0.000000,0.918367,1,2652,0,23915,0
926,baseline,120.000000,160.000000,0.001944,100.000000,0.035998,18,18,9720,18,18,0.000000,27.713992,1000,269380,7,1.000000,1.000000,0,1782,0,6509,0
926,attack_only,220.000000,260.000000,0.001944,100.000000,0.013916,18,18,9720,18,18,0.000000,25.748971,1000,250280,7,1.000000,1.000000,0,1733,0,10642,0
926,defense_only,320.000000,360.000000,0.001944,100.000000,0.034002,18,18,9720,18,18,0.000000,90.792593,1000,882504,7,1.000000,1.000000,0,2535,0,16669,0
926,defense_vs_attack,420.000000,460.000000,0.001080,55.555556,0.018474,18,10,5400,10,18,44.444444,158.862222,1000,857856,7,0.000000,0.857143,1,2493,0,22816,0
931,baseline,120.000000,160.000000,0.001944,100.000000,0.025981,18,18,9720,18,18,0.000000,24.762963,1000,240696,5,1.000000,1.000000,0,1633,0,6078,0
931,attack_only,220.000000,260.000000,0.000000,0.000000,0.000000,18,0,0,0,18,100.000000,0.000000,1000,257472,5,1.000000,1.000000,0,1615,0,10015,0
931,defense_only,320.000000,360.000000,0.001944,100.000000,0.021240,18,18,9720,18,18,0.000000,105.760905,1000,1027996,5,1.000000,1.000000,0,2484,0,15886,0
931,defense_vs_attack,420.000000,460.000000,0.001296,66.666667,0.020895,18,12,6480,12,18,33.333333,157.388272,1000,1019876,5,0.000000,0.816327,1,2427,0,21832,0
934,baseline,120.000000,160.000000,0.001944,100.000000,0.025526,18,18,9720,18,18,0.000000,26.581893,1000,258376,5,1.000000,1.000000,0,1732,0,6453,0
934,attack_only,220.000000,260.000000,0.000000,0.000000,0.000000,18,0,0,0,18,100.000000,0.000000,1000,255936,5,1.000000,1.000000,0,1580,0,10430,0
934,defense_only,320.000000,360.000000,0.001944,100.000000,0.015099,18,18,9720,18,18,0.000000,82.231276,1000,799288,5,1.000000,1.000000,0,2417,0,16297,0
934,defense_vs_attack,420.000000,460.000000,0.001512,77.777778,0.031643,18,14,7560,14,18,22.222222,118.803175,1000,898152,5,0.000000,0.836735,1,2508,0,22315,0
936,baseline,120.000000,160.000000,0.001944,100.000000,0.025606,18,18,9720,18,18,0.000000,25.790947,1000,250688,5,1.000000,1.000000,0,1701,0,6367,0
936,attack_only,220.000000,260.000000,0.001944,100.000000,0.009955,18,18,9720,18,18,0.000000,26.445267,1000,257048,5,1.000000,1.000000,0,1749,0,10518,0
936,defense_only,320.000000,360.000000,0.001944,100.000000,0.025048,18,18,9720,18,18,0.000000,91.414403,1000,888548,5,1.000000,1.000000,0,2478,0,16688,0
936,defense_vs_attack,420.000000,460.000000,0.001944,100.000000,0.019847,18,18,9720,18,18,0.000000,95.638272,1000,929604,5,0.000000,0.795918,1,2600,0,23094,0
939,baseline,120.000000,160.000000,0.001944,100.000000,0.021459,18,18,9720,18,18,0.000000,30.734979,1000,298744,4,1.000000,1.000000,0,1806,0,6779,0
939,attack_only,220.000000,260.000000,0.001944,100.000000,0.008472,18,18,9720,18,18,0.000000,31.288477,1000,304124,4,1.000000,1.000000,0,1798,0,11126,0
939,defense_only,320.000000,360.000000,0.001944,100.000000,0.017341,18,18,9720,18,18,0.000000,86.015638,1000,836072,4,1.000000,1.000000,0,2470,0,17191,0
939,defense_vs_attack,420.000000,460.000000,0.001944,100.000000,0.011462,18,18,9720,18,18,0.000000,87.414403,1000,849668,4,0.000000,0.897959,1,2592,0,23345,0
937,baseline,120.000000,160.000000,0.001944,100.000000,0.026214,18,18,9720,18,18,0.000000,30.532510,1000,296776,5,1.000000,1.000000,0,1785,0,6711,0
937,attack_only,220.000000,260.000000,0.000000,0.000000,0.000000,18,0,0,0,18,100.000000,0.000000,1000,303568,5,1.000000,1.000000,0,1717,0,10952,0
937,defense_only,320.000000,360.000000,0.001944,100.000000,0.016100,18,18,9720,18,18,0.000000,102.875309,1000,999948,5,1.000000,1.000000,0,2687,0,17338,0
937,defense_vs_attack,420.000000,460.000000,0.001080,55.555556,0.043745,18,10,5400,10,18,44.444444,181.134815,1000,978128,7,0.000000,0.836735,2,2687,0,23828,0
943,baseline,120.000000,160.000000,0.001944,100.000000,0.062502,18,18,9720,18,18,0.000000,27.783951,1000,270060,12,1.000000,1.000000,0,1982,0,7069,0
943,attack_only,220.000000,260.000000,0.000000,0.000000,0.000000,18,0,0,0,18,100.000000,0.000000,1000,280968,12,1.000000,1.000000,0,1949,0,11622,0
943,defense_only,320.000000,360.000000,0.001944,100.000000,0.044003,18,18,9720,18,18,0.000000,87.342798,1000,848972,12,1.000000,1.000000,0,2815,0,18293,0
943,defense_vs_attack,420.000000,460.000000,0.000864,44.444444,0.045464,18,8,4320,8,18,55.555556,201.959259,1000,872464,12,0.000000,0.836735,1,2868,0,25109,0
946,baseline,120.000000,160.000000,0.001944,100.000000,0.026267,18,18,9720,18,18,0.000000,29.238683,1000,284200,5,1.000000,1.000000,0,1750,0,6669,0
946,attack_only,220.000000,260.000000,0.001944,100.000000,0.010226,18,18,9720,18,18,0.000000,30.417284,1000,295656,5,1.000000,1.000000,0,1752,0,10902,0
946,defense_only,320.000000,360.000000,0.001944,100.000000,0.021672,18,18,9720,18,18,0.000000,85.242798,1000,828560,5,1.000000,1.000000,0,2437,0,16885,0
946,defense_vs_attack,420.000000,460.000000,0.001512,77.777778,0.013690,18,14,7560,14,18,22.222222,110.535979,1000,835652,5,0.000000,0.755102,3,2496,0,22900,0
948,baseline,120.000000,160.000000,0.001944,100.000000,0.026996,18,18,9720,18,18,0.000000,25.473663,1000,247604,5,1.000000,1.000000,0,1649,0,6141,0
948,attack_only,220.000000,260.000000,0.000000,0.000000,0.000000,18,0,0,0,18,100.000000,0.000000,1000,244276,5,1.000000,1.000000,0,1557,0,10006,0
948,defense_only,320.000000,360.000000,0.001944,100.000000,0.021870,18,18,9720,18,18,0.000000,92.192593,1000,896112,5,1.000000,1.000000,0,2483,0,16005,0
948,defense_vs_attack,420.000000,460.000000,0.000216,11.111111,0.071528,18,2,1080,2,18,88.888889,806.066667,1000,870552,9,0.000000,0.877551,1,3010,0,22643,0
947,baseline,120.000000,160.000000,0.001944,100.000000,0.026279,18,18,9720,18,18,0.000000,29.372840,1000,285504,5,1.000000,1.000000,0,1740,0,6532,0
947,attack_only,220.000000,260.000000,0.001944,100.000000,0.010202,18,18,9720,18,18,0.000000,27.951029,1000,271684,5,1.000000,1.000000,0,1711,0,10721,0
947,defense_only,320.000000,360.000000,0.001944,100.000000,0.022370,18,18,9720,18,18,0.000000,98.558436,1000,957988,5,1.000000,1.000000,0,2426,0,16537,0
947,defense_vs_attack,420.000000,460.000000,0.001944,100.000000,0.013033,18,18,9720,18,18,0.000000,101.229630,1000,983952,5,0.000000,0.877551,1,2429,0,22412,0
949,baseline,120.000000,160.000000,0.001944,100.000000,0.021355,18,18,9720,18,18,0.000000,25.200823,1000,244952,4,1.000000,1.000000,0,1693,0,6387,0
949,attack_only,220.000000,260.000000,0.001944,100.000000,0.014688,18,18,9720,18,18,0.000000,23.637037,1000,229752,4,1.000000,1.000000,0,1661,0,10443,0
949,defense_only,320.000000,360.000000,0.001944,100.000000,0.013680,18,18,9720,18,18,0.000000,83.558436,1000,812188,4,1.000000,1.000000,0,2480,0,16493,0
949,defense_vs_attack,420.000000,460.000000,0.001944,100.000000,0.013200,18,18,9720,18,18,0.000000,82.111934,1000,798128,4,0.000000,0.918367,1,2554,0,22649,0
952,baseline,120.000000,160.000000,0.001944,100.000000,0.021006,18,18,9720,18,18,0.000000,26.179424,1000,254464,4,1.000000,1.000000,0,1641,0,6189,0
952,attack_only,220.000000,260.000000,0.001944,100.000000,0.008412,18,18,9720,18,18,0.000000,27.239506,1000,264768,4,1.000000,1.000000,0,1701,0,10335,0
952,defense_only,320.000000,360.000000,0.001944,100.000000,0.017432,18,18,9720,18,18,0.000000,93.699588,1000,910760,4,1.000000,1.000000,0,2429,0,16316,0
952,defense_vs_attack,420.000000,460.000000,0.001944,100.000000,0.010209,18,18,9720,18,18,0.000000,94.349794,1000,917080,4,0.000000,0.918367,1,2395,0,22297,0
954,baseline,120.000000,160.000000,0.001944,100.000000,0.025855,18,18,9720,18,18,0.000000,26.230864,1000,254964,5,1.000000,1.000000,0,1690,0,6398,0
954,attack_only,220.000000,260.000000,0.000000,0.000000,0.000000,18,0,0,0,18,100.000000,0.000000,1000,250664,6,1.000000,1.000000,0,1663,0,10472,0
954,defense_only,320.000000,360.000000,0.001944,100.000000,0.023177,18,18,9720,18,18,0.000000,87.326337,1000,848812,5,1.000000,1.000000,0,2472,0,16343,0
954,defense_vs_attack,420.000000,460.000000,0.001944,100.000000,0.012356,18,18,9720,18,18,0.000000,90.204115,1000,876784,5,0.000000,0.877551,2,2597,0,22547,0
955,baseline,120.000000,160.000000,0.001944,100.000000,0.025520,18,18,9720,18,18,0.000000,32.219342,1000,313172,5,1.000000,1.000000,0,1812,0,6669,0
955,attack_only,220.000000,260.000000,0.000000,0.000000,0.000000,18,0,0,0,18,100.000000,0.000000,1000,310940,5,1.000000,1.000000,0,1722,0,10931,0
955,defense_only,320.000000,360.000000,0.001944,100.000000,0.010278,18,18,9720,18,18,0.000000,88.958025,1000,864672,5,1.000000,1.000000,0,2351,0,16655,0
955,defense_vs_attack,420.000000,460.000000,0.001080,55.555556,0.019284,18,10,5400,10,18,44.444444,164.723704,1000,889508,5,0.000000,0.897959,1,2437,0,22556,0
959,baseline,120.000000,160.000000,0.001944,100.000000,0.020258,18,18,9720,18,18,0.000000,28.241152,1000,274504,4,1.000000,1.000000,0,1722,0,6470,0
959,attack_only,220.000000,260.000000,0.000000,0.000000,0.000000,18,0,0,0,18,100.000000,0.000000,1000,284952,4,1.000000,1.000000,0,1683,0,10645,0
959,defense_only,320.000000,360.000000,0.001944,100.000000,0.007855,18,18,9720,18,18,0.000000,94.270782,1000,916312,4,1.000000,1.000000,0,2466,0,16640,0
959,defense_vs_attack,420.000000,460.000000,0.001080,55.555556,0.016526,18,10,5400,10,18,44.444444,171.768889,1000,927552,4,0.000000,0.816327,1,2501,0,22841,0
960,baseline,120.000000,160.000000,0.001944,100.000000,0.041627,18,18,9720,18,18,0.000000,27.465021,1000,266960,8,1.000000,1.000000,0,1774,0,6565,0
960,attack_only,220.000000,260.000000,0.001944,100.000000,0.016087,18,18,9720,18,18,0.000000,27.248971,1000,264860,8,1.000000,1.000000,0,1776,0,10791,0
960,defense_only,320.000000,360.000000,0.001944,100.000000,0.043503,18,18,9720,18,18,0.000000,85.601646,1000,832048,8,1.000000,1.000000,0,2456,0,16775,0
960,defense_vs_attack,420.000000,460.000000,0.001080,55.555556,0.026431,18,10,5400,10,18,44.444444,158.168148,1000,854108,8,0.000000,0.836735,2,2537,0,22771,0
970,baseline,120.000000,160.000000,0.001944,100.000000,0.014904,18,18,9720,18,18,0.000000,36.764198,1000,357348,3,1.000000,1.000000,0,1825,0,6982,0
970,attack_only,220.000000,260.000000,0.001944,100.000000,0.006133,18,18,9720,18,18,0.000000,35.950617,1000,349440,3,1.000000,1.000000,0,1810,0,11443,0
970,defense_only,320.000000,360.000000,0.001944,100.000000,0.012946,18,18,9720,18,18,0.000000,94.659671,1000,920092,3,1.000000,1.000000,0,2388,0,17263,0
970,defense_vs_attack,420.000000,460.000000,0.001512,77.777778,0.007793,18,14,7560,14,18,22.222222,121.359788,1000,917480,3,0.000000,0.836735,1,2359,0,23087,0
977,baseline,120.000000,160.000000,0.001944,100.000000,0.026577,18,18,9720,18,18,0.000000,26.430453,1000,256904,5,1.000000,1.000000,0,1745,0,6520,0
977,attack_only,220.000000,260.000000,0.001944,100.000000,0.010636,18,18,9720,18,18,0.000000,24.765021,1000,240716,5,1.000000,1.000000,0,1669,0,10632,0
977,defense_only,320.000000,360.000000,0.001944,100.000000,0.020566,18,18,9720,18,18,0.000000,76.695885,1000,745484,5,1.000000,1.000000,0,2455,0,16642,0
977,defense_vs_attack,420.000000,460.000000,0.001188,61.111111,0.030689,18,11,5940,11,18,38.888889,121.119192,1000,719448,5,0.000000,0.857143,2,2507,0,22750,0
969,baseline,120.000000,160.000000,0.001944,100.000000,0.028104,18,18,9720,18,18,0.000000,28.609465,1000,278084,5,1.000000,1.000000,0,1690,0,6264,0
969,attack_only,220.000000,260.000000,0.000000,0.000000,0.000000,18,0,0,0,18,100.000000,0.000000,1000,277104,5,1.000000,1.000000,0,1618,0,10282,0
969,defense_only,320.000000,360.000000,0.001944,100.000000,0.025458,18,18,9720,18,18,0.000000,105.271605,1000,1023240,5,1.000000,1.000000,0,2529,0,16422,0
969,defense_vs_attack,420.000000,460.000000,0.001188,61.111111,0.032612,18,11,5940,11,18,38.888889,171.914478,1000,1021172,6,0.000000,0.795918,1,2792,0,22855,0
976,baseline,120.000000,160.000000,0.001944,100.000000,0.015033,18,18,9720,18,18,0.000000,34.111523,1000,331564,3,1.000000,1.000000,0,1919,0,7247,0
976,attack_only,220.000000,260.000000,0.001944,100.000000,0.005789,18,18,9720,18,18,0.000000,32.567490,1000,316556,3,1.000000,1.000000,0,1892,0,11876,0
976,defense_only,320.000000,360.000000,0.001944,100.000000,0.013306,18,18,9720,18,18,0.000000,82.810288,1000,804916,3,1.000000,1.000000,0,2529,0,17978,0
976,defense_vs_attack,420.000000,460.000000,0.001944,100.000000,0.008110,18,18,9720,18,18,0.000000,84.062963,1000,817092,3,0.000000,0.795918,1,2445,0,24019,0
978,baseline,120.000000,160.000000,0.001944,100.000000,0.086908,18,18,9720,18,18,0.000000,27.990535,1000,272068,6,1.000000,1.000000,0,1651,0,6093,0
978,attack_only,220.000000,260.000000,0.001944,100.000000,0.077005,18,18,9720,18,18,0.000000,28.965021,1000,281540,6,1.000000,1.000000,0,1665,0,10130,0
978,defense_only,320.000000,360.000000,0.001944,100.000000,0.025194,18,18,9720,18,18,0.000000,101.895062,1000,990420,6,1.000000,1.000000,0,2351,0,15805,0
978,defense_vs_attack,420.000000,460.000000,0.001944,100.000000,0.021350,18,18,9720,18,18,0.000000,99.731687,1000,969392,6,0.000000,0.795918,1,2447,0,21655,0
983,baseline,120.000000,160.000000,0.001944,100.000000,0.025584,18,18,9720,18,18,0.000000,29.182305,1000,283652,5,1.000000,1.000000,0,1880,0,7056,0
983,attack_only,220.000000,260.000000,0.000000,0.000000,0.000000,18,0,0,0,18,100.000000,0.000000,1000,301568,5,1.000000,1.000000,0,1868,0,11665,0
983,defense_only,320.000000,360.000000,0.001944,100.000000,0.010616,18,18,9720,18,18,0.000000,78.092181,1000,759056,5,1.000000,1.000000,0,2571,0,17961,0
983,defense_vs_attack,420.000000,460.000000,0.001944,100.000000,0.021418,18,18,9720,18,18,0.000000,78.697119,1000,764936,5,0.000000,0.938776,1,2567,0,24267,0
982,baseline,120.000000,160.000000,0.001944,100.000000,0.025946,18,18,9720,18,18,0.000000,23.594239,1000,229336,5,1.000000,1.000000,0,1612,0,6063,0
982,attack_only,220.000000,260.000000,0.001944,100.000000,0.009947,18,18,9720,18,18,0.000000,23.977778,1000,233064,5,1.000000,1.000000,0,1636,0,10044,0
982,defense_only,320.000000,360.000000,0.001944,100.000000,0.022706,18,18,9720,18,18,0.000000,94.244444,1000,916056,5,1.000000,1.000000,0,2558,0,16132,0
982,defense_vs_attack,420.000000,460.000000,0.001080,55.555556,0.018309,18,10,5400,10,18,44.444444,167.331852,1000,903592,5,0.000000,0.938776,1,2556,0,22323,0
986,baseline,120.000000,160.000000,0.001944,100.000000,0.021067,18,18,9720,18,18,0.000000,32.738272,1000,318216,4,1.000000,1.000000,0,1780,0,6700,0
986,attack_only,220.000000,260.000000,0.001944,100.000000,0.007831,18,18,9720,18,18,0.000000,32.989712,1000,320660,4,1.000000,1.000000,0,1791,0,11063,0
986,defense_only,320.000000,360.000000,0.001944,100.000000,0.017250,18,18,9720,18,18,0.000000,88.111111,1000,856440,4,1.000000,1.000000,0,2402,0,16817,0
986,defense_vs_attack,420.000000,460.000000,0.001944,100.000000,0.009919,18,18,9720,18,18,0.000000,95.823045,1000,931400,4,0.000000,0.897959,2,2505,0,22803,0
987,baseline,120.000000,160.000000,0.001944,100.000000,0.023209,18,18,9720,18,18,0.000000,31.302058,1000,304256,4,1.000000,1.000000,0,1823,0,6902,0
987,attack_only,220.000000,260.000000,0.001944,100.000000,0.008455,18,18,9720,18,18,0.000000,31.259259,1000,303840,4,1.000000,1.000000,0,1832,0,11322,0
987,defense_only,320.000000,360.000000,0.001944,100.000000,0.016701,18,18,9720,18,18,0.000000,81.874897,1000,795824,4,1.000000,1.000000,0,2569,0,17543,0
987,defense_vs_attack,420.000000,460.000000,0.001944,100.000000,0.010231,18,18,9720,18,18,0.000000,85.458436,1000,830656,4,0.000000,0.918367,1,2569,0,23873,0
998,baseline,120.000000,160.000000,0.001944,100.000000,0.031374,18,18,9720,18,18,0.000000,28.304527,1000,275120,6,1.000000,1.000000,0,1818,0,6717,0
998,attack_only,220.000000,260.000000,0.001944,100.000000,0.012392,18,18,9720,18,18,0.000000,28.031276,1000,272464,6,1.000000,1.000000,0,1841,0,11183,0
998,defense_only,320.000000,360.000000,0.001944,100.000000,0.025809,18,18,9720,18,18,0.000000,83.869136,1000,815208,6,1.000000,1.000000,0,2639,0,17559,0
998,defense_vs_attack,420.000000,460.000000,0.001944,100.000000,0.015131,18,18,9720,18,18,0.000000,84.413992,1000,820504,6,0.000000,0.836735,1,2571,0,23920,0
997,baseline,120.000000,160.000000,0.001944,100.000000,0.027154,18,18,9720,18,18,0.000000,29.049794,1000,282364,5,1.000000,1.000000,0,1811,0,6755,0
997,attack_only,220.000000,260.000000,0.001944,100.000000,0.013379,18,18,9720,18,18,0.000000,29.310288,1000,284896,5,1.000000,1.000000,0,1794,0,11131,0
997,defense_only,320.000000,360.000000,0.001944,100.000000,0.021453,18,18,9720,18,18,0.000000,92.810288,1000,902116,5,1.000000,1.000000,0,2604,0,17441,0
997,defense_vs_attack,420.000000,460.000000,0.001944,100.000000,0.012103,18,18,9720,18,18,0.000000,89.447325,1000,869428,5,0.000000,0.938776,1,2503,0,23725,0
992,baseline,120.000000,160.000000,0.001944,100.000000,0.036972,18,18,9720,18,18,0.000000,26.101646,1000,253708,7,1.000000,1.000000,0,1778,0,6539,0
992,attack_only,220.000000,260.000000,0.001944,100.000000,0.013860,18,18,9720,18,18,0.000000,26.160905,1000,254284,7,1.000000,1.000000,0,1817,0,10855,0
992,defense_only,320.000000,360.000000,0.001944,100.000000,0.031069,18,18,9720,18,18,0.000000,96.148148,1000,934560,7,1.000000,1.000000,0,2589,0,17106,0
992,defense_vs_attack,420.000000,460.000000,0.001944,100.000000,0.018137,18,18,9720,18,18,0.000000,99.046502,1000,962732,7,0.000000,0.918367,1,2615,0,23431,0
1006,baseline,120.000000,160.000000,0.001944,100.000000,0.036847,18,18,9720,18,18,0.000000,35.166667,1000,341820,7,1.000000,1.000000,0,1915,0,7045,0
1006,attack_only,220.000000,260.000000,0.000000,0.000000,0.000000,18,0,0,0,18,100.000000,0.000000,1000,354016,7,1.000000,1.000000,0,1856,0,11585,0
1006,defense_only,320.000000,360.000000,0.001944,100.000000,0.018907,18,18,9720,18,18,0.000000,89.390123,1000,868872,7,1.000000,1.000000,0,2458,0,17410,0
1006,defense_vs_attack,420.000000,460.000000,0.001944,100.000000,0.028333,18,18,9720,18,18,0.000000,88.619753,1000,861384,7,0.000000,0.857143,1,2441,0,23227,0
1005,baseline,120.000000,160.000000,0.001944,100.000000,0.072542,18,18,9720,18,18,0.000000,21.917695,1000,213040,14,1.000000,1.000000,0,1827,0,6314,0
1005,attack_only,220.000000,260.000000,0.000000,0.000000,0.000000,18,0,0,0,18,100.000000,0.000000,1000,210700,14,1.000000,1.000000,0,1672,0,10298,0
1005,defense_only,320.000000,360.000000,0.001944,100.000000,0.058810,18,18,9720,18,18,0.000000,86.438272,1000,840180,14,1.000000,1.000000,0,2827,0,16771,0
1005,defense_vs_attack,420.000000,460.000000,0.001080,62.500000,0.059227,16,10,5400,10,18,44.444444,147.708889,1000,797628,15,0.000000,0.857143,1,2784,0,23495,0
1009,baseline,120.000000,160.000000,0.001944,100.000000,0.025808,18,18,9720,18,18,0.000000,29.562963,1000,287352,5,1.000000,1.000000,0,1714,0,6507,0
1009,attack_only,220.000000,260.000000,0.000000,0.000000,0.000000,18,0,0,0,18,100.000000,0.000000,1000,291900,5,1.000000,1.000000,0,1744,0,10713,0
1009,defense_only,320.000000,360.000000,0.001944,100.000000,0.010556,18,18,9720,18,18,0.000000,102.893827,1000,1000128,5,1.000000,1.000000,0,2379,0,16523,0
1009,defense_vs_attack,420.000000,460.000000,0.001404,72.222222,0.028492,18,13,7020,13,18,27.777778,146.250142,1000,1026676,5,0.000000,0.836735,1,2450,0,22548,0
1015,baseline,120.000000,160.000000,0.001944,100.000000,0.014672,18,18,9720,18,18,0.000000,33.077778,1000,321516,3,1.000000,1.000000,0,1799,0,6799,0
1015,attack_only,220.000000,260.000000,0.001944,100.000000,0.006547,18,18,9720,18,18,0.000000,33.032099,1000,321072,3,1.000000,1.000000,0,1795,0,11144,0
1015,defense_only,320.000000,360.000000,0.001944,100.000000,0.012812,18,18,9720,18,18,0.000000,87.447325,1000,849988,3,1.000000,1.000000,0,2362,0,16886,0
1015,defense_vs_attack,420.000000,460.000000,0.001944,100.000000,0.007066,18,18,9720,18,18,0.000000,87.853909,1000,853940,3,0.000000,0.877551,1,2435,0,22812,0
1014,baseline,120.000000,160.000000,0.001944,100.000000,0.019819,18,18,9720,18,18,0.000000,27.123868,1000,263644,4,1.000000,1.000000,0,1658,0,6163,0
1014,attack_only,220.000000,260.000000,0.001944,100.000000,0.008048,18,18,9720,18,18,0.000000,27.035802,1000,262788,4,1.000000,1.000000,0,1609,0,10143,0
1014,defense_only,320.000000,360.000000,0.001944,100.000000,0.018583,18,18,9720,18,18,0.000000,110.967901,1000,1078608,4,1.000000,1.000000,0,2438,0,16052,0
1014,defense_vs_attack,420.000000,460.000000,0.001944,100.000000,0.010957,18,18,9720,18,18,0.000000,108.634156,1000,1055924,4,0.000000,0.816327,1,2437,0,22105,0
1022,baseline,120.000000,160.000000,0.001944,100.000000,0.020640,18,18,9720,18,18,0.000000,31.572016,1000,306880,4,1.000000,1.000000,0,1977,0,7323,0
1022,attack_only,220.000000,260.000000,0.001944,100.000000,0.007903,18,18,9720,18,18,0.000000,31.616461,1000,307312,4,1.000000,1.000000,0,1862,0,11913,0
1022,defense_only,320.000000,360.000000,0.001944,100.000000,0.017476,18,18,9720,18,18,0.000000,83.579424,1000,812392,4,1.000000,1.000000,0,2637,0,18372,0
1022,defense_vs_attack,420.000000,460.000000,0.001944,100.000000,0.009764,18,18,9720,18,18,0.000000,84.118930,1000,817636,4,0.000000,0.897959,1,2650,0,24881,0
1028,baseline,120.000000,160.000000,0.001944,100.000000,0.029200,18,18,9720,18,18,0.000000,29.221399,1000,284032,5,1.000000,1.000000,0,1787,0,6602,0
1028,attack_only,220.000000,260.000000,0.001944,100.000000,0.011513,18,18,9720,18,18,0.000000,30.220988,1000,293748,5,1.000000,1.000000,0,1769,0,10902,0
1028,defense_only,320.000000,360.000000,0.001944,100.000000,0.020719,18,18,9720,18,18,0.000000,90.722222,1000,881820,5,1.000000,1.000000,0,2537,0,16975,0
1028,defense_vs_attack,420.000000,460.000000,0.000972,50.000000,0.018904,18,9,4860,9,18,50.000000,189.247737,1000,919744,5,0.000000,0.897959,1,2520,0,23091,0
1027,baseline,120.000000,160.000000,0.001944,100.000000,0.015444,18,18,9720,18,18,0.000000,25.511523,1000,247972,3,1.000000,1.000000,0,1623,0,6122,0
1027,attack_only,220.000000,260.000000,0.001944,100.000000,0.005789,18,18,9720,18,18,0.000000,26.207819,1000,254740,3,1.000000,1.000000,0,1634,0,10147,0
1027,defense_only,320.000000,360.000000,0.001944,100.000000,0.013100,18,18,9720,18,18,0.000000,99.596708,1000,968080,3,1.000000,1.000000,0,2568,0,16248,0
1027,defense_vs_attack,420.000000,460.000000,0.001944,100.000000,0.007266,18,18,9720,18,18,0.000000,97.678189,1000,949432,3,0.000000,0.918367,1,2411,0,22370,0
1031,baseline,120.000000,160.000000,0.001944,100.000000,0.031713,18,18,9720,18,18,0.000000,26.803292,1000,260528,6,1.000000,1.000000,0,1712,0,6533,0
1031,attack_only,220.000000,260.000000,0.001944,100.000000,0.012505,18,18,9720,18,18,0.000000,27.730864,1000,269544,6,1.000000,1.000000,0,1782,0,10871,0
1031,defense_only,320.000000,360.000000,0.001944,100.000000,0.026854,18,18,9720,18,18,0.000000,87.130041,1000,846904,6,1.000000,1.000000,0,2553,0,17032,0
1031,defense_vs_attack,420.000000,460.000000,0.001944,100.000000,0.015234,18,18,9720,18,18,0.000000,89.689712,1000,871784,6,0.000000,0.897959,1,2522,0,23148,0
1034,baseline,120.000000,160.000000,0.001944,100.000000,0.020889,18,18,9720,18,18,0.000000,26.967901,1000,262128,4,1.000000,1.000000,0,1686,0,6358,0
1034,attack_only,220.000000,260.000000,0.000000,0.000000,0.000000,18,0,0,0,18,100.000000,0.000000,1000,259644,4,1.000000,1.000000,0,1602,0,10386,0
1034,defense_only,320.000000,360.000000,0.001944,100.000000,0.010185,18,18,9720,18,18,0.000000,90.739918,1000,881992,4,1.000000,1.000000,0,2478,0,16230,0
1034,defense_vs_attack,420.000000,460.000000,0.001080,55.555556,0.031711,18,10,5400,10,18,44.444444,160.689630,1000,867724,5,0.000000,0.775510,1,2408,0,22242,0
1042,baseline,120.000000,160.000000,0.001944,100.000000,0.036261,18,18,9720,18,18,0.000000,26.467490,1000,257264,7,1.000000,1.000000,0,1819,0,6653,0
1042,attack_only,220.000000,260.000000,0.001944,100.000000,0.013807,18,18,9720,18,18,0.000000,26.592593,1000,258480,7,1.000000,1.000000,0,1811,0,10977,0
1042,defense_only,320.000000,360.000000,0.001944,100.000000,0.033429,18,18,9720,18,18,0.000000,79.272840,1000,770532,7,1.000000,1.000000,0,2597,0,17382,0
1042,defense_vs_attack,420.000000,460.000000,0.001944,100.000000,0.015317,18,18,9720,18,18,0.000000,78.532099,1000,763332,7,0.000000,0.918367,1,2606,0,23699,0
1043,baseline,120.000000,160.000000,0.001944,100.000000,0.020751,18,18,9720,18,18,0.000000,27.525926,1000,267552,4,1.000000,1.000000,0,1774,0,6652,0
1043,attack_only,220.000000,260.000000,0.000000,0.000000,0.000000,18,0,0,0,18,100.000000,0.000000,1000,268492,4,1.000000,1.000000,0,1723,0,10887,0
1043,defense_only,320.000000,360.000000,0.001944,100.000000,0.014872,18,18,9720,18,18,0.000000,95.337037,1000,926676,4,1.000000,1.000000,0,2585,0,16954,0
1043,defense_vs_attack,420.000000,460.000000,0.000864,44.444444,0.073822,18,8,4320,8,18,55.555556,216.727778,1000,936264,10,0.000000,0.836735,1,3147,0,23778,0
1045,baseline,120.000000,160.000000,0.001944,100.000000,0.041389,18,18,9720,18,18,0.000000,21.920988,1000,213072,8,1.000000,1.000000,0,1650,0,6016,0
1045,attack_only,220.000000,260.000000,0.001944,100.000000,0.016164,18,18,9720,18,18,0.000000,20.434979,1000,198628,8,1.000000,1.000000,0,1601,0,9810,0
1045,defense_only,320.000000,360.000000,0.001944,100.000000,0.034854,18,18,9720,18,18,0.000000,87.484774,1000,850352,8,1.000000,1.000000,0,2529,0,16005,0
1045,defense_vs_attack,420.000000,460.000000,0.001944,100.000000,0.020099,18,18,9720,18,18,0.000000,91.561728,1000,889980,8,0.000000,0.836735,1,2635,0,22295,0
1049,baseline,120.000000,160.000000,0.001944,100.000000,0.030819,18,18,9720,18,18,0.000000,28.768724,1000,279632,6,1.000000,1.000000,0,1813,0,6689,0
1049,attack_only,220.000000,260.000000,0.000000,0.000000,0.000000,18,0,0,0,18,100.000000,0.000000,1000,287072,7,1.000000,1.000000,0,1798,0,11062,0
1049,defense_only,320.000000,360.000000,0.001944,100.000000,0.019720,18,18,9720,18,18,0.000000,86.483539,1000,840620,6,1.000000,1.000000,0,2481,0,17099,0
1049,defense_vs_attack,420.000000,460.000000,0.001728,88.888889,0.020849,18,16,8640,16,18,11.111111,97.382407,1000,841384,6,0.000000,0.816327,1,2498,0,23153,0
1054,baseline,120.000000,160.000000,0.001944,100.000000,0.014953,18,18,9720,18,18,0.000000,22.897531,1000,222564,3,1.000000,1.000000,0,1589,0,6094,0
1054,attack_only,220.000000,260.000000,0.001944,100.000000,0.005911,18,18,9720,18,18,0.000000,22.188889,1000,215676,3,1.000000,1.000000,0,1617,0,10027,0
1054,defense_only,320.000000,360.000000,0.001944,100.000000,0.013036,18,18,9720,18,18,0.000000,85.365432,1000,829752,3,1.000000,1.000000,0,2558,0,16299,0
1054,defense_vs_attack,420.000000,460.000000,0.001944,100.000000,0.007065,18,18,9720,18,18,0.000000,53.152675,1000,516644,3,0.000000,0.938776,1,2382,0,22406,0
1055,baseline,120.000000,160.000000,0.001944,100.000000,0.026290,18,18,9720,18,18,0.000000,30.483951,1000,296304,5,1.000000,1.000000,0,1738,0,6614,0
1055,attack_only,220.000000,260.000000,0.000000,0.000000,0.000000,18,0,0,0,18,100.000000,0.000000,1000,299932,5,1.000000,1.000000,0,1727,0,10843,0
1055,defense_only,320.000000,360.000000,0.001944,100.000000,0.019139,18,18,9720,18,18,0.000000,94.969547,1000,923104,5,1.000000,1.000000,0,2441,0,16631,0
1055,defense_vs_attack,420.000000,460.000000,0.000864,44.444444,0.037198,18,8,4320,8,18,55.555556,209.662963,1000,905744,5,0.000000,0.877551,1,2499,0,22559,0
1056,baseline,120.000000,160.000000,0.001944,100.000000,0.026498,18,18,9720,18,18,0.000000,22.918930,1000,222772,5,1.000000,1.000000,0,1620,0,6126,0
1056,attack_only,220.000000,260.000000,0.001944,100.000000,0.010318,18,18,9720,18,18,0.000000,23.488066,1000,228304,5,1.000000,1.000000,0,1615,0,10057,0
1056,defense_only,320.000000,360.000000,0.001944,100.000000,0.021936,18,18,9720,18,18,0.000000,94.963786,1000,923048,5,1.000000,1.000000,0,2589,0,16234,0
1056,defense_vs_attack,420.000000,460.000000,0.001080,55.555556,0.018333,18,10,5400,10,18,44.444444,167.071852,1000,902188,5,0.000000,0.857143,1,2518,0,22393,0
1058,baseline,120.000000,160.000000,0.001944,100.000000,0.020944,18,18,9720,18,18,0.000000,33.686008,1000,327428,4,1.000000,1.000000,0,1827,0,6928,0
1058,attack_only,220.000000,260.000000,0.001944,100.000000,0.008079,18,18,9720,18,18,0.000000,34.772016,1000,337984,4,1.000000,1.000000,0,1855,0,11463,0
1058,defense_only,320.000000,360.000000,0.001944,100.000000,0.017690,18,18,9720,18,18,0.000000,81.054733,1000,787852,4,1.000000,1.000000,0,2355,0,17220,0
1058,defense_vs_attack,420.000000,460.000000,0.001944,100.000000,0.011009,18,18,9720,18,18,0.000000,81.836626,1000,795452,4,0.000000,0.836735,1,2342,0,23048,0
1063,baseline,120.000000,160.000000,0.001944,100.000000,0.021303,18,18,9720,18,18,0.000000,29.967078,1000,291280,4,1.000000,1.000000,0,1714,0,6559,0
1063,attack_only,220.000000,260.000000,0.001944,100.000000,0.011240,18,18,9720,18,18,0.000000,30.510288,1000,296560,4,1.000000,1.000000,0,1734,0,10850,0
1063,defense_only,320.000000,360.000000,0.001944,100.000000,0.016294,18,18,9720,18,18,0.000000,99.627160,1000,968376,4,1.000000,1.000000,0,2362,0,16701,0
1063,defense_vs_attack,420.000000,460.000000,0.001944,100.000000,0.009220,18,18,9720,18,18,0.000000,97.925926,1000,951840,4,0.000000,0.897959,1,2493,0,22693,0
1060,baseline,120.000000,160.000000,0.001944,100.000000,0.015327,18,18,9720,18,18,0.000000,32.181893,1000,312808,3,1.000000,1.000000,0,1760,0,6667,0
1060,attack_only,220.000000,260.000000,0.001944,100.000000,0.006157,18,18,9720,18,18,0.000000,31.983128,1000,310876,3,1.000000,1.000000,0,1722,0,10974,0
1060,defense_only,320.000000,360.000000,0.001944,100.000000,0.013661,18,18,9720,18,18,0.000000,97.373251,1000,946468,3,1.000000,1.000000,0,2435,0,16913,0
1060,defense_vs_attack,420.000000,460.000000,0.001404,72.222222,0.016740,18,13,7020,13,18,27.777778,136.287749,1000,956740,3,0.000000,0.816327,1,2478,0,23080,0
1068,baseline,120.000000,160.000000,0.001944,100.000000,0.020764,18,18,9720,18,18,0.000000,32.773663,1000,318560,4,1.000000,1.000000,0,1784,0,6644,0
1068,attack_only,220.000000,260.000000,0.000000,0.000000,0.000000,18,0,0,0,18,100.000000,0.000000,1000,330808,5,1.000000,1.000000,0,1807,0,11063,0
1068,defense_only,320.000000,360.000000,0.001944,100.000000,0.010399,18,18,9720,18,18,0.000000,95.965021,1000,932780,4,1.000000,1.000000,0,2454,0,17002,0
1068,defense_vs_attack,420.000000,460.000000,0.001080,55.555556,0.014683,18,10,5400,10,18,44.444444,175.549630,1000,947968,4,0.000000,0.816327,1,2540,0,23031,0
1072,baseline,120.000000,160.000000,0.001944,100.000000,0.015508,18,18,9720,18,18,0.000000,28.572840,1000,277728,3,1.000000,1.000000,0,1802,0,6763,0
1072,attack_only,220.000000,260.000000,0.001944,100.000000,0.005881,18,18,9720,18,18,0.000000,28.402881,1000,276076,3,1.000000,1.000000,0,1736,0,11090,0
1072,defense_only,320.000000,360.000000,0.001944,100.000000,0.012811,18,18,9720,18,18,0.000000,79.625514,1000,773960,3,1.000000,1.000000,0,2576,0,17334,0
1072,defense_vs_attack,420.000000,460.000000,0.001944,100.000000,0.007244,18,18,9720,18,18,0.000000,80.439918,1000,781876,3,0.000000,0.938776,1,2675,0,23778,0
1074,baseline,120.000000,160.000000,0.001944,100.000000,0.031561,18,18,9720,18,18,0.000000,32.902058,1000,319808,6,1.000000,1.000000,0,1977,0,7335,0
1074,attack_only,220.000000,260.000000,0.000000,0.000000,0.000000,18,0,0,0,18,100.000000,0.000000,1000,331172,7,1.000000,1.000000,0,2018,0,12274,0
1074,defense_only,320.000000,360.000000,0.001944,100.000000,0.017756,18,18,9720,18,18,0.000000,79.452675,1000,772280,6,1.000000,1.000000,0,2529,0,18467,0
1074,defense_vs_attack,420.000000,460.000000,0.001080,55.555556,0.021123,18,10,5400,10,18,44.444444,142.080000,1000,767232,6,0.000000,0.938776,1,2471,0,24732,0
1075,baseline,120.000000,160.000000,0.001944,100.000000,0.031182,18,18,9720,18,18,0.000000,33.572428,1000,326324,6,1.000000,1.000000,0,1862,0,6923,0
1075,attack_only,220.000000,260.000000,0.000000,0.000000,0.000000,18,0,0,0,18,100.000000,0.000000,1000,316904,7,1.000000,1.000000,0,1762,0,11212,0
1075,defense_only,320.000000,360.000000,0.001944,100.000000,0.019809,18,18,9720,18,18,0.000000,94.163374,1000,915268,6,1.000000,1.000000,0,2394,0,16962,0
1075,defense_vs_attack,420.000000,460.000000,0.001944,100.000000,0.020481,18,18,9720,18,18,0.000000,98.181481,1000,954324,6,0.000000,0.877551,1,2474,0,22893,0
1079,baseline,120.000000,160.000000,0.001944,100.000000,0.020472,18,18,9720,18,18,0.000000,27.655556,1000,268812,4,1.000000,1.000000,0,1706,0,6534,0
1079,attack_only,220.000000,260.000000,0.001944,100.000000,0.008144,18,18,9720,18,18,0.000000,27.604115,1000,268312,4,1.000000,1.000000,0,1726,0,10776,0
1079,defense_only,320.000000,360.000000,0.001944,100.000000,0.017546,18,18,9720,18,18,0.000000,84.868724,1000,824924,4,1.000000,1.000000,0,2469,0,16720,0
1079,defense_vs_attack,420.000000,460.000000,0.001944,100.000000,0.010957,18,18,9720,18,18,0.000000,70.183539,1000,682184,4,0.000000,0.816327,2,2404,0,22648,0
1080,baseline,120.000000,160.000000,0.001944,100.000000,0.020120,18,18,9720,18,18,0.000000,26.102881,1000,253720,4,1.000000,1.000000,0,1634,0,6117,0
1080,attack_only,220.000000,260.000000,0.001944,100.000000,0.008051,18,18,9720,18,18,0.000000,25.920988,1000,251952,4,1.000000,1.000000,0,1629,0,10087,0
1080,defense_only,320.000000,360.000000,0.001944,100.000000,0.018257,18,18,9720,18,18,0.000000,93.664198,1000,910416,4,1.000000,1.000000,0,2426,0,16007,0
1080,defense_vs_attack,420.000000,460.000000,0.001728,88.888889,0.010297,18,16,8640,16,18,11.111111,107.036111,1000,924792,4,0.000000,0.795918,1,2514,0,22044,0
1082,baseline,120.000000,160.000000,0.001944,100.000000,0.031151,18,18,9720,18,18,0.000000,23.868724,1000,232004,6,1.000000,1.000000,0,1632,0,5986,0
1082,attack_only,220.000000,260.000000,0.000000,0.000000,0.000000,18,0,0,0,18,100.000000,0.000000,1000,220496,6,1.000000,1.000000,0,1552,0,9778,0
1082,defense_only,320.000000,360.000000,0.001944,100.000000,0.021849,18,18,9720,18,18,0.000000,84.503704,1000,821376,6,1.000000,1.000000,0,2370,0,15594,0
1082,defense_vs_attack,420.000000,460.000000,0.000648,33.333333,0.044572,18,6,3240,6,18,66.666667,260.465432,1000,843908,8,0.000000,0.836735,2,2773,0,21915,0
1084,baseline,120.000000,160.000000,0.001944,100.000000,0.031137,18,18,9720,18,18,0.000000,30.132922,1000,292892,6,1.000000,1.000000,0,1797,0,6713,0
1084,attack_only,220.000000,260.000000,0.001944,100.000000,0.011909,18,18,9720,18,18,0.000000,30.255556,1000,294084,6,1.000000,1.000000,0,1726,0,10965,0
1084,defense_only,320.000000,360.000000,0.001944,100.000000,0.026206,18,18,9720,18,18,0.000000,98.452263,1000,956956,6,1.000000,1.000000,0,2577,0,17213,0
1084,defense_vs_attack,420.000000,460.000000,0.001728,88.888889,0.023889,18,16,8640,16,18,11.111111,107.302315,1000,927092,6,0.000000,0.836735,1,2801,0,23797,0
1094,baseline,120.000000,160.000000,0.001944,100.000000,0.015315,18,18,9720,18,18,0.000000,24.828395,1000,241332,3,1.000000,1.000000,0,1639,0,6121,0
1094,attack_only,220.000000,260.000000,0.001944,100.000000,0.006114,18,18,9720,18,18,0.000000,24.120165,1000,234448,3,1.000000,1.000000,0,1645,0,10100,0
1094,defense_only,320.000000,360.000000,0.001944,100.000000,0.013155,18,18,9720,18,18,0.000000,83.434568,1000,810984,3,1.000000,1.000000,0,2428,0,16051,0
1094,defense_vs_attack,420.000000,460.000000,0.001944,100.000000,0.008343,18,18,9720,18,18,0.000000,86.516872,1000,840944,3,0.000000,0.857143,1,2588,0,22273,0
1093,baseline,120.000000,160.000000,0.001944,100.000000,0.047271,18,18,9720,18,18,0.000000,27.130864,1000,263712,8,1.000000,1.000000,0,1717,0,6233,0
1093,attack_only,220.000000,260.000000,0.001944,100.000000,0.021994,18,18,9720,18,18,0.000000,27.741152,1000,269644,8,1.000000,1.000000,0,1749,0,10394,0
1093,defense_only,320.000000,360.000000,0.001944,100.000000,0.029262,18,18,9720,18,18,0.000000,94.385597,1000,917428,8,1.000000,1.000000,0,2498,0,16306,0
1093,defense_vs_attack,420.000000,460.000000,0.001944,100.000000,0.023903,18,18,9720,18,18,0.000000,98.907819,1000,961384,8,0.000000,0.877551,1,2527,0,22279,0
1100,baseline,120.000000,160.000000,0.001944,100.000000,0.021197,18,18,9720,18,18,0.000000,28.759259,1000,279540,4,1.000000,1.000000,0,1686,0,6332,0
1100,attack_only,220.000000,260.000000,0.001944,100.000000,0.009351,18,18,9720,18,18,0.000000,29.299588,1000,284792,4,1.000000,1.000000,0,1647,0,10298,0
1100,defense_only,320.000000,360.000000,0.001944,100.000000,0.017991,18,18,9720,18,18,0.000000,96.520165,1000,938176,4,1.000000,1.000000,0,2368,0,16099,0
1100,defense_vs_attack,420.000000,460.000000,0.001944,100.000000,0.009728,18,18,9720,18,18,0.000000,95.607819,1000,929308,4,0.000000,0.816327,1,2379,0,21877,0
1103,baseline,120.000000,160.000000,0.001944,100.000000,0.036919,18,18,9720,18,18,0.000000,26.921811,1000,261680,7,1.000000,1.000000,0,1735,0,6298,0
1103,attack_only,220.000000,260.000000,0.000000,0.000000,0.000000,18,0,0,0,18,100.000000,0.000000,1000,260512,7,1.000000,1.000000,0,1646,0,10328,0
1103,defense_only,320.000000,360.000000,0.001944,100.000000,0.023962,18,18,9720,18,18,0.000000,96.518930,1000,938164,7,1.000000,1.000000,0,2447,0,16193,0
1103,defense_vs_attack,420.000000,460.000000,0.001296,66.666667,0.034173,18,12,6480,12,18,33.333333,133.587037,1000,865644,7,0.000000,0.857143,1,2470,0,22163,0
1107,baseline,120.000000,160.000000,0.001944,100.000000,0.020699,18,18,9720,18,18,0.000000,23.712346,1000,230484,4,1.000000,1.000000,0,1591,0,6019,0
1107,attack_only,220.000000,260.000000,0.000000,0.000000,0.000000,18,0,0,0,18,100.000000,0.000000,1000,243456,4,1.000000,1.000000,0,1557,0,9884,0
1107,defense_only,320.000000,360.000000,0.001944,100.000000,0.010364,18,18,9720,18,18,0.000000,99.744033,1000,969512,4,1.000000,1.000000,0,2410,0,15771,0
1107,defense_vs_attack,420.000000,460.000000,0.001080,55.555556,0.026740,18,10,5400,10,18,44.444444,174.734815,1000,943568,4,0.000000,0.795918,1,2431,0,21782,0
1110,baseline,120.000000,160.000000,0.001944,100.000000,0.036419,18,18,9720,18,18,0.000000,23.151029,1000,225028,7,1.000000,1.000000,0,1680,0,6212,0
1110,attack_only,220.000000,260.000000,0.001944,100.000000,0.020481,18,18,9720,18,18,0.000000,23.251029,1000,226000,7,1.000000,1.000000,0,1649,0,10198,0
1110,defense_only,320.000000,360.000000,0.001944,100.000000,0.026851,18,18,9720,18,18,0.000000,89.865432,1000,873492,7,1.000000,1.000000,0,2474,0,16287,0
1110,defense_vs_attack,420.000000,460.000000,0.001944,100.000000,0.018979,18,18,9720,18,18,0.000000,86.851029,1000,844192,7,0.000000,0.795918,2,2531,0,22548,0
1116,baseline,120.000000,160.000000,0.001944,100.000000,0.019989,18,18,9720,18,18,0.000000,29.169959,1000,283532,4,1.000000,1.000000,0,1724,0,6539,0
1116,attack_only,220.000000,260.000000,0.000000,0.000000,0.000000,18,0,0,0,18,100.000000,0.000000,1000,287484,4,1.000000,1.000000,0,1658,0,10661,0
1116,defense_only,320.000000,360.000000,0.001944,100.000000,0.010959,18,18,9720,18,18,0.000000,90.815226,1000,882724,4,1.000000,1.000000,0,2465,0,16563,0
1116,defense_vs_attack,420.000000,460.000000,0.001188,61.111111,0.021702,18,11,5940,11,18,38.888889,149.117845,1000,885760,4,0.000000,0.775510,2,2506,0,22594,0
1120,baseline,120.000000,160.000000,0.001944,100.000000,0.021406,18,18,9720,18,18,0.000000,23.197531,1000,225480,4,1.000000,1.000000,0,1629,0,6160,0
1120,attack_only,220.000000,260.000000,0.001944,100.000000,0.026094,18,18,9720,18,18,0.000000,23.391358,1000,227364,5,1.000000,1.000000,0,1668,0,10158,0
1120,defense_only,320.000000,360.000000,0.001944,100.000000,0.008327,18,18,9720,18,18,0.000000,84.078189,1000,817240,4,1.000000,1.000000,0,2503,0,16105,0
1120,defense_vs_attack,420.000000,460.000000,0.001944,100.000000,0.018024,18,18,9720,18,18,0.000000,87.321811,1000,848768,4,0.000000,0.877551,1,2508,0,22280,0
1119,baseline,120.000000,160.000000,0.001944,100.000000,0.026278,18,18,9720,18,18,0.000000,29.264198,1000,284448,5,1.000000,1.000000,0,1787,0,6602,0
1119,attack_only,220.000000,260.000000,0.000000,0.000000,0.000000,18,0,0,0,18,100.000000,0.000000,1000,298136,5,1.000000,1.000000,0,1686,0,10794,0
1119,defense_only,320.000000,360.000000,0.001944,100.000000,0.015614,18,18,9720,18,18,0.000000,87.610700,1000,851576,5,1.000000,1.000000,0,2529,0,16868,0
1119,defense_vs_attack,420.000000,460.000000,0.000972,50.000000,0.034822,18,9,4860,9,18,50.000000,177.601646,1000,863144,6,0.000000,0.877551,1,2465,0,22893,0
1127,baseline,120.000000,160.000000,0.001944,100.000000,0.020592,18,18,9720,18,18,0.000000,32.694650,1000,317792,4,1.000000,1.000000,0,1852,0,6957,0
1127,attack_only,220.000000,260.000000,0.000000,0.000000,0.000000,18,0,0,0,18,100.000000,0.000000,1000,305332,4,1.000000,1.000000,0,1779,0,11386,0
1127,defense_only,320.000000,360.000000,0.001944,100.000000,0.007793,18,18,9720,18,18,0.000000,86.867078,1000,844348,4,1.000000,1.000000,0,2579,0,17488,0
1127,defense_vs_attack,420.000000,460.000000,0.001080,55.555556,0.018710,18,10,5400,10,18,44.444444,159.960000,1000,863784,4,0.000000,0.857143,2,2574,0,23625,0
1128,baseline,120.000000,160.000000,0.001944,100.000000,0.036058,18,18,9720,18,18,0.000000,27.464198,1000,266952,7,1.000000,1.000000,0,1796,0,6617,0
1128,attack_only,220.000000,260.000000,0.000000,0.000000,0.000000,18,0,0,0,18,100.000000,0.000000,1000,267200,7,1.000000,1.000000,0,1766,0,10874,0
1128,defense_only,320.000000,360.000000,0.001944,100.000000,0.025605,18,18,9720,18,18,0.000000,80.769959,1000,785084,7,1.000000,1.000000,0,2514,0,16866,0
1128,defense_vs_attack,420.000000,460.000000,0.001296,66.666667,0.026635,18,12,6480,12,18,33.333333,124.025926,1000,803688,7,0.000000,0.857143,1,2485,0,22873,0
1129,baseline,120.000000,160.000000,0.001944,100.000000,0.020561,18,18,9720,18,18,0.000000,25.116872,1000,244136,4,1.000000,1.000000,0,1624,0,6118,0
1129,attack_only,220.000000,260.000000,0.001944,100.000000,0.007973,18,18,9720,18,18,0.000000,24.301235,1000,236208,4,1.000000,1.000000,0,1608,0,10005,0
1129,defense_only,320.000000,360.000000,0.001944,100.000000,0.017563,18,18,9720,18,18,0.000000,81.053498,1000,787840,4,1.000000,1.000000,0,2338,0,15704,0
1129,defense_vs_attack,420.000000,460.000000,0.001944,100.000000,0.009630,18,18,9720,18,18,0.000000,86.878189,1000,844456,4,0.000000,0.795918,1,2442,0,21646,0
1130,baseline,120.000000,160.000000,0.001944,100.000000,0.020317,18,18,9720,18,18,0.000000,29.213169,1000,283952,4,1.000000,1.000000,0,1687,0,6406,0
1130,attack_only,220.000000,260.000000,0.000000,0.000000,0.000000,18,0,0,0,18,100.000000,0.000000,1000,293532,4,1.000000,1.000000,0,1678,0,10535,0
1130,defense_only,320.000000,360.000000,0.001944,100.000000,0.011480,18,18,9720,18,18,0.000000,78.456379,1000,762596,4,1.000000,1.000000,0,2386,0,16387,0
1130,defense_vs_attack,420.000000,460.000000,0.001188,61.111111,0.024954,18,11,5940,11,18,38.888889,137.418855,1000,816268,4,0.000000,0.857143,1,2373,0,22239,0
1131,baseline,120.000000,160.000000,0.001944,100.000000,0.015642,18,18,9720,18,18,0.000000,28.162551,1000,273740,3,1.000000,1.000000,0,1682,0,6355,0
1131,attack_only,220.000000,260.000000,0.001944,100.000000,0.005789,18,18,9720,18,18,0.000000,29.613992,1000,287848,3,1.000000,1.000000,0,1691,0,10522,0
1131,defense_only,320.000000,360.000000,0.001944,100.000000,0.012990,18,18,9720,18,18,0.000000,87.179835,1000,847388,3,1.000000,1.000000,0,2312,0,16187,0
1131,defense_vs_attack,420.000000,460.000000,0.001944,100.000000,0.007066,18,18,9720,18,18,0.000000,95.237037,1000,925704,3,0.000000,0.877551,1,2308,0,21908,0
1133,baseline,120.000000,160.000000,0.001944,100.000000,0.015703,18,18,9720,18,18,0.000000,28.867901,1000,280596,3,1.000000,1.000000,0,1689,0,6388,0
1133,attack_only,220.000000,260.000000,0.001944,100.000000,0.006005,18,18,9720,18,18,0.000000,27.811523,1000,270328,3,1.000000,1.000000,0,1710,0,10553,0
1133,defense_only,320.000000,360.000000,0.001944,100.000000,0.013375,18,18,9720,18,18,0.000000,101.359671,1000,985216,3,1.000000,1.000000,0,2356,0,16338,0
1133,defense_vs_attack,420.000000,460.000000,0.001944,100.000000,0.008087,18,18,9720,18,18,0.000000,101.888889,1000,990360,3,0.000000,0.795918,1,2389,0,22165,0
1135,baseline,120.000000,160.000000,0.001944,100.000000,0.030741,18,18,9720,18,18,0.000000,29.452675,1000,286280,6,1.000000,1.000000,0,1859,0,6966,0
1135,attack_only,220.000000,260.000000,0.000000,0.000000,0.000000,18,0,0,0,18,100.000000,0.000000,1000,289564,6,1.000000,1.000000,0,1835,0,11408,0
1135,defense_only,320.000000,360.000000,0.001944,100.000000,0.031830,18,18,9720,18,18,0.000000,92.733745,1000,901372,6,1.000000,1.000000,0,2692,0,17839,0
1135,defense_vs_attack,420.000000,460.000000,0.001944,100.000000,0.011893,18,18,9720,18,18,0.000000,90.090123,1000,875676,6,0.000000,0.836735,1,2756,0,24584,0
1136,baseline,120.000000,160.000000,0.001944,100.000000,0.047405,18,18,9720,18,18,0.000000,35.203704,1000,342180,9,1.000000,1.000000,0,2091,0,7579,0
1136,attack_only,220.000000,260.000000,0.000000,0.000000,0.000000,18,0,0,0,18,100.000000,0.000000,1000,340100,9,1.000000,1.000000,0,1963,0,12327,0
1136,defense_only,320.000000,360.000000,0.001944,100.000000,0.023369,18,18,9720,18,18,0.000000,78.628395,1000,764268,9,1.000000,1.000000,0,2650,0,18591,0
1136,defense_vs_attack,420.000000,460.000000,0.001188,61.111111,0.035169,18,11,5940,11,18,38.888889,123.762963,1000,735152,9,0.000000,0.877551,1,2625,0,24939,0
1143,baseline,120.000000,160.000000,0.001944,100.000000,0.015420,18,18,9720,18,18,0.000000,26.322634,1000,255856,3,1.000000,1.000000,0,1620,0,6138,0
1143,attack_only,220.000000,260.000000,0.000000,0.000000,0.000000,18,0,0,0,18,100.000000,0.000000,1000,255488,4,1.000000,1.000000,0,1553,0,9990,0
1143,defense_only,320.000000,360.000000,0.001944,100.000000,0.008251,18,18,9720,18,18,0.000000,93.523457,1000,909048,3,1.000000,1.000000,0,2365,0,15726,0
1143,defense_vs_attack,420.000000,460.000000,0.001728,88.888889,0.010968,18,16,8640,16,18,11.111111,104.241667,1000,900648,3,0.000000,0.816327,1,2381,0,21604,0
1144,baseline,120.000000,160.000000,0.001944,100.000000,0.070887,18,18,9720,18,18,0.000000,31.574486,1000,306904,3,1.000000,1.000000,0,1851,0,6838,0
1144,attack_only,220.000000,260.000000,0.001944,100.000000,0.005984,18,18,9720,18,18,0.000000,32.991358,1000,320676,3,1.000000,1.000000,0,1805,0,11293,0
1144,defense_only,320.000000,360.000000,0.001944,100.000000,0.015725,18,18,9720,18,18,0.000000,88.829218,1000,863420,3,1.000000,1.000000,0,2424,0,17299,0
1144,defense_vs_attack,420.000000,460.000000,0.001944,100.000000,0.005790,18,18,9720,18,18,0.000000,87.753909,1000,852968,3,0.000000,0.877551,1,2457,0,23415,0
1141,baseline,120.000000,160.000000,0.001944,100.000000,0.031542,18,18,9720,18,18,0.000000,28.493827,1000,276960,6,1.000000,1.000000,0,1747,0,6531,0
1141,attack_only,220.000000,260.000000,0.001944,100.000000,0.012311,18,18,9720,18,18,0.000000,29.088066,1000,282736,6,1.000000,1.000000,0,1779,0,10763,0
1141,defense_only,320.000000,360.000000,0.001944,100.000000,0.026474,18,18,9720,18,18,0.000000,99.448148,1000,966636,6,1.000000,1.000000,0,2572,0,16939,0
1141,defense_vs_attack,420.000000,460.000000,0.001944,100.000000,0.016210,18,18,9720,18,18,0.000000,99.228807,1000,964504,6,0.000000,0.877551,1,2685,0,23335,0
1145,baseline,120.000000,160.000000,0.001944,100.000000,0.025660,18,18,9720,18,18,0.000000,25.167078,1000,244624,5,1.000000,1.000000,0,1624,0,6056,0
1145,attack_only,220.000000,260.000000,0.001944,100.000000,0.010825,18,18,9720,18,18,0.000000,24.176543,1000,234996,5,1.000000,1.000000,0,1626,0,9979,0
1145,defense_only,320.000000,360.000000,0.001944,100.000000,0.023975,18,18,9720,18,18,0.000000,100.683951,1000,978648,5,1.000000,1.000000,0,2514,0,15960,0
1145,defense_vs_attack,420.000000,460.000000,0.001944,100.000000,0.016958,18,18,9720,18,18,0.000000,86.988066,1000,845524,5,0.000000,0.877551,1,2408,0,21950,0
1146,baseline,120.000000,160.000000,0.001944,100.000000,0.025506,18,18,9720,18,18,0.000000,30.861728,1000,299976,5,1.000000,1.000000,0,1825,0,6831,0
1146,attack_only,220.000000,260.000000,0.001944,100.000000,0.009937,18,18,9720,18,18,0.000000,30.862551,1000,299984,5,1.000000,1.000000,0,1793,0,11169,0
1146,defense_only,320.000000,360.000000,0.001944,100.000000,0.024231,18,18,9720,18,18,0.000000,94.404938,1000,917616,5,1.000000,1.000000,0,2459,0,17166,0
1146,defense_vs_attack,420.000000,460.000000,0.000864,44.444444,0.028114,18,8,4320,8,18,55.555556,204.994444,1000,885576,6,0.000000,0.836735,2,2778,0,23573,0
1148,baseline,120.000000,160.000000,0.001944,100.000000,0.020674,18,18,9720,18,18,0.000000,22.251029,1000,216280,4,1.000000,1.000000,0,1608,0,5942,0
1148,attack_only,220.000000,260.000000,0.001944,100.000000,0.008493,18,18,9720,18,18,0.000000,22.876543,1000,222360,4,1.000000,1.000000,0,1594,0,9834,0
1148,defense_only,320.000000,360.000000,0.001944,100.000000,0.017613,18,18,9720,18,18,0.000000,91.095473,1000,885448,4,1.000000,1.000000,0,2553,0,15939,0
1148,defense_vs_attack,420.000000,460.000000,0.001944,100.000000,0.009993,18,18,9720,18,18,0.000000,89.893416,1000,873764,4,0.000000,0.938776,1,2586,0,22248,0
1149,baseline,120.000000,160.000000,0.001944,100.000000,0.036062,18,18,9720,18,18,0.000000,28.383128,1000,275884,7,1.000000,1.000000,0,1738,0,6518,0
1149,attack_only,220.000000,260.000000,0.001944,100.000000,0.031262,18,18,9720,18,18,0.000000,29.587243,1000,287588,7,1.000000,1.000000,0,1802,0,10798,0
1149,defense_only,320.000000,360.000000,0.001944,100.000000,0.025092,18,18,9720,18,18,0.000000,97.698765,1000,949632,7,1.000000,1.000000,0,2501,0,16804,0
1149,defense_vs_attack,420.000000,460.000000,0.001080,55.555556,0.020694,18,10,5400,10,18,44.444444,181.490370,1000,980048,7,0.000000,0.816327,1,2481,0,22897,0
1151,baseline,120.000000,160.000000,0.001944,100.000000,0.015325,18,18,9720,18,18,0.000000,25.175309,1000,244704,3,1.000000,1.000000,0,1662,0,6413,0
1151,attack_only,220.000000,260.000000,0.001944,100.000000,0.005790,18,18,9720,18,18,0.000000,23.623457,1000,229620,3,1.000000,1.000000,0,1653,0,10463,0
1151,defense_only,320.000000,360.000000,0.001944,100.000000,0.012871,18,18,9720,18,18,0.000000,90.765432,1000,882240,3,1.000000,1.000000,0,2549,0,16553,0
1151,defense_vs_attack,420.000000,460.000000,0.001944,100.000000,0.007067,18,18,9720,18,18,0.000000,83.161317,1000,808328,3,0.000000,0.938776,1,2425,0,22683,0
1153,baseline,120.000000,160.000000,0.001944,100.000000,0.015610,18,18,9720,18,18,0.000000,34.946502,1000,339680,3,1.000000,1.000000,0,1877,0,7139,0
1153,attack_only,220.000000,260.000000,0.001944,100.000000,0.006159,18,18,9720,18,18,0.000000,35.569136,1000,345732,3,1.000000,1.000000,0,1921,0,11832,0
1153,defense_only,320.000000,360.000000,0.001944,100.000000,0.012995,18,18,9720,18,18,0.000000,93.075309,1000,904692,3,1.000000,1.000000,0,2484,0,17832,0
1153,defense_vs_attack,420.000000,460.000000,0.001944,100.000000,0.007280,18,18,9720,18,18,0.000000,93.108230,1000,905012,3,0.000000,0.959184,1,2571,0,24037,0
1154,baseline,120.000000,160.000000,0.001944,100.000000,0.020463,18,18,9720,18,18,0.000000,26.937449,1000,261832,4,1.000000,1.000000,0,1648,0,6297,0
1154,attack_only,220.000000,260.000000,0.001944,100.000000,0.008060,18,18,9720,18,18,0.000000,26.937449,1000,261832,4,1.000000,1.000000,0,1658,0,10339,0
1154,defense_only,320.000000,360.000000,0.001944,100.000000,0.017984,18,18,9720,18,18,0.000000,95.674897,1000,929960,4,1.000000,1.000000,0,2374,0,16126,0
1154,defense_vs_attack,420.000000,460.000000,0.001944,100.000000,0.018445,18,18,9720,18,18,0.000000,95.368313,1000,926980,4,0.000000,0.795918,1,2302,0,21880,0
1160,baseline,120.000000,160.000000,0.001944,100.000000,0.030733,18,18,9720,18,18,0.000000,33.125514,1000,321980,6,1.000000,1.000000,0,1909,0,7071,0
1160,attack_only,220.000000,260.000000,0.001944,100.000000,0.011802,18,18,9720,18,18,0.000000,32.930041,1000,320080,6,1.000000,1.000000,0,1880,0,11627,0
1160,defense_only,320.000000,360.000000,0.001944,100.000000,0.029116,18,18,9720,18,18,0.000000,83.113580,1000,807864,6,1.000000,1.000000,0,2440,0,17529,0
1160,defense_vs_attack,420.000000,460.000000,0.001080,55.555556,0.018263,18,10,5400,10,18,44.444444,158.714815,1000,857060,6,0.000000,0.857143,1,2477,0,23584,0
1163,baseline,120.000000,160.000000,0.001944,100.000000,0.031021,18,18,9720,18,18,0.000000,30.829630,1000,299664,6,1.000000,1.000000,0,1761,0,6590,0
1163,attack_only,220.000000,260.000000,0.001944,100.000000,0.035448,18,18,9720,18,18,0.000000,30.439918,1000,295876,7,1.000000,1.000000,0,1827,0,10899,0
1163,defense_only,320.000000,360.000000,0.001944,100.000000,0.013522,18,18,9720,18,18,0.000000,93.610288,1000,909892,6,1.000000,1.000000,0,2440,0,16794,0
1163,defense_vs_attack,420.000000,460.000000,0.001512,77.777778,0.039001,18,14,7560,14,18,22.222222,107.717989,1000,814348,6,0.000000,0.836735,2,2479,0,22895,0
1162,baseline,120.000000,160.000000,0.001944,100.000000,0.015412,18,18,9720,18,18,0.000000,27.772840,1000,269952,3,1.000000,1.000000,0,1649,0,6271,0
1162,attack_only,220.000000,260.000000,0.001944,100.000000,0.005790,18,18,9720,18,18,0.000000,28.456790,1000,276600,3,1.000000,1.000000,0,1663,0,10333,0
1162,defense_only,320.000000,360.000000,0.001944,100.000000,0.013086,18,18,9720,18,18,0.000000,94.990123,1000,923304,3,1.000000,1.000000,0,2298,0,15917,0
1162,defense_vs_attack,420.000000,460.000000,0.001944,100.000000,0.007793,18,18,9720,18,18,0.000000,96.694239,1000,939868,3,0.000000,0.795918,1,2223,0,21500,0
1164,baseline,120.000000,160.000000,0.001944,100.000000,0.020334,18,18,9720,18,18,0.000000,28.166667,1000,273780,4,1.000000,1.000000,0,1733,0,6463,0
1164,attack_only,220.000000,260.000000,0.001944,100.000000,0.008668,18,18,9720,18,18,0.000000,29.552675,1000,287252,4,1.000000,1.000000,0,1730,0,10657,0
1164,defense_only,320.000000,360.000000,0.001944,100.000000,0.017277,18,18,9720,18,18,0.000000,84.590123,1000,822216,4,1.000000,1.000000,0,2328,0,16351,0
1164,defense_vs_attack,420.000000,460.000000,0.000972,50.000000,0.016287,18,9,4860,9,18,50.000000,176.074074,1000,855720,4,0.000000,0.836735,1,2573,0,22404,0
1166,baseline,120.000000,160.000000,0.001944,100.000000,0.025867,18,18,9720,18,18,0.000000,32.197531,1000,312960,5,1.000000,1.000000,0,1698,0,6391,0
1166,attack_only,220.000000,260.000000,0.000000,0.000000,0.000000,18,0,0,0,18,100.000000,0.000000,1000,312892,5,1.000000,1.000000,0,1680,0,10506,0
1166,defense_only,320.000000,360.000000,0.001944,100.000000,0.017445,18,18,9720,18,18,0.000000,102.096296,1000,992376,5,1.000000,1.000000,0,2390,0,16346,0
1166,defense_vs_attack,420.000000,460.000000,0.001512,77.777778,0.020551,18,14,7560,14,18,22.222222,133.820635,1000,1011684,5,0.000000,0.857143,1,2314,0,22128,0
1170,baseline,120.000000,160.000000,0.001944,100.000000,0.015627,18,18,9720,18,18,0.000000,29.478601,1000,286532,3,1.000000,1.000000,0,1726,0,6545,0
1170,attack_only,220.000000,260.000000,0.001944,100.000000,0.005789,18,18,9720,18,18,0.000000,29.120165,1000,283048,3,1.000000,1.000000,0,1762,0,10808,0
1170,defense_only,320.000000,360.000000,0.001944,100.000000,0.013350,18,18,9720,18,18,0.000000,93.587243,1000,909668,3,1.000000,1.000000,0,2411,0,16713,0
1170,defense_vs_attack,420.000000,460.000000,0.001944,100.000000,0.007065,18,18,9720,18,18,0.000000,94.741152,1000,920884,3,0.000000,0.857143,1,2478,0,22782,0
1173,baseline,120.000000,160.000000,0.001944,100.000000,0.026851,18,18,9720,18,18,0.000000,25.731276,1000,250108,5,1.000000,1.000000,0,1691,0,6357,0
1173,attack_only,220.000000,260.000000,0.001944,100.000000,0.009853,18,18,9720,18,18,0.000000,26.833333,1000,260820,5,1.000000,1.000000,0,1727,0,10506,0
1173,defense_only,320.000000,360.000000,0.001944,100.000000,0.023766,18,18,9720,18,18,0.000000,92.111111,1000,895320,5,1.000000,1.000000,0,2476,0,16531,0
1173,defense_vs_attack,420.000000,460.000000,0.001188,61.111111,0.025947,18,11,5940,11,18,38.888889,158.227609,1000,939872,5,0.000000,0.857143,1,2591,0,22679,0
1183,baseline,120.000000,160.000000,0.001944,100.000000,0.036614,18,18,9720,18,18,0.000000,28.508230,1000,277100,7,1.000000,1.000000,0,1845,0,6691,0
1183,attack_only,220.000000,260.000000,0.001944,100.000000,0.029354,18,18,9720,18,18,0.000000,28.781893,1000,279760,7,1.000000,1.000000,0,1843,0,11131,0
1183,defense_only,320.000000,360.000000,0.001944,100.000000,0.019078,18,18,9720,18,18,0.000000,93.178601,1000,905696,7,1.000000,1.000000,0,2559,0,17152,0
1183,defense_vs_attack,420.000000,460.000000,0.001944,100.000000,0.028351,18,18,9720,18,18,0.000000,96.677366,1000,939704,7,0.000000,0.857143,1,2491,0,23257,0
1180,baseline,120.000000,160.000000,0.001944,100.000000,0.037330,18,18,9720,18,18,0.000000,32.833745,1000,319144,7,1.000000,1.000000,0,1914,0,6973,0
1180,attack_only,220.000000,260.000000,0.001944,100.000000,0.013975,18,18,9720,18,18,0.000000,33.134156,1000,322064,7,1.000000,1.000000,0,1872,0,11486,0
1180,defense_only,320.000000,360.000000,0.001944,100.000000,0.030455,18,18,9720,18,18,0.000000,89.376132,1000,868736,7,1.000000,1.000000,0,2624,0,17748,0
1180,defense_vs_attack,420.000000,460.000000,0.001620,83.333333,0.017809,18,15,8100,15,18,16.666667,112.438519,1000,910752,7,0.000000,0.775510,1,2634,0,24140,0
1184,baseline,120.000000,160.000000,0.001944,100.000000,0.036810,18,18,9720,18,18,0.000000,31.531687,1000,306488,7,1.000000,1.000000,0,1849,0,6944,0
1184,attack_only,220.000000,260.000000,0.000000,0.000000,0.000000,18,0,0,0,18,100.000000,0.000000,1000,306800,8,1.000000,1.000000,0,1854,0,11428,0
1184,defense_only,320.000000,360.000000,0.001944,100.000000,0.017125,18,18,9720,18,18,0.000000,98.671605,1000,959088,7,1.000000,1.000000,0,2595,0,17609,0
1184,defense_vs_attack,420.000000,460.000000,0.001836,94.444444,0.030058,18,17,9180,17,18,5.555556,106.340741,1000,976208,7,0.000000,0.918367,1,2607,0,23897,0
1187,baseline,120.000000,160.000000,0.001944,100.000000,0.025913,18,18,9720,18,18,0.000000,29.311111,1000,284904,5,1.000000,1.000000,0,1682,0,6279,0
1187,attack_only,220.000000,260.000000,0.000000,0.000000,0.000000,18,0,0,0,18,100.000000,0.000000,1000,281788,5,1.000000,1.000000,0,1607,0,10224,0
1187,defense_only,320.000000,360.000000,0.001944,100.000000,0.026180,18,18,9720,18,18,0.000000,98.946502,1000,961760,5,1.000000,1.000000,0,2331,0,15901,0
1187,defense_vs_attack,420.000000,460.000000,0.001836,94.444444,0.036802,18,17,9180,17,18,5.555556,110.289325,1000,1012456,5,0.000000,0.755102,1,2441,0,21753,0
1191,baseline,120.000000,160.000000,0.001944,100.000000,0.020609,18,18,9720,18,18,0.000000,29.942387,1000,291040,4,1.000000,1.000000,0,1914,0,7162,0
1191,attack_only,220.000000,260.000000,0.001944,100.000000,0.008726,18,18,9720,18,18,0.000000,30.990123,1000,301224,4,1.000000,1.000000,0,1905,0,11903,0
1191,defense_only,320.000000,360.000000,0.001944,100.000000,0.017008,18,18,9720,18,18,0.000000,84.639918,1000,822700,4,1.000000,1.000000,0,2709,0,18373,0
1191,defense_vs_attack,420.000000,460.000000,0.001944,100.000000,0.011211,18,18,9720,18,18,0.000000,84.399177,1000,820360,4,0.000000,0.918367,1,2688,0,24852,0
1194,baseline,120.000000,160.000000,0.001944,100.000000,0.031584,18,18,9720,18,18,0.000000,31.104527,1000,302336,6,1.000000,1.000000,0,1849,0,6767,0
1194,attack_only,220.000000,260.000000,0.000000,0.000000,0.000000,18,0,0,0,18,100.000000,0.000000,1000,303048,6,1.000000,1.000000,0,1828,0,11133,0
1194,defense_only,320.000000,360.000000,0.001620,83.333333,0.031105,18,15,8100,15,18,16.666667,117.927901,1000,955216,6,1.000000,1.000000,0,2761,0,17401,0
1194,defense_vs_attack,420.000000,460.000000,0.001404,72.222222,0.018931,18,13,7020,13,18,27.777778,140.207407,1000,984256,6,0.000000,0.877551,1,2755,0,23870,0
1201,baseline,120.000000,160.000000,0.001944,100.000000,0.025699,18,18,9720,18,18,0.000000,29.827984,1000,289928,5,1.000000,1.000000,0,1753,0,6466,0
1201,attack_only,220.000000,260.000000,0.001944,100.000000,0.009797,18,18,9720,18,18,0.000000,29.918930,1000,290812,5,1.000000,1.000000,0,1737,0,10664,0
1201,defense_only,320.000000,360.000000,0.001944,100.000000,0.023386,18,18,9720,18,18,0.000000,93.288066,1000,906760,5,1.000000,1.000000,0,2528,0,16678,0
1201,defense_vs_attack,420.000000,460.000000,0.001944,100.000000,0.012818,18,18,9720,18,18,0.000000,95.427160,1000,927552,5,0.000000,0.836735,1,2481,0,22643,0
1204,baseline,120.000000,160.000000,0.001944,100.000000,0.047055,18,18,9720,18,18,0.000000,23.653909,1000,229916,9,1.000000,1.000000,0,1747,0,6414,0
1204,attack_only,220.000000,260.000000,0.000000,0.000000,0.000000,18,0,0,0,18,100.000000,0.000000,1000,221740,9,1.000000,1.000000,0,1599,0,10386,0
1204,defense_only,320.000000,360.000000,0.001944,100.000000,0.023984,18,18,9720,18,18,0.000000,84.978601,1000,825992,9,1.000000,1.000000,0,2669,0,16629,0
1204,defense_vs_attack,420.000000,460.000000,0.000972,50.000000,0.033053,18,9,4860,9,18,50.000000,174.772840,1000,849396,9,0.000000,0.857143,1,2675,0,23041,0
1203,baseline,120.000000,160.000000,0.001944,100.000000,0.020298,18,18,9720,18,18,0.000000,27.739095,1000,269624,4,1.000000,1.000000,0,1693,0,6398,0
1203,attack_only,220.000000,260.000000,0.001944,100.000000,0.008079,18,18,9720,18,18,0.000000,29.253909,1000,284348,4,1.000000,1.000000,0,1738,0,10563,0
1203,defense_only,320.000000,360.000000,0.001944,100.000000,0.018342,18,18,9720,18,18,0.000000,88.429218,1000,859532,4,1.000000,1.000000,0,2450,0,16521,0
1203,defense_vs_attack,420.000000,460.000000,0.001512,77.777778,0.010686,18,14,7560,14,18,22.222222,118.546032,1000,896208,4,0.000000,0.816327,1,2399,0,22406,0
1207,baseline,120.000000,160.000000,0.001944,100.000000,0.035856,18,18,9720,18,18,0.000000,25.049794,1000,243484,7,1.000000,1.000000,0,1690,0,6262,0
1207,attack_only,220.000000,260.000000,0.000000,0.000000,0.000000,18,0,0,0,18,100.000000,0.000000,1000,222596,7,1.000000,1.000000,0,1576,0,10153,0
1207,defense_only,320.000000,360.000000,0.001944,100.000000,0.016208,18,18,9720,18,18,0.000000,94.896708,1000,922396,7,1.000000,1.000000,0,2604,0,16288,0
1207,defense_vs_attack,420.000000,460.000000,0.001080,55.555556,0.031239,18,10,5400,10,18,44.444444,166.880741,1000,901156,7,0.000000,0.775510,1,2541,0,22533,0
1208,baseline,120.000000,160.000000,0.001944,100.000000,0.035826,18,18,9720,18,18,0.000000,23.906173,1000,232368,7,1.000000,1.000000,0,1742,0,6373,0
1208,attack_only,220.000000,260.000000,0.000000,0.000000,0.000000,18,0,0,0,18,100.000000,0.000000,1000,240124,8,1.000000,1.000000,0,1709,0,10476,0
1208,defense_only,320.000000,360.000000,0.001944,100.000000,0.024069,18,18,9720,18,18,0.000000,97.213169,1000,944912,7,1.000000,1.000000,0,2615,0,16920,0
1208,defense_vs_attack,420.000000,460.000000,0.001404,72.222222,0.022224,18,13,7020,13,18,27.777778,130.596581,1000,916788,7,0.000000,0.918367,1,2619,0,23438,0
1212,baseline,120.000000,160.000000,0.001944,100.000000,0.015282,18,18,9720,18,18,0.000000,22.905761,1000,222644,3,1.000000,1.000000,0,1673,0,6203,0
1212,attack_only,220.000000,260.000000,0.000000,0.000000,0.000000,18,0,0,0,18,100.000000,0.000000,1000,233984,3,1.000000,1.000000,0,1574,0,10115,0
1212,defense_only,320.000000,360.000000,0.001944,100.000000,0.010606,18,18,9720,18,18,0.000000,85.402881,1000,830116,3,1.000000,1.000000,0,2396,0,16239,0
1212,defense_vs_attack,420.000000,460.000000,0.000540,27.777778,0.029485,18,5,2700,5,18,72.222222,316.780741,1000,855308,4,0.000000,0.755102,1,2526,0,22597,0
1213,baseline,120.000000,160.000000,0.001944,100.000000,0.067086,18,18,9720,18,18,0.000000,26.918519,1000,261648,13,1.000000,1.000000,0,2013,0,7082,0
1213,attack_only,220.000000,260.000000,0.000000,0.000000,0.000000,18,0,0,0,18,100.000000,0.000000,1000,261920,13,1.000000,1.000000,0,1914,0,11657,0
1213,defense_only,320.000000,360.000000,0.001944,100.000000,0.048345,18,18,9720,18,18,0.000000,79.871605,1000,776352,13,1.000000,1.000000,0,2880,0,18428,0
1213,defense_vs_attack,420.000000,460.000000,0.000972,52.941176,0.037748,17,9,4860,9,18,50.000000,155.051029,1000,753548,13,0.000000,0.938776,1,2696,0,25023,0
1216,baseline,120.000000,160.000000,0.001944,100.000000,0.016391,18,18,9720,18,18,0.000000,25.800412,1000,250780,3,1.000000,1.000000,0,1639,0,6196,0
1216,attack_only,220.000000,260.000000,0.000000,0.000000,0.000000,18,0,0,0,18,100.000000,0.000000,1000,248944,3,1.000000,1.000000,0,1608,0,10183,0
1216,defense_only,320.000000,360.000000,0.001944,100.000000,0.011590,18,18,9720,18,18,0.000000,89.386008,1000,868832,3,1.000000,1.000000,0,2395,0,16043,0
1216,defense_vs_attack,420.000000,460.000000,0.000000,0.000000,0.000000,0,0,0,0,18,100.000000,0.000000,1000,648972,0,0.000000,0.897959,1,2224,0,21726,0
1217,baseline,120.000000,160.000000,0.001944,100.000000,0.036479,18,18,9720,18,18,0.000000,35.675720,1000,346768,7,1.000000,1.000000,0,1957,0,7150,0
1217,attack_only,220.000000,260.000000,0.001944,100.000000,0.013994,18,18,9720,18,18,0.000000,35.918107,1000,349124,7,1.000000,1.000000,0,1920,0,11758,0
1217,defense_only,320.000000,360.000000,0.001944,100.000000,0.035037,18,18,9720,18,18,0.000000,92.945679,1000,903432,7,1.000000,1.000000,0,2418,0,17687,0
1217,defense_vs_attack,420.000000,460.000000,0.001944,100.000000,0.017786,18,18,9720,18,18,0.000000,92.633333,1000,900396,7,0.000000,0.836735,1,2523,0,23756,0
1218,baseline,120.000000,160.000000,0.001944,100.000000,0.021932,18,18,9720,18,18,0.000000,26.775720,1000,260260,4,1.000000,1.000000,0,1689,0,6301,0
1218,attack_only,220.000000,260.000000,0.001944,100.000000,0.008222,18,18,9720,18,18,0.000000,27.178189,1000,264172,4,1.000000,1.000000,0,1655,0,10355,0
1218,defense_only,320.000000,360.000000,0.001944,100.000000,0.017680,18,18,9720,18,18,0.000000,100.694650,1000,978752,4,1.000000,1.000000,0,2399,0,16191,0
1218,defense_vs_attack,420.000000,460.000000,0.001836,94.444444,0.016782,18,17,9180,17,18,5.555556,103.593464,1000,950988,4,0.000000,0.897959,1,2565,0,22313,0
1220,baseline,120.000000,160.000000,0.001944,100.000000,0.030718,18,18,9720,18,18,0.000000,33.268724,1000,323372,6,1.000000,1.000000,0,1845,0,6852,0
1220,attack_only,220.000000,260.000000,0.001944,100.000000,0.011961,18,18,9720,18,18,0.000000,33.532510,1000,325936,6,1.000000,1.000000,0,1841,0,11271,0
1220,defense_only,320.000000,360.000000,0.001944,100.000000,0.028878,18,18,9720,18,18,0.000000,96.543210,1000,938400,6,1.000000,1.000000,0,2342,0,17110,0
1220,defense_vs_attack,420.000000,460.000000,0.001512,77.777778,0.020342,18,14,7560,14,18,22.222222,120.395238,1000,910188,6,0.000000,0.836735,1,2490,0,23015,0
1222,baseline,120.000000,160.000000,0.001944,100.000000,0.020635,18,18,9720,18,18,0.000000,27.316872,1000,265520,4,1.000000,1.000000,0,1728,0,6516,0
1222,attack_only,220.000000,260.000000,0.001944,100.000000,0.008425,18,18,9720,18,18,0.000000,28.205350,1000,274156,4,1.000000,1.000000,0,1810,0,10855,0
1222,defense_only,320.000000,360.000000,0.001944,100.000000,0.016843,18,18,9720,18,18,0.000000,76.137449,1000,740056,4,1.000000,1.000000,0,2476,0,16934,0
1222,defense_vs_attack,420.000000,460.000000,0.001944,100.000000,0.009881,18,18,9720,18,18,0.000000,80.970782,1000,787036,4,0.000000,0.897959,1,2487,0,23101,0
1221,baseline,120.000000,160.000000,0.001944,100.000000,0.025900,18,18,9720,18,18,0.000000,26.934568,1000,261804,5,1.000000,1.000000,0,1681,0,6243,0
1221,attack_only,220.000000,260.000000,0.001944,100.000000,0.010016,18,18,9720,18,18,0.000000,27.602881,1000,268300,5,1.000000,1.000000,0,1684,0,10301,0
1221,defense_only,320.000000,360.000000,0.001944,100.000000,0.021809,18,18,9720,18,18,0.000000,108.815638,1000,1057688,5,1.000000,1.000000,0,2562,0,16476,0
1221,defense_vs_attack,420.000000,460.000000,0.000864,61.538462,0.014187,13,8,4320,8,18,55.555556,243.809259,1000,1053256,5,0.000000,0.938776,1,2527,0,22645,0
1225,baseline,120.000000,160.000000,0.001944,100.000000,0.015603,18,18,9720,18,18,0.000000,24.194239,1000,235168,3,1.000000,1.000000,0,1549,0,5858,0
1225,attack_only,220.000000,260.000000,0.001944,100.000000,0.005878,18,18,9720,18,18,0.000000,23.269959,1000,226184,3,1.000000,1.000000,0,1501,0,9542,0
1225,defense_only,320.000000,360.000000,0.001944,100.000000,0.015369,18,18,9720,18,18,0.000000,97.024280,1000,943076,3,1.000000,1.000000,0,2323,0,15215,0
1225,defense_vs_attack,420.000000,460.000000,0.001944,100.000000,0.007695,18,18,9720,18,18,0.000000,98.072016,1000,953260,3,0.000000,0.795918,1,2386,0,21149,0
1231,baseline,120.000000,160.000000,0.001944,100.000000,0.042162,18,18,9720,18,18,0.000000,29.456790,1000,286320,8,1.000000,1.000000,0,1859,0,6845,0
1231,attack_only,220.000000,260.000000,0.000000,0.000000,0.000000,18,0,0,0,18,100.000000,0.000000,1000,292120,9,1.000000,1.000000,0,1812,0,11259,0
1231,defense_only,320.000000,360.000000,0.001944,100.000000,0.023762,18,18,9720,18,18,0.000000,80.168724,1000,779240,8,1.000000,1.000000,0,2647,0,17519,0
1231,defense_vs_attack,420.000000,460.000000,0.001512,77.777778,0.036802,18,14,7560,14,18,22.222222,105.439683,1000,797124,8,0.000000,0.918367,1,2595,0,23817,0
1235,baseline,120.000000,160.000000,0.001944,100.000000,0.021950,18,18,9720,18,18,0.000000,27.177778,1000,264168,4,1.000000,1.000000,0,1657,0,6261,0
1235,attack_only,220.000000,260.000000,0.001944,100.000000,0.008310,18,18,9720,18,18,0.000000,27.470370,1000,267012,4,1.000000,1.000000,0,1686,0,10313,0
1235,defense_only,320.000000,360.000000,0.001944,100.000000,0.017051,18,18,9720,18,18,0.000000,84.810288,1000,824356,4,1.000000,1.000000,0,2441,0,16279,0
1235,defense_vs_attack,420.000000,460.000000,0.001944,100.000000,0.011689,18,18,9720,18,18,0.000000,89.867078,1000,873508,4,0.000000,0.836735,1,2509,0,22425,0
1233,baseline,120.000000,160.000000,0.001944,100.000000,0.046580,18,18,9720,18,18,0.000000,32.516461,1000,316060,9,1.000000,1.000000,0,1956,0,7142,0
1233,attack_only,220.000000,260.000000,0.001944,100.000000,0.032937,18,18,9720,18,18,0.000000,32.983951,1000,320604,10,1.000000,1.000000,0,1982,0,11852,0
1233,defense_only,320.000000,360.000000,0.001944,100.000000,0.032924,18,18,9720,18,18,0.000000,99.013169,1000,962408,9,1.000000,1.000000,0,2477,0,17870,0
1233,defense_vs_attack,420.000000,460.000000,0.001512,77.777778,0.030588,18,14,7560,14,18,22.222222,129.774603,1000,981096,9,0.000000,0.877551,1,2556,0,23996,0
1239,baseline,120.000000,160.000000,0.001944,100.000000,0.026701,18,18,9720,18,18,0.000000,26.831687,1000,260804,5,1.000000,1.000000,0,1664,0,6254,0
1239,attack_only,220.000000,260.000000,0.001944,100.000000,0.010260,18,18,9720,18,18,0.000000,27.334979,1000,265696,5,1.000000,1.000000,0,1649,0,10290,0
1239,defense_only,320.000000,360.000000,0.001944,100.000000,0.023794,18,18,9720,18,18,0.000000,99.937037,1000,971388,5,1.000000,1.000000,0,2299,0,15839,0
1239,defense_vs_attack,420.000000,460.000000,0.001620,83.333333,0.012515,18,15,8100,15,18,16.666667,122.044444,1000,988560,5,0.000000,0.816327,1,2280,0,21502,0
1238,baseline,120.000000,160.000000,0.001944,100.000000,0.030711,18,18,9720,18,18,0.000000,32.628807,1000,317152,6,1.000000,1.000000,0,1832,0,6796,0
1238,attack_only,220.000000,260.000000,0.001944,100.000000,0.012095,18,18,9720,18,18,0.000000,31.381481,1000,305028,6,1.000000,1.000000,0,1789,0,11117,0
1238,defense_only,320.000000,360.000000,0.001944,100.000000,0.033017,18,18,9720,18,18,0.000000,105.980658,1000,1030132,6,1.000000,1.000000,0,2431,0,16906,0
1238,defense_vs_attack,420.000000,460.000000,0.001944,100.000000,0.028042,18,18,9720,18,18,0.000000,106.110288,1000,1031392,6,0.000000,0.836735,1,2481,0,22888,0
1240,baseline,120.000000,160.000000,0.001944,100.000000,0.075760,18,18,9720,18,18,0.000000,34.437037,1000,334728,4,1.000000,1.000000,0,1880,0,7078,0
1240,attack_only,220.000000,260.000000,0.001944,100.000000,0.008013,18,18,9720,18,18,0.000000,34.715638,1000,337436,4,1.000000,1.000000,0,1902,0,11737,0
1240,defense_only,320.000000,360.000000,0.001944,100.000000,0.019037,18,18,9720,18,18,0.000000,92.472016,1000,898828,4,1.000000,1.000000,0,2515,0,17902,0
1240,defense_vs_attack,420.000000,460.000000,0.001944,100.000000,0.010316,18,18,9720,18,18,0.000000,94.825926,1000,921708,4,0.000000,0.897959,1,2494,0,24147,0
1243,baseline,120.000000,160.000000,0.001944,100.000000,0.025325,18,18,9720,18,18,0.000000,23.899177,1000,232300,5,1.000000,1.000000,0,1616,0,6021,0
1243,attack_only,220.000000,260.000000,0.001944,100.000000,0.010094,18,18,9720,18,18,0.000000,24.171193,1000,234944,5,1.000000,1.000000,0,1637,0,9939,0
1243,defense_only,320.000000,360.000000,0.001944,100.000000,0.022287,18,18,9720,18,18,0.000000,98.783951,1000,960180,5,1.000000,1.000000,0,2539,0,15951,0
1243,defense_vs_attack,420.000000,460.000000,0.001944,100.000000,0.012560,18,18,9720,18,18,0.000000,97.759671,1000,950224,5,0.000000,0.857143,1,2551,0,22139,0
1248,baseline,120.000000,160.000000,0.001944,100.000000,0.015439,18,18,9720,18,18,0.000000,31.875309,1000,309828,3,1.000000,1.000000,0,1762,0,6727,0
1248,attack_only,220.000000,260.000000,0.001944,100.000000,0.005789,18,18,9720,18,18,0.000000,32.513992,1000,316036,3,1.000000,1.000000,0,1772,0,11067,0
1248,defense_only,320.000000,360.000000,0.001944,100.000000,0.013170,18,18,9720,18,18,0.000000,94.583539,1000,919352,3,1.000000,1.000000,0,2384,0,16864,0
1248,defense_vs_attack,420.000000,460.000000,0.001944,100.000000,0.007270,18,18,9720,18,18,0.000000,93.875309,1000,912468,3,0.000000,0.897959,1,2533,0,22866,0
1250,baseline,120.000000,160.000000,0.001944,100.000000,0.026124,18,18,9720,18,18,0.000000,27.597531,1000,268248,5,1.000000,1.000000,0,1697,0,6397,0
1250,attack_only,220.000000,260.000000,0.000000,0.000000,0.000000,18,0,0,0,18,100.000000,0.000000,1000,279308,6,1.000000,1.000000,0,1719,0,10627,0
1250,defense_only,320.000000,360.000000,0.001944,100.000000,0.010979,18,18,9720,18,18,0.000000,95.279012,1000,926112,5,1.000000,1.000000,0,2514,0,16633,0
1250,defense_vs_attack,420.000000,460.000000,0.001728,88.888889,0.024092,18,16,8640,16,18,11.111111,107.083796,1000,925204,5,0.000000,0.857143,1,2510,0,22668,0
1252,baseline,120.000000,160.000000,0.001944,100.000000,0.021051,18,18,9720,18,18,0.000000,27.046502,1000,262892,4,1.000000,1.000000,0,1673,0,6321,0
1252,attack_only,220.000000,260.000000,0.001944,100.000000,0.008221,18,18,9720,18,18,0.000000,27.898354,1000,271172,4,1.000000,1.000000,0,1683,0,10425,0
1252,defense_only,320.000000,360.000000,0.001944,100.000000,0.018992,18,18,9720,18,18,0.000000,94.482716,1000,918372,4,1.000000,1.000000,0,2381,0,16132,0
1252,defense_vs_attack,420.000000,460.000000,0.001944,100.000000,0.013447,18,18,9720,18,18,0.000000,94.169136,1000,915324,4,0.000000,0.857143,1,2371,0,21963,0
1253,baseline,120.000000,160.000000,0.001944,100.000000,0.075685,18,18,9720,18,18,0.000000,36.818107,1000,357872,4,1.000000,1.000000,0,1868,0,7010,0
1253,attack_only,220.000000,260.000000,0.001944,100.000000,0.007793,18,18,9720,18,18,0.000000,36.315638,1000,352988,4,1.000000,1.000000,0,1853,0,11487,0
1253,defense_only,320.000000,360.000000,0.001944,100.000000,0.020566,18,18,9720,18,18,0.000000,84.431276,1000,820672,4,1.000000,1.000000,0,2442,0,17289,0
1253,defense_vs_attack,420.000000,460.000000,0.001944,100.000000,0.009014,18,18,9720,18,18,0.000000,88.999177,1000,865072,4,0.000000,0.857143,1,2435,0,23174,0
1256,baseline,120.000000,160.000000,0.001944,100.000000,0.031183,18,18,9720,18,18,0.000000,31.521811,1000,306392,6,1.000000,1.000000,0,1884,0,7091,0
1256,attack_only,220.000000,260.000000,0.001944,100.000000,0.012034,18,18,9720,18,18,0.000000,32.043210,1000,311460,6,1.000000,1.000000,0,1888,0,11677,0
1256,defense_only,320.000000,360.000000,0.001944,100.000000,0.026558,18,18,9720,18,18,0.000000,90.753909,1000,882128,6,1.000000,1.000000,0,2539,0,17774,0
1256,defense_vs_attack,420.000000,460.000000,0.001944,100.000000,0.015513,18,18,9720,18,18,0.000000,91.091358,1000,885408,6,0.000000,0.857143,1,2609,0,24072,0
1257,baseline,120.000000,160.000000,0.001944,100.000000,0.032175,18,18,9720,18,18,0.000000,32.751852,1000,318348,6,1.000000,1.000000,0,1829,0,6987,0
1257,attack_only,220.000000,260.000000,0.000000,0.000000,0.000000,18,0,0,0,18,100.000000,0.000000,1000,308956,7,1.000000,1.000000,0,1810,0,11535,0
1257,defense_only,320.000000,360.000000,0.001944,100.000000,0.016942,18,18,9720,18,18,0.000000,83.462551,1000,811256,6,1.000000,1.000000,0,2471,0,17544,0
1257,defense_vs_attack,420.000000,460.000000,0.001296,66.666667,0.022319,18,12,6480,12,18,33.333333,132.501852,1000,858612,6,0.000000,0.816327,1,2530,0,23679,0
1261,baseline,120.000000,160.000000,0.001944,100.000000,0.021106,18,18,9720,18,18,0.000000,29.903704,1000,290664,4,1.000000,1.000000,0,1788,0,6624,0
1261,attack_only,220.000000,260.000000,0.001944,100.000000,0.008114,18,18,9720,18,18,0.000000,30.265021,1000,294176,4,1.000000,1.000000,0,1757,0,10891,0
1261,defense_only,320.000000,360.000000,0.001944,100.000000,0.018555,18,18,9720,18,18,0.000000,92.899177,1000,902980,4,1.000000,1.000000,0,2486,0,16986,0
1261,defense_vs_attack,420.000000,460.000000,0.001944,100.000000,0.015102,18,18,9720,18,18,0.000000,77.811111,1000,756324,4,0.000000,0.877551,3,2503,0,23232,0
1263,baseline,120.000000,160.000000,0.001944,100.000000,0.025373,18,18,9720,18,18,0.000000,29.702881,1000,288712,5,1.000000,1.000000,0,1752,0,6621,0
1263,attack_only,220.000000,260.000000,0.001944,100.000000,0.010062,18,18,9720,18,18,0.000000,29.908642,1000,290712,5,1.000000,1.000000,0,1810,0,10891,0
1263,defense_only,320.000000,360.000000,0.001944,100.000000,0.022256,18,18,9720,18,18,0.000000,93.572840,1000,909528,5,1.000000,1.000000,0,2553,0,17063,0
1263,defense_vs_attack,420.000000,460.000000,0.001512,77.777778,0.019019,18,14,7560,14,18,22.222222,117.843915,1000,890900,5,0.000000,0.877551,1,2492,0,23133,0
1262,baseline,120.000000,160.000000,0.001944,100.000000,0.021408,18,18,9720,18,18,0.000000,31.994239,1000,310984,4,1.000000,1.000000,0,1779,0,6753,0
1262,attack_only,220.000000,260.000000,0.001944,100.000000,0.008221,18,18,9720,18,18,0.000000,32.594650,1000,316820,4,1.000000,1.000000,0,1775,0,11123,0
1262,defense_only,320.000000,360.000000,0.001944,100.000000,0.016523,18,18,9720,18,18,0.000000,90.122634,1000,875992,4,1.000000,1.000000,0,2518,0,17207,0
1262,defense_vs_attack,420.000000,460.000000,0.001944,100.000000,0.011446,18,18,9720,18,18,0.000000,87.405761,1000,849584,4,0.000000,0.897959,1,2419,0,23167,0
1266,baseline,120.000000,160.000000,0.001944,100.000000,0.030657,18,18,9720,18,18,0.000000,30.144033,1000,293000,6,1.000000,1.000000,0,1836,0,6863,0
1266,attack_only,220.000000,260.000000,0.000000,0.000000,0.000000,18,0,0,0,18,100.000000,0.000000,1000,291972,6,1.000000,1.000000,0,1809,0,11311,0
1266,defense_only,320.000000,360.000000,0.001944,100.000000,0.021376,18,18,9720,18,18,0.000000,79.017695,1000,768052,6,1.000000,1.000000,0,2492,0,17394,0
1266,defense_vs_attack,420.000000,460.000000,0.001080,55.555556,0.024043,18,10,5400,10,18,44.444444,143.608889,1000,775488,6,0.000000,0.897959,1,2537,0,23586,0
1271,baseline,120.000000,160.000000,0.001944,100.000000,0.036414,18,18,9720,18,18,0.000000,26.094650,1000,253640,7,1.000000,1.000000,0,1766,0,6402,0
1271,attack_only,220.000000,260.000000,0.001944,100.000000,0.033640,18,18,9720,18,18,0.000000,25.291770,1000,245836,7,1.000000,1.000000,0,1715,0,10456,0
1271,defense_only,320.000000,360.000000,0.001944,100.000000,0.016368,18,18,9720,18,18,0.000000,88.646914,1000,861648,7,1.000000,1.000000,0,2594,0,16602,0
1271,defense_vs_attack,420.000000,460.000000,0.000540,33.333333,0.038869,15,5,2700,5,18,72.222222,283.724444,1000,766056,0,0.000000,0.857143,2,2363,0,22624,0
1272,baseline,120.000000,160.000000,0.001944,100.000000,0.031713,18,18,9720,18,18,0.000000,28.407819,1000,276124,6,1.000000,1.000000,0,1762,0,6522,0
1272,attack_only,220.000000,260.000000,0.001944,100.000000,0.012401,18,18,9720,18,18,0.000000,28.759671,1000,279544,6,1.000000,1.000000,0,1720,0,10681,0
1272,defense_only,320.000000,360.000000,0.001944,100.000000,0.026411,18,18,9720,18,18,0.000000,86.826749,1000,843956,6,1.000000,1.000000,0,2467,0,16662,0
1272,defense_vs_attack,420.000000,460.000000,0.001944,100.000000,0.014911,18,18,9720,18,18,0.000000,85.841975,1000,834384,6,0.000000,0.857143,1,2487,0,22725,0
1269,baseline,120.000000,160.000000,0.001944,100.000000,0.025935,18,18,9720,18,18,0.000000,32.968724,1000,320456,5,1.000000,1.000000,0,1911,0,6986,0
1269,attack_only,220.000000,260.000000,0.001944,100.000000,0.009987,18,18,9720,18,18,0.000000,33.030453,1000,321056,5,1.000000,1.000000,0,1826,0,11407,0
1269,defense_only,320.000000,360.000000,0.001944,100.000000,0.023226,18,18,9720,18,18,0.000000,101.818107,1000,989672,5,1.000000,1.000000,0,2303,0,16995,0
1269,defense_vs_attack,420.000000,460.000000,0.001188,61.111111,0.022739,18,11,5940,11,18,38.888889,164.071380,1000,974584,5,0.000000,0.816327,1,2359,0,22871,0
1281,baseline,120.000000,160.000000,0.001944,100.000000,0.036754,18,18,9720,18,18,0.000000,28.232510,1000,274420,7,1.000000,1.000000,0,1706,0,6298,0
1281,attack_only,220.000000,260.000000,0.001944,100.000000,0.014253,18,18,9720,18,18,0.000000,29.359259,1000,285372,7,1.000000,1.000000,0,1750,0,10487,0
1281,defense_only,320.000000,360.000000,0.001944,100.000000,0.092466,18,18,9720,18,18,0.000000,97.942387,1000,952000,7,1.000000,1.000000,0,2574,0,16591,0
1281,defense_vs_attack,420.000000,460.000000,0.001944,100.000000,0.014434,18,18,9720,18,18,0.000000,95.358025,1000,926880,7,0.000000,0.836735,1,2449,0,22494,0
1284,baseline,120.000000,160.000000,0.001944,100.000000,0.015061,18,18,9720,18,18,0.000000,31.195885,1000,303224,3,1.000000,1.000000,0,1843,0,7067,0
1284,attack_only,220.000000,260.000000,0.001944,100.000000,0.005974,18,18,9720,18,18,0.000000,31.700412,1000,308128,3,1.000000,1.000000,0,1847,0,11613,0
1284,defense_only,320.000000,360.000000,0.001944,100.000000,0.015599,18,18,9720,18,18,0.000000,86.700412,1000,842728,3,1.000000,1.000000,0,2517,0,17663,0
1284,defense_vs_attack,420.000000,460.000000,0.001944,100.000000,0.005789,18,18,9720,18,18,0.000000,85.881070,1000,834764,3,0.000000,0.938776,1,2571,0,23949,0
1282,baseline,120.000000,160.000000,0.001944,100.000000,0.021021,18,18,9720,18,18,0.000000,26.022222,1000,252936,4,1.000000,1.000000,0,1628,0,6057,0
1282,attack_only,220.000000,260.000000,0.001944,100.000000,0.008238,18,18,9720,18,18,0.000000,25.917695,1000,251920,4,1.000000,1.000000,0,1575,0,9929,0
1282,defense_only,320.000000,360.000000,0.001944,100.000000,0.017791,18,18,9720,18,18,0.000000,105.946914,1000,1029804,4,1.000000,1.000000,0,2363,0,15710,0
1282,defense_vs_attack,420.000000,460.000000,0.001944,100.000000,0.017674,18,18,9720,18,18,0.000000,101.803704,1000,989532,4,0.000000,0.836735,1,2591,0,21704,0
1287,baseline,120.000000,160.000000,0.001944,100.000000,0.025690,18,18,9720,18,18,0.000000,28.168724,1000,273800,5,1.000000,1.000000,0,1728,0,6326,0
1287,attack_only,220.000000,260.000000,0.001944,100.000000,0.010393,18,18,9720,18,18,0.000000,28.315226,1000,275224,5,1.000000,1.000000,0,1678,0,10370,0
1287,defense_only,320.000000,360.000000,0.001944,100.000000,0.021885,18,18,9720,18,18,0.000000,94.423457,1000,917796,5,1.000000,1.000000,0,2413,0,16229,0
1287,defense_vs_attack,420.000000,460.000000,0.001944,100.000000,0.013304,18,18,9720,18,18,0.000000,94.744033,1000,920912,5,0.000000,0.857143,1,2410,0,22140,0
1291,baseline,120.000000,160.000000,0.001944,100.000000,0.015335,18,18,9720,18,18,0.000000,33.615226,1000,326740,3,1.000000,1.000000,0,1794,0,6909,0
1291,attack_only,220.000000,260.000000,0.001944,100.000000,0.005884,18,18,9720,18,18,0.000000,33.860082,1000,329120,3,1.000000,1.000000,0,1875,0,11414,0
1291,defense_only,320.000000,360.000000,0.001944,100.000000,0.012813,18,18,9720,18,18,0.000000,84.445267,1000,820808,3,1.000000,1.000000,0,2440,0,17341,0
1291,defense_vs_attack,420.000000,460.000000,0.001944,100.000000,0.007769,18,18,9720,18,18,0.000000,85.514815,1000,831204,3,0.000000,0.857143,1,2423,0,23321,0
1290,baseline,120.000000,160.000000,0.001944,100.000000,0.026127,18,18,9720,18,18,0.000000,29.468724,1000,286436,5,1.000000,1.000000,0,1831,0,6838,0
1290,attack_only,220.000000,260.000000,0.001944,100.000000,0.009989,18,18,9720,18,18,0.000000,30.209465,1000,293636,5,1.000000,1.000000,0,1798,0,11270,0
1290,defense_only,320.000000,360.000000,0.001944,100.000000,0.021973,18,18,9720,18,18,0.000000,84.508642,1000,821424,5,1.000000,1.000000,0,2501,0,17331,0
1290,defense_vs_attack,420.000000,460.000000,0.001944,100.000000,0.012038,18,18,9720,18,18,0.000000,84.581070,1000,822128,5,0.000000,0.918367,1,2440,0,23438,0
1313,baseline,120.000000,160.000000,0.001944,100.000000,0.014841,18,18,9720,18,18,0.000000,24.738272,1000,240456,3,1.000000,1.000000,0,1640,0,6278,0
1313,attack_only,220.000000,260.000000,0.001944,100.000000,0.005940,18,18,9720,18,18,0.000000,24.317284,1000,236364,3,1.000000,1.000000,0,1611,0,10205,0
1313,defense_only,320.000000,360.000000,0.001944,100.000000,0.013020,18,18,9720,18,18,0.000000,84.472016,1000,821068,3,1.000000,1.000000,0,2464,0,16242,0
1313,defense_vs_attack,420.000000,460.000000,0.001512,77.777778,0.007603,18,14,7560,14,18,22.222222,100.726455,1000,761492,3,0.000000,0.836735,1,2427,0,22315,0
1304,baseline,120.000000,160.000000,0.001944,100.000000,0.070757,18,18,9720,18,18,0.000000,27.772428,1000,269948,3,1.000000,1.000000,0,1660,0,6337,0
1304,attack_only,220.000000,260.000000,0.001944,100.000000,0.010591,18,18,9720,18,18,0.000000,26.687654,1000,259404,3,1.000000,1.000000,0,1639,0,10401,0
1304,defense_only,320.000000,360.000000,0.001944,100.000000,0.013445,18,18,9720,18,18,0.000000,99.243210,1000,964644,3,1.000000,1.000000,0,2382,0,16224,0
1304,defense_vs_attack,420.000000,460.000000,0.001944,100.000000,0.006826,18,18,9720,18,18,0.000000,85.980658,1000,835732,3,0.000000,0.857143,3,2408,0,22183,0
1329,baseline,120.000000,160.000000,0.001944,100.000000,0.015980,18,18,9720,18,18,0.000000,32.100412,1000,312016,3,1.000000,1.000000,0,1859,0,7096,0
1329,attack_only,220.000000,260.000000,0.001944,100.000000,0.005788,18,18,9720,18,18,0.000000,31.413169,1000,305336,3,1.000000,1.000000,0,1877,0,11784,0
1329,defense_only,320.000000,360.000000,0.001944,100.000000,0.013411,18,18,9720,18,18,0.000000,85.092181,1000,827096,3,1.000000,1.000000,0,2635,0,18219,0
1329,defense_vs_attack,420.000000,460.000000,0.001944,100.000000,0.007446,18,18,9720,18,18,0.000000,83.374897,1000,810404,3,0.000000,0.877551,1,2690,0,24838,0
1333,baseline,120.000000,160.000000,0.001944,100.000000,0.016468,18,18,9720,18,18,0.000000,27.131687,1000,263720,3,1.000000,1.000000,0,1629,0,6162,0
1333,attack_only,220.000000,260.000000,0.001944,100.000000,0.006208,18,18,9720,18,18,0.000000,28.223868,1000,274336,3,1.000000,1.000000,0,1580,0,10079,0
1333,defense_only,320.000000,360.000000,0.001944,100.000000,0.012393,18,18,9720,18,18,0.000000,98.864609,1000,960964,3,1.000000,1.000000,0,2334,0,15810,0
1333,defense_vs_attack,420.000000,460.000000,0.001944,100.000000,0.007439,18,18,9720,18,18,0.000000,96.294650,1000,935984,3,0.000000,0.877551,1,2395,0,21673,0
1336,baseline,120.000000,160.000000,0.001944,100.000000,0.014870,18,18,9720,18,18,0.000000,29.561317,1000,287336,3,1.000000,1.000000,0,1731,0,6540,0
1336,attack_only,220.000000,260.000000,0.001944,100.000000,0.005790,18,18,9720,18,18,0.000000,29.595062,1000,287664,3,1.000000,1.000000,0,1701,0,10720,0
1336,defense_only,320.000000,360.000000,0.001944,100.000000,0.013044,18,18,9720,18,18,0.000000,95.874074,1000,931896,3,1.000000,1.000000,0,2434,0,16621,0
1336,defense_vs_attack,420.000000,460.000000,0.001944,100.000000,0.007642,18,18,9720,18,18,0.000000,95.173251,1000,925084,3,0.000000,0.897959,1,2453,0,22706,0
1339,baseline,120.000000,160.000000,0.001944,100.000000,0.016251,18,18,9720,18,18,0.000000,32.157613,1000,312572,3,1.000000,1.000000,0,1747,0,6665,0
1339,attack_only,220.000000,260.000000,0.000000,0.000000,0.000000,18,0,0,0,18,100.000000,0.000000,1000,304544,3,1.000000,1.000000,0,1713,0,10956,0
1339,defense_only,320.000000,360.000000,0.001944,100.000000,0.008976,18,18,9720,18,18,0.000000,95.643210,1000,929652,3,1.000000,1.000000,0,2384,0,16812,0
1339,defense_vs_attack,420.000000,460.000000,0.000648,33.333333,0.026254,18,6,3240,6,18,66.666667,287.941975,1000,932932,4,0.000000,0.857143,1,2608,0,22939,0
1351,baseline,120.000000,160.000000,0.001944,100.000000,0.014927,18,18,9720,18,18,0.000000,29.479424,1000,286540,3,1.000000,1.000000,0,1682,0,6455,0
1351,attack_only,220.000000,260.000000,0.001944,100.000000,0.006010,18,18,9720,18,18,0.000000,30.878601,1000,300140,3,1.000000,1.000000,0,1719,0,10682,0
1351,defense_only,320.000000,360.000000,0.001944,100.000000,0.012735,18,18,9720,18,18,0.000000,89.781481,1000,872676,3,1.000000,1.000000,0,2445,0,16576,0
1351,defense_vs_attack,420.000000,460.000000,0.001944,100.000000,0.007671,18,18,9720,18,18,0.000000,88.298354,1000,858260,3,0.000000,0.918367,1,2396,0,22518,0
1349,baseline,120.000000,160.000000,0.001944,100.000000,0.026293,18,18,9720,18,18,0.000000,29.083951,1000,282696,5,1.000000,1.000000,0,1811,0,6734,0
1349,attack_only,220.000000,260.000000,0.001944,100.000000,0.010227,18,18,9720,18,18,0.000000,28.215226,1000,274252,5,1.000000,1.000000,0,1751,0,11004,0
1349,defense_only,320.000000,360.000000,0.001944,100.000000,0.021401,18,18,9720,18,18,0.000000,91.089712,1000,885392,5,1.000000,1.000000,0,2526,0,17097,0
1349,defense_vs_attack,420.000000,460.000000,0.001296,66.666667,0.013533,18,12,6480,12,18,33.333333,136.285185,1000,883128,5,0.000000,0.836735,1,2519,0,23139,0
1348,baseline,120.000000,160.000000,0.001944,100.000000,0.015505,18,18,9720,18,18,0.000000,36.308642,1000,352920,3,1.000000,1.000000,0,1879,0,7049,0
1348,attack_only,220.000000,260.000000,0.001944,100.000000,0.006104,18,18,9720,18,18,0.000000,36.576543,1000,355524,3,1.000000,1.000000,0,1913,0,11636,0
1348,defense_only,320.000000,360.000000,0.001944,100.000000,0.014622,18,18,9720,18,18,0.000000,99.124280,1000,963488,3,1.000000,1.000000,0,2307,0,17465,0
1348,defense_vs_attack,420.000000,460.000000,0.001944,100.000000,0.010433,18,18,9720,18,18,0.000000,97.872428,1000,951320,3,0.000000,0.877551,1,2347,0,23334,0
1350,baseline,120.000000,160.000000,0.001944,100.000000,0.030395,18,18,9720,18,18,0.000000,28.484774,1000,276872,6,1.000000,1.000000,0,1729,0,6413,0
1350,attack_only,220.000000,260.000000,0.000000,0.000000,0.000000,18,0,0,0,18,100.000000,0.000000,1000,279544,6,1.000000,1.000000,0,1676,0,10511,0
1350,defense_only,320.000000,360.000000,0.001944,100.000000,0.018638,18,18,9720,18,18,0.000000,103.836626,1000,1009292,6,1.000000,1.000000,0,2505,0,16423,0
1350,defense_vs_attack,420.000000,460.000000,0.001188,61.111111,0.117886,18,11,5940,11,18,38.888889,167.150168,1000,992872,6,0.000000,0.857143,1,2547,0,22535,0
1354,baseline,120.000000,160.000000,0.001944,100.000000,0.026374,18,18,9720,18,18,0.000000,32.609465,1000,316964,5,1.000000,1.000000,0,1944,0,7173,0
1354,attack_only,220.000000,260.000000,0.001944,100.000000,0.010115,18,18,9720,18,18,0.000000,33.187654,1000,322584,5,1.000000,1.000000,0,1958,0,11868,0
1354,defense_only,320.000000,360.000000,0.001944,100.000000,0.021884,18,18,9720,18,18,0.000000,81.667078,1000,793804,5,1.000000,1.000000,0,2538,0,18033,0
1354,defense_vs_attack,420.000000,460.000000,0.001944,100.000000,0.012328,18,18,9720,18,18,0.000000,83.117284,1000,807900,5,0.000000,0.938776,1,2624,0,24434,0
1358,baseline,120.000000,160.000000,0.001944,100.000000,0.020679,18,18,9720,18,18,0.000000,24.582305,1000,238940,4,1.000000,1.000000,0,1642,0,6109,0
1358,attack_only,220.000000,260.000000,0.001944,100.000000,0.007793,18,18,9720,18,18,0.000000,25.697119,1000,249776,4,1.000000,1.000000,0,1671,0,10175,0
1358,defense_only,320.000000,360.000000,0.001944,100.000000,0.018162,18,18,9720,18,18,0.000000,87.292181,1000,848480,4,1.000000,1.000000,0,2446,0,16241,0
1358,defense_vs_attack,420.000000,460.000000,0.001944,100.000000,0.011152,18,18,9720,18,18,0.000000,90.794650,1000,882524,4,0.000000,0.897959,1,2522,0,22316,0
1353,baseline,120.000000,160.000000,0.001944,100.000000,0.026044,18,18,9720,18,18,0.000000,30.018107,1000,291776,5,1.000000,1.000000,0,1686,0,6311,0
1353,attack_only,220.000000,260.000000,0.001944,100.000000,0.009947,18,18,9720,18,18,0.000000,30.934979,1000,300688,5,1.000000,1.000000,0,1690,0,10383,0
1353,defense_only,320.000000,360.000000,0.001944,100.000000,0.022043,18,18,9720,18,18,0.000000,107.278189,999,1042744,5,1.000000,1.000000,0,2424,0,16242,0
1353,defense_vs_attack,420.000000,460.000000,0.001512,77.777778,0.012467,18,14,7560,14,18,22.222222,139.234921,1000,1052616,5,0.000000,0.734694,1,2434,0,22156,0
1361,baseline,120.000000,160.000000,0.001944,100.000000,0.037009,18,18,9720,18,18,0.000000,29.137449,1000,283216,7,1.000000,1.000000,0,1775,0,6544,0
1361,attack_only,220.000000,260.000000,0.001944,100.000000,0.014221,18,18,9720,18,18,0.000000,30.276543,1000,294288,7,1.000000,1.000000,0,1790,0,10784,0
1361,defense_only,320.000000,360.000000,0.001944,100.000000,0.034372,18,18,9720,18,18,0.000000,98.674074,1000,959112,7,1.000000,1.000000,0,2517,0,16677,0
1361,defense_vs_attack,420.000000,460.000000,0.001944,100.000000,0.078829,18,18,9720,18,18,0.000000,99.729630,1000,969372,7,0.000000,0.857143,1,2483,0,22565,0
1368,baseline,120.000000,160.000000,0.001944,100.000000,0.086641,18,18,9720,18,18,0.000000,33.693416,1000,327500,6,1.000000,1.000000,0,1878,0,6874,0
1368,attack_only,220.000000,260.000000,0.000000,0.000000,0.000000,18,0,0,0,18,100.000000,0.000000,1000,327312,6,1.000000,1.000000,0,1797,0,11254,0
1368,defense_only,320.000000,360.000000,0.001944,100.000000,0.032409,18,18,9720,18,18,0.000000,95.040329,1000,923792,6,1.000000,1.000000,0,2545,0,17219,0
1368,defense_vs_attack,420.000000,460.000000,0.001728,88.888889,0.013283,18,16,8640,16,18,11.111111,107.271759,1000,926828,6,0.000000,0.938776,1,2554,0,23425,0
1364,baseline,120.000000,160.000000,0.001944,100.000000,0.021233,18,18,9720,18,18,0.000000,28.263786,1000,274724,4,1.000000,1.000000,0,1746,0,6544,0
1364,attack_only,220.000000,260.000000,0.001944,100.000000,0.008967,18,18,9720,18,18,0.000000,25.452263,1000,247396,4,1.000000,1.000000,0,1670,0,10608,0
1364,defense_only,320.000000,360.000000,0.001944,100.000000,0.020875,18,18,9720,18,18,0.000000,99.075309,1000,963012,4,1.000000,1.000000,0,2395,0,16405,0
1364,defense_vs_attack,420.000000,460.000000,0.001944,100.000000,0.009335,18,18,9720,18,18,0.000000,97.992593,1000,952488,4,0.000000,0.755102,1,2369,0,22177,0
1365,baseline,120.000000,160.000000,0.001944,100.000000,0.025804,18,18,9720,18,18,0.000000,29.274074,1000,284544,5,1.000000,1.000000,0,1835,0,6624,0
1365,attack_only,220.000000,260.000000,0.000000,0.000000,0.000000,18,0,0,0,18,100.000000,0.000000,1000,290808,5,1.000000,1.000000,0,1717,0,10889,0
1365,defense_only,320.000000,360.000000,0.001944,100.000000,0.018730,18,18,9720,18,18,0.000000,97.191770,1000,944704,5,1.000000,1.000000,0,2521,0,17041,0
1365,defense_vs_attack,420.000000,460.000000,0.001080,55.555556,0.015361,18,10,5400,10,18,44.444444,178.390370,1000,963308,5,0.000000,0.857143,1,2547,0,23314,0
1366,baseline,120.000000,160.000000,0.001944,100.000000,0.112074,18,18,9720,18,18,0.000000,22.557202,1000,219256,11,1.000000,1.000000,0,1744,0,6135,0
1366,attack_only,220.000000,260.000000,0.000000,0.000000,0.000000,18,0,0,0,18,100.000000,0.000000,1000,230016,12,1.000000,1.000000,0,1695,0,10167,0
1366,defense_only,320.000000,360.000000,0.001944,100.000000,0.044186,18,18,9720,18,18,0.000000,98.642387,1000,958804,11,1.000000,1.000000,0,2793,0,16643,0
1366,defense_vs_attack,420.000000,460.000000,0.001512,77.777778,0.041959,18,14,7560,14,18,22.222222,117.899471,1000,891320,11,0.000000,0.938776,1,2616,0,22893,0
1370,baseline,120.000000,160.000000,0.001944,100.000000,0.020711,18,18,9720,18,18,0.000000,23.615638,1000,229544,4,1.000000,1.000000,0,1590,0,6013,0
1370,attack_only,220.000000,260.000000,0.001944,100.000000,0.008310,18,18,9720,18,18,0.000000,23.457202,1000,228004,4,1.000000,1.000000,0,1591,0,9900,0
1370,defense_only,320.000000,360.000000,0.001944,100.000000,0.017830,18,18,9720,18,18,0.000000,89.628807,1000,871192,4,1.000000,1.000000,0,2464,0,15774,0
1370,defense_vs_attack,420.000000,460.000000,0.000756,53.846154,0.022206,13,7,3780,7,18,61.111111,187.194709,1000,707596,0,0.000000,0.857143,3,2355,0,21739,0
1371,baseline,120.000000,160.000000,0.001944,100.000000,0.021229,18,18,9720,18,18,0.000000,28.813580,1000,280068,4,1.000000,1.000000,0,1773,0,6534,0
1371,attack_only,220.000000,260.000000,0.001944,100.000000,0.008017,18,18,9720,18,18,0.000000,28.431276,1000,276352,4,1.000000,1.000000,0,1674,0,10643,0
1371,defense_only,320.000000,360.000000,0.001944,100.000000,0.017433,18,18,9720,18,18,0.000000,105.414815,1000,1024632,4,1.000000,1.000000,0,2416,0,16424,0
1371,defense_vs_attack,420.000000,460.000000,0.001944,100.000000,0.010960,18,18,9720,18,18,0.000000,106.343621,1000,1033660,4,0.000000,0.836735,1,2463,0,22328,0
1372,baseline,120.000000,160.000000,0.001944,100.000000,0.020843,18,18,9720,18,18,0.000000,33.862551,1000,329144,4,1.000000,1.000000,0,1882,0,7007,0
1372,attack_only,220.000000,260.000000,0.001944,100.000000,0.008359,18,18,9720,18,18,0.000000,34.987243,1000,340076,4,1.000000,1.000000,0,1858,0,11583,0
1372,defense_only,320.000000,360.000000,0.001944,100.000000,0.016524,18,18,9720,18,18,0.000000,81.340741,1000,790632,4,1.000000,1.000000,0,2434,0,17513,0
1372,defense_vs_attack,420.000000,460.000000,0.001296,66.666667,0.011815,18,12,6480,12,18,33.333333,125.640741,1000,814152,4,0.000000,0.897959,1,2441,0,23585,0
1379,baseline,120.000000,160.000000,0.001944,100.000000,0.051738,18,18,9720,18,18,0.000000,32.326749,1000,314216,10,1.000000,1.000000,0,1978,0,7123,0
1379,attack_only,220.000000,260.000000,0.001944,100.000000,0.036685,18,18,9720,18,18,0.000000,32.018930,1000,311224,11,1.000000,1.000000,0,1999,0,11751,0
1379,defense_only,320.000000,360.000000,0.001944,100.000000,0.035383,18,18,9720,18,18,0.000000,93.374897,1000,907604,10,1.000000,1.000000,0,2709,0,18067,0
1379,defense_vs_attack,420.000000,460.000000,0.001944,100.000000,0.033831,18,18,9720,18,18,0.000000,91.992181,1000,894164,10,0.000000,0.775510,1,2612,0,24320,0
1385,baseline,120.000000,160.000000,0.001944,100.000000,0.021694,18,18,9720,18,18,0.000000,24.982716,1000,242832,4,1.000000,1.000000,0,1807,0,6911,0
1385,attack_only,220.000000,260.000000,0.001944,100.000000,0.008314,18,18,9720,18,18,0.000000,26.198354,1000,254648,4,1.000000,1.000000,0,1855,0,11451,0
1385,defense_only,320.000000,360.000000,0.001944,100.000000,0.017548,18,18,9720,18,18,0.000000,74.886420,1000,727896,4,1.000000,1.000000,0,2709,0,17982,0
1385,defense_vs_attack,420.000000,460.000000,0.001944,100.000000,0.010301,18,18,9720,18,18,0.000000,74.379424,1000,722968,4,0.000000,0.938776,1,2671,0,24475,0
1383,baseline,120.000000,160.000000,0.001944,100.000000,0.021270,18,18,9720,18,18,0.000000,29.668724,1000,288380,4,1.000000,1.000000,0,1692,0,6447,0
1383,attack_only,220.000000,260.000000,0.001944,100.000000,0.007859,18,18,9720,18,18,0.000000,30.045267,1000,292040,4,1.000000,1.000000,0,1707,0,10611,0
1383,defense_only,320.000000,360.000000,0.001944,100.000000,0.017231,18,18,9720,18,18,0.000000,99.840741,1000,970452,4,1.000000,1.000000,0,2394,0,16322,0
1383,defense_vs_attack,420.000000,460.000000,0.001944,100.000000,0.010366,18,18,9720,18,18,0.000000,90.876955,1000,883324,4,0.000000,0.857143,1,2429,0,22209,0
1384,baseline,120.000000,160.000000,0.001944,100.000000,0.016610,18,18,9720,18,18,0.000000,27.988477,1000,272048,3,1.000000,1.000000,0,1614,0,6192,0
1384,attack_only,220.000000,260.000000,0.000000,0.000000,0.000000,18,0,0,0,18,100.000000,0.000000,1000,264844,4,1.000000,1.000000,0,1576,0,10109,0
1384,defense_only,320.000000,360.000000,0.001944,100.000000,0.008401,18,18,9720,18,18,0.000000,93.699177,1000,910756,3,1.000000,1.000000,0,2326,0,15733,0
1384,defense_vs_attack,420.000000,460.000000,0.001296,66.666667,0.012313,18,12,6480,12,18,33.333333,141.500617,1000,916924,3,0.000000,0.795918,1,2311,0,21353,0
1391,baseline,120.000000,160.000000,0.001944,100.000000,0.021726,18,18,9720,18,18,0.000000,29.608642,1000,287796,4,1.000000,1.000000,0,1791,0,6678,0
1391,attack_only,220.000000,260.000000,0.000000,0.000000,0.000000,18,0,0,0,18,100.000000,0.000000,1000,291060,5,1.000000,1.000000,0,1731,0,10955,0
1391,defense_only,320.000000,360.000000,0.001944,100.000000,0.012416,18,18,9720,18,18,0.000000,87.993827,1000,855300,4,1.000000,1.000000,0,2402,0,16768,0
1391,defense_vs_attack,420.000000,460.000000,0.001080,55.555556,0.013529,18,10,5400,10,18,44.444444,154.426667,1000,833904,4,0.000000,0.877551,1,2465,0,22870,0
1390,baseline,120.000000,160.000000,0.001944,100.000000,0.076267,18,18,9720,18,18,0.000000,29.180247,1000,283632,4,1.000000,1.000000,0,1721,0,6477,0
1390,attack_only,220.000000,260.000000,0.000000,0.000000,0.000000,18,0,0,0,18,100.000000,0.000000,1000,295800,5,1.000000,1.000000,0,1691,0,10727,0
1390,defense_only,320.000000,360.000000,0.001944,100.000000,0.008780,18,18,9720,18,18,0.000000,97.616049,1000,948828,4,1.000000,1.000000,0,2492,0,16659,0
1390,defense_vs_attack,420.000000,460.000000,0.001080,55.555556,0.014512,18,10,5400,10,18,44.444444,172.810370,1000,933176,4,0.000000,0.857143,1,2421,0,22569,0
1394,baseline,120.000000,160.000000,0.001944,100.000000,0.016368,18,18,9720,18,18,0.000000,25.957613,1000,252308,3,1.000000,1.000000,0,1628,0,6191,0
1394,attack_only,220.000000,260.000000,0.000000,0.000000,0.000000,18,0,0,0,18,100.000000,0.000000,1000,251140,3,1.000000,1.000000,0,1597,0,10126,0
1394,defense_only,320.000000,360.000000,0.001944,100.000000,0.007980,18,18,9720,18,18,0.000000,99.973663,1000,971744,3,1.000000,1.000000,0,2366,0,15799,0
1394,defense_vs_attack,420.000000,460.000000,0.001620,83.333333,0.015312,18,15,8100,15,18,16.666667,120.505679,1000,976096,3,0.000000,0.816327,1,2341,0,21594,0
1402,baseline,120.000000,160.000000,0.001944,100.000000,0.015511,18,18,9720,18,18,0.000000,28.774897,1000,279692,3,1.000000,1.000000,0,1743,0,6522,0
1402,attack_only,220.000000,260.000000,0.001944,100.000000,0.006373,18,18,9720,18,18,0.000000,28.957202,1000,281464,3,1.000000,1.000000,0,1727,0,10733,0
1402,defense_only,320.000000,360.000000,0.001944,100.000000,0.012812,18,18,9720,18,18,0.000000,87.583539,1000,851312,3,1.000000,1.000000,0,2526,0,16985,0
1402,defense_vs_attack,420.000000,460.000000,0.001944,100.000000,0.007149,18,18,9720,18,18,0.000000,87.672840,1000,852180,3,0.000000,0.938776,1,2595,0,23332,0
1404,baseline,120.000000,160.000000,0.001944,100.000000,0.015716,18,18,9720,18,18,0.000000,37.492593,1000,364428,3,1.000000,1.000000,0,1935,0,7374,0
1404,attack_only,220.000000,260.000000,0.001944,100.000000,0.005849,18,18,9720,18,18,0.000000,37.637449,1000,365836,3,1.000000,1.000000,0,1982,0,12238,0
1404,defense_only,320.000000,360.000000,0.001944,100.000000,0.013019,18,18,9720,18,18,0.000000,83.167490,1000,808388,3,1.000000,1.000000,0,2380,0,17999,0
1404,defense_vs_attack,420.000000,460.000000,0.001944,100.000000,0.007424,18,18,9720,18,18,0.000000,83.055967,1000,807304,3,0.000000,0.857143,1,2376,0,23914,0
1410,baseline,120.000000,160.000000,0.001944,100.000000,0.053020,18,18,9720,18,18,0.000000,29.240741,1000,284220,10,1.000000,1.000000,0,1955,0,6954,0
1410,attack_only,220.000000,260.000000,0.000000,0.000000,0.000000,18,0,0,0,18,100.000000,0.000000,1000,283508,11,1.000000,1.000000,0,1796,0,11436,0
1410,defense_only,320.000000,360.000000,0.001944,100.000000,0.038402,18,18,9720,18,18,0.000000,86.590535,1000,841660,10,1.000000,1.000000,0,2599,0,17530,0
1410,defense_vs_attack,420.000000,460.000000,0.001188,61.111111,0.038903,18,11,5940,11,18,38.888889,142.889562,1000,848764,10,0.000000,0.836735,1,2588,0,23738,0
1409,baseline,120.000000,160.000000,0.001944,100.000000,0.025393,18,18,9720,18,18,0.000000,28.149383,1000,273612,5,1.000000,1.000000,0,1774,0,6523,0
1409,attack_only,220.000000,260.000000,0.000000,0.000000,0.000000,18,0,0,0,18,100.000000,0.000000,1000,277192,5,1.000000,1.000000,0,1648,0,10655,0
1409,defense_only,320.000000,360.000000,0.001944,100.000000,0.012437,18,18,9720,18,18,0.000000,92.777778,1000,901800,5,1.000000,1.000000,0,2488,0,16611,0
1409,defense_vs_attack,420.000000,460.000000,0.001296,66.666667,0.034245,18,12,6480,12,18,33.333333,137.646914,1000,891952,6,0.000000,0.795918,1,2453,0,22589,0
1412,baseline,120.000000,160.000000,0.001944,100.000000,0.041859,18,18,9720,18,18,0.000000,23.147737,1000,224996,8,1.000000,1.000000,0,1684,0,6119,0
1412,attack_only,220.000000,260.000000,0.001944,100.000000,0.016085,18,18,9720,18,18,0.000000,24.224691,1000,235464,8,1.000000,1.000000,0,1656,0,10119,0
1412,defense_only,320.000000,360.000000,0.001944,100.000000,0.036186,18,18,9720,18,18,0.000000,90.987243,1000,884396,8,1.000000,1.000000,0,2591,0,16183,0
1412,defense_vs_attack,420.000000,460.000000,0.001728,88.888889,0.021994,18,16,8640,16,18,11.111111,105.726389,1000,913476,8,0.000000,0.857143,1,2565,0,22368,0
1415,baseline,120.000000,160.000000,0.001944,100.000000,0.015599,18,18,9720,18,18,0.000000,31.012757,1000,301444,3,1.000000,1.000000,0,1752,0,6700,0
1415,attack_only,220.000000,260.000000,0.000000,0.000000,0.000000,18,0,0,0,18,100.000000,0.000000,1000,292536,4,1.000000,1.000000,0,1685,0,10959,0
1415,defense_only,320.000000,360.000000,0.001944,100.000000,0.005789,18,18,9720,18,18,0.000000,97.728395,1000,949920,3,1.000000,1.000000,0,2534,0,17060,0
1415,defense_vs_attack,420.000000,460.000000,0.001620,83.333333,0.013722,18,15,8100,15,18,16.666667,114.536296,1000,927744,3,0.000000,0.836735,1,2518,0,23234,0
1418,baseline,120.000000,160.000000,0.001944,100.000000,0.039723,18,18,9720,18,18,0.000000,29.670370,1000,288396,7,1.000000,1.000000,0,1773,0,6506,0
1418,attack_only,220.000000,260.000000,0.001944,100.000000,0.017483,18,18,9720,18,18,0.000000,30.318930,1000,294700,7,1.000000,1.000000,0,1748,0,10745,0
1418,defense_only,320.000000,360.000000,0.001944,100.000000,0.032890,18,18,9720,18,18,0.000000,96.439095,1000,937388,7,1.000000,1.000000,0,2399,0,16416,0
1418,defense_vs_attack,420.000000,460.000000,0.001836,94.444444,0.028900,18,17,9180,17,18,5.555556,104.711547,1000,961252,7,0.000000,0.877551,1,2382,0,22162,0
1416,baseline,120.000000,160.000000,0.001944,100.000000,0.037342,18,18,9720,18,18,0.000000,25.296708,1000,245884,7,1.000000,1.000000,0,1720,0,6462,0
1416,attack_only,220.000000,260.000000,0.000000,0.000000,0.000000,18,0,0,0,18,100.000000,0.000000,1000,253812,7,1.000000,1.000000,0,1653,0,10498,0
1416,defense_only,320.000000,360.000000,0.001944,100.000000,0.020456,18,18,9720,18,18,0.000000,99.592181,1000,968036,7,1.000000,1.000000,0,2559,0,16562,0
1416,defense_vs_attack,420.000000,460.000000,0.000000,0.000000,0.000000,0,0,0,0,18,100.000000,0.000000,1000,621568,0,0.000000,0.897959,2,2104,0,22170,0
1421,baseline,120.000000,160.000000,0.001944,100.000000,0.015334,18,18,9720,18,18,0.000000,25.606996,1000,248900,3,1.000000,1.000000,0,1738,0,6611,0
1421,attack_only,220.000000,260.000000,0.001944,100.000000,0.005789,18,18,9720,18,18,0.000000,26.093416,1000,253628,3,1.000000,1.000000,0,1718,0,10813,0
1421,defense_only,320.000000,360.000000,0.001944,100.000000,0.012903,18,18,9720,18,18,0.000000,73.582305,1000,715220,3,1.000000,1.000000,0,2399,0,16679,0
1421,defense_vs_attack,420.000000,460.000000,0.000756,43.750000,0.014140,16,7,3780,7,18,61.111111,168.848677,1000,638248,3,0.000000,0.918367,1,2328,0,22568,0
1424,baseline,120.000000,160.000000,0.001944,100.000000,0.026022,18,18,9720,18,18,0.000000,27.745267,1000,269684,5,1.000000,1.000000,0,1746,0,6482,0
1424,attack_only,220.000000,260.000000,0.001944,100.000000,0.010467,18,18,9720,18,18,0.000000,27.337860,1000,265724,5,1.000000,1.000000,0,1712,0,10638,0
1424,defense_only,320.000000,360.000000,0.001944,100.000000,0.021740,18,18,9720,18,18,0.000000,98.769547,1000,960040,5,1.000000,1.000000,0,2408,0,16470,0
1424,defense_vs_attack,420.000000,460.000000,0.001944,100.000000,0.022790,18,18,9720,18,18,0.000000,94.895885,1000,922388,5,0.000000,0.836735,1,2453,0,22386,0
1432,baseline,120.000000,160.000000,0.001944,100.000000,0.096391,18,18,9720,18,18,0.000000,22.518107,1000,218876,8,1.000000,1.000000,0,1620,0,5935,0
1432,attack_only,220.000000,260.000000,0.000000,0.000000,0.000000,18,0,0,0,18,100.000000,0.000000,1000,216936,8,1.000000,1.000000,0,1534,0,9651,0
1432,defense_only,320.000000,360.000000,0.001944,100.000000,0.026485,18,18,9720,18,18,0.000000,90.562551,1000,880268,8,1.000000,1.000000,0,2589,0,15666,0
1432,defense_vs_attack,420.000000,460.000000,0.000864,44.444444,0.052673,18,8,4320,8,18,55.555556,211.049074,1000,911732,11,0.000000,0.836735,1,2709,0,21980,0
1430,baseline,120.000000,160.000000,0.001944,100.000000,0.020669,18,18,9720,18,18,0.000000,30.287243,1000,294392,4,1.000000,1.000000,0,1842,0,7002,0
1430,attack_only,220.000000,260.000000,0.001944,100.000000,0.007794,18,18,9720,18,18,0.000000,30.115226,1000,292720,4,1.000000,1.000000,0,1845,0,11488,0
1430,defense_only,320.000000,360.000000,0.001944,100.000000,0.019935,18,18,9720,18,18,0.000000,86.752675,1000,843236,4,1.000000,1.000000,0,2527,0,17641,0
1430,defense_vs_attack,420.000000,460.000000,0.001944,100.000000,0.011006,18,18,9720,18,18,0.000000,87.959259,1000,854964,4,0.000000,0.918367,1,2604,0,24017,0
1435,baseline,120.000000,160.000000,0.001944,100.000000,0.040939,18,18,9720,18,18,0.000000,22.884362,1000,222436,8,1.000000,1.000000,0,1718,0,6277,0
1435,attack_only,220.000000,260.000000,0.000000,0.000000,0.000000,18,0,0,0,18,100.000000,0.000000,1000,196020,9,1.000000,1.000000,0,1546,0,10127,0
1435,defense_only,320.000000,360.000000,0.001944,100.000000,0.016384,18,18,9720,18,18,0.000000,83.106996,1000,807800,8,1.000000,1.000000,0,2748,0,16560,0
1435,defense_vs_attack,420.000000,460.000000,0.001188,61.111111,0.034353,18,11,5940,11,18,38.888889,137.317845,1000,815668,8,0.000000,0.877551,1,2652,0,22950,0
1434,baseline,120.000000,160.000000,0.001944,100.000000,0.015736,18,18,9720,18,18,0.000000,25.467078,1000,247540,3,1.000000,1.000000,0,1638,0,6157,0
1434,attack_only,220.000000,260.000000,0.001944,100.000000,0.005867,18,18,9720,18,18,0.000000,26.872016,1000,261196,3,1.000000,1.000000,0,1633,0,10157,0
1434,defense_only,320.000000,360.000000,0.001944,100.000000,0.014494,18,18,9720,18,18,0.000000,101.470782,1000,986296,3,1.000000,1.000000,0,2383,0,15953,0
1434,defense_vs_attack,420.000000,460.000000,0.001944,100.000000,0.006853,18,18,9720,18,18,0.000000,95.846914,1000,931632,3,0.000000,0.857143,1,2387,0,21801,0
1439,baseline,120.000000,160.000000,0.001944,100.000000,0.015324,18,18,9720,18,18,0.000000,24.160082,1000,234836,3,1.000000,1.000000,0,1633,0,6055,0
1439,attack_only,220.000000,260.000000,0.000000,0.000000,0.000000,18,0,0,0,18,100.000000,0.000000,1000,228848,4,1.000000,1.000000,0,1520,0,9848,0
1439,defense_only,320.000000,360.000000,0.001944,100.000000,0.006027,18,18,9720,18,18,0.000000,91.145679,1000,885936,3,1.000000,1.000000,0,2439,0,15867,0
1439,defense_vs_attack,420.000000,460.000000,0.001080,55.555556,0.012102,18,10,5400,10,18,44.444444,135.514815,1000,731780,3,0.000000,0.836735,1,2304,0,21814,0
1442,baseline,120.000000,160.000000,0.001944,100.000000,0.041648,18,18,9720,18,18,0.000000,24.493004,1000,238072,8,1.000000,1.000000,0,1704,0,6275,0
1442,attack_only,220.000000,260.000000,0.001944,100.000000,0.016069,18,18,9720,18,18,0.000000,25.919342,1000,251936,8,1.000000,1.000000,0,1696,0,10321,0
1442,defense_only,320.000000,360.000000,0.001944,100.000000,0.037978,18,18,9720,18,18,0.000000,101.203292,1000,983696,8,1.000000,1.000000,0,2494,0,16364,0
1442,defense_vs_attack,420.000000,460.000000,0.001620,83.333333,0.028111,18,15,8100,15,18,16.666667,121.090370,1000,980832,8,0.000000,0.877551,1,2522,0,22658,0
1449,baseline,120.000000,160.000000,0.001944,100.000000,0.035821,18,18,9720,18,18,0.000000,24.067490,1000,233936,7,1.000000,1.000000,0,1818,0,6607,0
1449,attack_only,220.000000,260.000000,0.001944,100.000000,0.014041,18,18,9720,18,18,0.000000,24.373663,1000,236912,7,1.000000,1.000000,0,1774,0,10839,0
1449,defense_only,320.000000,360.000000,0.001944,100.000000,0.031773,18,18,9720,18,18,0.000000,78.430041,1000,762340,7,1.000000,1.000000,0,2706,0,17188,0
1449,defense_vs_attack,420.000000,460.000000,0.000648,33.333333,0.026177,18,6,3240,6,18,66.666667,256.861728,1000,832232,7,0.000000,0.897959,1,2594,0,23482,0
1446,baseline,120.000000,160.000000,0.001944,100.000000,0.014883,18,18,9720,18,18,0.000000,23.111111,1000,224640,3,1.000000,1.000000,0,1563,0,6016,0
1446,attack_only,220.000000,260.000000,0.001944,100.000000,0.005790,18,18,9720,18,18,0.000000,24.428395,1000,237444,3,1.000000,1.000000,0,1609,0,9896,0
1446,defense_only,320.000000,360.000000,0.001944,100.000000,0.013034,18,18,9720,18,18,0.000000,107.151440,1000,1041512,3,1.000000,1.000000,0,2383,0,15614,0
1446,defense_vs_attack,420.000000,460.000000,0.001944,100.000000,0.007066,18,18,9720,18,18,0.000000,103.438272,1000,1005420,3,0.000000,0.857143,1,2377,0,21485,0
1458,baseline,120.000000,160.000000,0.001944,100.000000,0.020940,18,18,9720,18,18,0.000000,28.941564,1000,281312,4,1.000000,1.000000,0,1797,0,6659,0
1458,attack_only,220.000000,260.000000,0.001944,100.000000,0.007793,18,18,9720,18,18,0.000000,29.483951,1000,286584,4,1.000000,1.000000,0,1759,0,10982,0
1458,defense_only,320.000000,360.000000,0.001944,100.000000,0.017367,18,18,9720,18,18,0.000000,84.763786,1000,823904,4,1.000000,1.000000,0,2542,0,17140,0
1458,defense_vs_attack,420.000000,460.000000,0.001944,100.000000,0.010002,18,18,9720,18,18,0.000000,85.430453,1000,830384,4,0.000000,0.918367,1,2654,0,23482,0
1460,baseline,120.000000,160.000000,0.001944,100.000000,0.025730,18,18,9720,18,18,0.000000,24.225103,1000,235468,5,1.000000,1.000000,0,1697,0,6400,0
1460,attack_only,220.000000,260.000000,0.001944,100.000000,0.009875,18,18,9720,18,18,0.000000,22.514815,1000,218844,5,1.000000,1.000000,0,1688,0,10490,0
1460,defense_only,320.000000,360.000000,0.001944,100.000000,0.022980,18,18,9720,18,18,0.000000,92.215638,1000,896336,5,1.000000,1.000000,0,2551,0,16639,0
1460,defense_vs_attack,420.000000,460.000000,0.001944,100.000000,0.012131,18,18,9720,18,18,0.000000,91.550206,1000,889868,5,0.000000,0.857143,1,2620,0,23021,0
1464,baseline,120.000000,160.000000,0.001944,100.000000,0.015415,18,18,9720,18,18,0.000000,26.386420,1000,256476,3,1.000000,1.000000,0,1671,0,6400,0
1464,attack_only,220.000000,260.000000,0.000000,0.000000,0.000000,18,0,0,0,18,100.000000,0.000000,1000,261268,3,1.000000,1.000000,0,1661,0,10550,0
1464,defense_only,320.000000,360.000000,0.001944,100.000000,0.008516,18,18,9720,18,18,0.000000,92.434979,1000,898468,3,1.000000,1.000000,0,2534,0,16678,0
1464,defense_vs_attack,420.000000,460.000000,0.001080,55.555556,0.024074,18,10,5400,10,18,44.444444,165.673333,1000,894636,3,0.000000,0.857143,1,2565,0,22966,0
1459,baseline,120.000000,160.000000,0.001944,100.000000,0.036558,18,18,9720,18,18,0.000000,29.209053,1000,283912,7,1.000000,1.000000,0,1731,0,6448,0
1459,attack_only,220.000000,260.000000,0.000000,0.000000,0.000000,18,0,0,0,18,100.000000,0.000000,1000,299952,7,1.000000,1.000000,0,1692,0,10632,0
1459,defense_only,320.000000,360.000000,0.001944,100.000000,0.021601,18,18,9720,18,18,0.000000,115.226749,1000,1120004,7,1.000000,1.000000,0,2536,0,16624,0
1459,defense_vs_attack,420.000000,460.000000,0.001728,88.888889,0.026719,18,16,8640,16,18,11.111111,126.034259,1000,1088936,7,0.000000,0.816327,1,2490,0,22718,0
1477,baseline,120.000000,160.000000,0.001944,100.000000,0.032101,18,18,9720,18,18,0.000000,32.275309,1000,313716,6,1.000000,1.000000,0,1826,0,6781,0
1477,attack_only,220.000000,260.000000,0.000000,0.000000,0.000000,18,0,0,0,18,100.000000,0.000000,1000,317344,7,1.000000,1.000000,0,1828,0,11310,0
1477,defense_only,320.000000,360.000000,0.001944,100.000000,0.017068,18,18,9720,18,18,0.000000,79.762551,1000,775292,6,1.000000,1.000000,0,2412,0,17060,0
1477,defense_vs_attack,420.000000,460.000000,0.001080,55.555556,0.019875,18,10,5400,10,18,44.444444,144.860741,1000,782248,6,0.000000,0.836735,1,2377,0,22840,0
1475,baseline,120.000000,160.000000,0.001944,100.000000,0.032360,18,18,9720,18,18,0.000000,31.374897,1000,304964,6,1.000000,1.000000,0,1757,0,6703,0
1475,attack_only,220.000000,260.000000,0.001944,100.000000,0.012649,18,18,9720,18,18,0.000000,31.413580,1000,305340,6,1.000000,1.000000,0,1777,0,10979,0
1475,defense_only,320.000000,360.000000,0.001944,100.000000,0.029553,18,18,9720,18,18,0.000000,98.841564,1000,960740,6,1.000000,1.000000,0,2513,0,16967,0
1475,defense_vs_attack,420.000000,460.000000,0.001080,55.555556,0.016943,18,10,5400,10,18,44.444444,174.473333,1000,942156,6,0.000000,0.857143,1,2587,0,23189,0
1478,baseline,120.000000,160.000000,0.001944,100.000000,0.020745,18,18,9720,18,18,0.000000,25.080247,1000,243780,4,1.000000,1.000000,0,1673,0,6230,0
1478,attack_only,220.000000,260.000000,0.000000,0.000000,0.000000,18,0,0,0,18,100.000000,0.000000,1000,229104,4,1.000000,1.000000,0,1555,0,10055,0
1478,defense_only,320.000000,360.000000,0.001944,100.000000,0.011268,18,18,9720,18,18,0.000000,91.278601,1000,887228,4,1.000000,1.000000,0,2530,0,15964,0
1478,defense_vs_attack,420.000000,460.000000,0.001188,61.111111,0.014397,18,11,5940,11,18,38.888889,156.793939,1000,931356,4,0.000000,0.816327,1,2389,0,21852,0
1480,baseline,120.000000,160.000000,0.001944,100.000000,0.026213,18,18,9720,18,18,0.000000,34.351029,1000,333892,5,1.000000,1.000000,0,2041,0,7524,0
1480,attack_only,220.000000,260.000000,0.001944,100.000000,0.016258,18,18,9720,18,18,0.000000,34.769547,1000,337960,5,1.000000,1.000000,0,2003,0,12374,0
1480,defense_only,320.000000,360.000000,0.001944,100.000000,0.021512,18,18,9720,18,18,0.000000,91.444033,1000,888836,5,1.000000,1.000000,0,2535,0,18602,0
1480,defense_vs_attack,420.000000,460.000000,0.001944,100.000000,0.014932,18,18,9720,18,18,0.000000,90.983539,1000,884360,5,0.000000,0.918367,1,2784,0,25247,0
1483,baseline,120.000000,160.000000,0.001944,100.000000,0.038492,18,18,9720,18,18,0.000000,37.836214,1000,367768,7,1.000000,1.000000,0,2079,0,7756,0
1483,attack_only,220.000000,260.000000,0.000000,0.000000,0.000000,18,0,0,0,18,100.000000,0.000000,1000,379292,7,1.000000,1.000000,0,2087,0,12771,0
1483,defense_only,320.000000,360.000000,0.001944,100.000000,0.027013,18,18,9720,18,18,0.000000,84.722634,1000,823504,7,1.000000,1.000000,0,2658,0,19104,0
1483,defense_vs_attack,420.000000,460.000000,0.001728,88.888889,0.042322,18,16,8640,16,18,11.111111,95.172685,1000,822292,8,0.000000,0.877551,1,2640,0,25563,0
1481,baseline,120.000000,160.000000,0.001944,100.000000,0.036583,18,18,9720,18,18,0.000000,32.403292,1000,314960,7,1.000000,1.000000,0,1820,0,6660,0
1481,attack_only,220.000000,260.000000,0.000000,0.000000,0.000000,18,0,0,0,18,100.000000,0.000000,1000,317104,7,1.000000,1.000000,0,1692,0,10825,0
1481,defense_only,320.000000,360.000000,0.001944,100.000000,0.018928,18,18,9720,18,18,0.000000,105.946914,1000,1029804,7,1.000000,1.000000,0,2487,0,16807,0
1481,defense_vs_attack,420.000000,460.000000,0.001296,66.666667,0.032097,18,12,6480,12,18,33.333333,166.666049,1000,1079996,7,0.000000,0.877551,1,2500,0,22894,0
1484,baseline,120.000000,160.000000,0.001944,100.000000,0.020671,18,18,9720,18,18,0.000000,22.035802,1000,214188,4,1.000000,1.000000,0,1533,0,5805,0
1484,attack_only,220.000000,260.000000,0.001944,100.000000,0.007897,18,18,9720,18,18,0.000000,22.220988,1000,215988,4,1.000000,1.000000,0,1537,0,9507,0
1484,defense_only,320.000000,360.000000,0.001944,100.000000,0.018687,18,18,9720,18,18,0.000000,94.665432,1000,920148,4,1.000000,1.000000,0,2430,0,15315,0
1484,defense_vs_attack,420.000000,460.000000,0.001944,100.000000,0.011104,18,18,9720,18,18,0.000000,95.211934,1000,925460,4,0.000000,0.897959,1,2490,0,21270,0
1490,baseline,120.000000,160.000000,0.001944,100.000000,0.015811,18,18,9720,18,18,0.000000,28.276132,1000,274844,3,1.000000,1.000000,0,1812,0,6832,0
1490,attack_only,220.000000,260.000000,0.001944,100.000000,0.005833,18,18,9720,18,18,0.000000,28.038683,1000,272536,3,1.000000,1.000000,0,1822,0,11268,0
1490,defense_only,320.000000,360.000000,0.001944,100.000000,0.015873,18,18,9720,18,18,0.000000,85.448560,1000,830560,3,1.000000,1.000000,0,2450,0,17420,0
1490,defense_vs_attack,420.000000,460.000000,0.001944,100.000000,0.011262,18,18,9720,18,18,0.000000,85.153086,1000,827688,3,0.000000,0.877551,1,2456,0,23654,0
1489,baseline,120.000000,160.000000,0.001944,100.000000,0.015327,18,18,9720,18,18,0.000000,24.969959,1000,242708,3,1.000000,1.000000,0,1608,0,6068,0
1489,attack_only,220.000000,260.000000,0.001944,100.000000,0.005881,18,18,9720,18,18,0.000000,25.436626,1000,247244,3,1.000000,1.000000,0,1607,0,9975,0
1489,defense_only,320.000000,360.000000,0.001944,100.000000,0.010750,18,18,9720,18,18,0.000000,90.390535,1000,878596,3,1.000000,1.000000,0,2361,0,15804,0
1489,defense_vs_attack,420.000000,460.000000,0.001944,100.000000,0.009449,18,18,9720,18,18,0.000000,87.631276,1000,851776,3,0.000000,0.857143,1,2479,0,21841,0
1494,baseline,120.000000,160.000000,0.001944,100.000000,0.020125,18,18,9720,18,18,0.000000,27.482716,1000,267132,4,1.000000,1.000000,0,1651,0,6259,0
1494,attack_only,220.000000,260.000000,0.000000,0.000000,0.000000,18,0,0,0,18,100.000000,0.000000,1000,265824,4,1.000000,1.000000,0,1592,0,10212,0
1494,defense_only,320.000000,360.000000,0.001944,100.000000,0.020326,18,18,9720,18,18,0.000000,102.553498,1000,996820,4,1.000000,1.000000,0,2472,0,16113,0
1494,defense_vs_attack,420.000000,460.000000,0.001080,55.555556,0.024890,18,10,5400,10,18,44.444444,182.368148,1000,984788,5,0.000000,0.795918,2,2452,0,22235,0
1497,baseline,120.000000,160.000000,0.001944,100.000000,0.071157,18,18,9720,18,18,0.000000,29.372428,1000,285500,3,1.000000,1.000000,0,1668,0,6382,0
1497,attack_only,220.000000,260.000000,0.000000,0.000000,0.000000,18,0,0,0,18,100.000000,0.000000,1000,288272,3,1.000000,1.000000,0,1627,0,10460,0
1497,defense_only,320.000000,360.000000,0.001944,100.000000,0.008150,18,18,9720,18,18,0.000000,90.850617,1000,883068,3,1.000000,1.000000,0,2274,0,16014,0
1497,defense_vs_attack,420.000000,460.000000,0.000972,50.000000,0.026770,18,9,4860,9,18,50.000000,188.098765,1000,914160,4,0.000000,0.836735,1,2385,0,21874,0
1501,baseline,120.000000,160.000000,0.001944,100.000000,0.031230,18,18,9720,18,18,0.000000,30.922634,1000,300568,6,1.000000,1.000000,0,1804,0,6759,0
1501,attack_only,220.000000,260.000000,0.001944,100.000000,0.012189,18,18,9720,18,18,0.000000,30.103292,1000,292604,6,1.000000,1.000000,0,1778,0,11079,0
1501,defense_only,320.000000,360.000000,0.001944,100.000000,0.026142,18,18,9720,18,18,0.000000,85.985597,1000,835780,6,1.000000,1.000000,0,2347,0,16792,0
1501,defense_vs_attack,420.000000,460.000000,0.001944,100.000000,0.014797,18,18,9720,18,18,0.000000,88.526337,1000,860476,6,0.000000,0.816327,1,2432,0,22756,0
1502,baseline,120.000000,160.000000,0.001944,100.000000,0.020875,18,18,9720,18,18,0.000000,30.798354,1000,299360,4,1.000000,1.000000,0,1799,0,6850,0
1502,attack_only,220.000000,260.000000,0.001944,100.000000,0.007793,18,18,9720,18,18,0.000000,31.680658,1000,307936,4,1.000000,1.000000,0,1844,0,11371,0
1502,defense_only,320.000000,360.000000,0.001944,100.000000,0.017902,18,18,9720,18,18,0.000000,97.248971,1000,945260,4,1.000000,1.000000,0,2549,0,17694,0
1502,defense_vs_attack,420.000000,460.000000,0.001944,100.000000,0.009797,18,18,9720,18,18,0.000000,97.582305,1000,948500,4,0.000000,0.877551,1,2666,0,24119,0
1503,baseline,120.000000,160.000000,0.001944,100.000000,0.026075,18,18,9720,18,18,0.000000,26.529218,1000,257864,5,1.000000,1.000000,0,1671,0,6264,0
1503,attack_only,220.000000,260.000000,0.001944,100.000000,0.011589,18,18,9720,18,18,0.000000,26.942387,1000,261880,5,1.000000,1.000000,0,1679,0,10330,0
1503,defense_only,320.000000,360.000000,0.001944,100.000000,0.019490,18,18,9720,18,18,0.000000,96.661728,1000,939552,5,1.000000,1.000000,0,2459,0,16090,0
1503,defense_vs_attack,420.000000,460.000000,0.001944,100.000000,0.012955,18,18,9720,18,18,0.000000,93.766667,1000,911412,5,0.000000,0.836735,1,2407,0,21890,0
1505,baseline,120.000000,160.000000,0.001944,100.000000,0.026211,18,18,9720,18,18,0.000000,27.132510,1000,263728,5,1.000000,1.000000,0,1768,0,6634,0
1505,attack_only,220.000000,260.000000,0.001944,100.000000,0.009798,18,18,9720,18,18,0.000000,26.918930,1000,261652,5,1.000000,1.000000,0,1791,0,10964,0
1505,defense_only,320.000000,360.000000,0.001944,100.000000,0.021646,18,18,9720,18,18,0.000000,81.666667,1000,793800,5,1.000000,1.000000,0,2537,0,17202,0
1505,defense_vs_attack,420.000000,460.000000,0.001944,100.000000,0.012618,18,18,9720,18,18,0.000000,85.069959,1000,826880,5,0.000000,0.877551,1,2704,0,23744,0
1509,baseline,120.000000,160.000000,0.001944,100.000000,0.025874,18,18,9720,18,18,0.000000,29.865844,1000,290296,5,1.000000,1.000000,0,1814,0,6851,0
1509,attack_only,220.000000,260.000000,0.000000,0.000000,0.000000,18,0,0,0,18,100.000000,0.000000,1000,302732,5,1.000000,1.000000,0,1803,0,11260,0
1509,defense_only,320.000000,360.000000,0.001944,100.000000,0.018781,18,18,9720,18,18,0.000000,84.746502,1000,823736,5,1.000000,1.000000,0,2483,0,17349,0
1509,defense_vs_attack,420.000000,460.000000,0.001080,55.555556,0.023923,18,10,5400,10,18,44.444444,148.907407,1000,804100,5,0.000000,0.857143,1,2513,0,23476,0
1514,baseline,120.000000,160.000000,0.001944,100.000000,0.036005,18,18,9720,18,18,0.000000,27.467490,1000,266984,7,1.000000,1.000000,0,1836,0,6731,0
1514,attack_only,220.000000,260.000000,0.000000,0.000000,0.000000,18,0,0,0,18,100.000000,0.000000,1000,272344,7,1.000000,1.000000,0,1789,0,11067,0
1514,defense_only,320.000000,360.000000,0.001944,100.000000,0.024643,18,18,9720,18,18,0.000000,77.042798,1000,748856,7,1.000000,1.000000,0,2429,0,17030,0
1514,defense_vs_attack,420.000000,460.000000,0.001296,66.666667,0.043140,18,12,6480,12,18,33.333333,118.712963,1000,769260,10,0.000000,0.918367,2,2643,0,23248,0
1512,baseline,120.000000,160.000000,0.001944,100.000000,0.026725,18,18,9720,18,18,0.000000,29.073663,1000,282596,5,1.000000,1.000000,0,1771,0,6536,0
1512,attack_only,220.000000,260.000000,0.001944,100.000000,0.009843,18,18,9720,18,18,0.000000,29.277366,1000,284576,5,1.000000,1.000000,0,1738,0,10751,0
1512,defense_only,320.000000,360.000000,0.001944,100.000000,0.021847,18,18,9720,18,18,0.000000,100.609877,1000,977928,5,1.000000,1.000000,0,2522,0,16781,0
1512,defense_vs_attack,420.000000,460.000000,0.001836,94.444444,0.018436,18,17,9180,17,18,5.555556,105.565577,1000,969092,5,0.000000,0.877551,1,2655,0,23169,0
1510,baseline,120.000000,160.000000,0.001944,100.000000,0.015295,18,18,9720,18,18,0.000000,31.194239,1000,303208,3,1.000000,1.000000,0,1855,0,7017,0
1510,attack_only,220.000000,260.000000,0.000000,0.000000,0.000000,18,0,0,0,18,100.000000,0.000000,1000,308572,3,1.000000,1.000000,0,1769,0,11401,0
1510,defense_only,320.000000,360.000000,0.001944,100.000000,0.005789,18,18,9720,18,18,0.000000,103.678601,1000,1007756,3,1.000000,1.000000,0,2569,0,17638,0
1510,defense_vs_attack,420.000000,460.000000,0.001512,77.777778,0.015030,18,14,7560,14,18,22.222222,124.334921,1000,939972,3,0.000000,0.836735,1,2446,0,23867,0
1517,baseline,120.000000,160.000000,0.001944,100.000000,0.027464,18,18,9720,18,18,0.000000,29.593004,1000,287644,5,1.000000,1.000000,0,1734,0,6589,0
1517,attack_only,220.000000,260.000000,0.001944,100.000000,0.010312,18,18,9720,18,18,0.000000,29.507407,1000,286812,5,1.000000,1.000000,0,1710,0,10761,0
1517,defense_only,320.000000,360.000000,0.001944,100.000000,0.021190,18,18,9720,18,18,0.000000,90.192181,1000,876668,5,1.000000,1.000000,0,2463,0,16681,0
1517,defense_vs_attack,420.000000,460.000000,0.001944,100.000000,0.012525,18,18,9720,18,18,0.000000,88.762963,1000,862776,5,0.000000,0.897959,1,2553,0,22811,0
1518,baseline,120.000000,160.000000,0.001944,100.000000,0.031295,18,18,9720,18,18,0.000000,29.904938,1000,290676,6,1.000000,1.000000,0,1768,0,6511,0
1518,attack_only,220.000000,260.000000,0.001944,100.000000,0.022937,18,18,9720,18,18,0.000000,29.889300,1000,290524,6,1.000000,1.000000,0,1747,0,10671,0
1518,defense_only,320.000000,360.000000,0.001944,100.000000,0.019376,18,18,9720,18,18,0.000000,105.598765,1000,1026420,6,1.000000,1.000000,0,2621,0,16832,0
1518,defense_vs_attack,420.000000,460.000000,0.001944,100.000000,0.013987,18,18,9720,18,18,0.000000,104.191358,1000,1012740,6,0.000000,0.857143,1,2550,0,23026,0
1526,baseline,120.000000,160.000000,0.001944,100.000000,0.020156,18,18,9720,18,18,0.000000,26.560082,1000,258164,4,1.000000,1.000000,0,1693,0,6440,0
1526,attack_only,220.000000,260.000000,0.001944,100.000000,0.008098,18,18,9720,18,18,0.000000,25.517284,1000,248028,4,1.000000,1.000000,0,1641,0,10416,0
1526,defense_only,320.000000,360.000000,0.001944,100.000000,0.017476,18,18,9720,18,18,0.000000,88.532922,1000,860540,4,1.000000,1.000000,0,2512,0,16451,0
1526,defense_vs_attack,420.000000,460.000000,0.001944,100.000000,0.009498,18,18,9720,18,18,0.000000,71.603704,1000,695988,4,0.000000,0.857143,2,2330,0,22377,0
1531,baseline,120.000000,160.000000,0.001944,100.000000,0.025591,18,18,9720,18,18,0.000000,24.975720,1000,242764,5,1.000000,1.000000,0,1657,0,6197,0
1531,attack_only,220.000000,260.000000,0.000000,0.000000,0.000000,18,0,0,0,18,100.000000,0.000000,1000,245900,5,1.000000,1.000000,0,1635,0,10170,0
1531,defense_only,320.000000,360.000000,0.001944,100.000000,0.017007,18,18,9720,18,18,0.000000,96.346091,1000,936484,5,1.000000,1.000000,0,2476,0,16203,0
1531,defense_vs_attack,420.000000,460.000000,0.000000,0.000000,0.000000,0,0,0,0,18,100.000000,0.000000,1000,544300,0,0.000000,0.959184,1,2123,0,21897,0
1522,baseline,120.000000,160.000000,0.001944,100.000000,0.031905,18,18,9720,18,18,0.000000,24.104115,1000,234292,6,1.000000,1.000000,0,1635,0,6076,0
1522,attack_only,220.000000,260.000000,0.001944,100.000000,0.011924,18,18,9720,18,18,0.000000,25.611523,1000,248944,6,1.000000,1.000000,0,1664,0,10010,0
1522,defense_only,320.000000,360.000000,0.001944,100.000000,0.027252,18,18,9720,18,18,0.000000,107.241564,1000,1042388,6,1.000000,1.000000,0,2471,0,15801,0
1522,defense_vs_attack,420.000000,460.000000,0.001944,100.000000,0.014623,18,18,9720,18,18,0.000000,105.546914,1000,1025916,6,0.000000,0.816327,1,2390,0,21682,0
1533,baseline,120.000000,160.000000,0.001944,100.000000,0.030565,18,18,9720,18,18,0.000000,36.582716,1000,355584,6,1.000000,1.000000,0,1971,0,7373,0
1533,attack_only,220.000000,260.000000,0.001944,100.000000,0.012298,18,18,9720,18,18,0.000000,36.775720,1000,357460,6,1.000000,1.000000,0,1958,0,12122,0
1533,defense_only,320.000000,360.000000,0.001944,100.000000,0.026582,18,18,9720,18,18,0.000000,101.968313,1000,991132,6,1.000000,1.000000,0,2615,0,18238,0
1533,defense_vs_attack,420.000000,460.000000,0.001944,100.000000,0.015374,18,18,9720,18,18,0.000000,101.134156,1000,983024,6,0.000000,0.918367,1,2599,0,24590,0
1537,baseline,120.000000,160.000000,0.001944,100.000000,0.036741,18,18,9720,18,18,0.000000,25.656379,1000,249380,7,1.000000,1.000000,0,1796,0,6594,0
1537,attack_only,220.000000,260.000000,0.001944,100.000000,0.014511,18,18,9720,18,18,0.000000,25.438683,1000,247264,7,1.000000,1.000000,0,1768,0,10788,0
1537,defense_only,320.000000,360.000000,0.001944,100.000000,0.028172,18,18,9720,18,18,0.000000,81.035391,1000,787664,7,1.000000,1.000000,0,2543,0,17076,0
1537,defense_vs_attack,420.000000,460.000000,0.001728,88.888889,0.020014,18,16,8640,16,18,11.111111,91.756481,1000,792776,7,0.000000,0.877551,1,2594,0,23524,0
1538,baseline,120.000000,160.000000,0.001944,100.000000,0.025506,18,18,9720,18,18,0.000000,30.048971,1000,292076,5,1.000000,1.000000,0,1728,0,6433,0
1538,attack_only,220.000000,260.000000,0.000000,0.000000,0.000000,18,0,0,0,18,100.000000,0.000000,1000,286420,5,1.000000,1.000000,0,1638,0,10473,0
1538,defense_only,320.000000,360.000000,0.001944,100.000000,0.026070,18,18,9720,18,18,0.000000,91.365021,1000,888068,5,1.000000,1.000000,0,2284,0,16053,0
1538,defense_vs_attack,420.000000,460.000000,0.001512,77.777778,0.011693,18,14,7560,14,18,22.222222,121.581481,1000,919156,5,0.000000,0.693878,1,2352,0,21781,0
1544,baseline,120.000000,160.000000,0.001944,100.000000,0.047676,18,18,9720,18,18,0.000000,30.108642,1000,292656,9,1.000000,1.000000,0,1959,0,7069,0
1544,attack_only,220.000000,260.000000,0.001944,100.000000,0.018896,18,18,9720,18,18,0.000000,30.658025,1000,297996,9,1.000000,1.000000,0,1985,0,11720,0
1544,defense_only,320.000000,360.000000,0.001944,100.000000,0.038657,18,18,9720,18,18,0.000000,79.911111,1000,776736,9,1.000000,1.000000,0,2609,0,17929,0
1544,defense_vs_attack,420.000000,460.000000,0.001296,66.666667,0.025875,18,12,6480,12,18,33.333333,115.884568,1000,750932,9,0.000000,0.938776,1,2677,0,24261,0
1549,baseline,120.000000,160.000000,0.001944,100.000000,0.015330,18,18,9720,18,18,0.000000,25.427984,1000,247160,3,1.000000,1.000000,0,1636,0,6196,0
1549,attack_only,220.000000,260.000000,0.001944,100.000000,0.005828,18,18,9720,18,18,0.000000,25.732099,1000,250116,3,1.000000,1.000000,0,1642,0,10162,0
1549,defense_only,320.000000,360.000000,0.001944,100.000000,0.013143,18,18,9720,18,18,0.000000,85.044033,1000,826628,3,1.000000,1.000000,0,2458,0,16177,0
1549,defense_vs_attack,420.000000,460.000000,0.001944,100.000000,0.007230,18,18,9720,18,18,0.000000,85.888477,1000,834836,3,0.000000,0.877551,1,2572,0,22455,0
1553,baseline,120.000000,160.000000,0.001620,83.333333,0.031443,18,15,8100,15,18,16.666667,25.931852,1000,210048,6,1.000000,1.000000,0,1669,0,6205,0
1553,attack_only,220.000000,260.000000,0.000000,0.000000,0.000000,18,0,0,0,18,100.000000,0.000000,1000,185788,6,1.000000,1.000000,0,1548,0,10017,0
1553,defense_only,320.000000,360.000000,0.001944,100.000000,0.017935,18,18,9720,18,18,0.000000,78.095062,1000,759084,6,1.000000,1.000000,0,2656,0,16458,0
1553,defense_vs_attack,420.000000,460.000000,0.001188,61.111111,0.024255,18,11,5940,11,18,38.888889,134.488889,1000,798864,6,0.000000,0.897959,1,2661,0,22975,0
1559,baseline,120.000000,160.000000,0.001944,100.000000,0.026013,18,18,9720,18,18,0.000000,20.779012,1000,201972,5,1.000000,1.000000,0,1553,0,5745,0
1559,attack_only,220.000000,260.000000,0.001944,100.000000,0.010194,18,18,9720,18,18,0.000000,20.260905,1000,196936,5,1.000000,1.000000,0,1470,0,9338,0
1559,defense_only,320.000000,360.000000,0.001944,100.000000,0.021315,18,18,9720,18,18,0.000000,86.714815,1000,842868,5,1.000000,1.000000,0,2492,0,15380,0
1559,defense_vs_attack,420.000000,460.000000,0.001944,100.000000,0.012568,18,18,9720,18,18,0.000000,67.544444,1000,656532,5,0.000000,0.775510,2,2341,0,21265,0
1555,baseline,120.000000,160.000000,0.001944,100.000000,0.026012,18,18,9720,18,18,0.000000,32.197119,1000,312956,5,1.000000,1.000000,0,1813,0,6729,0
1555,attack_only,220.000000,260.000000,0.001944,100.000000,0.010435,18,18,9720,18,18,0.000000,32.102469,1000,312036,5,1.000000,1.000000,0,1774,0,11090,0
1555,defense_only,320.000000,360.000000,0.001944,100.000000,0.021585,18,18,9720,18,18,0.000000,106.479012,1000,1034976,5,1.000000,1.000000,0,2449,0,16886,0
1555,defense_vs_attack,420.000000,460.000000,0.001728,88.888889,0.013498,18,16,8640,16,18,11.111111,116.811574,1000,1009252,5,0.000000,0.857143,1,2384,0,22792,0
1563,baseline,120.000000,160.000000,0.001944,100.000000,0.019817,18,18,9720,18,18,0.000000,28.436626,1000,276404,4,1.000000,1.000000,0,1707,0,6486,0
1563,attack_only,220.000000,260.000000,0.001944,100.000000,0.014355,18,18,9720,18,18,0.000000,28.178601,1000,273896,4,1.000000,1.000000,0,1675,0,10602,0
1563,defense_only,320.000000,360.000000,0.001944,100.000000,0.012539,18,18,9720,18,18,0.000000,76.221811,1000,740876,4,1.000000,1.000000,0,2420,0,16370,0
1563,defense_vs_attack,420.000000,460.000000,0.001512,77.777778,0.088202,18,14,7560,14,18,22.222222,103.017989,1000,778816,4,0.000000,0.857143,4,2566,0,22406,0
1562,baseline,120.000000,160.000000,0.001944,100.000000,0.025924,18,18,9720,18,18,0.000000,23.737037,1000,230724,5,1.000000,1.000000,0,1654,0,6174,0
1562,attack_only,220.000000,260.000000,0.000000,0.000000,0.000000,18,0,0,0,18,100.000000,0.000000,1000,225580,5,1.000000,1.000000,0,1523,0,10040,0
1562,defense_only,320.000000,360.000000,0.001944,100.000000,0.014689,18,18,9720,18,18,0.000000,90.267078,1000,877396,5,1.000000,1.000000,0,2559,0,16122,0
1562,defense_vs_attack,420.000000,460.000000,0.000540,27.777778,0.102943,18,5,2700,5,18,72.222222,314.964444,1000,850404,0,0.000000,0.857143,1,2744,0,22527,0
1565,baseline,120.000000,160.000000,0.001944,100.000000,0.025940,18,18,9720,18,18,0.000000,25.466255,1000,247532,5,1.000000,1.000000,0,1722,0,6513,0
1565,attack_only,220.000000,260.000000,0.001944,100.000000,0.010172,18,18,9720,18,18,0.000000,25.963374,1000,252364,5,1.000000,1.000000,0,1701,0,10720,0
1565,defense_only,320.000000,360.000000,0.001944,100.000000,0.023969,18,18,9720,18,18,0.000000,82.766667,1000,804492,5,1.000000,1.000000,0,2611,0,16914,0
1565,defense_vs_attack,420.000000,460.000000,0.001944,100.000000,0.011634,18,18,9720,18,18,0.000000,82.341152,1000,800356,5,0.000000,0.918367,1,2582,0,23180,0
1567,baseline,120.000000,160.000000,0.001944,100.000000,0.021726,18,18,9720,18,18,0.000000,22.609053,1000,219760,4,1.000000,1.000000,0,1625,0,6144,0
1567,attack_only,220.000000,260.000000,0.001944,100.000000,0.008595,18,18,9720,18,18,0.000000,22.102058,1000,214832,4,1.000000,1.000000,0,1581,0,10043,0
1567,defense_only,320.000000,360.000000,0.001944,100.000000,0.017656,18,18,9720,18,18,0.000000,79.994650,1000,777548,4,1.000000,1.000000,0,2526,0,16256,0
1567,defense_vs_attack,420.000000,460.000000,0.001296,66.666667,0.014822,18,12,6480,12,18,33.333333,122.468519,1000,793596,4,0.000000,0.897959,1,2561,0,22620,0
1568,baseline,120.000000,160.000000,0.001944,100.000000,0.036082,18,18,9720,18,18,0.000000,28.232099,1000,274416,7,1.000000,1.000000,0,1853,0,6736,0
1568,attack_only,220.000000,260.000000,0.001944,100.000000,0.014017,18,18,9720,18,18,0.000000,28.670782,1000,278680,7,1.000000,1.000000,0,1818,0,11032,0
1568,defense_only,320.000000,360.000000,0.001944,100.000000,0.031462,18,18,9720,18,18,0.000000,87.348560,1000,849028,7,1.000000,1.000000,0,2588,0,17182,0
1568,defense_vs_attack,420.000000,460.000000,0.001944,100.000000,0.018932,18,18,9720,18,18,0.000000,82.721811,1000,804056,7,0.000000,0.877551,3,2637,0,23498,0
1571,baseline,120.000000,160.000000,0.001944,100.000000,0.014910,18,18,9720,18,18,0.000000,28.528807,1000,277300,3,1.000000,1.000000,0,1753,0,6577,0
1571,attack_only,220.000000,260.000000,0.001944,100.000000,0.010352,18,18,9720,18,18,0.000000,29.262140,1000,284428,3,1.000000,1.000000,0,1774,0,10867,0
1571,defense_only,320.000000,360.000000,0.001944,100.000000,0.013513,18,18,9720,18,18,0.000000,86.376955,1000,839584,3,1.000000,1.000000,0,2435,0,16717,0
1571,defense_vs_attack,420.000000,460.000000,0.001944,100.000000,0.006161,18,18,9720,18,18,0.000000,89.639506,1000,871296,3,0.000000,0.795918,1,2502,0,22818,0
1570,baseline,120.000000,160.000000,0.001944,100.000000,0.015545,18,18,9720,18,18,0.000000,33.438272,1000,325020,3,1.000000,1.000000,0,1807,0,6908,0
1570,attack_only,220.000000,260.000000,0.001944,100.000000,0.005900,18,18,9720,18,18,0.000000,34.458848,1000,334940,3,1.000000,1.000000,0,1869,0,11395,0
1570,defense_only,320.000000,360.000000,0.001944,100.000000,0.012911,18,18,9720,18,18,0.000000,93.343621,1000,907300,3,1.000000,1.000000,0,2525,0,17542,0
1570,defense_vs_attack,420.000000,460.000000,0.001944,100.000000,0.008644,18,18,9720,18,18,0.000000,90.516049,1000,879816,3,0.000000,0.857143,1,2615,0,23840,0
1578,baseline,120.000000,160.000000,0.001944,100.000000,0.020580,18,18,9720,18,18,0.000000,27.036626,1000,262796,4,1.000000,1.000000,0,1720,0,6505,0
1578,attack_only,220.000000,260.000000,0.000000,0.000000,0.000000,18,0,0,0,18,100.000000,0.000000,1000,264704,4,1.000000,1.000000,0,1701,0,10658,0
1578,defense_only,320.000000,360.000000,0.001944,100.000000,0.015173,18,18,9720,18,18,0.000000,91.420988,1000,888612,4,1.000000,1.000000,0,2471,0,16513,0
1578,defense_vs_attack,420.000000,460.000000,0.001188,61.111111,0.044777,18,11,5940,11,18,38.888889,137.078788,1000,814248,5,0.000000,0.857143,1,2655,0,22764,0
1580,baseline,120.000000,160.000000,0.001944,100.000000,0.032365,18,18,9720,18,18,0.000000,28.213580,1000,274236,6,1.000000,1.000000,0,1724,0,6463,0
1580,attack_only,220.000000,260.000000,0.000000,0.000000,0.000000,18,0,0,0,18,100.000000,0.000000,1000,273336,6,1.000000,1.000000,0,1661,0,10606,0
1580,defense_only,320.000000,360.000000,0.001944,100.000000,0.027266,18,18,9720,18,18,0.000000,85.564609,1000,831688,6,1.000000,1.000000,0,2495,0,16614,0
1580,defense_vs_attack,420.000000,460.000000,0.001296,66.666667,0.016240,18,12,6480,12,18,33.333333,124.405556,1000,806148,6,0.000000,0.816327,1,2437,0,22689,0
1583,baseline,120.000000,160.000000,0.001944,100.000000,0.020067,18,18,9720,18,18,0.000000,35.979424,1000,349720,4,1.000000,1.000000,0,1908,0,7139,0
1583,attack_only,220.000000,260.000000,0.001944,100.000000,0.008103,18,18,9720,18,18,0.000000,35.402469,1000,344112,4,1.000000,1.000000,0,1894,0,11747,0
1583,defense_only,320.000000,360.000000,0.001944,100.000000,0.017955,18,18,9720,18,18,0.000000,96.357202,1000,936592,4,1.000000,1.000000,0,2495,0,17731,0
1583,defense_vs_attack,420.000000,460.000000,0.001944,100.000000,0.009609,18,18,9720,18,18,0.000000,94.848971,1000,921932,4,0.000000,0.816327,1,2481,0,23836,0
1586,baseline,120.000000,160.000000,0.001944,100.000000,0.021009,18,18,9720,18,18,0.000000,35.060082,1000,340784,4,1.000000,1.000000,0,1852,0,7036,0
1586,attack_only,220.000000,260.000000,0.001944,100.000000,0.007860,18,18,9720,18,18,0.000000,34.886008,1000,339092,4,1.000000,1.000000,0,1832,0,11543,0
1586,defense_only,320.000000,360.000000,0.001944,100.000000,0.017213,18,18,9720,18,18,0.000000,90.614403,1000,880772,4,1.000000,1.000000,0,2456,0,17421,0
1586,defense_vs_attack,420.000000,460.000000,0.001836,94.444444,0.018779,18,17,9180,17,18,5.555556,98.609586,1000,905236,4,0.000000,0.816327,2,2595,0,23653,0
1590,baseline,120.000000,160.000000,0.001944,100.000000,0.016000,18,18,9720,18,18,0.000000,29.889300,1000,290524,3,1.000000,1.000000,0,1747,0,6685,0
1590,attack_only,220.000000,260.000000,0.001944,100.000000,0.005788,18,18,9720,18,18,0.000000,30.230041,1000,293836,3,1.000000,1.000000,0,1768,0,11035,0
1590,defense_only,320.000000,360.000000,0.001944,100.000000,0.012811,18,18,9720,18,18,0.000000,90.873663,1000,883292,3,1.000000,1.000000,0,2461,0,17043,0
1590,defense_vs_attack,420.000000,460.000000,0.001944,100.000000,0.007065,18,18,9720,18,18,0.000000,90.777778,1000,882360,3,0.000000,0.897959,1,2663,0,23406,0
1589,baseline,120.000000,160.000000,0.001944,100.000000,0.031989,18,18,9720,18,18,0.000000,32.107819,1000,312088,6,1.000000,1.000000,0,1896,0,6997,0
1589,attack_only,220.000000,260.000000,0.001944,100.000000,0.024498,18,18,9720,18,18,0.000000,31.874074,1000,309816,6,1.000000,1.000000,0,1874,0,11582,0
1589,defense_only,320.000000,360.000000,0.001944,100.000000,0.021972,18,18,9720,18,18,0.000000,89.587654,1000,870792,6,1.000000,1.000000,0,2591,0,17801,0
1589,defense_vs_attack,420.000000,460.000000,0.001404,72.222222,0.016703,18,13,7020,13,18,27.777778,124.305983,1000,872628,6,0.000000,0.877551,1,2529,0,23953,0
1591,baseline,120.000000,160.000000,0.001944,100.000000,0.047065,18,18,9720,18,18,0.000000,30.393416,1000,295424,9,1.000000,1.000000,0,1946,0,6920,0
1591,attack_only,220.000000,260.000000,0.001944,100.000000,0.018428,18,18,9720,18,18,0.000000,31.260082,1000,303848,9,1.000000,1.000000,0,1873,0,11379,0
1591,defense_only,320.000000,360.000000,0.001944,100.000000,0.041062,18,18,9720,18,18,0.000000,82.960494,1000,806376,9,1.000000,1.000000,0,2569,0,17388,0
1591,defense_vs_attack,420.000000,460.000000,0.001836,94.444444,0.022757,18,17,9180,17,18,5.555556,86.602614,1000,795012,9,0.000000,0.857143,1,2559,0,23454,0
1599,baseline,120.000000,160.000000,0.001944,100.000000,0.015879,18,18,9720,18,18,0.000000,22.264198,1000,216408,3,1.000000,1.000000,0,1494,0,5706,0
1599,attack_only,220.000000,260.000000,0.001944,100.000000,0.005789,18,18,9720,18,18,0.000000,22.447737,1000,218192,3,1.000000,1.000000,0,1492,0,9311,0
1599,defense_only,320.000000,360.000000,0.001944,100.000000,0.012812,18,18,9720,18,18,0.000000,90.585185,1000,880488,3,1.000000,1.000000,0,2353,0,15034,0
1599,defense_vs_attack,420.000000,460.000000,0.001944,100.000000,0.007159,18,18,9720,18,18,0.000000,80.004115,1000,777640,3,0.000000,0.816327,1,2246,0,20640,0
1601,baseline,120.000000,160.000000,0.001944,100.000000,0.015322,18,18,9720,18,18,0.000000,25.163374,1000,244588,3,1.000000,1.000000,0,1713,0,6366,0
1601,attack_only,220.000000,260.000000,0.000000,0.000000,0.000000,18,0,0,0,18,100.000000,0.000000,1000,243908,4,1.000000,1.000000,0,1664,0,10496,0
1601,defense_only,320.000000,360.000000,0.001944,100.000000,0.008616,18,18,9720,18,18,0.000000,84.353086,1000,819912,3,1.000000,1.000000,0,2540,0,16561,0
1601,defense_vs_attack,420.000000,460.000000,0.001080,55.555556,0.010558,18,10,5400,10,18,44.444444,155.787407,1000,841252,3,0.000000,0.816327,1,2473,0,22620,0
1600,baseline,120.000000,160.000000,0.001944,100.000000,0.020381,18,18,9720,18,18,0.000000,34.039506,1000,330864,4,1.000000,1.000000,0,1865,0,6926,0
1600,attack_only,220.000000,260.000000,0.001944,100.000000,0.008044,18,18,9720,18,18,0.000000,35.962551,1000,349556,4,1.000000,1.000000,0,1838,0,11391,0
1600,defense_only,320.000000,360.000000,0.001944,100.000000,0.018256,18,18,9720,18,18,0.000000,91.807819,1000,892372,4,1.000000,1.000000,0,2459,0,17270,0
1600,defense_vs_attack,420.000000,460.000000,0.001944,100.000000,0.009741,18,18,9720,18,18,0.000000,92.110700,1000,895316,4,0.000000,0.877551,1,2501,0,23305,0
1595,baseline,120.000000,160.000000,0.001944,100.000000,0.020946,18,18,9720,18,18,0.000000,29.937449,1000,290992,4,1.000000,1.000000,0,1698,0,6375,0
1595,attack_only,220.000000,260.000000,0.001944,100.000000,0.007887,18,18,9720,18,18,0.000000,30.319342,1000,294704,4,1.000000,1.000000,0,1731,0,10528,0
1595,defense_only,320.000000,360.000000,0.001944,100.000000,0.017528,18,18,9720,18,18,0.000000,111.746502,1000,1086176,4,1.000000,1.000000,0,2508,0,16700,0
1595,defense_vs_attack,420.000000,460.000000,0.001944,100.000000,0.015815,18,18,9720,18,18,0.000000,111.569959,1000,1084460,4,0.000000,0.816327,1,2587,0,23017,0
1602,baseline,120.000000,160.000000,0.001944,100.000000,0.020733,18,18,9720,18,18,0.000000,28.326337,1000,275332,4,1.000000,1.000000,0,1695,0,6352,0
1602,attack_only,220.000000,260.000000,0.001944,100.000000,0.008071,18,18,9720,18,18,0.000000,27.988066,1000,272044,4,1.000000,1.000000,0,1666,0,10387,0
1602,defense_only,320.000000,360.000000,0.001944,100.000000,0.018653,18,18,9720,18,18,0.000000,106.247325,1000,1032724,4,1.000000,1.000000,0,2371,0,16115,0
1602,defense_vs_attack,420.000000,460.000000,0.001944,100.000000,0.009891,18,18,9720,18,18,0.000000,107.552675,1000,1045412,4,0.000000,0.877551,1,2369,0,21962,0
1607,baseline,120.000000,160.000000,0.001944,100.000000,0.025957,18,18,9720,18,18,0.000000,27.284774,1000,265208,5,1.000000,1.000000,0,1666,0,6225,0
1607,attack_only,220.000000,260.000000,0.001944,100.000000,0.010074,18,18,9720,18,18,0.000000,27.785597,1000,270076,5,1.000000,1.000000,0,1683,0,10304,0
1607,defense_only,320.000000,360.000000,0.001944,100.000000,0.022487,18,18,9720,18,18,0.000000,95.616872,1000,929396,5,1.000000,1.000000,0,2548,0,16350,0
1607,defense_vs_attack,420.000000,460.000000,0.001944,100.000000,0.012713,18,18,9720,18,18,0.000000,94.279424,1000,916396,5,0.000000,0.877551,1,2470,0,22390,0
1612,baseline,120.000000,160.000000,0.001944,100.000000,0.015658,18,18,9720,18,18,0.000000,29.037037,1000,282240,3,1.000000,1.000000,0,1730,0,6535,0
1612,attack_only,220.000000,260.000000,0.001944,100.000000,0.005790,18,18,9720,18,18,0.000000,28.611111,1000,278100,3,1.000000,1.000000,0,1692,0,10762,0
1612,defense_only,320.000000,360.000000,0.001944,100.000000,0.013228,18,18,9720,18,18,0.000000,84.160905,1000,818044,3,1.000000,1.000000,0,2471,0,16726,0
1612,defense_vs_attack,420.000000,460.000000,0.001944,100.000000,0.007625,18,18,9720,18,18,0.000000,87.205350,1000,847636,3,0.000000,0.918367,1,2476,0,22820,0
1617,baseline,120.000000,160.000000,0.001944,100.000000,0.026079,18,18,9720,18,18,0.000000,30.819342,1000,299564,5,1.000000,1.000000,0,1780,0,6657,0
1617,attack_only,220.000000,260.000000,0.000000,0.000000,0.000000,18,0,0,0,18,100.000000,0.000000,1000,305052,5,1.000000,1.000000,0,1801,0,11019,0
1617,defense_only,320.000000,360.000000,0.001944,100.000000,0.022414,18,18,9720,18,18,0.000000,89.869547,1000,873532,5,1.000000,1.000000,0,2436,0,16801,0
1617,defense_vs_attack,420.000000,460.000000,0.001512,77.777778,0.021395,18,14,7560,14,18,22.222222,111.298413,1000,841416,5,0.000000,0.857143,1,2359,0,22621,0
1619,baseline,120.000000,160.000000,0.001944,100.000000,0.020532,18,18,9720,18,18,0.000000,29.920576,1000,290828,4,1.000000,1.000000,0,1835,0,6925,0
1619,attack_only,220.000000,260.000000,0.001944,100.000000,0.007984,18,18,9720,18,18,0.000000,31.017284,1000,301488,4,1.000000,1.000000,0,1838,0,11383,0
1619,defense_only,320.000000,360.000000,0.001944,100.000000,0.017776,18,18,9720,18,18,0.000000,87.402469,1000,849552,4,1.000000,1.000000,0,2571,0,17718,0
1619,defense_vs_attack,420.000000,460.000000,0.001944,100.000000,0.010998,18,18,9720,18,18,0.000000,90.849794,1000,883060,4,0.000000,0.938776,1,2551,0,24045,0
1616,baseline,120.000000,160.000000,0.001944,100.000000,0.014945,18,18,9720,18,18,0.000000,29.943210,1000,291048,3,1.000000,1.000000,0,1767,0,6753,0
1616,attack_only,220.000000,260.000000,0.001944,100.000000,0.005934,18,18,9720,18,18,0.000000,32.281893,1000,313780,3,1.000000,1.000000,0,1851,0,11307,0
1616,defense_only,320.000000,360.000000,0.001944,100.000000,0.012979,18,18,9720,18,18,0.000000,96.847325,1000,941356,3,1.000000,1.000000,0,2481,0,17332,0
1616,defense_vs_attack,420.000000,460.000000,0.001944,100.000000,0.007266,18,18,9720,18,18,0.000000,94.304938,1000,916644,3,0.000000,0.918367,1,2480,0,23484,0
1620,baseline,120.000000,160.000000,0.001944,100.000000,0.020782,18,18,9720,18,18,0.000000,31.795062,1000,309048,4,1.000000,1.000000,0,1873,0,7089,0
1620,attack_only,220.000000,260.000000,0.001944,100.000000,0.008102,18,18,9720,18,18,0.000000,30.806996,1000,299444,4,1.000000,1.000000,0,1854,0,11612,0
1620,defense_only,320.000000,360.000000,0.001944,100.000000,0.017529,18,18,9720,18,18,0.000000,83.423045,1000,810872,4,1.000000,1.000000,0,2517,0,17802,0
1620,defense_vs_attack,420.000000,460.000000,0.001944,100.000000,0.012784,18,18,9720,18,18,0.000000,84.087654,1000,817332,4,0.000000,0.795918,1,2545,0,24049,0
1622,baseline,120.000000,160.000000,0.001944,100.000000,0.020890,18,18,9720,18,18,0.000000,23.506996,1000,228488,4,1.000000,1.000000,0,1677,0,6351,0
1622,attack_only,220.000000,260.000000,0.001944,100.000000,0.007872,18,18,9720,18,18,0.000000,23.425926,1000,227700,4,1.000000,1.000000,0,1643,0,10390,0
1622,defense_only,320.000000,360.000000,0.001944,100.000000,0.017306,18,18,9720,18,18,0.000000,92.669547,1000,900748,4,1.000000,1.000000,0,2613,0,16830,0
1622,defense_vs_attack,420.000000,460.000000,0.001944,100.000000,0.010063,18,18,9720,18,18,0.000000,91.872840,1000,893004,4,0.000000,0.897959,1,2656,0,23576,0
1621,baseline,120.000000,160.000000,0.001944,100.000000,0.027070,18,18,9720,18,18,0.000000,23.740329,1000,230756,5,1.000000,1.000000,0,1604,0,5957,0
1621,attack_only,220.000000,260.000000,0.001944,100.000000,0.011847,18,18,9720,18,18,0.000000,23.534156,1000,228752,5,1.000000,1.000000,0,1548,0,9736,0
1621,defense_only,320.000000,360.000000,0.001944,100.000000,0.020440,18,18,9720,18,18,0.000000,92.172428,1000,895916,5,1.000000,1.000000,0,2510,0,15745,0
1621,defense_vs_attack,420.000000,460.000000,0.001296,66.666667,0.015904,18,12,6480,12,18,33.333333,143.284568,1000,928484,5,0.000000,0.897959,1,2519,0,21904,0
1623,baseline,120.000000,160.000000,0.001944,100.000000,0.014909,18,18,9720,18,18,0.000000,33.273663,1000,323420,3,1.000000,1.000000,0,1814,0,6925,0
1623,attack_only,220.000000,260.000000,0.001944,100.000000,0.006067,18,18,9720,18,18,0.000000,31.689300,1000,308020,3,1.000000,1.000000,0,1794,0,11321,0
1623,defense_only,320.000000,360.000000,0.001944,100.000000,0.015226,18,18,9720,18,18,0.000000,89.091770,1000,865972,3,1.000000,1.000000,0,2449,0,17216,0
1623,defense_vs_attack,420.000000,460.000000,0.001944,100.000000,0.006143,18,18,9720,18,18,0.000000,89.400823,1000,868976,3,0.000000,0.816327,1,2384,0,23069,0
1631,baseline,120.000000,160.000000,0.001944,100.000000,0.036544,18,18,9720,18,18,0.000000,26.163786,1000,254312,7,1.000000,1.000000,0,1730,0,6304,0
1631,attack_only,220.000000,260.000000,0.000000,0.000000,0.000000,14,0,0,0,18,100.000000,0.000000,1000,220176,8,1.000000,1.000000,0,1585,0,10218,0
1631,defense_only,320.000000,360.000000,0.001944,100.000000,0.022421,18,18,9720,18,18,0.000000,91.242387,1000,886876,7,1.000000,1.000000,0,2536,0,16209,0
1631,defense_vs_attack,420.000000,460.000000,0.001080,55.555556,0.025276,18,10,5400,10,18,44.444444,159.755556,1000,862680,7,0.000000,0.857143,1,2426,0,22342,0
1626,baseline,120.000000,160.000000,0.001944,100.000000,0.025858,18,18,9720,18,18,0.000000,22.628395,1000,219948,5,1.000000,1.000000,0,1593,0,6032,0
1626,attack_only,220.000000,260.000000,0.001944,100.000000,0.010331,18,18,9720,18,18,0.000000,22.909053,1000,222676,5,1.000000,1.000000,0,1625,0,9954,0
1626,defense_only,320.000000,360.000000,0.001944,100.000000,0.022110,18,18,9720,18,18,0.000000,84.709053,1000,823372,5,1.000000,1.000000,0,2573,0,16053,0
1626,defense_vs_attack,420.000000,460.000000,0.001944,100.000000,0.016808,18,18,9720,18,18,0.000000,73.641152,1000,715792,5,0.000000,0.816327,2,2420,0,22078,0
1630,baseline,120.000000,160.000000,0.001944,100.000000,0.016129,18,18,9720,18,18,0.000000,28.749383,1000,279444,3,1.000000,1.000000,0,1782,0,6671,0
1630,attack_only,220.000000,260.000000,0.001944,100.000000,0.006024,18,18,9720,18,18,0.000000,29.104527,1000,282896,3,1.000000,1.000000,0,1776,0,10959,0
1630,defense_only,320.000000,360.000000,0.001944,100.000000,0.016696,18,18,9720,18,18,0.000000,81.322222,1000,790452,3,1.000000,1.000000,0,2422,0,16907,0
1630,defense_vs_attack,420.000000,460.000000,0.001728,88.888889,0.006887,18,16,8640,16,18,11.111111,93.336574,1000,806428,3,0.000000,0.836735,1,2488,0,23067,0
1632,baseline,120.000000,160.000000,0.001944,100.000000,0.036956,18,18,9720,18,18,0.000000,25.513580,1000,247992,7,1.000000,1.000000,0,1720,0,6355,0
1632,attack_only,220.000000,260.000000,0.000000,0.000000,0.000000,18,0,0,0,18,100.000000,0.000000,1000,255884,7,1.000000,1.000000,0,1615,0,10395,0
1632,defense_only,320.000000,360.000000,0.001944,100.000000,0.029877,18,18,9720,18,18,0.000000,91.723868,1000,891556,7,1.000000,1.000000,0,2617,0,16612,0
1632,defense_vs_attack,420.000000,460.000000,0.001728,88.888889,0.048012,18,16,8640,16,18,11.111111,97.802315,1000,845012,9,0.000000,0.897959,1,2752,0,23085,0
1634,baseline,120.000000,160.000000,0.001944,100.000000,0.015171,18,18,9720,18,18,0.000000,26.824691,1000,260736,3,1.000000,1.000000,0,1637,0,6289,0
1634,attack_only,220.000000,260.000000,0.001944,100.000000,0.005789,18,18,9720,18,18,0.000000,26.946091,1000,261916,3,1.000000,1.000000,0,1634,0,10295,0
1634,defense_only,320.000000,360.000000,0.001944,100.000000,0.014958,18,18,9720,18,18,0.000000,88.778601,1000,862928,3,1.000000,1.000000,0,2416,0,16164,0
1634,defense_vs_attack,420.000000,460.000000,0.001944,100.000000,0.006208,18,18,9720,18,18,0.000000,88.737449,1000,862528,3,0.000000,0.897959,1,2461,0,22210,0
1637,baseline,120.000000,160.000000,0.001944,100.000000,0.031001,18,18,9720,18,18,0.000000,29.173663,1000,283568,6,1.000000,1.000000,0,1808,0,6763,0
1637,attack_only,220.000000,260.000000,0.000000,0.000000,0.000000,18,0,0,0,18,100.000000,0.000000,1000,281236,6,1.000000,1.000000,0,1775,0,11106,0
1637,defense_only,320.000000,360.000000,0.001944,100.000000,0.022772,18,18,9720,18,18,0.000000,76.490123,1000,743484,6,1.000000,1.000000,0,2439,0,17062,0
1637,defense_vs_attack,420.000000,460.000000,0.000756,38.888889,0.029450,18,7,3780,7,18,61.111111,221.531217,1000,837388,6,0.000000,0.795918,2,2630,0,23248,0
1643,baseline,120.000000,160.000000,0.001944,100.000000,0.026134,18,18,9720,18,18,0.000000,33.617695,1000,326764,5,1.000000,1.000000,0,1898,0,7098,0
1643,attack_only,220.000000,260.000000,0.001944,100.000000,0.010463,18,18,9720,18,18,0.000000,34.539506,1000,335724,5,1.000000,1.000000,0,1911,0,11722,0
1643,defense_only,320.000000,360.000000,0.001944,100.000000,0.021804,18,18,9720,18,18,0.000000,86.106173,1000,836952,5,1.000000,1.000000,0,2431,0,17618,0
1643,defense_vs_attack,420.000000,460.000000,0.001944,100.000000,0.012311,18,18,9720,18,18,0.000000,88.521811,1000,860432,5,0.000000,0.918367,1,2429,0,23624,0
1642,baseline,120.000000,160.000000,0.001944,100.000000,0.040754,18,18,9720,18,18,0.000000,24.348971,1000,236672,8,1.000000,1.000000,0,1698,0,6223,0
1642,attack_only,220.000000,260.000000,0.001944,100.000000,0.015902,18,18,9720,18,18,0.000000,24.697942,1000,240064,8,1.000000,1.000000,0,1694,0,10210,0
1642,defense_only,320.000000,360.000000,0.001944,100.000000,0.035761,18,18,9720,18,18,0.000000,96.382716,1000,936840,8,1.000000,1.000000,0,2474,0,16254,0
1642,defense_vs_attack,420.000000,460.000000,0.001944,100.000000,0.020762,18,18,9720,18,18,0.000000,97.356379,1000,946304,8,0.000000,0.836735,1,2602,0,22563,0
1647,baseline,120.000000,160.000000,0.001944,100.000000,0.015388,18,18,9720,18,18,0.000000,33.920165,1000,329704,3,1.000000,1.000000,0,1792,0,6900,0
1647,attack_only,220.000000,260.000000,0.001944,100.000000,0.005884,18,18,9720,18,18,0.000000,34.432099,1000,334680,3,1.000000,1.000000,0,1829,0,11365,0
1647,defense_only,320.000000,360.000000,0.001944,100.000000,0.013352,18,18,9720,18,18,0.000000,83.659259,1000,813168,3,1.000000,1.000000,0,2462,0,17371,0
1647,defense_vs_attack,420.000000,460.000000,0.001944,100.000000,0.007374,18,18,9720,18,18,0.000000,84.448971,1000,820844,3,0.000000,0.857143,1,2488,0,23464,0
1644,baseline,120.000000,160.000000,0.001944,100.000000,0.036399,18,18,9720,18,18,0.000000,24.761317,1000,240680,7,1.000000,1.000000,0,1735,0,6304,0
1644,attack_only,220.000000,260.000000,0.001944,100.000000,0.013897,18,18,9720,18,18,0.000000,24.407407,1000,237240,7,1.000000,1.000000,0,1681,0,10321,0
1644,defense_only,320.000000,360.000000,0.001944,100.000000,0.030718,18,18,9720,18,18,0.000000,86.092593,1000,836820,7,1.000000,1.000000,0,2442,0,16241,0
1644,defense_vs_attack,420.000000,460.000000,0.001728,88.888889,0.019962,18,16,8640,16,18,11.111111,106.815741,1000,922888,7,0.000000,0.795918,1,2440,0,22277,0
1645,baseline,120.000000,160.000000,0.001944,100.000000,0.015176,18,18,9720,18,18,0.000000,25.778601,1000,250568,3,1.000000,1.000000,0,1600,0,6094,0
1645,attack_only,220.000000,260.000000,0.001944,100.000000,0.005983,18,18,9720,18,18,0.000000,25.820988,1000,250980,3,1.000000,1.000000,0,1574,0,9980,0
1645,defense_only,320.000000,360.000000,0.001944,100.000000,0.012912,18,18,9720,18,18,0.000000,97.004527,1000,942884,3,1.000000,1.000000,0,2272,0,15550,0
1645,defense_vs_attack,420.000000,460.000000,0.001944,100.000000,0.007475,18,18,9720,18,18,0.000000,95.459671,1000,927868,3,0.000000,0.816327,1,2257,0,21178,0
1649,baseline,120.000000,160.000000,0.001944,100.000000,0.070594,18,18,9720,18,18,0.000000,33.319342,1000,323864,3,1.000000,1.000000,0,1824,0,6924,0
1649,attack_only,220.000000,260.000000,0.000000,0.000000,0.000000,18,0,0,0,18,100.000000,0.000000,1000,316960,3,1.000000,1.000000,0,1776,0,11348,0
1649,defense_only,320.000000,360.000000,0.001944,100.000000,0.005836,18,18,9720,18,18,0.000000,86.718930,1000,842908,3,1.000000,1.000000,0,2479,0,17338,0
1649,defense_vs_attack,420.000000,460.000000,0.001512,77.777778,0.023992,18,14,7560,14,18,22.222222,112.880952,1000,853380,3,0.000000,0.857143,1,2487,0,23433,0
1656,baseline,120.000000,160.000000,0.001944,100.000000,0.020267,18,18,9720,18,18,0.000000,32.479835,1000,315704,4,1.000000,1.000000,0,1879,0,7085,0
1656,attack_only,220.000000,260.000000,0.001944,100.000000,0.007934,18,18,9720,18,18,0.000000,32.083128,1000,311848,4,1.000000,1.000000,0,1884,0,11726,0
1656,defense_only,320.000000,360.000000,0.001944,100.000000,0.017550,18,18,9720,18,18,0.000000,82.652263,1000,803380,4,1.000000,1.000000,0,2524,0,17809,0
1656,defense_vs_attack,420.000000,460.000000,0.001944,100.000000,0.010009,18,18,9720,18,18,0.000000,83.422634,1000,810868,4,0.000000,0.877551,1,2591,0,24050,0
1655,baseline,120.000000,160.000000,0.001944,100.000000,0.025672,18,18,9720,18,18,0.000000,26.451852,1000,257112,5,1.000000,1.000000,0,1656,0,6253,0
1655,attack_only,220.000000,260.000000,0.000000,0.000000,0.000000,18,0,0,0,18,100.000000,0.000000,1000,257732,5,1.000000,1.000000,0,1567,0,10137,0
1655,defense_only,320.000000,360.000000,0.001944,100.000000,0.014463,18,18,9720,18,18,0.000000,94.021811,1000,913892,5,1.000000,1.000000,0,2454,0,16059,0
1655,defense_vs_attack,420.000000,460.000000,0.001404,72.222222,0.098139,18,13,7020,13,18,27.777778,126.086040,1000,885124,5,0.000000,0.816327,1,2442,0,22118,0
1659,baseline,120.000000,160.000000,0.001944,100.000000,0.058368,18,18,9720,18,18,0.000000,24.952675,1000,242540,11,1.000000,1.000000,0,1823,0,6557,0
1659,attack_only,220.000000,260.000000,0.000000,0.000000,0.000000,18,0,0,0,18,100.000000,0.000000,1000,260912,12,1.000000,1.000000,0,1790,0,10867,0
1659,defense_only,320.000000,360.000000,0.001944,100.000000,0.035215,18,18,9720,18,18,0.000000,78.030453,1000,758456,11,1.000000,1.000000,0,2634,0,17097,0
1659,defense_vs_attack,420.000000,460.000000,0.001188,61.111111,0.040103,18,11,5940,11,18,38.888889,126.297643,1000,750208,11,0.000000,0.918367,1,2549,0,23360,0
1660,baseline,120.000000,160.000000,0.001944,100.000000,0.084648,18,18,9720,18,18,0.000000,27.615226,1000,268420,5,1.000000,1.000000,0,1762,0,6553,0
1660,attack_only,220.000000,260.000000,0.000000,0.000000,0.000000,18,0,0,0,18,100.000000,0.000000,1000,270204,5,1.000000,1.000000,0,1658,0,10662,0
1660,defense_only,320.000000,360.000000,0.001944,100.000000,0.017231,18,18,9720,18,18,0.000000,88.799588,1000,863132,5,1.000000,1.000000,0,2419,0,16499,0
1660,defense_vs_attack,420.000000,460.000000,0.001188,61.111111,0.021008,18,11,5940,11,18,38.888889,145.880808,1000,866532,5,0.000000,0.836735,2,2430,0,22510,0
1658,baseline,120.000000,160.000000,0.001944,100.000000,0.020826,18,18,9720,18,18,0.000000,29.651440,1000,288212,4,1.000000,1.000000,0,1686,0,6340,0
1658,attack_only,220.000000,260.000000,0.001944,100.000000,0.008289,18,18,9720,18,18,0.000000,30.535391,1000,296804,4,1.000000,1.000000,0,1675,0,10413,0
1658,defense_only,320.000000,360.000000,0.001944,100.000000,0.017252,18,18,9720,18,18,0.000000,107.092181,1000,1040936,4,1.000000,1.000000,0,2411,0,16237,0
1658,defense_vs_attack,420.000000,460.000000,0.001944,100.000000,0.009516,18,18,9720,18,18,0.000000,107.085597,1000,1040872,4,0.000000,0.857143,1,2412,0,22170,0
1664,baseline,120.000000,160.000000,0.001944,100.000000,0.031467,18,18,9720,18,18,0.000000,33.242798,1000,323120,6,1.000000,1.000000,0,1881,0,6884,0
1664,attack_only,220.000000,260.000000,0.001944,100.000000,0.018895,18,18,9720,18,18,0.000000,32.790535,1000,318724,6,1.000000,1.000000,0,1820,0,11261,0
1664,defense_only,320.000000,360.000000,0.001944,100.000000,0.022346,18,18,9720,18,18,0.000000,107.043621,1000,1040464,6,1.000000,1.000000,0,2427,0,17049,0
1664,defense_vs_attack,420.000000,460.000000,0.001620,83.333333,0.024502,18,15,8100,15,18,16.666667,125.639012,1000,1017676,6,0.000000,0.816327,1,2468,0,22961,0
1667,baseline,120.000000,160.000000,0.001944,100.000000,0.022087,18,18,9720,18,18,0.000000,27.316049,1000,265512,4,1.000000,1.000000,0,1702,0,6450,0
1667,attack_only,220.000000,260.000000,0.001944,100.000000,0.010844,18,18,9720,18,18,0.000000,28.146914,1000,273588,4,1.000000,1.000000,0,1693,0,10585,0
1667,defense_only,320.000000,360.000000,0.001944,100.000000,0.016358,18,18,9720,18,18,0.000000,90.104527,1000,875816,4,1.000000,1.000000,0,2326,0,16315,0
1667,defense_vs_attack,420.000000,460.000000,0.001944,100.000000,0.009246,18,18,9720,18,18,0.000000,95.692593,1000,930132,4,0.000000,0.816327,1,2313,0,22051,0
1669,baseline,120.000000,160.000000,0.001944,100.000000,0.030738,18,18,9720,18,18,0.000000,33.179012,1000,322500,6,1.000000,1.000000,0,1815,0,6758,0
1669,attack_only,220.000000,260.000000,0.000000,0.000000,0.000000,18,0,0,0,18,100.000000,0.000000,1000,318672,6,1.000000,1.000000,0,1774,0,11092,0
1669,defense_only,320.000000,360.000000,0.001944,100.000000,0.023111,18,18,9720,18,18,0.000000,89.788889,1000,872748,6,1.000000,1.000000,0,2465,0,16938,0
1669,defense_vs_attack,420.000000,460.000000,0.001080,55.555556,0.024324,18,10,5400,10,18,44.444444,158.754815,1000,857276,6,0.000000,0.836735,1,2443,0,22830,0
1670,baseline,120.000000,160.000000,0.001944,100.000000,0.026538,18,18,9720,18,18,0.000000,29.039095,1000,282260,5,1.000000,1.000000,0,1773,0,6561,0
1670,attack_only,220.000000,260.000000,0.001944,100.000000,0.010368,18,18,9720,18,18,0.000000,29.585597,1000,287572,5,1.000000,1.000000,0,1738,0,10788,0
1670,defense_only,320.000000,360.000000,0.001944,100.000000,0.024307,18,18,9720,18,18,0.000000,81.994239,1000,796984,5,1.000000,1.000000,0,2414,0,16571,0
1670,defense_vs_attack,420.000000,460.000000,0.001944,100.000000,0.018910,18,18,9720,18,18,0.000000,83.861317,1000,815132,5,0.000000,0.877551,1,2432,0,22486,0
1672,baseline,120.000000,160.000000,0.001944,100.000000,0.020047,18,18,9720,18,18,0.000000,27.981481,1000,271980,4,1.000000,1.000000,0,1585,0,6008,0
1672,attack_only,220.000000,260.000000,0.001944,100.000000,0.007793,18,18,9720,18,18,0.000000,27.377778,1000,266112,4,1.000000,1.000000,0,1562,0,9860,0
1672,defense_only,320.000000,360.000000,0.001944,100.000000,0.018243,18,18,9720,18,18,0.000000,100.715226,1000,978952,4,1.000000,1.000000,0,2344,0,15600,0
1672,defense_vs_attack,420.000000,460.000000,0.001512,77.777778,0.011377,18,14,7560,14,18,22.222222,126.980952,1000,959976,4,0.000000,0.714286,1,2310,0,21342,0
1676,baseline,120.000000,160.000000,0.001944,100.000000,0.015341,18,18,9720,18,18,0.000000,26.170370,1000,254376,3,1.000000,1.000000,0,1663,0,6372,0
1676,attack_only,220.000000,260.000000,0.001944,100.000000,0.005847,18,18,9720,18,18,0.000000,27.666255,1000,268916,3,1.000000,1.000000,0,1706,0,10534,0
1676,defense_only,320.000000,360.000000,0.001944,100.000000,0.013468,18,18,9720,18,18,0.000000,84.137860,1000,817820,3,1.000000,1.000000,0,2420,0,16453,0
1676,defense_vs_attack,420.000000,460.000000,0.001944,100.000000,0.007377,18,18,9720,18,18,0.000000,84.239095,1000,818804,3,0.000000,0.816327,1,2417,0,22421,0
1677,baseline,120.000000,160.000000,0.001944,100.000000,0.036833,18,18,9720,18,18,0.000000,26.206173,1000,254724,7,1.000000,1.000000,0,1674,0,6144,0
1677,attack_only,220.000000,260.000000,0.001944,100.000000,0.028853,18,18,9720,18,18,0.000000,26.379835,1000,256412,8,1.000000,1.000000,0,1671,0,10128,0
1677,defense_only,320.000000,360.000000,0.001944,100.000000,0.024074,18,18,9720,18,18,0.000000,87.246091,1000,848032,7,1.000000,1.000000,0,2434,0,15963,0
1677,defense_vs_attack,420.000000,460.000000,0.001944,100.000000,0.022370,18,18,9720,18,18,0.000000,90.146091,1000,876220,7,0.000000,0.795918,1,2418,0,21792,0
1680,baseline,120.000000,160.000000,0.001944,100.000000,0.015504,18,18,9720,18,18,0.000000,26.248560,1000,255136,3,1.000000,1.000000,0,1728,0,6535,0
1680,attack_only,220.000000,260.000000,0.001944,100.000000,0.006325,18,18,9720,18,18,0.000000,26.352675,1000,256148,3,1.000000,1.000000,0,1670,0,10685,0
1680,defense_only,320.000000,360.000000,0.001944,100.000000,0.012860,18,18,9720,18,18,0.000000,81.332510,1000,790552,3,1.000000,1.000000,0,2421,0,16583,0
1680,defense_vs_attack,420.000000,460.000000,0.001944,100.000000,0.007802,18,18,9720,18,18,0.000000,82.448971,1000,801404,3,0.000000,0.918367,1,2408,0,22568,0
1681,baseline,120.000000,160.000000,0.001944,100.000000,0.021346,18,18,9720,18,18,0.000000,29.451029,1000,286264,4,1.000000,1.000000,0,1811,0,6852,0
1681,attack_only,220.000000,260.000000,0.000000,0.000000,0.000000,18,0,0,0,18,100.000000,0.000000,1000,296044,5,1.000000,1.000000,0,1812,0,11291,0
1681,defense_only,320.000000,360.000000,0.001944,100.000000,0.007793,18,18,9720,18,18,0.000000,76.465844,1000,743248,4,1.000000,1.000000,0,2411,0,17198,0
1681,defense_vs_attack,420.000000,460.000000,0.001728,88.888889,0.020435,18,16,8640,16,18,11.111111,96.494907,1000,833716,4,0.000000,0.897959,1,2506,0,23213,0
1684,baseline,120.000000,160.000000,0.001944,100.000000,0.015004,18,18,9720,18,18,0.000000,24.375309,1000,236928,3,1.000000,1.000000,0,1579,0,6031,0
1684,attack_only,220.000000,260.000000,0.000000,0.000000,0.000000,18,0,0,0,18,100.000000,0.000000,1000,230216,4,1.000000,1.000000,0,1505,0,9813,0
1684,defense_only,320.000000,360.000000,0.001944,100.000000,0.007485,18,18,9720,18,18,0.000000,88.371605,1000,858972,3,1.000000,1.000000,0,2385,0,15725,0
1684,defense_vs_attack,420.000000,460.000000,0.001944,100.000000,0.019119,18,18,9720,18,18,0.000000,83.874897,1000,815264,3,0.000000,0.836735,2,2426,0,21760,0
1683,baseline,120.000000,160.000000,0.001944,100.000000,0.043229,18,18,9720,18,18,0.000000,23.497119,1000,228392,8,1.000000,1.000000,0,1657,0,6099,0
1683,attack_only,220.000000,260.000000,0.000000,0.000000,0.000000,18,0,0,0,18,100.000000,0.000000,1000,231692,8,1.000000,1.000000,0,1599,0,9994,0
1683,defense_only,320.000000,360.000000,0.001944,100.000000,0.036950,18,18,9720,18,18,0.000000,87.166255,1000,847256,8,1.000000,1.000000,0,2467,0,15820,0
1683,defense_vs_attack,420.000000,460.000000,0.001188,61.111111,0.019727,18,11,5940,11,18,38.888889,146.522559,1000,870344,8,0.000000,0.877551,1,2450,0,21703,0
1687,baseline,120.000000,160.000000,0.001944,100.000000,0.036349,18,18,9720,18,18,0.000000,28.582305,1000,277820,7,1.000000,1.000000,0,1808,0,6598,0
1687,attack_only,220.000000,260.000000,0.000000,0.000000,0.000000,18,0,0,0,18,100.000000,0.000000,1000,288508,7,1.000000,1.000000,0,1751,0,10885,0
1687,defense_only,320.000000,360.000000,0.001944,100.000000,0.021915,18,18,9720,18,18,0.000000,86.815638,1000,843848,7,1.000000,1.000000,0,2530,0,16952,0
1687,defense_vs_attack,420.000000,460.000000,0.001404,72.222222,0.024551,18,13,7020,13,18,27.777778,120.775499,1000,847844,7,0.000000,0.897959,1,2467,0,23013,0
1685,baseline,120.000000,160.000000,0.001944,100.000000,0.014933,18,18,9720,18,18,0.000000,27.472428,1000,267032,3,1.000000,1.000000,0,1668,0,6315,0
1685,attack_only,220.000000,260.000000,0.001944,100.000000,0.005789,18,18,9720,18,18,0.000000,27.660905,1000,268864,3,1.000000,1.000000,0,1670,0,10373,0
1685,defense_only,320.000000,360.000000,0.001944,100.000000,0.012896,18,18,9720,18,18,0.000000,100.035802,1000,972348,3,1.000000,1.000000,0,2449,0,16300,0
1685,defense_vs_attack,420.000000,460.000000,0.001728,88.888889,0.016923,18,16,8640,16,18,11.111111,111.731481,1000,965360,3,0.000000,0.877551,1,2477,0,22324,0
1686,baseline,120.000000,160.000000,0.001944,100.000000,0.030824,18,18,9720,18,18,0.000000,23.588477,1000,229280,6,1.000000,1.000000,0,1649,0,6090,0
1686,attack_only,220.000000,260.000000,0.000000,0.000000,0.000000,18,0,0,0,18,100.000000,0.000000,1000,232128,6,1.000000,1.000000,0,1630,0,10038,0
1686,defense_only,320.000000,360.000000,0.001944,100.000000,0.020895,18,18,9720,18,18,0.000000,88.959259,1000,864684,6,1.000000,1.000000,0,2519,0,16036,0
1686,defense_vs_attack,420.000000,460.000000,0.001188,61.111111,0.025208,18,11,5940,11,18,38.888889,147.381818,1000,875448,6,0.000000,0.795918,1,2510,0,22097,0
1690,baseline,120.000000,160.000000,0.001944,100.000000,0.020680,18,18,9720,18,18,0.000000,26.742798,1000,259940,4,1.000000,1.000000,0,1660,0,6314,0
1690,attack_only,220.000000,260.000000,0.001944,100.000000,0.007860,18,18,9720,18,18,0.000000,27.055144,1000,262976,4,1.000000,1.000000,0,1659,0,10366,0
1690,defense_only,320.000000,360.000000,0.001944,100.000000,0.017389,18,18,9720,18,18,0.000000,83.391358,1000,810564,4,1.000000,1.000000,0,2472,0,16247,0
1690,defense_vs_attack,420.000000,460.000000,0.001944,100.000000,0.009703,18,18,9720,18,18,0.000000,85.829630,1000,834264,4,0.000000,0.938776,1,2431,0,22240,0
1689,baseline,120.000000,160.000000,0.001944,100.000000,0.026259,18,18,9720,18,18,0.000000,27.729630,1000,269532,5,1.000000,1.000000,0,1813,0,6753,0
1689,attack_only,220.000000,260.000000,0.001944,100.000000,0.009797,18,18,9720,18,18,0.000000,27.841975,1000,270624,5,1.000000,1.000000,0,1810,0,11138,0
1689,defense_only,320.000000,360.000000,0.001944,100.000000,0.023664,18,18,9720,18,18,0.000000,93.398765,1000,907836,5,1.000000,1.000000,0,2635,0,17491,0
1689,defense_vs_attack,420.000000,460.000000,0.001944,100.000000,0.017068,18,18,9720,18,18,0.000000,90.726337,1000,881860,5,0.000000,0.816327,1,2757,0,24183,0
1694,baseline,120.000000,160.000000,0.001944,100.000000,0.031219,18,18,9720,18,18,0.000000,26.244033,1000,255092,6,1.000000,1.000000,0,1756,0,6496,0
1694,attack_only,220.000000,260.000000,0.000000,0.000000,0.000000,18,0,0,0,18,100.000000,0.000000,1000,259084,6,1.000000,1.000000,0,1755,0,10754,0
1694,defense_only,320.000000,360.000000,0.001944,100.000000,0.017191,18,18,9720,18,18,0.000000,83.883128,1000,815344,6,1.000000,1.000000,0,2581,0,16943,0
1694,defense_vs_attack,420.000000,460.000000,0.001080,55.555556,0.021621,18,10,5400,10,18,44.444444,148.183704,1000,800192,6,0.000000,0.918367,1,2556,0,23209,0
1693,baseline,120.000000,160.000000,0.001944,100.000000,0.036198,18,18,9720,18,18,0.000000,30.360905,1000,295108,7,1.000000,1.000000,0,1856,0,6887,0
1693,attack_only,220.000000,260.000000,0.000000,0.000000,0.000000,18,0,0,0,18,100.000000,0.000000,1000,296048,8,1.000000,1.000000,0,1763,0,11252,0
1693,defense_only,320.000000,360.000000,0.001944,100.000000,0.020887,18,18,9720,18,18,0.000000,83.133333,1000,808056,7,1.000000,1.000000,0,2477,0,17164,0
1693,defense_vs_attack,420.000000,460.000000,0.001080,55.555556,0.025878,18,10,5400,10,18,44.444444,141.382222,1000,763464,7,0.000000,0.857143,1,2488,0,23214,0
1697,baseline,120.000000,160.000000,0.001944,100.000000,0.047066,18,18,9720,18,18,0.000000,21.839918,1000,212284,9,1.000000,1.000000,0,1678,0,6044,0
1697,attack_only,220.000000,260.000000,0.001944,100.000000,0.019800,18,18,9720,18,18,0.000000,22.464198,1000,218352,9,1.000000,1.000000,0,1692,0,10027,0
1697,defense_only,320.000000,360.000000,0.001944,100.000000,0.040833,18,18,9720,18,18,0.000000,83.604527,1000,812636,9,1.000000,1.000000,0,2625,0,16251,0
1697,defense_vs_attack,420.000000,460.000000,0.001944,100.000000,0.023277,18,18,9720,18,18,0.000000,86.564609,1000,841408,9,0.000000,0.857143,1,2558,0,22362,0
1703,baseline,120.000000,160.000000,0.001944,100.000000,0.015288,18,18,9720,18,18,0.000000,22.799588,1000,221612,3,1.000000,1.000000,0,1572,0,5949,0
1703,attack_only,220.000000,260.000000,0.001944,100.000000,0.005826,18,18,9720,18,18,0.000000,23.570370,1000,229104,3,1.000000,1.000000,0,1562,0,9765,0
1703,defense_only,320.000000,360.000000,0.001944,100.000000,0.013016,18,18,9720,18,18,0.000000,96.121811,1000,934304,3,1.000000,1.000000,0,2436,0,15638,0
1703,defense_vs_attack,420.000000,460.000000,0.001944,100.000000,0.007170,18,18,9720,18,18,0.000000,58.597119,1000,569564,3,0.000000,0.836735,3,2152,0,21307,0
1706,baseline,120.000000,160.000000,0.001944,100.000000,0.020341,18,18,9720,18,18,0.000000,31.495062,1000,306132,4,1.000000,1.000000,0,1768,0,6626,0
1706,attack_only,220.000000,260.000000,0.001944,100.000000,0.007982,18,18,9720,18,18,0.000000,31.719753,1000,308316,4,1.000000,1.000000,0,1737,0,10890,0
1706,defense_only,320.000000,360.000000,0.001944,100.000000,0.017471,18,18,9720,18,18,0.000000,92.741975,1000,901452,4,1.000000,1.000000,0,2424,0,16669,0
1706,defense_vs_attack,420.000000,460.000000,0.001296,66.666667,0.024721,18,12,6480,12,18,33.333333,140.169136,1000,908296,4,0.000000,0.795918,3,2694,0,22753,0
1708,baseline,120.000000,160.000000,0.001944,100.000000,0.020432,18,18,9720,18,18,0.000000,29.223045,1000,284048,4,1.000000,1.000000,0,1751,0,6549,0
1708,attack_only,220.000000,260.000000,0.001944,100.000000,0.008134,18,18,9720,18,18,0.000000,27.320165,1000,265552,4,1.000000,1.000000,0,1698,0,10692,0
1708,defense_only,320.000000,360.000000,0.001944,100.000000,0.018418,18,18,9720,18,18,0.000000,89.112757,1000,866176,4,1.000000,1.000000,0,2465,0,16698,0
1708,defense_vs_attack,420.000000,460.000000,0.001944,100.000000,0.009550,18,18,9720,18,18,0.000000,87.519753,1000,850692,4,0.000000,0.877551,1,2410,0,22676,0
1710,baseline,120.000000,160.000000,0.001944,100.000000,0.020803,18,18,9720,18,18,0.000000,34.410700,1000,334472,4,1.000000,1.000000,0,1844,0,7075,0
1710,attack_only,220.000000,260.000000,0.001944,100.000000,0.007937,18,18,9720,18,18,0.000000,34.772840,1000,337992,4,1.000000,1.000000,0,1851,0,11602,0
1710,defense_only,320.000000,360.000000,0.001944,100.000000,0.017293,18,18,9720,18,18,0.000000,97.794650,1000,950564,4,1.000000,1.000000,0,2559,0,17842,0
1710,defense_vs_attack,420.000000,460.000000,0.001944,100.000000,0.009924,18,18,9720,18,18,0.000000,89.374074,1000,868716,4,0.000000,0.816327,1,2521,0,24092,0
1714,baseline,120.000000,160.000000,0.001944,100.000000,0.015205,18,18,9720,18,18,0.000000,31.088477,1000,302180,3,1.000000,1.000000,0,1836,0,6892,0
1714,attack_only,220.000000,260.000000,0.001944,100.000000,0.005881,18,18,9720,18,18,0.000000,31.764198,1000,308748,3,1.000000,1.000000,0,1821,0,11400,0
1714,defense_only,320.000000,360.000000,0.001944,100.000000,0.012938,18,18,9720,18,18,0.000000,90.644444,1000,881064,3,1.000000,1.000000,0,2404,0,17353,0
1714,defense_vs_attack,420.000000,460.000000,0.001944,100.000000,0.008023,18,18,9720,18,18,0.000000,91.627572,1000,890620,3,0.000000,0.938776,1,2458,0,23513,0
1715,baseline,120.000000,160.000000,0.001944,100.000000,0.020819,18,18,9720,18,18,0.000000,32.066255,1000,311684,4,1.000000,1.000000,0,1814,0,6801,0
1715,attack_only,220.000000,260.000000,0.001944,100.000000,0.008288,18,18,9720,18,18,0.000000,32.577778,1000,316656,4,1.000000,1.000000,0,1793,0,11187,0
1715,defense_only,320.000000,360.000000,0.001944,100.000000,0.017748,18,18,9720,18,18,0.000000,91.989300,1000,894136,4,1.000000,1.000000,0,2503,0,17155,0
1715,defense_vs_attack,420.000000,460.000000,0.001512,77.777778,0.011559,18,14,7560,14,18,22.222222,117.177249,1000,885860,4,0.000000,0.816327,1,2501,0,23315,0
1717,baseline,120.000000,160.000000,0.001944,100.000000,0.021109,18,18,9720,18,18,0.000000,31.699177,1000,308116,4,1.000000,1.000000,0,1727,0,6579,0
1717,attack_only,220.000000,260.000000,0.001944,100.000000,0.007931,18,18,9720,18,18,0.000000,31.211523,1000,303376,4,1.000000,1.000000,0,1737,0,10808,0
1717,defense_only,320.000000,360.000000,0.001944,100.000000,0.019356,18,18,9720,18,18,0.000000,96.295062,1000,935988,4,1.000000,1.000000,0,2382,0,16621,0
1717,defense_vs_attack,420.000000,460.000000,0.001944,100.000000,0.010162,18,18,9720,18,18,0.000000,94.712757,1000,920608,4,0.000000,0.755102,1,2450,0,22574,0
1719,baseline,120.000000,160.000000,0.001944,100.000000,0.041836,18,18,9720,18,18,0.000000,22.284774,1000,216608,8,1.000000,1.000000,0,1673,0,6203,0
1719,attack_only,220.000000,260.000000,0.001944,100.000000,0.016731,18,18,9720,18,18,0.000000,22.451029,1000,218224,8,1.000000,1.000000,0,1652,0,10202,0
1719,defense_only,320.000000,360.000000,0.001944,100.000000,0.094805,18,18,9720,18,18,0.000000,90.236214,1000,877096,8,1.000000,1.000000,0,2632,0,16485,0
1719,defense_vs_attack,420.000000,460.000000,0.001728,88.888889,0.023961,18,16,8640,16,18,11.111111,100.009259,1000,864080,8,0.000000,0.836735,1,2607,0,22776,0
1723,baseline,120.000000,160.000000,0.001944,100.000000,0.020808,18,18,9720,18,18,0.000000,31.014815,1000,301464,4,1.000000,1.000000,0,1738,0,6599,0
1723,attack_only,220.000000,260.000000,0.001944,100.000000,0.007964,18,18,9720,18,18,0.000000,32.576132,1000,316640,4,1.000000,1.000000,0,1774,0,10885,0
1723,defense_only,320.000000,360.000000,0.001944,100.000000,0.017494,18,18,9720,18,18,0.000000,103.386420,1000,1004916,4,1.000000,1.000000,0,2504,0,16840,0
1723,defense_vs_attack,420.000000,460.000000,0.001944,100.000000,0.010228,18,18,9720,18,18,0.000000,102.831687,1000,999524,4,0.000000,0.857143,1,2435,0,22839,0
1727,baseline,120.000000,160.000000,0.001944,100.000000,0.035622,18,18,9720,18,18,0.000000,28.562140,1000,277624,7,1.000000,1.000000,0,1774,0,6494,0
1727,attack_only,220.000000,260.000000,0.000000,0.000000,0.000000,18,0,0,0,18,100.000000,0.000000,1000,274076,7,1.000000,1.000000,0,1698,0,10636,0
1727,defense_only,320.000000,360.000000,0.001944,100.000000,0.024713,18,18,9720,18,18,0.000000,94.865432,1000,922092,7,1.000000,1.000000,0,2448,0,16585,0
1727,defense_vs_attack,420.000000,460.000000,0.001404,72.222222,0.039786,18,13,7020,13,18,27.777778,129.362963,1000,908128,8,0.000000,0.877551,1,2599,0,22790,0
1733,baseline,120.000000,160.000000,0.001944,100.000000,0.063482,18,18,9720,18,18,0.000000,23.193827,1000,225444,12,1.000000,1.000000,0,1822,0,6407,0
1733,attack_only,220.000000,260.000000,0.001944,100.000000,0.024791,18,18,9720,18,18,0.000000,23.075309,1000,224292,12,1.000000,1.000000,0,1770,0,10538,0
1733,defense_only,320.000000,360.000000,0.001944,100.000000,0.054546,18,18,9720,18,18,0.000000,89.321399,1000,868204,12,1.000000,1.000000,0,2803,0,16940,0
1733,defense_vs_attack,420.000000,460.000000,0.001944,100.000000,0.033219,18,18,9720,18,18,0.000000,88.490535,1000,860128,12,0.000000,0.938776,1,2701,0,23341,0
1732,baseline,120.000000,160.000000,0.001944,100.000000,0.032190,18,18,9720,18,18,0.000000,27.336626,1000,265712,6,1.000000,1.000000,0,1751,0,6450,0
1732,attack_only,220.000000,260.000000,0.001944,100.000000,0.012864,18,18,9720,18,18,0.000000,28.664198,1000,278616,6,1.000000,1.000000,0,1712,0,10611,0
1732,defense_only,320.000000,360.000000,0.001944,100.000000,0.026190,18,18,9720,18,18,0.000000,103.425514,1000,1005296,6,1.000000,1.000000,0,2384,0,16395,0
1732,defense_vs_attack,420.000000,460.000000,0.001188,61.111111,0.022206,18,11,5940,11,18,38.888889,166.649832,1000,989900,7,0.000000,0.755102,1,2481,0,22277,0
1738,baseline,120.000000,160.000000,0.001944,100.000000,0.015224,18,18,9720,18,18,0.000000,28.338272,1000,275448,3,1.000000,1.000000,0,1745,0,6658,0
1738,attack_only,220.000000,260.000000,0.001944,100.000000,0.005831,18,18,9720,18,18,0.000000,29.991770,1000,291520,3,1.000000,1.000000,0,1802,0,11067,0
1738,defense_only,320.000000,360.000000,0.001944,100.000000,0.012812,18,18,9720,18,18,0.000000,88.409465,1000,859340,3,1.000000,1.000000,0,2419,0,17032,0
1738,defense_vs_attack,420.000000,460.000000,0.001296,66.666667,0.008846,18,12,6480,12,18,33.333333,136.683333,1000,885708,3,0.000000,0.857143,1,2464,0,23055,0
1745,baseline,120.000000,160.000000,0.001944,100.000000,0.015640,18,18,9720,18,18,0.000000,26.962140,1000,262072,3,1.000000,1.000000,0,1646,0,6178,0
1745,attack_only,220.000000,260.000000,0.001944,100.000000,0.005871,18,18,9720,18,18,0.000000,27.744856,1000,269680,3,1.000000,1.000000,0,1629,0,10182,0
1745,defense_only,320.000000,360.000000,0.001944,100.000000,0.012998,18,18,9720,18,18,0.000000,96.029630,1000,933408,3,1.000000,1.000000,0,2388,0,16036,0
1745,defense_vs_attack,420.000000,460.000000,0.001944,100.000000,0.007580,18,18,9720,18,18,0.000000,97.336626,1000,946112,3,0.000000,0.918367,1,2412,0,22000,0
1749,baseline,120.000000,160.000000,0.001944,100.000000,0.027019,18,18,9720,18,18,0.000000,29.174074,1000,283572,5,1.000000,1.000000,0,1725,0,6509,0
1749,attack_only,220.000000,260.000000,0.001944,100.000000,0.010297,18,18,9720,18,18,0.000000,29.511934,1000,286856,5,1.000000,1.000000,0,1730,0,10684,0
1749,defense_only,320.000000,360.000000,0.001944,100.000000,0.021167,18,18,9720,18,18,0.000000,85.567901,1000,831720,5,1.000000,1.000000,0,2428,0,16520,0
1749,defense_vs_attack,420.000000,460.000000,0.001944,100.000000,0.018556,18,18,9720,18,18,0.000000,85.066255,1000,826844,6,0.000000,0.918367,1,2490,0,22580,0
1747,baseline,120.000000,160.000000,0.001944,100.000000,0.020504,18,18,9720,18,18,0.000000,29.844033,1000,290084,4,1.000000,1.000000,0,1728,0,6495,0
1747,attack_only,220.000000,260.000000,0.001944,100.000000,0.019839,18,18,9720,18,18,0.000000,31.718107,1000,308300,4,1.000000,1.000000,0,1796,0,10773,0
1747,defense_only,320.000000,360.000000,0.001944,100.000000,0.008415,18,18,9720,18,18,0.000000,94.751440,1000,920984,4,1.000000,1.000000,0,2411,0,16742,0
1747,defense_vs_attack,420.000000,460.000000,0.001944,100.000000,0.019163,18,18,9720,18,18,0.000000,92.439095,1000,898508,4,0.000000,0.857143,1,2403,0,22683,0
1753,baseline,120.000000,160.000000,0.001944,100.000000,0.030778,18,18,9720,18,18,0.000000,24.540741,1000,238536,6,1.000000,1.000000,0,1676,0,6191,0
1753,attack_only,220.000000,260.000000,0.000000,0.000000,0.000000,18,0,0,0,18,100.000000,0.000000,1000,228816,7,1.000000,1.000000,0,1584,0,10084,0
1753,defense_only,320.000000,360.000000,0.001944,100.000000,0.021330,18,18,9720,18,18,0.000000,91.157613,1000,886052,6,1.000000,1.000000,0,2528,0,16214,0
1753,defense_vs_attack,420.000000,460.000000,0.001944,100.000000,0.020668,18,18,9720,18,18,0.000000,93.111523,1000,905044,6,0.000000,0.857143,1,2553,0,22425,0
1755,baseline,120.000000,160.000000,0.001944,100.000000,0.092117,18,18,9720,18,18,0.000000,31.177778,1000,303048,7,1.000000,1.000000,0,1841,0,6690,0
1755,attack_only,220.000000,260.000000,0.000000,0.000000,0.000000,18,0,0,0,18,100.000000,0.000000,1000,303584,8,1.000000,1.000000,0,1820,0,11058,0
1755,defense_only,320.000000,360.000000,0.001944,100.000000,0.016767,18,18,9720,18,18,0.000000,91.697119,1000,891296,7,1.000000,1.000000,0,2483,0,17024,0
1755,defense_vs_attack,420.000000,460.000000,0.001944,100.000000,0.030652,18,18,9720,18,18,0.000000,88.864198,1000,863760,7,0.000000,0.816327,1,2437,0,23004,0
1756,baseline,120.000000,160.000000,0.001944,100.000000,0.015981,18,18,9720,18,18,0.000000,28.616872,1000,278156,3,1.000000,1.000000,0,1729,0,6492,0
1756,attack_only,220.000000,260.000000,0.000000,0.000000,0.000000,18,0,0,0,18,100.000000,0.000000,1000,278624,3,1.000000,1.000000,0,1707,0,10692,0
1756,defense_only,320.000000,360.000000,0.001944,100.000000,0.010845,18,18,9720,18,18,0.000000,95.367078,1000,926968,3,1.000000,1.000000,0,2445,0,16692,0
1756,defense_vs_attack,420.000000,460.000000,0.001512,77.777778,0.013438,18,14,7560,14,18,22.222222,124.092063,1000,938136,3,0.000000,0.897959,1,2421,0,22614,0
1759,baseline,120.000000,160.000000,0.001944,100.000000,0.015453,18,18,9720,18,18,0.000000,28.970370,1000,281592,3,1.000000,1.000000,0,1702,0,6513,0
1759,attack_only,220.000000,260.000000,0.001944,100.000000,0.005790,18,18,9720,18,18,0.000000,29.427572,1000,286036,3,1.000000,1.000000,0,1744,0,10712,0
1759,defense_only,320.000000,360.000000,0.001944,100.000000,0.013119,18,18,9720,18,18,0.000000,94.058025,1000,914244,3,1.000000,1.000000,0,2356,0,16425,0
1759,defense_vs_attack,420.000000,460.000000,0.001944,100.000000,0.008296,18,18,9720,18,18,0.000000,93.361317,1000,907472,3,0.000000,0.836735,1,2389,0,22408,0
1765,baseline,120.000000,160.000000,0.001944,100.000000,0.032483,18,18,9720,18,18,0.000000,23.499177,1000,228412,6,1.000000,1.000000,0,1614,0,6015,0
1765,attack_only,220.000000,260.000000,0.000000,0.000000,0.000000,18,0,0,0,18,100.000000,0.000000,1000,237604,7,1.000000,1.000000,0,1562,0,9859,0
1765,defense_only,320.000000,360.000000,0.001836,94.444444,0.019993,18,17,9180,17,18,5.555556,89.503268,1000,821640,6,1.000000,1.000000,0,2396,0,15691,0
1765,defense_vs_attack,420.000000,460.000000,0.001620,83.333333,0.024129,18,15,8100,15,18,16.666667,108.556049,1000,879304,6,0.000000,0.857143,2,2422,0,21590,0
1760,baseline,120.000000,160.000000,0.001944,100.000000,0.026005,18,18,9720,18,18,0.000000,32.803704,1000,318852,5,1.000000,1.000000,0,1829,0,6734,0
1760,attack_only,220.000000,260.000000,0.001944,100.000000,0.009907,18,18,9720,18,18,0.000000,33.621399,1000,326800,5,1.000000,1.000000,0,1810,0,11075,0
1760,defense_only,320.000000,360.000000,0.001944,100.000000,0.022880,18,18,9720,18,18,0.000000,105.827572,1000,1028644,5,1.000000,1.000000,0,2462,0,17010,0
1760,defense_vs_attack,420.000000,460.000000,0.001728,88.888889,0.012452,18,16,8640,16,18,11.111111,119.852315,1000,1035524,5,0.000000,0.836735,1,2488,0,22994,0
1772,baseline,120.000000,160.000000,0.001944,100.000000,0.091260,18,18,9720,18,18,0.000000,25.878601,1000,251540,7,1.000000,1.000000,0,1768,0,6481,0
1772,attack_only,220.000000,260.000000,0.000000,0.000000,0.000000,18,0,0,0,18,100.000000,0.000000,1000,254984,7,1.000000,1.000000,0,1634,0,10558,0
1772,defense_only,320.000000,360.000000,0.001944,100.000000,0.019194,18,18,9720,18,18,0.000000,89.342798,1000,868412,7,1.000000,1.000000,0,2517,0,16630,0
1772,defense_vs_attack,420.000000,460.000000,0.000432,22.222222,0.049365,18,4,2160,4,18,77.777778,380.990741,1000,822940,7,0.000000,0.918367,2,2874,0,23124,0
1768,baseline,120.000000,160.000000,0.001944,100.000000,0.025673,18,18,9720,18,18,0.000000,24.644033,1000,239540,5,1.000000,1.000000,0,1661,0,6205,0
1768,attack_only,220.000000,260.000000,0.000000,0.000000,0.000000,18,0,0,0,18,100.000000,0.000000,1000,242424,5,1.000000,1.000000,0,1561,0,10076,0
1768,defense_only,320.000000,360.000000,0.001944,100.000000,0.019658,18,18,9720,18,18,0.000000,107.290535,1000,1042864,5,1.000000,1.000000,0,2636,0,16455,0
1768,defense_vs_attack,420.000000,460.000000,0.001512,77.777778,0.020970,18,14,7560,14,18,22.222222,135.343386,1000,1023196,5,0.000000,0.795918,1,2622,0,22907,0
1775,baseline,120.000000,160.000000,0.001944,100.000000,0.030671,18,18,9720,18,18,0.000000,23.186420,1000,225372,6,1.000000,1.000000,0,1698,0,6391,0
1775,attack_only,220.000000,260.000000,0.000000,0.000000,0.000000,18,0,0,0,18,100.000000,0.000000,1000,229224,6,1.000000,1.000000,0,1664,0,10459,0
1775,defense_only,320.000000,360.000000,0.001944,100.000000,0.020618,18,18,9720,18,18,0.000000,81.548148,1000,792648,6,1.000000,1.000000,0,2697,0,16884,0
1775,defense_vs_attack,420.000000,460.000000,0.001728,88.888889,0.038009,18,16,8640,16,18,11.111111,88.522685,1000,764836,7,0.000000,0.918367,1,2683,0,23460,0
1774,baseline,120.000000,160.000000,0.001944,100.000000,0.015225,18,18,9720,18,18,0.000000,26.511523,1000,257692,3,1.000000,1.000000,0,1616,0,6217,0
1774,attack_only,220.000000,260.000000,0.001944,100.000000,0.012292,18,18,9720,18,18,0.000000,26.343210,1000,256056,3,1.000000,1.000000,0,1634,0,10199,0
1774,defense_only,320.000000,360.000000,0.001944,100.000000,0.008243,18,18,9720,18,18,0.000000,95.985597,1000,932980,3,1.000000,1.000000,0,2434,0,16103,0
1774,defense_vs_attack,420.000000,460.000000,0.001944,100.000000,0.010881,18,18,9720,18,18,0.000000,98.545267,1000,957860,3,0.000000,0.877551,1,2465,0,22176,0
1778,baseline,120.000000,160.000000,0.001944,100.000000,0.025737,18,18,9720,18,18,0.000000,24.136214,1000,234604,5,1.000000,1.000000,0,1619,0,5995,0
1778,attack_only,220.000000,260.000000,0.001944,100.000000,0.009838,18,18,9720,18,18,0.000000,24.344444,1000,236628,5,1.000000,1.000000,0,1622,0,9907,0
1778,defense_only,320.000000,360.000000,0.001944,100.000000,0.021714,18,18,9720,18,18,0.000000,86.102058,1000,836912,5,1.000000,1.000000,0,2421,0,15776,0
1778,defense_vs_attack,420.000000,460.000000,0.001836,94.444444,0.019517,18,17,9180,17,18,5.555556,93.033987,1000,854052,5,0.000000,0.938776,1,2451,0,21779,0
1780,baseline,120.000000,160.000000,0.001944,100.000000,0.085502,18,18,9720,18,18,0.000000,28.795885,1000,279896,6,1.000000,1.000000,0,1743,0,6384,0
1780,attack_only,220.000000,260.000000,0.000000,0.000000,0.000000,18,0,0,0,18,100.000000,0.000000,1000,278952,6,1.000000,1.000000,0,1615,0,10404,0
1780,defense_only,320.000000,360.000000,0.001944,100.000000,0.028018,18,18,9720,18,18,0.000000,96.145679,1000,934536,6,1.000000,1.000000,0,2403,0,16246,0
1780,defense_vs_attack,420.000000,460.000000,0.001944,100.000000,0.015345,18,18,9720,18,18,0.000000,96.882305,1000,941696,6,0.000000,0.795918,1,2399,0,22064,0
1781,baseline,120.000000,160.000000,0.001944,100.000000,0.041268,18,18,9720,18,18,0.000000,22.147325,1000,215272,8,1.000000,1.000000,0,1681,0,6137,0
1781,attack_only,220.000000,260.000000,0.001944,100.000000,0.016582,18,18,9720,18,18,0.000000,22.517284,1000,218868,8,1.000000,1.000000,0,1677,0,10115,0
1781,defense_only,320.000000,360.000000,0.001944,100.000000,0.037343,18,18,9720,18,18,0.000000,83.111934,1000,807848,8,1.000000,1.000000,0,2538,0,16155,0
1781,defense_vs_attack,420.000000,460.000000,0.001080,55.555556,0.021419,18,10,5400,10,18,44.444444,151.721481,1000,819296,8,0.000000,0.877551,1,2438,0,22039,0
1787,baseline,120.000000,160.000000,0.001944,100.000000,0.020785,18,18,9720,18,18,0.000000,27.220988,1000,264588,4,1.000000,1.000000,0,1761,0,6644,0
1787,attack_only,220.000000,260.000000,0.001944,100.000000,0.007851,18,18,9720,18,18,0.000000,27.769547,1000,269920,4,1.000000,1.000000,0,1762,0,10982,0
1787,defense_only,320.000000,360.000000,0.001944,100.000000,0.017247,18,18,9720,18,18,0.000000,79.521811,1000,772952,4,1.000000,1.000000,0,2549,0,17134,0
1787,defense_vs_attack,420.000000,460.000000,0.001944,100.000000,0.009562,18,18,9720,18,18,0.000000,84.035391,1000,816824,4,0.000000,0.877551,1,2461,0,23194,0
1793,baseline,120.000000,160.000000,0.001944,100.000000,0.015401,18,18,9720,18,18,0.000000,28.467490,1000,276704,3,1.000000,1.000000,0,1763,0,6766,0
1793,attack_only,220.000000,260.000000,0.001944,100.000000,0.005789,18,18,9720,18,18,0.000000,28.893004,1000,280840,3,1.000000,1.000000,0,1750,0,11064,0
1793,defense_only,320.000000,360.000000,0.001944,100.000000,0.013569,18,18,9720,18,18,0.000000,81.274897,1000,789992,3,1.000000,1.000000,0,2461,0,17136,0
1793,defense_vs_attack,420.000000,460.000000,0.001512,77.777778,0.007435,18,14,7560,14,18,22.222222,68.437037,1000,517384,3,0.000000,0.918367,1,2222,0,22987,0
1790,baseline,120.000000,160.000000,0.001944,100.000000,0.015599,18,18,9720,18,18,0.000000,30.141152,1000,292972,3,1.000000,1.000000,0,1700,0,6474,0
1790,attack_only,220.000000,260.000000,0.001944,100.000000,0.006063,18,18,9720,18,18,0.000000,30.334568,1000,294852,3,1.000000,1.000000,0,1716,0,10594,0
1790,defense_only,320.000000,360.000000,0.001944,100.000000,0.012822,18,18,9720,18,18,0.000000,97.440741,1000,947124,3,1.000000,1.000000,0,2436,0,16526,0
1790,defense_vs_attack,420.000000,460.000000,0.001944,100.000000,0.007273,18,18,9720,18,18,0.000000,99.356790,1000,965748,3,0.000000,0.836735,2,2485,0,22503,0
1791,baseline,120.000000,160.000000,0.001944,100.000000,0.020704,18,18,9720,18,18,0.000000,24.600412,1000,239116,4,1.000000,1.000000,0,1615,0,6082,0
1791,attack_only,220.000000,260.000000,0.001944,100.000000,0.007794,18,18,9720,18,18,0.000000,25.063786,1000,243620,4,1.000000,1.000000,0,1613,0,10027,0
1791,defense_only,320.000000,360.000000,0.001944,100.000000,0.017422,18,18,9720,18,18,0.000000,94.976132,1000,923168,4,1.000000,1.000000,0,2426,0,15966,0
1791,defense_vs_attack,420.000000,460.000000,0.001944,100.000000,0.009500,18,18,9720,18,18,0.000000,93.473251,1000,908560,4,0.000000,0.897959,2,2439,0,22001,0
1797,baseline,120.000000,160.000000,0.001944,100.000000,0.015708,18,18,9720,18,18,0.000000,32.413992,1000,315064,3,1.000000,1.000000,0,1753,0,6705,0
1797,attack_only,220.000000,260.000000,0.001944,100.000000,0.005789,18,18,9720,18,18,0.000000,32.851029,1000,319312,3,1.000000,1.000000,0,1734,0,10979,0
1797,defense_only,320.000000,360.000000,0.001944,100.000000,0.013100,18,18,9720,18,18,0.000000,93.232922,1000,906224,3,1.000000,1.000000,0,2376,0,16807,0
1797,defense_vs_attack,420.000000,460.000000,0.001944,100.000000,0.008524,18,18,9720,18,18,0.000000,94.731687,1000,920792,3,0.000000,0.857143,1,2407,0,22665,0
1804,baseline,120.000000,160.000000,0.001944,100.000000,0.025841,18,18,9720,18,18,0.000000,27.068724,1000,263108,5,1.000000,1.000000,0,1702,0,6345,0
1804,attack_only,220.000000,260.000000,0.001944,100.000000,0.009976,18,18,9720,18,18,0.000000,28.235802,1000,274452,5,1.000000,1.000000,0,1711,0,10493,0
1804,defense_only,320.000000,360.000000,0.001944,100.000000,0.021699,18,18,9720,18,18,0.000000,92.359671,1000,897736,5,1.000000,1.000000,0,2519,0,16483,0
1804,defense_vs_attack,420.000000,460.000000,0.001944,100.000000,0.011972,18,18,9720,18,18,0.000000,90.728395,1000,881880,5,0.000000,0.938776,1,2488,0,22640,0
1808,baseline,120.000000,160.000000,0.001944,100.000000,0.015508,18,18,9720,18,18,0.000000,33.645679,1000,327036,3,1.000000,1.000000,0,1950,0,7413,0
1808,attack_only,220.000000,260.000000,0.001944,100.000000,0.005858,18,18,9720,18,18,0.000000,34.458436,1000,334936,3,1.000000,1.000000,0,1977,0,12220,0
1808,defense_only,320.000000,360.000000,0.001944,100.000000,0.013655,18,18,9720,18,18,0.000000,86.295885,1000,838796,3,1.000000,1.000000,0,2566,0,18432,0
1808,defense_vs_attack,420.000000,460.000000,0.001944,100.000000,0.007876,18,18,9720,18,18,0.000000,86.128807,1000,837172,3,0.000000,0.877551,1,2618,0,24783,0
1810,baseline,120.000000,160.000000,0.001944,100.000000,0.020831,18,18,9720,18,18,0.000000,32.363786,1000,314576,4,1.000000,1.000000,0,1868,0,6967,0
1810,attack_only,220.000000,260.000000,0.001944,100.000000,0.008262,18,18,9720,18,18,0.000000,32.327160,1000,314220,4,1.000000,1.000000,0,1805,0,11415,0
1810,defense_only,320.000000,360.000000,0.001944,100.000000,0.021106,18,18,9720,18,18,0.000000,81.676132,1000,793892,4,1.000000,1.000000,0,2522,0,17468,0
1810,defense_vs_attack,420.000000,460.000000,0.001620,83.333333,0.008154,18,15,8100,15,18,16.666667,99.975309,1000,809800,4,0.000000,0.897959,1,2490,0,23622,0
1809,baseline,120.000000,160.000000,0.001944,100.000000,0.020531,18,18,9720,18,18,0.000000,32.451440,1000,315428,4,1.000000,1.000000,0,1824,0,6873,0
1809,attack_only,220.000000,260.000000,0.000000,0.000000,0.000000,18,0,0,0,18,100.000000,0.000000,1000,319232,4,1.000000,1.000000,0,1807,0,11316,0
1809,defense_only,320.000000,360.000000,0.001944,100.000000,0.013735,18,18,9720,18,18,0.000000,91.207407,1000,886536,4,1.000000,1.000000,0,2378,0,17150,0
1809,defense_vs_attack,420.000000,460.000000,0.001728,88.888889,0.032783,18,16,8640,16,18,11.111111,99.571296,1000,860296,6,0.000000,0.938776,1,2649,0,23383,0
1815,baseline,120.000000,160.000000,0.001944,100.000000,0.036776,18,18,9720,18,18,0.000000,37.374486,1000,363280,7,1.000000,1.000000,0,2012,0,7410,0
1815,attack_only,220.000000,260.000000,0.001944,100.000000,0.014468,18,18,9720,18,18,0.000000,36.584362,1000,355600,7,1.000000,1.000000,0,1936,0,12076,0
1815,defense_only,320.000000,360.000000,0.001944,100.000000,0.038662,18,18,9720,18,18,0.000000,88.165844,1000,856972,7,1.000000,1.000000,0,2552,0,18126,0
1815,defense_vs_attack,420.000000,460.000000,0.001512,77.777778,0.035732,18,14,7560,14,18,22.222222,118.319577,1000,894496,8,0.000000,0.857143,1,2561,0,24272,0
1813,baseline,120.000000,160.000000,0.001944,100.000000,0.021310,18,18,9720,18,18,0.000000,28.971193,1000,281600,4,1.000000,1.000000,0,1662,0,6192,0
1813,attack_only,220.000000,260.000000,0.001944,100.000000,0.008127,18,18,9720,18,18,0.000000,31.141564,1000,302696,4,1.000000,1.000000,0,1658,0,10194,0
1813,defense_only,320.000000,360.000000,0.001944,100.000000,0.019356,18,18,9720,18,18,0.000000,110.836626,1000,1077332,4,1.000000,1.000000,0,2278,0,15681,0
1813,defense_vs_attack,420.000000,460.000000,0.001944,100.000000,0.010414,18,18,9720,18,18,0.000000,111.113580,1000,1080024,4,0.000000,0.755102,1,2322,0,21285,0
1822,baseline,120.000000,160.000000,0.001944,100.000000,0.020253,18,18,9720,18,18,0.000000,24.595885,1000,239072,4,1.000000,1.000000,0,1604,0,6080,0
1822,attack_only,220.000000,260.000000,0.000000,0.000000,0.000000,18,0,0,0,18,100.000000,0.000000,1000,242996,4,1.000000,1.000000,0,1615,0,10035,0
1822,defense_only,320.000000,360.000000,0.001944,100.000000,0.015385,18,18,9720,18,18,0.000000,83.930864,1000,815808,4,1.000000,1.000000,0,2529,0,16020,0
1822,defense_vs_attack,420.000000,460.000000,0.001512,77.777778,0.016112,18,14,7560,14,18,22.222222,110.373016,1000,834420,4,0.000000,0.877551,1,2503,0,22106,0
1820,baseline,120.000000,160.000000,0.001944,100.000000,0.015609,18,18,9720,18,18,0.000000,29.876132,1000,290396,3,1.000000,1.000000,0,1702,0,6422,0
1820,attack_only,220.000000,260.000000,0.001944,100.000000,0.005814,18,18,9720,18,18,0.000000,30.393416,1000,295424,3,1.000000,1.000000,0,1748,0,10662,0
1820,defense_only,320.000000,360.000000,0.001944,100.000000,0.014923,18,18,9720,18,18,0.000000,99.786008,1000,969920,3,1.000000,1.000000,0,2460,0,16565,0
1820,defense_vs_attack,420.000000,460.000000,0.001296,66.666667,0.009596,18,12,6480,12,18,33.333333,123.719136,1000,801700,3,0.000000,0.775510,1,2330,0,22446,0
1823,baseline,120.000000,160.000000,0.001944,100.000000,0.026134,18,18,9720,18,18,0.000000,29.369959,1000,285476,5,1.000000,1.000000,0,1706,0,6351,0
1823,attack_only,220.000000,260.000000,0.001944,100.000000,0.010166,18,18,9720,18,18,0.000000,29.709053,1000,288772,5,1.000000,1.000000,0,1690,0,10444,0
1823,defense_only,320.000000,360.000000,0.001944,100.000000,0.021946,18,18,9720,18,18,0.000000,96.678189,1000,939712,5,1.000000,1.000000,0,2372,0,16123,0
1823,defense_vs_attack,420.000000,460.000000,0.001944,100.000000,0.012601,18,18,9720,18,18,0.000000,97.788477,1000,950504,5,0.000000,0.836735,1,2476,0,22106,0
1825,baseline,120.000000,160.000000,0.001944,100.000000,0.031845,18,18,9720,18,18,0.000000,26.524280,1000,257816,6,1.000000,1.000000,0,1789,0,6623,0
1825,attack_only,220.000000,260.000000,0.001944,100.000000,0.012221,18,18,9720,18,18,0.000000,26.795473,1000,260452,6,1.000000,1.000000,0,1791,0,10915,0
1825,defense_only,320.000000,360.000000,0.001944,100.000000,0.026295,18,18,9720,18,18,0.000000,92.464609,1000,898756,6,1.000000,1.000000,0,2536,0,16982,0
1825,defense_vs_attack,420.000000,460.000000,0.001944,100.000000,0.015828,18,18,9720,18,18,0.000000,89.939506,1000,874212,6,0.000000,0.959184,1,2569,0,23131,0
1828,baseline,120.000000,160.000000,0.001944,100.000000,0.025777,18,18,9720,18,18,0.000000,24.727984,1000,240356,5,1.000000,1.000000,0,1670,0,6227,0
1828,attack_only,220.000000,260.000000,0.000000,0.000000,0.000000,18,0,0,0,18,100.000000,0.000000,1000,239356,5,1.000000,1.000000,0,1644,0,10245,0
1828,defense_only,320.000000,360.000000,0.001944,100.000000,0.014912,18,18,9720,18,18,0.000000,84.423045,1000,820592,5,1.000000,1.000000,0,2607,0,16445,0
1828,defense_vs_attack,420.000000,460.000000,0.000000,0.000000,0.000000,6,0,0,0,18,100.000000,0.000000,1000,591152,0,0.000000,0.918367,2,2207,0,22244,0
1830,baseline,120.000000,160.000000,0.001944,100.000000,0.015269,18,18,9720,18,18,0.000000,26.855144,1000,261032,3,1.000000,1.000000,0,1689,0,6399,0
1830,attack_only,220.000000,260.000000,0.000000,0.000000,0.000000,18,0,0,0,18,100.000000,0.000000,1000,266780,3,1.000000,1.000000,0,1637,0,10465,0
1830,defense_only,320.000000,360.000000,0.001944,100.000000,0.011222,18,18,9720,18,18,0.000000,83.935391,1000,815852,3,1.000000,1.000000,0,2539,0,16529,0
1830,defense_vs_attack,420.000000,460.000000,0.001188,61.111111,0.018724,18,11,5940,11,18,38.888889,134.750168,1000,800416,3,0.000000,0.857143,1,2479,0,22632,0
1829,baseline,120.000000,160.000000,0.001944,100.000000,0.020416,18,18,9720,18,18,0.000000,23.160082,1000,225116,4,1.000000,1.000000,0,1659,0,6310,0
1829,attack_only,220.000000,260.000000,0.001944,100.000000,0.014395,18,18,9720,18,18,0.000000,23.571605,1000,229116,4,1.000000,1.000000,0,1662,0,10421,0
1829,defense_only,320.000000,360.000000,0.001944,100.000000,0.012106,18,18,9720,18,18,0.000000,87.484774,1000,850352,4,1.000000,1.000000,0,2568,0,16689,0
1829,defense_vs_attack,420.000000,460.000000,0.001944,100.000000,0.014589,18,18,9720,18,18,0.000000,87.400412,1000,849532,4,0.000000,0.938776,1,2555,0,22914,0
1831,baseline,120.000000,160.000000,0.001944,100.000000,0.020332,18,18,9720,18,18,0.000000,32.269136,1000,313656,4,1.000000,1.000000,0,1812,0,6950,0
1831,attack_only,220.000000,260.000000,0.001944,100.000000,0.008144,18,18,9720,18,18,0.000000,33.039506,1000,321144,4,1.000000,1.000000,0,1828,0,11445,0
1831,defense_only,320.000000,360.000000,0.001944,100.000000,0.017514,18,18,9720,18,18,0.000000,92.452263,1000,898636,4,1.000000,1.000000,0,2539,0,17489,0
1831,defense_vs_attack,420.000000,460.000000,0.001836,94.444444,0.009907,18,17,9180,17,18,5.555556,100.231373,1000,920124,4,0.000000,0.775510,1,2488,0,23675,0
1832,baseline,120.000000,160.000000,0.001944,100.000000,0.021002,18,18,9720,18,18,0.000000,29.528807,1000,287020,4,1.000000,1.000000,0,1803,0,6694,0
1832,attack_only,220.000000,260.000000,0.001944,100.000000,0.008955,18,18,9720,18,18,0.000000,30.983128,1000,301156,4,1.000000,1.000000,0,1796,0,11120,0
1832,defense_only,320.000000,360.000000,0.001944,100.000000,0.018096,18,18,9720,18,18,0.000000,94.490123,1000,918444,4,1.000000,1.000000,0,2491,0,17228,0
1832,defense_vs_attack,420.000000,460.000000,0.001944,100.000000,0.012045,18,18,9720,18,18,0.000000,93.620576,1000,909992,4,0.000000,0.836735,1,2523,0,23430,0
1834,baseline,120.000000,160.000000,0.001944,100.000000,0.015435,18,18,9720,18,18,0.000000,24.486420,1000,238008,3,1.000000,1.000000,0,1621,0,6121,0
1834,attack_only,220.000000,260.000000,0.001944,100.000000,0.005790,18,18,9720,18,18,0.000000,24.421399,1000,237376,3,1.000000,1.000000,0,1600,0,10016,0
1834,defense_only,320.000000,360.000000,0.001944,100.000000,0.013813,18,18,9720,18,18,0.000000,80.053909,1000,778124,3,1.000000,1.000000,0,2360,0,15770,0
1834,defense_vs_attack,420.000000,460.000000,0.001944,100.000000,0.007677,18,18,9720,18,18,0.000000,89.804938,1000,872904,3,0.000000,0.775510,1,2442,0,21749,0
1840,baseline,120.000000,160.000000,0.001944,100.000000,0.041348,18,18,9720,18,18,0.000000,19.662963,1000,191124,8,1.000000,1.000000,0,1635,0,5939,0
1840,attack_only,220.000000,260.000000,0.000000,0.000000,0.000000,18,0,0,0,18,100.000000,0.000000,1000,192572,8,1.000000,1.000000,0,1498,0,9614,0
1840,defense_only,320.000000,360.000000,0.001944,100.000000,0.025660,18,18,9720,18,18,0.000000,90.110700,1000,875876,8,1.000000,1.000000,0,2649,0,16013,0
1840,defense_vs_attack,420.000000,460.000000,0.001188,61.111111,0.035800,18,11,5940,11,18,38.888889,152.573064,1000,906284,8,0.000000,0.857143,1,2635,0,22334,0
1858,baseline,120.000000,160.000000,0.001944,100.000000,0.015644,18,18,9720,18,18,0.000000,28.180658,1000,273916,3,1.000000,1.000000,0,1797,0,6731,0
1858,attack_only,220.000000,260.000000,0.001944,100.000000,0.006214,18,18,9720,18,18,0.000000,28.272428,1000,274808,3,1.000000,1.000000,0,1750,0,11025,0
1858,defense_only,320.000000,360.000000,0.001944,100.000000,0.013705,18,18,9720,18,18,0.000000,81.587243,1000,793028,3,1.000000,1.000000,0,2526,0,17158,0
1858,defense_vs_attack,420.000000,460.000000,0.001944,100.000000,0.010777,18,18,9720,18,18,0.000000,82.811111,1000,804924,3,0.000000,0.836735,1,2632,0,23570,0
1849,baseline,120.000000,160.000000,0.001944,100.000000,0.015577,18,18,9720,18,18,0.000000,27.472428,1000,267032,3,1.000000,1.000000,0,1748,0,6658,0
1849,attack_only,220.000000,260.000000,0.000000,0.000000,0.000000,18,0,0,0,18,100.000000,0.000000,1000,276204,0,1.000000,1.000000,0,1707,0,10989,0
1849,defense_only,320.000000,360.000000,0.001944,100.000000,0.006376,18,18,9720,18,18,0.000000,99.627160,1000,968376,3,1.000000,1.000000,0,2633,0,17427,0
1849,defense_vs_attack,420.000000,460.000000,0.001836,94.444444,0.013269,18,17,9180,17,18,5.555556,104.561656,1000,959876,3,0.000000,0.918367,1,2526,0,23640,0
1860,baseline,120.000000,160.000000,0.001944,100.000000,0.031881,18,18,9720,18,18,0.000000,28.770782,1000,279652,6,1.000000,1.000000,0,1700,0,6290,0
1860,attack_only,220.000000,260.000000,0.000000,0.000000,0.000000,18,0,0,0,18,100.000000,0.000000,1000,280580,6,1.000000,1.000000,0,1641,0,10341,0
1860,defense_only,320.000000,360.000000,0.001944,100.000000,0.022926,18,18,9720,18,18,0.000000,96.683951,1000,939768,6,1.000000,1.000000,0,2472,0,16300,0
1860,defense_vs_attack,420.000000,460.000000,0.001080,55.555556,0.024812,18,10,5400,10,18,44.444444,185.158519,1000,999856,6,0.000000,0.897959,1,2441,0,22367,0
1862,baseline,120.000000,160.000000,0.001944,100.000000,0.031292,18,18,9720,18,18,0.000000,26.556379,1000,258128,6,1.000000,1.000000,0,1800,0,6758,0
1862,attack_only,220.000000,260.000000,0.001944,100.000000,0.011937,18,18,9720,18,18,0.000000,26.111934,1000,253808,6,1.000000,1.000000,0,1784,0,11078,0
1862,defense_only,320.000000,360.000000,0.001944,100.000000,0.028902,18,18,9720,18,18,0.000000,85.555556,1000,831600,6,1.000000,1.000000,0,2650,0,17427,0
1862,defense_vs_attack,420.000000,460.000000,0.001944,100.000000,0.018033,18,18,9720,18,18,0.000000,84.707819,1000,823360,6,0.000000,0.795918,1,2686,0,24047,0
1863,baseline,120.000000,160.000000,0.001944,100.000000,0.053340,18,18,9720,18,18,0.000000,25.404527,1000,246932,10,1.000000,1.000000,0,1857,0,6661,0
1863,attack_only,220.000000,260.000000,0.000000,0.000000,0.000000,18,0,0,0,18,100.000000,0.000000,1000,246708,10,1.000000,1.000000,0,1741,0,10904,0
1863,defense_only,320.000000,360.000000,0.001944,100.000000,0.029201,18,18,9720,18,18,0.000000,95.781481,1000,930996,10,1.000000,1.000000,0,2787,0,17402,0
1863,defense_vs_attack,420.000000,460.000000,0.001728,88.888889,0.036676,18,16,8640,16,18,11.111111,103.975000,1000,898344,10,0.000000,0.857143,1,2774,0,24102,0
1865,baseline,120.000000,160.000000,0.001944,100.000000,0.031402,18,18,9720,18,18,0.000000,28.981070,1000,281696,6,1.000000,1.000000,0,1746,0,6448,0
1865,attack_only,220.000000,260.000000,0.001944,100.000000,0.011990,18,18,9720,18,18,0.000000,28.614403,1000,278132,6,1.000000,1.000000,0,1691,0,10529,0
1865,defense_only,320.000000,360.000000,0.001944,100.000000,0.027029,18,18,9720,18,18,0.000000,88.960082,1000,864692,6,1.000000,1.000000,0,2459,0,16553,0
1865,defense_vs_attack,420.000000,460.000000,0.001944,100.000000,0.015259,18,18,9720,18,18,0.000000,89.684362,1000,871732,6,0.000000,0.755102,1,2523,0,22650,0
1866,baseline,120.000000,160.000000,0.001944,100.000000,0.015831,18,18,9720,18,18,0.000000,37.077778,1000,360396,3,1.000000,1.000000,0,1859,0,7053,0
1866,attack_only,220.000000,260.000000,0.001944,100.000000,0.005789,18,18,9720,18,18,0.000000,37.407407,1000,363600,3,1.000000,1.000000,0,1827,0,11617,0
1866,defense_only,320.000000,360.000000,0.001944,100.000000,0.013462,18,18,9720,18,18,0.000000,98.103704,1000,953568,3,1.000000,1.000000,0,2420,0,17500,0
1866,defense_vs_attack,420.000000,460.000000,0.001944,100.000000,0.007791,18,18,9720,18,18,0.000000,97.973663,1000,952304,3,0.000000,0.795918,1,2301,0,23279,0
1868,baseline,120.000000,160.000000,0.001944,100.000000,0.020677,18,18,9720,18,18,0.000000,29.313169,1000,284924,4,1.000000,1.000000,0,1743,0,6535,0
1868,attack_only,220.000000,260.000000,0.000000,0.000000,0.000000,18,0,0,0,18,100.000000,0.000000,1000,284620,5,1.000000,1.000000,0,1720,0,10725,0
1868,defense_only,320.000000,360.000000,0.001944,100.000000,0.007793,18,18,9720,18,18,0.000000,85.103704,1000,827208,4,1.000000,1.000000,0,2504,0,16753,0
1868,defense_vs_attack,420.000000,460.000000,0.001188,61.111111,0.014658,18,11,5940,11,18,38.888889,137.454545,1000,816480,4,0.000000,0.836735,1,2623,0,22964,0
1870,baseline,120.000000,160.000000,0.001944,100.000000,0.020702,18,18,9720,18,18,0.000000,26.688477,1000,259412,4,1.000000,1.000000,0,1744,0,6603,0
1870,attack_only,220.000000,260.000000,0.001944,100.000000,0.007946,18,18,9720,18,18,0.000000,26.913169,1000,261596,4,1.000000,1.000000,0,1715,0,10822,0
1870,defense_only,320.000000,360.000000,0.001944,100.000000,0.019230,18,18,9720,18,18,0.000000,81.810288,1000,795196,4,1.000000,1.000000,0,2499,0,16937,0
1870,defense_vs_attack,420.000000,460.000000,0.001944,100.000000,0.008472,18,18,9720,18,18,0.000000,82.924691,1000,806028,4,0.000000,0.897959,1,2566,0,23254,0
1873,baseline,120.000000,160.000000,0.001944,100.000000,0.015510,18,18,9720,18,18,0.000000,31.777366,1000,308876,3,1.000000,1.000000,0,1712,0,6425,0
1873,attack_only,220.000000,260.000000,0.001944,100.000000,0.006355,18,18,9720,18,18,0.000000,32.137860,1000,312380,3,1.000000,1.000000,0,1734,0,10630,0
1873,defense_only,320.000000,360.000000,0.001944,100.000000,0.013477,18,18,9720,18,18,0.000000,100.296296,1000,974880,3,1.000000,1.000000,0,2390,0,16371,0
1873,defense_vs_attack,420.000000,460.000000,0.001080,55.555556,0.013089,18,10,5400,10,18,44.444444,177.162963,1000,956680,3,0.000000,0.775510,1,2470,0,22230,0
1874,baseline,120.000000,160.000000,0.001944,100.000000,0.020179,18,18,9720,18,18,0.000000,23.496708,1000,228388,4,1.000000,1.000000,0,1609,0,6096,0
1874,attack_only,220.000000,260.000000,0.001944,100.000000,0.008500,18,18,9720,18,18,0.000000,23.982305,1000,233108,4,1.000000,1.000000,0,1607,0,10000,0
1874,defense_only,320.000000,360.000000,0.001944,100.000000,0.017492,18,18,9720,18,18,0.000000,91.012757,1000,884644,4,1.000000,1.000000,0,2496,0,15961,0
1874,defense_vs_attack,420.000000,460.000000,0.001620,83.333333,0.013945,18,15,8100,15,18,16.666667,106.801481,1000,865092,4,0.000000,0.897959,1,2400,0,21926,0
1876,baseline,120.000000,160.000000,0.001944,100.000000,0.020997,18,18,9720,18,18,0.000000,29.411111,1000,285876,4,1.000000,1.000000,0,1870,0,6924,0
1876,attack_only,220.000000,260.000000,0.001944,100.000000,0.014634,18,18,9720,18,18,0.000000,30.497942,1000,296440,4,1.000000,1.000000,0,1859,0,11385,0
1876,defense_only,320.000000,360.000000,0.001944,100.000000,0.012751,18,18,9720,18,18,0.000000,100.879012,1000,980544,4,1.000000,1.000000,0,2604,0,17723,0
1876,defense_vs_attack,420.000000,460.000000,0.001728,88.888889,0.015996,18,16,8640,16,18,11.111111,112.400000,1000,971136,4,0.000000,0.816327,1,2600,0,24166,0
1879,baseline,120.000000,160.000000,0.001944,100.000000,0.015344,18,18,9720,18,18,0.000000,27.476955,1000,267076,3,1.000000,1.000000,0,1631,0,6240,0
1879,attack_only,220.000000,260.000000,0.001944,100.000000,0.015502,18,18,9720,18,18,0.000000,27.483951,1000,267144,3,1.000000,1.000000,0,1612,0,10222,0
1879,defense_only,320.000000,360.000000,0.001944,100.000000,0.006528,18,18,9720,18,18,0.000000,101.834568,1000,989832,3,1.000000,1.000000,0,2409,0,15986,0
1879,defense_vs_attack,420.000000,460.000000,0.001944,100.000000,0.012843,18,18,9720,18,18,0.000000,101.173251,1000,983404,3,0.000000,0.795918,1,2357,0,21831,0
1884,baseline,120.000000,160.000000,0.001944,100.000000,0.044905,18,18,9720,18,18,0.000000,32.183539,1000,312824,7,1.000000,1.000000,0,1760,0,6548,0
1884,attack_only,220.000000,260.000000,0.001944,100.000000,0.023321,18,18,9720,18,18,0.000000,31.635391,1000,307496,7,1.000000,1.000000,0,1787,0,10817,0
1884,defense_only,320.000000,360.000000,0.001944,100.000000,0.024138,18,18,9720,18,18,0.000000,93.987243,1000,913556,7,1.000000,1.000000,0,2474,0,16783,0
1884,defense_vs_attack,420.000000,460.000000,0.000864,44.444444,0.030581,18,8,4320,8,18,55.555556,205.881481,1000,889408,7,0.000000,0.795918,1,2529,0,22905,0
1885,baseline,120.000000,160.000000,0.001944,100.000000,0.035405,18,18,9720,18,18,0.000000,32.183951,1000,312828,7,1.000000,1.000000,0,1887,0,6928,0
1885,attack_only,220.000000,260.000000,0.000000,0.000000,0.000000,18,0,0,0,18,100.000000,0.000000,1000,301068,8,1.000000,1.000000,0,1806,0,11388,0
1885,defense_only,320.000000,360.000000,0.001944,100.000000,0.021223,18,18,9720,18,18,0.000000,81.825103,1000,795340,7,1.000000,1.000000,0,2496,0,17371,0
1885,defense_vs_attack,420.000000,460.000000,0.001944,100.000000,0.025535,18,18,9720,18,18,0.000000,85.442387,1000,830500,7,0.000000,0.816327,1,2550,0,23637,0
1882,baseline,120.000000,160.000000,0.001944,100.000000,0.015206,18,18,9720,18,18,0.000000,27.921399,1000,271396,3,1.000000,1.000000,0,1664,0,6216,0
1882,attack_only,220.000000,260.000000,0.001944,100.000000,0.006083,18,18,9720,18,18,0.000000,27.683951,1000,269088,3,1.000000,1.000000,0,1585,0,10136,0
1882,defense_only,320.000000,360.000000,0.001944,100.000000,0.013227,18,18,9720,18,18,0.000000,111.524280,1000,1084016,3,1.000000,1.000000,0,2393,0,15893,0
1882,defense_vs_attack,420.000000,460.000000,0.001944,100.000000,0.007681,18,18,9720,18,18,0.000000,109.983951,1000,1069044,3,0.000000,0.795918,1,2429,0,21807,0
1886,baseline,120.000000,160.000000,0.001944,100.000000,0.015731,18,18,9720,18,18,0.000000,27.135391,1000,263756,3,1.000000,1.000000,0,1664,0,6453,0
1886,attack_only,220.000000,260.000000,0.001944,100.000000,0.005789,18,18,9720,18,18,0.000000,25.907407,1000,251820,3,1.000000,1.000000,0,1625,0,10506,0
1886,defense_only,320.000000,360.000000,0.001944,100.000000,0.012811,18,18,9720,18,18,0.000000,79.646914,1000,774168,3,1.000000,1.000000,0,2424,0,16276,0
1886,defense_vs_attack,420.000000,460.000000,0.001944,100.000000,0.007136,18,18,9720,18,18,0.000000,82.909053,1000,805876,3,0.000000,0.857143,1,2404,0,22194,0
1887,baseline,120.000000,160.000000,0.001944,100.000000,0.015232,18,18,9720,18,18,0.000000,32.295062,1000,313908,3,1.000000,1.000000,0,1763,0,6733,0
1887,attack_only,220.000000,260.000000,0.001944,100.000000,0.016016,18,18,9720,18,18,0.000000,33.374486,1000,324400,3,1.000000,1.000000,0,1746,0,10996,0
1887,defense_only,320.000000,360.000000,0.001944,100.000000,0.005868,18,18,9720,18,18,0.000000,106.978189,1000,1039828,3,1.000000,1.000000,0,2426,0,16815,0
1887,defense_vs_attack,420.000000,460.000000,0.001944,100.000000,0.009988,18,18,9720,18,18,0.000000,108.929218,1000,1058792,3,0.000000,0.836735,1,2453,0,22764,0
1892,baseline,120.000000,160.000000,0.001944,100.000000,0.086882,18,18,9720,18,18,0.000000,33.922222,1000,329724,6,1.000000,1.000000,0,1898,0,7005,0
1892,attack_only,220.000000,260.000000,0.000000,0.000000,0.000000,18,0,0,0,18,100.000000,0.000000,1000,335264,6,1.000000,1.000000,0,1846,0,11552,0
1892,defense_only,320.000000,360.000000,0.001944,100.000000,0.016912,18,18,9720,18,18,0.000000,86.142798,1000,837308,6,1.000000,1.000000,0,2544,0,17662,0
1892,defense_vs_attack,420.000000,460.000000,0.001944,100.000000,0.029764,18,18,9720,18,18,0.000000,87.037449,1000,846004,6,0.000000,0.918367,1,2488,0,23709,0
1893,baseline,120.000000,160.000000,0.001944,100.000000,0.020870,18,18,9720,18,18,0.000000,27.572840,1000,268008,4,1.000000,1.000000,0,1719,0,6483,0
1893,attack_only,220.000000,260.000000,0.001944,100.000000,0.017375,18,18,9720,18,18,0.000000,26.695473,1000,259480,4,1.000000,1.000000,0,1698,0,10607,0
1893,defense_only,320.000000,360.000000,0.001944,100.000000,0.010229,18,18,9720,18,18,0.000000,75.787243,1000,736652,4,1.000000,1.000000,0,2425,0,16422,0
1893,defense_vs_attack,420.000000,460.000000,0.001512,77.777778,0.013879,18,14,7560,14,18,22.222222,111.450265,1000,842564,4,0.000000,0.775510,1,2437,0,22339,0
1896,baseline,120.000000,160.000000,0.001944,100.000000,0.031255,18,18,9720,18,18,0.000000,32.310288,1000,314056,6,1.000000,1.000000,0,1919,0,7088,0
1896,attack_only,220.000000,260.000000,0.000000,0.000000,0.000000,18,0,0,0,18,100.000000,0.000000,1000,317728,6,1.000000,1.000000,0,1861,0,11614,0
1896,defense_only,320.000000,360.000000,0.001944,100.000000,0.018648,18,18,9720,18,18,0.000000,84.537449,1000,821704,6,1.000000,1.000000,0,2620,0,18044,0
1896,defense_vs_attack,420.000000,460.000000,0.001944,100.000000,0.016731,18,18,9720,18,18,0.000000,82.452675,1000,801440,6,0.000000,0.918367,1,2580,0,24465,0
1898,baseline,120.000000,160.000000,0.001944,100.000000,0.035812,18,18,9720,18,18,0.000000,28.781070,1000,279752,7,1.000000,1.000000,0,1827,0,6723,0
1898,attack_only,220.000000,260.000000,0.001944,100.000000,0.013899,18,18,9720,18,18,0.000000,29.255967,1000,284368,7,1.000000,1.000000,0,1822,0,11083,0
1898,defense_only,320.000000,360.000000,0.001944,100.000000,0.032045,18,18,9720,18,18,0.000000,86.934156,1000,845000,7,1.000000,1.000000,0,2559,0,17222,0
1898,defense_vs_attack,420.000000,460.000000,0.001944,100.000000,0.017101,18,18,9720,18,18,0.000000,89.079012,1000,865848,7,0.000000,0.857143,1,2664,0,23605,0
1899,baseline,120.000000,160.000000,0.001944,100.000000,0.036607,18,18,9720,18,18,0.000000,31.318519,1000,304416,7,1.000000,1.000000,0,1806,0,6738,0
1899,attack_only,220.000000,260.000000,0.000000,0.000000,0.000000,18,0,0,0,18,100.000000,0.000000,1000,295132,7,1.000000,1.000000,0,1791,0,11072,0
1899,defense_only,320.000000,360.000000,0.001944,100.000000,0.023651,18,18,9720,18,18,0.000000,100.148971,1000,973448,7,1.000000,1.000000,0,2532,0,17095,0
1899,defense_vs_attack,420.000000,460.000000,0.000864,44.444444,0.052035,18,8,4320,8,18,55.555556,221.014815,1000,954784,8,0.000000,0.877551,1,2659,0,23382,0
1904,baseline,120.000000,160.000000,0.001944,100.000000,0.041314,18,18,9720,18,18,0.000000,27.704527,1000,269288,8,1.000000,1.000000,0,1774,0,6576,0
1904,attack_only,220.000000,260.000000,0.000000,0.000000,0.000000,18,0,0,0,18,100.000000,0.000000,1000,274888,8,1.000000,1.000000,0,1695,0,10756,0
1904,defense_only,320.000000,360.000000,0.001944,100.000000,0.016141,18,18,9720,18,18,0.000000,100.755144,1000,979340,8,1.000000,1.000000,0,2553,0,16847,0
1904,defense_vs_attack,420.000000,460.000000,0.001836,94.444444,0.037967,18,17,9180,17,18,5.555556,102.755991,1000,943300,8,0.000000,0.857143,1,2610,0,23048,0
1915,baseline,120.000000,160.000000,0.001944,100.000000,0.021262,18,18,9720,18,18,0.000000,29.020576,1000,282080,4,1.000000,1.000000,0,1683,0,6305,0
1915,attack_only,220.000000,260.000000,0.001944,100.000000,0.007794,18,18,9720,18,18,0.000000,29.794650,1000,289604,4,1.000000,1.000000,0,1706,0,10440,0
1915,defense_only,320.000000,360.000000,0.001944,100.000000,0.017485,18,18,9720,18,18,0.000000,90.697119,1000,881576,4,1.000000,1.000000,0,2313,0,16053,0
1915,defense_vs_attack,420.000000,460.000000,0.001944,100.000000,0.009632,18,18,9720,18,18,0.000000,93.193004,1000,905836,4,0.000000,0.816327,1,2421,0,21942,0
1911,baseline,120.000000,160.000000,0.001944,100.000000,0.020307,18,18,9720,18,18,0.000000,32.239506,1000,313368,4,1.000000,1.000000,0,1807,0,6774,0
1911,attack_only,220.000000,260.000000,0.001944,100.000000,0.007794,18,18,9720,18,18,0.000000,32.878189,1000,319576,4,1.000000,1.000000,0,1814,0,11242,0
1911,defense_only,320.000000,360.000000,0.001944,100.000000,0.020736,18,18,9720,18,18,0.000000,100.769959,1000,979484,4,1.000000,1.000000,0,2475,0,17203,0
1911,defense_vs_attack,420.000000,460.000000,0.001944,100.000000,0.008641,18,18,9720,18,18,0.000000,97.221811,1000,944996,4,0.000000,0.836735,1,2463,0,23295,0
1917,baseline,120.000000,160.000000,0.001944,100.000000,0.021324,18,18,9720,18,18,0.000000,27.087654,1000,263292,4,1.000000,1.000000,0,1635,0,6250,0
1917,attack_only,220.000000,260.000000,0.000000,0.000000,0.000000,18,0,0,0,18,100.000000,0.000000,1000,266960,4,1.000000,1.000000,0,1618,0,10220,0
1917,defense_only,320.000000,360.000000,0.001944,100.000000,0.016850,18,18,9720,18,18,0.000000,92.311523,1000,897268,4,1.000000,1.000000,0,2381,0,15990,0
1917,defense_vs_attack,420.000000,460.000000,0.000324,16.666667,0.061474,18,3,1620,3,18,83.333333,529.896296,1000,858432,0,0.000000,0.795918,1,2900,0,22479,0
1914,baseline,120.000000,160.000000,0.001944,100.000000,0.020191,18,18,9720,18,18,0.000000,27.884362,1000,271036,4,1.000000,1.000000,0,1761,0,6601,0
1914,attack_only,220.000000,260.000000,0.000000,0.000000,0.000000,18,0,0,0,18,100.000000,0.000000,1000,272844,4,1.000000,1.000000,0,1684,0,10769,0
1914,defense_only,320.000000,360.000000,0.001944,100.000000,0.010936,18,18,9720,18,18,0.000000,82.432099,1000,801240,4,1.000000,1.000000,0,2596,0,17101,0
1914,defense_vs_attack,420.000000,460.000000,0.001404,72.222222,0.030624,18,13,7020,13,18,27.777778,125.382336,1000,880184,5,0.000000,0.816327,1,2665,0,23580,0
1913,baseline,120.000000,160.000000,0.001944,100.000000,0.037057,18,18,9720,18,18,0.000000,24.419342,1000,237356,7,1.000000,1.000000,0,1616,0,5932,0
1913,attack_only,220.000000,260.000000,0.001944,100.000000,0.014481,18,18,9720,18,18,0.000000,24.932922,1000,242348,7,1.000000,1.000000,0,1618,0,9799,0
1913,defense_only,320.000000,360.000000,0.001944,100.000000,0.032205,18,18,9720,18,18,0.000000,99.869136,1000,970728,7,1.000000,1.000000,0,2376,0,15580,0
1913,defense_vs_attack,420.000000,460.000000,0.001188,61.111111,0.031455,18,11,5940,11,18,38.888889,163.496296,1000,971168,7,0.000000,0.857143,1,2371,0,21337,0
1920,baseline,120.000000,160.000000,0.001944,100.000000,0.014918,18,18,9720,18,18,0.000000,31.846914,1000,309552,3,1.000000,1.000000,0,1837,0,7050,0
1920,attack_only,220.000000,260.000000,0.001944,100.000000,0.005869,18,18,9720,18,18,0.000000,32.648560,1000,317344,3,1.000000,1.000000,0,1836,0,11533,0
1920,defense_only,320.000000,360.000000,0.001944,100.000000,0.013892,18,18,9720,18,18,0.000000,101.156379,1000,983240,3,1.000000,1.000000,0,2539,0,17768,0
1920,defense_vs_attack,420.000000,460.000000,0.001944,100.000000,0.007125,18,18,9720,18,18,0.000000,98.548971,1000,957896,3,0.000000,0.857143,1,2566,0,24146,0
1927,baseline,120.000000,160.000000,0.001944,100.000000,0.040664,18,18,9720,18,18,0.000000,30.213992,1000,293680,8,1.000000,1.000000,0,1847,0,6616,0
1927,attack_only,220.000000,260.000000,0.001944,100.000000,0.016324,18,18,9720,18,18,0.000000,29.836626,1000,290012,8,1.000000,1.000000,0,1782,0,10867,0
1927,defense_only,320.000000,360.000000,0.001944,100.000000,0.034318,18,18,9720,18,18,0.000000,89.216461,1000,867184,8,1.000000,1.000000,0,2468,0,16691,0
1927,defense_vs_attack,420.000000,460.000000,0.001512,77.777778,0.024991,18,14,7560,14,18,22.222222,88.589418,1000,669736,8,0.000000,0.775510,1,2305,0,22441,0
1931,baseline,120.000000,160.000000,0.001944,100.000000,0.032299,18,18,9720,18,18,0.000000,26.323868,1000,255868,6,1.000000,1.000000,0,1750,0,6471,0
1931,attack_only,220.000000,260.000000,0.001944,100.000000,0.012754,18,18,9720,18,18,0.000000,28.017695,1000,272332,6,1.000000,1.000000,0,1749,0,10695,0
1931,defense_only,320.000000,360.000000,0.001944,100.000000,0.023130,18,18,9720,18,18,0.000000,93.606996,1000,909860,6,1.000000,1.000000,0,2620,0,16961,0
1931,defense_vs_attack,420.000000,460.000000,0.001944,100.000000,0.014782,18,18,9720,18,18,0.000000,92.835391,1000,902360,6,0.000000,0.897959,1,2607,0,23143,0
1930,baseline,120.000000,160.000000,0.001944,100.000000,0.015887,18,18,9720,18,18,0.000000,32.054733,1000,311572,3,1.000000,1.000000,0,1811,0,6813,0
1930,attack_only,220.000000,260.000000,0.001944,100.000000,0.005893,18,18,9720,18,18,0.000000,32.318107,1000,314132,3,1.000000,1.000000,0,1753,0,11179,0
1930,defense_only,320.000000,360.000000,0.001944,100.000000,0.015438,18,18,9720,18,18,0.000000,98.827984,1000,960608,3,1.000000,1.000000,0,2469,0,17215,0
1930,defense_vs_attack,420.000000,460.000000,0.001944,100.000000,0.005887,18,18,9720,18,18,0.000000,101.501235,1000,986592,3,0.000000,0.918367,1,2443,0,23232,0
1938,baseline,120.000000,160.000000,0.001944,100.000000,0.025181,18,18,9720,18,18,0.000000,30.188477,1000,293432,5,1.000000,1.000000,0,1837,0,6814,0
1938,attack_only,220.000000,260.000000,0.001944,100.000000,0.009935,18,18,9720,18,18,0.000000,29.702469,1000,288708,5,1.000000,1.000000,0,1762,0,11151,0
1938,defense_only,320.000000,360.000000,0.001944,100.000000,0.023055,18,18,9720,18,18,0.000000,91.977778,1000,894024,5,1.000000,1.000000,0,2581,0,17322,0
1938,defense_vs_attack,420.000000,460.000000,0.001944,100.000000,0.012552,18,18,9720,18,18,0.000000,94.181481,1000,915444,5,0.000000,0.877551,1,2696,0,23835,0
1939,baseline,120.000000,160.000000,0.001944,100.000000,0.021918,18,18,9720,18,18,0.000000,25.826337,1000,251032,4,1.000000,1.000000,0,1641,0,6261,0
1939,attack_only,220.000000,260.000000,0.001944,100.000000,0.019361,18,18,9720,18,18,0.000000,26.511523,1000,257692,4,1.000000,1.000000,0,1648,0,10281,0
1939,defense_only,320.000000,360.000000,0.001944,100.000000,0.010307,18,18,9720,18,18,0.000000,90.846502,1000,883028,4,1.000000,1.000000,0,2388,0,15997,0
1939,defense_vs_attack,420.000000,460.000000,0.001944,100.000000,0.016509,18,18,9720,18,18,0.000000,90.855144,1000,883112,4,0.000000,0.877551,1,2400,0,21935,0
1946,baseline,120.000000,160.000000,0.001944,100.000000,0.041224,18,18,9720,18,18,0.000000,26.951029,1000,261964,8,1.000000,1.000000,0,1793,0,6565,0
1946,attack_only,220.000000,260.000000,0.000000,0.000000,0.000000,18,0,0,0,18,100.000000,0.000000,1000,265584,8,1.000000,1.000000,0,1709,0,10745,0
1946,defense_only,320.000000,360.000000,0.001944,100.000000,0.022601,18,18,9720,18,18,0.000000,92.439918,1000,898516,8,1.000000,1.000000,0,2586,0,16856,0
1946,defense_vs_attack,420.000000,460.000000,0.001512,77.777778,0.037929,18,14,7560,14,18,22.222222,117.913757,1000,891428,8,0.000000,0.918367,1,2573,0,23056,0
1949,baseline,120.000000,160.000000,0.001944,100.000000,0.015209,18,18,9720,18,18,0.000000,26.835391,1000,260840,3,1.000000,1.000000,0,1641,0,6218,0
1949,attack_only,220.000000,260.000000,0.001944,100.000000,0.006078,18,18,9720,18,18,0.000000,26.483539,1000,257420,3,1.000000,1.000000,0,1627,0,10202,0
1949,defense_only,320.000000,360.000000,0.001944,100.000000,0.013007,18,18,9720,18,18,0.000000,88.587654,1000,861072,3,1.000000,1.000000,0,2382,0,16005,0
1949,defense_vs_attack,420.000000,460.000000,0.001944,100.000000,0.007066,18,18,9720,18,18,0.000000,86.137449,1000,837256,3,0.000000,0.836735,2,2525,0,22100,0
1953,baseline,120.000000,160.000000,0.001944,100.000000,0.030676,18,18,9720,18,18,0.000000,25.467078,1000,247540,6,1.000000,1.000000,0,1708,0,6355,0
1953,attack_only,220.000000,260.000000,0.000000,0.000000,0.000000,18,0,0,0,18,100.000000,0.000000,1000,247440,6,1.000000,1.000000,0,1643,0,10425,0
1953,defense_only,320.000000,360.000000,0.001944,100.000000,0.019592,18,18,9720,18,18,0.000000,86.685597,1000,842584,6,1.000000,1.000000,0,2531,0,16590,0
1953,defense_vs_attack,420.000000,460.000000,0.000000,0.000000,0.000000,7,0,0,0,18,100.000000,0.000000,1000,657964,0,0.000000,0.897959,1,2351,0,22492,0
1951,baseline,120.000000,160.000000,0.001944,100.000000,0.025964,18,18,9720,18,18,0.000000,27.403292,1000,266360,5,1.000000,1.000000,0,1681,0,6289,0
1951,attack_only,220.000000,260.000000,0.001944,100.000000,0.011778,18,18,9720,18,18,0.000000,29.365021,1000,285428,5,1.000000,1.000000,0,1686,0,10354,0
1951,defense_only,320.000000,360.000000,0.001944,100.000000,0.020118,18,18,9720,18,18,0.000000,88.111934,1000,856448,5,1.000000,1.000000,0,2362,0,15974,0
1951,defense_vs_attack,420.000000,460.000000,0.001404,72.222222,0.012646,18,13,7020,13,18,27.777778,133.986325,1000,940584,5,0.000000,0.836735,1,2337,0,21622,0
1950,baseline,120.000000,160.000000,0.001944,100.000000,0.015144,18,18,9720,18,18,0.000000,24.418519,1000,237348,3,1.000000,1.000000,0,1579,0,5903,0
1950,attack_only,220.000000,260.000000,0.001944,100.000000,0.005897,18,18,9720,18,18,0.000000,22.870370,1000,222300,3,1.000000,1.000000,0,1501,0,9605,0
1950,defense_only,320.000000,360.000000,0.001944,100.000000,0.012824,18,18,9720,18,18,0.000000,98.021399,1000,952768,3,1.000000,1.000000,0,2309,0,15169,0
1950,defense_vs_attack,420.000000,460.000000,0.001944,100.000000,0.007159,18,18,9720,18,18,0.000000,98.025926,1000,952812,3,0.000000,0.775510,1,2322,0,20955,0
1955,baseline,120.000000,160.000000,0.001944,100.000000,0.015159,18,18,9720,18,18,0.000000,27.736214,1000,269596,3,1.000000,1.000000,0,1634,0,6303,0
1955,attack_only,220.000000,260.000000,0.001944,100.000000,0.005790,18,18,9720,18,18,0.000000,28.069136,1000,272832,3,1.000000,1.000000,0,1652,0,10345,0
1955,defense_only,320.000000,360.000000,0.001944,100.000000,0.013124,18,18,9720,18,18,0.000000,78.338683,1000,761452,3,1.000000,1.000000,0,2383,0,16243,0
1955,defense_vs_attack,420.000000,460.000000,0.001944,100.000000,0.007547,18,18,9720,18,18,0.000000,84.626749,1000,822572,3,0.000000,0.816327,3,2546,0,22276,0
1954,baseline,120.000000,160.000000,0.001944,100.000000,0.015875,18,18,9720,18,18,0.000000,27.008230,1000,262520,3,1.000000,1.000000,0,1592,0,5961,0
1954,attack_only,220.000000,260.000000,0.001944,100.000000,0.006596,18,18,9720,18,18,0.000000,28.395473,1000,276004,3,1.000000,1.000000,0,1580,0,9823,0
1954,defense_only,320.000000,360.000000,0.001944,100.000000,0.015965,18,18,9720,18,18,0.000000,117.658848,998,1143644,3,1.000000,1.000000,0,2446,0,15742,0
1954,defense_vs_attack,420.000000,460.000000,0.001188,61.111111,0.006465,18,11,5940,11,18,38.888889,188.403367,1000,1119116,3,0.000000,0.816327,1,2394,0,21713,0
1957,baseline,120.000000,160.000000,0.001944,100.000000,0.015373,18,18,9720,18,18,0.000000,25.895885,1000,251708,3,1.000000,1.000000,0,1756,0,6601,0
1957,attack_only,220.000000,260.000000,0.001944,100.000000,0.005937,18,18,9720,18,18,0.000000,26.250617,1000,255156,3,1.000000,1.000000,0,1766,0,10923,0
1957,defense_only,320.000000,360.000000,0.001944,100.000000,0.013037,18,18,9720,18,18,0.000000,75.819753,1000,736968,3,1.000000,1.000000,0,2586,0,17226,0
1957,defense_vs_attack,420.000000,460.000000,0.001944,100.000000,0.007583,18,18,9720,18,18,0.000000,80.925514,1000,786596,3,0.000000,0.816327,1,2685,0,23680,0
1956,baseline,120.000000,160.000000,0.001944,100.000000,0.021475,18,18,9720,18,18,0.000000,32.673663,1000,317588,4,1.000000,1.000000,0,1786,0,6818,0
1956,attack_only,220.000000,260.000000,0.001944,100.000000,0.007793,18,18,9720,18,18,0.000000,31.984362,1000,310888,4,1.000000,1.000000,0,1815,0,11194,0
1956,defense_only,320.000000,360.000000,0.001944,100.000000,0.017307,18,18,9720,18,18,0.000000,92.378189,1000,897916,4,1.000000,1.000000,0,2482,0,17150,0
1956,defense_vs_attack,420.000000,460.000000,0.001944,100.000000,0.009725,18,18,9720,18,18,0.000000,94.716461,1000,920644,4,0.000000,0.816327,1,2451,0,23044,0
1970,baseline,120.000000,160.000000,0.001944,100.000000,0.036738,18,18,9720,18,18,0.000000,24.770370,1000,240768,7,1.000000,1.000000,0,1747,0,6500,0
1970,attack_only,220.000000,260.000000,0.000000,0.000000,0.000000,18,0,0,0,18,100.000000,0.000000,1000,254216,8,1.000000,1.000000,0,1762,0,10750,0
1970,defense_only,320.000000,360.000000,0.001944,100.000000,0.022129,18,18,9720,18,18,0.000000,76.103292,1000,739724,7,1.000000,1.000000,0,2591,0,16917,0
1970,defense_vs_attack,420.000000,460.000000,0.001080,55.555556,0.022492,18,10,5400,10,18,44.444444,139.456296,1000,753064,7,0.000000,0.918367,1,2496,0,23190,0
1971,baseline,120.000000,160.000000,0.001944,100.000000,0.081477,18,18,9720,18,18,0.000000,32.037860,1000,311408,5,1.000000,1.000000,0,1801,0,6759,0
1971,attack_only,220.000000,260.000000,0.001944,100.000000,0.010006,18,18,9720,18,18,0.000000,32.574486,1000,316624,5,1.000000,1.000000,0,1871,0,11241,0
1971,defense_only,320.000000,360.000000,0.001944,100.000000,0.021110,18,18,9720,18,18,0.000000,90.005761,1000,874856,5,1.000000,1.000000,0,2453,0,17270,0
1971,defense_vs_attack,420.000000,460.000000,0.001944,100.000000,0.012789,18,18,9720,18,18,0.000000,91.655967,1000,890896,5,0.000000,0.877551,1,2487,0,23363,0
1972,baseline,120.000000,160.000000,0.001944,100.000000,0.015295,18,18,9720,18,18,0.000000,31.277778,1000,304020,3,1.000000,1.000000,0,1822,0,6879,0
1972,attack_only,220.000000,260.000000,0.001944,100.000000,0.005870,18,18,9720,18,18,0.000000,31.223457,1000,303492,3,1.000000,1.000000,0,1785,0,11294,0
1972,defense_only,320.000000,360.000000,0.001944,100.000000,0.013006,18,18,9720,18,18,0.000000,84.453909,1000,820892,3,1.000000,1.000000,0,2391,0,17214,0
1972,defense_vs_attack,420.000000,460.000000,0.001296,66.666667,0.014716,18,12,6480,12,18,33.333333,129.174691,1000,837052,3,0.000000,0.857143,2,2669,0,23561,0
1975,baseline,120.000000,160.000000,0.001944,100.000000,0.036480,18,18,9720,18,18,0.000000,25.153498,1000,244492,7,1.000000,1.000000,0,1720,0,6279,0
1975,attack_only,220.000000,260.000000,0.000000,0.000000,0.000000,0,0,0,0,18,100.000000,0.000000,1000,189168,0,1.000000,1.000000,0,1483,0,9976,0
1975,defense_only,320.000000,360.000000,0.001944,100.000000,0.014233,18,18,9720,18,18,0.000000,96.525103,1000,938224,7,1.000000,1.000000,0,2728,0,16347,0
1975,defense_vs_attack,420.000000,460.000000,0.001188,61.111111,0.029175,18,11,5940,11,18,38.888889,151.263973,1000,898508,7,0.000000,0.959184,1,2652,0,22388,0
1978,baseline,120.000000,160.000000,0.001944,100.000000,0.015741,18,18,9720,18,18,0.000000,31.558025,1000,306744,3,1.000000,1.000000,0,1773,0,6697,0
1978,attack_only,220.000000,260.000000,0.001944,100.000000,0.005992,18,18,9720,18,18,0.000000,33.047325,1000,321220,3,1.000000,1.000000,0,1785,0,11105,0
1978,defense_only,320.000000,360.000000,0.001944,100.000000,0.013973,18,18,9720,18,18,0.000000,99.314403,1000,965336,3,1.000000,1.000000,0,2359,0,16880,0
1978,defense_vs_attack,420.000000,460.000000,0.001944,100.000000,0.007283,18,18,9720,18,18,0.000000,96.366255,1000,936680,3,0.000000,0.857143,1,2370,0,22712,0
1980,baseline,120.000000,160.000000,0.001944,100.000000,0.015756,18,18,9720,18,18,0.000000,29.072016,1000,282580,3,1.000000,1.000000,0,1643,0,6241,0
1980,attack_only,220.000000,260.000000,0.001944,100.000000,0.006473,18,18,9720,18,18,0.000000,29.237449,1000,284188,3,1.000000,1.000000,0,1600,0,10248,0
1980,defense_only,320.000000,360.000000,0.001944,100.000000,0.012304,18,18,9720,18,18,0.000000,103.906173,1000,1009968,3,1.000000,1.000000,0,2381,0,16044,0
1980,defense_vs_attack,420.000000,460.000000,0.001944,100.000000,0.009270,18,18,9720,18,18,0.000000,102.276955,1000,994132,3,0.000000,0.836735,1,2426,0,22017,0
1982,baseline,120.000000,160.000000,0.001944,100.000000,0.015814,18,18,9720,18,18,0.000000,28.931276,1000,281212,3,1.000000,1.000000,0,1708,0,6524,0
1982,attack_only,220.000000,260.000000,0.000000,0.000000,0.000000,18,0,0,0,18,100.000000,0.000000,1000,279568,3,1.000000,1.000000,0,1675,0,10646,0
1982,defense_only,320.000000,360.000000,0.001944,100.000000,0.008941,18,18,9720,18,18,0.000000,96.379012,1000,936804,3,1.000000,1.000000,0,2508,0,16509,0
1982,defense_vs_attack,420.000000,460.000000,0.000864,44.444444,0.026899,18,8,4320,8,18,55.555556,208.437037,1000,900448,4,0.000000,0.795918,1,2490,0,22613,0
1996,baseline,120.000000,160.000000,0.001944,100.000000,0.020605,18,18,9720,18,18,0.000000,28.190947,1000,274016,4,1.000000,1.000000,0,1754,0,6529,0
1996,attack_only,220.000000,260.000000,0.001944,100.000000,0.008019,18,18,9720,18,18,0.000000,28.027984,1000,272432,4,1.000000,1.000000,0,1791,0,10868,0
1996,defense_only,320.000000,360.000000,0.001944,100.000000,0.017688,18,18,9720,18,18,0.000000,89.655144,1000,871448,4,1.000000,1.000000,0,2563,0,17217,0
1996,defense_vs_attack,420.000000,460.000000,0.001080,55.555556,0.014648,18,10,5400,10,18,44.444444,159.151852,1000,859420,4,0.000000,0.836735,1,2511,0,23528,0
1994,baseline,120.000000,160.000000,0.001944,100.000000,0.032080,18,18,9720,18,18,0.000000,33.686831,1000,327436,6,1.000000,1.000000,0,1903,0,6924,0
1994,attack_only,220.000000,260.000000,0.000000,0.000000,0.000000,18,0,0,0,18,100.000000,0.000000,1000,311596,6,1.000000,1.000000,0,1758,0,11304,0
1994,defense_only,320.000000,360.000000,0.001944,100.000000,0.024590,18,18,9720,18,18,0.000000,101.676955,1000,988300,6,1.000000,1.000000,0,2624,0,17536,0
1994,defense_vs_attack,420.000000,460.000000,0.001296,66.666667,0.017603,18,12,6480,12,18,33.333333,150.312346,1000,974024,6,0.000000,0.836735,1,2501,0,23647,0
1993,baseline,120.000000,160.000000,0.001944,100.000000,0.027125,18,18,9720,18,18,0.000000,28.223457,1000,274332,5,1.000000,1.000000,0,1687,0,6415,0
1993,attack_only,220.000000,260.000000,0.000000,0.000000,0.000000,18,0,0,0,18,100.000000,0.000000,1000,277628,5,1.000000,1.000000,0,1678,0,10520,0
1993,defense_only,320.000000,360.000000,0.001944,100.000000,0.016242,18,18,9720,18,18,0.000000,109.479835,1000,1064144,5,1.000000,1.000000,0,2511,0,16353,0
1993,defense_vs_attack,420.000000,460.000000,0.000756,38.888889,0.021921,18,7,3780,7,18,61.111111,283.360847,1000,1071104,5,0.000000,0.795918,1,2619,0,22551,0
1999,baseline,120.000000,160.000000,0.001944,100.000000,0.086068,18,18,9720,18,18,0.000000,30.017284,1000,291768,6,1.000000,1.000000,0,1806,0,6701,0
1999,attack_only,220.000000,260.000000,0.000000,0.000000,0.000000,18,0,0,0,18,100.000000,0.000000,1000,281292,7,1.000000,1.000000,0,1727,0,10987,0
1999,defense_only,320.000000,360.000000,0.001944,100.000000,0.016775,18,18,9720,18,18,0.000000,91.161728,1000,886092,6,1.000000,1.000000,0,2470,0,16929,0
1999,defense_vs_attack,420.000000,460.000000,0.001296,66.666667,0.022352,18,12,6480,12,18,33.333333,137.851852,1000,893280,6,0.000000,0.877551,1,2451,0,22967,0
2011,baseline,120.000000,160.000000,0.001944,100.000000,0.021124,18,18,9720,18,18,0.000000,26.886831,1000,261340,4,1.000000,1.000000,0,1694,0,6457,0
2011,attack_only,220.000000,260.000000,0.001944,100.000000,0.008498,18,18,9720,18,18,0.000000,27.340329,1000,265748,4,1.000000,1.000000,0,1696,0,10618,0
2011,defense_only,320.000000,360.000000,0.001944,100.000000,0.017273,18,18,9720,18,18,0.000000,85.317695,1000,829288,4,1.000000,1.000000,0,2424,0,16529,0
2011,defense_vs_attack,420.000000,460.000000,0.001944,100.000000,0.010692,18,18,9720,18,18,0.000000,84.209465,1000,818516,4,0.000000,0.938776,1,2505,0,22641,0
2007,baseline,120.000000,160.000000,0.001944,100.000000,0.025954,18,18,9720,18,18,0.000000,25.306996,1000,245984,5,1.000000,1.000000,0,1684,0,6446,0
2007,attack_only,220.000000,260.000000,0.001944,100.000000,0.010249,18,18,9720,18,18,0.000000,25.886008,1000,251612,5,1.000000,1.000000,0,1706,0,10621,0
2007,defense_only,320.000000,360.000000,0.001944,100.000000,0.021765,18,18,9720,18,18,0.000000,95.004938,1000,923448,5,1.000000,1.000000,0,2573,0,16755,0
2007,defense_vs_attack,420.000000,460.000000,0.001944,100.000000,0.012521,18,18,9720,18,18,0.000000,93.441152,1000,908248,5,0.000000,0.918367,1,2546,0,22954,0
2013,baseline,120.000000,160.000000,0.001944,100.000000,0.031232,18,18,9720,18,18,0.000000,26.767078,1000,260176,6,1.000000,1.000000,0,1739,0,6329,0
2013,attack_only,220.000000,260.000000,0.001944,100.000000,0.011985,18,18,9720,18,18,0.000000,26.042387,1000,253132,6,1.000000,1.000000,0,1654,0,10371,0
2013,defense_only,320.000000,360.000000,0.001944,100.000000,0.026238,18,18,9720,18,18,0.000000,87.862551,1000,854024,6,1.000000,1.000000,0,2429,0,16206,0
2013,defense_vs_attack,420.000000,460.000000,0.001296,66.666667,0.117980,18,12,6480,12,18,33.333333,135.732099,1000,879544,0,0.000000,0.816327,2,2555,0,22335,0
2016,baseline,120.000000,160.000000,0.001944,100.000000,0.021009,18,18,9720,18,18,0.000000,29.183539,1000,283664,4,1.000000,1.000000,0,1703,0,6479,0
2016,attack_only,220.000000,260.000000,0.001944,100.000000,0.008199,18,18,9720,18,18,0.000000,28.909465,1000,281000,4,1.000000,1.000000,0,1685,0,10578,0
2016,defense_only,320.000000,360.000000,0.001944,100.000000,0.017986,18,18,9720,18,18,0.000000,104.523045,1000,1015964,4,1.000000,1.000000,0,2364,0,16385,0
2016,defense_vs_attack,420.000000,460.000000,0.001944,100.000000,0.015382,18,18,9720,18,18,0.000000,101.262140,1000,984268,4,0.000000,0.836735,1,2428,0,22208,0
2030,baseline,120.000000,160.000000,0.001944,100.000000,0.020174,18,18,9720,18,18,0.000000,31.073663,1000,302036,4,1.000000,1.000000,0,1735,0,6689,0
2030,attack_only,220.000000,260.000000,0.000000,0.000000,0.000000,18,0,0,0,18,100.000000,0.000000,1000,280344,4,1.000000,1.000000,0,1676,0,10872,0
2030,defense_only,320.000000,360.000000,0.001944,100.000000,0.010963,18,18,9720,18,18,0.000000,97.145267,1000,944252,4,1.000000,1.000000,0,2485,0,16836,0
2030,defense_vs_attack,420.000000,460.000000,0.001080,55.555556,0.021690,18,10,5400,10,18,44.444444,179.281481,1000,968120,4,0.000000,0.857143,1,2515,0,22903,0
2026,baseline,120.000000,160.000000,0.001944,100.000000,0.025977,18,18,9720,18,18,0.000000,32.839095,1000,319196,5,1.000000,1.000000,0,1906,0,6985,0
2026,attack_only,220.000000,260.000000,0.001944,100.000000,0.010354,18,18,9720,18,18,0.000000,33.166667,1000,322380,5,1.000000,1.000000,0,1890,0,11536,0
2026,defense_only,320.000000,360.000000,0.001944,100.000000,0.021591,18,18,9720,18,18,0.000000,102.110288,1000,992512,5,1.000000,1.000000,0,2438,0,17415,0
2026,defense_vs_attack,420.000000,460.000000,0.001944,100.000000,0.013498,18,18,9720,18,18,0.000000,103.293004,1000,1004008,5,0.000000,0.836735,1,2514,0,23557,0
2035,baseline,120.000000,160.000000,0.001944,100.000000,0.025372,18,18,9720,18,18,0.000000,26.307819,1000,255712,5,1.000000,1.000000,0,1721,0,6404,0
2035,attack_only,220.000000,260.000000,0.001944,100.000000,0.009968,18,18,9720,18,18,0.000000,25.963786,1000,252368,5,1.000000,1.000000,0,1695,0,10478,0
2035,defense_only,320.000000,360.000000,0.001944,100.000000,0.022297,18,18,9720,18,18,0.000000,85.469959,1000,830768,5,1.000000,1.000000,0,2415,0,16415,0
2035,defense_vs_attack,420.000000,460.000000,0.001188,61.111111,0.018969,18,11,5940,11,18,38.888889,144.602020,1000,858936,5,0.000000,0.755102,4,2468,0,22486,0
2036,baseline,120.000000,160.000000,0.001944,100.000000,0.015448,18,18,9720,18,18,0.000000,27.925926,1000,271440,3,1.000000,1.000000,0,1665,0,6343,0
2036,attack_only,220.000000,260.000000,0.001944,100.000000,0.006239,18,18,9720,18,18,0.000000,28.031276,1000,272464,3,1.000000,1.000000,0,1647,0,10439,0
2036,defense_only,320.000000,360.000000,0.001944,100.000000,0.012743,18,18,9720,18,18,0.000000,97.464609,1000,947356,3,1.000000,1.000000,0,2435,0,16324,0
2036,defense_vs_attack,420.000000,460.000000,0.001944,100.000000,0.007533,18,18,9720,18,18,0.000000,96.202469,1000,935088,3,0.000000,0.897959,2,2499,0,22383,0
2041,baseline,120.000000,160.000000,0.001944,100.000000,0.020473,18,18,9720,18,18,0.000000,27.193827,1000,264324,4,1.000000,1.000000,0,1733,0,6371,0
2041,attack_only,220.000000,260.000000,0.001944,100.000000,0.008055,18,18,9720,18,18,0.000000,27.042387,1000,262852,4,1.000000,1.000000,0,1663,0,10456,0
2041,defense_only,320.000000,360.000000,0.001944,100.000000,0.018528,18,18,9720,18,18,0.000000,96.482716,1000,937812,4,1.000000,1.000000,0,2442,0,16317,0
2041,defense_vs_attack,420.000000,460.000000,0.001080,62.500000,0.021625,16,10,5400,10,18,44.444444,122.528889,1000,661656,0,0.000000,0.795918,4,2374,0,22248,0
2043,baseline,120.000000,160.000000,0.001944,100.000000,0.032446,18,18,9720,18,18,0.000000,26.237860,1000,255032,6,1.000000,1.000000,0,1709,0,6263,0
2043,attack_only,220.000000,260.000000,0.001944,100.000000,0.013089,18,18,9720,18,18,0.000000,26.601646,1000,258568,6,1.000000,1.000000,0,1643,0,10284,0
2043,defense_only,320.000000,360.000000,0.001944,100.000000,0.029730,18,18,9720,18,18,0.000000,104.042387,1000,1011292,6,1.000000,1.000000,0,2425,0,16098,0
2043,defense_vs_attack,420.000000,460.000000,0.001080,55.555556,0.027229,18,10,5400,10,18,44.444444,187.769630,1000,1013956,6,0.000000,0.795918,1,2404,0,21992,0
2047,baseline,120.000000,160.000000,0.001944,100.000000,0.021495,18,18,9720,18,18,0.000000,26.210288,1000,254764,4,1.000000,1.000000,0,1626,0,6196,0
2047,attack_only,220.000000,260.000000,0.001944,100.000000,0.007832,18,18,9720,18,18,0.000000,26.366667,1000,256284,4,1.000000,1.000000,0,1632,0,10179,0
2047,defense_only,320.000000,360.000000,0.001944,100.000000,0.017397,18,18,9720,18,18,0.000000,97.118519,1000,943992,4,1.000000,1.000000,0,2444,0,16180,0
2047,defense_vs_attack,420.000000,460.000000,0.001944,100.000000,0.009750,18,18,9720,18,18,0.000000,96.111111,1000,934200,4,0.000000,0.816327,1,2427,0,22217,0
2052,baseline,120.000000,160.000000,0.001944,100.000000,0.020707,18,18,9720,18,18,0.000000,22.107407,1000,214884,4,1.000000,1.000000,0,1629,0,6068,0
2052,attack_only,220.000000,260.000000,0.001944,100.000000,0.007980,18,18,9720,18,18,0.000000,21.918930,1000,213052,4,1.000000,1.000000,0,1592,0,9933,0
2052,defense_only,320.000000,360.000000,0.001944,100.000000,0.017555,18,18,9720,18,18,0.000000,86.654321,1000,842280,4,1.000000,1.000000,0,2488,0,16039,0
2052,defense_vs_attack,420.000000,460.000000,0.001944,100.000000,0.011601,18,18,9720,18,18,0.000000,84.840329,1000,824648,4,0.000000,0.877551,2,2560,0,22309,0
2051,baseline,120.000000,160.000000,0.001944,100.000000,0.035413,18,18,9720,18,18,0.000000,24.211111,1000,235332,7,1.000000,1.000000,0,1657,0,6081,0
2051,attack_only,220.000000,260.000000,0.000000,0.000000,0.000000,18,0,0,0,18,100.000000,0.000000,1000,236972,8,1.000000,1.000000,0,1594,0,9912,0
2051,defense_only,320.000000,360.000000,0.001944,100.000000,0.023004,18,18,9720,18,18,0.000000,91.780247,1000,892104,7,1.000000,1.000000,0,2520,0,15927,0
2051,defense_vs_attack,420.000000,460.000000,0.001728,88.888889,0.025496,18,16,8640,16,18,11.111111,95.522685,1000,825316,7,0.000000,0.816327,1,2521,0,22133,0
2054,baseline,120.000000,160.000000,0.001944,100.000000,0.037784,18,18,9720,18,18,0.000000,30.013169,1000,291728,7,1.000000,1.000000,0,1825,0,6612,0
2054,attack_only,220.000000,260.000000,0.000000,0.000000,0.000000,18,0,0,0,18,100.000000,0.000000,1000,293932,7,1.000000,1.000000,0,1693,0,10752,0
2054,defense_only,320.000000,360.000000,0.001944,100.000000,0.021277,18,18,9720,18,18,0.000000,95.791358,1000,931092,7,1.000000,1.000000,0,2353,0,16484,0
2054,defense_vs_attack,420.000000,460.000000,0.001188,61.111111,0.046130,18,11,5940,11,18,38.888889,152.915825,1000,908320,8,0.000000,0.857143,1,2422,0,22301,0
2046,baseline,120.000000,160.000000,0.001944,100.000000,0.036470,18,18,9720,18,18,0.000000,31.312346,1000,304356,7,1.000000,1.000000,0,1870,0,6722,0
2046,attack_only,220.000000,260.000000,0.001944,100.000000,0.014597,18,18,9720,18,18,0.000000,33.259259,1000,323280,7,1.000000,1.000000,0,1856,0,11157,0
2046,defense_only,320.000000,360.000000,0.001944,100.000000,0.033188,18,18,9720,18,18,0.000000,116.432099,1000,1131720,7,1.000000,1.000000,0,2612,0,17325,0
2046,defense_vs_attack,420.000000,460.000000,0.001944,100.000000,0.017544,18,18,9720,18,18,0.000000,115.076132,1000,1118540,7,0.000000,0.938776,1,2533,0,23762,0
2058,baseline,120.000000,160.000000,0.001944,100.000000,0.043366,18,18,9720,18,18,0.000000,22.807407,1000,221688,8,1.000000,1.000000,0,1726,0,6229,0
2058,attack_only,220.000000,260.000000,0.000000,0.000000,0.000000,18,0,0,0,18,100.000000,0.000000,1000,212856,9,1.000000,1.000000,0,1550,0,10090,0
2058,defense_only,320.000000,360.000000,0.001944,100.000000,0.017077,18,18,9720,18,18,0.000000,92.068313,1000,894904,8,1.000000,1.000000,0,2680,0,16554,0
2058,defense_vs_attack,420.000000,460.000000,0.001080,55.555556,0.030496,18,10,5400,10,18,44.444444,170.075556,1000,918408,8,0.000000,0.918367,1,2646,0,23071,0
2065,baseline,120.000000,160.000000,0.001944,100.000000,0.030404,18,18,9720,18,18,0.000000,28.775720,1000,279700,6,1.000000,1.000000,0,1821,0,6669,0
2065,attack_only,220.000000,260.000000,0.000000,0.000000,0.000000,18,0,0,0,18,100.000000,0.000000,1000,280068,6,1.000000,1.000000,0,1730,0,10928,0
2065,defense_only,320.000000,360.000000,0.001944,100.000000,0.015284,18,18,9720,18,18,0.000000,92.047737,1000,894704,6,1.000000,1.000000,0,2564,0,17163,0
2065,defense_vs_attack,420.000000,460.000000,0.001080,55.555556,0.038069,18,10,5400,10,18,44.444444,162.164444,1000,875688,6,0.000000,0.918367,1,2630,0,23495,0
2069,baseline,120.000000,160.000000,0.001944,100.000000,0.015736,18,18,9720,18,18,0.000000,24.132510,1000,234568,3,1.000000,1.000000,0,1626,0,6184,0
2069,attack_only,220.000000,260.000000,0.001944,100.000000,0.006430,18,18,9720,18,18,0.000000,25.587654,1000,248712,3,1.000000,1.000000,0,1647,0,10254,0
2069,defense_only,320.000000,360.000000,0.001944,100.000000,0.012979,18,18,9720,18,18,0.000000,89.037037,1000,865440,3,1.000000,1.000000,0,2475,0,16287,0
2069,defense_vs_attack,420.000000,460.000000,0.001944,100.000000,0.008290,18,18,9720,18,18,0.000000,89.706173,1000,871944,3,0.000000,0.938776,1,2597,0,22566,0
2064,baseline,120.000000,160.000000,0.001944,100.000000,0.031044,18,18,9720,18,18,0.000000,26.728395,1000,259800,6,1.000000,1.000000,0,1687,0,6215,0
2064,attack_only,220.000000,260.000000,0.000000,0.000000,0.000000,18,0,0,0,18,100.000000,0.000000,1000,262492,7,1.000000,1.000000,0,1593,0,10170,0
2064,defense_only,320.000000,360.000000,0.001944,100.000000,0.016955,18,18,9720,18,18,0.000000,93.425103,1000,908092,6,1.000000,1.000000,0,2434,0,16057,0
2064,defense_vs_attack,420.000000,460.000000,0.001188,61.111111,0.023021,18,11,5940,11,18,38.888889,161.746801,1000,960776,6,0.000000,0.816327,1,2412,0,21919,0
2073,baseline,120.000000,160.000000,0.001944,100.000000,0.036367,18,18,9720,18,18,0.000000,25.078189,1000,243760,7,1.000000,1.000000,0,1753,0,6362,0
2073,attack_only,220.000000,260.000000,0.000000,0.000000,0.000000,18,0,0,0,18,100.000000,0.000000,1000,234964,7,1.000000,1.000000,0,1650,0,10383,0
2073,defense_only,320.000000,360.000000,0.001944,100.000000,0.020884,18,18,9720,18,18,0.000000,84.095885,1000,817412,7,1.000000,1.000000,0,2664,0,16673,0
2073,defense_vs_attack,420.000000,460.000000,0.001080,55.555556,0.024643,18,10,5400,10,18,44.444444,148.234074,1000,800464,7,0.000000,0.836735,1,2520,0,22955,0
2079,baseline,120.000000,160.000000,0.001944,100.000000,0.020617,18,18,9720,18,18,0.000000,28.120576,1000,273332,4,1.000000,1.000000,0,1707,0,6421,0
2079,attack_only,220.000000,260.000000,0.001944,100.000000,0.008399,18,18,9720,18,18,0.000000,27.979835,1000,271964,4,1.000000,1.000000,0,1700,0,10544,0
2079,defense_only,320.000000,360.000000,0.001944,100.000000,0.017096,18,18,9720,18,18,0.000000,95.313580,1000,926448,4,1.000000,1.000000,0,2541,0,16613,0
2079,defense_vs_attack,420.000000,460.000000,0.001944,100.000000,0.009866,18,18,9720,18,18,0.000000,97.745679,1000,950088,4,0.000000,0.897959,1,2528,0,22749,0
2080,baseline,120.000000,160.000000,0.001944,100.000000,0.025203,18,18,9720,18,18,0.000000,28.532099,1000,277332,5,1.000000,1.000000,0,1769,0,6547,0
2080,attack_only,220.000000,260.000000,0.001944,100.000000,0.009797,18,18,9720,18,18,0.000000,29.779012,1000,289452,5,1.000000,1.000000,0,1762,0,10789,0
2080,defense_only,320.000000,360.000000,0.001944,100.000000,0.021605,18,18,9720,18,18,0.000000,97.889300,1000,951484,5,1.000000,1.000000,0,2551,0,16900,0
2080,defense_vs_attack,420.000000,460.000000,0.001944,100.000000,0.013407,18,18,9720,18,18,0.000000,100.707819,1000,978880,5,0.000000,0.897959,1,2526,0,23013,0
2086,baseline,120.000000,160.000000,0.001944,100.000000,0.016042,18,18,9720,18,18,0.000000,30.989712,1000,301220,3,1.000000,1.000000,0,1803,0,6900,0
2086,attack_only,220.000000,260.000000,0.000000,0.000000,0.000000,18,0,0,0,18,100.000000,0.000000,1000,315636,4,1.000000,1.000000,0,1787,0,11309,0
2086,defense_only,320.000000,360.000000,0.001944,100.000000,0.008149,18,18,9720,18,18,0.000000,84.010288,1000,816580,3,1.000000,1.000000,0,2435,0,17391,0
2086,defense_vs_attack,420.000000,460.000000,0.001080,55.555556,0.010559,18,10,5400,10,18,44.444444,155.908148,1000,841904,3,0.000000,0.836735,1,2551,0,23706,0
2089,baseline,120.000000,160.000000,0.001944,100.000000,0.022224,18,18,9720,18,18,0.000000,29.582716,1000,287544,4,1.000000,1.000000,0,1693,0,6347,0
2089,attack_only,220.000000,260.000000,0.000000,0.000000,0.000000,18,0,0,0,18,100.000000,0.000000,1000,289964,4,1.000000,1.000000,0,1656,0,10446,0
2089,defense_only,320.000000,360.000000,0.001944,100.000000,0.012247,18,18,9720,18,18,0.000000,81.158025,1000,788856,4,1.000000,1.000000,0,2374,0,16208,0
2089,defense_vs_attack,420.000000,460.000000,0.001404,72.222222,0.102844,18,13,7020,13,18,27.777778,118.193162,1000,829716,5,0.000000,0.918367,1,2429,0,22138,0
2087,baseline,120.000000,160.000000,0.001944,100.000000,0.025633,18,18,9720,18,18,0.000000,31.771605,1000,308820,5,1.000000,1.000000,0,1780,0,6534,0
2087,attack_only,220.000000,260.000000,0.001944,100.000000,0.010748,18,18,9720,18,18,0.000000,31.794650,1000,309044,5,1.000000,1.000000,0,1753,0,10753,0
2087,defense_only,320.000000,360.000000,0.001944,100.000000,0.022376,18,18,9720,18,18,0.000000,101.977366,1000,991220,5,1.000000,1.000000,0,2328,0,16347,0
2087,defense_vs_attack,420.000000,460.000000,0.001944,100.000000,0.013581,18,18,9720,18,18,0.000000,102.788889,1000,999108,5,0.000000,0.755102,1,2434,0,22191,0
2085,baseline,120.000000,160.000000,0.001944,100.000000,0.015746,18,18,9720,18,18,0.000000,27.378601,1000,266120,3,1.000000,1.000000,0,1686,0,6490,0
2085,attack_only,220.000000,260.000000,0.001944,100.000000,0.005788,18,18,9720,18,18,0.000000,28.368313,1000,275740,3,1.000000,1.000000,0,1720,0,10678,0
2085,defense_only,320.000000,360.000000,0.001944,100.000000,0.013239,18,18,9720,18,18,0.000000,98.759259,1000,959940,3,1.000000,1.000000,0,2655,0,17055,0
2085,defense_vs_attack,420.000000,460.000000,0.001944,100.000000,0.007065,18,18,9720,18,18,0.000000,93.655144,1000,910328,3,0.000000,0.857143,1,2563,0,23429,0
2094,baseline,120.000000,160.000000,0.001944,100.000000,0.015281,18,18,9720,18,18,0.000000,28.997942,1000,281860,3,1.000000,1.000000,0,1738,0,6566,0
2094,attack_only,220.000000,260.000000,0.001944,100.000000,0.005789,18,18,9720,18,18,0.000000,29.268724,1000,284492,3,1.000000,1.000000,0,1728,0,10852,0
2094,defense_only,320.000000,360.000000,0.001944,100.000000,0.012851,18,18,9720,18,18,0.000000,87.186831,1000,847456,3,1.000000,1.000000,0,2388,0,16772,0
2094,defense_vs_attack,420.000000,460.000000,0.001944,100.000000,0.007949,18,18,9720,18,18,0.000000,88.925514,1000,864356,3,0.000000,0.816327,1,2436,0,22756,0
2092,baseline,120.000000,160.000000,0.001944,100.000000,0.025545,18,18,9720,18,18,0.000000,23.966255,1000,232952,5,1.000000,1.000000,0,1611,0,6016,0
2092,attack_only,220.000000,260.000000,0.000000,0.000000,0.000000,18,0,0,0,18,100.000000,0.000000,1000,234252,5,1.000000,1.000000,0,1556,0,9811,0
2092,defense_only,320.000000,360.000000,0.001944,100.000000,0.019751,18,18,9720,18,18,0.000000,98.112346,1000,953652,5,1.000000,1.000000,0,2555,0,15889,0
2092,defense_vs_attack,420.000000,460.000000,0.001296,66.666667,0.025122,18,12,6480,12,18,33.333333,138.118519,1000,895008,5,0.000000,0.877551,1,2444,0,21943,0
2097,baseline,120.000000,160.000000,0.001944,100.000000,0.041316,18,18,9720,18,18,0.000000,22.890123,1000,222492,8,1.000000,1.000000,0,1680,0,6042,0
2097,attack_only,220.000000,260.000000,0.000000,0.000000,0.000000,18,0,0,0,18,100.000000,0.000000,1000,230496,8,1.000000,1.000000,0,1568,0,9878,0
2097,defense_only,320.000000,360.000000,0.001944,100.000000,0.022197,18,18,9720,18,18,0.000000,82.545679,1000,802344,8,1.000000,1.000000,0,2434,0,15689,0
2097,defense_vs_attack,420.000000,460.000000,0.001404,72.222222,0.035345,18,13,7020,13,18,27.777778,115.014815,1000,807404,8,0.000000,0.836735,1,2463,0,21613,0
2096,baseline,120.000000,160.000000,0.001944,100.000000,0.031227,18,18,9720,18,18,0.000000,32.623045,1000,317096,6,1.000000,1.000000,0,1846,0,6913,0
2096,attack_only,220.000000,260.000000,0.001944,100.000000,0.012348,18,18,9720,18,18,0.000000,33.426337,1000,324904,6,1.000000,1.000000,0,1844,0,11322,0
2096,defense_only,320.000000,360.000000,0.001944,100.000000,0.026945,18,18,9720,18,18,0.000000,94.893827,1000,922368,6,1.000000,1.000000,0,2522,0,17382,0
2096,defense_vs_attack,420.000000,460.000000,0.001512,77.777778,0.092192,18,14,7560,14,18,22.222222,128.388360,1000,970616,6,0.000000,0.857143,1,2506,0,23570,0
2098,baseline,120.000000,160.000000,0.001944,100.000000,0.019991,18,18,9720,18,18,0.000000,30.358848,1000,295088,4,1.000000,1.000000,0,1770,0,6653,0
2098,attack_only,220.000000,260.000000,0.001944,100.000000,0.008217,18,18,9720,18,18,0.000000,30.652263,1000,297940,4,1.000000,1.000000,0,1807,0,10995,0
2098,defense_only,320.000000,360.000000,0.001944,100.000000,0.017407,18,18,9720,18,18,0.000000,87.011934,1000,845756,4,1.000000,1.000000,0,2441,0,16958,0
2098,defense_vs_attack,420.000000,460.000000,0.001944,100.000000,0.010018,18,18,9720,18,18,0.000000,90.223868,1000,876976,4,0.000000,0.897959,1,2445,0,22985,0
2101,baseline,120.000000,160.000000,0.001944,100.000000,0.031747,18,18,9720,18,18,0.000000,29.303704,1000,284832,6,1.000000,1.000000,0,1944,0,7021,0
2101,attack_only,220.000000,260.000000,0.001944,100.000000,0.012655,18,18,9720,18,18,0.000000,30.039506,1000,291984,6,1.000000,1.000000,0,1927,0,11589,0
2101,defense_only,320.000000,360.000000,0.001944,100.000000,0.023484,18,18,9720,18,18,0.000000,82.593004,1000,802804,6,1.000000,1.000000,0,2562,0,17893,0
2101,defense_vs_attack,420.000000,460.000000,0.001944,100.000000,0.015077,18,18,9720,18,18,0.000000,85.844856,1000,834412,6,0.000000,0.816327,1,2622,0,24319,0
2108,baseline,120.000000,160.000000,0.001944,100.000000,0.031348,18,18,9720,18,18,0.000000,30.461317,1000,296084,6,1.000000,1.000000,0,1829,0,6726,0
2108,attack_only,220.000000,260.000000,0.001944,100.000000,0.012324,18,18,9720,18,18,0.000000,30.441975,1000,295896,6,1.000000,1.000000,0,1803,0,11069,0
2108,defense_only,320.000000,360.000000,0.001944,100.000000,0.026981,18,18,9720,18,18,0.000000,99.032099,1000,962592,6,1.000000,1.000000,0,2511,0,17208,0
2108,defense_vs_attack,420.000000,460.000000,0.001944,100.000000,0.015176,18,18,9720,18,18,0.000000,91.033333,1000,884844,6,0.000000,0.877551,2,2687,0,23563,0
2109,baseline,120.000000,160.000000,0.001944,100.000000,0.031241,18,18,9720,18,18,0.000000,27.593827,1000,268212,6,1.000000,1.000000,0,1780,0,6620,0
2109,attack_only,220.000000,260.000000,0.001944,100.000000,0.012056,18,18,9720,18,18,0.000000,27.422634,1000,266548,6,1.000000,1.000000,0,1780,0,10891,0
2109,defense_only,320.000000,360.000000,0.001944,100.000000,0.026704,18,18,9720,18,18,0.000000,93.703704,1000,910800,6,1.000000,1.000000,0,2476,0,16869,0
2109,defense_vs_attack,420.000000,460.000000,0.001728,88.888889,0.015973,18,16,8640,16,18,11.111111,108.105556,1000,934032,6,0.000000,0.816327,1,2509,0,22915,0
2112,baseline,120.000000,160.000000,0.001944,100.000000,0.081550,18,18,9720,18,18,0.000000,30.930864,1000,300648,5,1.000000,1.000000,0,1815,0,6831,0
2112,attack_only,220.000000,260.000000,0.001944,100.000000,0.010045,18,18,9720,18,18,0.000000,31.024691,1000,301560,5,1.000000,1.000000,0,1822,0,11248,0
2112,defense_only,320.000000,360.000000,0.001944,100.000000,0.025522,18,18,9720,18,18,0.000000,93.983539,1000,913520,5,1.000000,1.000000,0,2475,0,17129,0
2112,defense_vs_attack,420.000000,460.000000,0.001944,100.000000,0.032641,18,18,9720,18,18,0.000000,97.554321,1000,948228,5,0.000000,0.877551,1,2606,0,23314,0
2117,baseline,120.000000,160.000000,0.001944,100.000000,0.020627,18,18,9720,18,18,0.000000,24.841152,1000,241456,4,1.000000,1.000000,0,1650,0,6235,0
2117,attack_only,220.000000,260.000000,0.000000,0.000000,0.000000,18,0,0,0,18,100.000000,0.000000,1000,227920,5,1.000000,1.000000,0,1633,0,10270,0
2117,defense_only,320.000000,360.000000,0.001944,100.000000,0.008369,18,18,9720,18,18,0.000000,95.005350,1000,923452,4,1.000000,1.000000,0,2558,0,16581,0
2117,defense_vs_attack,420.000000,460.000000,0.001728,88.888889,0.018111,18,16,8640,16,18,11.111111,103.181019,1000,891484,4,0.000000,0.897959,1,2518,0,22841,0
2116,baseline,120.000000,160.000000,0.001944,100.000000,0.020809,18,18,9720,18,18,0.000000,28.145267,1000,273572,4,1.000000,1.000000,0,1692,0,6398,0
2116,attack_only,220.000000,260.000000,0.000000,0.000000,0.000000,18,0,0,0,18,100.000000,0.000000,1000,272796,4,1.000000,1.000000,0,1624,0,10426,0
2116,defense_only,320.000000,360.000000,0.001944,100.000000,0.009901,18,18,9720,18,18,0.000000,92.571193,1000,899792,4,1.000000,1.000000,0,2387,0,16185,0
2116,defense_vs_attack,420.000000,460.000000,0.001188,61.111111,0.026943,18,11,5940,11,18,38.888889,153.884848,1000,914076,5,0.000000,0.775510,2,2469,0,22216,0
2124,baseline,120.000000,160.000000,0.001944,100.000000,0.032658,18,18,9720,18,18,0.000000,26.864198,1000,261120,6,1.000000,1.000000,0,1819,0,6747,0
2124,attack_only,220.000000,260.000000,0.001944,100.000000,0.012318,18,18,9720,18,18,0.000000,27.158436,1000,263980,6,1.000000,1.000000,0,1769,0,11037,0
2124,defense_only,320.000000,360.000000,0.001944,100.000000,0.025423,18,18,9720,18,18,0.000000,88.779424,1000,862936,6,1.000000,1.000000,0,2627,0,17296,0
2124,defense_vs_attack,420.000000,460.000000,0.001944,100.000000,0.017315,18,18,9720,18,18,0.000000,89.120988,1000,866256,6,0.000000,0.897959,1,2618,0,23705,0
2123,baseline,120.000000,160.000000,0.001944,100.000000,0.015990,18,18,9720,18,18,0.000000,26.520988,1000,257784,3,1.000000,1.000000,0,1759,0,6754,0
2123,attack_only,220.000000,260.000000,0.001944,100.000000,0.006063,18,18,9720,18,18,0.000000,28.052263,1000,272668,3,1.000000,1.000000,0,1834,0,11238,0
2123,defense_only,320.000000,360.000000,0.001944,100.000000,0.013203,18,18,9720,18,18,0.000000,82.238683,1000,799360,3,1.000000,1.000000,0,2659,0,17559,0
2123,defense_vs_attack,420.000000,460.000000,0.001944,100.000000,0.007578,18,18,9720,18,18,0.000000,81.988889,1000,796932,3,0.000000,0.979592,1,2538,0,23821,0
2127,baseline,120.000000,160.000000,0.001944,100.000000,0.036843,18,18,9720,18,18,0.000000,33.285185,1000,323532,7,1.000000,1.000000,0,1847,0,6781,0
2127,attack_only,220.000000,260.000000,0.001512,77.777778,0.014586,18,14,7560,14,18,22.222222,40.382011,1000,305288,7,1.000000,1.000000,0,1769,0,11044,0
2127,defense_only,320.000000,360.000000,0.001944,100.000000,0.028425,18,18,9720,18,18,0.000000,92.098354,1000,895196,7,1.000000,1.000000,0,2451,0,17035,0
2127,defense_vs_attack,420.000000,460.000000,0.001080,55.555556,0.030818,18,10,5400,10,18,44.444444,163.452593,1000,882644,7,0.000000,0.857143,1,2544,0,23056,0
2126,baseline,120.000000,160.000000,0.001944,100.000000,0.016597,18,18,9720,18,18,0.000000,30.727572,1000,298672,3,1.000000,1.000000,0,1735,0,6587,0
2126,attack_only,220.000000,260.000000,0.001944,100.000000,0.008956,18,18,9720,18,18,0.000000,31.475309,1000,305940,3,1.000000,1.000000,0,1754,0,10850,0
2126,defense_only,320.000000,360.000000,0.001944,100.000000,0.011882,18,18,9720,18,18,0.000000,90.875720,1000,883312,3,1.000000,1.000000,0,2294,0,16533,0
2126,defense_vs_attack,420.000000,460.000000,0.001944,100.000000,0.007871,18,18,9720,18,18,0.000000,91.942387,1000,893680,3,0.000000,0.816327,1,2330,0,22320,0
2128,baseline,120.000000,160.000000,0.001944,100.000000,0.025429,18,18,9720,18,18,0.000000,23.491770,1000,228340,5,1.000000,1.000000,0,1649,0,6197,0
2128,attack_only,220.000000,260.000000,0.000000,0.000000,0.000000,18,0,0,0,18,100.000000,0.000000,1000,232776,6,1.000000,1.000000,0,1559,0,10066,0
2128,defense_only,320.000000,360.000000,0.001944,100.000000,0.010191,18,18,9720,18,18,0.000000,76.777778,1000,746280,5,1.000000,1.000000,0,2531,0,16242,0
2128,defense_vs_attack,420.000000,460.000000,0.001512,77.777778,0.020103,18,14,7560,14,18,22.222222,103.840741,1000,785036,5,0.000000,0.857143,1,2560,0,22411,0
2129,baseline,120.000000,160.000000,0.001944,100.000000,0.046889,18,18,9720,18,18,0.000000,24.804527,1000,241100,9,1.000000,1.000000,0,1769,0,6440,0
2129,attack_only,220.000000,260.000000,0.001944,100.000000,0.017995,18,18,9720,18,18,0.000000,24.910700,1000,242132,9,1.000000,1.000000,0,1781,0,10636,0
2129,defense_only,320.000000,360.000000,0.001944,100.000000,0.039170,18,18,9720,18,18,0.000000,79.133333,1000,769176,9,1.000000,1.000000,0,2504,0,16601,0
2129,defense_vs_attack,420.000000,460.000000,0.001296,66.666667,0.023942,18,12,6480,12,18,33.333333,117.196914,1000,759436,9,0.000000,0.836735,1,2522,0,22674,0
2131,baseline,120.000000,160.000000,0.001944,100.000000,0.025232,18,18,9720,18,18,0.000000,28.220165,1000,274300,5,1.000000,1.000000,0,1846,0,6951,0
2131,attack_only,220.000000,260.000000,0.000000,0.000000,0.000000,18,0,0,0,18,100.000000,0.000000,1000,276756,5,1.000000,1.000000,0,1756,0,11352,0
2131,defense_only,320.000000,360.000000,0.001944,100.000000,0.012313,18,18,9720,18,18,0.000000,83.683539,1000,813404,5,1.000000,1.000000,0,2564,0,17491,0
2131,defense_vs_attack,420.000000,460.000000,0.001080,55.555556,0.033424,18,10,5400,10,18,44.444444,150.841481,1000,814544,6,0.000000,0.938776,1,2523,0,23761,0
2134,baseline,120.000000,160.000000,0.001944,100.000000,0.020673,18,18,9720,18,18,0.000000,26.707819,1000,259600,4,1.000000,1.000000,0,1640,0,6146,0
2134,attack_only,220.000000,260.000000,0.001944,100.000000,0.007793,18,18,9720,18,18,0.000000,26.038272,1000,253092,4,1.000000,1.000000,0,1617,0,10034,0
2134,defense_only,320.000000,360.000000,0.001944,100.000000,0.017270,18,18,9720,18,18,0.000000,103.751852,1000,1008468,4,1.000000,1.000000,0,2456,0,15876,0
2134,defense_vs_attack,420.000000,460.000000,0.001944,100.000000,0.023489,18,18,9720,18,18,0.000000,102.060082,1000,992024,4,0.000000,0.836735,1,2462,0,21799,0
2136,baseline,120.000000,160.000000,0.001944,100.000000,0.015243,18,18,9720,18,18,0.000000,27.458436,1000,266896,3,1.000000,1.000000,0,1690,0,6388,0
2136,attack_only,220.000000,260.000000,0.001944,100.000000,0.007347,18,18,9720,18,18,0.000000,27.767078,1000,269896,3,1.000000,1.000000,0,1689,0,10578,0
2136,defense_only,320.000000,360.000000,0.001944,100.000000,0.011003,18,18,9720,18,18,0.000000,86.737860,1000,843092,3,1.000000,1.000000,0,2406,0,16421,0
2136,defense_vs_attack,420.000000,460.000000,0.001944,100.000000,0.007176,18,18,9720,18,18,0.000000,87.299177,1000,848548,3,0.000000,0.836735,1,2426,0,22430,0
2139,baseline,120.000000,160.000000,0.001944,100.000000,0.036382,18,18,9720,18,18,0.000000,26.817695,1000,260668,7,1.000000,1.000000,0,1793,0,6571,0
2139,attack_only,220.000000,260.000000,0.000000,0.000000,0.000000,18,0,0,0,18,100.000000,0.000000,1000,253316,7,1.000000,1.000000,0,1688,0,10761,0
2139,defense_only,320.000000,360.000000,0.001944,100.000000,0.023349,18,18,9720,18,18,0.000000,85.509053,1000,831148,7,1.000000,1.000000,0,2590,0,16884,0
2139,defense_vs_attack,420.000000,460.000000,0.000432,30.769231,0.046568,13,4,2160,4,18,77.777778,347.872222,1000,751404,8,0.000000,0.877551,1,2460,0,23022,0
2140,baseline,120.000000,160.000000,0.001944,100.000000,0.020838,18,18,9720,18,18,0.000000,24.073251,1000,233992,4,1.000000,1.000000,0,1615,0,6032,0
2140,attack_only,220.000000,260.000000,0.000000,0.000000,0.000000,18,0,0,0,18,100.000000,0.000000,1000,235528,4,1.000000,1.000000,0,1540,0,9857,0
2140,defense_only,320.000000,360.000000,0.001944,100.000000,0.013008,18,18,9720,18,18,0.000000,98.180658,1000,954316,4,1.000000,1.000000,0,2490,0,15839,0
2140,defense_vs_attack,420.000000,460.000000,0.001080,55.555556,0.048754,18,10,5400,10,18,44.444444,159.465185,1000,861112,0,0.000000,0.897959,2,2821,0,22323,0
2141,baseline,120.000000,160.000000,0.001944,100.000000,0.031741,18,18,9720,18,18,0.000000,34.081481,1000,331272,6,1.000000,1.000000,0,1803,0,6820,0
2141,attack_only,220.000000,260.000000,0.000000,0.000000,0.000000,18,0,0,0,18,100.000000,0.000000,1000,322268,7,1.000000,1.000000,0,1800,0,11158,0
2141,defense_only,320.000000,360.000000,0.001944,100.000000,0.020250,18,18,9720,18,18,0.000000,103.026337,1000,1001416,6,1.000000,1.000000,0,2475,0,17077,0
2141,defense_vs_attack,420.000000,460.000000,0.001296,66.666667,0.021477,18,12,6480,12,18,33.333333,149.622840,1000,969556,6,0.000000,0.755102,1,2353,0,22880,0
2143,baseline,120.000000,160.000000,0.001944,100.000000,0.015411,18,18,9720,18,18,0.000000,34.348148,1000,333864,3,1.000000,1.000000,0,1766,0,6689,0
2143,attack_only,220.000000,260.000000,0.001944,100.000000,0.006610,18,18,9720,18,18,0.000000,35.302881,1000,343144,3,1.000000,1.000000,0,1728,0,11012,0
2143,defense_only,320.000000,360.000000,0.001944,100.000000,0.013104,18,18,9720,18,18,0.000000,101.980658,1000,991252,3,1.000000,1.000000,0,2295,0,16652,0
2143,defense_vs_attack,420.000000,460.000000,0.001944,100.000000,0.007066,18,18,9720,18,18,0.000000,100.906584,1000,980812,3,0.000000,0.836735,1,2346,0,22358,0
2149,baseline,120.000000,160.000000,0.001944,100.000000,0.091566,18,18,9720,18,18,0.000000,23.559671,1000,229000,7,1.000000,1.000000,0,1694,0,6208,0
2149,attack_only,220.000000,260.000000,0.001944,100.000000,0.014235,18,18,9720,18,18,0.000000,23.657613,1000,229952,7,1.000000,1.000000,0,1666,0,10172,0
2149,defense_only,320.000000,360.000000,0.001944,100.000000,0.031322,18,18,9720,18,18,0.000000,90.475720,1000,879424,7,1.000000,1.000000,0,2536,0,16300,0
2149,defense_vs_attack,420.000000,460.000000,0.001188,61.111111,0.019898,18,11,5940,11,18,38.888889,144.006061,1000,855396,7,0.000000,0.816327,1,2551,0,22486,0
2154,baseline,120.000000,160.000000,0.001944,100.000000,0.037672,18,18,9720,18,18,0.000000,27.916461,1000,271348,7,1.000000,1.000000,0,1799,0,6572,0
2154,attack_only,220.000000,260.000000,0.001944,100.000000,0.014324,18,18,9720,18,18,0.000000,28.261317,1000,274700,7,1.000000,1.000000,0,1833,0,10914,0
2154,defense_only,320.000000,360.000000,0.001944,100.000000,0.030926,18,18,9720,18,18,0.000000,82.413992,1000,801064,7,1.000000,1.000000,0,2552,0,17049,0
2154,defense_vs_attack,420.000000,460.000000,0.001512,77.777778,0.018898,18,14,7560,14,18,22.222222,114.539683,1000,865920,7,0.000000,0.755102,1,2490,0,23037,0
2161,baseline,120.000000,160.000000,0.001944,100.000000,0.036264,18,18,9720,18,18,0.000000,29.239095,1000,284204,7,1.000000,1.000000,0,2011,0,7240,0
2161,attack_only,220.000000,260.000000,0.000000,0.000000,0.000000,18,0,0,0,18,100.000000,0.000000,1000,286192,7,1.000000,1.000000,0,1975,0,11939,0
2161,defense_only,320.000000,360.000000,0.001944,100.000000,0.014674,18,18,9720,18,18,0.000000,79.946502,1000,777080,7,1.000000,1.000000,0,2768,0,18525,0
2161,defense_vs_attack,420.000000,460.000000,0.001620,83.333333,0.029019,18,15,8100,15,18,16.666667,94.724938,1000,767272,7,0.000000,0.918367,1,2803,0,25256,0
2157,baseline,120.000000,160.000000,0.001944,100.000000,0.021201,18,18,9720,18,18,0.000000,24.011523,1000,233392,4,1.000000,1.000000,0,1592,0,6115,0
2157,attack_only,220.000000,260.000000,0.001944,100.000000,0.007904,18,18,9720,18,18,0.000000,23.695885,1000,230324,4,1.000000,1.000000,0,1584,0,9968,0
2157,defense_only,320.000000,360.000000,0.001944,100.000000,0.017604,18,18,9720,18,18,0.000000,83.572428,1000,812324,4,1.000000,1.000000,0,2396,0,15667,0
2157,defense_vs_attack,420.000000,460.000000,0.001944,100.000000,0.010327,18,18,9720,18,18,0.000000,92.081070,1000,895028,4,0.000000,0.877551,1,2413,0,21574,0
2162,baseline,120.000000,160.000000,0.001944,100.000000,0.015765,18,18,9720,18,18,0.000000,24.629630,1000,239400,3,1.000000,1.000000,0,1573,0,5957,0
2162,attack_only,220.000000,260.000000,0.000000,0.000000,0.000000,18,0,0,0,18,100.000000,0.000000,1000,237000,3,1.000000,1.000000,0,1499,0,9663,0
2162,defense_only,320.000000,360.000000,0.001944,100.000000,0.012257,18,18,9720,18,18,0.000000,94.309465,1000,916688,3,1.000000,1.000000,0,2427,0,15480,0
2162,defense_vs_attack,420.000000,460.000000,0.001080,55.555556,0.012190,18,10,5400,10,18,44.444444,172.748889,1000,932844,3,0.000000,0.816327,1,2475,0,21552,0
2163,baseline,120.000000,160.000000,0.001944,100.000000,0.014683,18,18,9720,18,18,0.000000,35.054733,1000,340732,3,1.000000,1.000000,0,1879,0,7175,0
2163,attack_only,220.000000,260.000000,0.000000,0.000000,0.000000,18,0,0,0,18,100.000000,0.000000,1000,330280,4,1.000000,1.000000,0,1945,0,11949,0
2163,defense_only,320.000000,360.000000,0.001944,100.000000,0.008996,18,18,9720,18,18,0.000000,93.922222,1000,912924,3,1.000000,1.000000,0,2520,0,18176,0
2163,defense_vs_attack,420.000000,460.000000,0.001944,100.000000,0.011586,18,18,9720,18,18,0.000000,94.832922,1000,921776,3,0.000000,0.836735,1,2636,0,24628,0
2164,baseline,120.000000,160.000000,0.001944,100.000000,0.041685,18,18,9720,18,18,0.000000,31.911111,1000,310176,8,1.000000,1.000000,0,2022,0,7399,0
2164,attack_only,220.000000,260.000000,0.001944,100.000000,0.016439,18,18,9720,18,18,0.000000,32.341975,1000,314364,8,1.000000,1.000000,0,1965,0,12114,0
2164,defense_only,320.000000,360.000000,0.001944,100.000000,0.035201,18,18,9720,18,18,0.000000,81.184774,1000,789116,8,1.000000,1.000000,0,2725,0,18479,0
2164,defense_vs_attack,420.000000,460.000000,0.001296,66.666667,0.106321,18,12,6480,12,18,33.333333,119.527778,1000,774540,8,0.000000,0.897959,1,2688,0,24930,0
2165,baseline,120.000000,160.000000,0.001944,100.000000,0.026495,18,18,9720,18,18,0.000000,27.897531,1000,271164,5,1.000000,1.000000,0,1856,0,6798,0
2165,attack_only,220.000000,260.000000,0.001944,100.000000,0.016205,18,18,9720,18,18,0.000000,27.637449,1000,268636,5,1.000000,1.000000,0,1806,0,11150,0
2165,defense_only,320.000000,360.000000,0.001944,100.000000,0.017795,18,18,9720,18,18,0.000000,82.216049,1000,799140,5,1.000000,1.000000,0,2568,0,17294,0
2165,defense_vs_attack,420.000000,460.000000,0.001080,55.555556,0.012262,18,10,5400,10,18,44.444444,150.400000,1000,812160,5,0.000000,0.857143,1,2548,0,23542,0
2177,baseline,120.000000,160.000000,0.001944,100.000000,0.042378,18,18,9720,18,18,0.000000,20.448560,1000,198760,8,1.000000,1.000000,0,1662,0,5974,0
2177,attack_only,220.000000,260.000000,0.001944,100.000000,0.016522,18,18,9720,18,18,0.000000,21.234568,1000,206400,8,1.000000,1.000000,0,1632,0,9878,0
2177,defense_only,320.000000,360.000000,0.001944,100.000000,0.034495,18,18,9720,18,18,0.000000,79.125103,1000,769096,8,1.000000,1.000000,0,2606,0,15932,0
2177,defense_vs_attack,420.000000,460.000000,0.001512,77.777778,0.025225,18,14,7560,14,18,22.222222,78.650794,1000,594600,8,0.000000,0.897959,1,2425,0,21969,0
2168,baseline,120.000000,160.000000,0.001944,100.000000,0.015512,18,18,9720,18,18,0.000000,25.609877,1000,248928,3,1.000000,1.000000,0,1651,0,6341,0
2168,attack_only,220.000000,260.000000,0.000000,0.000000,0.000000,18,0,0,0,18,100.000000,0.000000,1000,262424,3,1.000000,1.000000,0,1635,0,10407,0
2168,defense_only,320.000000,360.000000,0.001944,100.000000,0.006145,18,18,9720,18,18,0.000000,92.867490,1000,902672,3,1.000000,1.000000,0,2510,0,16424,0
2168,defense_vs_attack,420.000000,460.000000,0.001080,55.555556,0.012271,18,10,5400,10,18,44.444444,165.019259,1000,891104,3,0.000000,0.897959,1,2472,0,22368,0
2186,baseline,120.000000,160.000000,0.001944,100.000000,0.026561,18,18,9720,18,18,0.000000,30.221399,1000,293752,5,1.000000,1.000000,0,1907,0,7056,0
2186,attack_only,220.000000,260.000000,0.001944,100.000000,0.010486,18,18,9720,18,18,0.000000,31.339918,1000,304624,5,1.000000,1.000000,0,1911,0,11701,0
2186,defense_only,320.000000,360.000000,0.001944,100.000000,0.022518,18,18,9720,18,18,0.000000,85.403704,1000,830124,5,1.000000,1.000000,0,2612,0,18023,0
2186,defense_vs_attack,420.000000,460.000000,0.001944,100.000000,0.012591,18,18,9720,18,18,0.000000,80.841975,1000,785784,5,0.000000,0.938776,1,2513,0,24342,0
2182,baseline,120.000000,160.000000,0.001944,100.000000,0.031537,18,18,9720,18,18,0.000000,27.089712,1000,263312,6,1.000000,1.000000,0,1664,0,6164,0
2182,attack_only,220.000000,260.000000,0.000000,0.000000,0.000000,18,0,0,0,18,100.000000,0.000000,1000,262816,6,1.000000,1.000000,0,1603,0,10053,0
2182,defense_only,320.000000,360.000000,0.001944,100.000000,0.023594,18,18,9720,18,18,0.000000,102.565021,1000,996932,6,1.000000,1.000000,0,2479,0,15998,0
2182,defense_vs_attack,420.000000,460.000000,0.000864,44.444444,0.037163,18,8,4320,8,18,55.555556,218.639815,1000,944524,6,0.000000,0.714286,2,2649,0,22233,0
2190,baseline,120.000000,160.000000,0.001944,100.000000,0.036249,18,18,9720,18,18,0.000000,29.209053,1000,283912,7,1.000000,1.000000,0,1854,0,6834,0
2190,attack_only,220.000000,260.000000,0.001944,100.000000,0.013980,18,18,9720,18,18,0.000000,29.649383,1000,288192,7,1.000000,1.000000,0,1858,0,11238,0
2190,defense_only,320.000000,360.000000,0.001944,100.000000,0.034310,18,18,9720,18,18,0.000000,91.596296,1000,890316,7,1.000000,1.000000,0,2532,0,17333,0
2190,defense_vs_attack,420.000000,460.000000,0.001080,55.555556,0.023116,18,10,5400,10,18,44.444444,165.329630,1000,892780,7,0.000000,0.877551,1,2537,0,23637,0
2194,baseline,120.000000,160.000000,0.001944,100.000000,0.021380,18,18,9720,18,18,0.000000,29.103292,1000,282884,4,1.000000,1.000000,0,1714,0,6516,0
2194,attack_only,220.000000,260.000000,0.000000,0.000000,0.000000,18,0,0,0,18,100.000000,0.000000,1000,285652,4,1.000000,1.000000,0,1629,0,10546,0
2194,defense_only,320.000000,360.000000,0.001944,100.000000,0.012614,18,18,9720,18,18,0.000000,89.018107,1000,865256,4,1.000000,1.000000,0,2457,0,16593,0
2194,defense_vs_attack,420.000000,460.000000,0.000972,50.000000,0.134518,18,9,4860,9,18,50.000000,182.270782,1000,885836,4,0.000000,0.857143,1,2521,0,22638,0
2200,baseline,120.000000,160.000000,0.001944,100.000000,0.016184,18,18,9720,18,18,0.000000,27.246502,1000,264836,3,1.000000,1.000000,0,1683,0,6410,0
2200,attack_only,220.000000,260.000000,0.001944,100.000000,0.005897,18,18,9720,18,18,0.000000,27.030041,1000,262732,3,1.000000,1.000000,0,1688,0,10507,0
2200,defense_only,320.000000,360.000000,0.001944,100.000000,0.013246,18,18,9720,18,18,0.000000,88.850206,1000,863624,3,1.000000,1.000000,0,2384,0,16317,0
2200,defense_vs_attack,420.000000,460.000000,0.001944,100.000000,0.007321,18,18,9720,18,18,0.000000,90.162551,1000,876380,3,0.000000,0.857143,1,2573,0,22478,0
2197,baseline,120.000000,160.000000,0.001944,100.000000,0.026349,18,18,9720,18,18,0.000000,23.610700,1000,229496,5,1.000000,1.000000,0,1572,0,5887,0
2197,attack_only,220.000000,260.000000,0.000000,0.000000,0.000000,18,0,0,0,18,100.000000,0.000000,1000,225372,5,1.000000,1.000000,0,1511,0,9596,0
2197,defense_only,320.000000,360.000000,0.001944,100.000000,0.013394,18,18,9720,18,18,0.000000,103.679424,1000,1007764,5,1.000000,1.000000,0,2442,0,15525,0
2197,defense_vs_attack,420.000000,460.000000,0.000972,50.000000,0.019011,18,9,4860,9,18,50.000000,215.040329,1000,1045096,5,0.000000,0.857143,1,2418,0,21469,0
2205,baseline,120.000000,160.000000,0.001944,100.000000,0.014907,18,18,9720,18,18,0.000000,29.741975,1000,289092,3,1.000000,1.000000,0,1682,0,6446,0
2205,attack_only,220.000000,260.000000,0.001944,100.000000,0.005886,18,18,9720,18,18,0.000000,30.017695,1000,291772,3,1.000000,1.000000,0,1690,0,10610,0
2205,defense_only,320.000000,360.000000,0.001944,100.000000,0.014079,18,18,9720,18,18,0.000000,91.525926,1000,889632,3,1.000000,1.000000,0,2379,0,16251,0
2205,defense_vs_attack,420.000000,460.000000,0.001080,55.555556,0.017953,18,10,5400,10,18,44.444444,165.221481,1000,892196,3,0.000000,0.795918,1,2399,0,22128,0
2208,baseline,120.000000,160.000000,0.001944,100.000000,0.015344,18,18,9720,18,18,0.000000,24.722634,1000,240304,3,1.000000,1.000000,0,1698,0,6485,0
2208,attack_only,220.000000,260.000000,0.001944,100.000000,0.005911,18,18,9720,18,18,0.000000,25.123457,1000,244200,3,1.000000,1.000000,0,1669,0,10628,0
2208,defense_only,320.000000,360.000000,0.001944,100.000000,0.012996,18,18,9720,18,18,0.000000,79.353086,1000,771312,3,1.000000,1.000000,0,2459,0,16612,0
2208,defense_vs_attack,420.000000,460.000000,0.001080,55.555556,0.008399,18,10,5400,10,18,44.444444,141.791852,1000,765676,3,0.000000,0.877551,1,2477,0,22667,0
2206,baseline,120.000000,160.000000,0.001944,100.000000,0.031165,18,18,9720,18,18,0.000000,26.083951,1000,253536,6,1.000000,1.000000,0,1723,0,6393,0
2206,attack_only,220.000000,260.000000,0.000000,0.000000,0.000000,18,0,0,0,18,100.000000,0.000000,1000,254688,6,1.000000,1.000000,0,1623,0,10432,0
2206,defense_only,320.000000,360.000000,0.001944,100.000000,0.018203,18,18,9720,18,18,0.000000,94.013992,1000,913816,6,1.000000,1.000000,0,2521,0,16456,0
2206,defense_vs_attack,420.000000,460.000000,0.001080,55.555556,0.071503,18,10,5400,10,18,44.444444,166.294074,1000,897988,0,0.000000,0.897959,2,2895,0,22955,0
2211,baseline,120.000000,160.000000,0.001944,100.000000,0.016928,18,18,9720,18,18,0.000000,25.032099,1000,243312,3,1.000000,1.000000,0,1578,0,5996,0
2211,attack_only,220.000000,260.000000,0.001944,100.000000,0.008839,18,18,9720,18,18,0.000000,26.463786,1000,257228,3,1.000000,1.000000,0,1599,0,9881,0
2211,defense_only,320.000000,360.000000,0.001944,100.000000,0.015417,18,18,9720,18,18,0.000000,104.643621,1000,1017136,3,1.000000,1.000000,0,2438,0,15687,0
2211,defense_vs_attack,420.000000,460.000000,0.001404,72.222222,0.012864,18,13,7020,13,18,27.777778,140.327066,1000,985096,3,0.000000,0.795918,1,2388,0,21536,0
2212,baseline,120.000000,160.000000,0.001944,100.000000,0.021608,18,18,9720,18,18,0.000000,30.488889,1000,296352,4,1.000000,1.000000,0,1755,0,6629,0
2212,attack_only,220.000000,260.000000,0.001944,100.000000,0.008222,18,18,9720,18,18,0.000000,30.349794,1000,295000,4,1.000000,1.000000,0,1746,0,10942,0
2212,defense_only,320.000000,360.000000,0.001944,100.000000,0.016857,18,18,9720,18,18,0.000000,93.473663,1000,908564,4,1.000000,1.000000,0,2402,0,16678,0
2212,defense_vs_attack,420.000000,460.000000,0.001944,100.000000,0.068140,18,18,9720,18,18,0.000000,91.556379,1000,889928,4,0.000000,0.836735,1,2433,0,22616,0
2214,baseline,120.000000,160.000000,0.001944,100.000000,0.015723,18,18,9720,18,18,0.000000,30.726749,1000,298664,3,1.000000,1.000000,0,1890,0,7145,0
2214,attack_only,220.000000,260.000000,0.001944,100.000000,0.006411,18,18,9720,18,18,0.000000,30.393416,1000,295424,3,1.000000,1.000000,0,1833,0,11669,0
2214,defense_only,320.000000,360.000000,0.001944,100.000000,0.013120,18,18,9720,18,18,0.000000,78.220576,1000,760304,3,1.000000,1.000000,0,2507,0,17837,0
2214,defense_vs_attack,420.000000,460.000000,0.001944,100.000000,0.008493,18,18,9720,18,18,0.000000,83.132099,1000,808044,3,0.000000,0.836735,1,2585,0,24135,0
2215,baseline,120.000000,160.000000,0.001944,100.000000,0.030563,18,18,9720,18,18,0.000000,32.803704,1000,318852,6,1.000000,1.000000,0,1912,0,7010,0
2215,attack_only,220.000000,260.000000,0.000000,0.000000,0.000000,18,0,0,0,18,100.000000,0.000000,1000,319036,7,1.000000,1.000000,0,1761,0,11465,0
2215,defense_only,320.000000,360.000000,0.001944,100.000000,0.018975,18,18,9720,18,18,0.000000,81.136626,1000,788648,6,1.000000,1.000000,0,2452,0,17449,0
2215,defense_vs_attack,420.000000,460.000000,0.001512,77.777778,0.022410,18,14,7560,14,18,22.222222,111.619577,1000,843844,6,0.000000,0.795918,2,2468,0,23499,0
2216,baseline,120.000000,160.000000,0.001944,100.000000,0.015506,18,18,9720,18,18,0.000000,27.032922,1000,262760,3,1.000000,1.000000,0,1653,0,6363,0
2216,attack_only,220.000000,260.000000,0.001944,100.000000,0.005910,18,18,9720,18,18,0.000000,27.612346,1000,268392,3,1.000000,1.000000,0,1685,0,10437,0
2216,defense_only,320.000000,360.000000,0.001944,100.000000,0.013399,18,18,9720,18,18,0.000000,89.081070,1000,865868,3,1.000000,1.000000,0,2418,0,16321,0
2216,defense_vs_attack,420.000000,460.000000,0.001944,100.000000,0.007439,18,18,9720,18,18,0.000000,88.760494,1000,862752,3,0.000000,0.857143,1,2294,0,22115,0
2218,baseline,120.000000,160.000000,0.001944,100.000000,0.015714,18,18,9720,18,18,0.000000,21.942387,1000,213280,3,1.000000,1.000000,0,1511,0,5775,0
2218,attack_only,220.000000,260.000000,0.001944,100.000000,0.005789,18,18,9720,18,18,0.000000,22.463374,1000,218344,3,1.000000,1.000000,0,1524,0,9572,0
2218,defense_only,320.000000,360.000000,0.001944,100.000000,0.012812,18,18,9720,18,18,0.000000,88.495062,1000,860172,3,1.000000,1.000000,0,2491,0,15502,0
2218,defense_vs_attack,420.000000,460.000000,0.001944,100.000000,0.007661,18,18,9720,18,18,0.000000,88.246914,1000,857760,3,0.000000,0.816327,2,2398,0,21458,0
2220,baseline,120.000000,160.000000,0.001944,100.000000,0.015272,18,18,9720,18,18,0.000000,30.600412,1000,297436,3,1.000000,1.000000,0,1765,0,6687,0
2220,attack_only,220.000000,260.000000,0.001944,100.000000,0.005789,18,18,9720,18,18,0.000000,31.885597,1000,309928,3,1.000000,1.000000,0,1794,0,11093,0
2220,defense_only,320.000000,360.000000,0.001944,100.000000,0.013023,18,18,9720,18,18,0.000000,93.795062,1000,911688,3,1.000000,1.000000,0,2444,0,16941,0
2220,defense_vs_attack,420.000000,460.000000,0.001944,100.000000,0.007522,18,18,9720,18,18,0.000000,92.585597,1000,899932,3,0.000000,0.877551,1,2421,0,22972,0
2224,baseline,120.000000,160.000000,0.001944,100.000000,0.031317,18,18,9720,18,18,0.000000,31.477366,1000,305960,6,1.000000,1.000000,0,1892,0,7014,0
2224,attack_only,220.000000,260.000000,0.001944,100.000000,0.012047,18,18,9720,18,18,0.000000,31.004938,1000,301368,6,1.000000,1.000000,0,1900,0,11632,0
2224,defense_only,320.000000,360.000000,0.001944,100.000000,0.027247,18,18,9720,18,18,0.000000,84.797119,1000,824228,6,1.000000,1.000000,0,2557,0,17800,0
2224,defense_vs_attack,420.000000,460.000000,0.001620,83.333333,0.015632,18,15,8100,15,18,16.666667,103.357037,1000,837192,6,0.000000,0.857143,1,2707,0,24137,0
2223,baseline,120.000000,160.000000,0.001944,100.000000,0.052154,18,18,9720,18,18,0.000000,28.831687,1000,280244,10,1.000000,1.000000,0,1880,0,6835,0
2223,attack_only,220.000000,260.000000,0.000000,0.000000,0.000000,18,0,0,0,18,100.000000,0.000000,1000,287492,10,1.000000,1.000000,0,1766,0,11165,0
2223,defense_only,320.000000,360.000000,0.001944,100.000000,0.048658,18,18,9720,18,18,0.000000,91.663374,1000,890968,10,1.000000,1.000000,0,2635,0,17348,0
2223,defense_vs_attack,420.000000,460.000000,0.001296,66.666667,0.036805,18,12,6480,12,18,33.333333,138.197531,1000,895520,10,0.000000,0.897959,1,2641,0,23743,0
2230,baseline,120.000000,160.000000,0.001944,100.000000,0.036066,18,18,9720,18,18,0.000000,33.308230,1000,323756,7,1.000000,1.000000,0,1963,0,7246,0
2230,attack_only,220.000000,260.000000,0.001944,100.000000,0.014134,18,18,9720,18,18,0.000000,34.894650,1000,339176,7,1.000000,1.000000,0,1967,0,11991,0
2230,defense_only,320.000000,360.000000,0.001944,100.000000,0.031545,18,18,9720,18,18,0.000000,83.826337,1000,814792,7,1.000000,1.000000,0,2653,0,18290,0
2230,defense_vs_attack,420.000000,460.000000,0.001512,77.777778,0.018171,18,14,7560,14,18,22.222222,111.513757,1000,843044,7,0.000000,0.877551,1,2621,0,24652,0
2229,baseline,120.000000,160.000000,0.001944,100.000000,0.016420,18,18,9720,18,18,0.000000,28.020165,1000,272356,3,1.000000,1.000000,0,1667,0,6359,0
2229,attack_only,220.000000,260.000000,0.001944,100.000000,0.010480,18,18,9720,18,18,0.000000,27.709877,1000,269340,3,1.000000,1.000000,0,1657,0,10374,0
2229,defense_only,320.000000,360.000000,0.001944,100.000000,0.009930,18,18,9720,18,18,0.000000,97.361317,1000,946352,3,1.000000,1.000000,0,2477,0,16401,0
2229,defense_vs_attack,420.000000,460.000000,0.001944,100.000000,0.006323,18,18,9720,18,18,0.000000,93.734979,1000,911104,3,0.000000,0.857143,1,2436,0,22433,0
2233,baseline,120.000000,160.000000,0.001944,100.000000,0.015248,18,18,9720,18,18,0.000000,26.309053,1000,255724,3,1.000000,1.000000,0,1620,0,6233,0
2233,attack_only,220.000000,260.000000,0.001944,100.000000,0.005851,18,18,9720,18,18,0.000000,25.757202,1000,250360,3,1.000000,1.000000,0,1621,0,10138,0
2233,defense_only,320.000000,360.000000,0.001944,100.000000,0.013274,18,18,9720,18,18,0.000000,90.961728,1000,884148,3,1.000000,1.000000,0,2431,0,16065,0
2233,defense_vs_attack,420.000000,460.000000,0.001944,100.000000,0.008503,18,18,9720,18,18,0.000000,89.250617,1000,867516,3,0.000000,0.857143,1,2459,0,22127,0
2234,baseline,120.000000,160.000000,0.001944,100.000000,0.020244,18,18,9720,18,18,0.000000,31.133745,1000,302620,4,1.000000,1.000000,0,1814,0,6780,0
2234,attack_only,220.000000,260.000000,0.001944,100.000000,0.008296,18,18,9720,18,18,0.000000,31.579424,1000,306952,4,1.000000,1.000000,0,1751,0,11060,0
2234,defense_only,320.000000,360.000000,0.001944,100.000000,0.017160,18,18,9720,18,18,0.000000,93.498765,1000,908808,4,1.000000,1.000000,0,2475,0,17047,0
2234,defense_vs_attack,420.000000,460.000000,0.001512,77.777778,0.011162,18,14,7560,14,18,22.222222,121.102116,1000,915532,4,0.000000,0.877551,1,2396,0,23121,0
2236,baseline,120.000000,160.000000,0.001944,100.000000,0.032542,18,18,9720,18,18,0.000000,31.646091,1000,307600,6,1.000000,1.000000,0,1832,0,6668,0
2236,attack_only,220.000000,260.000000,0.001944,100.000000,0.012601,18,18,9720,18,18,0.000000,30.632510,1000,297748,6,1.000000,1.000000,0,1780,0,10954,0
2236,defense_only,320.000000,360.000000,0.001944,100.000000,0.025651,18,18,9720,18,18,0.000000,90.847737,1000,883040,6,1.000000,1.000000,0,2421,0,16743,0
2236,defense_vs_attack,420.000000,460.000000,0.001944,100.000000,0.015607,18,18,9720,18,18,0.000000,88.348971,1000,858752,6,0.000000,0.836735,1,2474,0,22657,0
2237,baseline,120.000000,160.000000,0.001944,100.000000,0.020660,18,18,9720,18,18,0.000000,22.946091,1000,223036,4,1.000000,1.000000,0,1640,0,6090,0
2237,attack_only,220.000000,260.000000,0.001944,100.000000,0.007883,18,18,9720,18,18,0.000000,24.009465,1000,233372,4,1.000000,1.000000,0,1603,0,10032,0
2237,defense_only,320.000000,360.000000,0.001944,100.000000,0.017713,18,18,9720,18,18,0.000000,80.939506,1000,786732,4,1.000000,1.000000,0,2379,0,15784,0
2237,defense_vs_attack,420.000000,460.000000,0.001944,100.000000,0.009734,18,18,9720,18,18,0.000000,78.965432,1000,767544,4,0.000000,0.857143,1,2340,0,21644,0
2248,baseline,120.000000,160.000000,0.001944,100.000000,0.020173,18,18,9720,18,18,0.000000,28.134979,1000,273472,4,1.000000,1.000000,0,1790,0,6752,0
2248,attack_only,220.000000,260.000000,0.001944,100.000000,0.007793,18,18,9720,18,18,0.000000,28.742387,1000,279376,4,1.000000,1.000000,0,1818,0,11224,0
2248,defense_only,320.000000,360.000000,0.001944,100.000000,0.017175,18,18,9720,18,18,0.000000,73.966667,1000,718956,4,1.000000,1.000000,0,2498,0,17269,0
2248,defense_vs_attack,420.000000,460.000000,0.001944,100.000000,0.013894,18,18,9720,18,18,0.000000,78.344856,1000,761512,4,0.000000,0.877551,1,2499,0,23415,0
2247,baseline,120.000000,160.000000,0.001944,100.000000,0.020592,18,18,9720,18,18,0.000000,27.886420,1000,271056,4,1.000000,1.000000,0,1713,0,6419,0
2247,attack_only,220.000000,260.000000,0.001944,100.000000,0.007793,18,18,9720,18,18,0.000000,28.456379,1000,276596,4,1.000000,1.000000,0,1757,0,10613,0
2247,defense_only,320.000000,360.000000,0.001944,100.000000,0.017405,18,18,9720,18,18,0.000000,85.613580,1000,832164,4,1.000000,1.000000,0,2408,0,16437,0
2247,defense_vs_attack,420.000000,460.000000,0.001944,100.000000,0.013652,18,18,9720,18,18,0.000000,84.195885,1000,818384,4,0.000000,0.897959,1,2370,0,22250,0
2245,baseline,120.000000,160.000000,0.001944,100.000000,0.020873,18,18,9720,18,18,0.000000,33.115638,1000,321884,4,1.000000,1.000000,0,1835,0,6798,0
2245,attack_only,220.000000,260.000000,0.001944,100.000000,0.008219,18,18,9720,18,18,0.000000,33.476543,1000,325392,4,1.000000,1.000000,0,1828,0,11224,0
2245,defense_only,320.000000,360.000000,0.001944,100.000000,0.018329,18,18,9720,18,18,0.000000,99.471605,1000,966864,4,1.000000,1.000000,0,2440,0,17082,0
2245,defense_vs_attack,420.000000,460.000000,0.001944,100.000000,0.017705,18,18,9720,18,18,0.000000,96.200000,1000,935064,4,0.000000,0.816327,1,2335,0,22896,0
2250,baseline,120.000000,160.000000,0.001944,100.000000,0.020871,18,18,9720,18,18,0.000000,34.139918,1000,331840,4,1.000000,1.000000,0,1806,0,6815,0
2250,attack_only,220.000000,260.000000,0.001944,100.000000,0.008015,18,18,9720,18,18,0.000000,34.727160,1000,337548,4,1.000000,1.000000,0,1815,0,11295,0
2250,defense_only,320.000000,360.000000,0.001944,100.000000,0.017276,18,18,9720,18,18,0.000000,82.189712,1000,798884,4,1.000000,1.000000,0,2337,0,16929,0
2250,defense_vs_attack,420.000000,460.000000,0.001944,100.000000,0.010296,18,18,9720,18,18,0.000000,80.940329,1000,786740,4,0.000000,0.877551,1,2341,0,22608,0
2249,baseline,120.000000,160.000000,0.001944,100.000000,0.020639,18,18,9720,18,18,0.000000,32.453086,1000,315444,4,1.000000,1.000000,0,1844,0,6980,0
2249,attack_only,220.000000,260.000000,0.001944,100.000000,0.008456,18,18,9720,18,18,0.000000,33.450206,1000,325136,4,1.000000,1.000000,0,1862,0,11536,0
2249,defense_only,320.000000,360.000000,0.001944,100.000000,0.017474,18,18,9720,18,18,0.000000,96.244856,1000,935500,4,1.000000,1.000000,0,2504,0,17638,0
2249,defense_vs_attack,420.000000,460.000000,0.001188,61.111111,0.011907,18,11,5940,11,18,38.888889,153.956229,1000,914500,4,0.000000,0.857143,1,2479,0,23681,0
2251,baseline,120.000000,160.000000,0.001944,100.000000,0.037275,18,18,9720,18,18,0.000000,31.060082,1000,301904,7,1.000000,1.000000,0,1862,0,6767,0
2251,attack_only,220.000000,260.000000,0.000000,0.000000,0.000000,18,0,0,0,18,100.000000,0.000000,1000,308940,7,1.000000,1.000000,0,1869,0,11319,0
2251,defense_only,320.000000,360.000000,0.001944,100.000000,0.020569,18,18,9720,18,18,0.000000,96.599588,1000,938948,7,1.000000,1.000000,0,2563,0,17508,0
2251,defense_vs_attack,420.000000,460.000000,0.001080,55.555556,0.025604,18,10,5400,10,18,44.444444,170.781481,1000,922220,7,0.000000,0.857143,1,2597,0,23773,0
2256,baseline,120.000000,160.000000,0.001944,100.000000,0.015422,18,18,9720,18,18,0.000000,34.056379,1000,331028,3,1.000000,1.000000,0,1795,0,6781,0
2256,attack_only,220.000000,260.000000,0.001944,100.000000,0.005854,18,18,9720,18,18,0.000000,33.415638,1000,324800,3,1.000000,1.000000,0,1737,0,11090,0
2256,defense_only,320.000000,360.000000,0.001944,100.000000,0.013176,18,18,9720,18,18,0.000000,98.074486,1000,953284,3,1.000000,1.000000,0,2331,0,16775,0
2256,defense_vs_attack,420.000000,460.000000,0.001944,100.000000,0.007265,18,18,9720,18,18,0.000000,96.683128,1000,939760,3,0.000000,0.816327,1,2347,0,22485,0
2262,baseline,120.000000,160.000000,0.001944,100.000000,0.014950,18,18,9720,18,18,0.000000,34.814815,1000,338400,3,1.000000,1.000000,0,1863,0,7019,0
2262,attack_only,220.000000,260.000000,0.001944,100.000000,0.005973,18,18,9720,18,18,0.000000,34.524691,1000,335580,3,1.000000,1.000000,0,1816,0,11452,0
2262,defense_only,320.000000,360.000000,0.001944,100.000000,0.012829,18,18,9720,18,18,0.000000,93.227572,1000,906172,3,1.000000,1.000000,0,2477,0,17518,0
2262,defense_vs_attack,420.000000,460.000000,0.001728,88.888889,0.011688,18,16,8640,16,18,11.111111,102.185185,1000,882880,3,0.000000,0.816327,1,2532,0,23645,0
2260,baseline,120.000000,160.000000,0.001944,100.000000,0.020938,18,18,9720,18,18,0.000000,30.978189,1000,301108,4,1.000000,1.000000,0,1790,0,6727,0
2260,attack_only,220.000000,260.000000,0.001944,100.000000,0.008159,18,18,9720,18,18,0.000000,32.269959,1000,313664,4,1.000000,1.000000,0,1819,0,11170,0
2260,defense_only,320.000000,360.000000,0.001836,94.444444,0.017151,18,17,9180,17,18,5.555556,87.381264,1000,802160,4,1.000000,1.000000,0,2401,0,16901,0
2260,defense_vs_attack,420.000000,460.000000,0.001944,100.000000,0.010734,18,18,9720,18,18,0.000000,89.123868,1000,866284,4,0.000000,0.857143,1,2353,0,22750,0
2267,baseline,120.000000,160.000000,0.001944,100.000000,0.015698,18,18,9720,18,18,0.000000,32.764198,1000,318468,3,1.000000,1.000000,0,1707,0,6502,0
2267,attack_only,220.000000,260.000000,0.001944,100.000000,0.006039,18,18,9720,18,18,0.000000,33.643210,1000,327012,3,1.000000,1.000000,0,1700,0,10673,0
2267,defense_only,320.000000,360.000000,0.001944,100.000000,0.015307,18,18,9720,18,18,0.000000,97.982305,1000,952388,3,1.000000,1.000000,0,2267,0,16254,0
2267,defense_vs_attack,420.000000,460.000000,0.001836,94.444444,0.017970,18,17,9180,17,18,5.555556,104.801307,1000,962076,3,0.000000,0.836735,2,2404,0,22138,0
2270,baseline,120.000000,160.000000,0.001944,100.000000,0.026177,18,18,9720,18,18,0.000000,26.049383,1000,253200,5,1.000000,1.000000,0,1736,0,6473,0
2270,attack_only,220.000000,260.000000,0.000000,0.000000,0.000000,18,0,0,0,18,100.000000,0.000000,1000,261672,5,1.000000,1.000000,0,1673,0,10569,0
2270,defense_only,320.000000,360.000000,0.001944,100.000000,0.017653,18,18,9720,18,18,0.000000,91.586008,1000,890216,5,1.000000,1.000000,0,2510,0,16607,0
2270,defense_vs_attack,420.000000,460.000000,0.000864,44.444444,0.037306,18,8,4320,8,18,55.555556,209.341667,1000,904356,6,0.000000,0.816327,2,2580,0,22838,0
2269,baseline,120.000000,160.000000,0.001944,100.000000,0.020797,18,18,9720,18,18,0.000000,28.979012,1000,281676,4,1.000000,1.000000,0,1813,0,6878,0
2269,attack_only,220.000000,260.000000,0.000000,0.000000,0.000000,18,0,0,0,18,100.000000,0.000000,1000,278424,4,1.000000,1.000000,0,1773,0,11295,0
2269,defense_only,320.000000,360.000000,0.001944,100.000000,0.014723,18,18,9720,18,18,0.000000,79.048971,1000,768356,4,1.000000,1.000000,0,2511,0,17404,0
2269,defense_vs_attack,420.000000,460.000000,0.001944,100.000000,0.010546,18,18,9720,18,18,0.000000,87.701646,1000,852460,4,0.000000,0.836735,1,2600,0,23677,0
2272,baseline,120.000000,160.000000,0.001944,100.000000,0.030516,18,18,9720,18,18,0.000000,28.977366,1000,281660,6,1.000000,1.000000,0,1742,0,6477,0
2272,attack_only,220.000000,260.000000,0.000000,0.000000,0.000000,18,0,0,0,18,100.000000,0.000000,1000,271448,7,1.000000,1.000000,0,1668,0,10575,0
2272,defense_only,320.000000,360.000000,0.001944,100.000000,0.027124,18,18,9720,18,18,0.000000,95.013992,1000,923536,6,1.000000,1.000000,0,2485,0,16584,0
2272,defense_vs_attack,420.000000,460.000000,0.001944,100.000000,0.019623,18,18,9720,18,18,0.000000,93.353498,1000,907396,7,0.000000,0.755102,2,2584,0,22724,0
2285,baseline,120.000000,160.000000,0.001944,100.000000,0.015938,18,18,9720,18,18,0.000000,33.367490,1000,324332,3,1.000000,1.000000,0,1791,0,6783,0
2285,attack_only,220.000000,260.000000,0.001944,100.000000,0.005911,18,18,9720,18,18,0.000000,32.913992,1000,319924,3,1.000000,1.000000,0,1762,0,11145,0
2285,defense_only,320.000000,360.000000,0.001944,100.000000,0.014003,18,18,9720,18,18,0.000000,101.106584,1000,982756,3,1.000000,1.000000,0,2379,0,16979,0
2285,defense_vs_attack,420.000000,460.000000,0.001944,100.000000,0.009066,18,18,9720,18,18,0.000000,95.900412,1000,932152,3,0.000000,0.795918,1,2470,0,23030,0
2294,baseline,120.000000,160.000000,0.001944,100.000000,0.025942,18,18,9720,18,18,0.000000,28.141975,1000,273540,5,1.000000,1.000000,0,1780,0,6593,0
2294,attack_only,220.000000,260.000000,0.000000,0.000000,0.000000,18,0,0,0,18,100.000000,0.000000,1000,279676,6,1.000000,1.000000,0,1688,0,10778,0
2294,defense_only,320.000000,360.000000,0.001944,100.000000,0.009838,18,18,9720,18,18,0.000000,85.464198,1000,830712,5,1.000000,1.000000,0,2544,0,16853,0
2294,defense_vs_attack,420.000000,460.000000,0.001296,66.666667,0.021778,18,12,6480,12,18,33.333333,126.732716,1000,821228,5,0.000000,0.918367,1,2485,0,22929,0
2282,baseline,120.000000,160.000000,0.001944,100.000000,0.041881,18,18,9720,18,18,0.000000,25.732099,1000,250116,8,1.000000,1.000000,0,1897,0,6897,0
2282,attack_only,220.000000,260.000000,0.000000,0.000000,0.000000,18,0,0,0,18,100.000000,0.000000,1000,252700,8,1.000000,1.000000,0,1773,0,11259,0
2282,defense_only,320.000000,360.000000,0.001944,100.000000,0.021608,18,18,9720,18,18,0.000000,89.967490,1000,874484,8,1.000000,1.000000,0,2840,0,18094,0
2282,defense_vs_attack,420.000000,460.000000,0.001188,61.111111,0.032011,18,11,5940,11,18,38.888889,142.587879,1000,846972,8,0.000000,0.836735,1,2675,0,24731,0
2289,baseline,120.000000,160.000000,0.001944,100.000000,0.015197,18,18,9720,18,18,0.000000,30.325103,1000,294760,3,1.000000,1.000000,0,1784,0,6784,0
2289,attack_only,220.000000,260.000000,0.001944,100.000000,0.005790,18,18,9720,18,18,0.000000,30.339918,1000,294904,3,1.000000,1.000000,0,1766,0,11120,0
2289,defense_only,320.000000,360.000000,0.001944,100.000000,0.013894,18,18,9720,18,18,0.000000,96.984774,1000,942692,3,1.000000,1.000000,0,2431,0,17128,0
2289,defense_vs_attack,420.000000,460.000000,0.001944,100.000000,0.008881,18,18,9720,18,18,0.000000,99.092181,1000,963176,3,0.000000,0.877551,1,2517,0,23236,0
2298,baseline,120.000000,160.000000,0.001944,100.000000,0.080894,18,18,9720,18,18,0.000000,32.668724,1000,317540,5,1.000000,1.000000,0,1863,0,6976,0
2298,attack_only,220.000000,260.000000,0.001944,100.000000,0.009983,18,18,9720,18,18,0.000000,32.527160,1000,316164,5,1.000000,1.000000,0,1808,0,11409,0
2298,defense_only,320.000000,360.000000,0.001944,100.000000,0.024405,18,18,9720,18,18,0.000000,81.579012,1000,792948,5,1.000000,1.000000,0,2444,0,17347,0
2298,defense_vs_attack,420.000000,460.000000,0.001944,100.000000,0.011618,18,18,9720,18,18,0.000000,81.839506,1000,795480,5,0.000000,0.857143,1,2473,0,23364,0
2297,baseline,120.000000,160.000000,0.001944,100.000000,0.037107,18,18,9720,18,18,0.000000,24.609053,1000,239200,7,1.000000,1.000000,0,1701,0,6241,0
2297,attack_only,220.000000,260.000000,0.001944,100.000000,0.014710,18,18,9720,18,18,0.000000,25.621399,1000,249040,7,1.000000,1.000000,0,1665,0,10232,0
2297,defense_only,320.000000,360.000000,0.001944,100.000000,0.035039,18,18,9720,18,18,0.000000,76.240741,1000,741060,7,1.000000,1.000000,0,2423,0,16009,0
2297,defense_vs_attack,420.000000,460.000000,0.001836,94.444444,0.020953,18,17,9180,17,18,5.555556,86.231808,1000,791608,7,0.000000,0.918367,1,2425,0,21826,0
2295,baseline,120.000000,160.000000,0.001836,100.000000,0.036394,17,17,9180,17,18,5.555556,29.371678,1000,269632,7,1.000000,1.000000,0,1863,0,6911,0
2295,attack_only,220.000000,260.000000,0.000000,0.000000,0.000000,18,0,0,0,18,100.000000,0.000000,1000,278116,8,1.000000,1.000000,0,1860,0,11390,0
2295,defense_only,320.000000,360.000000,0.001944,100.000000,0.025716,18,18,9720,18,18,0.000000,86.380247,1000,839616,7,1.000000,1.000000,0,2535,0,17427,0
2295,defense_vs_attack,420.000000,460.000000,0.001080,55.555556,0.020402,18,10,5400,10,18,44.444444,157.005185,1000,847828,7,0.000000,0.897959,1,2417,0,23355,0
2300,baseline,120.000000,160.000000,0.001944,100.000000,0.076519,18,18,9720,18,18,0.000000,25.637449,1000,249196,4,1.000000,1.000000,0,1688,0,6347,0
2300,attack_only,220.000000,260.000000,0.000000,0.000000,0.000000,18,0,0,0,18,100.000000,0.000000,1000,253448,4,1.000000,1.000000,0,1655,0,10428,0
2300,defense_only,320.000000,360.000000,0.001944,100.000000,0.015266,18,18,9720,18,18,0.000000,99.082716,1000,963084,4,1.000000,1.000000,0,2541,0,16376,0
2300,defense_vs_attack,420.000000,460.000000,0.001188,61.111111,0.023745,18,11,5940,11,18,38.888889,161.053872,1000,956660,4,0.000000,0.836735,2,2514,0,22448,0
2310,baseline,120.000000,160.000000,0.001944,100.000000,0.020731,18,18,9720,18,18,0.000000,22.841564,1000,222020,4,1.000000,1.000000,0,1539,0,5820,0
2310,attack_only,220.000000,260.000000,0.000000,0.000000,0.000000,18,0,0,0,18,100.000000,0.000000,1000,222416,5,1.000000,1.000000,0,1507,0,9548,0
2310,defense_only,320.000000,360.000000,0.001944,100.000000,0.011074,18,18,9720,18,18,0.000000,82.246914,1000,799440,4,1.000000,1.000000,0,2358,0,15288,0
2310,defense_vs_attack,420.000000,460.000000,0.001080,55.555556,0.012969,18,10,5400,10,18,44.444444,153.625926,1000,829580,4,0.000000,0.877551,1,2372,0,21166,0
2305,baseline,120.000000,160.000000,0.001944,100.000000,0.020924,18,18,9720,18,18,0.000000,30.162140,1000,293176,4,1.000000,1.000000,0,1745,0,6556,0
2305,attack_only,220.000000,260.000000,0.001944,100.000000,0.008046,18,18,9720,18,18,0.000000,32.071193,1000,311732,4,1.000000,1.000000,0,1758,0,10790,0
2305,defense_only,320.000000,360.000000,0.001944,100.000000,0.021194,18,18,9720,18,18,0.000000,95.418519,1000,927468,4,1.000000,1.000000,0,2491,0,16682,0
2305,defense_vs_attack,420.000000,460.000000,0.001944,100.000000,0.007925,18,18,9720,18,18,0.000000,94.659259,1000,920088,4,0.000000,0.836735,1,2465,0,22725,0
2308,baseline,120.000000,160.000000,0.001944,100.000000,0.015622,18,18,9720,18,18,0.000000,25.888066,1000,251632,3,1.000000,1.000000,0,1619,0,6130,0
2308,attack_only,220.000000,260.000000,0.001944,100.000000,0.005860,18,18,9720,18,18,0.000000,26.874074,1000,261216,3,1.000000,1.000000,0,1606,0,10107,0
2308,defense_only,320.000000,360.000000,0.001944,100.000000,0.015358,18,18,9720,18,18,0.000000,96.303704,1000,936072,3,1.000000,1.000000,0,2416,0,16013,0
2308,defense_vs_attack,420.000000,460.000000,0.001944,100.000000,0.007820,18,18,9720,18,18,0.000000,99.062963,1000,962892,3,0.000000,0.836735,1,2389,0,21953,0
2314,baseline,120.000000,160.000000,0.001944,100.000000,0.020674,18,18,9720,18,18,0.000000,22.735802,1000,220992,4,1.000000,1.000000,0,1554,0,5883,0
2314,attack_only,220.000000,260.000000,0.000000,0.000000,0.000000,18,0,0,0,18,100.000000,0.000000,1000,213224,4,1.000000,1.000000,0,1449,0,9506,0
2314,defense_only,320.000000,360.000000,0.001944,100.000000,0.009549,18,18,9720,18,18,0.000000,91.763374,1000,891940,4,1.000000,1.000000,0,2464,0,15332,0
2314,defense_vs_attack,420.000000,460.000000,0.001188,61.111111,0.018895,18,11,5940,11,18,38.888889,157.720539,1000,936860,4,0.000000,0.734694,1,2418,0,21240,0
2309,baseline,120.000000,160.000000,0.001944,100.000000,0.087772,18,18,9720,18,18,0.000000,26.831687,1000,260804,6,1.000000,1.000000,0,1675,0,6266,0
2309,attack_only,220.000000,260.000000,0.001944,100.000000,0.023166,18,18,9720,18,18,0.000000,27.576132,1000,268040,6,1.000000,1.000000,0,1677,0,10317,0
2309,defense_only,320.000000,360.000000,0.001944,100.000000,0.024168,18,18,9720,18,18,0.000000,101.267490,1000,984320,6,1.000000,1.000000,0,2520,0,16307,0
2309,defense_vs_attack,420.000000,460.000000,0.001512,77.777778,0.015686,18,14,7560,14,18,22.222222,133.804233,1000,1011560,6,0.000000,0.734694,1,2451,0,22353,0
2317,baseline,120.000000,160.000000,0.001944,100.000000,0.031064,18,18,9720,18,18,0.000000,30.701235,1000,298416,6,1.000000,1.000000,0,1783,0,6701,0
2317,attack_only,220.000000,260.000000,0.000000,0.000000,0.000000,18,0,0,0,18,100.000000,0.000000,1000,287020,6,1.000000,1.000000,0,1702,0,10902,0
2317,defense_only,320.000000,360.000000,0.001944,100.000000,0.019794,18,18,9720,18,18,0.000000,90.196296,1000,876708,6,1.000000,1.000000,0,2408,0,16772,0
2317,defense_vs_attack,420.000000,460.000000,0.001296,66.666667,0.028354,18,12,6480,12,18,33.333333,141.554938,1000,917276,6,0.000000,0.857143,1,2438,0,22848,0
2320,baseline,120.000000,160.000000,0.001944,100.000000,0.045623,18,18,9720,18,18,0.000000,24.062551,1000,233888,9,1.000000,1.000000,0,1783,0,6384,0
2320,attack_only,220.000000,260.000000,0.001944,100.000000,0.018121,18,18,9720,18,18,0.000000,25.446502,1000,247340,9,1.000000,1.000000,0,1766,0,10499,0
2320,defense_only,320.000000,360.000000,0.001944,100.000000,0.044972,18,18,9720,18,18,0.000000,79.514403,1000,772880,9,1.000000,1.000000,0,2612,0,16717,0
2320,defense_vs_attack,420.000000,460.000000,0.001620,83.333333,0.024515,18,15,8100,15,18,16.666667,96.496296,1000,781620,9,0.000000,0.877551,1,2556,0,22958,0
2322,baseline,120.000000,160.000000,0.001944,100.000000,0.086867,18,18,9720,18,18,0.000000,25.197942,1000,244924,6,1.000000,1.000000,0,1714,0,6344,0
2322,attack_only,220.000000,260.000000,0.000000,0.000000,0.000000,18,0,0,0,18,100.000000,0.000000,1000,249852,6,1.000000,1.000000,0,1617,0,10403,0
2322,defense_only,320.000000,360.000000,0.001944,100.000000,0.012042,18,18,9720,18,18,0.000000,85.823868,1000,834208,6,1.000000,1.000000,0,2565,0,16526,0
2322,defense_vs_attack,420.000000,460.000000,0.001728,88.888889,0.031061,18,16,8640,16,18,11.111111,99.420833,1000,858996,6,0.000000,0.836735,3,2599,0,22736,0
2324,baseline,120.000000,160.000000,0.001944,100.000000,0.020721,18,18,9720,18,18,0.000000,25.101235,1000,243984,4,1.000000,1.000000,0,1698,0,6360,0
2324,attack_only,220.000000,260.000000,0.001944,100.000000,0.007794,18,18,9720,18,18,0.000000,25.070370,1000,243684,4,1.000000,1.000000,0,1664,0,10466,0
2324,defense_only,320.000000,360.000000,0.001944,100.000000,0.017511,18,18,9720,18,18,0.000000,84.789712,1000,824156,4,1.000000,1.000000,0,2431,0,16357,0
2324,defense_vs_attack,420.000000,460.000000,0.000972,50.000000,0.011679,18,9,4860,9,18,50.000000,126.372016,1000,614168,4,0.000000,0.877551,1,2304,0,22181,0
2325,baseline,120.000000,160.000000,0.001944,100.000000,0.026293,18,18,9720,18,18,0.000000,33.851852,1000,329040,5,1.000000,1.000000,0,1886,0,6926,0
2325,attack_only,220.000000,260.000000,0.000000,0.000000,0.000000,18,0,0,0,18,100.000000,0.000000,1000,333044,5,1.000000,1.000000,0,1799,0,11316,0
2325,defense_only,320.000000,360.000000,0.001944,100.000000,0.015809,18,18,9720,18,18,0.000000,86.554321,1000,841308,5,1.000000,1.000000,0,2350,0,17052,0
2325,defense_vs_attack,420.000000,460.000000,0.001620,83.333333,0.092861,18,15,8100,15,18,16.666667,97.480494,1000,789592,5,0.000000,0.836735,2,2445,0,22830,0
2326,baseline,120.000000,160.000000,0.001944,100.000000,0.033596,18,18,9720,18,18,0.000000,29.475720,1000,286504,6,1.000000,1.000000,0,1750,0,6412,0
2326,attack_only,220.000000,260.000000,0.000000,0.000000,0.000000,18,0,0,0,18,100.000000,0.000000,1000,288544,7,1.000000,1.000000,0,1661,0,10446,0
2326,defense_only,320.000000,360.000000,0.001944,100.000000,0.012207,18,18,9720,18,18,0.000000,97.452675,1000,947240,6,1.000000,1.000000,0,2314,0,16119,0
2326,defense_vs_attack,420.000000,460.000000,0.001188,61.111111,0.031195,18,11,5940,11,18,38.888889,160.368350,1000,952588,6,0.000000,0.816327,1,2381,0,21938,0
2329,baseline,120.000000,160.000000,0.001944,100.000000,0.026044,18,18,9720,18,18,0.000000,28.923868,1000,281140,5,1.000000,1.000000,0,1741,0,6493,0
2329,attack_only,220.000000,260.000000,0.000000,0.000000,0.000000,18,0,0,0,18,100.000000,0.000000,1000,288820,5,1.000000,1.000000,0,1665,0,10618,0
2329,defense_only,320.000000,360.000000,0.001944,100.000000,0.012255,18,18,9720,18,18,0.000000,85.680247,1000,832812,5,1.000000,1.000000,0,2385,0,16421,0
2329,defense_vs_attack,420.000000,460.000000,0.001404,72.222222,0.025259,18,13,7020,13,18,27.777778,119.170370,1000,836576,5,0.000000,0.877551,1,2472,0,22448,0
2328,baseline,120.000000,160.000000,0.001944,100.000000,0.014953,18,18,9720,18,18,0.000000,30.799588,1000,299372,3,1.000000,1.000000,0,1759,0,6576,0
2328,attack_only,220.000000,260.000000,0.001944,100.000000,0.005789,18,18,9720,18,18,0.000000,32.399177,1000,314920,3,1.000000,1.000000,0,1743,0,10796,0
2328,defense_only,320.000000,360.000000,0.001944,100.000000,0.013869,18,18,9720,18,18,0.000000,100.815638,1000,979928,3,1.000000,1.000000,0,2464,0,16735,0
2328,defense_vs_attack,420.000000,460.000000,0.001944,100.000000,0.008541,18,18,9720,18,18,0.000000,99.261317,1000,964820,3,0.000000,0.897959,1,2495,0,22795,0
2330,baseline,120.000000,160.000000,0.001944,100.000000,0.026033,18,18,9720,18,18,0.000000,29.037449,1000,282244,5,1.000000,1.000000,0,1862,0,6907,0
2330,attack_only,220.000000,260.000000,0.000000,0.000000,0.000000,18,0,0,0,18,100.000000,0.000000,1000,288872,6,1.000000,1.000000,0,1814,0,11372,0
2330,defense_only,320.000000,360.000000,0.001944,100.000000,0.010029,18,18,9720,18,18,0.000000,84.722634,1000,823504,5,1.000000,1.000000,0,2656,0,17727,0
2330,defense_vs_attack,420.000000,460.000000,0.001512,77.777778,0.023936,18,14,7560,14,18,22.222222,109.580952,1000,828432,5,0.000000,0.938776,1,2645,0,24182,0
2331,baseline,120.000000,160.000000,0.001944,100.000000,0.015619,18,18,9720,18,18,0.000000,28.341152,1000,275476,3,1.000000,1.000000,0,1817,0,6802,0
2331,attack_only,220.000000,260.000000,0.000000,0.000000,0.000000,18,0,0,0,18,100.000000,0.000000,1000,279124,3,1.000000,1.000000,0,1708,0,11080,0
2331,defense_only,320.000000,360.000000,0.001944,100.000000,0.005790,18,18,9720,18,18,0.000000,90.711934,1000,881720,3,1.000000,1.000000,0,2397,0,16940,0
2331,defense_vs_attack,420.000000,460.000000,0.001296,66.666667,0.013389,18,12,6480,12,18,33.333333,131.759259,1000,853800,3,0.000000,0.836735,1,2352,0,22855,0
2333,baseline,120.000000,160.000000,0.001944,100.000000,0.045524,18,18,9720,18,18,0.000000,31.029630,1000,301608,8,1.000000,1.000000,0,1883,0,6726,0
2333,attack_only,220.000000,260.000000,0.001944,100.000000,0.019655,18,18,9720,18,18,0.000000,30.870782,1000,300064,8,1.000000,1.000000,0,1791,0,10993,0
2333,defense_only,320.000000,360.000000,0.001944,100.000000,0.031257,18,18,9720,18,18,0.000000,91.540741,1000,889776,8,1.000000,1.000000,0,2445,0,16705,0
2333,defense_vs_attack,420.000000,460.000000,0.001188,61.111111,0.056537,18,11,5940,11,18,38.888889,150.979798,1000,896820,8,0.000000,0.897959,2,2640,0,22852,0
2335,baseline,120.000000,160.000000,0.001944,100.000000,0.020846,18,18,9720,18,18,0.000000,27.857613,1000,270776,4,1.000000,1.000000,0,1714,0,6538,0
2335,attack_only,220.000000,260.000000,0.000000,0.000000,0.000000,18,0,0,0,18,100.000000,0.000000,1000,275984,4,1.000000,1.000000,0,1711,0,10716,0
2335,defense_only,320.000000,360.000000,0.001944,100.000000,0.075830,18,18,9720,18,18,0.000000,90.772840,1000,882312,4,1.000000,1.000000,0,2534,0,16862,0
2335,defense_vs_attack,420.000000,460.000000,0.001836,94.444444,0.015073,18,17,9180,17,18,5.555556,92.798257,1000,851888,5,0.000000,0.877551,1,2517,0,23022,0
2340,baseline,120.000000,160.000000,0.001944,100.000000,0.032114,18,18,9720,18,18,0.000000,26.619342,1000,258740,6,1.000000,1.000000,0,1724,0,6552,0
2340,attack_only,220.000000,260.000000,0.001944,100.000000,0.011995,18,18,9720,18,18,0.000000,27.414403,1000,266468,6,1.000000,1.000000,0,1769,0,10710,0
2340,defense_only,320.000000,360.000000,0.001944,100.000000,0.026392,18,18,9720,18,18,0.000000,93.954321,1000,913236,6,1.000000,1.000000,0,2604,0,17038,0
2340,defense_vs_attack,420.000000,460.000000,0.001944,100.000000,0.014891,18,18,9720,18,18,0.000000,89.770370,1000,872568,6,0.000000,0.918367,1,2595,0,23410,0
2342,baseline,120.000000,160.000000,0.001944,100.000000,0.015099,18,18,9720,18,18,0.000000,29.528395,1000,287016,3,1.000000,1.000000,0,1772,0,6639,0
2342,attack_only,220.000000,260.000000,0.001944,100.000000,0.007770,18,18,9720,18,18,0.000000,29.905350,1000,290680,3,1.000000,1.000000,0,1748,0,10945,0
2342,defense_only,320.000000,360.000000,0.001944,100.000000,0.010438,18,18,9720,18,18,0.000000,82.956379,1000,806336,3,1.000000,1.000000,0,2366,0,16765,0
2342,defense_vs_attack,420.000000,460.000000,0.001944,100.000000,0.007135,18,18,9720,18,18,0.000000,92.519342,1000,899288,3,0.000000,0.857143,3,2416,0,22634,0
2341,baseline,120.000000,160.000000,0.001944,100.000000,0.093736,18,18,9720,18,18,0.000000,36.700823,1000,356732,7,1.000000,1.000000,0,1975,0,7318,0
2341,attack_only,220.000000,260.000000,0.001944,100.000000,0.016794,18,18,9720,18,18,0.000000,38.837449,1000,377500,7,1.000000,1.000000,0,1996,0,12115,0
2341,defense_only,320.000000,360.000000,0.001944,100.000000,0.026419,18,18,9720,18,18,0.000000,90.687243,1000,881480,7,1.000000,1.000000,0,2596,0,18300,0
2341,defense_vs_attack,420.000000,460.000000,0.001296,66.666667,0.023016,18,12,6480,12,18,33.333333,143.547531,1000,930188,7,0.000000,0.857143,1,2608,0,24627,0
2347,baseline,120.000000,160.000000,0.001944,100.000000,0.036538,18,18,9720,18,18,0.000000,30.138683,1000,292948,7,1.000000,1.000000,0,1815,0,6576,0
2347,attack_only,220.000000,260.000000,0.000000,0.000000,0.000000,18,0,0,0,18,100.000000,0.000000,1000,299064,7,1.000000,1.000000,0,1720,0,10794,0
2347,defense_only,320.000000,360.000000,0.001944,100.000000,0.021682,18,18,9720,18,18,0.000000,94.469136,1000,918240,7,1.000000,1.000000,0,2472,0,16755,0
2347,defense_vs_attack,420.000000,460.000000,0.000972,50.000000,0.023805,18,9,4860,9,18,50.000000,195.096296,1000,948168,7,0.000000,0.857143,1,2518,0,22768,0
2357,baseline,120.000000,160.000000,0.001944,100.000000,0.071673,18,18,9720,18,18,0.000000,27.251852,1000,264888,3,1.000000,1.000000,0,1669,0,6314,0
2357,attack_only,220.000000,260.000000,0.001944,100.000000,0.006273,18,18,9720,18,18,0.000000,27.770370,1000,269928,3,1.000000,1.000000,0,1645,0,10340,0
2357,defense_only,320.000000,360.000000,0.001944,100.000000,0.012383,18,18,9720,18,18,0.000000,92.283951,1000,897000,3,1.000000,1.000000,0,2502,0,16423,0
2357,defense_vs_attack,420.000000,460.000000,0.001944,100.000000,0.008009,18,18,9720,18,18,0.000000,90.397119,1000,878660,3,0.000000,0.877551,1,2416,0,22365,0
2361,baseline,120.000000,160.000000,0.001944,100.000000,0.014944,18,18,9720,18,18,0.000000,25.045679,1000,243444,3,1.000000,1.000000,0,1651,0,6266,0
2361,attack_only,220.000000,260.000000,0.001944,100.000000,0.005789,18,18,9720,18,18,0.000000,24.513169,1000,238268,3,1.000000,1.000000,0,1622,0,10254,0
2361,defense_only,320.000000,360.000000,0.001944,100.000000,0.014463,18,18,9720,18,18,0.000000,79.123868,1000,769084,3,1.000000,1.000000,0,2489,0,16262,0
2361,defense_vs_attack,420.000000,460.000000,0.001404,72.222222,0.007820,18,13,7020,13,18,27.777778,95.909402,1000,673284,4,0.000000,0.816327,1,2312,0,22082,0
2358,baseline,120.000000,160.000000,0.001944,100.000000,0.020673,18,18,9720,18,18,0.000000,32.373663,1000,314672,4,1.000000,1.000000,0,1834,0,6994,0
2358,attack_only,220.000000,260.000000,0.001944,100.000000,0.008142,18,18,9720,18,18,0.000000,33.401235,1000,324660,4,1.000000,1.000000,0,1884,0,11542,0
2358,defense_only,320.000000,360.000000,0.001944,100.000000,0.017434,18,18,9720,18,18,0.000000,91.657202,1000,890908,4,1.000000,1.000000,0,2493,0,17577,0
2358,defense_vs_attack,420.000000,460.000000,0.001944,100.000000,0.010071,18,18,9720,18,18,0.000000,91.469547,1000,889084,4,0.000000,0.918367,1,2477,0,23765,0
2360,baseline,120.000000,160.000000,0.001944,100.000000,0.041606,18,18,9720,18,18,0.000000,24.100823,1000,234260,8,1.000000,1.000000,0,1658,0,5962,0
2360,attack_only,220.000000,260.000000,0.000000,0.000000,0.000000,18,0,0,0,18,100.000000,0.000000,1000,243784,9,1.000000,1.000000,0,1607,0,9869,0
2360,defense_only,320.000000,360.000000,0.001944,100.000000,0.025504,18,18,9720,18,18,0.000000,94.271605,1000,916320,8,1.000000,1.000000,0,2471,0,15754,0
2360,defense_vs_attack,420.000000,460.000000,0.001404,72.222222,0.033564,18,13,7020,13,18,27.777778,130.010826,1000,912676,8,0.000000,0.857143,1,2461,0,21646,0
2352,baseline,120.000000,160.000000,0.001944,100.000000,0.086758,18,18,9720,18,18,0.000000,33.313992,1000,323812,6,1.000000,1.000000,0,1785,0,6651,0
2352,attack_only,220.000000,260.000000,0.001944,100.000000,0.012099,18,18,9720,18,18,0.000000,33.423457,1000,324876,6,1.000000,1.000000,0,1787,0,10929,0
2352,defense_only,320.000000,360.000000,0.001944,100.000000,0.029936,18,18,9720,18,18,0.000000,108.556790,1000,1055172,6,1.000000,1.000000,0,2332,0,16563,0
2352,defense_vs_attack,420.000000,460.000000,0.001728,88.888889,0.026303,18,16,8640,16,18,11.111111,118.790741,1000,1026352,6,0.000000,0.795918,1,2348,0,22283,0
2362,baseline,120.000000,160.000000,0.001944,100.000000,0.035410,18,18,9720,18,18,0.000000,33.289712,1000,323576,6,1.000000,1.000000,0,1846,0,6839,0
2362,attack_only,220.000000,260.000000,0.001944,100.000000,0.017072,18,18,9720,18,18,0.000000,33.441152,1000,325048,6,1.000000,1.000000,0,1820,0,11195,0
2362,defense_only,320.000000,360.000000,0.001944,100.000000,0.019830,18,18,9720,18,18,0.000000,93.777366,1000,911516,6,1.000000,1.000000,0,2377,0,17068,0
2362,defense_vs_attack,420.000000,460.000000,0.001944,100.000000,0.021761,18,18,9720,18,18,0.000000,97.300000,1000,945756,6,0.000000,0.877551,1,2495,0,23041,0
2367,baseline,120.000000,160.000000,0.001944,100.000000,0.025837,18,18,9720,18,18,0.000000,25.222222,1000,245160,5,1.000000,1.000000,0,1723,0,6462,0
2367,attack_only,220.000000,260.000000,0.001944,100.000000,0.010028,18,18,9720,18,18,0.000000,24.896296,1000,241992,5,1.000000,1.000000,0,1733,0,10578,0
2367,defense_only,320.000000,360.000000,0.001944,100.000000,0.021993,18,18,9720,18,18,0.000000,79.681481,1000,774504,5,1.000000,1.000000,0,2575,0,16789,0
2367,defense_vs_attack,420.000000,460.000000,0.000540,41.666667,0.021919,12,5,2700,5,18,72.222222,263.042963,1000,710216,0,0.000000,0.836735,3,2519,0,23141,0
2366,baseline,120.000000,160.000000,0.001944,100.000000,0.025844,18,18,9720,18,18,0.000000,33.343621,1000,324100,5,1.000000,1.000000,0,1861,0,6957,0
2366,attack_only,220.000000,260.000000,0.000000,0.000000,0.000000,18,0,0,0,18,100.000000,0.000000,1000,322032,5,1.000000,1.000000,0,1777,0,11371,0
2366,defense_only,320.000000,360.000000,0.001944,100.000000,0.012572,18,18,9720,18,18,0.000000,88.696296,1000,862128,5,1.000000,1.000000,0,2346,0,17116,0
2366,defense_vs_attack,420.000000,460.000000,0.001080,55.555556,0.020062,18,10,5400,10,18,44.444444,176.234074,1000,951664,5,0.000000,0.877551,1,2435,0,22941,0
2373,baseline,120.000000,160.000000,0.001944,100.000000,0.031211,18,18,9720,18,18,0.000000,32.025926,1000,311292,6,1.000000,1.000000,0,1912,0,7136,0
2373,attack_only,220.000000,260.000000,0.001944,100.000000,0.012077,18,18,9720,18,18,0.000000,31.922634,1000,310288,6,1.000000,1.000000,0,1893,0,11785,0
2373,defense_only,320.000000,360.000000,0.001944,100.000000,0.026918,18,18,9720,18,18,0.000000,95.561728,1000,928860,6,1.000000,1.000000,0,2574,0,18005,0
2373,defense_vs_attack,420.000000,460.000000,0.001944,100.000000,0.014758,18,18,9720,18,18,0.000000,93.417695,1000,908020,6,0.000000,0.857143,1,2529,0,24366,0
2380,baseline,120.000000,160.000000,0.001944,100.000000,0.015731,18,18,9720,18,18,0.000000,25.285185,1000,245772,3,1.000000,1.000000,0,1559,0,5962,0
2380,attack_only,220.000000,260.000000,0.001944,100.000000,0.005905,18,18,9720,18,18,0.000000,24.848148,1000,241524,3,1.000000,1.000000,0,1551,0,9787,0
2380,defense_only,320.000000,360.000000,0.001944,100.000000,0.012585,18,18,9720,18,18,0.000000,92.925514,1000,903236,3,1.000000,1.000000,0,2365,0,15569,0
2380,defense_vs_attack,420.000000,460.000000,0.001404,72.222222,0.009211,18,13,7020,13,18,27.777778,136.067236,1000,955192,3,0.000000,0.795918,1,2414,0,21479,0
2387,baseline,120.000000,160.000000,0.001944,100.000000,0.015310,18,18,9720,18,18,0.000000,27.789300,1000,270112,3,1.000000,1.000000,0,1675,0,6314,0
2387,attack_only,220.000000,260.000000,0.001944,100.000000,0.006421,18,18,9720,18,18,0.000000,27.808642,1000,270300,3,1.000000,1.000000,0,1659,0,10378,0
2387,defense_only,320.000000,360.000000,0.001944,100.000000,0.012489,18,18,9720,18,18,0.000000,97.058025,1000,943404,3,1.000000,1.000000,0,2499,0,16369,0
2387,defense_vs_attack,420.000000,460.000000,0.001944,100.000000,0.007767,18,18,9720,18,18,0.000000,98.366667,1000,956124,3,0.000000,0.897959,1,2471,0,22399,0
2385,baseline,120.000000,160.000000,0.001944,100.000000,0.020358,18,18,9720,18,18,0.000000,32.409465,1000,315020,4,1.000000,1.000000,0,1785,0,6823,0
2385,attack_only,220.000000,260.000000,0.001944,100.000000,0.007846,18,18,9720,18,18,0.000000,33.068313,1000,321424,4,1.000000,1.000000,0,1782,0,11188,0
2385,defense_only,320.000000,360.000000,0.001944,100.000000,0.019753,18,18,9720,18,18,0.000000,98.001646,1000,952576,4,1.000000,1.000000,0,2352,0,16858,0
2385,defense_vs_attack,420.000000,460.000000,0.001944,100.000000,0.008211,18,18,9720,18,18,0.000000,101.679424,1000,988324,4,0.000000,0.775510,1,2357,0,22543,0
2389,baseline,120.000000,160.000000,0.001944,100.000000,0.047011,18,18,9720,18,18,0.000000,23.230041,1000,225796,9,1.000000,1.000000,0,1723,0,6171,0
2389,attack_only,220.000000,260.000000,0.000000,0.000000,0.000000,18,0,0,0,18,100.000000,0.000000,1000,232520,0,1.000000,1.000000,0,1598,0,10078,0
2389,defense_only,320.000000,360.000000,0.001944,100.000000,0.026679,18,18,9720,18,18,0.000000,94.572428,1000,919244,9,1.000000,1.000000,0,2629,0,16303,0
2389,defense_vs_attack,420.000000,460.000000,0.001080,55.555556,0.032748,18,10,5400,10,18,44.444444,162.083704,1000,875252,9,0.000000,0.979592,1,2539,0,22544,0
2390,baseline,120.000000,160.000000,0.001944,100.000000,0.031177,18,18,9720,18,18,0.000000,27.567490,1000,267956,6,1.000000,1.000000,0,1801,0,6785,0
2390,attack_only,220.000000,260.000000,0.000000,0.000000,0.000000,0,0,0,0,18,100.000000,0.000000,1000,265992,0,1.000000,1.000000,0,1709,0,11022,0
2390,defense_only,320.000000,360.000000,0.001944,100.000000,0.020751,18,18,9720,18,18,0.000000,74.143210,1000,720672,6,1.000000,1.000000,0,2457,0,16871,0
2390,defense_vs_attack,420.000000,460.000000,0.001728,88.888889,0.023995,18,16,8640,16,18,11.111111,84.162037,1000,727160,6,0.000000,0.857143,1,2423,0,22917,0
2398,baseline,120.000000,160.000000,0.001944,100.000000,0.031656,18,18,9720,18,18,0.000000,23.155144,1000,225068,6,1.000000,1.000000,0,1645,0,6078,0
2398,attack_only,220.000000,260.000000,0.000000,0.000000,0.000000,18,0,0,0,18,100.000000,0.000000,1000,219432,6,1.000000,1.000000,0,1554,0,9869,0
2398,defense_only,320.000000,360.000000,0.001944,100.000000,0.020787,18,18,9720,18,18,0.000000,91.701235,1000,891336,6,1.000000,1.000000,0,2458,0,15767,0
2398,defense_vs_attack,420.000000,460.000000,0.000432,30.769231,0.027838,13,4,2160,4,18,77.777778,350.957407,1000,758068,0,0.000000,0.836735,2,2389,0,21737,0
2393,baseline,120.000000,160.000000,0.001944,100.000000,0.025524,18,18,9720,18,18,0.000000,27.224691,1000,264624,5,1.000000,1.000000,0,1730,0,6542,0
2393,attack_only,220.000000,260.000000,0.001944,100.000000,0.010346,18,18,9720,18,18,0.000000,30.083539,1000,292412,5,1.000000,1.000000,0,1727,0,10801,0
2393,defense_only,320.000000,360.000000,0.001944,100.000000,0.023000,18,18,9720,18,18,0.000000,111.217695,1000,1081036,5,1.000000,1.000000,0,2480,0,16768,0
2393,defense_vs_attack,420.000000,460.000000,0.001944,100.000000,0.012630,18,18,9720,18,18,0.000000,106.661728,1000,1036752,5,0.000000,0.897959,1,2456,0,22753,0
2403,baseline,120.000000,160.000000,0.001944,100.000000,0.027711,18,18,9720,18,18,0.000000,30.633745,1000,297760,5,1.000000,1.000000,0,1809,0,6650,0
2403,attack_only,220.000000,260.000000,0.000000,0.000000,0.000000,18,0,0,0,18,100.000000,0.000000,1000,309968,5,1.000000,1.000000,0,1776,0,11043,0
2403,defense_only,320.000000,360.000000,0.001944,100.000000,0.015532,18,18,9720,18,18,0.000000,81.647325,1000,793612,5,1.000000,1.000000,0,2391,0,16838,0
2403,defense_vs_attack,420.000000,460.000000,0.001404,72.222222,0.019359,18,13,7020,13,18,27.777778,120.350997,1000,844864,5,0.000000,0.816327,1,2434,0,22864,0
2404,baseline,120.000000,160.000000,0.001944,100.000000,0.042107,18,18,9720,18,18,0.000000,26.820165,1000,260692,8,1.000000,1.000000,0,1864,0,6821,0
2404,attack_only,220.000000,260.000000,0.001944,100.000000,0.016597,18,18,9720,18,18,0.000000,28.272840,1000,274812,8,1.000000,1.000000,0,1909,0,11364,0
2404,defense_only,320.000000,360.000000,0.001944,100.000000,0.035765,18,18,9720,18,18,0.000000,84.930864,1000,825528,8,1.000000,1.000000,0,2551,0,17473,0
2404,defense_vs_attack,420.000000,460.000000,0.001944,100.000000,0.022555,18,18,9720,18,18,0.000000,86.924280,1000,844904,8,0.000000,0.877551,1,2649,0,23781,0
2406,baseline,120.000000,160.000000,0.001944,100.000000,0.041823,18,18,9720,18,18,0.000000,30.729630,1000,298692,8,1.000000,1.000000,0,1875,0,6817,0
2406,attack_only,220.000000,260.000000,0.000000,0.000000,0.000000,18,0,0,0,18,100.000000,0.000000,1000,300796,8,1.000000,1.000000,0,1804,0,11162,0
2406,defense_only,320.000000,360.000000,0.001944,100.000000,0.023838,18,18,9720,18,18,0.000000,89.626337,1000,871168,8,1.000000,1.000000,0,2575,0,17349,0
2406,defense_vs_attack,420.000000,460.000000,0.000432,22.222222,0.072121,18,4,2160,4,18,77.777778,405.555556,1000,876000,10,0.000000,0.897959,1,3222,0,24272,0
2405,baseline,120.000000,160.000000,0.001944,100.000000,0.021282,18,18,9720,18,18,0.000000,26.580658,1000,258364,4,1.000000,1.000000,0,1709,0,6509,0
2405,attack_only,220.000000,260.000000,0.001944,100.000000,0.008202,18,18,9720,18,18,0.000000,25.316872,1000,246080,4,1.000000,1.000000,0,1705,0,10722,0
2405,defense_only,320.000000,360.000000,0.001944,100.000000,0.017888,18,18,9720,18,18,0.000000,91.951440,1000,893768,4,1.000000,1.000000,0,2598,0,16961,0
2405,defense_vs_attack,420.000000,460.000000,0.001944,100.000000,0.016111,18,18,9720,18,18,0.000000,85.583539,1000,831872,4,0.000000,0.816327,1,2520,0,23227,0
2412,baseline,120.000000,160.000000,0.001944,100.000000,0.042452,18,18,9720,18,18,0.000000,31.210288,1000,303364,8,1.000000,1.000000,0,1956,0,7081,0
2412,attack_only,220.000000,260.000000,0.001944,100.000000,0.017051,18,18,9720,18,18,0.000000,32.362963,1000,314568,8,1.000000,1.000000,0,1909,0,11684,0
2412,defense_only,320.000000,360.000000,0.001944,100.000000,0.036404,18,18,9720,18,18,0.000000,73.421399,1000,713656,8,1.000000,1.000000,0,2511,0,17591,0
2412,defense_vs_attack,420.000000,460.000000,0.001944,100.000000,0.035402,18,18,9720,18,18,0.000000,74.965021,1000,728660,8,0.000000,0.877551,1,2431,0,23535,0
2415,baseline,120.000000,160.000000,0.001944,100.000000,0.020602,18,18,9720,18,18,0.000000,22.113580,1000,214944,4,1.000000,1.000000,0,1621,0,6181,0
2415,attack_only,220.000000,260.000000,0.001944,100.000000,0.008026,18,18,9720,18,18,0.000000,21.621811,1000,210164,4,1.000000,1.000000,0,1626,0,10152,0
2415,defense_only,320.000000,360.000000,0.001944,100.000000,0.017244,18,18,9720,18,18,0.000000,75.095885,1000,729932,4,1.000000,1.000000,0,2480,0,16324,0
2415,defense_vs_attack,420.000000,460.000000,0.001944,100.000000,0.009784,18,18,9720,18,18,0.000000,91.848971,1000,892772,4,0.000000,0.775510,1,2518,0,22554,0
2416,baseline,120.000000,160.000000,0.001944,100.000000,0.015721,18,18,9720,18,18,0.000000,31.995062,1000,310992,3,1.000000,1.000000,0,1806,0,6763,0
2416,attack_only,220.000000,260.000000,0.001944,100.000000,0.006060,18,18,9720,18,18,0.000000,31.648971,1000,307628,3,1.000000,1.000000,0,1697,0,11010,0
2416,defense_only,320.000000,360.000000,0.001944,100.000000,0.013197,18,18,9720,18,18,0.000000,93.075309,1000,904692,3,1.000000,1.000000,0,2370,0,16886,0
2416,defense_vs_attack,420.000000,460.000000,0.001512,77.777778,0.008974,18,14,7560,14,18,22.222222,127.055556,1000,960540,3,0.000000,0.816327,1,2422,0,22874,0
2429,baseline,120.000000,160.000000,0.001944,100.000000,0.036998,18,18,9720,18,18,0.000000,23.209053,1000,225592,7,1.000000,1.000000,0,1646,0,6046,0
2429,attack_only,220.000000,260.000000,0.000000,0.000000,0.000000,0,0,0,0,18,100.000000,0.000000,1000,213620,0,1.000000,1.000000,0,1498,0,9805,0
2429,defense_only,320.000000,360.000000,0.001944,100.000000,0.014562,18,18,9720,18,18,0.000000,79.099588,1000,768848,7,1.000000,1.000000,0,2449,0,15589,0
2429,defense_vs_attack,420.000000,460.000000,0.001296,66.666667,0.031871,18,12,6480,12,18,33.333333,118.953086,1000,770816,7,0.000000,0.918367,1,2427,0,21563,0
2421,baseline,120.000000,160.000000,0.001944,100.000000,0.030937,18,18,9720,18,18,0.000000,25.406996,1000,246956,6,1.000000,1.000000,0,1662,0,6123,0
2421,attack_only,220.000000,260.000000,0.000000,0.000000,0.000000,18,0,0,0,18,100.000000,0.000000,1000,251364,7,1.000000,1.000000,0,1611,0,10077,0
2421,defense_only,320.000000,360.000000,0.001944,100.000000,0.016621,18,18,9720,18,18,0.000000,103.445267,1000,1005488,6,1.000000,1.000000,0,2431,0,15961,0
2421,defense_vs_attack,420.000000,460.000000,0.001080,55.555556,0.021571,18,10,5400,10,18,44.444444,191.903704,1000,1036280,6,0.000000,0.918367,1,2507,0,21986,0
2428,baseline,120.000000,160.000000,0.001944,100.000000,0.015257,18,18,9720,18,18,0.000000,25.195062,1000,244896,3,1.000000,1.000000,0,1635,0,6208,0
2428,attack_only,220.000000,260.000000,0.001944,100.000000,0.005826,18,18,9720,18,18,0.000000,24.644033,1000,239540,3,1.000000,1.000000,0,1690,0,10285,0
2428,defense_only,320.000000,360.000000,0.001944,100.000000,0.013367,18,18,9720,18,18,0.000000,91.056790,1000,885072,3,1.000000,1.000000,0,2596,0,16526,0
2428,defense_vs_attack,420.000000,460.000000,0.001944,100.000000,0.007187,18,18,9720,18,18,0.000000,90.516872,1000,879824,3,0.000000,0.816327,2,2560,0,22724,0
2430,baseline,120.000000,160.000000,0.001944,100.000000,0.031262,18,18,9720,18,18,0.000000,29.204115,1000,283864,6,1.000000,1.000000,0,1691,0,6349,0
2430,attack_only,220.000000,260.000000,0.000000,0.000000,0.000000,18,0,0,0,18,100.000000,0.000000,1000,281904,6,1.000000,1.000000,0,1610,0,10329,0
2430,defense_only,320.000000,360.000000,0.001944,100.000000,0.016889,18,18,9720,18,18,0.000000,111.144444,1000,1080324,6,1.000000,1.000000,0,2312,0,15983,0
2430,defense_vs_attack,420.000000,460.000000,0.001188,61.111111,0.029005,18,11,5940,11,18,38.888889,175.345455,1000,1041552,6,0.000000,0.816327,1,2324,0,21664,0
2433,baseline,120.000000,160.000000,0.001944,100.000000,0.026479,18,18,9720,18,18,0.000000,29.568724,1000,287408,5,1.000000,1.000000,0,1722,0,6486,0
2433,attack_only,220.000000,260.000000,0.001944,100.000000,0.010319,18,18,9720,18,18,0.000000,29.720988,1000,288888,5,1.000000,1.000000,0,1741,0,10721,0
2433,defense_only,320.000000,360.000000,0.001944,100.000000,0.021599,18,18,9720,18,18,0.000000,92.487654,1000,898980,5,1.000000,1.000000,0,2459,0,16574,0
2433,defense_vs_attack,420.000000,460.000000,0.001944,100.000000,0.014242,18,18,9720,18,18,0.000000,95.767901,1000,930864,5,0.000000,0.897959,1,2352,0,22503,0
2435,baseline,120.000000,160.000000,0.001944,100.000000,0.021100,18,18,9720,18,18,0.000000,25.314815,1000,246060,4,1.000000,1.000000,0,1807,0,6761,0
2435,attack_only,220.000000,260.000000,0.001944,100.000000,0.008154,18,18,9720,18,18,0.000000,25.488477,1000,247748,4,1.000000,1.000000,0,1777,0,11082,0
2435,defense_only,320.000000,360.000000,0.001944,100.000000,0.017400,18,18,9720,18,18,0.000000,83.155556,1000,808272,4,1.000000,1.000000,0,2763,0,17825,0
2435,defense_vs_attack,420.000000,460.000000,0.001944,100.000000,0.010706,18,18,9720,18,18,0.000000,86.416872,1000,839972,4,0.000000,0.918367,1,2830,0,24704,0
2439,baseline,120.000000,160.000000,0.001944,100.000000,0.015386,18,18,9720,18,18,0.000000,24.495885,1000,238100,3,1.000000,1.000000,0,1654,0,6306,0
2439,attack_only,220.000000,260.000000,0.001944,100.000000,0.005790,18,18,9720,18,18,0.000000,24.274486,1000,235948,3,1.000000,1.000000,0,1641,0,10369,0
2439,defense_only,320.000000,360.000000,0.001944,100.000000,0.013525,18,18,9720,18,18,0.000000,88.163374,1000,856948,3,1.000000,1.000000,0,2439,0,16277,0
2439,defense_vs_attack,420.000000,460.000000,0.001944,100.000000,0.007334,18,18,9720,18,18,0.000000,88.543621,1000,860644,3,0.000000,0.857143,1,2523,0,22449,0
2442,baseline,120.000000,160.000000,0.001944,100.000000,0.021227,18,18,9720,18,18,0.000000,26.799588,1000,260492,4,1.000000,1.000000,0,1692,0,6415,0
2442,attack_only,220.000000,260.000000,0.000000,0.000000,0.000000,18,0,0,0,18,100.000000,0.000000,1000,253804,5,1.000000,1.000000,0,1684,0,10574,0
2442,defense_only,320.000000,360.000000,0.001944,100.000000,0.013146,18,18,9720,18,18,0.000000,84.796296,1000,824220,4,1.000000,1.000000,0,2536,0,16697,0
2442,defense_vs_attack,420.000000,460.000000,0.001620,83.333333,0.014585,18,15,8100,15,18,16.666667,105.865679,1000,857512,4,0.000000,0.836735,1,2445,0,22817,0
2441,baseline,120.000000,160.000000,0.001944,100.000000,0.081241,18,18,9720,18,18,0.000000,33.015226,1000,320908,5,1.000000,1.000000,0,1914,0,7137,0
2441,attack_only,220.000000,260.000000,0.001944,100.000000,0.009992,18,18,9720,18,18,0.000000,33.995885,1000,330440,5,1.000000,1.000000,0,1906,0,11758,0
2441,defense_only,320.000000,360.000000,0.001944,100.000000,0.021793,18,18,9720,18,18,0.000000,98.507819,1000,957496,5,1.000000,1.000000,0,2691,0,18177,0
2441,defense_vs_attack,420.000000,460.000000,0.001944,100.000000,0.011984,18,18,9720,18,18,0.000000,96.612757,1000,939076,5,0.000000,0.795918,1,2654,0,24729,0
2446,baseline,120.000000,160.000000,0.001944,100.000000,0.020381,18,18,9720,18,18,0.000000,27.225103,1000,264628,4,1.000000,1.000000,0,1749,0,6534,0
2446,attack_only,220.000000,260.000000,0.001944,100.000000,0.007875,18,18,9720,18,18,0.000000,30.531276,1000,296764,4,1.000000,1.000000,0,1804,0,10850,0
2446,defense_only,320.000000,360.000000,0.001944,100.000000,0.017280,18,18,9720,18,18,0.000000,84.285185,1000,819252,4,1.000000,1.000000,0,2387,0,16614,0
2446,defense_vs_attack,420.000000,460.000000,0.001944,100.000000,0.010097,18,18,9720,18,18,0.000000,81.495473,1000,792136,4,0.000000,0.816327,1,2449,0,22555,0
2448,baseline,120.000000,160.000000,0.001944,100.000000,0.015267,18,18,9720,18,18,0.000000,26.027984,1000,252992,3,1.000000,1.000000,0,1711,0,6565,0
2448,attack_only,220.000000,260.000000,0.001944,100.000000,0.005788,18,18,9720,18,18,0.000000,25.670370,1000,249516,3,1.000000,1.000000,0,1639,0,10632,0
2448,defense_only,320.000000,360.000000,0.001944,100.000000,0.013551,18,18,9720,18,18,0.000000,83.344856,1000,810112,3,1.000000,1.000000,0,2501,0,16702,0
2448,defense_vs_attack,420.000000,460.000000,0.001944,100.000000,0.007121,18,18,9720,18,18,0.000000,87.825103,1000,853660,3,0.000000,0.795918,1,2491,0,22893,0
2450,baseline,120.000000,160.000000,0.001944,100.000000,0.030678,18,18,9720,18,18,0.000000,33.112757,1000,321856,6,1.000000,1.000000,0,1860,0,6891,0
2450,attack_only,220.000000,260.000000,0.001944,100.000000,0.011988,18,18,9720,18,18,0.000000,33.128807,1000,322012,6,1.000000,1.000000,0,1856,0,11344,0
2450,defense_only,320.000000,360.000000,0.001944,100.000000,0.027403,18,18,9720,18,18,0.000000,92.539095,1000,899480,6,1.000000,1.000000,0,2553,0,17421,0
2450,defense_vs_attack,420.000000,460.000000,0.001944,100.000000,0.014750,18,18,9720,18,18,0.000000,89.428395,1000,869244,6,0.000000,0.897959,1,2538,0,23571,0
2451,baseline,120.000000,160.000000,0.001944,100.000000,0.015727,18,18,9720,18,18,0.000000,38.051440,1000,369860,3,1.000000,1.000000,0,1978,0,7572,0
2451,attack_only,220.000000,260.000000,0.001944,100.000000,0.005789,18,18,9720,18,18,0.000000,38.142798,1000,370748,3,1.000000,1.000000,0,2010,0,12555,0
2451,defense_only,320.000000,360.000000,0.001944,100.000000,0.013248,18,18,9720,18,18,0.000000,88.130453,1000,856628,3,1.000000,1.000000,0,2541,0,18868,0
2451,defense_vs_attack,420.000000,460.000000,0.001944,100.000000,0.008003,18,18,9720,18,18,0.000000,87.782305,1000,853244,3,0.000000,0.877551,1,2586,0,25077,0
2454,baseline,120.000000,160.000000,0.001944,100.000000,0.015257,18,18,9720,18,18,0.000000,30.788477,1000,299264,3,1.000000,1.000000,0,1778,0,6667,0
2454,attack_only,220.000000,260.000000,0.001944,100.000000,0.005790,18,18,9720,18,18,0.000000,32.178189,1000,312772,3,1.000000,1.000000,0,1747,0,10951,0
2454,defense_only,320.000000,360.000000,0.001944,100.000000,0.012813,18,18,9720,18,18,0.000000,87.373251,1000,849268,3,1.000000,1.000000,0,2408,0,17002,0
2454,defense_vs_attack,420.000000,460.000000,0.001944,100.000000,0.007162,18,18,9720,18,18,0.000000,87.746914,1000,852900,3,0.000000,0.877551,1,2423,0,23130,0
2457,baseline,120.000000,160.000000,0.001944,100.000000,0.020874,18,18,9720,18,18,0.000000,25.982305,1000,252548,4,1.000000,1.000000,0,1703,0,6329,0
2457,attack_only,220.000000,260.000000,0.001944,100.000000,0.007862,18,18,9720,18,18,0.000000,26.503704,1000,257616,4,1.000000,1.000000,0,1701,0,10390,0
2457,defense_only,320.000000,360.000000,0.001944,100.000000,0.017372,18,18,9720,18,18,0.000000,90.674074,1000,881352,4,1.000000,1.000000,0,2470,0,16362,0
2457,defense_vs_attack,420.000000,460.000000,0.001944,100.000000,0.010407,18,18,9720,18,18,0.000000,93.042387,1000,904372,4,0.000000,0.918367,1,2551,0,22446,0
2456,baseline,120.000000,160.000000,0.001944,100.000000,0.047325,18,18,9720,18,18,0.000000,23.151029,1000,225028,9,1.000000,1.000000,0,1713,0,6242,0
2456,attack_only,220.000000,260.000000,0.000000,0.000000,0.000000,18,0,0,0,18,100.000000,0.000000,1000,229888,9,1.000000,1.000000,0,1580,0,10129,0
2456,defense_only,320.000000,360.000000,0.001944,100.000000,0.023711,18,18,9720,18,18,0.000000,98.965844,1000,961948,9,1.000000,1.000000,0,2605,0,16327,0
2456,defense_vs_attack,420.000000,460.000000,0.001296,66.666667,0.045551,18,12,6480,12,18,33.333333,143.725309,1000,931340,10,0.000000,0.836735,1,2567,0,22487,0
2460,baseline,120.000000,160.000000,0.001944,100.000000,0.020549,18,18,9720,18,18,0.000000,30.454321,1000,296016,4,1.000000,1.000000,0,1784,0,6729,0
2460,attack_only,220.000000,260.000000,0.001944,100.000000,0.008281,18,18,9720,18,18,0.000000,30.640329,1000,297824,4,1.000000,1.000000,0,1740,0,11040,0
2460,defense_only,320.000000,360.000000,0.001944,100.000000,0.021209,18,18,9720,18,18,0.000000,93.830864,1000,912036,4,1.000000,1.000000,0,2506,0,17040,0
2460,defense_vs_attack,420.000000,460.000000,0.001296,66.666667,0.016028,18,12,6480,12,18,33.333333,136.074691,1000,881764,4,0.000000,0.836735,1,2683,0,23375,0
2464,baseline,120.000000,160.000000,0.001944,100.000000,0.057787,18,18,9720,18,18,0.000000,20.392181,1000,198212,11,1.000000,1.000000,0,1684,0,6057,0
2464,attack_only,220.000000,260.000000,0.000000,0.000000,0.000000,18,0,0,0,18,100.000000,0.000000,1000,211036,0,1.000000,1.000000,0,1662,0,10008,0
2464,defense_only,320.000000,360.000000,0.001944,100.000000,0.037895,18,18,9720,18,18,0.000000,84.456790,1000,820920,11,1.000000,1.000000,0,2684,0,16294,0
2464,defense_vs_attack,420.000000,460.000000,0.001944,100.000000,0.035692,18,18,9720,18,18,0.000000,86.352263,1000,839344,11,0.000000,0.938776,1,2667,0,22760,0
2469,baseline,120.000000,160.000000,0.001944,100.000000,0.014875,18,18,9720,18,18,0.000000,25.591358,1000,248748,3,1.000000,1.000000,0,1691,0,6379,0
2469,attack_only,220.000000,260.000000,0.001944,100.000000,0.005790,18,18,9720,18,18,0.000000,26.828807,1000,260776,3,1.000000,1.000000,0,1764,0,10690,0
2469,defense_only,320.000000,360.000000,0.001944,100.000000,0.012873,18,18,9720,18,18,0.000000,92.106996,1000,895280,3,1.000000,1.000000,0,2510,0,16808,0
2469,defense_vs_attack,420.000000,460.000000,0.001944,100.000000,0.007314,18,18,9720,18,18,0.000000,90.844444,1000,883008,3,0.000000,0.897959,1,2547,0,23141,0
2478,baseline,120.000000,160.000000,0.001944,100.000000,0.025978,18,18,9720,18,18,0.000000,29.227160,1000,284088,5,1.000000,1.000000,0,1864,0,6989,0
2478,attack_only,220.000000,260.000000,0.001944,100.000000,0.009977,18,18,9720,18,18,0.000000,29.705761,1000,288740,5,1.000000,1.000000,0,1864,0,11504,0
2478,defense_only,320.000000,360.000000,0.001944,100.000000,0.022853,18,18,9720,18,18,0.000000,89.210288,1000,867124,5,1.000000,1.000000,0,2482,0,17537,0
2478,defense_vs_attack,420.000000,460.000000,0.001944,100.000000,0.019009,18,18,9720,18,18,0.000000,85.411934,1000,830204,5,0.000000,0.897959,1,2499,0,23625,0
2483,baseline,120.000000,160.000000,0.001944,100.000000,0.015567,18,18,9720,18,18,0.000000,27.766255,1000,269888,3,1.000000,1.000000,0,1709,0,6452,0
2483,attack_only,220.000000,260.000000,0.001944,100.000000,0.005789,18,18,9720,18,18,0.000000,27.106996,1000,263480,3,1.000000,1.000000,0,1670,0,10556,0
2483,defense_only,320.000000,360.000000,0.001944,100.000000,0.014776,18,18,9720,18,18,0.000000,89.552675,1000,870452,3,1.000000,1.000000,0,2471,0,16500,0
2483,defense_vs_attack,420.000000,460.000000,0.001728,88.888889,0.014602,18,16,8640,16,18,11.111111,97.131019,1000,839212,3,0.000000,0.897959,2,2701,0,22655,0
2482,baseline,120.000000,160.000000,0.001944,100.000000,0.020134,18,18,9720,18,18,0.000000,27.316872,1000,265520,4,1.000000,1.000000,0,1654,0,6369,0
2482,attack_only,220.000000,260.000000,0.000000,0.000000,0.000000,18,0,0,0,18,100.000000,0.000000,1000,273860,4,1.000000,1.000000,0,1732,0,10613,0
2482,defense_only,320.000000,360.000000,0.001944,100.000000,0.016451,18,18,9720,18,18,0.000000,89.991358,1000,874716,4,1.000000,1.000000,0,2406,0,16465,0
2482,defense_vs_attack,420.000000,460.000000,0.001512,77.777778,0.012022,18,14,7560,14,18,22.222222,124.070899,1000,937976,4,0.000000,0.877551,1,2359,0,22366,0
2487,baseline,120.000000,160.000000,0.001944,100.000000,0.020238,18,18,9720,18,18,0.000000,36.955144,1000,359204,4,1.000000,1.000000,0,1971,0,7332,0
2487,attack_only,220.000000,260.000000,0.001944,100.000000,0.007843,18,18,9720,18,18,0.000000,36.286420,1000,352704,4,1.000000,1.000000,0,1929,0,12115,0
2487,defense_only,320.000000,360.000000,0.001944,100.000000,0.020799,18,18,9720,18,18,0.000000,95.056790,1000,923952,4,1.000000,1.000000,0,2428,0,18019,0
2487,defense_vs_attack,420.000000,460.000000,0.001512,77.777778,0.008815,18,14,7560,14,18,22.222222,119.432275,1000,902908,4,0.000000,0.816327,1,2428,0,23904,0
2491,baseline,120.000000,160.000000,0.001944,100.000000,0.016776,18,18,9720,18,18,0.000000,26.822634,1000,260716,3,1.000000,1.000000,0,1636,0,6222,0
2491,attack_only,220.000000,260.000000,0.000000,0.000000,0.000000,18,0,0,0,18,100.000000,0.000000,1000,260616,4,1.000000,1.000000,0,1574,0,10134,0
2491,defense_only,320.000000,360.000000,0.001944,100.000000,0.008632,18,18,9720,18,18,0.000000,87.177366,1000,847364,3,1.000000,1.000000,0,2504,0,16104,0
2491,defense_vs_attack,420.000000,460.000000,0.001512,77.777778,0.011182,18,14,7560,14,18,22.222222,114.978836,1000,869240,3,0.000000,0.836735,1,2406,0,22003,0
2474,baseline,120.000000,160.000000,0.001944,100.000000,0.021131,18,18,9720,18,18,0.000000,31.993416,1000,310976,4,1.000000,1.000000,0,1741,0,6558,0
2474,attack_only,220.000000,260.000000,0.001944,100.000000,0.007918,18,18,9720,18,18,0.000000,33.384774,1000,324500,4,1.000000,1.000000,0,1744,0,10766,0
2474,defense_only,320.000000,360.000000,0.001944,100.000000,0.019470,18,18,9720,18,18,0.000000,127.511523,999,1239412,4,1.000000,1.000000,0,2591,0,16944,0
2474,defense_vs_attack,420.000000,460.000000,0.001944,100.000000,0.010375,18,18,9720,18,18,0.000000,124.465844,999,1209808,4,0.000000,0.755102,1,2371,0,23078,0
2495,baseline,120.000000,160.000000,0.001944,100.000000,0.014731,18,18,9720,18,18,0.000000,28.793004,1000,279868,3,1.000000,1.000000,0,1833,0,6942,0
2495,attack_only,220.000000,260.000000,0.001944,100.000000,0.005789,18,18,9720,18,18,0.000000,29.100412,1000,282856,3,1.000000,1.000000,0,1817,0,11345,0
2495,defense_only,320.000000,360.000000,0.001944,100.000000,0.012916,18,18,9720,18,18,0.000000,87.526337,1000,850756,3,1.000000,1.000000,0,2566,0,17597,0
2495,defense_vs_attack,420.000000,460.000000,0.001944,100.000000,0.007867,18,18,9720,18,18,0.000000,86.809053,1000,843784,3,0.000000,0.877551,1,2563,0,24022,0
2500,baseline,120.000000,160.000000,0.001944,100.000000,0.030921,18,18,9720,18,18,0.000000,27.535802,1000,267648,6,1.000000,1.000000,0,1781,0,6645,0
2500,attack_only,220.000000,260.000000,0.000000,0.000000,0.000000,18,0,0,0,18,100.000000,0.000000,1000,268116,6,1.000000,1.000000,0,1661,0,10812,0
2500,defense_only,320.000000,360.000000,0.001944,100.000000,0.023604,18,18,9720,18,18,0.000000,78.423457,1000,762276,6,1.000000,1.000000,0,2444,0,16806,0
2500,defense_vs_attack,420.000000,460.000000,0.000864,44.444444,0.046031,18,8,4320,8,18,55.555556,185.121296,1000,799724,9,0.000000,0.897959,1,2818,0,23271,0
2501,baseline,120.000000,160.000000,0.001944,100.000000,0.031031,18,18,9720,18,18,0.000000,34.449794,1000,334852,6,1.000000,1.000000,0,1878,0,6970,0
2501,attack_only,220.000000,260.000000,0.000000,0.000000,0.000000,18,0,0,0,18,100.000000,0.000000,1000,340956,7,1.000000,1.000000,0,1851,0,11438,0
2501,defense_only,320.000000,360.000000,0.001944,100.000000,0.011802,18,18,9720,18,18,0.000000,90.661317,1000,881228,6,1.000000,1.000000,0,2318,0,17156,0
2501,defense_vs_attack,420.000000,460.000000,0.001944,100.000000,0.031603,18,18,9720,18,18,0.000000,90.155967,1000,876316,7,0.000000,0.877551,1,2402,0,22938,0
2502,baseline,120.000000,160.000000,0.001944,100.000000,0.016369,18,18,9720,18,18,0.000000,28.172016,1000,273832,3,1.000000,1.000000,0,1687,0,6462,0
2502,attack_only,220.000000,260.000000,0.001944,100.000000,0.006219,18,18,9720,18,18,0.000000,29.682716,1000,288516,3,1.000000,1.000000,0,1714,0,10667,0
2502,defense_only,320.000000,360.000000,0.001944,100.000000,0.012540,18,18,9720,18,18,0.000000,78.467078,1000,762700,3,1.000000,1.000000,0,2422,0,16593,0
2502,defense_vs_attack,420.000000,460.000000,0.001944,100.000000,0.007636,18,18,9720,18,18,0.000000,80.560494,1000,783048,3,0.000000,0.836735,2,2472,0,22518,0
2506,baseline,120.000000,160.000000,0.001944,100.000000,0.041839,18,18,9720,18,18,0.000000,23.468313,1000,228112,8,1.000000,1.000000,0,1798,0,6519,0
2506,attack_only,220.000000,260.000000,0.000000,0.000000,0.000000,18,0,0,0,18,100.000000,0.000000,1000,232708,8,1.000000,1.000000,0,1739,0,10712,0
2506,defense_only,320.000000,360.000000,0.001944,100.000000,0.032700,18,18,9720,18,18,0.000000,76.205350,1000,740716,8,1.000000,1.000000,0,2671,0,17090,0
2506,defense_vs_attack,420.000000,460.000000,0.000000,0.000000,0.000000,0,0,0,0,18,100.000000,0.000000,1000,448128,0,0.000000,0.918367,1,2214,0,22993,0
2504,baseline,120.000000,160.000000,0.001944,100.000000,0.022558,18,18,9720,18,18,0.000000,27.045267,1000,262880,4,1.000000,1.000000,0,1669,0,6286,0
2504,attack_only,220.000000,260.000000,0.000000,0.000000,0.000000,18,0,0,0,18,100.000000,0.000000,1000,264528,4,1.000000,1.000000,0,1606,0,10190,0
2504,defense_only,320.000000,360.000000,0.001944,100.000000,0.017559,18,18,9720,18,18,0.000000,88.451852,1000,859752,4,1.000000,1.000000,0,2579,0,16321,0
2504,defense_vs_attack,420.000000,460.000000,0.001944,100.000000,0.010526,18,18,9720,18,18,0.000000,83.257202,1000,809260,4,0.000000,0.918367,1,2538,0,22484,0
2507,baseline,120.000000,160.000000,0.001944,100.000000,0.025634,18,18,9720,18,18,0.000000,36.513992,1000,354916,5,1.000000,1.000000,0,1916,0,7140,0
2507,attack_only,220.000000,260.000000,0.001944,100.000000,0.025479,18,18,9720,18,18,0.000000,37.314815,1000,362700,5,1.000000,1.000000,0,1912,0,11731,0
2507,defense_only,320.000000,360.000000,0.001944,100.000000,0.010501,18,18,9720,18,18,0.000000,99.282305,1000,965024,5,1.000000,1.000000,0,2403,0,17570,0
2507,defense_vs_attack,420.000000,460.000000,0.001836,94.444444,0.021140,18,17,9180,17,18,5.555556,106.934641,1000,981660,5,0.000000,0.857143,1,2454,0,23483,0
2510,baseline,120.000000,160.000000,0.001944,100.000000,0.021224,18,18,9720,18,18,0.000000,28.861728,1000,280536,4,1.000000,1.000000,0,1729,0,6492,0
2510,attack_only,220.000000,260.000000,0.001944,100.000000,0.022367,18,18,9720,18,18,0.000000,28.762551,1000,279572,5,1.000000,1.000000,0,1753,0,10704,0
2510,defense_only,320.000000,360.000000,0.001944,100.000000,0.011309,18,18,9720,18,18,0.000000,89.165844,1000,866692,4,1.000000,1.000000,0,2375,0,16577,0
2510,defense_vs_attack,420.000000,460.000000,0.001728,88.888889,0.016379,18,16,8640,16,18,11.111111,99.030093,1000,855620,4,0.000000,0.857143,1,2532,0,22626,0
2511,baseline,120.000000,160.000000,0.001944,100.000000,0.015953,18,18,9720,18,18,0.000000,25.646091,1000,249280,3,1.000000,1.000000,0,1778,0,6711,0
2511,attack_only,220.000000,260.000000,0.001944,100.000000,0.005789,18,18,9720,18,18,0.000000,25.419342,1000,247076,3,1.000000,1.000000,0,1733,0,10933,0
2511,defense_only,320.000000,360.000000,0.001944,100.000000,0.016802,18,18,9720,18,18,0.000000,84.206173,1000,818484,3,1.000000,1.000000,0,2586,0,17384,0
2511,defense_vs_attack,420.000000,460.000000,0.001944,100.000000,0.006218,18,18,9720,18,18,0.000000,83.538272,1000,811992,3,0.000000,0.877551,1,2607,0,23903,0
2515,baseline,120.000000,160.000000,0.001944,100.000000,0.026355,18,18,9720,18,18,0.000000,27.821399,1000,270424,5,1.000000,1.000000,0,1709,0,6299,0
2515,attack_only,220.000000,260.000000,0.000000,0.000000,0.000000,18,0,0,0,18,100.000000,0.000000,1000,267812,6,1.000000,1.000000,0,1682,0,10368,0
2515,defense_only,320.000000,360.000000,0.001944,100.000000,0.015069,18,18,9720,18,18,0.000000,82.769136,1000,804516,5,1.000000,1.000000,0,2456,0,16194,0
2515,defense_vs_attack,420.000000,460.000000,0.001512,77.777778,0.027478,18,14,7560,14,18,22.222222,107.037566,1000,809204,6,0.000000,0.816327,2,2585,0,22208,0
2518,baseline,120.000000,160.000000,0.001944,100.000000,0.025534,18,18,9720,18,18,0.000000,32.770782,1000,318532,5,1.000000,1.000000,0,1850,0,6927,0
2518,attack_only,220.000000,260.000000,0.000000,0.000000,0.000000,18,0,0,0,18,100.000000,0.000000,1000,321048,5,1.000000,1.000000,0,1774,0,11350,0
2518,defense_only,320.000000,360.000000,0.001944,100.000000,0.014733,18,18,9720,18,18,0.000000,94.247737,1000,916088,5,1.000000,1.000000,0,2521,0,17424,0
2518,defense_vs_attack,420.000000,460.000000,0.001296,66.666667,0.038536,18,12,6480,12,18,33.333333,139.974691,1000,907036,6,0.000000,0.897959,1,2767,0,23757,0
2517,baseline,120.000000,160.000000,0.001944,100.000000,0.039019,18,18,9720,18,18,0.000000,31.062140,1000,301924,7,1.000000,1.000000,0,1899,0,6949,0
2517,attack_only,220.000000,260.000000,0.000000,0.000000,0.000000,18,0,0,0,18,100.000000,0.000000,1000,304008,7,1.000000,1.000000,0,1769,0,11351,0
2517,defense_only,320.000000,360.000000,0.001944,100.000000,0.026382,18,18,9720,18,18,0.000000,94.488889,1000,918432,7,1.000000,1.000000,0,2514,0,17415,0
2517,defense_vs_attack,420.000000,460.000000,0.000000,0.000000,0.000000,4,0,0,0,18,100.000000,0.000000,1000,666200,0,0.000000,0.897959,2,2158,0,23218,0
2521,baseline,120.000000,160.000000,0.001944,100.000000,0.015550,18,18,9720,18,18,0.000000,27.101646,1000,263428,3,1.000000,1.000000,0,1646,0,6310,0
2521,attack_only,220.000000,260.000000,0.001944,100.000000,0.005875,18,18,9720,18,18,0.000000,26.053498,1000,253240,3,1.000000,1.000000,0,1600,0,10290,0
2521,defense_only,320.000000,360.000000,0.001944,100.000000,0.012812,18,18,9720,18,18,0.000000,92.451029,1000,898624,3,1.000000,1.000000,0,2361,0,16006,0
2521,defense_vs_attack,420.000000,460.000000,0.001944,100.000000,0.008000,18,18,9720,18,18,0.000000,93.237037,1000,906264,3,0.000000,0.836735,1,2368,0,21815,0
2522,baseline,120.000000,160.000000,0.001944,100.000000,0.027571,18,18,9720,18,18,0.000000,26.243210,1000,255084,5,1.000000,1.000000,0,1699,0,6453,0
2522,attack_only,220.000000,260.000000,0.001944,100.000000,0.072065,18,18,9720,18,18,0.000000,26.893004,1000,261400,5,1.000000,1.000000,0,1750,0,10642,0
2522,defense_only,320.000000,360.000000,0.001944,100.000000,0.018735,18,18,9720,18,18,0.000000,88.586008,1000,861056,5,1.000000,1.000000,0,2622,0,16991,0
2522,defense_vs_attack,420.000000,460.000000,0.001296,75.000000,0.023752,16,12,6480,12,18,33.333333,123.703086,1000,801596,5,0.000000,0.897959,2,2576,0,23302,0
2527,baseline,120.000000,160.000000,0.001944,100.000000,0.027270,18,18,9720,18,18,0.000000,31.194239,1000,303208,5,1.000000,1.000000,0,1714,0,6417,0
2527,attack_only,220.000000,260.000000,0.001944,100.000000,0.009870,18,18,9720,18,18,0.000000,32.364609,1000,314584,5,1.000000,1.000000,0,1743,0,10631,0
2527,defense_only,320.000000,360.000000,0.001944,100.000000,0.022950,18,18,9720,18,18,0.000000,106.046502,1000,1030772,5,1.000000,1.000000,0,2319,0,16311,0
2527,defense_vs_attack,420.000000,460.000000,0.001944,100.000000,0.013598,18,18,9720,18,18,0.000000,104.023868,1000,1011112,5,0.000000,0.755102,1,2466,0,22253,0
2551,baseline,120.000000,160.000000,0.001944,100.000000,0.030933,18,18,9720,18,18,0.000000,32.159259,1000,312588,6,1.000000,1.000000,0,1842,0,6782,0
2551,attack_only,220.000000,260.000000,0.000000,0.000000,0.000000,18,0,0,0,18,100.000000,0.000000,1000,308248,6,1.000000,1.000000,0,1765,0,11136,0
2551,defense_only,320.000000,360.000000,0.001944,100.000000,0.016574,18,18,9720,18,18,0.000000,77.176543,1000,750156,6,1.000000,1.000000,0,2419,0,16985,0
2551,defense_vs_attack,420.000000,460.000000,0.001080,55.555556,0.039060,18,10,5400,10,18,44.444444,145.788889,1000,787260,7,0.000000,0.918367,1,2543,0,23023,0
2549,baseline,120.000000,160.000000,0.001944,100.000000,0.015226,18,18,9720,18,18,0.000000,30.755967,1000,298948,3,1.000000,1.000000,0,1694,0,6611,0
2549,attack_only,220.000000,260.000000,0.000000,0.000000,0.000000,18,0,0,0,18,100.000000,0.000000,1000,294928,3,1.000000,1.000000,0,1745,0,10869,0
2549,defense_only,320.000000,360.000000,0.001944,100.000000,0.006011,18,18,9720,18,18,0.000000,88.479424,1000,860020,3,1.000000,1.000000,0,2329,0,16484,0
2549,defense_vs_attack,420.000000,460.000000,0.001080,55.555556,0.014194,18,10,5400,10,18,44.444444,162.179259,1000,875768,3,0.000000,0.857143,1,2393,0,22395,0
2546,baseline,120.000000,160.000000,0.001944,100.000000,0.016130,18,18,9720,18,18,0.000000,30.313580,1000,294648,3,1.000000,1.000000,0,1733,0,6679,0
2546,attack_only,220.000000,260.000000,0.001944,100.000000,0.006349,18,18,9720,18,18,0.000000,30.530041,1000,296752,3,1.000000,1.000000,0,1761,0,10940,0
2546,defense_only,320.000000,360.000000,0.001944,100.000000,0.012383,18,18,9720,18,18,0.000000,95.327572,1000,926584,3,1.000000,1.000000,0,2467,0,16851,0
2546,defense_vs_attack,420.000000,460.000000,0.001944,100.000000,0.007515,18,18,9720,18,18,0.000000,96.544856,1000,938416,3,0.000000,0.938776,1,2409,0,22792,0
2548,baseline,120.000000,160.000000,0.001944,100.000000,0.015005,18,18,9720,18,18,0.000000,32.331276,1000,314260,3,1.000000,1.000000,0,1748,0,6663,0
2548,attack_only,220.000000,260.000000,0.001944,100.000000,0.005972,18,18,9720,18,18,0.000000,33.074074,1000,321480,3,1.000000,1.000000,0,1703,0,10866,0
2548,defense_only,320.000000,360.000000,0.001944,100.000000,0.012811,18,18,9720,18,18,0.000000,106.857202,1000,1038652,3,1.000000,1.000000,0,2392,0,16714,0
2548,defense_vs_attack,420.000000,460.000000,0.001944,100.000000,0.007312,18,18,9720,18,18,0.000000,105.054321,1000,1021128,3,0.000000,0.816327,1,2484,0,22808,0
2556,baseline,120.000000,160.000000,0.001944,100.000000,0.016130,18,18,9720,18,18,0.000000,27.356379,1000,265904,3,1.000000,1.000000,0,1692,0,6452,0
2556,attack_only,220.000000,260.000000,0.001944,100.000000,0.005972,18,18,9720,18,18,0.000000,27.075720,1000,263176,3,1.000000,1.000000,0,1728,0,10709,0
2556,defense_only,320.000000,360.000000,0.001944,100.000000,0.013759,18,18,9720,18,18,0.000000,82.771193,1000,804536,3,1.000000,1.000000,0,2373,0,16498,0
2556,defense_vs_attack,420.000000,460.000000,0.001944,100.000000,0.007065,18,18,9720,18,18,0.000000,79.702881,1000,774712,3,0.000000,0.897959,1,2299,0,22352,0
2560,baseline,120.000000,160.000000,0.001944,100.000000,0.070643,18,18,9720,18,18,0.000000,30.384774,1000,295340,3,1.000000,1.000000,0,1752,0,6608,0
2560,attack_only,220.000000,260.000000,0.001944,100.000000,0.005967,18,18,9720,18,18,0.000000,29.590535,1000,287620,3,1.000000,1.000000,0,1722,0,10818,0
2560,defense_only,320.000000,360.000000,0.001944,100.000000,0.013462,18,18,9720,18,18,0.000000,91.410288,1000,888508,3,1.000000,1.000000,0,2429,0,16611,0
2560,defense_vs_attack,420.000000,460.000000,0.001944,100.000000,0.007698,18,18,9720,18,18,0.000000,93.144033,1000,905360,3,0.000000,0.877551,1,2453,0,22625,0
2561,baseline,120.000000,160.000000,0.001944,100.000000,0.019781,18,18,9720,18,18,0.000000,33.087243,1000,321608,4,1.000000,1.000000,0,1831,0,6956,0
2561,attack_only,220.000000,260.000000,0.001944,100.000000,0.007793,18,18,9720,18,18,0.000000,33.663374,1000,327208,4,1.000000,1.000000,0,1818,0,11309,0
2561,defense_only,320.000000,360.000000,0.001944,100.000000,0.017671,18,18,9720,18,18,0.000000,106.588477,1000,1036040,4,1.000000,1.000000,0,2557,0,17529,0
2561,defense_vs_attack,420.000000,460.000000,0.001404,72.222222,0.018038,18,13,7020,13,18,27.777778,144.625071,1000,1015268,4,0.000000,0.795918,1,2517,0,23728,0
2563,baseline,120.000000,160.000000,0.001944,100.000000,0.015534,18,18,9720,18,18,0.000000,23.113169,1000,224660,3,1.000000,1.000000,0,1563,0,5965,0
2563,attack_only,220.000000,260.000000,0.001944,100.000000,0.006122,18,18,9720,18,18,0.000000,22.055144,1000,214376,3,1.000000,1.000000,0,1576,0,9857,0
2563,defense_only,320.000000,360.000000,0.001944,100.000000,0.013351,18,18,9720,18,18,0.000000,88.014815,1000,855504,3,1.000000,1.000000,0,2389,0,15760,0
2563,defense_vs_attack,420.000000,460.000000,0.001944,100.000000,0.007310,18,18,9720,18,18,0.000000,81.753909,1000,794648,3,0.000000,0.775510,2,2356,0,21628,0
2573,baseline,120.000000,160.000000,0.001944,100.000000,0.031317,18,18,9720,18,18,0.000000,27.664609,1000,268900,6,1.000000,1.000000,0,1789,0,6635,0
2573,attack_only,220.000000,260.000000,0.001944,100.000000,0.011801,18,18,9720,18,18,0.000000,27.629630,1000,268560,6,1.000000,1.000000,0,1761,0,10901,0
2573,defense_only,320.000000,360.000000,0.001944,100.000000,0.026390,18,18,9720,18,18,0.000000,86.120576,1000,837092,6,1.000000,1.000000,0,2505,0,16986,0
2573,defense_vs_attack,420.000000,460.000000,0.001944,100.000000,0.014477,18,18,9720,18,18,0.000000,86.321811,1000,839048,6,0.000000,0.877551,1,2641,0,23289,0
2567,baseline,120.000000,160.000000,0.001944,100.000000,0.031758,18,18,9720,18,18,0.000000,29.893827,1000,290568,6,1.000000,1.000000,0,1751,0,6524,0
2567,attack_only,220.000000,260.000000,0.001944,100.000000,0.014344,18,18,9720,18,18,0.000000,29.956379,1000,291176,6,1.000000,1.000000,0,1721,0,10684,0
2567,defense_only,320.000000,360.000000,0.001944,100.000000,0.021554,18,18,9720,18,18,0.000000,84.360494,1000,819984,6,1.000000,1.000000,0,2480,0,16546,0
2567,defense_vs_attack,420.000000,460.000000,0.001944,100.000000,0.022898,18,18,9720,18,18,0.000000,92.938272,1000,903360,6,0.000000,0.795918,1,2432,0,22442,0
2571,baseline,120.000000,160.000000,0.001944,100.000000,0.036684,18,18,9720,18,18,0.000000,26.013580,1000,252852,7,1.000000,1.000000,0,1703,0,6272,0
2571,attack_only,220.000000,260.000000,0.000000,0.000000,0.000000,18,0,0,0,18,100.000000,0.000000,1000,253164,7,1.000000,1.000000,0,1655,0,10338,0
2571,defense_only,320.000000,360.000000,0.001944,100.000000,0.027401,18,18,9720,18,18,0.000000,87.128807,1000,846892,7,1.000000,1.000000,0,2461,0,16309,0
2571,defense_vs_attack,420.000000,460.000000,0.001404,72.222222,0.209952,18,13,7020,13,18,27.777778,124.079772,1000,871040,8,0.000000,0.857143,1,2512,0,22376,0
2572,baseline,120.000000,160.000000,0.001944,100.000000,0.015961,18,18,9720,18,18,0.000000,24.778189,1000,240844,3,1.000000,1.000000,0,1666,0,6401,0
2572,attack_only,220.000000,260.000000,0.001944,100.000000,0.005788,18,18,9720,18,18,0.000000,27.209877,1000,264480,3,1.000000,1.000000,0,1721,0,10645,0
2572,defense_only,320.000000,360.000000,0.001944,100.000000,0.012811,18,18,9720,18,18,0.000000,81.554733,1000,792712,3,1.000000,1.000000,0,2496,0,16742,0
2572,defense_vs_attack,420.000000,460.000000,0.001944,100.000000,0.007449,18,18,9720,18,18,0.000000,90.030041,1000,875092,3,0.000000,0.918367,1,2559,0,23048,0
2579,baseline,120.000000,160.000000,0.001944,100.000000,0.025492,18,18,9720,18,18,0.000000,33.326337,1000,323932,5,1.000000,1.000000,0,1814,0,6805,0
2579,attack_only,220.000000,260.000000,0.001944,100.000000,0.010383,18,18,9720,18,18,0.000000,33.488477,1000,325508,5,1.000000,1.000000,0,1805,0,11212,0
2579,defense_only,320.000000,360.000000,0.001944,100.000000,0.024909,18,18,9720,18,18,0.000000,103.557613,1000,1006580,5,1.000000,1.000000,0,2464,0,17151,0
2579,defense_vs_attack,420.000000,460.000000,0.001944,100.000000,0.012952,18,18,9720,18,18,0.000000,101.244033,1000,984092,5,0.000000,0.816327,1,2563,0,23363,0
2578,baseline,120.000000,160.000000,0.001944,100.000000,0.021220,18,18,9720,18,18,0.000000,33.886420,1000,329376,4,1.000000,1.000000,0,1769,0,6698,0
2578,attack_only,220.000000,260.000000,0.000000,0.000000,0.000000,18,0,0,0,18,100.000000,0.000000,1000,334024,5,1.000000,1.000000,0,1717,0,11012,0
2578,defense_only,320.000000,360.000000,0.001944,100.000000,0.008012,18,18,9720,18,18,0.000000,103.451852,1000,1005552,4,1.000000,1.000000,0,2419,0,16927,0
2578,defense_vs_attack,420.000000,460.000000,0.001944,100.000000,0.018232,18,18,9720,18,18,0.000000,104.667490,1000,1017368,4,0.000000,0.816327,1,2466,0,23038,0
2580,baseline,120.000000,160.000000,0.001944,100.000000,0.015114,18,18,9720,18,18,0.000000,26.777778,1000,260280,3,1.000000,1.000000,0,1731,0,6572,0
2580,attack_only,220.000000,260.000000,0.001944,100.000000,0.005789,18,18,9720,18,18,0.000000,27.238683,1000,264760,3,1.000000,1.000000,0,1718,0,10796,0
2580,defense_only,320.000000,360.000000,0.001944,100.000000,0.013242,18,18,9720,18,18,0.000000,91.297942,1000,887416,3,1.000000,1.000000,0,2574,0,17087,0
2580,defense_vs_attack,420.000000,460.000000,0.001944,100.000000,0.007483,18,18,9720,18,18,0.000000,89.757202,1000,872440,3,0.000000,0.938776,1,2547,0,23394,0
2584,baseline,120.000000,160.000000,0.001944,100.000000,0.020310,18,18,9720,18,18,0.000000,22.306584,1000,216820,4,1.000000,1.000000,0,1621,0,6062,0
2584,attack_only,220.000000,260.000000,0.001944,100.000000,0.007960,18,18,9720,18,18,0.000000,22.218930,1000,215968,4,1.000000,1.000000,0,1575,0,9918,0
2584,defense_only,320.000000,360.000000,0.001944,100.000000,0.017417,18,18,9720,18,18,0.000000,87.627160,1000,851736,4,1.000000,1.000000,0,2557,0,16060,0
2584,defense_vs_attack,420.000000,460.000000,0.001944,100.000000,0.009816,18,18,9720,18,18,0.000000,90.347325,1000,878176,4,0.000000,0.938776,1,2632,0,22390,0
2588,baseline,120.000000,160.000000,0.001944,100.000000,0.026151,18,18,9720,18,18,0.000000,26.184774,1000,254516,5,1.000000,1.000000,0,1681,0,6353,0
2588,attack_only,220.000000,260.000000,0.001944,100.000000,0.010666,18,18,9720,18,18,0.000000,25.293004,1000,245848,5,1.000000,1.000000,0,1634,0,10366,0
2588,defense_only,320.000000,360.000000,0.001944,100.000000,0.021987,18,18,9720,18,18,0.000000,79.824280,1000,775892,5,1.000000,1.000000,0,2499,0,16353,0
2588,defense_vs_attack,420.000000,460.000000,0.001512,77.777778,0.016217,18,14,7560,14,18,22.222222,107.808466,1000,815032,5,0.000000,0.816327,1,2441,0,22269,0
2586,baseline,120.000000,160.000000,0.001944,100.000000,0.021501,18,18,9720,18,18,0.000000,39.751852,1000,386388,4,1.000000,1.000000,0,1962,0,7428,0
2586,attack_only,220.000000,260.000000,0.001944,100.000000,0.008308,18,18,9720,18,18,0.000000,39.290947,1000,381908,4,1.000000,1.000000,0,1947,0,12240,0
2586,defense_only,320.000000,360.000000,0.001944,100.000000,0.016921,18,18,9720,18,18,0.000000,109.823868,1000,1067488,4,1.000000,1.000000,0,2433,0,18224,0
2586,defense_vs_attack,420.000000,460.000000,0.001944,100.000000,0.020413,18,18,9720,18,18,0.000000,107.100823,1000,1041020,4,0.000000,0.795918,1,2440,0,24392,0
2590,baseline,120.000000,160.000000,0.001944,100.000000,0.021090,18,18,9720,18,18,0.000000,30.697119,1000,298376,4,1.000000,1.000000,0,1778,0,6778,0
2590,attack_only,220.000000,260.000000,0.001944,100.000000,0.008029,18,18,9720,18,18,0.000000,29.479835,1000,286544,4,1.000000,1.000000,0,1823,0,11246,0
2590,defense_only,320.000000,360.000000,0.001944,100.000000,0.017625,18,18,9720,18,18,0.000000,88.272428,1000,858008,4,1.000000,1.000000,0,2547,0,17550,0
2590,defense_vs_attack,420.000000,460.000000,0.001944,100.000000,0.009859,18,18,9720,18,18,0.000000,90.540741,1000,880056,4,0.000000,0.857143,1,2697,0,24030,0
2593,baseline,120.000000,160.000000,0.001944,100.000000,0.031505,18,18,9720,18,18,0.000000,31.189300,1000,303160,6,1.000000,1.000000,0,1812,0,6654,0
2593,attack_only,220.000000,260.000000,0.001944,100.000000,0.011924,18,18,9720,18,18,0.000000,32.340741,1000,314352,6,1.000000,1.000000,0,1790,0,10997,0
2593,defense_only,320.000000,360.000000,0.001944,100.000000,0.030616,18,18,9720,18,18,0.000000,85.739506,1000,833388,6,1.000000,1.000000,0,2476,0,16947,0
2593,defense_vs_attack,420.000000,460.000000,0.001728,88.888889,0.013286,18,16,8640,16,18,11.111111,97.122685,1000,839140,6,0.000000,0.897959,1,2412,0,22865,0
2604,baseline,120.000000,160.000000,0.001944,100.000000,0.027168,18,18,9720,18,18,0.000000,27.350206,1000,265844,5,1.000000,1.000000,0,1694,0,6297,0
2604,attack_only,220.000000,260.000000,0.001944,100.000000,0.009938,18,18,9720,18,18,0.000000,27.479835,1000,267104,5,1.000000,1.000000,0,1698,0,10358,0
2604,defense_only,320.000000,360.000000,0.001944,100.000000,0.022500,18,18,9720,18,18,0.000000,92.334979,1000,897496,5,1.000000,1.000000,0,2500,0,16383,0
2604,defense_vs_attack,420.000000,460.000000,0.001944,100.000000,0.012843,18,18,9720,18,18,0.000000,91.275720,1000,887200,5,0.000000,0.897959,1,2560,0,22491,0
2599,baseline,120.000000,160.000000,0.001944,100.000000,0.031621,18,18,9720,18,18,0.000000,28.273251,1000,274816,6,1.000000,1.000000,0,1744,0,6478,0
2599,attack_only,220.000000,260.000000,0.000000,0.000000,0.000000,18,0,0,0,18,100.000000,0.000000,1000,271244,6,1.000000,1.000000,0,1665,0,10568,0
2599,defense_only,320.000000,360.000000,0.001944,100.000000,0.020888,18,18,9720,18,18,0.000000,95.820165,1000,931372,6,1.000000,1.000000,0,2595,0,16701,0
2599,defense_vs_attack,420.000000,460.000000,0.001944,100.000000,0.032642,18,18,9720,18,18,0.000000,96.434568,1000,937344,7,0.000000,0.938776,1,2613,0,23035,0
2606,baseline,120.000000,160.000000,0.001944,100.000000,0.031364,18,18,9720,18,18,0.000000,29.864609,1000,290284,6,1.000000,1.000000,0,1849,0,6819,0
2606,attack_only,220.000000,260.000000,0.001944,100.000000,0.012781,18,18,9720,18,18,0.000000,30.166255,1000,293216,6,1.000000,1.000000,0,1887,0,11344,0
2606,defense_only,320.000000,360.000000,0.001944,100.000000,0.025086,18,18,9720,18,18,0.000000,88.044856,1000,855796,6,1.000000,1.000000,0,2643,0,17580,0
2606,defense_vs_attack,420.000000,460.000000,0.001512,77.777778,0.016576,18,14,7560,14,18,22.222222,110.793122,1000,837596,6,0.000000,0.877551,1,2574,0,23871,0
2608,baseline,120.000000,160.000000,0.001944,100.000000,0.014934,18,18,9720,18,18,0.000000,26.079835,1000,253496,3,1.000000,1.000000,0,1589,0,5925,0
2608,attack_only,220.000000,260.000000,0.001944,100.000000,0.006016,18,18,9720,18,18,0.000000,25.912757,1000,251872,3,1.000000,1.000000,0,1536,0,9689,0
2608,defense_only,320.000000,360.000000,0.001944,100.000000,0.012813,18,18,9720,18,18,0.000000,100.455967,1000,976432,3,1.000000,1.000000,0,2440,0,15665,0
2608,defense_vs_attack,420.000000,460.000000,0.001944,100.000000,0.007500,18,18,9720,18,18,0.000000,91.380247,1000,888216,3,0.000000,0.755102,1,2415,0,21617,0
2613,baseline,120.000000,160.000000,0.001944,100.000000,0.014880,18,18,9720,18,18,0.000000,24.508230,1000,238220,3,1.000000,1.000000,0,1721,0,6501,0
2613,attack_only,220.000000,260.000000,0.001944,100.000000,0.005967,18,18,9720,18,18,0.000000,25.545679,1000,248304,3,1.000000,1.000000,0,1745,0,10776,0
2613,defense_only,320.000000,360.000000,0.001944,100.000000,0.013309,18,18,9720,18,18,0.000000,79.729630,1000,774972,3,1.000000,1.000000,0,2662,0,17342,0
2613,defense_vs_attack,420.000000,460.000000,0.001944,100.000000,0.007517,18,18,9720,18,18,0.000000,82.299588,1000,799952,3,0.000000,0.918367,1,2740,0,24006,0
2612,baseline,120.000000,160.000000,0.001944,100.000000,0.015167,18,18,9720,18,18,0.000000,21.727160,1000,211188,3,1.000000,1.000000,0,1520,0,5846,0
2612,attack_only,220.000000,260.000000,0.001944,100.000000,0.005951,18,18,9720,18,18,0.000000,22.118107,1000,214988,3,1.000000,1.000000,0,1550,0,9653,0
2612,defense_only,320.000000,360.000000,0.001944,100.000000,0.013492,18,18,9720,18,18,0.000000,94.708230,1000,920564,3,1.000000,1.000000,0,2550,0,15759,0
2612,defense_vs_attack,420.000000,460.000000,0.001944,100.000000,0.007066,18,18,9720,18,18,0.000000,95.581893,1000,929056,3,0.000000,0.918367,1,2586,0,22114,0
2620,baseline,120.000000,160.000000,0.001944,100.000000,0.014838,18,18,9720,18,18,0.000000,24.470782,1000,237856,3,1.000000,1.000000,0,1570,0,6016,0
2620,attack_only,220.000000,260.000000,0.000000,0.000000,0.000000,18,0,0,0,18,100.000000,0.000000,1000,239952,3,1.000000,1.000000,0,1526,0,9795,0
2620,defense_only,320.000000,360.000000,0.001944,100.000000,0.008396,18,18,9720,18,18,0.000000,83.439918,1000,811036,3,1.000000,1.000000,0,2363,0,15508,0
2620,defense_vs_attack,420.000000,460.000000,0.001080,55.555556,0.017620,18,10,5400,10,18,44.444444,146.407407,1000,790600,3,0.000000,0.897959,1,2403,0,21446,0
2622,baseline,120.000000,160.000000,0.001944,100.000000,0.020951,18,18,9720,18,18,0.000000,28.020165,1000,272356,4,1.000000,1.000000,0,1788,0,6608,0
2622,attack_only,220.000000,260.000000,0.001944,100.000000,0.007855,18,18,9720,18,18,0.000000,27.876955,1000,270964,4,1.000000,1.000000,0,1752,0,10907,0
2622,defense_only,320.000000,360.000000,0.001944,100.000000,0.017469,18,18,9720,18,18,0.000000,85.619342,1000,832220,4,1.000000,1.000000,0,2522,0,17089,0
2622,defense_vs_attack,420.000000,460.000000,0.001620,83.333333,0.014776,18,15,8100,15,18,16.666667,99.004444,1000,801936,4,0.000000,0.877551,1,2789,0,23515,0
2618,baseline,120.000000,160.000000,0.001944,100.000000,0.025460,18,18,9720,18,18,0.000000,29.565432,1000,287376,5,1.000000,1.000000,0,1846,0,6849,0
2618,attack_only,220.000000,260.000000,0.001944,100.000000,0.009948,18,18,9720,18,18,0.000000,28.980658,1000,281692,5,1.000000,1.000000,0,1818,0,11270,0
2618,defense_only,320.000000,360.000000,0.001944,100.000000,0.021988,18,18,9720,18,18,0.000000,81.820988,1000,795300,5,1.000000,1.000000,0,2609,0,17484,0
2618,defense_vs_attack,420.000000,460.000000,0.001944,100.000000,0.012655,18,18,9720,18,18,0.000000,80.037449,1000,777964,5,0.000000,0.836735,1,2563,0,23658,0
2627,baseline,120.000000,160.000000,0.001944,100.000000,0.015390,18,18,9720,18,18,0.000000,32.696296,1000,317808,3,1.000000,1.000000,0,1834,0,6940,0
2627,attack_only,220.000000,260.000000,0.001944,100.000000,0.017145,18,18,9720,18,18,0.000000,32.639918,1000,317260,4,1.000000,1.000000,0,1849,0,11410,0
2627,defense_only,320.000000,360.000000,0.001944,100.000000,0.009169,18,18,9720,18,18,0.000000,90.656790,1000,881184,3,1.000000,1.000000,0,2497,0,17513,0
2627,defense_vs_attack,420.000000,460.000000,0.001944,100.000000,0.012420,18,18,9720,18,18,0.000000,94.248148,1000,916092,3,0.000000,0.877551,1,2568,0,23708,0
2629,baseline,120.000000,160.000000,0.001944,100.000000,0.021116,18,18,9720,18,18,0.000000,30.155556,1000,293112,4,1.000000,1.000000,0,1724,0,6466,0
2629,attack_only,220.000000,260.000000,0.001944,100.000000,0.021689,18,18,9720,18,18,0.000000,30.788066,1000,299260,4,1.000000,1.000000,0,1703,0,10634,0
2629,defense_only,320.000000,360.000000,0.001944,100.000000,0.015211,18,18,9720,18,18,0.000000,96.790535,1000,940804,4,1.000000,1.000000,0,2438,0,16474,0
2629,defense_vs_attack,420.000000,460.000000,0.001944,100.000000,0.008222,18,18,9720,18,18,0.000000,98.064609,1000,953188,4,0.000000,0.857143,1,2403,0,22389,0
2632,baseline,120.000000,160.000000,0.001944,100.000000,0.026158,18,18,9720,18,18,0.000000,28.070782,1000,272848,5,1.000000,1.000000,0,1721,0,6519,0
2632,attack_only,220.000000,260.000000,0.000000,0.000000,0.000000,18,0,0,0,18,100.000000,0.000000,1000,258812,6,1.000000,1.000000,0,1710,0,10687,0
2632,defense_only,320.000000,360.000000,0.001944,100.000000,0.014917,18,18,9720,18,18,0.000000,81.006996,1000,787388,5,1.000000,1.000000,0,2412,0,16466,0
2632,defense_vs_attack,420.000000,460.000000,0.001944,100.000000,0.018391,18,18,9720,18,18,0.000000,78.739095,1000,765344,5,0.000000,0.836735,1,2422,0,22342,0
2626,baseline,120.000000,160.000000,0.001944,100.000000,0.016377,18,18,9720,18,18,0.000000,33.780247,1000,328344,3,1.000000,1.000000,0,1765,0,6591,0
2626,attack_only,220.000000,260.000000,0.001944,100.000000,0.006328,18,18,9720,18,18,0.000000,34.311934,1000,333512,3,1.000000,1.000000,0,1724,0,10852,0
2626,defense_only,320.000000,360.000000,0.001944,100.000000,0.015325,18,18,9720,18,18,0.000000,106.146091,1000,1031740,3,1.000000,1.000000,0,2391,0,16650,0
2626,defense_vs_attack,420.000000,460.000000,0.001944,100.000000,0.012279,18,18,9720,18,18,0.000000,107.990947,1000,1049672,3,0.000000,0.857143,1,2391,0,22368,0
2635,baseline,120.000000,160.000000,0.001944,100.000000,0.020779,18,18,9720,18,18,0.000000,31.571605,1000,306876,4,1.000000,1.000000,0,1791,0,6764,0
2635,attack_only,220.000000,260.000000,0.001944,100.000000,0.008183,18,18,9720,18,18,0.000000,33.761728,1000,328164,4,1.000000,1.000000,0,1796,0,11175,0
2635,defense_only,320.000000,360.000000,0.001944,100.000000,0.017979,18,18,9720,18,18,0.000000,101.867078,1000,990148,4,1.000000,1.000000,0,2442,0,17173,0
2635,defense_vs_attack,420.000000,460.000000,0.001944,100.000000,0.011157,18,18,9720,18,18,0.000000,100.773663,1000,979520,4,0.000000,0.836735,1,2559,0,23515,0
2637,baseline,120.000000,160.000000,0.001944,100.000000,0.015720,18,18,9720,18,18,0.000000,28.409465,1000,276140,3,1.000000,1.000000,0,1677,0,6361,0
2637,attack_only,220.000000,260.000000,0.001944,100.000000,0.005888,18,18,9720,18,18,0.000000,28.322634,1000,275296,3,1.000000,1.000000,0,1645,0,10417,0
2637,defense_only,320.000000,360.000000,0.001944,100.000000,0.013045,18,18,9720,18,18,0.000000,100.837037,1000,980136,3,1.000000,1.000000,0,2523,0,16474,0
2637,defense_vs_attack,420.000000,460.000000,0.001944,100.000000,0.007413,18,18,9720,18,18,0.000000,98.732099,1000,959676,3,0.000000,0.897959,1,2484,0,22610,0
2636,baseline,120.000000,160.000000,0.001944,100.000000,0.036043,18,18,9720,18,18,0.000000,20.108642,1000,195456,7,1.000000,1.000000,0,1634,0,5972,0
2636,attack_only,220.000000,260.000000,0.001944,100.000000,0.014224,18,18,9720,18,18,0.000000,21.615638,1000,210104,7,1.000000,1.000000,0,1654,0,9893,0
2636,defense_only,320.000000,360.000000,0.001944,100.000000,0.030417,18,18,9720,18,18,0.000000,87.000823,1000,845648,7,1.000000,1.000000,0,2667,0,16271,0
2636,defense_vs_attack,420.000000,460.000000,0.001944,100.000000,0.017769,18,18,9720,18,18,0.000000,92.019342,1000,894428,7,0.000000,0.897959,1,2847,0,23080,0
2638,baseline,120.000000,160.000000,0.001944,100.000000,0.020647,18,18,9720,18,18,0.000000,37.040741,1000,360036,4,1.000000,1.000000,0,1823,0,6994,0
2638,attack_only,220.000000,260.000000,0.001944,100.000000,0.007845,18,18,9720,18,18,0.000000,37.210288,1000,361684,4,1.000000,1.000000,0,1873,0,11542,0
2638,defense_only,320.000000,360.000000,0.001944,100.000000,0.018727,18,18,9720,18,18,0.000000,104.852263,1000,1019164,4,1.000000,1.000000,0,2392,0,17417,0
2638,defense_vs_attack,420.000000,460.000000,0.001944,100.000000,0.010674,18,18,9720,18,18,0.000000,102.085597,1000,992272,4,0.000000,0.795918,1,2418,0,23339,0
2643,baseline,120.000000,160.000000,0.001944,100.000000,0.021911,18,18,9720,18,18,0.000000,26.418107,1000,256784,4,1.000000,1.000000,0,1651,0,6137,0
2643,attack_only,220.000000,260.000000,0.001944,100.000000,0.008509,18,18,9720,18,18,0.000000,24.878189,1000,241816,4,1.000000,1.000000,0,1547,0,10001,0
2643,defense_only,320.000000,360.000000,0.001944,100.000000,0.016880,18,18,9720,18,18,0.000000,93.182716,1000,905736,4,1.000000,1.000000,0,2351,0,15584,0
2643,defense_vs_attack,420.000000,460.000000,0.001512,77.777778,0.010411,18,14,7560,14,18,22.222222,119.566138,1000,903920,4,0.000000,0.816327,1,2288,0,21156,0
2644,baseline,120.000000,160.000000,0.001944,100.000000,0.015079,18,18,9720,18,18,0.000000,27.861728,1000,270816,3,1.000000,1.000000,0,1689,0,6443,0
2644,attack_only,220.000000,260.000000,0.001944,100.000000,0.012698,18,18,9720,18,18,0.000000,28.651852,1000,278496,3,1.000000,1.000000,0,1728,0,10689,0
2644,defense_only,320.000000,360.000000,0.001944,100.000000,0.008329,18,18,9720,18,18,0.000000,91.656790,1000,890904,3,1.000000,1.000000,0,2449,0,16714,0
2644,defense_vs_attack,420.000000,460.000000,0.001620,83.333333,0.009236,18,15,8100,15,18,16.666667,115.400988,1000,934748,3,0.000000,0.795918,1,2526,0,22973,0
2646,baseline,120.000000,160.000000,0.001944,100.000000,0.031331,18,18,9720,18,18,0.000000,29.591770,1000,287632,6,1.000000,1.000000,0,1847,0,6907,0
2646,attack_only,220.000000,260.000000,0.000000,0.000000,0.000000,18,0,0,0,18,100.000000,0.000000,1000,295544,6,1.000000,1.000000,0,1812,0,11348,0
2646,defense_only,320.000000,360.000000,0.001836,94.444444,0.021211,18,17,9180,17,18,5.555556,77.691939,1000,713212,6,1.000000,1.000000,0,2544,0,17433,0
2646,defense_vs_attack,420.000000,460.000000,0.000648,60.000000,0.201502,10,6,3240,6,18,66.666667,177.093827,1000,573784,0,0.000000,0.836735,1,2285,0,23340,0
2647,baseline,120.000000,160.000000,0.001944,100.000000,0.057241,18,18,9720,18,18,0.000000,26.727984,1000,259796,11,1.000000,1.000000,0,1875,0,6786,0
2647,attack_only,220.000000,260.000000,0.001944,100.000000,0.022166,18,18,9720,18,18,0.000000,27.386008,1000,266192,11,1.000000,1.000000,0,1886,0,11182,0
2647,defense_only,320.000000,360.000000,0.001944,100.000000,0.052459,18,18,9720,18,18,0.000000,88.547737,1000,860684,11,1.000000,1.000000,0,2837,0,17786,0
2647,defense_vs_attack,420.000000,460.000000,0.001944,100.000000,0.031002,18,18,9720,18,18,0.000000,88.245679,1000,857748,11,0.000000,0.918367,1,2701,0,24409,0
2649,baseline,120.000000,160.000000,0.001944,100.000000,0.031012,18,18,9720,18,18,0.000000,31.662963,1000,307764,6,1.000000,1.000000,0,1813,0,6783,0
2649,attack_only,220.000000,260.000000,0.001944,100.000000,0.012300,18,18,9720,18,18,0.000000,30.995062,1000,301272,6,1.000000,1.000000,0,1765,0,11029,0
2649,defense_only,320.000000,360.000000,0.001944,100.000000,0.030996,18,18,9720,18,18,0.000000,96.802469,1000,940920,6,1.000000,1.000000,0,2396,0,16799,0
2649,defense_vs_attack,420.000000,460.000000,0.001944,100.000000,0.023913,18,18,9720,18,18,0.000000,89.502881,1000,869968,6,0.000000,0.836735,1,2396,0,22612,0
2652,baseline,120.000000,160.000000,0.001944,100.000000,0.041253,18,18,9720,18,18,0.000000,33.947325,1000,329968,8,1.000000,1.000000,0,2134,0,7768,0
2652,attack_only,220.000000,260.000000,0.000000,0.000000,0.000000,18,0,0,0,18,100.000000,0.000000,1000,329852,8,1.000000,1.000000,0,2056,0,12722,0
2652,defense_only,320.000000,360.000000,0.001944,100.000000,0.016225,18,18,9720,18,18,0.000000,91.179424,1000,886264,8,1.000000,1.000000,0,2702,0,19131,0
2652,defense_vs_attack,420.000000,460.000000,0.001944,100.000000,0.036065,18,18,9720,18,18,0.000000,91.673251,1000,891064,8,0.000000,0.857143,1,2643,0,25640,0
2654,baseline,120.000000,160.000000,0.001944,100.000000,0.026273,18,18,9720,18,18,0.000000,30.640329,1000,297824,5,1.000000,1.000000,0,1868,0,6893,0
2654,attack_only,220.000000,260.000000,0.000000,0.000000,0.000000,18,0,0,0,18,100.000000,0.000000,1000,302788,6,1.000000,1.000000,0,1858,0,11453,0
2654,defense_only,320.000000,360.000000,0.001944,100.000000,0.010131,18,18,9720,18,18,0.000000,88.180247,1000,857112,5,1.000000,1.000000,0,2468,0,17426,0
2654,defense_vs_attack,420.000000,460.000000,0.001728,88.888889,0.022075,18,16,8640,16,18,11.111111,99.085648,1000,856100,5,0.000000,0.918367,1,2439,0,23386,0
2656,baseline,120.000000,160.000000,0.001944,100.000000,0.043486,18,18,9720,18,18,0.000000,29.643210,1000,288132,8,1.000000,1.000000,0,1822,0,6726,0
2656,attack_only,220.000000,260.000000,0.001944,100.000000,0.035829,18,18,9720,18,18,0.000000,29.275309,1000,284556,8,1.000000,1.000000,0,1825,0,11078,0
2656,defense_only,320.000000,360.000000,0.001944,100.000000,0.035719,18,18,9720,18,18,0.000000,90.066255,1000,875444,8,1.000000,1.000000,0,2608,0,17135,0
2656,defense_vs_attack,420.000000,460.000000,0.001944,100.000000,0.022818,18,18,9720,18,18,0.000000,90.832099,1000,882888,8,0.000000,0.836735,1,2560,0,23310,0
2661,baseline,120.000000,160.000000,0.001944,100.000000,0.015174,18,18,9720,18,18,0.000000,31.104527,1000,302336,3,1.000000,1.000000,0,1737,0,6695,0
2661,attack_only,220.000000,260.000000,0.000000,0.000000,0.000000,18,0,0,0,18,100.000000,0.000000,1000,324584,4,1.000000,1.000000,0,1767,0,11037,0
2661,defense_only,320.000000,360.000000,0.001944,100.000000,0.008177,18,18,9720,18,18,0.000000,89.146502,1000,866504,3,1.000000,1.000000,0,2513,0,17092,0
2661,defense_vs_attack,420.000000,460.000000,0.001080,55.555556,0.011087,18,10,5400,10,18,44.444444,159.101481,1000,859148,3,0.000000,0.816327,1,2420,0,23083,0
2667,baseline,120.000000,160.000000,0.001944,100.000000,0.021005,18,18,9720,18,18,0.000000,24.265432,1000,235860,4,1.000000,1.000000,0,1604,0,6044,0
2667,attack_only,220.000000,260.000000,0.000000,0.000000,0.000000,18,0,0,0,18,100.000000,0.000000,1000,239112,5,1.000000,1.000000,0,1603,0,9966,0
2667,defense_only,320.000000,360.000000,0.001944,100.000000,0.012946,18,18,9720,18,18,0.000000,89.593004,1000,870844,4,1.000000,1.000000,0,2341,0,15666,0
2667,defense_vs_attack,420.000000,460.000000,0.001728,88.888889,0.015282,18,16,8640,16,18,11.111111,104.016667,1000,898704,4,0.000000,0.795918,1,2369,0,21559,0
2666,baseline,120.000000,160.000000,0.001944,100.000000,0.025844,18,18,9720,18,18,0.000000,28.248560,1000,274576,5,1.000000,1.000000,0,1732,0,6364,0
2666,attack_only,220.000000,260.000000,0.000000,0.000000,0.000000,18,0,0,0,18,100.000000,0.000000,1000,269636,5,1.000000,1.000000,0,1703,0,10531,0
2666,defense_only,320.000000,360.000000,0.001944,100.000000,0.015575,18,18,9720,18,18,0.000000,113.341152,1000,1101676,5,1.000000,1.000000,0,2439,0,16537,0
2666,defense_vs_attack,420.000000,460.000000,0.001296,66.666667,0.023413,18,12,6480,12,18,33.333333,164.751852,1000,1067592,5,0.000000,0.816327,1,2521,0,22541,0
2670,baseline,120.000000,160.000000,0.001944,100.000000,0.031287,18,18,9720,18,18,0.000000,31.946091,1000,310516,6,1.000000,1.000000,0,1846,0,6864,0
2670,attack_only,220.000000,260.000000,0.000000,0.000000,0.000000,18,0,0,0,18,100.000000,0.000000,1000,307380,7,1.000000,1.000000,0,1811,0,11290,0
2670,defense_only,320.000000,360.000000,0.001944,100.000000,0.012950,18,18,9720,18,18,0.000000,95.586831,1000,929104,6,1.000000,1.000000,0,2400,0,17099,0
2670,defense_vs_attack,420.000000,460.000000,0.000972,50.000000,0.031054,18,9,4860,9,18,50.000000,188.617284,1000,916680,7,0.000000,0.857143,1,2603,0,23306,0
2673,baseline,120.000000,160.000000,0.001944,100.000000,0.046560,18,18,9720,18,18,0.000000,24.057613,1000,233840,9,1.000000,1.000000,0,1789,0,6486,0
2673,attack_only,220.000000,260.000000,0.000000,0.000000,0.000000,18,0,0,0,18,100.000000,0.000000,1000,238824,9,1.000000,1.000000,0,1743,0,10652,0
2673,defense_only,320.000000,360.000000,0.001944,100.000000,0.031945,18,18,9720,18,18,0.000000,79.015226,1000,768028,9,1.000000,1.000000,0,2509,0,16733,0
2673,defense_vs_attack,420.000000,460.000000,0.000000,0.000000,0.000000,12,0,0,0,18,100.000000,0.000000,1000,606312,0,0.000000,0.897959,1,2331,0,22566,0
2677,baseline,120.000000,160.000000,0.001944,100.000000,0.020272,18,18,9720,18,18,0.000000,24.409053,1000,237256,4,1.000000,1.000000,0,1656,0,6335,0
2677,attack_only,220.000000,260.000000,0.000000,0.000000,0.000000,18,0,0,0,18,100.000000,0.000000,1000,227764,4,1.000000,1.000000,0,1648,0,10353,0
2677,defense_only,320.000000,360.000000,0.001944,100.000000,0.015365,18,18,9720,18,18,0.000000,90.548560,1000,880132,4,1.000000,1.000000,0,2537,0,16475,0
2677,defense_vs_attack,420.000000,460.000000,0.001728,88.888889,0.022061,18,16,8640,16,18,11.111111,98.226389,1000,848676,4,0.000000,0.857143,1,2566,0,22676,0
2679,baseline,120.000000,160.000000,0.001944,100.000000,0.037092,18,18,9720,18,18,0.000000,27.507407,1000,267372,7,1.000000,1.000000,0,1780,0,6576,0
2679,attack_only,220.000000,260.000000,0.000000,0.000000,0.000000,18,0,0,0,18,100.000000,0.000000,1000,279240,7,1.000000,1.000000,0,1752,0,10878,0
2679,defense_only,320.000000,360.000000,0.001944,100.000000,0.021763,18,18,9720,18,18,0.000000,89.453909,1000,869492,7,1.000000,1.000000,0,2576,0,17015,0
2679,defense_vs_attack,420.000000,460.000000,0.001080,55.555556,0.040137,18,10,5400,10,18,44.444444,155.420741,1000,839272,7,0.000000,0.877551,1,2895,0,23631,0
2680,baseline,120.000000,160.000000,0.001944,100.000000,0.015656,18,18,9720,18,18,0.000000,27.276955,1000,265132,3,1.000000,1.000000,0,1717,0,6480,0
2680,attack_only,220.000000,260.000000,0.000000,0.000000,0.000000,18,0,0,0,18,100.000000,0.000000,1000,271004,3,1.000000,1.000000,0,1660,0,10593,0
2680,defense_only,320.000000,360.000000,0.001944,100.000000,0.008150,18,18,9720,18,18,0.000000,85.254321,1000,828672,3,1.000000,1.000000,0,2453,0,16518,0
2680,defense_vs_attack,420.000000,460.000000,0.001188,61.111111,0.023704,18,11,5940,11,18,38.888889,142.691582,1000,847588,4,0.000000,0.918367,1,2428,0,22556,0
2687,baseline,120.000000,160.000000,0.001944,100.000000,0.057861,18,18,9720,18,18,0.000000,25.286831,1000,245788,11,1.000000,1.000000,0,1934,0,6780,0
2687,attack_only,220.000000,260.000000,0.001944,100.000000,0.022135,18,18,9720,18,18,0.000000,26.173663,1000,254408,11,1.000000,1.000000,0,1928,0,11299,0
2687,defense_only,320.000000,360.000000,0.001944,100.000000,0.051063,18,18,9720,18,18,0.000000,78.893004,1000,766840,11,1.000000,1.000000,0,2862,0,17940,0
2687,defense_vs_attack,420.000000,460.000000,0.001944,100.000000,0.027556,18,18,9720,18,18,0.000000,81.196708,1000,789232,11,0.000000,0.979592,1,2814,0,24734,0
2693,baseline,120.000000,160.000000,0.001944,100.000000,0.020088,18,18,9720,18,18,0.000000,30.133745,1000,292900,4,1.000000,1.000000,0,1741,0,6463,0
2693,attack_only,220.000000,260.000000,0.000000,0.000000,0.000000,18,0,0,0,18,100.000000,0.000000,1000,291312,4,1.000000,1.000000,0,1652,0,10577,0
2693,defense_only,320.000000,360.000000,0.001944,100.000000,0.011534,18,18,9720,18,18,0.000000,97.668724,1000,949340,4,1.000000,1.000000,0,2345,0,16377,0
2693,defense_vs_attack,420.000000,460.000000,0.001080,55.555556,0.030440,18,10,5400,10,18,44.444444,171.180000,1000,924372,5,0.000000,0.857143,1,2621,0,22564,0
2695,baseline,120.000000,160.000000,0.001944,100.000000,0.021110,18,18,9720,18,18,0.000000,30.997119,1000,301292,4,1.000000,1.000000,0,1787,0,6698,0
2695,attack_only,220.000000,260.000000,0.001944,100.000000,0.007936,18,18,9720,18,18,0.000000,32.098765,1000,312000,4,1.000000,1.000000,0,1774,0,11039,0
2695,defense_only,320.000000,360.000000,0.001944,100.000000,0.021448,18,18,9720,18,18,0.000000,93.371193,1000,907568,4,1.000000,1.000000,0,2489,0,17066,0
2695,defense_vs_attack,420.000000,460.000000,0.001944,100.000000,0.015534,18,18,9720,18,18,0.000000,94.864198,1000,922080,4,0.000000,0.836735,1,2481,0,23106,0
2701,baseline,120.000000,160.000000,0.001944,100.000000,0.032240,18,18,9720,18,18,0.000000,27.574897,1000,268028,6,1.000000,1.000000,0,1757,0,6494,0
2701,attack_only,220.000000,260.000000,0.000000,0.000000,0.000000,18,0,0,0,18,100.000000,0.000000,1000,232620,6,1.000000,1.000000,0,1713,0,10640,0
2701,defense_only,320.000000,360.000000,0.001944,100.000000,0.019666,18,18,9720,18,18,0.000000,88.665844,1000,861832,6,1.000000,1.000000,0,2587,0,16834,0
2701,defense_vs_attack,420.000000,460.000000,0.001296,66.666667,0.018934,18,12,6480,12,18,33.333333,135.389506,1000,877324,6,0.000000,0.836735,1,2574,0,23112,0
2699,baseline,120.000000,160.000000,0.001944,100.000000,0.026508,18,18,9720,18,18,0.000000,29.348148,1000,285264,5,1.000000,1.000000,0,1773,0,6645,0
2699,attack_only,220.000000,260.000000,0.001944,100.000000,0.010357,18,18,9720,18,18,0.000000,29.539506,1000,287124,5,1.000000,1.000000,0,1783,0,10944,0
2699,defense_only,320.000000,360.000000,0.001944,100.000000,0.025453,18,18,9720,18,18,0.000000,82.585185,1000,802728,5,1.000000,1.000000,0,2503,0,16894,0
2699,defense_vs_attack,420.000000,460.000000,0.001404,72.222222,0.040746,18,13,7020,13,18,27.777778,123.024501,1000,863632,5,0.000000,0.857143,1,2909,0,23566,0
2710,baseline,120.000000,160.000000,0.001944,100.000000,0.020916,18,18,9720,18,18,0.000000,28.205350,1000,274156,4,1.000000,1.000000,0,1707,0,6406,0
2710,attack_only,220.000000,260.000000,0.001944,100.000000,0.007793,18,18,9720,18,18,0.000000,27.395062,1000,266280,4,1.000000,1.000000,0,1675,0,10473,0
2710,defense_only,320.000000,360.000000,0.001944,100.000000,0.017378,18,18,9720,18,18,0.000000,96.309053,1000,936124,4,1.000000,1.000000,0,2413,0,16365,0
2710,defense_vs_attack,420.000000,460.000000,0.001944,100.000000,0.014562,18,18,9720,18,18,0.000000,95.852263,1000,931684,4,0.000000,0.836735,1,2395,0,22277,0
2712,baseline,120.000000,160.000000,0.001944,100.000000,0.016013,18,18,9720,18,18,0.000000,21.635802,1000,210300,3,1.000000,1.000000,0,1487,0,5667,0
2712,attack_only,220.000000,260.000000,0.001944,100.000000,0.005789,18,18,9720,18,18,0.000000,22.169959,1000,215492,3,1.000000,1.000000,0,1486,0,9339,0
2712,defense_only,320.000000,360.000000,0.001944,100.000000,0.013024,18,18,9720,18,18,0.000000,82.709053,1000,803932,3,1.000000,1.000000,0,2294,0,14982,0
2712,defense_vs_attack,420.000000,460.000000,0.001944,100.000000,0.007065,18,18,9720,18,18,0.000000,86.346914,1000,839292,3,0.000000,0.836735,1,2349,0,20768,0
2709,baseline,120.000000,160.000000,0.001944,100.000000,0.020136,18,18,9720,18,18,0.000000,29.860494,1000,290244,4,1.000000,1.000000,0,1784,0,6646,0
2709,attack_only,220.000000,260.000000,0.001944,100.000000,0.008009,18,18,9720,18,18,0.000000,29.523868,1000,286972,4,1.000000,1.000000,0,1771,0,10935,0
2709,defense_only,320.000000,360.000000,0.001944,100.000000,0.018774,18,18,9720,18,18,0.000000,103.109465,1000,1002224,4,1.000000,1.000000,0,2572,0,17109,0
2709,defense_vs_attack,420.000000,460.000000,0.001944,100.000000,0.012549,18,18,9720,18,18,0.000000,100.195473,1000,973900,4,0.000000,0.918367,1,2540,0,23358,0
2722,baseline,120.000000,160.000000,0.001944,100.000000,0.025928,18,18,9720,18,18,0.000000,25.011111,1000,243108,5,1.000000,1.000000,0,1739,0,6510,0
2722,attack_only,220.000000,260.000000,0.000000,0.000000,0.000000,18,0,0,0,18,100.000000,0.000000,1000,247332,6,1.000000,1.000000,0,1698,0,10665,0
2722,defense_only,320.000000,360.000000,0.001944,100.000000,0.017601,18,18,9720,18,18,0.000000,79.383128,1000,771604,5,1.000000,1.000000,0,2554,0,16796,0
2722,defense_vs_attack,420.000000,460.000000,0.000756,38.888889,0.013669,18,7,3780,7,18,61.111111,210.671958,1000,796340,5,0.000000,0.836735,1,2576,0,22926,0
2735,baseline,120.000000,160.000000,0.001944,100.000000,0.020435,18,18,9720,18,18,0.000000,34.834568,1000,338592,4,1.000000,1.000000,0,1833,0,6909,0
2735,attack_only,220.000000,260.000000,0.001944,100.000000,0.007794,18,18,9720,18,18,0.000000,34.478189,1000,335128,4,1.000000,1.000000,0,1840,0,11377,0
2735,defense_only,320.000000,360.000000,0.001944,100.000000,0.017291,18,18,9720,18,18,0.000000,96.090123,1000,933996,4,1.000000,1.000000,0,2381,0,17091,0
2735,defense_vs_attack,420.000000,460.000000,0.001944,100.000000,0.009611,18,18,9720,18,18,0.000000,94.231687,1000,915932,4,0.000000,0.836735,1,2307,0,22812,0
2738,baseline,120.000000,160.000000,0.001944,100.000000,0.026160,18,18,9720,18,18,0.000000,28.253909,1000,274628,5,1.000000,1.000000,0,1684,0,6308,0
2738,attack_only,220.000000,260.000000,0.001944,100.000000,0.010011,18,18,9720,18,18,0.000000,28.799588,1000,279932,5,1.000000,1.000000,0,1669,0,10357,0
2738,defense_only,320.000000,360.000000,0.001944,100.000000,0.021878,18,18,9720,18,18,0.000000,96.564198,1000,938604,5,1.000000,1.000000,0,2408,0,16087,0
2738,defense_vs_attack,420.000000,460.000000,0.001944,100.000000,0.013065,18,18,9720,18,18,0.000000,98.266667,1000,955152,5,0.000000,0.857143,1,2418,0,21930,0
2740,baseline,120.000000,160.000000,0.001944,100.000000,0.051288,18,18,9720,18,18,0.000000,27.216872,1000,264548,10,1.000000,1.000000,0,1809,0,6554,0
2740,attack_only,220.000000,260.000000,0.000000,0.000000,0.000000,18,0,0,0,18,100.000000,0.000000,1000,273128,11,1.000000,1.000000,0,1728,0,10747,0
2740,defense_only,320.000000,360.000000,0.001944,100.000000,0.032505,18,18,9720,18,18,0.000000,93.651852,1000,910296,10,1.000000,1.000000,0,2602,0,16905,0
2740,defense_vs_attack,420.000000,460.000000,0.001080,55.555556,0.037428,18,10,5400,10,18,44.444444,166.903704,1000,901280,10,0.000000,0.816327,1,2586,0,23222,0
2746,baseline,120.000000,160.000000,0.001944,100.000000,0.026132,18,18,9720,18,18,0.000000,30.041152,1000,292000,5,1.000000,1.000000,0,1750,0,6577,0
2746,attack_only,220.000000,260.000000,0.001944,100.000000,0.009926,18,18,9720,18,18,0.000000,30.030453,1000,291896,5,1.000000,1.000000,0,1707,0,10709,0
2746,defense_only,320.000000,360.000000,0.001944,100.000000,0.024275,18,18,9720,18,18,0.000000,93.786008,1000,911600,5,1.000000,1.000000,0,2417,0,16577,0
2746,defense_vs_attack,420.000000,460.000000,0.001620,83.333333,0.016597,18,15,8100,15,18,16.666667,100.983210,1000,817964,5,0.000000,0.816327,2,2338,0,22340,0
2754,baseline,120.000000,160.000000,0.001944,100.000000,0.077184,18,18,9720,18,18,0.000000,27.221399,1000,264592,4,1.000000,1.000000,0,1712,0,6401,0
2754,attack_only,220.000000,260.000000,0.000000,0.000000,0.000000,18,0,0,0,18,100.000000,0.000000,1000,263444,4,1.000000,1.000000,0,1632,0,10479,0
2754,defense_only,320.000000,360.000000,0.001944,100.000000,0.011180,18,18,9720,18,18,0.000000,85.171605,1000,827868,4,1.000000,1.000000,0,2396,0,16441,0
2754,defense_vs_attack,420.000000,460.000000,0.000756,38.888889,0.038907,18,7,3780,7,18,61.111111,233.169312,1000,881380,6,0.000000,0.897959,1,2583,0,22744,0
2753,baseline,120.000000,160.000000,0.001944,100.000000,0.042084,18,18,9720,18,18,0.000000,22.087243,1000,214688,8,1.000000,1.000000,0,1713,0,6207,0
2753,attack_only,220.000000,260.000000,0.000000,0.000000,0.000000,18,0,0,0,18,100.000000,0.000000,1000,220760,8,1.000000,1.000000,0,1612,0,10114,0
2753,defense_only,320.000000,360.000000,0.001944,100.000000,0.023684,18,18,9720,18,18,0.000000,85.264609,1000,828772,8,1.000000,1.000000,0,2759,0,16648,0
2753,defense_vs_attack,420.000000,460.000000,0.000000,0.000000,0.000000,12,0,0,0,18,100.000000,0.000000,1000,632644,0,0.000000,0.938776,1,2383,0,22884,0
2761,baseline,120.000000,160.000000,0.001944,100.000000,0.026339,18,18,9720,18,18,0.000000,27.783539,1000,270056,5,1.000000,1.000000,0,1730,0,6559,0
2761,attack_only,220.000000,260.000000,0.000000,0.000000,0.000000,18,0,0,0,18,100.000000,0.000000,1000,276492,5,1.000000,1.000000,0,1673,0,10706,0
2761,defense_only,320.000000,360.000000,0.001944,100.000000,0.015228,18,18,9720,18,18,0.000000,91.934979,1000,893608,5,1.000000,1.000000,0,2392,0,16580,0
2761,defense_vs_attack,420.000000,460.000000,0.000864,44.444444,0.027954,18,8,4320,8,18,55.555556,203.253704,1000,878056,5,0.000000,0.877551,2,2449,0,22624,0
2760,baseline,120.000000,160.000000,0.001944,100.000000,0.025920,18,18,9720,18,18,0.000000,25.689712,1000,249704,5,1.000000,1.000000,0,1614,0,6030,0
2760,attack_only,220.000000,260.000000,0.001944,100.000000,0.010131,18,18,9720,18,18,0.000000,24.758436,1000,240652,5,1.000000,1.000000,0,1595,0,9854,0
2760,defense_only,320.000000,360.000000,0.001944,100.000000,0.023141,18,18,9720,18,18,0.000000,101.709465,1000,988616,5,1.000000,1.000000,0,2496,0,15867,0
2760,defense_vs_attack,420.000000,460.000000,0.001296,66.666667,0.014391,18,12,6480,12,18,33.333333,149.801852,1000,970716,5,0.000000,0.816327,1,2514,0,21904,0
2762,baseline,120.000000,160.000000,0.001944,100.000000,0.041183,18,18,9720,18,18,0.000000,31.144033,1000,302720,8,1.000000,1.000000,0,1899,0,6948,0
2762,attack_only,220.000000,260.000000,0.000000,0.000000,0.000000,18,0,0,0,18,100.000000,0.000000,1000,302124,8,1.000000,1.000000,0,1796,0,11380,0
2762,defense_only,320.000000,360.000000,0.001944,100.000000,0.039901,18,18,9720,18,18,0.000000,95.605761,1000,929288,8,1.000000,1.000000,0,2593,0,17451,0
2762,defense_vs_attack,420.000000,460.000000,0.001296,66.666667,0.057875,18,12,6480,12,18,33.333333,142.587037,1000,923964,9,0.000000,0.775510,3,2686,0,23763,0
2770,baseline,120.000000,160.000000,0.001944,100.000000,0.021532,18,18,9720,18,18,0.000000,26.351029,1000,256132,4,1.000000,1.000000,0,1755,0,6582,0
2770,attack_only,220.000000,260.000000,0.001944,100.000000,0.008115,18,18,9720,18,18,0.000000,26.356379,1000,256184,4,1.000000,1.000000,0,1712,0,10794,0
2770,defense_only,320.000000,360.000000,0.001944,100.000000,0.017226,18,18,9720,18,18,0.000000,88.367078,1000,858928,4,1.000000,1.000000,0,2608,0,17166,0
2770,defense_vs_attack,420.000000,460.000000,0.001944,100.000000,0.017081,18,18,9720,18,18,0.000000,89.041975,1000,865488,4,0.000000,0.959184,1,2660,0,23623,0
2772,baseline,120.000000,160.000000,0.001944,100.000000,0.041266,18,18,9720,18,18,0.000000,30.047325,1000,292060,8,1.000000,1.000000,0,2043,0,7403,0
2772,attack_only,220.000000,260.000000,0.001944,100.000000,0.033321,18,18,9720,18,18,0.000000,30.311523,1000,294628,8,1.000000,1.000000,0,2038,0,12209,0
2772,defense_only,320.000000,360.000000,0.001944,100.000000,0.023250,18,18,9720,18,18,0.000000,78.713169,1000,765092,8,1.000000,1.000000,0,2676,0,18662,0
2772,defense_vs_attack,420.000000,460.000000,0.001080,55.555556,0.029957,18,10,5400,10,18,44.444444,143.462222,1000,774696,8,0.000000,0.897959,1,2635,0,25099,0
2776,baseline,120.000000,160.000000,0.001944,100.000000,0.020450,18,18,9720,18,18,0.000000,27.502058,1000,267320,4,1.000000,1.000000,0,1608,0,6066,0
2776,attack_only,220.000000,260.000000,0.000000,0.000000,0.000000,18,0,0,0,18,100.000000,0.000000,1000,251628,5,1.000000,1.000000,0,1547,0,9893,0
2776,defense_only,320.000000,360.000000,0.001944,100.000000,0.010278,18,18,9720,18,18,0.000000,96.547325,1000,938440,4,1.000000,1.000000,0,2322,0,15524,0
2776,defense_vs_attack,420.000000,460.000000,0.001944,100.000000,0.015454,18,18,9720,18,18,0.000000,102.304938,1000,994404,4,0.000000,0.816327,1,2367,0,21267,0
2780,baseline,120.000000,160.000000,0.001944,100.000000,0.020827,18,18,9720,18,18,0.000000,26.946502,1000,261920,4,1.000000,1.000000,0,1667,0,6450,0
2780,attack_only,220.000000,260.000000,0.001944,100.000000,0.007955,18,18,9720,18,18,0.000000,26.799177,1000,260488,4,1.000000,1.000000,0,1690,0,10559,0
2780,defense_only,320.000000,360.000000,0.001944,100.000000,0.017593,18,18,9720,18,18,0.000000,102.909053,1000,1000276,4,1.000000,1.000000,0,2514,0,16789,0
2780,defense_vs_attack,420.000000,460.000000,0.001944,100.000000,0.009594,18,18,9720,18,18,0.000000,102.308230,1000,994436,4,0.000000,0.836735,1,2519,0,22931,0
2783,baseline,120.000000,160.000000,0.001944,100.000000,0.032547,18,18,9720,18,18,0.000000,24.539095,1000,238520,6,1.000000,1.000000,0,1678,0,6187,0
2783,attack_only,220.000000,260.000000,0.000000,0.000000,0.000000,18,0,0,0,18,100.000000,0.000000,1000,231120,6,1.000000,1.000000,0,1641,0,10150,0
2783,defense_only,320.000000,360.000000,0.001944,100.000000,0.022789,18,18,9720,18,18,0.000000,95.290947,1000,926228,6,1.000000,1.000000,0,2533,0,16083,0
2783,defense_vs_attack,420.000000,460.000000,0.001080,55.555556,0.022586,18,10,5400,10,18,44.444444,173.436296,1000,936556,6,0.000000,0.857143,1,2447,0,22118,0
2781,baseline,120.000000,160.000000,0.001944,100.000000,0.031242,18,18,9720,18,18,0.000000,31.634568,1000,307488,6,1.000000,1.000000,0,1764,0,6732,0
2781,attack_only,220.000000,260.000000,0.001944,100.000000,0.012447,18,18,9720,18,18,0.000000,33.539506,1000,326004,6,1.000000,1.000000,0,1815,0,11087,0
2781,defense_only,320.000000,360.000000,0.001944,100.000000,0.026594,18,18,9720,18,18,0.000000,105.369136,1000,1024188,6,1.000000,1.000000,0,2457,0,17036,0
2781,defense_vs_attack,420.000000,460.000000,0.001188,61.111111,0.027037,18,11,5940,11,18,38.888889,168.303030,1000,999720,6,0.000000,0.795918,1,2405,0,23008,0
2785,baseline,120.000000,160.000000,0.001944,100.000000,0.015763,18,18,9720,18,18,0.000000,28.988066,1000,281764,3,1.000000,1.000000,0,1661,0,6326,0
2785,attack_only,220.000000,260.000000,0.001944,100.000000,0.005788,18,18,9720,18,18,0.000000,28.349383,1000,275556,3,1.000000,1.000000,0,1607,0,10312,0
2785,defense_only,320.000000,360.000000,0.001944,100.000000,0.013422,18,18,9720,18,18,0.000000,89.154733,1000,866584,3,1.000000,1.000000,0,2425,0,16165,0
2785,defense_vs_attack,420.000000,460.000000,0.001944,100.000000,0.007211,18,18,9720,18,18,0.000000,92.479835,1000,898904,3,0.000000,0.877551,2,2421,0,22113,0
2795,baseline,120.000000,160.000000,0.001944,100.000000,0.020386,18,18,9720,18,18,0.000000,26.553909,1000,258104,4,1.000000,1.000000,0,1673,0,6407,0
2795,attack_only,220.000000,260.000000,0.001944,100.000000,0.007793,18,18,9720,18,18,0.000000,25.734156,1000,250136,4,1.000000,1.000000,0,1658,0,10449,0
2795,defense_only,320.000000,360.000000,0.001944,100.000000,0.019903,18,18,9720,18,18,0.000000,82.666667,1000,803520,4,1.000000,1.000000,0,2443,0,16382,0
2795,defense_vs_attack,420.000000,460.000000,0.001944,100.000000,0.015944,18,18,9720,18,18,0.000000,80.129218,1000,778856,4,0.000000,0.836735,1,2509,0,22475,0
2793,baseline,120.000000,160.000000,0.001944,100.000000,0.026161,18,18,9720,18,18,0.000000,28.258025,1000,274668,5,1.000000,1.000000,0,1819,0,6928,0
2793,attack_only,220.000000,260.000000,0.001944,100.000000,0.010199,18,18,9720,18,18,0.000000,29.020165,1000,282076,5,1.000000,1.000000,0,1846,0,11426,0
2793,defense_only,320.000000,360.000000,0.001944,100.000000,0.021741,18,18,9720,18,18,0.000000,82.320988,1000,800160,5,1.000000,1.000000,0,2576,0,17660,0
2793,defense_vs_attack,420.000000,460.000000,0.001944,100.000000,0.012310,18,18,9720,18,18,0.000000,84.232922,1000,818744,5,0.000000,0.938776,1,2650,0,24144,0
2796,baseline,120.000000,160.000000,0.001944,100.000000,0.021138,18,18,9720,18,18,0.000000,32.680247,1000,317652,4,1.000000,1.000000,0,1764,0,6762,0
2796,attack_only,220.000000,260.000000,0.001944,100.000000,0.008222,18,18,9720,18,18,0.000000,33.529218,1000,325904,4,1.000000,1.000000,0,1802,0,11134,0
2796,defense_only,320.000000,360.000000,0.001944,100.000000,0.020574,18,18,9720,18,18,0.000000,91.363786,1000,888056,4,1.000000,1.000000,0,2368,0,16905,0
2796,defense_vs_attack,420.000000,460.000000,0.001944,100.000000,0.009138,18,18,9720,18,18,0.000000,92.966667,1000,903636,4,0.000000,0.816327,1,2461,0,22796,0
2801,baseline,120.000000,160.000000,0.001944,100.000000,0.026528,18,18,9720,18,18,0.000000,23.996708,1000,233248,5,1.000000,1.000000,0,1585,0,5914,0
2801,attack_only,220.000000,260.000000,0.000000,0.000000,0.000000,18,0,0,0,18,100.000000,0.000000,1000,234692,5,1.000000,1.000000,0,1543,0,9704,0
2801,defense_only,320.000000,360.000000,0.001944,100.000000,0.025732,18,18,9720,18,18,0.000000,100.278189,1000,974704,5,1.000000,1.000000,0,2375,0,15415,0
2801,defense_vs_attack,420.000000,460.000000,0.001404,72.222222,0.028621,18,13,7020,13,18,27.777778,132.938462,1000,933228,5,0.000000,0.775510,3,2520,0,21488,0
2797,baseline,120.000000,160.000000,0.001944,100.000000,0.036122,18,18,9720,18,18,0.000000,31.683128,1000,307960,7,1.000000,1.000000,0,1839,0,6905,0
2797,attack_only,220.000000,260.000000,0.000000,0.000000,0.000000,18,0,0,0,18,100.000000,0.000000,1000,309172,8,1.000000,1.000000,0,1812,0,11310,0
2797,defense_only,320.000000,360.000000,0.001944,100.000000,0.025701,18,18,9720,18,18,0.000000,103.659259,1000,1007568,7,1.000000,1.000000,0,2517,0,17424,0
2797,defense_vs_attack,420.000000,460.000000,0.001944,100.000000,0.029357,18,18,9720,18,18,0.000000,103.150206,1000,1002620,7,0.000000,0.897959,1,2465,0,23593,0
2799,baseline,120.000000,160.000000,0.001944,100.000000,0.022326,18,18,9720,18,18,0.000000,27.871193,1000,270908,4,1.000000,1.000000,0,1715,0,6455,0
2799,attack_only,220.000000,260.000000,0.001944,100.000000,0.008181,18,18,9720,18,18,0.000000,28.960905,1000,281500,4,1.000000,1.000000,0,1805,0,10785,0
2799,defense_only,320.000000,360.000000,0.001944,100.000000,0.017598,18,18,9720,18,18,0.000000,95.790535,1000,931084,4,1.000000,1.000000,0,2473,0,16753,0
2799,defense_vs_attack,420.000000,460.000000,0.001512,77.777778,0.010841,18,14,7560,14,18,22.222222,121.658201,1000,919736,4,0.000000,0.816327,1,2476,0,22757,0
2810,baseline,120.000000,160.000000,0.001944,100.000000,0.015734,18,18,9720,18,18,0.000000,27.789300,1000,270112,3,1.000000,1.000000,0,1625,0,6215,0
2810,attack_only,220.000000,260.000000,0.001944,100.000000,0.005789,18,18,9720,18,18,0.000000,27.111934,1000,263528,3,1.000000,1.000000,0,1631,0,10234,0
2810,defense_only,320.000000,360.000000,0.001944,100.000000,0.013340,18,18,9720,18,18,0.000000,97.881070,1000,951404,3,1.000000,1.000000,0,2372,0,15920,0
2810,defense_vs_attack,420.000000,460.000000,0.001944,100.000000,0.007117,18,18,9720,18,18,0.000000,97.196708,1000,944752,3,0.000000,0.897959,1,2434,0,21745,0
2813,baseline,120.000000,160.000000,0.001944,100.000000,0.041360,18,18,9720,18,18,0.000000,30.058025,1000,292164,8,1.000000,1.000000,0,1931,0,7121,0
2813,attack_only,220.000000,260.000000,0.000000,0.000000,0.000000,18,0,0,0,18,100.000000,0.000000,1000,298412,8,1.000000,1.000000,0,1855,0,11676,0
2813,defense_only,320.000000,360.000000,0.001944,100.000000,0.030661,18,18,9720,18,18,0.000000,82.809053,1000,804904,8,1.000000,1.000000,0,2635,0,17983,0
2813,defense_vs_attack,420.000000,460.000000,0.001080,55.555556,0.028343,18,10,5400,10,18,44.444444,157.974074,1000,853060,8,0.000000,0.918367,1,2729,0,24360,0
2820,baseline,120.000000,160.000000,0.001944,100.000000,0.021527,18,18,9720,18,18,0.000000,27.305761,1000,265412,4,1.000000,1.000000,0,1650,0,6158,0
2820,attack_only,220.000000,260.000000,0.001944,100.000000,0.008187,18,18,9720,18,18,0.000000,28.730041,1000,279256,4,1.000000,1.000000,0,1642,0,10195,0
2820,defense_only,320.000000,360.000000,0.001944,100.000000,0.017607,18,18,9720,18,18,0.000000,76.559259,1000,744156,4,1.000000,1.000000,0,2318,0,15779,0
2820,defense_vs_attack,420.000000,460.000000,0.001944,100.000000,0.009713,18,18,9720,18,18,0.000000,78.594239,1000,763936,4,0.000000,0.897959,1,2313,0,21334,0
2818,baseline,120.000000,160.000000,0.001944,100.000000,0.020709,18,18,9720,18,18,0.000000,33.019753,1000,320952,4,1.000000,1.000000,0,1786,0,6785,0
2818,attack_only,220.000000,260.000000,0.001944,100.000000,0.007921,18,18,9720,18,18,0.000000,33.404115,1000,324688,4,1.000000,1.000000,0,1799,0,11170,0
2818,defense_only,320.000000,360.000000,0.001944,100.000000,0.017399,18,18,9720,18,18,0.000000,100.113580,1000,973104,4,1.000000,1.000000,0,2335,0,16868,0
2818,defense_vs_attack,420.000000,460.000000,0.001944,100.000000,0.010517,18,18,9720,18,18,0.000000,98.435802,1000,956796,4,0.000000,0.775510,1,2406,0,22732,0
2821,baseline,120.000000,160.000000,0.001944,100.000000,0.020463,18,18,9720,18,18,0.000000,24.611111,1000,239220,4,1.000000,1.000000,0,1587,0,6029,0
2821,attack_only,220.000000,260.000000,0.001944,100.000000,0.007793,18,18,9720,18,18,0.000000,25.932922,1000,252068,4,1.000000,1.000000,0,1623,0,9967,0
2821,defense_only,320.000000,360.000000,0.001944,100.000000,0.017286,18,18,9720,18,18,0.000000,100.967490,1000,981404,4,1.000000,1.000000,0,2441,0,15814,0
2821,defense_vs_attack,420.000000,460.000000,0.001944,100.000000,0.020460,18,18,9720,18,18,0.000000,100.569136,1000,977532,4,0.000000,0.816327,1,2505,0,21911,0
2830,baseline,120.000000,160.000000,0.001944,100.000000,0.020511,18,18,9720,18,18,0.000000,34.852675,1000,338768,4,1.000000,1.000000,0,1999,0,7407,0
2830,attack_only,220.000000,260.000000,0.001944,100.000000,0.007876,18,18,9720,18,18,0.000000,35.895473,1000,348904,4,1.000000,1.000000,0,1975,0,12147,0
2830,defense_only,320.000000,360.000000,0.001944,100.000000,0.017448,18,18,9720,18,18,0.000000,80.036214,1000,777952,4,1.000000,1.000000,0,2568,0,18322,0
2830,defense_vs_attack,420.000000,460.000000,0.001944,100.000000,0.009711,18,18,9720,18,18,0.000000,81.339918,1000,790624,4,0.000000,0.897959,1,2488,0,24540,0
2828,baseline,120.000000,160.000000,0.001944,100.000000,0.063655,18,18,9720,18,18,0.000000,29.367901,1000,285456,12,1.000000,1.000000,0,1971,0,6992,0
2828,attack_only,220.000000,260.000000,0.000000,0.000000,0.000000,18,0,0,0,18,100.000000,0.000000,1000,286772,12,1.000000,1.000000,0,1835,0,11409,0
2828,defense_only,320.000000,360.000000,0.001944,100.000000,0.044244,18,18,9720,18,18,0.000000,102.669136,1000,997944,12,1.000000,1.000000,0,2836,0,17936,0
2828,defense_vs_attack,420.000000,460.000000,0.001404,72.222222,0.054688,18,13,7020,13,18,27.777778,142.300285,1000,998948,12,0.000000,0.938776,1,2754,0,24584,0
2840,baseline,120.000000,160.000000,0.001944,100.000000,0.014997,18,18,9720,18,18,0.000000,38.687243,1000,376040,3,1.000000,1.000000,0,1897,0,7195,0
2840,attack_only,220.000000,260.000000,0.001944,100.000000,0.011776,18,18,9720,18,18,0.000000,37.306173,1000,362616,3,1.000000,1.000000,0,1909,0,11828,0
2840,defense_only,320.000000,360.000000,0.001944,100.000000,0.008444,18,18,9720,18,18,0.000000,94.155556,1000,915192,3,1.000000,1.000000,0,2225,0,17339,0
2840,defense_vs_attack,420.000000,460.000000,0.001404,72.222222,0.009825,18,13,7020,13,18,27.777778,138.607977,1000,973028,3,0.000000,0.775510,1,2322,0,23147,0
2844,baseline,120.000000,160.000000,0.001944,100.000000,0.031236,18,18,9720,18,18,0.000000,30.554321,1000,296988,6,1.000000,1.000000,0,1835,0,6766,0
2844,attack_only,220.000000,260.000000,0.001944,100.000000,0.012332,18,18,9720,18,18,0.000000,31.216049,1000,303420,6,1.000000,1.000000,0,1849,0,11160,0
2844,defense_only,320.000000,360.000000,0.001944,100.000000,0.029810,18,18,9720,18,18,0.000000,92.869136,1000,902688,6,1.000000,1.000000,0,2667,0,17469,0
2844,defense_vs_attack,420.000000,460.000000,0.001404,72.222222,0.027309,18,13,7020,13,18,27.777778,119.925926,1000,841880,6,0.000000,0.877551,3,2960,0,24211,0
2838,baseline,120.000000,160.000000,0.001944,100.000000,0.026367,18,18,9720,18,18,0.000000,32.369136,1000,314628,5,1.000000,1.000000,0,1779,0,6644,0
2838,attack_only,220.000000,260.000000,0.001944,100.000000,0.009797,18,18,9720,18,18,0.000000,33.009053,1000,320848,5,1.000000,1.000000,0,1804,0,10965,0
2838,defense_only,320.000000,360.000000,0.001944,100.000000,0.022000,18,18,9720,18,18,0.000000,92.557202,1000,899656,5,1.000000,1.000000,0,2300,0,16514,0
2838,defense_vs_attack,420.000000,460.000000,0.001944,100.000000,0.012711,18,18,9720,18,18,0.000000,95.917695,1000,932320,5,0.000000,0.775510,1,2322,0,22237,0
2854,baseline,120.000000,160.000000,0.001944,100.000000,0.015951,18,18,9720,18,18,0.000000,28.292181,1000,275000,3,1.000000,1.000000,0,1702,0,6427,0
2854,attack_only,220.000000,260.000000,0.000000,0.000000,0.000000,18,0,0,0,18,100.000000,0.000000,1000,279964,3,1.000000,1.000000,0,1658,0,10520,0
2854,defense_only,320.000000,360.000000,0.001944,100.000000,0.008640,18,18,9720,18,18,0.000000,90.432510,1000,879004,3,1.000000,1.000000,0,2466,0,16451,0
2854,defense_vs_attack,420.000000,460.000000,0.001080,55.555556,0.025021,18,10,5400,10,18,44.444444,163.438519,1000,882568,4,0.000000,0.857143,1,2543,0,22595,0
2853,baseline,120.000000,160.000000,0.001944,100.000000,0.020721,18,18,9720,18,18,0.000000,23.644444,1000,229824,4,1.000000,1.000000,0,1542,0,5908,0
2853,attack_only,220.000000,260.000000,0.001944,100.000000,0.007794,18,18,9720,18,18,0.000000,24.196708,1000,235192,4,1.000000,1.000000,0,1583,0,9764,0
2853,defense_only,320.000000,360.000000,0.001944,100.000000,0.018249,18,18,9720,18,18,0.000000,96.811523,1000,941008,4,1.000000,1.000000,0,2483,0,15780,0
2853,defense_vs_attack,420.000000,460.000000,0.001944,100.000000,0.010192,18,18,9720,18,18,0.000000,95.548148,1000,928728,4,0.000000,0.816327,1,2484,0,21843,0
2856,baseline,120.000000,160.000000,0.001944,100.000000,0.021122,18,18,9720,18,18,0.000000,30.794239,1000,299320,4,1.000000,1.000000,0,1740,0,6600,0
2856,attack_only,220.000000,260.000000,0.000000,0.000000,0.000000,18,0,0,0,18,100.000000,0.000000,1000,288804,5,1.000000,1.000000,0,1710,0,10843,0
2856,defense_only,320.000000,360.000000,0.001944,100.000000,0.012512,18,18,9720,18,18,0.000000,79.856379,1000,776204,4,1.000000,1.000000,0,2409,0,16694,0
2856,defense_vs_attack,420.000000,460.000000,0.001188,61.111111,0.015217,18,11,5940,11,18,38.888889,131.385859,1000,780432,4,0.000000,0.795918,1,2428,0,22665,0
2857,baseline,120.000000,160.000000,0.001944,100.000000,0.030959,18,18,9720,18,18,0.000000,30.120165,1000,292768,6,1.000000,1.000000,0,1896,0,7080,0
2857,attack_only,220.000000,260.000000,0.001944,100.000000,0.011801,18,18,9720,18,18,0.000000,30.932922,1000,300668,6,1.000000,1.000000,0,1894,0,11671,0
2857,defense_only,320.000000,360.000000,0.001944,100.000000,0.028381,18,18,9720,18,18,0.000000,92.072840,1000,894948,6,1.000000,1.000000,0,2702,0,18115,0
2857,defense_vs_attack,420.000000,460.000000,0.001944,100.000000,0.014686,18,18,9720,18,18,0.000000,90.233333,1000,877068,6,0.000000,0.795918,1,2596,0,24518,0
