run_id,scenario,window_start,window_end,window_duration_s,TcPacketRate,MidPacketRate,HnaPacketRate,TcBytesPerSecond,MidBytesPerSecond,HnaBytesPerSecond,DataPacketRate,DataBytesPerSecond,PerNodeTcRateStd,PerNodeTcBytesStd,PerNodeTcBytesGini,TcMessageSizeMean,TcMessageSizeStd,TcMessageSizeP95,TcMessageSizeMax,AdvertisedLinksPerTcMean,AdvertisedLinksPerTcStd,AdvertisedLinksPerTcP95,AdvertisedLinksPerTcMax,TcAnsnIncrementMean,TcAnsnSkipCount,NumDistinctTcSenderNodesPerWindow,TcMessageContentEntropy,TcVtimeMean,TcVtimeStd,NumDistinctAddressesInTcAdvertisements,NumDistinctTcSenderAddresses,NumPhantomAddresses,NumAsymmetricAdvertisements,NumEphemeralAddresses,MprSelectorCountPerTcMean,MprSelectorCountPerTcStd,NumberOfMprChurnEvents,NumDistinctMprSetsObserved,ObservedHopCountMean,ObservedHopCountStd,ObservedHopCountMax,NumPathChangesPerFlow,NumDistinctNextHopsPerSource,RtsRateLocal,CtsRateLocal,AckRateLocal,Layer2RetransmissionRate,ChannelBusyTimeFraction,AckDelayMean,AckDelayStd,InterFrameSpacingMean,PacketsDeliveredCount,PacketsSentCount,EndToEndLatencyMean,EndToEndLatencyStd,JitterMean,ThroughputBitsPerSecond,TcInterArrivalMean,TcInterArrivalStd,TcInterArrivalP95,TcBurstinessHurst,ControlMessageInterArrivalSkew,ControlMessageInterArrivalKurtosis,TcSenderAddressEntropy,TcAdvertisedAddressEntropy,PacketSizeDistributionSkew,PacketSizeDistributionKurtosis,TcPayloadByteDistributionEntropy,AdvertisedAverageDegree,AdvertisedDegreeStd,AdvertisedDegreeSkew,AdvertisedDegreeKurtosis,NumberOfDegreeOneNodes,AdvertisedClusteringCoefficient,NumberOfTrianglesInAdvertisedGraph,AdvertisedConnectivityComponents,AdvertisedDiameter,AdvertisedRadius,AdvertisedGraphDensity,BetweennessCentralityMean,BetweennessCentralityStd,BetweennessCentralityMax,ClosenessCentralityMean,ClosenessCentralityStd,EdgePersistenceMean,EdgeEmergenceWithinWindowRate,EdgeChurnWithinWindowRate,NumberOfHexagonalCycles,NumberOfShortCycles,AdvertisedSpectralRadius
9,baseline,120.000000,160.000000,40.000000,98.325000,0.000000,0.000000,3379.500000,0.000000,0.000000,0.450000,243.000000,0.144174,35.388337,0.150162,34.370709,9.073975,48.000000,52.000000,4.592677,2.268494,8.000000,9.000000,0.000512,1,25,4.642882,15.000000,0.000000,50,25,24,63,0,4.592677,2.268494,0,25,6.000000,0.000000,6.000000,0.000000,1.000000,2.850000,2.850000,2.850000,0.000000,0.012190,0.000714,0.000000,0.036811,18,18,0.027024,0.011264,0.003015,1944.000000,0.233764,0.734507,0.337104,0.249266,23.341586,552.991492,4.642882,5.548548,13.273365,186.740402,5.548548,3.560000,2.192350,1.046722,0.015891,5,0.407984,30,1,9,5,0.072653,80.620000,117.130985,462.500216,0.239103,0.038646,36.566073,0.000000,0.000000,144,182,5.044430
9,attack_only,220.000000,260.000000,40.000000,96.475000,0.000000,0.000000,3364.300000,0.000000,0.000000,0.450000,243.000000,0.206746,37.733047,0.159063,34.872247,10.154393,52.000000,56.000000,4.718062,2.538598,9.000000,10.000000,0.365154,7,25,4.641731,15.000000,0.000000,50,25,24,69,0,4.718062,2.538598,0,25,0.000000,0.000000,0.000000,0.000000,0.000000,1.850000,1.800000,1.800000,0.000000,0.003020,0.000621,0.000000,0.042520,0,18,0.000000,0.000000,0.000000,0.000000,0.238522,0.739886,0.394570,0.277288,23.032697,555.422886,4.641731,5.529455,12.852001,177.600264,5.529455,3.760000,2.412965,1.016848,-0.102714,5,0.426619,38,1,8,4,0.076735,69.500000,117.576439,632.591040,0.269345,0.050044,36.772607,0.000000,0.000000,231,266,5.433792
9,defense_only,320.000000,360.000000,40.000000,100.325000,0.000000,0.000000,3442.800000,0.000000,0.000000,0.450000,243.000000,0.691985,42.499635,0.178231,34.316471,9.160774,48.000000,52.000000,4.579118,2.290194,8.000000,9.000000,0.002007,2,26,4.707308,15.000000,0.000000,50,26,23,60,0,4.579118,2.290194,5,29,6.000000,0.000000,6.000000,0.000000,1.000000,2.750000,2.700000,2.700000,0.000000,0.008769,0.000621,0.000000,0.037272,18,18,0.020349,0.007025,0.002025,1944.000000,0.228839,0.744141,0.355198,0.275844,23.680202,574.064600,4.665504,5.555839,13.356398,189.608347,5.555839,3.600000,2.218107,1.005032,-0.109855,5,0.417222,32,1,9,5,0.073469,80.600000,117.329609,462.200216,0.239171,0.038735,36.013598,0.000000,0.025000,159,199,5.048191
9,defense_vs_attack,420.000000,460.000000,40.000000,98.525000,0.000000,0.000000,3465.700000,0.000000,0.000000,0.450000,243.000000,0.185456,36.247334,0.150021,35.175844,9.886377,52.000000,56.000000,4.793961,2.471594,9.000000,10.000000,0.360572,9,25,4.852569,15.000000,0.000000,50,25,24,72,0,4.793961,2.471594,9,34,0.000000,0.000000,0.000000,0.000000,0.000000,10.650000,10.475000,10.300000,0.006903,0.030767,0.000701,0.000141,0.016807,0,18,0.000000,0.000000,0.000000,0.000000,0.234211,0.734304,0.432609,0.273619,23.172236,567.726652,4.642250,5.523807,13.035147,182.370071,5.523807,4.000000,2.553429,0.886574,-0.243969,5,0.454027,55,1,8,4,0.081633,68.880000,118.110458,639.819544,0.271559,0.051585,34.769353,0.150000,0.025000,550,497,6.077294
8,baseline,120.000000,160.000000,40.000000,115.400000,0.000000,0.000000,3748.600000,0.000000,0.000000,0.450000,243.000000,0.134109,33.241854,0.133527,32.483536,8.148225,48.000000,52.000000,4.120884,2.037056,8.000000,9.000000,0.000436,1,27,4.754185,15.000000,0.000000,50,27,23,56,0,4.120884,2.037056,0,27,5.000000,0.000000,5.000000,0.000000,1.000000,2.450000,2.400000,2.375000,0.001316,0.010255,0.000714,0.000000,0.036080,18,18,0.022816,0.011889,0.003651,1944.000000,0.215259,0.668217,0.349826,0.255907,25.789808,696.546715,4.754185,5.592183,14.480296,221.654751,5.592183,3.360000,1.852134,1.052719,0.498089,3,0.225095,17,1,9,7,0.068571,86.300000,88.528782,316.800195,0.223006,0.020485,36.594375,0.000000,0.000000,32,88,4.247691
8,attack_only,220.000000,260.000000,40.000000,111.050000,0.000000,0.000000,3712.100000,0.000000,0.000000,0.450000,243.000000,0.133498,37.824703,0.147359,33.427285,9.218629,52.000000,56.000000,4.356821,2.304657,9.000000,10.000000,0.317029,7,26,4.699741,15.000000,0.000000,50,26,24,58,0,4.356821,2.304657,0,26,5.000000,0.000000,5.000000,0.000000,1.000000,2.275000,2.250000,2.250000,0.000000,0.003728,0.000621,0.000000,0.036917,18,18,0.008857,0.002194,0.000694,1944.000000,0.215012,0.650878,0.337230,0.255316,24.722227,624.995968,4.699741,5.555218,13.899560,206.933308,5.555218,3.440000,2.201454,1.199495,0.867966,6,0.235333,22,1,9,7,0.070204,80.520000,90.902610,305.898764,0.236145,0.025953,36.546446,0.000000,0.000000,83,128,4.928425
8,defense_only,320.000000,360.000000,40.000000,115.875000,0.000000,0.000000,3763.700000,0.000000,0.000000,0.450000,243.000000,0.141585,33.430198,0.133698,32.480690,8.156414,48.000000,52.000000,4.120173,2.039103,8.000000,9.000000,0.000000,0,27,4.754109,15.000000,0.000000,50,27,23,56,0,4.120173,2.039103,0,27,5.000000,0.000000,5.000000,0.000000,1.000000,2.250000,2.250000,2.250000,0.000000,0.009020,0.000621,0.000000,0.035859,18,18,0.018484,0.007051,0.002204,1944.000000,0.213909,0.653919,0.347044,0.249637,25.348219,669.582877,4.754109,5.592962,14.502081,222.411716,5.592962,3.360000,1.852134,1.052719,0.498089,3,0.225095,17,1,9,7,0.068571,86.300000,88.528782,316.800195,0.223006,0.020485,36.574086,0.000000,0.000000,32,88,4.247691
8,defense_vs_attack,420.000000,460.000000,40.000000,111.275000,0.000000,0.000000,3722.100000,0.000000,0.000000,0.450000,243.000000,0.131562,38.338494,0.148519,33.449562,9.229000,52.000000,56.000000,4.362390,2.307250,9.000000,10.000000,0.316384,7,26,4.699763,15.000000,0.000000,50,26,24,58,0,4.362390,2.307250,0,26,5.000000,0.000000,5.000000,0.000000,1.000000,2.275000,2.275000,2.250000,0.001276,0.004926,0.000621,0.000000,0.036877,18,18,0.010459,0.003011,0.000454,1944.000000,0.216117,0.656515,0.367443,0.268108,25.464078,682.213319,4.699763,5.555370,13.906935,207.221367,5.555370,3.440000,2.201454,1.199495,0.867966,6,0.235333,22,1,9,7,0.070204,80.520000,90.902610,305.898764,0.236145,0.025953,36.877786,0.000000,0.000000,83,128,4.928425
2,baseline,120.000000,160.000000,40.000000,136.600000,0.000000,0.000000,4546.900000,0.000000,0.000000,0.450000,243.000000,0.260033,30.527368,0.120955,33.286237,7.303105,48.000000,48.000000,4.321559,1.825776,8.000000,8.000000,0.000000,0,32,4.997319,15.000000,0.000000,50,32,18,65,0,4.321559,1.825776,0,32,5.000000,0.000000,5.000000,0.000000,1.000000,2.375000,2.375000,2.375000,0.000000,0.010158,0.000715,0.000000,0.035438,18,18,0.022853,0.012238,0.003333,1944.000000,0.212708,0.785028,0.300953,0.220290,27.556693,769.863104,4.997319,5.532812,15.836428,264.632116,5.532812,4.080000,1.988366,0.271030,-0.972846,5,0.252714,34,1,8,4,0.083265,61.120000,66.139661,254.900085,0.295221,0.051289,36.153744,0.000000,0.000000,379,282,5.473046
2,attack_only,220.000000,260.000000,40.000000,135.025000,0.000000,0.000000,4537.200000,0.000000,0.000000,0.450000,243.000000,0.218994,36.509414,0.132959,33.602666,9.146014,48.000000,68.000000,4.400667,2.286503,8.000000,13.000000,0.260756,7,32,4.998097,15.000000,0.000000,50,32,18,70,0,4.400667,2.286503,0,32,5.000000,0.000000,5.000000,0.000000,1.000000,2.250000,2.250000,2.250000,0.000000,0.003711,0.000622,0.000000,0.037527,18,18,0.008838,0.002188,0.000652,1944.000000,0.215267,0.761474,0.317470,0.213635,27.361821,758.289406,4.998097,5.535939,15.028812,245.011295,5.535939,4.240000,2.267686,1.080805,2.425747,5,0.270055,41,1,8,4,0.086531,58.180000,72.032904,381.598755,0.306776,0.056014,36.175531,0.000000,0.000000,508,347,5.908667
2,defense_only,320.000000,360.000000,40.000000,138.775000,0.000000,0.000000,4622.900000,0.000000,0.000000,0.450000,243.000000,0.267364,31.343446,0.123224,33.312196,7.306181,48.000000,48.000000,4.328049,1.826545,8.000000,8.000000,0.000362,1,32,4.997262,15.000000,0.000000,50,32,18,65,0,4.328049,1.826545,0,32,5.000000,0.000000,5.000000,0.000000,1.000000,2.350000,2.250000,2.250000,0.000000,0.009181,0.000622,0.000000,0.036396,18,18,0.018621,0.007598,0.002494,1944.000000,0.209028,0.765198,0.277523,0.211172,27.862567,786.595740,4.997262,5.530308,15.938965,268.363782,5.530308,4.080000,1.988366,0.271030,-0.972846,5,0.252714,34,1,8,4,0.083265,61.120000,66.139661,254.900085,0.295221,0.051289,36.088361,0.000000,0.000000,379,282,5.473046
2,defense_vs_attack,420.000000,460.000000,40.000000,134.250000,0.000000,0.000000,4502.900000,0.000000,0.000000,0.450000,243.000000,0.253910,35.527693,0.129387,33.541155,9.133129,48.000000,68.000000,4.385289,2.283282,8.000000,13.000000,0.262271,7,32,4.997371,15.000000,0.000000,50,32,18,70,0,4.385289,2.283282,0,32,5.000000,0.000000,5.000000,0.000000,1.000000,2.275000,2.275000,2.250000,0.001383,0.004738,0.000621,0.000000,0.037987,18,18,0.010642,0.002925,0.000713,1944.000000,0.215550,0.774227,0.297425,0.214222,27.394834,757.291256,4.997371,5.538501,15.003134,243.969760,5.538501,4.240000,2.267686,1.080805,2.425747,5,0.270055,41,1,8,4,0.086531,58.180000,72.032904,381.598755,0.306776,0.056014,35.986302,0.000000,0.000000,508,347,5.908667
12,baseline,120.000000,160.000000,40.000000,155.575000,0.000000,0.000000,4841.300000,0.000000,0.000000,0.450000,243.000000,0.205216,42.367707,0.163911,31.118753,9.348496,52.000000,52.000000,3.779688,2.337124,9.000000,9.000000,0.000485,1,34,5.029488,15.000000,0.000000,50,34,16,59,0,3.779688,2.337124,0,34,3.000000,0.000000,3.000000,0.000000,1.000000,1.425000,1.425000,1.425000,0.000000,0.006095,0.000715,0.000000,0.038591,18,18,0.011274,0.005026,0.001296,1944.000000,0.199461,0.689186,0.321553,0.254797,29.264542,875.867536,5.086005,5.533939,15.715552,273.310041,5.533939,3.760000,2.112439,1.016995,0.588495,5,0.251492,29,1,10,5,0.076735,76.300000,102.263150,453.242419,0.251637,0.046630,36.414201,0.000000,0.000000,292,239,5.436158
12,attack_only,220.000000,260.000000,40.000000,142.875000,0.000000,0.000000,4452.800000,0.000000,0.000000,0.450000,243.000000,0.243471,45.871854,0.188414,31.165704,10.791057,52.000000,60.000000,3.791426,2.697764,9.000000,11.000000,0.247844,11,34,5.024143,15.000000,0.000000,50,34,16,63,0,3.791426,2.697764,0,34,3.000000,0.000000,3.000000,0.000000,1.000000,1.350000,1.350000,1.350000,0.000000,0.002227,0.000622,0.000000,0.038778,18,18,0.004736,0.001116,0.000227,1944.000000,0.219065,0.689734,0.379746,0.256087,27.332945,790.138179,5.085030,5.533230,14.555494,239.198466,5.533230,3.840000,2.361017,1.267342,1.141677,5,0.307416,33,1,9,5,0.078367,64.620000,109.682954,638.016667,0.285288,0.053983,36.627936,0.000000,0.000000,333,255,5.612845
12,defense_only,320.000000,360.000000,40.000000,153.625000,0.000000,0.000000,4781.300000,0.000000,0.000000,0.450000,243.000000,0.185634,41.718682,0.163247,31.123190,9.336628,52.000000,52.000000,3.780797,2.334157,9.000000,9.000000,0.000000,0,34,5.029372,15.000000,0.000000,50,34,16,59,0,3.780797,2.334157,0,34,3.000000,0.000000,3.000000,0.000000,1.000000,1.375000,1.350000,1.350000,0.000000,0.005439,0.000622,0.000000,0.040207,18,18,0.009864,0.003490,0.001354,1944.000000,0.202691,0.681766,0.387826,0.268695,28.877144,860.074697,5.086243,5.533339,15.652500,270.694802,5.533339,3.760000,2.112439,1.016995,0.588495,5,0.251492,29,1,10,5,0.076735,76.300000,102.263150,453.242419,0.251637,0.046630,36.416644,0.000000,0.000000,292,239,5.436158
12,defense_vs_attack,420.000000,460.000000,40.000000,141.150000,0.000000,0.000000,4412.300000,0.000000,0.000000,0.450000,243.000000,0.268776,46.712111,0.193527,31.259653,10.806065,52.000000,60.000000,3.814913,2.701516,9.000000,11.000000,0.249465,7,34,5.027755,15.000000,0.000000,50,34,16,63,0,3.814913,2.701516,0,34,3.000000,0.000000,3.000000,0.000000,1.000000,1.350000,1.350000,1.350000,0.000000,0.002806,0.000622,0.000000,0.039874,18,18,0.005594,0.001505,0.000227,1944.000000,0.224449,0.691950,0.441593,0.294943,26.413634,758.925304,5.084431,5.537398,14.490749,236.800608,5.537398,3.840000,2.361017,1.267342,1.141677,5,0.307416,33,1,9,5,0.078367,64.620000,109.682954,638.016667,0.285288,0.053983,36.931011,0.000000,0.000000,333,255,5.612845
7,baseline,120.000000,160.000000,40.000000,96.525000,0.000000,0.000000,3377.200000,0.000000,0.000000,0.450000,243.000000,0.271104,42.699855,0.192657,34.987827,11.533859,52.000000,60.000000,4.746957,2.883465,9.000000,11.000000,0.000000,0,28,4.802852,15.000000,0.000000,50,28,21,72,0,4.746957,2.883465,0,28,6.000000,0.000000,6.000000,0.000000,1.000000,2.900000,2.850000,2.850000,0.000000,0.012247,0.000714,0.000000,0.038327,18,18,0.027527,0.013739,0.003832,1944.000000,0.263610,0.835893,3.033433,0.228391,23.293546,551.857943,4.802852,5.487232,12.423096,169.553751,5.487232,4.080000,2.636968,0.953873,0.343276,9,0.244603,38,1,8,4,0.083265,62.100000,84.595584,362.891763,0.294084,0.055481,36.058526,0.000000,0.000000,501,354,5.799853
7,attack_only,220.000000,260.000000,40.000000,93.775000,0.000000,0.000000,3314.700000,0.000000,0.000000,0.450000,243.000000,0.253677,48.440398,0.218157,35.347374,13.440136,60.000000,68.000000,4.836844,3.360034,11.000000,13.000000,0.376041,7,28,4.803275,15.000000,0.000000,50,28,21,76,0,4.836844,3.360034,0,28,0.000000,0.000000,0.000000,0.000000,0.000000,0.950000,0.950000,0.950000,0.000000,0.004063,0.000715,0.000000,0.056701,0,18,0.000000,0.000000,0.000000,0.000000,0.270996,0.857439,3.240724,0.221627,22.907875,533.156981,4.803275,5.502842,11.683870,154.259175,5.502842,4.200000,2.891366,1.225228,0.924750,8,0.306657,45,1,8,4,0.085714,55.600000,93.582113,482.550794,0.317117,0.058067,36.091943,0.000000,0.000000,629,414,6.127798
7,defense_only,320.000000,360.000000,40.000000,94.900000,0.000000,0.000000,3323.500000,0.000000,0.000000,0.450000,243.000000,0.256037,42.260810,0.194966,35.021075,11.541220,52.000000,60.000000,4.755269,2.885305,9.000000,11.000000,0.000531,1,28,4.803229,15.000000,0.000000,50,28,21,72,0,4.755269,2.885305,0,28,6.000000,0.000000,6.000000,0.000000,1.000000,2.775000,2.700000,2.700000,0.000000,0.004530,0.000621,0.000000,0.037404,18,18,0.010918,0.002998,0.000929,1944.000000,0.270000,0.841723,2.886015,0.217483,22.504763,522.418142,4.803229,5.490058,12.345326,167.163345,5.490058,4.080000,2.636968,0.953873,0.343276,9,0.244603,38,1,8,4,0.083265,62.100000,84.595584,362.891763,0.294084,0.055481,36.426287,0.000000,0.000000,501,354,5.799853
7,defense_vs_attack,420.000000,460.000000,40.000000,97.125000,0.000000,0.000000,3413.200000,0.000000,0.000000,0.450000,243.000000,0.356678,47.124827,0.217810,35.142342,13.104611,60.000000,68.000000,4.785586,3.276153,11.000000,13.000000,0.367220,10,29,5.090991,15.000000,0.000000,50,29,20,77,0,4.785586,3.276153,11,40,6.000000,0.000000,6.000000,0.000000,1.000000,1.600000,1.600000,1.600000,0.000000,0.005216,0.000637,0.000035,0.046458,5,18,0.025806,0.003632,0.004362,540.000000,0.268628,0.863296,3.191798,0.264437,23.415533,566.861386,4.849421,5.501906,11.929350,160.589973,5.501906,4.440000,3.001066,1.140501,0.933740,8,0.314592,55,1,8,4,0.090612,55.260000,91.156654,440.143768,0.318897,0.059469,34.610238,0.150000,0.025000,1125,626,6.580135
18,baseline,120.000000,160.000000,40.000000,121.600000,0.000000,0.000000,4297.900000,0.000000,0.000000,0.450000,243.000000,0.299217,42.150986,0.162916,35.344572,11.406140,52.000000,68.000000,4.836143,2.851535,9.000000,13.000000,0.001655,4,30,4.902915,15.000000,0.000000,50,30,19,82,0,4.836143,2.851535,0,30,4.000000,0.000000,4.000000,0.000000,1.000000,1.925000,1.925000,1.900000,0.000000,0.008180,0.000714,0.000000,0.040944,18,18,0.016506,0.007008,0.002026,1944.000000,0.223226,0.800451,0.304274,0.226502,25.929707,679.457291,4.902915,5.510758,13.490607,204.731491,5.510758,4.600000,2.734959,0.809483,0.509709,8,0.246792,51,1,8,4,0.093878,59.040000,68.299870,245.684180,0.303814,0.055411,35.972052,0.000000,0.000000,1531,742,6.744394
18,attack_only,220.000000,260.000000,40.000000,120.175000,0.000000,0.000000,4267.500000,0.000000,0.000000,0.450000,243.000000,0.239416,57.059792,0.204002,35.510714,14.741213,68.000000,88.000000,4.877678,3.685303,13.000000,18.000000,0.293490,8,30,4.904289,15.000000,0.000000,50,30,19,86,0,4.877678,3.685303,0,30,4.000000,0.000000,4.000000,0.000000,1.000000,1.850000,1.800000,1.800000,0.000000,0.003016,0.000621,0.000000,0.043206,18,18,0.006946,0.002007,0.000670,1944.000000,0.227425,0.778659,0.373163,0.204058,25.631047,671.883228,4.904289,5.500631,12.057644,173.379786,5.500631,4.680000,3.258466,1.725742,4.206108,8,0.302995,66,1,7,4,0.095510,51.680000,91.965316,546.578750,0.333168,0.061559,36.230518,0.000000,0.000000,2367,1074,7.428477
18,defense_only,320.000000,360.000000,40.000000,120.700000,0.000000,0.000000,4268.200000,0.000000,0.000000,0.450000,243.000000,0.292542,41.378440,0.163188,35.362055,11.302454,52.000000,68.000000,4.840514,2.825614,9.000000,13.000000,0.000000,0,30,4.921320,15.000000,0.000000,50,30,19,82,0,4.840514,2.825614,1,31,4.000000,0.000000,4.000000,0.000000,1.000000,1.875000,1.875000,1.850000,0.001376,0.008012,0.000632,0.000029,0.039834,18,18,0.015660,0.006272,0.002775,1944.000000,0.224573,0.802204,0.308777,0.222889,25.903121,678.972601,4.903079,5.512977,13.501266,204.460707,5.512977,4.600000,2.734959,0.809483,0.509709,8,0.246792,51,1,8,4,0.093878,59.040000,68.299870,245.684180,0.303814,0.055411,35.915368,0.000000,0.000000,1531,742,6.744394
18,defense_vs_attack,420.000000,460.000000,40.000000,116.825000,0.000000,0.000000,4145.500000,0.000000,0.000000,0.450000,243.000000,0.202143,53.135162,0.189112,35.484699,14.350979,68.000000,88.000000,4.871175,3.587745,13.000000,18.000000,0.304760,11,30,5.025750,15.000000,0.000000,50,30,19,93,0,4.871175,3.587745,5,35,4.000000,0.000000,4.000000,0.000000,1.000000,1.875000,1.800000,1.800000,0.000000,0.004274,0.000621,0.000000,0.040913,18,18,0.008830,0.002277,0.000439,1944.000000,0.233055,0.800631,0.328871,0.217228,25.738805,673.862162,4.904944,5.494675,12.148678,173.573249,5.494675,5.000000,3.446738,1.816972,5.392851,8,0.292887,81,1,7,4,0.102041,50.280000,91.379154,552.436063,0.339881,0.063659,33.751094,0.000000,0.175000,4370,1633,7.995911
24,baseline,120.000000,160.000000,40.000000,153.725000,0.000000,0.000000,4736.500000,0.000000,0.000000,0.450000,243.000000,0.235567,34.036170,0.139217,30.811514,8.243199,48.000000,52.000000,3.702879,2.060800,8.000000,9.000000,0.000000,0,35,5.127186,15.000000,0.000000,50,35,15,59,0,3.702879,2.060800,0,35,7.000000,0.000000,7.000000,0.000000,1.000000,3.375000,3.325000,3.325000,0.000000,0.014295,0.000714,0.000000,0.029127,18,18,0.031770,0.011235,0.003407,1944.000000,0.208766,0.697986,0.355143,0.240636,28.929653,859.763750,5.127186,5.522281,16.204149,283.814061,5.522281,3.800000,1.939072,0.661646,-0.060661,5,0.246556,29,1,10,5,0.077551,76.900000,95.837639,369.750538,0.251769,0.051508,36.485922,0.000000,0.000000,311,243,5.371187
24,attack_only,220.000000,260.000000,40.000000,141.950000,0.000000,0.000000,4393.000000,0.000000,0.000000,0.450000,243.000000,0.488404,46.800715,0.190484,30.947517,10.695688,52.000000,72.000000,3.736879,2.673922,9.000000,14.000000,0.248095,7,35,5.117941,15.000000,0.000000,50,35,15,60,0,3.736879,2.673922,0,35,0.000000,0.000000,0.000000,0.000000,0.000000,1.450000,1.375000,1.350000,0.001267,0.002400,0.000621,0.000000,0.039725,0,18,0.000000,0.000000,0.000000,0.000000,0.225943,0.728987,0.418323,0.247355,28.097167,819.478929,5.117941,5.520119,14.612374,239.181438,5.520119,3.800000,2.383275,1.904114,5.138762,5,0.313020,37,1,9,5,0.077551,67.280000,113.704623,628.416667,0.278459,0.056894,36.512307,0.000000,0.000000,347,289,5.892747
24,defense_only,320.000000,360.000000,40.000000,152.025000,0.000000,0.000000,4685.100000,0.000000,0.000000,0.450000,243.000000,0.211908,33.700803,0.140222,30.817958,8.254777,48.000000,52.000000,3.704489,2.063694,8.000000,9.000000,0.000165,0,35,5.127576,15.000000,0.000000,50,35,15,59,0,3.704489,2.063694,0,35,7.000000,0.000000,7.000000,0.000000,1.000000,3.250000,3.200000,3.200000,0.000000,0.008892,0.000628,0.000023,0.029828,18,18,0.022116,0.006058,0.002616,1944.000000,0.209477,0.702034,0.344904,0.256914,28.274939,849.396654,5.127576,5.519661,16.129686,281.017376,5.519661,3.800000,1.939072,0.661646,-0.060661,5,0.246556,29,1,10,5,0.077551,76.900000,95.837639,369.750538,0.251769,0.051508,36.180093,0.000000,0.000000,311,243,5.371187
24,defense_vs_attack,420.000000,460.000000,40.000000,153.750000,0.000000,0.000000,4751.700000,0.000000,0.000000,0.450000,243.000000,0.525512,43.537183,0.171538,30.905366,10.082513,52.000000,72.000000,3.726341,2.520628,9.000000,14.000000,0.230291,7,36,5.322817,15.000000,0.000000,50,36,14,61,0,3.726341,2.520628,9,45,7.000000,0.000000,7.000000,0.000000,1.000000,1.925000,1.925000,1.900000,0.001129,0.005635,0.000649,0.000043,0.033859,2,18,0.025083,0.005609,0.011217,216.000000,0.210960,0.699552,0.363038,0.282033,29.189626,897.323197,5.156636,5.518709,15.305071,261.808880,5.518709,4.000000,2.433105,1.616220,3.962199,5,0.290447,45,1,9,5,0.081633,66.560000,106.630772,569.278632,0.280825,0.057374,35.557898,0.050000,0.025000,723,461,6.367865
28,baseline,120.000000,160.000000,40.000000,138.150000,0.000000,0.000000,4481.900000,0.000000,0.000000,0.450000,243.000000,0.189341,34.794008,0.128970,32.442273,7.219919,44.000000,52.000000,4.110568,1.804980,7.000000,9.000000,0.000000,0,30,4.905670,15.000000,0.000000,50,30,20,53,0,4.110568,1.804980,0,30,3.000000,0.000000,3.000000,0.000000,1.000000,1.450000,1.425000,1.425000,0.000000,0.006130,0.000714,0.000000,0.039500,18,18,0.011742,0.006367,0.001912,1944.000000,0.198236,0.686517,0.332483,0.247889,27.729097,786.336159,4.905670,5.543829,15.950438,268.161236,5.543829,3.520000,1.757726,0.861701,0.425727,4,0.244175,20,1,11,6,0.071837,76.140000,96.177059,397.855087,0.252033,0.045070,36.364685,0.000000,0.000000,83,103,4.521115
28,attack_only,220.000000,260.000000,40.000000,135.075000,0.000000,0.000000,4437.400000,0.000000,0.000000,0.450000,243.000000,0.163980,41.397961,0.149669,32.851379,8.891845,52.000000,60.000000,4.212845,2.222961,9.000000,11.000000,0.260562,7,30,4.905928,15.000000,0.000000,50,30,20,58,0,4.212845,2.222961,0,30,0.000000,0.000000,0.000000,0.000000,0.000000,0.450000,0.450000,0.450000,0.000000,0.000742,0.000621,0.000000,0.048270,0,18,0.000000,0.000000,0.000000,0.000000,0.204899,0.680135,0.383688,0.243283,27.026952,760.167677,4.905928,5.529925,15.134541,247.643100,5.529925,3.680000,2.092271,1.292182,1.815906,4,0.300317,29,1,10,5,0.075102,70.140000,99.079645,505.952165,0.268890,0.050969,36.749017,0.000000,0.000000,127,152,5.180074
28,defense_only,320.000000,360.000000,40.000000,137.250000,0.000000,0.000000,4450.000000,0.000000,0.000000,0.450000,243.000000,0.193326,34.094480,0.127470,32.422587,7.206701,44.000000,52.000000,4.105647,1.801675,7.000000,9.000000,0.000000,0,30,4.905598,15.000000,0.000000,50,30,20,53,0,4.105647,1.801675,0,30,3.000000,0.000000,3.000000,0.000000,1.000000,1.425000,1.350000,1.350000,0.000000,0.003366,0.000621,0.000000,0.039708,18,18,0.007279,0.001621,0.000894,1944.000000,0.200089,0.689729,0.349269,0.243619,27.610816,788.261953,4.905598,5.544365,15.912471,266.711747,5.544365,3.520000,1.757726,0.861701,0.425727,4,0.244175,20,1,11,6,0.071837,76.140000,96.177059,397.855087,0.252033,0.045070,36.511688,0.000000,0.000000,83,103,4.521115
28,defense_vs_attack,420.000000,460.000000,40.000000,137.550000,0.000000,0.000000,4509.100000,0.000000,0.000000,0.450000,243.000000,0.116118,39.990745,0.144063,32.781534,8.768763,52.000000,60.000000,4.195383,2.192191,9.000000,11.000000,0.256396,7,30,5.023342,15.000000,0.000000,50,30,20,60,0,4.195383,2.192191,4,34,3.000000,0.000000,3.000000,0.000000,1.000000,1.250000,1.225000,1.225000,0.000000,0.005503,0.000714,0.000000,0.041711,14,18,0.012910,0.006450,0.002272,1512.000000,0.198052,0.663034,0.347663,0.242336,27.610522,788.658049,4.906428,5.531460,15.289012,252.680659,5.531460,3.760000,2.121886,1.157216,1.400933,4,0.314014,32,1,10,5,0.076735,70.040000,99.840952,504.156926,0.269312,0.051443,35.534399,0.025000,0.025000,155,175,5.289076
35,baseline,120.000000,160.000000,40.000000,108.500000,0.000000,0.000000,3538.800000,0.000000,0.000000,0.450000,243.000000,0.186999,24.715678,0.112555,32.615668,6.835306,48.000000,48.000000,4.153917,1.708827,8.000000,8.000000,0.000000,0,29,4.856176,15.000000,0.000000,50,29,21,57,0,4.153917,1.708827,0,29,4.000000,0.000000,4.000000,0.000000,1.000000,1.925000,1.900000,1.900000,0.000000,0.008166,0.000714,0.000000,0.041852,18,18,0.016938,0.008624,0.002449,1944.000000,0.244284,0.793896,0.441044,0.228710,24.556230,618.854381,4.856176,5.517219,14.496800,217.331737,5.517219,3.560000,1.991582,0.602682,-0.225191,9,0.248587,25,1,10,5,0.072653,72.720000,105.099964,516.630075,0.260865,0.047514,36.395839,0.000000,0.000000,130,144,5.007978
35,attack_only,220.000000,260.000000,40.000000,111.675000,0.000000,0.000000,3632.900000,0.000000,0.000000,0.450000,243.000000,0.203034,31.637736,0.138551,32.531005,8.393347,48.000000,60.000000,4.132751,2.098337,8.000000,11.000000,0.315529,7,30,4.904730,15.000000,0.000000,50,30,20,60,0,4.132751,2.098337,0,30,4.000000,0.000000,4.000000,0.000000,1.000000,1.800000,1.800000,1.800000,0.000000,0.002969,0.000621,0.000000,0.041339,18,18,0.006740,0.001673,0.000341,1944.000000,0.246889,0.768515,0.416860,0.254183,24.325383,613.691415,4.904730,5.492823,14.220762,213.648842,5.492823,3.680000,2.301652,0.915136,0.620847,10,0.270156,34,1,9,5,0.075102,66.700000,112.103292,534.673160,0.278990,0.053620,36.465502,0.000000,0.000000,242,224,5.622817
35,defense_only,320.000000,360.000000,40.000000,106.975000,0.000000,0.000000,3482.300000,0.000000,0.000000,0.450000,243.000000,0.186574,23.185346,0.106012,32.552466,6.816220,48.000000,48.000000,4.138116,1.704055,8.000000,8.000000,0.000000,0,29,4.856129,15.000000,0.000000,50,29,21,57,0,4.138116,1.704055,0,29,4.000000,0.000000,4.000000,0.000000,1.000000,1.800000,1.800000,1.800000,0.000000,0.007216,0.000621,0.000000,0.043054,18,18,0.013818,0.005319,0.001174,1944.000000,0.248093,0.785373,0.477034,0.230215,23.790776,582.057987,4.856129,5.514813,14.411748,214.583474,5.514813,3.560000,1.991582,0.602682,-0.225191,9,0.248587,25,1,10,5,0.072653,72.720000,105.099964,516.630075,0.260865,0.047514,36.372214,0.000000,0.000000,130,144,5.007978
35,defense_vs_attack,420.000000,460.000000,40.000000,113.650000,0.000000,0.000000,3692.000000,0.000000,0.000000,0.450000,243.000000,0.182772,31.411010,0.136185,32.485702,8.378838,48.000000,60.000000,4.121425,2.094709,8.000000,11.000000,0.310009,7,30,4.905202,15.000000,0.000000,50,30,20,60,0,4.121425,2.094709,0,30,4.000000,0.000000,4.000000,0.000000,1.000000,1.800000,1.800000,1.800000,0.000000,0.003741,0.000621,0.000000,0.040545,18,18,0.008026,0.002258,0.000341,1944.000000,0.243301,0.757925,0.398069,0.242139,25.226621,653.886396,4.905202,5.491786,14.327919,217.104747,5.491786,3.680000,2.301652,0.915136,0.620847,10,0.270156,34,1,9,5,0.075102,66.700000,112.103292,534.673160,0.278990,0.053620,36.656081,0.000000,0.000000,242,224,5.622817
31,baseline,120.000000,160.000000,40.000000,145.175000,0.000000,0.000000,4794.000000,0.000000,0.000000,0.450000,243.000000,0.165200,32.050720,0.118751,33.022215,7.520824,52.000000,56.000000,4.255554,1.880206,9.000000,10.000000,0.000520,1,33,5.043369,15.000000,0.000000,50,33,17,61,0,4.255554,1.880206,0,33,4.000000,0.000000,4.000000,0.000000,1.000000,1.950000,1.925000,1.900000,0.000000,0.008223,0.000714,0.000000,0.037147,18,18,0.016916,0.007692,0.002529,1944.000000,0.206736,0.759136,0.274683,0.224558,28.494896,823.566486,5.043369,5.557490,16.158218,277.290135,5.557490,4.040000,2.009577,0.714108,0.367164,4,0.219317,26,1,8,5,0.082449,60.940000,58.850520,282.663474,0.295001,0.048922,36.255663,0.000000,0.000000,380,236,5.523729
31,attack_only,220.000000,260.000000,40.000000,145.075000,0.000000,0.000000,4880.900000,0.000000,0.000000,0.450000,243.000000,0.262355,38.954363,0.131188,33.643977,9.432752,56.000000,72.000000,4.410994,2.358188,10.000000,14.000000,0.242981,8,33,5.041823,15.000000,0.000000,50,33,17,71,0,4.410994,2.358188,0,33,4.000000,0.000000,4.000000,0.000000,1.000000,1.825000,1.825000,1.800000,0.000000,0.003031,0.000621,0.000000,0.037990,18,18,0.006976,0.002114,0.000843,1944.000000,0.207690,0.756361,0.299938,0.223052,28.418983,815.998368,5.041823,5.535300,15.311671,256.885519,5.535300,4.360000,2.520000,1.360676,2.889995,4,0.280501,50,1,8,4,0.088980,58.960000,65.876773,301.247670,0.303117,0.053845,36.323665,0.000000,0.000000,1287,621,6.737308
31,defense_only,320.000000,360.000000,40.000000,145.850000,0.000000,0.000000,4809.600000,0.000000,0.000000,0.450000,243.000000,0.217663,31.697931,0.117389,32.976346,7.536163,52.000000,56.000000,4.244086,1.884041,9.000000,10.000000,0.000000,0,33,5.042638,15.000000,0.000000,50,33,17,61,0,4.244086,1.884041,0,33,4.000000,0.000000,4.000000,0.000000,1.000000,1.825000,1.800000,1.800000,0.000000,0.007236,0.000621,0.000000,0.038267,18,18,0.013969,0.005325,0.001495,1944.000000,0.205253,0.772963,0.263155,0.214466,28.605167,828.502938,5.042638,5.556654,16.182135,278.277543,5.556654,4.040000,2.009577,0.714108,0.367164,4,0.219317,26,1,8,5,0.082449,60.940000,58.850520,282.663474,0.295001,0.048922,36.121661,0.000000,0.000000,380,236,5.523729
31,defense_vs_attack,420.000000,460.000000,40.000000,146.600000,0.000000,0.000000,4940.700000,0.000000,0.000000,0.450000,243.000000,0.269433,40.972381,0.135151,33.701910,9.512745,56.000000,72.000000,4.425477,2.378186,10.000000,14.000000,0.240096,7,33,5.041743,15.000000,0.000000,50,33,17,71,0,4.425477,2.378186,0,33,4.000000,0.000000,4.000000,0.000000,1.000000,1.975000,1.900000,1.800000,0.002571,0.004314,0.000621,0.000000,0.037687,18,18,0.009481,0.002866,0.002047,1944.000000,0.205215,0.745841,0.291491,0.227054,28.853799,853.070498,5.041743,5.533045,15.329844,258.155371,5.533045,4.360000,2.520000,1.360676,2.889995,4,0.280501,50,1,8,4,0.088980,58.960000,65.876773,301.247670,0.303117,0.053845,36.276920,0.000000,0.000000,1287,621,6.737308
43,baseline,120.000000,160.000000,40.000000,103.200000,0.000000,0.000000,3346.000000,0.000000,0.000000,0.450000,243.000000,0.113516,31.522145,0.145131,32.422481,8.294004,48.000000,48.000000,4.105620,2.073501,8.000000,8.000000,0.000000,0,27,4.754248,15.000000,0.000000,50,27,23,57,0,4.105620,2.073501,0,27,4.000000,0.000000,4.000000,0.000000,1.000000,1.900000,1.900000,1.900000,0.000000,0.008127,0.000715,0.000000,0.042768,18,18,0.017286,0.010341,0.002725,1944.000000,0.239242,0.753903,0.467811,0.227832,23.262666,557.225507,4.754248,5.497769,13.780140,199.653455,5.497769,3.360000,2.076150,0.533925,-0.599998,14,0.195857,18,1,11,6,0.068571,81.780000,107.789504,400.366667,0.241777,0.050316,36.372192,0.000000,0.000000,119,118,4.833553
43,attack_only,220.000000,260.000000,40.000000,104.950000,0.000000,0.000000,3532.800000,0.000000,0.000000,0.450000,243.000000,0.136146,36.741644,0.156583,33.661744,9.225249,48.000000,56.000000,4.415436,2.306312,8.000000,10.000000,0.335651,7,27,4.753994,15.000000,0.000000,50,27,23,61,0,4.415436,2.306312,0,27,0.000000,0.000000,0.000000,0.000000,0.000000,0.925000,0.925000,0.925000,0.000000,0.002774,0.000635,0.000033,0.052818,0,18,0.000000,0.000000,0.000000,0.000000,0.233848,0.740354,0.442450,0.217747,23.246610,560.080251,4.753994,5.466816,13.587926,196.941534,5.466816,3.600000,2.349468,0.669902,-0.295211,14,0.226810,30,1,10,5,0.073469,76.400000,102.141360,400.309524,0.255144,0.054129,36.132985,0.000000,0.000000,302,241,5.647182
43,defense_only,320.000000,360.000000,40.000000,103.450000,0.000000,0.000000,3352.900000,0.000000,0.000000,0.450000,243.000000,0.120107,31.569113,0.144430,32.410826,8.314121,48.000000,48.000000,4.102707,2.078530,8.000000,8.000000,0.000000,0,27,4.754171,15.000000,0.000000,50,27,23,57,0,4.102707,2.078530,0,27,4.000000,0.000000,4.000000,0.000000,1.000000,1.800000,1.800000,1.800000,0.000000,0.004031,0.000622,0.000000,0.043798,18,18,0.009100,0.001602,0.000618,1944.000000,0.240263,0.783657,0.415913,0.226223,24.108888,601.796307,4.754171,5.500309,13.788363,199.976377,5.500309,3.360000,2.076150,0.533925,-0.599998,14,0.195857,18,1,11,6,0.068571,81.780000,107.789504,400.366667,0.241777,0.050316,36.609065,0.000000,0.000000,119,118,4.833553
43,defense_vs_attack,420.000000,460.000000,40.000000,110.650000,0.000000,0.000000,3675.900000,0.000000,0.000000,0.450000,243.000000,0.626684,41.938720,0.185101,33.220967,8.891294,48.000000,56.000000,4.305242,2.222823,8.000000,10.000000,0.318854,7,29,4.939248,15.000000,0.000000,50,29,21,57,0,4.305242,2.222823,3,32,4.000000,0.000000,4.000000,0.000000,1.000000,1.600000,1.600000,1.600000,0.000000,0.005647,0.000622,0.000000,0.042686,14,18,0.012093,0.003524,0.000808,1512.000000,0.229248,0.720129,0.477865,0.318324,24.313677,616.841563,4.833530,5.468418,13.988389,208.533606,5.468418,3.600000,2.349468,0.669902,-0.295211,14,0.226810,30,1,10,5,0.073469,76.400000,102.141360,400.309524,0.255144,0.054129,36.351158,0.000000,0.025000,302,241,5.647182
45,baseline,120.000000,160.000000,40.000000,100.275000,0.000000,0.000000,3375.200000,0.000000,0.000000,0.450000,243.000000,0.196224,28.330858,0.120052,33.659437,6.645694,44.000000,44.000000,4.414859,1.661423,7.000000,7.000000,0.000251,0,25,4.642110,15.000000,0.000000,50,25,25,54,0,4.414859,1.661423,0,25,6.000000,0.000000,6.000000,0.000000,1.000000,2.950000,2.850000,2.850000,0.000000,0.012348,0.000714,0.000000,0.036173,18,18,0.028163,0.014401,0.004918,1944.000000,0.228620,0.710454,0.465939,0.278156,23.872413,590.509053,4.642110,5.495816,14.033844,202.674477,5.495816,3.280000,1.939484,0.605615,-0.778325,11,0.252952,20,1,10,5,0.066939,81.520000,110.973457,470.197619,0.240987,0.049428,36.555128,0.000000,0.000000,78,109,4.528989
45,attack_only,220.000000,260.000000,40.000000,92.800000,0.000000,0.000000,3129.400000,0.000000,0.000000,0.450000,243.000000,0.368179,43.490792,0.170433,33.721983,10.425447,44.000000,68.000000,4.430496,2.606362,7.000000,13.000000,0.379713,7,25,4.636637,15.000000,0.000000,50,25,25,58,0,4.430496,2.606362,0,25,0.000000,0.000000,0.000000,0.000000,0.000000,0.475000,0.475000,0.475000,0.000000,0.002032,0.000715,0.000000,0.056085,0,18,0.000000,0.000000,0.000000,0.000000,0.249314,0.737151,0.425876,0.295202,22.132806,526.151541,4.636637,5.458355,12.611599,170.443695,5.458355,3.360000,2.455687,1.558570,2.936855,12,0.336114,31,1,8,4,0.068571,66.080000,129.688753,710.970563,0.282209,0.058377,36.895641,0.000000,0.000000,115,158,5.432360
45,defense_only,320.000000,360.000000,40.000000,99.525000,0.000000,0.000000,3348.500000,0.000000,0.000000,0.450000,243.000000,0.170775,27.761311,0.118331,33.644813,6.642970,44.000000,44.000000,4.411203,1.660743,7.000000,7.000000,0.000000,0,25,4.642522,15.000000,0.000000,50,25,25,54,0,4.411203,1.660743,0,25,6.000000,0.000000,6.000000,0.000000,1.000000,2.725000,2.725000,2.725000,0.001513,0.004526,0.000622,0.000000,0.038224,18,18,0.010748,0.002789,0.000568,1944.000000,0.229845,0.719136,0.381997,0.257709,23.289214,553.720788,4.642522,5.499455,13.987270,201.255384,5.499455,3.280000,1.939484,0.605615,-0.778325,11,0.252952,20,1,10,5,0.066939,81.520000,110.973457,470.197619,0.240987,0.049428,36.458465,0.000000,0.000000,78,109,4.528989
45,defense_vs_attack,420.000000,460.000000,40.000000,95.325000,0.000000,0.000000,3188.800000,0.000000,0.000000,0.450000,243.000000,0.416080,39.454699,0.169789,33.451875,9.665510,44.000000,68.000000,4.362969,2.416378,7.000000,13.000000,0.372590,8,26,4.971938,15.000000,0.000000,50,26,24,60,0,4.362969,2.416378,10,36,6.000000,0.000000,6.000000,0.000000,1.000000,1.775000,1.725000,1.725000,0.000000,0.006205,0.000625,0.000017,0.045407,9,18,0.023316,0.009024,0.003661,972.000000,0.245685,0.702017,0.451110,0.354362,21.359841,499.333742,4.690718,5.464787,12.962024,178.626412,5.464787,3.600000,2.553429,1.559794,3.474275,11,0.327996,39,1,8,4,0.073469,64.500000,128.558437,708.733333,0.287657,0.060222,34.055239,0.125000,0.025000,301,282,5.967502
42,baseline,120.000000,160.000000,40.000000,143.975000,0.000000,0.000000,4902.600000,0.000000,0.000000,0.450000,243.000000,0.201606,38.384176,0.130087,34.051745,8.252448,52.000000,52.000000,4.512936,2.063112,9.000000,9.000000,0.000000,0,30,4.905611,15.000000,0.000000,50,30,20,68,0,4.512936,2.063112,0,30,5.000000,0.000000,5.000000,0.000000,1.000000,2.550000,2.375000,2.375000,0.000000,0.010405,0.000714,0.000000,0.032263,18,18,0.022758,0.010233,0.004615,1944.000000,0.190713,0.655349,0.294186,0.250484,28.025795,801.355824,4.905611,5.558905,15.775113,267.753464,5.558905,4.080000,2.189429,1.075632,0.584352,2,0.368889,41,1,10,5,0.083265,74.920000,82.164660,271.201415,0.253503,0.041837,36.469987,0.000000,0.000000,813,409,6.121501
42,attack_only,220.000000,260.000000,40.000000,140.300000,0.000000,0.000000,4842.700000,0.000000,0.000000,0.450000,243.000000,0.297765,43.732190,0.151671,34.516750,9.291868,52.000000,56.000000,4.629187,2.322967,9.000000,10.000000,0.250806,7,30,4.903902,15.000000,0.000000,50,30,20,73,0,4.629187,2.322967,0,30,5.000000,0.000000,5.000000,0.000000,1.000000,2.375000,2.250000,2.250000,0.000000,0.003888,0.000621,0.000000,0.034412,18,18,0.009507,0.003791,0.002072,1944.000000,0.196575,0.672924,0.293080,0.260050,27.704064,784.897834,4.903902,5.543661,15.148026,251.227426,5.543661,4.240000,2.396331,1.015331,0.107774,2,0.381857,48,1,10,5,0.086531,72.400000,86.433395,369.840159,0.260966,0.045645,36.644261,0.000000,0.000000,1326,567,6.490611
42,defense_only,320.000000,360.000000,40.000000,143.450000,0.000000,0.000000,4889.000000,0.000000,0.000000,0.450000,243.000000,0.199993,39.141703,0.131638,34.081562,8.285279,52.000000,52.000000,4.520390,2.071320,9.000000,9.000000,0.000000,0,30,4.905625,15.000000,0.000000,50,30,20,68,0,4.520390,2.071320,0,30,5.000000,0.000000,5.000000,0.000000,1.000000,2.300000,2.250000,2.250000,0.000000,0.009063,0.000621,0.000000,0.032151,18,18,0.018277,0.006949,0.001768,1944.000000,0.191899,0.654833,0.283338,0.249489,27.748315,802.623982,4.905625,5.555254,15.737781,266.575357,5.555254,4.080000,2.189429,1.075632,0.584352,2,0.368889,41,1,10,5,0.083265,74.920000,82.164660,271.201415,0.253503,0.041837,36.524956,0.000000,0.000000,813,409,6.121501
42,defense_vs_attack,420.000000,460.000000,40.000000,142.050000,0.000000,0.000000,4894.600000,0.000000,0.000000,0.450000,243.000000,0.250965,43.369019,0.147089,34.456881,9.324736,52.000000,56.000000,4.614220,2.331184,9.000000,10.000000,0.247700,7,30,4.904859,15.000000,0.000000,50,30,20,73,0,4.614220,2.331184,0,30,5.000000,0.000000,5.000000,0.000000,1.000000,2.275000,2.250000,2.250000,0.000000,0.004692,0.000621,0.000000,0.035145,18,18,0.010495,0.002992,0.000532,1944.000000,0.195827,0.650559,0.326662,0.267606,27.733396,809.289489,4.904859,5.543896,15.201174,253.458764,5.543896,4.240000,2.396331,1.015331,0.107774,2,0.381857,48,1,10,5,0.086531,72.400000,86.433395,369.840159,0.260966,0.045645,36.949401,0.000000,0.000000,1326,567,6.490611
47,baseline,120.000000,160.000000,40.000000,123.850000,0.000000,0.000000,4251.100000,0.000000,0.000000,0.450000,243.000000,0.690825,42.148827,0.163993,34.324586,8.837085,52.000000,52.000000,4.581147,2.209271,9.000000,9.000000,0.001422,3,30,4.892591,15.000000,0.000000,50,30,20,76,0,4.581147,2.209271,1,31,3.000000,0.000000,3.000000,0.000000,1.000000,1.425000,1.425000,1.425000,0.000000,0.006095,0.000715,0.000000,0.042535,18,18,0.011470,0.005756,0.001503,1944.000000,0.213534,0.740194,0.328989,0.216154,25.982242,695.125701,4.875324,5.489347,14.625964,230.234145,5.489347,4.360000,2.488051,0.443299,-0.637392,8,0.259556,50,1,9,5,0.088980,69.200000,78.522945,324.819631,0.272126,0.051709,33.263252,0.000000,0.225000,1490,653,6.531419
47,attack_only,220.000000,260.000000,40.000000,118.750000,0.000000,0.000000,4248.600000,0.000000,0.000000,0.450000,243.000000,0.179435,45.219624,0.163050,35.777684,10.296052,52.000000,64.000000,4.944421,2.574013,9.000000,12.000000,0.296485,7,28,4.806045,15.000000,0.000000,50,28,22,72,0,4.944421,2.574013,0,28,3.000000,0.000000,3.000000,0.000000,1.000000,1.350000,1.350000,1.350000,0.000000,0.002227,0.000622,0.000000,0.044100,18,18,0.004736,0.001116,0.000227,1944.000000,0.216799,0.751478,0.341980,0.242424,25.868444,687.164759,4.806045,5.474060,13.828733,210.229514,5.474060,4.200000,2.645751,0.761976,-0.079412,8,0.293973,46,1,8,4,0.085714,61.260000,81.244228,429.091803,0.297991,0.058728,36.556640,0.000000,0.000000,1075,533,6.358606
47,defense_only,320.000000,360.000000,40.000000,123.475000,0.000000,0.000000,4234.700000,0.000000,0.000000,0.450000,243.000000,0.160697,37.082914,0.143533,34.296011,8.789491,52.000000,52.000000,4.574003,2.197373,9.000000,9.000000,0.000000,0,29,4.856948,15.000000,0.000000,50,29,21,67,0,4.574003,2.197373,0,29,3.000000,0.000000,3.000000,0.000000,1.000000,1.350000,1.350000,1.350000,0.000000,0.005412,0.000622,0.000000,0.042918,18,18,0.009455,0.003546,0.000782,1944.000000,0.214114,0.750517,0.324274,0.221548,25.940224,684.241341,4.856948,5.486950,14.627171,230.026564,5.486950,4.000000,2.357965,0.512575,-0.755033,8,0.269810,37,1,9,5,0.081633,69.680000,80.124799,324.551762,0.270445,0.050866,36.278537,0.000000,0.000000,651,369,5.860745
47,defense_vs_attack,420.000000,460.000000,40.000000,119.625000,0.000000,0.000000,4274.500000,0.000000,0.000000,0.450000,243.000000,0.206408,45.165460,0.161858,35.732497,10.323195,52.000000,64.000000,4.933124,2.580799,9.000000,12.000000,0.294303,7,28,4.805635,15.000000,0.000000,50,28,22,72,0,4.933124,2.580799,0,28,3.000000,0.000000,3.000000,0.000000,1.000000,1.350000,1.350000,1.350000,0.000000,0.002806,0.000622,0.000000,0.043401,18,18,0.005606,0.001499,0.000253,1944.000000,0.213297,0.756271,0.332584,0.237921,25.727881,671.636545,4.805635,5.473359,13.854165,211.274995,5.473359,4.200000,2.645751,0.761976,-0.079412,8,0.293973,46,1,8,4,0.085714,61.260000,81.244228,429.091803,0.297991,0.058728,36.230456,0.000000,0.000000,1075,533,6.358606
49,baseline,120.000000,160.000000,40.000000,141.925000,0.000000,0.000000,4584.300000,0.000000,0.000000,0.450000,243.000000,0.195352,45.598249,0.181866,32.300863,10.762821,52.000000,56.000000,4.075216,2.690705,9.000000,10.000000,0.002126,4,33,5.075277,15.000000,0.000000,50,33,16,68,0,4.075216,2.690705,4,35,6.000000,0.000000,6.000000,0.000000,1.000000,2.900000,2.850000,2.850000,0.000000,0.012251,0.000715,0.000000,0.033932,18,18,0.027823,0.014432,0.004247,1944.000000,0.210025,0.760673,0.313917,0.219618,28.309206,820.436556,5.042877,5.503672,14.511420,238.020957,5.503672,4.120000,2.438360,0.837237,-0.050652,5,0.254079,36,1,8,4,0.084082,58.380000,71.082409,307.913534,0.305851,0.054424,35.299957,0.000000,0.050000,672,367,5.972907
49,attack_only,220.000000,260.000000,40.000000,137.575000,0.000000,0.000000,4448.300000,0.000000,0.000000,0.450000,243.000000,0.183509,49.010960,0.189789,32.333636,12.083989,56.000000,72.000000,4.083409,3.020997,10.000000,14.000000,0.256307,8,33,5.042996,15.000000,0.000000,50,33,16,70,0,4.083409,3.020997,0,33,6.000000,0.000000,6.000000,0.000000,1.000000,2.900000,2.775000,2.725000,0.002577,0.005401,0.000622,0.000000,0.034084,18,18,0.012768,0.002398,0.001010,1944.000000,0.217967,0.757388,0.406209,0.248890,27.836337,799.484402,5.042996,5.505443,13.757732,218.262938,5.505443,4.120000,2.620229,1.403415,2.517771,5,0.239492,31,1,7,4,0.084082,53.800000,79.521264,423.384856,0.324230,0.059869,36.199774,0.000000,0.000000,571,315,5.921290
49,defense_only,320.000000,360.000000,40.000000,142.425000,0.000000,0.000000,4605.400000,0.000000,0.000000,0.450000,243.000000,0.165009,46.270948,0.184538,32.335615,10.703713,52.000000,56.000000,4.083904,2.675928,9.000000,10.000000,0.000000,0,33,5.043334,15.000000,0.000000,50,33,16,67,0,4.083904,2.675928,0,33,6.000000,0.000000,6.000000,0.000000,1.000000,2.700000,2.700000,2.700000,0.000000,0.009708,0.000621,0.000000,0.034601,18,18,0.020586,0.006658,0.001667,1944.000000,0.210503,0.761401,0.326503,0.254679,28.316810,811.101364,5.043334,5.510192,14.556326,239.315030,5.510192,4.040000,2.332038,0.803255,-0.065281,5,0.235762,29,1,8,4,0.082449,58.460000,71.451434,308.531899,0.305430,0.053970,36.075756,0.000000,0.000000,496,277,5.642019
49,defense_vs_attack,420.000000,460.000000,40.000000,139.125000,0.000000,0.000000,4516.200000,0.000000,0.000000,0.450000,243.000000,0.163510,51.681431,0.195905,32.461456,12.163124,56.000000,72.000000,4.115364,3.040781,10.000000,14.000000,0.253073,7,33,5.043302,15.000000,0.000000,50,33,16,70,0,4.115364,3.040781,0,33,6.000000,0.000000,6.000000,0.000000,1.000000,2.725000,2.725000,2.700000,0.001250,0.005480,0.000622,0.000000,0.033528,18,18,0.012356,0.003091,0.000724,1944.000000,0.216512,0.760328,0.366405,0.213009,28.423009,864.479300,5.043302,5.503426,13.760664,219.117266,5.503426,4.120000,2.620229,1.403415,2.517771,5,0.239492,31,1,7,4,0.084082,53.800000,79.521264,423.384856,0.324230,0.059869,36.369917,0.000000,0.000000,571,315,5.921290
56,baseline,120.000000,160.000000,40.000000,80.200000,0.000000,0.000000,2706.500000,0.000000,0.000000,0.450000,243.000000,0.240200,33.731707,0.181215,33.746883,9.996796,52.000000,60.000000,4.436721,2.499199,9.000000,11.000000,0.000000,0,26,4.620477,15.000000,0.000000,50,26,23,70,0,4.436721,2.499199,0,26,5.000000,0.000000,5.000000,0.000000,1.000000,2.425000,2.375000,2.375000,0.000000,0.010203,0.000714,0.000000,0.040957,18,18,0.077180,0.236817,0.061312,1944.000000,0.298603,0.767546,2.622922,0.357842,20.575330,452.894203,4.696069,5.567072,11.994672,151.842520,5.567072,3.680000,2.222071,1.182393,1.001704,4,0.284303,27,1,13,7,0.075102,86.180000,121.519331,569.005189,0.234044,0.048645,36.528044,0.000000,0.000000,193,210,5.161752
56,attack_only,220.000000,260.000000,40.000000,90.550000,0.000000,0.000000,3030.900000,0.000000,0.000000,0.450000,243.000000,0.220973,39.111856,0.188755,33.472115,12.014793,60.000000,68.000000,4.368029,3.003698,11.000000,13.000000,0.389430,7,27,4.677792,15.000000,0.000000,50,27,22,73,0,4.368029,3.003698,0,27,5.000000,0.000000,5.000000,0.000000,1.000000,2.350000,2.275000,2.250000,0.001466,0.003800,0.000621,0.000000,0.040425,18,18,0.009140,0.002414,0.001220,1944.000000,0.276969,0.697845,2.290814,0.268222,21.879940,522.654544,4.751784,5.556506,12.025587,158.441954,5.556506,3.840000,2.618091,1.605656,2.359144,4,0.351372,39,1,12,6,0.078367,80.360000,128.240799,537.944444,0.248911,0.055018,36.979352,0.000000,0.000000,338,326,5.996917
56,defense_only,320.000000,360.000000,40.000000,85.325000,0.000000,0.000000,2871.200000,0.000000,0.000000,0.450000,243.000000,0.207730,34.257147,0.174526,33.650161,9.910503,52.000000,60.000000,4.412540,2.477626,9.000000,11.000000,0.000000,0,26,4.622607,15.000000,0.000000,50,26,23,70,0,4.412540,2.477626,0,26,5.000000,0.000000,5.000000,0.000000,1.000000,2.275000,2.275000,2.250000,0.001580,0.009285,0.000621,0.000000,0.042417,18,18,0.019167,0.006928,0.002075,1944.000000,0.284261,0.686404,2.305677,0.265366,19.688253,416.982126,4.697561,5.565916,12.322680,160.831274,5.565916,3.680000,2.222071,1.182393,1.001704,4,0.284303,27,1,13,7,0.075102,86.180000,121.519331,569.005189,0.234044,0.048645,36.959486,0.000000,0.000000,193,210,5.161752
56,defense_vs_attack,420.000000,460.000000,40.000000,90.075000,0.000000,0.000000,3031.100000,0.000000,0.000000,0.450000,243.000000,0.266261,40.664974,0.198684,33.650847,12.000055,60.000000,68.000000,4.412712,3.000014,11.000000,13.000000,0.391499,7,27,4.680958,15.000000,0.000000,50,27,22,73,0,4.412712,3.000014,0,27,5.000000,0.000000,5.000000,0.000000,1.000000,2.300000,2.250000,2.250000,0.000000,0.004982,0.000621,0.000000,0.041269,18,18,0.011139,0.002981,0.000568,1944.000000,0.276638,0.672933,2.301623,0.261912,21.585561,510.046343,4.750342,5.554416,12.005841,157.819104,5.554416,3.840000,2.618091,1.605656,2.359144,4,0.351372,39,1,12,6,0.078367,80.360000,128.240799,537.944444,0.248911,0.055018,36.586811,0.000000,0.000000,338,326,5.996917
64,baseline,120.000000,160.000000,40.000000,105.325000,0.000000,0.000000,3437.700000,0.000000,0.000000,0.450000,243.000000,0.336173,31.644043,0.142775,32.638975,9.197672,48.000000,56.000000,4.159744,2.299418,8.000000,10.000000,0.000000,0,28,4.801626,15.000000,0.000000,50,28,21,59,0,4.159744,2.299418,0,28,3.000000,0.000000,3.000000,0.000000,1.000000,1.500000,1.450000,1.425000,0.001543,0.006357,0.000715,0.000000,0.046106,18,18,0.067295,0.232765,0.060268,1944.000000,0.240991,0.784391,0.459213,0.240950,24.296082,608.399678,4.801626,5.471281,13.619021,197.846801,5.471281,3.560000,2.264155,0.655816,-0.360543,12,0.234619,25,1,10,5,0.072653,75.240000,98.134472,349.575000,0.255187,0.049327,36.144970,0.000000,0.000000,199,194,5.114704
64,attack_only,220.000000,260.000000,40.000000,102.375000,0.000000,0.000000,3426.400000,0.000000,0.000000,0.450000,243.000000,0.273354,45.120493,0.182775,33.469109,11.988373,56.000000,72.000000,4.367277,2.997093,10.000000,14.000000,0.344149,7,27,4.751113,15.000000,0.000000,50,27,22,61,0,4.367277,2.997093,0,27,3.000000,0.000000,3.000000,0.000000,1.000000,1.450000,1.400000,1.350000,0.003205,0.002618,0.000622,0.000000,0.047849,18,18,0.005676,0.001865,0.000656,1944.000000,0.241966,0.776612,0.453030,0.254406,23.458410,565.354556,4.751113,5.489595,12.563803,175.072235,5.489595,3.600000,2.600000,1.616750,3.507790,11,0.294392,30,1,10,5,0.073469,70.080000,110.553337,572.907974,0.270627,0.055348,36.390117,0.000000,0.000000,186,199,5.553846
64,defense_only,320.000000,360.000000,40.000000,107.350000,0.000000,0.000000,3505.700000,0.000000,0.000000,0.450000,243.000000,0.301648,31.942051,0.141379,32.656730,9.190273,48.000000,56.000000,4.164183,2.297568,8.000000,10.000000,0.000469,1,28,4.802929,15.000000,0.000000,50,28,21,59,0,4.164183,2.297568,0,28,3.000000,0.000000,3.000000,0.000000,1.000000,1.350000,1.350000,1.350000,0.000000,0.005219,0.000622,0.000000,0.047896,18,18,0.009026,0.003199,0.000644,1944.000000,0.237129,0.767046,0.419022,0.240318,24.450809,613.293694,4.802929,5.476614,13.724828,201.209964,5.476614,3.560000,2.264155,0.655816,-0.360543,12,0.234619,25,1,10,5,0.072653,75.240000,98.134472,349.575000,0.255187,0.049327,36.177187,0.000000,0.000000,199,194,5.114704
64,defense_vs_attack,420.000000,460.000000,40.000000,101.100000,0.000000,0.000000,3371.900000,0.000000,0.000000,0.450000,243.000000,0.306211,43.597177,0.176316,33.352127,11.974736,56.000000,72.000000,4.338032,2.993684,10.000000,14.000000,0.348519,7,27,4.750075,15.000000,0.000000,50,27,22,61,0,4.338032,2.993684,0,27,3.000000,0.000000,3.000000,0.000000,1.000000,1.375000,1.350000,1.350000,0.000000,0.002995,0.000622,0.000000,0.047833,18,18,0.006015,0.001384,0.000287,1944.000000,0.243982,0.781293,0.442336,0.238950,23.619782,573.341842,4.750075,5.483879,12.516731,173.448640,5.483879,3.600000,2.600000,1.616750,3.507790,11,0.294392,30,1,10,5,0.073469,70.080000,110.553337,572.907974,0.270627,0.055348,36.312254,0.000000,0.000000,186,199,5.553846
66,baseline,120.000000,160.000000,40.000000,96.650000,0.000000,0.000000,3193.300000,0.000000,0.000000,0.450000,243.000000,0.167015,39.706289,0.177123,33.039834,9.982031,52.000000,52.000000,4.259959,2.495508,9.000000,9.000000,0.000000,0,25,4.642478,15.000000,0.000000,50,25,24,54,0,4.259959,2.495508,0,25,4.000000,0.000000,4.000000,0.000000,1.000000,1.925000,1.900000,1.900000,0.000000,0.008150,0.000714,0.000000,0.042576,18,18,0.017471,0.010868,0.002978,1944.000000,0.236434,0.702346,0.430425,0.249673,22.715056,542.657711,4.642478,5.483828,12.921608,179.062457,5.483828,3.200000,2.323790,1.095911,0.270947,14,0.258095,23,1,10,5,0.065306,80.260000,117.854349,427.135648,0.245422,0.052177,36.316191,0.000000,0.000000,198,166,5.312067
66,attack_only,220.000000,260.000000,40.000000,86.275000,0.000000,0.000000,2871.400000,0.000000,0.000000,0.450000,243.000000,0.487018,52.676212,0.216100,33.281947,13.945382,52.000000,80.000000,4.320487,3.486345,9.000000,16.000000,0.408521,7,24,4.570453,15.000000,0.000000,50,24,25,57,0,4.320487,3.486345,0,24,4.000000,0.000000,4.000000,0.000000,1.000000,1.850000,1.825000,1.800000,0.001621,0.003022,0.000621,0.000000,0.045316,18,18,0.006898,0.001612,0.000569,1944.000000,0.256385,0.761862,0.482516,0.268763,21.443490,470.458370,4.570453,5.457384,11.278925,142.318229,5.457384,3.240000,2.874439,2.229801,6.133255,16,0.327373,33,1,10,5,0.066122,70.380000,126.583561,636.833333,0.272120,0.059536,36.430205,0.000000,0.000000,236,223,5.986445
66,defense_only,320.000000,360.000000,40.000000,95.200000,0.000000,0.000000,3148.500000,0.000000,0.000000,0.450000,243.000000,0.230295,40.559112,0.183183,33.072479,10.070184,52.000000,52.000000,4.268120,2.517546,9.000000,9.000000,0.000000,0,25,4.641083,15.000000,0.000000,50,25,24,54,0,4.268120,2.517546,0,25,4.000000,0.000000,4.000000,0.000000,1.000000,1.800000,1.800000,1.800000,0.000000,0.007071,0.000621,0.000000,0.045442,18,18,0.013734,0.005068,0.001477,1944.000000,0.242271,0.743377,0.471479,0.241869,22.492880,524.916899,4.641083,5.478721,12.819167,176.244592,5.478721,3.200000,2.323790,1.095911,0.270947,14,0.258095,23,1,10,5,0.065306,80.260000,117.854349,427.135648,0.245422,0.052177,36.679465,0.000000,0.000000,198,166,5.312067
66,defense_vs_attack,420.000000,460.000000,40.000000,86.350000,0.000000,0.000000,2866.600000,0.000000,0.000000,0.450000,243.000000,0.491751,51.457668,0.209130,33.197452,13.909536,52.000000,80.000000,4.299363,3.477384,9.000000,16.000000,0.408163,7,24,4.570380,15.000000,0.000000,50,24,25,57,0,4.299363,3.477384,0,24,4.000000,0.000000,4.000000,0.000000,1.000000,1.825000,1.800000,1.800000,0.000000,0.003904,0.000621,0.000000,0.045307,18,18,0.008390,0.002219,0.000455,1944.000000,0.255642,0.746604,0.459031,0.287247,21.802298,504.369417,4.570380,5.464942,11.294127,142.615937,5.464942,3.240000,2.874439,2.229801,6.133255,16,0.327373,33,1,10,5,0.066122,70.380000,126.583561,636.833333,0.272120,0.059536,36.466480,0.000000,0.000000,236,223,5.986445
65,baseline,120.000000,160.000000,40.000000,127.850000,0.000000,0.000000,4153.000000,0.000000,0.000000,0.450000,243.000000,0.256015,40.460585,0.159334,32.483379,9.189155,52.000000,60.000000,4.120845,2.297289,9.000000,11.000000,0.000000,0,31,4.951405,15.000000,0.000000,50,31,19,59,0,4.120845,2.297289,0,31,4.000000,0.000000,4.000000,0.000000,1.000000,2.050000,1.925000,1.900000,0.001333,0.008622,0.000715,0.000000,0.038431,18,18,0.016676,0.007156,0.002367,1944.000000,0.221605,0.747408,0.325290,0.247498,26.666397,718.443263,4.951405,5.577538,14.705789,233.806904,5.577538,3.720000,2.030172,1.487184,2.120942,0,0.248130,26,1,8,5,0.075918,67.160000,75.280574,314.795802,0.273307,0.040489,36.305584,0.000000,0.000000,133,165,5.248819
65,attack_only,220.000000,260.000000,40.000000,124.025000,0.000000,0.000000,4080.700000,0.000000,0.000000,0.450000,243.000000,0.251326,44.310041,0.168210,32.902237,10.390730,52.000000,72.000000,4.225559,2.597682,9.000000,14.000000,0.283976,7,31,4.951341,15.000000,0.000000,50,31,19,62,0,4.225559,2.597682,0,31,4.000000,0.000000,4.000000,0.000000,1.000000,1.875000,1.800000,1.800000,0.000000,0.003236,0.000622,0.000000,0.040483,18,18,0.006929,0.001664,0.000740,1944.000000,0.227354,0.750032,0.373653,0.243545,26.226449,703.632881,4.951341,5.574978,14.073849,217.506754,5.574978,3.840000,2.300956,2.037846,5.613222,0,0.316908,36,1,8,5,0.078367,65.240000,79.145497,372.025164,0.280285,0.045238,36.166886,0.000000,0.000000,190,232,5.790551
65,defense_only,320.000000,360.000000,40.000000,124.900000,0.000000,0.000000,4055.100000,0.000000,0.000000,0.450000,243.000000,0.310962,39.932729,0.159982,32.466773,9.203503,52.000000,60.000000,4.116693,2.300876,9.000000,11.000000,0.000000,0,31,4.949916,15.000000,0.000000,50,31,19,59,0,4.116693,2.300876,0,31,4.000000,0.000000,4.000000,0.000000,1.000000,1.800000,1.800000,1.800000,0.000000,0.007023,0.000622,0.000000,0.038968,18,18,0.014094,0.005600,0.001758,1944.000000,0.226418,0.755204,0.357367,0.239246,26.312124,701.808931,4.949916,5.575874,14.570809,229.116361,5.575874,3.720000,2.030172,1.487184,2.120942,0,0.248130,26,1,8,5,0.075918,67.160000,75.280574,314.795802,0.273307,0.040489,36.294410,0.000000,0.000000,133,165,5.248819
65,defense_vs_attack,420.000000,460.000000,40.000000,123.725000,0.000000,0.000000,4073.300000,0.000000,0.000000,0.450000,243.000000,0.258684,44.997114,0.168640,32.922207,10.450037,52.000000,72.000000,4.230552,2.612509,9.000000,14.000000,0.284669,7,31,4.951162,15.000000,0.000000,50,31,19,62,0,4.230552,2.612509,0,31,4.000000,0.000000,4.000000,0.000000,1.000000,1.800000,1.800000,1.800000,0.000000,0.003912,0.000622,0.000000,0.038919,18,18,0.008119,0.002413,0.000438,1944.000000,0.228392,0.734042,0.436514,0.243048,25.359099,664.038241,4.951162,5.574166,14.037287,216.556627,5.574166,3.840000,2.300956,2.037846,5.613222,0,0.316908,36,1,8,5,0.078367,65.240000,79.145497,372.025164,0.280285,0.045238,36.222103,0.000000,0.000000,190,232,5.790551
62,baseline,120.000000,160.000000,40.000000,113.075000,0.000000,0.000000,3817.500000,0.000000,0.000000,0.450000,243.000000,0.214381,38.223724,0.154958,33.760778,9.585635,48.000000,60.000000,4.440195,2.396409,8.000000,11.000000,0.000000,0,28,4.805330,15.000000,0.000000,50,28,21,67,0,4.440195,2.396409,0,28,7.000000,0.000000,7.000000,0.000000,1.000000,3.425000,3.325000,3.325000,0.000000,0.014343,0.000715,0.000000,0.031038,18,18,0.032373,0.012515,0.004437,1944.000000,0.228910,0.644486,0.427917,0.276705,23.550281,596.028816,4.805330,5.573614,13.865742,207.503135,5.573614,3.840000,2.175868,1.265515,1.545958,3,0.366688,30,1,12,6,0.078367,94.900000,134.815671,580.500000,0.211145,0.035953,36.779935,0.000000,0.000000,235,212,5.258682
62,attack_only,220.000000,260.000000,40.000000,110.300000,0.000000,0.000000,3818.900000,0.000000,0.000000,0.450000,243.000000,0.129634,38.518487,0.159209,34.622847,10.031686,52.000000,60.000000,4.655712,2.507922,9.000000,11.000000,0.319343,7,28,4.806579,15.000000,0.000000,50,28,21,73,0,4.655712,2.507922,0,28,7.000000,0.000000,7.000000,0.000000,1.000000,3.200000,3.175000,3.175000,0.001340,0.005269,0.000621,0.000005,0.033495,18,18,0.012898,0.003276,0.000681,1944.000000,0.233065,0.666884,0.454260,0.306241,23.380481,585.074650,4.806579,5.550539,13.568153,199.883447,5.550539,4.080000,2.348106,1.071812,0.644363,3,0.386188,40,1,11,6,0.083265,92.180000,134.477789,580.500000,0.215803,0.036128,36.534950,0.000000,0.000000,568,367,5.962837
62,defense_only,320.000000,360.000000,40.000000,108.825000,0.000000,0.000000,3693.200000,0.000000,0.000000,0.450000,243.000000,0.279627,39.130049,0.163691,33.937055,9.556616,48.000000,60.000000,4.484264,2.389154,8.000000,11.000000,0.000925,1,28,4.884864,15.000000,0.000000,50,28,21,68,0,4.484264,2.389154,4,32,7.214286,0.410326,8.000000,1.000000,2.000000,2.850000,2.775000,2.750000,0.001335,0.010768,0.000633,0.000030,0.034946,14,18,0.030625,0.017763,0.008434,1512.000000,0.238155,0.681138,0.428881,0.263749,24.390592,621.059344,4.803509,5.570045,13.672287,200.997851,5.570045,3.920000,2.161851,1.219579,1.474004,3,0.334688,30,1,12,6,0.080000,94.740000,134.494192,580.500000,0.211428,0.035950,36.165134,0.050000,0.000000,290,236,5.341325
62,defense_vs_attack,420.000000,460.000000,40.000000,110.350000,0.000000,0.000000,3828.600000,0.000000,0.000000,0.450000,243.000000,0.234160,40.815528,0.166586,34.695061,10.135864,52.000000,60.000000,4.673765,2.533966,9.000000,11.000000,0.320109,9,28,4.804785,15.000000,0.000000,50,28,21,73,0,4.673765,2.533966,0,28,7.000000,0.000000,7.000000,0.000000,1.000000,3.250000,3.175000,3.150000,0.000000,0.009486,0.000000,0.000000,0.033527,18,18,0.021873,0.006006,0.001595,1944.000000,0.233016,0.656450,0.421711,0.314317,24.432236,626.210219,4.804785,5.550855,13.532298,199.202446,5.550855,4.080000,2.348106,1.071812,0.644363,3,0.386188,40,1,11,6,0.083265,92.180000,134.477789,580.500000,0.215803,0.036128,36.491801,0.000000,0.000000,568,367,5.962837
63,baseline,120.000000,160.000000,40.000000,81.450000,0.000000,0.000000,2955.300000,0.000000,0.000000,0.450000,243.000000,0.228114,39.310684,0.169715,36.283610,11.792897,60.000000,68.000000,5.070902,2.948224,11.000000,13.000000,0.000619,1,25,4.640245,15.000000,0.000000,50,25,24,75,0,5.070902,2.948224,0,25,3.000000,0.000000,3.000000,0.000000,1.000000,1.425000,1.425000,1.425000,0.000000,0.006095,0.000715,0.000000,0.047450,18,18,0.011729,0.006748,0.001777,1944.000000,0.282869,0.813168,2.795638,0.238112,20.554823,445.340776,4.640245,5.539713,11.616801,145.854683,5.539713,4.040000,2.697851,1.344799,1.681918,5,0.265483,34,1,10,5,0.082449,65.400000,97.521960,486.101639,0.283824,0.052964,36.510132,0.000000,0.000000,411,306,5.614450
63,attack_only,220.000000,260.000000,40.000000,74.725000,0.000000,0.000000,2794.700000,0.000000,0.000000,0.450000,243.000000,0.247801,40.126570,0.178965,37.399799,13.350754,68.000000,68.000000,5.349950,3.337689,13.000000,13.000000,0.472850,8,24,4.580354,15.000000,0.000000,50,24,25,82,0,5.349950,3.337689,0,24,3.000000,0.000000,3.000000,0.000000,1.000000,1.350000,1.350000,1.350000,0.000000,0.002227,0.000622,0.000000,0.054908,18,18,0.004736,0.001116,0.000227,1944.000000,0.294397,0.827813,3.018495,0.254396,20.818289,457.852637,4.580354,5.531940,10.853204,129.113576,5.531940,4.240000,2.943196,1.378665,1.600116,5,0.304725,46,1,10,5,0.086531,62.840000,101.959565,485.239066,0.292575,0.055450,36.413972,0.000000,0.000000,734,475,6.254160
63,defense_only,320.000000,360.000000,40.000000,82.600000,0.000000,0.000000,2989.300000,0.000000,0.000000,0.450000,243.000000,0.198832,37.433477,0.164357,36.190073,11.623542,60.000000,68.000000,5.047518,2.905886,11.000000,13.000000,0.000000,0,25,4.641255,15.000000,0.000000,50,25,24,75,0,5.047518,2.905886,0,25,3.000000,0.000000,3.000000,0.000000,1.000000,1.350000,1.350000,1.350000,0.000000,0.005412,0.000622,0.000000,0.049560,18,18,0.009549,0.003645,0.000983,1944.000000,0.276360,0.803301,2.727660,0.230556,20.941052,465.878403,4.641255,5.543005,11.723597,148.385703,5.543005,4.040000,2.697851,1.344799,1.681918,5,0.265483,34,1,10,5,0.082449,65.400000,97.521960,486.101639,0.283824,0.052964,36.256253,0.000000,0.000000,411,306,5.614450
63,defense_vs_attack,420.000000,460.000000,40.000000,74.125000,0.000000,0.000000,2789.700000,0.000000,0.000000,0.450000,243.000000,0.259906,43.176303,0.189129,37.635076,13.574020,68.000000,68.000000,5.408769,3.393505,13.000000,13.000000,0.476709,8,24,4.579844,15.000000,0.000000,50,24,25,82,0,5.408769,3.393505,0,24,3.000000,0.000000,3.000000,0.000000,1.000000,1.400000,1.350000,1.350000,0.000000,0.002863,0.000622,0.000000,0.053944,18,18,0.005721,0.001753,0.000496,1944.000000,0.297175,0.808211,2.857565,0.241550,19.319796,390.312401,4.579844,5.538618,10.763884,127.319555,5.538618,4.240000,2.943196,1.378665,1.600116,5,0.304725,46,1,10,5,0.086531,62.840000,101.959565,485.239066,0.292575,0.055450,36.390609,0.000000,0.000000,734,475,6.254160
67,baseline,120.000000,160.000000,40.000000,104.900000,0.000000,0.000000,3672.900000,0.000000,0.000000,0.450000,243.000000,0.178609,34.647482,0.156103,35.013346,9.959250,48.000000,56.000000,4.753337,2.489813,8.000000,10.000000,0.000000,0,29,4.856210,15.000000,0.000000,50,29,20,71,0,4.753337,2.489813,0,29,3.000000,0.000000,3.000000,0.000000,1.000000,1.425000,1.425000,1.425000,0.000000,0.006095,0.000715,0.000000,0.049498,18,18,0.011932,0.007100,0.002098,1944.000000,0.250730,0.872981,0.478086,0.221315,24.306039,598.478901,4.856210,5.520475,13.328818,192.002017,5.520475,4.200000,2.441311,0.575662,-0.573668,6,0.336460,42,1,7,4,0.085714,61.400000,73.005579,238.882166,0.294028,0.051569,36.136690,0.000000,0.000000,565,346,5.783211
67,attack_only,220.000000,260.000000,40.000000,109.525000,0.000000,0.000000,3843.900000,0.000000,0.000000,0.450000,243.000000,0.273213,43.544086,0.191244,35.096097,11.501362,56.000000,64.000000,4.774024,2.875341,10.000000,12.000000,0.322225,8,30,4.902695,15.000000,0.000000,50,30,19,79,0,4.774024,2.875341,0,30,3.000000,0.000000,3.000000,0.000000,1.000000,1.425000,1.375000,1.350000,0.001590,0.002313,0.000622,0.000000,0.047719,18,18,0.004825,0.001170,0.000415,1944.000000,0.248415,0.837646,0.461274,0.221816,24.892658,631.316884,4.902695,5.495796,12.987510,187.934354,5.495796,4.440000,2.743429,0.704178,-0.237800,6,0.368091,57,1,7,4,0.090612,57.600000,81.733352,391.650689,0.308466,0.056818,36.050045,0.000000,0.000000,958,542,6.373956
67,defense_only,320.000000,360.000000,40.000000,103.650000,0.000000,0.000000,3627.500000,0.000000,0.000000,0.450000,243.000000,0.217200,34.337892,0.156553,34.997588,9.942745,48.000000,56.000000,4.749397,2.485686,8.000000,10.000000,0.000486,1,29,4.855327,15.000000,0.000000,50,29,20,71,0,4.749397,2.485686,0,29,3.000000,0.000000,3.000000,0.000000,1.000000,1.375000,1.375000,1.350000,0.001608,0.005297,0.000622,0.000000,0.048279,18,18,0.009764,0.003653,0.001223,1944.000000,0.252317,0.879858,0.404588,0.213794,24.117979,586.594006,4.855327,5.514064,13.274002,190.157855,5.514064,4.200000,2.441311,0.575662,-0.573668,6,0.336460,42,1,7,4,0.085714,61.400000,73.005579,238.882166,0.294028,0.051569,35.912843,0.000000,0.000000,565,346,5.783211
67,defense_vs_attack,420.000000,460.000000,40.000000,108.325000,0.000000,0.000000,3792.200000,0.000000,0.000000,0.450000,243.000000,0.307590,42.332792,0.188543,35.007616,11.533240,56.000000,64.000000,4.751904,2.883310,10.000000,12.000000,0.325819,8,30,4.901332,15.000000,0.000000,50,30,19,79,0,4.751904,2.883310,0,30,3.000000,0.000000,3.000000,0.000000,1.000000,1.425000,1.350000,1.350000,0.000000,0.003206,0.000622,0.000000,0.047674,18,18,0.006103,0.001529,0.000472,1944.000000,0.251560,0.850570,0.435198,0.223341,24.634647,617.484286,4.901332,5.496119,12.927498,186.079049,5.496119,4.440000,2.743429,0.704178,-0.237800,6,0.368091,57,1,7,4,0.090612,57.600000,81.733352,391.650689,0.308466,0.056818,36.087428,0.000000,0.000000,958,542,6.373956
73,baseline,120.000000,160.000000,40.000000,129.850000,0.000000,0.000000,4269.500000,0.000000,0.000000,0.450000,243.000000,0.135821,34.436667,0.130125,32.880246,8.037929,48.000000,56.000000,4.220062,2.009482,8.000000,10.000000,0.000194,0,30,4.906182,15.000000,0.000000,50,30,19,61,0,4.220062,2.009482,0,30,5.000000,0.000000,5.000000,0.000000,1.000000,2.400000,2.375000,2.375000,0.000000,0.010189,0.000715,0.000000,0.037037,18,18,0.022006,0.010025,0.002961,1944.000000,0.209534,0.730001,0.334531,0.229877,26.408392,713.255932,4.906182,5.510512,15.237120,246.897133,5.510512,3.760000,2.005592,0.687957,0.313689,6,0.289587,29,1,10,5,0.076735,72.060000,76.422977,305.283586,0.263279,0.048699,36.088603,0.000000,0.000000,162,176,5.155978
73,attack_only,220.000000,260.000000,40.000000,130.600000,0.000000,0.000000,4359.900000,0.000000,0.000000,0.450000,243.000000,0.154344,41.499712,0.148512,33.383614,9.733029,56.000000,64.000000,4.345904,2.433257,10.000000,12.000000,0.269542,7,30,4.905988,15.000000,0.000000,50,30,19,65,0,4.345904,2.433257,0,30,5.000000,0.000000,5.000000,0.000000,1.000000,2.250000,2.250000,2.250000,0.000000,0.003711,0.000622,0.000000,0.036298,18,18,0.008745,0.002231,0.000454,1944.000000,0.211588,0.723724,0.406949,0.240563,27.153777,761.369189,4.905988,5.483000,14.588975,232.846989,5.483000,3.920000,2.431789,1.261403,1.803386,6,0.342670,41,1,8,4,0.080000,61.440000,94.625175,552.326314,0.296484,0.058158,36.667611,0.000000,0.000000,283,263,5.827964
73,defense_only,320.000000,360.000000,40.000000,127.850000,0.000000,0.000000,4204.900000,0.000000,0.000000,0.450000,243.000000,0.371525,36.419230,0.139865,32.889323,8.088329,48.000000,56.000000,4.222331,2.022082,8.000000,10.000000,0.000000,0,30,4.900981,15.000000,0.000000,50,30,19,61,0,4.222331,2.022082,0,30,5.000000,0.000000,5.000000,0.000000,1.000000,2.300000,2.275000,2.250000,0.000000,0.009122,0.000622,0.000000,0.038161,18,18,0.018575,0.007284,0.002396,1944.000000,0.213632,0.746347,0.349637,0.235764,26.876263,743.101301,4.900981,5.493698,15.122950,243.132594,5.493698,3.760000,2.005592,0.687957,0.313689,6,0.289587,29,1,10,5,0.076735,72.060000,76.422977,305.283586,0.263279,0.048699,36.297509,0.000000,0.000000,162,176,5.155978
73,defense_vs_attack,420.000000,460.000000,40.000000,129.650000,0.000000,0.000000,4335.100000,0.000000,0.000000,0.450000,243.000000,0.173893,42.520728,0.152882,33.436946,9.782161,56.000000,64.000000,4.359236,2.445540,10.000000,12.000000,0.271528,7,30,4.905716,15.000000,0.000000,50,30,19,65,0,4.359236,2.445540,0,30,5.000000,0.000000,5.000000,0.000000,1.000000,2.275000,2.250000,2.250000,0.000000,0.004700,0.000622,0.000000,0.038193,18,18,0.010600,0.003059,0.000565,1944.000000,0.210429,0.731841,0.357749,0.232145,26.604432,723.601534,4.905716,5.481160,14.528942,230.988802,5.481160,3.920000,2.431789,1.261403,1.803386,6,0.342670,41,1,8,4,0.080000,61.440000,94.625175,552.326314,0.296484,0.058158,36.175479,0.000000,0.000000,283,263,5.827964
75,baseline,120.000000,160.000000,40.000000,121.575000,0.000000,0.000000,3885.100000,0.000000,0.000000,0.450000,243.000000,0.152254,29.386465,0.129540,31.956406,7.329146,44.000000,44.000000,3.989101,1.832286,7.000000,7.000000,0.000000,0,30,4.905877,15.000000,0.000000,50,30,19,56,0,3.989101,1.832286,0,30,6.000000,0.000000,6.000000,0.000000,1.000000,2.900000,2.875000,2.850000,0.000000,0.012303,0.000714,0.000000,0.033677,18,18,0.027213,0.011183,0.003493,1944.000000,0.226159,0.733214,0.465882,0.247647,25.687739,685.804295,4.905877,5.531048,15.070253,238.187975,5.531048,3.520000,1.813725,0.430344,-0.936584,6,0.231238,19,1,9,5,0.071837,70.980000,105.055231,456.196059,0.264794,0.045986,36.498532,0.000000,0.000000,106,108,4.547544
75,attack_only,220.000000,260.000000,40.000000,116.350000,0.000000,0.000000,3846.800000,0.000000,0.000000,0.450000,243.000000,0.189102,32.561619,0.134442,33.062312,8.141369,44.000000,56.000000,4.265578,2.035342,7.000000,10.000000,0.302919,7,29,4.856385,15.000000,0.000000,50,29,20,64,0,4.265578,2.035342,0,29,0.000000,0.000000,0.000000,0.000000,0.000000,1.875000,1.800000,1.800000,0.000000,0.003030,0.000621,0.000000,0.040575,0,18,0.000000,0.000000,0.000000,0.000000,0.229562,0.740668,0.460621,0.236803,25.387185,665.589705,4.856385,5.530956,14.530816,223.265569,5.530956,3.760000,2.025438,0.689306,0.070607,6,0.299905,29,1,9,5,0.076735,68.720000,109.513336,515.423846,0.272561,0.050688,36.651179,0.000000,0.000000,198,193,5.119269
75,defense_only,320.000000,360.000000,40.000000,121.550000,0.000000,0.000000,3891.500000,0.000000,0.000000,0.450000,243.000000,0.157841,30.540782,0.134107,32.015631,7.318780,44.000000,48.000000,4.003908,1.829695,7.000000,8.000000,0.001242,2,30,4.959972,15.000000,0.000000,50,30,19,57,0,4.003908,1.829695,3,33,6.000000,0.000000,6.000000,1.000000,2.000000,2.900000,2.825000,2.825000,0.000000,0.009647,0.000636,0.000033,0.033430,18,18,0.079112,0.232700,0.121944,1944.000000,0.225407,0.741688,0.391832,0.247186,25.969804,703.326949,4.905786,5.527231,15.072327,238.210389,5.527231,3.560000,1.888491,0.539387,-0.718917,6,0.246286,23,1,9,5,0.072653,70.920000,106.435219,456.196059,0.265052,0.046348,35.967399,0.025000,0.000000,119,124,4.811496
75,defense_vs_attack,420.000000,460.000000,40.000000,113.975000,0.000000,0.000000,3730.200000,0.000000,0.000000,0.450000,243.000000,0.102843,29.577577,0.128463,32.728230,7.944288,48.000000,56.000000,4.182057,1.986072,8.000000,10.000000,0.311038,8,29,4.997670,15.000000,0.000000,50,29,20,65,0,4.182057,1.986072,6,35,10.142857,6.081085,25.000000,1.000000,2.000000,6.425000,6.300000,6.250000,0.001110,0.017817,0.000563,0.000185,0.022850,7,18,0.047593,0.016845,0.020037,756.000000,0.239908,0.700543,0.476508,0.268645,25.005565,661.194081,4.857491,5.543053,14.472993,220.542197,5.543053,3.800000,2.088061,0.714415,-0.024914,6,0.314952,33,1,9,5,0.077551,68.660000,110.961742,515.932393,0.272836,0.051064,36.511066,0.000000,0.025000,211,209,5.207447
80,baseline,120.000000,160.000000,40.000000,127.750000,0.000000,0.000000,4208.300000,0.000000,0.000000,0.450000,243.000000,0.090110,40.129271,0.152956,32.941683,9.182948,48.000000,56.000000,4.235421,2.295737,8.000000,10.000000,0.000000,0,29,4.857679,15.000000,0.000000,50,29,21,59,0,4.235421,2.295737,0,29,6.000000,0.000000,6.000000,0.000000,1.000000,2.925000,2.850000,2.850000,0.000000,0.012294,0.000714,0.000000,0.033875,18,18,0.027582,0.012543,0.004068,1944.000000,0.209271,0.710587,0.391109,0.232782,26.137093,709.056742,4.857679,5.519525,14.687361,233.625697,5.519525,3.640000,2.123770,0.989439,0.380115,5,0.303444,29,1,9,5,0.074286,71.880000,97.032668,381.040079,0.265759,0.053030,36.753319,0.000000,0.000000,165,182,5.170736
80,attack_only,220.000000,260.000000,40.000000,132.025000,0.000000,0.000000,4533.300000,0.000000,0.000000,0.450000,243.000000,0.120585,48.468741,0.168325,34.336679,10.629829,56.000000,64.000000,4.584170,2.657457,10.000000,12.000000,0.266565,7,29,4.857475,15.000000,0.000000,50,29,21,65,0,4.584170,2.657457,0,29,6.000000,0.000000,6.000000,0.000000,1.000000,2.700000,2.700000,2.700000,0.000000,0.004453,0.000621,0.000000,0.034762,18,18,0.010836,0.002741,0.000755,1944.000000,0.200536,0.710016,0.318646,0.259293,26.784785,737.233631,4.857475,5.478708,14.227232,225.986512,5.478708,3.960000,2.521587,1.107889,0.823495,5,0.331076,46,1,9,5,0.080816,68.360000,89.624311,360.500000,0.277959,0.059752,36.374916,0.000000,0.000000,699,446,6.285117
80,defense_only,320.000000,360.000000,40.000000,129.475000,0.000000,0.000000,4265.100000,0.000000,0.000000,0.450000,243.000000,0.159811,41.188967,0.154254,32.941494,9.227356,48.000000,56.000000,4.235374,2.306839,8.000000,10.000000,0.000000,0,29,4.857042,15.000000,0.000000,50,29,21,59,0,4.235374,2.306839,0,29,6.000000,0.000000,6.000000,0.000000,1.000000,2.700000,2.700000,2.700000,0.000000,0.010824,0.000621,0.000000,0.034266,18,18,0.022625,0.008937,0.002124,1944.000000,0.204398,0.707748,0.318903,0.232694,26.142487,699.224222,4.857042,5.516698,14.743177,235.881086,5.516698,3.640000,2.123770,0.989439,0.380115,5,0.303444,29,1,9,5,0.074286,71.880000,97.032668,381.040079,0.265759,0.053030,36.359770,0.000000,0.000000,165,182,5.170736
80,defense_vs_attack,420.000000,460.000000,40.000000,131.225000,0.000000,0.000000,4497.000000,0.000000,0.000000,0.450000,243.000000,0.194427,47.618036,0.165819,34.269385,10.651828,56.000000,64.000000,4.567346,2.662957,10.000000,12.000000,0.268199,7,29,4.856625,15.000000,0.000000,50,29,21,65,0,4.567346,2.662957,0,29,6.000000,0.000000,6.000000,0.000000,1.000000,2.800000,2.700000,2.700000,0.000000,0.005723,0.000621,0.000000,0.034042,18,18,0.013198,0.003839,0.001214,1944.000000,0.202031,0.712379,0.329698,0.240929,26.455371,714.497683,4.856625,5.479374,14.189512,224.708933,5.479374,3.960000,2.521587,1.107889,0.823495,5,0.331076,46,1,9,5,0.080816,68.360000,89.624311,360.500000,0.277959,0.059752,36.408429,0.000000,0.000000,699,446,6.285117
82,baseline,120.000000,160.000000,40.000000,67.700000,0.000000,0.000000,2416.700000,0.000000,0.000000,0.450000,243.000000,0.291539,23.877143,0.120185,35.697194,7.677965,52.000000,52.000000,4.924298,1.919491,9.000000,9.000000,0.000000,0,22,4.453034,15.000000,0.000000,50,22,27,73,0,4.924298,1.919491,0,22,3.000000,0.000000,3.000000,0.000000,1.000000,1.425000,1.425000,1.425000,0.000000,0.006095,0.000714,0.000000,0.054007,18,18,0.011609,0.005708,0.001795,1944.000000,0.301016,0.801091,2.790021,0.285226,19.819138,427.323903,4.453034,5.537559,11.563235,136.490339,5.537559,3.640000,2.188698,0.658127,-0.518094,8,0.339889,27,1,12,6,0.074286,87.520000,122.688802,577.233333,0.229600,0.048961,36.760505,0.000000,0.000000,187,185,5.042218
82,attack_only,220.000000,260.000000,40.000000,68.175000,0.000000,0.000000,2511.700000,0.000000,0.000000,0.450000,243.000000,0.285987,30.273021,0.145615,36.841951,9.437166,52.000000,60.000000,5.210488,2.359291,9.000000,11.000000,0.517560,7,22,4.453322,15.000000,0.000000,50,22,27,79,0,5.210488,2.359291,0,22,3.000000,0.000000,3.000000,0.000000,1.000000,1.350000,1.350000,1.350000,0.000000,0.002226,0.000621,0.000000,0.053606,18,18,0.004752,0.001117,0.000264,1944.000000,0.298285,0.816588,2.975843,0.263246,18.789980,382.804120,4.453322,5.518725,11.299602,132.578813,5.518725,3.880000,2.446549,0.778237,-0.068362,8,0.380801,41,1,11,6,0.079184,81.820000,127.507572,574.494048,0.241896,0.052157,36.644964,0.000000,0.000000,464,344,5.885838
82,defense_only,320.000000,360.000000,40.000000,66.275000,0.000000,0.000000,2370.300000,0.000000,0.000000,0.450000,243.000000,0.261850,24.207956,0.122779,35.764617,7.716133,52.000000,52.000000,4.941154,1.929033,9.000000,9.000000,0.001902,2,22,4.454015,15.000000,0.000000,50,22,27,73,0,4.941154,1.929033,0,22,3.000000,0.000000,3.000000,0.000000,1.000000,1.375000,1.375000,1.350000,0.001912,0.005726,0.000621,0.000000,0.054931,18,18,0.010304,0.004065,0.001529,1944.000000,0.305055,0.810110,3.047145,0.312537,18.624349,385.475351,4.454015,5.533391,11.445599,133.635730,5.533391,3.640000,2.188698,0.658127,-0.518094,8,0.339889,27,1,12,6,0.074286,87.520000,122.688802,577.233333,0.229600,0.048961,36.492250,0.000000,0.000000,187,185,5.042218
82,defense_vs_attack,420.000000,460.000000,40.000000,67.450000,0.000000,0.000000,2475.900000,0.000000,0.000000,0.450000,243.000000,0.353195,29.475424,0.143131,36.707191,9.422987,52.000000,60.000000,5.176798,2.355747,9.000000,11.000000,0.523169,7,22,4.449889,15.000000,0.000000,50,22,27,79,0,5.176798,2.355747,0,22,3.000000,0.000000,3.000000,0.000000,1.000000,1.400000,1.350000,1.350000,0.000000,0.002992,0.000622,0.000000,0.054485,18,18,0.006007,0.001335,0.000334,1944.000000,0.301481,0.791649,2.925286,0.278634,19.122454,401.512976,4.449889,5.511417,11.250863,131.319731,5.511417,3.880000,2.446549,0.778237,-0.068362,8,0.380801,41,1,11,6,0.079184,81.820000,127.507572,574.494048,0.241896,0.052157,36.661728,0.000000,0.000000,464,344,5.885838
77,baseline,120.000000,160.000000,40.000000,141.750000,0.000000,0.000000,4662.500000,0.000000,0.000000,0.450000,243.000000,0.214810,41.112830,0.153228,32.892416,8.905821,48.000000,52.000000,4.223104,2.226455,8.000000,9.000000,0.000355,1,31,4.952582,15.000000,0.000000,50,31,19,63,0,4.223104,2.226455,0,31,5.000000,0.000000,5.000000,0.000000,1.000000,2.400000,2.400000,2.375000,0.001256,0.010532,0.000714,0.000000,0.034839,18,18,0.022281,0.011772,0.003079,1944.000000,0.199460,0.699742,0.315580,0.256003,28.200112,821.547842,4.952582,5.530588,15.388330,257.722615,5.530588,3.880000,2.160000,0.702675,-0.530496,5,0.228063,23,1,10,5,0.079184,69.340000,82.773988,454.998450,0.270824,0.049094,36.320843,0.000000,0.000000,389,255,5.344363
77,attack_only,220.000000,260.000000,40.000000,137.525000,0.000000,0.000000,4567.500000,0.000000,0.000000,0.450000,243.000000,0.217560,45.156757,0.167787,33.212143,10.365414,52.000000,64.000000,4.303036,2.591354,9.000000,12.000000,0.255941,7,31,4.952466,15.000000,0.000000,50,31,19,68,0,4.303036,2.591354,0,31,0.000000,0.000000,0.000000,0.000000,0.000000,1.500000,1.425000,1.425000,0.000000,0.006160,0.000715,0.000000,0.038311,0,18,0.000000,0.000000,0.000000,0.000000,0.205810,0.713853,0.344835,0.252939,28.059643,818.382459,4.952466,5.525577,14.559020,236.330502,5.525577,4.040000,2.529506,1.089426,0.562265,5,0.259400,31,1,9,5,0.082449,61.260000,97.505930,510.271995,0.298203,0.058582,36.350160,0.000000,0.000000,555,348,5.873941
77,defense_only,320.000000,360.000000,40.000000,141.100000,0.000000,0.000000,4625.500000,0.000000,0.000000,0.450000,243.000000,0.183045,38.873014,0.145388,32.781715,8.896514,48.000000,52.000000,4.195429,2.224128,8.000000,9.000000,0.000356,1,31,4.953028,15.000000,0.000000,50,31,19,63,0,4.195429,2.224128,0,31,5.000000,0.000000,5.000000,0.000000,1.000000,2.425000,2.300000,2.250000,0.002469,0.004125,0.000621,0.000000,0.034660,18,18,0.008951,0.002203,0.000740,1944.000000,0.200958,0.704603,0.350318,0.242663,28.235647,823.114114,4.953028,5.528919,15.367871,256.850119,5.528919,3.880000,2.160000,0.702675,-0.530496,5,0.228063,23,1,10,5,0.079184,69.340000,82.773988,454.998450,0.270824,0.049094,36.418851,0.000000,0.000000,389,255,5.344363
77,defense_vs_attack,420.000000,460.000000,40.000000,138.925000,0.000000,0.000000,4614.000000,0.000000,0.000000,0.450000,243.000000,0.214868,42.905204,0.160065,33.212165,10.315265,52.000000,64.000000,4.303041,2.578816,9.000000,12.000000,0.256062,10,31,5.101855,15.000000,0.000000,50,31,19,71,0,4.303041,2.578816,7,38,5.000000,0.000000,5.000000,0.000000,1.000000,5.425000,5.400000,5.175000,0.009240,0.016961,0.000650,0.000099,0.023496,7,18,0.014287,0.008492,0.002860,756.000000,0.205365,0.693145,0.378454,0.258045,27.427040,772.038826,4.952532,5.520388,14.628856,238.747983,5.520388,4.240000,2.739051,1.067885,0.346785,5,0.300665,48,1,9,5,0.086531,61.060000,97.318727,509.935112,0.299190,0.059481,34.971654,0.100000,0.025000,1068,592,6.527961
84,baseline,120.000000,160.000000,40.000000,123.550000,0.000000,0.000000,4239.500000,0.000000,0.000000,0.450000,243.000000,0.188407,40.493144,0.151679,34.314043,9.499160,56.000000,64.000000,4.578511,2.374790,10.000000,12.000000,0.000000,0,30,4.905356,15.000000,0.000000,50,30,19,67,0,4.578511,2.374790,0,30,4.000000,0.000000,4.000000,0.000000,1.000000,1.925000,1.900000,1.900000,0.000000,0.008152,0.000714,0.000000,0.038773,18,18,0.016271,0.006013,0.001803,1944.000000,0.220409,0.781405,0.301179,0.230799,25.791054,685.908292,4.905356,5.522643,14.380747,224.254647,5.522643,4.080000,2.406990,0.921398,0.947643,7,0.320051,36,1,8,5,0.083265,60.560000,66.069475,284.181746,0.298831,0.055605,36.180530,0.000000,0.000000,527,318,5.823072
84,attack_only,220.000000,260.000000,40.000000,120.975000,0.000000,0.000000,4182.100000,0.000000,0.000000,0.450000,243.000000,0.193988,52.060180,0.188630,34.569952,13.080324,64.000000,80.000000,4.642488,3.270081,12.000000,16.000000,0.291121,7,30,4.905220,15.000000,0.000000,50,30,19,76,0,4.642488,3.270081,0,30,4.000000,0.000000,4.000000,0.000000,1.000000,1.925000,1.825000,1.800000,0.001416,0.003200,0.000621,0.000000,0.040719,18,18,0.007648,0.003679,0.002062,1944.000000,0.224681,0.761565,0.343032,0.220544,25.915774,686.106729,4.905220,5.513804,12.808155,189.247563,5.513804,4.320000,2.935575,1.657640,3.749777,7,0.374438,55,1,8,5,0.088163,58.680000,74.495716,337.805356,0.306792,0.060467,36.096499,0.000000,0.000000,1171,632,6.755278
84,defense_only,320.000000,360.000000,40.000000,123.600000,0.000000,0.000000,4240.200000,0.000000,0.000000,0.450000,243.000000,0.182620,40.166168,0.150722,34.305825,9.464480,56.000000,64.000000,4.576456,2.366120,10.000000,12.000000,0.000000,0,30,4.905467,15.000000,0.000000,50,30,19,67,0,4.576456,2.366120,0,30,4.000000,0.000000,4.000000,0.000000,1.000000,1.800000,1.800000,1.800000,0.000000,0.007023,0.000621,0.000000,0.040763,18,18,0.013610,0.004585,0.001504,1944.000000,0.221096,0.777189,0.329255,0.231815,27.073252,762.953494,4.905467,5.529070,14.396879,224.625741,5.529070,4.080000,2.406990,0.921398,0.947643,7,0.320051,36,1,8,5,0.083265,60.560000,66.069475,284.181746,0.298831,0.055605,36.301204,0.000000,0.000000,527,318,5.823072
84,defense_vs_attack,420.000000,460.000000,40.000000,121.100000,0.000000,0.000000,4197.900000,0.000000,0.000000,0.450000,243.000000,0.184474,53.612158,0.193745,34.664740,13.160161,64.000000,80.000000,4.666185,3.290040,12.000000,16.000000,0.292065,10,30,4.905381,15.000000,0.000000,50,30,19,76,0,4.666185,3.290040,0,30,4.000000,0.000000,4.000000,0.000000,1.000000,1.800000,1.800000,1.800000,0.000000,0.003912,0.000621,0.000000,0.041376,18,18,0.008407,0.002078,0.000315,1944.000000,0.225641,0.776460,0.323134,0.244210,25.630387,668.877403,4.905381,5.508971,12.773973,188.643888,5.508971,4.320000,2.935575,1.657640,3.749777,7,0.374438,55,1,8,5,0.088163,58.680000,74.495716,337.805356,0.306792,0.060467,36.241386,0.000000,0.000000,1171,632,6.755278
94,baseline,120.000000,160.000000,40.000000,150.850000,0.000000,0.000000,4794.100000,0.000000,0.000000,0.450000,243.000000,0.238349,37.883742,0.151609,31.780577,8.304264,48.000000,48.000000,3.945144,2.076066,8.000000,8.000000,0.000833,2,34,5.085369,15.000000,0.000000,50,34,15,54,0,3.945144,2.076066,0,34,7.000000,0.000000,7.000000,0.000000,1.000000,3.500000,3.400000,3.325000,0.000000,0.014478,0.000715,0.000000,0.028731,18,18,0.033056,0.014688,0.005194,1944.000000,0.204884,0.748663,0.294341,0.217576,29.016364,852.946127,5.085369,5.526468,16.040720,278.442528,5.526468,3.760000,1.985548,0.471696,-0.672266,6,0.229810,30,1,8,5,0.076735,67.040000,69.467416,285.581229,0.275009,0.044689,36.177969,0.000000,0.000000,170,175,5.185165
94,attack_only,220.000000,260.000000,40.000000,150.050000,0.000000,0.000000,4822.700000,0.000000,0.000000,0.450000,243.000000,0.274413,45.598505,0.170492,32.140620,10.066832,48.000000,68.000000,4.035155,2.516708,8.000000,13.000000,0.234584,7,34,5.084679,15.000000,0.000000,50,34,15,59,0,4.035155,2.516708,0,34,0.000000,0.000000,0.000000,0.000000,0.000000,2.350000,2.350000,2.325000,0.001160,0.007658,0.000640,0.000037,0.033141,0,18,0.000000,0.000000,0.000000,0.000000,0.207608,0.710796,0.318433,0.234981,29.198533,879.101281,5.084679,5.512631,15.164469,256.772529,5.512631,3.920000,2.356608,1.306068,2.642109,6,0.253348,41,1,8,4,0.080000,63.480000,76.982949,377.339083,0.286860,0.048668,36.495916,0.000000,0.000000,416,332,6.075092
94,defense_only,320.000000,360.000000,40.000000,152.625000,0.000000,0.000000,4851.100000,0.000000,0.000000,0.450000,243.000000,0.223869,38.209075,0.151418,31.784439,8.290748,48.000000,48.000000,3.946110,2.072687,8.000000,8.000000,0.000000,0,34,5.085657,15.000000,0.000000,50,34,15,54,0,3.946110,2.072687,0,34,7.000000,0.000000,7.000000,0.000000,1.000000,3.300000,3.275000,3.250000,0.001157,0.012877,0.000642,0.000039,0.030023,18,18,0.028022,0.006399,0.003341,1944.000000,0.202884,0.733519,0.294204,0.231219,29.064805,858.421732,5.085657,5.526361,16.118583,281.367778,5.526361,3.760000,1.985548,0.471696,-0.672266,6,0.229810,30,1,8,5,0.076735,67.040000,69.467416,285.581229,0.275009,0.044689,36.303980,0.000000,0.000000,170,175,5.185165
94,defense_vs_attack,420.000000,460.000000,40.000000,148.350000,0.000000,0.000000,4780.800000,0.000000,0.000000,0.450000,243.000000,0.224365,44.749037,0.170850,32.226491,9.818985,48.000000,68.000000,4.056623,2.454746,8.000000,13.000000,0.238983,8,34,5.245294,15.000000,0.000000,50,34,15,59,0,4.056623,2.454746,7,41,0.000000,0.000000,0.000000,0.000000,0.000000,2.775000,2.650000,2.625000,0.001163,0.008061,0.000664,0.000046,0.032008,0,18,0.000000,0.000000,0.000000,0.000000,0.208110,0.732461,0.345202,0.222302,28.675705,848.228070,5.085561,5.513942,15.223977,257.365925,5.513942,4.000000,2.391652,1.184189,2.199521,6,0.264226,46,1,8,4,0.081633,63.420000,75.920641,365.804739,0.287135,0.048955,35.437108,0.025000,0.025000,574,403,6.260175
95,baseline,120.000000,160.000000,40.000000,84.750000,0.000000,0.000000,3133.300000,0.000000,0.000000,0.450000,243.000000,0.211917,33.829289,0.148474,36.971091,9.362751,52.000000,52.000000,5.242773,2.340688,9.000000,9.000000,0.000000,0,24,4.582301,15.000000,0.000000,50,24,26,72,0,5.242773,2.340688,0,24,5.000000,0.000000,5.000000,0.000000,1.000000,2.400000,2.375000,2.375000,0.000000,0.010177,0.000714,0.000000,0.041744,18,18,0.022366,0.011129,0.003189,1944.000000,0.257241,0.801511,0.496743,0.232359,21.240103,472.558086,4.582301,5.509982,12.395886,161.994994,5.509982,3.960000,2.332038,0.625479,-0.754376,6,0.327794,37,1,10,5,0.080816,73.180000,108.170388,473.760541,0.260801,0.049879,36.137484,0.000000,0.000000,360,296,5.490462
95,attack_only,220.000000,260.000000,40.000000,81.450000,0.000000,0.000000,3032.400000,0.000000,0.000000,0.450000,243.000000,0.228018,36.808989,0.163916,37.230203,10.966288,52.000000,64.000000,5.307551,2.741572,9.000000,12.000000,0.432900,7,24,4.581673,15.000000,0.000000,50,24,26,80,0,5.307551,2.741572,0,24,0.000000,0.000000,0.000000,0.000000,0.000000,1.375000,1.350000,1.350000,0.000000,0.002246,0.000621,0.000000,0.052907,0,18,0.000000,0.000000,0.000000,0.000000,0.269002,0.821363,2.829881,0.238952,20.895758,449.462572,4.581673,5.481497,11.802227,149.477926,5.481497,4.160000,2.648471,0.854208,0.021958,6,0.353821,53,1,10,5,0.084898,72.500000,111.642718,469.114468,0.263379,0.052316,36.308542,0.000000,0.000000,939,547,6.395504
95,defense_only,320.000000,360.000000,40.000000,82.275000,0.000000,0.000000,3048.200000,0.000000,0.000000,0.450000,243.000000,0.297499,33.917890,0.152000,37.048921,9.229890,52.000000,52.000000,5.262230,2.307472,9.000000,9.000000,0.000306,0,24,4.579342,15.000000,0.000000,50,24,26,72,0,5.262230,2.307472,0,24,5.000000,0.000000,5.000000,0.000000,1.000000,2.325000,2.250000,2.250000,0.000000,0.007038,0.000621,0.000000,0.044606,18,18,0.016282,0.005520,0.001729,1944.000000,0.264111,0.836335,2.711890,0.261584,21.251447,465.473198,4.579342,5.492033,12.275447,158.262979,5.492033,3.960000,2.332038,0.625479,-0.754376,6,0.327794,37,1,10,5,0.080816,73.180000,108.170388,473.760541,0.260801,0.049879,36.034321,0.000000,0.000000,360,296,5.490462
95,defense_vs_attack,420.000000,460.000000,40.000000,85.925000,0.000000,0.000000,3196.700000,0.000000,0.000000,0.450000,243.000000,0.497701,37.551902,0.166870,37.203375,10.695440,52.000000,64.000000,5.300844,2.673860,9.000000,12.000000,0.414420,9,25,4.826074,15.000000,0.000000,50,25,25,83,0,5.300844,2.673860,6,31,5.000000,0.000000,5.000000,0.000000,1.000000,2.050000,2.050000,2.025000,0.001667,0.007463,0.000688,0.000042,0.044825,11,18,0.017554,0.004892,0.002073,1188.000000,0.256878,0.811575,0.495698,0.260009,21.758415,497.257029,4.624642,5.481271,12.118443,157.821355,5.481271,4.480000,2.722058,0.607832,-0.460838,6,0.356649,67,1,10,5,0.091429,72.300000,110.021360,469.124751,0.264086,0.052800,33.549293,0.200000,0.025000,1754,910,6.814571
101,baseline,120.000000,160.000000,40.000000,104.000000,0.000000,0.000000,3315.300000,0.000000,0.000000,0.450000,243.000000,0.357589,29.406935,0.142535,31.877885,8.091097,44.000000,56.000000,3.969471,2.022774,7.000000,10.000000,0.000000,0,29,4.850860,15.000000,0.000000,50,29,21,58,0,3.969471,2.022774,0,29,3.000000,0.000000,3.000000,0.000000,1.000000,1.425000,1.425000,1.425000,0.000000,0.006095,0.000714,0.000000,0.046395,18,18,0.011715,0.005205,0.001796,1944.000000,0.256397,0.762035,0.500618,0.275593,24.228951,624.249876,4.850860,5.510683,13.892040,202.255323,5.510683,3.480000,2.002399,0.985897,0.792159,7,0.302190,22,1,11,6,0.071020,83.020000,99.677860,409.901840,0.242424,0.056813,36.587829,0.000000,0.000000,204,151,5.164204
101,attack_only,220.000000,260.000000,40.000000,104.700000,0.000000,0.000000,3348.000000,0.000000,0.000000,0.450000,243.000000,0.530903,34.435699,0.167971,31.977077,9.257819,56.000000,56.000000,3.994269,2.314455,10.000000,10.000000,0.336700,7,30,4.889862,15.000000,0.000000,50,30,20,63,0,3.994269,2.314455,0,30,3.000000,0.000000,3.000000,0.000000,1.000000,1.375000,1.350000,1.350000,0.000000,0.002250,0.000621,0.000000,0.044426,18,18,0.004915,0.001241,0.000608,1944.000000,0.264294,0.779641,2.137762,0.248368,24.082130,609.591877,4.889862,5.497590,13.584015,196.522437,5.497590,3.680000,2.203996,0.946753,0.562391,7,0.332635,33,1,10,5,0.075102,78.300000,97.615647,386.449892,0.252473,0.058106,36.755982,0.000000,0.000000,451,291,5.856529
101,defense_only,320.000000,360.000000,40.000000,105.100000,0.000000,0.000000,3349.900000,0.000000,0.000000,0.450000,243.000000,0.645747,34.559326,0.167081,31.873454,8.095715,44.000000,56.000000,3.968363,2.023929,7.000000,10.000000,0.001198,1,30,4.915175,15.000000,0.000000,50,30,20,59,0,3.968363,2.023929,2,32,3.055556,0.229061,4.000000,2.000000,3.000000,1.500000,1.500000,1.500000,0.000000,0.006136,0.000649,0.000042,0.044714,18,18,0.012586,0.008210,0.003740,1944.000000,0.252014,0.733525,0.497562,0.269316,23.490018,574.906429,4.873359,5.509550,13.952706,204.166903,5.509550,3.560000,2.021485,0.915095,0.626638,7,0.323048,25,1,11,6,0.072653,82.800000,99.226654,409.422848,0.242956,0.056885,35.461514,0.050000,0.000000,217,166,5.191867
101,defense_vs_attack,420.000000,460.000000,40.000000,104.200000,0.000000,0.000000,3340.600000,0.000000,0.000000,0.450000,243.000000,0.464037,34.151386,0.169417,32.059501,9.254159,56.000000,56.000000,4.014875,2.313540,10.000000,10.000000,0.338328,7,30,4.893932,15.000000,0.000000,50,30,20,63,0,4.014875,2.313540,0,30,3.000000,0.000000,3.000000,0.000000,1.000000,1.350000,1.350000,1.350000,0.000000,0.005637,0.000000,0.000000,0.045278,18,18,0.009787,0.002345,0.000278,1944.000000,0.263798,0.762730,2.502929,0.261113,23.990417,596.105508,4.893932,5.490248,13.558312,195.714613,5.490248,3.680000,2.203996,0.946753,0.562391,7,0.332635,33,1,10,5,0.075102,78.300000,97.615647,386.449892,0.252473,0.058106,36.457663,0.000000,0.000000,451,291,5.856529
105,baseline,120.000000,160.000000,40.000000,155.300000,0.000000,0.000000,5017.100000,0.000000,0.000000,0.450000,243.000000,0.236053,39.615957,0.144559,32.305860,8.494486,48.000000,56.000000,4.076465,2.123621,8.000000,10.000000,0.000486,1,33,5.042592,15.000000,0.000000,50,33,16,59,0,4.076465,2.123621,0,33,8.000000,0.000000,8.000000,0.000000,1.000000,3.925000,3.825000,3.800000,0.000000,0.016488,0.000715,0.000000,0.027344,18,18,0.038258,0.018143,0.004792,1944.000000,0.192629,0.712065,0.247011,0.237297,29.459946,886.465737,5.042592,5.537752,16.122715,283.029940,5.537752,3.880000,1.986353,0.594862,0.243673,6,0.218429,28,1,8,4,0.079184,67.760000,82.654241,412.382967,0.272867,0.043578,36.119735,0.000000,0.000000,246,210,4.959478
105,attack_only,220.000000,260.000000,40.000000,150.300000,0.000000,0.000000,4996.500000,0.000000,0.000000,0.450000,243.000000,0.204801,47.122539,0.159724,33.243513,9.921041,56.000000,64.000000,4.310878,2.480260,10.000000,12.000000,0.234114,7,32,4.998630,15.000000,0.000000,50,32,17,62,0,4.310878,2.480260,0,32,8.000000,0.000000,8.000000,0.000000,1.000000,3.600000,3.600000,3.600000,0.000000,0.005938,0.000622,0.000000,0.028904,18,18,0.014758,0.003904,0.000795,1944.000000,0.192728,0.705603,0.288015,0.248070,29.574883,896.174619,4.998630,5.519745,15.226007,258.583272,5.519745,4.000000,2.315167,1.121740,1.664179,6,0.276961,40,1,8,4,0.081633,62.560000,95.583656,469.608575,0.289985,0.049455,36.039752,0.000000,0.000000,364,307,5.691801
105,defense_only,320.000000,360.000000,40.000000,156.400000,0.000000,0.000000,5052.900000,0.000000,0.000000,0.450000,243.000000,0.185153,39.752815,0.145047,32.307545,8.499138,48.000000,56.000000,4.076886,2.124784,8.000000,10.000000,0.000000,0,33,5.043293,15.000000,0.000000,50,33,16,59,0,4.076886,2.124784,0,33,8.000000,0.000000,8.000000,0.000000,1.000000,3.775000,3.600000,3.600000,0.000000,0.014620,0.000622,0.000000,0.028094,18,18,0.031693,0.012720,0.003501,1944.000000,0.191415,0.715698,0.267116,0.230260,29.375235,878.135241,5.043293,5.537466,16.162248,284.646372,5.537466,3.880000,1.986353,0.594862,0.243673,6,0.218429,28,1,8,4,0.079184,67.760000,82.654241,412.382967,0.272867,0.043578,36.193231,0.000000,0.000000,246,210,4.959478
105,defense_vs_attack,420.000000,460.000000,40.000000,149.750000,0.000000,0.000000,4970.900000,0.000000,0.000000,0.450000,243.000000,0.198179,46.235977,0.156753,33.194658,9.922126,56.000000,64.000000,4.298664,2.480532,10.000000,12.000000,0.234978,7,32,4.998712,15.000000,0.000000,50,32,17,62,0,4.298664,2.480532,0,32,8.000000,0.000000,8.000000,0.000000,1.000000,3.625000,3.600000,3.600000,0.000000,0.007510,0.000622,0.000000,0.028722,18,18,0.017829,0.005195,0.000868,1944.000000,0.194156,0.706569,0.287829,0.234250,28.941618,857.896513,4.998712,5.521637,15.207512,257.838082,5.521637,4.000000,2.315167,1.121740,1.664179,6,0.276961,40,1,8,4,0.081633,62.560000,95.583656,469.608575,0.289985,0.049455,36.145741,0.000000,0.000000,364,307,5.691801
107,baseline,120.000000,160.000000,40.000000,179.700000,0.000000,0.000000,5780.300000,0.000000,0.000000,0.450000,243.000000,0.176886,30.047442,0.101569,32.166388,6.071832,44.000000,48.000000,4.041597,1.517958,7.000000,8.000000,0.000000,0,35,5.128436,15.000000,0.000000,50,35,14,54,0,4.041597,1.517958,0,35,5.000000,0.000000,5.000000,0.000000,1.000000,2.525000,2.425000,2.375000,0.001117,0.010681,0.000714,0.000000,0.031757,18,18,0.023019,0.009846,0.003714,1944.000000,0.177088,0.692660,0.215604,0.217136,31.856645,1034.809780,5.128436,5.591562,18.333335,353.386608,5.591562,3.920000,1.426043,0.554681,-0.195857,0,0.295286,27,1,8,4,0.080000,66.740000,64.494299,267.692777,0.274153,0.039612,36.246665,0.000000,0.000000,105,125,4.545975
107,attack_only,220.000000,260.000000,40.000000,181.325000,0.000000,0.000000,5952.800000,0.000000,0.000000,0.450000,243.000000,0.176684,37.994073,0.118811,32.829450,7.644684,48.000000,60.000000,4.207362,1.911171,8.000000,11.000000,0.193960,7,35,5.128445,15.000000,0.000000,50,35,14,60,0,4.207362,1.911171,0,35,5.000000,0.000000,5.000000,0.000000,1.000000,2.250000,2.250000,2.250000,0.000000,0.003904,0.000621,0.000000,0.031876,18,18,0.009490,0.002284,0.001076,1944.000000,0.175167,0.680987,0.217260,0.216425,31.878141,1031.314525,5.128445,5.572023,17.571014,334.245210,5.572023,4.160000,1.792875,1.279363,2.592803,0,0.323918,37,1,8,4,0.084898,61.760000,75.655486,380.292433,0.291783,0.048224,36.206451,0.000000,0.000000,253,217,5.412781
107,defense_only,320.000000,360.000000,40.000000,179.700000,0.000000,0.000000,5784.200000,0.000000,0.000000,0.450000,243.000000,0.153888,30.575238,0.103244,32.188091,6.074680,44.000000,48.000000,4.047023,1.518670,7.000000,8.000000,0.000280,1,35,5.128639,15.000000,0.000000,50,35,14,54,0,4.047023,1.518670,0,35,5.000000,0.000000,5.000000,0.000000,1.000000,2.250000,2.250000,2.250000,0.000000,0.008827,0.000621,0.000000,0.031987,18,18,0.017853,0.006364,0.001640,1944.000000,0.177548,0.691678,0.235158,0.233054,31.400881,1003.585701,5.128639,5.591171,18.331789,353.347137,5.591171,3.920000,1.426043,0.554681,-0.195857,0,0.295286,27,1,8,4,0.080000,66.740000,64.494299,267.692777,0.274153,0.039612,36.374092,0.000000,0.000000,105,125,4.545975
107,defense_vs_attack,420.000000,460.000000,40.000000,180.175000,0.000000,0.000000,5911.600000,0.000000,0.000000,0.450000,243.000000,0.180413,37.170637,0.117465,32.810323,7.624347,48.000000,60.000000,4.202581,1.906087,8.000000,11.000000,0.195204,7,35,5.128398,15.000000,0.000000,50,35,14,60,0,4.202581,1.906087,0,35,5.000000,0.000000,5.000000,0.000000,1.000000,2.275000,2.250000,2.250000,0.000000,0.004870,0.000621,0.000000,0.032191,18,18,0.010890,0.002778,0.000535,1944.000000,0.176432,0.663398,0.256329,0.236597,31.306999,993.783718,5.128398,5.572458,17.540224,332.759419,5.572458,4.160000,1.792875,1.279363,2.592803,0,0.323918,37,1,8,4,0.084898,61.760000,75.655486,380.292433,0.291783,0.048224,36.236928,0.000000,0.000000,253,217,5.412781
111,baseline,120.000000,160.000000,40.000000,108.550000,0.000000,0.000000,3380.100000,0.000000,0.000000,0.450000,243.000000,0.218055,32.491074,0.142314,31.138646,8.266331,48.000000,48.000000,3.784661,2.066583,8.000000,8.000000,0.000000,0,27,4.752742,15.000000,0.000000,50,27,22,55,0,3.784661,2.066583,0,27,8.000000,0.000000,8.000000,0.000000,1.000000,3.850000,3.800000,3.800000,0.000000,0.016300,0.000714,0.000000,0.029185,18,18,0.037107,0.015228,0.003971,1944.000000,0.232733,0.621137,0.469059,0.298662,22.907180,559.294829,4.752742,5.538430,14.090800,209.235280,5.538430,3.160000,1.901158,0.922790,-0.024933,9,0.251714,15,1,14,7,0.064490,102.400000,126.414663,497.007368,0.201338,0.038352,37.366185,0.000000,0.000000,73,87,4.539761
111,attack_only,220.000000,260.000000,40.000000,107.750000,0.000000,0.000000,3541.300000,0.000000,0.000000,0.450000,243.000000,0.220610,36.381245,0.145639,32.865893,8.745970,48.000000,52.000000,4.216473,2.186493,8.000000,9.000000,0.327498,8,26,4.698358,15.000000,0.000000,50,26,23,60,0,4.216473,2.186493,0,26,8.000000,0.000000,8.000000,0.000000,1.000000,3.650000,3.650000,3.600000,0.001233,0.006051,0.000621,0.000000,0.030296,18,18,0.015046,0.003861,0.001205,1944.000000,0.222439,0.607409,0.452735,0.300353,23.743270,630.635754,4.698358,5.509159,13.890282,204.691474,5.509159,3.400000,2.135416,0.840463,-0.255771,9,0.280540,25,1,14,7,0.069388,100.580000,126.026483,496.454066,0.204984,0.041014,36.694492,0.000000,0.000000,298,212,5.433314
111,defense_only,320.000000,360.000000,40.000000,109.125000,0.000000,0.000000,3404.800000,0.000000,0.000000,0.450000,243.000000,0.243147,33.919289,0.147363,31.200916,8.285357,48.000000,48.000000,3.800229,2.071339,8.000000,8.000000,0.000000,0,27,4.752260,15.000000,0.000000,50,27,22,55,0,3.800229,2.071339,0,27,8.000000,0.000000,8.000000,0.000000,1.000000,3.650000,3.625000,3.600000,0.000000,0.014387,0.000621,0.000000,0.030478,18,18,0.031981,0.012055,0.004729,1944.000000,0.226700,0.625656,0.439381,0.275380,23.255255,587.265188,4.752260,5.543219,14.115237,210.104070,5.543219,3.160000,1.901158,0.922790,-0.024933,9,0.251714,15,1,14,7,0.064490,102.400000,126.414663,497.007368,0.201338,0.038352,36.595880,0.000000,0.000000,73,87,4.539761
111,defense_vs_attack,420.000000,460.000000,40.000000,108.500000,0.000000,0.000000,3568.000000,0.000000,0.000000,0.450000,243.000000,0.172080,36.431905,0.147184,32.884793,8.720895,48.000000,52.000000,4.221198,2.180224,8.000000,9.000000,0.324525,7,26,4.699195,15.000000,0.000000,50,26,23,60,0,4.221198,2.180224,0,26,8.000000,0.000000,8.000000,0.000000,1.000000,3.675000,3.600000,3.600000,0.000000,0.007740,0.000621,0.000000,0.031218,18,18,0.018343,0.004949,0.000896,1944.000000,0.223726,0.600646,0.443119,0.260170,23.060502,576.800685,4.699195,5.514377,13.937245,206.108543,5.514377,3.400000,2.135416,0.840463,-0.255771,9,0.280540,25,1,14,7,0.069388,100.580000,126.026483,496.454066,0.204984,0.041014,37.299608,0.000000,0.000000,298,212,5.433314
110,baseline,120.000000,160.000000,40.000000,138.900000,0.000000,0.000000,4408.700000,0.000000,0.000000,0.450000,243.000000,0.299925,38.339042,0.160531,31.740101,8.804009,48.000000,52.000000,3.935025,2.201002,8.000000,9.000000,0.001086,2,33,5.040758,15.000000,0.000000,50,33,16,60,0,3.935025,2.201002,0,33,4.000000,0.000000,4.000000,0.000000,1.000000,2.025000,1.950000,1.950000,0.000000,0.009016,0.000715,0.000000,0.036759,18,18,0.019137,0.006818,0.004008,1944.000000,0.215690,0.727730,0.314158,0.257271,27.738178,783.390018,5.040758,5.510632,15.326811,254.595967,5.510632,3.800000,2.039608,0.724121,-0.228920,5,0.303254,33,1,9,5,0.077551,71.740000,101.978932,374.642574,0.262679,0.046740,36.127885,0.000000,0.000000,153,173,5.063669
110,attack_only,220.000000,260.000000,40.000000,136.375000,0.000000,0.000000,4433.000000,0.000000,0.000000,0.450000,243.000000,0.427108,49.682017,0.186357,32.505958,11.145332,52.000000,72.000000,4.126489,2.786333,9.000000,14.000000,0.258160,7,32,4.992659,15.000000,0.000000,50,32,17,64,0,4.126489,2.786333,0,32,4.000000,0.000000,4.000000,0.000000,1.000000,1.850000,1.800000,1.800000,0.000000,0.003597,0.000622,0.000000,0.037584,18,18,0.008359,0.002041,0.000994,1944.000000,0.215238,0.731210,0.332605,0.248908,27.400248,762.712687,4.992659,5.481782,14.180772,226.820320,5.481782,3.920000,2.567801,1.591335,3.173779,6,0.331993,42,1,8,4,0.080000,60.220000,113.297537,646.645588,0.299626,0.056683,36.529271,0.000000,0.000000,308,274,5.896452
110,defense_only,320.000000,360.000000,40.000000,139.450000,0.000000,0.000000,4408.900000,0.000000,0.000000,0.450000,243.000000,0.461367,37.922405,0.158499,31.616350,8.733279,48.000000,52.000000,3.904087,2.183320,8.000000,9.000000,0.000000,0,33,5.035484,15.000000,0.000000,50,33,16,60,0,3.904087,2.183320,0,33,4.000000,0.000000,4.000000,0.000000,1.000000,1.800000,1.800000,1.800000,0.000000,0.006401,0.000621,0.000000,0.035207,18,18,0.012007,0.004857,0.000896,1944.000000,0.215765,0.744758,0.308692,0.250179,27.877585,800.649500,5.035484,5.512325,15.382341,256.174139,5.512325,3.800000,2.039608,0.724121,-0.228920,5,0.303254,33,1,9,5,0.077551,71.740000,101.978932,374.642574,0.262679,0.046740,36.277988,0.000000,0.000000,153,173,5.063669
110,defense_vs_attack,420.000000,460.000000,40.000000,130.400000,0.000000,0.000000,4222.800000,0.000000,0.000000,0.450000,243.000000,0.351726,44.556655,0.178445,32.383436,10.979355,52.000000,72.000000,4.095859,2.744839,9.000000,14.000000,0.270062,7,32,4.994567,15.000000,0.000000,50,32,17,64,0,4.095859,2.744839,0,32,4.000000,0.000000,4.000000,0.000000,1.000000,1.850000,1.800000,1.800000,0.000000,0.004518,0.000622,0.000000,0.038041,18,18,0.009856,0.002799,0.000610,1944.000000,0.223325,0.756948,0.348093,0.261580,26.788249,731.090389,4.994567,5.483507,14.052682,220.834373,5.483507,3.920000,2.567801,1.591335,3.173779,6,0.331993,42,1,8,4,0.080000,60.220000,113.297537,646.645588,0.299626,0.056683,36.170306,0.000000,0.000000,308,274,5.896452
109,baseline,120.000000,160.000000,40.000000,147.975000,0.000000,0.000000,4634.300000,0.000000,0.000000,0.450000,243.000000,0.236116,36.912244,0.147657,31.318128,7.836994,44.000000,48.000000,3.829532,1.959249,7.000000,8.000000,0.000170,0,33,5.042355,15.000000,0.000000,50,33,16,60,0,3.829532,1.959249,0,33,5.000000,0.000000,5.000000,0.000000,1.000000,2.450000,2.375000,2.375000,0.000000,0.010258,0.000715,0.000000,0.031286,18,18,0.022111,0.009969,0.002836,1944.000000,0.206386,0.621595,0.366437,0.284997,27.090833,793.070025,5.042355,5.578600,16.143003,278.969414,5.578600,3.720000,1.673798,0.574774,-0.307324,3,0.233143,26,1,12,6,0.075918,98.960000,126.167344,606.558009,0.203838,0.033289,36.967195,0.000000,0.000000,138,156,4.611927
109,attack_only,220.000000,260.000000,40.000000,149.725000,0.000000,0.000000,4780.100000,0.000000,0.000000,0.450000,243.000000,0.188808,37.611935,0.147970,31.925864,7.992473,44.000000,48.000000,3.981466,1.998118,7.000000,8.000000,0.235057,7,33,5.043129,15.000000,0.000000,50,33,16,65,0,3.981466,1.998118,0,33,5.000000,0.000000,5.000000,0.000000,1.000000,2.350000,2.250000,2.250000,0.000000,0.003824,0.000622,0.000000,0.032253,18,18,0.009057,0.002461,0.001115,1944.000000,0.203676,0.603356,0.417669,0.292925,28.271781,850.769047,5.043129,5.561624,16.140015,280.055787,5.561624,3.920000,1.831284,0.547983,-0.525650,3,0.263810,33,1,11,6,0.080000,89.180000,127.144671,615.516667,0.221572,0.036597,36.779211,0.000000,0.000000,192,195,4.997394
109,defense_only,320.000000,360.000000,40.000000,148.250000,0.000000,0.000000,4630.500000,0.000000,0.000000,0.450000,243.000000,0.219804,35.018519,0.140162,31.234401,7.807423,44.000000,48.000000,3.808600,1.951856,7.000000,8.000000,0.000170,0,33,5.058966,15.000000,0.000000,50,33,16,61,0,3.808600,1.951856,1,34,5.000000,0.000000,5.000000,0.000000,1.000000,2.050000,2.050000,2.000000,0.000000,0.008472,0.000630,0.000027,0.033780,14,18,0.019539,0.007997,0.001842,1512.000000,0.205541,0.596603,0.351221,0.291835,27.278883,777.367784,5.042642,5.577872,16.169099,279.742099,5.577872,3.760000,1.668053,0.512186,-0.323971,3,0.245810,28,1,12,6,0.076735,98.920000,126.313225,605.724675,0.203942,0.033445,36.417753,0.025000,0.000000,139,160,4.614160
109,defense_vs_attack,420.000000,460.000000,40.000000,147.525000,0.000000,0.000000,4712.500000,0.000000,0.000000,0.450000,243.000000,0.271182,38.222796,0.151184,31.943738,8.010810,44.000000,48.000000,3.985935,2.002702,7.000000,8.000000,0.238582,7,33,5.041696,15.000000,0.000000,50,33,16,65,0,3.985935,2.002702,0,33,5.000000,0.000000,5.000000,0.000000,1.000000,2.275000,2.250000,2.250000,0.000000,0.007101,0.000000,0.000000,0.032361,18,18,0.015554,0.003711,0.000634,1944.000000,0.208255,0.605155,0.393459,0.314260,28.879015,894.295178,5.041696,5.557122,16.038695,276.312356,5.557122,3.920000,1.831284,0.547983,-0.525650,3,0.263810,33,1,11,6,0.080000,89.180000,127.144671,615.516667,0.221572,0.036597,37.196440,0.000000,0.000000,192,195,4.997394
113,baseline,120.000000,160.000000,40.000000,129.600000,0.000000,0.000000,4363.300000,0.000000,0.000000,0.450000,243.000000,0.260160,44.378596,0.166613,33.667438,10.686637,56.000000,56.000000,4.416860,2.671659,10.000000,10.000000,0.000194,0,30,4.904313,15.000000,0.000000,50,30,20,64,0,4.416860,2.671659,0,30,4.000000,0.000000,4.000000,0.000000,1.000000,1.950000,1.950000,1.900000,0.001250,0.008309,0.000714,0.000000,0.036746,18,18,0.017072,0.009155,0.002604,1944.000000,0.210945,0.709994,0.430327,0.225255,26.685161,735.322984,4.904313,5.501339,14.112717,222.297280,5.501339,3.960000,2.529506,0.816067,-0.249313,7,0.269635,37,1,11,6,0.080816,70.980000,79.820011,292.798284,0.268846,0.053278,36.165445,0.000000,0.000000,522,330,5.842124
113,attack_only,220.000000,260.000000,40.000000,127.375000,0.000000,0.000000,4400.600000,0.000000,0.000000,0.450000,243.000000,0.276291,48.590663,0.177432,34.548381,12.007716,56.000000,68.000000,4.637095,3.001929,10.000000,13.000000,0.276407,7,30,4.903843,15.000000,0.000000,50,30,20,69,0,4.637095,3.001929,0,30,0.000000,0.000000,0.000000,0.000000,0.000000,1.375000,1.375000,1.375000,0.000000,0.003516,0.000629,0.000025,0.043067,0,18,0.000000,0.000000,0.000000,0.000000,0.216069,0.718852,0.430953,0.228528,26.464821,724.936476,4.903843,5.483694,13.442934,206.557614,5.483694,4.200000,2.856571,1.002848,0.388408,7,0.294379,55,1,11,6,0.085714,65.920000,90.958949,402.493975,0.285369,0.059185,36.561238,0.000000,0.000000,1182,618,6.717858
113,defense_only,320.000000,360.000000,40.000000,131.150000,0.000000,0.000000,4414.400000,0.000000,0.000000,0.450000,243.000000,0.288439,45.074100,0.166797,33.659169,10.690733,56.000000,56.000000,4.414792,2.672683,10.000000,10.000000,0.000767,2,30,4.903789,15.000000,0.000000,50,30,20,64,0,4.414792,2.672683,0,30,4.000000,0.000000,4.000000,0.000000,1.000000,1.850000,1.800000,1.800000,0.000000,0.005162,0.000621,0.000000,0.040429,18,18,0.011741,0.003479,0.001494,1944.000000,0.208341,0.696963,0.403881,0.222366,26.922304,759.424007,4.903789,5.498097,14.167171,224.344547,5.498097,3.960000,2.529506,0.816067,-0.249313,7,0.269635,37,1,11,6,0.080816,70.980000,79.820011,292.798284,0.268846,0.053278,36.316994,0.000000,0.000000,522,330,5.842124
113,defense_vs_attack,420.000000,460.000000,40.000000,128.200000,0.000000,0.000000,4418.700000,0.000000,0.000000,0.450000,243.000000,0.253224,47.025336,0.173215,34.467239,11.755973,56.000000,68.000000,4.616810,2.938993,10.000000,13.000000,0.275010,7,30,4.998124,15.000000,0.000000,50,30,20,68,0,4.616810,2.938993,3,33,4.000000,0.000000,4.000000,0.000000,1.000000,1.725000,1.700000,1.700000,0.000000,0.005114,0.000621,0.000000,0.040904,14,18,0.009610,0.001458,0.000627,1512.000000,0.214127,0.698445,0.473547,0.230800,26.403988,715.150254,4.904386,5.492160,13.581089,210.002763,5.492160,4.200000,2.856571,1.002848,0.388408,7,0.294379,55,1,11,6,0.085714,65.920000,90.958949,402.493975,0.285369,0.059185,36.265698,0.000000,0.025000,1182,618,6.717858
116,baseline,120.000000,160.000000,40.000000,146.400000,0.000000,0.000000,4792.100000,0.000000,0.000000,0.450000,243.000000,0.201653,34.279440,0.128503,32.732923,7.401151,44.000000,48.000000,4.183231,1.850288,7.000000,8.000000,0.000343,1,32,4.998582,15.000000,0.000000,50,32,18,64,0,4.183231,1.850288,0,32,5.000000,0.000000,5.000000,0.000000,1.000000,2.375000,2.375000,2.375000,0.000000,0.010158,0.000714,0.000000,0.033734,18,18,0.022000,0.010248,0.002896,1944.000000,0.199460,0.731609,0.260451,0.270399,28.802416,849.958605,4.998582,5.563348,16.254717,280.577746,5.563348,3.960000,1.810635,0.605371,-0.433595,2,0.293524,29,1,8,5,0.080816,67.440000,70.681674,284.930231,0.273376,0.043466,36.370714,0.000000,0.000000,245,185,5.035342
116,attack_only,220.000000,260.000000,40.000000,145.300000,0.000000,0.000000,4796.400000,0.000000,0.000000,0.450000,243.000000,0.179925,39.446964,0.137461,33.010323,8.518182,48.000000,60.000000,4.252581,2.129546,8.000000,11.000000,0.242215,7,32,4.998868,15.000000,0.000000,50,32,18,66,0,4.252581,2.129546,0,32,5.000000,0.000000,5.000000,0.000000,1.000000,2.325000,2.275000,2.250000,0.001244,0.004027,0.000621,0.000000,0.035161,18,18,0.009647,0.003019,0.001070,1944.000000,0.199804,0.693252,0.323543,0.239452,28.147885,825.572936,4.998868,5.555537,15.725226,267.245784,5.555537,4.040000,2.009577,1.113345,1.321355,2,0.325558,33,1,8,4,0.082449,63.940000,80.390577,398.217063,0.284834,0.047418,36.117243,0.000000,0.000000,301,220,5.286974
116,defense_only,320.000000,360.000000,40.000000,148.975000,0.000000,0.000000,4875.900000,0.000000,0.000000,0.450000,243.000000,0.177959,34.432427,0.127118,32.729653,7.377841,44.000000,48.000000,4.182413,1.844460,7.000000,8.000000,0.000000,0,32,4.998949,15.000000,0.000000,50,32,18,64,0,4.182413,1.844460,0,32,5.000000,0.000000,5.000000,0.000000,1.000000,2.325000,2.275000,2.250000,0.000000,0.008947,0.000621,0.000000,0.035496,18,18,0.018020,0.006590,0.001931,1944.000000,0.195461,0.717532,0.263341,0.218715,28.661878,830.882084,4.998949,5.565405,16.380432,285.164318,5.565405,3.960000,1.810635,0.605371,-0.433595,2,0.293524,29,1,8,5,0.080816,67.440000,70.681674,284.930231,0.273376,0.043466,36.271255,0.000000,0.000000,245,185,5.035342
116,defense_vs_attack,420.000000,460.000000,40.000000,145.300000,0.000000,0.000000,4799.700000,0.000000,0.000000,0.450000,243.000000,0.201338,40.199241,0.140814,33.033035,8.535962,48.000000,60.000000,4.258259,2.133990,8.000000,11.000000,0.242215,7,32,4.998583,15.000000,0.000000,50,32,18,66,0,4.258259,2.133990,0,32,5.000000,0.000000,5.000000,0.000000,1.000000,2.300000,2.250000,2.250000,0.000000,0.004901,0.000621,0.000000,0.035984,18,18,0.010960,0.002889,0.000682,1944.000000,0.201230,0.710842,0.299027,0.228018,28.319735,826.993320,4.998583,5.555585,15.716869,267.052876,5.555585,4.040000,2.009577,1.113345,1.321355,2,0.325558,33,1,8,4,0.082449,63.940000,80.390577,398.217063,0.284834,0.047418,36.385476,0.000000,0.000000,301,220,5.286974
119,baseline,120.000000,160.000000,40.000000,98.125000,0.000000,0.000000,3340.700000,0.000000,0.000000,0.450000,243.000000,0.275727,31.056744,0.142110,34.045350,7.810428,44.000000,48.000000,4.511338,1.952607,7.000000,8.000000,0.000000,0,27,4.750735,15.000000,0.000000,50,27,23,63,0,4.511338,1.952607,0,27,3.000000,0.000000,3.000000,0.000000,1.000000,1.475000,1.450000,1.425000,0.001499,0.006201,0.000714,0.000000,0.044817,18,18,0.012037,0.007369,0.002128,1944.000000,0.250541,0.804157,0.490953,0.251608,23.051294,547.034455,4.750735,5.491989,13.607434,193.063580,5.491989,3.680000,2.120755,0.284166,-1.160232,11,0.253619,29,1,10,5,0.075102,71.260000,86.661424,349.726190,0.267231,0.053036,36.257596,0.000000,0.000000,239,207,5.122391
119,attack_only,220.000000,260.000000,40.000000,93.300000,0.000000,0.000000,3148.100000,0.000000,0.000000,0.450000,243.000000,0.203139,40.255163,0.180998,33.741693,11.640826,48.000000,76.000000,4.435423,2.910207,8.000000,15.000000,0.378408,8,27,4.752380,15.000000,0.000000,50,27,23,68,0,4.435423,2.910207,0,27,3.000000,0.000000,3.000000,0.000000,1.000000,1.375000,1.350000,1.350000,0.000000,0.002352,0.000621,0.000000,0.047490,18,18,0.005119,0.001454,0.001039,1944.000000,0.264633,0.816549,2.848794,0.266327,22.890060,533.479720,4.752380,5.482650,12.280519,164.480217,5.482650,3.760000,2.694884,1.635186,3.966863,11,0.338381,42,1,10,5,0.076735,66.620000,111.394526,597.369372,0.282481,0.059960,36.347134,0.000000,0.000000,407,330,6.020711
119,defense_only,320.000000,360.000000,40.000000,97.900000,0.000000,0.000000,3321.600000,0.000000,0.000000,0.450000,243.000000,0.265578,29.930776,0.138293,33.928498,7.890401,44.000000,48.000000,4.482125,1.972600,7.000000,8.000000,0.000000,0,27,4.751047,15.000000,0.000000,50,27,23,63,0,4.482125,1.972600,0,27,3.000000,0.000000,3.000000,0.000000,1.000000,1.400000,1.375000,1.350000,0.001592,0.005649,0.000621,0.000000,0.047830,18,18,0.010319,0.003567,0.000949,1944.000000,0.251403,0.796409,0.502351,0.234224,23.337461,561.097480,4.751047,5.485827,13.573617,192.267383,5.485827,3.680000,2.120755,0.284166,-1.160232,11,0.253619,29,1,10,5,0.075102,71.260000,86.661424,349.726190,0.267231,0.053036,36.236058,0.000000,0.000000,239,207,5.122391
119,defense_vs_attack,420.000000,460.000000,40.000000,93.250000,0.000000,0.000000,3123.100000,0.000000,0.000000,0.450000,243.000000,0.299127,38.495087,0.172073,33.491689,11.622713,48.000000,76.000000,4.372922,2.905678,8.000000,15.000000,0.378072,7,27,4.749297,15.000000,0.000000,50,27,23,68,0,4.372922,2.905678,0,27,3.000000,0.000000,3.000000,0.000000,1.000000,1.400000,1.375000,1.350000,0.001605,0.004595,0.000621,0.000000,0.047979,18,18,0.009397,0.001501,0.000953,1944.000000,0.264870,0.823897,3.141637,0.249699,22.681122,520.637228,4.749297,5.471371,12.286329,164.543915,5.471371,3.760000,2.694884,1.635186,3.966863,11,0.338381,42,1,10,5,0.076735,66.620000,111.394526,597.369372,0.282481,0.059960,36.338442,0.000000,0.000000,407,330,6.020711
122,baseline,120.000000,160.000000,40.000000,147.050000,0.000000,0.000000,5007.000000,0.000000,0.000000,0.450000,243.000000,0.132352,38.128356,0.139000,34.049643,8.547341,48.000000,52.000000,4.512411,2.136835,8.000000,9.000000,0.000684,2,32,4.999400,15.000000,0.000000,50,32,18,65,0,4.512411,2.136835,0,32,5.000000,0.000000,5.000000,0.000000,1.000000,2.375000,2.375000,2.375000,0.000000,0.010158,0.000714,0.000000,0.036148,18,18,0.021783,0.009913,0.002552,1944.000000,0.197549,0.750983,0.238644,0.213397,28.893878,848.385883,4.999400,5.544021,15.749014,269.445419,5.544021,4.200000,2.039608,0.577034,-0.184541,4,0.262508,37,1,8,4,0.085714,61.980000,79.462995,367.776237,0.293344,0.054325,36.088508,0.000000,0.000000,354,288,5.556058
122,attack_only,220.000000,260.000000,40.000000,150.350000,0.000000,0.000000,5226.800000,0.000000,0.000000,0.450000,243.000000,0.170585,43.846499,0.146888,34.764217,9.659308,52.000000,64.000000,4.691054,2.414827,9.000000,12.000000,0.234035,7,32,4.999053,15.000000,0.000000,50,32,18,71,0,4.691054,2.414827,0,32,5.000000,0.000000,5.000000,0.000000,1.000000,2.250000,2.250000,2.250000,0.000000,0.003711,0.000621,0.000000,0.036980,18,18,0.008744,0.002231,0.000454,1944.000000,0.194135,0.689659,0.336420,0.241572,29.312789,903.538747,4.999053,5.530995,15.332319,261.423773,5.530995,4.440000,2.359322,0.938646,0.915492,4,0.297677,52,1,7,4,0.090612,58.140000,75.716615,358.898525,0.306789,0.056989,36.333251,0.000000,0.000000,751,496,6.322161
122,defense_only,320.000000,360.000000,40.000000,149.150000,0.000000,0.000000,5068.600000,0.000000,0.000000,0.450000,243.000000,0.165470,37.640088,0.135618,33.983238,8.559295,48.000000,52.000000,4.495810,2.139824,8.000000,9.000000,0.000000,0,32,4.999088,15.000000,0.000000,50,32,18,65,0,4.495810,2.139824,0,32,5.000000,0.000000,5.000000,0.000000,1.000000,2.275000,2.275000,2.250000,0.000000,0.009049,0.000621,0.000000,0.035932,18,18,0.018299,0.006917,0.001788,1944.000000,0.194266,0.735091,0.266965,0.218299,28.824378,842.449904,4.999088,5.546028,15.827752,272.555298,5.546028,4.200000,2.039608,0.577034,-0.184541,4,0.262508,37,1,8,4,0.085714,61.980000,79.462995,367.776237,0.293344,0.054325,36.052517,0.000000,0.000000,354,288,5.556058
122,defense_vs_attack,420.000000,460.000000,40.000000,148.475000,0.000000,0.000000,5161.500000,0.000000,0.000000,0.450000,243.000000,0.176982,43.326230,0.146379,34.763428,9.657326,52.000000,64.000000,4.690857,2.414332,9.000000,12.000000,0.237007,7,32,4.998945,15.000000,0.000000,50,32,18,71,0,4.690857,2.414332,0,32,5.000000,0.000000,5.000000,0.000000,1.000000,2.275000,2.275000,2.250000,0.000000,0.004712,0.000621,0.000000,0.036906,18,18,0.010738,0.003485,0.001045,1944.000000,0.197297,0.718939,0.302438,0.220894,28.552013,836.454200,4.998945,5.532913,15.267757,258.849320,5.532913,4.440000,2.359322,0.938646,0.915492,4,0.297677,52,1,7,4,0.090612,58.140000,75.716615,358.898525,0.306789,0.056989,36.492739,0.000000,0.000000,751,496,6.322161
125,baseline,120.000000,160.000000,40.000000,106.875000,0.000000,0.000000,3536.200000,0.000000,0.000000,0.450000,243.000000,0.182988,32.037544,0.142203,33.087251,7.869854,48.000000,48.000000,4.271813,1.967464,8.000000,8.000000,0.000000,0,28,4.805666,15.000000,0.000000,50,28,21,55,0,4.271813,1.967464,0,28,5.000000,0.000000,5.000000,0.000000,1.000000,2.450000,2.375000,2.375000,0.000000,0.010237,0.000714,0.000000,0.039809,18,18,0.021778,0.008507,0.002497,1944.000000,0.238561,0.795126,0.499578,0.244220,24.049176,588.067059,4.805666,5.512295,14.107766,208.497253,5.512295,3.480000,1.920833,0.792479,-0.109930,6,0.149619,16,1,9,5,0.071020,77.580000,105.950664,481.233333,0.247732,0.043917,36.302633,0.000000,0.000000,103,117,4.487203
125,attack_only,220.000000,260.000000,40.000000,104.525000,0.000000,0.000000,3481.400000,0.000000,0.000000,0.450000,243.000000,0.145782,37.575593,0.157605,33.306864,9.856314,48.000000,64.000000,4.326716,2.464078,8.000000,12.000000,0.337106,7,28,4.806252,15.000000,0.000000,50,28,21,63,0,4.326716,2.464078,0,28,5.000000,0.000000,5.000000,0.000000,1.000000,2.425000,2.325000,2.250000,0.004342,0.003953,0.000621,0.000000,0.038976,18,18,0.009450,0.002265,0.001333,1944.000000,0.243950,0.783400,0.451212,0.233431,23.733145,585.842409,4.806252,5.517644,13.379494,192.309163,5.517644,3.680000,2.292946,1.340484,2.070628,6,0.190876,25,1,9,5,0.075102,72.380000,113.162157,478.612249,0.262700,0.050246,36.240769,0.000000,0.000000,172,188,5.298775
125,defense_only,320.000000,360.000000,40.000000,109.700000,0.000000,0.000000,3614.800000,0.000000,0.000000,0.450000,243.000000,0.166081,30.391364,0.129104,32.951686,7.844805,48.000000,48.000000,4.237922,1.961201,8.000000,8.000000,0.000000,0,28,4.806069,15.000000,0.000000,50,28,21,55,0,4.237922,1.961201,0,28,5.000000,0.000000,5.000000,0.000000,1.000000,2.300000,2.250000,2.250000,0.000000,0.008831,0.000621,0.000000,0.041103,18,18,0.017904,0.006468,0.001820,1944.000000,0.233232,0.791599,0.428194,0.222609,24.367329,603.773303,4.806069,5.520517,14.272797,213.657427,5.520517,3.480000,1.920833,0.792479,-0.109930,6,0.149619,16,1,9,5,0.071020,77.580000,105.950664,481.233333,0.247732,0.043917,36.403972,0.000000,0.000000,103,117,4.487203
125,defense_vs_attack,420.000000,460.000000,40.000000,105.800000,0.000000,0.000000,3522.000000,0.000000,0.000000,0.450000,243.000000,0.131562,37.757598,0.156309,33.289225,9.855357,48.000000,64.000000,4.322306,2.463839,8.000000,12.000000,0.333016,7,28,4.806475,15.000000,0.000000,50,28,21,63,0,4.322306,2.463839,0,28,5.000000,0.000000,5.000000,0.000000,1.000000,2.275000,2.250000,2.250000,0.000000,0.004930,0.000621,0.000000,0.040734,18,18,0.011024,0.002762,0.000515,1944.000000,0.240669,0.793212,0.476898,0.238189,24.122087,608.392007,4.806475,5.516563,13.442518,194.321726,5.516563,3.680000,2.292946,1.340484,2.070628,6,0.190876,25,1,9,5,0.075102,72.380000,113.162157,478.612249,0.262700,0.050246,36.231904,0.000000,0.000000,172,188,5.298775
129,baseline,120.000000,160.000000,40.000000,118.950000,0.000000,0.000000,4117.500000,0.000000,0.000000,0.450000,243.000000,0.338030,42.606905,0.165588,34.615385,10.049208,56.000000,56.000000,4.653846,2.512302,10.000000,10.000000,0.000423,1,29,4.852993,15.000000,0.000000,50,29,20,67,0,4.653846,2.512302,0,29,4.000000,0.000000,4.000000,0.000000,1.000000,1.950000,1.950000,1.900000,0.001403,0.008246,0.000714,0.000000,0.039911,18,18,0.017055,0.008237,0.002423,1944.000000,0.222243,0.705285,0.476028,0.229615,25.420769,679.332360,4.852993,5.428037,13.955229,212.727283,5.428037,4.040000,2.660526,0.874591,0.018871,8,0.268111,36,1,11,6,0.082449,78.260000,108.970085,419.433333,0.254095,0.059352,36.335974,0.000000,0.000000,1452,582,6.502974
129,attack_only,220.000000,260.000000,40.000000,127.825000,0.000000,0.000000,4502.400000,0.000000,0.000000,0.450000,243.000000,0.315151,52.361655,0.184913,35.223157,11.863247,56.000000,68.000000,4.805789,2.965812,10.000000,13.000000,0.276018,8,30,4.902868,15.000000,0.000000,50,30,19,70,0,4.805789,2.965812,0,30,4.000000,0.000000,4.000000,0.000000,1.000000,1.800000,1.800000,1.800000,0.000000,0.002969,0.000621,0.000000,0.037573,18,18,0.006739,0.001673,0.000341,1944.000000,0.215221,0.741572,0.379233,0.225925,26.681457,736.135482,4.902868,5.394194,13.521264,208.342060,5.394194,4.280000,3.006925,1.010140,0.358780,8,0.302795,57,1,11,6,0.087347,77.800000,108.243569,418.983333,0.255842,0.060968,36.527066,0.000000,0.000000,3134,1121,7.361372
129,defense_only,320.000000,360.000000,40.000000,121.450000,0.000000,0.000000,4197.300000,0.000000,0.000000,0.450000,243.000000,0.223184,41.275511,0.156276,34.559901,9.969458,56.000000,56.000000,4.639975,2.492364,10.000000,10.000000,0.000207,0,29,4.855939,15.000000,0.000000,50,29,20,67,0,4.639975,2.492364,0,29,4.000000,0.000000,4.000000,0.000000,1.000000,1.825000,1.825000,1.800000,0.000000,0.007280,0.000621,0.000000,0.038272,18,18,0.014094,0.005599,0.001758,1944.000000,0.219409,0.718308,0.358484,0.234656,25.491702,681.576244,4.855939,5.436736,14.094067,217.087189,5.436736,4.040000,2.660526,0.874591,0.018871,8,0.268111,36,1,11,6,0.082449,78.260000,108.970085,419.433333,0.254095,0.059352,36.620978,0.000000,0.000000,1452,582,6.502974
129,defense_vs_attack,420.000000,460.000000,40.000000,128.375000,0.000000,0.000000,4541.800000,0.000000,0.000000,0.450000,243.000000,0.257883,54.204194,0.190689,35.379163,11.891532,56.000000,68.000000,4.844791,2.972883,10.000000,13.000000,0.274241,7,30,4.904214,15.000000,0.000000,50,30,19,70,0,4.844791,2.972883,0,30,4.000000,0.000000,4.000000,0.000000,1.000000,1.825000,1.825000,1.800000,0.000000,0.003781,0.000621,0.000000,0.039090,18,18,0.008136,0.002237,0.000574,1944.000000,0.214534,0.706695,0.407683,0.237834,26.513503,725.105615,4.904214,5.397480,13.523291,208.695045,5.397480,4.280000,3.006925,1.010140,0.358780,8,0.302795,57,1,11,6,0.087347,77.800000,108.243569,418.983333,0.255842,0.060968,36.572879,0.000000,0.000000,3134,1121,7.361372
132,baseline,120.000000,160.000000,40.000000,117.175000,0.000000,0.000000,3682.900000,0.000000,0.000000,0.450000,243.000000,0.175323,28.736583,0.139911,31.430766,8.285513,48.000000,48.000000,3.857691,2.071378,8.000000,8.000000,0.000000,0,33,5.042647,15.000000,0.000000,50,33,16,68,0,3.857691,2.071378,0,33,6.000000,0.000000,6.000000,0.000000,1.000000,3.000000,2.875000,2.850000,0.001166,0.012688,0.000715,0.000000,0.031385,18,18,0.027267,0.012208,0.003129,1944.000000,0.256169,0.808532,0.485486,0.250229,25.289548,649.187410,5.042647,5.528747,14.537754,223.835956,5.528747,3.920000,1.988366,0.583801,-0.098274,6,0.196429,27,1,9,5,0.080000,71.940000,79.528092,338.746531,0.261835,0.044831,36.198252,0.000000,0.000000,290,237,5.125461
132,attack_only,220.000000,260.000000,40.000000,113.000000,0.000000,0.000000,3622.700000,0.000000,0.000000,0.450000,243.000000,0.313913,37.898379,0.168152,32.059292,10.010261,48.000000,64.000000,4.014823,2.502565,8.000000,12.000000,0.312458,7,33,5.038317,15.000000,0.000000,50,33,16,70,0,4.014823,2.502565,0,33,6.000000,0.000000,6.000000,0.000000,1.000000,2.900000,2.800000,2.750000,0.001190,0.007072,0.000629,0.000025,0.032255,18,18,0.014200,0.003881,0.002817,1944.000000,0.266960,0.809820,2.504207,0.280415,24.809538,647.437103,5.038317,5.500429,13.739241,204.522683,5.500429,4.040000,2.235710,1.002251,1.545308,6,0.256766,36,1,9,5,0.082449,67.260000,90.954682,461.922550,0.276277,0.050823,36.389459,0.000000,0.000000,350,287,5.457327
132,defense_only,320.000000,360.000000,40.000000,117.975000,0.000000,0.000000,3705.300000,0.000000,0.000000,0.450000,243.000000,0.241052,28.775994,0.141381,31.407502,8.254782,48.000000,48.000000,3.851875,2.063695,8.000000,8.000000,0.000000,0,33,5.041049,15.000000,0.000000,50,33,16,68,0,3.851875,2.063695,0,33,6.000000,0.000000,6.000000,0.000000,1.000000,2.825000,2.700000,2.700000,0.000000,0.009492,0.000622,0.000000,0.033683,18,18,0.021355,0.006911,0.002334,1944.000000,0.254626,0.804321,0.434516,0.252100,25.208534,645.501379,5.041049,5.528376,14.588773,225.412685,5.528376,3.920000,1.988366,0.583801,-0.098274,6,0.196429,27,1,9,5,0.080000,71.940000,79.528092,338.746531,0.261835,0.044831,36.203289,0.000000,0.000000,290,237,5.125461
132,defense_vs_attack,420.000000,460.000000,40.000000,115.075000,0.000000,0.000000,3676.100000,0.000000,0.000000,0.450000,243.000000,0.273870,36.012233,0.158439,31.945253,9.895063,48.000000,64.000000,3.986313,2.473766,8.000000,12.000000,0.306346,7,33,5.039887,15.000000,0.000000,50,33,16,70,0,3.986313,2.473766,0,33,6.000000,0.000000,6.000000,0.000000,1.000000,2.850000,2.750000,2.700000,0.002375,0.007243,0.000621,0.000000,0.032120,18,18,0.015911,0.001990,0.001490,1944.000000,0.261970,0.791689,2.082152,0.257561,25.017654,652.890006,5.039887,5.503889,13.876221,208.554082,5.503889,4.040000,2.235710,1.002251,1.545308,6,0.256766,36,1,9,5,0.082449,67.260000,90.954682,461.922550,0.276277,0.050823,36.341272,0.000000,0.000000,350,287,5.457327
141,baseline,120.000000,160.000000,40.000000,137.850000,0.000000,0.000000,4567.300000,0.000000,0.000000,0.450000,243.000000,0.261867,34.368789,0.140112,33.132390,8.328247,52.000000,52.000000,4.283098,2.082062,9.000000,9.000000,0.000182,0,33,5.041572,15.000000,0.000000,50,33,17,64,0,4.283098,2.082062,0,33,4.000000,0.000000,4.000000,0.000000,1.000000,1.900000,1.900000,1.900000,0.000000,0.008127,0.000715,0.000000,0.038575,18,18,0.016739,0.007901,0.002252,1944.000000,0.217242,0.780550,0.300479,0.220581,27.708033,776.989355,5.041572,5.538211,15.476886,257.357471,5.538211,4.120000,1.996397,0.483038,-0.393103,2,0.279841,29,1,8,4,0.084082,62.780000,63.854787,273.545080,0.290041,0.052018,36.115855,0.000000,0.000000,396,261,5.387496
141,attack_only,220.000000,260.000000,40.000000,136.050000,0.000000,0.000000,4533.400000,0.000000,0.000000,0.450000,243.000000,0.208382,42.013339,0.156885,33.321573,10.614899,52.000000,76.000000,4.330393,2.653725,9.000000,15.000000,0.258828,7,33,5.042536,15.000000,0.000000,50,33,17,70,0,4.330393,2.653725,0,33,0.000000,0.000000,0.000000,0.000000,0.000000,0.900000,0.900000,0.900000,0.000000,0.001484,0.000622,0.000000,0.045613,0,18,0.000000,0.000000,0.000000,0.000000,0.221146,0.724241,0.443485,0.221175,26.618452,736.470656,5.042536,5.530727,14.424451,231.787646,5.530727,4.280000,2.506312,1.678232,4.693321,2,0.321921,43,1,8,4,0.087347,58.920000,79.936184,499.399199,0.304786,0.058127,36.270938,0.000000,0.000000,875,482,6.385882
141,defense_only,320.000000,360.000000,40.000000,136.275000,0.000000,0.000000,4516.100000,0.000000,0.000000,0.450000,243.000000,0.239116,33.880164,0.139612,33.139607,8.313178,52.000000,52.000000,4.284902,2.078294,9.000000,9.000000,0.001477,4,33,5.041990,15.000000,0.000000,50,33,17,64,0,4.284902,2.078294,0,33,4.000000,0.000000,4.000000,0.000000,1.000000,1.900000,1.850000,1.850000,0.000000,0.006482,0.000634,0.000032,0.037460,18,18,0.015289,0.005003,0.002887,1944.000000,0.219573,0.787719,0.292041,0.215587,27.669906,792.248744,5.041990,5.539365,15.414145,254.962838,5.539365,4.120000,1.996397,0.483038,-0.393103,2,0.279841,29,1,8,4,0.084082,62.780000,63.854787,273.545080,0.290041,0.052018,36.085822,0.000000,0.000000,396,261,5.387496
141,defense_vs_attack,420.000000,460.000000,40.000000,133.300000,0.000000,0.000000,4442.900000,0.000000,0.000000,0.450000,243.000000,0.200570,42.355957,0.155753,33.330083,10.750033,52.000000,76.000000,4.332521,2.687508,9.000000,15.000000,0.264578,8,33,5.042603,15.000000,0.000000,50,33,17,70,0,4.332521,2.687508,0,33,4.000000,0.000000,4.000000,0.000000,1.000000,1.800000,1.800000,1.800000,0.000000,0.004513,0.000622,0.000000,0.038924,18,18,0.007896,0.002145,0.000341,1944.000000,0.224944,0.752021,0.410143,0.210778,26.445479,736.689934,5.042603,5.526058,14.266028,226.758738,5.526058,4.280000,2.506312,1.678232,4.693321,2,0.321921,43,1,8,4,0.087347,58.920000,79.936184,499.399199,0.304786,0.058127,36.179256,0.000000,0.000000,875,482,6.385882
148,baseline,120.000000,160.000000,40.000000,81.875000,0.000000,0.000000,2757.900000,0.000000,0.000000,0.450000,243.000000,0.226798,24.927087,0.111200,33.684275,7.074512,44.000000,52.000000,4.421069,1.768628,7.000000,9.000000,0.000000,0,22,4.456721,15.000000,0.000000,50,22,27,54,0,4.421069,1.768628,0,22,9.000000,0.000000,9.000000,0.000000,1.000000,4.300000,4.275000,4.275000,0.000000,0.018325,0.000714,0.000000,0.029873,18,18,0.043442,0.021314,0.005943,1944.000000,0.247677,0.672079,0.470412,0.299112,19.693458,422.614697,4.456721,5.523572,12.722924,165.688892,5.523572,3.040000,1.896945,1.032547,0.598704,12,0.324619,19,1,13,7,0.062041,112.380000,162.762383,608.214286,0.187068,0.038858,36.744118,0.000000,0.000000,65,86,4.496499
148,attack_only,220.000000,260.000000,40.000000,88.100000,0.000000,0.000000,2994.900000,0.000000,0.000000,0.450000,243.000000,0.297997,32.630491,0.136380,33.994325,8.421095,52.000000,56.000000,4.498581,2.105274,9.000000,10.000000,0.399886,7,23,4.519019,15.000000,0.000000,50,23,26,58,0,4.498581,2.105274,0,23,0.000000,0.000000,0.000000,0.000000,0.000000,3.650000,3.650000,3.625000,0.001429,0.007310,0.000624,0.000015,0.033306,0,18,0.000000,0.000000,0.000000,0.000000,0.240674,0.676971,0.471395,0.310116,20.801614,465.759286,4.519019,5.473628,12.855771,172.176907,5.473628,3.240000,2.112439,1.121646,1.111088,12,0.354524,28,1,13,7,0.066122,110.980000,163.830120,608.966667,0.189273,0.039841,36.753360,0.000000,0.000000,242,198,5.357012
148,defense_only,320.000000,360.000000,40.000000,82.900000,0.000000,0.000000,2789.200000,0.000000,0.000000,0.450000,243.000000,0.174542,23.858192,0.104429,33.645356,7.029469,44.000000,52.000000,4.411339,1.757367,7.000000,9.000000,0.000000,0,22,4.457852,15.000000,0.000000,50,22,27,54,0,4.411339,1.757367,0,22,9.000000,0.000000,9.000000,0.000000,1.000000,4.050000,4.050000,4.050000,0.000000,0.013919,0.000621,0.000000,0.032568,18,18,0.033161,0.011431,0.003378,1944.000000,0.246262,0.673955,0.460571,0.283923,21.250753,484.192720,4.457852,5.531545,12.803640,167.818746,5.531545,3.040000,1.896945,1.032547,0.598704,12,0.324619,19,1,13,7,0.062041,112.380000,162.762383,608.214286,0.187068,0.038858,37.053195,0.000000,0.000000,65,86,4.496499
148,defense_vs_attack,420.000000,460.000000,40.000000,91.025000,0.000000,0.000000,3098.700000,0.000000,0.000000,0.450000,243.000000,0.110196,31.027957,0.124215,34.042296,8.044327,52.000000,56.000000,4.510574,2.011082,9.000000,10.000000,0.388060,7,23,4.675625,15.000000,0.000000,50,23,26,56,0,4.510574,2.011082,4,27,9.000000,0.000000,9.000000,0.000000,1.000000,3.950000,3.950000,3.950000,0.000000,0.009938,0.000621,0.000000,0.030909,14,18,0.021335,0.002945,0.002162,1512.000000,0.233679,0.652531,0.470365,0.264809,21.866988,532.184442,4.523001,5.500535,13.127109,179.095619,5.500535,3.240000,2.112439,1.121646,1.111088,12,0.354524,28,1,13,7,0.066122,110.980000,163.830120,608.966667,0.189273,0.039841,36.729586,0.000000,0.025000,242,198,5.357012
152,baseline,120.000000,160.000000,40.000000,81.075000,0.000000,0.000000,2778.600000,0.000000,0.000000,0.450000,243.000000,0.231538,30.521376,0.144521,34.271970,9.018091,52.000000,56.000000,4.567993,2.254523,9.000000,10.000000,0.000000,0,24,4.581567,15.000000,0.000000,50,24,26,62,0,4.567993,2.254523,0,24,3.000000,0.000000,3.000000,0.000000,1.000000,1.450000,1.425000,1.425000,0.000000,0.006117,0.000714,0.000000,0.051116,18,18,0.011546,0.005832,0.001636,1944.000000,0.272879,0.786421,2.767399,0.274338,20.701000,440.350346,4.581567,5.545293,12.272696,157.191684,5.545293,3.440000,2.136914,1.300181,1.115132,6,0.264000,21,1,10,5,0.070204,84.460000,140.807949,562.333333,0.232876,0.044570,36.574598,0.000000,0.000000,152,168,5.011471
152,attack_only,220.000000,260.000000,40.000000,64.650000,0.000000,0.000000,2182.200000,0.000000,0.000000,0.450000,243.000000,0.687317,41.204323,0.234549,33.754060,11.232679,68.000000,68.000000,4.438515,2.808170,13.000000,13.000000,0.547052,7,25,4.577302,15.000000,0.000000,50,25,25,58,0,4.438515,2.808170,0,25,3.000000,0.000000,3.000000,0.000000,1.000000,1.350000,1.350000,1.350000,0.000000,0.002226,0.000621,0.000000,0.051143,18,18,0.004735,0.001116,0.000227,1944.000000,0.356028,0.915606,3.121525,0.306367,18.126043,340.993528,4.577302,5.520058,10.749002,121.349711,5.520058,3.280000,2.408651,2.125708,5.075078,7,0.318519,18,1,9,5,0.066939,70.760000,154.755520,770.500000,0.266076,0.049524,36.502165,0.000000,0.000000,66,97,4.817666
152,defense_only,320.000000,360.000000,40.000000,80.275000,0.000000,0.000000,2760.100000,0.000000,0.000000,0.450000,243.000000,0.207663,32.102485,0.150944,34.383058,9.115967,52.000000,56.000000,4.595765,2.278992,9.000000,10.000000,0.000000,0,24,4.582219,15.000000,0.000000,50,24,26,62,0,4.595765,2.278992,0,24,3.000000,0.000000,3.000000,0.000000,1.000000,1.375000,1.375000,1.350000,0.000000,0.005457,0.000621,0.000000,0.050718,18,18,0.009555,0.003653,0.000995,1944.000000,0.275521,0.797448,2.604216,0.289541,20.878301,450.923854,4.582219,5.548435,12.198793,155.391073,5.548435,3.440000,2.136914,1.300181,1.115132,6,0.264000,21,1,10,5,0.070204,84.460000,140.807949,562.333333,0.232876,0.044570,36.598456,0.000000,0.000000,152,168,5.011471
152,defense_vs_attack,420.000000,460.000000,40.000000,64.050000,0.000000,0.000000,2166.800000,0.000000,0.000000,0.450000,243.000000,0.695921,41.767859,0.238014,33.829820,11.234458,68.000000,68.000000,4.457455,2.808614,13.000000,13.000000,0.551833,7,25,4.574783,15.000000,0.000000,50,25,25,58,0,4.457455,2.808614,0,25,3.000000,0.000000,3.000000,0.000000,1.000000,1.400000,1.350000,1.350000,0.000000,0.002857,0.000621,0.000000,0.053786,18,18,0.005708,0.001569,0.000470,1944.000000,0.356560,0.916533,3.255840,0.316015,18.382979,347.983305,4.574783,5.517239,10.707345,120.328733,5.517239,3.280000,2.408651,2.125708,5.075078,7,0.318519,18,1,9,5,0.066939,70.760000,154.755520,770.500000,0.266076,0.049524,36.166592,0.000000,0.000000,66,97,4.817666
151,baseline,120.000000,160.000000,40.000000,157.175000,0.000000,0.000000,5253.600000,0.000000,0.000000,0.450000,243.000000,0.372386,36.835716,0.127030,33.425163,7.397360,48.000000,52.000000,4.356291,1.849340,8.000000,9.000000,0.000320,1,32,4.995536,15.000000,0.000000,50,32,18,58,0,4.356291,1.849340,0,32,4.000000,0.000000,4.000000,0.000000,1.000000,1.900000,1.900000,1.900000,0.000000,0.008127,0.000715,0.000000,0.032909,18,18,0.016542,0.007520,0.001938,1944.000000,0.185539,0.677180,0.292286,0.241571,31.067955,1018.013524,4.995536,5.497256,16.726086,298.563131,5.497256,3.960000,2.058737,0.576302,-0.316644,4,0.292190,35,1,9,5,0.080816,69.700000,89.216106,393.958938,0.270887,0.054261,36.324595,0.000000,0.000000,529,326,5.676867
151,attack_only,220.000000,260.000000,40.000000,161.450000,0.000000,0.000000,5379.200000,0.000000,0.000000,0.450000,243.000000,0.291579,47.379966,0.147046,33.318055,9.480373,52.000000,68.000000,4.329514,2.370093,9.000000,13.000000,0.217899,7,33,5.041786,15.000000,0.000000,50,33,17,59,0,4.329514,2.370093,0,33,4.000000,0.000000,4.000000,0.000000,1.000000,1.800000,1.800000,1.800000,0.000000,0.002969,0.000622,0.000000,0.035440,18,18,0.006740,0.001673,0.000341,1944.000000,0.185574,0.682072,0.280173,0.245489,30.429732,970.847640,5.041786,5.517423,15.857063,279.283236,5.517423,4.040000,2.323446,1.424881,3.097187,4,0.289597,37,1,9,5,0.082449,65.920000,86.902745,371.525755,0.282720,0.057433,36.163308,0.000000,0.000000,616,366,6.004977
151,defense_only,320.000000,360.000000,40.000000,160.100000,0.000000,0.000000,5355.000000,0.000000,0.000000,0.450000,243.000000,0.237726,36.347618,0.122974,33.447845,7.365360,48.000000,52.000000,4.361961,1.841340,8.000000,9.000000,0.000000,0,32,4.998343,15.000000,0.000000,50,32,18,58,0,4.361961,1.841340,0,32,4.000000,0.000000,4.000000,0.000000,1.000000,1.800000,1.800000,1.800000,0.000000,0.007216,0.000622,0.000000,0.034682,18,18,0.013985,0.005477,0.001527,1944.000000,0.182187,0.652522,0.304408,0.243916,29.596183,909.140615,4.998343,5.508176,16.864556,303.770959,5.508176,3.960000,2.058737,0.576302,-0.316644,4,0.292190,35,1,9,5,0.080816,69.700000,89.216106,393.958938,0.270887,0.054261,36.283965,0.000000,0.000000,529,326,5.676867
151,defense_vs_attack,420.000000,460.000000,40.000000,161.475000,0.000000,0.000000,5364.900000,0.000000,0.000000,0.450000,243.000000,0.292473,45.171990,0.140385,33.224338,9.426322,52.000000,68.000000,4.306085,2.356580,9.000000,13.000000,0.217865,7,33,5.041788,15.000000,0.000000,50,33,17,59,0,4.306085,2.356580,0,33,4.000000,0.000000,4.000000,0.000000,1.000000,1.825000,1.825000,1.800000,0.001117,0.003803,0.000622,0.000000,0.034096,18,18,0.008210,0.002190,0.000602,1944.000000,0.187033,0.681484,0.281889,0.235192,29.557418,894.540064,5.041788,5.520006,15.888303,280.058755,5.520006,4.040000,2.323446,1.424881,3.097187,4,0.289597,37,1,9,5,0.082449,65.920000,86.902745,371.525755,0.282720,0.057433,36.545882,0.000000,0.000000,616,366,6.004977
154,baseline,120.000000,160.000000,40.000000,143.275000,0.000000,0.000000,4422.700000,0.000000,0.000000,0.450000,243.000000,0.177657,26.681701,0.104184,30.868609,6.204901,44.000000,48.000000,3.717152,1.551225,7.000000,8.000000,0.000000,0,31,4.953116,15.000000,0.000000,50,31,18,52,0,3.717152,1.551225,0,31,4.000000,0.000000,4.000000,0.000000,1.000000,1.900000,1.900000,1.900000,0.000000,0.008127,0.000715,0.000000,0.035877,18,18,0.016466,0.007241,0.001858,1944.000000,0.198147,0.660883,0.343461,0.256522,27.636750,802.199613,4.953116,5.577801,16.592492,286.299864,5.577801,3.360000,1.596997,0.814861,0.280905,3,0.197571,11,1,11,6,0.068571,84.100000,91.034455,415.283063,0.231389,0.036405,36.540821,0.000000,0.000000,74,82,4.328488
154,attack_only,220.000000,260.000000,40.000000,137.750000,0.000000,0.000000,4305.200000,0.000000,0.000000,0.450000,243.000000,0.204187,32.945446,0.127522,31.253721,7.644783,48.000000,52.000000,3.813430,1.911196,8.000000,9.000000,0.255521,7,31,4.952664,15.000000,0.000000,50,31,18,61,0,3.813430,1.911196,0,31,4.000000,0.000000,4.000000,0.000000,1.000000,1.800000,1.800000,1.800000,0.000000,0.002969,0.000622,0.000000,0.036909,18,18,0.006842,0.001643,0.000449,1944.000000,0.206464,0.684916,0.343174,0.259470,29.607170,929.355093,4.952664,5.556919,15.773422,263.837149,5.556919,3.600000,1.854724,0.876455,0.314224,3,0.259048,20,1,10,5,0.073469,75.460000,94.513110,473.399134,0.252698,0.043816,36.538468,0.000000,0.000000,126,136,4.887484
154,defense_only,320.000000,360.000000,40.000000,144.600000,0.000000,0.000000,4465.800000,0.000000,0.000000,0.450000,243.000000,0.157190,27.119875,0.105045,30.883817,6.197671,44.000000,48.000000,3.720954,1.549418,7.000000,8.000000,0.000000,0,31,4.953372,15.000000,0.000000,50,31,18,52,0,3.720954,1.549418,0,31,4.000000,0.000000,4.000000,0.000000,1.000000,1.900000,1.825000,1.800000,0.000000,0.007336,0.000622,0.000000,0.036311,18,18,0.014273,0.005649,0.002136,1944.000000,0.196004,0.657978,0.294671,0.246835,27.981930,806.371622,4.953372,5.579462,16.661682,288.800547,5.579462,3.360000,1.596997,0.814861,0.280905,3,0.197571,11,1,11,6,0.068571,84.100000,91.034455,415.283063,0.231389,0.036405,36.475318,0.000000,0.000000,74,82,4.328488
154,defense_vs_attack,420.000000,460.000000,40.000000,138.325000,0.000000,0.000000,4324.900000,0.000000,0.000000,0.450000,243.000000,0.202591,33.114228,0.129387,31.266221,7.627474,48.000000,52.000000,3.816555,1.906868,8.000000,9.000000,0.254453,7,31,4.952700,15.000000,0.000000,50,31,18,61,0,3.816555,1.906868,0,31,4.000000,0.000000,4.000000,0.000000,1.000000,1.800000,1.800000,1.800000,0.000000,0.003741,0.000622,0.000000,0.035643,18,18,0.008110,0.002185,0.000365,1944.000000,0.205261,0.639520,0.361931,0.276774,27.136322,781.876418,4.952700,5.557819,15.806765,264.966070,5.557819,3.600000,1.854724,0.876455,0.314224,3,0.259048,20,1,10,5,0.073469,75.460000,94.513110,473.399134,0.252698,0.043816,36.512902,0.000000,0.000000,126,136,4.887484
157,baseline,120.000000,160.000000,40.000000,92.325000,0.000000,0.000000,2960.900000,0.000000,0.000000,0.450000,243.000000,0.176060,31.682143,0.164932,32.070403,9.684513,52.000000,52.000000,4.017601,2.421128,9.000000,9.000000,0.000000,0,28,4.805253,15.000000,0.000000,50,28,22,65,0,4.017601,2.421128,0,28,6.000000,0.000000,6.000000,0.000000,1.000000,2.900000,2.850000,2.850000,0.000000,0.012239,0.000715,0.000000,0.037017,18,18,0.026987,0.011813,0.003240,1944.000000,0.279256,0.794771,2.893147,0.244348,22.251855,510.645608,4.805253,5.526280,12.788994,173.702530,5.526280,3.560000,2.367784,0.973701,0.120390,10,0.291444,28,1,10,5,0.072653,73.740000,112.956170,534.035317,0.261109,0.053567,36.492813,0.000000,0.000000,241,186,5.282366
157,attack_only,220.000000,260.000000,40.000000,84.650000,0.000000,0.000000,2823.100000,0.000000,0.000000,0.450000,243.000000,0.247137,40.600157,0.194593,33.350266,12.513744,52.000000,76.000000,4.337566,3.128436,9.000000,15.000000,0.416791,7,27,4.750272,15.000000,0.000000,50,27,23,69,0,4.337566,3.128436,0,27,0.000000,0.000000,0.000000,0.000000,0.000000,2.375000,2.300000,2.250000,0.003295,0.003945,0.000622,0.000000,0.042812,0,18,0.000000,0.000000,0.000000,0.000000,0.290140,0.845549,3.152274,0.240542,21.314098,465.695308,4.750272,5.493335,11.614974,147.461150,5.493335,3.720000,2.828710,1.685206,3.439774,10,0.347492,39,1,8,4,0.075918,62.320000,111.254255,704.853438,0.296509,0.063200,36.148476,0.000000,0.000000,369,273,5.828488
157,defense_only,320.000000,360.000000,40.000000,90.200000,0.000000,0.000000,2901.300000,0.000000,0.000000,0.450000,243.000000,0.214925,31.821994,0.171493,32.165188,9.640741,52.000000,52.000000,4.041297,2.410185,9.000000,9.000000,0.000000,0,28,4.804076,15.000000,0.000000,50,28,22,65,0,4.041297,2.410185,0,28,6.000000,0.000000,6.000000,0.000000,1.000000,2.725000,2.725000,2.700000,0.000000,0.008484,0.000622,0.000000,0.039506,18,18,0.020208,0.006884,0.002510,1944.000000,0.286364,0.825524,2.984277,0.237646,22.090638,501.586287,4.804076,5.526744,12.680527,170.372607,5.526744,3.560000,2.367784,0.973701,0.120390,10,0.291444,28,1,10,5,0.072653,73.740000,112.956170,534.035317,0.261109,0.053567,36.811329,0.000000,0.000000,241,186,5.282366
157,defense_vs_attack,420.000000,460.000000,40.000000,84.600000,0.000000,0.000000,2785.200000,0.000000,0.000000,0.375000,202.500000,0.472936,36.615622,0.210385,32.921986,11.644906,52.000000,76.000000,4.230496,2.911227,9.000000,15.000000,0.421162,9,29,5.030784,15.000000,0.000000,50,29,21,73,0,4.230496,2.911227,9,38,7.000000,0.000000,7.000000,0.000000,1.000000,2.325000,2.325000,2.325000,0.000000,0.006930,0.000641,0.000038,0.039779,6,15,0.022003,0.004696,0.002520,648.000000,0.303065,0.863190,2.943475,0.386469,21.538141,486.412061,4.837186,5.503205,12.656019,176.265149,5.503205,4.080000,3.267048,2.127771,6.620713,10,0.371617,57,1,8,4,0.083265,58.140000,114.081321,727.321917,0.313448,0.070300,33.221956,0.200000,0.025000,989,558,6.833463
164,baseline,120.000000,160.000000,40.000000,176.400000,0.000000,0.000000,5628.400000,0.000000,0.000000,0.450000,243.000000,0.137217,38.964620,0.137236,31.907029,8.061581,48.000000,48.000000,3.976757,2.015395,8.000000,8.000000,0.000000,0,35,5.128753,15.000000,0.000000,50,35,15,62,0,3.976757,2.015395,0,35,3.000000,0.000000,3.000000,0.000000,1.000000,1.450000,1.425000,1.425000,0.000000,0.006172,0.000715,0.000000,0.036273,18,18,0.012324,0.006503,0.002620,1944.000000,0.180612,0.690766,0.233707,0.232796,31.734081,1023.608514,5.128753,5.580807,17.139593,320.787780,5.580807,4.040000,1.843475,0.649994,-0.125684,2,0.307714,32,1,9,5,0.082449,66.640000,67.088411,263.750139,0.275150,0.041462,36.351677,0.000000,0.000000,183,201,5.068702
164,attack_only,220.000000,260.000000,40.000000,170.650000,0.000000,0.000000,5635.900000,0.000000,0.000000,0.450000,243.000000,0.178953,46.122962,0.151738,33.026077,9.670073,48.000000,64.000000,4.256519,2.417518,8.000000,12.000000,0.206125,7,34,5.086559,15.000000,0.000000,50,34,16,70,0,4.256519,2.417518,0,34,3.000000,0.000000,3.000000,0.000000,1.000000,1.350000,1.350000,1.350000,0.000000,0.002227,0.000622,0.000000,0.038657,18,18,0.004736,0.001116,0.000227,1944.000000,0.180160,0.678760,0.232665,0.235159,30.829786,968.807189,5.086559,5.571341,16.013744,288.939674,5.571341,4.320000,2.185772,1.093653,1.522827,2,0.355260,46,1,8,4,0.088163,62.760000,70.514658,326.521114,0.288737,0.047680,36.026010,0.000000,0.000000,396,346,5.719967
164,defense_only,320.000000,360.000000,40.000000,177.350000,0.000000,0.000000,5662.300000,0.000000,0.000000,0.450000,243.000000,0.132661,39.653152,0.139071,31.927262,8.070266,48.000000,48.000000,3.981816,2.017566,8.000000,8.000000,0.000000,0,35,5.128793,15.000000,0.000000,50,35,15,62,0,3.981816,2.017566,0,35,3.000000,0.000000,3.000000,0.000000,1.000000,1.375000,1.375000,1.350000,0.000000,0.005442,0.000622,0.000000,0.035833,18,18,0.009553,0.003411,0.000887,1944.000000,0.179781,0.696787,0.220749,0.222040,31.396293,1000.118140,5.128793,5.581257,17.168069,322.090000,5.581257,4.040000,1.843475,0.649994,-0.125684,2,0.307714,32,1,9,5,0.082449,66.640000,67.088411,263.750139,0.275150,0.041462,36.357009,0.000000,0.000000,183,201,5.068702
164,defense_vs_attack,420.000000,460.000000,40.000000,168.525000,0.000000,0.000000,5568.900000,0.000000,0.000000,0.450000,243.000000,0.167410,45.884672,0.152432,33.044949,9.669815,48.000000,64.000000,4.261237,2.417454,8.000000,12.000000,0.208737,7,34,5.086648,15.000000,0.000000,50,34,16,70,0,4.261237,2.417454,0,34,3.000000,0.000000,3.000000,0.000000,1.000000,1.350000,1.350000,1.350000,0.000000,0.002806,0.000622,0.000000,0.037021,18,18,0.005719,0.001519,0.000493,1944.000000,0.183639,0.697028,0.224192,0.219184,30.564486,947.934035,5.086648,5.569776,15.949033,286.165066,5.569776,4.320000,2.185772,1.093653,1.522827,2,0.355260,46,1,8,4,0.088163,62.760000,70.514658,326.521114,0.288737,0.047680,36.299864,0.000000,0.000000,396,346,5.719967
167,baseline,120.000000,160.000000,40.000000,140.050000,0.000000,0.000000,4832.500000,0.000000,0.000000,0.450000,243.000000,0.215451,34.776111,0.125745,34.505534,7.924496,48.000000,52.000000,4.626383,1.981124,8.000000,9.000000,0.000000,0,31,4.952569,15.000000,0.000000,50,31,19,62,0,4.626383,1.981124,0,31,5.000000,0.000000,5.000000,0.000000,1.000000,2.475000,2.375000,2.375000,0.000000,0.010261,0.000714,0.000000,0.036321,18,18,0.022521,0.010652,0.003173,1944.000000,0.199770,0.754235,0.250125,0.213892,28.275915,817.216162,4.952569,5.551455,15.725632,264.599684,5.551455,4.120000,2.016333,0.333592,-0.704903,5,0.316619,34,1,8,5,0.084082,64.180000,57.801880,193.448618,0.281133,0.036056,35.966552,0.000000,0.000000,281,232,5.127909
167,attack_only,220.000000,260.000000,40.000000,139.225000,0.000000,0.000000,4895.000000,0.000000,0.000000,0.450000,243.000000,0.186170,38.714301,0.137259,35.158915,8.803723,52.000000,56.000000,4.789729,2.200931,9.000000,10.000000,0.252799,7,31,4.952973,15.000000,0.000000,50,31,19,67,0,4.789729,2.200931,0,31,0.000000,0.000000,0.000000,0.000000,0.000000,1.475000,1.475000,1.425000,0.002759,0.006546,0.000715,0.000000,0.042079,0,18,0.000000,0.000000,0.000000,0.000000,0.201557,0.755094,0.236284,0.214314,27.984744,790.967237,4.952973,5.535262,15.304613,254.509473,5.535262,4.320000,2.248911,0.463504,-0.538087,5,0.350222,43,1,8,4,0.088163,58.400000,67.965788,324.050355,0.302790,0.046531,36.054618,0.000000,0.000000,474,323,5.665629
167,defense_only,320.000000,360.000000,40.000000,141.000000,0.000000,0.000000,4860.800000,0.000000,0.000000,0.450000,243.000000,0.236228,34.588484,0.124274,34.473759,7.927130,48.000000,52.000000,4.618440,1.981782,8.000000,9.000000,0.000000,0,31,4.952270,15.000000,0.000000,50,31,19,62,0,4.618440,1.981782,0,31,5.000000,0.000000,5.000000,0.000000,1.000000,2.350000,2.275000,2.250000,0.001321,0.003880,0.000621,0.000000,0.036556,18,18,0.009221,0.002506,0.001262,1944.000000,0.198958,0.751316,0.269784,0.217276,27.989893,803.092348,4.952270,5.549122,15.766950,266.140471,5.549122,4.120000,2.016333,0.333592,-0.704903,5,0.316619,34,1,8,5,0.084082,64.180000,57.801880,193.448618,0.281133,0.036056,36.055228,0.000000,0.000000,281,232,5.127909
167,defense_vs_attack,420.000000,460.000000,40.000000,142.450000,0.000000,0.000000,4969.700000,0.000000,0.000000,0.450000,243.000000,0.358106,40.599249,0.147054,34.887329,8.691766,52.000000,56.000000,4.721832,2.172942,9.000000,10.000000,0.248853,8,32,5.185096,15.000000,0.000000,50,32,18,69,0,4.721832,2.172942,9,41,6.000000,0.000000,6.000000,0.000000,1.000000,1.975000,1.950000,1.925000,0.001311,0.007207,0.000688,0.000042,0.037938,3,18,0.034529,0.011972,0.013326,324.000000,0.200253,0.738713,0.248836,0.247906,28.222639,808.807585,4.994986,5.534151,15.489273,260.667136,5.534151,4.480000,2.334438,0.430914,-0.444689,5,0.355302,53,1,8,4,0.091429,58.320000,66.390500,307.225680,0.303192,0.046961,34.574826,0.100000,0.025000,734,463,6.150674
171,baseline,120.000000,160.000000,40.000000,108.925000,0.000000,0.000000,3308.300000,0.000000,0.000000,0.450000,243.000000,0.248066,24.709294,0.122970,30.372275,6.069451,40.000000,40.000000,3.593069,1.517363,6.000000,6.000000,0.000000,0,29,4.854812,15.000000,0.000000,50,29,21,46,0,3.593069,1.517363,0,29,11.000000,0.000000,11.000000,0.000000,1.000000,5.250000,5.250000,5.225000,0.001058,0.022427,0.000714,0.000000,0.024040,18,18,0.052938,0.022005,0.006253,1944.000000,0.244244,0.665053,0.488356,0.311007,23.550374,589.575938,4.854812,5.553798,14.720897,222.262787,5.553798,3.000000,1.523155,0.611254,-0.607015,8,0.148667,11,1,12,6,0.061224,107.820000,156.104272,650.187879,0.189886,0.030895,36.532253,0.000000,0.000000,20,47,3.896572
171,attack_only,220.000000,260.000000,40.000000,110.075000,0.000000,0.000000,3385.500000,0.000000,0.000000,0.450000,243.000000,0.184305,30.558553,0.139991,30.756303,7.887316,40.000000,56.000000,3.689076,1.971829,6.000000,10.000000,0.320073,7,29,4.856297,15.000000,0.000000,50,29,21,51,0,3.689076,1.971829,0,29,0.000000,0.000000,0.000000,0.000000,0.000000,2.400000,2.400000,2.375000,0.000000,0.010200,0.000714,0.000000,0.035987,0,18,0.000000,0.000000,0.000000,0.000000,0.244585,0.669733,0.442340,0.310145,24.299646,643.807008,4.856297,5.543843,14.297895,214.270830,5.543843,3.160000,1.847810,1.229481,1.867885,8,0.256667,16,1,10,5,0.064490,82.280000,158.177366,690.750000,0.236831,0.042620,37.042265,0.000000,0.000000,34,59,4.288318
171,defense_only,320.000000,360.000000,40.000000,114.400000,0.000000,0.000000,3472.200000,0.000000,0.000000,0.450000,243.000000,0.159792,24.742900,0.116750,30.351399,6.097886,40.000000,40.000000,3.587850,1.524471,6.000000,6.000000,0.000000,0,29,4.856799,15.000000,0.000000,50,29,21,46,0,3.587850,1.524471,0,29,11.000000,0.000000,11.000000,0.000000,1.000000,5.075000,4.950000,4.950000,0.000000,0.008489,0.000621,0.000000,0.025890,18,18,0.021571,0.005397,0.001875,1944.000000,0.234480,0.651537,0.429022,0.280279,24.253509,619.900619,4.856799,5.553588,15.044436,232.691195,5.553588,3.000000,1.523155,0.611254,-0.607015,8,0.148667,11,1,12,6,0.061224,107.820000,156.104272,650.187879,0.189886,0.030895,36.833879,0.000000,0.000000,20,47,3.896572
171,defense_vs_attack,420.000000,460.000000,40.000000,110.125000,0.000000,0.000000,3421.200000,0.000000,0.000000,0.450000,243.000000,0.371991,32.119367,0.150389,31.066515,7.696418,44.000000,56.000000,3.766629,1.924104,7.000000,10.000000,0.321984,8,29,5.055122,15.000000,0.000000,50,29,21,56,0,3.766629,1.924104,9,38,0.000000,0.000000,0.000000,0.000000,0.000000,6.850000,6.800000,6.750000,0.002064,0.015259,0.000583,0.000197,0.021234,0,18,0.000000,0.000000,0.000000,0.000000,0.242797,0.634120,0.478433,0.282371,23.568937,618.657445,4.850260,5.553114,14.353886,215.490008,5.553114,3.400000,2.019901,1.310489,2.381200,8,0.252143,23,1,10,5,0.069388,81.160000,157.225021,680.008333,0.239705,0.043871,35.020502,0.125000,0.025000,86,121,5.014454
170,baseline,120.000000,160.000000,40.000000,156.150000,0.000000,0.000000,5367.700000,0.000000,0.000000,0.450000,243.000000,0.186853,43.753863,0.143234,34.375280,8.874768,48.000000,52.000000,4.593820,2.218692,8.000000,9.000000,0.000322,1,31,4.953194,15.000000,0.000000,50,31,18,61,0,4.593820,2.218692,0,31,3.000000,0.000000,3.000000,0.000000,1.000000,1.450000,1.425000,1.425000,0.000000,0.006121,0.000715,0.000000,0.037936,18,18,0.011226,0.004664,0.001305,1944.000000,0.182178,0.650746,0.328054,0.260881,28.998168,872.198387,4.953194,5.524832,15.936194,279.258735,5.524832,4.080000,2.216664,0.504988,-0.739711,6,0.246635,44,1,10,5,0.083265,72.900000,94.674602,458.660281,0.261472,0.050747,36.538353,0.000000,0.000000,550,420,5.806562
170,attack_only,220.000000,260.000000,40.000000,154.950000,0.000000,0.000000,5401.500000,0.000000,0.000000,0.450000,243.000000,0.181163,49.062434,0.156200,34.859632,10.162569,52.000000,64.000000,4.714908,2.540642,9.000000,12.000000,0.227015,7,31,4.953243,15.000000,0.000000,50,31,18,67,0,4.714908,2.540642,0,31,0.000000,0.000000,0.000000,0.000000,0.000000,0.450000,0.450000,0.450000,0.000000,0.000742,0.000622,0.000000,0.046243,0,18,0.000000,0.000000,0.000000,0.000000,0.183004,0.657697,0.260091,0.235241,28.961501,856.582642,4.953243,5.512441,15.219620,261.334583,5.512441,4.280000,2.584879,0.912824,0.308713,6,0.275788,61,1,9,5,0.087347,66.140000,100.383875,462.911600,0.281342,0.055416,36.387131,0.000000,0.000000,1344,770,6.745062
170,defense_only,320.000000,360.000000,40.000000,156.525000,0.000000,0.000000,5380.400000,0.000000,0.000000,0.450000,243.000000,0.123537,43.346315,0.141944,34.374062,8.847390,48.000000,52.000000,4.593515,2.211847,8.000000,9.000000,0.000000,0,31,4.953765,15.000000,0.000000,50,31,18,61,0,4.593515,2.211847,0,31,3.000000,0.000000,3.000000,0.000000,1.000000,1.400000,1.350000,1.350000,0.000000,0.003342,0.000622,0.000000,0.037961,18,18,0.007407,0.001754,0.001165,1944.000000,0.180164,0.650951,0.274126,0.237883,29.719765,917.213060,4.953765,5.527209,15.964254,280.145944,5.527209,4.080000,2.216664,0.504988,-0.739711,6,0.246635,44,1,10,5,0.083265,72.900000,94.674602,458.660281,0.261472,0.050747,36.229774,0.000000,0.000000,550,420,5.806562
170,defense_vs_attack,420.000000,460.000000,40.000000,155.800000,0.000000,0.000000,5423.800000,0.000000,0.000000,0.450000,243.000000,0.791557,55.532152,0.178512,34.812580,9.921491,52.000000,64.000000,4.703145,2.480373,9.000000,12.000000,0.226935,7,32,5.144740,15.000000,0.000000,50,32,17,69,0,4.703145,2.480373,8,40,0.000000,0.000000,0.000000,0.000000,0.000000,4.375000,4.375000,4.375000,0.000000,0.015058,0.000669,0.000082,0.026047,0,18,0.000000,0.000000,0.000000,0.000000,0.181665,0.633715,0.306488,0.274363,29.252052,887.817030,4.970399,5.512083,15.374971,265.530978,5.512083,4.400000,2.561250,0.865622,0.294319,6,0.318489,67,1,9,5,0.089796,66.060000,100.060760,461.464286,0.281694,0.055735,35.257343,0.050000,0.025000,1409,802,6.783186
172,baseline,120.000000,160.000000,40.000000,145.175000,0.000000,0.000000,4801.500000,0.000000,0.000000,0.450000,243.000000,0.213840,42.303105,0.158681,33.073876,10.226497,56.000000,64.000000,4.268469,2.556624,10.000000,12.000000,0.000347,1,35,5.127369,15.000000,0.000000,50,35,14,80,0,4.268469,2.556624,0,35,4.000000,0.000000,4.000000,0.000000,1.000000,2.000000,1.925000,1.900000,0.001258,0.008266,0.000714,0.000000,0.036957,18,18,0.016875,0.007346,0.002435,1944.000000,0.218490,0.792859,0.328182,0.234126,28.517374,829.970271,5.127369,5.528337,14.905947,248.166124,5.528337,4.600000,2.357965,0.840256,0.912272,4,0.289447,46,1,8,5,0.093878,58.360000,62.093082,277.136136,0.305702,0.054457,36.115595,0.000000,0.000000,956,549,6.294163
172,attack_only,220.000000,260.000000,40.000000,135.475000,0.000000,0.000000,4484.500000,0.000000,0.000000,0.450000,243.000000,0.216752,49.145321,0.181354,33.102048,12.574154,64.000000,80.000000,4.275512,3.143539,12.000000,16.000000,0.260401,8,35,5.126996,15.000000,0.000000,50,35,14,84,0,4.275512,3.143539,0,35,4.000000,0.000000,4.000000,0.000000,1.000000,1.800000,1.800000,1.800000,0.000000,0.003162,0.000621,0.000000,0.039311,18,18,0.007380,0.001970,0.000788,1944.000000,0.234625,0.806008,0.359874,0.215098,27.354860,758.881202,5.126996,5.527782,13.489586,210.525448,5.527782,4.680000,2.774455,1.838419,4.882735,4,0.328833,57,1,8,4,0.095510,52.740000,79.684677,442.314972,0.328918,0.060547,36.173783,0.000000,0.000000,1142,666,6.718783
172,defense_only,320.000000,360.000000,40.000000,147.250000,0.000000,0.000000,4862.500000,0.000000,0.000000,0.450000,243.000000,0.200853,42.092406,0.155460,33.022071,10.229349,56.000000,64.000000,4.255518,2.557337,10.000000,12.000000,0.000000,0,35,5.127628,15.000000,0.000000,50,35,14,80,0,4.255518,2.557337,0,35,4.000000,0.000000,4.000000,0.000000,1.000000,1.875000,1.800000,1.800000,0.000000,0.007107,0.000622,0.000000,0.037465,18,18,0.013670,0.004946,0.001629,1944.000000,0.215689,0.786348,0.273039,0.222073,28.651891,832.951295,5.127628,5.527568,14.975254,250.904121,5.527568,4.600000,2.357965,0.840256,0.912272,4,0.289447,46,1,8,5,0.093878,58.360000,62.093082,277.136136,0.305702,0.054457,36.172781,0.000000,0.000000,956,549,6.294163
172,defense_vs_attack,420.000000,460.000000,40.000000,136.450000,0.000000,0.000000,4526.800000,0.000000,0.000000,0.450000,243.000000,0.241420,50.336457,0.185847,33.175522,12.580396,64.000000,80.000000,4.293881,3.145099,12.000000,16.000000,0.258160,7,35,5.126470,15.000000,0.000000,50,35,14,84,0,4.293881,3.145099,0,35,4.000000,0.000000,4.000000,0.000000,1.000000,1.800000,1.800000,1.800000,0.000000,0.003912,0.000621,0.000000,0.038607,18,18,0.008687,0.002514,0.000811,1944.000000,0.231602,0.801223,0.339217,0.228593,27.585235,777.410824,5.126470,5.528862,13.512393,211.498869,5.528862,4.680000,2.774455,1.838419,4.882735,4,0.328833,57,1,8,4,0.095510,52.740000,79.684677,442.314972,0.328918,0.060547,35.952140,0.000000,0.000000,1142,666,6.718783
177,baseline,120.000000,160.000000,40.000000,78.475000,0.000000,0.000000,2673.600000,0.000000,0.000000,0.450000,243.000000,0.144814,33.205930,0.162214,34.069449,9.723755,52.000000,52.000000,4.517362,2.430939,9.000000,9.000000,0.000000,0,23,4.522228,15.000000,0.000000,50,23,26,60,0,4.517362,2.430939,0,23,5.000000,0.000000,5.000000,0.000000,1.000000,2.450000,2.400000,2.375000,0.000000,0.010250,0.000714,0.000000,0.044110,18,18,0.022043,0.010068,0.003043,1944.000000,0.267105,0.812655,2.727443,0.232131,20.551553,436.090704,4.522228,5.517035,11.942056,149.944114,5.517035,3.280000,2.218468,1.040802,0.201663,11,0.271460,23,1,10,5,0.066939,73.280000,108.812936,506.159564,0.262043,0.053230,36.213644,0.000000,0.000000,94,108,4.856677
177,attack_only,220.000000,260.000000,40.000000,83.925000,0.000000,0.000000,2877.700000,0.000000,0.000000,0.450000,243.000000,0.146008,36.667168,0.171886,34.288948,10.462691,52.000000,52.000000,4.572237,2.615673,9.000000,9.000000,0.420042,7,24,4.583699,15.000000,0.000000,50,24,25,64,0,4.572237,2.615673,0,24,5.000000,0.000000,5.000000,0.000000,1.000000,2.250000,2.250000,2.250000,0.000000,0.003711,0.000621,0.000000,0.043899,18,18,0.009087,0.002480,0.001181,1944.000000,0.262085,0.823801,2.421452,0.236844,21.364966,471.808731,4.583699,5.489040,12.090326,155.975490,5.489040,3.480000,2.410311,1.074316,0.279031,11,0.269079,32,1,10,5,0.071020,70.780000,104.536082,466.280830,0.269611,0.056408,36.427529,0.000000,0.000000,212,221,5.562142
177,defense_only,320.000000,360.000000,40.000000,77.275000,0.000000,0.000000,2630.900000,0.000000,0.000000,0.450000,243.000000,0.268322,34.102114,0.167934,34.045940,9.830749,52.000000,52.000000,4.511485,2.457687,9.000000,9.000000,0.000000,0,23,4.518703,15.000000,0.000000,50,23,26,60,0,4.511485,2.457687,0,23,5.000000,0.000000,5.000000,0.000000,1.000000,2.325000,2.250000,2.250000,0.000000,0.009120,0.000621,0.000000,0.045041,18,18,0.018596,0.007301,0.002442,1944.000000,0.274197,0.828238,3.132430,0.249860,20.451280,426.315995,4.518703,5.513361,11.842155,147.473186,5.513361,3.280000,2.218468,1.040802,0.201663,11,0.271460,23,1,10,5,0.066939,73.280000,108.812936,506.159564,0.262043,0.053230,36.590823,0.000000,0.000000,94,108,4.856677
177,defense_vs_attack,420.000000,460.000000,40.000000,83.925000,0.000000,0.000000,2876.000000,0.000000,0.000000,0.450000,243.000000,0.195431,36.835215,0.172271,34.268692,10.475522,52.000000,52.000000,4.567173,2.618881,9.000000,9.000000,0.420042,7,24,4.582647,15.000000,0.000000,50,24,25,64,0,4.567173,2.618881,0,24,5.000000,0.000000,5.000000,0.000000,1.000000,2.300000,2.250000,2.250000,0.000000,0.004721,0.000621,0.000000,0.043647,18,18,0.010738,0.003239,0.000772,1944.000000,0.260102,0.809053,1.881524,0.244628,21.786985,513.259091,4.582647,5.484795,12.087291,155.919409,5.484795,3.480000,2.410311,1.074316,0.279031,11,0.269079,32,1,10,5,0.071020,70.780000,104.536082,466.280830,0.269611,0.056408,36.089774,0.000000,0.000000,212,221,5.562142
174,baseline,120.000000,160.000000,40.000000,145.475000,0.000000,0.000000,4412.200000,0.000000,0.000000,0.450000,243.000000,0.356288,29.721326,0.133624,30.329610,7.072013,44.000000,48.000000,3.582402,1.768003,7.000000,8.000000,0.000000,0,35,5.123913,15.000000,0.000000,50,35,15,52,0,3.582402,1.768003,0,35,3.000000,0.000000,3.000000,0.000000,1.000000,1.425000,1.425000,1.425000,0.000000,0.006095,0.000715,0.000000,0.037963,18,18,0.011322,0.004766,0.001455,1944.000000,0.220168,0.756536,0.371828,0.228248,28.318214,827.700582,5.123913,5.505856,16.367931,282.524195,5.505856,3.560000,1.834775,0.545420,-0.266195,7,0.162190,17,1,9,5,0.072653,66.220000,64.723820,279.613547,0.279988,0.051317,36.493114,0.000000,0.000000,175,131,4.998805
174,attack_only,220.000000,260.000000,40.000000,143.500000,0.000000,0.000000,4430.400000,0.000000,0.000000,0.450000,243.000000,0.337956,42.154115,0.161616,30.873868,10.517620,44.000000,80.000000,3.718467,2.629405,7.000000,16.000000,0.246100,8,35,5.124224,15.000000,0.000000,50,35,15,59,0,3.718467,2.629405,0,35,3.000000,0.000000,3.000000,0.000000,1.000000,1.525000,1.350000,1.350000,0.000000,0.002457,0.000622,0.000000,0.039524,18,18,0.005484,0.002412,0.001812,1944.000000,0.223035,0.754537,0.351073,0.244492,28.174447,826.515734,5.124224,5.494800,14.785456,243.278928,5.494800,3.800000,2.497999,2.321858,8.985700,7,0.218786,29,1,8,4,0.077551,60.640000,83.325865,516.757592,0.300270,0.060253,36.382609,0.000000,0.000000,427,291,6.028081
174,defense_only,320.000000,360.000000,40.000000,144.800000,0.000000,0.000000,4393.900000,0.000000,0.000000,0.450000,243.000000,0.298351,29.371222,0.132082,30.344613,7.065403,44.000000,48.000000,3.586153,1.766351,7.000000,8.000000,0.000000,0,35,5.125549,15.000000,0.000000,50,35,15,52,0,3.586153,1.766351,0,35,3.000000,0.000000,3.000000,0.000000,1.000000,1.350000,1.350000,1.350000,0.000000,0.005412,0.000622,0.000000,0.037620,18,18,0.009650,0.003793,0.001197,1944.000000,0.220337,0.768893,0.366019,0.215315,28.113233,807.851841,5.125549,5.509936,16.338807,281.410006,5.509936,3.560000,1.834775,0.545420,-0.266195,7,0.162190,17,1,9,5,0.072653,66.220000,64.723820,279.613547,0.279988,0.051317,36.299642,0.000000,0.000000,175,131,4.998805
174,defense_vs_attack,420.000000,460.000000,40.000000,144.850000,0.000000,0.000000,4469.400000,0.000000,0.000000,0.450000,243.000000,0.181791,41.928221,0.157241,30.855368,10.542686,44.000000,80.000000,3.713842,2.635671,7.000000,16.000000,0.243445,8,35,5.127907,15.000000,0.000000,50,35,15,59,0,3.713842,2.635671,0,35,3.000000,0.000000,3.000000,0.000000,1.000000,1.350000,1.350000,1.350000,0.000000,0.002806,0.000622,0.000000,0.040337,18,18,0.005594,0.001505,0.000227,1944.000000,0.219605,0.748866,0.318645,0.224934,28.492135,837.550061,5.127907,5.498834,14.818997,244.764488,5.498834,3.800000,2.497999,2.321858,8.985700,7,0.218786,29,1,8,4,0.077551,60.640000,83.325865,516.757592,0.300270,0.060253,36.099885,0.000000,0.000000,427,291,6.028081
191,baseline,120.000000,160.000000,40.000000,68.575000,0.000000,0.000000,2456.600000,0.000000,0.000000,0.450000,243.000000,0.111647,26.845493,0.135668,35.823551,9.211150,52.000000,52.000000,4.955888,2.302787,9.000000,9.000000,0.000000,0,22,4.364104,15.000000,0.000000,50,22,28,70,0,4.955888,2.302787,0,22,3.000000,0.000000,3.000000,0.000000,1.000000,1.425000,1.425000,1.425000,0.000000,0.006095,0.000715,0.000000,0.054436,18,18,0.012549,0.007790,0.002890,1944.000000,0.292854,0.838693,3.197617,0.229631,19.327275,387.304668,4.458517,5.546212,11.369856,134.013015,5.546212,3.600000,2.297825,0.860498,-0.279270,8,0.332698,27,1,8,5,0.073469,66.560000,98.022950,464.229483,0.277480,0.049084,36.214660,0.000000,0.000000,174,161,5.093872
191,attack_only,220.000000,260.000000,40.000000,62.025000,0.000000,0.000000,2281.500000,0.000000,0.000000,0.450000,243.000000,0.247020,31.914694,0.161793,36.783555,10.410920,64.000000,64.000000,5.195889,2.602730,12.000000,12.000000,0.570150,8,22,4.365555,15.000000,0.000000,50,22,28,76,0,5.195889,2.602730,0,22,0.000000,0.000000,0.000000,0.000000,0.000000,0.475000,0.475000,0.475000,0.000000,0.002032,0.000714,0.000000,0.076914,0,18,0.000000,0.000000,0.000000,0.000000,0.322087,0.907088,3.514235,0.228232,18.437469,345.707918,4.454038,5.527584,10.684620,118.929723,5.527584,3.800000,2.497999,1.067008,0.762081,8,0.353203,32,1,7,4,0.077551,63.500000,94.439274,469.123642,0.287619,0.052969,36.019502,0.000000,0.000000,312,247,5.570895
191,defense_only,320.000000,360.000000,40.000000,68.725000,0.000000,0.000000,2461.300000,0.000000,0.000000,0.450000,243.000000,0.110905,26.721781,0.134775,35.813750,9.204374,52.000000,52.000000,4.953438,2.301093,9.000000,9.000000,0.000733,1,22,4.365046,15.000000,0.000000,50,22,28,70,0,4.953438,2.301093,0,22,3.000000,0.000000,3.000000,0.000000,1.000000,1.350000,1.350000,1.350000,0.000000,0.002227,0.000622,0.000000,0.057665,18,18,0.004736,0.001116,0.000227,1944.000000,0.290884,0.862547,3.395337,0.227544,19.576374,392.201686,4.458534,5.547005,11.381917,134.305833,5.547005,3.600000,2.297825,0.860498,-0.279270,8,0.332698,27,1,8,5,0.073469,66.560000,98.022950,464.229483,0.277480,0.049084,36.104426,0.000000,0.000000,174,161,5.093872
191,defense_vs_attack,420.000000,460.000000,40.000000,65.400000,0.000000,0.000000,2399.600000,0.000000,0.000000,0.450000,243.000000,0.391709,33.554672,0.176348,36.691131,10.078561,52.000000,64.000000,5.172783,2.519640,9.000000,12.000000,0.541072,7,23,4.593923,15.000000,0.000000,50,23,27,74,0,5.172783,2.519640,4,27,3.000000,0.000000,3.000000,0.000000,1.000000,1.150000,1.150000,1.150000,0.000000,0.004711,0.000622,0.000000,0.057582,14,18,0.010085,0.003981,0.000932,1512.000000,0.309126,0.863531,3.347837,0.320649,19.299448,385.375187,4.507012,5.518655,10.986115,125.792413,5.518655,3.880000,2.526974,0.960604,0.486579,8,0.356348,35,1,7,4,0.079184,63.420000,94.500681,477.038206,0.288017,0.053475,35.159516,0.050000,0.025000,428,306,5.753343
188,baseline,120.000000,160.000000,40.000000,84.275000,0.000000,0.000000,2859.100000,0.000000,0.000000,0.450000,243.000000,0.259407,24.156622,0.130584,33.925838,9.112134,48.000000,60.000000,4.481460,2.278034,8.000000,11.000000,0.000000,0,28,4.802072,15.000000,0.000000,50,28,22,72,0,4.481460,2.278034,0,28,4.000000,0.000000,4.000000,0.000000,1.000000,1.900000,1.900000,1.900000,0.000000,0.008127,0.000715,0.000000,0.044257,18,18,0.016589,0.007293,0.002084,1944.000000,0.301271,0.914684,3.446888,0.212287,21.214048,457.798915,4.802072,5.505795,12.455176,162.475698,5.505795,4.000000,2.537716,1.094054,0.829906,6,0.231544,30,1,9,5,0.081633,62.280000,83.530710,271.174646,0.295160,0.059642,35.974989,0.000000,0.000000,655,342,6.047630
188,attack_only,220.000000,260.000000,40.000000,86.275000,0.000000,0.000000,3017.900000,0.000000,0.000000,0.450000,243.000000,0.313721,33.781409,0.161159,34.980006,11.567719,60.000000,76.000000,4.745001,2.891930,11.000000,15.000000,0.408998,7,28,4.799818,15.000000,0.000000,50,28,22,77,0,4.745001,2.891930,0,28,0.000000,0.000000,0.000000,0.000000,0.000000,1.450000,1.375000,1.350000,0.001818,0.002328,0.000622,0.000000,0.052853,0,18,0.000000,0.000000,0.000000,0.000000,0.293678,0.910142,3.535250,0.241692,21.854242,493.093078,4.799818,5.494069,11.950426,154.349865,5.494069,4.240000,2.922738,1.502597,2.602506,6,0.268038,45,1,8,4,0.086531,58.540000,85.315290,423.545126,0.308748,0.062997,35.934549,0.000000,0.000000,1216,592,6.758958
188,defense_only,320.000000,360.000000,40.000000,82.300000,0.000000,0.000000,2801.000000,0.000000,0.000000,0.450000,243.000000,0.237493,24.821264,0.137145,34.034022,9.130554,48.000000,60.000000,4.508505,2.282638,8.000000,11.000000,0.000000,0,28,4.802726,15.000000,0.000000,50,28,22,72,0,4.508505,2.282638,0,28,4.000000,0.000000,4.000000,0.000000,1.000000,1.825000,1.800000,1.800000,0.000000,0.005990,0.000622,0.000000,0.046580,18,18,0.013733,0.004680,0.001516,1944.000000,0.307784,0.920072,3.504868,0.267371,21.010522,449.449333,4.802726,5.496185,12.326299,158.929528,5.496185,4.000000,2.537716,1.094054,0.829906,6,0.231544,30,1,9,5,0.081633,62.280000,83.530710,271.174646,0.295160,0.059642,35.878904,0.000000,0.000000,655,342,6.047630
188,defense_vs_attack,420.000000,460.000000,40.000000,88.250000,0.000000,0.000000,3086.800000,0.000000,0.000000,0.450000,243.000000,0.279023,31.240432,0.147744,34.977904,11.208155,60.000000,76.000000,4.744476,2.802039,11.000000,15.000000,0.402342,9,28,4.937474,15.000000,0.000000,50,28,22,78,0,4.744476,2.802039,4,32,5.000000,0.000000,5.000000,0.000000,1.000000,2.250000,2.200000,2.175000,0.000000,0.008268,0.000715,0.000000,0.042268,11,18,0.018777,0.007031,0.003282,1188.000000,0.287743,0.893181,3.459018,0.250321,21.973976,490.167887,4.801682,5.494338,12.149196,159.147785,5.494338,4.360000,3.018344,1.372961,1.986218,6,0.272786,52,1,8,4,0.088980,58.420000,82.767765,395.503440,0.309392,0.063611,35.137733,0.075000,0.025000,1816,787,7.071419
196,baseline,120.000000,160.000000,40.000000,143.225000,0.000000,0.000000,4670.300000,0.000000,0.000000,0.450000,243.000000,0.244828,33.878062,0.130612,32.608134,7.953536,48.000000,48.000000,4.152034,1.988384,8.000000,8.000000,0.000000,0,32,4.997824,15.000000,0.000000,50,32,17,62,0,4.152034,1.988384,0,32,4.000000,0.000000,4.000000,0.000000,1.000000,1.900000,1.900000,1.900000,0.000000,0.008127,0.000714,0.000000,0.037079,18,18,0.016479,0.006909,0.001967,1944.000000,0.203080,0.715009,0.308383,0.245190,28.158712,814.470374,4.997824,5.558723,15.874965,269.811208,5.558723,3.920000,1.968146,0.646681,-0.342922,3,0.292794,34,1,8,5,0.080000,72.780000,79.451083,301.172439,0.256288,0.034106,36.229633,0.000000,0.000000,345,262,5.583424
196,attack_only,220.000000,260.000000,40.000000,141.000000,0.000000,0.000000,4670.300000,0.000000,0.000000,0.450000,243.000000,0.206817,37.243355,0.142756,33.122695,8.763997,48.000000,52.000000,4.280674,2.190999,8.000000,9.000000,0.249643,7,32,4.998405,15.000000,0.000000,50,32,17,68,0,4.280674,2.190999,0,32,4.000000,0.000000,4.000000,0.000000,1.000000,1.800000,1.800000,1.800000,0.000000,0.002969,0.000621,0.000000,0.038175,18,18,0.006820,0.001703,0.000512,1944.000000,0.206990,0.731142,0.309414,0.247870,28.336652,820.807999,4.998405,5.543563,15.417812,257.999034,5.543563,4.120000,2.132041,0.635806,-0.339653,3,0.326619,41,1,8,5,0.084082,68.040000,83.908418,323.816964,0.271404,0.043653,36.317044,0.000000,0.000000,437,309,5.744183
196,defense_only,320.000000,360.000000,40.000000,142.200000,0.000000,0.000000,4637.100000,0.000000,0.000000,0.450000,243.000000,0.232429,33.428182,0.130296,32.609705,7.926676,48.000000,48.000000,4.152426,1.981669,8.000000,8.000000,0.000000,0,32,4.998006,15.000000,0.000000,50,32,17,62,0,4.152426,1.981669,0,32,4.000000,0.000000,4.000000,0.000000,1.000000,1.800000,1.800000,1.800000,0.000000,0.007216,0.000621,0.000000,0.037459,18,18,0.013818,0.005319,0.001174,1944.000000,0.205073,0.730154,0.274094,0.232407,28.145681,802.724240,4.998006,5.565527,15.841432,268.397970,5.565527,3.920000,1.968146,0.646681,-0.342922,3,0.292794,34,1,8,5,0.080000,72.780000,79.451083,301.172439,0.256288,0.034106,36.413970,0.000000,0.000000,345,262,5.583424
196,defense_vs_attack,420.000000,460.000000,40.000000,141.300000,0.000000,0.000000,4673.200000,0.000000,0.000000,0.450000,243.000000,0.224631,36.316101,0.139401,33.072895,8.745092,48.000000,52.000000,4.268224,2.186273,8.000000,9.000000,0.249110,7,32,4.998139,15.000000,0.000000,50,32,17,68,0,4.268224,2.186273,0,32,4.000000,0.000000,4.000000,0.000000,1.000000,1.875000,1.825000,1.800000,0.001282,0.004053,0.000621,0.000000,0.037712,18,18,0.008746,0.002671,0.000526,1944.000000,0.205962,0.727421,0.328957,0.239177,27.956759,791.170359,4.998139,5.545215,15.439215,258.663618,5.545215,4.120000,2.132041,0.635806,-0.339653,3,0.326619,41,1,8,5,0.084082,68.040000,83.908418,323.816964,0.271404,0.043653,36.233331,0.000000,0.000000,437,309,5.744183
193,baseline,120.000000,160.000000,40.000000,131.475000,0.000000,0.000000,4623.700000,0.000000,0.000000,0.450000,243.000000,0.167226,43.789037,0.154833,35.167903,10.056682,52.000000,68.000000,4.791976,2.514171,9.000000,13.000000,0.000000,0,30,4.905842,15.000000,0.000000,50,30,20,72,0,4.791976,2.514171,0,30,5.000000,0.000000,5.000000,0.000000,1.000000,2.400000,2.375000,2.375000,0.000000,0.010184,0.000715,0.000000,0.037006,18,18,0.022138,0.010474,0.003160,1944.000000,0.207037,0.719255,0.343323,0.229773,27.094699,757.077266,4.905842,5.528752,14.460752,230.687721,5.528752,4.320000,2.370148,1.157707,1.929670,3,0.257825,39,1,9,5,0.088163,61.100000,79.035366,292.555557,0.298453,0.058666,36.126520,0.000000,0.000000,679,422,6.094721
193,attack_only,220.000000,260.000000,40.000000,133.050000,0.000000,0.000000,4776.900000,0.000000,0.000000,0.450000,243.000000,0.170367,55.264655,0.174679,35.903044,12.194080,68.000000,76.000000,4.975761,3.048520,13.000000,15.000000,0.264550,7,30,4.905818,15.000000,0.000000,50,30,20,79,0,4.975761,3.048520,0,30,5.000000,0.000000,5.000000,0.000000,1.000000,2.325000,2.325000,2.325000,0.000000,0.007579,0.000640,0.000037,0.035033,18,18,0.018742,0.008324,0.002368,1944.000000,0.205472,0.706813,0.337135,0.235687,27.819941,808.615675,4.905818,5.506952,13.548033,211.056659,5.506952,4.560000,2.871655,1.665924,3.505824,3,0.311274,60,1,9,5,0.093061,58.940000,82.057631,378.750839,0.308037,0.064802,36.134631,0.000000,0.000000,1482,762,6.976415
193,defense_only,320.000000,360.000000,40.000000,130.825000,0.000000,0.000000,4595.100000,0.000000,0.000000,0.450000,243.000000,0.168533,42.770466,0.152494,35.124021,10.040397,52.000000,68.000000,4.781005,2.510099,9.000000,13.000000,0.000000,0,30,4.905812,15.000000,0.000000,50,30,20,72,0,4.781005,2.510099,0,30,5.000000,0.000000,5.000000,0.000000,1.000000,2.350000,2.275000,2.250000,0.000000,0.005934,0.000622,0.000000,0.035744,18,18,0.011340,0.001962,0.001072,1944.000000,0.209120,0.743210,0.319965,0.217418,26.863593,750.501695,4.905812,5.531157,14.443144,229.931719,5.531157,4.320000,2.370148,1.157707,1.929670,3,0.257825,39,1,9,5,0.088163,61.100000,79.035366,292.555557,0.298453,0.058666,36.277490,0.000000,0.000000,679,422,6.094721
193,defense_vs_attack,420.000000,460.000000,40.000000,132.850000,0.000000,0.000000,4772.200000,0.000000,0.000000,0.450000,243.000000,0.249394,55.311306,0.179048,35.921716,12.147626,68.000000,76.000000,4.980429,3.036906,13.000000,15.000000,0.264951,7,30,4.904473,15.000000,0.000000,50,30,20,79,0,4.980429,3.036906,0,30,5.000000,0.000000,5.000000,0.000000,1.000000,2.250000,2.250000,2.250000,0.000000,0.007282,0.000622,0.000000,0.036482,18,18,0.016436,0.005193,0.001677,1944.000000,0.207233,0.718528,0.366747,0.215898,26.851562,760.290047,4.904473,5.501167,13.563140,211.303237,5.501167,4.560000,2.871655,1.665924,3.505824,3,0.311274,60,1,9,5,0.093061,58.940000,82.057631,378.750839,0.308037,0.064802,36.531203,0.000000,0.000000,1482,762,6.976415
200,baseline,120.000000,160.000000,40.000000,103.375000,0.000000,0.000000,3580.200000,0.000000,0.000000,0.450000,243.000000,0.198887,32.245224,0.142805,34.633132,9.396421,52.000000,56.000000,4.658283,2.349105,9.000000,10.000000,0.000730,1,28,4.805257,15.000000,0.000000,50,28,22,68,0,4.658283,2.349105,0,28,6.000000,0.000000,6.000000,0.000000,1.000000,2.925000,2.875000,2.850000,0.000000,0.012270,0.000715,0.000000,0.036985,18,18,0.027775,0.013877,0.003802,1944.000000,0.245644,0.829074,0.411268,0.220396,24.031493,590.219859,4.805257,5.511941,13.443977,193.194680,5.511941,4.000000,2.315167,0.647901,-0.298953,7,0.239571,26,1,8,4,0.081633,61.940000,82.207208,323.352143,0.294773,0.057634,36.114620,0.000000,0.000000,594,296,5.697128
200,attack_only,220.000000,260.000000,40.000000,92.875000,0.000000,0.000000,3212.400000,0.000000,0.000000,0.450000,243.000000,0.275167,47.575600,0.184150,34.588425,14.084591,44.000000,92.000000,4.647106,3.521148,7.000000,19.000000,0.379713,7,28,4.802322,15.000000,0.000000,50,28,22,71,0,4.647106,3.521148,0,28,6.000000,0.000000,6.000000,0.000000,1.000000,2.700000,2.700000,2.700000,0.000000,0.004453,0.000622,0.000000,0.038745,18,18,0.010749,0.002789,0.000568,1944.000000,0.273349,0.877373,3.176134,0.227931,22.583443,516.107239,4.802322,5.521073,11.524564,149.541859,5.521073,4.040000,2.952694,2.608645,10.631429,7,0.353682,42,1,7,4,0.082449,55.040000,106.567512,639.412302,0.320935,0.064586,35.968599,0.000000,0.000000,527,356,6.424439
200,defense_only,320.000000,360.000000,40.000000,103.675000,0.000000,0.000000,3583.300000,0.000000,0.000000,0.450000,243.000000,0.225628,31.435735,0.138694,34.562816,9.400583,52.000000,56.000000,4.640704,2.350146,9.000000,10.000000,0.000486,1,28,4.804708,15.000000,0.000000,50,28,22,68,0,4.640704,2.350146,0,28,6.000000,0.000000,6.000000,0.000000,1.000000,2.800000,2.700000,2.700000,0.000000,0.010940,0.000622,0.000000,0.037911,18,18,0.023217,0.009452,0.002842,1944.000000,0.245076,0.829524,0.403089,0.213089,24.088454,589.295392,4.804708,5.510314,13.458636,193.664891,5.510314,4.000000,2.315167,0.647901,-0.298953,7,0.239571,26,1,8,4,0.081633,61.940000,82.207208,323.352143,0.294773,0.057634,36.176202,0.000000,0.000000,594,296,5.697128
200,defense_vs_attack,420.000000,460.000000,40.000000,93.475000,0.000000,0.000000,3230.100000,0.000000,0.000000,0.450000,243.000000,0.304394,47.441147,0.182523,34.555764,14.035079,44.000000,92.000000,4.638941,3.508770,7.000000,19.000000,0.377257,7,28,4.801207,15.000000,0.000000,50,28,22,71,0,4.638941,3.508770,0,28,6.000000,0.000000,6.000000,0.000000,1.000000,2.925000,2.775000,2.750000,0.000000,0.008064,0.000640,0.000037,0.037529,18,18,0.018815,0.006161,0.001660,1944.000000,0.271567,0.873905,3.261962,0.234290,22.512806,519.349218,4.801207,5.524881,11.564480,150.564984,5.524881,4.040000,2.952694,2.608645,10.631429,7,0.353682,42,1,7,4,0.082449,55.040000,106.567512,639.412302,0.320935,0.064586,36.060076,0.000000,0.000000,527,356,6.424439
201,baseline,120.000000,160.000000,40.000000,116.225000,0.000000,0.000000,3734.000000,0.000000,0.000000,0.450000,243.000000,0.236448,37.288166,0.180398,32.127339,10.070483,52.000000,56.000000,4.031835,2.517621,9.000000,10.000000,0.000000,0,32,4.932805,15.000000,0.000000,50,32,18,69,0,4.031835,2.517621,0,32,5.000000,0.000000,5.000000,0.000000,1.000000,2.425000,2.375000,2.375000,0.000000,0.010204,0.000714,0.000000,0.035604,18,18,0.022091,0.010324,0.003075,1944.000000,0.250776,0.803269,0.505297,0.237270,25.144645,655.989662,4.996886,5.529057,13.840508,208.899017,5.529057,3.960000,2.306166,0.694512,-0.457631,5,0.375206,37,1,9,5,0.080816,65.800000,90.175651,390.393502,0.281197,0.052271,36.171757,0.000000,0.000000,306,250,5.362683
201,attack_only,220.000000,260.000000,40.000000,106.525000,0.000000,0.000000,3462.600000,0.000000,0.000000,0.450000,243.000000,0.302083,36.118243,0.186096,32.505046,11.335273,56.000000,60.000000,4.126261,2.833818,10.000000,11.000000,0.331284,7,32,4.931790,15.000000,0.000000,50,32,18,78,0,4.126261,2.833818,0,32,5.000000,0.000000,5.000000,0.000000,1.000000,2.350000,2.275000,2.250000,0.000000,0.003866,0.000621,0.000000,0.040810,18,18,0.009163,0.002991,0.001259,1944.000000,0.273375,0.850191,3.142764,0.238577,24.240105,610.920241,4.993918,5.507173,12.956062,185.416727,5.507173,4.240000,2.549980,0.657647,-0.443754,5,0.401815,53,1,9,5,0.086531,62.980000,95.740095,419.693191,0.291018,0.056498,36.147337,0.000000,0.000000,706,468,6.214074
201,defense_only,320.000000,360.000000,40.000000,117.825000,0.000000,0.000000,3792.500000,0.000000,0.000000,0.450000,243.000000,0.262517,38.444905,0.183818,32.187566,10.041735,52.000000,56.000000,4.046892,2.510434,9.000000,10.000000,0.000000,0,32,4.935919,15.000000,0.000000,50,32,18,69,0,4.046892,2.510434,0,32,5.000000,0.000000,5.000000,0.000000,1.000000,2.300000,2.250000,2.250000,0.000000,0.009066,0.000621,0.000000,0.038124,18,18,0.018584,0.006970,0.002418,1944.000000,0.246400,0.803078,0.374654,0.249925,25.840284,683.146221,4.996299,5.529515,13.920666,211.503080,5.529515,3.960000,2.306166,0.694512,-0.457631,5,0.375206,37,1,9,5,0.080816,65.800000,90.175651,390.393502,0.281197,0.052271,36.061374,0.000000,0.000000,306,250,5.362683
201,defense_vs_attack,420.000000,460.000000,40.000000,106.725000,0.000000,0.000000,3468.900000,0.000000,0.000000,0.450000,243.000000,0.389002,36.210854,0.188795,32.503162,11.264482,56.000000,60.000000,4.125791,2.816120,10.000000,11.000000,0.330422,7,32,4.925333,15.000000,0.000000,50,32,18,78,0,4.125791,2.816120,0,32,5.000000,0.000000,5.000000,0.000000,1.000000,2.275000,2.250000,2.250000,0.000000,0.004710,0.000621,0.000000,0.038458,18,18,0.010742,0.003442,0.000848,1944.000000,0.272555,0.833316,2.952873,0.261148,24.671474,630.714304,4.989750,5.513115,12.990097,186.197044,5.513115,4.240000,2.549980,0.657647,-0.443754,5,0.401815,53,1,9,5,0.086531,62.980000,95.740095,419.693191,0.291018,0.056498,36.071636,0.000000,0.000000,706,468,6.214074
202,baseline,120.000000,160.000000,40.000000,143.800000,0.000000,0.000000,4451.100000,0.000000,0.000000,0.450000,243.000000,0.189354,25.262624,0.113327,30.953408,6.630989,44.000000,44.000000,3.738352,1.657747,7.000000,7.000000,0.000000,0,35,5.127748,15.000000,0.000000,50,35,14,60,0,3.738352,1.657747,0,35,5.000000,0.000000,5.000000,0.000000,1.000000,2.450000,2.375000,2.375000,0.000000,0.010273,0.000715,0.000000,0.031220,18,18,0.022107,0.009996,0.003248,1944.000000,0.223171,0.752403,0.334562,0.243217,28.620753,840.571363,5.127748,5.579724,16.451232,283.546068,5.579724,3.840000,1.665653,0.254438,-0.847853,3,0.215524,18,1,9,6,0.078367,69.240000,69.777870,259.274372,0.264621,0.028759,36.487767,0.000000,0.000000,161,143,4.531071
202,attack_only,220.000000,260.000000,40.000000,155.175000,0.000000,0.000000,4858.800000,0.000000,0.000000,0.450000,243.000000,0.219878,28.111969,0.118560,31.311745,6.914281,44.000000,44.000000,3.827936,1.728570,7.000000,7.000000,0.226868,7,36,5.168054,15.000000,0.000000,50,36,13,63,0,3.827936,1.728570,0,36,5.000000,0.000000,5.000000,0.000000,1.000000,2.325000,2.250000,2.250000,0.000000,0.003799,0.000622,0.000000,0.032866,18,18,0.008943,0.002302,0.000874,1944.000000,0.210527,0.722691,0.289622,0.251417,29.593162,898.558299,5.168054,5.565478,16.864751,300.785914,5.565478,4.040000,1.743101,0.142616,-0.945165,3,0.231238,26,1,9,6,0.082449,68.560000,66.544213,252.309034,0.266778,0.029921,36.145320,0.000000,0.000000,270,213,5.055736
202,defense_only,320.000000,360.000000,40.000000,144.700000,0.000000,0.000000,4482.700000,0.000000,0.000000,0.450000,243.000000,0.193565,26.022025,0.116571,30.979267,6.642223,44.000000,44.000000,3.744817,1.660556,7.000000,7.000000,0.000000,0,35,5.127706,15.000000,0.000000,50,35,14,60,0,3.744817,1.660556,0,35,5.000000,0.000000,5.000000,0.000000,1.000000,2.300000,2.250000,2.250000,0.000000,0.009090,0.000622,0.000000,0.033408,18,18,0.018551,0.007032,0.001767,1944.000000,0.221014,0.754515,0.314942,0.247120,28.419904,832.684114,5.127706,5.581626,16.490300,285.055193,5.581626,3.840000,1.665653,0.254438,-0.847853,3,0.215524,18,1,9,6,0.078367,69.240000,69.777870,259.274372,0.264621,0.028759,36.451596,0.000000,0.000000,161,143,4.531071
202,defense_vs_attack,420.000000,460.000000,40.000000,156.550000,0.000000,0.000000,4900.700000,0.000000,0.000000,0.450000,243.000000,0.219686,28.060657,0.118107,31.304376,6.912995,44.000000,44.000000,3.826094,1.728249,7.000000,7.000000,0.224863,7,36,5.168092,15.000000,0.000000,50,36,13,63,0,3.826094,1.728249,0,36,5.000000,0.000000,5.000000,0.000000,1.000000,2.250000,2.250000,2.250000,0.000000,0.004676,0.000622,0.000000,0.032161,18,18,0.010742,0.003065,0.001052,1944.000000,0.208405,0.713924,0.316474,0.257396,30.298574,953.284709,5.168092,5.566661,16.926817,303.175438,5.566661,4.040000,1.743101,0.142616,-0.945165,3,0.231238,26,1,9,6,0.082449,68.560000,66.544213,252.309034,0.266778,0.029921,36.117677,0.000000,0.000000,270,213,5.055736
206,baseline,120.000000,160.000000,40.000000,87.800000,0.000000,0.000000,3094.700000,0.000000,0.000000,0.450000,243.000000,0.130836,38.503214,0.163935,35.247153,10.816463,56.000000,64.000000,4.811788,2.704116,10.000000,12.000000,0.000000,0,24,4.584033,15.000000,0.000000,50,24,26,62,0,4.811788,2.704116,0,24,6.000000,0.000000,6.000000,0.000000,1.000000,2.850000,2.850000,2.850000,0.000000,0.012190,0.000715,0.000000,0.038352,18,18,0.027308,0.012437,0.003721,1944.000000,0.250782,0.788299,0.412286,0.225498,21.692002,481.557528,4.584033,5.515681,12.213987,160.386625,5.515681,3.560000,2.475157,1.467444,2.337459,11,0.306921,29,1,10,5,0.072653,71.880000,102.255613,403.004100,0.261483,0.042479,36.497865,0.000000,0.000000,247,235,5.647442
206,attack_only,220.000000,260.000000,40.000000,90.100000,0.000000,0.000000,3166.400000,0.000000,0.000000,0.450000,243.000000,0.200709,39.128967,0.170270,35.143174,11.403337,56.000000,64.000000,4.785794,2.850834,10.000000,12.000000,0.391171,7,25,4.641617,15.000000,0.000000,50,25,25,65,0,4.785794,2.850834,0,25,0.000000,0.000000,0.000000,0.000000,0.000000,2.400000,2.400000,2.375000,0.001527,0.010193,0.000714,0.000000,0.040144,0,18,0.000000,0.000000,0.000000,0.000000,0.257188,0.739860,0.485685,0.273272,22.148733,514.227684,4.641617,5.496525,12.163083,160.878412,5.496525,3.720000,2.676117,1.427462,2.043345,11,0.336035,36,1,8,4,0.075918,62.820000,105.744358,497.112726,0.289727,0.051295,36.709111,0.000000,0.000000,353,288,5.911814
206,defense_only,320.000000,360.000000,40.000000,87.425000,0.000000,0.000000,3086.600000,0.000000,0.000000,0.450000,243.000000,0.154529,39.519699,0.167347,35.305691,10.866837,56.000000,64.000000,4.826423,2.716709,10.000000,12.000000,0.000000,0,24,4.583655,15.000000,0.000000,50,24,26,62,0,4.826423,2.716709,0,24,6.000000,0.000000,6.000000,0.000000,1.000000,2.725000,2.725000,2.700000,0.001603,0.004483,0.000622,0.000000,0.039703,18,18,0.010859,0.002736,0.000798,1944.000000,0.250141,0.782221,0.483950,0.240773,21.859539,495.308258,4.583655,5.514229,12.179647,159.543517,5.514229,3.560000,2.475157,1.467444,2.337459,11,0.306921,29,1,10,5,0.072653,71.880000,102.255613,403.004100,0.261483,0.042479,36.305194,0.000000,0.000000,247,235,5.647442
206,defense_vs_attack,420.000000,460.000000,40.000000,93.500000,0.000000,0.000000,3284.100000,0.000000,0.000000,0.450000,243.000000,0.192094,38.394811,0.160862,35.124064,11.120276,56.000000,64.000000,4.781016,2.780069,10.000000,12.000000,0.379004,8,25,4.846507,15.000000,0.000000,50,25,25,67,0,4.781016,2.780069,8,33,6.000000,0.000000,6.000000,0.000000,1.000000,2.725000,2.650000,2.650000,0.000000,0.008044,0.000628,0.000024,0.039382,9,18,0.019146,0.009643,0.003071,972.000000,0.244741,0.720021,0.458520,0.276786,22.786460,532.106295,4.641942,5.498815,12.417010,167.518317,5.498815,3.880000,2.818794,1.360099,1.661543,11,0.327003,42,1,7,4,0.079184,59.700000,101.733192,503.001284,0.300604,0.054161,34.836273,0.100000,0.025000,675,431,6.328585
208,baseline,120.000000,160.000000,40.000000,91.625000,0.000000,0.000000,3042.700000,0.000000,0.000000,0.450000,243.000000,0.180610,31.774366,0.160545,33.208186,9.666219,48.000000,56.000000,4.302046,2.416555,8.000000,10.000000,0.000550,1,27,4.752824,15.000000,0.000000,50,27,22,65,0,4.302046,2.416555,0,27,4.000000,0.000000,4.000000,0.000000,1.000000,1.950000,1.900000,1.900000,0.000000,0.008188,0.000714,0.000000,0.044660,18,18,0.016564,0.007355,0.002041,1944.000000,0.270572,0.830775,2.929286,0.251344,22.261621,504.738871,4.752824,5.524599,12.743565,172.524817,5.524599,3.640000,2.161111,0.920485,0.218781,8,0.217794,21,1,9,5,0.074286,70.980000,110.241500,513.923051,0.266778,0.050980,36.478451,0.000000,0.000000,228,183,5.091983
208,attack_only,220.000000,260.000000,40.000000,89.875000,0.000000,0.000000,3060.200000,0.000000,0.000000,0.450000,243.000000,0.140552,37.871960,0.181513,34.049513,11.403086,56.000000,68.000000,4.512378,2.850772,10.000000,13.000000,0.392377,7,27,4.753609,15.000000,0.000000,50,27,22,70,0,4.512378,2.850772,0,27,0.000000,0.000000,0.000000,0.000000,0.000000,0.450000,0.450000,0.450000,0.000000,0.000742,0.000621,0.000000,0.066180,0,18,0.000000,0.000000,0.000000,0.000000,0.275846,0.837208,3.113266,0.217909,21.976406,497.571406,4.753609,5.516274,12.166603,160.682711,5.516274,3.840000,2.492870,1.406367,2.283144,8,0.274277,32,1,9,5,0.078367,67.860000,113.135999,496.092150,0.277256,0.056266,36.548962,0.000000,0.000000,383,296,5.730313
208,defense_only,320.000000,360.000000,40.000000,90.775000,0.000000,0.000000,3019.000000,0.000000,0.000000,0.450000,243.000000,0.159770,31.936682,0.162902,33.258056,9.685515,48.000000,56.000000,4.314514,2.421379,8.000000,10.000000,0.000000,0,27,4.753269,15.000000,0.000000,50,27,22,65,0,4.314514,2.421379,0,27,4.000000,0.000000,4.000000,0.000000,1.000000,1.800000,1.800000,1.800000,0.000000,0.004030,0.000621,0.000000,0.048170,18,18,0.009187,0.001719,0.000806,1944.000000,0.272745,0.832819,3.266730,0.243615,22.325171,513.178829,4.753269,5.525242,12.690198,171.010853,5.525242,3.640000,2.161111,0.920485,0.218781,8,0.217794,21,1,9,5,0.074286,70.980000,110.241500,513.923051,0.266778,0.050980,36.395950,0.000000,0.000000,228,183,5.091983
208,defense_vs_attack,420.000000,460.000000,40.000000,93.000000,0.000000,0.000000,3152.200000,0.000000,0.000000,0.450000,243.000000,0.512814,39.153876,0.192670,33.894624,10.939407,56.000000,68.000000,4.473656,2.734852,10.000000,13.000000,0.381094,8,28,4.945349,15.000000,0.000000,50,28,21,68,0,4.473656,2.734852,6,34,0.000000,0.000000,0.000000,0.000000,0.000000,9.475000,9.225000,9.125000,0.003394,0.026723,0.000673,0.000097,0.019039,0,18,0.000000,0.000000,0.000000,0.000000,0.268075,0.810311,2.760642,0.252809,22.670162,534.349386,4.784172,5.518568,12.458483,167.925621,5.518568,3.920000,2.488694,1.321332,2.142754,8,0.269076,35,1,9,5,0.080000,67.820000,112.578974,496.092150,0.277418,0.056376,35.550085,0.025000,0.025000,500,354,5.893083
207,baseline,120.000000,160.000000,40.000000,155.300000,0.000000,0.000000,5242.100000,0.000000,0.000000,0.450000,243.000000,0.153868,42.502065,0.152542,33.754668,9.219598,52.000000,52.000000,4.438667,2.304899,9.000000,9.000000,0.000000,0,33,5.043628,15.000000,0.000000,50,33,17,67,0,4.438667,2.304899,0,33,5.000000,0.000000,5.000000,0.000000,1.000000,2.400000,2.375000,2.375000,0.000000,0.010241,0.000715,0.000000,0.032301,18,18,0.022240,0.009928,0.003143,1944.000000,0.192280,0.715691,0.268132,0.205169,29.581873,895.817270,5.043628,5.553810,15.731489,273.914907,5.553810,4.280000,2.107510,0.808389,-0.216652,1,0.240968,35,1,8,5,0.087347,60.120000,69.536367,306.231518,0.297874,0.049096,36.016947,0.000000,0.000000,431,322,5.513563
207,attack_only,220.000000,260.000000,40.000000,154.800000,0.000000,0.000000,5264.300000,0.000000,0.000000,0.450000,243.000000,0.200077,49.146016,0.166942,34.007106,10.537245,52.000000,68.000000,4.501776,2.634311,9.000000,13.000000,0.227472,7,33,5.043079,15.000000,0.000000,50,33,17,73,0,4.501776,2.634311,0,33,0.000000,0.000000,0.000000,0.000000,0.000000,0.450000,0.450000,0.450000,0.000000,0.000742,0.000622,0.000000,0.044277,0,18,0.000000,0.000000,0.000000,0.000000,0.194126,0.715595,0.287550,0.224045,30.134490,941.820678,5.043079,5.548444,15.031344,256.595460,5.548444,4.440000,2.450796,1.327837,1.811504,1,0.271569,46,1,8,4,0.090612,55.880000,76.537080,388.967478,0.314741,0.054828,36.277915,0.000000,0.000000,826,520,6.317059
207,defense_only,320.000000,360.000000,40.000000,155.525000,0.000000,0.000000,5253.500000,0.000000,0.000000,0.450000,243.000000,0.209538,43.083432,0.154933,33.779135,9.212738,52.000000,52.000000,4.444784,2.303185,9.000000,9.000000,0.000000,0,33,5.042934,15.000000,0.000000,50,33,17,67,0,4.444784,2.303185,0,33,5.000000,0.000000,5.000000,0.000000,1.000000,2.275000,2.275000,2.250000,0.000000,0.004813,0.000622,0.000000,0.033350,18,18,0.011303,0.001776,0.000922,1944.000000,0.193449,0.704316,0.292464,0.215494,30.268059,942.136094,5.042934,5.553327,15.742540,274.314336,5.553327,4.280000,2.107510,0.808389,-0.216652,1,0.240968,35,1,8,5,0.087347,60.120000,69.536367,306.231518,0.297874,0.049096,36.323872,0.000000,0.000000,431,322,5.513563
207,defense_vs_attack,420.000000,460.000000,40.000000,151.400000,0.000000,0.000000,5174.700000,0.000000,0.000000,0.450000,243.000000,0.376342,50.091863,0.174761,34.178996,10.447563,52.000000,68.000000,4.544749,2.611891,9.000000,13.000000,0.233771,9,33,5.213621,15.000000,0.000000,50,33,17,71,0,4.544749,2.611891,7,40,6.000000,0.000000,6.000000,0.000000,1.000000,2.400000,2.300000,2.275000,0.000000,0.010133,0.000640,0.000037,0.033664,14,18,0.028243,0.006304,0.004104,1512.000000,0.195588,0.722892,0.257874,0.236898,28.628266,840.355015,5.039129,5.545371,14.966423,253.385202,5.545371,4.480000,2.451449,1.286675,1.721671,1,0.268492,47,1,8,4,0.091429,55.860000,75.963976,383.453192,0.314838,0.054879,35.843625,0.000000,0.025000,937,556,6.391360
210,baseline,120.000000,160.000000,40.000000,101.050000,0.000000,0.000000,3509.900000,0.000000,0.000000,0.450000,243.000000,0.370100,38.056044,0.170305,34.734290,9.552954,48.000000,68.000000,4.683572,2.388239,8.000000,13.000000,0.000000,0,28,4.737773,15.000000,0.000000,50,28,22,72,0,4.683572,2.388239,0,28,4.000000,0.000000,4.000000,0.000000,1.000000,1.900000,1.900000,1.900000,0.000000,0.008127,0.000714,0.000000,0.040392,18,18,0.017444,0.008986,0.003233,1944.000000,0.252682,0.840457,0.479759,0.253498,23.413963,562.389280,4.799665,5.515830,13.292232,188.468763,5.515830,4.040000,2.416278,1.186581,1.871830,5,0.269560,33,1,9,5,0.082449,64.120000,77.295807,342.397379,0.287860,0.056187,36.262476,0.000000,0.000000,507,332,5.840056
210,attack_only,220.000000,260.000000,40.000000,101.975000,0.000000,0.000000,3569.900000,0.000000,0.000000,0.450000,243.000000,0.317429,37.162620,0.162106,35.007600,10.490668,60.000000,68.000000,4.751900,2.622667,11.000000,13.000000,0.346087,8,28,4.736242,15.000000,0.000000,50,28,22,76,0,4.751900,2.622667,0,28,4.000000,0.000000,4.000000,0.000000,1.000000,1.850000,1.800000,1.800000,0.000000,0.003008,0.000621,0.000000,0.042204,18,18,0.006826,0.001708,0.000525,1944.000000,0.250429,0.824572,0.430469,0.241446,23.881665,583.702656,4.801879,5.501074,13.039773,184.093123,5.501074,4.200000,2.607681,1.161275,1.344567,5,0.286515,41,1,9,5,0.085714,62.920000,78.283314,368.405982,0.292707,0.059351,36.315296,0.000000,0.000000,908,477,6.323388
210,defense_only,320.000000,360.000000,40.000000,102.525000,0.000000,0.000000,3568.800000,0.000000,0.000000,0.450000,243.000000,0.327019,40.169529,0.171190,34.809071,9.771138,48.000000,68.000000,4.702268,2.442784,8.000000,13.000000,0.000246,0,28,4.737069,15.000000,0.000000,50,28,22,72,0,4.702268,2.442784,0,28,4.000000,0.000000,4.000000,0.000000,1.000000,1.875000,1.800000,1.800000,0.000000,0.007281,0.000621,0.000000,0.041649,18,18,0.013964,0.005456,0.001483,1944.000000,0.248919,0.812709,0.418765,0.236641,24.000152,591.809226,4.801419,5.511104,13.300206,189.501682,5.511104,4.040000,2.416278,1.186581,1.871830,5,0.269560,33,1,9,5,0.082449,64.120000,77.295807,342.397379,0.287860,0.056187,36.224764,0.000000,0.000000,507,332,5.840056
210,defense_vs_attack,420.000000,460.000000,40.000000,98.950000,0.000000,0.000000,3469.700000,0.000000,0.000000,0.450000,243.000000,0.644226,42.374916,0.193214,35.065184,10.653593,60.000000,68.000000,4.766296,2.663398,11.000000,13.000000,0.361670,10,29,5.038859,15.000000,0.000000,50,29,21,83,0,4.766296,2.663398,16,40,4.000000,0.000000,4.000000,0.000000,1.000000,1.900000,1.850000,1.800000,0.002878,0.004120,0.000621,0.000000,0.041240,18,18,0.008939,0.002348,0.001315,1944.000000,0.257836,0.824645,0.499153,0.260314,23.020634,542.092328,4.821714,5.514918,12.840740,178.484682,5.514918,4.600000,3.006659,1.671511,4.089279,4,0.332392,59,1,9,5,0.093878,59.300000,78.984341,444.882132,0.306500,0.064191,32.821672,0.050000,0.250000,1823,834,7.091480
215,baseline,120.000000,160.000000,40.000000,130.925000,0.000000,0.000000,3984.100000,0.000000,0.000000,0.450000,243.000000,0.249657,32.060836,0.142527,30.430399,7.938010,48.000000,52.000000,3.607600,1.984503,8.000000,9.000000,0.000000,0,32,4.997355,15.000000,0.000000,50,32,18,54,0,3.607600,1.984503,0,32,4.000000,0.000000,4.000000,0.000000,1.000000,1.900000,1.900000,1.900000,0.000000,0.008127,0.000715,0.000000,0.036962,18,18,0.016907,0.008884,0.002325,1944.000000,0.222559,0.730027,0.370851,0.243116,26.969767,753.443921,4.997355,5.550228,15.342918,249.864024,5.550228,3.400000,1.833030,0.939116,0.562075,5,0.269444,22,1,10,5,0.069388,75.120000,89.635217,378.611508,0.253659,0.043572,36.273378,0.000000,0.000000,63,95,4.425712
215,attack_only,220.000000,260.000000,40.000000,131.200000,0.000000,0.000000,4065.100000,0.000000,0.000000,0.450000,243.000000,0.257163,35.298323,0.152406,30.983994,8.991598,52.000000,56.000000,3.745998,2.247899,9.000000,10.000000,0.268405,7,32,4.997195,15.000000,0.000000,50,32,18,59,0,3.745998,2.247899,0,32,4.000000,0.000000,4.000000,0.000000,1.000000,1.800000,1.800000,1.800000,0.000000,0.002969,0.000622,0.000000,0.039319,18,18,0.006740,0.001673,0.000341,1944.000000,0.224360,0.730022,0.354360,0.246824,27.273426,783.906148,4.997195,5.537555,14.938062,241.001431,5.537555,3.600000,2.068816,1.070638,0.871168,5,0.294111,31,1,9,5,0.073469,68.900000,86.993103,442.997619,0.271164,0.048007,36.543518,0.000000,0.000000,117,171,5.104116
215,defense_only,320.000000,360.000000,40.000000,132.800000,0.000000,0.000000,4042.100000,0.000000,0.000000,0.450000,243.000000,0.306505,33.019361,0.143866,30.437500,7.943788,48.000000,52.000000,3.609375,1.985947,8.000000,9.000000,0.000000,0,32,4.996080,15.000000,0.000000,50,32,18,54,0,3.609375,1.985947,0,32,4.000000,0.000000,4.000000,0.000000,1.000000,1.800000,1.800000,1.800000,0.000000,0.007216,0.000622,0.000000,0.039692,18,18,0.013818,0.005319,0.001174,1944.000000,0.221565,0.722352,0.359093,0.244797,26.914908,751.870891,4.996080,5.550565,15.429309,252.963257,5.550565,3.400000,1.833030,0.939116,0.562075,5,0.269444,22,1,10,5,0.069388,75.120000,89.635217,378.611508,0.253659,0.043572,36.638126,0.000000,0.000000,63,95,4.425712
215,defense_vs_attack,420.000000,460.000000,40.000000,130.625000,0.000000,0.000000,4061.900000,0.000000,0.000000,0.450000,243.000000,0.317598,36.921417,0.159892,31.095885,8.986124,52.000000,56.000000,3.773971,2.246531,9.000000,10.000000,0.269594,7,32,4.995550,15.000000,0.000000,50,32,18,59,0,3.773971,2.246531,0,32,4.000000,0.000000,4.000000,0.000000,1.000000,1.800000,1.800000,1.800000,0.000000,0.003741,0.000622,0.000000,0.039319,18,18,0.008372,0.002537,0.000643,1944.000000,0.222621,0.731531,0.383024,0.252442,26.976948,748.408686,4.995550,5.536594,14.914279,240.137196,5.536594,3.600000,2.068816,1.070638,0.871168,5,0.294111,31,1,9,5,0.073469,68.900000,86.993103,442.997619,0.271164,0.048007,36.242300,0.000000,0.000000,117,171,5.104116
212,baseline,120.000000,160.000000,40.000000,102.325000,0.000000,0.000000,3447.100000,0.000000,0.000000,0.450000,243.000000,0.232564,38.118158,0.165773,33.687760,10.280467,52.000000,60.000000,4.421940,2.570117,9.000000,11.000000,0.000000,0,27,4.752163,15.000000,0.000000,50,27,23,64,0,4.421940,2.570117,0,27,3.000000,0.000000,3.000000,0.000000,1.000000,1.450000,1.425000,1.425000,0.000000,0.006129,0.000715,0.000000,0.045795,18,18,0.011852,0.006587,0.002063,1944.000000,0.241805,0.721831,0.475032,0.289646,23.850266,603.776971,4.752163,5.538800,13.124576,186.122053,5.538800,3.680000,2.284207,1.252019,1.225915,6,0.319378,31,1,12,6,0.075102,76.620000,118.171935,614.783333,0.252974,0.049376,36.468876,0.000000,0.000000,319,234,5.543738
212,attack_only,220.000000,260.000000,40.000000,104.550000,0.000000,0.000000,3575.500000,0.000000,0.000000,0.450000,243.000000,0.214123,44.063209,0.175820,34.198948,11.717895,60.000000,64.000000,4.549737,2.929474,11.000000,12.000000,0.336943,7,27,4.752639,15.000000,0.000000,50,27,23,68,0,4.549737,2.929474,0,27,0.000000,0.000000,0.000000,0.000000,0.000000,0.450000,0.450000,0.450000,0.000000,0.000742,0.000622,0.000000,0.051191,0,18,0.000000,0.000000,0.000000,0.000000,0.239562,0.703736,0.470165,0.254757,23.052225,569.075638,4.752639,5.545270,12.735950,179.741552,5.545270,3.840000,2.524757,1.433085,1.749371,6,0.338867,37,1,12,6,0.078367,72.140000,115.019914,632.316667,0.266663,0.055199,36.960497,0.000000,0.000000,399,284,5.655873
212,defense_only,320.000000,360.000000,40.000000,104.300000,0.000000,0.000000,3507.900000,0.000000,0.000000,0.450000,243.000000,0.125530,37.868225,0.160117,33.632790,10.309838,52.000000,60.000000,4.408198,2.577460,9.000000,11.000000,0.000000,0,27,4.754125,15.000000,0.000000,50,27,23,64,0,4.408198,2.577460,0,27,3.000000,0.000000,3.000000,0.000000,1.000000,1.350000,1.350000,1.350000,0.000000,0.003288,0.000622,0.000000,0.046084,18,18,0.007369,0.002019,0.001085,1944.000000,0.237436,0.680019,0.475347,0.284238,21.753065,516.725810,4.754125,5.544157,13.209859,188.967678,5.544157,3.680000,2.284207,1.252019,1.225915,6,0.319378,31,1,12,6,0.075102,76.620000,118.171935,614.783333,0.252974,0.049376,36.426701,0.000000,0.000000,319,234,5.543738
212,defense_vs_attack,420.000000,460.000000,40.000000,99.675000,0.000000,0.000000,3443.600000,0.000000,0.000000,0.100000,54.000000,0.331872,46.841800,0.200352,34.548282,11.821232,60.000000,64.000000,4.637070,2.955308,11.000000,12.000000,0.354293,7,27,4.841345,15.000000,0.000000,50,27,23,69,0,4.637070,2.955308,3,30,0.000000,0.000000,0.000000,0.000000,0.000000,0.100000,0.100000,0.100000,0.000000,0.000313,0.000000,0.000000,0.058500,0,4,0.000000,0.000000,0.000000,0.000000,0.245499,0.715178,0.497306,0.284865,21.756187,524.219660,4.748477,5.542373,16.591870,414.079114,5.542373,3.880000,2.574024,1.392419,1.503697,6,0.342137,40,1,12,6,0.079184,72.120000,115.002854,631.816667,0.266763,0.055350,35.840984,0.000000,0.025000,479,328,5.839382
219,baseline,120.000000,160.000000,40.000000,98.875000,0.000000,0.000000,3501.800000,0.000000,0.000000,0.450000,243.000000,0.207763,40.571286,0.172785,35.416435,10.882630,60.000000,60.000000,4.854109,2.720658,11.000000,11.000000,0.000509,1,27,4.752529,15.000000,0.000000,50,27,22,75,0,4.854109,2.720658,0,27,3.000000,0.000000,3.000000,0.000000,1.000000,1.425000,1.425000,1.425000,0.000000,0.006095,0.000715,0.000000,0.050697,18,18,0.011622,0.006337,0.001664,1944.000000,0.249122,0.836929,0.400247,0.244719,23.520001,560.865743,4.752529,5.502733,12.742456,176.914265,5.502733,4.120000,2.673126,0.839002,0.013929,9,0.295696,41,1,9,5,0.084082,65.280000,92.587803,343.190842,0.285055,0.057271,36.235907,0.000000,0.000000,1177,550,6.389105
219,attack_only,220.000000,260.000000,40.000000,102.150000,0.000000,0.000000,3760.000000,0.000000,0.000000,0.450000,243.000000,0.167221,50.158314,0.196275,36.808615,12.935477,60.000000,72.000000,5.202154,3.233869,11.000000,14.000000,0.344913,7,27,4.753447,15.000000,0.000000,50,27,22,78,0,5.202154,3.233869,0,27,3.000000,0.000000,3.000000,0.000000,1.000000,1.400000,1.350000,1.350000,0.000000,0.002280,0.000622,0.000000,0.048567,18,18,0.004855,0.001122,0.000480,1944.000000,0.242117,0.828372,0.469265,0.215333,23.919130,582.824072,4.753447,5.478048,12.170348,167.743502,5.478048,4.360000,3.057842,1.189663,1.117705,9,0.348171,63,1,9,5,0.088980,64.700000,91.442898,345.642173,0.287677,0.059647,36.398930,0.000000,0.000000,2730,1090,7.346865
219,defense_only,320.000000,360.000000,40.000000,98.250000,0.000000,0.000000,3477.000000,0.000000,0.000000,0.450000,243.000000,0.177734,40.100645,0.170882,35.389313,10.911515,60.000000,60.000000,4.847328,2.727879,11.000000,11.000000,0.000000,0,27,4.753149,15.000000,0.000000,50,27,22,75,0,4.847328,2.727879,0,27,3.000000,0.000000,3.000000,0.000000,1.000000,1.275000,1.275000,1.250000,0.001757,0.005472,0.000622,0.000000,0.052466,16,18,0.010355,0.004152,0.001549,1728.000000,0.249412,0.853510,0.407790,0.227270,23.895801,590.004286,4.753149,5.496749,12.703831,175.809145,5.496749,4.120000,2.673126,0.839002,0.013929,9,0.295696,41,1,9,5,0.084082,65.280000,92.587803,343.190842,0.285055,0.057271,36.150177,0.000000,0.000000,1177,550,6.389105
219,defense_vs_attack,420.000000,460.000000,40.000000,102.175000,0.000000,0.000000,3756.300000,0.000000,0.000000,0.450000,243.000000,0.192588,49.308345,0.193709,36.763396,12.874450,60.000000,72.000000,5.190849,3.218612,11.000000,14.000000,0.345813,9,27,4.753005,15.000000,0.000000,50,27,22,78,0,5.190849,3.218612,0,27,3.000000,0.000000,3.000000,0.000000,1.000000,1.350000,1.350000,1.350000,0.000000,0.003170,0.000000,0.000000,0.050924,18,18,0.006189,0.001415,0.000177,1944.000000,0.239272,0.815332,0.353253,0.239543,23.774067,578.690433,4.753005,5.481296,12.193777,168.203644,5.481296,4.360000,3.057842,1.189663,1.117705,9,0.348171,63,1,9,5,0.088980,64.700000,91.442898,345.642173,0.287677,0.059647,36.041944,0.000000,0.000000,2730,1090,7.346865
229,baseline,120.000000,160.000000,40.000000,115.775000,0.000000,0.000000,3788.400000,0.000000,0.000000,0.450000,243.000000,0.245207,36.115498,0.168140,32.722090,10.406895,60.000000,64.000000,4.180523,2.601724,11.000000,12.000000,0.000217,0,32,4.996691,15.000000,0.000000,50,32,18,71,0,4.180523,2.601724,0,32,6.000000,0.000000,6.000000,0.000000,1.000000,2.950000,2.875000,2.850000,0.001410,0.012590,0.000715,0.000000,0.035941,18,18,0.027902,0.011367,0.004244,1944.000000,0.252916,0.806244,0.453871,0.220187,25.332080,654.088243,4.996691,5.481745,13.703583,205.526623,5.481745,4.120000,2.542754,0.887486,0.705811,8,0.256671,37,1,9,5,0.084082,63.840000,68.980390,234.946184,0.291806,0.062388,36.418656,0.000000,0.000000,819,415,6.198569
229,attack_only,220.000000,260.000000,40.000000,107.425000,0.000000,0.000000,3649.200000,0.000000,0.000000,0.450000,243.000000,0.314865,44.055764,0.189500,33.969746,13.469141,64.000000,80.000000,4.492437,3.367285,12.000000,16.000000,0.328645,8,31,4.948298,15.000000,0.000000,50,31,19,82,0,4.492437,3.367285,0,31,6.000000,0.000000,6.000000,0.000000,1.000000,2.775000,2.700000,2.700000,0.000000,0.004673,0.000622,0.000000,0.036690,18,18,0.011346,0.003270,0.000968,1944.000000,0.262309,0.831110,2.941145,0.241485,24.170953,596.843798,4.948298,5.453739,12.227478,170.812681,5.453739,4.480000,3.112812,1.395681,2.420555,8,0.305505,59,1,8,4,0.091429,58.380000,84.001106,495.396309,0.311331,0.067571,36.173887,0.000000,0.000000,2162,893,7.193535
229,defense_only,320.000000,360.000000,40.000000,116.625000,0.000000,0.000000,3817.200000,0.000000,0.000000,0.450000,243.000000,0.225670,36.510228,0.168094,32.730547,10.431117,60.000000,64.000000,4.182637,2.607779,11.000000,12.000000,0.000000,0,32,4.997242,15.000000,0.000000,50,32,18,71,0,4.182637,2.607779,0,32,6.000000,0.000000,6.000000,0.000000,1.000000,2.800000,2.700000,2.700000,0.000000,0.010859,0.000622,0.000000,0.036392,18,18,0.022729,0.008480,0.002215,1944.000000,0.248972,0.814241,0.493874,0.212720,25.097092,643.717673,4.997242,5.482187,13.730297,206.568927,5.482187,4.120000,2.542754,0.887486,0.705811,8,0.256671,37,1,9,5,0.084082,63.840000,68.980390,234.946184,0.291806,0.062388,36.124022,0.000000,0.000000,819,415,6.198569
229,defense_vs_attack,420.000000,460.000000,40.000000,109.125000,0.000000,0.000000,3715.000000,0.000000,0.000000,0.450000,243.000000,0.293300,44.904470,0.193866,34.043528,13.425214,64.000000,80.000000,4.510882,3.356303,12.000000,16.000000,0.323027,7,31,4.949162,15.000000,0.000000,50,31,19,82,0,4.510882,3.356303,0,31,6.000000,0.000000,6.000000,0.000000,1.000000,2.750000,2.700000,2.700000,0.000000,0.005789,0.000622,0.000000,0.036472,18,18,0.013288,0.003500,0.000546,1944.000000,0.258799,0.850082,1.313143,0.214242,24.447511,609.623265,4.949162,5.469196,12.299265,173.091866,5.469196,4.480000,3.112812,1.395681,2.420555,8,0.305505,59,1,8,4,0.091429,58.380000,84.001106,495.396309,0.311331,0.067571,36.215241,0.000000,0.000000,2162,893,7.193535
236,baseline,120.000000,160.000000,40.000000,103.225000,0.000000,0.000000,3440.000000,0.000000,0.000000,0.450000,243.000000,0.142875,29.600725,0.132115,33.325260,7.647036,44.000000,48.000000,4.331315,1.911759,7.000000,8.000000,0.001463,1,27,4.792980,15.000000,0.000000,50,27,23,60,0,4.331315,1.911759,4,29,7.000000,0.000000,7.000000,0.000000,1.000000,3.400000,3.375000,3.325000,0.000000,0.014328,0.000714,0.000000,0.033134,18,18,0.033111,0.015802,0.004435,1944.000000,0.239427,0.760539,0.423608,0.260194,23.618890,585.292247,4.753874,5.515096,13.955289,203.191142,5.515096,3.560000,2.041176,0.619075,-0.657170,7,0.289190,25,1,10,5,0.072653,82.620000,115.495864,470.342857,0.237042,0.043584,35.943926,0.025000,0.000000,139,164,4.772618
236,attack_only,220.000000,260.000000,40.000000,100.650000,0.000000,0.000000,3387.200000,0.000000,0.000000,0.450000,243.000000,0.406278,38.513262,0.167845,33.653254,9.071827,48.000000,60.000000,4.413313,2.267957,8.000000,11.000000,0.350088,7,27,4.745333,15.000000,0.000000,50,27,23,64,0,4.413313,2.267957,0,27,0.000000,0.000000,0.000000,0.000000,0.000000,1.375000,1.350000,1.350000,0.000000,0.002251,0.000622,0.000000,0.044916,0,18,0.000000,0.000000,0.000000,0.000000,0.246068,0.759699,0.459325,0.255846,23.477107,577.751911,4.745333,5.533007,13.412499,190.738193,5.533007,3.640000,2.260619,1.063467,0.656775,6,0.350251,32,1,9,5,0.074286,75.460000,126.592180,582.834524,0.254116,0.047230,36.496253,0.000000,0.000000,171,212,5.299239
236,defense_only,320.000000,360.000000,40.000000,103.650000,0.000000,0.000000,3453.900000,0.000000,0.000000,0.450000,243.000000,0.560051,36.053507,0.161618,33.322721,7.628529,44.000000,48.000000,4.330680,1.907132,7.000000,8.000000,0.001457,1,28,4.832657,15.000000,0.000000,50,28,22,60,0,4.330680,1.907132,5,31,7.000000,0.000000,7.000000,0.000000,1.000000,3.250000,3.200000,3.200000,0.000000,0.009577,0.000628,0.000024,0.033390,18,18,0.023158,0.007257,0.004019,1944.000000,0.240292,0.745220,0.461345,0.285787,23.722184,579.563659,4.784575,5.516507,13.985245,204.059459,5.516507,3.600000,2.039608,0.591177,-0.729845,6,0.306524,27,1,10,5,0.073469,82.600000,115.547762,469.983333,0.237116,0.043707,35.662609,0.050000,0.000000,147,179,4.850528
236,defense_vs_attack,420.000000,460.000000,40.000000,92.850000,0.000000,0.000000,3130.300000,0.000000,0.000000,0.450000,243.000000,0.440293,35.875992,0.168854,33.713516,9.015143,48.000000,60.000000,4.428379,2.253786,8.000000,11.000000,0.382154,9,27,4.833267,15.000000,0.000000,50,27,23,65,0,4.428379,2.253786,3,30,8.000000,0.000000,8.000000,0.000000,1.000000,18.400000,18.125000,17.800000,0.009559,0.042809,0.000506,0.000228,0.010689,4,18,0.046741,0.015276,0.011948,432.000000,0.264597,0.769182,1.355809,0.293167,22.871002,580.623970,4.742128,5.539064,12.990041,177.799338,5.539064,3.760000,2.320000,0.974533,0.318542,6,0.345061,32,1,9,5,0.076735,75.240000,126.466726,585.228355,0.254745,0.047432,35.161026,0.075000,0.025000,272,271,5.329712
239,baseline,120.000000,160.000000,40.000000,101.975000,0.000000,0.000000,3161.600000,0.000000,0.000000,0.450000,243.000000,0.225402,29.358933,0.142882,31.003677,7.874708,48.000000,48.000000,3.750919,1.968677,8.000000,8.000000,0.000000,0,28,4.804531,15.000000,0.000000,50,28,21,59,0,3.750919,1.968677,0,28,9.000000,0.000000,9.000000,0.000000,1.000000,4.350000,4.300000,4.275000,0.000000,0.018412,0.000715,0.000000,0.027243,18,18,0.042829,0.017982,0.005216,1944.000000,0.254859,0.555592,0.500559,0.285699,22.031206,717.359111,4.804531,5.580586,13.842122,199.911451,5.580586,3.280000,1.822526,1.365760,1.547376,4,0.165349,14,1,17,9,0.066939,119.380000,150.165952,590.692208,0.176909,0.032694,36.892895,0.000000,0.000000,107,110,4.513122
239,attack_only,220.000000,260.000000,40.000000,106.800000,0.000000,0.000000,3345.000000,0.000000,0.000000,0.450000,243.000000,0.548277,34.564608,0.161006,31.320225,8.258606,48.000000,48.000000,3.830056,2.064651,8.000000,8.000000,0.330427,7,29,4.836975,15.000000,0.000000,50,29,20,61,0,3.830056,2.064651,0,29,9.000000,0.000000,9.000000,0.000000,1.000000,4.100000,4.075000,4.050000,0.001104,0.006769,0.000622,0.000000,0.028061,18,18,0.016983,0.004775,0.001237,1944.000000,0.253876,0.564860,0.492800,0.307150,20.631077,484.232318,4.836975,5.572921,14.003544,206.232277,5.572921,3.440000,1.940722,1.338412,1.472728,4,0.168778,18,1,17,9,0.070204,117.280000,135.807752,590.428571,0.179934,0.034011,37.250849,0.000000,0.000000,203,172,5.015437
239,defense_only,320.000000,360.000000,40.000000,101.400000,0.000000,0.000000,3134.700000,0.000000,0.000000,0.450000,243.000000,0.258318,27.517455,0.135323,30.914201,7.765329,48.000000,48.000000,3.728550,1.941332,8.000000,8.000000,0.000497,1,28,4.803657,15.000000,0.000000,50,28,21,59,0,3.728550,1.941332,0,28,9.000000,0.000000,9.000000,0.000000,1.000000,4.100000,4.050000,4.050000,0.000000,0.016216,0.000622,0.000000,0.028653,18,18,0.035806,0.013850,0.003832,1944.000000,0.261489,0.562863,0.498140,0.310157,18.566617,455.675555,4.803657,5.586758,13.838762,199.459935,5.586758,3.280000,1.822526,1.365760,1.547376,4,0.165349,14,1,17,9,0.066939,119.380000,150.165952,590.692208,0.176909,0.032694,37.562989,0.000000,0.000000,107,110,4.513122
239,defense_vs_attack,420.000000,460.000000,40.000000,110.075000,0.000000,0.000000,3446.600000,0.000000,0.000000,0.450000,243.000000,0.389023,33.489675,0.151698,31.311379,8.261787,48.000000,48.000000,3.827845,2.065447,8.000000,8.000000,0.320073,7,29,4.849019,15.000000,0.000000,50,29,20,61,0,3.827845,2.065447,0,29,9.000000,0.000000,9.000000,0.000000,1.000000,4.125000,4.100000,4.050000,0.002125,0.008663,0.000622,0.000000,0.027395,18,18,0.021094,0.005802,0.001224,1944.000000,0.247952,0.569745,0.485387,0.307433,21.810562,599.283752,4.849019,5.568497,14.179554,211.879874,5.568497,3.440000,1.940722,1.338412,1.472728,4,0.168778,18,1,17,9,0.070204,117.280000,135.807752,590.428571,0.179934,0.034011,37.439854,0.000000,0.000000,203,172,5.015437
243,baseline,120.000000,160.000000,40.000000,136.625000,0.000000,0.000000,4105.900000,0.000000,0.000000,0.450000,243.000000,0.347293,37.927425,0.150448,30.052333,8.286422,44.000000,60.000000,3.513083,2.071605,7.000000,11.000000,0.000000,0,31,4.949452,15.000000,0.000000,50,31,18,51,0,3.513083,2.071605,0,31,5.000000,0.000000,5.000000,0.000000,1.000000,2.475000,2.375000,2.375000,0.000000,0.010240,0.000715,0.000000,0.033241,18,18,0.022537,0.010924,0.003837,1944.000000,0.211402,0.645533,0.419618,0.264542,27.021608,761.622128,4.949452,5.549916,15.482515,256.265154,5.549916,3.200000,1.822087,1.785322,4.787923,5,0.262563,18,1,13,7,0.065306,86.240000,113.639087,550.905556,0.229216,0.040717,37.055383,0.000000,0.000000,43,66,4.369135
243,attack_only,220.000000,260.000000,40.000000,135.950000,0.000000,0.000000,4161.100000,0.000000,0.000000,0.450000,243.000000,0.251830,41.299943,0.161010,30.607576,9.154316,52.000000,60.000000,3.651894,2.288579,9.000000,11.000000,0.258924,7,31,4.951791,15.000000,0.000000,50,31,18,57,0,3.651894,2.288579,0,31,0.000000,0.000000,0.000000,0.000000,0.000000,1.875000,1.825000,1.825000,0.000000,0.004323,0.000626,0.000021,0.036565,0,18,0.000000,0.000000,0.000000,0.000000,0.211709,0.634295,0.419377,0.279251,24.650849,666.577056,4.951791,5.534054,15.081516,246.844161,5.534054,3.400000,2.107131,1.775182,4.165571,5,0.283885,26,1,11,6,0.069388,75.180000,119.830810,577.511905,0.257132,0.052832,36.940692,0.000000,0.000000,80,121,5.080930
243,defense_only,320.000000,360.000000,40.000000,134.025000,0.000000,0.000000,4038.800000,0.000000,0.000000,0.450000,243.000000,0.299659,38.279348,0.152934,30.134676,8.315397,44.000000,60.000000,3.533669,2.078849,7.000000,11.000000,0.000000,0,31,4.950723,15.000000,0.000000,50,31,18,51,0,3.533669,2.078849,0,31,5.000000,0.000000,5.000000,0.000000,1.000000,2.300000,2.275000,2.250000,0.001258,0.007019,0.000621,0.000000,0.035492,18,18,0.016155,0.005195,0.001503,1944.000000,0.212314,0.671668,0.404804,0.291280,26.208535,728.777123,4.950723,5.549485,15.353225,251.761178,5.549485,3.200000,1.822087,1.785322,4.787923,5,0.262563,18,1,13,7,0.065306,86.240000,113.639087,550.905556,0.229216,0.040717,36.468209,0.000000,0.000000,43,66,4.369135
243,defense_vs_attack,420.000000,460.000000,40.000000,136.575000,0.000000,0.000000,4171.800000,0.000000,0.000000,0.450000,243.000000,0.246320,40.420451,0.158705,30.545854,9.012939,48.000000,60.000000,3.636463,2.253235,8.000000,11.000000,0.258284,7,31,5.046175,15.000000,0.000000,50,31,18,56,0,3.636463,2.253235,3,34,5.000000,0.000000,5.000000,0.000000,1.000000,2.225000,2.150000,2.150000,0.000000,0.005187,0.000621,0.000000,0.033541,14,18,0.012100,0.001837,0.001384,1512.000000,0.210153,0.625507,0.398625,0.278616,24.166752,667.341535,4.951915,5.536568,15.168129,249.182832,5.536568,3.400000,2.107131,1.775182,4.165571,5,0.283885,26,1,11,6,0.069388,75.180000,119.830810,577.511905,0.257132,0.052832,36.538083,0.000000,0.025000,80,121,5.080930
249,baseline,120.000000,160.000000,40.000000,119.725000,0.000000,0.000000,4326.600000,0.000000,0.000000,0.450000,243.000000,0.147522,40.469365,0.149304,36.137816,9.376167,52.000000,56.000000,5.034454,2.344042,9.000000,10.000000,0.000000,0,28,4.806501,15.000000,0.000000,50,28,22,73,0,5.034454,2.344042,0,28,4.000000,0.000000,4.000000,0.000000,1.000000,1.950000,1.925000,1.900000,0.001546,0.008273,0.000715,0.000000,0.043117,18,18,0.017680,0.010032,0.003406,1944.000000,0.211978,0.762946,0.263380,0.221821,25.931982,681.575097,4.806501,5.479536,14.219031,219.102667,5.479536,4.280000,2.433434,0.405550,-0.631190,9,0.288651,54,1,9,5,0.087347,65.340000,75.516107,270.518948,0.283319,0.053672,36.042738,0.000000,0.000000,795,547,6.045555
249,attack_only,220.000000,260.000000,40.000000,121.850000,0.000000,0.000000,4520.500000,0.000000,0.000000,0.450000,243.000000,0.157538,44.946814,0.158992,37.098892,10.376759,56.000000,60.000000,5.274723,2.594190,10.000000,11.000000,0.288898,7,28,4.806413,15.000000,0.000000,50,28,22,76,0,5.274723,2.594190,0,28,4.000000,0.000000,4.000000,0.000000,1.000000,1.850000,1.825000,1.800000,0.001513,0.003123,0.000622,0.000000,0.043188,18,18,0.007122,0.001608,0.000496,1944.000000,0.208498,0.763442,0.297910,0.230479,25.986378,682.297482,4.806413,5.456101,13.901703,213.751133,5.456101,4.480000,2.692508,0.578392,-0.402267,9,0.308225,69,1,9,5,0.091429,63.060000,72.808685,261.671493,0.291615,0.057806,36.050179,0.000000,0.000000,1608,888,6.821064
249,defense_only,320.000000,360.000000,40.000000,120.675000,0.000000,0.000000,4358.900000,0.000000,0.000000,0.450000,243.000000,0.181676,40.531061,0.148880,36.120986,9.358028,52.000000,56.000000,5.030247,2.339507,9.000000,10.000000,0.000417,1,28,4.806079,15.000000,0.000000,50,28,22,73,0,5.030247,2.339507,0,28,4.000000,0.000000,4.000000,0.000000,1.000000,1.800000,1.800000,1.800000,0.000000,0.006926,0.000622,0.000000,0.043697,18,18,0.013232,0.004851,0.001154,1944.000000,0.210598,0.756799,0.325558,0.208416,25.951492,686.057317,4.806079,5.478711,14.268578,220.722302,5.478711,4.280000,2.433434,0.405550,-0.631190,9,0.288651,54,1,9,5,0.087347,65.340000,75.516107,270.518948,0.283319,0.053672,36.098225,0.000000,0.000000,795,547,6.045555
249,defense_vs_attack,420.000000,460.000000,40.000000,122.775000,0.000000,0.000000,4552.200000,0.000000,0.000000,0.450000,243.000000,0.154159,44.912441,0.157390,37.077581,10.372746,56.000000,60.000000,5.269395,2.593186,10.000000,11.000000,0.286709,7,28,4.806466,15.000000,0.000000,50,28,22,76,0,5.269395,2.593186,0,28,4.000000,0.000000,4.000000,0.000000,1.000000,1.800000,1.800000,1.800000,0.000000,0.004009,0.000622,0.000000,0.041941,18,18,0.008623,0.002053,0.000290,1944.000000,0.206711,0.751699,0.275770,0.231208,26.197910,700.974530,4.806466,5.457387,13.940514,215.099648,5.457387,4.480000,2.692508,0.578392,-0.402267,9,0.308225,69,1,9,5,0.091429,63.060000,72.808685,261.671493,0.291615,0.057806,36.054041,0.000000,0.000000,1608,888,6.821064
258,baseline,120.000000,160.000000,40.000000,137.425000,0.000000,0.000000,4410.900000,0.000000,0.000000,0.450000,243.000000,0.160290,37.387430,0.148617,32.096780,8.736980,52.000000,56.000000,4.024195,2.184245,9.000000,10.000000,0.000000,0,32,4.935117,15.000000,0.000000,50,32,18,63,0,4.024195,2.184245,0,32,6.000000,0.000000,6.000000,0.000000,1.000000,3.000000,2.900000,2.850000,0.001289,0.012436,0.000715,0.000000,0.033720,18,18,0.027185,0.011106,0.003343,1944.000000,0.211789,0.727929,0.375106,0.239807,27.784889,784.375325,4.998969,5.521471,15.298053,252.910639,5.521471,3.840000,2.129413,0.743672,0.247855,7,0.279079,32,1,9,5,0.078367,67.680000,80.356197,296.022885,0.274949,0.048477,36.207345,0.000000,0.000000,219,210,5.251976
258,attack_only,220.000000,260.000000,40.000000,133.475000,0.000000,0.000000,4425.200000,0.000000,0.000000,0.450000,243.000000,0.280388,42.299004,0.161960,33.153774,9.576740,56.000000,56.000000,4.288444,2.394185,10.000000,10.000000,0.264130,8,31,4.950972,15.000000,0.000000,50,31,19,69,0,4.288444,2.394185,0,31,6.000000,0.000000,6.000000,0.000000,1.000000,2.750000,2.700000,2.700000,0.000000,0.004703,0.000622,0.000000,0.034630,18,18,0.010880,0.002706,0.000846,1944.000000,0.211293,0.744554,0.308473,0.241782,27.239924,756.103734,4.950972,5.518174,14.761997,238.582384,5.518174,4.040000,2.288755,0.751607,0.180220,7,0.305540,40,1,9,5,0.082449,65.980000,77.754678,256.722447,0.280715,0.051321,36.215921,0.000000,0.000000,389,310,5.577479
258,defense_only,320.000000,360.000000,40.000000,138.650000,0.000000,0.000000,4445.100000,0.000000,0.000000,0.450000,243.000000,0.125068,37.113284,0.146336,32.059863,8.748563,52.000000,56.000000,4.014966,2.187141,9.000000,10.000000,0.000000,0,32,4.935930,15.000000,0.000000,50,32,18,63,0,4.014966,2.187141,0,32,6.000000,0.000000,6.000000,0.000000,1.000000,2.725000,2.700000,2.700000,0.000000,0.010666,0.000621,0.000000,0.033115,18,18,0.022629,0.008941,0.002133,1944.000000,0.208926,0.742951,0.341073,0.217078,27.733545,788.842292,4.999398,5.524730,15.344796,254.710255,5.524730,3.840000,2.129413,0.743672,0.247855,7,0.279079,32,1,9,5,0.078367,67.680000,80.356197,296.022885,0.274949,0.048477,36.056305,0.000000,0.000000,219,210,5.251976
258,defense_vs_attack,420.000000,460.000000,40.000000,134.575000,0.000000,0.000000,4447.800000,0.000000,0.000000,0.450000,243.000000,0.176497,40.058068,0.151145,33.050715,9.530782,56.000000,56.000000,4.262679,2.382696,10.000000,10.000000,0.261584,7,31,4.952997,15.000000,0.000000,50,31,19,69,0,4.262679,2.382696,0,31,6.000000,0.000000,6.000000,0.000000,1.000000,2.700000,2.700000,2.700000,0.000000,0.005783,0.000622,0.000000,0.034622,18,18,0.012893,0.003763,0.000568,1944.000000,0.209470,0.738041,0.336581,0.234369,27.507205,776.423188,4.952997,5.523529,14.827848,240.666556,5.523529,4.040000,2.288755,0.751607,0.180220,7,0.305540,40,1,9,5,0.082449,65.980000,77.754678,256.722447,0.280715,0.051321,36.213496,0.000000,0.000000,389,310,5.577479
259,baseline,120.000000,160.000000,40.000000,120.450000,0.000000,0.000000,4017.400000,0.000000,0.000000,0.450000,243.000000,0.148661,37.471167,0.148351,33.353259,9.563065,52.000000,60.000000,4.338315,2.390766,9.000000,11.000000,0.000000,0,29,4.857058,15.000000,0.000000,50,29,21,63,0,4.338315,2.390766,0,29,3.000000,0.000000,3.000000,0.000000,1.000000,1.500000,1.475000,1.425000,0.002732,0.006583,0.000714,0.000000,0.041609,18,18,0.011975,0.006856,0.002252,1944.000000,0.218653,0.761301,0.330070,0.216986,25.870810,677.763393,4.857058,5.529837,14.218337,219.135942,5.529837,3.800000,2.190890,1.088599,1.005417,4,0.369509,35,1,9,5,0.077551,70.200000,88.330630,328.187551,0.266990,0.044329,36.142032,0.000000,0.000000,269,227,5.228283
259,attack_only,220.000000,260.000000,40.000000,120.625000,0.000000,0.000000,4133.700000,0.000000,0.000000,0.450000,243.000000,0.243397,45.842576,0.172903,34.269016,11.111781,60.000000,64.000000,4.567254,2.777945,11.000000,12.000000,0.291910,7,29,4.855413,15.000000,0.000000,50,29,21,69,0,4.567254,2.777945,0,29,3.000000,0.000000,3.000000,0.000000,1.000000,1.400000,1.350000,1.350000,0.000000,0.002672,0.000621,0.000000,0.043309,18,18,0.005573,0.001962,0.000916,1944.000000,0.220226,0.732035,0.356565,0.251852,25.696279,676.178526,4.855413,5.510116,13.602967,206.225597,5.510116,4.040000,2.521587,1.249710,1.368447,4,0.406874,52,1,9,5,0.082449,68.660000,81.726419,277.292767,0.272066,0.046730,36.476195,0.000000,0.000000,738,488,6.292816
259,defense_only,320.000000,360.000000,40.000000,121.250000,0.000000,0.000000,4045.100000,0.000000,0.000000,0.450000,243.000000,0.160502,37.701090,0.149028,33.361649,9.536384,52.000000,60.000000,4.340412,2.384096,9.000000,11.000000,0.000000,0,29,4.856915,15.000000,0.000000,50,29,21,63,0,4.340412,2.384096,0,29,3.000000,0.000000,3.000000,0.000000,1.000000,1.350000,1.350000,1.350000,0.000000,0.005026,0.000621,0.000000,0.044809,18,18,0.009025,0.003199,0.000644,1944.000000,0.217941,0.735850,0.364753,0.233911,25.620095,669.118332,4.856915,5.526870,14.263886,220.576120,5.526870,3.800000,2.190890,1.088599,1.005417,4,0.369509,35,1,9,5,0.077551,70.200000,88.330630,328.187551,0.266990,0.044329,36.316111,0.000000,0.000000,269,227,5.228283
259,defense_vs_attack,420.000000,460.000000,40.000000,122.375000,0.000000,0.000000,4187.100000,0.000000,0.000000,0.450000,243.000000,0.158710,45.490848,0.167045,34.215322,11.106919,60.000000,64.000000,4.553830,2.776730,11.000000,12.000000,0.287711,7,29,4.856963,15.000000,0.000000,50,29,21,69,0,4.553830,2.776730,0,29,3.000000,0.000000,3.000000,0.000000,1.000000,1.350000,1.350000,1.350000,0.000000,0.003149,0.000621,0.000000,0.044004,18,18,0.005974,0.001367,0.000202,1944.000000,0.216321,0.724373,0.364549,0.231593,25.752026,689.388317,4.856963,5.514079,13.671809,208.623069,5.514079,4.040000,2.521587,1.249710,1.368447,4,0.406874,52,1,9,5,0.082449,68.660000,81.726419,277.292767,0.272066,0.046730,36.330274,0.000000,0.000000,738,488,6.292816
262,baseline,120.000000,160.000000,40.000000,171.375000,0.000000,0.000000,5391.000000,0.000000,0.000000,0.450000,243.000000,0.196758,34.149284,0.116656,31.457330,7.025361,48.000000,52.000000,3.864333,1.756340,8.000000,9.000000,0.000293,1,34,5.086365,15.000000,0.000000,50,34,16,52,0,3.864333,1.756340,0,34,4.000000,0.000000,4.000000,0.000000,1.000000,1.975000,1.900000,1.900000,0.000000,0.008241,0.000714,0.000000,0.035039,18,18,0.017241,0.008946,0.003033,1944.000000,0.180409,0.680774,0.261707,0.244106,30.810276,964.986156,5.086365,5.502714,17.520005,327.005950,5.502714,3.680000,1.793767,0.527003,0.286595,6,0.197952,21,1,9,5,0.075102,74.980000,83.598400,353.728986,0.257966,0.054880,36.239859,0.000000,0.000000,231,177,5.223274
262,attack_only,220.000000,260.000000,40.000000,160.925000,0.000000,0.000000,5145.600000,0.000000,0.000000,0.450000,243.000000,0.281832,48.481026,0.140810,31.975144,9.894111,48.000000,76.000000,3.993786,2.473528,8.000000,15.000000,0.218613,7,33,5.041948,15.000000,0.000000,50,33,17,58,0,3.993786,2.473528,0,33,0.000000,0.000000,0.000000,0.000000,0.000000,1.400000,1.350000,1.350000,0.000000,0.002274,0.000621,0.000000,0.037594,0,18,0.000000,0.000000,0.000000,0.000000,0.186714,0.650687,0.379605,0.250450,29.503224,892.555955,5.041948,5.525411,15.666317,273.488436,5.525411,3.800000,2.253886,2.366517,9.876496,6,0.252619,30,1,9,5,0.077551,68.660000,98.999505,538.265385,0.276301,0.060043,36.266222,0.000000,0.000000,294,235,5.819222
262,defense_only,320.000000,360.000000,40.000000,172.150000,0.000000,0.000000,5421.100000,0.000000,0.000000,0.450000,243.000000,0.159760,34.632594,0.118455,31.490561,7.002146,48.000000,52.000000,3.872640,1.750536,8.000000,9.000000,0.000000,0,34,5.086747,15.000000,0.000000,50,34,16,52,0,3.872640,1.750536,0,34,4.000000,0.000000,4.000000,0.000000,1.000000,1.875000,1.875000,1.850000,0.001116,0.006806,0.000637,0.000035,0.033774,18,18,0.016243,0.004421,0.001715,1944.000000,0.178917,0.667758,0.290514,0.235621,31.017340,1000.424583,5.086747,5.507335,17.563343,328.591653,5.507335,3.680000,1.793767,0.527003,0.286595,6,0.197952,21,1,9,5,0.075102,74.980000,83.598400,353.728986,0.257966,0.054880,36.113318,0.000000,0.000000,231,177,5.223274
262,defense_vs_attack,420.000000,460.000000,40.000000,165.050000,0.000000,0.000000,5248.400000,0.000000,0.000000,0.450000,243.000000,0.453559,47.763245,0.144047,31.798849,9.030737,40.000000,76.000000,3.949712,2.257684,6.000000,15.000000,0.214829,7,34,5.345625,15.000000,0.000000,50,34,16,55,0,3.949712,2.257684,11,45,5.000000,0.000000,5.000000,0.000000,1.000000,1.800000,1.800000,1.800000,0.000000,0.005796,0.000660,0.000046,0.033133,4,18,0.021362,0.007804,0.006156,432.000000,0.188732,0.669881,0.324243,0.245855,30.041552,949.322640,5.080644,5.508102,16.278487,290.761396,5.508102,3.880000,2.277191,2.150004,8.938004,6,0.265238,36,1,9,5,0.079184,66.120000,95.002946,576.656184,0.283950,0.062230,35.397043,0.075000,0.025000,425,288,6.027364
264,baseline,120.000000,160.000000,40.000000,149.850000,0.000000,0.000000,4957.900000,0.000000,0.000000,0.450000,243.000000,0.173614,37.592193,0.121954,33.085752,8.016228,48.000000,60.000000,4.271438,2.004057,8.000000,11.000000,0.000168,0,30,4.906016,15.000000,0.000000,50,30,20,59,0,4.271438,2.004057,0,30,6.000000,0.000000,6.000000,0.000000,1.000000,2.925000,2.850000,2.850000,0.000000,0.012355,0.000714,0.000000,0.031092,18,18,0.027561,0.012849,0.004123,1944.000000,0.184318,0.651495,0.296920,0.252569,29.400856,916.978566,4.906016,5.519199,16.146555,279.815832,5.519199,3.760000,2.177705,1.273134,2.215574,4,0.358229,36,1,9,5,0.076735,73.960000,92.248602,360.994705,0.258438,0.051039,36.705474,0.000000,0.000000,539,331,5.966068
264,attack_only,220.000000,260.000000,40.000000,156.250000,0.000000,0.000000,5268.400000,0.000000,0.000000,0.450000,243.000000,0.192990,49.225438,0.150153,33.717760,9.988587,60.000000,64.000000,4.429440,2.497147,11.000000,12.000000,0.225438,8,31,4.953147,15.000000,0.000000,50,31,19,66,0,4.429440,2.497147,0,31,6.000000,0.000000,6.000000,0.000000,1.000000,2.725000,2.725000,2.700000,0.001071,0.004536,0.000621,0.000000,0.030019,18,18,0.010967,0.002755,0.000831,1944.000000,0.180997,0.644952,0.292405,0.254509,30.115242,971.725497,4.953147,5.463177,15.393702,265.563938,5.463177,4.080000,2.591062,1.188146,1.208523,4,0.381104,59,1,9,5,0.083265,72.820000,90.927298,358.473954,0.262112,0.053612,36.355324,0.000000,0.000000,2174,938,7.138450
264,defense_only,320.000000,360.000000,40.000000,149.775000,0.000000,0.000000,4958.300000,0.000000,0.000000,0.450000,243.000000,0.159446,38.105920,0.123089,33.104991,8.038932,48.000000,60.000000,4.276248,2.009733,8.000000,11.000000,0.000000,0,30,4.906152,15.000000,0.000000,50,30,20,59,0,4.276248,2.009733,0,30,6.000000,0.000000,6.000000,0.000000,1.000000,2.750000,2.700000,2.700000,0.000000,0.010670,0.000621,0.000000,0.031862,18,18,0.022503,0.008183,0.002311,1944.000000,0.182579,0.653724,0.282098,0.229057,28.433930,825.068503,4.906152,5.519888,16.132793,279.445500,5.519888,3.760000,2.177705,1.273134,2.215574,4,0.358229,36,1,9,5,0.076735,73.960000,92.248602,360.994705,0.258438,0.051039,36.316464,0.000000,0.000000,539,331,5.966068
264,defense_vs_attack,420.000000,460.000000,40.000000,155.175000,0.000000,0.000000,5236.700000,0.000000,0.000000,0.450000,243.000000,0.214091,49.534302,0.152858,33.747060,9.995511,60.000000,64.000000,4.436765,2.498878,11.000000,12.000000,0.226684,7,31,4.952864,15.000000,0.000000,50,31,19,66,0,4.436765,2.498878,0,31,6.000000,0.000000,6.000000,0.000000,1.000000,2.750000,2.700000,2.700000,0.000000,0.005899,0.000621,0.000000,0.031923,18,18,0.013733,0.004004,0.001033,1944.000000,0.183154,0.661904,0.290902,0.228456,28.903461,867.493756,4.952864,5.461398,15.354666,264.052479,5.461398,4.080000,2.591062,1.188146,1.208523,4,0.381104,59,1,9,5,0.083265,72.820000,90.927298,358.473954,0.262112,0.053612,36.477458,0.000000,0.000000,2174,938,7.138450
266,baseline,120.000000,160.000000,40.000000,154.325000,0.000000,0.000000,4630.000000,0.000000,0.000000,0.450000,243.000000,0.213816,28.869659,0.125286,30.001620,6.621419,40.000000,44.000000,3.500405,1.655355,6.000000,7.000000,0.000000,0,35,5.127584,15.000000,0.000000,50,35,15,51,0,3.500405,1.655355,0,35,5.000000,0.000000,5.000000,0.000000,1.000000,2.375000,2.375000,2.375000,0.000000,0.010158,0.000715,0.000000,0.030056,18,18,0.020992,0.006959,0.001805,1944.000000,0.209359,0.648183,0.431043,0.270040,28.454480,875.569929,5.127584,5.546539,16.960141,302.504534,5.546539,3.480000,1.565120,0.334380,-0.856996,4,0.207143,18,1,11,6,0.071020,87.460000,107.491191,372.142857,0.230572,0.049628,36.746702,0.000000,0.000000,103,103,4.616384
266,attack_only,220.000000,260.000000,40.000000,146.900000,0.000000,0.000000,4471.900000,0.000000,0.000000,0.450000,243.000000,0.322201,40.530502,0.154362,30.441797,9.644084,44.000000,72.000000,3.610449,2.411021,7.000000,14.000000,0.239685,7,35,5.124895,15.000000,0.000000,50,35,15,61,0,3.610449,2.411021,0,35,5.000000,0.000000,5.000000,0.000000,1.000000,2.425000,2.375000,2.375000,0.000000,0.010264,0.000715,0.000000,0.030439,18,18,0.022706,0.011545,0.003664,1944.000000,0.220171,0.673060,0.440124,0.265204,27.758500,841.664805,5.124895,5.556313,15.309818,257.804054,5.556313,3.760000,2.186870,2.086072,7.320700,4,0.279927,32,1,10,5,0.076735,75.720000,122.423524,608.204762,0.258102,0.056359,36.762952,0.000000,0.000000,280,229,5.699392
266,defense_only,320.000000,360.000000,40.000000,154.425000,0.000000,0.000000,4619.000000,0.000000,0.000000,0.450000,243.000000,0.236822,27.083148,0.116469,29.910960,6.597705,40.000000,44.000000,3.477740,1.649426,6.000000,7.000000,0.000000,0,35,5.127167,15.000000,0.000000,50,35,15,51,0,3.477740,1.649426,0,35,5.000000,0.000000,5.000000,0.000000,1.000000,2.300000,2.275000,2.250000,0.001119,0.003825,0.000622,0.000000,0.032346,18,18,0.009040,0.002223,0.000734,1944.000000,0.211498,0.628065,0.453647,0.252907,29.208111,914.442267,5.127167,5.546770,16.975626,302.932999,5.546770,3.480000,1.565120,0.334380,-0.856996,4,0.207143,18,1,11,6,0.071020,87.460000,107.491191,372.142857,0.230572,0.049628,37.172954,0.000000,0.000000,103,103,4.616384
266,defense_vs_attack,420.000000,460.000000,40.000000,144.850000,0.000000,0.000000,4397.500000,0.000000,0.000000,0.450000,243.000000,0.335641,38.894908,0.151993,30.358992,9.613854,44.000000,72.000000,3.589748,2.403463,7.000000,14.000000,0.243445,8,35,5.124368,15.000000,0.000000,50,35,15,61,0,3.589748,2.403463,0,35,5.000000,0.000000,5.000000,0.000000,1.000000,2.350000,2.300000,2.250000,0.001121,0.009220,0.000622,0.000000,0.032506,18,18,0.018848,0.006766,0.001937,1944.000000,0.223073,0.680130,0.443020,0.254476,27.823626,840.194476,5.124368,5.547340,15.248941,255.255706,5.547340,3.760000,2.186870,2.086072,7.320700,4,0.279927,32,1,10,5,0.076735,75.720000,122.423524,608.204762,0.258102,0.056359,36.676068,0.000000,0.000000,280,229,5.699392
265,baseline,120.000000,160.000000,40.000000,116.450000,0.000000,0.000000,3973.700000,0.000000,0.000000,0.450000,243.000000,0.212995,36.622154,0.145026,34.123658,9.290881,48.000000,60.000000,4.530915,2.322720,8.000000,11.000000,0.000000,0,28,4.805459,15.000000,0.000000,50,28,21,68,0,4.530915,2.322720,0,28,4.000000,0.000000,4.000000,0.000000,1.000000,1.925000,1.900000,1.900000,0.000000,0.008149,0.000714,0.000000,0.039408,18,18,0.016939,0.007932,0.002346,1944.000000,0.218122,0.647749,0.386480,0.268899,24.751758,656.581081,4.805459,5.556092,14.124100,214.937212,5.556092,3.920000,2.115089,0.954779,0.825450,4,0.219511,25,1,12,6,0.080000,83.500000,105.636113,496.673810,0.237802,0.047973,36.098607,0.000000,0.000000,323,251,5.403860
265,attack_only,220.000000,260.000000,40.000000,123.900000,0.000000,0.000000,4248.700000,0.000000,0.000000,0.450000,243.000000,0.243833,42.284398,0.161253,34.291364,10.938334,60.000000,64.000000,4.572841,2.734583,11.000000,12.000000,0.284757,8,29,4.874783,15.000000,0.000000,50,29,20,76,0,4.572841,2.734583,1,30,4.000000,0.000000,4.000000,0.000000,1.000000,1.800000,1.800000,1.800000,0.000000,0.002969,0.000621,0.000000,0.038882,18,18,0.006740,0.001673,0.000341,1944.000000,0.215707,0.648885,0.432248,0.290718,26.964553,779.747555,4.855597,5.525738,13.787871,212.158739,5.525738,4.240000,2.429486,1.075081,1.124108,4,0.290229,47,1,12,6,0.086531,82.580000,105.725786,496.673810,0.240309,0.049435,36.356320,0.025000,0.000000,1055,599,6.531333
265,defense_only,320.000000,360.000000,40.000000,116.075000,0.000000,0.000000,3954.700000,0.000000,0.000000,0.450000,243.000000,0.211294,35.962682,0.142132,34.070213,9.321282,48.000000,60.000000,4.517553,2.330321,8.000000,11.000000,0.000000,0,28,4.805475,15.000000,0.000000,50,28,21,68,0,4.517553,2.330321,0,28,4.000000,0.000000,4.000000,0.000000,1.000000,1.800000,1.800000,1.800000,0.000000,0.007216,0.000621,0.000000,0.039969,18,18,0.013818,0.005319,0.001174,1944.000000,0.223665,0.643557,0.410147,0.272894,25.316080,668.992601,4.805475,5.554857,14.096167,214.123769,5.554857,3.920000,2.115089,0.954779,0.825450,4,0.219511,25,1,12,6,0.080000,83.500000,105.636113,496.673810,0.237802,0.047973,36.868961,0.000000,0.000000,323,251,5.403860
265,defense_vs_attack,420.000000,460.000000,40.000000,120.700000,0.000000,0.000000,4140.400000,0.000000,0.000000,0.450000,243.000000,0.342822,42.973568,0.166327,34.303231,11.019491,60.000000,64.000000,4.575808,2.754873,11.000000,12.000000,0.291727,7,29,4.853060,15.000000,0.000000,50,29,20,75,0,4.575808,2.754873,0,29,4.000000,0.000000,4.000000,0.000000,1.000000,1.850000,1.800000,1.800000,0.000000,0.003783,0.000621,0.000000,0.038765,18,18,0.008398,0.002693,0.001127,1944.000000,0.224986,0.649119,0.452736,0.281733,25.491177,692.717937,4.853060,5.517456,13.633937,207.118870,5.517456,4.200000,2.449490,1.082674,1.074133,4,0.267944,45,1,12,6,0.085714,82.620000,105.772331,496.673810,0.240188,0.049354,37.300715,0.000000,0.000000,1052,593,6.529721
269,baseline,120.000000,160.000000,40.000000,143.375000,0.000000,0.000000,4434.800000,0.000000,0.000000,0.450000,243.000000,0.262778,32.322494,0.129623,30.931473,7.808118,48.000000,48.000000,3.732868,1.952030,8.000000,8.000000,0.000000,0,32,4.997512,15.000000,0.000000,50,32,17,51,0,3.732868,1.952030,0,32,4.000000,0.000000,4.000000,0.000000,1.000000,1.975000,1.900000,1.900000,0.000000,0.008221,0.000715,0.000000,0.038859,18,18,0.016400,0.005876,0.001764,1944.000000,0.203390,0.724703,0.301660,0.224757,28.425431,823.416820,4.997512,5.489500,15.960304,271.755889,5.489500,3.440000,1.877871,0.601011,-0.257728,9,0.139381,18,1,9,5,0.070204,72.760000,87.560124,366.442406,0.260946,0.048901,36.304163,0.000000,0.000000,110,126,4.738813
269,attack_only,220.000000,260.000000,40.000000,157.375000,0.000000,0.000000,4990.900000,0.000000,0.000000,0.450000,243.000000,0.209891,41.793445,0.149739,31.713423,9.254834,48.000000,60.000000,3.928356,2.313708,8.000000,11.000000,0.223571,7,33,5.043005,15.000000,0.000000,50,33,16,59,0,3.928356,2.313708,0,33,4.000000,0.000000,4.000000,0.000000,1.000000,1.925000,1.850000,1.800000,0.002503,0.003398,0.000622,0.000000,0.037170,18,18,0.007767,0.002387,0.001404,1944.000000,0.191389,0.705138,0.276148,0.242689,29.497468,890.133495,5.043005,5.455084,15.828502,276.896512,5.455084,3.800000,2.280351,0.904719,0.686864,9,0.178372,35,1,9,5,0.077551,68.340000,80.100833,330.233172,0.274414,0.053894,36.402205,0.000000,0.000000,516,357,6.013332
269,defense_only,320.000000,360.000000,40.000000,141.850000,0.000000,0.000000,4396.200000,0.000000,0.000000,0.450000,243.000000,0.255902,32.864232,0.134077,30.991893,7.775417,48.000000,48.000000,3.747973,1.943854,8.000000,8.000000,0.000000,0,32,4.997608,15.000000,0.000000,50,32,17,51,0,3.747973,1.943854,0,32,4.000000,0.000000,4.000000,0.000000,1.000000,1.800000,1.800000,1.800000,0.000000,0.006830,0.000622,0.000000,0.038475,18,18,0.012961,0.005139,0.000896,1944.000000,0.206645,0.729004,0.302721,0.242396,28.400603,833.510614,4.997608,5.487725,15.905536,269.534155,5.487725,3.440000,1.877871,0.601011,-0.257728,9,0.139381,18,1,9,5,0.070204,72.760000,87.560124,366.442406,0.260946,0.048901,36.458918,0.000000,0.000000,110,126,4.738813
269,defense_vs_attack,420.000000,460.000000,40.000000,156.925000,0.000000,0.000000,4976.500000,0.000000,0.000000,0.450000,243.000000,0.227865,42.131026,0.149316,31.712602,9.295543,48.000000,60.000000,3.928150,2.323886,8.000000,11.000000,0.224215,7,33,5.042744,15.000000,0.000000,50,33,16,59,0,3.928150,2.323886,0,33,4.000000,0.000000,4.000000,0.000000,1.000000,1.850000,1.800000,1.800000,0.000000,0.004147,0.000622,0.000000,0.038202,18,18,0.009026,0.001905,0.000740,1944.000000,0.191638,0.698275,0.305259,0.230105,29.285313,878.840941,5.042744,5.450560,15.791574,275.749511,5.450560,3.800000,2.280351,0.904719,0.686864,9,0.178372,35,1,9,5,0.077551,68.340000,80.100833,330.233172,0.274414,0.053894,36.287812,0.000000,0.000000,516,357,6.013332
268,baseline,120.000000,160.000000,40.000000,124.550000,0.000000,0.000000,4228.500000,0.000000,0.000000,0.450000,243.000000,0.181192,39.498293,0.161735,33.950221,10.105939,52.000000,56.000000,4.487555,2.526485,9.000000,10.000000,0.001212,3,31,4.952718,15.000000,0.000000,50,31,18,74,0,4.487555,2.526485,0,31,3.000000,0.000000,3.000000,0.000000,1.000000,1.450000,1.425000,1.425000,0.000000,0.006117,0.000714,0.000000,0.043851,18,18,0.067166,0.234717,0.060527,1944.000000,0.227364,0.797612,0.422271,0.219078,26.667386,722.216049,4.952718,5.524298,14.162007,220.536865,5.524298,4.280000,2.324134,0.605439,-0.435671,4,0.342905,48,1,9,5,0.087347,64.280000,82.641432,354.686967,0.285853,0.051963,36.376771,0.000000,0.000000,496,379,5.624714
268,attack_only,220.000000,260.000000,40.000000,122.500000,0.000000,0.000000,4278.700000,0.000000,0.000000,0.450000,243.000000,0.313792,45.228286,0.180153,34.928163,11.111776,56.000000,60.000000,4.732041,2.777944,10.000000,11.000000,0.287533,7,31,4.949581,15.000000,0.000000,50,31,18,79,0,4.732041,2.777944,0,31,3.000000,0.000000,3.000000,0.000000,1.000000,1.375000,1.350000,1.350000,0.000000,0.002255,0.000621,0.000000,0.045839,18,18,0.004804,0.001095,0.000371,1944.000000,0.229868,0.786968,0.368104,0.235108,26.350744,711.681298,4.949581,5.499525,13.650837,208.597640,5.499525,4.520000,2.531719,0.605179,-0.399860,4,0.348232,58,1,8,4,0.092245,59.680000,77.015962,371.688862,0.301901,0.056191,36.130762,0.000000,0.000000,841,542,6.238068
268,defense_only,320.000000,360.000000,40.000000,125.675000,0.000000,0.000000,4279.600000,0.000000,0.000000,0.450000,243.000000,0.155555,41.208251,0.166591,34.052914,10.110961,52.000000,56.000000,4.513229,2.527740,9.000000,10.000000,0.000400,1,31,4.953131,15.000000,0.000000,50,31,18,74,0,4.513229,2.527740,0,31,3.000000,0.000000,3.000000,0.000000,1.000000,1.375000,1.350000,1.350000,0.000000,0.005455,0.000621,0.000000,0.043687,18,18,0.009551,0.003648,0.000987,1944.000000,0.223162,0.791136,0.351847,0.229451,26.467146,718.650437,4.953131,5.521605,14.204127,222.095579,5.521605,4.280000,2.324134,0.605439,-0.435671,4,0.342905,48,1,9,5,0.087347,64.280000,82.641432,354.686967,0.285853,0.051963,36.013112,0.000000,0.000000,496,379,5.624714
268,defense_vs_attack,420.000000,460.000000,40.000000,123.525000,0.000000,0.000000,4315.700000,0.000000,0.000000,0.450000,243.000000,0.295782,45.927517,0.179830,34.937867,11.162086,56.000000,60.000000,4.734467,2.790522,10.000000,11.000000,0.285132,7,31,4.950184,15.000000,0.000000,50,31,18,79,0,4.734467,2.790522,0,31,3.000000,0.000000,3.000000,0.000000,1.000000,1.350000,1.350000,1.350000,0.000000,0.002806,0.000621,0.000000,0.045234,18,18,0.005942,0.001844,0.000964,1944.000000,0.228833,0.773240,0.425591,0.255404,25.936003,684.186471,4.950184,5.495832,13.666132,209.504285,5.495832,4.520000,2.531719,0.605179,-0.399860,4,0.348232,58,1,8,4,0.092245,59.680000,77.015962,371.688862,0.301901,0.056191,36.364620,0.000000,0.000000,841,542,6.238068
272,baseline,120.000000,160.000000,40.000000,91.075000,0.000000,0.000000,3103.900000,0.000000,0.000000,0.450000,243.000000,0.178678,29.863343,0.133332,34.080703,8.744714,48.000000,60.000000,4.520176,2.186178,8.000000,11.000000,0.000000,0,25,4.642109,15.000000,0.000000,50,25,24,58,0,4.520176,2.186178,0,25,6.000000,0.000000,6.000000,0.000000,1.000000,2.875000,2.875000,2.850000,0.000000,0.012231,0.000714,0.000000,0.037144,18,18,0.028034,0.013747,0.004922,1944.000000,0.249912,0.816452,0.438669,0.215931,22.407933,508.271498,4.642109,5.496806,12.957051,175.992598,5.496806,3.440000,2.307899,1.087138,0.993396,13,0.183605,21,1,9,5,0.070204,68.660000,79.672036,289.558196,0.273754,0.052639,36.241323,0.000000,0.000000,200,162,5.314868
272,attack_only,220.000000,260.000000,40.000000,96.525000,0.000000,0.000000,3314.700000,0.000000,0.000000,0.450000,243.000000,0.159815,40.345473,0.166112,34.340326,11.741373,60.000000,72.000000,4.585082,2.935343,11.000000,14.000000,0.365059,7,26,4.699103,15.000000,0.000000,50,26,23,63,0,4.585082,2.935343,0,26,6.000000,0.000000,6.000000,0.000000,1.000000,2.775000,2.700000,2.700000,0.000000,0.004531,0.000621,0.000000,0.038091,18,18,0.010920,0.002827,0.000934,1944.000000,0.245392,0.799526,0.392595,0.232838,22.789641,530.845272,4.699103,5.477894,12.385685,168.416161,5.477894,3.680000,2.664132,1.576316,3.311368,13,0.266862,34,1,8,5,0.075102,64.920000,83.371770,377.780877,0.286750,0.058750,36.259997,0.000000,0.000000,384,263,5.923767
272,defense_only,320.000000,360.000000,40.000000,91.150000,0.000000,0.000000,3109.900000,0.000000,0.000000,0.450000,243.000000,0.174023,30.704651,0.136419,34.118486,8.791434,48.000000,60.000000,4.529622,2.197858,8.000000,11.000000,0.000000,0,25,4.642209,15.000000,0.000000,50,25,24,58,0,4.529622,2.197858,0,25,6.000000,0.000000,6.000000,0.000000,1.000000,2.750000,2.725000,2.700000,0.001534,0.010927,0.000621,0.000000,0.038483,18,18,0.022871,0.008826,0.002526,1944.000000,0.248039,0.810657,0.443862,0.237035,22.547256,527.380891,4.642209,5.493968,12.949449,175.901142,5.493968,3.440000,2.307899,1.087138,0.993396,13,0.183605,21,1,9,5,0.070204,68.660000,79.672036,289.558196,0.273754,0.052639,35.993926,0.000000,0.000000,200,162,5.314868
272,defense_vs_attack,420.000000,460.000000,40.000000,96.550000,0.000000,0.000000,3323.300000,0.000000,0.000000,0.450000,243.000000,0.146141,41.525525,0.170936,34.420508,11.781687,60.000000,72.000000,4.605127,2.945422,11.000000,14.000000,0.365485,8,26,4.699321,15.000000,0.000000,50,26,23,63,0,4.605127,2.945422,0,26,6.000000,0.000000,6.000000,0.000000,1.000000,2.700000,2.700000,2.700000,0.000000,0.005659,0.000621,0.000000,0.038899,18,18,0.013198,0.004051,0.000989,1944.000000,0.246103,0.811453,0.443739,0.217888,22.994732,537.818016,4.699321,5.481253,12.372867,168.195209,5.481253,3.680000,2.664132,1.576316,3.311368,13,0.266862,34,1,8,5,0.075102,64.920000,83.371770,377.780877,0.286750,0.058750,36.388678,0.000000,0.000000,384,263,5.923767
271,baseline,120.000000,160.000000,40.000000,123.925000,0.000000,0.000000,4046.000000,0.000000,0.000000,0.450000,243.000000,0.122110,36.779390,0.149278,32.648780,8.690328,48.000000,48.000000,4.162195,2.172582,8.000000,8.000000,0.000406,1,29,4.857392,15.000000,0.000000,50,29,20,55,0,4.162195,2.172582,0,29,4.000000,0.000000,4.000000,0.000000,1.000000,1.900000,1.900000,1.900000,0.000000,0.008127,0.000715,0.000000,0.038607,18,18,0.016413,0.006710,0.001916,1944.000000,0.214222,0.678117,0.451762,0.222418,24.855849,656.099105,4.857392,5.469678,14.702864,231.783004,5.469678,3.520000,2.165548,0.664032,-0.705940,10,0.207048,26,1,12,6,0.071837,89.940000,127.525563,451.863853,0.225742,0.049336,36.546173,0.000000,0.000000,306,198,5.383022
271,attack_only,220.000000,260.000000,40.000000,126.575000,0.000000,0.000000,4225.300000,0.000000,0.000000,0.450000,243.000000,0.225384,36.600641,0.142069,33.381789,8.724241,48.000000,52.000000,4.345447,2.181060,8.000000,9.000000,0.278506,8,29,4.856073,15.000000,0.000000,50,29,20,61,0,4.345447,2.181060,0,29,4.000000,0.000000,4.000000,0.000000,1.000000,1.850000,1.800000,1.800000,0.000000,0.003039,0.000622,0.000000,0.036407,18,18,0.007216,0.002026,0.001349,1944.000000,0.212490,0.652696,0.460935,0.261241,25.379802,726.278621,4.856073,5.445562,14.807245,235.666117,5.445562,3.760000,2.337178,0.515936,-0.945152,10,0.228571,37,1,12,6,0.076735,88.760000,116.270043,418.000000,0.229024,0.052183,36.950165,0.000000,0.000000,533,327,5.834635
271,defense_only,320.000000,360.000000,40.000000,123.675000,0.000000,0.000000,4036.900000,0.000000,0.000000,0.450000,243.000000,0.169624,36.884129,0.149116,32.641197,8.702505,48.000000,48.000000,4.160299,2.175626,8.000000,8.000000,0.000000,0,29,4.856839,15.000000,0.000000,50,29,20,55,0,4.160299,2.175626,0,29,4.000000,0.000000,4.000000,0.000000,1.000000,1.800000,1.800000,1.800000,0.000000,0.007216,0.000622,0.000000,0.036942,18,18,0.014012,0.005506,0.001584,1944.000000,0.217464,0.666445,0.472021,0.240606,25.018755,676.618002,4.856839,5.476331,14.686498,231.280981,5.476331,3.520000,2.165548,0.664032,-0.705940,10,0.207048,26,1,12,6,0.071837,89.940000,127.525563,451.863853,0.225742,0.049336,36.963048,0.000000,0.000000,306,198,5.383022
271,defense_vs_attack,420.000000,460.000000,40.000000,126.225000,0.000000,0.000000,4221.600000,0.000000,0.000000,0.450000,243.000000,0.213079,37.374931,0.145820,33.445039,8.705123,48.000000,52.000000,4.361260,2.176281,8.000000,9.000000,0.278884,7,29,4.856233,15.000000,0.000000,50,29,20,61,0,4.361260,2.176281,0,29,4.000000,0.000000,4.000000,0.000000,1.000000,1.900000,1.800000,1.800000,0.000000,0.003869,0.000622,0.000000,0.036866,18,18,0.008313,0.002366,0.000701,1944.000000,0.210666,0.631470,0.458628,0.277740,26.598358,796.733402,4.856233,5.447815,14.798210,235.256657,5.447815,3.760000,2.337178,0.515936,-0.945152,10,0.228571,37,1,12,6,0.076735,88.760000,116.270043,418.000000,0.229024,0.052183,36.441535,0.000000,0.000000,533,327,5.834635
273,baseline,120.000000,160.000000,40.000000,100.700000,0.000000,0.000000,3310.400000,0.000000,0.000000,0.450000,243.000000,0.257671,28.269023,0.141627,32.873883,8.102557,44.000000,48.000000,4.218471,2.025639,7.000000,8.000000,0.001000,2,29,4.853875,15.000000,0.000000,50,29,21,67,0,4.218471,2.025639,0,29,7.000000,0.000000,7.000000,0.000000,1.000000,3.400000,3.325000,3.325000,0.000000,0.014306,0.000714,0.000000,0.033806,18,18,0.032757,0.014726,0.003990,1944.000000,0.261516,0.818274,2.640349,0.246251,23.242262,556.567288,4.853875,5.510870,13.686379,196.266382,5.510870,3.800000,2.029778,0.401785,-0.944104,6,0.226429,27,1,9,5,0.077551,74.780000,98.166556,442.175000,0.257846,0.053668,36.102656,0.000000,0.000000,295,225,5.258225
273,attack_only,220.000000,260.000000,40.000000,104.125000,0.000000,0.000000,3513.700000,0.000000,0.000000,0.450000,243.000000,0.240457,37.770125,0.163047,33.745018,10.861976,48.000000,72.000000,4.436255,2.715494,8.000000,14.000000,0.338491,7,29,4.854744,15.000000,0.000000,50,29,21,74,0,4.436255,2.715494,0,29,0.000000,0.000000,0.000000,0.000000,0.000000,1.825000,1.825000,1.825000,0.000000,0.004258,0.000626,0.000021,0.041757,0,18,0.000000,0.000000,0.000000,0.000000,0.255601,0.802674,0.455557,0.255560,23.779854,579.199444,4.854744,5.493218,13.026599,185.062160,5.493218,4.080000,2.512688,1.293752,2.797813,6,0.277256,48,1,8,4,0.083265,68.960000,111.055503,502.745238,0.274531,0.058650,36.487296,0.000000,0.000000,789,498,6.428247
273,defense_only,320.000000,360.000000,40.000000,100.250000,0.000000,0.000000,3298.800000,0.000000,0.000000,0.450000,243.000000,0.194304,27.650811,0.139004,32.905736,8.036922,44.000000,48.000000,4.226434,2.009230,7.000000,8.000000,0.000251,0,29,4.855692,15.000000,0.000000,50,29,21,67,0,4.226434,2.009230,0,29,7.000000,0.000000,7.000000,0.000000,1.000000,3.200000,3.175000,3.175000,0.000000,0.009701,0.000624,0.000016,0.033357,18,18,0.023983,0.005241,0.003732,1944.000000,0.263072,0.809495,2.827048,0.254695,22.956230,545.231066,4.855692,5.517555,13.678553,195.811421,5.517555,3.800000,2.029778,0.401785,-0.944104,6,0.226429,27,1,9,5,0.077551,74.780000,98.166556,442.175000,0.257846,0.053668,36.149897,0.000000,0.000000,295,225,5.258225
273,defense_vs_attack,420.000000,460.000000,40.000000,107.425000,0.000000,0.000000,3561.600000,0.000000,0.000000,0.450000,243.000000,0.554261,37.033388,0.178653,33.154294,10.148567,44.000000,72.000000,4.288573,2.537142,7.000000,14.000000,0.329348,8,31,5.040799,15.000000,0.000000,50,31,19,73,0,4.288573,2.537142,5,36,7.000000,0.000000,7.000000,0.000000,1.000000,2.675000,2.675000,2.675000,0.000000,0.006498,0.000626,0.000020,0.035937,10,18,0.014711,0.001653,0.000834,1080.000000,0.253008,0.793449,0.459866,0.255184,24.488850,629.093642,4.930102,5.497818,13.421476,194.902460,5.497818,4.160000,2.548411,1.169675,2.345356,6,0.267029,50,1,8,4,0.084898,68.920000,108.425785,471.848168,0.274717,0.058853,35.551899,0.050000,0.025000,1100,598,6.622467
279,baseline,120.000000,160.000000,40.000000,111.600000,0.000000,0.000000,3855.900000,0.000000,0.000000,0.450000,243.000000,0.389791,34.974773,0.145908,34.551075,8.315739,48.000000,60.000000,4.637769,2.078935,8.000000,11.000000,0.000225,0,29,4.850236,15.000000,0.000000,50,29,20,64,0,4.637769,2.078935,0,29,6.000000,0.000000,6.000000,0.000000,1.000000,2.975000,2.925000,2.850000,0.001391,0.012520,0.000714,0.000000,0.035510,18,18,0.027272,0.010466,0.004071,1944.000000,0.236352,0.798011,0.405974,0.230529,24.803997,626.159447,4.850236,5.457686,14.224061,213.811472,5.457686,3.960000,2.323446,0.651195,0.135432,9,0.204745,37,1,9,5,0.080816,67.540000,76.710761,310.988889,0.279062,0.058686,36.207853,0.000000,0.000000,570,354,5.870795
279,attack_only,220.000000,260.000000,40.000000,110.525000,0.000000,0.000000,3763.400000,0.000000,0.000000,0.450000,243.000000,0.277348,45.327710,0.167525,34.050215,11.855200,48.000000,84.000000,4.512554,2.963800,8.000000,17.000000,0.318761,7,29,4.791085,15.000000,0.000000,50,29,20,67,0,4.512554,2.963800,0,29,0.000000,0.000000,0.000000,0.000000,0.000000,1.425000,1.375000,1.375000,0.000000,0.003569,0.000629,0.000025,0.044106,0,18,0.000000,0.000000,0.000000,0.000000,0.238931,0.777667,0.367019,0.259281,24.534333,613.018710,4.854123,5.467877,12.978101,186.888916,5.467877,3.960000,2.813965,2.071181,7.030262,9,0.227632,42,1,9,5,0.080816,62.120000,92.844572,547.135332,0.298238,0.065467,36.218449,0.000000,0.000000,659,415,6.384361
279,defense_only,320.000000,360.000000,40.000000,110.100000,0.000000,0.000000,3793.100000,0.000000,0.000000,0.450000,243.000000,0.395106,33.585757,0.140351,34.451408,8.333841,48.000000,60.000000,4.612852,2.083460,8.000000,11.000000,0.000000,0,29,4.849889,15.000000,0.000000,50,29,20,64,0,4.612852,2.083460,0,29,6.000000,0.000000,6.000000,0.000000,1.000000,2.775000,2.700000,2.700000,0.000000,0.006673,0.000621,0.000000,0.036448,18,18,0.015996,0.003374,0.001837,1944.000000,0.239938,0.782713,0.437930,0.254467,24.796458,631.460884,4.849889,5.454980,14.140361,211.141805,5.454980,3.960000,2.323446,0.651195,0.135432,9,0.204745,37,1,9,5,0.080816,67.540000,76.710761,310.988889,0.279062,0.058686,36.240069,0.000000,0.000000,570,354,5.870795
279,defense_vs_attack,420.000000,460.000000,40.000000,113.200000,0.000000,0.000000,3831.200000,0.000000,0.000000,0.450000,243.000000,0.366398,43.174730,0.172720,33.844523,11.210980,48.000000,84.000000,4.461131,2.802745,8.000000,17.000000,0.313473,8,30,5.087131,15.000000,0.000000,50,30,19,69,0,4.461131,2.802745,11,41,6.000000,0.000000,6.000000,0.000000,1.000000,2.300000,2.275000,2.225000,0.001377,0.006481,0.000639,0.000036,0.037859,8,18,0.016010,0.001807,0.001013,864.000000,0.238020,0.783680,0.375285,0.269294,24.965099,634.242724,4.899615,5.472097,13.319257,195.471398,5.472097,4.200000,2.986637,1.986427,6.815218,9,0.243049,53,1,9,5,0.085714,60.500000,91.808813,542.790635,0.304361,0.067313,34.223527,0.150000,0.025000,1235,642,6.875369
285,baseline,120.000000,160.000000,40.000000,108.725000,0.000000,0.000000,3529.800000,0.000000,0.000000,0.450000,243.000000,0.133667,29.009679,0.126051,32.465394,7.061827,44.000000,48.000000,4.116349,1.765457,7.000000,8.000000,0.000000,0,27,4.754088,15.000000,0.000000,50,27,23,55,0,4.116349,1.765457,0,27,8.000000,0.000000,8.000000,0.000000,1.000000,3.925000,3.800000,3.800000,0.000000,0.016379,0.000715,0.000000,0.030468,18,18,0.038457,0.018521,0.005571,1944.000000,0.227499,0.735313,0.390528,0.245819,24.398665,611.996116,4.754088,5.557518,14.444212,216.515465,5.557518,3.320000,1.748599,0.649383,-0.233172,7,0.223667,19,1,10,5,0.067755,77.520000,96.168380,392.424513,0.245380,0.036421,36.510332,0.000000,0.000000,30,85,4.248853
285,attack_only,220.000000,260.000000,40.000000,110.150000,0.000000,0.000000,3668.400000,0.000000,0.000000,0.450000,243.000000,0.156648,36.532350,0.145814,33.303677,8.986797,48.000000,60.000000,4.325919,2.246699,8.000000,11.000000,0.319708,7,27,4.753827,15.000000,0.000000,50,27,23,61,0,4.325919,2.246699,0,27,0.000000,0.000000,0.000000,0.000000,0.000000,2.300000,2.275000,2.250000,0.000000,0.003777,0.000622,0.000000,0.039225,0,18,0.000000,0.000000,0.000000,0.000000,0.224608,0.730808,0.348888,0.247634,25.135349,654.100382,4.753827,5.548217,13.938339,207.064946,5.548217,3.560000,2.060679,1.134846,1.733134,7,0.265840,28,1,10,5,0.072653,74.040000,94.324843,404.491871,0.255417,0.042178,36.473709,0.000000,0.000000,100,160,5.165965
285,defense_only,320.000000,360.000000,40.000000,108.575000,0.000000,0.000000,3524.500000,0.000000,0.000000,0.450000,243.000000,0.128327,28.899188,0.125923,32.461432,7.063074,44.000000,48.000000,4.115358,1.765768,7.000000,8.000000,0.000000,0,27,4.754150,15.000000,0.000000,50,27,23,55,0,4.115358,1.765768,0,27,8.000000,0.000000,8.000000,0.000000,1.000000,3.625000,3.625000,3.625000,0.001316,0.011330,0.000622,0.000000,0.031618,18,18,0.026555,0.008410,0.002183,1944.000000,0.227941,0.731985,0.364327,0.248743,24.406306,609.486329,4.754150,5.557280,14.435133,216.231758,5.557280,3.320000,1.748599,0.649383,-0.233172,7,0.223667,19,1,10,5,0.067755,77.520000,96.168380,392.424513,0.245380,0.036421,36.541149,0.000000,0.000000,30,85,4.248853
285,defense_vs_attack,420.000000,460.000000,40.000000,112.775000,0.000000,0.000000,3765.100000,0.000000,0.000000,0.450000,243.000000,0.117048,34.034736,0.135474,33.385945,8.411800,48.000000,60.000000,4.346486,2.102950,8.000000,11.000000,0.314005,8,27,4.957786,15.000000,0.000000,50,27,23,61,0,4.346486,2.102950,8,35,9.000000,0.000000,9.000000,0.000000,1.000000,3.625000,3.475000,3.475000,0.000000,0.013452,0.000655,0.000045,0.030734,9,18,0.045433,0.009235,0.005016,972.000000,0.219658,0.722514,0.361885,0.264226,25.274192,669.042965,4.754325,5.551073,14.259123,215.295464,5.551073,3.680000,2.158147,1.275799,2.512441,6,0.295926,34,1,10,5,0.075102,73.440000,94.026543,410.108537,0.257206,0.043000,35.247333,0.075000,0.025000,181,222,5.539169
283,baseline,120.000000,160.000000,40.000000,107.350000,0.000000,0.000000,3534.000000,0.000000,0.000000,0.450000,243.000000,0.125573,31.576808,0.142499,32.920354,8.431023,44.000000,48.000000,4.230088,2.107756,7.000000,8.000000,0.000000,0,28,4.806575,15.000000,0.000000,50,28,21,61,0,4.230088,2.107756,0,28,8.000000,0.000000,8.000000,0.000000,1.000000,3.900000,3.875000,3.800000,0.003876,0.016646,0.000714,0.000000,0.030620,18,18,0.038782,0.017702,0.006068,1944.000000,0.240340,0.678438,0.496270,0.250367,24.456708,644.991572,4.806575,5.552069,13.960914,205.974076,5.552069,3.600000,2.049390,0.658035,-0.727619,6,0.353381,29,1,13,7,0.073469,95.900000,140.385169,601.116667,0.211327,0.039938,36.669710,0.000000,0.000000,164,178,4.971471
283,attack_only,220.000000,260.000000,40.000000,108.425000,0.000000,0.000000,3648.800000,0.000000,0.000000,0.450000,243.000000,0.201372,35.277479,0.145778,33.652755,9.591628,48.000000,60.000000,4.413189,2.397907,8.000000,11.000000,0.324901,7,28,4.805383,15.000000,0.000000,50,28,21,67,0,4.413189,2.397907,0,28,8.000000,0.000000,8.000000,0.000000,1.000000,3.675000,3.625000,3.600000,0.001269,0.006305,0.000621,0.000000,0.030951,18,18,0.015620,0.003673,0.001059,1944.000000,0.238910,0.676798,0.472092,0.279320,23.811685,604.143587,4.805383,5.515478,13.644941,200.161936,5.515478,3.840000,2.335466,0.946905,0.368059,6,0.425300,41,1,12,6,0.078367,89.940000,141.502463,600.083333,0.222286,0.041755,36.942170,0.000000,0.000000,346,291,5.659318
283,defense_only,320.000000,360.000000,40.000000,108.400000,0.000000,0.000000,3574.400000,0.000000,0.000000,0.450000,243.000000,0.126193,32.872127,0.145613,32.974170,8.458455,44.000000,48.000000,4.243542,2.114614,7.000000,8.000000,0.000000,0,28,4.806583,15.000000,0.000000,50,28,21,61,0,4.243542,2.114614,0,28,8.000000,0.000000,8.000000,0.000000,1.000000,3.675000,3.650000,3.600000,0.002584,0.013636,0.000621,0.000000,0.031307,18,18,0.029597,0.010645,0.003276,1944.000000,0.238756,0.661954,0.494259,0.242236,23.739833,607.635968,4.806583,5.554649,14.007822,207.593890,5.554649,3.600000,2.049390,0.658035,-0.727619,6,0.353381,29,1,13,7,0.073469,95.900000,140.385169,601.116667,0.211327,0.039938,36.968123,0.000000,0.000000,164,178,4.971471
283,defense_vs_attack,420.000000,460.000000,40.000000,108.700000,0.000000,0.000000,3665.700000,0.000000,0.000000,0.450000,243.000000,0.179515,36.138642,0.150738,33.723091,9.598022,48.000000,60.000000,4.430773,2.399506,8.000000,11.000000,0.324074,7,28,4.805812,15.000000,0.000000,50,28,21,67,0,4.430773,2.399506,0,28,8.000000,0.000000,8.000000,0.000000,1.000000,3.700000,3.625000,3.600000,0.000000,0.008852,0.000621,0.000000,0.032974,18,18,0.020922,0.005315,0.001460,1944.000000,0.237477,0.708379,0.441204,0.266383,23.977562,594.172390,4.805812,5.523057,13.655196,200.544625,5.523057,3.840000,2.335466,0.946905,0.368059,6,0.425300,41,1,12,6,0.078367,89.940000,141.502463,600.083333,0.222286,0.041755,36.784437,0.000000,0.000000,346,291,5.659318
286,baseline,120.000000,160.000000,40.000000,118.075000,0.000000,0.000000,3609.700000,0.000000,0.000000,0.450000,243.000000,0.222280,33.103186,0.165889,30.571247,8.518538,44.000000,48.000000,3.642812,2.129634,7.000000,8.000000,0.000000,0,32,4.997328,15.000000,0.000000,50,32,18,54,0,3.642812,2.129634,0,32,4.000000,0.000000,4.000000,0.000000,1.000000,1.900000,1.900000,1.900000,0.000000,0.008127,0.000714,0.000000,0.039161,18,18,0.017338,0.009628,0.003050,1944.000000,0.251205,0.748791,0.490969,0.270388,25.391750,673.171292,4.997328,5.514495,14.500072,223.770273,5.514495,3.400000,1.811077,0.727232,-0.405413,5,0.251905,19,1,12,6,0.069388,92.640000,111.151472,424.411470,0.218283,0.043706,36.833737,0.000000,0.000000,72,102,4.475756
286,attack_only,220.000000,260.000000,40.000000,111.625000,0.000000,0.000000,3462.100000,0.000000,0.000000,0.450000,243.000000,0.270490,37.894773,0.186970,31.015454,10.108747,48.000000,60.000000,3.753863,2.527187,8.000000,11.000000,0.315742,7,31,4.949866,15.000000,0.000000,50,31,19,60,0,3.753863,2.527187,0,31,4.000000,0.000000,4.000000,0.000000,1.000000,1.800000,1.800000,1.800000,0.000000,0.002968,0.000621,0.000000,0.041580,18,18,0.006739,0.001673,0.000341,1944.000000,0.258610,0.726904,0.497565,0.268023,24.740531,642.000996,4.949866,5.522606,13.636232,201.858771,5.522606,3.520000,2.099905,1.358614,1.731680,3,0.348065,26,1,11,6,0.071837,85.680000,124.311316,476.115258,0.231674,0.044861,37.073955,0.000000,0.000000,113,138,5.059241
286,defense_only,320.000000,360.000000,40.000000,120.850000,0.000000,0.000000,3690.700000,0.000000,0.000000,0.450000,243.000000,0.167465,32.881250,0.161859,30.539512,8.476219,44.000000,48.000000,3.634878,2.119055,7.000000,8.000000,0.000000,0,32,4.998579,15.000000,0.000000,50,32,18,54,0,3.634878,2.119055,0,32,4.000000,0.000000,4.000000,0.000000,1.000000,1.900000,1.800000,1.800000,0.000000,0.007318,0.000621,0.000000,0.039161,18,18,0.014045,0.005384,0.001655,1944.000000,0.245914,0.691320,0.474920,0.260037,25.642704,705.462367,4.998579,5.518768,14.651352,228.702109,5.518768,3.400000,1.811077,0.727232,-0.405413,5,0.251905,19,1,12,6,0.069388,92.640000,111.151472,424.411470,0.218283,0.043706,36.940369,0.000000,0.000000,72,102,4.475756
286,defense_vs_attack,420.000000,460.000000,40.000000,110.850000,0.000000,0.000000,3426.700000,0.000000,0.000000,0.450000,243.000000,0.254435,36.504367,0.180437,30.912945,10.114282,48.000000,60.000000,3.728236,2.528570,8.000000,11.000000,0.317965,7,31,4.950397,15.000000,0.000000,50,31,19,60,0,3.728236,2.528570,0,31,4.000000,0.000000,4.000000,0.000000,1.000000,1.825000,1.825000,1.800000,0.000000,0.003781,0.000621,0.000000,0.040355,18,18,0.008460,0.002462,0.000552,1944.000000,0.258035,0.734824,0.502012,0.282603,24.215984,643.490104,4.950397,5.515467,13.600191,200.657764,5.515467,3.520000,2.099905,1.358614,1.731680,3,0.348065,26,1,11,6,0.071837,85.680000,124.311316,476.115258,0.231674,0.044861,36.708974,0.000000,0.000000,113,138,5.059241
287,baseline,120.000000,160.000000,40.000000,123.100000,0.000000,0.000000,3936.500000,0.000000,0.000000,0.450000,243.000000,0.577769,34.216439,0.158963,31.978067,8.462821,52.000000,56.000000,3.994517,2.115705,9.000000,10.000000,0.001636,1,33,5.065256,15.000000,0.000000,50,33,17,57,0,3.994517,2.115705,5,36,6.000000,0.000000,6.000000,0.000000,1.000000,2.850000,2.850000,2.850000,0.000000,0.012190,0.000715,0.000000,0.031552,18,18,0.026927,0.011954,0.003063,1944.000000,0.238701,0.792436,0.382957,0.268327,25.675355,679.787908,5.022148,5.559358,14.765709,232.349089,5.559358,3.840000,2.062620,0.871342,0.520427,5,0.160143,21,1,9,5,0.078367,64.020000,55.151980,199.060119,0.282026,0.036929,35.623899,0.000000,0.050000,219,182,5.211831
287,attack_only,220.000000,260.000000,40.000000,125.750000,0.000000,0.000000,4153.200000,0.000000,0.000000,0.450000,243.000000,0.248388,39.173578,0.162238,33.027435,10.168229,56.000000,64.000000,4.256859,2.542057,10.000000,12.000000,0.280312,7,32,4.997127,15.000000,0.000000,50,32,18,63,0,4.256859,2.542057,0,32,6.000000,0.000000,6.000000,0.000000,1.000000,2.825000,2.725000,2.700000,0.000000,0.004612,0.000622,0.000000,0.032796,18,18,0.011144,0.003042,0.001405,1944.000000,0.231717,0.778867,0.361408,0.245453,26.977086,749.386328,4.997127,5.541139,14.212382,221.890132,5.541139,4.000000,2.424871,1.195098,1.307233,5,0.167971,30,1,9,5,0.081633,60.440000,60.757667,314.839369,0.295743,0.044833,36.237869,0.000000,0.000000,607,354,6.050774
287,defense_only,320.000000,360.000000,40.000000,121.350000,0.000000,0.000000,3885.800000,0.000000,0.000000,0.450000,243.000000,0.343092,30.091635,0.140663,32.021426,8.453145,52.000000,56.000000,4.005356,2.113286,9.000000,10.000000,0.000000,0,32,4.994077,15.000000,0.000000,50,32,18,58,0,4.005356,2.113286,0,32,6.000000,0.000000,6.000000,0.000000,1.000000,2.900000,2.700000,2.700000,0.000000,0.011136,0.000622,0.000000,0.032768,18,18,0.023346,0.009143,0.003025,1944.000000,0.239723,0.805148,0.396843,0.214632,26.045671,692.974909,4.994077,5.558737,14.684483,229.525470,5.558737,3.760000,2.083843,0.930541,0.535105,5,0.160143,21,1,9,5,0.076735,64.200000,56.610229,200.935757,0.281461,0.036985,36.296318,0.000000,0.000000,208,170,5.209583
287,defense_vs_attack,420.000000,460.000000,40.000000,124.225000,0.000000,0.000000,4107.900000,0.000000,0.000000,0.450000,243.000000,0.232953,39.440162,0.164495,33.068223,10.207210,56.000000,64.000000,4.267056,2.551802,10.000000,12.000000,0.283978,8,32,4.997400,15.000000,0.000000,50,32,18,63,0,4.267056,2.551802,0,32,6.000000,0.000000,6.000000,0.000000,1.000000,2.750000,2.725000,2.700000,0.000000,0.005676,0.000622,0.000000,0.033335,18,18,0.013124,0.003683,0.001055,1944.000000,0.234131,0.798254,0.372617,0.229285,26.357083,706.799231,4.997400,5.541849,14.134177,219.348231,5.541849,4.000000,2.424871,1.195098,1.307233,5,0.167971,30,1,9,5,0.081633,60.440000,60.757667,314.839369,0.295743,0.044833,36.220147,0.000000,0.000000,607,354,6.050774
293,baseline,120.000000,160.000000,40.000000,176.775000,0.000000,0.000000,5284.700000,0.000000,0.000000,0.450000,243.000000,0.175304,34.913537,0.127602,29.895064,7.049917,44.000000,48.000000,3.473766,1.762479,7.000000,8.000000,0.000000,0,35,5.128409,15.000000,0.000000,50,35,14,46,0,3.473766,1.762479,0,35,3.000000,0.000000,3.000000,0.000000,1.000000,1.475000,1.475000,1.425000,0.001117,0.006504,0.000714,0.000000,0.035394,18,18,0.012054,0.004579,0.001992,1944.000000,0.182337,0.620843,0.334373,0.257976,31.911394,1054.308589,5.128409,5.563175,17.735088,335.939422,5.563175,3.360000,1.621851,0.870232,0.351897,4,0.250571,20,1,10,5,0.068571,80.300000,92.005658,397.384231,0.241236,0.042795,36.700751,0.000000,0.000000,53,77,4.493788
293,attack_only,220.000000,260.000000,40.000000,172.400000,0.000000,0.000000,5282.900000,0.000000,0.000000,0.450000,243.000000,0.219832,42.853291,0.143493,30.643271,8.598771,48.000000,60.000000,3.660818,2.149693,8.000000,11.000000,0.204022,7,34,5.086103,15.000000,0.000000,50,34,15,49,0,3.660818,2.149693,0,34,3.000000,0.000000,3.000000,0.000000,1.000000,1.350000,1.350000,1.350000,0.000000,0.002420,0.000622,0.000000,0.034803,18,18,0.005164,0.001182,0.000227,1944.000000,0.181777,0.623292,0.302146,0.256673,30.568534,971.662642,5.086103,5.541940,16.735441,307.473068,5.541940,3.480000,2.041960,1.579156,2.625823,4,0.305667,26,1,9,5,0.071020,70.760000,106.792339,557.375258,0.266883,0.051661,36.720719,0.000000,0.000000,88,118,5.184894
293,defense_only,320.000000,360.000000,40.000000,175.150000,0.000000,0.000000,5233.400000,0.000000,0.000000,0.450000,243.000000,0.188176,34.254679,0.127139,29.879532,7.043464,44.000000,48.000000,3.469883,1.760866,7.000000,8.000000,0.000000,0,35,5.128259,15.000000,0.000000,50,35,14,46,0,3.469883,1.760866,0,35,3.000000,0.000000,3.000000,0.000000,1.000000,1.350000,1.350000,1.350000,0.000000,0.005219,0.000621,0.000000,0.034823,18,18,0.009209,0.003428,0.001033,1944.000000,0.184601,0.629083,0.323081,0.263273,30.602096,966.681923,5.128259,5.562968,17.673239,333.335129,5.562968,3.360000,1.621851,0.870232,0.351897,4,0.250571,20,1,10,5,0.068571,80.300000,92.005658,397.384231,0.241236,0.042795,36.849801,0.000000,0.000000,53,77,4.493788
293,defense_vs_attack,420.000000,460.000000,40.000000,171.175000,0.000000,0.000000,5253.500000,0.000000,0.000000,0.450000,243.000000,0.208109,43.369433,0.146821,30.690813,8.602074,48.000000,60.000000,3.672703,2.150519,8.000000,11.000000,0.205490,7,34,5.086218,15.000000,0.000000,50,34,15,49,0,3.672703,2.150519,0,34,3.000000,0.000000,3.000000,0.000000,1.000000,1.425000,1.375000,1.350000,0.001104,0.003077,0.000622,0.000000,0.035261,18,18,0.006311,0.001541,0.000789,1944.000000,0.181695,0.649611,0.245560,0.252338,31.692588,1062.178599,5.086218,5.541371,16.690307,305.634535,5.541371,3.480000,2.041960,1.579156,2.625823,4,0.305667,26,1,9,5,0.071020,70.760000,106.792339,557.375258,0.266883,0.051661,36.454762,0.000000,0.000000,88,118,5.184894
294,baseline,120.000000,160.000000,40.000000,128.400000,0.000000,0.000000,4319.300000,0.000000,0.000000,0.450000,243.000000,0.276964,35.356793,0.141218,33.639408,8.462904,48.000000,60.000000,4.409852,2.115726,8.000000,11.000000,0.000000,0,31,4.950906,15.000000,0.000000,50,31,18,63,0,4.409852,2.115726,0,31,8.000000,0.000000,8.000000,0.000000,1.000000,3.800000,3.800000,3.800000,0.000000,0.016254,0.000715,0.000000,0.029373,18,18,0.037547,0.016146,0.004708,1944.000000,0.219895,0.774330,0.339202,0.232328,26.664123,720.153652,4.950906,5.504991,14.999170,240.801924,5.504991,4.000000,2.332381,0.822815,0.890030,7,0.325714,33,1,9,5,0.081633,64.340000,83.813256,348.286891,0.285368,0.051839,36.287779,0.000000,0.000000,503,267,5.677790
294,attack_only,220.000000,260.000000,40.000000,124.625000,0.000000,0.000000,4201.400000,0.000000,0.000000,0.450000,243.000000,0.263462,46.333094,0.177841,33.712337,11.696252,60.000000,76.000000,4.428084,2.924063,11.000000,15.000000,0.282600,7,31,4.951067,15.000000,0.000000,50,31,18,70,0,4.428084,2.924063,0,31,8.000000,0.000000,8.000000,0.000000,1.000000,3.750000,3.600000,3.600000,0.000000,0.006099,0.000622,0.000000,0.030340,18,18,0.015518,0.003808,0.001957,1944.000000,0.226742,0.794926,0.332366,0.224408,26.750968,745.290553,4.951067,5.501225,13.528849,206.355442,5.501225,4.160000,2.802570,1.547565,3.337181,7,0.383719,45,1,9,5,0.084898,58.600000,96.089352,479.227355,0.305799,0.057419,36.316111,0.000000,0.000000,757,396,6.291969
294,defense_only,320.000000,360.000000,40.000000,130.000000,0.000000,0.000000,4361.000000,0.000000,0.000000,0.450000,243.000000,0.228068,33.885240,0.134678,33.546154,8.465143,48.000000,60.000000,4.386538,2.116286,8.000000,11.000000,0.000387,1,31,4.952019,15.000000,0.000000,50,31,18,63,0,4.386538,2.116286,0,31,8.000000,0.000000,8.000000,0.000000,1.000000,3.625000,3.625000,3.600000,0.000000,0.014469,0.000622,0.000000,0.030878,18,18,0.031540,0.012531,0.003209,1944.000000,0.216801,0.768444,0.340009,0.234522,26.968227,743.526724,4.952019,5.507478,15.072054,243.391519,5.507478,4.000000,2.332381,0.822815,0.890030,7,0.325714,33,1,9,5,0.081633,64.340000,83.813256,348.286891,0.285368,0.051839,36.225763,0.000000,0.000000,503,267,5.677790
294,defense_vs_attack,420.000000,460.000000,40.000000,125.900000,0.000000,0.000000,4239.700000,0.000000,0.000000,0.450000,243.000000,0.192169,45.871008,0.172925,33.675139,11.687455,60.000000,76.000000,4.418785,2.921864,11.000000,15.000000,0.279720,7,31,4.952588,15.000000,0.000000,50,31,18,70,0,4.418785,2.921864,0,31,8.000000,0.000000,8.000000,0.000000,1.000000,3.625000,3.600000,3.600000,0.000000,0.007509,0.000622,0.000000,0.030268,18,18,0.018100,0.005422,0.001351,1944.000000,0.225082,0.754216,0.424859,0.233714,26.194643,701.760265,4.952588,5.507459,13.577711,208.042032,5.507459,4.160000,2.802570,1.547565,3.337181,7,0.383719,45,1,9,5,0.084898,58.600000,96.089352,479.227355,0.305799,0.057419,36.356688,0.000000,0.000000,757,396,6.291969
298,baseline,120.000000,160.000000,40.000000,96.775000,0.000000,0.000000,3505.400000,0.000000,0.000000,0.450000,243.000000,0.230835,40.737228,0.169703,36.222165,11.009131,56.000000,60.000000,5.055541,2.752283,10.000000,11.000000,0.000520,1,26,4.697649,15.000000,0.000000,50,26,24,74,0,5.055541,2.752283,0,26,5.000000,0.000000,5.000000,0.000000,1.000000,2.500000,2.375000,2.375000,0.000000,0.010327,0.000715,0.000000,0.041770,18,18,0.022318,0.011278,0.003280,1944.000000,0.244043,0.820734,0.394751,0.251129,23.154685,549.795708,4.697649,5.541751,12.595712,172.907290,5.541751,4.120000,2.612585,1.059924,0.293013,5,0.410089,46,1,9,5,0.084082,67.320000,93.969688,409.681120,0.275390,0.049523,36.067645,0.000000,0.000000,523,393,5.888373
298,attack_only,220.000000,260.000000,40.000000,96.175000,0.000000,0.000000,3521.000000,0.000000,0.000000,0.450000,243.000000,0.211733,46.177328,0.189957,36.610346,12.331346,60.000000,64.000000,5.152586,3.082837,11.000000,12.000000,0.366396,7,26,4.698054,15.000000,0.000000,50,26,24,82,0,5.152586,3.082837,0,26,0.000000,0.000000,0.000000,0.000000,0.000000,0.475000,0.475000,0.475000,0.000000,0.002032,0.000714,0.000000,0.058588,0,18,0.000000,0.000000,0.000000,0.000000,0.247651,0.785298,0.455727,0.249639,22.856284,532.925798,4.698054,5.526033,12.131824,163.963937,5.526033,4.320000,2.880556,1.129691,0.516179,5,0.443382,57,1,8,4,0.088163,58.180000,107.664430,562.187078,0.306890,0.057963,36.414249,0.000000,0.000000,870,544,6.410166
298,defense_only,320.000000,360.000000,40.000000,97.975000,0.000000,0.000000,3541.100000,0.000000,0.000000,0.450000,243.000000,0.168785,39.646335,0.163940,36.142894,10.985434,56.000000,60.000000,5.035723,2.746358,10.000000,11.000000,0.000000,0,26,4.698985,15.000000,0.000000,50,26,24,74,0,5.035723,2.746358,0,26,5.000000,0.000000,5.000000,0.000000,1.000000,2.275000,2.275000,2.250000,0.000000,0.003743,0.000622,0.000000,0.041893,18,18,0.008817,0.002248,0.000607,1944.000000,0.241884,0.805357,0.399441,0.222497,23.242555,553.408897,4.698985,5.540057,12.661181,174.843458,5.540057,4.120000,2.612585,1.059924,0.293013,5,0.410089,46,1,9,5,0.084082,67.320000,93.969688,409.681120,0.275390,0.049523,36.320204,0.000000,0.000000,523,393,5.888373
298,defense_vs_attack,420.000000,460.000000,40.000000,93.050000,0.000000,0.000000,3406.600000,0.000000,0.000000,0.450000,243.000000,0.194849,41.354884,0.178050,36.610425,11.870213,60.000000,64.000000,5.152606,2.967553,11.000000,12.000000,0.382305,8,26,5.015414,15.000000,0.000000,50,26,24,80,0,5.152606,2.967553,11,37,5.000000,0.000000,5.000000,0.000000,1.000000,1.525000,1.525000,1.525000,0.001664,0.005706,0.000630,0.000027,0.047961,9,18,0.018564,0.006202,0.001609,972.000000,0.253704,0.796016,0.459937,0.264081,22.292824,516.603922,4.698328,5.526239,12.144077,162.387479,5.526239,4.480000,3.054439,1.183814,0.843674,5,0.461172,68,1,7,4,0.091429,55.220000,103.255922,586.822792,0.318658,0.061334,34.761432,0.075000,0.075000,1175,707,6.780644
297,baseline,120.000000,160.000000,40.000000,141.625000,0.000000,0.000000,4652.400000,0.000000,0.000000,0.450000,243.000000,0.232050,36.363604,0.142631,32.850132,8.184649,48.000000,48.000000,4.212533,2.046162,8.000000,8.000000,0.000000,0,32,4.998000,15.000000,0.000000,50,32,18,61,0,4.212533,2.046162,0,32,4.000000,0.000000,4.000000,0.000000,1.000000,1.900000,1.900000,1.900000,0.000000,0.008127,0.000714,0.000000,0.036838,18,18,0.016548,0.007280,0.002029,1944.000000,0.205619,0.690989,0.397529,0.256167,27.742185,798.595799,4.998000,5.489711,15.703313,264.872923,5.489711,3.920000,2.096092,0.535864,-0.423790,7,0.222651,28,1,12,6,0.080000,78.840000,99.993378,461.421717,0.250801,0.054732,36.243682,0.000000,0.000000,478,292,5.607465
297,attack_only,220.000000,260.000000,40.000000,139.075000,0.000000,0.000000,4572.100000,0.000000,0.000000,0.450000,243.000000,0.337333,46.920529,0.173149,32.875067,10.607946,48.000000,72.000000,4.218767,2.651987,8.000000,14.000000,0.253119,7,32,4.995565,15.000000,0.000000,50,32,18,67,0,4.218767,2.651987,0,32,4.000000,0.000000,4.000000,0.000000,1.000000,1.825000,1.800000,1.800000,0.000000,0.002994,0.000621,0.000000,0.037497,18,18,0.006796,0.001687,0.000461,1944.000000,0.211912,0.658917,0.472160,0.243981,26.757706,759.019546,4.995565,5.495536,14.525037,235.934367,5.495536,4.040000,2.489659,1.431848,3.252059,7,0.276935,41,1,12,6,0.082449,77.200000,110.459359,460.819632,0.255166,0.056252,36.653487,0.000000,0.000000,694,440,6.196266
297,defense_only,320.000000,360.000000,40.000000,141.675000,0.000000,0.000000,4674.900000,0.000000,0.000000,0.450000,243.000000,0.230773,39.489376,0.153488,32.997353,8.257149,48.000000,48.000000,4.249338,2.064287,8.000000,8.000000,0.000000,0,32,4.998022,15.000000,0.000000,50,32,18,61,0,4.249338,2.064287,0,32,4.000000,0.000000,4.000000,0.000000,1.000000,1.825000,1.800000,1.800000,0.000000,0.007244,0.000621,0.000000,0.036956,18,18,0.013885,0.005219,0.001315,1944.000000,0.211588,0.666867,0.454337,0.262779,27.233949,805.949513,4.998022,5.481256,15.671793,264.206478,5.481256,3.920000,2.096092,0.535864,-0.423790,7,0.222651,28,1,12,6,0.080000,78.840000,99.993378,461.421717,0.250801,0.054732,37.292995,0.000000,0.000000,478,292,5.607465
297,defense_vs_attack,420.000000,460.000000,40.000000,139.275000,0.000000,0.000000,4575.100000,0.000000,0.000000,0.450000,243.000000,0.287389,46.432870,0.170054,32.849399,10.614275,48.000000,72.000000,4.212350,2.653569,8.000000,14.000000,0.252753,7,32,4.996798,15.000000,0.000000,50,32,18,67,0,4.212350,2.653569,0,32,4.000000,0.000000,4.000000,0.000000,1.000000,1.800000,1.800000,1.800000,0.000000,0.003741,0.000621,0.000000,0.035575,18,18,0.008026,0.002258,0.000341,1944.000000,0.211092,0.643651,0.458191,0.239538,27.514659,801.545252,4.996798,5.496900,14.529282,236.134870,5.496900,4.040000,2.489659,1.431848,3.252059,7,0.276935,41,1,12,6,0.082449,77.200000,110.459359,460.819632,0.255166,0.056252,36.567577,0.000000,0.000000,694,440,6.196266
307,baseline,120.000000,160.000000,40.000000,91.275000,0.000000,0.000000,2881.700000,0.000000,0.000000,0.450000,243.000000,0.187957,22.734148,0.124018,31.571624,6.781200,44.000000,48.000000,3.892906,1.695300,7.000000,8.000000,0.000000,0,28,4.804919,15.000000,0.000000,50,28,22,55,0,3.892906,1.695300,0,28,4.000000,0.000000,4.000000,0.000000,1.000000,1.900000,1.900000,1.900000,0.000000,0.008127,0.000714,0.000000,0.044296,18,18,0.016902,0.008504,0.002210,1944.000000,0.278182,0.862398,3.130272,0.230958,22.446138,510.719077,4.804919,5.485639,13.428993,184.964029,5.485639,3.280000,1.960000,0.434436,-0.958846,13,0.180048,19,1,8,4,0.066939,78.560000,116.930177,572.893506,0.245972,0.047094,36.045318,0.000000,0.000000,109,110,4.491790
307,attack_only,220.000000,260.000000,40.000000,88.025000,0.000000,0.000000,2815.500000,0.000000,0.000000,0.450000,243.000000,0.273504,31.765294,0.153491,31.985231,9.578674,44.000000,68.000000,3.996308,2.394668,7.000000,13.000000,0.400802,7,28,4.801767,15.000000,0.000000,50,28,22,62,0,3.996308,2.394668,0,28,4.000000,0.000000,4.000000,0.000000,1.000000,1.800000,1.800000,1.800000,0.000000,0.002969,0.000621,0.000000,0.045022,18,18,0.006823,0.001641,0.000518,1944.000000,0.289005,0.864748,3.252602,0.263102,22.244789,506.462239,4.801767,5.466951,12.589506,167.046044,5.466951,3.480000,2.317240,1.375686,3.469724,13,0.217678,25,1,8,4,0.071020,67.640000,122.944884,699.419481,0.275011,0.051809,36.139653,0.000000,0.000000,154,145,5.098547
307,defense_only,320.000000,360.000000,40.000000,93.425000,0.000000,0.000000,2946.300000,0.000000,0.000000,0.450000,243.000000,0.196791,22.979644,0.123939,31.536527,6.792724,44.000000,48.000000,3.884132,1.698181,7.000000,8.000000,0.000000,0,28,4.804823,15.000000,0.000000,50,28,22,55,0,3.884132,1.698181,0,28,4.000000,0.000000,4.000000,0.000000,1.000000,1.850000,1.800000,1.800000,0.000000,0.007256,0.000621,0.000000,0.044650,18,18,0.014014,0.005389,0.001589,1944.000000,0.272186,0.847797,3.114078,0.265769,22.755717,525.645093,4.804823,5.486349,13.568583,189.053300,5.486349,3.280000,1.960000,0.434436,-0.958846,13,0.180048,19,1,8,4,0.066939,78.560000,116.930177,572.893506,0.245972,0.047094,36.095837,0.000000,0.000000,109,110,4.491790
307,defense_vs_attack,420.000000,460.000000,40.000000,89.750000,0.000000,0.000000,2872.500000,0.000000,0.000000,0.450000,243.000000,0.227600,31.757882,0.147702,32.005571,9.541463,44.000000,68.000000,4.001393,2.385366,7.000000,13.000000,0.393038,7,28,4.803697,15.000000,0.000000,50,28,22,62,0,4.001393,2.385366,0,28,4.000000,0.000000,4.000000,0.000000,1.000000,1.825000,1.800000,1.800000,0.000000,0.003761,0.000621,0.000000,0.045105,18,18,0.008072,0.002329,0.000438,1944.000000,0.285739,0.848508,3.134541,0.249607,22.144723,502.925054,4.803697,5.477182,12.699725,170.131742,5.477182,3.480000,2.317240,1.375686,3.469724,13,0.217678,25,1,8,4,0.071020,67.640000,122.944884,699.419481,0.275011,0.051809,36.343962,0.000000,0.000000,154,145,5.098547
308,baseline,120.000000,160.000000,40.000000,98.650000,0.000000,0.000000,3528.200000,0.000000,0.000000,0.450000,243.000000,0.143297,30.556721,0.121045,35.764825,8.004145,48.000000,56.000000,4.941206,2.001036,8.000000,10.000000,0.000000,0,25,4.642900,15.000000,0.000000,50,25,25,62,0,4.941206,2.001036,0,25,3.000000,0.000000,3.000000,0.000000,1.000000,1.475000,1.425000,1.425000,0.000000,0.006145,0.000714,0.000000,0.048763,18,18,0.011527,0.005303,0.001738,1944.000000,0.230963,0.766157,0.407253,0.224069,22.811389,532.360508,4.642900,5.503471,13.586423,192.892430,5.503471,3.720000,2.332724,0.689544,-0.340267,11,0.241381,33,1,9,5,0.075918,72.920000,84.831715,271.493032,0.261265,0.048017,36.294260,0.000000,0.000000,451,322,5.780902
308,attack_only,220.000000,260.000000,40.000000,101.750000,0.000000,0.000000,3662.200000,0.000000,0.000000,0.450000,243.000000,0.203247,34.430412,0.136133,35.992138,9.323028,56.000000,60.000000,4.998034,2.330757,10.000000,11.000000,0.346192,7,26,4.698483,15.000000,0.000000,50,26,24,69,0,4.998034,2.330757,0,26,3.000000,0.000000,3.000000,0.000000,1.000000,1.350000,1.350000,1.350000,0.000000,0.002226,0.000621,0.000000,0.050150,18,18,0.004912,0.001326,0.000601,1944.000000,0.232376,0.767002,0.373681,0.242568,24.380801,617.922782,4.698483,5.479164,13.380854,190.836374,5.479164,4.000000,2.668333,0.871646,0.104090,11,0.279576,49,1,9,5,0.081633,68.640000,88.945148,334.548377,0.274345,0.053586,36.173487,0.000000,0.000000,1058,594,6.529258
308,defense_only,320.000000,360.000000,40.000000,98.700000,0.000000,0.000000,3537.800000,0.000000,0.000000,0.450000,243.000000,0.162929,31.971566,0.126105,35.843972,7.997972,48.000000,56.000000,4.960993,1.999493,8.000000,10.000000,0.001529,3,25,4.642614,15.000000,0.000000,50,25,25,62,0,4.960993,1.999493,0,25,3.000000,0.000000,3.000000,0.000000,1.000000,1.350000,1.350000,1.350000,0.000000,0.005412,0.000621,0.000000,0.051523,18,18,0.009454,0.003546,0.000782,1944.000000,0.231378,0.788465,0.353536,0.229389,23.251384,549.996778,4.642614,5.504861,13.590634,193.007119,5.504861,3.720000,2.332724,0.689544,-0.340267,11,0.241381,33,1,9,5,0.075918,72.920000,84.831715,271.493032,0.261265,0.048017,36.396955,0.000000,0.000000,451,322,5.780902
308,defense_vs_attack,420.000000,460.000000,40.000000,101.950000,0.000000,0.000000,3653.300000,0.000000,0.000000,0.450000,243.000000,0.227728,32.206549,0.126666,35.834232,9.337022,56.000000,60.000000,4.958558,2.334255,10.000000,11.000000,0.345508,7,26,4.697990,15.000000,0.000000,50,26,24,69,0,4.958558,2.334255,0,26,3.000000,0.000000,3.000000,0.000000,1.000000,1.350000,1.350000,1.350000,0.000000,0.002805,0.000621,0.000000,0.046975,18,18,0.005593,0.001505,0.000227,1944.000000,0.232392,0.761632,0.421753,0.243500,23.448799,562.136313,4.697990,5.478142,13.388309,191.097817,5.478142,4.000000,2.668333,0.871646,0.104090,11,0.279576,49,1,9,5,0.081633,68.640000,88.945148,334.548377,0.274345,0.053586,36.219997,0.000000,0.000000,1058,594,6.529258
310,baseline,120.000000,160.000000,40.000000,194.750000,0.000000,0.000000,6245.200000,0.000000,0.000000,0.450000,243.000000,0.334919,39.638357,0.131814,32.067779,7.115372,48.000000,52.000000,4.016945,1.778843,8.000000,9.000000,0.000000,0,38,5.244783,15.000000,0.000000,50,38,11,54,0,4.016945,1.778843,0,38,5.000000,0.000000,5.000000,0.000000,1.000000,2.500000,2.400000,2.375000,0.000000,0.010337,0.000714,0.000000,0.030732,18,18,0.023005,0.012238,0.003804,1944.000000,0.177350,0.686677,0.287727,0.236425,33.322305,1143.732509,5.244783,5.511207,18.370031,363.712857,5.511207,4.120000,1.966113,0.227185,-0.489302,6,0.246032,33,1,10,5,0.084082,67.440000,64.780878,226.286614,0.277031,0.052356,36.226232,0.000000,0.000000,419,270,5.363686
310,attack_only,220.000000,260.000000,40.000000,197.425000,0.000000,0.000000,6456.200000,0.000000,0.000000,0.450000,243.000000,0.343112,41.971632,0.132962,32.702039,8.429973,48.000000,64.000000,4.175510,2.107493,8.000000,12.000000,0.178140,7,38,5.244739,15.000000,0.000000,50,38,11,60,0,4.175510,2.107493,0,38,5.000000,0.000000,5.000000,0.000000,1.000000,2.275000,2.250000,2.250000,0.000000,0.003738,0.000621,0.000000,0.030403,18,18,0.008804,0.002242,0.000582,1944.000000,0.175714,0.683897,0.242188,0.243016,32.678038,1097.871100,5.244739,5.499218,17.634667,345.125371,5.499218,4.400000,2.297825,0.623119,0.753788,6,0.265781,45,1,9,5,0.089796,61.840000,76.397683,453.260455,0.295491,0.057817,36.323048,0.000000,0.000000,1009,510,6.220030
310,defense_only,320.000000,360.000000,40.000000,196.800000,0.000000,0.000000,6302.500000,0.000000,0.000000,0.450000,243.000000,0.272206,38.642237,0.127207,32.024898,7.120150,48.000000,52.000000,4.006225,1.780037,8.000000,9.000000,0.000000,0,38,5.245919,15.000000,0.000000,50,38,11,54,0,4.006225,1.780037,0,38,5.000000,0.000000,5.000000,0.000000,1.000000,2.275000,2.275000,2.250000,0.000000,0.009074,0.000621,0.000000,0.030381,18,18,0.018302,0.007209,0.001821,1944.000000,0.174840,0.672085,0.255706,0.229992,32.510965,1091.061388,5.245919,5.511504,18.441707,366.903407,5.511504,4.120000,1.966113,0.227185,-0.489302,6,0.246032,33,1,10,5,0.084082,67.440000,64.780878,226.286614,0.277031,0.052356,36.135515,0.000000,0.000000,419,270,5.363686
310,defense_vs_attack,420.000000,460.000000,40.000000,198.325000,0.000000,0.000000,6504.300000,0.000000,0.000000,0.450000,243.000000,0.247649,44.271455,0.136198,32.796168,8.560088,52.000000,64.000000,4.199042,2.140022,9.000000,12.000000,0.177327,7,38,5.246286,15.000000,0.000000,50,38,11,60,0,4.199042,2.140022,0,38,5.000000,0.000000,5.000000,0.000000,1.000000,2.275000,2.250000,2.250000,0.000000,0.004703,0.000621,0.000000,0.031368,18,18,0.010520,0.002950,0.000518,1944.000000,0.175670,0.662676,0.286145,0.223274,33.295075,1147.995299,5.246286,5.493191,17.575197,343.997128,5.493191,4.400000,2.297825,0.623119,0.753788,6,0.265781,45,1,9,5,0.089796,61.840000,76.397683,453.260455,0.295491,0.057817,36.582376,0.000000,0.000000,1009,510,6.220030
317,baseline,120.000000,160.000000,40.000000,85.475000,0.000000,0.000000,2903.300000,0.000000,0.000000,0.450000,243.000000,0.269546,35.320880,0.164240,33.966657,9.751642,52.000000,56.000000,4.491664,2.437911,9.000000,10.000000,0.000000,0,24,4.580882,15.000000,0.000000,50,24,25,58,0,4.491664,2.437911,0,24,11.000000,0.000000,11.000000,0.000000,1.000000,5.325000,5.225000,5.225000,0.000000,0.022481,0.000714,0.000000,0.026925,18,18,0.053309,0.022380,0.006715,1944.000000,0.260267,0.731285,0.491196,0.288924,21.562139,493.902915,4.580882,5.548812,12.365527,161.765907,5.548812,3.320000,2.167395,1.282470,1.048935,8,0.218492,16,1,12,6,0.067755,90.580000,124.107939,589.441667,0.221127,0.041892,36.908263,0.000000,0.000000,75,106,4.738713
317,attack_only,220.000000,260.000000,40.000000,85.200000,0.000000,0.000000,2980.700000,0.000000,0.000000,0.450000,243.000000,0.257087,33.372674,0.151906,34.984742,10.402115,56.000000,56.000000,4.746185,2.600529,10.000000,10.000000,0.413712,7,24,4.581261,15.000000,0.000000,50,24,25,66,0,4.746185,2.600529,0,24,11.000000,0.000000,11.000000,0.000000,1.000000,5.200000,5.050000,5.025000,0.002525,0.010927,0.000625,0.000018,0.027799,18,18,0.027856,0.008775,0.002856,1944.000000,0.256549,0.747445,0.467449,0.262101,20.531855,450.624158,4.581261,5.509465,12.176617,158.258003,5.509465,3.640000,2.422891,1.081792,0.344454,8,0.267333,34,1,11,6,0.074286,83.880000,125.167514,595.185714,0.234872,0.044489,36.331244,0.000000,0.000000,441,354,6.011426
317,defense_only,320.000000,360.000000,40.000000,84.925000,0.000000,0.000000,2889.000000,0.000000,0.000000,0.450000,243.000000,0.192973,35.312737,0.164985,34.018251,9.734583,52.000000,56.000000,4.504563,2.433646,9.000000,10.000000,0.000000,0,24,4.582818,15.000000,0.000000,50,24,25,58,0,4.504563,2.433646,0,24,11.000000,0.000000,11.000000,0.000000,1.000000,5.100000,5.000000,4.950000,0.002674,0.016233,0.000622,0.000000,0.027943,18,18,0.036852,0.010907,0.004503,1944.000000,0.260755,0.741380,0.486129,0.295078,21.218791,464.592938,4.582818,5.548791,12.336930,160.909942,5.548791,3.320000,2.167395,1.282470,1.048935,8,0.218492,16,1,12,6,0.067755,90.580000,124.107939,589.441667,0.221127,0.041892,36.831702,0.000000,0.000000,75,106,4.738713
317,defense_vs_attack,420.000000,460.000000,40.000000,87.625000,0.000000,0.000000,3067.500000,0.000000,0.000000,0.450000,243.000000,0.214995,34.514530,0.152001,35.007133,10.414968,56.000000,56.000000,4.751783,2.603742,10.000000,10.000000,0.402183,7,24,4.582483,15.000000,0.000000,50,24,25,66,0,4.751783,2.603742,0,24,11.000000,0.000000,11.000000,0.000000,1.000000,5.100000,4.950000,4.950000,0.000000,0.011403,0.000621,0.000000,0.028032,18,18,0.027640,0.004704,0.001605,1944.000000,0.254652,0.725708,0.496278,0.256154,21.412008,491.447980,4.582483,5.512874,12.308035,162.107827,5.512874,3.640000,2.422891,1.081792,0.344454,8,0.267333,34,1,11,6,0.074286,83.880000,125.167514,595.185714,0.234872,0.044489,36.966848,0.000000,0.000000,441,354,6.011426
316,baseline,120.000000,160.000000,40.000000,168.650000,0.000000,0.000000,5386.000000,0.000000,0.000000,0.450000,243.000000,0.197607,42.804671,0.144314,31.935962,8.747236,52.000000,56.000000,3.983991,2.186809,9.000000,10.000000,0.000000,0,34,5.086313,15.000000,0.000000,50,34,16,62,0,3.983991,2.186809,0,34,6.000000,0.000000,6.000000,0.000000,1.000000,2.925000,2.900000,2.850000,0.001066,0.012620,0.000715,0.000000,0.029475,18,18,0.027973,0.011249,0.004038,1944.000000,0.183532,0.670073,0.260481,0.242035,30.512418,953.060437,5.086313,5.554426,16.497500,299.641306,5.554426,3.960000,2.029384,1.001969,0.658956,3,0.237524,31,1,10,5,0.080816,72.280000,80.686963,391.610914,0.259997,0.041650,36.254549,0.000000,0.000000,459,280,5.656807
316,attack_only,220.000000,260.000000,40.000000,169.925000,0.000000,0.000000,5528.900000,0.000000,0.000000,0.450000,243.000000,0.196230,47.747363,0.156661,32.537296,9.621999,56.000000,56.000000,4.134324,2.405500,10.000000,10.000000,0.207009,7,34,5.086342,15.000000,0.000000,50,34,16,67,0,4.134324,2.405500,0,34,0.000000,0.000000,0.000000,0.000000,0.000000,1.400000,1.375000,1.375000,0.000000,0.003738,0.000632,0.000029,0.037230,0,18,0.000000,0.000000,0.000000,0.000000,0.181999,0.658700,0.300560,0.243944,30.446110,946.560565,5.086342,5.539800,16.030797,288.815085,5.539800,4.160000,2.309632,1.032052,0.382159,3,0.241857,40,1,9,5,0.084898,66.160000,84.560200,478.324453,0.278564,0.048054,36.314802,0.000000,0.000000,989,481,6.326401
316,defense_only,320.000000,360.000000,40.000000,167.350000,0.000000,0.000000,5335.300000,0.000000,0.000000,0.450000,243.000000,0.171473,41.423848,0.140664,31.881088,8.723634,52.000000,56.000000,3.970272,2.180908,9.000000,10.000000,0.000450,1,34,5.103150,15.000000,0.000000,50,34,16,62,0,3.970272,2.180908,1,35,6.000000,0.000000,6.000000,0.000000,1.000000,2.825000,2.775000,2.775000,0.000000,0.009078,0.000634,0.000031,0.029452,18,18,0.021711,0.006756,0.002359,1944.000000,0.186165,0.672313,0.296791,0.243129,31.775267,1061.303462,5.086586,5.555756,16.466133,298.100938,5.555756,3.960000,2.029384,1.001969,0.658956,3,0.237524,31,1,10,5,0.080816,72.280000,80.686963,391.610914,0.259997,0.041650,36.477283,0.000000,0.000000,459,280,5.656807
316,defense_vs_attack,420.000000,460.000000,40.000000,169.700000,0.000000,0.000000,5460.400000,0.000000,0.000000,0.450000,243.000000,0.345788,46.858637,0.162259,32.176783,9.502007,52.000000,56.000000,4.044196,2.375502,9.000000,10.000000,0.208056,8,35,5.211694,15.000000,0.000000,50,35,15,65,0,4.044196,2.375502,3,38,6.000000,0.000000,6.000000,0.000000,1.000000,2.475000,2.400000,2.400000,0.000000,0.007132,0.000622,0.000000,0.031303,14,18,0.016810,0.002090,0.001374,1512.000000,0.186363,0.678296,0.282703,0.248744,30.337102,953.440580,5.125311,5.541441,16.097544,290.352166,5.541441,4.160000,2.309632,1.032052,0.382159,3,0.241857,40,1,9,5,0.084898,66.160000,84.560200,478.324453,0.278564,0.048054,36.171657,0.000000,0.025000,989,481,6.326401
321,baseline,120.000000,160.000000,40.000000,90.450000,0.000000,0.000000,2880.400000,0.000000,0.000000,0.450000,243.000000,0.261849,32.139891,0.169197,31.845218,9.914746,52.000000,56.000000,3.961305,2.478687,9.000000,10.000000,0.000000,0,27,4.750492,15.000000,0.000000,50,27,22,64,0,3.961305,2.478687,0,27,4.000000,0.000000,4.000000,0.000000,1.000000,1.950000,1.925000,1.900000,0.001471,0.008284,0.000714,0.000000,0.041541,18,18,0.017493,0.010978,0.002994,1944.000000,0.274548,0.732171,2.110122,0.278350,21.122836,478.704166,4.750492,5.533752,12.624066,169.473193,5.533752,3.440000,2.155551,1.184315,0.952419,7,0.219222,18,1,12,6,0.070204,93.640000,119.209086,419.283333,0.218359,0.047471,36.558311,0.000000,0.000000,133,153,4.820767
321,attack_only,220.000000,260.000000,40.000000,84.275000,0.000000,0.000000,2872.800000,0.000000,0.000000,0.450000,243.000000,0.226901,37.888038,0.176912,34.088401,12.172810,56.000000,72.000000,4.522100,3.043202,10.000000,14.000000,0.418410,7,25,4.640609,15.000000,0.000000,50,25,24,71,0,4.522100,3.043202,0,25,0.000000,0.000000,0.000000,0.000000,0.000000,1.425000,1.375000,1.350000,0.001681,0.002533,0.000621,0.000000,0.049591,0,18,0.000000,0.000000,0.000000,0.000000,0.275477,0.730839,1.877671,0.282240,22.110753,556.773287,4.640609,5.509991,11.673683,148.500493,5.509991,3.720000,2.683580,1.659484,3.029073,7,0.319863,35,1,11,6,0.075918,81.100000,128.137623,588.561577,0.245815,0.055695,36.852495,0.000000,0.000000,360,303,5.930832
321,defense_only,320.000000,360.000000,40.000000,90.550000,0.000000,0.000000,2898.600000,0.000000,0.000000,0.450000,243.000000,0.243404,33.690721,0.175617,32.011044,9.943845,52.000000,56.000000,4.002761,2.485961,9.000000,10.000000,0.000000,0,27,4.751094,15.000000,0.000000,50,27,22,64,0,4.002761,2.485961,0,27,4.000000,0.000000,4.000000,0.000000,1.000000,1.800000,1.800000,1.800000,0.000000,0.005961,0.000621,0.000000,0.042524,18,18,0.013389,0.004712,0.001035,1944.000000,0.276346,0.712271,1.976111,0.267597,19.982588,429.986000,4.751094,5.537258,12.620649,169.476668,5.537258,3.440000,2.155551,1.184315,0.952419,7,0.219222,18,1,12,6,0.070204,93.640000,119.209086,419.283333,0.218359,0.047471,36.899029,0.000000,0.000000,133,153,4.820767
321,defense_vs_attack,420.000000,460.000000,40.000000,88.800000,0.000000,0.000000,2938.900000,0.000000,0.000000,0.450000,243.000000,0.650093,39.396713,0.210114,33.095721,11.517802,56.000000,72.000000,4.273930,2.879450,10.000000,14.000000,0.399546,8,28,4.930779,15.000000,0.000000,50,28,21,74,0,4.273930,2.879450,7,35,4.000000,0.000000,4.000000,0.000000,1.000000,1.700000,1.700000,1.700000,0.000000,0.006573,0.000714,0.000000,0.043521,9,18,0.015535,0.005024,0.004407,972.000000,0.271844,0.751810,2.294636,0.355167,21.521016,486.612131,4.770899,5.506329,12.091724,158.590275,5.506329,4.000000,3.019934,1.969370,5.177516,7,0.316203,49,1,10,5,0.081633,74.580000,129.350509,606.842857,0.262865,0.060191,33.608283,0.175000,0.025000,871,554,6.700343
319,baseline,120.000000,160.000000,40.000000,146.150000,0.000000,0.000000,4857.200000,0.000000,0.000000,0.450000,243.000000,0.194149,38.722625,0.147262,33.234348,8.982335,52.000000,52.000000,4.308587,2.245584,9.000000,9.000000,0.000000,0,33,5.043011,15.000000,0.000000,50,33,16,67,0,4.308587,2.245584,0,33,4.000000,0.000000,4.000000,0.000000,1.000000,1.950000,1.950000,1.900000,0.002513,0.008240,0.000714,0.000000,0.036896,18,18,0.072304,0.235403,0.061278,1944.000000,0.204489,0.745244,0.296128,0.213342,28.683964,844.691854,5.043011,5.550480,15.521378,263.469475,5.550480,4.200000,2.088061,0.630056,-0.413770,2,0.319048,36,1,8,4,0.085714,63.560000,74.522007,287.216686,0.286720,0.048487,36.071577,0.000000,0.000000,413,287,5.386580
319,attack_only,220.000000,260.000000,40.000000,154.050000,0.000000,0.000000,5189.700000,0.000000,0.000000,0.450000,243.000000,0.197880,44.358891,0.155894,33.688413,10.377504,52.000000,68.000000,4.422103,2.594376,9.000000,13.000000,0.228460,7,34,5.086090,15.000000,0.000000,50,34,15,74,0,4.422103,2.594376,0,34,5.000000,0.000000,5.000000,0.000000,1.000000,2.575000,2.400000,2.375000,0.000000,0.010404,0.000714,0.000000,0.034044,18,18,0.022940,0.010942,0.004434,1944.000000,0.200812,0.719815,0.294104,0.218496,29.237297,869.327392,5.086090,5.540777,15.103363,257.772134,5.540777,4.520000,2.451449,1.075494,1.365478,2,0.369961,56,1,8,4,0.092245,61.320000,69.230070,272.041825,0.294639,0.050166,36.203939,0.000000,0.000000,1069,607,6.491002
319,defense_only,320.000000,360.000000,40.000000,146.475000,0.000000,0.000000,4868.200000,0.000000,0.000000,0.450000,243.000000,0.184030,38.685631,0.146127,33.235706,8.963158,52.000000,52.000000,4.308926,2.240789,9.000000,9.000000,0.000000,0,33,5.043153,15.000000,0.000000,50,33,16,67,0,4.308926,2.240789,0,33,4.000000,0.000000,4.000000,0.000000,1.000000,1.800000,1.800000,1.800000,0.000000,0.003113,0.000621,0.000000,0.039223,18,18,0.007061,0.001695,0.000341,1944.000000,0.203881,0.751666,0.255513,0.222597,28.431860,815.221134,5.043153,5.548192,15.543514,264.165553,5.548192,4.200000,2.088061,0.630056,-0.413770,2,0.319048,36,1,8,4,0.085714,63.560000,74.522007,287.216686,0.286720,0.048487,36.024517,0.000000,0.000000,413,287,5.386580
319,defense_vs_attack,420.000000,460.000000,40.000000,154.400000,0.000000,0.000000,5217.000000,0.000000,0.000000,0.450000,243.000000,0.194017,46.397484,0.160628,33.788860,10.424760,52.000000,68.000000,4.447215,2.606190,9.000000,13.000000,0.227939,7,34,5.086147,15.000000,0.000000,50,34,15,74,0,4.447215,2.606190,0,34,5.000000,0.000000,5.000000,0.000000,1.000000,2.250000,2.250000,2.250000,0.000000,0.003711,0.000621,0.000000,0.034875,18,18,0.008744,0.002231,0.000454,1944.000000,0.200598,0.727949,0.285535,0.231147,29.107179,878.975819,5.086147,5.541410,15.087808,257.590665,5.541410,4.520000,2.451449,1.075494,1.365478,2,0.369961,56,1,8,4,0.092245,61.320000,69.230070,272.041825,0.294639,0.050166,36.259215,0.000000,0.000000,1069,607,6.491002
323,baseline,120.000000,160.000000,40.000000,132.375000,0.000000,0.000000,4521.200000,0.000000,0.000000,0.450000,243.000000,0.199941,37.949439,0.143169,34.154485,8.861942,52.000000,52.000000,4.538621,2.215486,9.000000,9.000000,0.000000,0,31,4.952595,15.000000,0.000000,50,31,19,63,0,4.538621,2.215486,0,31,4.000000,0.000000,4.000000,0.000000,1.000000,1.925000,1.900000,1.900000,0.000000,0.008169,0.000715,0.000000,0.039620,18,18,0.017141,0.008529,0.002488,1944.000000,0.212225,0.782733,0.245140,0.245881,27.214577,757.061671,4.952595,5.517770,15.010147,243.502591,5.517770,4.080000,2.296432,0.486672,-0.615628,7,0.372778,39,1,8,4,0.083265,67.200000,85.028347,377.691434,0.275738,0.048894,36.166185,0.000000,0.000000,429,280,5.429951
323,attack_only,220.000000,260.000000,40.000000,130.325000,0.000000,0.000000,4471.700000,0.000000,0.000000,0.450000,243.000000,0.187524,40.907030,0.156898,34.311913,10.110239,52.000000,60.000000,4.577978,2.527560,9.000000,11.000000,0.270166,7,31,4.952756,15.000000,0.000000,50,31,19,67,0,4.577978,2.527560,0,31,4.000000,0.000000,4.000000,0.000000,1.000000,1.850000,1.850000,1.800000,0.002841,0.003323,0.000622,0.000000,0.040850,18,18,0.007588,0.002242,0.000849,1944.000000,0.216370,0.771189,0.310160,0.236701,26.807156,731.012521,4.952756,5.522206,14.390288,228.692430,5.522206,4.200000,2.505993,0.657278,-0.312873,7,0.380315,43,1,8,4,0.085714,60.020000,89.460324,518.106068,0.300105,0.055625,36.255022,0.000000,0.000000,592,347,5.844063
323,defense_only,320.000000,360.000000,40.000000,136.775000,0.000000,0.000000,4660.900000,0.000000,0.000000,0.450000,243.000000,0.223505,37.846753,0.138557,34.077134,8.842449,52.000000,52.000000,4.519283,2.210612,9.000000,9.000000,0.000735,2,31,4.952311,15.000000,0.000000,50,31,19,63,0,4.519283,2.210612,0,31,4.000000,0.000000,4.000000,0.000000,1.000000,1.825000,1.800000,1.800000,0.000000,0.006845,0.000622,0.000000,0.040780,18,18,0.013290,0.004815,0.001594,1944.000000,0.205442,0.749362,0.302603,0.209995,27.691866,781.335251,4.952311,5.518737,15.206463,250.532106,5.518737,4.080000,2.296432,0.486672,-0.615628,7,0.372778,39,1,8,4,0.083265,67.200000,85.028347,377.691434,0.275738,0.048894,36.160497,0.000000,0.000000,429,280,5.429951
323,defense_vs_attack,420.000000,460.000000,40.000000,130.725000,0.000000,0.000000,4491.000000,0.000000,0.000000,0.450000,243.000000,0.201845,41.884767,0.159749,34.354561,10.129650,52.000000,60.000000,4.588640,2.532412,9.000000,11.000000,0.269719,8,31,4.952532,15.000000,0.000000,50,31,19,67,0,4.588640,2.532412,0,31,4.000000,0.000000,4.000000,0.000000,1.000000,1.800000,1.800000,1.800000,0.000000,0.004084,0.000622,0.000000,0.039909,18,18,0.008871,0.002189,0.000464,1944.000000,0.215814,0.772722,0.253525,0.244283,26.988593,734.635833,4.952532,5.521425,14.396805,229.064008,5.521425,4.200000,2.505993,0.657278,-0.312873,7,0.380315,43,1,8,4,0.085714,60.020000,89.460324,518.106068,0.300105,0.055625,36.253191,0.000000,0.000000,592,347,5.844063
322,baseline,120.000000,160.000000,40.000000,117.800000,0.000000,0.000000,3828.200000,0.000000,0.000000,0.450000,243.000000,0.195720,26.518616,0.120940,32.497453,7.462668,48.000000,48.000000,4.124363,1.865667,8.000000,8.000000,0.000427,1,31,4.952235,15.000000,0.000000,50,31,19,69,0,4.124363,1.865667,0,31,5.000000,0.000000,5.000000,0.000000,1.000000,2.400000,2.375000,2.375000,0.000000,0.010180,0.000714,0.000000,0.035930,18,18,0.022365,0.011428,0.003327,1944.000000,0.240186,0.793272,0.405201,0.271710,25.406982,658.858190,4.952235,5.545855,14.833519,230.500184,5.545855,3.960000,2.049000,0.430557,-0.892254,4,0.239476,28,1,8,4,0.080816,65.280000,91.665194,472.426123,0.281128,0.047842,36.334913,0.000000,0.000000,289,226,5.087207
322,attack_only,220.000000,260.000000,40.000000,121.050000,0.000000,0.000000,4042.500000,0.000000,0.000000,0.450000,243.000000,0.236014,38.613832,0.157370,33.395291,9.660377,48.000000,64.000000,4.348823,2.415094,8.000000,12.000000,0.291000,7,31,4.951457,15.000000,0.000000,50,31,19,77,0,4.348823,2.415094,0,31,0.000000,0.000000,0.000000,0.000000,0.000000,1.375000,1.375000,1.350000,0.001445,0.002289,0.000621,0.000000,0.044227,0,18,0.000000,0.000000,0.000000,0.000000,0.234248,0.772368,0.385336,0.245096,25.641808,678.219427,4.951457,5.534774,14.212706,219.255484,5.534774,4.240000,2.354230,0.870292,0.702685,4,0.288778,38,1,8,4,0.086531,59.200000,87.972430,485.567978,0.303130,0.055583,36.344281,0.000000,0.000000,488,316,5.714056
322,defense_only,320.000000,360.000000,40.000000,118.100000,0.000000,0.000000,3847.600000,0.000000,0.000000,0.450000,243.000000,0.169758,27.792144,0.125214,32.579170,7.483080,48.000000,48.000000,4.144793,1.870770,8.000000,8.000000,0.000000,0,31,4.952743,15.000000,0.000000,50,31,19,69,0,4.144793,1.870770,0,31,5.000000,0.000000,5.000000,0.000000,1.000000,2.325000,2.275000,2.250000,0.000000,0.006889,0.000621,0.000000,0.037059,18,18,0.016045,0.004897,0.001732,1944.000000,0.237921,0.770733,0.427975,0.223677,25.717510,677.680152,4.952743,5.544816,14.842679,230.886957,5.544816,3.960000,2.049000,0.430557,-0.892254,4,0.239476,28,1,8,4,0.080816,65.280000,91.665194,472.426123,0.281128,0.047842,36.065693,0.000000,0.000000,289,226,5.087207
322,defense_vs_attack,420.000000,460.000000,40.000000,120.225000,0.000000,0.000000,3989.800000,0.000000,0.000000,0.450000,243.000000,0.224394,34.909565,0.145754,33.186109,9.420762,48.000000,64.000000,4.296527,2.355191,8.000000,12.000000,0.294265,7,31,5.061707,15.000000,0.000000,50,31,19,76,0,4.296527,2.355191,4,35,5.000000,0.000000,5.000000,0.000000,1.000000,1.975000,1.975000,1.975000,0.000000,0.006940,0.000673,0.000046,0.038680,9,18,0.019622,0.006646,0.002721,972.000000,0.237642,0.790736,0.405338,0.239806,25.672679,673.067153,4.951725,5.537733,14.267476,219.966033,5.537733,4.240000,2.354230,0.870292,0.702685,4,0.288778,38,1,8,4,0.086531,59.200000,87.972430,485.567978,0.303130,0.055583,36.207268,0.000000,0.050000,488,316,5.714056
327,baseline,120.000000,160.000000,40.000000,75.575000,0.000000,0.000000,2533.000000,0.000000,0.000000,0.450000,243.000000,0.233796,29.455629,0.158761,33.516374,9.492183,48.000000,48.000000,4.379094,2.373046,8.000000,8.000000,0.000000,0,24,4.580985,15.000000,0.000000,50,24,25,60,0,4.379094,2.373046,0,24,5.000000,0.000000,5.000000,0.000000,1.000000,2.425000,2.425000,2.375000,0.001718,0.010279,0.000715,0.000000,0.043335,18,18,0.022024,0.009551,0.003141,1944.000000,0.293210,0.785211,2.851364,0.279012,19.877817,421.131463,4.580985,5.491132,11.804341,145.777017,5.491132,3.320000,2.301652,0.895705,-0.403306,12,0.299016,25,1,11,6,0.067755,87.380000,125.199558,587.833333,0.227047,0.043026,36.539425,0.000000,0.000000,203,182,5.311268
327,attack_only,220.000000,260.000000,40.000000,82.125000,0.000000,0.000000,2804.000000,0.000000,0.000000,0.450000,243.000000,0.243516,33.057272,0.168939,34.143075,9.566824,48.000000,48.000000,4.535769,2.391706,8.000000,8.000000,0.429448,7,25,4.639880,15.000000,0.000000,50,25,24,63,0,4.535769,2.391706,0,25,5.000000,0.000000,5.000000,0.000000,1.000000,2.250000,2.250000,2.250000,0.000000,0.003807,0.000622,0.000000,0.042789,18,18,0.009097,0.002497,0.000647,1944.000000,0.280628,0.775719,2.842711,0.271931,21.763023,500.908775,4.639880,5.457674,12.201093,156.844027,5.457674,3.520000,2.459593,0.867097,-0.466619,11,0.326857,35,1,11,6,0.071837,86.300000,124.740016,587.833333,0.229435,0.043661,36.800122,0.000000,0.000000,459,317,5.886851
327,defense_only,320.000000,360.000000,40.000000,75.000000,0.000000,0.000000,2528.800000,0.000000,0.000000,0.450000,243.000000,0.305249,31.502760,0.170611,33.717333,9.388509,48.000000,48.000000,4.429333,2.347127,8.000000,8.000000,0.000336,0,24,4.577935,15.000000,0.000000,50,24,25,60,0,4.429333,2.347127,0,24,5.000000,0.000000,5.000000,0.000000,1.000000,2.350000,2.250000,2.250000,0.000000,0.009023,0.000622,0.000000,0.045272,18,18,0.018279,0.006930,0.002129,1944.000000,0.296601,0.795751,2.916397,0.289230,20.423950,434.348410,4.577935,5.486656,11.786780,145.108318,5.486656,3.320000,2.301652,0.895705,-0.403306,12,0.299016,25,1,11,6,0.067755,87.380000,125.199558,587.833333,0.227047,0.043026,36.860927,0.000000,0.000000,203,182,5.311268
327,defense_vs_attack,420.000000,460.000000,40.000000,83.400000,0.000000,0.000000,2830.600000,0.000000,0.000000,0.450000,243.000000,0.177212,31.002778,0.156411,33.940048,9.597474,48.000000,48.000000,4.485012,2.399369,8.000000,8.000000,0.422833,7,25,4.641831,15.000000,0.000000,50,25,24,63,0,4.485012,2.399369,0,25,5.000000,0.000000,5.000000,0.000000,1.000000,2.275000,2.250000,2.250000,0.000000,0.004801,0.000621,0.000000,0.040773,18,18,0.010737,0.002857,0.000429,1944.000000,0.279362,0.735138,2.248257,0.270738,21.676433,512.881569,4.641831,5.466195,12.272914,158.917290,5.466195,3.520000,2.459593,0.867097,-0.466619,11,0.326857,35,1,11,6,0.071837,86.300000,124.740016,587.833333,0.229435,0.043661,37.014771,0.000000,0.000000,459,317,5.886851
330,baseline,120.000000,160.000000,40.000000,128.750000,0.000000,0.000000,4262.600000,0.000000,0.000000,0.450000,243.000000,0.281254,29.150756,0.108681,33.107573,6.248486,44.000000,44.000000,4.276893,1.562121,7.000000,7.000000,0.000390,1,28,4.804603,15.000000,0.000000,50,28,22,56,0,4.276893,1.562121,0,28,8.000000,0.000000,8.000000,0.000000,1.000000,3.850000,3.825000,3.800000,0.001112,0.016468,0.000715,0.000000,0.027874,18,18,0.038347,0.018008,0.004633,1944.000000,0.201373,0.649168,0.458599,0.251292,26.097919,703.674500,4.804603,5.532412,15.801858,258.779137,5.532412,3.520000,1.878723,0.403131,-0.736394,8,0.298905,28,1,12,6,0.071837,89.900000,108.483661,416.561905,0.222810,0.042205,36.911549,0.000000,0.000000,148,176,5.017971
330,attack_only,220.000000,260.000000,40.000000,125.400000,0.000000,0.000000,4206.700000,0.000000,0.000000,0.450000,243.000000,0.191763,39.588196,0.141175,33.546252,8.209664,44.000000,60.000000,4.386563,2.052416,7.000000,11.000000,0.280674,7,28,4.806016,15.000000,0.000000,50,28,22,60,0,4.386563,2.052416,0,28,0.000000,0.000000,0.000000,0.000000,0.000000,0.975000,0.950000,0.950000,0.000000,0.004111,0.000714,0.000000,0.044106,0,18,0.000000,0.000000,0.000000,0.000000,0.206227,0.649547,0.421690,0.253984,26.989127,774.748214,4.806016,5.520881,14.962107,237.974164,5.520881,3.640000,2.206898,1.007276,1.016156,8,0.342681,35,1,10,5,0.074286,74.940000,124.160820,655.389105,0.257939,0.052728,36.825976,0.000000,0.000000,179,213,5.344522
330,defense_only,320.000000,360.000000,40.000000,130.675000,0.000000,0.000000,4333.900000,0.000000,0.000000,0.450000,243.000000,0.336012,31.015354,0.113145,33.165487,6.226449,44.000000,44.000000,4.291372,1.556612,7.000000,7.000000,0.000000,0,28,4.803487,15.000000,0.000000,50,28,22,56,0,4.291372,1.556612,0,28,8.000000,0.000000,8.000000,0.000000,1.000000,3.600000,3.600000,3.600000,0.000000,0.005986,0.000621,0.000000,0.028890,18,18,0.015111,0.003981,0.001154,1944.000000,0.196671,0.637581,0.404951,0.264315,26.007232,712.254418,4.803487,5.530913,15.912344,262.529496,5.530913,3.520000,1.878723,0.403131,-0.736394,8,0.298905,28,1,12,6,0.071837,89.900000,108.483661,416.561905,0.222810,0.042205,36.585908,0.000000,0.000000,148,176,5.017971
330,defense_vs_attack,420.000000,460.000000,40.000000,122.350000,0.000000,0.000000,4067.900000,0.000000,0.000000,0.450000,243.000000,0.195068,36.995213,0.133820,33.248059,8.076980,44.000000,60.000000,4.312015,2.019245,7.000000,11.000000,0.288533,8,28,4.909243,15.000000,0.000000,50,28,22,61,0,4.312015,2.019245,4,32,8.285714,0.451754,9.000000,1.000000,2.000000,3.300000,3.175000,3.125000,0.001149,0.012714,0.000624,0.000016,0.030809,14,18,0.034522,0.009428,0.003200,1512.000000,0.212514,0.632570,0.423296,0.279407,24.524404,656.688943,4.805887,5.527113,14.861687,233.922400,5.527113,3.680000,2.257787,1.109231,1.753362,8,0.348385,37,1,10,5,0.075102,76.080000,126.884186,683.142682,0.254478,0.050899,36.190001,0.025000,0.025000,198,233,5.331982
