run_id,rng_run,rng_seed,harness_version,header_version,n_nodes,grid_x,grid_y,mobility,radio_range,min_hops_required,num_attackers,attackers_list,spoof_count,attacker_jitter,defense_variant,redundant_mpr,malicious_threshold,uncertainty_beta,fading_factor,max_load,max_delay,cheat_threshold,trust_update_interval_s,phy_trace_available,wall_clock_seconds,random_window_order,window_order_perm,slot0_scenario
100000004,100000004,1,2.2.0,2,50,750.000000,1000.000000,0,190.000000,3,1,2,5,25.000000,DCFM-OLSR,0,-1,-1,-1,-1,-1,-1,-1,1,39.988553,1,0|2|3|1,baseline
100000010,100000010,1,2.2.0,2,50,750.000000,1000.000000,0,190.000000,3,1,2,5,25.000000,DCFM-OLSR,0,-1,-1,-1,-1,-1,-1,-1,1,41.951140,1,1|0|2|3,attack_only
100000018,100000018,1,2.2.0,2,50,750.000000,1000.000000,0,190.000000,3,1,2,5,25.000000,DCFM-OLSR,0,-1,-1,-1,-1,-1,-1,-1,1,47.376708,1,3|1|2|0,defense_vs_attack
100000019,100000019,1,2.2.0,2,50,750.000000,1000.000000,0,190.000000,3,1,2,5,25.000000,DCFM-OLSR,0,-1,-1,-1,-1,-1,-1,-1,1,45.751945,1,2|0|1|3,defense_only
100000020,100000020,1,2.2.0,2,50,750.000000,1000.000000,0,190.000000,3,1,2,5,25.000000,DCFM-OLSR,0,-1,-1,-1,-1,-1,-1,-1,1,29.695611,1,0|2|3|1,baseline
100000021,100000021,1,2.2.0,2,50,750.000000,1000.000000,0,190.000000,3,1,2,5,25.000000,DCFM-OLSR,0,-1,-1,-1,-1,-1,-1,-1,1,33.676976,1,3|1|2|0,defense_vs_attack
100000023,100000023,1,2.2.0,2,50,750.000000,1000.000000,0,190.000000,3,1,2,5,25.000000,DCFM-OLSR,0,-1,-1,-1,-1,-1,-1,-1,1,32.720445,1,3|1|0|2,defense_vs_attack
100000026,100000026,1,2.2.0,2,50,750.000000,1000.000000,0,190.000000,3,1,2,5,25.000000,DCFM-OLSR,0,-1,-1,-1,-1,-1,-1,-1,1,29.139833,1,0|3|1|2,baseline
100000036,100000036,1,2.2.0,2,50,750.000000,1000.000000,0,190.000000,3,1,2,5,25.000000,DCFM-OLSR,0,-1,-1,-1,-1,-1,-1,-1,1,32.606536,1,1|0|3|2,attack_only
100000037,100000037,1,2.2.0,2,50,750.000000,1000.000000,0,190.000000,3,1,2,5,25.000000,DCFM-OLSR,0,-1,-1,-1,-1,-1,-1,-1,1,37.161676,1,2|0|1|3,defense_only
100000044,100000044,1,2.2.0,2,50,750.000000,1000.000000,0,190.000000,3,1,2,5,25.000000,DCFM-OLSR,0,-1,-1,-1,-1,-1,-1,-1,1,37.982149,1,3|1|0|2,defense_vs_attack
100000048,100000048,1,2.2.0,2,50,750.000000,1000.000000,0,190.000000,3,1,2,5,25.000000,DCFM-OLSR,0,-1,-1,-1,-1,-1,-1,-1,1,54.757662,1,1|0|3|2,attack_only
100000053,100000053,1,2.2.0,2,50,750.000000,1000.000000,0,190.000000,3,1,2,5,25.000000,DCFM-OLSR,0,-1,-1,-1,-1,-1,-1,-1,1,40.018964,1,3|0|2|1,defense_vs_attack
100000060,100000060,1,2.2.0,2,50,750.000000,1000.000000,0,190.000000,3,1,2,5,25.000000,DCFM-OLSR,0,-1,-1,-1,-1,-1,-1,-1,1,34.077882,1,1|3|0|2,attack_only
100000063,100000063,1,2.2.0,2,50,750.000000,1000.000000,0,190.000000,3,1,2,5,25.000000,DCFM-OLSR,0,-1,-1,-1,-1,-1,-1,-1,1,37.763577,1,2|0|3|1,defense_only
100000064,100000064,1,2.2.0,2,50,750.000000,1000.000000,0,190.000000,3,1,2,5,25.000000,DCFM-OLSR,0,-1,-1,-1,-1,-1,-1,-1,1,29.113116,1,0|2|3|1,baseline
100000065,100000065,1,2.2.0,2,50,750.000000,1000.000000,0,190.000000,3,1,2,5,25.000000,DCFM-OLSR,0,-1,-1,-1,-1,-1,-1,-1,1,35.700531,1,0|3|1|2,baseline
100000066,100000066,1,2.2.0,2,50,750.000000,1000.000000,0,190.000000,3,1,2,5,25.000000,DCFM-OLSR,0,-1,-1,-1,-1,-1,-1,-1,1,40.455139,1,1|3|2|0,attack_only
100000067,100000067,1,2.2.0,2,50,750.000000,1000.000000,0,190.000000,3,1,2,5,25.000000,DCFM-OLSR,0,-1,-1,-1,-1,-1,-1,-1,1,31.675027,1,3|2|1|0,defense_vs_attack
100000069,100000069,1,2.2.0,2,50,750.000000,1000.000000,0,190.000000,3,1,2,5,25.000000,DCFM-OLSR,0,-1,-1,-1,-1,-1,-1,-1,1,38.243646,1,3|1|0|2,defense_vs_attack
100000071,100000071,1,2.2.0,2,50,750.000000,1000.000000,0,190.000000,3,1,2,5,25.000000,DCFM-OLSR,0,-1,-1,-1,-1,-1,-1,-1,1,35.225112,1,3|1|2|0,defense_vs_attack
100000076,100000076,1,2.2.0,2,50,750.000000,1000.000000,0,190.000000,3,1,2,5,25.000000,DCFM-OLSR,0,-1,-1,-1,-1,-1,-1,-1,1,40.278422,1,1|0|3|2,attack_only
100000078,100000078,1,2.2.0,2,50,750.000000,1000.000000,0,190.000000,3,1,2,5,25.000000,DCFM-OLSR,0,-1,-1,-1,-1,-1,-1,-1,1,33.629334,1,1|3|0|2,attack_only
100000079,100000079,1,2.2.0,2,50,750.000000,1000.000000,0,190.000000,3,1,2,5,25.000000,DCFM-OLSR,0,-1,-1,-1,-1,-1,-1,-1,1,29.315239,1,2|0|1|3,defense_only
100000084,100000084,1,2.2.0,2,50,750.000000,1000.000000,0,190.000000,3,1,2,5,25.000000,DCFM-OLSR,0,-1,-1,-1,-1,-1,-1,-1,1,37.345905,1,1|0|2|3,attack_only
100000085,100000085,1,2.2.0,2,50,750.000000,1000.000000,0,190.000000,3,1,2,5,25.000000,DCFM-OLSR,0,-1,-1,-1,-1,-1,-1,-1,1,25.120720,1,0|2|3|1,baseline
100000089,100000089,1,2.2.0,2,50,750.000000,1000.000000,0,190.000000,3,1,2,5,25.000000,DCFM-OLSR,0,-1,-1,-1,-1,-1,-1,-1,1,24.479950,1,1|0|3|2,attack_only
100000094,100000094,1,2.2.0,2,50,750.000000,1000.000000,0,190.000000,3,1,2,5,25.000000,DCFM-OLSR,0,-1,-1,-1,-1,-1,-1,-1,1,26.076584,1,3|0|1|2,defense_vs_attack
100000099,100000099,1,2.2.0,2,50,750.000000,1000.000000,0,190.000000,3,1,2,5,25.000000,DCFM-OLSR,0,-1,-1,-1,-1,-1,-1,-1,1,26.200785,1,1|3|0|2,attack_only
100000100,100000100,1,2.2.0,2,50,750.000000,1000.000000,0,190.000000,3,1,2,5,25.000000,DCFM-OLSR,0,-1,-1,-1,-1,-1,-1,-1,1,27.788066,1,2|3|0|1,defense_only
100000103,100000103,1,2.2.0,2,50,750.000000,1000.000000,0,190.000000,3,1,2,5,25.000000,DCFM-OLSR,0,-1,-1,-1,-1,-1,-1,-1,1,28.645795,1,2|1|3|0,defense_only
100000106,100000106,1,2.2.0,2,50,750.000000,1000.000000,0,190.000000,3,1,2,5,25.000000,DCFM-OLSR,0,-1,-1,-1,-1,-1,-1,-1,1,34.578836,1,3|1|2|0,defense_vs_attack
100000109,100000109,1,2.2.0,2,50,750.000000,1000.000000,0,190.000000,3,1,2,5,25.000000,DCFM-OLSR,0,-1,-1,-1,-1,-1,-1,-1,1,34.298191,1,1|2|3|0,attack_only
100000113,100000113,1,2.2.0,2,50,750.000000,1000.000000,0,190.000000,3,1,2,5,25.000000,DCFM-OLSR,0,-1,-1,-1,-1,-1,-1,-1,1,43.202085,1,2|0|1|3,defense_only
100000117,100000117,1,2.2.0,2,50,750.000000,1000.000000,0,190.000000,3,1,2,5,25.000000,DCFM-OLSR,0,-1,-1,-1,-1,-1,-1,-1,1,39.204861,1,3|1|0|2,defense_vs_attack
100000124,100000124,1,2.2.0,2,50,750.000000,1000.000000,0,190.000000,3,1,2,5,25.000000,DCFM-OLSR,0,-1,-1,-1,-1,-1,-1,-1,1,32.191081,1,0|2|3|1,baseline
100000130,100000130,1,2.2.0,2,50,750.000000,1000.000000,0,190.000000,3,1,2,5,25.000000,DCFM-OLSR,0,-1,-1,-1,-1,-1,-1,-1,1,40.195124,1,0|1|2|3,baseline
100000132,100000132,1,2.2.0,2,50,750.000000,1000.000000,0,190.000000,3,1,2,5,25.000000,DCFM-OLSR,0,-1,-1,-1,-1,-1,-1,-1,1,37.331958,1,2|1|3|0,defense_only
100000134,100000134,1,2.2.0,2,50,750.000000,1000.000000,0,190.000000,3,1,2,5,25.000000,DCFM-OLSR,0,-1,-1,-1,-1,-1,-1,-1,1,43.909074,1,3|0|2|1,defense_vs_attack
100000135,100000135,1,2.2.0,2,50,750.000000,1000.000000,0,190.000000,3,1,2,5,25.000000,DCFM-OLSR,0,-1,-1,-1,-1,-1,-1,-1,1,31.000626,1,0|1|3|2,baseline
100000141,100000141,1,2.2.0,2,50,750.000000,1000.000000,0,190.000000,3,1,2,5,25.000000,DCFM-OLSR,0,-1,-1,-1,-1,-1,-1,-1,1,36.928999,1,1|0|2|3,attack_only
100000143,100000143,1,2.2.0,2,50,750.000000,1000.000000,0,190.000000,3,1,2,5,25.000000,DCFM-OLSR,0,-1,-1,-1,-1,-1,-1,-1,1,30.573151,1,3|0|1|2,defense_vs_attack
100000146,100000146,1,2.2.0,2,50,750.000000,1000.000000,0,190.000000,3,1,2,5,25.000000,DCFM-OLSR,0,-1,-1,-1,-1,-1,-1,-1,1,39.543207,1,2|3|0|1,defense_only
100000149,100000149,1,2.2.0,2,50,750.000000,1000.000000,0,190.000000,3,1,2,5,25.000000,DCFM-OLSR,0,-1,-1,-1,-1,-1,-1,-1,1,39.050229,1,3|0|2|1,defense_vs_attack
100000152,100000152,1,2.2.0,2,50,750.000000,1000.000000,0,190.000000,3,1,2,5,25.000000,DCFM-OLSR,0,-1,-1,-1,-1,-1,-1,-1,1,32.035982,1,1|0|2|3,attack_only
100000153,100000153,1,2.2.0,2,50,750.000000,1000.000000,0,190.000000,3,1,2,5,25.000000,DCFM-OLSR,0,-1,-1,-1,-1,-1,-1,-1,1,28.681486,1,2|3|1|0,defense_only
100000157,100000157,1,2.2.0,2,50,750.000000,1000.000000,0,190.000000,3,1,2,5,25.000000,DCFM-OLSR,0,-1,-1,-1,-1,-1,-1,-1,1,27.149134,1,3|0|2|1,defense_vs_attack
100000158,100000158,1,2.2.0,2,50,750.000000,1000.000000,0,190.000000,3,1,2,5,25.000000,DCFM-OLSR,0,-1,-1,-1,-1,-1,-1,-1,1,27.561097,1,3|1|2|0,defense_vs_attack
100000159,100000159,1,2.2.0,2,50,750.000000,1000.000000,0,190.000000,3,1,2,5,25.000000,DCFM-OLSR,0,-1,-1,-1,-1,-1,-1,-1,1,28.700300,1,3|2|0|1,defense_vs_attack
100000164,100000164,1,2.2.0,2,50,750.000000,1000.000000,0,190.000000,3,1,2,5,25.000000,DCFM-OLSR,0,-1,-1,-1,-1,-1,-1,-1,1,30.664630,1,3|1|2|0,defense_vs_attack
100000165,100000165,1,2.2.0,2,50,750.000000,1000.000000,0,190.000000,3,1,2,5,25.000000,DCFM-OLSR,0,-1,-1,-1,-1,-1,-1,-1,1,27.358495,1,2|3|1|0,defense_only
100000167,100000167,1,2.2.0,2,50,750.000000,1000.000000,0,190.000000,3,1,2,5,25.000000,DCFM-OLSR,0,-1,-1,-1,-1,-1,-1,-1,1,35.130103,1,1|2|3|0,attack_only
100000173,100000173,1,2.2.0,2,50,750.000000,1000.000000,0,190.000000,3,1,2,5,25.000000,DCFM-OLSR,0,-1,-1,-1,-1,-1,-1,-1,1,34.425194,1,0|3|2|1,baseline
100000178,100000178,1,2.2.0,2,50,750.000000,1000.000000,0,190.000000,3,1,2,5,25.000000,DCFM-OLSR,0,-1,-1,-1,-1,-1,-1,-1,1,36.685095,1,3|0|2|1,defense_vs_attack
100000181,100000181,1,2.2.0,2,50,750.000000,1000.000000,0,190.000000,3,1,2,5,25.000000,DCFM-OLSR,0,-1,-1,-1,-1,-1,-1,-1,1,40.004996,1,2|0|3|1,defense_only
100000186,100000186,1,2.2.0,2,50,750.000000,1000.000000,0,190.000000,3,1,2,5,25.000000,DCFM-OLSR,0,-1,-1,-1,-1,-1,-1,-1,1,28.274193,1,3|0|2|1,defense_vs_attack
100000189,100000189,1,2.2.0,2,50,750.000000,1000.000000,0,190.000000,3,1,2,5,25.000000,DCFM-OLSR,0,-1,-1,-1,-1,-1,-1,-1,1,37.433870,1,3|0|1|2,defense_vs_attack
100000190,100000190,1,2.2.0,2,50,750.000000,1000.000000,0,190.000000,3,1,2,5,25.000000,DCFM-OLSR,0,-1,-1,-1,-1,-1,-1,-1,1,40.675110,1,0|3|1|2,baseline
100000198,100000198,1,2.2.0,2,50,750.000000,1000.000000,0,190.000000,3,1,2,5,25.000000,DCFM-OLSR,0,-1,-1,-1,-1,-1,-1,-1,1,43.158333,1,0|3|2|1,baseline
100000211,100000211,1,2.2.0,2,50,750.000000,1000.000000,0,190.000000,3,1,2,5,25.000000,DCFM-OLSR,0,-1,-1,-1,-1,-1,-1,-1,1,74.959325,1,0|3|2|1,baseline
100000208,100000208,1,2.2.0,2,50,750.000000,1000.000000,0,190.000000,3,1,2,5,25.000000,DCFM-OLSR,0,-1,-1,-1,-1,-1,-1,-1,1,83.307043,1,1|0|3|2,attack_only
100000209,100000209,1,2.2.0,2,50,750.000000,1000.000000,0,190.000000,3,1,2,5,25.000000,DCFM-OLSR,0,-1,-1,-1,-1,-1,-1,-1,1,82.865261,1,3|2|1|0,defense_vs_attack
100000206,100000206,1,2.2.0,2,50,750.000000,1000.000000,0,190.000000,3,1,2,5,25.000000,DCFM-OLSR,0,-1,-1,-1,-1,-1,-1,-1,1,90.887564,1,0|1|2|3,baseline
100000205,100000205,1,2.2.0,2,50,750.000000,1000.000000,0,190.000000,3,1,2,5,25.000000,DCFM-OLSR,0,-1,-1,-1,-1,-1,-1,-1,1,95.940755,1,3|1|0|2,defense_vs_attack
100000210,100000210,1,2.2.0,2,50,750.000000,1000.000000,0,190.000000,3,1,2,5,25.000000,DCFM-OLSR,0,-1,-1,-1,-1,-1,-1,-1,1,99.134355,1,2|3|1|0,defense_only
100000207,100000207,1,2.2.0,2,50,750.000000,1000.000000,0,190.000000,3,1,2,5,25.000000,DCFM-OLSR,0,-1,-1,-1,-1,-1,-1,-1,1,107.689057,1,1|2|0|3,attack_only
100000216,100000216,1,2.2.0,2,50,750.000000,1000.000000,0,190.000000,3,1,2,5,25.000000,DCFM-OLSR,0,-1,-1,-1,-1,-1,-1,-1,1,84.510318,1,2|1|3|0,defense_only
100000224,100000224,1,2.2.0,2,50,750.000000,1000.000000,0,190.000000,3,1,2,5,25.000000,DCFM-OLSR,0,-1,-1,-1,-1,-1,-1,-1,1,70.737377,1,1|0|3|2,attack_only
100000225,100000225,1,2.2.0,2,50,750.000000,1000.000000,0,190.000000,3,1,2,5,25.000000,DCFM-OLSR,0,-1,-1,-1,-1,-1,-1,-1,1,77.657699,1,2|3|0|1,defense_only
100000214,100000214,1,2.2.0,2,50,750.000000,1000.000000,0,190.000000,3,1,2,5,25.000000,DCFM-OLSR,0,-1,-1,-1,-1,-1,-1,-1,1,110.053253,1,0|3|1|2,baseline
100000221,100000221,1,2.2.0,2,50,750.000000,1000.000000,0,190.000000,3,1,2,5,25.000000,DCFM-OLSR,0,-1,-1,-1,-1,-1,-1,-1,1,93.931329,1,1|0|3|2,attack_only
100000228,100000228,1,2.2.0,2,50,750.000000,1000.000000,0,190.000000,3,1,2,5,25.000000,DCFM-OLSR,0,-1,-1,-1,-1,-1,-1,-1,1,88.991835,1,3|1|0|2,defense_vs_attack
100000227,100000227,1,2.2.0,2,50,750.000000,1000.000000,0,190.000000,3,1,2,5,25.000000,DCFM-OLSR,0,-1,-1,-1,-1,-1,-1,-1,1,105.816071,1,3|0|2|1,defense_vs_attack
100000230,100000230,1,2.2.0,2,50,750.000000,1000.000000,0,190.000000,3,1,2,5,25.000000,DCFM-OLSR,0,-1,-1,-1,-1,-1,-1,-1,1,94.365747,1,3|1|2|0,defense_vs_attack
100000241,100000241,1,2.2.0,2,50,750.000000,1000.000000,0,190.000000,3,1,2,5,25.000000,DCFM-OLSR,0,-1,-1,-1,-1,-1,-1,-1,1,66.434794,1,3|2|1|0,defense_vs_attack
100000237,100000237,1,2.2.0,2,50,750.000000,1000.000000,0,190.000000,3,1,2,5,25.000000,DCFM-OLSR,0,-1,-1,-1,-1,-1,-1,-1,1,76.802991,1,0|2|1|3,baseline
100000243,100000243,1,2.2.0,2,50,750.000000,1000.000000,0,190.000000,3,1,2,5,25.000000,DCFM-OLSR,0,-1,-1,-1,-1,-1,-1,-1,1,75.658608,1,3|0|1|2,defense_vs_attack
100000239,100000239,1,2.2.0,2,50,750.000000,1000.000000,0,190.000000,3,1,2,5,25.000000,DCFM-OLSR,0,-1,-1,-1,-1,-1,-1,-1,1,88.540347,1,0|3|1|2,baseline
100000242,100000242,1,2.2.0,2,50,750.000000,1000.000000,0,190.000000,3,1,2,5,25.000000,DCFM-OLSR,0,-1,-1,-1,-1,-1,-1,-1,1,90.697688,1,0|1|3|2,baseline
100000246,100000246,1,2.2.0,2,50,750.000000,1000.000000,0,190.000000,3,1,2,5,25.000000,DCFM-OLSR,0,-1,-1,-1,-1,-1,-1,-1,1,87.580852,1,2|1|0|3,defense_only
100000253,100000253,1,2.2.0,2,50,750.000000,1000.000000,0,190.000000,3,1,2,5,25.000000,DCFM-OLSR,0,-1,-1,-1,-1,-1,-1,-1,1,67.480072,1,0|2|3|1,baseline
100000248,100000248,1,2.2.0,2,50,750.000000,1000.000000,0,190.000000,3,1,2,5,25.000000,DCFM-OLSR,0,-1,-1,-1,-1,-1,-1,-1,1,86.626884,1,0|3|1|2,baseline
100000251,100000251,1,2.2.0,2,50,750.000000,1000.000000,0,190.000000,3,1,2,5,25.000000,DCFM-OLSR,0,-1,-1,-1,-1,-1,-1,-1,1,94.484219,1,0|2|1|3,baseline
100000252,100000252,1,2.2.0,2,50,750.000000,1000.000000,0,190.000000,3,1,2,5,25.000000,DCFM-OLSR,0,-1,-1,-1,-1,-1,-1,-1,1,107.722112,1,3|2|0|1,defense_vs_attack
100000257,100000257,1,2.2.0,2,50,750.000000,1000.000000,0,190.000000,3,1,2,5,25.000000,DCFM-OLSR,0,-1,-1,-1,-1,-1,-1,-1,1,91.310036,1,2|3|1|0,defense_only
100000258,100000258,1,2.2.0,2,50,750.000000,1000.000000,0,190.000000,3,1,2,5,25.000000,DCFM-OLSR,0,-1,-1,-1,-1,-1,-1,-1,1,100.114028,1,3|2|0|1,defense_vs_attack
100000261,100000261,1,2.2.0,2,50,750.000000,1000.000000,0,190.000000,3,1,2,5,25.000000,DCFM-OLSR,0,-1,-1,-1,-1,-1,-1,-1,1,83.516489,1,3|1|0|2,defense_vs_attack
100000269,100000269,1,2.2.0,2,50,750.000000,1000.000000,0,190.000000,3,1,2,5,25.000000,DCFM-OLSR,0,-1,-1,-1,-1,-1,-1,-1,1,70.879610,1,3|1|0|2,defense_vs_attack
100000263,100000263,1,2.2.0,2,50,750.000000,1000.000000,0,190.000000,3,1,2,5,25.000000,DCFM-OLSR,0,-1,-1,-1,-1,-1,-1,-1,1,92.374220,1,3|2|1|0,defense_vs_attack
100000270,100000270,1,2.2.0,2,50,750.000000,1000.000000,0,190.000000,3,1,2,5,25.000000,DCFM-OLSR,0,-1,-1,-1,-1,-1,-1,-1,1,94.225462,1,1|3|0|2,attack_only
100000274,100000274,1,2.2.0,2,50,750.000000,1000.000000,0,190.000000,3,1,2,5,25.000000,DCFM-OLSR,0,-1,-1,-1,-1,-1,-1,-1,1,77.634737,1,3|2|1|0,defense_vs_attack
100000275,100000275,1,2.2.0,2,50,750.000000,1000.000000,0,190.000000,3,1,2,5,25.000000,DCFM-OLSR,0,-1,-1,-1,-1,-1,-1,-1,1,85.314807,1,2|3|0|1,defense_only
100000278,100000278,1,2.2.0,2,50,750.000000,1000.000000,0,190.000000,3,1,2,5,25.000000,DCFM-OLSR,0,-1,-1,-1,-1,-1,-1,-1,1,88.446685,1,3|2|1|0,defense_vs_attack
100000279,100000279,1,2.2.0,2,50,750.000000,1000.000000,0,190.000000,3,1,2,5,25.000000,DCFM-OLSR,0,-1,-1,-1,-1,-1,-1,-1,1,90.362056,1,0|2|1|3,baseline
100000280,100000280,1,2.2.0,2,50,750.000000,1000.000000,0,190.000000,3,1,2,5,25.000000,DCFM-OLSR,0,-1,-1,-1,-1,-1,-1,-1,1,76.898778,1,0|3|2|1,baseline
100000284,100000284,1,2.2.0,2,50,750.000000,1000.000000,0,190.000000,3,1,2,5,25.000000,DCFM-OLSR,0,-1,-1,-1,-1,-1,-1,-1,1,81.018851,1,1|3|0|2,attack_only
100000285,100000285,1,2.2.0,2,50,750.000000,1000.000000,0,190.000000,3,1,2,5,25.000000,DCFM-OLSR,0,-1,-1,-1,-1,-1,-1,-1,1,97.185869,1,2|0|3|1,defense_only
100000290,100000290,1,2.2.0,2,50,750.000000,1000.000000,0,190.000000,3,1,2,5,25.000000,DCFM-OLSR,0,-1,-1,-1,-1,-1,-1,-1,1,79.073360,1,0|1|3|2,baseline
100000287,100000287,1,2.2.0,2,50,750.000000,1000.000000,0,190.000000,3,1,2,5,25.000000,DCFM-OLSR,0,-1,-1,-1,-1,-1,-1,-1,1,96.775050,1,2|1|3|0,defense_only
100000291,100000291,1,2.2.0,2,50,750.000000,1000.000000,0,190.000000,3,1,2,5,25.000000,DCFM-OLSR,0,-1,-1,-1,-1,-1,-1,-1,1,94.754665,1,1|3|2|0,attack_only
100000294,100000294,1,2.2.0,2,50,750.000000,1000.000000,0,190.000000,3,1,2,5,25.000000,DCFM-OLSR,0,-1,-1,-1,-1,-1,-1,-1,1,75.073676,1,1|0|3|2,attack_only
100000293,100000293,1,2.2.0,2,50,750.000000,1000.000000,0,190.000000,3,1,2,5,25.000000,DCFM-OLSR,0,-1,-1,-1,-1,-1,-1,-1,1,86.459391,1,2|0|3|1,defense_only
100000308,100000308,1,2.2.0,2,50,750.000000,1000.000000,0,190.000000,3,1,2,5,25.000000,DCFM-OLSR,0,-1,-1,-1,-1,-1,-1,-1,1,76.538064,1,1|3|2|0,attack_only
100000306,100000306,1,2.2.0,2,50,750.000000,1000.000000,0,190.000000,3,1,2,5,25.000000,DCFM-OLSR,0,-1,-1,-1,-1,-1,-1,-1,1,83.104624,1,1|3|2|0,attack_only
100000301,100000301,1,2.2.0,2,50,750.000000,1000.000000,0,190.000000,3,1,2,5,25.000000,DCFM-OLSR,0,-1,-1,-1,-1,-1,-1,-1,1,97.275144,1,3|0|2|1,defense_vs_attack
100000310,100000310,1,2.2.0,2,50,750.000000,1000.000000,0,190.000000,3,1,2,5,25.000000,DCFM-OLSR,0,-1,-1,-1,-1,-1,-1,-1,1,95.454261,1,0|2|1|3,baseline
100000315,100000315,1,2.2.0,2,50,750.000000,1000.000000,0,190.000000,3,1,2,5,25.000000,DCFM-OLSR,0,-1,-1,-1,-1,-1,-1,-1,1,86.811611,1,3|2|1|0,defense_vs_attack
100000316,100000316,1,2.2.0,2,50,750.000000,1000.000000,0,190.000000,3,1,2,5,25.000000,DCFM-OLSR,0,-1,-1,-1,-1,-1,-1,-1,1,83.634047,1,3|0|1|2,defense_vs_attack
100000324,100000324,1,2.2.0,2,50,750.000000,1000.000000,0,190.000000,3,1,2,5,25.000000,DCFM-OLSR,0,-1,-1,-1,-1,-1,-1,-1,1,79.833188,1,3|0|1|2,defense_vs_attack
100000325,100000325,1,2.2.0,2,50,750.000000,1000.000000,0,190.000000,3,1,2,5,25.000000,DCFM-OLSR,0,-1,-1,-1,-1,-1,-1,-1,1,87.849525,1,1|2|0|3,attack_only
100000327,100000327,1,2.2.0,2,50,750.000000,1000.000000,0,190.000000,3,1,2,5,25.000000,DCFM-OLSR,0,-1,-1,-1,-1,-1,-1,-1,1,85.910428,1,1|3|0|2,attack_only
100000331,100000331,1,2.2.0,2,50,750.000000,1000.000000,0,190.000000,3,1,2,5,25.000000,DCFM-OLSR,0,-1,-1,-1,-1,-1,-1,-1,1,71.030374,1,1|0|2|3,attack_only
100000329,100000329,1,2.2.0,2,50,750.000000,1000.000000,0,190.000000,3,1,2,5,25.000000,DCFM-OLSR,0,-1,-1,-1,-1,-1,-1,-1,1,88.133089,1,3|1|0|2,defense_vs_attack
100000332,100000332,1,2.2.0,2,50,750.000000,1000.000000,0,190.000000,3,1,2,5,25.000000,DCFM-OLSR,0,-1,-1,-1,-1,-1,-1,-1,1,104.549332,1,1|3|2|0,attack_only
100000334,100000334,1,2.2.0,2,50,750.000000,1000.000000,0,190.000000,3,1,2,5,25.000000,DCFM-OLSR,0,-1,-1,-1,-1,-1,-1,-1,1,95.171355,1,3|0|2|1,defense_vs_attack
100000335,100000335,1,2.2.0,2,50,750.000000,1000.000000,0,190.000000,3,1,2,5,25.000000,DCFM-OLSR,0,-1,-1,-1,-1,-1,-1,-1,1,93.951667,1,1|3|2|0,attack_only
100000336,100000336,1,2.2.0,2,50,750.000000,1000.000000,0,190.000000,3,1,2,5,25.000000,DCFM-OLSR,0,-1,-1,-1,-1,-1,-1,-1,1,97.136503,1,0|2|3|1,baseline
100000342,100000342,1,2.2.0,2,50,750.000000,1000.000000,0,190.000000,3,1,2,5,25.000000,DCFM-OLSR,0,-1,-1,-1,-1,-1,-1,-1,1,88.691796,1,0|2|3|1,baseline
100000347,100000347,1,2.2.0,2,50,750.000000,1000.000000,0,190.000000,3,1,2,5,25.000000,DCFM-OLSR,0,-1,-1,-1,-1,-1,-1,-1,1,85.686246,1,1|3|0|2,attack_only
100000356,100000356,1,2.2.0,2,50,750.000000,1000.000000,0,190.000000,3,1,2,5,25.000000,DCFM-OLSR,0,-1,-1,-1,-1,-1,-1,-1,1,79.460542,1,2|0|1|3,defense_only
100000349,100000349,1,2.2.0,2,50,750.000000,1000.000000,0,190.000000,3,1,2,5,25.000000,DCFM-OLSR,0,-1,-1,-1,-1,-1,-1,-1,1,103.324970,1,2|3|1|0,defense_only
100000359,100000359,1,2.2.0,2,50,750.000000,1000.000000,0,190.000000,3,1,2,5,25.000000,DCFM-OLSR,0,-1,-1,-1,-1,-1,-1,-1,1,82.620561,1,0|3|2|1,baseline
100000358,100000358,1,2.2.0,2,50,750.000000,1000.000000,0,190.000000,3,1,2,5,25.000000,DCFM-OLSR,0,-1,-1,-1,-1,-1,-1,-1,1,98.385119,1,2|0|3|1,defense_only
100000365,100000365,1,2.2.0,2,50,750.000000,1000.000000,0,190.000000,3,1,2,5,25.000000,DCFM-OLSR,0,-1,-1,-1,-1,-1,-1,-1,1,78.821443,1,3|2|0|1,defense_vs_attack
100000364,100000364,1,2.2.0,2,50,750.000000,1000.000000,0,190.000000,3,1,2,5,25.000000,DCFM-OLSR,0,-1,-1,-1,-1,-1,-1,-1,1,93.850148,1,3|1|2|0,defense_vs_attack
100000367,100000367,1,2.2.0,2,50,750.000000,1000.000000,0,190.000000,3,1,2,5,25.000000,DCFM-OLSR,0,-1,-1,-1,-1,-1,-1,-1,1,90.426371,1,0|3|1|2,baseline
100000368,100000368,1,2.2.0,2,50,750.000000,1000.000000,0,190.000000,3,1,2,5,25.000000,DCFM-OLSR,0,-1,-1,-1,-1,-1,-1,-1,1,81.777774,1,2|3|0|1,defense_only
100000378,100000378,1,2.2.0,2,50,750.000000,1000.000000,0,190.000000,3,1,2,5,25.000000,DCFM-OLSR,0,-1,-1,-1,-1,-1,-1,-1,1,77.672252,1,0|1|3|2,baseline
100000379,100000379,1,2.2.0,2,50,750.000000,1000.000000,0,190.000000,3,1,2,5,25.000000,DCFM-OLSR,0,-1,-1,-1,-1,-1,-1,-1,1,76.886023,1,0|3|2|1,baseline
100000387,100000387,1,2.2.0,2,50,750.000000,1000.000000,0,190.000000,3,1,2,5,25.000000,DCFM-OLSR,0,-1,-1,-1,-1,-1,-1,-1,1,65.225332,1,1|0|3|2,attack_only
100000383,100000383,1,2.2.0,2,50,750.000000,1000.000000,0,190.000000,3,1,2,5,25.000000,DCFM-OLSR,0,-1,-1,-1,-1,-1,-1,-1,1,83.505392,1,1|0|2|3,attack_only
100000385,100000385,1,2.2.0,2,50,750.000000,1000.000000,0,190.000000,3,1,2,5,25.000000,DCFM-OLSR,0,-1,-1,-1,-1,-1,-1,-1,1,94.273134,1,1|3|0|2,attack_only
100000392,100000392,1,2.2.0,2,50,750.000000,1000.000000,0,190.000000,3,1,2,5,25.000000,DCFM-OLSR,0,-1,-1,-1,-1,-1,-1,-1,1,78.041914,1,1|0|2|3,attack_only
100000390,100000390,1,2.2.0,2,50,750.000000,1000.000000,0,190.000000,3,1,2,5,25.000000,DCFM-OLSR,0,-1,-1,-1,-1,-1,-1,-1,1,102.330036,1,2|3|1|0,defense_only
100000395,100000395,1,2.2.0,2,50,750.000000,1000.000000,0,190.000000,3,1,2,5,25.000000,DCFM-OLSR,0,-1,-1,-1,-1,-1,-1,-1,1,69.940906,1,1|0|2|3,attack_only
100000396,100000396,1,2.2.0,2,50,750.000000,1000.000000,0,190.000000,3,1,2,5,25.000000,DCFM-OLSR,0,-1,-1,-1,-1,-1,-1,-1,1,83.321478,1,2|3|0|1,defense_only
100000402,100000402,1,2.2.0,2,50,750.000000,1000.000000,0,190.000000,3,1,2,5,25.000000,DCFM-OLSR,0,-1,-1,-1,-1,-1,-1,-1,1,80.734449,1,1|2|3|0,attack_only
100000403,100000403,1,2.2.0,2,50,750.000000,1000.000000,0,190.000000,3,1,2,5,25.000000,DCFM-OLSR,0,-1,-1,-1,-1,-1,-1,-1,1,85.405181,1,1|2|0|3,attack_only
100000404,100000404,1,2.2.0,2,50,750.000000,1000.000000,0,190.000000,3,1,2,5,25.000000,DCFM-OLSR,0,-1,-1,-1,-1,-1,-1,-1,1,84.261625,1,0|2|3|1,baseline
100000401,100000401,1,2.2.0,2,50,750.000000,1000.000000,0,190.000000,3,1,2,5,25.000000,DCFM-OLSR,0,-1,-1,-1,-1,-1,-1,-1,1,126.468375,1,1|2|3|0,attack_only
100000406,100000406,1,2.2.0,2,50,750.000000,1000.000000,0,190.000000,3,1,2,5,25.000000,DCFM-OLSR,0,-1,-1,-1,-1,-1,-1,-1,1,93.164989,1,1|2|0|3,attack_only
100000412,100000412,1,2.2.0,2,50,750.000000,1000.000000,0,190.000000,3,1,2,5,25.000000,DCFM-OLSR,0,-1,-1,-1,-1,-1,-1,-1,1,79.210630,1,1|3|2|0,attack_only
100000416,100000416,1,2.2.0,2,50,750.000000,1000.000000,0,190.000000,3,1,2,5,25.000000,DCFM-OLSR,0,-1,-1,-1,-1,-1,-1,-1,1,76.475031,1,1|0|2|3,attack_only
100000413,100000413,1,2.2.0,2,50,750.000000,1000.000000,0,190.000000,3,1,2,5,25.000000,DCFM-OLSR,0,-1,-1,-1,-1,-1,-1,-1,1,104.825403,1,2|1|3|0,defense_only
100000419,100000419,1,2.2.0,2,50,750.000000,1000.000000,0,190.000000,3,1,2,5,25.000000,DCFM-OLSR,0,-1,-1,-1,-1,-1,-1,-1,1,100.667149,1,0|2|1|3,baseline
100000420,100000420,1,2.2.0,2,50,750.000000,1000.000000,0,190.000000,3,1,2,5,25.000000,DCFM-OLSR,0,-1,-1,-1,-1,-1,-1,-1,1,100.449269,1,2|0|3|1,defense_only
100000422,100000422,1,2.2.0,2,50,750.000000,1000.000000,0,190.000000,3,1,2,5,25.000000,DCFM-OLSR,0,-1,-1,-1,-1,-1,-1,-1,1,93.174579,1,1|3|0|2,attack_only
100000427,100000427,1,2.2.0,2,50,750.000000,1000.000000,0,190.000000,3,1,2,5,25.000000,DCFM-OLSR,0,-1,-1,-1,-1,-1,-1,-1,1,100.223489,1,0|2|3|1,baseline
100000431,100000431,1,2.2.0,2,50,750.000000,1000.000000,0,190.000000,3,1,2,5,25.000000,DCFM-OLSR,0,-1,-1,-1,-1,-1,-1,-1,1,88.567567,1,3|0|1|2,defense_vs_attack
100000432,100000432,1,2.2.0,2,50,750.000000,1000.000000,0,190.000000,3,1,2,5,25.000000,DCFM-OLSR,0,-1,-1,-1,-1,-1,-1,-1,1,98.408815,1,0|3|2|1,baseline
100000436,100000436,1,2.2.0,2,50,750.000000,1000.000000,0,190.000000,3,1,2,5,25.000000,DCFM-OLSR,0,-1,-1,-1,-1,-1,-1,-1,1,91.955981,1,0|3|1|2,baseline
100000439,100000439,1,2.2.0,2,50,750.000000,1000.000000,0,190.000000,3,1,2,5,25.000000,DCFM-OLSR,0,-1,-1,-1,-1,-1,-1,-1,1,85.596237,1,2|1|0|3,defense_only
100000446,100000446,1,2.2.0,2,50,750.000000,1000.000000,0,190.000000,3,1,2,5,25.000000,DCFM-OLSR,0,-1,-1,-1,-1,-1,-1,-1,1,88.919071,1,1|0|2|3,attack_only
100000449,100000449,1,2.2.0,2,50,750.000000,1000.000000,0,190.000000,3,1,2,5,25.000000,DCFM-OLSR,0,-1,-1,-1,-1,-1,-1,-1,1,89.620556,1,3|2|1|0,defense_vs_attack
100000458,100000458,1,2.2.0,2,50,750.000000,1000.000000,0,190.000000,3,1,2,5,25.000000,DCFM-OLSR,0,-1,-1,-1,-1,-1,-1,-1,1,80.588423,1,0|1|2|3,baseline
100000464,100000464,1,2.2.0,2,50,750.000000,1000.000000,0,190.000000,3,1,2,5,25.000000,DCFM-OLSR,0,-1,-1,-1,-1,-1,-1,-1,1,71.066131,1,0|2|3|1,baseline
100000463,100000463,1,2.2.0,2,50,750.000000,1000.000000,0,190.000000,3,1,2,5,25.000000,DCFM-OLSR,0,-1,-1,-1,-1,-1,-1,-1,1,79.663422,1,0|1|3|2,baseline
100000465,100000465,1,2.2.0,2,50,750.000000,1000.000000,0,190.000000,3,1,2,5,25.000000,DCFM-OLSR,0,-1,-1,-1,-1,-1,-1,-1,1,91.497765,1,2|1|3|0,defense_only
100000471,100000471,1,2.2.0,2,50,750.000000,1000.000000,0,190.000000,3,1,2,5,25.000000,DCFM-OLSR,0,-1,-1,-1,-1,-1,-1,-1,1,71.366935,1,1|2|3|0,attack_only
100000470,100000470,1,2.2.0,2,50,750.000000,1000.000000,0,190.000000,3,1,2,5,25.000000,DCFM-OLSR,0,-1,-1,-1,-1,-1,-1,-1,1,74.230855,1,2|3|0|1,defense_only
100000472,100000472,1,2.2.0,2,50,750.000000,1000.000000,0,190.000000,3,1,2,5,25.000000,DCFM-OLSR,0,-1,-1,-1,-1,-1,-1,-1,1,75.127091,1,2|0|3|1,defense_only
100000474,100000474,1,2.2.0,2,50,750.000000,1000.000000,0,190.000000,3,1,2,5,25.000000,DCFM-OLSR,0,-1,-1,-1,-1,-1,-1,-1,1,75.471447,1,0|3|1|2,baseline
100000475,100000475,1,2.2.0,2,50,750.000000,1000.000000,0,190.000000,3,1,2,5,25.000000,DCFM-OLSR,0,-1,-1,-1,-1,-1,-1,-1,1,72.903980,1,2|1|3|0,defense_only
100000480,100000480,1,2.2.0,2,50,750.000000,1000.000000,0,190.000000,3,1,2,5,25.000000,DCFM-OLSR,0,-1,-1,-1,-1,-1,-1,-1,1,73.036822,1,0|2|1|3,baseline
100000478,100000478,1,2.2.0,2,50,750.000000,1000.000000,0,190.000000,3,1,2,5,25.000000,DCFM-OLSR,0,-1,-1,-1,-1,-1,-1,-1,1,84.562908,1,0|2|3|1,baseline
100000481,100000481,1,2.2.0,2,50,750.000000,1000.000000,0,190.000000,3,1,2,5,25.000000,DCFM-OLSR,0,-1,-1,-1,-1,-1,-1,-1,1,71.503165,1,2|3|1|0,defense_only
100000485,100000485,1,2.2.0,2,50,750.000000,1000.000000,0,190.000000,3,1,2,5,25.000000,DCFM-OLSR,0,-1,-1,-1,-1,-1,-1,-1,1,82.309607,1,1|0|2|3,attack_only
100000487,100000487,1,2.2.0,2,50,750.000000,1000.000000,0,190.000000,3,1,2,5,25.000000,DCFM-OLSR,0,-1,-1,-1,-1,-1,-1,-1,1,77.440675,1,2|3|0|1,defense_only
100000492,100000492,1,2.2.0,2,50,750.000000,1000.000000,0,190.000000,3,1,2,5,25.000000,DCFM-OLSR,0,-1,-1,-1,-1,-1,-1,-1,1,78.894322,1,0|2|1|3,baseline
100000493,100000493,1,2.2.0,2,50,750.000000,1000.000000,0,190.000000,3,1,2,5,25.000000,DCFM-OLSR,0,-1,-1,-1,-1,-1,-1,-1,1,83.426310,1,1|2|3|0,attack_only
100000508,100000508,1,2.2.0,2,50,750.000000,1000.000000,0,190.000000,3,1,2,5,25.000000,DCFM-OLSR,0,-1,-1,-1,-1,-1,-1,-1,1,70.365034,1,0|1|3|2,baseline
100000505,100000505,1,2.2.0,2,50,750.000000,1000.000000,0,190.000000,3,1,2,5,25.000000,DCFM-OLSR,0,-1,-1,-1,-1,-1,-1,-1,1,79.038551,1,2|3|0|1,defense_only
100000511,100000511,1,2.2.0,2,50,750.000000,1000.000000,0,190.000000,3,1,2,5,25.000000,DCFM-OLSR,0,-1,-1,-1,-1,-1,-1,-1,1,74.295120,1,2|0|3|1,defense_only
100000517,100000517,1,2.2.0,2,50,750.000000,1000.000000,0,190.000000,3,1,2,5,25.000000,DCFM-OLSR,0,-1,-1,-1,-1,-1,-1,-1,1,71.396292,1,0|2|3|1,baseline
100000515,100000515,1,2.2.0,2,50,750.000000,1000.000000,0,190.000000,3,1,2,5,25.000000,DCFM-OLSR,0,-1,-1,-1,-1,-1,-1,-1,1,97.776889,1,2|1|0|3,defense_only
100000516,100000516,1,2.2.0,2,50,750.000000,1000.000000,0,190.000000,3,1,2,5,25.000000,DCFM-OLSR,0,-1,-1,-1,-1,-1,-1,-1,1,94.167519,1,3|0|2|1,defense_vs_attack
100000521,100000521,1,2.2.0,2,50,750.000000,1000.000000,0,190.000000,3,1,2,5,25.000000,DCFM-OLSR,0,-1,-1,-1,-1,-1,-1,-1,1,86.238081,1,1|3|2|0,attack_only
100000524,100000524,1,2.2.0,2,50,750.000000,1000.000000,0,190.000000,3,1,2,5,25.000000,DCFM-OLSR,0,-1,-1,-1,-1,-1,-1,-1,1,98.532625,1,3|2|1|0,defense_vs_attack
100000527,100000527,1,2.2.0,2,50,750.000000,1000.000000,0,190.000000,3,1,2,5,25.000000,DCFM-OLSR,0,-1,-1,-1,-1,-1,-1,-1,1,84.943646,1,3|0|2|1,defense_vs_attack
100000523,100000523,1,2.2.0,2,50,750.000000,1000.000000,0,190.000000,3,1,2,5,25.000000,DCFM-OLSR,0,-1,-1,-1,-1,-1,-1,-1,1,107.869508,1,0|3|1|2,baseline
100000528,100000528,1,2.2.0,2,50,750.000000,1000.000000,0,190.000000,3,1,2,5,25.000000,DCFM-OLSR,0,-1,-1,-1,-1,-1,-1,-1,1,86.253896,1,1|0|3|2,attack_only
100000532,100000532,1,2.2.0,2,50,750.000000,1000.000000,0,190.000000,3,1,2,5,25.000000,DCFM-OLSR,0,-1,-1,-1,-1,-1,-1,-1,1,97.435542,1,0|3|1|2,baseline
100000535,100000535,1,2.2.0,2,50,750.000000,1000.000000,0,190.000000,3,1,2,5,25.000000,DCFM-OLSR,0,-1,-1,-1,-1,-1,-1,-1,1,80.026560,1,0|1|2|3,baseline
100000540,100000540,1,2.2.0,2,50,750.000000,1000.000000,0,190.000000,3,1,2,5,25.000000,DCFM-OLSR,0,-1,-1,-1,-1,-1,-1,-1,1,66.023056,1,2|1|3|0,defense_only
100000537,100000537,1,2.2.0,2,50,750.000000,1000.000000,0,190.000000,3,1,2,5,25.000000,DCFM-OLSR,0,-1,-1,-1,-1,-1,-1,-1,1,88.760988,1,2|3|1|0,defense_only
100000538,100000538,1,2.2.0,2,50,750.000000,1000.000000,0,190.000000,3,1,2,5,25.000000,DCFM-OLSR,0,-1,-1,-1,-1,-1,-1,-1,1,77.552527,1,2|1|3|0,defense_only
100000541,100000541,1,2.2.0,2,50,750.000000,1000.000000,0,190.000000,3,1,2,5,25.000000,DCFM-OLSR,0,-1,-1,-1,-1,-1,-1,-1,1,79.136937,1,2|1|0|3,defense_only
100000539,100000539,1,2.2.0,2,50,750.000000,1000.000000,0,190.000000,3,1,2,5,25.000000,DCFM-OLSR,0,-1,-1,-1,-1,-1,-1,-1,1,103.732547,1,3|2|0|1,defense_vs_attack
100000542,100000542,1,2.2.0,2,50,750.000000,1000.000000,0,190.000000,3,1,2,5,25.000000,DCFM-OLSR,0,-1,-1,-1,-1,-1,-1,-1,1,69.228527,1,2|3|0|1,defense_only
100000545,100000545,1,2.2.0,2,50,750.000000,1000.000000,0,190.000000,3,1,2,5,25.000000,DCFM-OLSR,0,-1,-1,-1,-1,-1,-1,-1,1,88.301488,1,1|3|2|0,attack_only
100000550,100000550,1,2.2.0,2,50,750.000000,1000.000000,0,190.000000,3,1,2,5,25.000000,DCFM-OLSR,0,-1,-1,-1,-1,-1,-1,-1,1,71.352404,1,1|0|2|3,attack_only
100000551,100000551,1,2.2.0,2,50,750.000000,1000.000000,0,190.000000,3,1,2,5,25.000000,DCFM-OLSR,0,-1,-1,-1,-1,-1,-1,-1,1,86.582284,1,3|2|0|1,defense_vs_attack
100000559,100000559,1,2.2.0,2,50,750.000000,1000.000000,0,190.000000,3,1,2,5,25.000000,DCFM-OLSR,0,-1,-1,-1,-1,-1,-1,-1,1,74.967172,1,1|0|2|3,attack_only
100000557,100000557,1,2.2.0,2,50,750.000000,1000.000000,0,190.000000,3,1,2,5,25.000000,DCFM-OLSR,0,-1,-1,-1,-1,-1,-1,-1,1,89.466149,1,1|0|2|3,attack_only
100000561,100000561,1,2.2.0,2,50,750.000000,1000.000000,0,190.000000,3,1,2,5,25.000000,DCFM-OLSR,0,-1,-1,-1,-1,-1,-1,-1,1,76.974628,1,3|2|0|1,defense_vs_attack
100000568,100000568,1,2.2.0,2,50,750.000000,1000.000000,0,190.000000,3,1,2,5,25.000000,DCFM-OLSR,0,-1,-1,-1,-1,-1,-1,-1,1,71.441442,1,2|3|0|1,defense_only
100000567,100000567,1,2.2.0,2,50,750.000000,1000.000000,0,190.000000,3,1,2,5,25.000000,DCFM-OLSR,0,-1,-1,-1,-1,-1,-1,-1,1,73.929394,1,0|1|3|2,baseline
100000570,100000570,1,2.2.0,2,50,750.000000,1000.000000,0,190.000000,3,1,2,5,25.000000,DCFM-OLSR,0,-1,-1,-1,-1,-1,-1,-1,1,72.875023,1,0|2|3|1,baseline
100000573,100000573,1,2.2.0,2,50,750.000000,1000.000000,0,190.000000,3,1,2,5,25.000000,DCFM-OLSR,0,-1,-1,-1,-1,-1,-1,-1,1,64.921223,1,3|1|0|2,defense_vs_attack
100000583,100000583,1,2.2.0,2,50,750.000000,1000.000000,0,190.000000,3,1,2,5,25.000000,DCFM-OLSR,0,-1,-1,-1,-1,-1,-1,-1,1,62.624001,1,3|2|1|0,defense_vs_attack
100000582,100000582,1,2.2.0,2,50,750.000000,1000.000000,0,190.000000,3,1,2,5,25.000000,DCFM-OLSR,0,-1,-1,-1,-1,-1,-1,-1,1,74.799877,1,0|2|3|1,baseline
100000578,100000578,1,2.2.0,2,50,750.000000,1000.000000,0,190.000000,3,1,2,5,25.000000,DCFM-OLSR,0,-1,-1,-1,-1,-1,-1,-1,1,87.675698,1,2|3|0|1,defense_only
100000588,100000588,1,2.2.0,2,50,750.000000,1000.000000,0,190.000000,3,1,2,5,25.000000,DCFM-OLSR,0,-1,-1,-1,-1,-1,-1,-1,1,65.982521,1,3|1|0|2,defense_vs_attack
100000590,100000590,1,2.2.0,2,50,750.000000,1000.000000,0,190.000000,3,1,2,5,25.000000,DCFM-OLSR,0,-1,-1,-1,-1,-1,-1,-1,1,66.099831,1,3|2|0|1,defense_vs_attack
100000585,100000585,1,2.2.0,2,50,750.000000,1000.000000,0,190.000000,3,1,2,5,25.000000,DCFM-OLSR,0,-1,-1,-1,-1,-1,-1,-1,1,90.253852,1,2|0|3|1,defense_only
100000593,100000593,1,2.2.0,2,50,750.000000,1000.000000,0,190.000000,3,1,2,5,25.000000,DCFM-OLSR,0,-1,-1,-1,-1,-1,-1,-1,1,69.138706,1,2|3|1|0,defense_only
100000596,100000596,1,2.2.0,2,50,750.000000,1000.000000,0,190.000000,3,1,2,5,25.000000,DCFM-OLSR,0,-1,-1,-1,-1,-1,-1,-1,1,57.877204,1,0|3|1|2,baseline
100000595,100000595,1,2.2.0,2,50,750.000000,1000.000000,0,190.000000,3,1,2,5,25.000000,DCFM-OLSR,0,-1,-1,-1,-1,-1,-1,-1,1,64.807412,1,0|2|1|3,baseline
100000597,100000597,1,2.2.0,2,50,750.000000,1000.000000,0,190.000000,3,1,2,5,25.000000,DCFM-OLSR,0,-1,-1,-1,-1,-1,-1,-1,1,70.380535,1,3|1|0|2,defense_vs_attack
100000602,100000602,1,2.2.0,2,50,750.000000,1000.000000,0,190.000000,3,1,2,5,25.000000,DCFM-OLSR,0,-1,-1,-1,-1,-1,-1,-1,1,83.313586,1,2|3|0|1,defense_only
100000605,100000605,1,2.2.0,2,50,750.000000,1000.000000,0,190.000000,3,1,2,5,25.000000,DCFM-OLSR,0,-1,-1,-1,-1,-1,-1,-1,1,71.980833,1,1|2|3|0,attack_only
100000603,100000603,1,2.2.0,2,50,750.000000,1000.000000,0,190.000000,3,1,2,5,25.000000,DCFM-OLSR,0,-1,-1,-1,-1,-1,-1,-1,1,86.094317,1,2|1|3|0,defense_only
100000612,100000612,1,2.2.0,2,50,750.000000,1000.000000,0,190.000000,3,1,2,5,25.000000,DCFM-OLSR,0,-1,-1,-1,-1,-1,-1,-1,1,64.408500,1,1|2|0|3,attack_only
100000609,100000609,1,2.2.0,2,50,750.000000,1000.000000,0,190.000000,3,1,2,5,25.000000,DCFM-OLSR,0,-1,-1,-1,-1,-1,-1,-1,1,76.978643,1,1|3|0|2,attack_only
100000613,100000613,1,2.2.0,2,50,750.000000,1000.000000,0,190.000000,3,1,2,5,25.000000,DCFM-OLSR,0,-1,-1,-1,-1,-1,-1,-1,1,69.932545,1,2|3|1|0,defense_only
100000616,100000616,1,2.2.0,2,50,750.000000,1000.000000,0,190.000000,3,1,2,5,25.000000,DCFM-OLSR,0,-1,-1,-1,-1,-1,-1,-1,1,64.912529,1,2|0|3|1,defense_only
100000621,100000621,1,2.2.0,2,50,750.000000,1000.000000,0,190.000000,3,1,2,5,25.000000,DCFM-OLSR,0,-1,-1,-1,-1,-1,-1,-1,1,70.643567,1,2|0|3|1,defense_only
100000618,100000618,1,2.2.0,2,50,750.000000,1000.000000,0,190.000000,3,1,2,5,25.000000,DCFM-OLSR,0,-1,-1,-1,-1,-1,-1,-1,1,92.582804,1,3|1|2|0,defense_vs_attack
100000627,100000627,1,2.2.0,2,50,750.000000,1000.000000,0,190.000000,3,1,2,5,25.000000,DCFM-OLSR,0,-1,-1,-1,-1,-1,-1,-1,1,71.491814,1,3|2|0|1,defense_vs_attack
100000625,100000625,1,2.2.0,2,50,750.000000,1000.000000,0,190.000000,3,1,2,5,25.000000,DCFM-OLSR,0,-1,-1,-1,-1,-1,-1,-1,1,80.791975,1,3|0|1|2,defense_vs_attack
100000628,100000628,1,2.2.0,2,50,750.000000,1000.000000,0,190.000000,3,1,2,5,25.000000,DCFM-OLSR,0,-1,-1,-1,-1,-1,-1,-1,1,74.782657,1,2|0|3|1,defense_only
100000631,100000631,1,2.2.0,2,50,750.000000,1000.000000,0,190.000000,3,1,2,5,25.000000,DCFM-OLSR,0,-1,-1,-1,-1,-1,-1,-1,1,75.796145,1,0|2|1|3,baseline
100000636,100000636,1,2.2.0,2,50,750.000000,1000.000000,0,190.000000,3,1,2,5,25.000000,DCFM-OLSR,0,-1,-1,-1,-1,-1,-1,-1,1,70.120958,1,2|0|3|1,defense_only
100000637,100000637,1,2.2.0,2,50,750.000000,1000.000000,0,190.000000,3,1,2,5,25.000000,DCFM-OLSR,0,-1,-1,-1,-1,-1,-1,-1,1,75.768925,1,1|0|3|2,attack_only
100000641,100000641,1,2.2.0,2,50,750.000000,1000.000000,0,190.000000,3,1,2,5,25.000000,DCFM-OLSR,0,-1,-1,-1,-1,-1,-1,-1,1,66.026154,1,1|0|2|3,attack_only
100000647,100000647,1,2.2.0,2,50,750.000000,1000.000000,0,190.000000,3,1,2,5,25.000000,DCFM-OLSR,0,-1,-1,-1,-1,-1,-1,-1,1,64.929048,1,3|1|0|2,defense_vs_attack
100000645,100000645,1,2.2.0,2,50,750.000000,1000.000000,0,190.000000,3,1,2,5,25.000000,DCFM-OLSR,0,-1,-1,-1,-1,-1,-1,-1,1,76.798202,1,3|0|1|2,defense_vs_attack
100000648,100000648,1,2.2.0,2,50,750.000000,1000.000000,0,190.000000,3,1,2,5,25.000000,DCFM-OLSR,0,-1,-1,-1,-1,-1,-1,-1,1,82.810032,1,1|2|3|0,attack_only
100000651,100000651,1,2.2.0,2,50,750.000000,1000.000000,0,190.000000,3,1,2,5,25.000000,DCFM-OLSR,0,-1,-1,-1,-1,-1,-1,-1,1,75.859430,1,1|3|2|0,attack_only
100000653,100000653,1,2.2.0,2,50,750.000000,1000.000000,0,190.000000,3,1,2,5,25.000000,DCFM-OLSR,0,-1,-1,-1,-1,-1,-1,-1,1,75.832235,1,2|3|1|0,defense_only
100000655,100000655,1,2.2.0,2,50,750.000000,1000.000000,0,190.000000,3,1,2,5,25.000000,DCFM-OLSR,0,-1,-1,-1,-1,-1,-1,-1,1,77.013711,1,1|0|2|3,attack_only
100000656,100000656,1,2.2.0,2,50,750.000000,1000.000000,0,190.000000,3,1,2,5,25.000000,DCFM-OLSR,0,-1,-1,-1,-1,-1,-1,-1,1,73.946689,1,1|3|2|0,attack_only
100000661,100000661,1,2.2.0,2,50,750.000000,1000.000000,0,190.000000,3,1,2,5,25.000000,DCFM-OLSR,0,-1,-1,-1,-1,-1,-1,-1,1,64.564602,1,2|1|0|3,defense_only
100000659,100000659,1,2.2.0,2,50,750.000000,1000.000000,0,190.000000,3,1,2,5,25.000000,DCFM-OLSR,0,-1,-1,-1,-1,-1,-1,-1,1,76.102870,1,0|1|3|2,baseline
100000663,100000663,1,2.2.0,2,50,750.000000,1000.000000,0,190.000000,3,1,2,5,25.000000,DCFM-OLSR,0,-1,-1,-1,-1,-1,-1,-1,1,72.602137,1,2|1|0|3,defense_only
100000664,100000664,1,2.2.0,2,50,750.000000,1000.000000,0,190.000000,3,1,2,5,25.000000,DCFM-OLSR,0,-1,-1,-1,-1,-1,-1,-1,1,70.072725,1,0|3|1|2,baseline
100000670,100000670,1,2.2.0,2,50,750.000000,1000.000000,0,190.000000,3,1,2,5,25.000000,DCFM-OLSR,0,-1,-1,-1,-1,-1,-1,-1,1,77.423504,1,0|1|2|3,baseline
100000668,100000668,1,2.2.0,2,50,750.000000,1000.000000,0,190.000000,3,1,2,5,25.000000,DCFM-OLSR,0,-1,-1,-1,-1,-1,-1,-1,1,93.587411,1,1|3|2|0,attack_only
100000673,100000673,1,2.2.0,2,50,750.000000,1000.000000,0,190.000000,3,1,2,5,25.000000,DCFM-OLSR,0,-1,-1,-1,-1,-1,-1,-1,1,70.002163,1,2|1|0|3,defense_only
100000671,100000671,1,2.2.0,2,50,750.000000,1000.000000,0,190.000000,3,1,2,5,25.000000,DCFM-OLSR,0,-1,-1,-1,-1,-1,-1,-1,1,86.293711,1,2|1|3|0,defense_only
100000674,100000674,1,2.2.0,2,50,750.000000,1000.000000,0,190.000000,3,1,2,5,25.000000,DCFM-OLSR,0,-1,-1,-1,-1,-1,-1,-1,1,72.069720,1,1|3|2|0,attack_only
100000676,100000676,1,2.2.0,2,50,750.000000,1000.000000,0,190.000000,3,1,2,5,25.000000,DCFM-OLSR,0,-1,-1,-1,-1,-1,-1,-1,1,68.552245,1,1|3|0|2,attack_only
100000679,100000679,1,2.2.0,2,50,750.000000,1000.000000,0,190.000000,3,1,2,5,25.000000,DCFM-OLSR,0,-1,-1,-1,-1,-1,-1,-1,1,60.560558,1,1|0|3|2,attack_only
100000680,100000680,1,2.2.0,2,50,750.000000,1000.000000,0,190.000000,3,1,2,5,25.000000,DCFM-OLSR,0,-1,-1,-1,-1,-1,-1,-1,1,65.162965,1,1|0|3|2,attack_only
100000683,100000683,1,2.2.0,2,50,750.000000,1000.000000,0,190.000000,3,1,2,5,25.000000,DCFM-OLSR,0,-1,-1,-1,-1,-1,-1,-1,1,67.327179,1,3|0|1|2,defense_vs_attack
100000685,100000685,1,2.2.0,2,50,750.000000,1000.000000,0,190.000000,3,1,2,5,25.000000,DCFM-OLSR,0,-1,-1,-1,-1,-1,-1,-1,1,62.561578,1,3|1|0|2,defense_vs_attack
100000682,100000682,1,2.2.0,2,50,750.000000,1000.000000,0,190.000000,3,1,2,5,25.000000,DCFM-OLSR,0,-1,-1,-1,-1,-1,-1,-1,1,74.432956,1,2|0|1|3,defense_only
100000684,100000684,1,2.2.0,2,50,750.000000,1000.000000,0,190.000000,3,1,2,5,25.000000,DCFM-OLSR,0,-1,-1,-1,-1,-1,-1,-1,1,79.089668,1,2|0|3|1,defense_only
100000688,100000688,1,2.2.0,2,50,750.000000,1000.000000,0,190.000000,3,1,2,5,25.000000,DCFM-OLSR,0,-1,-1,-1,-1,-1,-1,-1,1,68.278503,1,2|1|0|3,defense_only
100000687,100000687,1,2.2.0,2,50,750.000000,1000.000000,0,190.000000,3,1,2,5,25.000000,DCFM-OLSR,0,-1,-1,-1,-1,-1,-1,-1,1,72.390615,1,2|0|3|1,defense_only
100000690,100000690,1,2.2.0,2,50,750.000000,1000.000000,0,190.000000,3,1,2,5,25.000000,DCFM-OLSR,0,-1,-1,-1,-1,-1,-1,-1,1,74.787788,1,0|2|3|1,baseline
100000692,100000692,1,2.2.0,2,50,750.000000,1000.000000,0,190.000000,3,1,2,5,25.000000,DCFM-OLSR,0,-1,-1,-1,-1,-1,-1,-1,1,79.608116,1,1|2|3|0,attack_only
100000698,100000698,1,2.2.0,2,50,750.000000,1000.000000,0,190.000000,3,1,2,5,25.000000,DCFM-OLSR,0,-1,-1,-1,-1,-1,-1,-1,1,75.153788,1,3|0|2|1,defense_vs_attack
100000704,100000704,1,2.2.0,2,50,750.000000,1000.000000,0,190.000000,3,1,2,5,25.000000,DCFM-OLSR,0,-1,-1,-1,-1,-1,-1,-1,1,65.505617,1,2|0|1|3,defense_only
100000699,100000699,1,2.2.0,2,50,750.000000,1000.000000,0,190.000000,3,1,2,5,25.000000,DCFM-OLSR,0,-1,-1,-1,-1,-1,-1,-1,1,80.883597,1,0|3|2|1,baseline
100000705,100000705,1,2.2.0,2,50,750.000000,1000.000000,0,190.000000,3,1,2,5,25.000000,DCFM-OLSR,0,-1,-1,-1,-1,-1,-1,-1,1,72.056331,1,3|0|1|2,defense_vs_attack
100000707,100000707,1,2.2.0,2,50,750.000000,1000.000000,0,190.000000,3,1,2,5,25.000000,DCFM-OLSR,0,-1,-1,-1,-1,-1,-1,-1,1,83.589379,1,3|1|2|0,defense_vs_attack
100000711,100000711,1,2.2.0,2,50,750.000000,1000.000000,0,190.000000,3,1,2,5,25.000000,DCFM-OLSR,0,-1,-1,-1,-1,-1,-1,-1,1,82.290313,1,3|2|0|1,defense_vs_attack
100000715,100000715,1,2.2.0,2,50,750.000000,1000.000000,0,190.000000,3,1,2,5,25.000000,DCFM-OLSR,0,-1,-1,-1,-1,-1,-1,-1,1,66.553610,1,0|1|2|3,baseline
100000717,100000717,1,2.2.0,2,50,750.000000,1000.000000,0,190.000000,3,1,2,5,25.000000,DCFM-OLSR,0,-1,-1,-1,-1,-1,-1,-1,1,70.894815,1,3|1|2|0,defense_vs_attack
100000718,100000718,1,2.2.0,2,50,750.000000,1000.000000,0,190.000000,3,1,2,5,25.000000,DCFM-OLSR,0,-1,-1,-1,-1,-1,-1,-1,1,74.781050,1,1|0|3|2,attack_only
100000724,100000724,1,2.2.0,2,50,750.000000,1000.000000,0,190.000000,3,1,2,5,25.000000,DCFM-OLSR,0,-1,-1,-1,-1,-1,-1,-1,1,78.537866,1,1|2|0|3,attack_only
100000737,100000737,1,2.2.0,2,50,750.000000,1000.000000,0,190.000000,3,1,2,5,25.000000,DCFM-OLSR,0,-1,-1,-1,-1,-1,-1,-1,1,78.971523,1,0|2|1|3,baseline
100000738,100000738,1,2.2.0,2,50,750.000000,1000.000000,0,190.000000,3,1,2,5,25.000000,DCFM-OLSR,0,-1,-1,-1,-1,-1,-1,-1,1,80.343583,1,2|1|0|3,defense_only
100000742,100000742,1,2.2.0,2,50,750.000000,1000.000000,0,190.000000,3,1,2,5,25.000000,DCFM-OLSR,0,-1,-1,-1,-1,-1,-1,-1,1,76.919587,1,1|2|0|3,attack_only
100000752,100000752,1,2.2.0,2,50,750.000000,1000.000000,0,190.000000,3,1,2,5,25.000000,DCFM-OLSR,0,-1,-1,-1,-1,-1,-1,-1,1,60.749208,1,2|0|1|3,defense_only
100000751,100000751,1,2.2.0,2,50,750.000000,1000.000000,0,190.000000,3,1,2,5,25.000000,DCFM-OLSR,0,-1,-1,-1,-1,-1,-1,-1,1,70.407619,1,1|3|2|0,attack_only
100000756,100000756,1,2.2.0,2,50,750.000000,1000.000000,0,190.000000,3,1,2,5,25.000000,DCFM-OLSR,0,-1,-1,-1,-1,-1,-1,-1,1,75.823966,1,1|2|0|3,attack_only
100000759,100000759,1,2.2.0,2,50,750.000000,1000.000000,0,190.000000,3,1,2,5,25.000000,DCFM-OLSR,0,-1,-1,-1,-1,-1,-1,-1,1,71.855617,1,0|3|1|2,baseline
100000762,100000762,1,2.2.0,2,50,750.000000,1000.000000,0,190.000000,3,1,2,5,25.000000,DCFM-OLSR,0,-1,-1,-1,-1,-1,-1,-1,1,64.576535,1,0|2|1|3,baseline
100000761,100000761,1,2.2.0,2,50,750.000000,1000.000000,0,190.000000,3,1,2,5,25.000000,DCFM-OLSR,0,-1,-1,-1,-1,-1,-1,-1,1,72.724609,1,0|2|3|1,baseline
100000763,100000763,1,2.2.0,2,50,750.000000,1000.000000,0,190.000000,3,1,2,5,25.000000,DCFM-OLSR,0,-1,-1,-1,-1,-1,-1,-1,1,84.025891,1,1|0|3|2,attack_only
100000768,100000768,1,2.2.0,2,50,750.000000,1000.000000,0,190.000000,3,1,2,5,25.000000,DCFM-OLSR,0,-1,-1,-1,-1,-1,-1,-1,1,66.602661,1,2|3|1|0,defense_only
100000770,100000770,1,2.2.0,2,50,750.000000,1000.000000,0,190.000000,3,1,2,5,25.000000,DCFM-OLSR,0,-1,-1,-1,-1,-1,-1,-1,1,69.606163,1,2|3|1|0,defense_only
100000774,100000774,1,2.2.0,2,50,750.000000,1000.000000,0,190.000000,3,1,2,5,25.000000,DCFM-OLSR,0,-1,-1,-1,-1,-1,-1,-1,1,89.322843,1,3|0|1|2,defense_vs_attack
100000779,100000779,1,2.2.0,2,50,750.000000,1000.000000,0,190.000000,3,1,2,5,25.000000,DCFM-OLSR,0,-1,-1,-1,-1,-1,-1,-1,1,84.682866,1,1|0|3|2,attack_only
100000784,100000784,1,2.2.0,2,50,750.000000,1000.000000,0,190.000000,3,1,2,5,25.000000,DCFM-OLSR,0,-1,-1,-1,-1,-1,-1,-1,1,69.667205,1,0|1|3|2,baseline
100000786,100000786,1,2.2.0,2,50,750.000000,1000.000000,0,190.000000,3,1,2,5,25.000000,DCFM-OLSR,0,-1,-1,-1,-1,-1,-1,-1,1,67.503683,1,0|2|1|3,baseline
100000785,100000785,1,2.2.0,2,50,750.000000,1000.000000,0,190.000000,3,1,2,5,25.000000,DCFM-OLSR,0,-1,-1,-1,-1,-1,-1,-1,1,83.853246,1,1|2|3|0,attack_only
100000790,100000790,1,2.2.0,2,50,750.000000,1000.000000,0,190.000000,3,1,2,5,25.000000,DCFM-OLSR,0,-1,-1,-1,-1,-1,-1,-1,1,72.578386,1,2|3|1|0,defense_only
100000795,100000795,1,2.2.0,2,50,750.000000,1000.000000,0,190.000000,3,1,2,5,25.000000,DCFM-OLSR,0,-1,-1,-1,-1,-1,-1,-1,1,71.456394,1,0|2|1|3,baseline
100000796,100000796,1,2.2.0,2,50,750.000000,1000.000000,0,190.000000,3,1,2,5,25.000000,DCFM-OLSR,0,-1,-1,-1,-1,-1,-1,-1,1,74.051947,1,2|0|1|3,defense_only
100000801,100000801,1,2.2.0,2,50,750.000000,1000.000000,0,190.000000,3,1,2,5,25.000000,DCFM-OLSR,0,-1,-1,-1,-1,-1,-1,-1,1,86.919179,1,3|1|2|0,defense_vs_attack
100000807,100000807,1,2.2.0,2,50,750.000000,1000.000000,0,190.000000,3,1,2,5,25.000000,DCFM-OLSR,0,-1,-1,-1,-1,-1,-1,-1,1,79.185774,1,3|1|0|2,defense_vs_attack
100000809,100000809,1,2.2.0,2,50,750.000000,1000.000000,0,190.000000,3,1,2,5,25.000000,DCFM-OLSR,0,-1,-1,-1,-1,-1,-1,-1,1,80.669828,1,3|1|2|0,defense_vs_attack
100000811,100000811,1,2.2.0,2,50,750.000000,1000.000000,0,190.000000,3,1,2,5,25.000000,DCFM-OLSR,0,-1,-1,-1,-1,-1,-1,-1,1,90.301615,1,0|2|1|3,baseline
100000815,100000815,1,2.2.0,2,50,750.000000,1000.000000,0,190.000000,3,1,2,5,25.000000,DCFM-OLSR,0,-1,-1,-1,-1,-1,-1,-1,1,77.286654,1,2|1|3|0,defense_only
100000814,100000814,1,2.2.0,2,50,750.000000,1000.000000,0,190.000000,3,1,2,5,25.000000,DCFM-OLSR,0,-1,-1,-1,-1,-1,-1,-1,1,81.070407,1,3|1|0|2,defense_vs_attack
100000817,100000817,1,2.2.0,2,50,750.000000,1000.000000,0,190.000000,3,1,2,5,25.000000,DCFM-OLSR,0,-1,-1,-1,-1,-1,-1,-1,1,78.525427,1,3|0|2|1,defense_vs_attack
100000821,100000821,1,2.2.0,2,50,750.000000,1000.000000,0,190.000000,3,1,2,5,25.000000,DCFM-OLSR,0,-1,-1,-1,-1,-1,-1,-1,1,69.457635,1,2|3|1|0,defense_only
100000830,100000830,1,2.2.0,2,50,750.000000,1000.000000,0,190.000000,3,1,2,5,25.000000,DCFM-OLSR,0,-1,-1,-1,-1,-1,-1,-1,1,71.204129,1,1|3|2|0,attack_only
100000823,100000823,1,2.2.0,2,50,750.000000,1000.000000,0,190.000000,3,1,2,5,25.000000,DCFM-OLSR,0,-1,-1,-1,-1,-1,-1,-1,1,96.913926,1,1|3|0|2,attack_only
100000828,100000828,1,2.2.0,2,50,750.000000,1000.000000,0,190.000000,3,1,2,5,25.000000,DCFM-OLSR,0,-1,-1,-1,-1,-1,-1,-1,1,79.414104,1,1|2|3|0,attack_only
100000831,100000831,1,2.2.0,2,50,750.000000,1000.000000,0,190.000000,3,1,2,5,25.000000,DCFM-OLSR,0,-1,-1,-1,-1,-1,-1,-1,1,77.106808,1,3|1|0|2,defense_vs_attack
100000832,100000832,1,2.2.0,2,50,750.000000,1000.000000,0,190.000000,3,1,2,5,25.000000,DCFM-OLSR,0,-1,-1,-1,-1,-1,-1,-1,1,87.639324,1,2|3|0|1,defense_only
100000834,100000834,1,2.2.0,2,50,750.000000,1000.000000,0,190.000000,3,1,2,5,25.000000,DCFM-OLSR,0,-1,-1,-1,-1,-1,-1,-1,1,85.790523,1,1|0|3|2,attack_only
100000837,100000837,1,2.2.0,2,50,750.000000,1000.000000,0,190.000000,3,1,2,5,25.000000,DCFM-OLSR,0,-1,-1,-1,-1,-1,-1,-1,1,97.803525,1,2|3|0|1,defense_only
100000839,100000839,1,2.2.0,2,50,750.000000,1000.000000,0,190.000000,3,1,2,5,25.000000,DCFM-OLSR,0,-1,-1,-1,-1,-1,-1,-1,1,86.557117,1,1|2|3|0,attack_only
100000847,100000847,1,2.2.0,2,50,750.000000,1000.000000,0,190.000000,3,1,2,5,25.000000,DCFM-OLSR,0,-1,-1,-1,-1,-1,-1,-1,1,80.076518,1,1|0|3|2,attack_only
100000846,100000846,1,2.2.0,2,50,750.000000,1000.000000,0,190.000000,3,1,2,5,25.000000,DCFM-OLSR,0,-1,-1,-1,-1,-1,-1,-1,1,104.039018,1,2|3|0|1,defense_only
100000855,100000855,1,2.2.0,2,50,750.000000,1000.000000,0,190.000000,3,1,2,5,25.000000,DCFM-OLSR,0,-1,-1,-1,-1,-1,-1,-1,1,103.814342,1,1|2|0|3,attack_only
100000881,100000881,1,2.2.0,2,50,750.000000,1000.000000,0,190.000000,3,1,2,5,25.000000,DCFM-OLSR,0,-1,-1,-1,-1,-1,-1,-1,1,80.739185,1,2|1|3|0,defense_only
100000882,100000882,1,2.2.0,2,50,750.000000,1000.000000,0,190.000000,3,1,2,5,25.000000,DCFM-OLSR,0,-1,-1,-1,-1,-1,-1,-1,1,91.542863,1,1|0|2|3,attack_only
100000884,100000884,1,2.2.0,2,50,750.000000,1000.000000,0,190.000000,3,1,2,5,25.000000,DCFM-OLSR,0,-1,-1,-1,-1,-1,-1,-1,1,87.598642,1,2|0|3|1,defense_only
100000878,100000878,1,2.2.0,2,50,750.000000,1000.000000,0,190.000000,3,1,2,5,25.000000,DCFM-OLSR,0,-1,-1,-1,-1,-1,-1,-1,1,101.679432,1,0|2|1|3,baseline
100000889,100000889,1,2.2.0,2,50,750.000000,1000.000000,0,190.000000,3,1,2,5,25.000000,DCFM-OLSR,0,-1,-1,-1,-1,-1,-1,-1,1,85.639427,1,3|0|1|2,defense_vs_attack
100000891,100000891,1,2.2.0,2,50,750.000000,1000.000000,0,190.000000,3,1,2,5,25.000000,DCFM-OLSR,0,-1,-1,-1,-1,-1,-1,-1,1,86.426983,1,3|1|2|0,defense_vs_attack
100000890,100000890,1,2.2.0,2,50,750.000000,1000.000000,0,190.000000,3,1,2,5,25.000000,DCFM-OLSR,0,-1,-1,-1,-1,-1,-1,-1,1,106.169421,1,0|2|1|3,baseline
100000894,100000894,1,2.2.0,2,50,750.000000,1000.000000,0,190.000000,3,1,2,5,25.000000,DCFM-OLSR,0,-1,-1,-1,-1,-1,-1,-1,1,85.663693,1,3|1|0|2,defense_vs_attack
100000901,100000901,1,2.2.0,2,50,750.000000,1000.000000,0,190.000000,3,1,2,5,25.000000,DCFM-OLSR,0,-1,-1,-1,-1,-1,-1,-1,1,81.264619,1,0|3|2|1,baseline
100000897,100000897,1,2.2.0,2,50,750.000000,1000.000000,0,190.000000,3,1,2,5,25.000000,DCFM-OLSR,0,-1,-1,-1,-1,-1,-1,-1,1,100.112868,1,2|3|1|0,defense_only
100000903,100000903,1,2.2.0,2,50,750.000000,1000.000000,0,190.000000,3,1,2,5,25.000000,DCFM-OLSR,0,-1,-1,-1,-1,-1,-1,-1,1,108.755215,1,0|3|2|1,baseline
100000913,100000913,1,2.2.0,2,50,750.000000,1000.000000,0,190.000000,3,1,2,5,25.000000,DCFM-OLSR,0,-1,-1,-1,-1,-1,-1,-1,1,86.541888,1,2|3|0|1,defense_only
100000914,100000914,1,2.2.0,2,50,750.000000,1000.000000,0,190.000000,3,1,2,5,25.000000,DCFM-OLSR,0,-1,-1,-1,-1,-1,-1,-1,1,100.600400,1,1|3|0|2,attack_only
100000919,100000919,1,2.2.0,2,50,750.000000,1000.000000,0,190.000000,3,1,2,5,25.000000,DCFM-OLSR,0,-1,-1,-1,-1,-1,-1,-1,1,73.021931,1,1|3|2|0,attack_only
100000921,100000921,1,2.2.0,2,50,750.000000,1000.000000,0,190.000000,3,1,2,5,25.000000,DCFM-OLSR,0,-1,-1,-1,-1,-1,-1,-1,1,73.746847,1,3|1|0|2,defense_vs_attack
100000917,100000917,1,2.2.0,2,50,750.000000,1000.000000,0,190.000000,3,1,2,5,25.000000,DCFM-OLSR,0,-1,-1,-1,-1,-1,-1,-1,1,104.470516,1,2|0|1|3,defense_only
100000925,100000925,1,2.2.0,2,50,750.000000,1000.000000,0,190.000000,3,1,2,5,25.000000,DCFM-OLSR,0,-1,-1,-1,-1,-1,-1,-1,1,87.121382,1,2|1|3|0,defense_only
100000927,100000927,1,2.2.0,2,50,750.000000,1000.000000,0,190.000000,3,1,2,5,25.000000,DCFM-OLSR,0,-1,-1,-1,-1,-1,-1,-1,1,87.150786,1,3|1|0|2,defense_vs_attack
100000932,100000932,1,2.2.0,2,50,750.000000,1000.000000,0,190.000000,3,1,2,5,25.000000,DCFM-OLSR,0,-1,-1,-1,-1,-1,-1,-1,1,74.791931,1,2|0|3|1,defense_only
100000934,100000934,1,2.2.0,2,50,750.000000,1000.000000,0,190.000000,3,1,2,5,25.000000,DCFM-OLSR,0,-1,-1,-1,-1,-1,-1,-1,1,84.282487,1,1|0|2|3,attack_only
100000942,100000942,1,2.2.0,2,50,750.000000,1000.000000,0,190.000000,3,1,2,5,25.000000,DCFM-OLSR,0,-1,-1,-1,-1,-1,-1,-1,1,72.785045,1,0|2|1|3,baseline
100000943,100000943,1,2.2.0,2,50,750.000000,1000.000000,0,190.000000,3,1,2,5,25.000000,DCFM-OLSR,0,-1,-1,-1,-1,-1,-1,-1,1,74.837569,1,0|1|2|3,baseline
100000944,100000944,1,2.2.0,2,50,750.000000,1000.000000,0,190.000000,3,1,2,5,25.000000,DCFM-OLSR,0,-1,-1,-1,-1,-1,-1,-1,1,85.275823,1,0|3|2|1,baseline
100000947,100000947,1,2.2.0,2,50,750.000000,1000.000000,0,190.000000,3,1,2,5,25.000000,DCFM-OLSR,0,-1,-1,-1,-1,-1,-1,-1,1,78.319266,1,2|3|1|0,defense_only
100000951,100000951,1,2.2.0,2,50,750.000000,1000.000000,0,190.000000,3,1,2,5,25.000000,DCFM-OLSR,0,-1,-1,-1,-1,-1,-1,-1,1,72.919548,1,3|2|1|0,defense_vs_attack
100000952,100000952,1,2.2.0,2,50,750.000000,1000.000000,0,190.000000,3,1,2,5,25.000000,DCFM-OLSR,0,-1,-1,-1,-1,-1,-1,-1,1,67.968895,1,1|2|0|3,attack_only
100000960,100000960,1,2.2.0,2,50,750.000000,1000.000000,0,190.000000,3,1,2,5,25.000000,DCFM-OLSR,0,-1,-1,-1,-1,-1,-1,-1,1,71.550109,1,3|1|0|2,defense_vs_attack
100000957,100000957,1,2.2.0,2,50,750.000000,1000.000000,0,190.000000,3,1,2,5,25.000000,DCFM-OLSR,0,-1,-1,-1,-1,-1,-1,-1,1,81.989731,1,0|2|3|1,baseline
100000958,100000958,1,2.2.0,2,50,750.000000,1000.000000,0,190.000000,3,1,2,5,25.000000,DCFM-OLSR,0,-1,-1,-1,-1,-1,-1,-1,1,90.235474,1,1|0|2|3,attack_only
100000962,100000962,1,2.2.0,2,50,750.000000,1000.000000,0,190.000000,3,1,2,5,25.000000,DCFM-OLSR,0,-1,-1,-1,-1,-1,-1,-1,1,80.994348,1,2|0|3|1,defense_only
100000974,100000974,1,2.2.0,2,50,750.000000,1000.000000,0,190.000000,3,1,2,5,25.000000,DCFM-OLSR,0,-1,-1,-1,-1,-1,-1,-1,1,71.536919,1,1|0|3|2,attack_only
100000977,100000977,1,2.2.0,2,50,750.000000,1000.000000,0,190.000000,3,1,2,5,25.000000,DCFM-OLSR,0,-1,-1,-1,-1,-1,-1,-1,1,80.053782,1,2|3|1|0,defense_only
100000981,100000981,1,2.2.0,2,50,750.000000,1000.000000,0,190.000000,3,1,2,5,25.000000,DCFM-OLSR,0,-1,-1,-1,-1,-1,-1,-1,1,72.349228,1,0|2|1|3,baseline
100000978,100000978,1,2.2.0,2,50,750.000000,1000.000000,0,190.000000,3,1,2,5,25.000000,DCFM-OLSR,0,-1,-1,-1,-1,-1,-1,-1,1,98.180353,1,0|3|2|1,baseline
100000985,100000985,1,2.2.0,2,50,750.000000,1000.000000,0,190.000000,3,1,2,5,25.000000,DCFM-OLSR,0,-1,-1,-1,-1,-1,-1,-1,1,82.545719,1,0|2|1|3,baseline
100000987,100000987,1,2.2.0,2,50,750.000000,1000.000000,0,190.000000,3,1,2,5,25.000000,DCFM-OLSR,0,-1,-1,-1,-1,-1,-1,-1,1,75.801993,1,3|1|0|2,defense_vs_attack
100000990,100000990,1,2.2.0,2,50,750.000000,1000.000000,0,190.000000,3,1,2,5,25.000000,DCFM-OLSR,0,-1,-1,-1,-1,-1,-1,-1,1,94.799448,1,2|3|0|1,defense_only
100000991,100000991,1,2.2.0,2,50,750.000000,1000.000000,0,190.000000,3,1,2,5,25.000000,DCFM-OLSR,0,-1,-1,-1,-1,-1,-1,-1,1,78.701917,1,0|1|2|3,baseline
100001001,100001001,1,2.2.0,2,50,750.000000,1000.000000,0,190.000000,3,1,2,5,25.000000,DCFM-OLSR,0,-1,-1,-1,-1,-1,-1,-1,1,80.264880,1,2|3|1|0,defense_only
100001002,100001002,1,2.2.0,2,50,750.000000,1000.000000,0,190.000000,3,1,2,5,25.000000,DCFM-OLSR,0,-1,-1,-1,-1,-1,-1,-1,1,87.475086,1,1|2|3|0,attack_only
100001005,100001005,1,2.2.0,2,50,750.000000,1000.000000,0,190.000000,3,1,2,5,25.000000,DCFM-OLSR,0,-1,-1,-1,-1,-1,-1,-1,1,115.883957,1,0|2|1|3,baseline
100001003,100001003,1,2.2.0,2,50,750.000000,1000.000000,0,190.000000,3,1,2,5,25.000000,DCFM-OLSR,0,-1,-1,-1,-1,-1,-1,-1,1,119.215983,1,0|2|3|1,baseline
100001006,100001006,1,2.2.0,2,50,750.000000,1000.000000,0,190.000000,3,1,2,5,25.000000,DCFM-OLSR,0,-1,-1,-1,-1,-1,-1,-1,1,134.722577,1,3|0|1|2,defense_vs_attack
100001008,100001008,1,2.2.0,2,50,750.000000,1000.000000,0,190.000000,3,1,2,5,25.000000,DCFM-OLSR,0,-1,-1,-1,-1,-1,-1,-1,1,129.022047,1,1|3|2|0,attack_only
100001025,100001025,1,2.2.0,2,50,750.000000,1000.000000,0,190.000000,3,1,2,5,25.000000,DCFM-OLSR,0,-1,-1,-1,-1,-1,-1,-1,1,98.514785,1,3|1|0|2,defense_vs_attack
100001029,100001029,1,2.2.0,2,50,750.000000,1000.000000,0,190.000000,3,1,2,5,25.000000,DCFM-OLSR,0,-1,-1,-1,-1,-1,-1,-1,1,95.816219,1,0|1|2|3,baseline
100001033,100001033,1,2.2.0,2,50,750.000000,1000.000000,0,190.000000,3,1,2,5,25.000000,DCFM-OLSR,0,-1,-1,-1,-1,-1,-1,-1,1,109.085187,1,1|3|2|0,attack_only
100001040,100001040,1,2.2.0,2,50,750.000000,1000.000000,0,190.000000,3,1,2,5,25.000000,DCFM-OLSR,0,-1,-1,-1,-1,-1,-1,-1,1,92.091165,1,1|2|0|3,attack_only
100001039,100001039,1,2.2.0,2,50,750.000000,1000.000000,0,190.000000,3,1,2,5,25.000000,DCFM-OLSR,0,-1,-1,-1,-1,-1,-1,-1,1,102.399188,1,0|1|2|3,baseline
100001037,100001037,1,2.2.0,2,50,750.000000,1000.000000,0,190.000000,3,1,2,5,25.000000,DCFM-OLSR,0,-1,-1,-1,-1,-1,-1,-1,1,114.261090,1,2|1|3|0,defense_only
100001045,100001045,1,2.2.0,2,50,750.000000,1000.000000,0,190.000000,3,1,2,5,25.000000,DCFM-OLSR,0,-1,-1,-1,-1,-1,-1,-1,1,107.231861,1,0|1|3|2,baseline
100001048,100001048,1,2.2.0,2,50,750.000000,1000.000000,0,190.000000,3,1,2,5,25.000000,DCFM-OLSR,0,-1,-1,-1,-1,-1,-1,-1,1,85.782633,1,2|0|1|3,defense_only
100001047,100001047,1,2.2.0,2,50,750.000000,1000.000000,0,190.000000,3,1,2,5,25.000000,DCFM-OLSR,0,-1,-1,-1,-1,-1,-1,-1,1,112.282476,1,0|2|3|1,baseline
100001050,100001050,1,2.2.0,2,50,750.000000,1000.000000,0,190.000000,3,1,2,5,25.000000,DCFM-OLSR,0,-1,-1,-1,-1,-1,-1,-1,1,91.549214,1,1|0|2|3,attack_only
100001053,100001053,1,2.2.0,2,50,750.000000,1000.000000,0,190.000000,3,1,2,5,25.000000,DCFM-OLSR,0,-1,-1,-1,-1,-1,-1,-1,1,96.816753,1,0|2|3|1,baseline
100001056,100001056,1,2.2.0,2,50,750.000000,1000.000000,0,190.000000,3,1,2,5,25.000000,DCFM-OLSR,0,-1,-1,-1,-1,-1,-1,-1,1,99.859803,1,0|2|1|3,baseline
100001057,100001057,1,2.2.0,2,50,750.000000,1000.000000,0,190.000000,3,1,2,5,25.000000,DCFM-OLSR,0,-1,-1,-1,-1,-1,-1,-1,1,115.346147,1,1|3|0|2,attack_only
100001063,100001063,1,2.2.0,2,50,750.000000,1000.000000,0,190.000000,3,1,2,5,25.000000,DCFM-OLSR,0,-1,-1,-1,-1,-1,-1,-1,1,105.568649,1,0|2|1|3,baseline
100001070,100001070,1,2.2.0,2,50,750.000000,1000.000000,0,190.000000,3,1,2,5,25.000000,DCFM-OLSR,0,-1,-1,-1,-1,-1,-1,-1,1,104.163084,1,1|2|3|0,attack_only
100001071,100001071,1,2.2.0,2,50,750.000000,1000.000000,0,190.000000,3,1,2,5,25.000000,DCFM-OLSR,0,-1,-1,-1,-1,-1,-1,-1,1,108.703358,1,3|2|0|1,defense_vs_attack
100001073,100001073,1,2.2.0,2,50,750.000000,1000.000000,0,190.000000,3,1,2,5,25.000000,DCFM-OLSR,0,-1,-1,-1,-1,-1,-1,-1,1,107.603251,1,0|2|1|3,baseline
100001072,100001072,1,2.2.0,2,50,750.000000,1000.000000,0,190.000000,3,1,2,5,25.000000,DCFM-OLSR,0,-1,-1,-1,-1,-1,-1,-1,1,115.227253,1,0|2|1|3,baseline
100001086,100001086,1,2.2.0,2,50,750.000000,1000.000000,0,190.000000,3,1,2,5,25.000000,DCFM-OLSR,0,-1,-1,-1,-1,-1,-1,-1,1,89.239145,1,1|0|3|2,attack_only
100001084,100001084,1,2.2.0,2,50,750.000000,1000.000000,0,190.000000,3,1,2,5,25.000000,DCFM-OLSR,0,-1,-1,-1,-1,-1,-1,-1,1,105.087529,1,3|2|1|0,defense_vs_attack
100001091,100001091,1,2.2.0,2,50,750.000000,1000.000000,0,190.000000,3,1,2,5,25.000000,DCFM-OLSR,0,-1,-1,-1,-1,-1,-1,-1,1,107.857874,1,3|2|1|0,defense_vs_attack
100001094,100001094,1,2.2.0,2,50,750.000000,1000.000000,0,190.000000,3,1,2,5,25.000000,DCFM-OLSR,0,-1,-1,-1,-1,-1,-1,-1,1,104.569688,1,0|1|3|2,baseline
100001100,100001100,1,2.2.0,2,50,750.000000,1000.000000,0,190.000000,3,1,2,5,25.000000,DCFM-OLSR,0,-1,-1,-1,-1,-1,-1,-1,1,101.257248,1,3|1|0|2,defense_vs_attack
100001102,100001102,1,2.2.0,2,50,750.000000,1000.000000,0,190.000000,3,1,2,5,25.000000,DCFM-OLSR,0,-1,-1,-1,-1,-1,-1,-1,1,107.903035,1,1|0|2|3,attack_only
100001107,100001107,1,2.2.0,2,50,750.000000,1000.000000,0,190.000000,3,1,2,5,25.000000,DCFM-OLSR,0,-1,-1,-1,-1,-1,-1,-1,1,110.928756,1,1|0|2|3,attack_only
100001121,100001121,1,2.2.0,2,50,750.000000,1000.000000,0,190.000000,3,1,2,5,25.000000,DCFM-OLSR,0,-1,-1,-1,-1,-1,-1,-1,1,103.062839,1,1|3|2|0,attack_only
100001119,100001119,1,2.2.0,2,50,750.000000,1000.000000,0,190.000000,3,1,2,5,25.000000,DCFM-OLSR,0,-1,-1,-1,-1,-1,-1,-1,1,119.931793,1,0|2|3|1,baseline
100001124,100001124,1,2.2.0,2,50,750.000000,1000.000000,0,190.000000,3,1,2,5,25.000000,DCFM-OLSR,0,-1,-1,-1,-1,-1,-1,-1,1,107.615204,1,2|1|3|0,defense_only
100001128,100001128,1,2.2.0,2,50,750.000000,1000.000000,0,190.000000,3,1,2,5,25.000000,DCFM-OLSR,0,-1,-1,-1,-1,-1,-1,-1,1,115.555180,1,1|3|0|2,attack_only
100001136,100001136,1,2.2.0,2,50,750.000000,1000.000000,0,190.000000,3,1,2,5,25.000000,DCFM-OLSR,0,-1,-1,-1,-1,-1,-1,-1,1,100.763157,1,0|1|3|2,baseline
100001134,100001134,1,2.2.0,2,50,750.000000,1000.000000,0,190.000000,3,1,2,5,25.000000,DCFM-OLSR,0,-1,-1,-1,-1,-1,-1,-1,1,114.961812,1,1|2|0|3,attack_only
100001139,100001139,1,2.2.0,2,50,750.000000,1000.000000,0,190.000000,3,1,2,5,25.000000,DCFM-OLSR,0,-1,-1,-1,-1,-1,-1,-1,1,107.518302,1,2|1|3|0,defense_only
100001142,100001142,1,2.2.0,2,50,750.000000,1000.000000,0,190.000000,3,1,2,5,25.000000,DCFM-OLSR,0,-1,-1,-1,-1,-1,-1,-1,1,108.230348,1,0|3|2|1,baseline
100001154,100001154,1,2.2.0,2,50,750.000000,1000.000000,0,190.000000,3,1,2,5,25.000000,DCFM-OLSR,0,-1,-1,-1,-1,-1,-1,-1,1,93.489013,1,0|2|1|3,baseline
100001153,100001153,1,2.2.0,2,50,750.000000,1000.000000,0,190.000000,3,1,2,5,25.000000,DCFM-OLSR,0,-1,-1,-1,-1,-1,-1,-1,1,97.850270,1,3|1|0|2,defense_vs_attack
100001157,100001157,1,2.2.0,2,50,750.000000,1000.000000,0,190.000000,3,1,2,5,25.000000,DCFM-OLSR,0,-1,-1,-1,-1,-1,-1,-1,1,122.700077,1,2|3|0|1,defense_only
100001155,100001155,1,2.2.0,2,50,750.000000,1000.000000,0,190.000000,3,1,2,5,25.000000,DCFM-OLSR,0,-1,-1,-1,-1,-1,-1,-1,1,127.553279,1,2|1|3|0,defense_only
100001166,100001166,1,2.2.0,2,50,750.000000,1000.000000,0,190.000000,3,1,2,5,25.000000,DCFM-OLSR,0,-1,-1,-1,-1,-1,-1,-1,1,98.391517,1,2|1|0|3,defense_only
100001167,100001167,1,2.2.0,2,50,750.000000,1000.000000,0,190.000000,3,1,2,5,25.000000,DCFM-OLSR,0,-1,-1,-1,-1,-1,-1,-1,1,100.537914,1,2|0|1|3,defense_only
100001171,100001171,1,2.2.0,2,50,750.000000,1000.000000,0,190.000000,3,1,2,5,25.000000,DCFM-OLSR,0,-1,-1,-1,-1,-1,-1,-1,1,106.510822,1,1|3|2|0,attack_only
100001175,100001175,1,2.2.0,2,50,750.000000,1000.000000,0,190.000000,3,1,2,5,25.000000,DCFM-OLSR,0,-1,-1,-1,-1,-1,-1,-1,1,112.193313,1,3|0|2|1,defense_vs_attack
100001180,100001180,1,2.2.0,2,50,750.000000,1000.000000,0,190.000000,3,1,2,5,25.000000,DCFM-OLSR,0,-1,-1,-1,-1,-1,-1,-1,1,92.156335,1,1|2|0|3,attack_only
100001188,100001188,1,2.2.0,2,50,750.000000,1000.000000,0,190.000000,3,1,2,5,25.000000,DCFM-OLSR,0,-1,-1,-1,-1,-1,-1,-1,1,104.827766,1,2|3|0|1,defense_only
100001189,100001189,1,2.2.0,2,50,750.000000,1000.000000,0,190.000000,3,1,2,5,25.000000,DCFM-OLSR,0,-1,-1,-1,-1,-1,-1,-1,1,101.959785,1,2|0|3|1,defense_only
100001191,100001191,1,2.2.0,2,50,750.000000,1000.000000,0,190.000000,3,1,2,5,25.000000,DCFM-OLSR,0,-1,-1,-1,-1,-1,-1,-1,1,114.514879,1,3|0|2|1,defense_vs_attack
100001195,100001195,1,2.2.0,2,50,750.000000,1000.000000,0,190.000000,3,1,2,5,25.000000,DCFM-OLSR,0,-1,-1,-1,-1,-1,-1,-1,1,113.604095,1,1|3|0|2,attack_only
100001198,100001198,1,2.2.0,2,50,750.000000,1000.000000,0,190.000000,3,1,2,5,25.000000,DCFM-OLSR,0,-1,-1,-1,-1,-1,-1,-1,1,112.943757,1,0|2|3|1,baseline
100001200,100001200,1,2.2.0,2,50,750.000000,1000.000000,0,190.000000,3,1,2,5,25.000000,DCFM-OLSR,0,-1,-1,-1,-1,-1,-1,-1,1,120.794994,1,3|2|0|1,defense_vs_attack
100001199,100001199,1,2.2.0,2,50,750.000000,1000.000000,0,190.000000,3,1,2,5,25.000000,DCFM-OLSR,0,-1,-1,-1,-1,-1,-1,-1,1,125.792711,1,2|3|1|0,defense_only
100001204,100001204,1,2.2.0,2,50,750.000000,1000.000000,0,190.000000,3,1,2,5,25.000000,DCFM-OLSR,0,-1,-1,-1,-1,-1,-1,-1,1,111.464558,1,3|0|1|2,defense_vs_attack
100001206,100001206,1,2.2.0,2,50,750.000000,1000.000000,0,190.000000,3,1,2,5,25.000000,DCFM-OLSR,0,-1,-1,-1,-1,-1,-1,-1,1,113.402000,1,0|2|3|1,baseline
100001208,100001208,1,2.2.0,2,50,750.000000,1000.000000,0,190.000000,3,1,2,5,25.000000,DCFM-OLSR,0,-1,-1,-1,-1,-1,-1,-1,1,98.844120,1,1|3|0|2,attack_only
100001210,100001210,1,2.2.0,2,50,750.000000,1000.000000,0,190.000000,3,1,2,5,25.000000,DCFM-OLSR,0,-1,-1,-1,-1,-1,-1,-1,1,113.042734,1,2|0|3|1,defense_only
100001213,100001213,1,2.2.0,2,50,750.000000,1000.000000,0,190.000000,3,1,2,5,25.000000,DCFM-OLSR,0,-1,-1,-1,-1,-1,-1,-1,1,103.775951,1,3|1|0|2,defense_vs_attack
100001215,100001215,1,2.2.0,2,50,750.000000,1000.000000,0,190.000000,3,1,2,5,25.000000,DCFM-OLSR,0,-1,-1,-1,-1,-1,-1,-1,1,122.574779,1,3|0|1|2,defense_vs_attack
100001214,100001214,1,2.2.0,2,50,750.000000,1000.000000,0,190.000000,3,1,2,5,25.000000,DCFM-OLSR,0,-1,-1,-1,-1,-1,-1,-1,1,147.201484,1,0|3|1|2,baseline
100001216,100001216,1,2.2.0,2,50,750.000000,1000.000000,0,190.000000,3,1,2,5,25.000000,DCFM-OLSR,0,-1,-1,-1,-1,-1,-1,-1,1,128.393630,1,3|2|1|0,defense_vs_attack
100001224,100001224,1,2.2.0,2,50,750.000000,1000.000000,0,190.000000,3,1,2,5,25.000000,DCFM-OLSR,0,-1,-1,-1,-1,-1,-1,-1,1,112.254292,1,2|0|3|1,defense_only
100001227,100001227,1,2.2.0,2,50,750.000000,1000.000000,0,190.000000,3,1,2,5,25.000000,DCFM-OLSR,0,-1,-1,-1,-1,-1,-1,-1,1,122.346529,1,0|2|3|1,baseline
100001228,100001228,1,2.2.0,2,50,750.000000,1000.000000,0,190.000000,3,1,2,5,25.000000,DCFM-OLSR,0,-1,-1,-1,-1,-1,-1,-1,1,130.650297,1,3|1|0|2,defense_vs_attack
100001230,100001230,1,2.2.0,2,50,750.000000,1000.000000,0,190.000000,3,1,2,5,25.000000,DCFM-OLSR,0,-1,-1,-1,-1,-1,-1,-1,1,127.412115,1,3|1|2|0,defense_vs_attack
100001231,100001231,1,2.2.0,2,50,750.000000,1000.000000,0,190.000000,3,1,2,5,25.000000,DCFM-OLSR,0,-1,-1,-1,-1,-1,-1,-1,1,154.322309,1,0|2|3|1,baseline
100001232,100001232,1,2.2.0,2,50,750.000000,1000.000000,0,190.000000,3,1,2,5,25.000000,DCFM-OLSR,0,-1,-1,-1,-1,-1,-1,-1,1,150.757408,1,3|2|0|1,defense_vs_attack
100001245,100001245,1,2.2.0,2,50,750.000000,1000.000000,0,190.000000,3,1,2,5,25.000000,DCFM-OLSR,0,-1,-1,-1,-1,-1,-1,-1,1,114.524100,1,2|3|0|1,defense_only
100001240,100001240,1,2.2.0,2,50,750.000000,1000.000000,0,190.000000,3,1,2,5,25.000000,DCFM-OLSR,0,-1,-1,-1,-1,-1,-1,-1,1,140.767698,1,2|1|3|0,defense_only
100001242,100001242,1,2.2.0,2,50,750.000000,1000.000000,0,190.000000,3,1,2,5,25.000000,DCFM-OLSR,0,-1,-1,-1,-1,-1,-1,-1,1,133.792222,1,1|0|2|3,attack_only
100001247,100001247,1,2.2.0,2,50,750.000000,1000.000000,0,190.000000,3,1,2,5,25.000000,DCFM-OLSR,0,-1,-1,-1,-1,-1,-1,-1,1,111.119578,1,0|2|3|1,baseline
100001244,100001244,1,2.2.0,2,50,750.000000,1000.000000,0,190.000000,3,1,2,5,25.000000,DCFM-OLSR,0,-1,-1,-1,-1,-1,-1,-1,1,155.100229,1,2|3|0|1,defense_only
100001249,100001249,1,2.2.0,2,50,750.000000,1000.000000,0,190.000000,3,1,2,5,25.000000,DCFM-OLSR,0,-1,-1,-1,-1,-1,-1,-1,1,123.488498,1,2|1|0|3,defense_only
100001248,100001248,1,2.2.0,2,50,750.000000,1000.000000,0,190.000000,3,1,2,5,25.000000,DCFM-OLSR,0,-1,-1,-1,-1,-1,-1,-1,1,151.061896,1,3|2|1|0,defense_vs_attack
100001253,100001253,1,2.2.0,2,50,750.000000,1000.000000,0,190.000000,3,1,2,5,25.000000,DCFM-OLSR,0,-1,-1,-1,-1,-1,-1,-1,1,133.050882,1,2|0|1|3,defense_only
100001251,100001251,1,2.2.0,2,50,750.000000,1000.000000,0,190.000000,3,1,2,5,25.000000,DCFM-OLSR,0,-1,-1,-1,-1,-1,-1,-1,1,144.353272,1,3|0|1|2,defense_vs_attack
100001255,100001255,1,2.2.0,2,50,750.000000,1000.000000,0,190.000000,3,1,2,5,25.000000,DCFM-OLSR,0,-1,-1,-1,-1,-1,-1,-1,1,131.314687,1,1|2|0|3,attack_only
100001257,100001257,1,2.2.0,2,50,750.000000,1000.000000,0,190.000000,3,1,2,5,25.000000,DCFM-OLSR,0,-1,-1,-1,-1,-1,-1,-1,1,147.538991,1,2|1|0|3,defense_only
100001259,100001259,1,2.2.0,2,50,750.000000,1000.000000,0,190.000000,3,1,2,5,25.000000,DCFM-OLSR,0,-1,-1,-1,-1,-1,-1,-1,1,141.013991,1,0|3|1|2,baseline
100001260,100001260,1,2.2.0,2,50,750.000000,1000.000000,0,190.000000,3,1,2,5,25.000000,DCFM-OLSR,0,-1,-1,-1,-1,-1,-1,-1,1,141.778587,1,1|3|2|0,attack_only
100001263,100001263,1,2.2.0,2,50,750.000000,1000.000000,0,190.000000,3,1,2,5,25.000000,DCFM-OLSR,0,-1,-1,-1,-1,-1,-1,-1,1,118.635408,1,0|3|1|2,baseline
100001267,100001267,1,2.2.0,2,50,750.000000,1000.000000,0,190.000000,3,1,2,5,25.000000,DCFM-OLSR,0,-1,-1,-1,-1,-1,-1,-1,1,85.686812,1,3|2|1|0,defense_vs_attack
100001264,100001264,1,2.2.0,2,50,750.000000,1000.000000,0,190.000000,3,1,2,5,25.000000,DCFM-OLSR,0,-1,-1,-1,-1,-1,-1,-1,1,129.891185,1,3|0|1|2,defense_vs_attack
100001268,100001268,1,2.2.0,2,50,750.000000,1000.000000,0,190.000000,3,1,2,5,25.000000,DCFM-OLSR,0,-1,-1,-1,-1,-1,-1,-1,1,119.670163,1,1|2|3|0,attack_only
100001269,100001269,1,2.2.0,2,50,750.000000,1000.000000,0,190.000000,3,1,2,5,25.000000,DCFM-OLSR,0,-1,-1,-1,-1,-1,-1,-1,1,102.647595,1,2|1|3|0,defense_only
100001270,100001270,1,2.2.0,2,50,750.000000,1000.000000,0,190.000000,3,1,2,5,25.000000,DCFM-OLSR,0,-1,-1,-1,-1,-1,-1,-1,1,101.203713,1,1|2|3|0,attack_only
100001273,100001273,1,2.2.0,2,50,750.000000,1000.000000,0,190.000000,3,1,2,5,25.000000,DCFM-OLSR,0,-1,-1,-1,-1,-1,-1,-1,1,117.595021,1,2|1|3|0,defense_only
100001278,100001278,1,2.2.0,2,50,750.000000,1000.000000,0,190.000000,3,1,2,5,25.000000,DCFM-OLSR,0,-1,-1,-1,-1,-1,-1,-1,1,92.378178,1,0|2|3|1,baseline
100001280,100001280,1,2.2.0,2,50,750.000000,1000.000000,0,190.000000,3,1,2,5,25.000000,DCFM-OLSR,0,-1,-1,-1,-1,-1,-1,-1,1,91.895166,1,3|0|1|2,defense_vs_attack
100001279,100001279,1,2.2.0,2,50,750.000000,1000.000000,0,190.000000,3,1,2,5,25.000000,DCFM-OLSR,0,-1,-1,-1,-1,-1,-1,-1,1,105.727314,1,3|2|0|1,defense_vs_attack
100001282,100001282,1,2.2.0,2,50,750.000000,1000.000000,0,190.000000,3,1,2,5,25.000000,DCFM-OLSR,0,-1,-1,-1,-1,-1,-1,-1,1,83.304202,1,0|1|3|2,baseline
100001283,100001283,1,2.2.0,2,50,750.000000,1000.000000,0,190.000000,3,1,2,5,25.000000,DCFM-OLSR,0,-1,-1,-1,-1,-1,-1,-1,1,89.899030,1,1|2|0|3,attack_only
100001287,100001287,1,2.2.0,2,50,750.000000,1000.000000,0,190.000000,3,1,2,5,25.000000,DCFM-OLSR,0,-1,-1,-1,-1,-1,-1,-1,1,79.783553,1,0|2|3|1,baseline
100001290,100001290,1,2.2.0,2,50,750.000000,1000.000000,0,190.000000,3,1,2,5,25.000000,DCFM-OLSR,0,-1,-1,-1,-1,-1,-1,-1,1,77.385672,1,3|1|2|0,defense_vs_attack
100001291,100001291,1,2.2.0,2,50,750.000000,1000.000000,0,190.000000,3,1,2,5,25.000000,DCFM-OLSR,0,-1,-1,-1,-1,-1,-1,-1,1,77.516749,1,0|2|1|3,baseline
100001293,100001293,1,2.2.0,2,50,750.000000,1000.000000,0,190.000000,3,1,2,5,25.000000,DCFM-OLSR,0,-1,-1,-1,-1,-1,-1,-1,1,76.210372,1,0|2|1|3,baseline
100001292,100001292,1,2.2.0,2,50,750.000000,1000.000000,0,190.000000,3,1,2,5,25.000000,DCFM-OLSR,0,-1,-1,-1,-1,-1,-1,-1,1,83.168399,1,3|2|1|0,defense_vs_attack
100001296,100001296,1,2.2.0,2,50,750.000000,1000.000000,0,190.000000,3,1,2,5,25.000000,DCFM-OLSR,0,-1,-1,-1,-1,-1,-1,-1,1,76.059257,1,3|2|0|1,defense_vs_attack
100001294,100001294,1,2.2.0,2,50,750.000000,1000.000000,0,190.000000,3,1,2,5,25.000000,DCFM-OLSR,0,-1,-1,-1,-1,-1,-1,-1,1,100.712521,1,3|2|1|0,defense_vs_attack
100001298,100001298,1,2.2.0,2,50,750.000000,1000.000000,0,190.000000,3,1,2,5,25.000000,DCFM-OLSR,0,-1,-1,-1,-1,-1,-1,-1,1,79.799977,1,0|3|2|1,baseline
100001301,100001301,1,2.2.0,2,50,750.000000,1000.000000,0,190.000000,3,1,2,5,25.000000,DCFM-OLSR,0,-1,-1,-1,-1,-1,-1,-1,1,67.081923,1,2|0|1|3,defense_only
100001300,100001300,1,2.2.0,2,50,750.000000,1000.000000,0,190.000000,3,1,2,5,25.000000,DCFM-OLSR,0,-1,-1,-1,-1,-1,-1,-1,1,76.767249,1,1|3|2|0,attack_only
100001302,100001302,1,2.2.0,2,50,750.000000,1000.000000,0,190.000000,3,1,2,5,25.000000,DCFM-OLSR,0,-1,-1,-1,-1,-1,-1,-1,1,70.919968,1,3|2|0|1,defense_vs_attack
100001303,100001303,1,2.2.0,2,50,750.000000,1000.000000,0,190.000000,3,1,2,5,25.000000,DCFM-OLSR,0,-1,-1,-1,-1,-1,-1,-1,1,84.343164,1,0|3|1|2,baseline
100001304,100001304,1,2.2.0,2,50,750.000000,1000.000000,0,190.000000,3,1,2,5,25.000000,DCFM-OLSR,0,-1,-1,-1,-1,-1,-1,-1,1,79.369770,1,3|2|1|0,defense_vs_attack
100001307,100001307,1,2.2.0,2,50,750.000000,1000.000000,0,190.000000,3,1,2,5,25.000000,DCFM-OLSR,0,-1,-1,-1,-1,-1,-1,-1,1,70.142055,1,1|2|0|3,attack_only
100001306,100001306,1,2.2.0,2,50,750.000000,1000.000000,0,190.000000,3,1,2,5,25.000000,DCFM-OLSR,0,-1,-1,-1,-1,-1,-1,-1,1,77.851209,1,3|2|0|1,defense_vs_attack
100001308,100001308,1,2.2.0,2,50,750.000000,1000.000000,0,190.000000,3,1,2,5,25.000000,DCFM-OLSR,0,-1,-1,-1,-1,-1,-1,-1,1,75.829198,1,0|2|1|3,baseline
100001316,100001316,1,2.2.0,2,50,750.000000,1000.000000,0,190.000000,3,1,2,5,25.000000,DCFM-OLSR,0,-1,-1,-1,-1,-1,-1,-1,1,80.861881,1,2|0|1|3,defense_only
100001322,100001322,1,2.2.0,2,50,750.000000,1000.000000,0,190.000000,3,1,2,5,25.000000,DCFM-OLSR,0,-1,-1,-1,-1,-1,-1,-1,1,82.977794,1,0|3|2|1,baseline
100001325,100001325,1,2.2.0,2,50,750.000000,1000.000000,0,190.000000,3,1,2,5,25.000000,DCFM-OLSR,0,-1,-1,-1,-1,-1,-1,-1,1,75.830279,1,3|1|0|2,defense_vs_attack
100001324,100001324,1,2.2.0,2,50,750.000000,1000.000000,0,190.000000,3,1,2,5,25.000000,DCFM-OLSR,0,-1,-1,-1,-1,-1,-1,-1,1,80.088139,1,2|1|3|0,defense_only
100001321,100001321,1,2.2.0,2,50,750.000000,1000.000000,0,190.000000,3,1,2,5,25.000000,DCFM-OLSR,0,-1,-1,-1,-1,-1,-1,-1,1,102.587922,1,0|1|3|2,baseline
100001330,100001330,1,2.2.0,2,50,750.000000,1000.000000,0,190.000000,3,1,2,5,25.000000,DCFM-OLSR,0,-1,-1,-1,-1,-1,-1,-1,1,87.576930,1,1|2|3|0,attack_only
100001331,100001331,1,2.2.0,2,50,750.000000,1000.000000,0,190.000000,3,1,2,5,25.000000,DCFM-OLSR,0,-1,-1,-1,-1,-1,-1,-1,1,94.429944,1,3|1|2|0,defense_vs_attack
100001332,100001332,1,2.2.0,2,50,750.000000,1000.000000,0,190.000000,3,1,2,5,25.000000,DCFM-OLSR,0,-1,-1,-1,-1,-1,-1,-1,1,90.914548,1,1|0|2|3,attack_only
100001336,100001336,1,2.2.0,2,50,750.000000,1000.000000,0,190.000000,3,1,2,5,25.000000,DCFM-OLSR,0,-1,-1,-1,-1,-1,-1,-1,1,95.734962,1,2|0|3|1,defense_only
100001339,100001339,1,2.2.0,2,50,750.000000,1000.000000,0,190.000000,3,1,2,5,25.000000,DCFM-OLSR,0,-1,-1,-1,-1,-1,-1,-1,1,103.802816,1,2|3|0|1,defense_only
100001340,100001340,1,2.2.0,2,50,750.000000,1000.000000,0,190.000000,3,1,2,5,25.000000,DCFM-OLSR,0,-1,-1,-1,-1,-1,-1,-1,1,109.567999,1,1|3|0|2,attack_only
100001346,100001346,1,2.2.0,2,50,750.000000,1000.000000,0,190.000000,3,1,2,5,25.000000,DCFM-OLSR,0,-1,-1,-1,-1,-1,-1,-1,1,93.613987,1,1|0|3|2,attack_only
100001347,100001347,1,2.2.0,2,50,750.000000,1000.000000,0,190.000000,3,1,2,5,25.000000,DCFM-OLSR,0,-1,-1,-1,-1,-1,-1,-1,1,94.863318,1,2|0|1|3,defense_only
100001349,100001349,1,2.2.0,2,50,750.000000,1000.000000,0,190.000000,3,1,2,5,25.000000,DCFM-OLSR,0,-1,-1,-1,-1,-1,-1,-1,1,109.174145,1,2|3|1|0,defense_only
100001358,100001358,1,2.2.0,2,50,750.000000,1000.000000,0,190.000000,3,1,2,5,25.000000,DCFM-OLSR,0,-1,-1,-1,-1,-1,-1,-1,1,76.851513,1,3|2|0|1,defense_vs_attack
100001359,100001359,1,2.2.0,2,50,750.000000,1000.000000,0,190.000000,3,1,2,5,25.000000,DCFM-OLSR,0,-1,-1,-1,-1,-1,-1,-1,1,78.109863,1,0|3|1|2,baseline
100001363,100001363,1,2.2.0,2,50,750.000000,1000.000000,0,190.000000,3,1,2,5,25.000000,DCFM-OLSR,0,-1,-1,-1,-1,-1,-1,-1,1,82.644706,1,2|3|0|1,defense_only
100001362,100001362,1,2.2.0,2,50,750.000000,1000.000000,0,190.000000,3,1,2,5,25.000000,DCFM-OLSR,0,-1,-1,-1,-1,-1,-1,-1,1,101.768848,1,3|1|0|2,defense_vs_attack
100001367,100001367,1,2.2.0,2,50,750.000000,1000.000000,0,190.000000,3,1,2,5,25.000000,DCFM-OLSR,0,-1,-1,-1,-1,-1,-1,-1,1,97.567547,1,3|1|2|0,defense_vs_attack
100001375,100001375,1,2.2.0,2,50,750.000000,1000.000000,0,190.000000,3,1,2,5,25.000000,DCFM-OLSR,0,-1,-1,-1,-1,-1,-1,-1,1,90.973235,1,1|0|3|2,attack_only
100001376,100001376,1,2.2.0,2,50,750.000000,1000.000000,0,190.000000,3,1,2,5,25.000000,DCFM-OLSR,0,-1,-1,-1,-1,-1,-1,-1,1,96.219911,1,2|0|1|3,defense_only
100001380,100001380,1,2.2.0,2,50,750.000000,1000.000000,0,190.000000,3,1,2,5,25.000000,DCFM-OLSR,0,-1,-1,-1,-1,-1,-1,-1,1,84.165992,1,3|1|2|0,defense_vs_attack
100001382,100001382,1,2.2.0,2,50,750.000000,1000.000000,0,190.000000,3,1,2,5,25.000000,DCFM-OLSR,0,-1,-1,-1,-1,-1,-1,-1,1,108.022535,1,0|3|1|2,baseline
100001386,100001386,1,2.2.0,2,50,750.000000,1000.000000,0,190.000000,3,1,2,5,25.000000,DCFM-OLSR,0,-1,-1,-1,-1,-1,-1,-1,1,95.729170,1,2|1|0|3,defense_only
100001388,100001388,1,2.2.0,2,50,750.000000,1000.000000,0,190.000000,3,1,2,5,25.000000,DCFM-OLSR,0,-1,-1,-1,-1,-1,-1,-1,1,92.002316,1,0|2|1|3,baseline
100001389,100001389,1,2.2.0,2,50,750.000000,1000.000000,0,190.000000,3,1,2,5,25.000000,DCFM-OLSR,0,-1,-1,-1,-1,-1,-1,-1,1,104.963839,1,2|1|0|3,defense_only
100001391,100001391,1,2.2.0,2,50,750.000000,1000.000000,0,190.000000,3,1,2,5,25.000000,DCFM-OLSR,0,-1,-1,-1,-1,-1,-1,-1,1,98.848661,1,1|0|3|2,attack_only
100001392,100001392,1,2.2.0,2,50,750.000000,1000.000000,0,190.000000,3,1,2,5,25.000000,DCFM-OLSR,0,-1,-1,-1,-1,-1,-1,-1,1,104.670347,1,2|1|3|0,defense_only
100001395,100001395,1,2.2.0,2,50,750.000000,1000.000000,0,190.000000,3,1,2,5,25.000000,DCFM-OLSR,0,-1,-1,-1,-1,-1,-1,-1,1,108.848491,1,1|3|0|2,attack_only
100001400,100001400,1,2.2.0,2,50,750.000000,1000.000000,0,190.000000,3,1,2,5,25.000000,DCFM-OLSR,0,-1,-1,-1,-1,-1,-1,-1,1,80.222144,1,1|3|2|0,attack_only
100001401,100001401,1,2.2.0,2,50,750.000000,1000.000000,0,190.000000,3,1,2,5,25.000000,DCFM-OLSR,0,-1,-1,-1,-1,-1,-1,-1,1,95.524353,1,0|1|3|2,baseline
100001413,100001413,1,2.2.0,2,50,750.000000,1000.000000,0,190.000000,3,1,2,5,25.000000,DCFM-OLSR,0,-1,-1,-1,-1,-1,-1,-1,1,79.652289,1,3|0|2|1,defense_vs_attack
100001412,100001412,1,2.2.0,2,50,750.000000,1000.000000,0,190.000000,3,1,2,5,25.000000,DCFM-OLSR,0,-1,-1,-1,-1,-1,-1,-1,1,97.646325,1,3|1|2|0,defense_vs_attack
100001411,100001411,1,2.2.0,2,50,750.000000,1000.000000,0,190.000000,3,1,2,5,25.000000,DCFM-OLSR,0,-1,-1,-1,-1,-1,-1,-1,1,116.382541,1,2|1|3|0,defense_only
100001418,100001418,1,2.2.0,2,50,750.000000,1000.000000,0,190.000000,3,1,2,5,25.000000,DCFM-OLSR,0,-1,-1,-1,-1,-1,-1,-1,1,82.415336,1,2|1|0|3,defense_only
100001429,100001429,1,2.2.0,2,50,750.000000,1000.000000,0,190.000000,3,1,2,5,25.000000,DCFM-OLSR,0,-1,-1,-1,-1,-1,-1,-1,1,72.325776,1,2|1|0|3,defense_only
100001428,100001428,1,2.2.0,2,50,750.000000,1000.000000,0,190.000000,3,1,2,5,25.000000,DCFM-OLSR,0,-1,-1,-1,-1,-1,-1,-1,1,76.347836,1,0|2|3|1,baseline
100001430,100001430,1,2.2.0,2,50,750.000000,1000.000000,0,190.000000,3,1,2,5,25.000000,DCFM-OLSR,0,-1,-1,-1,-1,-1,-1,-1,1,88.393776,1,2|1|3|0,defense_only
100001434,100001434,1,2.2.0,2,50,750.000000,1000.000000,0,190.000000,3,1,2,5,25.000000,DCFM-OLSR,0,-1,-1,-1,-1,-1,-1,-1,1,77.735953,1,0|1|2|3,baseline
100001435,100001435,1,2.2.0,2,50,750.000000,1000.000000,0,190.000000,3,1,2,5,25.000000,DCFM-OLSR,0,-1,-1,-1,-1,-1,-1,-1,1,83.411238,1,0|1|3|2,baseline
100001437,100001437,1,2.2.0,2,50,750.000000,1000.000000,0,190.000000,3,1,2,5,25.000000,DCFM-OLSR,0,-1,-1,-1,-1,-1,-1,-1,1,82.301731,1,1|2|3|0,attack_only
100001439,100001439,1,2.2.0,2,50,750.000000,1000.000000,0,190.000000,3,1,2,5,25.000000,DCFM-OLSR,0,-1,-1,-1,-1,-1,-1,-1,1,88.253459,1,1|3|0|2,attack_only
100001440,100001440,1,2.2.0,2,50,750.000000,1000.000000,0,190.000000,3,1,2,5,25.000000,DCFM-OLSR,0,-1,-1,-1,-1,-1,-1,-1,1,93.014569,1,1|2|3|0,attack_only
100001443,100001443,1,2.2.0,2,50,750.000000,1000.000000,0,190.000000,3,1,2,5,25.000000,DCFM-OLSR,0,-1,-1,-1,-1,-1,-1,-1,1,84.371085,1,1|0|2|3,attack_only
100001449,100001449,1,2.2.0,2,50,750.000000,1000.000000,0,190.000000,3,1,2,5,25.000000,DCFM-OLSR,0,-1,-1,-1,-1,-1,-1,-1,1,85.264229,1,3|1|2|0,defense_vs_attack
100001452,100001452,1,2.2.0,2,50,750.000000,1000.000000,0,190.000000,3,1,2,5,25.000000,DCFM-OLSR,0,-1,-1,-1,-1,-1,-1,-1,1,81.478895,1,2|0|3|1,defense_only
100001451,100001451,1,2.2.0,2,50,750.000000,1000.000000,0,190.000000,3,1,2,5,25.000000,DCFM-OLSR,0,-1,-1,-1,-1,-1,-1,-1,1,87.562605,1,1|2|0|3,attack_only
100001448,100001448,1,2.2.0,2,50,750.000000,1000.000000,0,190.000000,3,1,2,5,25.000000,DCFM-OLSR,0,-1,-1,-1,-1,-1,-1,-1,1,108.472346,1,2|0|3|1,defense_only
100001455,100001455,1,2.2.0,2,50,750.000000,1000.000000,0,190.000000,3,1,2,5,25.000000,DCFM-OLSR,0,-1,-1,-1,-1,-1,-1,-1,1,66.501030,1,1|0|3|2,attack_only
100001457,100001457,1,2.2.0,2,50,750.000000,1000.000000,0,190.000000,3,1,2,5,25.000000,DCFM-OLSR,0,-1,-1,-1,-1,-1,-1,-1,1,82.017178,1,3|1|0|2,defense_vs_attack
100001458,100001458,1,2.2.0,2,50,750.000000,1000.000000,0,190.000000,3,1,2,5,25.000000,DCFM-OLSR,0,-1,-1,-1,-1,-1,-1,-1,1,95.260627,1,0|2|3|1,baseline
100001476,100001476,1,2.2.0,2,50,750.000000,1000.000000,0,190.000000,3,1,2,5,25.000000,DCFM-OLSR,0,-1,-1,-1,-1,-1,-1,-1,1,74.737137,1,2|3|1|0,defense_only
100001475,100001475,1,2.2.0,2,50,750.000000,1000.000000,0,190.000000,3,1,2,5,25.000000,DCFM-OLSR,0,-1,-1,-1,-1,-1,-1,-1,1,92.785022,1,3|2|1|0,defense_vs_attack
100001474,100001474,1,2.2.0,2,50,750.000000,1000.000000,0,190.000000,3,1,2,5,25.000000,DCFM-OLSR,0,-1,-1,-1,-1,-1,-1,-1,1,95.771004,1,0|3|2|1,baseline
100001484,100001484,1,2.2.0,2,50,750.000000,1000.000000,0,190.000000,3,1,2,5,25.000000,DCFM-OLSR,0,-1,-1,-1,-1,-1,-1,-1,1,79.640125,1,3|1|0|2,defense_vs_attack
100001483,100001483,1,2.2.0,2,50,750.000000,1000.000000,0,190.000000,3,1,2,5,25.000000,DCFM-OLSR,0,-1,-1,-1,-1,-1,-1,-1,1,102.156429,1,0|3|2|1,baseline
100001487,100001487,1,2.2.0,2,50,750.000000,1000.000000,0,190.000000,3,1,2,5,25.000000,DCFM-OLSR,0,-1,-1,-1,-1,-1,-1,-1,1,91.232331,1,0|2|1|3,baseline
100001489,100001489,1,2.2.0,2,50,750.000000,1000.000000,0,190.000000,3,1,2,5,25.000000,DCFM-OLSR,0,-1,-1,-1,-1,-1,-1,-1,1,91.761108,1,3|1|0|2,defense_vs_attack
100001498,100001498,1,2.2.0,2,50,750.000000,1000.000000,0,190.000000,3,1,2,5,25.000000,DCFM-OLSR,0,-1,-1,-1,-1,-1,-1,-1,1,84.567139,1,1|3|2|0,attack_only
100001496,100001496,1,2.2.0,2,50,750.000000,1000.000000,0,190.000000,3,1,2,5,25.000000,DCFM-OLSR,0,-1,-1,-1,-1,-1,-1,-1,1,92.189401,1,0|3|1|2,baseline
100001505,100001505,1,2.2.0,2,50,750.000000,1000.000000,0,190.000000,3,1,2,5,25.000000,DCFM-OLSR,0,-1,-1,-1,-1,-1,-1,-1,1,73.390482,1,2|0|1|3,defense_only
100001510,100001510,1,2.2.0,2,50,750.000000,1000.000000,0,190.000000,3,1,2,5,25.000000,DCFM-OLSR,0,-1,-1,-1,-1,-1,-1,-1,1,64.627010,1,0|3|2|1,baseline
100001509,100001509,1,2.2.0,2,50,750.000000,1000.000000,0,190.000000,3,1,2,5,25.000000,DCFM-OLSR,0,-1,-1,-1,-1,-1,-1,-1,1,66.872395,1,1|3|0|2,attack_only
100001508,100001508,1,2.2.0,2,50,750.000000,1000.000000,0,190.000000,3,1,2,5,25.000000,DCFM-OLSR,0,-1,-1,-1,-1,-1,-1,-1,1,81.997739,1,2|0|1|3,defense_only
100001507,100001507,1,2.2.0,2,50,750.000000,1000.000000,0,190.000000,3,1,2,5,25.000000,DCFM-OLSR,0,-1,-1,-1,-1,-1,-1,-1,1,98.680447,1,3|2|1|0,defense_vs_attack
100001511,100001511,1,2.2.0,2,50,750.000000,1000.000000,0,190.000000,3,1,2,5,25.000000,DCFM-OLSR,0,-1,-1,-1,-1,-1,-1,-1,1,101.053812,1,0|3|1|2,baseline
100001513,100001513,1,2.2.0,2,50,750.000000,1000.000000,0,190.000000,3,1,2,5,25.000000,DCFM-OLSR,0,-1,-1,-1,-1,-1,-1,-1,1,95.270930,1,1|3|0|2,attack_only
100001518,100001518,1,2.2.0,2,50,750.000000,1000.000000,0,190.000000,3,1,2,5,25.000000,DCFM-OLSR,0,-1,-1,-1,-1,-1,-1,-1,1,93.328507,1,1|2|3|0,attack_only
100001521,100001521,1,2.2.0,2,50,750.000000,1000.000000,0,190.000000,3,1,2,5,25.000000,DCFM-OLSR,0,-1,-1,-1,-1,-1,-1,-1,1,92.862208,1,0|1|3|2,baseline
100001527,100001527,1,2.2.0,2,50,750.000000,1000.000000,0,190.000000,3,1,2,5,25.000000,DCFM-OLSR,0,-1,-1,-1,-1,-1,-1,-1,1,89.246097,1,1|3|0|2,attack_only
100001525,100001525,1,2.2.0,2,50,750.000000,1000.000000,0,190.000000,3,1,2,5,25.000000,DCFM-OLSR,0,-1,-1,-1,-1,-1,-1,-1,1,96.231126,1,0|1|2|3,baseline
100001529,100001529,1,2.2.0,2,50,750.000000,1000.000000,0,190.000000,3,1,2,5,25.000000,DCFM-OLSR,0,-1,-1,-1,-1,-1,-1,-1,1,98.712378,1,3|2|0|1,defense_vs_attack
100001533,100001533,1,2.2.0,2,50,750.000000,1000.000000,0,190.000000,3,1,2,5,25.000000,DCFM-OLSR,0,-1,-1,-1,-1,-1,-1,-1,1,98.679844,1,1|0|3|2,attack_only
100001534,100001534,1,2.2.0,2,50,750.000000,1000.000000,0,190.000000,3,1,2,5,25.000000,DCFM-OLSR,0,-1,-1,-1,-1,-1,-1,-1,1,99.736299,1,1|3|2|0,attack_only
100001546,100001546,1,2.2.0,2,50,750.000000,1000.000000,0,190.000000,3,1,2,5,25.000000,DCFM-OLSR,0,-1,-1,-1,-1,-1,-1,-1,1,87.048699,1,2|0|3|1,defense_only
100001547,100001547,1,2.2.0,2,50,750.000000,1000.000000,0,190.000000,3,1,2,5,25.000000,DCFM-OLSR,0,-1,-1,-1,-1,-1,-1,-1,1,90.625448,1,0|3|2|1,baseline
100001553,100001553,1,2.2.0,2,50,750.000000,1000.000000,0,190.000000,3,1,2,5,25.000000,DCFM-OLSR,0,-1,-1,-1,-1,-1,-1,-1,1,82.796906,1,1|2|0|3,attack_only
100001549,100001549,1,2.2.0,2,50,750.000000,1000.000000,0,190.000000,3,1,2,5,25.000000,DCFM-OLSR,0,-1,-1,-1,-1,-1,-1,-1,1,101.513434,1,1|0|3|2,attack_only
100001559,100001559,1,2.2.0,2,50,750.000000,1000.000000,0,190.000000,3,1,2,5,25.000000,DCFM-OLSR,0,-1,-1,-1,-1,-1,-1,-1,1,69.101330,1,2|0|1|3,defense_only
100001558,100001558,1,2.2.0,2,50,750.000000,1000.000000,0,190.000000,3,1,2,5,25.000000,DCFM-OLSR,0,-1,-1,-1,-1,-1,-1,-1,1,85.230794,1,2|1|0|3,defense_only
100001566,100001566,1,2.2.0,2,50,750.000000,1000.000000,0,190.000000,3,1,2,5,25.000000,DCFM-OLSR,0,-1,-1,-1,-1,-1,-1,-1,1,81.538511,1,3|1|0|2,defense_vs_attack
100001562,100001562,1,2.2.0,2,50,750.000000,1000.000000,0,190.000000,3,1,2,5,25.000000,DCFM-OLSR,0,-1,-1,-1,-1,-1,-1,-1,1,96.099324,1,1|3|0|2,attack_only
100001568,100001568,1,2.2.0,2,50,750.000000,1000.000000,0,190.000000,3,1,2,5,25.000000,DCFM-OLSR,0,-1,-1,-1,-1,-1,-1,-1,1,76.722874,1,1|0|2|3,attack_only
100001565,100001565,1,2.2.0,2,50,750.000000,1000.000000,0,190.000000,3,1,2,5,25.000000,DCFM-OLSR,0,-1,-1,-1,-1,-1,-1,-1,1,92.204571,1,2|1|3|0,defense_only
100001567,100001567,1,2.2.0,2,50,750.000000,1000.000000,0,190.000000,3,1,2,5,25.000000,DCFM-OLSR,0,-1,-1,-1,-1,-1,-1,-1,1,108.618182,1,1|0|3|2,attack_only
100001572,100001572,1,2.2.0,2,50,750.000000,1000.000000,0,190.000000,3,1,2,5,25.000000,DCFM-OLSR,0,-1,-1,-1,-1,-1,-1,-1,1,81.199005,1,1|3|0|2,attack_only
100001573,100001573,1,2.2.0,2,50,750.000000,1000.000000,0,190.000000,3,1,2,5,25.000000,DCFM-OLSR,0,-1,-1,-1,-1,-1,-1,-1,1,88.842588,1,2|1|0|3,defense_only
100001579,100001579,1,2.2.0,2,50,750.000000,1000.000000,0,190.000000,3,1,2,5,25.000000,DCFM-OLSR,0,-1,-1,-1,-1,-1,-1,-1,1,64.738046,1,1|2|0|3,attack_only
100001577,100001577,1,2.2.0,2,50,750.000000,1000.000000,0,190.000000,3,1,2,5,25.000000,DCFM-OLSR,0,-1,-1,-1,-1,-1,-1,-1,1,81.945776,1,0|1|3|2,baseline
100001580,100001580,1,2.2.0,2,50,750.000000,1000.000000,0,190.000000,3,1,2,5,25.000000,DCFM-OLSR,0,-1,-1,-1,-1,-1,-1,-1,1,82.478264,1,2|1|3|0,defense_only
100001575,100001575,1,2.2.0,2,50,750.000000,1000.000000,0,190.000000,3,1,2,5,25.000000,DCFM-OLSR,0,-1,-1,-1,-1,-1,-1,-1,1,100.214517,1,1|0|3|2,attack_only
100001581,100001581,1,2.2.0,2,50,750.000000,1000.000000,0,190.000000,3,1,2,5,25.000000,DCFM-OLSR,0,-1,-1,-1,-1,-1,-1,-1,1,83.265089,1,0|3|2|1,baseline
100001585,100001585,1,2.2.0,2,50,750.000000,1000.000000,0,190.000000,3,1,2,5,25.000000,DCFM-OLSR,0,-1,-1,-1,-1,-1,-1,-1,1,85.511190,1,3|0|1|2,defense_vs_attack
100001586,100001586,1,2.2.0,2,50,750.000000,1000.000000,0,190.000000,3,1,2,5,25.000000,DCFM-OLSR,0,-1,-1,-1,-1,-1,-1,-1,1,109.286953,1,0|3|1|2,baseline
100001591,100001591,1,2.2.0,2,50,750.000000,1000.000000,0,190.000000,3,1,2,5,25.000000,DCFM-OLSR,0,-1,-1,-1,-1,-1,-1,-1,1,88.141191,1,1|3|2|0,attack_only
100001593,100001593,1,2.2.0,2,50,750.000000,1000.000000,0,190.000000,3,1,2,5,25.000000,DCFM-OLSR,0,-1,-1,-1,-1,-1,-1,-1,1,82.586895,1,0|1|3|2,baseline
100001596,100001596,1,2.2.0,2,50,750.000000,1000.000000,0,190.000000,3,1,2,5,25.000000,DCFM-OLSR,0,-1,-1,-1,-1,-1,-1,-1,1,80.021907,1,2|0|3|1,defense_only
100001595,100001595,1,2.2.0,2,50,750.000000,1000.000000,0,190.000000,3,1,2,5,25.000000,DCFM-OLSR,0,-1,-1,-1,-1,-1,-1,-1,1,93.880680,1,1|3|2|0,attack_only
100001599,100001599,1,2.2.0,2,50,750.000000,1000.000000,0,190.000000,3,1,2,5,25.000000,DCFM-OLSR,0,-1,-1,-1,-1,-1,-1,-1,1,78.148712,1,0|3|1|2,baseline
100001602,100001602,1,2.2.0,2,50,750.000000,1000.000000,0,190.000000,3,1,2,5,25.000000,DCFM-OLSR,0,-1,-1,-1,-1,-1,-1,-1,1,89.948839,1,1|3|0|2,attack_only
100001605,100001605,1,2.2.0,2,50,750.000000,1000.000000,0,190.000000,3,1,2,5,25.000000,DCFM-OLSR,0,-1,-1,-1,-1,-1,-1,-1,1,100.437441,1,1|0|3|2,attack_only
100001614,100001614,1,2.2.0,2,50,750.000000,1000.000000,0,190.000000,3,1,2,5,25.000000,DCFM-OLSR,0,-1,-1,-1,-1,-1,-1,-1,1,91.419790,1,0|2|3|1,baseline
100001616,100001616,1,2.2.0,2,50,750.000000,1000.000000,0,190.000000,3,1,2,5,25.000000,DCFM-OLSR,0,-1,-1,-1,-1,-1,-1,-1,1,92.126876,1,3|1|2|0,defense_vs_attack
100001618,100001618,1,2.2.0,2,50,750.000000,1000.000000,0,190.000000,3,1,2,5,25.000000,DCFM-OLSR,0,-1,-1,-1,-1,-1,-1,-1,1,93.906867,1,3|1|0|2,defense_vs_attack
100001621,100001621,1,2.2.0,2,50,750.000000,1000.000000,0,190.000000,3,1,2,5,25.000000,DCFM-OLSR,0,-1,-1,-1,-1,-1,-1,-1,1,90.773173,1,0|1|3|2,baseline
100001619,100001619,1,2.2.0,2,50,750.000000,1000.000000,0,190.000000,3,1,2,5,25.000000,DCFM-OLSR,0,-1,-1,-1,-1,-1,-1,-1,1,105.372105,1,1|3|0|2,attack_only
100001622,100001622,1,2.2.0,2,50,750.000000,1000.000000,0,190.000000,3,1,2,5,25.000000,DCFM-OLSR,0,-1,-1,-1,-1,-1,-1,-1,1,121.909842,1,0|1|2|3,baseline
100001627,100001627,1,2.2.0,2,50,750.000000,1000.000000,0,190.000000,3,1,2,5,25.000000,DCFM-OLSR,0,-1,-1,-1,-1,-1,-1,-1,1,91.586131,1,1|3|0|2,attack_only
100001633,100001633,1,2.2.0,2,50,750.000000,1000.000000,0,190.000000,3,1,2,5,25.000000,DCFM-OLSR,0,-1,-1,-1,-1,-1,-1,-1,1,85.867831,1,1|2|0|3,attack_only
100001637,100001637,1,2.2.0,2,50,750.000000,1000.000000,0,190.000000,3,1,2,5,25.000000,DCFM-OLSR,0,-1,-1,-1,-1,-1,-1,-1,1,75.481690,1,2|3|0|1,defense_only
100001632,100001632,1,2.2.0,2,50,750.000000,1000.000000,0,190.000000,3,1,2,5,25.000000,DCFM-OLSR,0,-1,-1,-1,-1,-1,-1,-1,1,95.915473,1,3|1|0|2,defense_vs_attack
100001639,100001639,1,2.2.0,2,50,750.000000,1000.000000,0,190.000000,3,1,2,5,25.000000,DCFM-OLSR,0,-1,-1,-1,-1,-1,-1,-1,1,91.635236,1,0|3|2|1,baseline
100001645,100001645,1,2.2.0,2,50,750.000000,1000.000000,0,190.000000,3,1,2,5,25.000000,DCFM-OLSR,0,-1,-1,-1,-1,-1,-1,-1,1,87.567895,1,2|1|0|3,defense_only
100001646,100001646,1,2.2.0,2,50,750.000000,1000.000000,0,190.000000,3,1,2,5,25.000000,DCFM-OLSR,0,-1,-1,-1,-1,-1,-1,-1,1,95.186356,1,2|3|0|1,defense_only
100001648,100001648,1,2.2.0,2,50,750.000000,1000.000000,0,190.000000,3,1,2,5,25.000000,DCFM-OLSR,0,-1,-1,-1,-1,-1,-1,-1,1,75.665073,1,1|3|0|2,attack_only
100001657,100001657,1,2.2.0,2,50,750.000000,1000.000000,0,190.000000,3,1,2,5,25.000000,DCFM-OLSR,0,-1,-1,-1,-1,-1,-1,-1,1,89.184524,1,2|3|1|0,defense_only
100001655,100001655,1,2.2.0,2,50,750.000000,1000.000000,0,190.000000,3,1,2,5,25.000000,DCFM-OLSR,0,-1,-1,-1,-1,-1,-1,-1,1,106.746624,1,1|3|0|2,attack_only
100001661,100001661,1,2.2.0,2,50,750.000000,1000.000000,0,190.000000,3,1,2,5,25.000000,DCFM-OLSR,0,-1,-1,-1,-1,-1,-1,-1,1,89.845354,1,3|1|2|0,defense_vs_attack
100001663,100001663,1,2.2.0,2,50,750.000000,1000.000000,0,190.000000,3,1,2,5,25.000000,DCFM-OLSR,0,-1,-1,-1,-1,-1,-1,-1,1,82.952884,1,0|2|1|3,baseline
100001664,100001664,1,2.2.0,2,50,750.000000,1000.000000,0,190.000000,3,1,2,5,25.000000,DCFM-OLSR,0,-1,-1,-1,-1,-1,-1,-1,1,83.471516,1,2|0|1|3,defense_only
100001665,100001665,1,2.2.0,2,50,750.000000,1000.000000,0,190.000000,3,1,2,5,25.000000,DCFM-OLSR,0,-1,-1,-1,-1,-1,-1,-1,1,98.875388,1,2|0|3|1,defense_only
100001672,100001672,1,2.2.0,2,50,750.000000,1000.000000,0,190.000000,3,1,2,5,25.000000,DCFM-OLSR,0,-1,-1,-1,-1,-1,-1,-1,1,79.497528,1,2|3|1|0,defense_only
100001678,100001678,1,2.2.0,2,50,750.000000,1000.000000,0,190.000000,3,1,2,5,25.000000,DCFM-OLSR,0,-1,-1,-1,-1,-1,-1,-1,1,84.375687,1,1|2|0|3,attack_only
100001689,100001689,1,2.2.0,2,50,750.000000,1000.000000,0,190.000000,3,1,2,5,25.000000,DCFM-OLSR,0,-1,-1,-1,-1,-1,-1,-1,1,72.427444,1,2|1|0|3,defense_only
100001685,100001685,1,2.2.0,2,50,750.000000,1000.000000,0,190.000000,3,1,2,5,25.000000,DCFM-OLSR,0,-1,-1,-1,-1,-1,-1,-1,1,85.966824,1,0|3|1|2,baseline
100001691,100001691,1,2.2.0,2,50,750.000000,1000.000000,0,190.000000,3,1,2,5,25.000000,DCFM-OLSR,0,-1,-1,-1,-1,-1,-1,-1,1,93.283099,1,1|0|2|3,attack_only
100001697,100001697,1,2.2.0,2,50,750.000000,1000.000000,0,190.000000,3,1,2,5,25.000000,DCFM-OLSR,0,-1,-1,-1,-1,-1,-1,-1,1,84.995852,1,0|2|3|1,baseline
100001700,100001700,1,2.2.0,2,50,750.000000,1000.000000,0,190.000000,3,1,2,5,25.000000,DCFM-OLSR,0,-1,-1,-1,-1,-1,-1,-1,1,93.328172,1,2|0|3|1,defense_only
100001703,100001703,1,2.2.0,2,50,750.000000,1000.000000,0,190.000000,3,1,2,5,25.000000,DCFM-OLSR,0,-1,-1,-1,-1,-1,-1,-1,1,101.588134,1,3|2|1|0,defense_vs_attack
100001706,100001706,1,2.2.0,2,50,750.000000,1000.000000,0,190.000000,3,1,2,5,25.000000,DCFM-OLSR,0,-1,-1,-1,-1,-1,-1,-1,1,88.401987,1,1|3|0|2,attack_only
100001708,100001708,1,2.2.0,2,50,750.000000,1000.000000,0,190.000000,3,1,2,5,25.000000,DCFM-OLSR,0,-1,-1,-1,-1,-1,-1,-1,1,83.109978,1,3|0|1|2,defense_vs_attack
100001716,100001716,1,2.2.0,2,50,750.000000,1000.000000,0,190.000000,3,1,2,5,25.000000,DCFM-OLSR,0,-1,-1,-1,-1,-1,-1,-1,1,74.415487,1,0|2|1|3,baseline
100001717,100001717,1,2.2.0,2,50,750.000000,1000.000000,0,190.000000,3,1,2,5,25.000000,DCFM-OLSR,0,-1,-1,-1,-1,-1,-1,-1,1,77.726122,1,3|2|0|1,defense_vs_attack
100001713,100001713,1,2.2.0,2,50,750.000000,1000.000000,0,190.000000,3,1,2,5,25.000000,DCFM-OLSR,0,-1,-1,-1,-1,-1,-1,-1,1,116.554296,1,1|0|3|2,attack_only
100001715,100001715,1,2.2.0,2,50,750.000000,1000.000000,0,190.000000,3,1,2,5,25.000000,DCFM-OLSR,0,-1,-1,-1,-1,-1,-1,-1,1,115.406061,1,3|1|2|0,defense_vs_attack
100001718,100001718,1,2.2.0,2,50,750.000000,1000.000000,0,190.000000,3,1,2,5,25.000000,DCFM-OLSR,0,-1,-1,-1,-1,-1,-1,-1,1,97.045864,1,1|3|2|0,attack_only
100001724,100001724,1,2.2.0,2,50,750.000000,1000.000000,0,190.000000,3,1,2,5,25.000000,DCFM-OLSR,0,-1,-1,-1,-1,-1,-1,-1,1,90.576242,1,1|3|0|2,attack_only
100001728,100001728,1,2.2.0,2,50,750.000000,1000.000000,0,190.000000,3,1,2,5,25.000000,DCFM-OLSR,0,-1,-1,-1,-1,-1,-1,-1,1,72.990673,1,0|2|1|3,baseline
100001727,100001727,1,2.2.0,2,50,750.000000,1000.000000,0,190.000000,3,1,2,5,25.000000,DCFM-OLSR,0,-1,-1,-1,-1,-1,-1,-1,1,85.516589,1,3|1|0|2,defense_vs_attack
100001729,100001729,1,2.2.0,2,50,750.000000,1000.000000,0,190.000000,3,1,2,5,25.000000,DCFM-OLSR,0,-1,-1,-1,-1,-1,-1,-1,1,84.058065,1,0|3|1|2,baseline
100001734,100001734,1,2.2.0,2,50,750.000000,1000.000000,0,190.000000,3,1,2,5,25.000000,DCFM-OLSR,0,-1,-1,-1,-1,-1,-1,-1,1,70.185309,1,3|1|0|2,defense_vs_attack
100001742,100001742,1,2.2.0,2,50,750.000000,1000.000000,0,190.000000,3,1,2,5,25.000000,DCFM-OLSR,0,-1,-1,-1,-1,-1,-1,-1,1,72.398497,1,1|2|3|0,attack_only
100001741,100001741,1,2.2.0,2,50,750.000000,1000.000000,0,190.000000,3,1,2,5,25.000000,DCFM-OLSR,0,-1,-1,-1,-1,-1,-1,-1,1,82.292342,1,2|1|0|3,defense_only
100001743,100001743,1,2.2.0,2,50,750.000000,1000.000000,0,190.000000,3,1,2,5,25.000000,DCFM-OLSR,0,-1,-1,-1,-1,-1,-1,-1,1,78.601649,1,0|1|2|3,baseline
100001747,100001747,1,2.2.0,2,50,750.000000,1000.000000,0,190.000000,3,1,2,5,25.000000,DCFM-OLSR,0,-1,-1,-1,-1,-1,-1,-1,1,86.216221,1,1|3|2|0,attack_only
100001750,100001750,1,2.2.0,2,50,750.000000,1000.000000,0,190.000000,3,1,2,5,25.000000,DCFM-OLSR,0,-1,-1,-1,-1,-1,-1,-1,1,85.346728,1,3|0|1|2,defense_vs_attack
100001759,100001759,1,2.2.0,2,50,750.000000,1000.000000,0,190.000000,3,1,2,5,25.000000,DCFM-OLSR,0,-1,-1,-1,-1,-1,-1,-1,1,87.692330,1,1|2|0|3,attack_only
100001758,100001758,1,2.2.0,2,50,750.000000,1000.000000,0,190.000000,3,1,2,5,25.000000,DCFM-OLSR,0,-1,-1,-1,-1,-1,-1,-1,1,93.122881,1,1|3|0|2,attack_only
100001765,100001765,1,2.2.0,2,50,750.000000,1000.000000,0,190.000000,3,1,2,5,25.000000,DCFM-OLSR,0,-1,-1,-1,-1,-1,-1,-1,1,90.029375,1,1|2|3|0,attack_only
100001770,100001770,1,2.2.0,2,50,750.000000,1000.000000,0,190.000000,3,1,2,5,25.000000,DCFM-OLSR,0,-1,-1,-1,-1,-1,-1,-1,1,87.999271,1,2|1|3|0,defense_only
100001774,100001774,1,2.2.0,2,50,750.000000,1000.000000,0,190.000000,3,1,2,5,25.000000,DCFM-OLSR,0,-1,-1,-1,-1,-1,-1,-1,1,81.571707,1,0|3|1|2,baseline
100001775,100001775,1,2.2.0,2,50,750.000000,1000.000000,0,190.000000,3,1,2,5,25.000000,DCFM-OLSR,0,-1,-1,-1,-1,-1,-1,-1,1,87.457376,1,1|3|0|2,attack_only
100001772,100001772,1,2.2.0,2,50,750.000000,1000.000000,0,190.000000,3,1,2,5,25.000000,DCFM-OLSR,0,-1,-1,-1,-1,-1,-1,-1,1,103.219308,1,0|2|3|1,baseline
100001777,100001777,1,2.2.0,2,50,750.000000,1000.000000,0,190.000000,3,1,2,5,25.000000,DCFM-OLSR,0,-1,-1,-1,-1,-1,-1,-1,1,77.174844,1,3|2|0|1,defense_vs_attack
100001779,100001779,1,2.2.0,2,50,750.000000,1000.000000,0,190.000000,3,1,2,5,25.000000,DCFM-OLSR,0,-1,-1,-1,-1,-1,-1,-1,1,101.024202,1,3|2|1|0,defense_vs_attack
100001782,100001782,1,2.2.0,2,50,750.000000,1000.000000,0,190.000000,3,1,2,5,25.000000,DCFM-OLSR,0,-1,-1,-1,-1,-1,-1,-1,1,78.714730,1,2|3|1|0,defense_only
100001780,100001780,1,2.2.0,2,50,750.000000,1000.000000,0,190.000000,3,1,2,5,25.000000,DCFM-OLSR,0,-1,-1,-1,-1,-1,-1,-1,1,101.599943,1,0|1|3|2,baseline
100001785,100001785,1,2.2.0,2,50,750.000000,1000.000000,0,190.000000,3,1,2,5,25.000000,DCFM-OLSR,0,-1,-1,-1,-1,-1,-1,-1,1,87.525521,1,2|0|1|3,defense_only
100001788,100001788,1,2.2.0,2,50,750.000000,1000.000000,0,190.000000,3,1,2,5,25.000000,DCFM-OLSR,0,-1,-1,-1,-1,-1,-1,-1,1,85.253512,1,0|1|3|2,baseline
100001783,100001783,1,2.2.0,2,50,750.000000,1000.000000,0,190.000000,3,1,2,5,25.000000,DCFM-OLSR,0,-1,-1,-1,-1,-1,-1,-1,1,111.545743,1,3|1|0|2,defense_vs_attack
100001789,100001789,1,2.2.0,2,50,750.000000,1000.000000,0,190.000000,3,1,2,5,25.000000,DCFM-OLSR,0,-1,-1,-1,-1,-1,-1,-1,1,103.050140,1,3|0|2|1,defense_vs_attack
100001790,100001790,1,2.2.0,2,50,750.000000,1000.000000,0,190.000000,3,1,2,5,25.000000,DCFM-OLSR,0,-1,-1,-1,-1,-1,-1,-1,1,85.028850,1,1|3|0|2,attack_only
100001792,100001792,1,2.2.0,2,50,750.000000,1000.000000,0,190.000000,3,1,2,5,25.000000,DCFM-OLSR,0,-1,-1,-1,-1,-1,-1,-1,1,107.554137,1,1|0|3|2,attack_only
100001801,100001801,1,2.2.0,2,50,750.000000,1000.000000,0,190.000000,3,1,2,5,25.000000,DCFM-OLSR,0,-1,-1,-1,-1,-1,-1,-1,1,79.093169,1,2|1|3|0,defense_only
100001798,100001798,1,2.2.0,2,50,750.000000,1000.000000,0,190.000000,3,1,2,5,25.000000,DCFM-OLSR,0,-1,-1,-1,-1,-1,-1,-1,1,87.818454,1,0|3|1|2,baseline
100001806,100001806,1,2.2.0,2,50,750.000000,1000.000000,0,190.000000,3,1,2,5,25.000000,DCFM-OLSR,0,-1,-1,-1,-1,-1,-1,-1,1,86.519956,1,1|0|3|2,attack_only
100001805,100001805,1,2.2.0,2,50,750.000000,1000.000000,0,190.000000,3,1,2,5,25.000000,DCFM-OLSR,0,-1,-1,-1,-1,-1,-1,-1,1,96.102652,1,3|1|2|0,defense_vs_attack
100001804,100001804,1,2.2.0,2,50,750.000000,1000.000000,0,190.000000,3,1,2,5,25.000000,DCFM-OLSR,0,-1,-1,-1,-1,-1,-1,-1,1,112.702731,1,2|3|1|0,defense_only
100001807,100001807,1,2.2.0,2,50,750.000000,1000.000000,0,190.000000,3,1,2,5,25.000000,DCFM-OLSR,0,-1,-1,-1,-1,-1,-1,-1,1,96.816226,1,1|2|3|0,attack_only
100001809,100001809,1,2.2.0,2,50,750.000000,1000.000000,0,190.000000,3,1,2,5,25.000000,DCFM-OLSR,0,-1,-1,-1,-1,-1,-1,-1,1,84.136193,1,0|2|3|1,baseline
100001810,100001810,1,2.2.0,2,50,750.000000,1000.000000,0,190.000000,3,1,2,5,25.000000,DCFM-OLSR,0,-1,-1,-1,-1,-1,-1,-1,1,82.108431,1,1|3|2|0,attack_only
100001813,100001813,1,2.2.0,2,50,750.000000,1000.000000,0,190.000000,3,1,2,5,25.000000,DCFM-OLSR,0,-1,-1,-1,-1,-1,-1,-1,1,84.409974,1,2|1|3|0,defense_only
100001817,100001817,1,2.2.0,2,50,750.000000,1000.000000,0,190.000000,3,1,2,5,25.000000,DCFM-OLSR,0,-1,-1,-1,-1,-1,-1,-1,1,82.708197,1,1|3|2|0,attack_only
100001827,100001827,1,2.2.0,2,50,750.000000,1000.000000,0,190.000000,3,1,2,5,25.000000,DCFM-OLSR,0,-1,-1,-1,-1,-1,-1,-1,1,88.300508,1,1|0|2|3,attack_only
100001825,100001825,1,2.2.0,2,50,750.000000,1000.000000,0,190.000000,3,1,2,5,25.000000,DCFM-OLSR,0,-1,-1,-1,-1,-1,-1,-1,1,98.969543,1,0|1|3|2,baseline
100001838,100001838,1,2.2.0,2,50,750.000000,1000.000000,0,190.000000,3,1,2,5,25.000000,DCFM-OLSR,0,-1,-1,-1,-1,-1,-1,-1,1,82.485132,1,1|3|2|0,attack_only
100001835,100001835,1,2.2.0,2,50,750.000000,1000.000000,0,190.000000,3,1,2,5,25.000000,DCFM-OLSR,0,-1,-1,-1,-1,-1,-1,-1,1,97.662244,1,1|2|3|0,attack_only
100001841,100001841,1,2.2.0,2,50,750.000000,1000.000000,0,190.000000,3,1,2,5,25.000000,DCFM-OLSR,0,-1,-1,-1,-1,-1,-1,-1,1,79.858480,1,1|2|0|3,attack_only
100001839,100001839,1,2.2.0,2,50,750.000000,1000.000000,0,190.000000,3,1,2,5,25.000000,DCFM-OLSR,0,-1,-1,-1,-1,-1,-1,-1,1,92.420422,1,2|0|1|3,defense_only
100001842,100001842,1,2.2.0,2,50,750.000000,1000.000000,0,190.000000,3,1,2,5,25.000000,DCFM-OLSR,0,-1,-1,-1,-1,-1,-1,-1,1,80.416955,1,1|0|2|3,attack_only
100001843,100001843,1,2.2.0,2,50,750.000000,1000.000000,0,190.000000,3,1,2,5,25.000000,DCFM-OLSR,0,-1,-1,-1,-1,-1,-1,-1,1,77.045953,1,1|3|2|0,attack_only
100001845,100001845,1,2.2.0,2,50,750.000000,1000.000000,0,190.000000,3,1,2,5,25.000000,DCFM-OLSR,0,-1,-1,-1,-1,-1,-1,-1,1,71.964433,1,2|1|0|3,defense_only
100001849,100001849,1,2.2.0,2,50,750.000000,1000.000000,0,190.000000,3,1,2,5,25.000000,DCFM-OLSR,0,-1,-1,-1,-1,-1,-1,-1,1,88.943730,1,2|1|0|3,defense_only
100001857,100001857,1,2.2.0,2,50,750.000000,1000.000000,0,190.000000,3,1,2,5,25.000000,DCFM-OLSR,0,-1,-1,-1,-1,-1,-1,-1,1,90.842620,1,1|2|3|0,attack_only
100001860,100001860,1,2.2.0,2,50,750.000000,1000.000000,0,190.000000,3,1,2,5,25.000000,DCFM-OLSR,0,-1,-1,-1,-1,-1,-1,-1,1,95.224066,1,2|0|3|1,defense_only
100001871,100001871,1,2.2.0,2,50,750.000000,1000.000000,0,190.000000,3,1,2,5,25.000000,DCFM-OLSR,0,-1,-1,-1,-1,-1,-1,-1,1,81.746713,1,2|0|1|3,defense_only
100001874,100001874,1,2.2.0,2,50,750.000000,1000.000000,0,190.000000,3,1,2,5,25.000000,DCFM-OLSR,0,-1,-1,-1,-1,-1,-1,-1,1,89.098698,1,3|2|1|0,defense_vs_attack
100001875,100001875,1,2.2.0,2,50,750.000000,1000.000000,0,190.000000,3,1,2,5,25.000000,DCFM-OLSR,0,-1,-1,-1,-1,-1,-1,-1,1,92.191346,1,1|0|3|2,attack_only
100001877,100001877,1,2.2.0,2,50,750.000000,1000.000000,0,190.000000,3,1,2,5,25.000000,DCFM-OLSR,0,-1,-1,-1,-1,-1,-1,-1,1,89.847306,1,2|0|1|3,defense_only
100001878,100001878,1,2.2.0,2,50,750.000000,1000.000000,0,190.000000,3,1,2,5,25.000000,DCFM-OLSR,0,-1,-1,-1,-1,-1,-1,-1,1,95.196996,1,3|1|2|0,defense_vs_attack
100001881,100001881,1,2.2.0,2,50,750.000000,1000.000000,0,190.000000,3,1,2,5,25.000000,DCFM-OLSR,0,-1,-1,-1,-1,-1,-1,-1,1,84.857012,1,1|0|3|2,attack_only
100001880,100001880,1,2.2.0,2,50,750.000000,1000.000000,0,190.000000,3,1,2,5,25.000000,DCFM-OLSR,0,-1,-1,-1,-1,-1,-1,-1,1,106.935567,1,0|1|3|2,baseline
100001888,100001888,1,2.2.0,2,50,750.000000,1000.000000,0,190.000000,3,1,2,5,25.000000,DCFM-OLSR,0,-1,-1,-1,-1,-1,-1,-1,1,91.163435,1,1|3|0|2,attack_only
100001889,100001889,1,2.2.0,2,50,750.000000,1000.000000,0,190.000000,3,1,2,5,25.000000,DCFM-OLSR,0,-1,-1,-1,-1,-1,-1,-1,1,101.911617,1,0|3|1|2,baseline
100001885,100001885,1,2.2.0,2,50,750.000000,1000.000000,0,190.000000,3,1,2,5,25.000000,DCFM-OLSR,0,-1,-1,-1,-1,-1,-1,-1,1,117.578841,1,3|0|2|1,defense_vs_attack
100001891,100001891,1,2.2.0,2,50,750.000000,1000.000000,0,190.000000,3,1,2,5,25.000000,DCFM-OLSR,0,-1,-1,-1,-1,-1,-1,-1,1,94.725574,1,0|3|2|1,baseline
100001905,100001905,1,2.2.0,2,50,750.000000,1000.000000,0,190.000000,3,1,2,5,25.000000,DCFM-OLSR,0,-1,-1,-1,-1,-1,-1,-1,1,93.465783,1,1|3|2|0,attack_only
100001904,100001904,1,2.2.0,2,50,750.000000,1000.000000,0,190.000000,3,1,2,5,25.000000,DCFM-OLSR,0,-1,-1,-1,-1,-1,-1,-1,1,109.383124,1,0|1|3|2,baseline
100001913,100001913,1,2.2.0,2,50,750.000000,1000.000000,0,190.000000,3,1,2,5,25.000000,DCFM-OLSR,0,-1,-1,-1,-1,-1,-1,-1,1,109.787937,1,1|0|3|2,attack_only
100001923,100001923,1,2.2.0,2,50,750.000000,1000.000000,0,190.000000,3,1,2,5,25.000000,DCFM-OLSR,0,-1,-1,-1,-1,-1,-1,-1,1,98.597035,1,3|0|2|1,defense_vs_attack
100001927,100001927,1,2.2.0,2,50,750.000000,1000.000000,0,190.000000,3,1,2,5,25.000000,DCFM-OLSR,0,-1,-1,-1,-1,-1,-1,-1,1,92.586890,1,2|1|3|0,defense_only
100001928,100001928,1,2.2.0,2,50,750.000000,1000.000000,0,190.000000,3,1,2,5,25.000000,DCFM-OLSR,0,-1,-1,-1,-1,-1,-1,-1,1,110.043413,1,3|2|0|1,defense_vs_attack
100001932,100001932,1,2.2.0,2,50,750.000000,1000.000000,0,190.000000,3,1,2,5,25.000000,DCFM-OLSR,0,-1,-1,-1,-1,-1,-1,-1,1,83.678879,1,3|2|0|1,defense_vs_attack
100001933,100001933,1,2.2.0,2,50,750.000000,1000.000000,0,190.000000,3,1,2,5,25.000000,DCFM-OLSR,0,-1,-1,-1,-1,-1,-1,-1,1,102.506754,1,3|1|2|0,defense_vs_attack
100001937,100001937,1,2.2.0,2,50,750.000000,1000.000000,0,190.000000,3,1,2,5,25.000000,DCFM-OLSR,0,-1,-1,-1,-1,-1,-1,-1,1,86.027172,1,2|3|0|1,defense_only
100001938,100001938,1,2.2.0,2,50,750.000000,1000.000000,0,190.000000,3,1,2,5,25.000000,DCFM-OLSR,0,-1,-1,-1,-1,-1,-1,-1,1,79.093007,1,3|1|0|2,defense_vs_attack
100001942,100001942,1,2.2.0,2,50,750.000000,1000.000000,0,190.000000,3,1,2,5,25.000000,DCFM-OLSR,0,-1,-1,-1,-1,-1,-1,-1,1,77.860154,1,3|0|1|2,defense_vs_attack
100001939,100001939,1,2.2.0,2,50,750.000000,1000.000000,0,190.000000,3,1,2,5,25.000000,DCFM-OLSR,0,-1,-1,-1,-1,-1,-1,-1,1,97.729614,1,2|3|0|1,defense_only
100001943,100001943,1,2.2.0,2,50,750.000000,1000.000000,0,190.000000,3,1,2,5,25.000000,DCFM-OLSR,0,-1,-1,-1,-1,-1,-1,-1,1,80.168938,1,1|0|3|2,attack_only
100001944,100001944,1,2.2.0,2,50,750.000000,1000.000000,0,190.000000,3,1,2,5,25.000000,DCFM-OLSR,0,-1,-1,-1,-1,-1,-1,-1,1,91.443812,1,2|1|3|0,defense_only
100001950,100001950,1,2.2.0,2,50,750.000000,1000.000000,0,190.000000,3,1,2,5,25.000000,DCFM-OLSR,0,-1,-1,-1,-1,-1,-1,-1,1,78.459246,1,0|3|1|2,baseline
100001952,100001952,1,2.2.0,2,50,750.000000,1000.000000,0,190.000000,3,1,2,5,25.000000,DCFM-OLSR,0,-1,-1,-1,-1,-1,-1,-1,1,100.583513,1,2|0|1|3,defense_only
100001958,100001958,1,2.2.0,2,50,750.000000,1000.000000,0,190.000000,3,1,2,5,25.000000,DCFM-OLSR,0,-1,-1,-1,-1,-1,-1,-1,1,75.604792,1,2|0|1|3,defense_only
100001964,100001964,1,2.2.0,2,50,750.000000,1000.000000,0,190.000000,3,1,2,5,25.000000,DCFM-OLSR,0,-1,-1,-1,-1,-1,-1,-1,1,70.545522,1,2|3|0|1,defense_only
100001962,100001962,1,2.2.0,2,50,750.000000,1000.000000,0,190.000000,3,1,2,5,25.000000,DCFM-OLSR,0,-1,-1,-1,-1,-1,-1,-1,1,79.433080,1,3|0|1|2,defense_vs_attack
100001961,100001961,1,2.2.0,2,50,750.000000,1000.000000,0,190.000000,3,1,2,5,25.000000,DCFM-OLSR,0,-1,-1,-1,-1,-1,-1,-1,1,84.726632,1,0|1|2|3,baseline
100001965,100001965,1,2.2.0,2,50,750.000000,1000.000000,0,190.000000,3,1,2,5,25.000000,DCFM-OLSR,0,-1,-1,-1,-1,-1,-1,-1,1,84.708456,1,0|1|2|3,baseline
100001967,100001967,1,2.2.0,2,50,750.000000,1000.000000,0,190.000000,3,1,2,5,25.000000,DCFM-OLSR,0,-1,-1,-1,-1,-1,-1,-1,1,83.961833,1,1|2|3|0,attack_only
100001978,100001978,1,2.2.0,2,50,750.000000,1000.000000,0,190.000000,3,1,2,5,25.000000,DCFM-OLSR,0,-1,-1,-1,-1,-1,-1,-1,1,74.390552,1,0|3|1|2,baseline
100001980,100001980,1,2.2.0,2,50,750.000000,1000.000000,0,190.000000,3,1,2,5,25.000000,DCFM-OLSR,0,-1,-1,-1,-1,-1,-1,-1,1,73.301847,1,2|1|0|3,defense_only
100001979,100001979,1,2.2.0,2,50,750.000000,1000.000000,0,190.000000,3,1,2,5,25.000000,DCFM-OLSR,0,-1,-1,-1,-1,-1,-1,-1,1,74.529765,1,3|2|1|0,defense_vs_attack
100001976,100001976,1,2.2.0,2,50,750.000000,1000.000000,0,190.000000,3,1,2,5,25.000000,DCFM-OLSR,0,-1,-1,-1,-1,-1,-1,-1,1,84.849561,1,1|2|3|0,attack_only
100001982,100001982,1,2.2.0,2,50,750.000000,1000.000000,0,190.000000,3,1,2,5,25.000000,DCFM-OLSR,0,-1,-1,-1,-1,-1,-1,-1,1,72.265581,1,2|0|3|1,defense_only
100001986,100001986,1,2.2.0,2,50,750.000000,1000.000000,0,190.000000,3,1,2,5,25.000000,DCFM-OLSR,0,-1,-1,-1,-1,-1,-1,-1,1,83.156324,1,0|3|2|1,baseline
100001987,100001987,1,2.2.0,2,50,750.000000,1000.000000,0,190.000000,3,1,2,5,25.000000,DCFM-OLSR,0,-1,-1,-1,-1,-1,-1,-1,1,77.165567,1,3|2|1|0,defense_vs_attack
100002002,100002002,1,2.2.0,2,50,750.000000,1000.000000,0,190.000000,3,1,2,5,25.000000,DCFM-OLSR,0,-1,-1,-1,-1,-1,-1,-1,1,79.115511,1,2|3|0|1,defense_only
100002003,100002003,1,2.2.0,2,50,750.000000,1000.000000,0,190.000000,3,1,2,5,25.000000,DCFM-OLSR,0,-1,-1,-1,-1,-1,-1,-1,1,82.664091,1,1|0|3|2,attack_only
100002000,100002000,1,2.2.0,2,50,750.000000,1000.000000,0,190.000000,3,1,2,5,25.000000,DCFM-OLSR,0,-1,-1,-1,-1,-1,-1,-1,1,92.971813,1,1|3|2|0,attack_only
100002007,100002007,1,2.2.0,2,50,750.000000,1000.000000,0,190.000000,3,1,2,5,25.000000,DCFM-OLSR,0,-1,-1,-1,-1,-1,-1,-1,1,84.497301,1,1|0|3|2,attack_only
100002008,100002008,1,2.2.0,2,50,750.000000,1000.000000,0,190.000000,3,1,2,5,25.000000,DCFM-OLSR,0,-1,-1,-1,-1,-1,-1,-1,1,88.917950,1,3|1|2|0,defense_vs_attack
100002014,100002014,1,2.2.0,2,50,750.000000,1000.000000,0,190.000000,3,1,2,5,25.000000,DCFM-OLSR,0,-1,-1,-1,-1,-1,-1,-1,1,81.197941,1,0|1|2|3,baseline
100002013,100002013,1,2.2.0,2,50,750.000000,1000.000000,0,190.000000,3,1,2,5,25.000000,DCFM-OLSR,0,-1,-1,-1,-1,-1,-1,-1,1,88.603247,1,0|1|2|3,baseline
100002018,100002018,1,2.2.0,2,50,750.000000,1000.000000,0,190.000000,3,1,2,5,25.000000,DCFM-OLSR,0,-1,-1,-1,-1,-1,-1,-1,1,109.675575,1,3|2|1|0,defense_vs_attack
100002023,100002023,1,2.2.0,2,50,750.000000,1000.000000,0,190.000000,3,1,2,5,25.000000,DCFM-OLSR,0,-1,-1,-1,-1,-1,-1,-1,1,96.737201,1,1|3|2|0,attack_only
100002027,100002027,1,2.2.0,2,50,750.000000,1000.000000,0,190.000000,3,1,2,5,25.000000,DCFM-OLSR,0,-1,-1,-1,-1,-1,-1,-1,1,86.939966,1,1|0|2|3,attack_only
100002022,100002022,1,2.2.0,2,50,750.000000,1000.000000,0,190.000000,3,1,2,5,25.000000,DCFM-OLSR,0,-1,-1,-1,-1,-1,-1,-1,1,116.963599,1,2|1|0|3,defense_only
100002035,100002035,1,2.2.0,2,50,750.000000,1000.000000,0,190.000000,3,1,2,5,25.000000,DCFM-OLSR,0,-1,-1,-1,-1,-1,-1,-1,1,83.552367,1,0|3|1|2,baseline
100002039,100002039,1,2.2.0,2,50,750.000000,1000.000000,0,190.000000,3,1,2,5,25.000000,DCFM-OLSR,0,-1,-1,-1,-1,-1,-1,-1,1,96.430518,1,0|2|3|1,baseline
100002036,100002036,1,2.2.0,2,50,750.000000,1000.000000,0,190.000000,3,1,2,5,25.000000,DCFM-OLSR,0,-1,-1,-1,-1,-1,-1,-1,1,124.117320,1,3|1|2|0,defense_vs_attack
100002042,100002042,1,2.2.0,2,50,750.000000,1000.000000,0,190.000000,3,1,2,5,25.000000,DCFM-OLSR,0,-1,-1,-1,-1,-1,-1,-1,1,67.246415,1,1|0|2|3,attack_only
100002043,100002043,1,2.2.0,2,50,750.000000,1000.000000,0,190.000000,3,1,2,5,25.000000,DCFM-OLSR,0,-1,-1,-1,-1,-1,-1,-1,1,75.293815,1,0|1|3|2,baseline
100002050,100002050,1,2.2.0,2,50,750.000000,1000.000000,0,190.000000,3,1,2,5,25.000000,DCFM-OLSR,0,-1,-1,-1,-1,-1,-1,-1,1,76.348378,1,2|0|3|1,defense_only
100002049,100002049,1,2.2.0,2,50,750.000000,1000.000000,0,190.000000,3,1,2,5,25.000000,DCFM-OLSR,0,-1,-1,-1,-1,-1,-1,-1,1,86.465253,1,1|2|3|0,attack_only
100002060,100002060,1,2.2.0,2,50,750.000000,1000.000000,0,190.000000,3,1,2,5,25.000000,DCFM-OLSR,0,-1,-1,-1,-1,-1,-1,-1,1,79.656501,1,2|0|1|3,defense_only
100002067,100002067,1,2.2.0,2,50,750.000000,1000.000000,0,190.000000,3,1,2,5,25.000000,DCFM-OLSR,0,-1,-1,-1,-1,-1,-1,-1,1,75.871243,1,2|3|1|0,defense_only
100002063,100002063,1,2.2.0,2,50,750.000000,1000.000000,0,190.000000,3,1,2,5,25.000000,DCFM-OLSR,0,-1,-1,-1,-1,-1,-1,-1,1,93.847642,1,2|0|3|1,defense_only
100002069,100002069,1,2.2.0,2,50,750.000000,1000.000000,0,190.000000,3,1,2,5,25.000000,DCFM-OLSR,0,-1,-1,-1,-1,-1,-1,-1,1,83.698464,1,1|0|3|2,attack_only
100002070,100002070,1,2.2.0,2,50,750.000000,1000.000000,0,190.000000,3,1,2,5,25.000000,DCFM-OLSR,0,-1,-1,-1,-1,-1,-1,-1,1,96.669356,1,2|3|1|0,defense_only
100002071,100002071,1,2.2.0,2,50,750.000000,1000.000000,0,190.000000,3,1,2,5,25.000000,DCFM-OLSR,0,-1,-1,-1,-1,-1,-1,-1,1,98.546164,1,1|3|0|2,attack_only
100002076,100002076,1,2.2.0,2,50,750.000000,1000.000000,0,190.000000,3,1,2,5,25.000000,DCFM-OLSR,0,-1,-1,-1,-1,-1,-1,-1,1,76.953301,1,3|2|0|1,defense_vs_attack
100002085,100002085,1,2.2.0,2,50,750.000000,1000.000000,0,190.000000,3,1,2,5,25.000000,DCFM-OLSR,0,-1,-1,-1,-1,-1,-1,-1,1,86.914644,1,1|2|0|3,attack_only
100002083,100002083,1,2.2.0,2,50,750.000000,1000.000000,0,190.000000,3,1,2,5,25.000000,DCFM-OLSR,0,-1,-1,-1,-1,-1,-1,-1,1,98.268608,1,0|3|2|1,baseline
100002092,100002092,1,2.2.0,2,50,750.000000,1000.000000,0,190.000000,3,1,2,5,25.000000,DCFM-OLSR,0,-1,-1,-1,-1,-1,-1,-1,1,68.378717,1,0|1|3|2,baseline
100002087,100002087,1,2.2.0,2,50,750.000000,1000.000000,0,190.000000,3,1,2,5,25.000000,DCFM-OLSR,0,-1,-1,-1,-1,-1,-1,-1,1,104.193656,1,3|2|0|1,defense_vs_attack
100002095,100002095,1,2.2.0,2,50,750.000000,1000.000000,0,190.000000,3,1,2,5,25.000000,DCFM-OLSR,0,-1,-1,-1,-1,-1,-1,-1,1,77.888884,1,0|2|1|3,baseline
100002094,100002094,1,2.2.0,2,50,750.000000,1000.000000,0,190.000000,3,1,2,5,25.000000,DCFM-OLSR,0,-1,-1,-1,-1,-1,-1,-1,1,89.747949,1,3|1|2|0,defense_vs_attack
100002097,100002097,1,2.2.0,2,50,750.000000,1000.000000,0,190.000000,3,1,2,5,25.000000,DCFM-OLSR,0,-1,-1,-1,-1,-1,-1,-1,1,93.785465,1,2|0|1|3,defense_only
100002100,100002100,1,2.2.0,2,50,750.000000,1000.000000,0,190.000000,3,1,2,5,25.000000,DCFM-OLSR,0,-1,-1,-1,-1,-1,-1,-1,1,81.491845,1,1|0|2|3,attack_only
100002098,100002098,1,2.2.0,2,50,750.000000,1000.000000,0,190.000000,3,1,2,5,25.000000,DCFM-OLSR,0,-1,-1,-1,-1,-1,-1,-1,1,94.981353,1,3|0|1|2,defense_vs_attack
100002106,100002106,1,2.2.0,2,50,750.000000,1000.000000,0,190.000000,3,1,2,5,25.000000,DCFM-OLSR,0,-1,-1,-1,-1,-1,-1,-1,1,73.892025,1,3|2|0|1,defense_vs_attack
100002108,100002108,1,2.2.0,2,50,750.000000,1000.000000,0,190.000000,3,1,2,5,25.000000,DCFM-OLSR,0,-1,-1,-1,-1,-1,-1,-1,1,76.732857,1,0|2|1|3,baseline
100002104,100002104,1,2.2.0,2,50,750.000000,1000.000000,0,190.000000,3,1,2,5,25.000000,DCFM-OLSR,0,-1,-1,-1,-1,-1,-1,-1,1,93.419576,1,0|3|1|2,baseline
100002113,100002113,1,2.2.0,2,50,750.000000,1000.000000,0,190.000000,3,1,2,5,25.000000,DCFM-OLSR,0,-1,-1,-1,-1,-1,-1,-1,1,89.539929,1,3|1|0|2,defense_vs_attack
100002115,100002115,1,2.2.0,2,50,750.000000,1000.000000,0,190.000000,3,1,2,5,25.000000,DCFM-OLSR,0,-1,-1,-1,-1,-1,-1,-1,1,91.337693,1,1|0|3|2,attack_only
100002123,100002123,1,2.2.0,2,50,750.000000,1000.000000,0,190.000000,3,1,2,5,25.000000,DCFM-OLSR,0,-1,-1,-1,-1,-1,-1,-1,1,74.536859,1,0|1|2|3,baseline
100002118,100002118,1,2.2.0,2,50,750.000000,1000.000000,0,190.000000,3,1,2,5,25.000000,DCFM-OLSR,0,-1,-1,-1,-1,-1,-1,-1,1,93.967956,1,2|0|1|3,defense_only
100002122,100002122,1,2.2.0,2,50,750.000000,1000.000000,0,190.000000,3,1,2,5,25.000000,DCFM-OLSR,0,-1,-1,-1,-1,-1,-1,-1,1,123.679736,1,2|3|1|0,defense_only
100002133,100002133,1,2.2.0,2,50,750.000000,1000.000000,0,190.000000,3,1,2,5,25.000000,DCFM-OLSR,0,-1,-1,-1,-1,-1,-1,-1,1,86.764300,1,0|1|2|3,baseline
100002134,100002134,1,2.2.0,2,50,750.000000,1000.000000,0,190.000000,3,1,2,5,25.000000,DCFM-OLSR,0,-1,-1,-1,-1,-1,-1,-1,1,97.806784,1,1|0|3|2,attack_only
100002140,100002140,1,2.2.0,2,50,750.000000,1000.000000,0,190.000000,3,1,2,5,25.000000,DCFM-OLSR,0,-1,-1,-1,-1,-1,-1,-1,1,82.864023,1,2|0|3|1,defense_only
100002141,100002141,1,2.2.0,2,50,750.000000,1000.000000,0,190.000000,3,1,2,5,25.000000,DCFM-OLSR,0,-1,-1,-1,-1,-1,-1,-1,1,83.525611,1,0|3|1|2,baseline
100002144,100002144,1,2.2.0,2,50,750.000000,1000.000000,0,190.000000,3,1,2,5,25.000000,DCFM-OLSR,0,-1,-1,-1,-1,-1,-1,-1,1,90.942893,1,0|3|1|2,baseline
100002149,100002149,1,2.2.0,2,50,750.000000,1000.000000,0,190.000000,3,1,2,5,25.000000,DCFM-OLSR,0,-1,-1,-1,-1,-1,-1,-1,1,97.397455,1,1|2|3|0,attack_only
100002153,100002153,1,2.2.0,2,50,750.000000,1000.000000,0,190.000000,3,1,2,5,25.000000,DCFM-OLSR,0,-1,-1,-1,-1,-1,-1,-1,1,93.698108,1,0|1|2|3,baseline
100002165,100002165,1,2.2.0,2,50,750.000000,1000.000000,0,190.000000,3,1,2,5,25.000000,DCFM-OLSR,0,-1,-1,-1,-1,-1,-1,-1,1,75.162107,1,1|2|3|0,attack_only
100002163,100002163,1,2.2.0,2,50,750.000000,1000.000000,0,190.000000,3,1,2,5,25.000000,DCFM-OLSR,0,-1,-1,-1,-1,-1,-1,-1,1,85.708328,1,2|0|1|3,defense_only
100002164,100002164,1,2.2.0,2,50,750.000000,1000.000000,0,190.000000,3,1,2,5,25.000000,DCFM-OLSR,0,-1,-1,-1,-1,-1,-1,-1,1,101.767286,1,1|2|3|0,attack_only
100002168,100002168,1,2.2.0,2,50,750.000000,1000.000000,0,190.000000,3,1,2,5,25.000000,DCFM-OLSR,0,-1,-1,-1,-1,-1,-1,-1,1,86.482562,1,2|0|1|3,defense_only
100002167,100002167,1,2.2.0,2,50,750.000000,1000.000000,0,190.000000,3,1,2,5,25.000000,DCFM-OLSR,0,-1,-1,-1,-1,-1,-1,-1,1,96.811261,1,0|3|1|2,baseline
100002169,100002169,1,2.2.0,2,50,750.000000,1000.000000,0,190.000000,3,1,2,5,25.000000,DCFM-OLSR,0,-1,-1,-1,-1,-1,-1,-1,1,94.519209,1,0|2|3|1,baseline
100002176,100002176,1,2.2.0,2,50,750.000000,1000.000000,0,190.000000,3,1,2,5,25.000000,DCFM-OLSR,0,-1,-1,-1,-1,-1,-1,-1,1,84.397015,1,3|2|0|1,defense_vs_attack
100002180,100002180,1,2.2.0,2,50,750.000000,1000.000000,0,190.000000,3,1,2,5,25.000000,DCFM-OLSR,0,-1,-1,-1,-1,-1,-1,-1,1,82.499695,1,1|0|2|3,attack_only
100002181,100002181,1,2.2.0,2,50,750.000000,1000.000000,0,190.000000,3,1,2,5,25.000000,DCFM-OLSR,0,-1,-1,-1,-1,-1,-1,-1,1,90.729918,1,2|1|0|3,defense_only
100002188,100002188,1,2.2.0,2,50,750.000000,1000.000000,0,190.000000,3,1,2,5,25.000000,DCFM-OLSR,0,-1,-1,-1,-1,-1,-1,-1,1,99.039645,1,3|2|1|0,defense_vs_attack
100002191,100002191,1,2.2.0,2,50,750.000000,1000.000000,0,190.000000,3,1,2,5,25.000000,DCFM-OLSR,0,-1,-1,-1,-1,-1,-1,-1,1,91.569907,1,0|2|1|3,baseline
100002189,100002189,1,2.2.0,2,50,750.000000,1000.000000,0,190.000000,3,1,2,5,25.000000,DCFM-OLSR,0,-1,-1,-1,-1,-1,-1,-1,1,105.053159,1,1|3|2|0,attack_only
100002192,100002192,1,2.2.0,2,50,750.000000,1000.000000,0,190.000000,3,1,2,5,25.000000,DCFM-OLSR,0,-1,-1,-1,-1,-1,-1,-1,1,89.050840,1,0|2|3|1,baseline
100002193,100002193,1,2.2.0,2,50,750.000000,1000.000000,0,190.000000,3,1,2,5,25.000000,DCFM-OLSR,0,-1,-1,-1,-1,-1,-1,-1,1,86.639294,1,3|1|2|0,defense_vs_attack
100002196,100002196,1,2.2.0,2,50,750.000000,1000.000000,0,190.000000,3,1,2,5,25.000000,DCFM-OLSR,0,-1,-1,-1,-1,-1,-1,-1,1,88.605751,1,2|0|3|1,defense_only
100002195,100002195,1,2.2.0,2,50,750.000000,1000.000000,0,190.000000,3,1,2,5,25.000000,DCFM-OLSR,0,-1,-1,-1,-1,-1,-1,-1,1,92.768818,1,0|2|3|1,baseline
100002198,100002198,1,2.2.0,2,50,750.000000,1000.000000,0,190.000000,3,1,2,5,25.000000,DCFM-OLSR,0,-1,-1,-1,-1,-1,-1,-1,1,88.045888,1,0|2|3|1,baseline
100002206,100002206,1,2.2.0,2,50,750.000000,1000.000000,0,190.000000,3,1,2,5,25.000000,DCFM-OLSR,0,-1,-1,-1,-1,-1,-1,-1,1,70.071005,1,0|2|1|3,baseline
100002212,100002212,1,2.2.0,2,50,750.000000,1000.000000,0,190.000000,3,1,2,5,25.000000,DCFM-OLSR,0,-1,-1,-1,-1,-1,-1,-1,1,66.421823,1,0|3|1|2,baseline
100002211,100002211,1,2.2.0,2,50,750.000000,1000.000000,0,190.000000,3,1,2,5,25.000000,DCFM-OLSR,0,-1,-1,-1,-1,-1,-1,-1,1,74.458941,1,3|2|1|0,defense_vs_attack
100002217,100002217,1,2.2.0,2,50,750.000000,1000.000000,0,190.000000,3,1,2,5,25.000000,DCFM-OLSR,0,-1,-1,-1,-1,-1,-1,-1,1,79.299064,1,3|2|1|0,defense_vs_attack
100002219,100002219,1,2.2.0,2,50,750.000000,1000.000000,0,190.000000,3,1,2,5,25.000000,DCFM-OLSR,0,-1,-1,-1,-1,-1,-1,-1,1,74.899542,1,1|3|2|0,attack_only
100002216,100002216,1,2.2.0,2,50,750.000000,1000.000000,0,190.000000,3,1,2,5,25.000000,DCFM-OLSR,0,-1,-1,-1,-1,-1,-1,-1,1,90.392307,1,0|3|1|2,baseline
100002222,100002222,1,2.2.0,2,50,750.000000,1000.000000,0,190.000000,3,1,2,5,25.000000,DCFM-OLSR,0,-1,-1,-1,-1,-1,-1,-1,1,78.271074,1,3|1|0|2,defense_vs_attack
100002221,100002221,1,2.2.0,2,50,750.000000,1000.000000,0,190.000000,3,1,2,5,25.000000,DCFM-OLSR,0,-1,-1,-1,-1,-1,-1,-1,1,83.175111,1,1|3|0|2,attack_only
100002224,100002224,1,2.2.0,2,50,750.000000,1000.000000,0,190.000000,3,1,2,5,25.000000,DCFM-OLSR,0,-1,-1,-1,-1,-1,-1,-1,1,85.878863,1,3|0|2|1,defense_vs_attack
100002227,100002227,1,2.2.0,2,50,750.000000,1000.000000,0,190.000000,3,1,2,5,25.000000,DCFM-OLSR,0,-1,-1,-1,-1,-1,-1,-1,1,89.038919,1,1|2|0|3,attack_only
100002232,100002232,1,2.2.0,2,50,750.000000,1000.000000,0,190.000000,3,1,2,5,25.000000,DCFM-OLSR,0,-1,-1,-1,-1,-1,-1,-1,1,88.855210,1,1|0|3|2,attack_only
100002237,100002237,1,2.2.0,2,50,750.000000,1000.000000,0,190.000000,3,1,2,5,25.000000,DCFM-OLSR,0,-1,-1,-1,-1,-1,-1,-1,1,77.013029,1,1|2|0|3,attack_only
100002238,100002238,1,2.2.0,2,50,750.000000,1000.000000,0,190.000000,3,1,2,5,25.000000,DCFM-OLSR,0,-1,-1,-1,-1,-1,-1,-1,1,86.966900,1,3|1|0|2,defense_vs_attack
100002241,100002241,1,2.2.0,2,50,750.000000,1000.000000,0,190.000000,3,1,2,5,25.000000,DCFM-OLSR,0,-1,-1,-1,-1,-1,-1,-1,1,75.053756,1,0|3|1|2,baseline
100002239,100002239,1,2.2.0,2,50,750.000000,1000.000000,0,190.000000,3,1,2,5,25.000000,DCFM-OLSR,0,-1,-1,-1,-1,-1,-1,-1,1,86.102745,1,3|0|2|1,defense_vs_attack
100002242,100002242,1,2.2.0,2,50,750.000000,1000.000000,0,190.000000,3,1,2,5,25.000000,DCFM-OLSR,0,-1,-1,-1,-1,-1,-1,-1,1,90.499840,1,2|3|1|0,defense_only
100002243,100002243,1,2.2.0,2,50,750.000000,1000.000000,0,190.000000,3,1,2,5,25.000000,DCFM-OLSR,0,-1,-1,-1,-1,-1,-1,-1,1,74.731601,1,3|1|0|2,defense_vs_attack
100002244,100002244,1,2.2.0,2,50,750.000000,1000.000000,0,190.000000,3,1,2,5,25.000000,DCFM-OLSR,0,-1,-1,-1,-1,-1,-1,-1,1,95.748625,1,2|3|0|1,defense_only
100002245,100002245,1,2.2.0,2,50,750.000000,1000.000000,0,190.000000,3,1,2,5,25.000000,DCFM-OLSR,0,-1,-1,-1,-1,-1,-1,-1,1,93.679149,1,1|0|2|3,attack_only
100002251,100002251,1,2.2.0,2,50,750.000000,1000.000000,0,190.000000,3,1,2,5,25.000000,DCFM-OLSR,0,-1,-1,-1,-1,-1,-1,-1,1,83.926393,1,1|2|3|0,attack_only
100002246,100002246,1,2.2.0,2,50,750.000000,1000.000000,0,190.000000,3,1,2,5,25.000000,DCFM-OLSR,0,-1,-1,-1,-1,-1,-1,-1,1,105.208972,1,2|0|1|3,defense_only
100002249,100002249,1,2.2.0,2,50,750.000000,1000.000000,0,190.000000,3,1,2,5,25.000000,DCFM-OLSR,0,-1,-1,-1,-1,-1,-1,-1,1,99.737127,1,3|1|2|0,defense_vs_attack
100002254,100002254,1,2.2.0,2,50,750.000000,1000.000000,0,190.000000,3,1,2,5,25.000000,DCFM-OLSR,0,-1,-1,-1,-1,-1,-1,-1,1,77.696563,1,1|0|3|2,attack_only
100002253,100002253,1,2.2.0,2,50,750.000000,1000.000000,0,190.000000,3,1,2,5,25.000000,DCFM-OLSR,0,-1,-1,-1,-1,-1,-1,-1,1,99.181097,1,3|2|0|1,defense_vs_attack
100002260,100002260,1,2.2.0,2,50,750.000000,1000.000000,0,190.000000,3,1,2,5,25.000000,DCFM-OLSR,0,-1,-1,-1,-1,-1,-1,-1,1,91.876899,1,0|3|1|2,baseline
100002262,100002262,1,2.2.0,2,50,750.000000,1000.000000,0,190.000000,3,1,2,5,25.000000,DCFM-OLSR,0,-1,-1,-1,-1,-1,-1,-1,1,89.714463,1,1|0|3|2,attack_only
100002270,100002270,1,2.2.0,2,50,750.000000,1000.000000,0,190.000000,3,1,2,5,25.000000,DCFM-OLSR,0,-1,-1,-1,-1,-1,-1,-1,1,89.033366,1,2|1|0|3,defense_only
100002271,100002271,1,2.2.0,2,50,750.000000,1000.000000,0,190.000000,3,1,2,5,25.000000,DCFM-OLSR,0,-1,-1,-1,-1,-1,-1,-1,1,88.150529,1,1|3|0|2,attack_only
100002269,100002269,1,2.2.0,2,50,750.000000,1000.000000,0,190.000000,3,1,2,5,25.000000,DCFM-OLSR,0,-1,-1,-1,-1,-1,-1,-1,1,99.374148,1,1|2|0|3,attack_only
100002273,100002273,1,2.2.0,2,50,750.000000,1000.000000,0,190.000000,3,1,2,5,25.000000,DCFM-OLSR,0,-1,-1,-1,-1,-1,-1,-1,1,90.264425,1,3|2|1|0,defense_vs_attack
100002276,100002276,1,2.2.0,2,50,750.000000,1000.000000,0,190.000000,3,1,2,5,25.000000,DCFM-OLSR,0,-1,-1,-1,-1,-1,-1,-1,1,83.050249,1,2|0|3|1,defense_only
100002279,100002279,1,2.2.0,2,50,750.000000,1000.000000,0,190.000000,3,1,2,5,25.000000,DCFM-OLSR,0,-1,-1,-1,-1,-1,-1,-1,1,79.596908,1,1|0|3|2,attack_only
100002281,100002281,1,2.2.0,2,50,750.000000,1000.000000,0,190.000000,3,1,2,5,25.000000,DCFM-OLSR,0,-1,-1,-1,-1,-1,-1,-1,1,81.104399,1,2|3|1|0,defense_only
100002285,100002285,1,2.2.0,2,50,750.000000,1000.000000,0,190.000000,3,1,2,5,25.000000,DCFM-OLSR,0,-1,-1,-1,-1,-1,-1,-1,1,80.508911,1,1|3|0|2,attack_only
100002284,100002284,1,2.2.0,2,50,750.000000,1000.000000,0,190.000000,3,1,2,5,25.000000,DCFM-OLSR,0,-1,-1,-1,-1,-1,-1,-1,1,87.127889,1,3|1|0|2,defense_vs_attack
100002283,100002283,1,2.2.0,2,50,750.000000,1000.000000,0,190.000000,3,1,2,5,25.000000,DCFM-OLSR,0,-1,-1,-1,-1,-1,-1,-1,1,97.798663,1,3|1|0|2,defense_vs_attack
100002288,100002288,1,2.2.0,2,50,750.000000,1000.000000,0,190.000000,3,1,2,5,25.000000,DCFM-OLSR,0,-1,-1,-1,-1,-1,-1,-1,1,78.689228,1,2|3|1|0,defense_only
100002292,100002292,1,2.2.0,2,50,750.000000,1000.000000,0,190.000000,3,1,2,5,25.000000,DCFM-OLSR,0,-1,-1,-1,-1,-1,-1,-1,1,77.684503,1,2|0|1|3,defense_only
100002294,100002294,1,2.2.0,2,50,750.000000,1000.000000,0,190.000000,3,1,2,5,25.000000,DCFM-OLSR,0,-1,-1,-1,-1,-1,-1,-1,1,81.528234,1,1|3|2|0,attack_only
100002297,100002297,1,2.2.0,2,50,750.000000,1000.000000,0,190.000000,3,1,2,5,25.000000,DCFM-OLSR,0,-1,-1,-1,-1,-1,-1,-1,1,82.464259,1,3|2|1|0,defense_vs_attack
100002298,100002298,1,2.2.0,2,50,750.000000,1000.000000,0,190.000000,3,1,2,5,25.000000,DCFM-OLSR,0,-1,-1,-1,-1,-1,-1,-1,1,82.903805,1,3|2|1|0,defense_vs_attack
100002301,100002301,1,2.2.0,2,50,750.000000,1000.000000,0,190.000000,3,1,2,5,25.000000,DCFM-OLSR,0,-1,-1,-1,-1,-1,-1,-1,1,79.906636,1,1|0|3|2,attack_only
100002300,100002300,1,2.2.0,2,50,750.000000,1000.000000,0,190.000000,3,1,2,5,25.000000,DCFM-OLSR,0,-1,-1,-1,-1,-1,-1,-1,1,92.745474,1,3|2|1|0,defense_vs_attack
100002303,100002303,1,2.2.0,2,50,750.000000,1000.000000,0,190.000000,3,1,2,5,25.000000,DCFM-OLSR,0,-1,-1,-1,-1,-1,-1,-1,1,102.271762,1,0|1|2|3,baseline
100002305,100002305,1,2.2.0,2,50,750.000000,1000.000000,0,190.000000,3,1,2,5,25.000000,DCFM-OLSR,0,-1,-1,-1,-1,-1,-1,-1,1,91.707435,1,0|3|2|1,baseline
100002310,100002310,1,2.2.0,2,50,750.000000,1000.000000,0,190.000000,3,1,2,5,25.000000,DCFM-OLSR,0,-1,-1,-1,-1,-1,-1,-1,1,82.387954,1,3|0|1|2,defense_vs_attack
100002308,100002308,1,2.2.0,2,50,750.000000,1000.000000,0,190.000000,3,1,2,5,25.000000,DCFM-OLSR,0,-1,-1,-1,-1,-1,-1,-1,1,94.572470,1,3|2|0|1,defense_vs_attack
100002316,100002316,1,2.2.0,2,50,750.000000,1000.000000,0,190.000000,3,1,2,5,25.000000,DCFM-OLSR,0,-1,-1,-1,-1,-1,-1,-1,1,78.179162,1,0|3|2|1,baseline
100002319,100002319,1,2.2.0,2,50,750.000000,1000.000000,0,190.000000,3,1,2,5,25.000000,DCFM-OLSR,0,-1,-1,-1,-1,-1,-1,-1,1,77.161961,1,2|0|3|1,defense_only
100002325,100002325,1,2.2.0,2,50,750.000000,1000.000000,0,190.000000,3,1,2,5,25.000000,DCFM-OLSR,0,-1,-1,-1,-1,-1,-1,-1,1,77.988179,1,1|2|3|0,attack_only
100002324,100002324,1,2.2.0,2,50,750.000000,1000.000000,0,190.000000,3,1,2,5,25.000000,DCFM-OLSR,0,-1,-1,-1,-1,-1,-1,-1,1,86.475982,1,3|2|0|1,defense_vs_attack
100002328,100002328,1,2.2.0,2,50,750.000000,1000.000000,0,190.000000,3,1,2,5,25.000000,DCFM-OLSR,0,-1,-1,-1,-1,-1,-1,-1,1,71.543187,1,2|1|3|0,defense_only
100002335,100002335,1,2.2.0,2,50,750.000000,1000.000000,0,190.000000,3,1,2,5,25.000000,DCFM-OLSR,0,-1,-1,-1,-1,-1,-1,-1,1,81.099375,1,1|0|3|2,attack_only
100002339,100002339,1,2.2.0,2,50,750.000000,1000.000000,0,190.000000,3,1,2,5,25.000000,DCFM-OLSR,0,-1,-1,-1,-1,-1,-1,-1,1,73.756625,1,2|0|3|1,defense_only
100002341,100002341,1,2.2.0,2,50,750.000000,1000.000000,0,190.000000,3,1,2,5,25.000000,DCFM-OLSR,0,-1,-1,-1,-1,-1,-1,-1,1,77.703495,1,1|2|3|0,attack_only
100002344,100002344,1,2.2.0,2,50,750.000000,1000.000000,0,190.000000,3,1,2,5,25.000000,DCFM-OLSR,0,-1,-1,-1,-1,-1,-1,-1,1,70.989904,1,0|2|1|3,baseline
100002342,100002342,1,2.2.0,2,50,750.000000,1000.000000,0,190.000000,3,1,2,5,25.000000,DCFM-OLSR,0,-1,-1,-1,-1,-1,-1,-1,1,94.887066,1,1|3|2|0,attack_only
100002350,100002350,1,2.2.0,2,50,750.000000,1000.000000,0,190.000000,3,1,2,5,25.000000,DCFM-OLSR,0,-1,-1,-1,-1,-1,-1,-1,1,85.726779,1,0|3|1|2,baseline
100002361,100002361,1,2.2.0,2,50,750.000000,1000.000000,0,190.000000,3,1,2,5,25.000000,DCFM-OLSR,0,-1,-1,-1,-1,-1,-1,-1,1,94.464819,1,0|3|1|2,baseline
100002363,100002363,1,2.2.0,2,50,750.000000,1000.000000,0,190.000000,3,1,2,5,25.000000,DCFM-OLSR,0,-1,-1,-1,-1,-1,-1,-1,1,96.775299,1,1|0|3|2,attack_only
100002372,100002372,1,2.2.0,2,50,750.000000,1000.000000,0,190.000000,3,1,2,5,25.000000,DCFM-OLSR,0,-1,-1,-1,-1,-1,-1,-1,1,90.691734,1,0|3|1|2,baseline
100002377,100002377,1,2.2.0,2,50,750.000000,1000.000000,0,190.000000,3,1,2,5,25.000000,DCFM-OLSR,0,-1,-1,-1,-1,-1,-1,-1,1,104.540433,1,1|2|3|0,attack_only
100002380,100002380,1,2.2.0,2,50,750.000000,1000.000000,0,190.000000,3,1,2,5,25.000000,DCFM-OLSR,0,-1,-1,-1,-1,-1,-1,-1,1,95.117242,1,3|1|0|2,defense_vs_attack
100002386,100002386,1,2.2.0,2,50,750.000000,1000.000000,0,190.000000,3,1,2,5,25.000000,DCFM-OLSR,0,-1,-1,-1,-1,-1,-1,-1,1,97.655579,1,2|0|3|1,defense_only
100002387,100002387,1,2.2.0,2,50,750.000000,1000.000000,0,190.000000,3,1,2,5,25.000000,DCFM-OLSR,0,-1,-1,-1,-1,-1,-1,-1,1,101.919373,1,2|3|1|0,defense_only
100002391,100002391,1,2.2.0,2,50,750.000000,1000.000000,0,190.000000,3,1,2,5,25.000000,DCFM-OLSR,0,-1,-1,-1,-1,-1,-1,-1,1,88.437468,1,2|0|1|3,defense_only
100002392,100002392,1,2.2.0,2,50,750.000000,1000.000000,0,190.000000,3,1,2,5,25.000000,DCFM-OLSR,0,-1,-1,-1,-1,-1,-1,-1,1,90.190391,1,1|0|3|2,attack_only
100002395,100002395,1,2.2.0,2,50,750.000000,1000.000000,0,190.000000,3,1,2,5,25.000000,DCFM-OLSR,0,-1,-1,-1,-1,-1,-1,-1,1,98.534702,1,1|2|3|0,attack_only
100002399,100002399,1,2.2.0,2,50,750.000000,1000.000000,0,190.000000,3,1,2,5,25.000000,DCFM-OLSR,0,-1,-1,-1,-1,-1,-1,-1,1,93.441320,1,1|0|3|2,attack_only
100002401,100002401,1,2.2.0,2,50,750.000000,1000.000000,0,190.000000,3,1,2,5,25.000000,DCFM-OLSR,0,-1,-1,-1,-1,-1,-1,-1,1,84.940521,1,2|1|0|3,defense_only
100002404,100002404,1,2.2.0,2,50,750.000000,1000.000000,0,190.000000,3,1,2,5,25.000000,DCFM-OLSR,0,-1,-1,-1,-1,-1,-1,-1,1,81.566609,1,1|3|0|2,attack_only
100002405,100002405,1,2.2.0,2,50,750.000000,1000.000000,0,190.000000,3,1,2,5,25.000000,DCFM-OLSR,0,-1,-1,-1,-1,-1,-1,-1,1,113.399921,1,1|3|2|0,attack_only
100002413,100002413,1,2.2.0,2,50,750.000000,1000.000000,0,190.000000,3,1,2,5,25.000000,DCFM-OLSR,0,-1,-1,-1,-1,-1,-1,-1,1,80.971174,1,1|0|3|2,attack_only
100002408,100002408,1,2.2.0,2,50,750.000000,1000.000000,0,190.000000,3,1,2,5,25.000000,DCFM-OLSR,0,-1,-1,-1,-1,-1,-1,-1,1,125.723717,1,3|1|2|0,defense_vs_attack
100002416,100002416,1,2.2.0,2,50,750.000000,1000.000000,0,190.000000,3,1,2,5,25.000000,DCFM-OLSR,0,-1,-1,-1,-1,-1,-1,-1,1,102.093557,1,1|3|2|0,attack_only
100002421,100002421,1,2.2.0,2,50,750.000000,1000.000000,0,190.000000,3,1,2,5,25.000000,DCFM-OLSR,0,-1,-1,-1,-1,-1,-1,-1,1,100.717177,1,0|3|1|2,baseline
100002422,100002422,1,2.2.0,2,50,750.000000,1000.000000,0,190.000000,3,1,2,5,25.000000,DCFM-OLSR,0,-1,-1,-1,-1,-1,-1,-1,1,94.919932,1,2|3|1|0,defense_only
100002418,100002418,1,2.2.0,2,50,750.000000,1000.000000,0,190.000000,3,1,2,5,25.000000,DCFM-OLSR,0,-1,-1,-1,-1,-1,-1,-1,1,115.759597,1,2|1|0|3,defense_only
100002425,100002425,1,2.2.0,2,50,750.000000,1000.000000,0,190.000000,3,1,2,5,25.000000,DCFM-OLSR,0,-1,-1,-1,-1,-1,-1,-1,1,100.741024,1,0|2|1|3,baseline
100002428,100002428,1,2.2.0,2,50,750.000000,1000.000000,0,190.000000,3,1,2,5,25.000000,DCFM-OLSR,0,-1,-1,-1,-1,-1,-1,-1,1,120.219757,1,0|3|2|1,baseline
100002431,100002431,1,2.2.0,2,50,750.000000,1000.000000,0,190.000000,3,1,2,5,25.000000,DCFM-OLSR,0,-1,-1,-1,-1,-1,-1,-1,1,101.485917,1,2|1|3|0,defense_only
100002432,100002432,1,2.2.0,2,50,750.000000,1000.000000,0,190.000000,3,1,2,5,25.000000,DCFM-OLSR,0,-1,-1,-1,-1,-1,-1,-1,1,107.236115,1,3|0|2|1,defense_vs_attack
100002440,100002440,1,2.2.0,2,50,750.000000,1000.000000,0,190.000000,3,1,2,5,25.000000,DCFM-OLSR,0,-1,-1,-1,-1,-1,-1,-1,1,82.918931,1,1|0|3|2,attack_only
100002437,100002437,1,2.2.0,2,50,750.000000,1000.000000,0,190.000000,3,1,2,5,25.000000,DCFM-OLSR,0,-1,-1,-1,-1,-1,-1,-1,1,100.684056,1,2|0|3|1,defense_only
100002439,100002439,1,2.2.0,2,50,750.000000,1000.000000,0,190.000000,3,1,2,5,25.000000,DCFM-OLSR,0,-1,-1,-1,-1,-1,-1,-1,1,100.433632,1,3|2|1|0,defense_vs_attack
100002441,100002441,1,2.2.0,2,50,750.000000,1000.000000,0,190.000000,3,1,2,5,25.000000,DCFM-OLSR,0,-1,-1,-1,-1,-1,-1,-1,1,95.110572,1,3|0|1|2,defense_vs_attack
100002443,100002443,1,2.2.0,2,50,750.000000,1000.000000,0,190.000000,3,1,2,5,25.000000,DCFM-OLSR,0,-1,-1,-1,-1,-1,-1,-1,1,108.301990,1,2|1|3|0,defense_only
100002448,100002448,1,2.2.0,2,50,750.000000,1000.000000,0,190.000000,3,1,2,5,25.000000,DCFM-OLSR,0,-1,-1,-1,-1,-1,-1,-1,1,103.703228,1,3|0|1|2,defense_vs_attack
100002450,100002450,1,2.2.0,2,50,750.000000,1000.000000,0,190.000000,3,1,2,5,25.000000,DCFM-OLSR,0,-1,-1,-1,-1,-1,-1,-1,1,102.879842,1,3|0|2|1,defense_vs_attack
100002463,100002463,1,2.2.0,2,50,750.000000,1000.000000,0,190.000000,3,1,2,5,25.000000,DCFM-OLSR,0,-1,-1,-1,-1,-1,-1,-1,1,83.500845,1,3|0|2|1,defense_vs_attack
100002460,100002460,1,2.2.0,2,50,750.000000,1000.000000,0,190.000000,3,1,2,5,25.000000,DCFM-OLSR,0,-1,-1,-1,-1,-1,-1,-1,1,98.397987,1,3|2|1|0,defense_vs_attack
100002464,100002464,1,2.2.0,2,50,750.000000,1000.000000,0,190.000000,3,1,2,5,25.000000,DCFM-OLSR,0,-1,-1,-1,-1,-1,-1,-1,1,98.568518,1,3|2|0|1,defense_vs_attack
100002467,100002467,1,2.2.0,2,50,750.000000,1000.000000,0,190.000000,3,1,2,5,25.000000,DCFM-OLSR,0,-1,-1,-1,-1,-1,-1,-1,1,96.514190,1,1|3|0|2,attack_only
100002468,100002468,1,2.2.0,2,50,750.000000,1000.000000,0,190.000000,3,1,2,5,25.000000,DCFM-OLSR,0,-1,-1,-1,-1,-1,-1,-1,1,103.287880,1,2|0|1|3,defense_only
100002472,100002472,1,2.2.0,2,50,750.000000,1000.000000,0,190.000000,3,1,2,5,25.000000,DCFM-OLSR,0,-1,-1,-1,-1,-1,-1,-1,1,94.035284,1,0|1|2|3,baseline
100002479,100002479,1,2.2.0,2,50,750.000000,1000.000000,0,190.000000,3,1,2,5,25.000000,DCFM-OLSR,0,-1,-1,-1,-1,-1,-1,-1,1,89.643367,1,3|2|0|1,defense_vs_attack
100002490,100002490,1,2.2.0,2,50,750.000000,1000.000000,0,190.000000,3,1,2,5,25.000000,DCFM-OLSR,0,-1,-1,-1,-1,-1,-1,-1,1,88.514652,1,3|0|1|2,defense_vs_attack
100002495,100002495,1,2.2.0,2,50,750.000000,1000.000000,0,190.000000,3,1,2,5,25.000000,DCFM-OLSR,0,-1,-1,-1,-1,-1,-1,-1,1,78.732869,1,3|0|2|1,defense_vs_attack
100002496,100002496,1,2.2.0,2,50,750.000000,1000.000000,0,190.000000,3,1,2,5,25.000000,DCFM-OLSR,0,-1,-1,-1,-1,-1,-1,-1,1,82.904199,1,0|3|1|2,baseline
100002493,100002493,1,2.2.0,2,50,750.000000,1000.000000,0,190.000000,3,1,2,5,25.000000,DCFM-OLSR,0,-1,-1,-1,-1,-1,-1,-1,1,99.389545,1,3|0|2|1,defense_vs_attack
100002499,100002499,1,2.2.0,2,50,750.000000,1000.000000,0,190.000000,3,1,2,5,25.000000,DCFM-OLSR,0,-1,-1,-1,-1,-1,-1,-1,1,91.066590,1,1|3|2|0,attack_only
100002500,100002500,1,2.2.0,2,50,750.000000,1000.000000,0,190.000000,3,1,2,5,25.000000,DCFM-OLSR,0,-1,-1,-1,-1,-1,-1,-1,1,99.209296,1,1|3|2|0,attack_only
100002501,100002501,1,2.2.0,2,50,750.000000,1000.000000,0,190.000000,3,1,2,5,25.000000,DCFM-OLSR,0,-1,-1,-1,-1,-1,-1,-1,1,95.073729,1,3|1|0|2,defense_vs_attack
100002502,100002502,1,2.2.0,2,50,750.000000,1000.000000,0,190.000000,3,1,2,5,25.000000,DCFM-OLSR,0,-1,-1,-1,-1,-1,-1,-1,1,88.059305,1,0|3|1|2,baseline
100002503,100002503,1,2.2.0,2,50,750.000000,1000.000000,0,190.000000,3,1,2,5,25.000000,DCFM-OLSR,0,-1,-1,-1,-1,-1,-1,-1,1,86.501105,1,1|3|2|0,attack_only
100002510,100002510,1,2.2.0,2,50,750.000000,1000.000000,0,190.000000,3,1,2,5,25.000000,DCFM-OLSR,0,-1,-1,-1,-1,-1,-1,-1,1,91.504250,1,2|1|0|3,defense_only
100002512,100002512,1,2.2.0,2,50,750.000000,1000.000000,0,190.000000,3,1,2,5,25.000000,DCFM-OLSR,0,-1,-1,-1,-1,-1,-1,-1,1,87.456065,1,3|2|1|0,defense_vs_attack
100002524,100002524,1,2.2.0,2,50,750.000000,1000.000000,0,190.000000,3,1,2,5,25.000000,DCFM-OLSR,0,-1,-1,-1,-1,-1,-1,-1,1,95.969605,1,2|3|0|1,defense_only
100002538,100002538,1,2.2.0,2,50,750.000000,1000.000000,0,190.000000,3,1,2,5,25.000000,DCFM-OLSR,0,-1,-1,-1,-1,-1,-1,-1,1,78.198495,1,3|2|1|0,defense_vs_attack
100002551,100002551,1,2.2.0,2,50,750.000000,1000.000000,0,190.000000,3,1,2,5,25.000000,DCFM-OLSR,0,-1,-1,-1,-1,-1,-1,-1,1,76.336890,1,0|1|2|3,baseline
100002547,100002547,1,2.2.0,2,50,750.000000,1000.000000,0,190.000000,3,1,2,5,25.000000,DCFM-OLSR,0,-1,-1,-1,-1,-1,-1,-1,1,90.510251,1,1|2|3|0,attack_only
100002565,100002565,1,2.2.0,2,50,750.000000,1000.000000,0,190.000000,3,1,2,5,25.000000,DCFM-OLSR,0,-1,-1,-1,-1,-1,-1,-1,1,71.504185,1,1|3|2|0,attack_only
100002564,100002564,1,2.2.0,2,50,750.000000,1000.000000,0,190.000000,3,1,2,5,25.000000,DCFM-OLSR,0,-1,-1,-1,-1,-1,-1,-1,1,80.056004,1,0|2|1|3,baseline
100002567,100002567,1,2.2.0,2,50,750.000000,1000.000000,0,190.000000,3,1,2,5,25.000000,DCFM-OLSR,0,-1,-1,-1,-1,-1,-1,-1,1,80.497012,1,0|1|2|3,baseline
100002570,100002570,1,2.2.0,2,50,750.000000,1000.000000,0,190.000000,3,1,2,5,25.000000,DCFM-OLSR,0,-1,-1,-1,-1,-1,-1,-1,1,87.903624,1,0|2|3|1,baseline
100002569,100002569,1,2.2.0,2,50,750.000000,1000.000000,0,190.000000,3,1,2,5,25.000000,DCFM-OLSR,0,-1,-1,-1,-1,-1,-1,-1,1,94.027058,1,1|0|2|3,attack_only
100002575,100002575,1,2.2.0,2,50,750.000000,1000.000000,0,190.000000,3,1,2,5,25.000000,DCFM-OLSR,0,-1,-1,-1,-1,-1,-1,-1,1,89.334287,1,3|2|0|1,defense_vs_attack
100002574,100002574,1,2.2.0,2,50,750.000000,1000.000000,0,190.000000,3,1,2,5,25.000000,DCFM-OLSR,0,-1,-1,-1,-1,-1,-1,-1,1,93.102356,1,2|3|0|1,defense_only
100002585,100002585,1,2.2.0,2,50,750.000000,1000.000000,0,190.000000,3,1,2,5,25.000000,DCFM-OLSR,0,-1,-1,-1,-1,-1,-1,-1,1,90.708526,1,3|0|1|2,defense_vs_attack
100002582,100002582,1,2.2.0,2,50,750.000000,1000.000000,0,190.000000,3,1,2,5,25.000000,DCFM-OLSR,0,-1,-1,-1,-1,-1,-1,-1,1,109.417343,1,2|1|0|3,defense_only
100002587,100002587,1,2.2.0,2,50,750.000000,1000.000000,0,190.000000,3,1,2,5,25.000000,DCFM-OLSR,0,-1,-1,-1,-1,-1,-1,-1,1,99.073251,1,0|3|2|1,baseline
100002588,100002588,1,2.2.0,2,50,750.000000,1000.000000,0,190.000000,3,1,2,5,25.000000,DCFM-OLSR,0,-1,-1,-1,-1,-1,-1,-1,1,102.623924,1,2|3|1|0,defense_only
100002597,100002597,1,2.2.0,2,50,750.000000,1000.000000,0,190.000000,3,1,2,5,25.000000,DCFM-OLSR,0,-1,-1,-1,-1,-1,-1,-1,1,74.865111,1,2|3|1|0,defense_only
100002601,100002601,1,2.2.0,2,50,750.000000,1000.000000,0,190.000000,3,1,2,5,25.000000,DCFM-OLSR,0,-1,-1,-1,-1,-1,-1,-1,1,71.956821,1,0|1|3|2,baseline
100002602,100002602,1,2.2.0,2,50,750.000000,1000.000000,0,190.000000,3,1,2,5,25.000000,DCFM-OLSR,0,-1,-1,-1,-1,-1,-1,-1,1,87.269725,1,3|0|1|2,defense_vs_attack
100002604,100002604,1,2.2.0,2,50,750.000000,1000.000000,0,190.000000,3,1,2,5,25.000000,DCFM-OLSR,0,-1,-1,-1,-1,-1,-1,-1,1,83.523657,1,1|2|0|3,attack_only
100002606,100002606,1,2.2.0,2,50,750.000000,1000.000000,0,190.000000,3,1,2,5,25.000000,DCFM-OLSR,0,-1,-1,-1,-1,-1,-1,-1,1,82.829833,1,1|2|0|3,attack_only
100002613,100002613,1,2.2.0,2,50,750.000000,1000.000000,0,190.000000,3,1,2,5,25.000000,DCFM-OLSR,0,-1,-1,-1,-1,-1,-1,-1,1,82.075641,1,1|2|3|0,attack_only
100002614,100002614,1,2.2.0,2,50,750.000000,1000.000000,0,190.000000,3,1,2,5,25.000000,DCFM-OLSR,0,-1,-1,-1,-1,-1,-1,-1,1,85.905885,1,3|2|1|0,defense_vs_attack
100002621,100002621,1,2.2.0,2,50,750.000000,1000.000000,0,190.000000,3,1,2,5,25.000000,DCFM-OLSR,0,-1,-1,-1,-1,-1,-1,-1,1,99.831085,1,3|0|1|2,defense_vs_attack
100002626,100002626,1,2.2.0,2,50,750.000000,1000.000000,0,190.000000,3,1,2,5,25.000000,DCFM-OLSR,0,-1,-1,-1,-1,-1,-1,-1,1,91.740345,1,1|3|2|0,attack_only
100002627,100002627,1,2.2.0,2,50,750.000000,1000.000000,0,190.000000,3,1,2,5,25.000000,DCFM-OLSR,0,-1,-1,-1,-1,-1,-1,-1,1,104.758572,1,0|2|3|1,baseline
100002631,100002631,1,2.2.0,2,50,750.000000,1000.000000,0,190.000000,3,1,2,5,25.000000,DCFM-OLSR,0,-1,-1,-1,-1,-1,-1,-1,1,88.287974,1,0|2|1|3,baseline
100002633,100002633,1,2.2.0,2,50,750.000000,1000.000000,0,190.000000,3,1,2,5,25.000000,DCFM-OLSR,0,-1,-1,-1,-1,-1,-1,-1,1,87.077738,1,2|3|1|0,defense_only
100002636,100002636,1,2.2.0,2,50,750.000000,1000.000000,0,190.000000,3,1,2,5,25.000000,DCFM-OLSR,0,-1,-1,-1,-1,-1,-1,-1,1,79.657697,1,1|3|2|0,attack_only
100002639,100002639,1,2.2.0,2,50,750.000000,1000.000000,0,190.000000,3,1,2,5,25.000000,DCFM-OLSR,0,-1,-1,-1,-1,-1,-1,-1,1,80.078591,1,0|1|2|3,baseline
100002640,100002640,1,2.2.0,2,50,750.000000,1000.000000,0,190.000000,3,1,2,5,25.000000,DCFM-OLSR,0,-1,-1,-1,-1,-1,-1,-1,1,88.970759,1,3|2|1|0,defense_vs_attack
100002641,100002641,1,2.2.0,2,50,750.000000,1000.000000,0,190.000000,3,1,2,5,25.000000,DCFM-OLSR,0,-1,-1,-1,-1,-1,-1,-1,1,82.063804,1,2|1|3|0,defense_only
100002647,100002647,1,2.2.0,2,50,750.000000,1000.000000,0,190.000000,3,1,2,5,25.000000,DCFM-OLSR,0,-1,-1,-1,-1,-1,-1,-1,1,69.910198,1,2|1|0|3,defense_only
100002642,100002642,1,2.2.0,2,50,750.000000,1000.000000,0,190.000000,3,1,2,5,25.000000,DCFM-OLSR,0,-1,-1,-1,-1,-1,-1,-1,1,92.486756,1,3|0|1|2,defense_vs_attack
100002646,100002646,1,2.2.0,2,50,750.000000,1000.000000,0,190.000000,3,1,2,5,25.000000,DCFM-OLSR,0,-1,-1,-1,-1,-1,-1,-1,1,94.172270,1,2|1|0|3,defense_only
100002649,100002649,1,2.2.0,2,50,750.000000,1000.000000,0,190.000000,3,1,2,5,25.000000,DCFM-OLSR,0,-1,-1,-1,-1,-1,-1,-1,1,89.263540,1,2|3|1|0,defense_only
100002650,100002650,1,2.2.0,2,50,750.000000,1000.000000,0,190.000000,3,1,2,5,25.000000,DCFM-OLSR,0,-1,-1,-1,-1,-1,-1,-1,1,89.325969,1,1|3|2|0,attack_only
100002651,100002651,1,2.2.0,2,50,750.000000,1000.000000,0,190.000000,3,1,2,5,25.000000,DCFM-OLSR,0,-1,-1,-1,-1,-1,-1,-1,1,98.917881,1,1|0|2|3,attack_only
100002653,100002653,1,2.2.0,2,50,750.000000,1000.000000,0,190.000000,3,1,2,5,25.000000,DCFM-OLSR,0,-1,-1,-1,-1,-1,-1,-1,1,98.605360,1,2|1|0|3,defense_only
100002654,100002654,1,2.2.0,2,50,750.000000,1000.000000,0,190.000000,3,1,2,5,25.000000,DCFM-OLSR,0,-1,-1,-1,-1,-1,-1,-1,1,89.069527,1,1|0|2|3,attack_only
100002658,100002658,1,2.2.0,2,50,750.000000,1000.000000,0,190.000000,3,1,2,5,25.000000,DCFM-OLSR,0,-1,-1,-1,-1,-1,-1,-1,1,67.678959,1,3|2|1|0,defense_vs_attack
100002667,100002667,1,2.2.0,2,50,750.000000,1000.000000,0,190.000000,3,1,2,5,25.000000,DCFM-OLSR,0,-1,-1,-1,-1,-1,-1,-1,1,75.023008,1,0|1|3|2,baseline
100002671,100002671,1,2.2.0,2,50,750.000000,1000.000000,0,190.000000,3,1,2,5,25.000000,DCFM-OLSR,0,-1,-1,-1,-1,-1,-1,-1,1,64.272549,1,1|2|3|0,attack_only
100002669,100002669,1,2.2.0,2,50,750.000000,1000.000000,0,190.000000,3,1,2,5,25.000000,DCFM-OLSR,0,-1,-1,-1,-1,-1,-1,-1,1,84.797867,1,0|3|1|2,baseline
100002675,100002675,1,2.2.0,2,50,750.000000,1000.000000,0,190.000000,3,1,2,5,25.000000,DCFM-OLSR,0,-1,-1,-1,-1,-1,-1,-1,1,72.540007,1,3|2|0|1,defense_vs_attack
100002673,100002673,1,2.2.0,2,50,750.000000,1000.000000,0,190.000000,3,1,2,5,25.000000,DCFM-OLSR,0,-1,-1,-1,-1,-1,-1,-1,1,84.073749,1,1|0|3|2,attack_only
100002676,100002676,1,2.2.0,2,50,750.000000,1000.000000,0,190.000000,3,1,2,5,25.000000,DCFM-OLSR,0,-1,-1,-1,-1,-1,-1,-1,1,79.439205,1,1|3|0|2,attack_only
100002678,100002678,1,2.2.0,2,50,750.000000,1000.000000,0,190.000000,3,1,2,5,25.000000,DCFM-OLSR,0,-1,-1,-1,-1,-1,-1,-1,1,82.999635,1,3|2|0|1,defense_vs_attack
100002683,100002683,1,2.2.0,2,50,750.000000,1000.000000,0,190.000000,3,1,2,5,25.000000,DCFM-OLSR,0,-1,-1,-1,-1,-1,-1,-1,1,83.707886,1,0|1|2|3,baseline
100002687,100002687,1,2.2.0,2,50,750.000000,1000.000000,0,190.000000,3,1,2,5,25.000000,DCFM-OLSR,0,-1,-1,-1,-1,-1,-1,-1,1,68.682053,1,0|3|1|2,baseline
100002688,100002688,1,2.2.0,2,50,750.000000,1000.000000,0,190.000000,3,1,2,5,25.000000,DCFM-OLSR,0,-1,-1,-1,-1,-1,-1,-1,1,68.700202,1,1|3|2|0,attack_only
100002685,100002685,1,2.2.0,2,50,750.000000,1000.000000,0,190.000000,3,1,2,5,25.000000,DCFM-OLSR,0,-1,-1,-1,-1,-1,-1,-1,1,90.895808,1,1|2|3|0,attack_only
100002689,100002689,1,2.2.0,2,50,750.000000,1000.000000,0,190.000000,3,1,2,5,25.000000,DCFM-OLSR,0,-1,-1,-1,-1,-1,-1,-1,1,81.001719,1,2|1|3|0,defense_only
100002690,100002690,1,2.2.0,2,50,750.000000,1000.000000,0,190.000000,3,1,2,5,25.000000,DCFM-OLSR,0,-1,-1,-1,-1,-1,-1,-1,1,101.518065,1,1|3|0|2,attack_only
100002694,100002694,1,2.2.0,2,50,750.000000,1000.000000,0,190.000000,3,1,2,5,25.000000,DCFM-OLSR,0,-1,-1,-1,-1,-1,-1,-1,1,78.944979,1,3|2|1|0,defense_vs_attack
100002700,100002700,1,2.2.0,2,50,750.000000,1000.000000,0,190.000000,3,1,2,5,25.000000,DCFM-OLSR,0,-1,-1,-1,-1,-1,-1,-1,1,64.142969,1,2|0|1|3,defense_only
100002696,100002696,1,2.2.0,2,50,750.000000,1000.000000,0,190.000000,3,1,2,5,25.000000,DCFM-OLSR,0,-1,-1,-1,-1,-1,-1,-1,1,79.845592,1,1|2|0|3,attack_only
100002705,100002705,1,2.2.0,2,50,750.000000,1000.000000,0,190.000000,3,1,2,5,25.000000,DCFM-OLSR,0,-1,-1,-1,-1,-1,-1,-1,1,62.863033,1,1|0|3|2,attack_only
100002702,100002702,1,2.2.0,2,50,750.000000,1000.000000,0,190.000000,3,1,2,5,25.000000,DCFM-OLSR,0,-1,-1,-1,-1,-1,-1,-1,1,78.768066,1,3|0|2|1,defense_vs_attack
100002701,100002701,1,2.2.0,2,50,750.000000,1000.000000,0,190.000000,3,1,2,5,25.000000,DCFM-OLSR,0,-1,-1,-1,-1,-1,-1,-1,1,91.939372,1,2|1|0|3,defense_only
100002706,100002706,1,2.2.0,2,50,750.000000,1000.000000,0,190.000000,3,1,2,5,25.000000,DCFM-OLSR,0,-1,-1,-1,-1,-1,-1,-1,1,82.411859,1,2|0|1|3,defense_only
100002708,100002708,1,2.2.0,2,50,750.000000,1000.000000,0,190.000000,3,1,2,5,25.000000,DCFM-OLSR,0,-1,-1,-1,-1,-1,-1,-1,1,75.244826,1,2|1|0|3,defense_only
100002712,100002712,1,2.2.0,2,50,750.000000,1000.000000,0,190.000000,3,1,2,5,25.000000,DCFM-OLSR,0,-1,-1,-1,-1,-1,-1,-1,1,73.697333,1,2|3|1|0,defense_only
100002715,100002715,1,2.2.0,2,50,750.000000,1000.000000,0,190.000000,3,1,2,5,25.000000,DCFM-OLSR,0,-1,-1,-1,-1,-1,-1,-1,1,72.632040,1,3|0|1|2,defense_vs_attack
100002718,100002718,1,2.2.0,2,50,750.000000,1000.000000,0,190.000000,3,1,2,5,25.000000,DCFM-OLSR,0,-1,-1,-1,-1,-1,-1,-1,1,88.972935,1,3|1|0|2,defense_vs_attack
100002722,100002722,1,2.2.0,2,50,750.000000,1000.000000,0,190.000000,3,1,2,5,25.000000,DCFM-OLSR,0,-1,-1,-1,-1,-1,-1,-1,1,76.979029,1,2|0|3|1,defense_only
100002726,100002726,1,2.2.0,2,50,750.000000,1000.000000,0,190.000000,3,1,2,5,25.000000,DCFM-OLSR,0,-1,-1,-1,-1,-1,-1,-1,1,73.998641,1,2|1|3|0,defense_only
100002730,100002730,1,2.2.0,2,50,750.000000,1000.000000,0,190.000000,3,1,2,5,25.000000,DCFM-OLSR,0,-1,-1,-1,-1,-1,-1,-1,1,67.593434,1,0|2|3|1,baseline
100002728,100002728,1,2.2.0,2,50,750.000000,1000.000000,0,190.000000,3,1,2,5,25.000000,DCFM-OLSR,0,-1,-1,-1,-1,-1,-1,-1,1,87.598598,1,0|2|3|1,baseline
100002732,100002732,1,2.2.0,2,50,750.000000,1000.000000,0,190.000000,3,1,2,5,25.000000,DCFM-OLSR,0,-1,-1,-1,-1,-1,-1,-1,1,77.760987,1,3|2|1|0,defense_vs_attack
100002735,100002735,1,2.2.0,2,50,750.000000,1000.000000,0,190.000000,3,1,2,5,25.000000,DCFM-OLSR,0,-1,-1,-1,-1,-1,-1,-1,1,68.165446,1,0|1|3|2,baseline
100002737,100002737,1,2.2.0,2,50,750.000000,1000.000000,0,190.000000,3,1,2,5,25.000000,DCFM-OLSR,0,-1,-1,-1,-1,-1,-1,-1,1,73.758172,1,3|0|1|2,defense_vs_attack
100002740,100002740,1,2.2.0,2,50,750.000000,1000.000000,0,190.000000,3,1,2,5,25.000000,DCFM-OLSR,0,-1,-1,-1,-1,-1,-1,-1,1,67.549612,1,0|2|1|3,baseline
100002738,100002738,1,2.2.0,2,50,750.000000,1000.000000,0,190.000000,3,1,2,5,25.000000,DCFM-OLSR,0,-1,-1,-1,-1,-1,-1,-1,1,79.021744,1,3|0|1|2,defense_vs_attack
100002743,100002743,1,2.2.0,2,50,750.000000,1000.000000,0,190.000000,3,1,2,5,25.000000,DCFM-OLSR,0,-1,-1,-1,-1,-1,-1,-1,1,74.621740,1,3|1|0|2,defense_vs_attack
100002742,100002742,1,2.2.0,2,50,750.000000,1000.000000,0,190.000000,3,1,2,5,25.000000,DCFM-OLSR,0,-1,-1,-1,-1,-1,-1,-1,1,98.689489,1,2|0|3|1,defense_only
100002745,100002745,1,2.2.0,2,50,750.000000,1000.000000,0,190.000000,3,1,2,5,25.000000,DCFM-OLSR,0,-1,-1,-1,-1,-1,-1,-1,1,75.130360,1,2|0|3|1,defense_only
100002749,100002749,1,2.2.0,2,50,750.000000,1000.000000,0,190.000000,3,1,2,5,25.000000,DCFM-OLSR,0,-1,-1,-1,-1,-1,-1,-1,1,64.755957,1,1|3|2|0,attack_only
100002750,100002750,1,2.2.0,2,50,750.000000,1000.000000,0,190.000000,3,1,2,5,25.000000,DCFM-OLSR,0,-1,-1,-1,-1,-1,-1,-1,1,81.164398,1,0|2|3|1,baseline
100002752,100002752,1,2.2.0,2,50,750.000000,1000.000000,0,190.000000,3,1,2,5,25.000000,DCFM-OLSR,0,-1,-1,-1,-1,-1,-1,-1,1,88.521311,1,1|3|0|2,attack_only
100002755,100002755,1,2.2.0,2,50,750.000000,1000.000000,0,190.000000,3,1,2,5,25.000000,DCFM-OLSR,0,-1,-1,-1,-1,-1,-1,-1,1,76.687420,1,2|3|0|1,defense_only
100002757,100002757,1,2.2.0,2,50,750.000000,1000.000000,0,190.000000,3,1,2,5,25.000000,DCFM-OLSR,0,-1,-1,-1,-1,-1,-1,-1,1,99.688868,1,3|0|2|1,defense_vs_attack
100002768,100002768,1,2.2.0,2,50,750.000000,1000.000000,0,190.000000,3,1,2,5,25.000000,DCFM-OLSR,0,-1,-1,-1,-1,-1,-1,-1,1,82.750881,1,0|2|3|1,baseline
100002782,100002782,1,2.2.0,2,50,750.000000,1000.000000,0,190.000000,3,1,2,5,25.000000,DCFM-OLSR,0,-1,-1,-1,-1,-1,-1,-1,1,64.157645,1,3|0|1|2,defense_vs_attack
100002779,100002779,1,2.2.0,2,50,750.000000,1000.000000,0,190.000000,3,1,2,5,25.000000,DCFM-OLSR,0,-1,-1,-1,-1,-1,-1,-1,1,69.587957,1,0|2|3|1,baseline
100002764,100002764,1,2.2.0,2,50,750.000000,1000.000000,0,190.000000,3,1,2,5,25.000000,DCFM-OLSR,0,-1,-1,-1,-1,-1,-1,-1,1,120.763232,1,2|1|3|0,defense_only
100002783,100002783,1,2.2.0,2,50,750.000000,1000.000000,0,190.000000,3,1,2,5,25.000000,DCFM-OLSR,0,-1,-1,-1,-1,-1,-1,-1,1,70.745219,1,3|0|1|2,defense_vs_attack
100002791,100002791,1,2.2.0,2,50,750.000000,1000.000000,0,190.000000,3,1,2,5,25.000000,DCFM-OLSR,0,-1,-1,-1,-1,-1,-1,-1,1,70.365010,1,3|1|0|2,defense_vs_attack
100002793,100002793,1,2.2.0,2,50,750.000000,1000.000000,0,190.000000,3,1,2,5,25.000000,DCFM-OLSR,0,-1,-1,-1,-1,-1,-1,-1,1,66.433994,1,1|2|3|0,attack_only
100002796,100002796,1,2.2.0,2,50,750.000000,1000.000000,0,190.000000,3,1,2,5,25.000000,DCFM-OLSR,0,-1,-1,-1,-1,-1,-1,-1,1,75.822787,1,0|3|2|1,baseline
100002801,100002801,1,2.2.0,2,50,750.000000,1000.000000,0,190.000000,3,1,2,5,25.000000,DCFM-OLSR,0,-1,-1,-1,-1,-1,-1,-1,1,66.803757,1,2|1|3|0,defense_only
100002797,100002797,1,2.2.0,2,50,750.000000,1000.000000,0,190.000000,3,1,2,5,25.000000,DCFM-OLSR,0,-1,-1,-1,-1,-1,-1,-1,1,80.468150,1,3|2|0|1,defense_vs_attack
100002807,100002807,1,2.2.0,2,50,750.000000,1000.000000,0,190.000000,3,1,2,5,25.000000,DCFM-OLSR,0,-1,-1,-1,-1,-1,-1,-1,1,72.638668,1,3|2|1|0,defense_vs_attack
100002809,100002809,1,2.2.0,2,50,750.000000,1000.000000,0,190.000000,3,1,2,5,25.000000,DCFM-OLSR,0,-1,-1,-1,-1,-1,-1,-1,1,69.859926,1,0|3|2|1,baseline
100002812,100002812,1,2.2.0,2,50,750.000000,1000.000000,0,190.000000,3,1,2,5,25.000000,DCFM-OLSR,0,-1,-1,-1,-1,-1,-1,-1,1,73.455883,1,3|1|0|2,defense_vs_attack
100002816,100002816,1,2.2.0,2,50,750.000000,1000.000000,0,190.000000,3,1,2,5,25.000000,DCFM-OLSR,0,-1,-1,-1,-1,-1,-1,-1,1,68.366293,1,2|1|3|0,defense_only
100002814,100002814,1,2.2.0,2,50,750.000000,1000.000000,0,190.000000,3,1,2,5,25.000000,DCFM-OLSR,0,-1,-1,-1,-1,-1,-1,-1,1,87.635609,1,1|3|0|2,attack_only
100002822,100002822,1,2.2.0,2,50,750.000000,1000.000000,0,190.000000,3,1,2,5,25.000000,DCFM-OLSR,0,-1,-1,-1,-1,-1,-1,-1,1,74.583606,1,3|2|0|1,defense_vs_attack
100002821,100002821,1,2.2.0,2,50,750.000000,1000.000000,0,190.000000,3,1,2,5,25.000000,DCFM-OLSR,0,-1,-1,-1,-1,-1,-1,-1,1,80.669117,1,1|2|3|0,attack_only
100002825,100002825,1,2.2.0,2,50,750.000000,1000.000000,0,190.000000,3,1,2,5,25.000000,DCFM-OLSR,0,-1,-1,-1,-1,-1,-1,-1,1,69.164410,1,0|1|3|2,baseline
100002827,100002827,1,2.2.0,2,50,750.000000,1000.000000,0,190.000000,3,1,2,5,25.000000,DCFM-OLSR,0,-1,-1,-1,-1,-1,-1,-1,1,73.998953,1,1|3|2|0,attack_only
100002831,100002831,1,2.2.0,2,50,750.000000,1000.000000,0,190.000000,3,1,2,5,25.000000,DCFM-OLSR,0,-1,-1,-1,-1,-1,-1,-1,1,76.137730,1,0|1|3|2,baseline
100002834,100002834,1,2.2.0,2,50,750.000000,1000.000000,0,190.000000,3,1,2,5,25.000000,DCFM-OLSR,0,-1,-1,-1,-1,-1,-1,-1,1,74.843440,1,3|2|1|0,defense_vs_attack
100002837,100002837,1,2.2.0,2,50,750.000000,1000.000000,0,190.000000,3,1,2,5,25.000000,DCFM-OLSR,0,-1,-1,-1,-1,-1,-1,-1,1,71.386839,1,3|0|1|2,defense_vs_attack
100002845,100002845,1,2.2.0,2,50,750.000000,1000.000000,0,190.000000,3,1,2,5,25.000000,DCFM-OLSR,0,-1,-1,-1,-1,-1,-1,-1,1,73.642540,1,0|1|2|3,baseline
100002842,100002842,1,2.2.0,2,50,750.000000,1000.000000,0,190.000000,3,1,2,5,25.000000,DCFM-OLSR,0,-1,-1,-1,-1,-1,-1,-1,1,85.065249,1,0|2|1|3,baseline
100002847,100002847,1,2.2.0,2,50,750.000000,1000.000000,0,190.000000,3,1,2,5,25.000000,DCFM-OLSR,0,-1,-1,-1,-1,-1,-1,-1,1,70.907615,1,0|2|3|1,baseline
100002848,100002848,1,2.2.0,2,50,750.000000,1000.000000,0,190.000000,3,1,2,5,25.000000,DCFM-OLSR,0,-1,-1,-1,-1,-1,-1,-1,1,84.594181,1,2|0|3|1,defense_only
100002850,100002850,1,2.2.0,2,50,750.000000,1000.000000,0,190.000000,3,1,2,5,25.000000,DCFM-OLSR,0,-1,-1,-1,-1,-1,-1,-1,1,68.663856,1,2|1|0|3,defense_only
100002854,100002854,1,2.2.0,2,50,750.000000,1000.000000,0,190.000000,3,1,2,5,25.000000,DCFM-OLSR,0,-1,-1,-1,-1,-1,-1,-1,1,70.632714,1,2|3|1|0,defense_only
100002858,100002858,1,2.2.0,2,50,750.000000,1000.000000,0,190.000000,3,1,2,5,25.000000,DCFM-OLSR,0,-1,-1,-1,-1,-1,-1,-1,1,66.799636,1,3|0|1|2,defense_vs_attack
100002859,100002859,1,2.2.0,2,50,750.000000,1000.000000,0,190.000000,3,1,2,5,25.000000,DCFM-OLSR,0,-1,-1,-1,-1,-1,-1,-1,1,69.643363,1,1|0|3|2,attack_only
100002857,100002857,1,2.2.0,2,50,750.000000,1000.000000,0,190.000000,3,1,2,5,25.000000,DCFM-OLSR,0,-1,-1,-1,-1,-1,-1,-1,1,84.071284,1,2|1|3|0,defense_only
100002861,100002861,1,2.2.0,2,50,750.000000,1000.000000,0,190.000000,3,1,2,5,25.000000,DCFM-OLSR,0,-1,-1,-1,-1,-1,-1,-1,1,69.833663,1,0|3|1|2,baseline
100002860,100002860,1,2.2.0,2,50,750.000000,1000.000000,0,190.000000,3,1,2,5,25.000000,DCFM-OLSR,0,-1,-1,-1,-1,-1,-1,-1,1,103.403384,1,1|2|0|3,attack_only
100002864,100002864,1,2.2.0,2,50,750.000000,1000.000000,0,190.000000,3,1,2,5,25.000000,DCFM-OLSR,0,-1,-1,-1,-1,-1,-1,-1,1,70.857284,1,1|0|2|3,attack_only
100002866,100002866,1,2.2.0,2,50,750.000000,1000.000000,0,190.000000,3,1,2,5,25.000000,DCFM-OLSR,0,-1,-1,-1,-1,-1,-1,-1,1,81.190459,1,1|0|2|3,attack_only
100002867,100002867,1,2.2.0,2,50,750.000000,1000.000000,0,190.000000,3,1,2,5,25.000000,DCFM-OLSR,0,-1,-1,-1,-1,-1,-1,-1,1,74.108825,1,2|0|1|3,defense_only
100002869,100002869,1,2.2.0,2,50,750.000000,1000.000000,0,190.000000,3,1,2,5,25.000000,DCFM-OLSR,0,-1,-1,-1,-1,-1,-1,-1,1,78.927609,1,2|3|1|0,defense_only
100002870,100002870,1,2.2.0,2,50,750.000000,1000.000000,0,190.000000,3,1,2,5,25.000000,DCFM-OLSR,0,-1,-1,-1,-1,-1,-1,-1,1,79.196697,1,3|2|0|1,defense_vs_attack
100002872,100002872,1,2.2.0,2,50,750.000000,1000.000000,0,190.000000,3,1,2,5,25.000000,DCFM-OLSR,0,-1,-1,-1,-1,-1,-1,-1,1,76.754283,1,1|2|3|0,attack_only
100002874,100002874,1,2.2.0,2,50,750.000000,1000.000000,0,190.000000,3,1,2,5,25.000000,DCFM-OLSR,0,-1,-1,-1,-1,-1,-1,-1,1,76.506163,1,2|1|0|3,defense_only
100002875,100002875,1,2.2.0,2,50,750.000000,1000.000000,0,190.000000,3,1,2,5,25.000000,DCFM-OLSR,0,-1,-1,-1,-1,-1,-1,-1,1,75.474894,1,3|2|1|0,defense_vs_attack
100002876,100002876,1,2.2.0,2,50,750.000000,1000.000000,0,190.000000,3,1,2,5,25.000000,DCFM-OLSR,0,-1,-1,-1,-1,-1,-1,-1,1,91.208596,1,3|1|2|0,defense_vs_attack
100002879,100002879,1,2.2.0,2,50,750.000000,1000.000000,0,190.000000,3,1,2,5,25.000000,DCFM-OLSR,0,-1,-1,-1,-1,-1,-1,-1,1,87.640290,1,0|3|1|2,baseline
100002883,100002883,1,2.2.0,2,50,750.000000,1000.000000,0,190.000000,3,1,2,5,25.000000,DCFM-OLSR,0,-1,-1,-1,-1,-1,-1,-1,1,87.525656,1,3|1|2|0,defense_vs_attack
100002884,100002884,1,2.2.0,2,50,750.000000,1000.000000,0,190.000000,3,1,2,5,25.000000,DCFM-OLSR,0,-1,-1,-1,-1,-1,-1,-1,1,81.111580,1,0|2|1|3,baseline
100002888,100002888,1,2.2.0,2,50,750.000000,1000.000000,0,190.000000,3,1,2,5,25.000000,DCFM-OLSR,0,-1,-1,-1,-1,-1,-1,-1,1,68.695122,1,0|2|1|3,baseline
100002889,100002889,1,2.2.0,2,50,750.000000,1000.000000,0,190.000000,3,1,2,5,25.000000,DCFM-OLSR,0,-1,-1,-1,-1,-1,-1,-1,1,67.118078,1,2|0|1|3,defense_only
100002887,100002887,1,2.2.0,2,50,750.000000,1000.000000,0,190.000000,3,1,2,5,25.000000,DCFM-OLSR,0,-1,-1,-1,-1,-1,-1,-1,1,76.497922,1,0|3|2|1,baseline
100002892,100002892,1,2.2.0,2,50,750.000000,1000.000000,0,190.000000,3,1,2,5,25.000000,DCFM-OLSR,0,-1,-1,-1,-1,-1,-1,-1,1,67.437401,1,3|2|1|0,defense_vs_attack
100002893,100002893,1,2.2.0,2,50,750.000000,1000.000000,0,190.000000,3,1,2,5,25.000000,DCFM-OLSR,0,-1,-1,-1,-1,-1,-1,-1,1,72.509341,1,3|1|2|0,defense_vs_attack
100002899,100002899,1,2.2.0,2,50,750.000000,1000.000000,0,190.000000,3,1,2,5,25.000000,DCFM-OLSR,0,-1,-1,-1,-1,-1,-1,-1,1,60.227082,1,1|2|0|3,attack_only
100002894,100002894,1,2.2.0,2,50,750.000000,1000.000000,0,190.000000,3,1,2,5,25.000000,DCFM-OLSR,0,-1,-1,-1,-1,-1,-1,-1,1,76.918295,1,0|1|2|3,baseline
100002897,100002897,1,2.2.0,2,50,750.000000,1000.000000,0,190.000000,3,1,2,5,25.000000,DCFM-OLSR,0,-1,-1,-1,-1,-1,-1,-1,1,73.109925,1,3|1|2|0,defense_vs_attack
100002895,100002895,1,2.2.0,2,50,750.000000,1000.000000,0,190.000000,3,1,2,5,25.000000,DCFM-OLSR,0,-1,-1,-1,-1,-1,-1,-1,1,85.709519,1,2|1|0|3,defense_only
100002898,100002898,1,2.2.0,2,50,750.000000,1000.000000,0,190.000000,3,1,2,5,25.000000,DCFM-OLSR,0,-1,-1,-1,-1,-1,-1,-1,1,76.581123,1,0|2|1|3,baseline
100002904,100002904,1,2.2.0,2,50,750.000000,1000.000000,0,190.000000,3,1,2,5,25.000000,DCFM-OLSR,0,-1,-1,-1,-1,-1,-1,-1,1,69.632357,1,3|2|0|1,defense_vs_attack
100002905,100002905,1,2.2.0,2,50,750.000000,1000.000000,0,190.000000,3,1,2,5,25.000000,DCFM-OLSR,0,-1,-1,-1,-1,-1,-1,-1,1,70.889933,1,1|2|0|3,attack_only
100002912,100002912,1,2.2.0,2,50,750.000000,1000.000000,0,190.000000,3,1,2,5,25.000000,DCFM-OLSR,0,-1,-1,-1,-1,-1,-1,-1,1,63.499489,1,0|2|3|1,baseline
100002903,100002903,1,2.2.0,2,50,750.000000,1000.000000,0,190.000000,3,1,2,5,25.000000,DCFM-OLSR,0,-1,-1,-1,-1,-1,-1,-1,1,91.418279,1,2|1|0|3,defense_only
100002911,100002911,1,2.2.0,2,50,750.000000,1000.000000,0,190.000000,3,1,2,5,25.000000,DCFM-OLSR,0,-1,-1,-1,-1,-1,-1,-1,1,72.421244,1,3|2|0|1,defense_vs_attack
100002913,100002913,1,2.2.0,2,50,750.000000,1000.000000,0,190.000000,3,1,2,5,25.000000,DCFM-OLSR,0,-1,-1,-1,-1,-1,-1,-1,1,81.089832,1,2|0|1|3,defense_only
100002908,100002908,1,2.2.0,2,50,750.000000,1000.000000,0,190.000000,3,1,2,5,25.000000,DCFM-OLSR,0,-1,-1,-1,-1,-1,-1,-1,1,94.787204,1,2|3|0|1,defense_only
100002924,100002924,1,2.2.0,2,50,750.000000,1000.000000,0,190.000000,3,1,2,5,25.000000,DCFM-OLSR,0,-1,-1,-1,-1,-1,-1,-1,1,68.943250,1,3|1|2|0,defense_vs_attack
100002918,100002918,1,2.2.0,2,50,750.000000,1000.000000,0,190.000000,3,1,2,5,25.000000,DCFM-OLSR,0,-1,-1,-1,-1,-1,-1,-1,1,84.059312,1,2|1|3|0,defense_only
100002920,100002920,1,2.2.0,2,50,750.000000,1000.000000,0,190.000000,3,1,2,5,25.000000,DCFM-OLSR,0,-1,-1,-1,-1,-1,-1,-1,1,91.896412,1,3|1|2|0,defense_vs_attack
100002928,100002928,1,2.2.0,2,50,750.000000,1000.000000,0,190.000000,3,1,2,5,25.000000,DCFM-OLSR,0,-1,-1,-1,-1,-1,-1,-1,1,81.980451,1,0|1|3|2,baseline
100002934,100002934,1,2.2.0,2,50,750.000000,1000.000000,0,190.000000,3,1,2,5,25.000000,DCFM-OLSR,0,-1,-1,-1,-1,-1,-1,-1,1,82.654264,1,3|2|1|0,defense_vs_attack
100002927,100002927,1,2.2.0,2,50,750.000000,1000.000000,0,190.000000,3,1,2,5,25.000000,DCFM-OLSR,0,-1,-1,-1,-1,-1,-1,-1,1,102.811333,1,2|0|3|1,defense_only
100002942,100002942,1,2.2.0,2,50,750.000000,1000.000000,0,190.000000,3,1,2,5,25.000000,DCFM-OLSR,0,-1,-1,-1,-1,-1,-1,-1,1,80.684913,1,2|1|3|0,defense_only
100002951,100002951,1,2.2.0,2,50,750.000000,1000.000000,0,190.000000,3,1,2,5,25.000000,DCFM-OLSR,0,-1,-1,-1,-1,-1,-1,-1,1,80.444102,1,0|1|2|3,baseline
100002956,100002956,1,2.2.0,2,50,750.000000,1000.000000,0,190.000000,3,1,2,5,25.000000,DCFM-OLSR,0,-1,-1,-1,-1,-1,-1,-1,1,76.610396,1,3|1|2|0,defense_vs_attack
100002955,100002955,1,2.2.0,2,50,750.000000,1000.000000,0,190.000000,3,1,2,5,25.000000,DCFM-OLSR,0,-1,-1,-1,-1,-1,-1,-1,1,83.982198,1,2|1|0|3,defense_only
100002957,100002957,1,2.2.0,2,50,750.000000,1000.000000,0,190.000000,3,1,2,5,25.000000,DCFM-OLSR,0,-1,-1,-1,-1,-1,-1,-1,1,86.282842,1,2|0|1|3,defense_only
100002959,100002959,1,2.2.0,2,50,750.000000,1000.000000,0,190.000000,3,1,2,5,25.000000,DCFM-OLSR,0,-1,-1,-1,-1,-1,-1,-1,1,83.962799,1,0|2|3|1,baseline
100002963,100002963,1,2.2.0,2,50,750.000000,1000.000000,0,190.000000,3,1,2,5,25.000000,DCFM-OLSR,0,-1,-1,-1,-1,-1,-1,-1,1,57.302101,1,1|2|3|0,attack_only
100002964,100002964,1,2.2.0,2,50,750.000000,1000.000000,0,190.000000,3,1,2,5,25.000000,DCFM-OLSR,0,-1,-1,-1,-1,-1,-1,-1,1,58.417648,1,3|0|2|1,defense_vs_attack
100002965,100002965,1,2.2.0,2,50,750.000000,1000.000000,0,190.000000,3,1,2,5,25.000000,DCFM-OLSR,0,-1,-1,-1,-1,-1,-1,-1,1,45.469600,1,0|2|3|1,baseline
