run_id,scenario,window_start,window_end,throughput_mbps,pdr_percent,avg_delay_s,tx_packets,rx_packets,rx_bytes,udp_rx_in_window,udp_expected_in_window,udp_loss_percent,overhead_ratio,hello_count,olsr_control_bytes_with_hello,path_hops_internal,min_attacker_trust,avg_attacker_trust,blacklist_max_size,mac_tx_in_window,mac_drop_in_window,mac_tx_total,mac_drop_total
100000004,baseline,120.000000,160.000000,0.001944,100.000000,0.031696,18,18,9720,18,18,0.000000,29.644033,1000,288140,6,1.000000,1.000000,0,1827,0,6784,0
100000004,defense_only,220.000000,260.000000,0.001944,100.000000,0.012572,18,18,9720,18,18,0.000000,90.974897,1000,884276,6,1.000000,1.000000,0,2392,0,12647,0
100000004,defense_vs_attack,320.000000,360.000000,0.001944,100.000000,0.026829,18,18,9720,18,18,0.000000,90.192593,1000,876672,6,0.000000,0.877551,1,2392,0,18561,0
100000004,attack_only,420.000000,460.000000,0.001944,100.000000,0.014412,18,18,9720,18,18,0.000000,30.725514,1000,298652,6,1.000000,1.000000,0,1829,0,23124,0
100000010,attack_only,120.000000,160.000000,0.001944,100.000000,0.036999,18,18,9720,18,18,0.000000,21.570782,1000,209668,7,1.000000,1.000000,0,1552,0,5708,0
100000010,baseline,220.000000,260.000000,0.001944,100.000000,0.014563,18,18,9720,18,18,0.000000,21.675309,1000,210684,7,1.000000,1.000000,0,1564,0,9414,0
100000010,defense_only,320.000000,360.000000,0.001944,100.000000,0.034601,18,18,9720,18,18,0.000000,93.052263,1000,904468,7,1.000000,1.000000,0,2563,0,15469,0
100000010,defense_vs_attack,420.000000,460.000000,0.001944,100.000000,0.023198,18,18,9720,18,18,0.000000,91.088066,1000,885376,7,0.000000,0.938776,1,2539,0,21562,0
100000018,defense_vs_attack,120.000000,160.000000,0.001080,55.555556,0.055750,18,10,5400,10,18,44.444444,171.206667,1000,924516,7,0.000000,0.918367,1,2600,0,8136,0
100000018,attack_only,220.000000,260.000000,0.000000,0.000000,0.000000,18,0,0,0,18,100.000000,0.000000,1000,246388,6,1.000000,1.000000,0,1551,0,12151,0
100000018,defense_only,320.000000,360.000000,0.001944,100.000000,0.021265,18,18,9720,18,18,0.000000,95.425514,1000,927536,6,1.000000,1.000000,0,2486,0,18054,0
100000018,baseline,420.000000,460.000000,0.001944,100.000000,0.017676,18,18,9720,18,18,0.000000,25.109877,1000,244068,6,1.000000,1.000000,0,1627,0,22185,0
100000019,defense_only,120.000000,160.000000,0.001944,100.000000,0.016553,18,18,9720,18,18,0.000000,92.437449,1000,898492,3,1.000000,1.000000,0,2707,0,8981,0
100000019,baseline,220.000000,260.000000,0.001944,100.000000,0.005790,18,18,9720,18,18,0.000000,29.057202,1000,282436,3,1.000000,1.000000,0,1754,0,13588,0
100000019,attack_only,320.000000,360.000000,0.001944,100.000000,0.013085,18,18,9720,18,18,0.000000,27.851852,1000,270720,3,1.000000,1.000000,0,1774,0,17945,0
100000019,defense_vs_attack,420.000000,460.000000,0.001512,77.777778,0.007764,18,14,7560,14,18,22.222222,128.664021,1000,972700,3,0.000000,0.755102,1,2715,0,24511,0
100000020,baseline,120.000000,160.000000,0.001944,100.000000,0.020221,18,18,9720,18,18,0.000000,24.258436,1000,235792,4,1.000000,1.000000,0,1626,0,6105,0
100000020,defense_only,220.000000,260.000000,0.001944,100.000000,0.007932,18,18,9720,18,18,0.000000,88.319342,1000,858464,4,1.000000,1.000000,0,2508,0,12159,0
100000020,defense_vs_attack,320.000000,360.000000,0.001836,94.444444,0.020997,18,17,9180,17,18,5.555556,99.288017,1000,911464,4,0.000000,0.857143,1,2513,0,18364,0
100000020,attack_only,420.000000,460.000000,0.001944,100.000000,0.015328,18,18,9720,18,18,0.000000,23.797531,1000,231312,4,1.000000,1.000000,0,1584,0,22501,0
100000021,defense_vs_attack,120.000000,160.000000,0.001080,55.555556,0.037297,18,10,5400,10,18,44.444444,167.637778,1000,905244,6,0.000000,0.836735,1,2406,0,7867,0
100000021,attack_only,220.000000,260.000000,0.001944,100.000000,0.033099,18,18,9720,18,18,0.000000,28.495473,1000,276976,7,1.000000,1.000000,0,1734,0,12150,0
100000021,defense_only,320.000000,360.000000,0.001944,100.000000,0.015984,18,18,9720,18,18,0.000000,96.144033,1000,934520,6,1.000000,1.000000,0,2358,0,17775,0
100000021,baseline,420.000000,460.000000,0.001944,100.000000,0.021358,18,18,9720,18,18,0.000000,27.569959,1000,267980,6,1.000000,1.000000,0,1651,0,21949,0
100000023,defense_vs_attack,120.000000,160.000000,0.001836,94.444444,0.090386,18,17,9180,17,18,5.555556,93.269717,1000,856216,6,0.000000,0.897959,1,2544,0,8243,0
100000023,attack_only,220.000000,260.000000,0.000000,0.000000,0.000000,18,0,0,0,18,100.000000,0.000000,1000,228760,0,1.000000,1.000000,0,1612,0,12390,0
100000023,baseline,320.000000,360.000000,0.001944,100.000000,0.019583,18,18,9720,18,18,0.000000,22.943621,1000,223012,6,1.000000,1.000000,0,1637,0,16328,0
100000023,defense_only,420.000000,460.000000,0.001944,100.000000,0.020984,18,18,9720,18,18,0.000000,90.418107,1000,878864,6,1.000000,1.000000,0,2519,0,22408,0
100000026,baseline,120.000000,160.000000,0.001944,100.000000,0.025998,18,18,9720,18,18,0.000000,31.759259,1000,308700,5,1.000000,1.000000,0,1924,0,7172,0
100000026,defense_vs_attack,220.000000,260.000000,0.001944,100.000000,0.010649,18,18,9720,18,18,0.000000,87.724280,1000,852680,5,0.000000,0.836735,1,2743,0,13709,0
100000026,attack_only,320.000000,360.000000,0.001944,100.000000,0.022120,18,18,9720,18,18,0.000000,31.847737,1000,309560,5,1.000000,1.000000,0,1918,0,18561,0
100000026,defense_only,420.000000,460.000000,0.001944,100.000000,0.011932,18,18,9720,18,18,0.000000,88.494650,1000,860168,5,1.000000,1.000000,0,2637,0,24956,0
100000036,attack_only,120.000000,160.000000,0.000000,0.000000,0.000000,18,0,0,0,18,100.000000,0.000000,1000,240160,4,1.000000,1.000000,0,1651,0,6172,0
100000036,baseline,220.000000,260.000000,0.001944,100.000000,0.011036,18,18,9720,18,18,0.000000,24.324280,1000,236432,4,1.000000,1.000000,0,1598,0,10136,0
100000036,defense_vs_attack,320.000000,360.000000,0.000000,0.000000,0.000000,4,0,0,0,18,100.000000,0.000000,1000,577180,0,0.000000,0.897959,1,2163,0,15725,0
100000036,defense_only,420.000000,460.000000,0.001944,100.000000,0.017114,18,18,9720,18,18,0.000000,94.251852,1000,916128,4,1.000000,1.000000,0,2437,0,21674,0
100000037,defense_only,120.000000,160.000000,0.001944,100.000000,0.026391,18,18,9720,18,18,0.000000,91.813992,1000,892432,5,1.000000,1.000000,0,2496,0,8292,0
100000037,baseline,220.000000,260.000000,0.001944,100.000000,0.010073,18,18,9720,18,18,0.000000,27.557202,1000,267856,5,1.000000,1.000000,0,1694,0,12647,0
100000037,attack_only,320.000000,360.000000,0.000000,0.000000,0.000000,18,0,0,0,18,100.000000,0.000000,1000,260324,5,1.000000,1.000000,0,1676,0,16740,0
100000037,defense_vs_attack,420.000000,460.000000,0.000324,16.666667,0.134790,18,3,1620,3,18,83.333333,485.738272,1000,786896,0,0.000000,0.816327,4,3364,0,23620,0
100000044,defense_vs_attack,120.000000,160.000000,0.000756,38.888889,0.064485,18,7,3780,7,18,61.111111,216.350265,1000,817804,9,0.000000,0.938776,1,2556,0,8228,0
100000044,attack_only,220.000000,260.000000,0.000000,0.000000,0.000000,18,0,0,0,18,100.000000,0.000000,1000,287416,5,1.000000,1.000000,0,1675,0,12585,0
100000044,baseline,320.000000,360.000000,0.001944,100.000000,0.021203,18,18,9720,18,18,0.000000,29.477778,1000,286524,5,1.000000,1.000000,0,1762,0,16802,0
100000044,defense_only,420.000000,460.000000,0.001944,100.000000,0.013449,18,18,9720,18,18,0.000000,80.204938,1000,779592,5,1.000000,1.000000,0,2401,0,22544,0
100000048,attack_only,120.000000,160.000000,0.001944,100.000000,0.015825,18,18,9720,18,18,0.000000,24.743210,1000,240504,3,1.000000,1.000000,0,1545,0,5787,0
100000048,baseline,220.000000,260.000000,0.001944,100.000000,0.005789,18,18,9720,18,18,0.000000,23.849794,1000,231820,3,1.000000,1.000000,0,1513,0,9501,0
100000048,defense_vs_attack,320.000000,360.000000,0.001944,100.000000,0.012942,18,18,9720,18,18,0.000000,115.747325,1000,1125064,3,0.000000,0.795918,1,2404,0,15335,0
100000048,defense_only,420.000000,460.000000,0.001944,100.000000,0.007281,18,18,9720,18,18,0.000000,116.269136,1000,1130136,3,1.000000,1.000000,0,2325,0,21097,0
100000053,defense_vs_attack,120.000000,160.000000,0.001620,83.333333,0.046750,18,15,8100,15,18,16.666667,124.795556,1000,1010844,7,0.000000,0.775510,1,2670,0,8278,0
100000053,baseline,220.000000,260.000000,0.001944,100.000000,0.026008,18,18,9720,18,18,0.000000,27.568724,1000,267968,7,1.000000,1.000000,0,1680,0,12457,0
100000053,defense_only,320.000000,360.000000,0.001944,100.000000,0.017357,18,18,9720,18,18,0.000000,97.334979,1000,946096,7,1.000000,1.000000,0,2499,0,18390,0
100000053,attack_only,420.000000,460.000000,0.000000,0.000000,0.000000,16,0,0,0,18,100.000000,0.000000,1000,262820,8,1.000000,1.000000,0,1573,0,22559,0
100000060,attack_only,120.000000,160.000000,0.001944,100.000000,0.020850,18,18,9720,18,18,0.000000,18.681481,1000,181584,4,1.000000,1.000000,0,1558,0,5874,0
100000060,defense_vs_attack,220.000000,260.000000,0.001944,100.000000,0.007883,18,18,9720,18,18,0.000000,94.058025,1000,914244,4,0.000000,0.857143,1,2537,0,12136,0
100000060,baseline,320.000000,360.000000,0.001944,100.000000,0.018074,18,18,9720,18,18,0.000000,19.925103,1000,193672,4,1.000000,1.000000,0,1542,0,16185,0
100000060,defense_only,420.000000,460.000000,0.001944,100.000000,0.016246,18,18,9720,18,18,0.000000,88.016872,1000,855524,4,1.000000,1.000000,0,2629,0,22481,0
100000063,defense_only,120.000000,160.000000,0.001944,100.000000,0.036500,18,18,9720,18,18,0.000000,93.241975,1000,906312,7,1.000000,1.000000,0,2467,0,8284,0
100000063,baseline,220.000000,260.000000,0.001944,100.000000,0.014199,18,18,9720,18,18,0.000000,29.585597,1000,287572,7,1.000000,1.000000,0,1801,0,12788,0
100000063,defense_vs_attack,320.000000,360.000000,0.000648,33.333333,0.036748,18,6,3240,6,18,66.666667,292.361728,1000,947252,7,0.000000,0.775510,1,2771,0,18985,0
100000063,attack_only,420.000000,460.000000,0.000000,0.000000,0.000000,18,0,0,0,18,100.000000,0.000000,1000,286656,7,1.000000,1.000000,0,1724,0,23442,0
100000064,baseline,120.000000,160.000000,0.001944,100.000000,0.041746,18,18,9720,18,18,0.000000,28.548148,1000,277488,8,1.000000,1.000000,0,1869,0,6768,0
100000064,defense_only,220.000000,260.000000,0.001944,100.000000,0.017191,18,18,9720,18,18,0.000000,81.874897,1000,795824,8,1.000000,1.000000,0,2546,0,12915,0
100000064,defense_vs_attack,320.000000,360.000000,0.001080,55.555556,0.033805,18,10,5400,10,18,44.444444,149.121481,1000,805256,8,0.000000,0.877551,1,2656,0,19247,0
100000064,attack_only,420.000000,460.000000,0.000000,0.000000,0.000000,18,0,0,0,18,100.000000,0.000000,1000,275160,8,1.000000,1.000000,0,1841,0,23893,0
100000065,baseline,120.000000,160.000000,0.001944,100.000000,0.030818,18,18,9720,18,18,0.000000,29.287654,1000,284676,6,1.000000,1.000000,0,1796,0,6618,0
100000065,defense_vs_attack,220.000000,260.000000,0.000864,44.444444,0.094215,18,8,4320,8,18,55.555556,201.101852,1000,868760,9,0.000000,0.897959,1,2956,0,13141,0
100000065,attack_only,320.000000,360.000000,0.000000,0.000000,0.000000,18,0,0,0,18,100.000000,0.000000,1000,288436,6,1.000000,1.000000,0,1752,0,17573,0
100000065,defense_only,420.000000,460.000000,0.001944,100.000000,0.016961,18,18,9720,18,18,0.000000,87.350206,1000,849044,6,1.000000,1.000000,0,2451,0,23508,0
100000066,attack_only,120.000000,160.000000,0.001944,100.000000,0.052265,18,18,9720,18,18,0.000000,33.214815,1000,322848,10,1.000000,1.000000,0,2032,0,7431,0
100000066,defense_vs_attack,220.000000,260.000000,0.001296,66.666667,0.047411,18,12,6480,12,18,33.333333,147.184568,1000,953756,10,0.000000,0.795918,1,2733,0,13981,0
100000066,defense_only,320.000000,360.000000,0.001944,100.000000,0.035798,18,18,9720,18,18,0.000000,97.490123,1000,947604,10,1.000000,1.000000,0,2782,0,20490,0
100000066,baseline,420.000000,460.000000,0.001944,100.000000,0.031356,18,18,9720,18,18,0.000000,33.518107,1000,325796,10,1.000000,1.000000,0,2009,0,25444,0
100000067,defense_vs_attack,120.000000,160.000000,0.001944,100.000000,0.030571,18,18,9720,18,18,0.000000,91.102469,1000,885516,6,0.000000,0.897959,1,2536,0,8420,0
100000067,defense_only,220.000000,260.000000,0.001944,100.000000,0.022145,18,18,9720,18,18,0.000000,86.751852,1000,843228,6,1.000000,1.000000,0,2548,0,14666,0
100000067,attack_only,320.000000,360.000000,0.001944,100.000000,0.019317,18,18,9720,18,18,0.000000,27.475720,1000,267064,6,1.000000,1.000000,0,1777,0,19156,0
100000067,baseline,420.000000,460.000000,0.001944,100.000000,0.019984,18,18,9720,18,18,0.000000,27.704938,1000,269292,6,1.000000,1.000000,0,1747,0,23406,0
100000069,defense_vs_attack,120.000000,160.000000,0.001944,100.000000,0.021207,18,18,9720,18,18,0.000000,101.875720,1000,990232,4,0.000000,0.857143,1,2398,0,7906,0
100000069,attack_only,220.000000,260.000000,0.001944,100.000000,0.007793,18,18,9720,18,18,0.000000,27.681893,1000,269068,4,1.000000,1.000000,0,1704,0,12193,0
100000069,baseline,320.000000,360.000000,0.001944,100.000000,0.017176,18,18,9720,18,18,0.000000,27.212346,1000,264504,4,1.000000,1.000000,0,1621,0,16234,0
100000069,defense_only,420.000000,460.000000,0.001944,100.000000,0.010188,18,18,9720,18,18,0.000000,98.209053,1000,954592,4,1.000000,1.000000,0,2360,0,21885,0
100000071,defense_vs_attack,120.000000,160.000000,0.001944,100.000000,0.020614,18,18,9720,18,18,0.000000,95.337449,1000,926680,4,0.000000,0.775510,2,2466,0,8342,0
100000071,attack_only,220.000000,260.000000,0.001944,100.000000,0.007983,18,18,9720,18,18,0.000000,31.879012,1000,309864,4,1.000000,1.000000,0,1745,0,12830,0
100000071,defense_only,320.000000,360.000000,0.001944,100.000000,0.017315,18,18,9720,18,18,0.000000,91.977778,1000,894024,4,1.000000,1.000000,0,2349,0,18562,0
100000071,baseline,420.000000,460.000000,0.001944,100.000000,0.009498,18,18,9720,18,18,0.000000,30.351440,1000,295016,4,1.000000,1.000000,0,1717,0,22985,0
100000076,attack_only,120.000000,160.000000,0.000000,0.000000,0.000000,18,0,0,0,18,100.000000,0.000000,1000,303020,4,1.000000,1.000000,0,1720,0,6702,0
100000076,baseline,220.000000,260.000000,0.001944,100.000000,0.015381,18,18,9720,18,18,0.000000,30.823868,1000,299608,3,1.000000,1.000000,0,1777,0,11034,0
100000076,defense_vs_attack,320.000000,360.000000,0.001080,55.555556,0.006724,18,10,5400,10,18,44.444444,183.231111,1000,989448,3,0.000000,0.795918,1,2542,0,17252,0
100000076,defense_only,420.000000,460.000000,0.001944,100.000000,0.009456,18,18,9720,18,18,0.000000,102.710288,1000,998344,3,1.000000,1.000000,0,2606,0,23648,0
100000078,attack_only,120.000000,160.000000,0.001944,100.000000,0.015267,18,18,9720,18,18,0.000000,28.520988,1000,277224,3,1.000000,1.000000,0,1815,0,6729,0
100000078,defense_vs_attack,220.000000,260.000000,0.001944,100.000000,0.006049,18,18,9720,18,18,0.000000,91.232510,1000,886780,3,0.000000,0.816327,1,2547,0,12668,0
100000078,baseline,320.000000,360.000000,0.001944,100.000000,0.013045,18,18,9720,18,18,0.000000,29.024691,1000,282120,3,1.000000,1.000000,0,1744,0,17182,0
100000078,defense_only,420.000000,460.000000,0.001944,100.000000,0.007408,18,18,9720,18,18,0.000000,87.716872,1000,852608,3,1.000000,1.000000,0,2427,0,23043,0
100000079,defense_only,120.000000,160.000000,0.001944,100.000000,0.020871,18,18,9720,18,18,0.000000,90.316872,1000,877880,4,1.000000,1.000000,0,2452,0,8228,0
100000079,baseline,220.000000,260.000000,0.001944,100.000000,0.007985,18,18,9720,18,18,0.000000,28.496296,1000,276984,4,1.000000,1.000000,0,1672,0,12598,0
100000079,attack_only,320.000000,360.000000,0.000000,0.000000,0.000000,18,0,0,0,18,100.000000,0.000000,1000,280404,5,1.000000,1.000000,0,1628,0,16663,0
100000079,defense_vs_attack,420.000000,460.000000,0.001080,55.555556,0.014239,18,10,5400,10,18,44.444444,160.765185,1000,868132,4,0.000000,0.877551,1,2391,0,22559,0
100000084,attack_only,120.000000,160.000000,0.001944,100.000000,0.036723,18,18,9720,18,18,0.000000,28.593004,1000,277924,7,1.000000,1.000000,0,1780,0,6367,0
100000084,baseline,220.000000,260.000000,0.001944,100.000000,0.014281,18,18,9720,18,18,0.000000,26.898354,1000,261452,7,1.000000,1.000000,0,1701,0,10462,0
100000084,defense_only,320.000000,360.000000,0.001944,100.000000,0.032754,18,18,9720,18,18,0.000000,87.227160,1000,847848,7,1.000000,1.000000,0,2339,0,16085,0
100000084,defense_vs_attack,420.000000,460.000000,0.001944,100.000000,0.019041,18,18,9720,18,18,0.000000,90.675309,1000,881364,7,0.000000,0.857143,1,2350,0,21880,0
100000085,baseline,120.000000,160.000000,0.001944,100.000000,0.026905,18,18,9720,18,18,0.000000,30.307819,1000,294592,5,1.000000,1.000000,0,1804,0,6744,0
100000085,defense_only,220.000000,260.000000,0.001944,100.000000,0.010264,18,18,9720,18,18,0.000000,88.593416,1000,861128,5,1.000000,1.000000,0,2493,0,12773,0
100000085,defense_vs_attack,320.000000,360.000000,0.001512,77.777778,0.031814,18,14,7560,14,18,22.222222,112.805291,1000,852808,5,0.000000,0.857143,1,2467,0,18887,0
100000085,attack_only,420.000000,460.000000,0.000000,0.000000,0.000000,18,0,0,0,18,100.000000,0.000000,1000,296272,5,1.000000,1.000000,0,1803,0,23469,0
100000089,attack_only,120.000000,160.000000,0.000000,0.000000,0.000000,18,0,0,0,18,100.000000,0.000000,1000,261840,3,1.000000,1.000000,0,1536,0,5928,0
100000089,baseline,220.000000,260.000000,0.001944,100.000000,0.015485,18,18,9720,18,18,0.000000,24.946091,1000,242476,3,1.000000,1.000000,0,1560,0,9757,0
100000089,defense_vs_attack,320.000000,360.000000,0.001512,77.777778,0.006174,18,14,7560,14,18,22.222222,118.258730,1000,894036,3,0.000000,0.857143,1,2451,0,15509,0
100000089,defense_only,420.000000,460.000000,0.001944,100.000000,0.011575,18,18,9720,18,18,0.000000,93.253498,1000,906424,3,1.000000,1.000000,0,2408,0,21348,0
100000094,defense_vs_attack,120.000000,160.000000,0.001080,55.555556,0.025596,18,10,5400,10,18,44.444444,160.680741,1000,867676,4,0.000000,0.836735,1,2510,0,8506,0
100000094,baseline,220.000000,260.000000,0.001944,100.000000,0.011305,18,18,9720,18,18,0.000000,31.436214,1000,305560,3,1.000000,1.000000,0,1776,0,13063,0
100000094,attack_only,320.000000,360.000000,0.000000,0.000000,0.000000,18,0,0,0,18,100.000000,0.000000,1000,294344,3,1.000000,1.000000,0,1745,0,17370,0
100000094,defense_only,420.000000,460.000000,0.001944,100.000000,0.009304,18,18,9720,18,18,0.000000,89.272840,1000,867732,3,1.000000,1.000000,0,2489,0,23394,0
100000099,attack_only,120.000000,160.000000,0.001944,100.000000,0.036257,18,18,9720,18,18,0.000000,25.741564,1000,250208,7,1.000000,1.000000,0,1739,0,6358,0
100000099,defense_vs_attack,220.000000,260.000000,0.001944,100.000000,0.014751,18,18,9720,18,18,0.000000,78.117284,1000,759300,7,0.000000,0.918367,1,2436,0,12338,0
100000099,baseline,320.000000,360.000000,0.001944,100.000000,0.030458,18,18,9720,18,18,0.000000,24.138272,1000,234624,7,1.000000,1.000000,0,1678,0,16631,0
100000099,defense_only,420.000000,460.000000,0.001944,100.000000,0.017847,18,18,9720,18,18,0.000000,74.672428,1000,725816,7,1.000000,1.000000,0,2529,0,22698,0
100000100,defense_only,120.000000,160.000000,0.001944,100.000000,0.021889,18,18,9720,18,18,0.000000,99.951029,1000,971524,4,1.000000,1.000000,0,2438,0,8324,0
100000100,defense_vs_attack,220.000000,260.000000,0.001188,61.111111,0.021593,18,11,5940,11,18,38.888889,163.391919,1000,970548,4,0.000000,0.836735,1,2509,0,14443,0
100000100,baseline,320.000000,360.000000,0.001944,100.000000,0.013653,18,18,9720,18,18,0.000000,33.088477,1000,321620,4,1.000000,1.000000,0,1834,0,19096,0
100000100,attack_only,420.000000,460.000000,0.001944,100.000000,0.011742,18,18,9720,18,18,0.000000,33.724280,1000,327800,4,1.000000,1.000000,0,1807,0,23489,0
100000103,defense_only,120.000000,160.000000,0.001944,100.000000,0.031198,18,18,9720,18,18,0.000000,91.143210,1000,885912,6,1.000000,1.000000,0,2533,0,8235,0
100000103,attack_only,220.000000,260.000000,0.000000,0.000000,0.000000,18,0,0,0,18,100.000000,0.000000,1000,234732,6,1.000000,1.000000,0,1605,0,12356,0
100000103,defense_vs_attack,320.000000,360.000000,0.000540,31.250000,0.044746,16,5,2700,5,18,72.222222,318.905185,1000,861044,0,0.000000,0.918367,1,2673,0,18458,0
100000103,baseline,420.000000,460.000000,0.001944,100.000000,0.023990,18,18,9720,18,18,0.000000,24.150206,1000,234740,6,1.000000,1.000000,0,1623,0,22653,0
100000106,defense_vs_attack,120.000000,160.000000,0.001944,100.000000,0.035871,18,18,9720,18,18,0.000000,91.493416,1000,889316,6,0.000000,0.857143,1,2554,0,8642,0
100000106,attack_only,220.000000,260.000000,0.001944,100.000000,0.018809,18,18,9720,18,18,0.000000,29.606996,1000,287780,6,1.000000,1.000000,0,1844,0,13321,0
100000106,defense_only,320.000000,360.000000,0.001944,100.000000,0.019891,18,18,9720,18,18,0.000000,92.112346,1000,895332,6,1.000000,1.000000,0,2569,0,19432,0
100000106,baseline,420.000000,460.000000,0.001944,100.000000,0.018220,18,18,9720,18,18,0.000000,28.910288,1000,281008,6,1.000000,1.000000,0,1847,0,24139,0
100000109,attack_only,120.000000,160.000000,0.001944,100.000000,0.020550,18,18,9720,18,18,0.000000,32.579012,1000,316668,4,1.000000,1.000000,0,1853,0,6885,0
100000109,defense_only,220.000000,260.000000,0.001944,100.000000,0.009105,18,18,9720,18,18,0.000000,96.935391,1000,942212,4,1.000000,1.000000,0,2518,0,12972,0
100000109,defense_vs_attack,320.000000,360.000000,0.001728,88.888889,0.016837,18,16,8640,16,18,11.111111,109.075463,1000,942412,4,0.000000,0.918367,1,2583,0,19117,0
100000109,baseline,420.000000,460.000000,0.001944,100.000000,0.010729,18,18,9720,18,18,0.000000,30.811111,1000,299484,4,1.000000,1.000000,0,1768,0,23616,0
100000113,defense_only,120.000000,160.000000,0.001944,100.000000,0.033798,18,18,9720,18,18,0.000000,105.306173,1000,1023576,6,1.000000,1.000000,0,2548,0,8532,0
100000113,baseline,220.000000,260.000000,0.001944,100.000000,0.012073,18,18,9720,18,18,0.000000,26.727572,1000,259792,6,1.000000,1.000000,0,1734,0,12959,0
100000113,attack_only,320.000000,360.000000,0.000000,0.000000,0.000000,18,0,0,0,18,100.000000,0.000000,1000,255196,6,1.000000,1.000000,0,1666,0,16973,0
100000113,defense_vs_attack,420.000000,460.000000,0.001512,77.777778,0.030107,18,14,7560,14,18,22.222222,119.306349,1000,901956,6,0.000000,0.775510,1,2518,0,23080,0
100000117,defense_vs_attack,120.000000,160.000000,0.001512,77.777778,0.019055,18,14,7560,14,18,22.222222,129.814286,1000,981396,3,0.000000,0.836735,1,2406,0,7957,0
100000117,attack_only,220.000000,260.000000,0.001944,100.000000,0.007200,18,18,9720,18,18,0.000000,27.025103,1000,262684,3,1.000000,1.000000,0,1664,0,12229,0
100000117,baseline,320.000000,360.000000,0.001944,100.000000,0.011624,18,18,9720,18,18,0.000000,26.602058,1000,258572,3,1.000000,1.000000,0,1635,0,16227,0
100000117,defense_only,420.000000,460.000000,0.001944,100.000000,0.008685,18,18,9720,18,18,0.000000,100.280658,1000,974728,3,1.000000,1.000000,0,2396,0,22022,0
100000124,baseline,120.000000,160.000000,0.001944,100.000000,0.020378,18,18,9720,18,18,0.000000,39.574074,1000,384660,4,1.000000,1.000000,0,1969,0,7447,0
100000124,defense_only,220.000000,260.000000,0.001944,100.000000,0.008012,18,18,9720,18,18,0.000000,79.029630,1000,768168,4,1.000000,1.000000,0,2361,0,13203,0
100000124,defense_vs_attack,320.000000,360.000000,0.001944,100.000000,0.017408,18,18,9720,18,18,0.000000,86.946502,1000,845120,4,0.000000,0.897959,1,2536,0,19217,0
100000124,attack_only,420.000000,460.000000,0.001944,100.000000,0.009499,18,18,9720,18,18,0.000000,39.714403,1000,386024,4,1.000000,1.000000,0,2020,0,24246,0
100000130,baseline,120.000000,160.000000,0.001944,100.000000,0.031114,18,18,9720,18,18,0.000000,34.725103,1000,337528,6,1.000000,1.000000,0,1866,0,6858,0
100000130,attack_only,220.000000,260.000000,0.000000,0.000000,0.000000,18,0,0,0,18,100.000000,0.000000,1000,337480,7,1.000000,1.000000,0,1823,0,11276,0
100000130,defense_only,320.000000,360.000000,0.001944,100.000000,0.015222,18,18,9720,18,18,0.000000,90.752263,1000,882112,6,1.000000,1.000000,0,2398,0,17090,0
100000130,defense_vs_attack,420.000000,460.000000,0.001080,55.555556,0.026261,18,10,5400,10,18,44.444444,174.309630,1000,941272,6,0.000000,0.836735,1,2389,0,22932,0
100000132,defense_only,120.000000,160.000000,0.001944,100.000000,0.026181,18,18,9720,18,18,0.000000,103.081481,1000,1001952,5,1.000000,1.000000,0,2371,0,8028,0
100000132,attack_only,220.000000,260.000000,0.001944,100.000000,0.010303,18,18,9720,18,18,0.000000,28.437449,1000,276412,5,1.000000,1.000000,0,1721,0,12332,0
100000132,defense_vs_attack,320.000000,360.000000,0.001944,100.000000,0.022207,18,18,9720,18,18,0.000000,103.300823,1000,1004084,5,0.000000,0.816327,1,2498,0,18361,0
100000132,baseline,420.000000,460.000000,0.001944,100.000000,0.012713,18,18,9720,18,18,0.000000,28.495062,1000,276972,5,1.000000,1.000000,0,1689,0,22655,0
100000134,defense_vs_attack,120.000000,160.000000,0.001296,66.666667,0.047785,18,12,6480,12,18,33.333333,155.861728,1000,1009984,7,0.000000,0.836735,1,2488,0,8011,0
100000134,baseline,220.000000,260.000000,0.001944,100.000000,0.021297,18,18,9720,18,18,0.000000,25.311523,1000,246028,7,1.000000,1.000000,0,1617,0,12093,0
100000134,defense_only,320.000000,360.000000,0.001944,100.000000,0.023990,18,18,9720,18,18,0.000000,101.553498,1000,987100,7,1.000000,1.000000,0,2417,0,17809,0
100000134,attack_only,420.000000,460.000000,0.000000,0.000000,0.000000,18,0,0,0,18,100.000000,0.000000,1000,254732,7,1.000000,1.000000,0,1543,0,21860,0
100000135,baseline,120.000000,160.000000,0.001944,100.000000,0.014848,18,18,9720,18,18,0.000000,25.976955,1000,252496,3,1.000000,1.000000,0,1726,0,6534,0
100000135,attack_only,220.000000,260.000000,0.001944,100.000000,0.005790,18,18,9720,18,18,0.000000,25.679424,1000,249604,3,1.000000,1.000000,0,1715,0,10698,0
100000135,defense_vs_attack,320.000000,360.000000,0.001944,100.000000,0.012900,18,18,9720,18,18,0.000000,83.504115,1000,811660,3,0.000000,0.775510,1,2501,0,16690,0
100000135,defense_only,420.000000,460.000000,0.001944,100.000000,0.007310,18,18,9720,18,18,0.000000,74.945679,1000,728472,3,1.000000,1.000000,0,2423,0,22659,0
100000141,attack_only,120.000000,160.000000,0.001944,100.000000,0.021504,18,18,9720,18,18,0.000000,30.063786,1000,292220,4,1.000000,1.000000,0,1754,0,6481,0
100000141,baseline,220.000000,260.000000,0.001944,100.000000,0.008224,18,18,9720,18,18,0.000000,28.994650,1000,281828,4,1.000000,1.000000,0,1721,0,10629,0
100000141,defense_only,320.000000,360.000000,0.001944,100.000000,0.017259,18,18,9720,18,18,0.000000,99.885185,1000,970884,4,1.000000,1.000000,0,2464,0,16522,0
100000141,defense_vs_attack,420.000000,460.000000,0.001944,100.000000,0.009533,18,18,9720,18,18,0.000000,99.309465,1000,965288,4,0.000000,0.877551,1,2489,0,22605,0
100000143,defense_vs_attack,120.000000,160.000000,0.001080,55.555556,0.052659,18,10,5400,10,18,44.444444,170.105185,1000,918568,9,0.000000,0.857143,1,2590,0,8244,0
100000143,baseline,220.000000,260.000000,0.001944,100.000000,0.024944,18,18,9720,18,18,0.000000,21.599588,1000,209948,9,1.000000,1.000000,0,1641,0,12344,0
100000143,attack_only,320.000000,360.000000,0.000000,0.000000,0.000000,3,0,0,0,18,100.000000,0.000000,1000,201552,0,1.000000,1.000000,0,1482,0,16084,0
100000143,defense_only,420.000000,460.000000,0.001944,100.000000,0.042051,18,18,9720,18,18,0.000000,96.056379,1000,933668,9,1.000000,1.000000,0,2599,0,22126,0
100000146,defense_only,120.000000,160.000000,0.001944,100.000000,0.037965,18,18,9720,18,18,0.000000,97.867901,1000,951276,6,1.000000,1.000000,0,2383,0,7998,0
100000146,defense_vs_attack,220.000000,260.000000,0.001836,94.444444,0.080821,18,17,9180,17,18,5.555556,101.589542,1000,932592,6,0.000000,0.857143,1,2395,0,13799,0
100000146,baseline,320.000000,360.000000,0.001944,100.000000,0.021820,18,18,9720,18,18,0.000000,30.985597,1000,301180,6,1.000000,1.000000,0,1766,0,18205,0
100000146,attack_only,420.000000,460.000000,0.001944,100.000000,0.015787,18,18,9720,18,18,0.000000,31.802469,1000,309120,6,1.000000,1.000000,0,1742,0,22428,0
100000149,defense_vs_attack,120.000000,160.000000,0.001944,100.000000,0.036290,18,18,9720,18,18,0.000000,87.779835,1000,853220,7,0.000000,0.877551,1,2539,0,8324,0
100000149,baseline,220.000000,260.000000,0.001944,100.000000,0.013957,18,18,9720,18,18,0.000000,28.866667,1000,280584,7,1.000000,1.000000,0,1818,0,12826,0
100000149,defense_only,320.000000,360.000000,0.001944,100.000000,0.030734,18,18,9720,18,18,0.000000,88.227572,1000,857572,7,1.000000,1.000000,0,2626,0,18945,0
100000149,attack_only,420.000000,460.000000,0.001944,100.000000,0.017108,18,18,9720,18,18,0.000000,28.797531,1000,279912,7,1.000000,1.000000,0,1757,0,23382,0
100000152,attack_only,120.000000,160.000000,0.000000,0.000000,0.000000,18,0,0,0,18,100.000000,0.000000,1000,278996,8,1.000000,1.000000,0,1656,0,6296,0
100000152,baseline,220.000000,260.000000,0.001944,100.000000,0.028867,18,18,9720,18,18,0.000000,28.976543,1000,281652,8,1.000000,1.000000,0,1744,0,10454,0
100000152,defense_only,320.000000,360.000000,0.001944,100.000000,0.026371,18,18,9720,18,18,0.000000,105.953086,1000,1029864,8,1.000000,1.000000,0,2590,0,16554,0
100000152,defense_vs_attack,420.000000,460.000000,0.001296,66.666667,0.036412,18,12,6480,12,18,33.333333,155.538889,1000,1007892,8,0.000000,0.836735,1,2612,0,22750,0
100000153,defense_only,120.000000,160.000000,0.001944,100.000000,0.015106,18,18,9720,18,18,0.000000,83.168313,1000,808396,3,1.000000,1.000000,0,2477,0,8179,0
100000153,defense_vs_attack,220.000000,260.000000,0.001944,100.000000,0.006541,18,18,9720,18,18,0.000000,86.565844,1000,841420,3,0.000000,0.775510,1,2446,0,14252,0
100000153,attack_only,320.000000,360.000000,0.001944,100.000000,0.012474,18,18,9720,18,18,0.000000,22.920165,1000,222784,3,1.000000,1.000000,0,1548,0,18303,0
100000153,baseline,420.000000,460.000000,0.001944,100.000000,0.007447,18,18,9720,18,18,0.000000,22.825103,1000,221860,3,1.000000,1.000000,0,1582,0,22180,0
100000157,defense_vs_attack,120.000000,160.000000,0.001404,72.222222,0.044316,18,13,7020,13,18,27.777778,116.283761,1000,816312,7,0.000000,0.918367,1,2604,0,8419,0
100000157,baseline,220.000000,260.000000,0.001944,100.000000,0.022784,18,18,9720,18,18,0.000000,26.832922,1000,260816,5,1.000000,1.000000,0,1747,0,12861,0
100000157,defense_only,320.000000,360.000000,0.001944,100.000000,0.010562,18,18,9720,18,18,0.000000,86.011111,1000,836028,5,1.000000,1.000000,0,2450,0,18719,0
100000157,attack_only,420.000000,460.000000,0.000000,0.000000,0.000000,18,0,0,0,18,100.000000,0.000000,1000,266544,5,1.000000,1.000000,0,1686,0,23078,0
100000158,defense_vs_attack,120.000000,160.000000,0.001296,66.666667,0.024009,18,12,6480,12,18,33.333333,127.268519,1000,824700,3,0.000000,0.877551,1,2548,0,8696,0
100000158,attack_only,220.000000,260.000000,0.000000,0.000000,0.000000,18,0,0,0,18,100.000000,0.000000,1000,320920,3,1.000000,1.000000,0,1835,0,13396,0
100000158,defense_only,320.000000,360.000000,0.001944,100.000000,0.009580,18,18,9720,18,18,0.000000,80.105350,1000,778624,3,1.000000,1.000000,0,2472,0,19365,0
100000158,baseline,420.000000,460.000000,0.001944,100.000000,0.010329,18,18,9720,18,18,0.000000,33.532510,1000,325936,3,1.000000,1.000000,0,1872,0,24139,0
100000159,defense_vs_attack,120.000000,160.000000,0.001080,55.555556,0.053055,18,10,5400,10,18,44.444444,152.273333,1000,822276,9,0.000000,0.918367,1,2813,0,8857,0
100000159,defense_only,220.000000,260.000000,0.001944,100.000000,0.021473,18,18,9720,18,18,0.000000,82.071193,1000,797732,9,1.000000,1.000000,0,2854,0,15579,0
100000159,baseline,320.000000,360.000000,0.001944,100.000000,0.035757,18,18,9720,18,18,0.000000,20.565432,1000,199896,9,1.000000,1.000000,0,1689,0,19851,0
100000159,attack_only,420.000000,460.000000,0.000000,0.000000,0.000000,18,0,0,0,18,100.000000,0.000000,1000,212556,10,1.000000,1.000000,0,1676,0,23837,0
100000164,defense_vs_attack,120.000000,160.000000,0.001944,100.000000,0.015001,18,18,9720,18,18,0.000000,92.948971,1000,903464,3,0.000000,0.897959,2,2355,0,8019,0
100000164,attack_only,220.000000,260.000000,0.001944,100.000000,0.005913,18,18,9720,18,18,0.000000,30.238272,1000,293916,3,1.000000,1.000000,0,1673,0,12339,0
100000164,defense_only,320.000000,360.000000,0.001944,100.000000,0.013103,18,18,9720,18,18,0.000000,96.365844,1000,936676,3,1.000000,1.000000,0,2343,0,17969,0
100000164,baseline,420.000000,460.000000,0.001944,100.000000,0.007209,18,18,9720,18,18,0.000000,29.569959,1000,287420,3,1.000000,1.000000,0,1645,0,22235,0
100000165,defense_only,120.000000,160.000000,0.001944,100.000000,0.015101,18,18,9720,18,18,0.000000,79.617695,1000,773884,3,1.000000,1.000000,0,2353,0,7956,0
100000165,defense_vs_attack,220.000000,260.000000,0.001944,100.000000,0.005789,18,18,9720,18,18,0.000000,85.095473,1000,827128,3,0.000000,0.836735,1,2340,0,13819,0
100000165,attack_only,320.000000,360.000000,0.001944,100.000000,0.012811,18,18,9720,18,18,0.000000,26.265021,1000,255296,3,1.000000,1.000000,0,1666,0,18114,0
100000165,baseline,420.000000,460.000000,0.001944,100.000000,0.007261,18,18,9720,18,18,0.000000,26.749383,1000,260004,3,1.000000,1.000000,0,1625,0,22087,0
100000167,attack_only,120.000000,160.000000,0.001944,100.000000,0.025852,18,18,9720,18,18,0.000000,28.475309,1000,276780,5,1.000000,1.000000,0,1703,0,6328,0
100000167,defense_only,220.000000,260.000000,0.001944,100.000000,0.010722,18,18,9720,18,18,0.000000,102.111111,1000,992520,5,1.000000,1.000000,0,2486,0,12284,0
100000167,defense_vs_attack,320.000000,360.000000,0.001944,100.000000,0.021616,18,18,9720,18,18,0.000000,99.605350,1000,968164,5,0.000000,0.959184,1,2377,0,18187,0
100000167,baseline,420.000000,460.000000,0.001944,100.000000,0.012230,18,18,9720,18,18,0.000000,26.845267,1000,260936,5,1.000000,1.000000,0,1593,0,22318,0
100000173,baseline,120.000000,160.000000,0.001944,100.000000,0.015277,18,18,9720,18,18,0.000000,33.854321,1000,329064,3,1.000000,1.000000,0,1813,0,6921,0
100000173,defense_vs_attack,220.000000,260.000000,0.001944,100.000000,0.008611,18,18,9720,18,18,0.000000,99.814815,1000,970200,3,0.000000,0.755102,1,2507,0,12921,0
100000173,defense_only,320.000000,360.000000,0.001944,100.000000,0.012514,18,18,9720,18,18,0.000000,98.120165,1000,953728,3,1.000000,1.000000,0,2406,0,18870,0
100000173,attack_only,420.000000,460.000000,0.001944,100.000000,0.007758,18,18,9720,18,18,0.000000,32.805761,1000,318872,3,1.000000,1.000000,0,1812,0,23477,0
100000178,defense_vs_attack,120.000000,160.000000,0.001944,100.000000,0.020194,18,18,9720,18,18,0.000000,89.244444,1000,867456,4,0.000000,0.795918,1,2731,0,9004,0
100000178,baseline,220.000000,260.000000,0.001944,100.000000,0.008230,18,18,9720,18,18,0.000000,25.493004,1000,247792,4,1.000000,1.000000,0,1751,0,13546,0
100000178,defense_only,320.000000,360.000000,0.001944,100.000000,0.017378,18,18,9720,18,18,0.000000,91.247737,1000,886928,4,1.000000,1.000000,0,2719,0,20215,0
100000178,attack_only,420.000000,460.000000,0.001944,100.000000,0.010549,18,18,9720,18,18,0.000000,25.883951,1000,251592,4,1.000000,1.000000,0,1825,0,24837,0
100000181,defense_only,120.000000,160.000000,0.001944,100.000000,0.015855,18,18,9720,18,18,0.000000,104.616461,1000,1016872,3,1.000000,1.000000,0,2267,0,8095,0
100000181,baseline,220.000000,260.000000,0.001944,100.000000,0.006075,18,18,9720,18,18,0.000000,34.126337,1000,331708,3,1.000000,1.000000,0,1734,0,12539,0
100000181,defense_vs_attack,320.000000,360.000000,0.001728,88.888889,0.018664,18,16,8640,16,18,11.111111,116.185185,1000,1003840,3,0.000000,0.816327,3,2454,0,18366,0
100000181,attack_only,420.000000,460.000000,0.001944,100.000000,0.008036,18,18,9720,18,18,0.000000,34.711523,1000,337396,3,1.000000,1.000000,0,1776,0,22905,0
100000186,defense_vs_attack,120.000000,160.000000,0.001944,100.000000,0.026298,18,18,9720,18,18,0.000000,91.898354,1000,893252,5,0.000000,0.877551,1,2605,0,8238,0
100000186,baseline,220.000000,260.000000,0.001944,100.000000,0.019676,18,18,9720,18,18,0.000000,31.365432,1000,304872,5,1.000000,1.000000,0,1720,0,12667,0
100000186,defense_only,320.000000,360.000000,0.001944,100.000000,0.014692,18,18,9720,18,18,0.000000,95.419342,1000,927476,5,1.000000,1.000000,0,2449,0,18541,0
100000186,attack_only,420.000000,460.000000,0.001944,100.000000,0.011229,18,18,9720,18,18,0.000000,32.032922,1000,311360,5,1.000000,1.000000,0,1711,0,22915,0
100000189,defense_vs_attack,120.000000,160.000000,0.001944,100.000000,0.021525,18,18,9720,18,18,0.000000,96.346502,1000,936488,4,0.000000,0.877551,1,2425,0,8119,0
100000189,baseline,220.000000,260.000000,0.001944,100.000000,0.007794,18,18,9720,18,18,0.000000,27.779012,1000,270012,4,1.000000,1.000000,0,1652,0,12405,0
100000189,attack_only,320.000000,360.000000,0.001944,100.000000,0.017475,18,18,9720,18,18,0.000000,27.962140,1000,271792,4,1.000000,1.000000,0,1627,0,16381,0
100000189,defense_only,420.000000,460.000000,0.001944,100.000000,0.010154,18,18,9720,18,18,0.000000,97.910288,1000,951688,4,1.000000,1.000000,0,2423,0,22090,0
100000190,baseline,120.000000,160.000000,0.001944,100.000000,0.031923,18,18,9720,18,18,0.000000,31.040329,1000,301712,6,1.000000,1.000000,0,1944,0,7143,0
100000190,defense_vs_attack,220.000000,260.000000,0.001188,61.111111,0.013039,18,11,5940,11,18,38.888889,138.125926,1000,820468,6,0.000000,0.816327,1,2513,0,13185,0
100000190,attack_only,320.000000,360.000000,0.000000,0.000000,0.000000,18,0,0,0,18,100.000000,0.000000,1000,317200,6,1.000000,1.000000,0,1856,0,17926,0
100000190,defense_only,420.000000,460.000000,0.001944,100.000000,0.020050,18,18,9720,18,18,0.000000,77.545679,1000,753744,6,1.000000,1.000000,0,2596,0,24068,0
100000198,baseline,120.000000,160.000000,0.001944,100.000000,0.046940,18,18,9720,18,18,0.000000,30.850206,1000,299864,9,1.000000,1.000000,0,1995,0,7149,0
100000198,defense_vs_attack,220.000000,260.000000,0.001944,100.000000,0.019782,18,18,9720,18,18,0.000000,97.845679,1000,951060,9,0.000000,0.857143,1,2637,0,13521,0
100000198,defense_only,320.000000,360.000000,0.001944,100.000000,0.037248,18,18,9720,18,18,0.000000,95.958848,1000,932720,9,1.000000,1.000000,0,2663,0,19950,0
100000198,attack_only,420.000000,460.000000,0.001944,100.000000,0.022717,18,18,9720,18,18,0.000000,31.306996,1000,304304,9,1.000000,1.000000,0,1982,0,24833,0
100000211,baseline,120.000000,160.000000,0.001944,100.000000,0.047715,18,18,9720,18,18,0.000000,29.944444,1000,291060,9,1.000000,1.000000,0,1926,0,7037,0
100000211,defense_vs_attack,220.000000,260.000000,0.001080,55.555556,0.033468,18,10,5400,10,18,44.444444,135.025926,1000,729140,9,0.000000,0.836735,1,2658,0,13343,0
100000211,defense_only,320.000000,360.000000,0.001944,100.000000,0.028691,18,18,9720,18,18,0.000000,79.302469,1000,770820,9,1.000000,1.000000,0,2622,0,19788,0
100000211,attack_only,420.000000,460.000000,0.001944,100.000000,0.029317,18,18,9720,18,18,0.000000,29.544856,1000,287176,9,1.000000,1.000000,0,1955,0,24605,0
100000208,attack_only,120.000000,160.000000,0.001944,100.000000,0.021322,18,18,9720,18,18,0.000000,21.642798,1000,210368,4,1.000000,1.000000,0,1590,0,5946,0
100000208,baseline,220.000000,260.000000,0.001944,100.000000,0.008328,18,18,9720,18,18,0.000000,21.211934,1000,206180,4,1.000000,1.000000,0,1564,0,9745,0
100000208,defense_vs_attack,320.000000,360.000000,0.001944,100.000000,0.016869,18,18,9720,18,18,0.000000,84.775720,1000,824020,4,0.000000,0.897959,1,2565,0,15984,0
100000208,defense_only,420.000000,460.000000,0.001944,100.000000,0.010142,18,18,9720,18,18,0.000000,84.786831,1000,824128,4,1.000000,1.000000,0,2573,0,22304,0
100000209,defense_vs_attack,120.000000,160.000000,0.001728,88.888889,0.016220,18,16,8640,16,18,11.111111,106.637037,1000,921344,3,0.000000,0.877551,1,2439,0,8016,0
100000209,defense_only,220.000000,260.000000,0.001944,100.000000,0.006555,18,18,9720,18,18,0.000000,93.860905,1000,912328,3,1.000000,1.000000,0,2429,0,14057,0
100000209,attack_only,320.000000,360.000000,0.001944,100.000000,0.012313,18,18,9720,18,18,0.000000,24.217695,1000,235396,3,1.000000,1.000000,0,1631,0,18289,0
100000209,baseline,420.000000,460.000000,0.001944,100.000000,0.008084,18,18,9720,18,18,0.000000,23.266667,1000,226152,3,1.000000,1.000000,0,1521,0,22053,0
100000206,baseline,120.000000,160.000000,0.001944,100.000000,0.101205,18,18,9720,18,18,0.000000,26.842387,1000,260908,9,1.000000,1.000000,0,1804,0,6514,0
100000206,attack_only,220.000000,260.000000,0.000000,0.000000,0.000000,18,0,0,0,18,100.000000,0.000000,1000,262944,9,1.000000,1.000000,0,1680,0,10582,0
100000206,defense_only,320.000000,360.000000,0.001944,100.000000,0.027714,18,18,9720,18,18,0.000000,94.220165,1000,915820,9,1.000000,1.000000,0,2621,0,16823,0
100000206,defense_vs_attack,420.000000,460.000000,0.001080,55.555556,0.052613,18,10,5400,10,18,44.444444,169.604444,1000,915864,0,0.000000,0.918367,1,3075,0,23561,0
100000205,defense_vs_attack,120.000000,160.000000,0.001944,100.000000,0.015811,18,18,9720,18,18,0.000000,100.167078,1000,973624,3,0.000000,0.836735,1,2455,0,8237,0
100000205,attack_only,220.000000,260.000000,0.001944,100.000000,0.005790,18,18,9720,18,18,0.000000,28.982716,1000,281712,3,1.000000,1.000000,0,1709,0,12621,0
100000205,baseline,320.000000,360.000000,0.001944,100.000000,0.012812,18,18,9720,18,18,0.000000,29.072016,1000,282580,3,1.000000,1.000000,0,1733,0,16863,0
100000205,defense_only,420.000000,460.000000,0.001944,100.000000,0.008038,18,18,9720,18,18,0.000000,101.200412,1000,983668,3,1.000000,1.000000,0,2412,0,22636,0
100000210,defense_only,120.000000,160.000000,0.001944,100.000000,0.031253,18,18,9720,18,18,0.000000,99.203292,1000,964256,6,1.000000,1.000000,0,2506,0,8377,0
100000210,defense_vs_attack,220.000000,260.000000,0.001944,100.000000,0.012595,18,18,9720,18,18,0.000000,97.269136,1000,945456,6,0.000000,0.877551,2,2563,0,14465,0
100000210,attack_only,320.000000,360.000000,0.001944,100.000000,0.025751,18,18,9720,18,18,0.000000,29.536214,1000,287092,6,1.000000,1.000000,0,1715,0,18878,0
100000210,baseline,420.000000,460.000000,0.001944,100.000000,0.015223,18,18,9720,18,18,0.000000,29.055556,1000,282420,6,1.000000,1.000000,0,1707,0,22990,0
100000207,attack_only,120.000000,160.000000,0.001944,100.000000,0.020353,18,18,9720,18,18,0.000000,29.133745,1000,283180,4,1.000000,1.000000,0,1598,0,6107,0
100000207,defense_only,220.000000,260.000000,0.001944,100.000000,0.009620,18,18,9720,18,18,0.000000,110.496296,1000,1074024,4,1.000000,1.000000,0,2398,0,11913,0
100000207,baseline,320.000000,360.000000,0.001944,100.000000,0.016349,18,18,9720,18,18,0.000000,28.624691,1000,278232,4,1.000000,1.000000,0,1612,0,16086,0
100000207,defense_vs_attack,420.000000,460.000000,0.001944,100.000000,0.015013,18,18,9720,18,18,0.000000,108.466255,1000,1054292,4,0.000000,0.836735,1,2451,0,21911,0
100000216,defense_only,120.000000,160.000000,0.001944,100.000000,0.030159,18,18,9720,18,18,0.000000,91.339095,1000,887816,6,1.000000,1.000000,0,2461,0,8104,0
100000216,attack_only,220.000000,260.000000,0.001944,100.000000,0.011926,18,18,9720,18,18,0.000000,28.239918,1000,274492,6,1.000000,1.000000,0,1733,0,12483,0
100000216,defense_vs_attack,320.000000,360.000000,0.001188,61.111111,0.026716,18,11,5940,11,18,38.888889,146.824242,1000,872136,6,0.000000,0.877551,1,2742,0,18662,0
100000216,baseline,420.000000,460.000000,0.001944,100.000000,0.019846,18,18,9720,18,18,0.000000,28.148148,1000,273600,6,1.000000,1.000000,0,1743,0,23061,0
100000224,attack_only,120.000000,160.000000,0.000000,0.000000,0.000000,18,0,0,0,18,100.000000,0.000000,1000,304124,7,1.000000,1.000000,0,1772,0,6733,0
100000224,baseline,220.000000,260.000000,0.001944,100.000000,0.029421,18,18,9720,18,18,0.000000,31.797942,1000,309076,7,1.000000,1.000000,0,1849,0,11124,0
100000224,defense_vs_attack,320.000000,360.000000,0.001404,72.222222,0.020205,18,13,7020,13,18,27.777778,119.079772,1000,835940,7,0.000000,0.877551,1,2501,0,17197,0
100000224,defense_only,420.000000,460.000000,0.001944,100.000000,0.023097,18,18,9720,18,18,0.000000,84.665021,1000,822944,7,1.000000,1.000000,0,2513,0,23368,0
100000225,defense_only,120.000000,160.000000,0.001944,100.000000,0.015949,18,18,9720,18,18,0.000000,95.746091,1000,930652,3,1.000000,1.000000,0,2443,0,8307,0
100000225,defense_vs_attack,220.000000,260.000000,0.001944,100.000000,0.006437,18,18,9720,18,18,0.000000,95.413169,1000,927416,3,0.000000,0.877551,1,2385,0,14221,0
100000225,baseline,320.000000,360.000000,0.001944,100.000000,0.012467,18,18,9720,18,18,0.000000,30.488477,1000,296348,3,1.000000,1.000000,0,1730,0,18708,0
100000225,attack_only,420.000000,460.000000,0.001944,100.000000,0.007447,18,18,9720,18,18,0.000000,31.045679,1000,301764,3,1.000000,1.000000,0,1745,0,22966,0
100000214,baseline,120.000000,160.000000,0.001944,100.000000,0.036608,18,18,9720,18,18,0.000000,24.828395,1000,241332,7,1.000000,1.000000,0,1674,0,6188,0
100000214,defense_vs_attack,220.000000,260.000000,0.001188,61.111111,0.035749,18,11,5940,11,18,38.888889,161.014815,1000,956428,7,0.000000,0.816327,1,2384,0,11999,0
100000214,attack_only,320.000000,360.000000,0.000000,0.000000,0.000000,18,0,0,0,18,100.000000,0.000000,1000,245328,7,1.000000,1.000000,0,1665,0,16233,0
100000214,defense_only,420.000000,460.000000,0.001944,100.000000,0.082169,18,18,9720,18,18,0.000000,93.888889,1000,912600,7,1.000000,1.000000,0,2504,0,22087,0
100000221,attack_only,120.000000,160.000000,0.000000,0.000000,0.000000,18,0,0,0,18,100.000000,0.000000,1000,272584,7,1.000000,1.000000,0,1659,0,6305,0
100000221,baseline,220.000000,260.000000,0.001944,100.000000,0.026777,18,18,9720,18,18,0.000000,27.452263,1000,266836,7,1.000000,1.000000,0,1658,0,10329,0
100000221,defense_vs_attack,320.000000,360.000000,0.001296,66.666667,0.027768,18,12,6480,12,18,33.333333,151.979012,1000,984824,7,0.000000,0.775510,1,2506,0,16256,0
100000221,defense_only,420.000000,460.000000,0.001944,100.000000,0.022135,18,18,9720,18,18,0.000000,101.000000,1000,981720,7,1.000000,1.000000,0,2465,0,22200,0
100000228,defense_vs_attack,120.000000,160.000000,0.001620,83.333333,0.016948,18,15,8100,15,18,16.666667,112.228148,1000,909048,3,0.000000,0.877551,1,2369,0,8042,0
100000228,attack_only,220.000000,260.000000,0.000000,0.000000,0.000000,18,0,0,0,18,100.000000,0.000000,1000,270816,3,1.000000,1.000000,0,1632,0,12247,0
100000228,baseline,320.000000,360.000000,0.001944,100.000000,0.012235,18,18,9720,18,18,0.000000,27.441975,1000,266736,3,1.000000,1.000000,0,1621,0,16227,0
100000228,defense_only,420.000000,460.000000,0.001944,100.000000,0.009474,18,18,9720,18,18,0.000000,88.485185,1000,860076,3,1.000000,1.000000,0,2336,0,21949,0
100000227,defense_vs_attack,120.000000,160.000000,0.001620,83.333333,0.026026,18,15,8100,15,18,16.666667,114.365432,1000,926360,4,0.000000,0.775510,1,2533,0,8536,0
100000227,baseline,220.000000,260.000000,0.001944,100.000000,0.013952,18,18,9720,18,18,0.000000,30.784774,1000,299228,4,1.000000,1.000000,0,1823,0,13156,0
100000227,defense_only,320.000000,360.000000,0.001944,100.000000,0.011491,18,18,9720,18,18,0.000000,93.319753,1000,907068,4,1.000000,1.000000,0,2519,0,19245,0
100000227,attack_only,420.000000,460.000000,0.000000,0.000000,0.000000,18,0,0,0,18,100.000000,0.000000,1000,301544,4,1.000000,1.000000,0,1784,0,23833,0
100000230,defense_vs_attack,120.000000,160.000000,0.001944,100.000000,0.026053,18,18,9720,18,18,0.000000,84.465432,1000,821004,5,0.000000,0.836735,1,2384,0,8150,0
100000230,attack_only,220.000000,260.000000,0.001944,100.000000,0.009894,18,18,9720,18,18,0.000000,30.307819,1000,294592,5,1.000000,1.000000,0,1775,0,12648,0
100000230,defense_only,320.000000,360.000000,0.001944,100.000000,0.021654,18,18,9720,18,18,0.000000,83.146091,1000,808180,5,1.000000,1.000000,0,2386,0,18528,0
100000230,baseline,420.000000,460.000000,0.001944,100.000000,0.012019,18,18,9720,18,18,0.000000,29.689300,1000,288580,5,1.000000,1.000000,0,1785,0,22997,0
100000241,defense_vs_attack,120.000000,160.000000,0.000972,50.000000,0.034092,18,9,4860,9,18,50.000000,158.228807,1000,768992,6,0.000000,0.857143,1,2521,0,8531,0
100000241,defense_only,220.000000,260.000000,0.001944,100.000000,0.022890,18,18,9720,18,18,0.000000,83.957202,1000,816064,5,1.000000,1.000000,0,2547,0,14727,0
100000241,attack_only,320.000000,360.000000,0.000000,0.000000,0.000000,18,0,0,0,18,100.000000,0.000000,1000,285132,5,1.000000,1.000000,0,1742,0,19246,0
100000241,baseline,420.000000,460.000000,0.001944,100.000000,0.013911,18,18,9720,18,18,0.000000,30.162551,1000,293180,5,1.000000,1.000000,0,1802,0,23616,0
100000237,baseline,120.000000,160.000000,0.001944,100.000000,0.021333,18,18,9720,18,18,0.000000,30.364198,1000,295140,4,1.000000,1.000000,0,1701,0,6470,0
100000237,defense_only,220.000000,260.000000,0.001944,100.000000,0.008548,18,18,9720,18,18,0.000000,92.532510,1000,899416,4,1.000000,1.000000,0,2403,0,12257,0
100000237,attack_only,320.000000,360.000000,0.001944,100.000000,0.016851,18,18,9720,18,18,0.000000,32.373663,1000,314672,4,1.000000,1.000000,0,1811,0,16812,0
100000237,defense_vs_attack,420.000000,460.000000,0.001944,100.000000,0.017507,18,18,9720,18,18,0.000000,90.871605,1000,883272,4,0.000000,0.795918,1,2421,0,22646,0
100000243,defense_vs_attack,120.000000,160.000000,0.001728,88.888889,0.016594,18,16,8640,16,18,11.111111,109.043056,1000,942132,3,0.000000,0.877551,1,2404,0,8201,0
100000243,baseline,220.000000,260.000000,0.001944,100.000000,0.006704,18,18,9720,18,18,0.000000,29.746502,1000,289136,3,1.000000,1.000000,0,1668,0,12642,0
100000243,attack_only,320.000000,360.000000,0.000000,0.000000,0.000000,18,0,0,0,18,100.000000,0.000000,1000,296520,4,1.000000,1.000000,0,1714,0,16865,0
100000243,defense_only,420.000000,460.000000,0.001944,100.000000,0.008877,18,18,9720,18,18,0.000000,96.649383,1000,939432,3,1.000000,1.000000,0,2385,0,22691,0
100000239,baseline,120.000000,160.000000,0.001944,100.000000,0.025875,18,18,9720,18,18,0.000000,29.400823,1000,285776,5,1.000000,1.000000,0,1669,0,6252,0
100000239,defense_vs_attack,220.000000,260.000000,0.001296,66.666667,0.010304,18,12,6480,12,18,33.333333,156.094444,1000,1011492,5,0.000000,0.775510,1,2456,0,12045,0
100000239,attack_only,320.000000,360.000000,0.000000,0.000000,0.000000,18,0,0,0,18,100.000000,0.000000,1000,288484,5,1.000000,1.000000,0,1631,0,16300,0
100000239,defense_only,420.000000,460.000000,0.001944,100.000000,0.014421,18,18,9720,18,18,0.000000,104.913580,1000,1019760,5,1.000000,1.000000,0,2293,0,21967,0
100000242,baseline,120.000000,160.000000,0.001944,100.000000,0.031764,18,18,9720,18,18,0.000000,25.257613,1000,245504,6,1.000000,1.000000,0,1595,0,6012,0
100000242,attack_only,220.000000,260.000000,0.000000,0.000000,0.000000,18,0,0,0,18,100.000000,0.000000,1000,247372,7,1.000000,1.000000,0,1576,0,9798,0
100000242,defense_vs_attack,320.000000,360.000000,0.001512,77.777778,0.016674,18,14,7560,14,18,22.222222,132.808466,1000,1004032,6,0.000000,0.857143,1,2383,0,15572,0
100000242,defense_only,420.000000,460.000000,0.001944,100.000000,0.020734,18,18,9720,18,18,0.000000,109.846914,1000,1067712,6,1.000000,1.000000,0,2484,0,21483,0
100000246,defense_only,120.000000,160.000000,0.001944,100.000000,0.031005,18,18,9720,18,18,0.000000,100.648971,1000,978308,6,1.000000,1.000000,0,2381,0,8034,0
100000246,attack_only,220.000000,260.000000,0.000000,0.000000,0.000000,18,0,0,0,18,100.000000,0.000000,1000,270180,7,1.000000,1.000000,0,1655,0,12282,0
100000246,baseline,320.000000,360.000000,0.001944,100.000000,0.024555,18,18,9720,18,18,0.000000,26.496708,1000,257548,6,1.000000,1.000000,0,1707,0,16374,0
100000246,defense_vs_attack,420.000000,460.000000,0.001296,66.666667,0.013776,18,12,6480,12,18,33.333333,153.346296,1000,993684,6,0.000000,0.857143,1,2580,0,22383,0
100000253,baseline,120.000000,160.000000,0.001944,100.000000,0.026191,18,18,9720,18,18,0.000000,26.297942,1000,255616,5,1.000000,1.000000,0,1734,0,6541,0
100000253,defense_only,220.000000,260.000000,0.001944,100.000000,0.010119,18,18,9720,18,18,0.000000,87.624280,1000,851708,5,1.000000,1.000000,0,2595,0,12780,0
100000253,defense_vs_attack,320.000000,360.000000,0.001944,100.000000,0.023229,18,18,9720,18,18,0.000000,84.777366,1000,824036,5,0.000000,0.897959,1,2678,0,19241,0
100000253,attack_only,420.000000,460.000000,0.001944,100.000000,0.016232,18,18,9720,18,18,0.000000,26.608230,1000,258632,5,1.000000,1.000000,0,1729,0,23708,0
100000248,baseline,120.000000,160.000000,0.001944,100.000000,0.015442,18,18,9720,18,18,0.000000,27.879012,1000,270984,3,1.000000,1.000000,0,1680,0,6371,0
100000248,defense_vs_attack,220.000000,260.000000,0.001944,100.000000,0.005818,18,18,9720,18,18,0.000000,96.700412,1000,939928,3,0.000000,0.897959,1,2398,0,12353,0
100000248,attack_only,320.000000,360.000000,0.001944,100.000000,0.013809,18,18,9720,18,18,0.000000,28.680247,1000,278772,3,1.000000,1.000000,0,1704,0,16736,0
100000248,defense_only,420.000000,460.000000,0.001944,100.000000,0.007343,18,18,9720,18,18,0.000000,98.432922,1000,956768,3,1.000000,1.000000,0,2474,0,22723,0
100000251,baseline,120.000000,160.000000,0.001944,100.000000,0.036012,18,18,9720,18,18,0.000000,25.676132,1000,249572,7,1.000000,1.000000,0,1711,0,6277,0
100000251,defense_only,220.000000,260.000000,0.001944,100.000000,0.015426,18,18,9720,18,18,0.000000,107.975309,1000,1049520,7,1.000000,1.000000,0,2447,0,12144,0
100000251,attack_only,320.000000,360.000000,0.001944,100.000000,0.030458,18,18,9720,18,18,0.000000,25.722222,1000,250020,7,1.000000,1.000000,0,1686,0,16438,0
100000251,defense_vs_attack,420.000000,460.000000,0.001944,100.000000,0.018389,18,18,9720,18,18,0.000000,109.902881,1000,1068256,7,0.000000,0.836735,1,2526,0,22445,0
100000252,defense_vs_attack,120.000000,160.000000,0.001404,72.222222,0.022564,18,13,7020,13,18,27.777778,152.627350,1000,1071444,4,0.000000,0.816327,1,2506,0,8100,0
100000252,defense_only,220.000000,260.000000,0.001944,100.000000,0.017522,18,18,9720,18,18,0.000000,107.083128,1000,1040848,4,1.000000,1.000000,0,2465,0,14146,0
100000252,baseline,320.000000,360.000000,0.001944,100.000000,0.010716,18,18,9720,18,18,0.000000,24.568313,1000,238804,4,1.000000,1.000000,0,1594,0,18266,0
100000252,attack_only,420.000000,460.000000,0.000000,0.000000,0.000000,18,0,0,0,18,100.000000,0.000000,1000,243760,4,1.000000,1.000000,0,1556,0,22072,0
100000257,defense_only,120.000000,160.000000,0.001944,100.000000,0.026538,18,18,9720,18,18,0.000000,104.686831,1000,1017556,5,1.000000,1.000000,0,2553,0,8633,0
100000257,defense_vs_attack,220.000000,260.000000,0.001512,77.777778,0.019306,18,14,7560,14,18,22.222222,131.377778,1000,993216,5,0.000000,0.795918,1,2558,0,14708,0
100000257,attack_only,320.000000,360.000000,0.000000,0.000000,0.000000,18,0,0,0,18,100.000000,0.000000,1000,343104,5,1.000000,1.000000,0,1829,0,19380,0
100000257,baseline,420.000000,460.000000,0.001944,100.000000,0.015624,18,18,9720,18,18,0.000000,33.898354,1000,329492,5,1.000000,1.000000,0,1837,0,23877,0
100000258,defense_vs_attack,120.000000,160.000000,0.000756,38.888889,0.040924,18,7,3780,7,18,61.111111,274.717460,1000,1038432,6,0.000000,0.734694,1,2388,0,8002,0
100000258,defense_only,220.000000,260.000000,0.001944,100.000000,0.017312,18,18,9720,18,18,0.000000,103.075309,1000,1001892,6,1.000000,1.000000,0,2421,0,13935,0
100000258,baseline,320.000000,360.000000,0.001944,100.000000,0.020005,18,18,9720,18,18,0.000000,26.595885,1000,258512,6,1.000000,1.000000,0,1630,0,18165,0
100000258,attack_only,420.000000,460.000000,0.000000,0.000000,0.000000,18,0,0,0,18,100.000000,0.000000,1000,246184,6,1.000000,1.000000,0,1636,0,22144,0
100000261,defense_vs_attack,120.000000,160.000000,0.000972,50.000000,0.034681,18,9,4860,9,18,50.000000,158.648560,1000,771032,6,0.000000,0.775510,1,2502,0,8053,0
100000261,attack_only,220.000000,260.000000,0.000000,0.000000,0.000000,18,0,0,0,18,100.000000,0.000000,1000,231012,6,1.000000,1.000000,0,1581,0,12117,0
100000261,baseline,320.000000,360.000000,0.001944,100.000000,0.024585,18,18,9720,18,18,0.000000,24.374897,1000,236924,6,1.000000,1.000000,0,1651,0,16096,0
100000261,defense_only,420.000000,460.000000,0.001944,100.000000,0.017044,18,18,9720,18,18,0.000000,84.487243,1000,821216,6,1.000000,1.000000,0,2464,0,21972,0
100000269,defense_vs_attack,120.000000,160.000000,0.001944,100.000000,0.020680,18,18,9720,18,18,0.000000,76.864198,1000,747120,4,0.000000,0.897959,1,2747,0,8845,0
100000269,attack_only,220.000000,260.000000,0.001944,100.000000,0.007950,18,18,9720,18,18,0.000000,25.395062,1000,246840,4,1.000000,1.000000,0,1719,0,13306,0
100000269,baseline,320.000000,360.000000,0.001944,100.000000,0.017436,18,18,9720,18,18,0.000000,25.387654,1000,246768,4,1.000000,1.000000,0,1721,0,17517,0
100000269,defense_only,420.000000,460.000000,0.001944,100.000000,0.009855,18,18,9720,18,18,0.000000,75.724691,1000,736044,4,1.000000,1.000000,0,2568,0,23791,0
100000263,defense_vs_attack,120.000000,160.000000,0.001944,100.000000,0.025600,18,18,9720,18,18,0.000000,93.453909,1000,908372,5,0.000000,0.918367,1,2509,0,8525,0
100000263,defense_only,220.000000,260.000000,0.001944,100.000000,0.009835,18,18,9720,18,18,0.000000,85.224280,1000,828380,5,1.000000,1.000000,0,2468,0,14560,0
100000263,attack_only,320.000000,360.000000,0.001944,100.000000,0.021723,18,18,9720,18,18,0.000000,35.064198,1000,340824,5,1.000000,1.000000,0,1954,0,19465,0
100000263,baseline,420.000000,460.000000,0.001944,100.000000,0.012484,18,18,9720,18,18,0.000000,34.182716,1000,332256,5,1.000000,1.000000,0,1930,0,24149,0
100000270,attack_only,120.000000,160.000000,0.001944,100.000000,0.030924,18,18,9720,18,18,0.000000,26.796708,1000,260464,6,1.000000,1.000000,0,1716,0,6351,0
100000270,defense_vs_attack,220.000000,260.000000,0.001296,66.666667,0.013025,18,12,6480,12,18,33.333333,136.479012,1000,884384,6,0.000000,0.795918,1,2808,0,12676,0
100000270,baseline,320.000000,360.000000,0.001944,100.000000,0.023550,18,18,9720,18,18,0.000000,27.260494,1000,264972,6,1.000000,1.000000,0,1723,0,17100,0
100000270,defense_only,420.000000,460.000000,0.001944,100.000000,0.018559,18,18,9720,18,18,0.000000,91.727160,1000,891588,6,1.000000,1.000000,0,2491,0,23122,0
100000274,defense_vs_attack,120.000000,160.000000,0.001080,55.555556,0.039358,18,10,5400,10,18,44.444444,142.908148,1000,771704,6,0.000000,0.857143,1,2493,0,8149,0
100000274,defense_only,220.000000,260.000000,0.001944,100.000000,0.019084,18,18,9720,18,18,0.000000,79.032099,1000,768192,6,1.000000,1.000000,0,2457,0,14161,0
100000274,attack_only,320.000000,360.000000,0.000000,0.000000,0.000000,18,0,0,0,18,100.000000,0.000000,1000,207276,6,1.000000,1.000000,0,1553,0,18175,0
100000274,baseline,420.000000,460.000000,0.001944,100.000000,0.016889,18,18,9720,18,18,0.000000,22.919342,1000,222776,6,1.000000,1.000000,0,1606,0,22033,0
100000275,defense_only,120.000000,160.000000,0.001944,100.000000,0.017576,18,18,9720,18,18,0.000000,83.611111,1000,812700,3,1.000000,1.000000,0,2508,0,8449,0
100000275,defense_vs_attack,220.000000,260.000000,0.001512,77.777778,0.012585,18,14,7560,14,18,22.222222,73.471958,1000,555448,3,0.000000,0.836735,1,2612,0,14747,0
100000275,baseline,320.000000,360.000000,0.001944,100.000000,0.009253,18,18,9720,18,18,0.000000,29.095885,1000,282812,3,1.000000,1.000000,0,1746,0,19303,0
100000275,attack_only,420.000000,460.000000,0.001944,100.000000,0.006855,18,18,9720,18,18,0.000000,27.916872,1000,271352,3,1.000000,1.000000,0,1715,0,23600,0
100000278,defense_vs_attack,120.000000,160.000000,0.001512,77.777778,0.028994,18,14,7560,14,18,22.222222,112.656614,1000,851684,5,0.000000,0.836735,1,2554,0,8515,0
100000278,defense_only,220.000000,260.000000,0.001944,100.000000,0.011373,18,18,9720,18,18,0.000000,88.475720,1000,859984,5,1.000000,1.000000,0,2553,0,14713,0
100000278,attack_only,320.000000,360.000000,0.000000,0.000000,0.000000,18,0,0,0,18,100.000000,0.000000,1000,293680,5,1.000000,1.000000,0,1784,0,19262,0
100000278,baseline,420.000000,460.000000,0.001944,100.000000,0.018616,18,18,9720,18,18,0.000000,28.251029,1000,274600,5,1.000000,1.000000,0,1728,0,23470,0
100000279,baseline,120.000000,160.000000,0.001944,100.000000,0.015701,18,18,9720,18,18,0.000000,24.729630,1000,240372,3,1.000000,1.000000,0,1550,0,5906,0
100000279,defense_only,220.000000,260.000000,0.001944,100.000000,0.006342,18,18,9720,18,18,0.000000,97.631276,1000,948976,3,1.000000,1.000000,0,2460,0,11767,0
100000279,attack_only,320.000000,360.000000,0.001944,100.000000,0.012491,18,18,9720,18,18,0.000000,25.985185,1000,252576,3,1.000000,1.000000,0,1562,0,15869,0
100000279,defense_vs_attack,420.000000,460.000000,0.001512,77.777778,0.008211,18,14,7560,14,18,22.222222,124.299471,1000,939704,3,0.000000,0.877551,1,2434,0,21838,0
100000280,baseline,120.000000,160.000000,0.001944,100.000000,0.076221,18,18,9720,18,18,0.000000,28.711523,1000,279076,4,1.000000,1.000000,0,1736,0,6541,0
100000280,defense_vs_attack,220.000000,260.000000,0.001080,55.555556,0.027548,18,10,5400,10,18,44.444444,145.908889,1000,787908,4,0.000000,0.877551,1,2316,0,12324,0
100000280,defense_only,320.000000,360.000000,0.001944,100.000000,0.007854,18,18,9720,18,18,0.000000,81.539095,1000,792560,4,1.000000,1.000000,0,2296,0,18017,0
100000280,attack_only,420.000000,460.000000,0.000000,0.000000,0.000000,18,0,0,0,18,100.000000,0.000000,1000,277044,4,1.000000,1.000000,0,1702,0,22379,0
100000284,attack_only,120.000000,160.000000,0.001944,100.000000,0.015613,18,18,9720,18,18,0.000000,28.985185,1000,281736,3,1.000000,1.000000,0,1770,0,6632,0
100000284,defense_vs_attack,220.000000,260.000000,0.001512,77.777778,0.008865,18,14,7560,14,18,22.222222,114.244444,1000,863688,3,0.000000,0.816327,1,2482,0,12607,0
100000284,baseline,320.000000,360.000000,0.001944,100.000000,0.013621,18,18,9720,18,18,0.000000,29.007407,1000,281952,3,1.000000,1.000000,0,1756,0,17112,0
100000284,defense_only,420.000000,460.000000,0.001944,100.000000,0.007918,18,18,9720,18,18,0.000000,87.202881,1000,847612,3,1.000000,1.000000,0,2486,0,23208,0
100000285,defense_only,120.000000,160.000000,0.001944,100.000000,0.043309,18,18,9720,18,18,0.000000,93.204527,1000,905948,8,1.000000,1.000000,0,2563,0,8580,0
100000285,baseline,220.000000,260.000000,0.001944,100.000000,0.016240,18,18,9720,18,18,0.000000,29.830864,1000,289956,8,1.000000,1.000000,0,1795,0,13132,0
100000285,defense_vs_attack,320.000000,360.000000,0.001944,100.000000,0.035251,18,18,9720,18,18,0.000000,93.956379,1000,913256,8,0.000000,0.755102,1,2624,0,19414,0
100000285,attack_only,420.000000,460.000000,0.001944,100.000000,0.019324,18,18,9720,18,18,0.000000,28.392181,1000,275972,8,1.000000,1.000000,0,1806,0,23929,0
100000290,baseline,120.000000,160.000000,0.001944,100.000000,0.020899,18,18,9720,18,18,0.000000,27.800000,1000,270216,4,1.000000,1.000000,0,1711,0,6356,0
100000290,attack_only,220.000000,260.000000,0.000000,0.000000,0.000000,18,0,0,0,18,100.000000,0.000000,1000,279380,4,1.000000,1.000000,0,1650,0,10446,0
100000290,defense_vs_attack,320.000000,360.000000,0.001188,61.111111,0.012694,18,11,5940,11,18,38.888889,147.806061,1000,877968,4,0.000000,0.836735,1,2275,0,16087,0
100000290,defense_only,420.000000,460.000000,0.001944,100.000000,0.013165,18,18,9720,18,18,0.000000,89.988889,1000,874692,4,1.000000,1.000000,0,2314,0,21904,0
100000287,defense_only,120.000000,160.000000,0.001944,100.000000,0.041820,18,18,9720,18,18,0.000000,99.911523,1000,971140,8,1.000000,1.000000,0,2574,0,8422,0
100000287,attack_only,220.000000,260.000000,0.001944,100.000000,0.017681,18,18,9720,18,18,0.000000,25.715226,1000,249952,8,1.000000,1.000000,0,1734,0,12795,0
100000287,defense_vs_attack,320.000000,360.000000,0.001944,100.000000,0.035848,18,18,9720,18,18,0.000000,99.676543,1000,968856,8,0.000000,0.979592,1,2554,0,18829,0
100000287,baseline,420.000000,460.000000,0.001944,100.000000,0.018040,18,18,9720,18,18,0.000000,24.043210,1000,233700,8,1.000000,1.000000,0,1679,0,23113,0
100000291,attack_only,120.000000,160.000000,0.000000,0.000000,0.000000,18,0,0,0,18,100.000000,0.000000,1000,237648,3,1.000000,1.000000,0,1587,0,6162,0
100000291,defense_vs_attack,220.000000,260.000000,0.001296,66.666667,0.031618,18,12,6480,12,18,33.333333,136.471605,1000,884336,5,0.000000,0.918367,1,2675,0,12487,0
100000291,defense_only,320.000000,360.000000,0.001944,100.000000,0.012403,18,18,9720,18,18,0.000000,93.202881,1000,905932,3,1.000000,1.000000,0,2587,0,18853,0
100000291,baseline,420.000000,460.000000,0.001944,100.000000,0.008315,18,18,9720,18,18,0.000000,24.258848,1000,235796,3,1.000000,1.000000,0,1659,0,23206,0
100000294,attack_only,120.000000,160.000000,0.001944,100.000000,0.025745,18,18,9720,18,18,0.000000,29.742387,1000,289096,5,1.000000,1.000000,0,1765,0,6553,0
100000294,baseline,220.000000,260.000000,0.001944,100.000000,0.010001,18,18,9720,18,18,0.000000,29.565844,1000,287380,5,1.000000,1.000000,0,1699,0,10674,0
100000294,defense_vs_attack,320.000000,360.000000,0.001836,94.444444,0.026463,18,17,9180,17,18,5.555556,97.020915,1000,890652,5,0.000000,0.877551,1,2538,0,16622,0
100000294,defense_only,420.000000,460.000000,0.001944,100.000000,0.017272,18,18,9720,18,18,0.000000,89.807407,1000,872928,5,1.000000,1.000000,0,2430,0,22477,0
100000293,defense_only,120.000000,160.000000,0.001944,100.000000,0.091658,18,18,9720,18,18,0.000000,93.107819,1000,905008,7,1.000000,1.000000,0,2600,0,8461,0
100000293,baseline,220.000000,260.000000,0.001944,100.000000,0.014111,18,18,9720,18,18,0.000000,27.725514,1000,269492,7,1.000000,1.000000,0,1745,0,12907,0
100000293,defense_vs_attack,320.000000,360.000000,0.001620,83.333333,0.038219,18,15,8100,15,18,16.666667,112.521481,1000,911424,7,0.000000,0.959184,1,2602,0,19121,0
100000293,attack_only,420.000000,460.000000,0.001944,100.000000,0.021799,18,18,9720,18,18,0.000000,26.789712,1000,260396,7,1.000000,1.000000,0,1712,0,23509,0
100000308,attack_only,120.000000,160.000000,0.000000,0.000000,0.000000,18,0,0,0,18,100.000000,0.000000,1000,286500,5,1.000000,1.000000,0,1697,0,6494,0
100000308,defense_vs_attack,220.000000,260.000000,0.001944,100.000000,0.025616,18,18,9720,18,18,0.000000,90.389712,1000,878588,5,0.000000,0.836735,1,2478,0,12366,0
100000308,defense_only,320.000000,360.000000,0.001944,100.000000,0.009798,18,18,9720,18,18,0.000000,87.406584,1000,849592,5,1.000000,1.000000,0,2466,0,18375,0
100000308,baseline,420.000000,460.000000,0.001944,100.000000,0.021539,18,18,9720,18,18,0.000000,29.300000,1000,284796,5,1.000000,1.000000,0,1754,0,22823,0
100000306,attack_only,120.000000,160.000000,0.000000,0.000000,0.000000,18,0,0,0,18,100.000000,0.000000,1000,277548,7,1.000000,1.000000,0,1719,0,6460,0
100000306,defense_vs_attack,220.000000,260.000000,0.001080,55.555556,0.031786,18,10,5400,10,18,44.444444,167.908148,1000,906704,6,0.000000,0.816327,1,2448,0,12394,0
100000306,defense_only,320.000000,360.000000,0.001944,100.000000,0.020471,18,18,9720,18,18,0.000000,93.951852,1000,913212,6,1.000000,1.000000,0,2488,0,18496,0
100000306,baseline,420.000000,460.000000,0.001944,100.000000,0.016266,18,18,9720,18,18,0.000000,28.341975,1000,275484,6,1.000000,1.000000,0,1716,0,22864,0
100000301,defense_vs_attack,120.000000,160.000000,0.001512,77.777778,0.024637,18,14,7560,14,18,22.222222,130.166138,1000,984056,4,0.000000,0.836735,1,2356,0,7850,0
100000301,baseline,220.000000,260.000000,0.001944,100.000000,0.009937,18,18,9720,18,18,0.000000,28.015226,1000,272308,4,1.000000,1.000000,0,1625,0,12001,0
100000301,defense_only,320.000000,360.000000,0.001944,100.000000,0.014902,18,18,9720,18,18,0.000000,98.996296,1000,962244,4,1.000000,1.000000,0,2383,0,17639,0
100000301,attack_only,420.000000,460.000000,0.000000,0.000000,0.000000,18,0,0,0,18,100.000000,0.000000,1000,270576,5,1.000000,1.000000,0,1562,0,21700,0
100000310,baseline,120.000000,160.000000,0.001944,100.000000,0.015495,18,18,9720,18,18,0.000000,19.434568,1000,188904,3,1.000000,1.000000,0,1445,0,5509,0
100000310,defense_only,220.000000,260.000000,0.001944,100.000000,0.015100,18,18,9720,18,18,0.000000,89.223868,1000,867256,3,1.000000,1.000000,0,2460,0,11585,0
100000310,attack_only,320.000000,360.000000,0.001944,100.000000,0.006132,18,18,9720,18,18,0.000000,20.105350,1000,195424,3,1.000000,1.000000,0,1458,0,15535,0
100000310,defense_vs_attack,420.000000,460.000000,0.001944,100.000000,0.006075,18,18,9720,18,18,0.000000,90.825514,1000,882824,3,0.000000,0.979592,1,2531,0,21724,0
100000315,defense_vs_attack,120.000000,160.000000,0.001080,55.555556,0.035939,18,10,5400,10,18,44.444444,151.422963,1000,817684,6,0.000000,0.836735,1,2555,0,8714,0
100000315,defense_only,220.000000,260.000000,0.001944,100.000000,0.015590,18,18,9720,18,18,0.000000,77.952263,1000,757696,6,1.000000,1.000000,0,2537,0,14777,0
100000315,attack_only,320.000000,360.000000,0.000000,0.000000,0.000000,18,0,0,0,18,100.000000,0.000000,1000,330016,7,1.000000,1.000000,0,1898,0,19580,0
100000315,baseline,420.000000,460.000000,0.001944,100.000000,0.015377,18,18,9720,18,18,0.000000,33.525103,1000,325864,6,1.000000,1.000000,0,1977,0,24385,0
100000316,defense_vs_attack,120.000000,160.000000,0.001944,100.000000,0.026960,18,18,9720,18,18,0.000000,89.321399,1000,868204,5,0.000000,0.897959,1,2423,0,8281,0
100000316,baseline,220.000000,260.000000,0.001944,100.000000,0.021288,18,18,9720,18,18,0.000000,29.642387,1000,288124,5,1.000000,1.000000,0,1875,0,12959,0
100000316,attack_only,320.000000,360.000000,0.001944,100.000000,0.012191,18,18,9720,18,18,0.000000,29.316049,1000,284952,5,1.000000,1.000000,0,1825,0,17347,0
100000316,defense_only,420.000000,460.000000,0.001944,100.000000,0.017200,18,18,9720,18,18,0.000000,86.578601,1000,841544,5,1.000000,1.000000,0,2507,0,23349,0
100000324,defense_vs_attack,120.000000,160.000000,0.001620,83.333333,0.026450,18,15,8100,15,18,16.666667,103.319506,1000,836888,5,0.000000,0.836735,1,2728,0,9111,0
100000324,baseline,220.000000,260.000000,0.001944,100.000000,0.015177,18,18,9720,18,18,0.000000,29.726337,1000,288940,5,1.000000,1.000000,0,1913,0,13949,0
100000324,attack_only,320.000000,360.000000,0.000000,0.000000,0.000000,18,0,0,0,18,100.000000,0.000000,1000,303420,5,1.000000,1.000000,0,1931,0,18681,0
100000324,defense_only,420.000000,460.000000,0.001944,100.000000,0.015314,18,18,9720,18,18,0.000000,86.669959,1000,842432,5,1.000000,1.000000,0,2754,0,25310,0
100000325,attack_only,120.000000,160.000000,0.001944,100.000000,0.015317,18,18,9720,18,18,0.000000,25.304938,1000,245964,3,1.000000,1.000000,0,1550,0,5823,0
100000325,defense_only,220.000000,260.000000,0.001944,100.000000,0.006035,18,18,9720,18,18,0.000000,96.346502,1000,936488,3,1.000000,1.000000,0,2361,0,11587,0
100000325,baseline,320.000000,360.000000,0.001944,100.000000,0.013020,18,18,9720,18,18,0.000000,23.451852,1000,227952,3,1.000000,1.000000,0,1516,0,15564,0
100000325,defense_vs_attack,420.000000,460.000000,0.001944,100.000000,0.007208,18,18,9720,18,18,0.000000,98.527160,1000,957684,3,0.000000,0.836735,1,2390,0,21526,0
100000327,attack_only,120.000000,160.000000,0.000000,0.000000,0.000000,18,0,0,0,18,100.000000,0.000000,1000,281792,4,1.000000,1.000000,0,1735,0,6721,0
100000327,defense_vs_attack,220.000000,260.000000,0.001728,88.888889,0.020775,18,16,8640,16,18,11.111111,109.198611,1000,943476,4,0.000000,0.877551,1,2601,0,12947,0
100000327,baseline,320.000000,360.000000,0.001944,100.000000,0.008966,18,18,9720,18,18,0.000000,29.319753,1000,284988,4,1.000000,1.000000,0,1790,0,17517,0
100000327,defense_only,420.000000,460.000000,0.001944,100.000000,0.014028,18,18,9720,18,18,0.000000,97.003704,1000,942876,4,1.000000,1.000000,0,2516,0,23775,0
100000331,attack_only,120.000000,160.000000,0.001944,100.000000,0.015505,18,18,9720,18,18,0.000000,29.285597,1000,284656,3,1.000000,1.000000,0,1781,0,6732,0
100000331,baseline,220.000000,260.000000,0.001944,100.000000,0.005790,18,18,9720,18,18,0.000000,28.954321,1000,281436,3,1.000000,1.000000,0,1779,0,11059,0
100000331,defense_only,320.000000,360.000000,0.001944,100.000000,0.013986,18,18,9720,18,18,0.000000,86.348971,1000,839312,3,1.000000,1.000000,0,2545,0,17180,0
100000331,defense_vs_attack,420.000000,460.000000,0.001944,100.000000,0.007398,18,18,9720,18,18,0.000000,87.510700,1000,850604,3,0.000000,0.857143,1,2527,0,23359,0
100000329,defense_vs_attack,120.000000,160.000000,0.001728,88.888889,0.033256,18,16,8640,16,18,11.111111,105.733333,1000,913536,6,0.000000,0.795918,1,2327,0,7792,0
100000329,attack_only,220.000000,260.000000,0.000000,0.000000,0.000000,18,0,0,0,18,100.000000,0.000000,1000,261320,7,1.000000,1.000000,0,1600,0,12005,0
100000329,baseline,320.000000,360.000000,0.001944,100.000000,0.026071,18,18,9720,18,18,0.000000,26.899177,1000,261460,6,1.000000,1.000000,0,1685,0,16055,0
100000329,defense_only,420.000000,460.000000,0.001944,100.000000,0.021637,18,18,9720,18,18,0.000000,95.933333,1000,932472,6,1.000000,1.000000,0,2451,0,21766,0
100000332,attack_only,120.000000,160.000000,0.000000,0.000000,0.000000,18,0,0,0,18,100.000000,0.000000,1000,258420,7,1.000000,1.000000,0,1601,0,6054,0
100000332,defense_vs_attack,220.000000,260.000000,0.001728,88.888889,0.044161,18,16,8640,16,18,11.111111,122.002315,1000,1054100,8,0.000000,0.877551,1,2603,0,12110,0
100000332,defense_only,320.000000,360.000000,0.001944,100.000000,0.026723,18,18,9720,18,18,0.000000,104.334156,1000,1014128,7,1.000000,1.000000,0,2387,0,17997,0
100000332,baseline,420.000000,460.000000,0.001944,100.000000,0.022616,18,18,9720,18,18,0.000000,26.184362,1000,254512,7,1.000000,1.000000,0,1658,0,22173,0
100000334,defense_vs_attack,120.000000,160.000000,0.001944,100.000000,0.015846,18,18,9720,18,18,0.000000,87.843621,1000,853840,3,0.000000,0.836735,1,2398,0,7956,0
100000334,baseline,220.000000,260.000000,0.001944,100.000000,0.005897,18,18,9720,18,18,0.000000,27.761728,1000,269844,3,1.000000,1.000000,0,1655,0,12206,0
100000334,defense_only,320.000000,360.000000,0.001944,100.000000,0.013161,18,18,9720,18,18,0.000000,87.263374,1000,848200,3,1.000000,1.000000,0,2373,0,17959,0
100000334,attack_only,420.000000,460.000000,0.001944,100.000000,0.007612,18,18,9720,18,18,0.000000,29.012346,1000,282000,3,1.000000,1.000000,0,1630,0,22176,0
100000335,attack_only,120.000000,160.000000,0.001944,100.000000,0.025423,18,18,9720,18,18,0.000000,27.209465,1000,264476,5,1.000000,1.000000,0,1676,0,6281,0
100000335,defense_vs_attack,220.000000,260.000000,0.000972,69.230769,0.010992,13,9,4860,9,18,50.000000,189.451852,1000,920736,5,0.000000,0.795918,1,2340,0,12021,0
100000335,defense_only,320.000000,360.000000,0.001944,100.000000,0.017130,18,18,9720,18,18,0.000000,100.232099,1000,974256,5,1.000000,1.000000,0,2499,0,18073,0
100000335,baseline,420.000000,460.000000,0.001944,100.000000,0.017060,18,18,9720,18,18,0.000000,29.371605,1000,285492,5,1.000000,1.000000,0,1681,0,22402,0
100000336,baseline,120.000000,160.000000,0.001944,100.000000,0.019389,18,18,9720,18,18,0.000000,29.123457,1000,283080,3,1.000000,1.000000,0,1785,0,6770,0
100000336,defense_only,220.000000,260.000000,0.001944,100.000000,0.011084,18,18,9720,18,18,0.000000,94.921399,1000,922636,3,1.000000,1.000000,0,2568,0,13027,0
100000336,defense_vs_attack,320.000000,360.000000,0.001944,100.000000,0.013145,18,18,9720,18,18,0.000000,94.948971,1000,922904,3,0.000000,0.857143,1,2609,0,19303,0
100000336,attack_only,420.000000,460.000000,0.001944,100.000000,0.008546,18,18,9720,18,18,0.000000,30.276543,1000,294288,3,1.000000,1.000000,0,1797,0,23974,0
100000342,baseline,120.000000,160.000000,0.001944,100.000000,0.031615,18,18,9720,18,18,0.000000,29.788889,1000,289548,6,1.000000,1.000000,0,1742,0,6545,0
100000342,defense_only,220.000000,260.000000,0.001944,100.000000,0.011989,18,18,9720,18,18,0.000000,101.585597,1000,987412,6,1.000000,1.000000,0,2399,0,12364,0
100000342,defense_vs_attack,320.000000,360.000000,0.001944,100.000000,0.027328,18,18,9720,18,18,0.000000,99.420988,1000,966372,6,0.000000,0.795918,1,2453,0,18389,0
100000342,attack_only,420.000000,460.000000,0.001944,100.000000,0.014796,18,18,9720,18,18,0.000000,30.781070,1000,299192,6,1.000000,1.000000,0,1717,0,22733,0
100000347,attack_only,120.000000,160.000000,0.000000,0.000000,0.000000,18,0,0,0,18,100.000000,0.000000,1000,253660,5,1.000000,1.000000,0,1683,0,6390,0
100000347,defense_vs_attack,220.000000,260.000000,0.000972,50.000000,0.029288,18,9,4860,9,18,50.000000,172.646914,1000,839064,5,0.000000,0.918367,1,2493,0,12427,0
100000347,baseline,320.000000,360.000000,0.001944,100.000000,0.021906,18,18,9720,18,18,0.000000,26.151029,1000,254188,5,1.000000,1.000000,0,1712,0,16798,0
100000347,defense_only,420.000000,460.000000,0.001944,100.000000,0.012498,18,18,9720,18,18,0.000000,86.527572,1000,841048,5,1.000000,1.000000,0,2505,0,22875,0
100000356,defense_only,120.000000,160.000000,0.001944,100.000000,0.020908,18,18,9720,18,18,0.000000,83.911934,1000,815624,4,1.000000,1.000000,0,2484,0,8223,0
100000356,baseline,220.000000,260.000000,0.001944,100.000000,0.007793,18,18,9720,18,18,0.000000,26.980247,1000,262248,4,1.000000,1.000000,0,1679,0,12505,0
100000356,attack_only,320.000000,360.000000,0.001944,100.000000,0.017384,18,18,9720,18,18,0.000000,28.204115,1000,274144,4,1.000000,1.000000,0,1711,0,16643,0
100000356,defense_vs_attack,420.000000,460.000000,0.001944,100.000000,0.011079,18,18,9720,18,18,0.000000,87.426749,1000,849788,4,0.000000,0.918367,1,2517,0,22597,0
100000349,defense_only,120.000000,160.000000,0.001944,100.000000,0.030395,18,18,9720,18,18,0.000000,87.559671,1000,851080,6,1.000000,1.000000,0,2478,0,8209,0
100000349,defense_vs_attack,220.000000,260.000000,0.001944,100.000000,0.011913,18,18,9720,18,18,0.000000,84.476955,1000,821116,6,0.000000,0.959184,1,2449,0,14361,0
100000349,attack_only,320.000000,360.000000,0.001944,100.000000,0.026182,18,18,9720,18,18,0.000000,25.355556,1000,246456,6,1.000000,1.000000,0,1707,0,18696,0
100000349,baseline,420.000000,460.000000,0.001944,100.000000,0.014364,18,18,9720,18,18,0.000000,23.965021,1000,232940,6,1.000000,1.000000,0,1691,0,22749,0
100000359,baseline,120.000000,160.000000,0.001944,100.000000,0.020822,18,18,9720,18,18,0.000000,29.932510,1000,290944,4,1.000000,1.000000,0,1772,0,6811,0
100000359,defense_vs_attack,220.000000,260.000000,0.001944,100.000000,0.008155,18,18,9720,18,18,0.000000,92.533333,1000,899424,4,0.000000,0.918367,1,2489,0,12921,0
100000359,defense_only,320.000000,360.000000,0.001944,100.000000,0.018060,18,18,9720,18,18,0.000000,93.167078,1000,905584,4,1.000000,1.000000,0,2494,0,19093,0
100000359,attack_only,420.000000,460.000000,0.001944,100.000000,0.010091,18,18,9720,18,18,0.000000,29.997942,1000,291580,4,1.000000,1.000000,0,1788,0,23668,0
100000358,defense_only,120.000000,160.000000,0.001944,100.000000,0.031145,18,18,9720,18,18,0.000000,109.303292,1000,1062428,6,1.000000,1.000000,0,2310,0,7821,0
100000358,baseline,220.000000,260.000000,0.001944,100.000000,0.012308,18,18,9720,18,18,0.000000,27.916872,1000,271352,6,1.000000,1.000000,0,1671,0,12054,0
100000358,defense_vs_attack,320.000000,360.000000,0.001404,72.222222,0.041036,18,13,7020,13,18,27.777778,150.603989,1000,1057240,7,0.000000,0.816327,1,2379,0,17732,0
100000358,attack_only,420.000000,460.000000,0.000000,0.000000,0.000000,18,0,0,0,18,100.000000,0.000000,1000,256644,6,1.000000,1.000000,0,1570,0,21819,0
100000365,defense_vs_attack,120.000000,160.000000,0.001944,100.000000,0.026477,18,18,9720,18,18,0.000000,79.063786,1000,768500,5,0.000000,0.816327,1,2526,0,8626,0
100000365,defense_only,220.000000,260.000000,0.001944,100.000000,0.009798,18,18,9720,18,18,0.000000,74.467901,1000,723828,5,1.000000,1.000000,0,2541,0,14799,0
100000365,baseline,320.000000,360.000000,0.001944,100.000000,0.022154,18,18,9720,18,18,0.000000,33.088477,1000,321620,5,1.000000,1.000000,0,1889,0,19594,0
100000365,attack_only,420.000000,460.000000,0.001944,100.000000,0.013246,18,18,9720,18,18,0.000000,31.435802,1000,305556,5,1.000000,1.000000,0,1876,0,24209,0
100000364,defense_vs_attack,120.000000,160.000000,0.001404,72.222222,0.041983,18,13,7020,13,18,27.777778,137.562963,1000,965692,8,0.000000,0.836735,1,2602,0,8281,0
100000364,attack_only,220.000000,260.000000,0.000000,0.000000,0.000000,18,0,0,0,18,100.000000,0.000000,1000,294196,8,1.000000,1.000000,0,1763,0,12814,0
100000364,defense_only,320.000000,360.000000,0.001944,100.000000,0.030730,18,18,9720,18,18,0.000000,97.389300,1000,946624,8,1.000000,1.000000,0,2613,0,18879,0
100000364,baseline,420.000000,460.000000,0.001944,100.000000,0.023352,18,18,9720,18,18,0.000000,29.630453,1000,288008,8,1.000000,1.000000,0,1777,0,23356,0
100000367,baseline,120.000000,160.000000,0.001944,100.000000,0.031323,18,18,9720,18,18,0.000000,30.755967,1000,298948,6,1.000000,1.000000,0,1829,0,6665,0
100000367,defense_vs_attack,220.000000,260.000000,0.001080,55.555556,0.022492,18,10,5400,10,18,44.444444,178.981481,1000,966500,6,0.000000,0.795918,1,2524,0,12723,0
100000367,attack_only,320.000000,360.000000,0.000000,0.000000,0.000000,18,0,0,0,18,100.000000,0.000000,1000,309256,6,1.000000,1.000000,0,1708,0,17187,0
100000367,defense_only,420.000000,460.000000,0.001944,100.000000,0.026297,18,18,9720,18,18,0.000000,100.867490,1000,980432,6,1.000000,1.000000,0,2536,0,23357,0
100000368,defense_only,120.000000,160.000000,0.001944,100.000000,0.026194,18,18,9720,18,18,0.000000,99.422634,1000,966388,5,1.000000,1.000000,0,2557,0,8419,0
100000368,defense_vs_attack,220.000000,260.000000,0.000648,35.294118,0.028166,17,6,3240,6,18,66.666667,281.327160,1000,911500,5,0.000000,0.836735,1,2569,0,14553,0
100000368,baseline,320.000000,360.000000,0.001944,100.000000,0.011635,18,18,9720,18,18,0.000000,26.518930,1000,257764,5,1.000000,1.000000,0,1692,0,18997,0
100000368,attack_only,420.000000,460.000000,0.000000,0.000000,0.000000,18,0,0,0,18,100.000000,0.000000,1000,238392,5,1.000000,1.000000,0,1616,0,22981,0
100000378,baseline,120.000000,160.000000,0.001944,100.000000,0.026908,18,18,9720,18,18,0.000000,26.555967,1000,258124,5,1.000000,1.000000,0,1746,0,6542,0
100000378,attack_only,220.000000,260.000000,0.000000,0.000000,0.000000,18,0,0,0,18,100.000000,0.000000,1000,290468,6,1.000000,1.000000,0,1773,0,10865,0
100000378,defense_vs_attack,320.000000,360.000000,0.001944,100.000000,0.014604,18,18,9720,18,18,0.000000,88.716872,1000,862328,5,0.000000,0.897959,1,2492,0,16857,0
100000378,defense_only,420.000000,460.000000,0.001944,100.000000,0.018779,18,18,9720,18,18,0.000000,89.531687,1000,870248,5,1.000000,1.000000,0,2517,0,22993,0
100000379,baseline,120.000000,160.000000,0.001944,100.000000,0.031323,18,18,9720,18,18,0.000000,27.245679,1000,264828,6,1.000000,1.000000,0,1721,0,6318,0
100000379,defense_vs_attack,220.000000,260.000000,0.001296,66.666667,0.015673,18,12,6480,12,18,33.333333,138.023457,1000,894392,6,0.000000,0.816327,1,2430,0,12111,0
100000379,defense_only,320.000000,360.000000,0.001944,100.000000,0.025759,18,18,9720,18,18,0.000000,90.762551,1000,882212,6,1.000000,1.000000,0,2384,0,18036,0
100000379,attack_only,420.000000,460.000000,0.000000,0.000000,0.000000,18,0,0,0,18,100.000000,0.000000,1000,258244,6,1.000000,1.000000,0,1637,0,22213,0
100000387,attack_only,120.000000,160.000000,0.001944,100.000000,0.020875,18,18,9720,18,18,0.000000,26.227572,1000,254932,4,1.000000,1.000000,0,1686,0,6316,0
100000387,baseline,220.000000,260.000000,0.001944,100.000000,0.008366,18,18,9720,18,18,0.000000,25.592181,1000,248756,4,1.000000,1.000000,0,1644,0,10330,0
100000387,defense_vs_attack,320.000000,360.000000,0.001836,94.444444,0.020646,18,17,9180,17,18,5.555556,95.438344,1000,876124,4,0.000000,0.877551,1,2495,0,16343,0
100000387,defense_only,420.000000,460.000000,0.001944,100.000000,0.010082,18,18,9720,18,18,0.000000,86.679424,1000,842524,4,1.000000,1.000000,0,2454,0,22424,0
100000383,attack_only,120.000000,160.000000,0.001944,100.000000,0.070126,18,18,9720,18,18,0.000000,36.869547,1000,358372,3,1.000000,1.000000,0,1815,0,6895,0
100000383,baseline,220.000000,260.000000,0.001944,100.000000,0.006440,18,18,9720,18,18,0.000000,36.785185,1000,357552,3,1.000000,1.000000,0,1838,0,11452,0
100000383,defense_only,320.000000,360.000000,0.001944,100.000000,0.012725,18,18,9720,18,18,0.000000,105.765021,1000,1028036,3,1.000000,1.000000,0,2327,0,17190,0
100000383,defense_vs_attack,420.000000,460.000000,0.001944,100.000000,0.008409,18,18,9720,18,18,0.000000,105.090947,1000,1021484,3,0.000000,0.836735,1,2420,0,22977,0
100000385,attack_only,120.000000,160.000000,0.000000,0.000000,0.000000,18,0,0,0,18,100.000000,0.000000,1000,333840,6,1.000000,1.000000,0,1813,0,6838,0
100000385,defense_vs_attack,220.000000,260.000000,0.001188,61.111111,0.018011,18,11,5940,11,18,38.888889,180.278114,1000,1070852,5,0.000000,0.795918,1,2515,0,12765,0
100000385,baseline,320.000000,360.000000,0.001944,100.000000,0.018680,18,18,9720,18,18,0.000000,33.619753,1000,326784,5,1.000000,1.000000,0,1847,0,17401,0
100000385,defense_only,420.000000,460.000000,0.001944,100.000000,0.013950,18,18,9720,18,18,0.000000,108.949383,1000,1058988,5,1.000000,1.000000,0,2474,0,23331,0
100000392,attack_only,120.000000,160.000000,0.000000,0.000000,0.000000,18,0,0,0,18,100.000000,0.000000,1000,258544,6,1.000000,1.000000,0,1670,0,6393,0
100000392,baseline,220.000000,260.000000,0.001944,100.000000,0.025093,18,18,9720,18,18,0.000000,27.157202,1000,263968,6,1.000000,1.000000,0,1757,0,10643,0
100000392,defense_only,320.000000,360.000000,0.001944,100.000000,0.018738,18,18,9720,18,18,0.000000,80.433333,1000,781812,6,1.000000,1.000000,0,2475,0,16614,0
100000392,defense_vs_attack,420.000000,460.000000,0.000864,44.444444,0.018362,18,8,4320,8,18,55.555556,189.265741,1000,817628,6,0.000000,0.816327,1,2402,0,22558,0
100000390,defense_only,120.000000,160.000000,0.001944,100.000000,0.015012,18,18,9720,18,18,0.000000,104.948148,1000,1020096,3,1.000000,1.000000,0,2330,0,7946,0
100000390,defense_vs_attack,220.000000,260.000000,0.001944,100.000000,0.006278,18,18,9720,18,18,0.000000,105.096708,1000,1021540,3,0.000000,0.877551,1,2413,0,13911,0
100000390,attack_only,320.000000,360.000000,0.000000,0.000000,0.000000,18,0,0,0,18,100.000000,0.000000,1000,266304,4,1.000000,1.000000,0,1585,0,18054,0
100000390,baseline,420.000000,460.000000,0.001944,100.000000,0.016142,18,18,9720,18,18,0.000000,27.081481,1000,263232,3,1.000000,1.000000,0,1632,0,22021,0
100000395,attack_only,120.000000,160.000000,0.001944,100.000000,0.021015,18,18,9720,18,18,0.000000,25.991770,1000,252640,4,1.000000,1.000000,0,1754,0,6566,0
100000395,baseline,220.000000,260.000000,0.001944,100.000000,0.007793,18,18,9720,18,18,0.000000,26.296296,1000,255600,4,1.000000,1.000000,0,1739,0,10775,0
100000395,defense_only,320.000000,360.000000,0.001944,100.000000,0.017212,18,18,9720,18,18,0.000000,83.852675,1000,815048,4,1.000000,1.000000,0,2556,0,16947,0
100000395,defense_vs_attack,420.000000,460.000000,0.001944,100.000000,0.015213,18,18,9720,18,18,0.000000,80.318519,1000,780696,4,0.000000,0.857143,1,2465,0,23074,0
100000396,defense_only,120.000000,160.000000,0.001944,100.000000,0.020842,18,18,9720,18,18,0.000000,85.680658,1000,832816,4,1.000000,1.000000,0,2490,0,8257,0
100000396,defense_vs_attack,220.000000,260.000000,0.001080,66.666667,0.017057,15,10,5400,10,18,44.444444,159.202963,1000,859696,4,0.000000,0.897959,1,2360,0,14136,0
100000396,baseline,320.000000,360.000000,0.001944,100.000000,0.011997,18,18,9720,18,18,0.000000,24.243210,1000,235644,4,1.000000,1.000000,0,1625,0,18416,0
100000396,attack_only,420.000000,460.000000,0.000000,0.000000,0.000000,18,0,0,0,18,100.000000,0.000000,1000,246580,4,1.000000,1.000000,0,1667,0,22480,0
100000402,attack_only,120.000000,160.000000,0.001944,100.000000,0.041391,18,18,9720,18,18,0.000000,37.147325,1000,361072,8,1.000000,1.000000,0,1998,0,7314,0
100000402,defense_only,220.000000,260.000000,0.001944,100.000000,0.016959,18,18,9720,18,18,0.000000,87.402058,1000,849548,8,1.000000,1.000000,0,2537,0,13477,0
100000402,defense_vs_attack,320.000000,360.000000,0.001944,100.000000,0.034933,18,18,9720,18,18,0.000000,86.899177,1000,844660,8,0.000000,0.877551,1,2520,0,19652,0
100000402,baseline,420.000000,460.000000,0.001944,100.000000,0.027518,18,18,9720,18,18,0.000000,35.715638,1000,347156,8,1.000000,1.000000,0,1986,0,24570,0
100000403,attack_only,120.000000,160.000000,0.001944,100.000000,0.020973,18,18,9720,18,18,0.000000,28.849383,1000,280416,4,1.000000,1.000000,0,1729,0,6555,0
100000403,defense_only,220.000000,260.000000,0.001944,100.000000,0.007914,18,18,9720,18,18,0.000000,87.554733,1000,851032,4,1.000000,1.000000,0,2492,0,12572,0
100000403,baseline,320.000000,360.000000,0.001944,100.000000,0.017928,18,18,9720,18,18,0.000000,27.371605,1000,266052,4,1.000000,1.000000,0,1657,0,16928,0
100000403,defense_vs_attack,420.000000,460.000000,0.001944,100.000000,0.011577,18,18,9720,18,18,0.000000,90.725926,1000,881856,4,0.000000,0.795918,1,2448,0,22915,0
100000404,baseline,120.000000,160.000000,0.001944,100.000000,0.032024,18,18,9720,18,18,0.000000,29.968724,1000,291296,6,1.000000,1.000000,0,1866,0,6889,0
100000404,defense_only,220.000000,260.000000,0.001944,100.000000,0.013299,18,18,9720,18,18,0.000000,82.281070,1000,799772,6,1.000000,1.000000,0,2412,0,12806,0
100000404,defense_vs_attack,320.000000,360.000000,0.001728,88.888889,0.028912,18,16,8640,16,18,11.111111,94.044444,1000,812544,6,0.000000,0.816327,1,2523,0,18890,0
100000404,attack_only,420.000000,460.000000,0.001944,100.000000,0.021096,18,18,9720,18,18,0.000000,29.497119,1000,286712,6,1.000000,1.000000,0,1858,0,23540,0
100000401,attack_only,120.000000,160.000000,0.000000,0.000000,0.000000,18,0,0,0,18,100.000000,0.000000,1000,279412,6,1.000000,1.000000,0,1646,0,6305,0
100000401,defense_only,220.000000,260.000000,0.001944,100.000000,0.021521,18,18,9720,18,18,0.000000,119.156379,999,1158200,5,1.000000,1.000000,0,2413,0,11952,0
100000401,defense_vs_attack,320.000000,360.000000,0.001080,55.555556,0.016615,18,10,5400,10,18,44.444444,219.642222,1000,1186068,5,0.000000,0.734694,1,2351,0,17675,0
100000401,baseline,420.000000,460.000000,0.001944,100.000000,0.014680,18,18,9720,18,18,0.000000,30.091770,1000,292492,5,1.000000,1.000000,0,1761,0,22008,0
100000406,attack_only,120.000000,160.000000,0.000000,0.000000,0.000000,18,0,0,0,18,100.000000,0.000000,1000,289564,5,1.000000,1.000000,0,1724,0,6548,0
100000406,defense_only,220.000000,260.000000,0.001944,100.000000,0.018124,18,18,9720,18,18,0.000000,97.986831,1000,952432,4,1.000000,1.000000,0,2413,0,12433,0
100000406,baseline,320.000000,360.000000,0.001944,100.000000,0.020234,18,18,9720,18,18,0.000000,28.500412,1000,277024,4,1.000000,1.000000,0,1730,0,16817,0
100000406,defense_vs_attack,420.000000,460.000000,0.001188,61.111111,0.019687,18,11,5940,11,18,38.888889,157.742761,1000,936992,4,0.000000,0.816327,1,2282,0,22464,0
100000412,attack_only,120.000000,160.000000,0.000000,0.000000,0.000000,18,0,0,0,18,100.000000,0.000000,1000,334276,5,1.000000,1.000000,0,1860,0,6960,0
100000412,defense_vs_attack,220.000000,260.000000,0.001944,100.000000,0.035729,18,18,9720,18,18,0.000000,76.470370,1000,743292,6,0.000000,0.857143,1,2389,0,12762,0
100000412,defense_only,320.000000,360.000000,0.001944,100.000000,0.017746,18,18,9720,18,18,0.000000,74.048148,1000,719748,5,1.000000,1.000000,0,2404,0,18557,0
100000412,baseline,420.000000,460.000000,0.001944,100.000000,0.018253,18,18,9720,18,18,0.000000,34.276132,1000,333164,5,1.000000,1.000000,0,1903,0,23296,0
100000416,attack_only,120.000000,160.000000,0.001944,100.000000,0.042345,18,18,9720,18,18,0.000000,28.554321,1000,277548,8,1.000000,1.000000,0,1874,0,6718,0
100000416,baseline,220.000000,260.000000,0.001944,100.000000,0.015942,18,18,9720,18,18,0.000000,28.358848,1000,275648,8,1.000000,1.000000,0,1836,0,11075,0
100000416,defense_only,320.000000,360.000000,0.001944,100.000000,0.040723,18,18,9720,18,18,0.000000,80.203704,1000,779580,8,1.000000,1.000000,0,2649,0,17224,0
100000416,defense_vs_attack,420.000000,460.000000,0.001512,77.777778,0.033318,18,14,7560,14,18,22.222222,105.996296,1000,801332,8,0.000000,0.959184,1,2563,0,23529,0
100000413,defense_only,120.000000,160.000000,0.001944,100.000000,0.038115,18,18,9720,18,18,0.000000,106.425514,1000,1034456,7,1.000000,1.000000,0,2425,0,8033,0
100000413,attack_only,220.000000,260.000000,0.000000,0.000000,0.000000,18,0,0,0,18,100.000000,0.000000,1000,236368,7,1.000000,1.000000,0,1538,0,12089,0
100000413,defense_vs_attack,320.000000,360.000000,0.001080,55.555556,0.035568,18,10,5400,10,18,44.444444,186.741481,1000,1008404,7,0.000000,0.775510,1,2363,0,17822,0
100000413,baseline,420.000000,460.000000,0.001944,100.000000,0.025847,18,18,9720,18,18,0.000000,26.572016,1000,258280,7,1.000000,1.000000,0,1665,0,22045,0
100000419,baseline,120.000000,160.000000,0.001944,100.000000,0.020212,18,18,9720,18,18,0.000000,26.539095,1000,257960,4,1.000000,1.000000,0,1714,0,6563,0
100000419,defense_only,220.000000,260.000000,0.001944,100.000000,0.008023,18,18,9720,18,18,0.000000,94.790123,1000,921360,4,1.000000,1.000000,0,2661,0,12770,0
100000419,attack_only,320.000000,360.000000,0.000000,0.000000,0.000000,18,0,0,0,18,100.000000,0.000000,1000,259852,5,1.000000,1.000000,0,1711,0,17223,0
100000419,defense_vs_attack,420.000000,460.000000,0.001080,55.555556,0.015158,18,10,5400,10,18,44.444444,172.732593,1000,932756,4,0.000000,0.897959,1,2582,0,23449,0
100000420,defense_only,120.000000,160.000000,0.001944,100.000000,0.041954,18,18,9720,18,18,0.000000,91.405761,1000,888464,8,1.000000,1.000000,0,2550,0,8379,0
100000420,baseline,220.000000,260.000000,0.001944,100.000000,0.016463,18,18,9720,18,18,0.000000,30.283539,1000,294356,8,1.000000,1.000000,0,1832,0,12943,0
100000420,defense_vs_attack,320.000000,360.000000,0.001188,61.111111,0.031333,18,11,5940,11,18,38.888889,162.460606,1000,965016,8,0.000000,0.775510,1,2565,0,19171,0
100000420,attack_only,420.000000,460.000000,0.000000,0.000000,0.000000,18,0,0,0,18,100.000000,0.000000,1000,289672,9,1.000000,1.000000,0,1756,0,23696,0
100000422,attack_only,120.000000,160.000000,0.001944,100.000000,0.015329,18,18,9720,18,18,0.000000,28.979012,1000,281676,3,1.000000,1.000000,0,1714,0,6444,0
100000422,defense_vs_attack,220.000000,260.000000,0.001620,83.333333,0.016541,18,15,8100,15,18,16.666667,113.123951,1000,916304,3,0.000000,0.836735,1,2443,0,12353,0
100000422,baseline,320.000000,360.000000,0.001944,100.000000,0.012016,18,18,9720,18,18,0.000000,29.002058,1000,281900,3,1.000000,1.000000,0,1705,0,16722,0
100000422,defense_only,420.000000,460.000000,0.001944,100.000000,0.007776,18,18,9720,18,18,0.000000,94.653909,1000,920036,3,1.000000,1.000000,0,2409,0,22489,0
100000427,baseline,120.000000,160.000000,0.001944,100.000000,0.015407,18,18,9720,18,18,0.000000,22.589300,1000,219568,3,1.000000,1.000000,0,1517,0,5828,0
100000427,defense_only,220.000000,260.000000,0.001944,100.000000,0.006075,18,18,9720,18,18,0.000000,93.815638,1000,911888,3,1.000000,1.000000,0,2348,0,11545,0
100000427,defense_vs_attack,320.000000,360.000000,0.001944,100.000000,0.014161,18,18,9720,18,18,0.000000,94.139095,1000,915032,3,0.000000,0.755102,1,2372,0,17370,0
100000427,attack_only,420.000000,460.000000,0.001944,100.000000,0.007721,18,18,9720,18,18,0.000000,21.681481,1000,210744,3,1.000000,1.000000,0,1493,0,21312,0
100000431,defense_vs_attack,120.000000,160.000000,0.001944,100.000000,0.020763,18,18,9720,18,18,0.000000,84.224691,1000,818664,4,0.000000,0.816327,1,2545,0,8269,0
100000431,baseline,220.000000,260.000000,0.001944,100.000000,0.007795,18,18,9720,18,18,0.000000,25.469547,1000,247564,4,1.000000,1.000000,0,1664,0,12537,0
100000431,attack_only,320.000000,360.000000,0.001944,100.000000,0.017177,18,18,9720,18,18,0.000000,24.642387,1000,239524,4,1.000000,1.000000,0,1658,0,16534,0
100000431,defense_only,420.000000,460.000000,0.001944,100.000000,0.009596,18,18,9720,18,18,0.000000,76.930864,1000,747768,4,1.000000,1.000000,0,2474,0,22511,0
100000432,baseline,120.000000,160.000000,0.001944,100.000000,0.040849,18,18,9720,18,18,0.000000,25.564198,1000,248484,8,1.000000,1.000000,0,1724,0,6340,0
100000432,defense_vs_attack,220.000000,260.000000,0.000432,30.769231,0.043986,13,4,2160,4,18,77.777778,403.864815,1000,872348,8,0.000000,0.816327,1,2582,0,12407,0
100000432,defense_only,320.000000,360.000000,0.001944,100.000000,0.027553,18,18,9720,18,18,0.000000,92.529630,1000,899388,8,1.000000,1.000000,0,2591,0,18683,0
100000432,attack_only,420.000000,460.000000,0.000000,0.000000,0.000000,18,0,0,0,18,100.000000,0.000000,1000,257764,8,1.000000,1.000000,0,1689,0,23035,0
100000436,baseline,120.000000,160.000000,0.001944,100.000000,0.025696,18,18,9720,18,18,0.000000,36.629218,1000,356036,5,1.000000,1.000000,0,1880,0,7030,0
100000436,defense_vs_attack,220.000000,260.000000,0.001944,100.000000,0.010103,18,18,9720,18,18,0.000000,92.169547,1000,895888,5,0.000000,0.795918,1,2420,0,13012,0
100000436,attack_only,320.000000,360.000000,0.000000,0.000000,0.000000,18,0,0,0,18,100.000000,0.000000,1000,345016,6,1.000000,1.000000,0,1890,0,17806,0
100000436,defense_only,420.000000,460.000000,0.001944,100.000000,0.021682,18,18,9720,18,18,0.000000,92.894239,1000,902932,5,1.000000,1.000000,0,2462,0,23673,0
100000439,defense_only,120.000000,160.000000,0.001944,100.000000,0.037226,18,18,9720,18,18,0.000000,77.870782,1000,756904,7,1.000000,1.000000,0,2734,0,8768,0
100000439,attack_only,220.000000,260.000000,0.001944,100.000000,0.014143,18,18,9720,18,18,0.000000,26.066255,1000,253364,7,1.000000,1.000000,0,1806,0,13411,0
100000439,baseline,320.000000,360.000000,0.001944,100.000000,0.030366,18,18,9720,18,18,0.000000,24.369959,1000,236876,7,1.000000,1.000000,0,1766,0,17646,0
100000439,defense_vs_attack,420.000000,460.000000,0.001944,100.000000,0.016797,18,18,9720,18,18,0.000000,78.833333,1000,766260,7,0.000000,0.959184,1,2626,0,24047,0
100000446,attack_only,120.000000,160.000000,0.001944,100.000000,0.015354,18,18,9720,18,18,0.000000,28.698354,1000,278948,3,1.000000,1.000000,0,1775,0,6755,0
100000446,baseline,220.000000,260.000000,0.001944,100.000000,0.005789,18,18,9720,18,18,0.000000,29.306996,1000,284864,3,1.000000,1.000000,0,1797,0,11151,0
100000446,defense_only,320.000000,360.000000,0.001944,100.000000,0.013236,18,18,9720,18,18,0.000000,92.852675,1000,902528,3,1.000000,1.000000,0,2367,0,17039,0
100000446,defense_vs_attack,420.000000,460.000000,0.001944,100.000000,0.007401,18,18,9720,18,18,0.000000,92.301646,1000,897172,3,0.000000,0.857143,1,2465,0,23053,0
100000449,defense_vs_attack,120.000000,160.000000,0.001404,72.222222,0.029566,18,13,7020,13,18,27.777778,121.780627,1000,854900,3,0.000000,0.857143,1,2691,0,8416,0
100000449,defense_only,220.000000,260.000000,0.001944,100.000000,0.010058,18,18,9720,18,18,0.000000,87.038272,1000,846012,3,1.000000,1.000000,0,2424,0,14506,0
100000449,attack_only,320.000000,360.000000,0.001944,100.000000,0.009277,18,18,9720,18,18,0.000000,28.009877,1000,272256,3,1.000000,1.000000,0,1713,0,18816,0
100000449,baseline,420.000000,460.000000,0.001944,100.000000,0.010827,18,18,9720,18,18,0.000000,28.250206,1000,274592,3,1.000000,1.000000,0,1672,0,22909,0
100000458,baseline,120.000000,160.000000,0.001944,100.000000,0.036487,18,18,9720,18,18,0.000000,29.369136,1000,285468,7,1.000000,1.000000,0,1815,0,6578,0
100000458,attack_only,220.000000,260.000000,0.001944,100.000000,0.013865,18,18,9720,18,18,0.000000,29.425103,1000,286012,7,1.000000,1.000000,0,1775,0,10844,0
100000458,defense_only,320.000000,360.000000,0.001944,100.000000,0.032048,18,18,9720,18,18,0.000000,93.004938,1000,904008,7,1.000000,1.000000,0,2411,0,16518,0
100000458,defense_vs_attack,420.000000,460.000000,0.001728,88.888889,0.026829,18,16,8640,16,18,11.111111,109.293056,1000,944292,7,0.000000,0.857143,1,2480,0,22420,0
100000464,baseline,120.000000,160.000000,0.001944,100.000000,0.015408,18,18,9720,18,18,0.000000,24.279835,1000,236000,3,1.000000,1.000000,0,1716,0,6490,0
100000464,defense_only,220.000000,260.000000,0.001944,100.000000,0.006058,18,18,9720,18,18,0.000000,83.884362,1000,815356,3,1.000000,1.000000,0,2604,0,12768,0
100000464,defense_vs_attack,320.000000,360.000000,0.001944,100.000000,0.012813,18,18,9720,18,18,0.000000,60.000823,1000,583208,3,0.000000,0.877551,1,2352,0,18824,0
100000464,attack_only,420.000000,460.000000,0.001944,100.000000,0.007176,18,18,9720,18,18,0.000000,24.562140,1000,238744,3,1.000000,1.000000,0,1701,0,23261,0
100000463,baseline,120.000000,160.000000,0.001944,100.000000,0.025363,18,18,9720,18,18,0.000000,29.013580,1000,282012,5,1.000000,1.000000,0,1721,0,6462,0
100000463,attack_only,220.000000,260.000000,0.000000,0.000000,0.000000,0,0,0,0,18,100.000000,0.000000,1000,281820,0,1.000000,1.000000,0,1635,0,10513,0
100000463,defense_vs_attack,320.000000,360.000000,0.001512,77.777778,0.011103,18,14,7560,14,18,22.222222,125.798413,1000,951036,5,0.000000,0.755102,1,2407,0,16341,0
100000463,defense_only,420.000000,460.000000,0.001944,100.000000,0.020691,18,18,9720,18,18,0.000000,99.330864,1000,965496,5,1.000000,1.000000,0,2458,0,22286,0
100000465,defense_only,120.000000,160.000000,0.001944,100.000000,0.018232,18,18,9720,18,18,0.000000,102.360905,1000,994948,3,1.000000,1.000000,0,2425,0,8344,0
100000465,attack_only,220.000000,260.000000,0.001944,100.000000,0.011104,18,18,9720,18,18,0.000000,31.358436,1000,304804,3,1.000000,1.000000,0,1745,0,12795,0
100000465,defense_vs_attack,320.000000,360.000000,0.001944,100.000000,0.007934,18,18,9720,18,18,0.000000,100.764198,1000,979428,3,0.000000,0.877551,1,2457,0,18728,0
100000465,baseline,420.000000,460.000000,0.001944,100.000000,0.011256,18,18,9720,18,18,0.000000,29.778189,1000,289444,3,1.000000,1.000000,0,1725,0,23190,0
100000471,attack_only,120.000000,160.000000,0.001944,100.000000,0.015154,18,18,9720,18,18,0.000000,33.027572,1000,321028,3,1.000000,1.000000,0,1858,0,7019,0
100000471,defense_only,220.000000,260.000000,0.001944,100.000000,0.007159,18,18,9720,18,18,0.000000,84.986420,1000,826068,3,1.000000,1.000000,0,2369,0,12743,0
100000471,defense_vs_attack,320.000000,360.000000,0.001944,100.000000,0.014662,18,18,9720,18,18,0.000000,89.443621,1000,869392,3,0.000000,0.836735,2,2494,0,18709,0
100000471,baseline,420.000000,460.000000,0.001944,100.000000,0.008840,18,18,9720,18,18,0.000000,32.429218,1000,315212,3,1.000000,1.000000,0,1800,0,23296,0
100000470,defense_only,120.000000,160.000000,0.001944,100.000000,0.043202,18,18,9720,18,18,0.000000,88.872428,1000,863840,8,1.000000,1.000000,0,2481,0,8424,0
100000470,defense_vs_attack,220.000000,260.000000,0.000864,44.444444,0.079488,18,8,4320,8,18,55.555556,204.534259,1000,883588,10,0.000000,0.897959,1,2862,0,14902,0
100000470,baseline,320.000000,360.000000,0.001944,100.000000,0.021959,18,18,9720,18,18,0.000000,32.444033,1000,315356,8,1.000000,1.000000,0,1906,0,19677,0
100000470,attack_only,420.000000,460.000000,0.000000,0.000000,0.000000,18,0,0,0,18,100.000000,0.000000,1000,317628,8,1.000000,1.000000,0,1854,0,24146,0
100000472,defense_only,120.000000,160.000000,0.001944,100.000000,0.026635,18,18,9720,18,18,0.000000,95.442387,1000,927700,5,1.000000,1.000000,0,2455,0,8145,0
100000472,baseline,220.000000,260.000000,0.001944,100.000000,0.009798,18,18,9720,18,18,0.000000,27.149794,1000,263896,5,1.000000,1.000000,0,1682,0,12502,0
100000472,defense_vs_attack,320.000000,360.000000,0.000216,12.500000,0.078512,16,2,1080,2,18,88.888889,811.374074,1000,876284,0,0.000000,0.877551,1,3002,0,19002,0
100000472,attack_only,420.000000,460.000000,0.000000,0.000000,0.000000,18,0,0,0,18,100.000000,0.000000,1000,263648,5,1.000000,1.000000,0,1610,0,23227,0
100000474,baseline,120.000000,160.000000,0.001944,100.000000,0.015460,18,18,9720,18,18,0.000000,35.093004,1000,341104,3,1.000000,1.000000,0,1891,0,7142,0
100000474,defense_vs_attack,220.000000,260.000000,0.001944,100.000000,0.006024,18,18,9720,18,18,0.000000,86.872840,1000,844404,3,0.000000,0.857143,1,2491,0,13199,0
100000474,attack_only,320.000000,360.000000,0.001944,100.000000,0.012812,18,18,9720,18,18,0.000000,35.432099,1000,344400,3,1.000000,1.000000,0,1889,0,18059,0
100000474,defense_only,420.000000,460.000000,0.001944,100.000000,0.007066,18,18,9720,18,18,0.000000,89.046502,1000,865532,3,1.000000,1.000000,0,2519,0,24185,0
100000475,defense_only,120.000000,160.000000,0.001944,100.000000,0.021119,18,18,9720,18,18,0.000000,99.893004,1000,970960,4,1.000000,1.000000,0,2443,0,8357,0
100000475,attack_only,220.000000,260.000000,0.000000,0.000000,0.000000,18,0,0,0,18,100.000000,0.000000,1000,305992,4,1.000000,1.000000,0,1730,0,12780,0
100000475,defense_vs_attack,320.000000,360.000000,0.001080,55.555556,0.013808,18,10,5400,10,18,44.444444,177.683704,1000,959492,4,0.000000,0.816327,1,2471,0,18689,0
100000475,baseline,420.000000,460.000000,0.001944,100.000000,0.010112,18,18,9720,18,18,0.000000,31.292593,1000,304164,4,1.000000,1.000000,0,1783,0,23289,0
100000480,baseline,120.000000,160.000000,0.001944,100.000000,0.020267,18,18,9720,18,18,0.000000,26.796708,1000,260464,4,1.000000,1.000000,0,1574,0,6074,0
100000480,defense_only,220.000000,260.000000,0.001944,100.000000,0.008983,18,18,9720,18,18,0.000000,93.601646,1000,909808,4,1.000000,1.000000,0,2449,0,11938,0
100000480,attack_only,320.000000,360.000000,0.001944,100.000000,0.016971,18,18,9720,18,18,0.000000,27.437449,1000,266692,4,1.000000,1.000000,0,1625,0,16104,0
100000480,defense_vs_attack,420.000000,460.000000,0.001944,100.000000,0.009882,18,18,9720,18,18,0.000000,96.050206,1000,933608,4,0.000000,0.897959,1,2463,0,21924,0
100000478,baseline,120.000000,160.000000,0.001944,100.000000,0.015059,18,18,9720,18,18,0.000000,25.044856,1000,243436,3,1.000000,1.000000,0,1602,0,6101,0
100000478,defense_only,220.000000,260.000000,0.001944,100.000000,0.008001,18,18,9720,18,18,0.000000,98.932922,1000,961628,3,1.000000,1.000000,0,2386,0,11874,0
100000478,defense_vs_attack,320.000000,360.000000,0.001944,100.000000,0.013829,18,18,9720,18,18,0.000000,94.774074,1000,921204,3,0.000000,0.836735,1,2272,0,17565,0
100000478,attack_only,420.000000,460.000000,0.001944,100.000000,0.010200,18,18,9720,18,18,0.000000,25.980658,1000,252532,3,1.000000,1.000000,0,1555,0,21681,0
100000481,defense_only,120.000000,160.000000,0.001944,100.000000,0.037924,18,18,9720,18,18,0.000000,71.989300,1000,699736,7,1.000000,1.000000,0,2667,0,8578,0
100000481,defense_vs_attack,220.000000,260.000000,0.001944,100.000000,0.016363,18,18,9720,18,18,0.000000,73.973251,1000,719020,7,0.000000,0.877551,1,2698,0,15046,0
100000481,attack_only,320.000000,360.000000,0.000000,0.000000,0.000000,18,0,0,0,18,100.000000,0.000000,1000,247904,7,1.000000,1.000000,0,1746,0,19620,0
100000481,baseline,420.000000,460.000000,0.001944,100.000000,0.024661,18,18,9720,18,18,0.000000,25.174897,1000,244700,7,1.000000,1.000000,0,1781,0,23953,0
100000485,attack_only,120.000000,160.000000,0.000000,0.000000,0.000000,18,0,0,0,18,100.000000,0.000000,1000,246084,4,1.000000,1.000000,0,1583,0,6141,0
100000485,baseline,220.000000,260.000000,0.001944,100.000000,0.016033,18,18,9720,18,18,0.000000,25.141975,1000,244380,3,1.000000,1.000000,0,1621,0,10159,0
100000485,defense_only,320.000000,360.000000,0.001944,100.000000,0.005852,18,18,9720,18,18,0.000000,93.951029,1000,913204,3,1.000000,1.000000,0,2492,0,16047,0
100000485,defense_vs_attack,420.000000,460.000000,0.001944,100.000000,0.012811,18,18,9720,18,18,0.000000,97.097119,1000,943784,3,0.000000,0.877551,1,2433,0,22136,0
100000487,defense_only,120.000000,160.000000,0.001944,100.000000,0.021351,18,18,9720,18,18,0.000000,95.271605,1000,926040,4,1.000000,1.000000,0,2393,0,8063,0
100000487,defense_vs_attack,220.000000,260.000000,0.001944,100.000000,0.008064,18,18,9720,18,18,0.000000,93.646502,1000,910244,4,0.000000,0.897959,1,2450,0,14013,0
100000487,baseline,320.000000,360.000000,0.001944,100.000000,0.014998,18,18,9720,18,18,0.000000,29.961728,1000,291228,4,1.000000,1.000000,0,1695,0,18414,0
100000487,attack_only,420.000000,460.000000,0.001944,100.000000,0.012943,18,18,9720,18,18,0.000000,30.663786,1000,298052,4,1.000000,1.000000,0,1701,0,22537,0
100000492,baseline,120.000000,160.000000,0.001944,100.000000,0.020209,18,18,9720,18,18,0.000000,28.093416,1000,273068,4,1.000000,1.000000,0,1735,0,6496,0
100000492,defense_only,220.000000,260.000000,0.001944,100.000000,0.008793,18,18,9720,18,18,0.000000,94.342387,1000,917008,4,1.000000,1.000000,0,2491,0,12488,0
100000492,attack_only,320.000000,360.000000,0.001944,100.000000,0.017355,18,18,9720,18,18,0.000000,27.827160,1000,270480,4,1.000000,1.000000,0,1693,0,16862,0
100000492,defense_vs_attack,420.000000,460.000000,0.001944,100.000000,0.009592,18,18,9720,18,18,0.000000,93.036626,1000,904316,4,0.000000,0.877551,1,2531,0,22952,0
100000493,attack_only,120.000000,160.000000,0.001944,100.000000,0.020599,18,18,9720,18,18,0.000000,25.374897,1000,246644,4,1.000000,1.000000,0,1615,0,6083,0
100000493,defense_only,220.000000,260.000000,0.001944,100.000000,0.008327,18,18,9720,18,18,0.000000,97.501646,1000,947716,4,1.000000,1.000000,0,2347,0,11848,0
100000493,defense_vs_attack,320.000000,360.000000,0.001512,77.777778,0.018217,18,14,7560,14,18,22.222222,125.878836,1000,951644,4,0.000000,0.857143,1,2435,0,17690,0
100000493,baseline,420.000000,460.000000,0.001944,100.000000,0.015157,18,18,9720,18,18,0.000000,25.391358,1000,246804,4,1.000000,1.000000,0,1598,0,21816,0
100000508,baseline,120.000000,160.000000,0.001944,100.000000,0.026771,18,18,9720,18,18,0.000000,32.815638,1000,318968,5,1.000000,1.000000,0,1837,0,6971,0
100000508,attack_only,220.000000,260.000000,0.000000,0.000000,0.000000,18,0,0,0,18,100.000000,0.000000,1000,323528,5,1.000000,1.000000,0,1843,0,11464,0
100000508,defense_vs_attack,320.000000,360.000000,0.001404,72.222222,0.025961,18,13,7020,13,18,27.777778,130.558405,1000,916520,5,0.000000,0.877551,1,2448,0,17294,0
100000508,defense_only,420.000000,460.000000,0.001944,100.000000,0.015716,18,18,9720,18,18,0.000000,89.618519,1000,871092,5,1.000000,1.000000,0,2402,0,23145,0
100000505,defense_only,120.000000,160.000000,0.001944,100.000000,0.020877,18,18,9720,18,18,0.000000,96.869136,1000,941568,4,1.000000,1.000000,0,2398,0,8081,0
100000505,defense_vs_attack,220.000000,260.000000,0.001296,66.666667,0.012891,18,12,6480,12,18,33.333333,147.133951,1000,953428,4,0.000000,0.816327,1,2378,0,13981,0
100000505,baseline,320.000000,360.000000,0.001944,100.000000,0.014712,18,18,9720,18,18,0.000000,29.017284,1000,282048,4,1.000000,1.000000,0,1670,0,18283,0
100000505,attack_only,420.000000,460.000000,0.001944,100.000000,0.012126,18,18,9720,18,18,0.000000,28.971193,1000,281600,4,1.000000,1.000000,0,1671,0,22405,0
100000511,defense_only,120.000000,160.000000,0.001944,100.000000,0.036759,18,18,9720,18,18,0.000000,79.231687,1000,770132,7,1.000000,1.000000,0,2406,0,8153,0
100000511,baseline,220.000000,260.000000,0.001944,100.000000,0.014485,18,18,9720,18,18,0.000000,27.897119,1000,271160,7,1.000000,1.000000,0,1751,0,12574,0
100000511,defense_vs_attack,320.000000,360.000000,0.001620,83.333333,0.032822,18,15,8100,15,18,16.666667,103.747654,1000,840356,7,0.000000,0.795918,1,2444,0,18412,0
100000511,attack_only,420.000000,460.000000,0.000000,0.000000,0.000000,18,0,0,0,18,100.000000,0.000000,1000,270260,7,1.000000,1.000000,0,1713,0,22815,0
100000517,baseline,120.000000,160.000000,0.001944,100.000000,0.015599,18,18,9720,18,18,0.000000,30.327160,1000,294780,3,1.000000,1.000000,0,1747,0,6485,0
100000517,defense_only,220.000000,260.000000,0.001944,100.000000,0.006376,18,18,9720,18,18,0.000000,86.167490,1000,837548,3,1.000000,1.000000,0,2383,0,12333,0
100000517,defense_vs_attack,320.000000,360.000000,0.000972,50.000000,0.023991,18,9,4860,9,18,50.000000,173.838683,1000,844856,4,0.000000,0.836735,1,2470,0,18454,0
100000517,attack_only,420.000000,460.000000,0.000000,0.000000,0.000000,18,0,0,0,18,100.000000,0.000000,1000,292152,3,1.000000,1.000000,0,1667,0,22812,0
100000515,defense_only,120.000000,160.000000,0.001944,100.000000,0.015550,18,18,9720,18,18,0.000000,92.339918,1000,897544,3,1.000000,1.000000,0,2669,0,9077,0
100000515,attack_only,220.000000,260.000000,0.001944,100.000000,0.005789,18,18,9720,18,18,0.000000,31.153086,1000,302808,3,1.000000,1.000000,0,1884,0,13924,0
100000515,baseline,320.000000,360.000000,0.001944,100.000000,0.012896,18,18,9720,18,18,0.000000,31.359259,1000,304812,3,1.000000,1.000000,0,1878,0,18587,0
100000515,defense_vs_attack,420.000000,460.000000,0.001944,100.000000,0.007145,18,18,9720,18,18,0.000000,92.295885,1000,897116,3,0.000000,0.897959,2,2692,0,25130,0
100000516,defense_vs_attack,120.000000,160.000000,0.001512,77.777778,0.044293,18,14,7560,14,18,22.222222,121.126455,1000,915716,8,0.000000,0.877551,1,2747,0,8613,0
100000516,baseline,220.000000,260.000000,0.001944,100.000000,0.021475,18,18,9720,18,18,0.000000,21.793004,1000,211828,8,1.000000,1.000000,0,1669,0,12791,0
100000516,defense_only,320.000000,360.000000,0.001944,100.000000,0.030515,18,18,9720,18,18,0.000000,92.587243,1000,899948,8,1.000000,1.000000,0,2688,0,19174,0
100000516,attack_only,420.000000,460.000000,0.000000,0.000000,0.000000,18,0,0,0,18,100.000000,0.000000,1000,194264,8,1.000000,1.000000,0,1637,0,23391,0
100000521,attack_only,120.000000,160.000000,0.000000,0.000000,0.000000,18,0,0,0,18,100.000000,0.000000,1000,247220,6,1.000000,1.000000,0,1600,0,6217,0
100000521,defense_vs_attack,220.000000,260.000000,0.001080,55.555556,0.044101,18,10,5400,10,18,44.444444,156.482963,1000,845008,6,0.000000,0.816327,1,2417,0,11943,0
100000521,defense_only,320.000000,360.000000,0.001944,100.000000,0.019913,18,18,9720,18,18,0.000000,82.961728,1000,806388,6,1.000000,1.000000,0,2362,0,17771,0
100000521,baseline,420.000000,460.000000,0.001944,100.000000,0.017333,18,18,9720,18,18,0.000000,25.788477,1000,250664,6,1.000000,1.000000,0,1726,0,22092,0
100000524,defense_vs_attack,120.000000,160.000000,0.001944,100.000000,0.021050,18,18,9720,18,18,0.000000,99.416049,1000,966324,4,0.000000,0.857143,1,2450,0,8107,0
100000524,defense_only,220.000000,260.000000,0.001944,100.000000,0.008402,18,18,9720,18,18,0.000000,101.514815,1000,986724,4,1.000000,1.000000,0,2385,0,14028,0
100000524,attack_only,320.000000,360.000000,0.000000,0.000000,0.000000,18,0,0,0,18,100.000000,0.000000,1000,275512,5,1.000000,1.000000,0,1662,0,18287,0
100000524,baseline,420.000000,460.000000,0.001944,100.000000,0.016858,18,18,9720,18,18,0.000000,28.086008,1000,272996,4,1.000000,1.000000,0,1664,0,22397,0
100000527,defense_vs_attack,120.000000,160.000000,0.001944,100.000000,0.015268,18,18,9720,18,18,0.000000,85.331276,1000,829420,3,0.000000,0.897959,1,2565,0,8664,0
100000527,baseline,220.000000,260.000000,0.001944,100.000000,0.005789,18,18,9720,18,18,0.000000,29.879835,1000,290432,3,1.000000,1.000000,0,1780,0,13227,0
100000527,defense_only,320.000000,360.000000,0.001944,100.000000,0.014120,18,18,9720,18,18,0.000000,83.873663,1000,815252,3,1.000000,1.000000,0,2485,0,19242,0
100000527,attack_only,420.000000,460.000000,0.001944,100.000000,0.007256,18,18,9720,18,18,0.000000,31.130864,1000,302592,3,1.000000,1.000000,0,1823,0,23920,0
100000523,baseline,120.000000,160.000000,0.001944,100.000000,0.064439,18,18,9720,18,18,0.000000,23.255144,1000,226040,12,1.000000,1.000000,0,1832,0,6450,0
100000523,defense_vs_attack,220.000000,260.000000,0.001620,83.333333,0.043286,18,15,8100,15,18,16.666667,104.325926,1000,845040,12,0.000000,0.918367,1,2591,0,12538,0
100000523,attack_only,320.000000,360.000000,0.001944,100.000000,0.042808,18,18,9720,18,18,0.000000,23.588477,1000,229280,12,1.000000,1.000000,0,1781,0,16955,0
100000523,defense_only,420.000000,460.000000,0.001944,100.000000,0.029091,18,18,9720,18,18,0.000000,85.348560,1000,829588,12,1.000000,1.000000,0,2598,0,22961,0
100000528,attack_only,120.000000,160.000000,0.001944,100.000000,0.046721,18,18,9720,18,18,0.000000,20.935802,1000,203496,9,1.000000,1.000000,0,1702,0,6058,0
100000528,baseline,220.000000,260.000000,0.001944,100.000000,0.018123,18,18,9720,18,18,0.000000,20.982716,1000,203952,9,1.000000,1.000000,0,1665,0,9952,0
100000528,defense_vs_attack,320.000000,360.000000,0.001944,100.000000,0.040753,18,18,9720,18,18,0.000000,95.604115,1000,929272,9,0.000000,0.857143,1,2635,0,16254,0
100000528,defense_only,420.000000,460.000000,0.001944,100.000000,0.024172,18,18,9720,18,18,0.000000,94.252675,1000,916136,9,1.000000,1.000000,0,2629,0,22463,0
100000532,baseline,120.000000,160.000000,0.001944,100.000000,0.025399,18,18,9720,18,18,0.000000,25.277366,1000,245696,5,1.000000,1.000000,0,1700,0,6382,0
100000532,defense_vs_attack,220.000000,260.000000,0.001944,100.000000,0.010201,18,18,9720,18,18,0.000000,96.722634,1000,940144,5,0.000000,0.857143,1,2600,0,12691,0
100000532,attack_only,320.000000,360.000000,0.001944,100.000000,0.022985,18,18,9720,18,18,0.000000,26.816872,1000,260660,5,1.000000,1.000000,0,1766,0,17121,0
100000532,defense_only,420.000000,460.000000,0.001944,100.000000,0.012914,18,18,9720,18,18,0.000000,96.136214,1000,934444,5,1.000000,1.000000,0,2539,0,23243,0
100000535,baseline,120.000000,160.000000,0.001944,100.000000,0.030973,18,18,9720,18,18,0.000000,31.346091,1000,304684,6,1.000000,1.000000,0,1792,0,6639,0
100000535,attack_only,220.000000,260.000000,0.000000,0.000000,0.000000,18,0,0,0,18,100.000000,0.000000,1000,304836,6,1.000000,1.000000,0,1761,0,10908,0
100000535,defense_only,320.000000,360.000000,0.001944,100.000000,0.016013,18,18,9720,18,18,0.000000,101.253498,1000,984184,6,1.000000,1.000000,0,2508,0,16815,0
100000535,defense_vs_attack,420.000000,460.000000,0.001188,61.111111,0.025923,18,11,5940,11,18,38.888889,162.573064,1000,965684,6,0.000000,0.857143,2,2572,0,22953,0
100000540,defense_only,120.000000,160.000000,0.001944,100.000000,0.021722,18,18,9720,18,18,0.000000,83.546091,1000,812068,4,1.000000,1.000000,0,2422,0,8386,0
100000540,attack_only,220.000000,260.000000,0.001944,100.000000,0.008299,18,18,9720,18,18,0.000000,33.962551,1000,330116,4,1.000000,1.000000,0,1824,0,13022,0
100000540,defense_vs_attack,320.000000,360.000000,0.001944,100.000000,0.017004,18,18,9720,18,18,0.000000,85.276132,1000,828884,4,0.000000,0.877551,1,2422,0,19006,0
100000540,baseline,420.000000,460.000000,0.001944,100.000000,0.010047,18,18,9720,18,18,0.000000,33.576543,1000,326364,4,1.000000,1.000000,0,1783,0,23692,0
100000537,defense_only,120.000000,160.000000,0.001944,100.000000,0.015760,18,18,9720,18,18,0.000000,109.489300,1000,1064236,3,1.000000,1.000000,0,2321,0,7837,0
100000537,defense_vs_attack,220.000000,260.000000,0.001188,61.111111,0.018783,18,11,5940,11,18,38.888889,181.379125,1000,1077392,3,0.000000,0.795918,1,2344,0,13569,0
100000537,attack_only,320.000000,360.000000,0.000000,0.000000,0.000000,18,0,0,0,18,100.000000,0.000000,1000,297164,3,1.000000,1.000000,0,1624,0,17758,0
100000537,baseline,420.000000,460.000000,0.001944,100.000000,0.012727,18,18,9720,18,18,0.000000,31.260905,1000,303856,3,1.000000,1.000000,0,1661,0,21839,0
100000538,defense_only,120.000000,160.000000,0.001944,100.000000,0.026539,18,18,9720,18,18,0.000000,89.767490,1000,872540,5,1.000000,1.000000,0,2521,0,8410,0
100000538,attack_only,220.000000,260.000000,0.001944,100.000000,0.009798,18,18,9720,18,18,0.000000,24.865021,1000,241688,5,1.000000,1.000000,0,1620,0,12610,0
100000538,defense_vs_attack,320.000000,360.000000,0.001188,61.111111,0.022648,18,11,5940,11,18,38.888889,149.653872,1000,888944,5,0.000000,0.857143,1,2484,0,18698,0
100000538,baseline,420.000000,460.000000,0.001944,100.000000,0.018298,18,18,9720,18,18,0.000000,25.446091,1000,247336,5,1.000000,1.000000,0,1677,0,23080,0
100000541,defense_only,120.000000,160.000000,0.001944,100.000000,0.015552,18,18,9720,18,18,0.000000,99.258848,1000,964796,3,1.000000,1.000000,0,2342,0,7632,0
100000541,attack_only,220.000000,260.000000,0.001944,100.000000,0.006251,18,18,9720,18,18,0.000000,22.121811,1000,215024,3,1.000000,1.000000,0,1483,0,11517,0
100000541,baseline,320.000000,360.000000,0.001944,100.000000,0.012485,18,18,9720,18,18,0.000000,22.134979,1000,215152,3,1.000000,1.000000,0,1482,0,15130,0
100000541,defense_vs_attack,420.000000,460.000000,0.001944,100.000000,0.007438,18,18,9720,18,18,0.000000,98.536214,1000,957772,3,0.000000,0.877551,1,2405,0,20838,0
100000539,defense_vs_attack,120.000000,160.000000,0.000864,44.444444,0.055386,18,8,4320,8,18,55.555556,230.404630,1000,995348,7,0.000000,0.775510,1,2558,0,8390,0
100000539,defense_only,220.000000,260.000000,0.001944,100.000000,0.025276,18,18,9720,18,18,0.000000,98.356379,1000,956024,7,1.000000,1.000000,0,2435,0,14320,0
100000539,baseline,320.000000,360.000000,0.001944,100.000000,0.029856,18,18,9720,18,18,0.000000,32.632099,1000,317184,7,1.000000,1.000000,0,1807,0,18867,0
100000539,attack_only,420.000000,460.000000,0.000000,0.000000,0.000000,18,0,0,0,18,100.000000,0.000000,1000,324540,7,1.000000,1.000000,0,1755,0,23135,0
100000542,defense_only,120.000000,160.000000,0.001944,100.000000,0.025293,18,18,9720,18,18,0.000000,89.886008,1000,873692,5,1.000000,1.000000,0,2497,0,8248,0
100000542,defense_vs_attack,220.000000,260.000000,0.001944,100.000000,0.031898,18,18,9720,18,18,0.000000,91.620576,1000,890552,6,0.000000,0.877551,1,2626,0,14521,0
100000542,baseline,320.000000,360.000000,0.001944,100.000000,0.010328,18,18,9720,18,18,0.000000,24.528395,1000,238416,5,1.000000,1.000000,0,1648,0,18689,0
100000542,attack_only,420.000000,460.000000,0.000000,0.000000,0.000000,18,0,0,0,18,100.000000,0.000000,1000,241352,5,1.000000,1.000000,0,1608,0,22605,0
100000545,attack_only,120.000000,160.000000,0.000000,0.000000,0.000000,18,0,0,0,18,100.000000,0.000000,1000,254968,6,1.000000,1.000000,0,1549,0,5903,0
100000545,defense_vs_attack,220.000000,260.000000,0.001296,66.666667,0.019666,18,12,6480,12,18,33.333333,158.979012,1000,1030184,5,0.000000,0.816327,1,2305,0,11418,0
100000545,defense_only,320.000000,360.000000,0.001944,100.000000,0.018146,18,18,9720,18,18,0.000000,106.658436,1000,1036720,5,1.000000,1.000000,0,2305,0,17076,0
100000545,baseline,420.000000,460.000000,0.001944,100.000000,0.016217,18,18,9720,18,18,0.000000,26.500412,1000,257584,5,1.000000,1.000000,0,1580,0,21086,0
100000550,attack_only,120.000000,160.000000,0.001944,100.000000,0.031334,18,18,9720,18,18,0.000000,23.216049,1000,225660,6,1.000000,1.000000,0,1606,0,5865,0
100000550,baseline,220.000000,260.000000,0.001944,100.000000,0.011907,18,18,9720,18,18,0.000000,23.045267,1000,224000,6,1.000000,1.000000,0,1575,0,9652,0
100000550,defense_only,320.000000,360.000000,0.001944,100.000000,0.025990,18,18,9720,18,18,0.000000,97.447737,1000,947192,6,1.000000,1.000000,0,2491,0,15560,0
100000550,defense_vs_attack,420.000000,460.000000,0.001944,100.000000,0.014746,18,18,9720,18,18,0.000000,92.654321,1000,900600,6,0.000000,0.857143,1,2564,0,21698,0
100000551,defense_vs_attack,120.000000,160.000000,0.001944,100.000000,0.015390,18,18,9720,18,18,0.000000,90.011111,1000,874908,3,0.000000,0.836735,1,2478,0,8513,0
100000551,defense_only,220.000000,260.000000,0.001944,100.000000,0.006554,18,18,9720,18,18,0.000000,88.327572,1000,858544,3,1.000000,1.000000,0,2543,0,14619,0
100000551,baseline,320.000000,360.000000,0.001944,100.000000,0.013029,18,18,9720,18,18,0.000000,27.119753,1000,263604,3,1.000000,1.000000,0,1745,0,19135,0
100000551,attack_only,420.000000,460.000000,0.001944,100.000000,0.007371,18,18,9720,18,18,0.000000,26.799177,1000,260488,3,1.000000,1.000000,0,1732,0,23383,0
100000559,attack_only,120.000000,160.000000,0.001944,100.000000,0.015495,18,18,9720,18,18,0.000000,26.281893,1000,255460,3,1.000000,1.000000,0,1776,0,6785,0
100000559,baseline,220.000000,260.000000,0.001944,100.000000,0.006021,18,18,9720,18,18,0.000000,27.913580,1000,271320,3,1.000000,1.000000,0,1790,0,11185,0
100000559,defense_only,320.000000,360.000000,0.001944,100.000000,0.013831,18,18,9720,18,18,0.000000,93.014815,1000,904104,3,1.000000,1.000000,0,2641,0,17599,0
100000559,defense_vs_attack,420.000000,460.000000,0.001944,100.000000,0.010291,18,18,9720,18,18,0.000000,83.864198,1000,815160,3,0.000000,0.877551,1,2531,0,24004,0
100000557,attack_only,120.000000,160.000000,0.001944,100.000000,0.036297,18,18,9720,18,18,0.000000,29.088477,1000,282740,7,1.000000,1.000000,0,1755,0,6422,0
100000557,baseline,220.000000,260.000000,0.001944,100.000000,0.013943,18,18,9720,18,18,0.000000,28.961728,1000,281508,7,1.000000,1.000000,0,1742,0,10615,0
100000557,defense_only,320.000000,360.000000,0.001944,100.000000,0.032973,18,18,9720,18,18,0.000000,103.659671,1000,1007572,7,1.000000,1.000000,0,2390,0,16318,0
100000557,defense_vs_attack,420.000000,460.000000,0.000972,50.000000,0.018231,18,9,4860,9,18,50.000000,209.534979,1000,1018340,7,0.000000,0.795918,1,2415,0,21999,0
100000561,defense_vs_attack,120.000000,160.000000,0.001080,55.555556,0.038829,18,10,5400,10,18,44.444444,168.140741,1000,907960,6,0.000000,0.857143,1,2559,0,8464,0
100000561,defense_only,220.000000,260.000000,0.001944,100.000000,0.016506,18,18,9720,18,18,0.000000,95.968313,1000,932812,6,1.000000,1.000000,0,2499,0,14714,0
100000561,baseline,320.000000,360.000000,0.001944,100.000000,0.021954,18,18,9720,18,18,0.000000,27.206996,1000,264452,6,1.000000,1.000000,0,1733,0,19089,0
100000561,attack_only,420.000000,460.000000,0.000000,0.000000,0.000000,18,0,0,0,18,100.000000,0.000000,1000,268888,6,1.000000,1.000000,0,1678,0,23137,0
100000568,defense_only,120.000000,160.000000,0.001944,100.000000,0.041704,18,18,9720,18,18,0.000000,76.100412,1000,739696,8,1.000000,1.000000,0,2496,0,8399,0
100000568,defense_vs_attack,220.000000,260.000000,0.000324,16.666667,0.421529,18,3,1620,3,18,83.333333,483.609877,1000,783448,0,0.000000,0.897959,1,3175,0,15267,0
100000568,baseline,320.000000,360.000000,0.001944,100.000000,0.020639,18,18,9720,18,18,0.000000,29.418930,1000,285952,8,1.000000,1.000000,0,1871,0,19939,0
100000568,attack_only,420.000000,460.000000,0.000000,0.000000,0.000000,18,0,0,0,18,100.000000,0.000000,1000,288140,8,1.000000,1.000000,0,1745,0,24286,0
100000567,baseline,120.000000,160.000000,0.001944,100.000000,0.019878,18,18,9720,18,18,0.000000,29.184774,1000,283676,4,1.000000,1.000000,0,1686,0,6309,0
100000567,attack_only,220.000000,260.000000,0.001944,100.000000,0.008100,18,18,9720,18,18,0.000000,29.506584,1000,286804,4,1.000000,1.000000,0,1648,0,10348,0
100000567,defense_vs_attack,320.000000,360.000000,0.001944,100.000000,0.017049,18,18,9720,18,18,0.000000,95.230864,1000,925644,4,0.000000,0.857143,1,2297,0,16047,0
100000567,defense_only,420.000000,460.000000,0.001944,100.000000,0.009880,18,18,9720,18,18,0.000000,98.793416,1000,960272,4,1.000000,1.000000,0,2422,0,21840,0
100000570,baseline,120.000000,160.000000,0.001944,100.000000,0.026097,18,18,9720,18,18,0.000000,28.979012,1000,281676,5,1.000000,1.000000,0,1702,0,6378,0
100000570,defense_only,220.000000,260.000000,0.001944,100.000000,0.010637,18,18,9720,18,18,0.000000,93.423457,1000,908076,5,1.000000,1.000000,0,2408,0,12200,0
100000570,defense_vs_attack,320.000000,360.000000,0.001944,100.000000,0.019092,18,18,9720,18,18,0.000000,96.177778,1000,934848,5,0.000000,0.857143,1,2440,0,18000,0
100000570,attack_only,420.000000,460.000000,0.001944,100.000000,0.014731,18,18,9720,18,18,0.000000,28.255144,1000,274640,5,1.000000,1.000000,0,1700,0,22326,0
100000573,defense_vs_attack,120.000000,160.000000,0.001296,66.666667,0.024453,18,12,6480,12,18,33.333333,116.073457,1000,752156,4,0.000000,0.897959,1,2618,0,8844,0
100000573,attack_only,220.000000,260.000000,0.000000,0.000000,0.000000,18,0,0,0,18,100.000000,0.000000,1000,294660,5,1.000000,1.000000,0,1812,0,13587,0
100000573,baseline,320.000000,360.000000,0.001944,100.000000,0.018168,18,18,9720,18,18,0.000000,30.394239,1000,295432,4,1.000000,1.000000,0,1855,0,18140,0
100000573,defense_only,420.000000,460.000000,0.001944,100.000000,0.011477,18,18,9720,18,18,0.000000,78.495885,1000,762980,4,1.000000,1.000000,0,2622,0,24492,0
100000583,defense_vs_attack,120.000000,160.000000,0.001944,100.000000,0.015202,18,18,9720,18,18,0.000000,83.870782,1000,815224,3,0.000000,0.897959,1,2587,0,8460,0
100000583,defense_only,220.000000,260.000000,0.001944,100.000000,0.005879,18,18,9720,18,18,0.000000,83.455556,1000,811188,3,1.000000,1.000000,0,2539,0,14705,0
100000583,attack_only,320.000000,360.000000,0.001944,100.000000,0.012906,18,18,9720,18,18,0.000000,26.291770,1000,255556,3,1.000000,1.000000,0,1687,0,19166,0
100000583,baseline,420.000000,460.000000,0.001944,100.000000,0.007066,18,18,9720,18,18,0.000000,24.710700,1000,240188,3,1.000000,1.000000,0,1649,0,23212,0
100000582,baseline,120.000000,160.000000,0.001944,100.000000,0.025860,18,18,9720,18,18,0.000000,29.200823,1000,283832,5,1.000000,1.000000,0,1732,0,6519,0
100000582,defense_only,220.000000,260.000000,0.001944,100.000000,0.010761,18,18,9720,18,18,0.000000,93.868724,1000,912404,5,1.000000,1.000000,0,2474,0,12597,0
100000582,defense_vs_attack,320.000000,360.000000,0.001944,100.000000,0.022253,18,18,9720,18,18,0.000000,97.530864,1000,948000,5,0.000000,0.918367,1,2486,0,18737,0
100000582,attack_only,420.000000,460.000000,0.001944,100.000000,0.012596,18,18,9720,18,18,0.000000,29.645267,1000,288152,5,1.000000,1.000000,0,1763,0,23184,0
100000578,defense_only,120.000000,160.000000,0.001944,100.000000,0.032062,18,18,9720,18,18,0.000000,101.453086,1000,986124,6,1.000000,1.000000,0,2506,0,8103,0
100000578,defense_vs_attack,220.000000,260.000000,0.001944,100.000000,0.013303,18,18,9720,18,18,0.000000,105.169959,1000,1022252,6,0.000000,0.938776,1,2531,0,14346,0
100000578,baseline,320.000000,360.000000,0.001944,100.000000,0.025666,18,18,9720,18,18,0.000000,22.748148,1000,221112,6,1.000000,1.000000,0,1618,0,18508,0
100000578,attack_only,420.000000,460.000000,0.001944,100.000000,0.015962,18,18,9720,18,18,0.000000,24.017695,1000,233452,6,1.000000,1.000000,0,1643,0,22479,0
100000588,defense_vs_attack,120.000000,160.000000,0.000756,38.888889,0.055670,18,7,3780,7,18,61.111111,221.010582,1000,835420,8,0.000000,0.897959,1,2622,0,8411,0
100000588,attack_only,220.000000,260.000000,0.000000,0.000000,0.000000,18,0,0,0,18,100.000000,0.000000,1000,239308,8,1.000000,1.000000,0,1639,0,12622,0
100000588,baseline,320.000000,360.000000,0.001944,100.000000,0.028095,18,18,9720,18,18,0.000000,24.172840,1000,234960,8,1.000000,1.000000,0,1724,0,16712,0
100000588,defense_only,420.000000,460.000000,0.001944,100.000000,0.021267,18,18,9720,18,18,0.000000,85.245267,1000,828584,8,1.000000,1.000000,0,2488,0,22690,0
100000590,defense_vs_attack,120.000000,160.000000,0.001944,100.000000,0.015281,18,18,9720,18,18,0.000000,91.852263,1000,892804,3,0.000000,0.836735,1,2475,0,8365,0
100000590,defense_only,220.000000,260.000000,0.001944,100.000000,0.005789,18,18,9720,18,18,0.000000,88.593004,1000,861124,3,1.000000,1.000000,0,2357,0,14307,0
100000590,baseline,320.000000,360.000000,0.001944,100.000000,0.013588,18,18,9720,18,18,0.000000,27.661317,1000,268868,3,1.000000,1.000000,0,1653,0,18645,0
100000590,attack_only,420.000000,460.000000,0.001944,100.000000,0.007374,18,18,9720,18,18,0.000000,26.734568,1000,259860,3,1.000000,1.000000,0,1640,0,22704,0
100000585,defense_only,120.000000,160.000000,0.001944,100.000000,0.025638,18,18,9720,18,18,0.000000,110.778189,1000,1076764,5,1.000000,1.000000,0,2474,0,8052,0
100000585,baseline,220.000000,260.000000,0.001944,100.000000,0.016780,18,18,9720,18,18,0.000000,29.036626,1000,282236,5,1.000000,1.000000,0,1682,0,12298,0
100000585,defense_vs_attack,320.000000,360.000000,0.001080,55.555556,0.022374,18,10,5400,10,18,44.444444,196.420741,1000,1060672,5,0.000000,0.775510,2,2360,0,18057,0
100000585,attack_only,420.000000,460.000000,0.000000,0.000000,0.000000,18,0,0,0,18,100.000000,0.000000,1000,264824,5,1.000000,1.000000,0,1581,0,22168,0
100000593,defense_only,120.000000,160.000000,0.001944,100.000000,0.015683,18,18,9720,18,18,0.000000,89.397942,1000,868948,3,1.000000,1.000000,0,2328,0,8091,0
100000593,defense_vs_attack,220.000000,260.000000,0.001728,88.888889,0.006195,18,16,8640,16,18,11.111111,100.878241,1000,871588,3,0.000000,0.836735,1,2376,0,13962,0
100000593,attack_only,320.000000,360.000000,0.000000,0.000000,0.000000,18,0,0,0,18,100.000000,0.000000,1000,270884,4,1.000000,1.000000,0,1652,0,18229,0
100000593,baseline,420.000000,460.000000,0.001944,100.000000,0.012174,18,18,9720,18,18,0.000000,27.127572,1000,263680,3,1.000000,1.000000,0,1636,0,22303,0
100000596,baseline,120.000000,160.000000,0.001944,100.000000,0.014622,18,18,9720,18,18,0.000000,31.255144,1000,303800,3,1.000000,1.000000,0,1891,0,7109,0
100000596,defense_vs_attack,220.000000,260.000000,0.001944,100.000000,0.005932,18,18,9720,18,18,0.000000,58.356790,1000,567228,3,0.000000,0.897959,1,2497,0,13468,0
100000596,attack_only,320.000000,360.000000,0.001944,100.000000,0.012889,18,18,9720,18,18,0.000000,29.421811,1000,285980,3,1.000000,1.000000,0,1805,0,18217,0
100000596,defense_only,420.000000,460.000000,0.001944,100.000000,0.007099,18,18,9720,18,18,0.000000,78.394239,1000,761992,3,1.000000,1.000000,0,2512,0,24492,0
100000595,baseline,120.000000,160.000000,0.001944,100.000000,0.016037,18,18,9720,18,18,0.000000,29.822222,1000,289872,3,1.000000,1.000000,0,1758,0,6651,0
100000595,defense_only,220.000000,260.000000,0.001944,100.000000,0.006152,18,18,9720,18,18,0.000000,84.555144,1000,821876,3,1.000000,1.000000,0,2386,0,12535,0
100000595,attack_only,320.000000,360.000000,0.001944,100.000000,0.012383,18,18,9720,18,18,0.000000,30.955556,1000,300888,3,1.000000,1.000000,0,1771,0,17043,0
100000595,defense_vs_attack,420.000000,460.000000,0.001944,100.000000,0.007717,18,18,9720,18,18,0.000000,83.930453,1000,815804,3,0.000000,0.897959,1,2417,0,22871,0
100000597,defense_vs_attack,120.000000,160.000000,0.001944,100.000000,0.020443,18,18,9720,18,18,0.000000,88.372840,1000,858984,4,0.000000,0.897959,1,2747,0,8944,0
100000597,attack_only,220.000000,260.000000,0.001944,100.000000,0.008026,18,18,9720,18,18,0.000000,34.798354,1000,338240,4,1.000000,1.000000,0,1895,0,13793,0
100000597,baseline,320.000000,360.000000,0.001944,100.000000,0.016958,18,18,9720,18,18,0.000000,34.731687,1000,337592,4,1.000000,1.000000,0,1890,0,18448,0
100000597,defense_only,420.000000,460.000000,0.001944,100.000000,0.010305,18,18,9720,18,18,0.000000,88.122634,1000,856552,4,1.000000,1.000000,0,2583,0,24635,0
100000602,defense_only,120.000000,160.000000,0.001836,94.444444,0.037585,18,17,9180,17,18,5.555556,100.858388,1000,925880,7,1.000000,1.000000,0,2414,0,8064,0
100000602,defense_vs_attack,220.000000,260.000000,0.001944,100.000000,0.023391,18,18,9720,18,18,0.000000,94.086420,1000,914520,7,0.000000,0.918367,1,2469,0,14095,0
100000602,baseline,320.000000,360.000000,0.001944,100.000000,0.026524,18,18,9720,18,18,0.000000,25.748971,1000,250280,7,1.000000,1.000000,0,1663,0,18295,0
100000602,attack_only,420.000000,460.000000,0.001944,100.000000,0.021499,18,18,9720,18,18,0.000000,25.539918,1000,248248,7,1.000000,1.000000,0,1681,0,22326,0
100000605,attack_only,120.000000,160.000000,0.000000,0.000000,0.000000,18,0,0,0,18,100.000000,0.000000,1000,289088,5,1.000000,1.000000,0,1681,0,6408,0
100000605,defense_only,220.000000,260.000000,0.001944,100.000000,0.016919,18,18,9720,18,18,0.000000,93.814403,1000,911876,5,1.000000,1.000000,0,2398,0,12107,0
100000605,defense_vs_attack,320.000000,360.000000,0.000648,33.333333,0.101897,18,6,3240,6,18,66.666667,279.764198,1000,906436,8,0.000000,0.897959,1,2790,0,18399,0
100000605,baseline,420.000000,460.000000,0.001944,100.000000,0.013951,18,18,9720,18,18,0.000000,30.141564,1000,292976,5,1.000000,1.000000,0,1784,0,22864,0
100000603,defense_only,120.000000,160.000000,0.001944,100.000000,0.028144,18,18,9720,18,18,0.000000,100.769547,1000,979480,5,1.000000,1.000000,0,2438,0,8286,0
100000603,attack_only,220.000000,260.000000,0.001944,100.000000,0.013191,18,18,9720,18,18,0.000000,32.164198,1000,312636,5,1.000000,1.000000,0,1809,0,12867,0
100000603,defense_vs_attack,320.000000,360.000000,0.001296,66.666667,0.032764,18,12,6480,12,18,33.333333,152.437037,1000,987792,5,0.000000,0.857143,2,2548,0,18947,0
100000603,baseline,420.000000,460.000000,0.001944,100.000000,0.013548,18,18,9720,18,18,0.000000,32.350206,1000,314444,5,1.000000,1.000000,0,1823,0,23547,0
100000612,attack_only,120.000000,160.000000,0.000000,0.000000,0.000000,18,0,0,0,18,100.000000,0.000000,1000,228456,5,1.000000,1.000000,0,1621,0,6137,0
100000612,defense_only,220.000000,260.000000,0.001944,100.000000,0.013586,18,18,9720,18,18,0.000000,79.401646,1000,771784,5,1.000000,1.000000,0,2475,0,12203,0
100000612,baseline,320.000000,360.000000,0.001944,100.000000,0.019384,18,18,9720,18,18,0.000000,24.374074,1000,236916,5,1.000000,1.000000,0,1661,0,16458,0
100000612,defense_vs_attack,420.000000,460.000000,0.001188,61.111111,0.044405,18,11,5940,11,18,38.888889,135.154209,1000,802816,5,0.000000,0.795918,1,2626,0,22590,0
100000609,attack_only,120.000000,160.000000,0.001944,100.000000,0.015773,18,18,9720,18,18,0.000000,28.751852,1000,279468,3,1.000000,1.000000,0,1740,0,6523,0
100000609,defense_vs_attack,220.000000,260.000000,0.001944,100.000000,0.005891,18,18,9720,18,18,0.000000,78.758848,1000,765536,3,0.000000,0.857143,1,2363,0,12227,0
100000609,baseline,320.000000,360.000000,0.001944,100.000000,0.013060,18,18,9720,18,18,0.000000,27.518930,1000,267484,3,1.000000,1.000000,0,1728,0,16619,0
100000609,defense_only,420.000000,460.000000,0.001944,100.000000,0.007085,18,18,9720,18,18,0.000000,74.068313,1000,719944,3,1.000000,1.000000,0,2331,0,22348,0
100000613,defense_only,120.000000,160.000000,0.001944,100.000000,0.048912,18,18,9720,18,18,0.000000,83.074486,1000,807484,9,1.000000,1.000000,0,2534,0,8612,0
100000613,defense_vs_attack,220.000000,260.000000,0.001944,100.000000,0.088296,18,18,9720,18,18,0.000000,86.883539,1000,844508,9,0.000000,0.836735,1,2499,0,14785,0
100000613,attack_only,320.000000,360.000000,0.001944,100.000000,0.033175,18,18,9720,18,18,0.000000,28.818107,1000,280112,9,1.000000,1.000000,0,1809,0,19345,0
100000613,baseline,420.000000,460.000000,0.001944,100.000000,0.027562,18,18,9720,18,18,0.000000,29.150617,1000,283344,9,1.000000,1.000000,0,1882,0,23841,0
100000616,defense_only,120.000000,160.000000,0.001944,100.000000,0.038232,18,18,9720,18,18,0.000000,84.269547,1000,819100,7,1.000000,1.000000,0,2578,0,8557,0
100000616,baseline,220.000000,260.000000,0.001944,100.000000,0.020699,18,18,9720,18,18,0.000000,30.010700,1000,291704,7,1.000000,1.000000,0,1842,0,13230,0
100000616,defense_vs_attack,320.000000,360.000000,0.001944,100.000000,0.026182,18,18,9720,18,18,0.000000,86.316461,1000,838996,7,0.000000,0.857143,1,2550,0,19254,0
100000616,attack_only,420.000000,460.000000,0.001944,100.000000,0.021085,18,18,9720,18,18,0.000000,30.541152,1000,296860,7,1.000000,1.000000,0,1859,0,23934,0
100000621,defense_only,120.000000,160.000000,0.001944,100.000000,0.015551,18,18,9720,18,18,0.000000,84.590947,1000,822224,3,1.000000,1.000000,0,2526,0,8232,0
100000621,baseline,220.000000,260.000000,0.001944,100.000000,0.005789,18,18,9720,18,18,0.000000,24.627160,1000,239376,3,1.000000,1.000000,0,1617,0,12451,0
100000621,defense_vs_attack,320.000000,360.000000,0.001944,100.000000,0.013189,18,18,9720,18,18,0.000000,84.131276,1000,817756,3,0.000000,0.897959,1,2652,0,18739,0
100000621,attack_only,420.000000,460.000000,0.001944,100.000000,0.007380,18,18,9720,18,18,0.000000,24.251852,1000,235728,3,1.000000,1.000000,0,1618,0,22965,0
100000618,defense_vs_attack,120.000000,160.000000,0.001944,100.000000,0.026693,18,18,9720,18,18,0.000000,99.985185,1000,971856,5,0.000000,0.959184,1,2444,0,8300,0
100000618,attack_only,220.000000,260.000000,0.001944,100.000000,0.009798,18,18,9720,18,18,0.000000,30.388477,1000,295376,5,1.000000,1.000000,0,1728,0,12701,0
100000618,defense_only,320.000000,360.000000,0.001944,100.000000,0.023613,18,18,9720,18,18,0.000000,102.494650,1000,996248,5,1.000000,1.000000,0,2471,0,18667,0
100000618,baseline,420.000000,460.000000,0.001944,100.000000,0.012297,18,18,9720,18,18,0.000000,30.022222,1000,291816,5,1.000000,1.000000,0,1713,0,23085,0
100000627,defense_vs_attack,120.000000,160.000000,0.001080,62.500000,0.065768,16,10,5400,10,18,44.444444,163.645185,1000,883684,4,0.000000,0.918367,1,2944,0,8989,0
100000627,defense_only,220.000000,260.000000,0.001944,100.000000,0.019732,18,18,9720,18,18,0.000000,91.148560,1000,885964,4,1.000000,1.000000,0,2376,0,14843,0
100000627,baseline,320.000000,360.000000,0.001944,100.000000,0.013468,18,18,9720,18,18,0.000000,40.937860,1000,397916,4,1.000000,1.000000,0,1955,0,19736,0
100000627,attack_only,420.000000,460.000000,0.001944,100.000000,0.009861,18,18,9720,18,18,0.000000,40.669959,1000,395312,4,1.000000,1.000000,0,1955,0,24525,0
100000625,defense_vs_attack,120.000000,160.000000,0.001620,83.333333,0.048726,18,15,8100,15,18,16.666667,104.879506,1000,849524,6,0.000000,0.795918,1,2533,0,8492,0
100000625,baseline,220.000000,260.000000,0.001944,100.000000,0.022679,18,18,9720,18,18,0.000000,31.200823,1000,303272,6,1.000000,1.000000,0,1881,0,13219,0
100000625,attack_only,320.000000,360.000000,0.000000,0.000000,0.000000,18,0,0,0,18,100.000000,0.000000,1000,307376,6,1.000000,1.000000,0,1817,0,17679,0
100000625,defense_only,420.000000,460.000000,0.001944,100.000000,0.018009,18,18,9720,18,18,0.000000,81.811523,1000,795208,6,1.000000,1.000000,0,2404,0,23608,0
100000628,defense_only,120.000000,160.000000,0.001944,100.000000,0.031041,18,18,9720,18,18,0.000000,95.828807,1000,931456,6,1.000000,1.000000,0,2609,0,8748,0
100000628,baseline,220.000000,260.000000,0.001944,100.000000,0.011873,18,18,9720,18,18,0.000000,30.548971,1000,296936,6,1.000000,1.000000,0,1835,0,13411,0
100000628,defense_vs_attack,320.000000,360.000000,0.001944,100.000000,0.026674,18,18,9720,18,18,0.000000,95.830453,1000,931472,6,0.000000,0.938776,1,2569,0,19656,0
100000628,attack_only,420.000000,460.000000,0.001944,100.000000,0.014803,18,18,9720,18,18,0.000000,30.527160,1000,296724,6,1.000000,1.000000,0,1889,0,24477,0
100000631,baseline,120.000000,160.000000,0.001944,100.000000,0.020648,18,18,9720,18,18,0.000000,28.237037,1000,274464,4,1.000000,1.000000,0,1677,0,6261,0
100000631,defense_only,220.000000,260.000000,0.001944,100.000000,0.014937,18,18,9720,18,18,0.000000,102.968724,1000,1000856,4,1.000000,1.000000,0,2407,0,12006,0
100000631,attack_only,320.000000,360.000000,0.001944,100.000000,0.012747,18,18,9720,18,18,0.000000,27.606173,1000,268332,4,1.000000,1.000000,0,1668,0,16291,0
100000631,defense_vs_attack,420.000000,460.000000,0.001944,100.000000,0.018576,18,18,9720,18,18,0.000000,102.688066,1000,998128,4,0.000000,0.857143,1,2355,0,21954,0
100000636,defense_only,120.000000,160.000000,0.001944,100.000000,0.015775,18,18,9720,18,18,0.000000,89.819753,1000,873048,3,1.000000,1.000000,0,2484,0,8321,0
100000636,baseline,220.000000,260.000000,0.001944,100.000000,0.005789,18,18,9720,18,18,0.000000,27.892593,1000,271116,3,1.000000,1.000000,0,1702,0,12720,0
100000636,defense_vs_attack,320.000000,360.000000,0.001944,100.000000,0.013831,18,18,9720,18,18,0.000000,88.867490,1000,863792,3,0.000000,0.877551,1,2383,0,18622,0
100000636,attack_only,420.000000,460.000000,0.001944,100.000000,0.007208,18,18,9720,18,18,0.000000,28.072016,1000,272860,3,1.000000,1.000000,0,1707,0,23003,0
100000637,attack_only,120.000000,160.000000,0.000000,0.000000,0.000000,18,0,0,0,18,100.000000,0.000000,1000,335420,4,1.000000,1.000000,0,1859,0,7034,0
100000637,baseline,220.000000,260.000000,0.001944,100.000000,0.011334,18,18,9720,18,18,0.000000,34.233333,1000,332748,4,1.000000,1.000000,0,1894,0,11599,0
100000637,defense_vs_attack,320.000000,360.000000,0.001512,77.777778,0.023686,18,14,7560,14,18,22.222222,126.548677,1000,956708,4,0.000000,0.857143,1,2547,0,17633,0
100000637,defense_only,420.000000,460.000000,0.001944,100.000000,0.012620,18,18,9720,18,18,0.000000,98.231276,1000,954808,4,1.000000,1.000000,0,2490,0,23716,0
100000641,attack_only,120.000000,160.000000,0.001944,100.000000,0.036347,18,18,9720,18,18,0.000000,30.506173,1000,296520,7,1.000000,1.000000,0,1855,0,6809,0
100000641,baseline,220.000000,260.000000,0.001944,100.000000,0.020137,18,18,9720,18,18,0.000000,31.395062,1000,305160,7,1.000000,1.000000,0,1909,0,11333,0
100000641,defense_only,320.000000,360.000000,0.001944,100.000000,0.027448,18,18,9720,18,18,0.000000,91.589300,1000,890248,7,1.000000,1.000000,0,2587,0,17602,0
100000641,defense_vs_attack,420.000000,460.000000,0.000864,44.444444,0.021524,18,8,4320,8,18,55.555556,208.621296,1000,901244,7,0.000000,0.836735,1,2551,0,23794,0
100000647,defense_vs_attack,120.000000,160.000000,0.000972,50.000000,0.031670,18,9,4860,9,18,50.000000,163.469136,1000,794460,5,0.000000,0.816327,1,2505,0,8034,0
100000647,attack_only,220.000000,260.000000,0.000000,0.000000,0.000000,18,0,0,0,18,100.000000,0.000000,1000,209992,6,1.000000,1.000000,0,1491,0,11973,0
100000647,baseline,320.000000,360.000000,0.001944,100.000000,0.021035,18,18,9720,18,18,0.000000,21.984774,1000,213692,5,1.000000,1.000000,0,1579,0,15745,0
100000647,defense_only,420.000000,460.000000,0.001944,100.000000,0.014501,18,18,9720,18,18,0.000000,83.248971,1000,809180,5,1.000000,1.000000,0,2529,0,21796,0
100000645,defense_vs_attack,120.000000,160.000000,0.001944,100.000000,0.036116,18,18,9720,18,18,0.000000,93.484362,1000,908668,7,0.000000,0.897959,1,2661,0,8628,0
100000645,baseline,220.000000,260.000000,0.001944,100.000000,0.013950,18,18,9720,18,18,0.000000,29.088477,1000,282740,7,1.000000,1.000000,0,1778,0,13103,0
100000645,attack_only,320.000000,360.000000,0.001944,100.000000,0.030958,18,18,9720,18,18,0.000000,29.341152,1000,285196,7,1.000000,1.000000,0,1776,0,17350,0
100000645,defense_only,420.000000,460.000000,0.001944,100.000000,0.017817,18,18,9720,18,18,0.000000,92.852263,1000,902524,7,1.000000,1.000000,0,2591,0,23541,0
100000648,attack_only,120.000000,160.000000,0.001944,100.000000,0.037199,18,18,9720,18,18,0.000000,27.293004,1000,265288,7,1.000000,1.000000,0,1757,0,6439,0
100000648,defense_only,220.000000,260.000000,0.001944,100.000000,0.021334,18,18,9720,18,18,0.000000,93.172016,1000,905632,7,1.000000,1.000000,0,2486,0,12327,0
100000648,defense_vs_attack,320.000000,360.000000,0.001404,72.222222,0.027883,18,13,7020,13,18,27.777778,137.133903,1000,962680,7,0.000000,0.795918,1,2457,0,18327,0
100000648,baseline,420.000000,460.000000,0.001944,100.000000,0.020840,18,18,9720,18,18,0.000000,25.786008,1000,250640,7,1.000000,1.000000,0,1711,0,22685,0
100000651,attack_only,120.000000,160.000000,0.001944,100.000000,0.015664,18,18,9720,18,18,0.000000,25.553086,1000,248376,3,1.000000,1.000000,0,1642,0,6243,0
100000651,defense_vs_attack,220.000000,260.000000,0.001512,77.777778,0.080214,18,14,7560,14,18,22.222222,119.677249,1000,904760,3,0.000000,0.795918,1,2535,0,12277,0
100000651,defense_only,320.000000,360.000000,0.001944,100.000000,0.012122,18,18,9720,18,18,0.000000,88.281070,1000,858092,3,1.000000,1.000000,0,2411,0,18334,0
100000651,baseline,420.000000,460.000000,0.001944,100.000000,0.008719,18,18,9720,18,18,0.000000,25.576955,1000,248608,3,1.000000,1.000000,0,1643,0,22613,0
100000653,defense_only,120.000000,160.000000,0.001944,100.000000,0.020770,18,18,9720,18,18,0.000000,99.863374,1000,970672,4,1.000000,1.000000,0,2541,0,8498,0
100000653,defense_vs_attack,220.000000,260.000000,0.001944,100.000000,0.007832,18,18,9720,18,18,0.000000,95.492593,1000,928188,4,0.000000,0.918367,1,2493,0,14667,0
100000653,attack_only,320.000000,360.000000,0.001944,100.000000,0.016960,18,18,9720,18,18,0.000000,27.142387,1000,263824,4,1.000000,1.000000,0,1722,0,19071,0
100000653,baseline,420.000000,460.000000,0.001944,100.000000,0.010371,18,18,9720,18,18,0.000000,27.111934,1000,263528,4,1.000000,1.000000,0,1690,0,23267,0
100000655,attack_only,120.000000,160.000000,0.000000,0.000000,0.000000,18,0,0,0,18,100.000000,0.000000,1000,240048,5,1.000000,1.000000,0,1665,0,6418,0
100000655,baseline,220.000000,260.000000,0.001944,100.000000,0.025162,18,18,9720,18,18,0.000000,24.596296,1000,239076,5,1.000000,1.000000,0,1733,0,10553,0
100000655,defense_only,320.000000,360.000000,0.001944,100.000000,0.014314,18,18,9720,18,18,0.000000,85.832099,1000,834288,5,1.000000,1.000000,0,2552,0,16705,0
100000655,defense_vs_attack,420.000000,460.000000,0.001296,66.666667,0.023550,18,12,6480,12,18,33.333333,130.964815,1000,848652,5,0.000000,0.897959,1,2605,0,23000,0
100000656,attack_only,120.000000,160.000000,0.000000,0.000000,0.000000,18,0,0,0,18,100.000000,0.000000,1000,269888,5,1.000000,1.000000,0,1695,0,6407,0
100000656,defense_vs_attack,220.000000,260.000000,0.001188,61.111111,0.031582,18,11,5940,11,18,38.888889,145.197306,1000,862472,6,0.000000,0.795918,1,2553,0,12541,0
100000656,defense_only,320.000000,360.000000,0.001944,100.000000,0.020373,18,18,9720,18,18,0.000000,85.826337,1000,834232,5,1.000000,1.000000,0,2642,0,18822,0
100000656,baseline,420.000000,460.000000,0.001944,100.000000,0.014039,18,18,9720,18,18,0.000000,27.488889,1000,267192,5,1.000000,1.000000,0,1729,0,23216,0
100000661,defense_only,120.000000,160.000000,0.001944,100.000000,0.020515,18,18,9720,18,18,0.000000,91.985597,1000,894100,4,1.000000,1.000000,0,2437,0,8216,0
100000661,attack_only,220.000000,260.000000,0.000000,0.000000,0.000000,18,0,0,0,18,100.000000,0.000000,1000,297584,4,1.000000,1.000000,0,1695,0,12594,0
100000661,baseline,320.000000,360.000000,0.001944,100.000000,0.011660,18,18,9720,18,18,0.000000,30.655556,1000,297972,4,1.000000,1.000000,0,1758,0,16921,0
100000661,defense_vs_attack,420.000000,460.000000,0.001080,55.555556,0.015200,18,10,5400,10,18,44.444444,161.377037,1000,871436,4,0.000000,0.897959,1,2369,0,22837,0
100000659,baseline,120.000000,160.000000,0.001944,100.000000,0.025346,18,18,9720,18,18,0.000000,30.563786,1000,297080,5,1.000000,1.000000,0,1796,0,6732,0
100000659,attack_only,220.000000,260.000000,0.000000,0.000000,0.000000,18,0,0,0,18,100.000000,0.000000,1000,290436,5,1.000000,1.000000,0,1702,0,10913,0
100000659,defense_vs_attack,320.000000,360.000000,0.000972,50.000000,0.023678,18,9,4860,9,18,50.000000,192.235391,1000,934264,5,0.000000,0.816327,2,2442,0,16884,0
100000659,defense_only,420.000000,460.000000,0.001944,100.000000,0.019198,18,18,9720,18,18,0.000000,94.978601,1000,923192,5,1.000000,1.000000,0,2443,0,22901,0
100000663,defense_only,120.000000,160.000000,0.001944,100.000000,0.026379,18,18,9720,18,18,0.000000,89.741975,1000,872292,5,1.000000,1.000000,0,2575,0,8157,0
100000663,attack_only,220.000000,260.000000,0.000000,0.000000,0.000000,18,0,0,0,18,100.000000,0.000000,1000,210944,5,1.000000,1.000000,0,1536,0,12156,0
100000663,baseline,320.000000,360.000000,0.001944,100.000000,0.014629,18,18,9720,18,18,0.000000,21.361317,1000,207632,5,1.000000,1.000000,0,1576,0,15974,0
100000663,defense_vs_attack,420.000000,460.000000,0.000756,38.888889,0.014201,18,7,3780,7,18,61.111111,231.634921,1000,875580,5,0.000000,0.918367,1,2502,0,21972,0
100000664,baseline,120.000000,160.000000,0.001944,100.000000,0.026259,18,18,9720,18,18,0.000000,31.644856,1000,307588,5,1.000000,1.000000,0,1849,0,6939,0
100000664,defense_vs_attack,220.000000,260.000000,0.000972,50.000000,0.019952,18,9,4860,9,18,50.000000,180.405761,1000,876772,5,0.000000,0.857143,2,2521,0,12902,0
100000664,attack_only,320.000000,360.000000,0.000000,0.000000,0.000000,18,0,0,0,18,100.000000,0.000000,1000,305448,5,1.000000,1.000000,0,1782,0,17536,0
100000664,defense_only,420.000000,460.000000,0.001944,100.000000,0.014441,18,18,9720,18,18,0.000000,84.795062,1000,824208,5,1.000000,1.000000,0,2427,0,23351,0
100000670,baseline,120.000000,160.000000,0.001944,100.000000,0.032072,18,18,9720,18,18,0.000000,29.446914,1000,286224,6,1.000000,1.000000,0,1816,0,6654,0
100000670,attack_only,220.000000,260.000000,0.001944,100.000000,0.022019,18,18,9720,18,18,0.000000,29.307819,1000,284872,6,1.000000,1.000000,0,1735,0,10835,0
100000670,defense_only,320.000000,360.000000,0.001944,100.000000,0.027806,18,18,9720,18,18,0.000000,97.442387,1000,947140,6,1.000000,1.000000,0,2477,0,16743,0
100000670,defense_vs_attack,420.000000,460.000000,0.001080,55.555556,0.017222,18,10,5400,10,18,44.444444,169.131852,1000,913312,6,0.000000,0.836735,1,2479,0,22755,0
100000668,attack_only,120.000000,160.000000,0.000000,0.000000,0.000000,18,0,0,0,18,100.000000,0.000000,1000,311280,5,1.000000,1.000000,0,1776,0,6702,0
100000668,defense_vs_attack,220.000000,260.000000,0.001296,66.666667,0.025141,18,12,6480,12,18,33.333333,163.757407,1000,1061148,5,0.000000,0.775510,1,2499,0,12673,0
100000668,defense_only,320.000000,360.000000,0.001944,100.000000,0.021962,18,18,9720,18,18,0.000000,111.734568,1000,1086060,5,1.000000,1.000000,0,2430,0,18552,0
100000668,baseline,420.000000,460.000000,0.001944,100.000000,0.011440,18,18,9720,18,18,0.000000,34.065844,1000,331120,5,1.000000,1.000000,0,1850,0,23158,0
100000673,defense_only,120.000000,160.000000,0.001944,100.000000,0.021559,18,18,9720,18,18,0.000000,85.751029,1000,833500,4,1.000000,1.000000,0,2545,0,8528,0
100000673,attack_only,220.000000,260.000000,0.001944,100.000000,0.008222,18,18,9720,18,18,0.000000,27.520165,1000,267496,4,1.000000,1.000000,0,1831,0,13096,0
100000673,baseline,320.000000,360.000000,0.001944,100.000000,0.016855,18,18,9720,18,18,0.000000,28.231276,1000,274408,4,1.000000,1.000000,0,1800,0,17436,0
100000673,defense_vs_attack,420.000000,460.000000,0.001944,100.000000,0.010878,18,18,9720,18,18,0.000000,88.081893,1000,856156,4,0.000000,0.857143,1,2510,0,23602,0
100000671,defense_only,120.000000,160.000000,0.001944,100.000000,0.016177,18,18,9720,18,18,0.000000,94.576543,1000,919284,3,1.000000,1.000000,0,2219,0,7679,0
100000671,attack_only,220.000000,260.000000,0.001944,100.000000,0.005790,18,18,9720,18,18,0.000000,28.750617,1000,279456,3,1.000000,1.000000,0,1652,0,11894,0
100000671,defense_vs_attack,320.000000,360.000000,0.001836,94.444444,0.013218,18,17,9180,17,18,5.555556,108.216993,1000,993432,3,0.000000,0.755102,1,2366,0,17502,0
100000671,baseline,420.000000,460.000000,0.001944,100.000000,0.007659,18,18,9720,18,18,0.000000,29.429630,1000,286056,3,1.000000,1.000000,0,1681,0,21752,0
100000674,attack_only,120.000000,160.000000,0.000000,0.000000,0.000000,18,0,0,0,18,100.000000,0.000000,1000,251120,6,1.000000,1.000000,0,1644,0,6211,0
100000674,defense_vs_attack,220.000000,260.000000,0.001080,55.555556,0.029587,18,10,5400,10,18,44.444444,169.945185,1000,917704,6,0.000000,0.755102,1,2442,0,12065,0
100000674,defense_only,320.000000,360.000000,0.001944,100.000000,0.023217,18,18,9720,18,18,0.000000,93.938683,1000,913084,6,1.000000,1.000000,0,2481,0,18122,0
100000674,baseline,420.000000,460.000000,0.001944,100.000000,0.014605,18,18,9720,18,18,0.000000,26.072428,1000,253424,6,1.000000,1.000000,0,1717,0,22478,0
100000676,attack_only,120.000000,160.000000,0.000000,0.000000,0.000000,18,0,0,0,18,100.000000,0.000000,1000,276912,5,1.000000,1.000000,0,1657,0,6410,0
100000676,defense_vs_attack,220.000000,260.000000,0.001080,66.666667,0.037158,15,10,5400,10,18,44.444444,160.168148,1000,864908,5,0.000000,0.877551,1,2399,0,12161,0
100000676,baseline,320.000000,360.000000,0.001944,100.000000,0.021086,18,18,9720,18,18,0.000000,28.532922,1000,277340,5,1.000000,1.000000,0,1740,0,16552,0
100000676,defense_only,420.000000,460.000000,0.001944,100.000000,0.012247,18,18,9720,18,18,0.000000,93.155556,1000,905472,5,1.000000,1.000000,0,2437,0,22441,0
100000679,attack_only,120.000000,160.000000,0.000000,0.000000,0.000000,18,0,0,0,18,100.000000,0.000000,1000,304872,7,1.000000,1.000000,0,1834,0,6877,0
100000679,baseline,220.000000,260.000000,0.001944,100.000000,0.030601,18,18,9720,18,18,0.000000,31.273663,1000,303980,7,1.000000,1.000000,0,1852,0,11304,0
100000679,defense_vs_attack,320.000000,360.000000,0.001404,72.222222,0.034174,18,13,7020,13,18,27.777778,122.950427,1000,863112,7,0.000000,0.857143,1,2610,0,17450,0
100000679,defense_only,420.000000,460.000000,0.001944,100.000000,0.020905,18,18,9720,18,18,0.000000,87.011934,1000,845756,7,1.000000,1.000000,0,2567,0,23595,0
100000680,attack_only,120.000000,160.000000,0.000000,0.000000,0.000000,18,0,0,0,18,100.000000,0.000000,1000,188956,6,1.000000,1.000000,0,1397,0,5464,0
100000680,baseline,220.000000,260.000000,0.001944,100.000000,0.025982,18,18,9720,18,18,0.000000,19.746091,1000,191932,6,1.000000,1.000000,0,1504,0,9050,0
100000680,defense_vs_attack,320.000000,360.000000,0.000000,0.000000,0.000000,5,0,0,0,18,100.000000,0.000000,1000,656808,0,0.000000,0.897959,1,2222,0,14748,0
100000680,defense_only,420.000000,460.000000,0.001944,100.000000,0.025261,18,18,9720,18,18,0.000000,92.123045,1000,895436,6,1.000000,1.000000,0,2456,0,20717,0
100000683,defense_vs_attack,120.000000,160.000000,0.001944,100.000000,0.020767,18,18,9720,18,18,0.000000,87.225103,1000,847828,4,0.000000,0.816327,2,2671,0,8735,0
100000683,baseline,220.000000,260.000000,0.001944,100.000000,0.007886,18,18,9720,18,18,0.000000,30.272016,1000,294244,4,1.000000,1.000000,0,1856,0,13499,0
100000683,attack_only,320.000000,360.000000,0.001944,100.000000,0.017472,18,18,9720,18,18,0.000000,30.539918,1000,296848,4,1.000000,1.000000,0,1874,0,18074,0
100000683,defense_only,420.000000,460.000000,0.001944,100.000000,0.009792,18,18,9720,18,18,0.000000,82.795885,1000,804776,4,1.000000,1.000000,0,2628,0,24396,0
100000685,defense_vs_attack,120.000000,160.000000,0.001944,100.000000,0.025582,18,18,9720,18,18,0.000000,83.223868,1000,808936,5,0.000000,0.918367,1,2567,0,8634,0
100000685,attack_only,220.000000,260.000000,0.001944,100.000000,0.009797,18,18,9720,18,18,0.000000,26.763786,1000,260144,5,1.000000,1.000000,0,1818,0,13240,0
100000685,baseline,320.000000,360.000000,0.001944,100.000000,0.022074,18,18,9720,18,18,0.000000,28.296708,1000,275044,5,1.000000,1.000000,0,1812,0,17664,0
100000685,defense_only,420.000000,460.000000,0.001944,100.000000,0.012303,18,18,9720,18,18,0.000000,83.311111,1000,809784,5,1.000000,1.000000,0,2470,0,23776,0
100000682,defense_only,120.000000,160.000000,0.001944,100.000000,0.027301,18,18,9720,18,18,0.000000,87.463786,1000,850148,5,1.000000,1.000000,0,2501,0,8043,0
100000682,baseline,220.000000,260.000000,0.001944,100.000000,0.011517,18,18,9720,18,18,0.000000,23.225926,1000,225756,5,1.000000,1.000000,0,1568,0,12090,0
100000682,attack_only,320.000000,360.000000,0.001944,100.000000,0.019753,18,18,9720,18,18,0.000000,24.325103,1000,236440,5,1.000000,1.000000,0,1593,0,15948,0
100000682,defense_vs_attack,420.000000,460.000000,0.001944,100.000000,0.017851,18,18,9720,18,18,0.000000,92.702058,1000,901064,5,0.000000,0.938776,1,2512,0,22013,0
100000684,defense_only,120.000000,160.000000,0.001944,100.000000,0.015287,18,18,9720,18,18,0.000000,103.559671,1000,1006600,3,1.000000,1.000000,0,2325,0,8103,0
100000684,baseline,220.000000,260.000000,0.001944,100.000000,0.005790,18,18,9720,18,18,0.000000,31.162963,1000,302904,3,1.000000,1.000000,0,1732,0,12581,0
100000684,defense_vs_attack,320.000000,360.000000,0.000540,55.555556,0.006996,9,5,2700,5,18,72.222222,347.333333,1000,937800,3,0.000000,0.836735,1,2340,0,18263,0
100000684,attack_only,420.000000,460.000000,0.001944,100.000000,0.013496,18,18,9720,18,18,0.000000,31.736626,1000,308480,3,1.000000,1.000000,0,1732,0,22767,0
100000688,defense_only,120.000000,160.000000,0.001944,100.000000,0.020742,18,18,9720,18,18,0.000000,85.084774,1000,827024,4,1.000000,1.000000,0,2541,0,8733,0
100000688,attack_only,220.000000,260.000000,0.001944,100.000000,0.007913,18,18,9720,18,18,0.000000,32.155556,1000,312552,4,1.000000,1.000000,0,1891,0,13492,0
100000688,baseline,320.000000,360.000000,0.001944,100.000000,0.017256,18,18,9720,18,18,0.000000,31.699588,1000,308120,4,1.000000,1.000000,0,1845,0,18018,0
100000688,defense_vs_attack,420.000000,460.000000,0.001944,100.000000,0.009498,18,18,9720,18,18,0.000000,86.820576,1000,843896,4,0.000000,0.897959,3,2629,0,24336,0
100000687,defense_only,120.000000,160.000000,0.001944,100.000000,0.092230,18,18,9720,18,18,0.000000,94.854733,1000,921988,7,1.000000,1.000000,0,2550,0,8170,0
100000687,baseline,220.000000,260.000000,0.001944,100.000000,0.014608,18,18,9720,18,18,0.000000,26.820576,1000,260696,7,1.000000,1.000000,0,1727,0,12495,0
100000687,defense_vs_attack,320.000000,360.000000,0.001728,88.888889,0.036268,18,16,8640,16,18,11.111111,103.370370,1000,893120,7,0.000000,0.918367,1,2537,0,18457,0
100000687,attack_only,420.000000,460.000000,0.001944,100.000000,0.025009,18,18,9720,18,18,0.000000,26.881481,1000,261288,7,1.000000,1.000000,0,1720,0,22835,0
100000690,baseline,120.000000,160.000000,0.001944,100.000000,0.030575,18,18,9720,18,18,0.000000,35.869959,1000,348656,6,1.000000,1.000000,0,1939,0,7333,0
100000690,defense_only,220.000000,260.000000,0.001944,100.000000,0.014004,18,18,9720,18,18,0.000000,93.757202,1000,911320,6,1.000000,1.000000,0,2613,0,13646,0
100000690,defense_vs_attack,320.000000,360.000000,0.001080,55.555556,0.022344,18,10,5400,10,18,44.444444,169.659259,1000,916160,6,0.000000,0.938776,1,2654,0,20076,0
100000690,attack_only,420.000000,460.000000,0.000000,0.000000,0.000000,18,0,0,0,18,100.000000,0.000000,1000,366108,7,1.000000,1.000000,0,1990,0,25164,0
100000692,attack_only,120.000000,160.000000,0.000000,0.000000,0.000000,18,0,0,0,18,100.000000,0.000000,1000,228024,4,1.000000,1.000000,0,1538,0,5919,0
100000692,defense_only,220.000000,260.000000,0.001944,100.000000,0.017684,18,18,9720,18,18,0.000000,95.494239,1000,928204,4,1.000000,1.000000,0,2459,0,11832,0
100000692,defense_vs_attack,320.000000,360.000000,0.000540,27.777778,0.014630,18,5,2700,5,18,72.222222,343.811852,1000,928292,4,0.000000,0.877551,1,2377,0,17733,0
100000692,baseline,420.000000,460.000000,0.001944,100.000000,0.015457,18,18,9720,18,18,0.000000,23.891358,1000,232224,4,1.000000,1.000000,0,1574,0,21756,0
100000698,defense_vs_attack,120.000000,160.000000,0.001512,77.777778,0.018840,18,14,7560,14,18,22.222222,121.194180,1000,916228,3,0.000000,0.836735,1,2450,0,8372,0
100000698,baseline,220.000000,260.000000,0.001944,100.000000,0.006949,18,18,9720,18,18,0.000000,36.516872,1000,354944,3,1.000000,1.000000,0,1871,0,13063,0
100000698,defense_only,320.000000,360.000000,0.001944,100.000000,0.011787,18,18,9720,18,18,0.000000,93.916461,1000,912868,3,1.000000,1.000000,0,2465,0,19059,0
100000698,attack_only,420.000000,460.000000,0.000000,0.000000,0.000000,18,0,0,0,18,100.000000,0.000000,1000,358492,4,1.000000,1.000000,0,1878,0,23879,0
100000704,defense_only,120.000000,160.000000,0.001944,100.000000,0.017025,18,18,9720,18,18,0.000000,81.299177,1000,790228,3,1.000000,1.000000,0,2380,0,8088,0
100000704,baseline,220.000000,260.000000,0.001944,100.000000,0.005789,18,18,9720,18,18,0.000000,27.289300,1000,265252,3,1.000000,1.000000,0,1687,0,12427,0
100000704,attack_only,320.000000,360.000000,0.001944,100.000000,0.012812,18,18,9720,18,18,0.000000,27.916872,1000,271352,3,1.000000,1.000000,0,1686,0,16603,0
100000704,defense_vs_attack,420.000000,460.000000,0.001944,100.000000,0.008121,18,18,9720,18,18,0.000000,80.996296,1000,787284,3,0.000000,0.877551,3,2464,0,22596,0
100000699,baseline,120.000000,160.000000,0.001944,100.000000,0.020208,18,18,9720,18,18,0.000000,28.061728,1000,272760,4,1.000000,1.000000,0,1675,0,6360,0
100000699,defense_vs_attack,220.000000,260.000000,0.001944,100.000000,0.020556,18,18,9720,18,18,0.000000,93.962551,1000,913316,4,0.000000,0.816327,1,2305,0,11894,0
100000699,defense_only,320.000000,360.000000,0.001944,100.000000,0.009464,18,18,9720,18,18,0.000000,94.590947,1000,919424,4,1.000000,1.000000,0,2317,0,17537,0
100000699,attack_only,420.000000,460.000000,0.001944,100.000000,0.007006,18,18,9720,18,18,0.000000,29.055556,1000,282420,4,1.000000,1.000000,0,1671,0,21823,0
100000705,defense_vs_attack,120.000000,160.000000,0.001944,100.000000,0.024836,18,18,9720,18,18,0.000000,89.213580,1000,867156,5,0.000000,0.775510,1,2546,0,8559,0
100000705,baseline,220.000000,260.000000,0.001944,100.000000,0.019991,18,18,9720,18,18,0.000000,29.949794,1000,291112,5,1.000000,1.000000,0,1798,0,13177,0
100000705,attack_only,320.000000,360.000000,0.001944,100.000000,0.014851,18,18,9720,18,18,0.000000,28.169136,1000,273804,5,1.000000,1.000000,0,1804,0,17558,0
100000705,defense_only,420.000000,460.000000,0.001944,100.000000,0.010762,18,18,9720,18,18,0.000000,87.384362,1000,849376,5,1.000000,1.000000,0,2542,0,23717,0
100000707,defense_vs_attack,120.000000,160.000000,0.001944,100.000000,0.037059,18,18,9720,18,18,0.000000,91.237449,1000,886828,7,0.000000,0.918367,1,2437,0,8303,0
100000707,attack_only,220.000000,260.000000,0.001944,100.000000,0.030201,18,18,9720,18,18,0.000000,34.571193,1000,336032,7,1.000000,1.000000,0,1874,0,12952,0
100000707,defense_only,320.000000,360.000000,0.001836,94.444444,0.018957,18,17,9180,17,18,5.555556,97.916340,1000,898872,7,1.000000,1.000000,0,2376,0,18868,0
100000707,baseline,420.000000,460.000000,0.001944,100.000000,0.015661,18,18,9720,18,18,0.000000,32.725926,1000,318096,7,1.000000,1.000000,0,1806,0,23448,0
100000711,defense_vs_attack,120.000000,160.000000,0.000864,47.058824,0.054532,17,8,4320,8,18,55.555556,210.462963,1000,909200,8,0.000000,0.857143,1,2448,0,8150,0
100000711,defense_only,220.000000,260.000000,0.001944,100.000000,0.026348,18,18,9720,18,18,0.000000,92.790535,1000,901924,7,1.000000,1.000000,0,2479,0,14120,0
100000711,baseline,320.000000,360.000000,0.001944,100.000000,0.019077,18,18,9720,18,18,0.000000,29.006173,1000,281940,7,1.000000,1.000000,0,1762,0,18519,0
100000711,attack_only,420.000000,460.000000,0.000000,0.000000,0.000000,18,0,0,0,18,100.000000,0.000000,1000,280512,7,1.000000,1.000000,0,1666,0,22602,0
100000715,baseline,120.000000,160.000000,0.001944,100.000000,0.016043,18,18,9720,18,18,0.000000,24.385185,1000,237024,3,1.000000,1.000000,0,1725,0,6458,0
100000715,attack_only,220.000000,260.000000,0.001944,100.000000,0.005849,18,18,9720,18,18,0.000000,24.590123,1000,239016,3,1.000000,1.000000,0,1711,0,10653,0
100000715,defense_only,320.000000,360.000000,0.001944,100.000000,0.012901,18,18,9720,18,18,0.000000,75.187243,1000,730820,3,1.000000,1.000000,0,2617,0,16916,0
100000715,defense_vs_attack,420.000000,460.000000,0.001944,100.000000,0.007636,18,18,9720,18,18,0.000000,77.681893,1000,755068,3,0.000000,0.897959,1,2681,0,23297,0
100000717,defense_vs_attack,120.000000,160.000000,0.001512,77.777778,0.041165,18,14,7560,14,18,22.222222,100.852910,1000,762448,7,0.000000,0.918367,1,2610,0,8674,0
100000717,attack_only,220.000000,260.000000,0.001944,100.000000,0.016394,18,18,9720,18,18,0.000000,31.061728,1000,301920,7,1.000000,1.000000,0,1852,0,13324,0
100000717,defense_only,320.000000,360.000000,0.001944,100.000000,0.029342,18,18,9720,18,18,0.000000,76.909877,1000,747564,7,1.000000,1.000000,0,2563,0,19520,0
100000717,baseline,420.000000,460.000000,0.001944,100.000000,0.019876,18,18,9720,18,18,0.000000,30.997119,1000,301292,7,1.000000,1.000000,0,1885,0,24252,0
100000718,attack_only,120.000000,160.000000,0.000000,0.000000,0.000000,18,0,0,0,18,100.000000,0.000000,1000,272668,7,1.000000,1.000000,0,1746,0,6527,0
100000718,baseline,220.000000,260.000000,0.001944,100.000000,0.023837,18,18,9720,18,18,0.000000,28.206173,1000,274164,7,1.000000,1.000000,0,1784,0,10804,0
100000718,defense_vs_attack,320.000000,360.000000,0.001404,72.222222,0.033320,18,13,7020,13,18,27.777778,125.411396,1000,880388,7,0.000000,0.877551,1,2466,0,16682,0
100000718,defense_only,420.000000,460.000000,0.001944,100.000000,0.024000,18,18,9720,18,18,0.000000,89.795885,1000,872816,7,1.000000,1.000000,0,2447,0,22642,0
100000724,attack_only,120.000000,160.000000,0.000000,0.000000,0.000000,18,0,0,0,18,100.000000,0.000000,1000,257392,3,1.000000,1.000000,0,1575,0,6144,0
100000724,defense_only,220.000000,260.000000,0.001944,100.000000,0.013351,18,18,9720,18,18,0.000000,97.300823,1000,945764,3,1.000000,1.000000,0,2387,0,12091,0
100000724,baseline,320.000000,360.000000,0.001944,100.000000,0.008779,18,18,9720,18,18,0.000000,27.132510,1000,263728,3,1.000000,1.000000,0,1671,0,16413,0
100000724,defense_vs_attack,420.000000,460.000000,0.000972,50.000000,0.018678,18,9,4860,9,18,50.000000,195.119342,1000,948280,3,0.000000,0.857143,1,2551,0,22453,0
100000737,baseline,120.000000,160.000000,0.001944,100.000000,0.031120,18,18,9720,18,18,0.000000,29.381481,1000,285588,6,1.000000,1.000000,0,1787,0,6690,0
100000737,defense_only,220.000000,260.000000,0.001944,100.000000,0.015002,18,18,9720,18,18,0.000000,89.744033,1000,872312,6,1.000000,1.000000,0,2415,0,12529,0
100000737,attack_only,320.000000,360.000000,0.001944,100.000000,0.025092,18,18,9720,18,18,0.000000,28.808642,1000,280020,6,1.000000,1.000000,0,1765,0,16965,0
100000737,defense_vs_attack,420.000000,460.000000,0.001944,100.000000,0.019278,18,18,9720,18,18,0.000000,94.487243,1000,918416,6,0.000000,0.836735,1,2464,0,22853,0
100000738,defense_only,120.000000,160.000000,0.001944,100.000000,0.030282,18,18,9720,18,18,0.000000,81.888477,1000,795956,6,1.000000,1.000000,0,2537,0,8418,0
100000738,attack_only,220.000000,260.000000,0.000000,0.000000,0.000000,18,0,0,0,18,100.000000,0.000000,1000,293852,6,1.000000,1.000000,0,1824,0,13048,0
100000738,baseline,320.000000,360.000000,0.001944,100.000000,0.028750,18,18,9720,18,18,0.000000,28.727160,1000,279228,6,1.000000,1.000000,0,1804,0,17474,0
100000738,defense_vs_attack,420.000000,460.000000,0.001512,77.777778,0.015311,18,14,7560,14,18,22.222222,110.711640,1000,836980,6,0.000000,0.857143,1,2536,0,23537,0
100000742,attack_only,120.000000,160.000000,0.001944,100.000000,0.015393,18,18,9720,18,18,0.000000,28.227572,1000,274372,3,1.000000,1.000000,0,1659,0,6284,0
100000742,defense_only,220.000000,260.000000,0.001944,100.000000,0.005789,18,18,9720,18,18,0.000000,83.186420,1000,808572,3,1.000000,1.000000,0,2358,0,11998,0
100000742,baseline,320.000000,360.000000,0.001944,100.000000,0.012861,18,18,9720,18,18,0.000000,27.437449,1000,266692,3,1.000000,1.000000,0,1655,0,16256,0
100000742,defense_vs_attack,420.000000,460.000000,0.001944,100.000000,0.007595,18,18,9720,18,18,0.000000,88.029630,1000,855648,3,0.000000,0.877551,1,2414,0,21970,0
100000752,defense_only,120.000000,160.000000,0.001944,100.000000,0.036848,18,18,9720,18,18,0.000000,74.432922,1000,723488,7,1.000000,1.000000,0,2621,0,8687,0
100000752,baseline,220.000000,260.000000,0.001944,100.000000,0.021313,18,18,9720,18,18,0.000000,29.679835,1000,288488,7,1.000000,1.000000,0,1872,0,13430,0
100000752,attack_only,320.000000,360.000000,0.000000,0.000000,0.000000,18,0,0,0,18,100.000000,0.000000,1000,278900,8,1.000000,1.000000,0,1824,0,17883,0
100000752,defense_vs_attack,420.000000,460.000000,0.001080,55.555556,0.021740,18,10,5400,10,18,44.444444,143.735556,1000,776172,7,0.000000,0.877551,1,2697,0,24354,0
100000751,attack_only,120.000000,160.000000,0.000000,0.000000,0.000000,18,0,0,0,18,100.000000,0.000000,1000,291132,4,1.000000,1.000000,0,1734,0,6655,0
100000751,defense_vs_attack,220.000000,260.000000,0.001188,61.111111,0.043882,18,11,5940,11,18,38.888889,122.476094,1000,727508,4,0.000000,0.877551,2,2710,0,12754,0
100000751,defense_only,320.000000,360.000000,0.001944,100.000000,0.014333,18,18,9720,18,18,0.000000,78.859259,1000,766512,4,1.000000,1.000000,0,2358,0,18548,0
100000751,baseline,420.000000,460.000000,0.001944,100.000000,0.012301,18,18,9720,18,18,0.000000,30.258848,1000,294116,4,1.000000,1.000000,0,1727,0,23063,0
100000756,attack_only,120.000000,160.000000,0.001944,100.000000,0.036010,18,18,9720,18,18,0.000000,23.986008,1000,233144,7,1.000000,1.000000,0,1795,0,6552,0
100000756,defense_only,220.000000,260.000000,0.001944,100.000000,0.020629,18,18,9720,18,18,0.000000,87.380658,1000,849340,7,1.000000,1.000000,0,2642,0,12935,0
100000756,baseline,320.000000,360.000000,0.001944,100.000000,0.025766,18,18,9720,18,18,0.000000,24.938683,1000,242404,7,1.000000,1.000000,0,1758,0,17429,0
100000756,defense_vs_attack,420.000000,460.000000,0.001944,100.000000,0.017047,18,18,9720,18,18,0.000000,88.313992,1000,858412,7,0.000000,0.897959,1,2672,0,23835,0
100000759,baseline,120.000000,160.000000,0.001944,100.000000,0.015125,18,18,9720,18,18,0.000000,26.645267,1000,258992,3,1.000000,1.000000,0,1631,0,6187,0
100000759,defense_vs_attack,220.000000,260.000000,0.001620,83.333333,0.007895,18,15,8100,15,18,16.666667,101.927901,1000,825616,3,0.000000,0.816327,1,2277,0,11827,0
100000759,attack_only,320.000000,360.000000,0.000000,0.000000,0.000000,18,0,0,0,18,100.000000,0.000000,1000,247496,4,1.000000,1.000000,0,1572,0,15927,0
100000759,defense_only,420.000000,460.000000,0.001944,100.000000,0.011745,18,18,9720,18,18,0.000000,84.309877,1000,819492,3,1.000000,1.000000,0,2293,0,21559,0
100000762,baseline,120.000000,160.000000,0.001944,100.000000,0.031906,18,18,9720,18,18,0.000000,26.974074,1000,262188,6,1.000000,1.000000,0,1818,0,6716,0
100000762,defense_only,220.000000,260.000000,0.001944,100.000000,0.021571,18,18,9720,18,18,0.000000,80.093416,1000,778508,6,1.000000,1.000000,0,2718,0,13290,0
100000762,attack_only,320.000000,360.000000,0.000000,0.000000,0.000000,18,0,0,0,18,100.000000,0.000000,1000,259724,6,1.000000,1.000000,0,1762,0,17855,0
100000762,defense_vs_attack,420.000000,460.000000,0.001512,77.777778,0.020010,18,14,7560,14,18,22.222222,104.715344,1000,791648,6,0.000000,0.897959,1,2748,0,24299,0
100000761,baseline,120.000000,160.000000,0.001944,100.000000,0.015378,18,18,9720,18,18,0.000000,27.701235,1000,269256,3,1.000000,1.000000,0,1759,0,6720,0
100000761,defense_only,220.000000,260.000000,0.001944,100.000000,0.006025,18,18,9720,18,18,0.000000,87.276955,1000,848332,3,1.000000,1.000000,0,2594,0,13022,0
100000761,defense_vs_attack,320.000000,360.000000,0.001944,100.000000,0.013658,18,18,9720,18,18,0.000000,87.241975,1000,847992,3,0.000000,0.979592,1,2640,0,19450,0
100000761,attack_only,420.000000,460.000000,0.001944,100.000000,0.007525,18,18,9720,18,18,0.000000,29.134568,1000,283188,3,1.000000,1.000000,0,1771,0,23979,0
100000763,attack_only,120.000000,160.000000,0.001944,100.000000,0.025886,18,18,9720,18,18,0.000000,27.314403,1000,265496,5,1.000000,1.000000,0,1724,0,6383,0
100000763,baseline,220.000000,260.000000,0.001944,100.000000,0.009798,18,18,9720,18,18,0.000000,27.115638,1000,263564,5,1.000000,1.000000,0,1702,0,10484,0
100000763,defense_vs_attack,320.000000,360.000000,0.001944,100.000000,0.022073,18,18,9720,18,18,0.000000,97.316872,1000,945920,5,0.000000,0.775510,1,2456,0,16364,0
100000763,defense_only,420.000000,460.000000,0.001944,100.000000,0.012801,18,18,9720,18,18,0.000000,98.597119,1000,958364,5,1.000000,1.000000,0,2410,0,22241,0
100000768,defense_only,120.000000,160.000000,0.001944,100.000000,0.031174,18,18,9720,18,18,0.000000,76.146914,1000,740148,6,1.000000,1.000000,0,2505,0,8483,0
100000768,defense_vs_attack,220.000000,260.000000,0.000864,44.444444,0.022760,18,8,4320,8,18,55.555556,180.184259,1000,778396,6,0.000000,0.918367,1,2815,0,14998,0
100000768,attack_only,320.000000,360.000000,0.000000,0.000000,0.000000,18,0,0,0,18,100.000000,0.000000,1000,291548,7,1.000000,1.000000,0,1818,0,19601,0
100000768,baseline,420.000000,460.000000,0.001944,100.000000,0.019025,18,18,9720,18,18,0.000000,30.346502,1000,294968,6,1.000000,1.000000,0,1838,0,24036,0
100000770,defense_only,120.000000,160.000000,0.001944,100.000000,0.021194,18,18,9720,18,18,0.000000,81.360082,1000,790820,4,1.000000,1.000000,0,2546,0,8425,0
100000770,defense_vs_attack,220.000000,260.000000,0.001512,77.777778,0.015586,18,14,7560,14,18,22.222222,109.413757,1000,827168,4,0.000000,0.877551,1,2440,0,14479,0
100000770,attack_only,320.000000,360.000000,0.000000,0.000000,0.000000,18,0,0,0,18,100.000000,0.000000,1000,286320,4,1.000000,1.000000,0,1739,0,18940,0
100000770,baseline,420.000000,460.000000,0.001944,100.000000,0.012315,18,18,9720,18,18,0.000000,28.753909,1000,279488,4,1.000000,1.000000,0,1764,0,23238,0
100000774,defense_vs_attack,120.000000,160.000000,0.000648,33.333333,0.053094,18,6,3240,6,18,66.666667,293.646914,1000,951416,6,0.000000,0.877551,1,2928,0,8749,0
100000774,baseline,220.000000,260.000000,0.001944,100.000000,0.018583,18,18,9720,18,18,0.000000,29.428395,1000,286044,5,1.000000,1.000000,0,1805,0,13298,0
100000774,attack_only,320.000000,360.000000,0.000000,0.000000,0.000000,18,0,0,0,18,100.000000,0.000000,1000,287664,5,1.000000,1.000000,0,1722,0,17541,0
100000774,defense_only,420.000000,460.000000,0.001944,100.000000,0.014413,18,18,9720,18,18,0.000000,100.338272,1000,975288,5,1.000000,1.000000,0,2547,0,23525,0
100000779,attack_only,120.000000,160.000000,0.000000,0.000000,0.000000,18,0,0,0,18,100.000000,0.000000,1000,257160,5,1.000000,1.000000,0,1667,0,6300,0
100000779,baseline,220.000000,260.000000,0.001944,100.000000,0.016415,18,18,9720,18,18,0.000000,25.697119,1000,249776,5,1.000000,1.000000,0,1677,0,10348,0
100000779,defense_vs_attack,320.000000,360.000000,0.001620,83.333333,0.026237,18,15,8100,15,18,16.666667,119.590123,1000,968680,5,0.000000,0.877551,1,2504,0,16322,0
100000779,defense_only,420.000000,460.000000,0.001944,100.000000,0.012478,18,18,9720,18,18,0.000000,97.632099,1000,948984,5,1.000000,1.000000,0,2431,0,22276,0
100000784,baseline,120.000000,160.000000,0.001944,100.000000,0.038528,18,18,9720,18,18,0.000000,23.733333,1000,230688,7,1.000000,1.000000,0,1698,0,6206,0
100000784,attack_only,220.000000,260.000000,0.000000,0.000000,0.000000,18,0,0,0,18,100.000000,0.000000,1000,208364,7,1.000000,1.000000,0,1596,0,10091,0
100000784,defense_vs_attack,320.000000,360.000000,0.001080,55.555556,0.022469,18,10,5400,10,18,44.444444,169.010370,1000,912656,7,0.000000,0.836735,1,2533,0,16084,0
100000784,defense_only,420.000000,460.000000,0.001944,100.000000,0.019782,18,18,9720,18,18,0.000000,91.418930,1000,888592,7,1.000000,1.000000,0,2513,0,22128,0
100000786,baseline,120.000000,160.000000,0.001944,100.000000,0.015124,18,18,9720,18,18,0.000000,28.465432,1000,276684,3,1.000000,1.000000,0,1774,0,6740,0
100000786,defense_only,220.000000,260.000000,0.001944,100.000000,0.005788,18,18,9720,18,18,0.000000,77.553909,1000,753824,3,1.000000,1.000000,0,2449,0,12723,0
100000786,attack_only,320.000000,360.000000,0.000000,0.000000,0.000000,18,0,0,0,18,100.000000,0.000000,1000,269308,3,1.000000,1.000000,0,1747,0,17283,0
100000786,defense_vs_attack,420.000000,460.000000,0.001296,66.666667,0.014471,18,12,6480,12,18,33.333333,115.140123,1000,746108,3,0.000000,0.897959,1,2508,0,23305,0
100000785,attack_only,120.000000,160.000000,0.001944,100.000000,0.015134,18,18,9720,18,18,0.000000,32.163786,1000,312632,3,1.000000,1.000000,0,1727,0,6497,0
100000785,defense_only,220.000000,260.000000,0.001944,100.000000,0.005790,18,18,9720,18,18,0.000000,96.102881,1000,934120,3,1.000000,1.000000,0,2314,0,12105,0
100000785,defense_vs_attack,320.000000,360.000000,0.001944,100.000000,0.012872,18,18,9720,18,18,0.000000,98.332922,1000,955796,3,0.000000,0.897959,2,2361,0,18020,0
100000785,baseline,420.000000,460.000000,0.001944,100.000000,0.007066,18,18,9720,18,18,0.000000,31.378189,1000,304996,3,1.000000,1.000000,0,1672,0,22310,0
100000790,defense_only,120.000000,160.000000,0.001944,100.000000,0.032298,18,18,9720,18,18,0.000000,85.737037,1000,833364,6,1.000000,1.000000,0,2566,0,8568,0
100000790,defense_vs_attack,220.000000,260.000000,0.001620,83.333333,0.089406,18,15,8100,15,18,16.666667,101.641481,1000,823296,6,0.000000,0.816327,1,2605,0,14899,0
100000790,attack_only,320.000000,360.000000,0.000000,0.000000,0.000000,18,0,0,0,18,100.000000,0.000000,1000,282252,6,1.000000,1.000000,0,1789,0,19481,0
100000790,baseline,420.000000,460.000000,0.001944,100.000000,0.016104,18,18,9720,18,18,0.000000,27.921399,1000,271396,6,1.000000,1.000000,0,1835,0,23832,0
100000795,baseline,120.000000,160.000000,0.001944,100.000000,0.015874,18,18,9720,18,18,0.000000,26.556379,1000,258128,3,1.000000,1.000000,0,1671,0,6335,0
100000795,defense_only,220.000000,260.000000,0.001944,100.000000,0.015298,18,18,9720,18,18,0.000000,82.571605,1000,802596,3,1.000000,1.000000,0,2377,0,12218,0
100000795,attack_only,320.000000,360.000000,0.001944,100.000000,0.005789,18,18,9720,18,18,0.000000,24.464609,1000,237796,3,1.000000,1.000000,0,1647,0,16455,0
100000795,defense_vs_attack,420.000000,460.000000,0.001944,100.000000,0.014922,18,18,9720,18,18,0.000000,85.916461,1000,835108,3,0.000000,0.857143,1,2425,0,22286,0
100000796,defense_only,120.000000,160.000000,0.001944,100.000000,0.025292,18,18,9720,18,18,0.000000,90.924280,1000,883784,5,1.000000,1.000000,0,2492,0,8465,0
100000796,baseline,220.000000,260.000000,0.001944,100.000000,0.009867,18,18,9720,18,18,0.000000,32.982716,1000,320592,5,1.000000,1.000000,0,1838,0,13104,0
100000796,attack_only,320.000000,360.000000,0.001944,100.000000,0.022899,18,18,9720,18,18,0.000000,34.499588,1000,335336,5,1.000000,1.000000,0,1888,0,17635,0
100000796,defense_vs_attack,420.000000,460.000000,0.001944,100.000000,0.012300,18,18,9720,18,18,0.000000,88.800412,1000,863140,5,0.000000,0.857143,1,2601,0,23865,0
100000801,defense_vs_attack,120.000000,160.000000,0.001512,77.777778,0.029588,18,14,7560,14,18,22.222222,115.319577,1000,871816,5,0.000000,0.816327,2,2649,0,8475,0
100000801,attack_only,220.000000,260.000000,0.001944,100.000000,0.012899,18,18,9720,18,18,0.000000,24.678189,1000,239872,5,1.000000,1.000000,0,1662,0,12755,0
100000801,defense_only,320.000000,360.000000,0.001944,100.000000,0.019201,18,18,9720,18,18,0.000000,95.962551,1000,932756,5,1.000000,1.000000,0,2465,0,18763,0
100000801,baseline,420.000000,460.000000,0.001944,100.000000,0.012472,18,18,9720,18,18,0.000000,25.174074,1000,244692,5,1.000000,1.000000,0,1663,0,23083,0
100000807,defense_vs_attack,120.000000,160.000000,0.001944,100.000000,0.093842,18,18,9720,18,18,0.000000,94.245267,1000,916064,7,0.000000,0.918367,1,2547,0,8076,0
100000807,attack_only,220.000000,260.000000,0.001944,100.000000,0.082157,18,18,9720,18,18,0.000000,23.044856,1000,223996,8,1.000000,1.000000,0,1650,0,12284,0
100000807,baseline,320.000000,360.000000,0.001944,100.000000,0.024790,18,18,9720,18,18,0.000000,21.386008,1000,207872,7,1.000000,1.000000,0,1564,0,16020,0
100000807,defense_only,420.000000,460.000000,0.001944,100.000000,0.022862,18,18,9720,18,18,0.000000,95.203292,1000,925376,7,1.000000,1.000000,0,2431,0,21966,0
100000809,defense_vs_attack,120.000000,160.000000,0.001296,66.666667,0.016912,18,12,6480,12,18,33.333333,133.424691,1000,864592,3,0.000000,0.938776,1,2454,0,8237,0
100000809,attack_only,220.000000,260.000000,0.001944,100.000000,0.007704,18,18,9720,18,18,0.000000,31.773251,1000,308836,3,1.000000,1.000000,0,1787,0,12757,0
100000809,defense_only,320.000000,360.000000,0.001944,100.000000,0.009609,18,18,9720,18,18,0.000000,88.651852,1000,861696,3,1.000000,1.000000,0,2417,0,18685,0
100000809,baseline,420.000000,460.000000,0.001944,100.000000,0.010514,18,18,9720,18,18,0.000000,29.823457,1000,289884,3,1.000000,1.000000,0,1770,0,23223,0
100000811,baseline,120.000000,160.000000,0.001944,100.000000,0.047691,18,18,9720,18,18,0.000000,34.060905,1000,331072,9,1.000000,1.000000,0,1945,0,7092,0
100000811,defense_only,220.000000,260.000000,0.001944,100.000000,0.019627,18,18,9720,18,18,0.000000,88.900823,1000,864116,9,1.000000,1.000000,0,2596,0,13277,0
100000811,attack_only,320.000000,360.000000,0.001944,100.000000,0.038298,18,18,9720,18,18,0.000000,34.137037,1000,331812,9,1.000000,1.000000,0,1903,0,18047,0
100000811,defense_vs_attack,420.000000,460.000000,0.001836,94.444444,0.044784,18,17,9180,17,18,5.555556,99.024401,1000,909044,9,0.000000,0.918367,1,2685,0,24417,0
100000815,defense_only,120.000000,160.000000,0.001944,100.000000,0.021871,18,18,9720,18,18,0.000000,90.137037,1000,876132,4,1.000000,1.000000,0,2485,0,8499,0
100000815,attack_only,220.000000,260.000000,0.000000,0.000000,0.000000,18,0,0,0,18,100.000000,0.000000,1000,274840,4,1.000000,1.000000,0,1734,0,13015,0
100000815,defense_vs_attack,320.000000,360.000000,0.001296,66.666667,0.011193,18,12,6480,12,18,33.333333,127.601235,1000,826856,4,0.000000,0.918367,1,2454,0,19045,0
100000815,baseline,420.000000,460.000000,0.001944,100.000000,0.014361,18,18,9720,18,18,0.000000,27.388477,1000,266216,4,1.000000,1.000000,0,1778,0,23534,0
100000814,defense_vs_attack,120.000000,160.000000,0.001944,100.000000,0.022385,18,18,9720,18,18,0.000000,95.533333,1000,928584,4,0.000000,0.857143,1,2482,0,8286,0
100000814,attack_only,220.000000,260.000000,0.001944,100.000000,0.014114,18,18,9720,18,18,0.000000,28.267078,1000,274756,4,1.000000,1.000000,0,1752,0,12722,0
100000814,baseline,320.000000,360.000000,0.001944,100.000000,0.012779,18,18,9720,18,18,0.000000,27.616461,1000,268432,4,1.000000,1.000000,0,1729,0,16924,0
100000814,defense_only,420.000000,460.000000,0.001944,100.000000,0.013302,18,18,9720,18,18,0.000000,91.274074,1000,887184,4,1.000000,1.000000,0,2461,0,22893,0
100000817,defense_vs_attack,120.000000,160.000000,0.001944,100.000000,0.076284,18,18,9720,18,18,0.000000,96.651029,1000,939448,4,0.000000,0.877551,1,2403,0,8180,0
100000817,baseline,220.000000,260.000000,0.001944,100.000000,0.007961,18,18,9720,18,18,0.000000,28.941975,1000,281316,4,1.000000,1.000000,0,1687,0,12516,0
100000817,defense_only,320.000000,360.000000,0.001944,100.000000,0.018341,18,18,9720,18,18,0.000000,99.445679,1000,966612,4,1.000000,1.000000,0,2466,0,18450,0
100000817,attack_only,420.000000,460.000000,0.001944,100.000000,0.010076,18,18,9720,18,18,0.000000,29.806996,1000,289724,4,1.000000,1.000000,0,1710,0,22797,0
100000821,defense_only,120.000000,160.000000,0.001944,100.000000,0.016551,18,18,9720,18,18,0.000000,88.205761,1000,857360,3,1.000000,1.000000,0,2467,0,8059,0
100000821,defense_vs_attack,220.000000,260.000000,0.001944,100.000000,0.007623,18,18,9720,18,18,0.000000,89.058436,1000,865648,3,0.000000,0.938776,1,2468,0,14186,0
100000821,attack_only,320.000000,360.000000,0.001944,100.000000,0.010011,18,18,9720,18,18,0.000000,19.478189,1000,189328,3,1.000000,1.000000,0,1501,0,18136,0
100000821,baseline,420.000000,460.000000,0.001944,100.000000,0.006594,18,18,9720,18,18,0.000000,20.027572,1000,194668,3,1.000000,1.000000,0,1551,0,21881,0
100000830,attack_only,120.000000,160.000000,0.001944,100.000000,0.031596,18,18,9720,18,18,0.000000,27.017284,1000,262608,6,1.000000,1.000000,0,1819,0,6719,0
100000830,defense_vs_attack,220.000000,260.000000,0.001944,100.000000,0.012377,18,18,9720,18,18,0.000000,87.330864,1000,848856,6,0.000000,0.918367,1,2576,0,12914,0
100000830,defense_only,320.000000,360.000000,0.001944,100.000000,0.027326,18,18,9720,18,18,0.000000,89.241975,1000,867432,6,1.000000,1.000000,0,2632,0,19290,0
100000830,baseline,420.000000,460.000000,0.001944,100.000000,0.014365,18,18,9720,18,18,0.000000,26.409877,1000,256704,6,1.000000,1.000000,0,1759,0,23794,0
100000823,attack_only,120.000000,160.000000,0.001944,100.000000,0.015661,18,18,9720,18,18,0.000000,23.762551,1000,230972,3,1.000000,1.000000,0,1645,0,6203,0
100000823,defense_vs_attack,220.000000,260.000000,0.001944,100.000000,0.006561,18,18,9720,18,18,0.000000,91.892593,1000,893196,3,0.000000,0.857143,1,2437,0,12334,0
100000823,baseline,320.000000,360.000000,0.001944,100.000000,0.013000,18,18,9720,18,18,0.000000,23.199588,1000,225500,3,1.000000,1.000000,0,1611,0,16514,0
100000823,defense_only,420.000000,460.000000,0.001944,100.000000,0.008063,18,18,9720,18,18,0.000000,88.977778,1000,864864,3,1.000000,1.000000,0,2564,0,22585,0
100000828,attack_only,120.000000,160.000000,0.001944,100.000000,0.086624,18,18,9720,18,18,0.000000,28.462140,1000,276652,6,1.000000,1.000000,0,1787,0,6559,0
100000828,defense_only,220.000000,260.000000,0.001944,100.000000,0.018534,18,18,9720,18,18,0.000000,88.761728,1000,862764,6,1.000000,1.000000,0,2479,0,12496,0
100000828,defense_vs_attack,320.000000,360.000000,0.001944,100.000000,0.024582,18,18,9720,18,18,0.000000,87.880658,1000,854200,6,0.000000,0.877551,1,2451,0,18537,0
100000828,baseline,420.000000,460.000000,0.001944,100.000000,0.014006,18,18,9720,18,18,0.000000,29.759259,1000,289260,6,1.000000,1.000000,0,1777,0,23004,0
100000831,defense_vs_attack,120.000000,160.000000,0.001296,66.666667,0.137850,18,12,6480,12,18,33.333333,130.474074,1000,845472,8,0.000000,0.877551,1,2720,0,8599,0
100000831,attack_only,220.000000,260.000000,0.000000,0.000000,0.000000,18,0,0,0,18,100.000000,0.000000,1000,269940,8,1.000000,1.000000,0,1790,0,13103,0
100000831,baseline,320.000000,360.000000,0.001944,100.000000,0.028390,18,18,9720,18,18,0.000000,27.851029,1000,270712,8,1.000000,1.000000,0,1805,0,17444,0
100000831,defense_only,420.000000,460.000000,0.001944,100.000000,0.025301,18,18,9720,18,18,0.000000,83.493416,1000,811556,8,1.000000,1.000000,0,2564,0,23603,0
100000832,defense_only,120.000000,160.000000,0.001944,100.000000,0.036353,18,18,9720,18,18,0.000000,78.937449,1000,767272,7,1.000000,1.000000,0,2493,0,8338,0
100000832,defense_vs_attack,220.000000,260.000000,0.001512,77.777778,0.034694,18,14,7560,14,18,22.222222,111.863492,1000,845688,7,0.000000,0.755102,1,2489,0,14421,0
100000832,baseline,320.000000,360.000000,0.001944,100.000000,0.016550,18,18,9720,18,18,0.000000,28.495473,1000,276976,7,1.000000,1.000000,0,1879,0,19091,0
100000832,attack_only,420.000000,460.000000,0.000000,0.000000,0.000000,18,0,0,0,18,100.000000,0.000000,1000,278068,7,1.000000,1.000000,0,1780,0,23495,0
100000834,attack_only,120.000000,160.000000,0.000000,0.000000,0.000000,18,0,0,0,18,100.000000,0.000000,1000,195700,11,1.000000,1.000000,0,1552,0,5739,0
100000834,baseline,220.000000,260.000000,0.001944,100.000000,0.046819,18,18,9720,18,18,0.000000,20.328395,1000,197592,11,1.000000,1.000000,0,1636,0,9554,0
100000834,defense_vs_attack,320.000000,360.000000,0.001512,77.777778,0.031194,18,14,7560,14,18,22.222222,125.075661,1000,945572,11,0.000000,0.897959,1,2634,0,15737,0
100000834,defense_only,420.000000,460.000000,0.001944,100.000000,0.040037,18,18,9720,18,18,0.000000,93.654321,1000,910320,11,1.000000,1.000000,0,2657,0,22019,0
100000837,defense_only,120.000000,160.000000,0.001944,100.000000,0.031543,18,18,9720,18,18,0.000000,103.281893,1000,1003900,6,1.000000,1.000000,0,2523,0,8179,0
100000837,defense_vs_attack,220.000000,260.000000,0.000540,38.461538,0.236561,13,5,2700,5,18,72.222222,304.094815,1000,821056,0,0.000000,0.857143,1,2509,0,14241,0
100000837,baseline,320.000000,360.000000,0.001944,100.000000,0.022012,18,18,9720,18,18,0.000000,25.717695,1000,249976,6,1.000000,1.000000,0,1698,0,18496,0
100000837,attack_only,420.000000,460.000000,0.000000,0.000000,0.000000,18,0,0,0,18,100.000000,0.000000,1000,249712,6,1.000000,1.000000,0,1620,0,22440,0
100000839,attack_only,120.000000,160.000000,0.001944,100.000000,0.020446,18,18,9720,18,18,0.000000,32.286008,1000,313820,4,1.000000,1.000000,0,1865,0,7082,0
100000839,defense_only,220.000000,260.000000,0.001944,100.000000,0.009070,18,18,9720,18,18,0.000000,87.454321,1000,850056,4,1.000000,1.000000,0,2587,0,13337,0
100000839,defense_vs_attack,320.000000,360.000000,0.001944,100.000000,0.017250,18,18,9720,18,18,0.000000,93.700412,1000,910768,4,0.000000,0.795918,1,2688,0,19782,0
100000839,baseline,420.000000,460.000000,0.001944,100.000000,0.010313,18,18,9720,18,18,0.000000,32.544033,1000,316328,4,1.000000,1.000000,0,1859,0,24567,0
100000847,attack_only,120.000000,160.000000,0.001944,100.000000,0.020776,18,18,9720,18,18,0.000000,21.929630,1000,213156,4,1.000000,1.000000,0,1531,0,5744,0
100000847,baseline,220.000000,260.000000,0.001944,100.000000,0.008029,18,18,9720,18,18,0.000000,21.371605,1000,207732,4,1.000000,1.000000,0,1518,0,9400,0
100000847,defense_vs_attack,320.000000,360.000000,0.001944,100.000000,0.016634,18,18,9720,18,18,0.000000,89.670782,1000,871600,4,0.000000,0.857143,1,2428,0,15238,0
100000847,defense_only,420.000000,460.000000,0.001944,100.000000,0.012634,18,18,9720,18,18,0.000000,85.741152,1000,833404,4,1.000000,1.000000,0,2309,0,21092,0
100000846,defense_only,120.000000,160.000000,0.001944,100.000000,0.088838,18,18,9720,18,18,0.000000,101.199177,1000,983656,6,1.000000,1.000000,0,2415,0,8090,0
100000846,defense_vs_attack,220.000000,260.000000,0.001296,66.666667,0.031355,18,12,6480,12,18,33.333333,138.547531,1000,897788,7,0.000000,0.836735,1,2487,0,14117,0
100000846,baseline,320.000000,360.000000,0.001944,100.000000,0.023671,18,18,9720,18,18,0.000000,25.089712,1000,243872,6,1.000000,1.000000,0,1675,0,18359,0
100000846,attack_only,420.000000,460.000000,0.000000,0.000000,0.000000,18,0,0,0,18,100.000000,0.000000,1000,249052,6,1.000000,1.000000,0,1617,0,22346,0
100000855,attack_only,120.000000,160.000000,0.001944,100.000000,0.015088,18,18,9720,18,18,0.000000,28.956379,1000,281456,3,1.000000,1.000000,0,1743,0,6609,0
100000855,defense_only,220.000000,260.000000,0.001944,100.000000,0.005851,18,18,9720,18,18,0.000000,91.907819,1000,893344,3,1.000000,1.000000,0,2386,0,12438,0
100000855,baseline,320.000000,360.000000,0.001944,100.000000,0.012950,18,18,9720,18,18,0.000000,31.680658,1000,307936,3,1.000000,1.000000,0,1801,0,17028,0
100000855,defense_vs_attack,420.000000,460.000000,0.001944,100.000000,0.007431,18,18,9720,18,18,0.000000,98.666667,1000,959040,3,0.000000,0.755102,2,2423,0,22920,0
100000881,defense_only,120.000000,160.000000,0.001944,100.000000,0.030844,18,18,9720,18,18,0.000000,78.768313,1000,765628,6,1.000000,1.000000,0,2489,0,8159,0
100000881,attack_only,220.000000,260.000000,0.000000,0.000000,0.000000,18,0,0,0,18,100.000000,0.000000,1000,240940,6,1.000000,1.000000,0,1637,0,12404,0
100000881,defense_vs_attack,320.000000,360.000000,0.001512,77.777778,0.027757,18,14,7560,14,18,22.222222,99.332275,1000,750952,6,0.000000,0.836735,1,2457,0,18307,0
100000881,baseline,420.000000,460.000000,0.001944,100.000000,0.020747,18,18,9720,18,18,0.000000,24.906584,1000,242092,6,1.000000,1.000000,0,1673,0,22582,0
100000882,attack_only,120.000000,160.000000,0.001944,100.000000,0.015501,18,18,9720,18,18,0.000000,26.352675,1000,256148,3,1.000000,1.000000,0,1590,0,6136,0
100000882,baseline,220.000000,260.000000,0.001944,100.000000,0.005789,18,18,9720,18,18,0.000000,26.000823,1000,252728,3,1.000000,1.000000,0,1588,0,10071,0
100000882,defense_only,320.000000,360.000000,0.001944,100.000000,0.013266,18,18,9720,18,18,0.000000,89.355556,1000,868536,3,1.000000,1.000000,0,2309,0,15799,0
100000882,defense_vs_attack,420.000000,460.000000,0.001728,88.888889,0.013815,18,16,8640,16,18,11.111111,104.215741,1000,900424,3,0.000000,0.816327,1,2415,0,21629,0
100000884,defense_only,120.000000,160.000000,0.001944,100.000000,0.020177,18,18,9720,18,18,0.000000,96.374486,1000,936760,4,1.000000,1.000000,0,2504,0,8447,0
100000884,baseline,220.000000,260.000000,0.001944,100.000000,0.007794,18,18,9720,18,18,0.000000,26.082305,1000,253520,4,1.000000,1.000000,0,1676,0,12763,0
100000884,defense_vs_attack,320.000000,360.000000,0.001944,100.000000,0.017753,18,18,9720,18,18,0.000000,99.325103,1000,965440,4,0.000000,0.877551,1,2456,0,18763,0
100000884,attack_only,420.000000,460.000000,0.001944,100.000000,0.009499,18,18,9720,18,18,0.000000,26.860082,1000,261080,4,1.000000,1.000000,0,1692,0,23069,0
100000878,baseline,120.000000,160.000000,0.001944,100.000000,0.026616,18,18,9720,18,18,0.000000,28.861317,1000,280532,5,1.000000,1.000000,0,1689,0,6355,0
100000878,defense_only,220.000000,260.000000,0.001944,100.000000,0.016371,18,18,9720,18,18,0.000000,97.509053,1000,947788,5,1.000000,1.000000,0,2395,0,12041,0
100000878,attack_only,320.000000,360.000000,0.001944,100.000000,0.016822,18,18,9720,18,18,0.000000,28.973663,1000,281624,5,1.000000,1.000000,0,1705,0,16317,0
100000878,defense_vs_attack,420.000000,460.000000,0.001620,83.333333,0.019430,18,15,8100,15,18,16.666667,112.192593,1000,908760,5,0.000000,0.836735,1,2330,0,21920,0
100000889,defense_vs_attack,120.000000,160.000000,0.001620,83.333333,0.044156,18,15,8100,15,18,16.666667,101.502716,1000,822172,7,0.000000,0.897959,1,2626,0,8577,0
100000889,baseline,220.000000,260.000000,0.001944,100.000000,0.016730,18,18,9720,18,18,0.000000,28.079424,1000,272932,7,1.000000,1.000000,0,1756,0,13051,0
100000889,attack_only,320.000000,360.000000,0.001944,100.000000,0.026219,18,18,9720,18,18,0.000000,27.183128,1000,264220,7,1.000000,1.000000,0,1831,0,17332,0
100000889,defense_only,420.000000,460.000000,0.001944,100.000000,0.021817,18,18,9720,18,18,0.000000,85.752263,1000,833512,7,1.000000,1.000000,0,2641,0,23415,0
100000891,defense_vs_attack,120.000000,160.000000,0.001728,88.888889,0.033866,18,16,8640,16,18,11.111111,108.499074,1000,937432,8,0.000000,0.857143,3,2598,0,8085,0
100000891,attack_only,220.000000,260.000000,0.001944,100.000000,0.011816,18,18,9720,18,18,0.000000,23.666667,1000,230040,5,1.000000,1.000000,0,1549,0,12120,0
100000891,defense_only,320.000000,360.000000,0.001944,100.000000,0.020597,18,18,9720,18,18,0.000000,96.276955,1000,935812,5,1.000000,1.000000,0,2375,0,17918,0
100000891,baseline,420.000000,460.000000,0.001944,100.000000,0.014410,18,18,9720,18,18,0.000000,23.543210,1000,228840,5,1.000000,1.000000,0,1555,0,21998,0
100000890,baseline,120.000000,160.000000,0.001944,100.000000,0.030213,18,18,9720,18,18,0.000000,23.472428,1000,228152,6,1.000000,1.000000,0,1617,0,6039,0
100000890,defense_only,220.000000,260.000000,0.001944,100.000000,0.013276,18,18,9720,18,18,0.000000,92.968724,1000,903656,6,1.000000,1.000000,0,2455,0,11911,0
100000890,attack_only,320.000000,360.000000,0.000000,0.000000,0.000000,18,0,0,0,18,100.000000,0.000000,1000,235488,6,1.000000,1.000000,0,1601,0,15987,0
100000890,defense_vs_attack,420.000000,460.000000,0.001296,66.666667,0.030903,18,12,6480,12,18,33.333333,145.414198,1000,942284,6,0.000000,0.857143,1,2368,0,21746,0
100000894,defense_vs_attack,120.000000,160.000000,0.001296,66.666667,0.017548,18,12,6480,12,18,33.333333,137.570988,1000,891460,3,0.000000,0.897959,1,2501,0,8382,0
100000894,attack_only,220.000000,260.000000,0.000000,0.000000,0.000000,18,0,0,0,18,100.000000,0.000000,1000,294588,4,1.000000,1.000000,0,1780,0,12933,0
100000894,baseline,320.000000,360.000000,0.001944,100.000000,0.009819,18,18,9720,18,18,0.000000,31.162551,1000,302900,3,1.000000,1.000000,0,1791,0,17278,0
100000894,defense_only,420.000000,460.000000,0.001944,100.000000,0.009207,18,18,9720,18,18,0.000000,93.903704,1000,912744,3,1.000000,1.000000,0,2460,0,23246,0
100000901,baseline,120.000000,160.000000,0.001944,100.000000,0.016045,18,18,9720,18,18,0.000000,28.226749,1000,274364,3,1.000000,1.000000,0,1758,0,6682,0
100000901,defense_vs_attack,220.000000,260.000000,0.001944,100.000000,0.006664,18,18,9720,18,18,0.000000,92.682716,1000,900876,3,0.000000,0.938776,1,2550,0,12964,0
100000901,defense_only,320.000000,360.000000,0.001944,100.000000,0.012383,18,18,9720,18,18,0.000000,92.284774,1000,897008,3,1.000000,1.000000,0,2579,0,19343,0
100000901,attack_only,420.000000,460.000000,0.001944,100.000000,0.007569,18,18,9720,18,18,0.000000,29.427984,1000,286040,3,1.000000,1.000000,0,1806,0,23942,0
100000897,defense_only,120.000000,160.000000,0.001944,100.000000,0.025823,18,18,9720,18,18,0.000000,103.017695,1000,1001332,5,1.000000,1.000000,0,2411,0,8131,0
100000897,defense_vs_attack,220.000000,260.000000,0.001944,100.000000,0.010412,18,18,9720,18,18,0.000000,103.752263,1000,1008472,5,0.000000,0.816327,1,2366,0,13907,0
100000897,attack_only,320.000000,360.000000,0.001944,100.000000,0.021927,18,18,9720,18,18,0.000000,29.719753,1000,288876,5,1.000000,1.000000,0,1762,0,18382,0
100000897,baseline,420.000000,460.000000,0.001944,100.000000,0.011933,18,18,9720,18,18,0.000000,29.088066,1000,282736,5,1.000000,1.000000,0,1789,0,22682,0
100000903,baseline,120.000000,160.000000,0.001944,100.000000,0.020590,18,18,9720,18,18,0.000000,29.572428,1000,287444,4,1.000000,1.000000,0,1716,0,6501,0
100000903,defense_vs_attack,220.000000,260.000000,0.001512,77.777778,0.018681,18,14,7560,14,18,22.222222,130.044444,1000,983136,4,0.000000,0.795918,1,2464,0,12327,0
100000903,defense_only,320.000000,360.000000,0.001944,100.000000,0.014936,18,18,9720,18,18,0.000000,99.035802,1000,962628,4,1.000000,1.000000,0,2344,0,18108,0
100000903,attack_only,420.000000,460.000000,0.001944,100.000000,0.008458,18,18,9720,18,18,0.000000,31.193416,1000,303200,4,1.000000,1.000000,0,1747,0,22542,0
100000913,defense_only,120.000000,160.000000,0.001944,100.000000,0.103211,18,18,9720,18,18,0.000000,84.960494,1000,825816,9,1.000000,1.000000,0,3007,0,9637,0
100000913,defense_vs_attack,220.000000,260.000000,0.001944,100.000000,0.019813,18,18,9720,18,18,0.000000,86.517284,1000,840948,9,0.000000,0.918367,1,2930,0,16795,0
100000913,baseline,320.000000,360.000000,0.001944,100.000000,0.038726,18,18,9720,18,18,0.000000,26.753909,1000,260048,9,1.000000,1.000000,0,1947,0,21660,0
100000913,attack_only,420.000000,460.000000,0.001944,100.000000,0.023243,18,18,9720,18,18,0.000000,26.273251,1000,255376,9,1.000000,1.000000,0,1969,0,26298,0
100000914,attack_only,120.000000,160.000000,0.001944,100.000000,0.030880,18,18,9720,18,18,0.000000,31.232922,1000,303584,6,1.000000,1.000000,0,1938,0,7146,0
100000914,defense_vs_attack,220.000000,260.000000,0.001944,100.000000,0.011897,18,18,9720,18,18,0.000000,94.381481,1000,917388,6,0.000000,0.775510,1,2773,0,13747,0
100000914,baseline,320.000000,360.000000,0.001944,100.000000,0.025982,18,18,9720,18,18,0.000000,29.961317,1000,291224,6,1.000000,1.000000,0,1904,0,18561,0
100000914,defense_only,420.000000,460.000000,0.001944,100.000000,0.014983,18,18,9720,18,18,0.000000,93.000000,1000,903960,6,1.000000,1.000000,0,2689,0,25030,0
100000919,attack_only,120.000000,160.000000,0.001944,100.000000,0.027341,18,18,9720,18,18,0.000000,27.278189,1000,265144,5,1.000000,1.000000,0,1766,0,6615,0
100000919,defense_vs_attack,220.000000,260.000000,0.001620,83.333333,0.018455,18,15,8100,15,18,16.666667,107.212840,1000,868424,5,0.000000,0.857143,1,2615,0,12766,0
100000919,defense_only,320.000000,360.000000,0.001944,100.000000,0.018790,18,18,9720,18,18,0.000000,89.524691,1000,870180,5,1.000000,1.000000,0,2521,0,18799,0
100000919,baseline,420.000000,460.000000,0.001944,100.000000,0.013058,18,18,9720,18,18,0.000000,28.078189,1000,272920,5,1.000000,1.000000,0,1757,0,23322,0
100000921,defense_vs_attack,120.000000,160.000000,0.000108,5.555556,0.110081,18,1,540,1,18,94.444444,1558.022222,1000,841332,9,0.000000,0.836735,1,2777,0,8683,0
100000921,attack_only,220.000000,260.000000,0.000000,0.000000,0.000000,18,0,0,0,18,100.000000,0.000000,1000,287808,3,1.000000,1.000000,0,1679,0,13115,0
100000921,baseline,320.000000,360.000000,0.001944,100.000000,0.012945,18,18,9720,18,18,0.000000,29.956790,1000,291180,3,1.000000,1.000000,0,1717,0,17364,0
100000921,defense_only,420.000000,460.000000,0.001944,100.000000,0.008559,18,18,9720,18,18,0.000000,86.940329,1000,845060,3,1.000000,1.000000,0,2477,0,23292,0
100000917,defense_only,120.000000,160.000000,0.001944,100.000000,0.018193,18,18,9720,18,18,0.000000,122.583951,1000,1191516,3,1.000000,1.000000,0,2265,0,7901,0
100000917,baseline,220.000000,260.000000,0.001944,100.000000,0.009526,18,18,9720,18,18,0.000000,33.685185,1000,327420,3,1.000000,1.000000,0,1790,0,12381,0
100000917,attack_only,320.000000,360.000000,0.001944,100.000000,0.008260,18,18,9720,18,18,0.000000,33.190123,1000,322608,3,1.000000,1.000000,0,1743,0,16633,0
100000917,defense_vs_attack,420.000000,460.000000,0.001944,100.000000,0.011981,18,18,9720,18,18,0.000000,117.874486,1000,1145740,3,0.000000,0.734694,2,2280,0,22184,0
100000925,defense_only,120.000000,160.000000,0.001944,100.000000,0.015518,18,18,9720,18,18,0.000000,96.098354,1000,934076,3,1.000000,1.000000,0,2488,0,8371,0
100000925,attack_only,220.000000,260.000000,0.000000,0.000000,0.000000,18,0,0,0,18,100.000000,0.000000,1000,259968,3,1.000000,1.000000,0,1637,0,12682,0
100000925,defense_vs_attack,320.000000,360.000000,0.001512,77.777778,0.016016,18,14,7560,14,18,22.222222,124.368254,1000,940224,3,0.000000,0.877551,1,2487,0,18750,0
100000925,baseline,420.000000,460.000000,0.001944,100.000000,0.009257,18,18,9720,18,18,0.000000,26.570370,1000,258264,3,1.000000,1.000000,0,1667,0,23100,0
100000927,defense_vs_attack,120.000000,160.000000,0.001080,55.555556,0.027515,18,10,5400,10,18,44.444444,169.606667,1000,915876,4,0.000000,0.734694,1,2444,0,8176,0
100000927,attack_only,220.000000,260.000000,0.000000,0.000000,0.000000,18,0,0,0,18,100.000000,0.000000,1000,273180,5,1.000000,1.000000,0,1597,0,12405,0
100000927,baseline,320.000000,360.000000,0.001944,100.000000,0.011155,18,18,9720,18,18,0.000000,28.757613,1000,279524,4,1.000000,1.000000,0,1679,0,16510,0
100000927,defense_only,420.000000,460.000000,0.001944,100.000000,0.011335,18,18,9720,18,18,0.000000,94.254733,1000,916156,4,1.000000,1.000000,0,2368,0,22337,0
100000932,defense_only,120.000000,160.000000,0.001944,100.000000,0.016378,18,18,9720,18,18,0.000000,88.031687,1000,855668,3,1.000000,1.000000,0,2544,0,8568,0
100000932,baseline,220.000000,260.000000,0.001944,100.000000,0.012755,18,18,9720,18,18,0.000000,30.228395,1000,293820,3,1.000000,1.000000,0,1837,0,13328,0
100000932,defense_vs_attack,320.000000,360.000000,0.001944,100.000000,0.008093,18,18,9720,18,18,0.000000,88.612757,1000,861316,3,0.000000,0.877551,1,2500,0,19545,0
100000932,attack_only,420.000000,460.000000,0.001944,100.000000,0.010927,18,18,9720,18,18,0.000000,30.420988,1000,295692,3,1.000000,1.000000,0,1830,0,24224,0
100000934,attack_only,120.000000,160.000000,0.000000,0.000000,0.000000,18,0,0,0,18,100.000000,0.000000,1000,247728,3,1.000000,1.000000,0,1590,0,6049,0
100000934,baseline,220.000000,260.000000,0.001944,100.000000,0.012118,18,18,9720,18,18,0.000000,25.306584,1000,245980,3,1.000000,1.000000,0,1604,0,9973,0
100000934,defense_only,320.000000,360.000000,0.001944,100.000000,0.008228,18,18,9720,18,18,0.000000,103.225514,1000,1003352,3,1.000000,1.000000,0,2431,0,15828,0
100000934,defense_vs_attack,420.000000,460.000000,0.001296,66.666667,0.022868,18,12,6480,12,18,33.333333,155.308642,1000,1006400,4,0.000000,0.897959,1,2421,0,21868,0
100000942,baseline,120.000000,160.000000,0.001944,100.000000,0.035946,18,18,9720,18,18,0.000000,31.958025,1000,310632,7,1.000000,1.000000,0,1891,0,6866,0
100000942,defense_only,220.000000,260.000000,0.001944,100.000000,0.015091,18,18,9720,18,18,0.000000,88.109465,1000,856424,7,1.000000,1.000000,0,2423,0,12717,0
100000942,attack_only,320.000000,360.000000,0.001944,100.000000,0.030559,18,18,9720,18,18,0.000000,32.300412,1000,313960,7,1.000000,1.000000,0,1829,0,17277,0
100000942,defense_vs_attack,420.000000,460.000000,0.000972,50.000000,0.023763,18,9,4860,9,18,50.000000,176.651029,1000,858524,7,0.000000,0.877551,1,2406,0,23103,0
100000943,baseline,120.000000,160.000000,0.001944,100.000000,0.020515,18,18,9720,18,18,0.000000,26.614815,1000,258696,4,1.000000,1.000000,0,1677,0,6273,0
100000943,attack_only,220.000000,260.000000,0.001944,100.000000,0.008457,18,18,9720,18,18,0.000000,26.397942,1000,256588,4,1.000000,1.000000,0,1630,0,10219,0
100000943,defense_only,320.000000,360.000000,0.001944,100.000000,0.016634,18,18,9720,18,18,0.000000,94.475720,1000,918304,4,1.000000,1.000000,0,2415,0,16075,0
100000943,defense_vs_attack,420.000000,460.000000,0.001620,83.333333,0.010770,18,15,8100,15,18,16.666667,113.066667,1000,915840,4,0.000000,0.857143,1,2453,0,22113,0
100000944,baseline,120.000000,160.000000,0.001944,100.000000,0.026364,18,18,9720,18,18,0.000000,26.953086,1000,261984,5,1.000000,1.000000,0,1775,0,6617,0
100000944,defense_vs_attack,220.000000,260.000000,0.001944,100.000000,0.010786,18,18,9720,18,18,0.000000,84.580247,1000,822120,5,0.000000,0.959184,1,2650,0,12925,0
100000944,defense_only,320.000000,360.000000,0.001944,100.000000,0.022558,18,18,9720,18,18,0.000000,85.452263,1000,830596,5,1.000000,1.000000,0,2548,0,19122,0
100000944,attack_only,420.000000,460.000000,0.001944,100.000000,0.012660,18,18,9720,18,18,0.000000,27.166255,1000,264056,5,1.000000,1.000000,0,1759,0,23644,0
100000947,defense_only,120.000000,160.000000,0.001944,100.000000,0.015555,18,18,9720,18,18,0.000000,84.043210,1000,816900,3,1.000000,1.000000,0,2422,0,8359,0
100000947,defense_vs_attack,220.000000,260.000000,0.001944,100.000000,0.006166,18,18,9720,18,18,0.000000,84.415226,1000,820516,3,0.000000,0.897959,1,2471,0,14524,0
100000947,attack_only,320.000000,360.000000,0.001944,100.000000,0.012185,18,18,9720,18,18,0.000000,26.096708,1000,253660,3,1.000000,1.000000,0,1739,0,18938,0
100000947,baseline,420.000000,460.000000,0.001944,100.000000,0.007828,18,18,9720,18,18,0.000000,26.023045,1000,252944,3,1.000000,1.000000,0,1769,0,23238,0
100000951,defense_vs_attack,120.000000,160.000000,0.001836,100.000000,0.015226,17,17,9180,17,18,5.555556,66.082789,1000,606640,3,0.000000,0.857143,1,2306,0,8088,0
100000951,defense_only,220.000000,260.000000,0.001944,100.000000,0.006109,18,18,9720,18,18,0.000000,93.585597,1000,909652,3,1.000000,1.000000,0,2484,0,14301,0
100000951,attack_only,320.000000,360.000000,0.001944,100.000000,0.012592,18,18,9720,18,18,0.000000,24.958436,1000,242596,3,1.000000,1.000000,0,1663,0,18619,0
100000951,baseline,420.000000,460.000000,0.001944,100.000000,0.007451,18,18,9720,18,18,0.000000,25.335391,1000,246260,3,1.000000,1.000000,0,1622,0,22590,0
100000952,attack_only,120.000000,160.000000,0.000000,0.000000,0.000000,18,0,0,0,18,100.000000,0.000000,1000,276296,6,1.000000,1.000000,0,1719,0,6552,0
100000952,defense_only,220.000000,260.000000,0.001944,100.000000,0.025724,18,18,9720,18,18,0.000000,93.490535,1000,908728,6,1.000000,1.000000,0,2697,0,12834,0
100000952,baseline,320.000000,360.000000,0.001944,100.000000,0.014670,18,18,9720,18,18,0.000000,27.959671,1000,271768,6,1.000000,1.000000,0,1739,0,17273,0
100000952,defense_vs_attack,420.000000,460.000000,0.001728,88.888889,0.043658,18,16,8640,16,18,11.111111,102.393519,1000,884680,7,0.000000,0.897959,1,2784,0,23691,0
100000960,defense_vs_attack,120.000000,160.000000,0.001944,100.000000,0.021153,18,18,9720,18,18,0.000000,87.169959,1000,847292,4,0.000000,0.897959,1,2475,0,8288,0
100000960,attack_only,220.000000,260.000000,0.001944,100.000000,0.007800,18,18,9720,18,18,0.000000,29.788066,1000,289540,4,1.000000,1.000000,0,1780,0,12855,0
100000960,baseline,320.000000,360.000000,0.001944,100.000000,0.017905,18,18,9720,18,18,0.000000,28.749383,1000,279444,4,1.000000,1.000000,0,1749,0,17177,0
100000960,defense_only,420.000000,460.000000,0.001944,100.000000,0.010175,18,18,9720,18,18,0.000000,87.677366,1000,852224,4,1.000000,1.000000,0,2490,0,23187,0
100000957,baseline,120.000000,160.000000,0.001944,100.000000,0.016109,18,18,9720,18,18,0.000000,25.839918,1000,251164,3,1.000000,1.000000,0,1674,0,6375,0
100000957,defense_only,220.000000,260.000000,0.001944,100.000000,0.006251,18,18,9720,18,18,0.000000,86.327160,1000,839100,3,1.000000,1.000000,0,2391,0,12184,0
100000957,defense_vs_attack,320.000000,360.000000,0.001944,100.000000,0.013009,18,18,9720,18,18,0.000000,86.509053,1000,840868,3,0.000000,0.877551,2,2498,0,18288,0
100000957,attack_only,420.000000,460.000000,0.001944,100.000000,0.007462,18,18,9720,18,18,0.000000,26.109877,1000,253788,3,1.000000,1.000000,0,1652,0,22574,0
100000958,attack_only,120.000000,160.000000,0.001944,100.000000,0.020589,18,18,9720,18,18,0.000000,34.528807,1000,335620,4,1.000000,1.000000,0,1797,0,6857,0
100000958,baseline,220.000000,260.000000,0.001944,100.000000,0.007903,18,18,9720,18,18,0.000000,34.334979,1000,333736,4,1.000000,1.000000,0,1780,0,11264,0
100000958,defense_only,320.000000,360.000000,0.001944,100.000000,0.017180,18,18,9720,18,18,0.000000,101.713169,1000,988652,4,1.000000,1.000000,0,2344,0,17059,0
100000958,defense_vs_attack,420.000000,460.000000,0.001944,100.000000,0.010215,18,18,9720,18,18,0.000000,102.634156,1000,997604,4,0.000000,0.755102,1,2417,0,22956,0
100000962,defense_only,120.000000,160.000000,0.001944,100.000000,0.015656,18,18,9720,18,18,0.000000,92.213580,1000,896316,3,1.000000,1.000000,0,2553,0,8619,0
100000962,baseline,220.000000,260.000000,0.001944,100.000000,0.005966,18,18,9720,18,18,0.000000,35.884774,1000,348800,3,1.000000,1.000000,0,1895,0,13445,0
100000962,defense_vs_attack,320.000000,360.000000,0.001944,100.000000,0.013347,18,18,9720,18,18,0.000000,90.499588,1000,879656,3,0.000000,0.857143,1,2588,0,19697,0
100000962,attack_only,420.000000,460.000000,0.001944,100.000000,0.007129,18,18,9720,18,18,0.000000,35.654321,1000,346560,3,1.000000,1.000000,0,1844,0,24499,0
100000974,attack_only,120.000000,160.000000,0.001944,100.000000,0.019899,18,18,9720,18,18,0.000000,27.503292,1000,267332,4,1.000000,1.000000,0,1739,0,6616,0
100000974,baseline,220.000000,260.000000,0.001944,100.000000,0.007793,18,18,9720,18,18,0.000000,27.951440,1000,271688,4,1.000000,1.000000,0,1730,0,10816,0
100000974,defense_vs_attack,320.000000,360.000000,0.001944,100.000000,0.017243,18,18,9720,18,18,0.000000,85.472016,1000,830788,4,0.000000,0.877551,1,2699,0,17063,0
100000974,defense_only,420.000000,460.000000,0.001944,100.000000,0.010609,18,18,9720,18,18,0.000000,86.365432,1000,839472,4,1.000000,1.000000,0,2466,0,23130,0
100000977,defense_only,120.000000,160.000000,0.001944,100.000000,0.016760,18,18,9720,18,18,0.000000,88.269136,1000,857976,3,1.000000,1.000000,0,2355,0,8052,0
100000977,defense_vs_attack,220.000000,260.000000,0.001944,100.000000,0.006181,18,18,9720,18,18,0.000000,93.477366,1000,908600,3,0.000000,0.857143,1,2383,0,13966,0
100000977,attack_only,320.000000,360.000000,0.001944,100.000000,0.012552,18,18,9720,18,18,0.000000,30.724280,1000,298640,3,1.000000,1.000000,0,1722,0,18309,0
100000977,baseline,420.000000,460.000000,0.001944,100.000000,0.007545,18,18,9720,18,18,0.000000,30.697531,1000,298380,3,1.000000,1.000000,0,1710,0,22537,0
100000981,baseline,120.000000,160.000000,0.001944,100.000000,0.016062,18,18,9720,18,18,0.000000,32.838683,1000,319192,3,1.000000,1.000000,0,1781,0,6827,0
100000981,defense_only,220.000000,260.000000,0.001944,100.000000,0.006515,18,18,9720,18,18,0.000000,90.600000,1000,880632,3,1.000000,1.000000,0,2375,0,12596,0
100000981,attack_only,320.000000,360.000000,0.001944,100.000000,0.013024,18,18,9720,18,18,0.000000,31.539095,1000,306560,3,1.000000,1.000000,0,1728,0,17049,0
100000981,defense_vs_attack,420.000000,460.000000,0.001944,100.000000,0.007829,18,18,9720,18,18,0.000000,88.655144,1000,861728,3,0.000000,0.836735,1,2355,0,22812,0
100000978,baseline,120.000000,160.000000,0.001944,100.000000,0.026792,18,18,9720,18,18,0.000000,30.383539,1000,295328,5,1.000000,1.000000,0,1754,0,6519,0
100000978,defense_vs_attack,220.000000,260.000000,0.001188,61.111111,0.016237,18,11,5940,11,18,38.888889,173.955556,1000,1033296,5,0.000000,0.918367,1,2557,0,12500,0
100000978,defense_only,320.000000,360.000000,0.001944,100.000000,0.021041,18,18,9720,18,18,0.000000,106.881070,1000,1038884,5,1.000000,1.000000,0,2502,0,18650,0
100000978,attack_only,420.000000,460.000000,0.000000,0.000000,0.000000,18,0,0,0,18,100.000000,0.000000,1000,299692,5,1.000000,1.000000,0,1687,0,23036,0
100000985,baseline,120.000000,160.000000,0.001944,100.000000,0.024090,18,18,9720,18,18,0.000000,28.252675,1000,274616,4,1.000000,1.000000,0,1627,0,6113,0
100000985,defense_only,220.000000,260.000000,0.001944,100.000000,0.009760,18,18,9720,18,18,0.000000,92.543621,1000,899524,4,1.000000,1.000000,0,2400,0,11803,0
100000985,attack_only,320.000000,360.000000,0.000000,0.000000,0.000000,18,0,0,0,18,100.000000,0.000000,1000,280280,4,1.000000,1.000000,0,1598,0,15979,0
100000985,defense_vs_attack,420.000000,460.000000,0.001188,61.111111,0.017724,18,11,5940,11,18,38.888889,154.230303,1000,916128,4,0.000000,0.877551,1,2406,0,21752,0
100000987,defense_vs_attack,120.000000,160.000000,0.001836,94.444444,0.021238,18,17,9180,17,18,5.555556,80.999129,1000,743572,4,0.000000,0.959184,1,2643,0,9194,0
100000987,attack_only,220.000000,260.000000,0.001944,100.000000,0.008159,18,18,9720,18,18,0.000000,29.920576,1000,290828,4,1.000000,1.000000,0,1968,0,14262,0
100000987,baseline,320.000000,360.000000,0.001944,100.000000,0.017279,18,18,9720,18,18,0.000000,28.233333,1000,274428,4,1.000000,1.000000,0,1958,0,19025,0
100000987,defense_only,420.000000,460.000000,0.001944,100.000000,0.009819,18,18,9720,18,18,0.000000,76.358436,1000,742204,4,1.000000,1.000000,0,2723,0,25606,0
100000990,defense_only,120.000000,160.000000,0.001944,100.000000,0.020136,18,18,9720,18,18,0.000000,99.471605,1000,966864,4,1.000000,1.000000,0,2533,0,8533,0
100000990,defense_vs_attack,220.000000,260.000000,0.001512,77.777778,0.008296,18,14,7560,14,18,22.222222,126.934392,1000,959624,4,0.000000,0.795918,1,2564,0,14718,0
100000990,baseline,320.000000,360.000000,0.001944,100.000000,0.018600,18,18,9720,18,18,0.000000,29.437037,1000,286128,4,1.000000,1.000000,0,1764,0,19223,0
100000990,attack_only,420.000000,460.000000,0.000000,0.000000,0.000000,18,0,0,0,18,100.000000,0.000000,1000,284672,4,1.000000,1.000000,0,1707,0,23425,0
100000991,baseline,120.000000,160.000000,0.001944,100.000000,0.020629,18,18,9720,18,18,0.000000,31.807407,1000,309168,4,1.000000,1.000000,0,1791,0,6531,0
100000991,attack_only,220.000000,260.000000,0.001944,100.000000,0.008160,18,18,9720,18,18,0.000000,31.821811,1000,309308,4,1.000000,1.000000,0,1755,0,10776,0
100000991,defense_only,320.000000,360.000000,0.001944,100.000000,0.018388,18,18,9720,18,18,0.000000,99.618107,1000,968288,4,1.000000,1.000000,0,2436,0,16657,0
100000991,defense_vs_attack,420.000000,460.000000,0.001944,100.000000,0.009766,18,18,9720,18,18,0.000000,100.264609,1000,974572,4,0.000000,0.816327,1,2521,0,22762,0
100001001,defense_only,120.000000,160.000000,0.001944,100.000000,0.015368,18,18,9720,18,18,0.000000,89.397119,1000,868940,3,1.000000,1.000000,0,2417,0,8258,0
100001001,defense_vs_attack,220.000000,260.000000,0.001944,100.000000,0.006656,18,18,9720,18,18,0.000000,91.436626,1000,888764,3,0.000000,0.836735,1,2486,0,14382,0
100001001,attack_only,320.000000,360.000000,0.001944,100.000000,0.012811,18,18,9720,18,18,0.000000,25.512757,1000,247984,3,1.000000,1.000000,0,1744,0,18894,0
100001001,baseline,420.000000,460.000000,0.001944,100.000000,0.007065,18,18,9720,18,18,0.000000,28.888889,1000,280800,3,1.000000,1.000000,0,1684,0,23075,0
100001002,attack_only,120.000000,160.000000,0.000000,0.000000,0.000000,18,0,0,0,18,100.000000,0.000000,1000,292964,8,1.000000,1.000000,0,1888,0,7051,0
100001002,defense_only,220.000000,260.000000,0.001944,100.000000,0.022821,18,18,9720,18,18,0.000000,88.211523,1000,857416,8,1.000000,1.000000,0,2591,0,13252,0
100001002,defense_vs_attack,320.000000,360.000000,0.001080,55.555556,0.043956,18,10,5400,10,18,44.444444,157.671852,1000,851428,8,0.000000,0.897959,1,2596,0,19519,0
100001002,baseline,420.000000,460.000000,0.001944,100.000000,0.026947,18,18,9720,18,18,0.000000,30.635391,1000,297776,8,1.000000,1.000000,0,1925,0,24305,0
100001005,baseline,120.000000,160.000000,0.001944,100.000000,0.036906,18,18,9720,18,18,0.000000,26.913169,1000,261596,7,1.000000,1.000000,0,1775,0,6526,0
100001005,defense_only,220.000000,260.000000,0.001944,100.000000,0.013865,18,18,9720,18,18,0.000000,98.789712,1000,960236,7,1.000000,1.000000,0,2690,0,12855,0
100001005,attack_only,320.000000,360.000000,0.001944,100.000000,0.030606,18,18,9720,18,18,0.000000,25.600823,1000,248840,7,1.000000,1.000000,0,1785,0,17400,0
100001005,defense_vs_attack,420.000000,460.000000,0.001944,100.000000,0.017291,18,18,9720,18,18,0.000000,99.887243,1000,970904,7,0.000000,0.795918,1,2697,0,23855,0
100001003,baseline,120.000000,160.000000,0.001944,100.000000,0.031830,18,18,9720,18,18,0.000000,26.266667,1000,255312,6,1.000000,1.000000,0,1640,0,6078,0
100001003,defense_only,220.000000,260.000000,0.001944,100.000000,0.014355,18,18,9720,18,18,0.000000,93.520165,1000,909016,6,1.000000,1.000000,0,2452,0,11978,0
100001003,defense_vs_attack,320.000000,360.000000,0.001512,77.777778,0.025530,18,14,7560,14,18,22.222222,121.972487,1000,922112,6,0.000000,0.816327,1,2466,0,17914,0
100001003,attack_only,420.000000,460.000000,0.000000,0.000000,0.000000,18,0,0,0,18,100.000000,0.000000,1000,260664,7,1.000000,1.000000,0,1583,0,21991,0
100001006,defense_vs_attack,120.000000,160.000000,0.001296,66.666667,0.034925,18,12,6480,12,18,33.333333,148.398765,1000,961624,6,0.000000,0.918367,1,2553,0,8341,0
100001006,baseline,220.000000,260.000000,0.001944,100.000000,0.018376,18,18,9720,18,18,0.000000,26.802881,1000,260524,6,1.000000,1.000000,0,1701,0,12709,0
100001006,attack_only,320.000000,360.000000,0.000000,0.000000,0.000000,18,0,0,0,18,100.000000,0.000000,1000,286800,6,1.000000,1.000000,0,1755,0,16889,0
100001006,defense_only,420.000000,460.000000,0.001944,100.000000,0.019411,18,18,9720,18,18,0.000000,98.253498,1000,955024,6,1.000000,1.000000,0,2519,0,22979,0
100001008,attack_only,120.000000,160.000000,0.001944,100.000000,0.020635,18,18,9720,18,18,0.000000,30.119342,1000,292760,4,1.000000,1.000000,0,1686,0,6377,0
100001008,defense_vs_attack,220.000000,260.000000,0.001944,100.000000,0.008694,18,18,9720,18,18,0.000000,98.292181,1000,955400,4,0.000000,0.836735,1,2395,0,12187,0
100001008,defense_only,320.000000,360.000000,0.001944,100.000000,0.017805,18,18,9720,18,18,0.000000,100.290123,1000,974820,4,1.000000,1.000000,0,2444,0,18195,0
100001008,baseline,420.000000,460.000000,0.001944,100.000000,0.009560,18,18,9720,18,18,0.000000,29.107407,1000,282924,4,1.000000,1.000000,0,1677,0,22514,0
100001025,defense_vs_attack,120.000000,160.000000,0.001296,66.666667,0.030424,18,12,6480,12,18,33.333333,121.362346,1000,786428,5,0.000000,0.857143,2,2471,0,8181,0
100001025,attack_only,220.000000,260.000000,0.000000,0.000000,0.000000,18,0,0,0,18,100.000000,0.000000,1000,294024,5,1.000000,1.000000,0,1669,0,12531,0
100001025,baseline,320.000000,360.000000,0.001944,100.000000,0.013974,18,18,9720,18,18,0.000000,30.404938,1000,295536,5,1.000000,1.000000,0,1729,0,16675,0
100001025,defense_only,420.000000,460.000000,0.001944,100.000000,0.017604,18,18,9720,18,18,0.000000,81.161728,1000,788892,5,1.000000,1.000000,0,2398,0,22510,0
100001029,baseline,120.000000,160.000000,0.001944,100.000000,0.030849,18,18,9720,18,18,0.000000,24.903704,1000,242064,6,1.000000,1.000000,0,1686,0,6185,0
100001029,attack_only,220.000000,260.000000,0.000000,0.000000,0.000000,18,0,0,0,18,100.000000,0.000000,1000,244620,6,1.000000,1.000000,0,1634,0,10153,0
100001029,defense_only,320.000000,360.000000,0.001944,100.000000,0.015693,18,18,9720,18,18,0.000000,91.934156,1000,893600,6,1.000000,1.000000,0,2525,0,16237,0
100001029,defense_vs_attack,420.000000,460.000000,0.001080,55.555556,0.018816,18,10,5400,10,18,44.444444,165.438519,1000,893368,6,0.000000,0.857143,1,2505,0,22358,0
100001033,attack_only,120.000000,160.000000,0.001944,100.000000,0.027140,18,18,9720,18,18,0.000000,33.320988,1000,323880,5,1.000000,1.000000,0,1786,0,6783,0
100001033,defense_vs_attack,220.000000,260.000000,0.001944,100.000000,0.011097,18,18,9720,18,18,0.000000,94.081893,1000,914476,5,0.000000,0.836735,1,2456,0,12686,0
100001033,defense_only,320.000000,360.000000,0.001944,100.000000,0.021391,18,18,9720,18,18,0.000000,94.733333,1000,920808,5,1.000000,1.000000,0,2519,0,18656,0
100001033,baseline,420.000000,460.000000,0.001944,100.000000,0.012423,18,18,9720,18,18,0.000000,32.486008,1000,315764,5,1.000000,1.000000,0,1818,0,23288,0
100001040,attack_only,120.000000,160.000000,0.001944,100.000000,0.025591,18,18,9720,18,18,0.000000,28.271605,1000,274800,5,1.000000,1.000000,0,1717,0,6498,0
100001040,defense_only,220.000000,260.000000,0.001944,100.000000,0.016569,18,18,9720,18,18,0.000000,90.945267,1000,883988,5,1.000000,1.000000,0,2572,0,12578,0
100001040,baseline,320.000000,360.000000,0.001944,100.000000,0.016833,18,18,9720,18,18,0.000000,28.138272,1000,273504,5,1.000000,1.000000,0,1759,0,17025,0
100001040,defense_vs_attack,420.000000,460.000000,0.001620,83.333333,0.021960,18,15,8100,15,18,16.666667,107.073580,1000,867296,5,0.000000,0.897959,1,2623,0,23167,0
100001039,baseline,120.000000,160.000000,0.001944,100.000000,0.036831,18,18,9720,18,18,0.000000,27.192181,1000,264308,7,1.000000,1.000000,0,1773,0,6512,0
100001039,attack_only,220.000000,260.000000,0.001944,100.000000,0.014227,18,18,9720,18,18,0.000000,27.814815,1000,270360,7,1.000000,1.000000,0,1757,0,10756,0
100001039,defense_only,320.000000,360.000000,0.001944,100.000000,0.032876,18,18,9720,18,18,0.000000,92.733333,1000,901368,7,1.000000,1.000000,0,2442,0,16596,0
100001039,defense_vs_attack,420.000000,460.000000,0.001944,100.000000,0.016072,18,18,9720,18,18,0.000000,91.937037,1000,893628,7,0.000000,0.918367,1,2525,0,22714,0
100001037,defense_only,120.000000,160.000000,0.001944,100.000000,0.030587,18,18,9720,18,18,0.000000,90.586420,1000,880500,6,1.000000,1.000000,0,2428,0,8183,0
100001037,attack_only,220.000000,260.000000,0.001944,100.000000,0.012080,18,18,9720,18,18,0.000000,27.897942,1000,271168,6,1.000000,1.000000,0,1707,0,12519,0
100001037,defense_vs_attack,320.000000,360.000000,0.001944,100.000000,0.026907,18,18,9720,18,18,0.000000,86.892593,1000,844596,6,0.000000,0.836735,1,2473,0,18470,0
100001037,baseline,420.000000,460.000000,0.001944,100.000000,0.014365,18,18,9720,18,18,0.000000,27.454321,1000,266856,6,1.000000,1.000000,0,1684,0,22736,0
100001045,baseline,120.000000,160.000000,0.001944,100.000000,0.025713,18,18,9720,18,18,0.000000,24.471605,1000,237864,5,1.000000,1.000000,0,1660,0,6178,0
100001045,attack_only,220.000000,260.000000,0.000000,0.000000,0.000000,18,0,0,0,18,100.000000,0.000000,1000,250924,6,1.000000,1.000000,0,1587,0,10096,0
100001045,defense_vs_attack,320.000000,360.000000,0.001188,61.111111,0.011149,18,11,5940,11,18,38.888889,149.844444,1000,890076,5,0.000000,0.938776,1,2463,0,16203,0
100001045,defense_only,420.000000,460.000000,0.001944,100.000000,0.016048,18,18,9720,18,18,0.000000,95.704115,1000,930244,5,1.000000,1.000000,0,2541,0,22564,0
100001048,defense_only,120.000000,160.000000,0.001944,100.000000,0.042427,18,18,9720,18,18,0.000000,79.885597,1000,776488,8,1.000000,1.000000,0,2533,0,8370,0
100001048,baseline,220.000000,260.000000,0.001944,100.000000,0.015872,18,18,9720,18,18,0.000000,27.703704,1000,269280,8,1.000000,1.000000,0,1861,0,12951,0
100001048,attack_only,320.000000,360.000000,0.001944,100.000000,0.035067,18,18,9720,18,18,0.000000,28.551852,1000,277524,8,1.000000,1.000000,0,1881,0,17450,0
100001048,defense_vs_attack,420.000000,460.000000,0.001944,100.000000,0.022662,18,18,9720,18,18,0.000000,81.331687,1000,790544,8,0.000000,0.897959,1,2512,0,23541,0
100001047,baseline,120.000000,160.000000,0.001944,100.000000,0.031900,18,18,9720,18,18,0.000000,28.388066,1000,275932,6,1.000000,1.000000,0,1769,0,6599,0
100001047,defense_only,220.000000,260.000000,0.001944,100.000000,0.012298,18,18,9720,18,18,0.000000,89.827572,1000,873124,6,1.000000,1.000000,0,2419,0,12565,0
100001047,defense_vs_attack,320.000000,360.000000,0.001944,100.000000,0.026153,18,18,9720,18,18,0.000000,88.339506,1000,858660,6,0.000000,0.938776,1,2481,0,18789,0
100001047,attack_only,420.000000,460.000000,0.001944,100.000000,0.014906,18,18,9720,18,18,0.000000,28.469547,1000,276724,6,1.000000,1.000000,0,1838,0,23409,0
100001050,attack_only,120.000000,160.000000,0.000000,0.000000,0.000000,18,0,0,0,18,100.000000,0.000000,1000,271824,7,1.000000,1.000000,0,1721,0,6551,0
100001050,baseline,220.000000,260.000000,0.001944,100.000000,0.079990,18,18,9720,18,18,0.000000,28.157202,1000,273688,7,1.000000,1.000000,0,1842,0,10856,0
100001050,defense_only,320.000000,360.000000,0.001944,100.000000,0.023899,18,18,9720,18,18,0.000000,93.809053,1000,911824,7,1.000000,1.000000,0,2571,0,16984,0
100001050,defense_vs_attack,420.000000,460.000000,0.001188,61.111111,0.030250,18,11,5940,11,18,38.888889,148.845118,1000,884140,7,0.000000,0.918367,1,2522,0,23237,0
100001053,baseline,120.000000,160.000000,0.001944,100.000000,0.020767,18,18,9720,18,18,0.000000,28.848971,1000,280412,4,1.000000,1.000000,0,1849,0,6819,0
100001053,defense_only,220.000000,260.000000,0.001944,100.000000,0.018211,18,18,9720,18,18,0.000000,90.161728,1000,876372,4,1.000000,1.000000,0,2514,0,12862,0
100001053,defense_vs_attack,320.000000,360.000000,0.001944,100.000000,0.010350,18,18,9720,18,18,0.000000,89.726337,1000,872140,4,0.000000,0.877551,1,2455,0,18891,0
100001053,attack_only,420.000000,460.000000,0.000000,0.000000,0.000000,18,0,0,0,18,100.000000,0.000000,1000,287200,4,1.000000,1.000000,0,1774,0,23442,0
100001056,baseline,120.000000,160.000000,0.001944,100.000000,0.036411,18,18,9720,18,18,0.000000,25.303292,1000,245948,7,1.000000,1.000000,0,1759,0,6422,0
100001056,defense_only,220.000000,260.000000,0.001944,100.000000,0.024916,18,18,9720,18,18,0.000000,79.234979,1000,770164,7,1.000000,1.000000,0,2559,0,12616,0
100001056,attack_only,320.000000,360.000000,0.000000,0.000000,0.000000,18,0,0,0,18,100.000000,0.000000,1000,238196,7,1.000000,1.000000,0,1632,0,16852,0
100001056,defense_vs_attack,420.000000,460.000000,0.001080,55.555556,0.021658,18,10,5400,10,18,44.444444,150.185926,1000,811004,7,0.000000,0.918367,1,2561,0,22989,0
100001057,attack_only,120.000000,160.000000,0.001944,100.000000,0.026118,18,18,9720,18,18,0.000000,34.606996,1000,336380,5,1.000000,1.000000,0,1843,0,6884,0
100001057,defense_vs_attack,220.000000,260.000000,0.001728,88.888889,0.097291,18,16,8640,16,18,11.111111,112.096296,1000,968512,5,0.000000,0.877551,1,2599,0,12907,0
100001057,baseline,320.000000,360.000000,0.001944,100.000000,0.011002,18,18,9720,18,18,0.000000,34.087654,1000,331332,5,1.000000,1.000000,0,1827,0,17522,0
100001057,defense_only,420.000000,460.000000,0.001944,100.000000,0.019109,18,18,9720,18,18,0.000000,97.809465,1000,950708,5,1.000000,1.000000,0,2400,0,23287,0
100001063,baseline,120.000000,160.000000,0.001944,100.000000,0.036182,18,18,9720,18,18,0.000000,25.801235,1000,250788,7,1.000000,1.000000,0,1766,0,6475,0
100001063,defense_only,220.000000,260.000000,0.001944,100.000000,0.026801,18,18,9720,18,18,0.000000,96.168313,1000,934756,7,1.000000,1.000000,0,2600,0,12598,0
100001063,attack_only,320.000000,360.000000,0.001944,100.000000,0.021477,18,18,9720,18,18,0.000000,26.223457,1000,254892,7,1.000000,1.000000,0,1741,0,16936,0
100001063,defense_vs_attack,420.000000,460.000000,0.001944,100.000000,0.026566,18,18,9720,18,18,0.000000,96.129630,1000,934380,7,0.000000,0.836735,1,2565,0,23059,0
100001070,attack_only,120.000000,160.000000,0.001944,100.000000,0.032384,18,18,9720,18,18,0.000000,24.787654,1000,240936,6,1.000000,1.000000,0,1694,0,6325,0
100001070,defense_only,220.000000,260.000000,0.001944,100.000000,0.012263,18,18,9720,18,18,0.000000,88.802058,1000,863156,6,1.000000,1.000000,0,2494,0,12235,0
100001070,defense_vs_attack,320.000000,360.000000,0.001944,100.000000,0.025799,18,18,9720,18,18,0.000000,97.642798,1000,949088,6,0.000000,0.775510,1,2515,0,18257,0
100001070,baseline,420.000000,460.000000,0.001944,100.000000,0.015880,18,18,9720,18,18,0.000000,25.919342,1000,251936,6,1.000000,1.000000,0,1689,0,22565,0
100001071,defense_vs_attack,120.000000,160.000000,0.001188,61.111111,0.115863,18,11,5940,11,18,38.888889,140.482155,1000,834464,4,0.000000,0.877551,1,2462,0,8458,0
100001071,defense_only,220.000000,260.000000,0.001944,100.000000,0.014353,18,18,9720,18,18,0.000000,87.208642,1000,847668,4,1.000000,1.000000,0,2589,0,14693,0
100001071,baseline,320.000000,360.000000,0.001944,100.000000,0.010659,18,18,9720,18,18,0.000000,28.885185,1000,280764,4,1.000000,1.000000,0,1847,0,19333,0
100001071,attack_only,420.000000,460.000000,0.000000,0.000000,0.000000,18,0,0,0,18,100.000000,0.000000,1000,262616,4,1.000000,1.000000,0,1729,0,23682,0
100001073,baseline,120.000000,160.000000,0.001944,100.000000,0.031844,18,18,9720,18,18,0.000000,21.193827,1000,206004,6,1.000000,1.000000,0,1575,0,5853,0
100001073,defense_only,220.000000,260.000000,0.001944,100.000000,0.027570,18,18,9720,18,18,0.000000,94.936214,1000,922780,6,1.000000,1.000000,0,2474,0,11724,0
100001073,attack_only,320.000000,360.000000,0.001944,100.000000,0.022289,18,18,9720,18,18,0.000000,20.113992,1000,195508,6,1.000000,1.000000,0,1550,0,15709,0
100001073,defense_vs_attack,420.000000,460.000000,0.001944,100.000000,0.015264,18,18,9720,18,18,0.000000,94.293004,1000,916528,6,0.000000,0.877551,1,2420,0,21572,0
100001072,baseline,120.000000,160.000000,0.001944,100.000000,0.020477,18,18,9720,18,18,0.000000,29.669136,1000,288384,4,1.000000,1.000000,0,1833,0,6861,0
100001072,defense_only,220.000000,260.000000,0.001944,100.000000,0.007794,18,18,9720,18,18,0.000000,83.888889,1000,815400,4,1.000000,1.000000,0,2492,0,13060,0
100001072,attack_only,320.000000,360.000000,0.001944,100.000000,0.017309,18,18,9720,18,18,0.000000,29.302058,1000,284816,4,1.000000,1.000000,0,1835,0,17776,0
100001072,defense_vs_attack,420.000000,460.000000,0.001944,100.000000,0.010292,18,18,9720,18,18,0.000000,92.942387,1000,903400,4,0.000000,0.836735,3,2502,0,23824,0
100001086,attack_only,120.000000,160.000000,0.000000,0.000000,0.000000,18,0,0,0,18,100.000000,0.000000,1000,293820,7,1.000000,1.000000,0,1853,0,6860,0
100001086,baseline,220.000000,260.000000,0.001944,100.000000,0.036325,18,18,9720,18,18,0.000000,29.466667,1000,286416,7,1.000000,1.000000,0,1874,0,11353,0
100001086,defense_vs_attack,320.000000,360.000000,0.001296,66.666667,0.016004,18,12,6480,12,18,33.333333,127.900617,1000,828796,7,0.000000,0.897959,1,2673,0,17588,0
100001086,defense_only,420.000000,460.000000,0.001944,100.000000,0.022624,18,18,9720,18,18,0.000000,83.709053,1000,813652,7,1.000000,1.000000,0,2561,0,23864,0
100001084,defense_vs_attack,120.000000,160.000000,0.001944,100.000000,0.016255,18,18,9720,18,18,0.000000,87.333333,1000,848880,3,0.000000,0.938776,1,2412,0,8307,0
100001084,defense_only,220.000000,260.000000,0.001944,100.000000,0.005843,18,18,9720,18,18,0.000000,88.648971,1000,861668,3,1.000000,1.000000,0,2481,0,14358,0
100001084,attack_only,320.000000,360.000000,0.001944,100.000000,0.012880,18,18,9720,18,18,0.000000,27.035391,1000,262784,3,1.000000,1.000000,0,1700,0,18784,0
100001084,baseline,420.000000,460.000000,0.001944,100.000000,0.007187,18,18,9720,18,18,0.000000,25.544856,1000,248296,3,1.000000,1.000000,0,1693,0,22868,0
100001091,defense_vs_attack,120.000000,160.000000,0.000972,50.000000,0.026580,18,9,4860,9,18,50.000000,199.003292,1000,967156,4,0.000000,0.897959,1,2509,0,8424,0
100001091,defense_only,220.000000,260.000000,0.001944,100.000000,0.014857,18,18,9720,18,18,0.000000,91.022634,1000,884740,4,1.000000,1.000000,0,2483,0,14483,0
100001091,attack_only,320.000000,360.000000,0.000000,0.000000,0.000000,18,0,0,0,18,100.000000,0.000000,1000,294948,4,1.000000,1.000000,0,1688,0,18887,0
100001091,baseline,420.000000,460.000000,0.001944,100.000000,0.012130,18,18,9720,18,18,0.000000,30.725514,1000,298652,4,1.000000,1.000000,0,1770,0,23229,0
100001094,baseline,120.000000,160.000000,0.001944,100.000000,0.020687,18,18,9720,18,18,0.000000,28.087243,1000,273008,4,1.000000,1.000000,0,1636,0,6222,0
100001094,attack_only,220.000000,260.000000,0.001944,100.000000,0.009465,18,18,9720,18,18,0.000000,28.835802,1000,280284,4,1.000000,1.000000,0,1669,0,10260,0
100001094,defense_vs_attack,320.000000,360.000000,0.001944,100.000000,0.019124,18,18,9720,18,18,0.000000,96.274897,1000,935792,4,0.000000,0.836735,1,2490,0,16231,0
100001094,defense_only,420.000000,460.000000,0.001944,100.000000,0.008978,18,18,9720,18,18,0.000000,93.927984,1000,912980,4,1.000000,1.000000,0,2373,0,22084,0
100001100,defense_vs_attack,120.000000,160.000000,0.001188,61.111111,0.032397,18,11,5940,11,18,38.888889,132.471380,1000,786880,5,0.000000,0.857143,1,2473,0,8284,0
100001100,attack_only,220.000000,260.000000,0.000000,0.000000,0.000000,18,0,0,0,18,100.000000,0.000000,1000,289264,5,1.000000,1.000000,0,1756,0,12791,0
100001100,baseline,320.000000,360.000000,0.001944,100.000000,0.019189,18,18,9720,18,18,0.000000,29.651852,1000,288216,5,1.000000,1.000000,0,1819,0,17129,0
100001100,defense_only,420.000000,460.000000,0.001944,100.000000,0.013206,18,18,9720,18,18,0.000000,78.370370,1000,761760,5,1.000000,1.000000,0,2430,0,22971,0
100001102,attack_only,120.000000,160.000000,0.001944,100.000000,0.041910,18,18,9720,18,18,0.000000,22.716049,1000,220800,8,1.000000,1.000000,0,1652,0,5970,0
100001102,baseline,220.000000,260.000000,0.001944,100.000000,0.016256,18,18,9720,18,18,0.000000,22.636214,1000,220024,8,1.000000,1.000000,0,1606,0,9776,0
100001102,defense_only,320.000000,360.000000,0.001944,100.000000,0.037787,18,18,9720,18,18,0.000000,99.594239,1000,968056,8,1.000000,1.000000,0,2520,0,15664,0
100001102,defense_vs_attack,420.000000,460.000000,0.001404,72.222222,0.020159,18,13,7020,13,18,27.777778,116.596581,1000,818508,8,0.000000,0.918367,1,2358,0,21499,0
100001107,attack_only,120.000000,160.000000,0.001944,100.000000,0.015020,18,18,9720,18,18,0.000000,27.919342,1000,271376,3,1.000000,1.000000,0,1654,0,6346,0
100001107,baseline,220.000000,260.000000,0.001944,100.000000,0.005789,18,18,9720,18,18,0.000000,26.884774,1000,261320,3,1.000000,1.000000,0,1640,0,10387,0
100001107,defense_only,320.000000,360.000000,0.001944,100.000000,0.013065,18,18,9720,18,18,0.000000,101.059671,1000,982300,3,1.000000,1.000000,0,2355,0,16129,0
100001107,defense_vs_attack,420.000000,460.000000,0.001944,100.000000,0.007113,18,18,9720,18,18,0.000000,97.639918,1000,949060,3,0.000000,0.836735,1,2353,0,22103,0
100001121,attack_only,120.000000,160.000000,0.001944,100.000000,0.025531,18,18,9720,18,18,0.000000,29.592181,1000,287636,5,1.000000,1.000000,0,1740,0,6372,0
100001121,defense_vs_attack,220.000000,260.000000,0.001944,100.000000,0.010016,18,18,9720,18,18,0.000000,90.102469,1000,875796,5,0.000000,0.795918,1,2350,0,12125,0
100001121,defense_only,320.000000,360.000000,0.001944,100.000000,0.021675,18,18,9720,18,18,0.000000,87.921399,1000,854596,5,1.000000,1.000000,0,2345,0,17900,0
100001121,baseline,420.000000,460.000000,0.001944,100.000000,0.012465,18,18,9720,18,18,0.000000,28.521811,1000,277232,5,1.000000,1.000000,0,1705,0,22196,0
100001119,baseline,120.000000,160.000000,0.001944,100.000000,0.021375,18,18,9720,18,18,0.000000,32.080658,1000,311824,4,1.000000,1.000000,0,1767,0,6577,0
100001119,defense_only,220.000000,260.000000,0.001944,100.000000,0.017748,18,18,9720,18,18,0.000000,100.555144,1000,977396,4,1.000000,1.000000,0,2445,0,12363,0
100001119,defense_vs_attack,320.000000,360.000000,0.001728,88.888889,0.012156,18,16,8640,16,18,11.111111,110.797222,1000,957288,4,0.000000,0.877551,1,2330,0,18093,0
100001119,attack_only,420.000000,460.000000,0.000000,0.000000,0.000000,18,0,0,0,18,100.000000,0.000000,1000,323776,5,1.000000,1.000000,0,1713,0,22539,0
100001124,defense_only,120.000000,160.000000,0.001944,100.000000,0.032144,18,18,9720,18,18,0.000000,84.442798,1000,820784,6,1.000000,1.000000,0,2645,0,8618,0
100001124,attack_only,220.000000,260.000000,0.001944,100.000000,0.012757,18,18,9720,18,18,0.000000,27.475720,1000,267064,6,1.000000,1.000000,0,1772,0,13104,0
100001124,defense_vs_attack,320.000000,360.000000,0.001512,77.777778,0.025163,18,14,7560,14,18,22.222222,107.330688,1000,811420,6,0.000000,0.857143,1,2542,0,19349,0
100001124,baseline,420.000000,460.000000,0.001944,100.000000,0.020407,18,18,9720,18,18,0.000000,26.319753,1000,255828,6,1.000000,1.000000,0,1739,0,23812,0
100001128,attack_only,120.000000,160.000000,0.000000,0.000000,0.000000,18,0,0,0,18,100.000000,0.000000,1000,290324,4,1.000000,1.000000,0,1745,0,6652,0
100001128,defense_vs_attack,220.000000,260.000000,0.000972,50.000000,0.051576,18,9,4860,9,18,50.000000,185.124280,1000,899704,5,0.000000,0.816327,2,2470,0,12496,0
100001128,baseline,320.000000,360.000000,0.001944,100.000000,0.014306,18,18,9720,18,18,0.000000,29.586420,1000,287580,4,1.000000,1.000000,0,1766,0,16959,0
100001128,defense_only,420.000000,460.000000,0.001944,100.000000,0.013608,18,18,9720,18,18,0.000000,96.516049,1000,938136,4,1.000000,1.000000,0,2363,0,22696,0
100001136,baseline,120.000000,160.000000,0.001944,100.000000,0.036660,18,18,9720,18,18,0.000000,28.371193,1000,275768,7,1.000000,1.000000,0,1745,0,6444,0
100001136,attack_only,220.000000,260.000000,0.001944,100.000000,0.026532,18,18,9720,18,18,0.000000,28.654321,1000,278520,7,1.000000,1.000000,0,1743,0,10593,0
100001136,defense_vs_attack,320.000000,360.000000,0.001944,100.000000,0.021279,18,18,9720,18,18,0.000000,87.472016,1000,850228,7,0.000000,0.877551,1,2512,0,16642,0
100001136,defense_only,420.000000,460.000000,0.001944,100.000000,0.026172,18,18,9720,18,18,0.000000,89.196708,1000,866992,7,1.000000,1.000000,0,2455,0,22617,0
100001134,attack_only,120.000000,160.000000,0.000000,0.000000,0.000000,18,0,0,0,18,100.000000,0.000000,1000,282628,6,1.000000,1.000000,0,1696,0,6433,0
100001134,defense_only,220.000000,260.000000,0.001944,100.000000,0.020235,18,18,9720,18,18,0.000000,90.209053,1000,876832,5,1.000000,1.000000,0,2397,0,12175,0
100001134,baseline,320.000000,360.000000,0.001944,100.000000,0.014927,18,18,9720,18,18,0.000000,29.236626,1000,284180,5,1.000000,1.000000,0,1698,0,16551,0
100001134,defense_vs_attack,420.000000,460.000000,0.000972,69.230769,0.017209,13,9,4860,9,18,50.000000,165.559671,1000,804620,5,0.000000,0.816327,1,2365,0,22342,0
100001139,defense_only,120.000000,160.000000,0.001944,100.000000,0.016028,18,18,9720,18,18,0.000000,89.269959,1000,867704,3,1.000000,1.000000,0,2473,0,8347,0
100001139,attack_only,220.000000,260.000000,0.000000,0.000000,0.000000,18,0,0,0,18,100.000000,0.000000,1000,213460,4,1.000000,1.000000,0,1568,0,12563,0
100001139,defense_vs_attack,320.000000,360.000000,0.001404,72.222222,0.006452,18,13,7020,13,18,27.777778,126.069516,1000,885008,3,0.000000,0.836735,1,2642,0,18894,0
100001139,baseline,420.000000,460.000000,0.001944,100.000000,0.010593,18,18,9720,18,18,0.000000,24.622634,1000,239332,3,1.000000,1.000000,0,1641,0,23113,0
100001142,baseline,120.000000,160.000000,0.001944,100.000000,0.025457,18,18,9720,18,18,0.000000,25.890123,1000,251652,5,1.000000,1.000000,0,1702,0,6289,0
100001142,defense_vs_attack,220.000000,260.000000,0.001944,100.000000,0.010243,18,18,9720,18,18,0.000000,90.717695,1000,881776,5,0.000000,0.877551,1,2497,0,12256,0
100001142,defense_only,320.000000,360.000000,0.001944,100.000000,0.022194,18,18,9720,18,18,0.000000,82.541564,1000,802304,5,1.000000,1.000000,0,2504,0,18287,0
100001142,attack_only,420.000000,460.000000,0.001944,100.000000,0.012021,18,18,9720,18,18,0.000000,26.769136,1000,260196,5,1.000000,1.000000,0,1679,0,22604,0
100001154,baseline,120.000000,160.000000,0.001944,100.000000,0.026013,18,18,9720,18,18,0.000000,28.006173,1000,272220,5,1.000000,1.000000,0,1768,0,6555,0
100001154,defense_only,220.000000,260.000000,0.001944,100.000000,0.009797,18,18,9720,18,18,0.000000,84.488066,1000,821224,5,1.000000,1.000000,0,2471,0,12490,0
100001154,attack_only,320.000000,360.000000,0.001944,100.000000,0.021539,18,18,9720,18,18,0.000000,25.246091,1000,245392,5,1.000000,1.000000,0,1723,0,16907,0
100001154,defense_vs_attack,420.000000,460.000000,0.001944,100.000000,0.012300,18,18,9720,18,18,0.000000,82.807819,1000,804892,5,0.000000,0.877551,1,2454,0,22851,0
100001153,defense_vs_attack,120.000000,160.000000,0.001944,100.000000,0.024099,18,18,9720,18,18,0.000000,87.166667,1000,847260,4,0.000000,0.836735,1,2449,0,8337,0
100001153,attack_only,220.000000,260.000000,0.001944,100.000000,0.009843,18,18,9720,18,18,0.000000,29.185597,1000,283684,4,1.000000,1.000000,0,1769,0,12790,0
100001153,baseline,320.000000,360.000000,0.001944,100.000000,0.014139,18,18,9720,18,18,0.000000,29.871605,1000,290352,4,1.000000,1.000000,0,1765,0,17099,0
100001153,defense_only,420.000000,460.000000,0.001944,100.000000,0.012720,18,18,9720,18,18,0.000000,83.202881,1000,808732,4,1.000000,1.000000,0,2446,0,23023,0
100001157,defense_only,120.000000,160.000000,0.001944,100.000000,0.015678,18,18,9720,18,18,0.000000,107.282305,1000,1042784,3,1.000000,1.000000,0,2320,0,8148,0
100001157,defense_vs_attack,220.000000,260.000000,0.001944,100.000000,0.011363,18,18,9720,18,18,0.000000,108.675720,1000,1056328,3,0.000000,0.775510,1,2386,0,14004,0
100001157,baseline,320.000000,360.000000,0.001944,100.000000,0.010827,18,18,9720,18,18,0.000000,35.930041,1000,349240,3,1.000000,1.000000,0,1822,0,18647,0
100001157,attack_only,420.000000,460.000000,0.001944,100.000000,0.008840,18,18,9720,18,18,0.000000,38.394239,1000,373192,3,1.000000,1.000000,0,1838,0,23239,0
100001155,defense_only,120.000000,160.000000,0.001944,100.000000,0.020489,18,18,9720,18,18,0.000000,101.840329,1000,989888,4,1.000000,1.000000,0,2505,0,8272,0
100001155,attack_only,220.000000,260.000000,0.001944,100.000000,0.069431,18,18,9720,18,18,0.000000,31.202058,1000,303284,4,1.000000,1.000000,0,1712,0,12736,0
100001155,defense_vs_attack,320.000000,360.000000,0.001944,100.000000,0.013498,18,18,9720,18,18,0.000000,103.964609,1000,1010536,4,0.000000,0.836735,1,2337,0,18481,0
100001155,baseline,420.000000,460.000000,0.001944,100.000000,0.009276,18,18,9720,18,18,0.000000,30.948148,1000,300816,4,1.000000,1.000000,0,1714,0,22907,0
100001166,defense_only,120.000000,160.000000,0.001944,100.000000,0.022061,18,18,9720,18,18,0.000000,92.086420,1000,895080,4,1.000000,1.000000,0,2324,0,7795,0
100001166,attack_only,220.000000,260.000000,0.000000,0.000000,0.000000,18,0,0,0,18,100.000000,0.000000,1000,242540,4,1.000000,1.000000,0,1579,0,11893,0
100001166,baseline,320.000000,360.000000,0.001944,100.000000,0.012704,18,18,9720,18,18,0.000000,25.033745,1000,243328,4,1.000000,1.000000,0,1608,0,15842,0
100001166,defense_vs_attack,420.000000,460.000000,0.001188,61.111111,0.028956,18,11,5940,11,18,38.888889,151.883502,1000,902188,5,0.000000,0.857143,1,2483,0,21686,0
100001167,defense_only,120.000000,160.000000,0.001944,100.000000,0.026340,18,18,9720,18,18,0.000000,92.469547,1000,898804,5,1.000000,1.000000,0,2355,0,8294,0
100001167,baseline,220.000000,260.000000,0.001944,100.000000,0.010219,18,18,9720,18,18,0.000000,37.726749,1000,366704,5,1.000000,1.000000,0,1887,0,12975,0
100001167,attack_only,320.000000,360.000000,0.001944,100.000000,0.021613,18,18,9720,18,18,0.000000,38.036214,1000,369712,5,1.000000,1.000000,0,1925,0,17586,0
100001167,defense_vs_attack,420.000000,460.000000,0.001080,55.555556,0.014124,18,10,5400,10,18,44.444444,165.082963,1000,891448,5,0.000000,0.857143,1,2394,0,23404,0
100001171,attack_only,120.000000,160.000000,0.001944,100.000000,0.020877,18,18,9720,18,18,0.000000,32.791358,1000,318732,4,1.000000,1.000000,0,1906,0,7149,0
100001171,defense_vs_attack,220.000000,260.000000,0.001944,100.000000,0.008609,18,18,9720,18,18,0.000000,88.783951,1000,862980,4,0.000000,0.918367,1,2602,0,13394,0
100001171,defense_only,320.000000,360.000000,0.001944,100.000000,0.017431,18,18,9720,18,18,0.000000,87.683128,1000,852280,4,1.000000,1.000000,0,2533,0,19725,0
100001171,baseline,420.000000,460.000000,0.001944,100.000000,0.010051,18,18,9720,18,18,0.000000,31.949794,1000,310552,4,1.000000,1.000000,0,1857,0,24506,0
100001175,defense_vs_attack,120.000000,160.000000,0.001188,61.111111,0.032013,18,11,5940,11,18,38.888889,168.584512,1000,1001392,5,0.000000,0.836735,1,2421,0,8285,0
100001175,baseline,220.000000,260.000000,0.001944,100.000000,0.012850,18,18,9720,18,18,0.000000,34.267490,1000,333080,5,1.000000,1.000000,0,1810,0,12913,0
100001175,defense_only,320.000000,360.000000,0.001944,100.000000,0.019746,18,18,9720,18,18,0.000000,102.645267,1000,997712,5,1.000000,1.000000,0,2438,0,18860,0
100001175,attack_only,420.000000,460.000000,0.000000,0.000000,0.000000,18,0,0,0,18,100.000000,0.000000,1000,333632,6,1.000000,1.000000,0,1850,0,23515,0
100001180,attack_only,120.000000,160.000000,0.001944,100.000000,0.015154,18,18,9720,18,18,0.000000,27.458436,1000,266896,3,1.000000,1.000000,0,1699,0,6539,0
100001180,defense_only,220.000000,260.000000,0.001944,100.000000,0.006215,18,18,9720,18,18,0.000000,91.897531,1000,893244,3,1.000000,1.000000,0,2529,0,12707,0
100001180,baseline,320.000000,360.000000,0.001944,100.000000,0.012812,18,18,9720,18,18,0.000000,27.668313,1000,268936,3,1.000000,1.000000,0,1719,0,17117,0
100001180,defense_vs_attack,420.000000,460.000000,0.001944,100.000000,0.007254,18,18,9720,18,18,0.000000,90.718519,1000,881784,3,0.000000,0.836735,1,2655,0,23288,0
100001188,defense_only,120.000000,160.000000,0.001944,100.000000,0.016693,18,18,9720,18,18,0.000000,86.823868,1000,843928,3,1.000000,1.000000,0,2398,0,8118,0
100001188,defense_vs_attack,220.000000,260.000000,0.001944,100.000000,0.006102,18,18,9720,18,18,0.000000,90.925926,1000,883800,3,0.000000,0.857143,1,2438,0,14064,0
100001188,baseline,320.000000,360.000000,0.001944,100.000000,0.012918,18,18,9720,18,18,0.000000,27.488477,1000,267188,3,1.000000,1.000000,0,1687,0,18403,0
100001188,attack_only,420.000000,460.000000,0.001944,100.000000,0.007174,18,18,9720,18,18,0.000000,27.088477,1000,263300,3,1.000000,1.000000,0,1618,0,22361,0
100001189,defense_only,120.000000,160.000000,0.001944,100.000000,0.030774,18,18,9720,18,18,0.000000,86.384362,1000,839656,6,1.000000,1.000000,0,2457,0,7951,0
100001189,baseline,220.000000,260.000000,0.001944,100.000000,0.012003,18,18,9720,18,18,0.000000,25.311111,1000,246024,6,1.000000,1.000000,0,1648,0,12164,0
100001189,defense_vs_attack,320.000000,360.000000,0.001944,100.000000,0.027569,18,18,9720,18,18,0.000000,93.404115,1000,907888,6,0.000000,0.897959,1,2425,0,18038,0
100001189,attack_only,420.000000,460.000000,0.000000,0.000000,0.000000,18,0,0,0,18,100.000000,0.000000,1000,235772,7,1.000000,1.000000,0,1596,0,22172,0
100001191,defense_vs_attack,120.000000,160.000000,0.001836,94.444444,0.030679,18,17,9180,17,18,5.555556,106.068845,1000,973712,5,0.000000,0.816327,1,2462,0,8242,0
100001191,baseline,220.000000,260.000000,0.001944,100.000000,0.018959,18,18,9720,18,18,0.000000,32.560905,1000,316492,5,1.000000,1.000000,0,1835,0,12830,0
100001191,defense_only,320.000000,360.000000,0.001944,100.000000,0.017119,18,18,9720,18,18,0.000000,103.885597,1000,1009768,5,1.000000,1.000000,0,2358,0,18516,0
100001191,attack_only,420.000000,460.000000,0.001944,100.000000,0.013475,18,18,9720,18,18,0.000000,32.958025,1000,320352,5,1.000000,1.000000,0,1834,0,23079,0
100001195,attack_only,120.000000,160.000000,0.000000,0.000000,0.000000,18,0,0,0,18,100.000000,0.000000,1000,253792,6,1.000000,1.000000,0,1699,0,6510,0
100001195,defense_vs_attack,220.000000,260.000000,0.000432,22.222222,0.092003,18,4,2160,4,18,77.777778,387.344444,1000,836664,12,0.000000,0.918367,1,2539,0,12596,0
100001195,baseline,320.000000,360.000000,0.001944,100.000000,0.024517,18,18,9720,18,18,0.000000,25.320576,1000,246116,6,1.000000,1.000000,0,1747,0,17097,0
100001195,defense_only,420.000000,460.000000,0.001944,100.000000,0.013994,18,18,9720,18,18,0.000000,85.510700,1000,831164,6,1.000000,1.000000,0,2474,0,23131,0
100001198,baseline,120.000000,160.000000,0.001944,100.000000,0.037460,18,18,9720,18,18,0.000000,22.439918,1000,218116,7,1.000000,1.000000,0,1709,0,6293,0
100001198,defense_only,220.000000,260.000000,0.001944,100.000000,0.014619,18,18,9720,18,18,0.000000,84.119753,1000,817644,7,1.000000,1.000000,0,2545,0,12491,0
100001198,defense_vs_attack,320.000000,360.000000,0.001944,100.000000,0.029477,18,18,9720,18,18,0.000000,65.411934,1000,635804,7,0.000000,0.877551,1,2433,0,18560,0
100001198,attack_only,420.000000,460.000000,0.001944,100.000000,0.018339,18,18,9720,18,18,0.000000,22.292593,1000,216684,7,1.000000,1.000000,0,1677,0,22851,0
100001200,defense_vs_attack,120.000000,160.000000,0.001944,100.000000,0.022059,18,18,9720,18,18,0.000000,98.800412,1000,960340,4,0.000000,0.877551,1,2429,0,8074,0
100001200,defense_only,220.000000,260.000000,0.001944,100.000000,0.008545,18,18,9720,18,18,0.000000,100.046502,1000,972452,4,1.000000,1.000000,0,2370,0,13998,0
100001200,baseline,320.000000,360.000000,0.001944,100.000000,0.016968,18,18,9720,18,18,0.000000,27.482305,1000,267128,4,1.000000,1.000000,0,1673,0,18336,0
100001200,attack_only,420.000000,460.000000,0.001944,100.000000,0.010020,18,18,9720,18,18,0.000000,27.181070,1000,264200,4,1.000000,1.000000,0,1675,0,22442,0
100001199,defense_only,120.000000,160.000000,0.001944,100.000000,0.048735,18,18,9720,18,18,0.000000,93.003292,1000,903992,9,1.000000,1.000000,0,2526,0,8342,0
100001199,defense_vs_attack,220.000000,260.000000,0.001080,55.555556,0.023405,18,10,5400,10,18,44.444444,174.708889,1000,943428,9,0.000000,0.795918,1,2449,0,14296,0
100001199,attack_only,320.000000,360.000000,0.000000,0.000000,0.000000,18,0,0,0,18,100.000000,0.000000,1000,311864,9,1.000000,1.000000,0,1828,0,18880,0
100001199,baseline,420.000000,460.000000,0.001944,100.000000,0.042610,18,18,9720,18,18,0.000000,31.789300,1000,308992,9,1.000000,1.000000,0,1856,0,23288,0
100001204,defense_vs_attack,120.000000,160.000000,0.001944,100.000000,0.017949,18,18,9720,18,18,0.000000,95.241152,1000,925744,3,0.000000,0.775510,1,2372,0,8118,0
100001204,baseline,220.000000,260.000000,0.001944,100.000000,0.006785,18,18,9720,18,18,0.000000,28.605350,1000,278044,3,1.000000,1.000000,0,1663,0,12490,0
100001204,attack_only,320.000000,360.000000,0.001944,100.000000,0.012243,18,18,9720,18,18,0.000000,28.344033,1000,275504,3,1.000000,1.000000,0,1658,0,16557,0
100001204,defense_only,420.000000,460.000000,0.001944,100.000000,0.014677,18,18,9720,18,18,0.000000,100.570782,1000,977548,3,1.000000,1.000000,0,2465,0,22514,0
100001206,baseline,120.000000,160.000000,0.001944,100.000000,0.092539,18,18,9720,18,18,0.000000,28.028807,1000,272440,7,1.000000,1.000000,0,1822,0,6634,0
100001206,defense_only,220.000000,260.000000,0.001944,100.000000,0.017875,18,18,9720,18,18,0.000000,86.636626,1000,842108,7,1.000000,1.000000,0,2518,0,12738,0
100001206,defense_vs_attack,320.000000,360.000000,0.001404,72.222222,0.038164,18,13,7020,13,18,27.777778,123.545299,1000,867288,7,0.000000,0.836735,2,2631,0,19068,0
100001206,attack_only,420.000000,460.000000,0.000000,0.000000,0.000000,18,0,0,0,18,100.000000,0.000000,1000,282372,7,1.000000,1.000000,0,1731,0,23513,0
100001208,attack_only,120.000000,160.000000,0.001944,100.000000,0.015438,18,18,9720,18,18,0.000000,23.306584,1000,226540,3,1.000000,1.000000,0,1627,0,6167,0
100001208,defense_vs_attack,220.000000,260.000000,0.001296,80.000000,0.006462,15,12,6480,12,18,33.333333,122.922222,1000,796536,3,0.000000,0.897959,2,2332,0,11798,0
100001208,baseline,320.000000,360.000000,0.001944,100.000000,0.010281,18,18,9720,18,18,0.000000,23.978601,1000,233072,3,1.000000,1.000000,0,1626,0,16011,0
100001208,defense_only,420.000000,460.000000,0.001944,100.000000,0.009958,18,18,9720,18,18,0.000000,83.039506,1000,807144,3,1.000000,1.000000,0,2361,0,21758,0
100001210,defense_only,120.000000,160.000000,0.001944,100.000000,0.015026,18,18,9720,18,18,0.000000,87.699588,1000,852440,3,1.000000,1.000000,0,2473,0,8160,0
100001210,baseline,220.000000,260.000000,0.001944,100.000000,0.005790,18,18,9720,18,18,0.000000,22.160494,1000,215400,3,1.000000,1.000000,0,1562,0,12228,0
100001210,defense_vs_attack,320.000000,360.000000,0.001080,55.555556,0.015071,18,10,5400,10,18,44.444444,159.094074,1000,859108,3,0.000000,0.877551,1,2584,0,18300,0
100001210,attack_only,420.000000,460.000000,0.001944,100.000000,0.009052,18,18,9720,18,18,0.000000,22.327984,1000,217028,3,1.000000,1.000000,0,1562,0,22455,0
100001213,defense_vs_attack,120.000000,160.000000,0.001620,83.333333,0.036453,18,15,8100,15,18,16.666667,102.571358,1000,830828,6,0.000000,0.877551,1,2432,0,8151,0
100001213,attack_only,220.000000,260.000000,0.001944,100.000000,0.017168,18,18,9720,18,18,0.000000,29.762551,1000,289292,6,1.000000,1.000000,0,1787,0,12625,0
100001213,baseline,320.000000,360.000000,0.001944,100.000000,0.020518,18,18,9720,18,18,0.000000,30.050206,1000,292088,6,1.000000,1.000000,0,1748,0,16865,0
100001213,defense_only,420.000000,460.000000,0.001944,100.000000,0.024086,18,18,9720,18,18,0.000000,86.120576,1000,837092,6,1.000000,1.000000,0,2447,0,22738,0
100001215,defense_vs_attack,120.000000,160.000000,0.001512,77.777778,0.034501,18,14,7560,14,18,22.222222,128.548677,1000,971828,6,0.000000,0.836735,1,2506,0,8206,0
100001215,baseline,220.000000,260.000000,0.001944,100.000000,0.014818,18,18,9720,18,18,0.000000,27.265432,1000,265020,6,1.000000,1.000000,0,1697,0,12558,0
100001215,attack_only,320.000000,360.000000,0.000000,0.000000,0.000000,18,0,0,0,18,100.000000,0.000000,1000,261252,7,1.000000,1.000000,0,1624,0,16567,0
100001215,defense_only,420.000000,460.000000,0.001944,100.000000,0.022165,18,18,9720,18,18,0.000000,99.883539,1000,970868,6,1.000000,1.000000,0,2415,0,22378,0
100001214,baseline,120.000000,160.000000,0.001944,100.000000,0.027102,18,18,9720,18,18,0.000000,25.550206,1000,248348,5,1.000000,1.000000,0,1670,0,6206,0
100001214,defense_vs_attack,220.000000,260.000000,0.001080,55.555556,0.032153,18,10,5400,10,18,44.444444,166.041481,1000,896624,5,0.000000,0.795918,1,2452,0,12191,0
100001214,attack_only,320.000000,360.000000,0.000000,0.000000,0.000000,18,0,0,0,18,100.000000,0.000000,1000,248240,5,1.000000,1.000000,0,1601,0,16370,0
100001214,defense_only,420.000000,460.000000,0.001944,100.000000,0.015720,18,18,9720,18,18,0.000000,95.550617,1000,928752,5,1.000000,1.000000,0,2492,0,22386,0
100001216,defense_vs_attack,120.000000,160.000000,0.001836,94.444444,0.031846,18,17,9180,17,18,5.555556,103.986057,1000,954592,5,0.000000,0.836735,1,2473,0,8246,0
100001216,defense_only,220.000000,260.000000,0.001944,100.000000,0.012720,18,18,9720,18,18,0.000000,95.962140,1000,932752,5,1.000000,1.000000,0,2404,0,14195,0
100001216,attack_only,320.000000,360.000000,0.000000,0.000000,0.000000,18,0,0,0,18,100.000000,0.000000,1000,296080,5,1.000000,1.000000,0,1675,0,18528,0
100001216,baseline,420.000000,460.000000,0.001944,100.000000,0.019274,18,18,9720,18,18,0.000000,31.192181,1000,303188,5,1.000000,1.000000,0,1752,0,22744,0
100001224,defense_only,120.000000,160.000000,0.001944,100.000000,0.026771,18,18,9720,18,18,0.000000,82.319342,1000,800144,5,1.000000,1.000000,0,2552,0,8518,0
100001224,baseline,220.000000,260.000000,0.001944,100.000000,0.010312,18,18,9720,18,18,0.000000,29.828395,1000,289932,5,1.000000,1.000000,0,1805,0,13094,0
100001224,defense_vs_attack,320.000000,360.000000,0.000432,22.222222,0.013979,18,4,2160,4,18,77.777778,383.833333,1000,829080,5,0.000000,0.918367,1,2563,0,19296,0
100001224,attack_only,420.000000,460.000000,0.000000,0.000000,0.000000,18,0,0,0,18,100.000000,0.000000,1000,293764,5,1.000000,1.000000,0,1753,0,23890,0
100001227,baseline,120.000000,160.000000,0.001944,100.000000,0.020414,18,18,9720,18,18,0.000000,30.163374,1000,293188,4,1.000000,1.000000,0,1763,0,6661,0
100001227,defense_only,220.000000,260.000000,0.001944,100.000000,0.007878,18,18,9720,18,18,0.000000,87.126749,1000,846872,4,1.000000,1.000000,0,2555,0,12747,0
100001227,defense_vs_attack,320.000000,360.000000,0.000864,44.444444,0.156385,18,8,4320,8,18,55.555556,197.057407,1000,851288,4,0.000000,0.897959,1,2552,0,18960,0
100001227,attack_only,420.000000,460.000000,0.000000,0.000000,0.000000,18,0,0,0,18,100.000000,0.000000,1000,286980,4,1.000000,1.000000,0,1696,0,23394,0
100001228,defense_vs_attack,120.000000,160.000000,0.001944,100.000000,0.020136,18,18,9720,18,18,0.000000,88.728807,1000,862444,4,0.000000,0.938776,1,2525,0,8605,0
100001228,attack_only,220.000000,260.000000,0.001944,100.000000,0.007793,18,18,9720,18,18,0.000000,31.853498,1000,309616,4,1.000000,1.000000,0,1764,0,13114,0
100001228,baseline,320.000000,360.000000,0.001944,100.000000,0.017355,18,18,9720,18,18,0.000000,31.065844,1000,301960,4,1.000000,1.000000,0,1813,0,17518,0
100001228,defense_only,420.000000,460.000000,0.001944,100.000000,0.009813,18,18,9720,18,18,0.000000,88.124280,1000,856568,4,1.000000,1.000000,0,2555,0,23647,0
100001230,defense_vs_attack,120.000000,160.000000,0.001080,55.555556,0.019329,18,10,5400,10,18,44.444444,174.808148,1000,943964,3,0.000000,0.795918,1,2568,0,8486,0
100001230,attack_only,220.000000,260.000000,0.000000,0.000000,0.000000,18,0,0,0,18,100.000000,0.000000,1000,250344,3,1.000000,1.000000,0,1615,0,12795,0
100001230,defense_only,320.000000,360.000000,0.001944,100.000000,0.012516,18,18,9720,18,18,0.000000,92.482716,1000,898932,3,1.000000,1.000000,0,2467,0,18761,0
100001230,baseline,420.000000,460.000000,0.001944,100.000000,0.008017,18,18,9720,18,18,0.000000,25.559259,1000,248436,3,1.000000,1.000000,0,1637,0,23037,0
100001231,baseline,120.000000,160.000000,0.001944,100.000000,0.053544,18,18,9720,18,18,0.000000,24.498354,1000,238124,10,1.000000,1.000000,0,1810,0,6605,0
100001231,defense_only,220.000000,260.000000,0.001944,100.000000,0.020044,18,18,9720,18,18,0.000000,93.294650,1000,906824,10,1.000000,1.000000,0,2721,0,13055,0
100001231,defense_vs_attack,320.000000,360.000000,0.001944,100.000000,0.043874,18,18,9720,18,18,0.000000,93.780247,1000,911544,10,0.000000,0.877551,1,2716,0,19564,0
100001231,attack_only,420.000000,460.000000,0.001944,100.000000,0.024574,18,18,9720,18,18,0.000000,24.541975,1000,238548,10,1.000000,1.000000,0,1833,0,24118,0
100001232,defense_vs_attack,120.000000,160.000000,0.001944,100.000000,0.015848,18,18,9720,18,18,0.000000,94.014815,1000,913824,3,0.000000,0.816327,1,2399,0,8031,0
100001232,defense_only,220.000000,260.000000,0.001944,100.000000,0.005886,18,18,9720,18,18,0.000000,91.142387,1000,885904,3,1.000000,1.000000,0,2278,0,13683,0
100001232,baseline,320.000000,360.000000,0.001944,100.000000,0.013063,18,18,9720,18,18,0.000000,29.405761,1000,285824,3,1.000000,1.000000,0,1671,0,17992,0
100001232,attack_only,420.000000,460.000000,0.001944,100.000000,0.007411,18,18,9720,18,18,0.000000,30.241152,1000,293944,3,1.000000,1.000000,0,1670,0,22072,0
100001245,defense_only,120.000000,160.000000,0.001944,100.000000,0.026790,18,18,9720,18,18,0.000000,86.414815,1000,839952,5,1.000000,1.000000,0,2581,0,8485,0
100001245,defense_vs_attack,220.000000,260.000000,0.001944,100.000000,0.016190,18,18,9720,18,18,0.000000,88.897942,1000,864088,5,0.000000,0.877551,1,2518,0,14728,0
100001245,baseline,320.000000,360.000000,0.001944,100.000000,0.016897,18,18,9720,18,18,0.000000,25.435802,1000,247236,5,1.000000,1.000000,0,1690,0,19048,0
100001245,attack_only,420.000000,460.000000,0.000000,0.000000,0.000000,18,0,0,0,18,100.000000,0.000000,1000,253740,5,1.000000,1.000000,0,1702,0,23171,0
100001240,defense_only,120.000000,160.000000,0.001944,100.000000,0.027268,18,18,9720,18,18,0.000000,82.696296,1000,803808,5,1.000000,1.000000,0,2437,0,8059,0
100001240,attack_only,220.000000,260.000000,0.001944,100.000000,0.009799,18,18,9720,18,18,0.000000,29.260494,1000,284412,5,1.000000,1.000000,0,1687,0,12374,0
100001240,defense_vs_attack,320.000000,360.000000,0.001944,100.000000,0.022620,18,18,9720,18,18,0.000000,84.821399,1000,824464,5,0.000000,0.816327,1,2392,0,18094,0
100001240,baseline,420.000000,460.000000,0.001944,100.000000,0.012016,18,18,9720,18,18,0.000000,28.751029,1000,279460,5,1.000000,1.000000,0,1676,0,22367,0
100001242,attack_only,120.000000,160.000000,0.000000,0.000000,0.000000,18,0,0,0,18,100.000000,0.000000,1000,274936,8,1.000000,1.000000,0,1711,0,6381,0
100001242,baseline,220.000000,260.000000,0.001944,100.000000,0.026732,18,18,9720,18,18,0.000000,27.462963,1000,266940,8,1.000000,1.000000,0,1733,0,10526,0
100001242,defense_only,320.000000,360.000000,0.001944,100.000000,0.027542,18,18,9720,18,18,0.000000,95.730041,1000,930496,8,1.000000,1.000000,0,2523,0,16401,0
100001242,defense_vs_attack,420.000000,460.000000,0.001296,66.666667,0.030531,18,12,6480,12,18,33.333333,145.198765,1000,940888,8,0.000000,0.877551,1,2491,0,22465,0
100001247,baseline,120.000000,160.000000,0.001944,100.000000,0.024865,18,18,9720,18,18,0.000000,24.590947,1000,239024,5,1.000000,1.000000,0,1691,0,6261,0
100001247,defense_only,220.000000,260.000000,0.001944,100.000000,0.010072,18,18,9720,18,18,0.000000,83.459259,1000,811224,5,1.000000,1.000000,0,2460,0,12154,0
100001247,defense_vs_attack,320.000000,360.000000,0.001404,72.222222,0.023724,18,13,7020,13,18,27.777778,123.918519,1000,869908,5,0.000000,0.857143,1,2459,0,18257,0
100001247,attack_only,420.000000,460.000000,0.000000,0.000000,0.000000,18,0,0,0,18,100.000000,0.000000,1000,219752,5,1.000000,1.000000,0,1604,0,22410,0
100001244,defense_only,120.000000,160.000000,0.001944,100.000000,0.071345,18,18,9720,18,18,0.000000,105.349383,1000,1023996,3,1.000000,1.000000,0,2338,0,7841,0
100001244,defense_vs_attack,220.000000,260.000000,0.001944,100.000000,0.006136,18,18,9720,18,18,0.000000,101.505350,1000,986632,3,0.000000,0.755102,1,2332,0,13677,0
100001244,baseline,320.000000,360.000000,0.001944,100.000000,0.012982,18,18,9720,18,18,0.000000,26.064609,1000,253348,3,1.000000,1.000000,0,1573,0,17782,0
100001244,attack_only,420.000000,460.000000,0.001944,100.000000,0.007498,18,18,9720,18,18,0.000000,25.982716,1000,252552,3,1.000000,1.000000,0,1580,0,21692,0
100001249,defense_only,120.000000,160.000000,0.001944,100.000000,0.020129,18,18,9720,18,18,0.000000,81.470370,1000,791892,4,1.000000,1.000000,0,2378,0,7887,0
100001249,attack_only,220.000000,260.000000,0.001944,100.000000,0.007831,18,18,9720,18,18,0.000000,25.737449,1000,250168,4,1.000000,1.000000,0,1608,0,12062,0
100001249,baseline,320.000000,360.000000,0.001944,100.000000,0.017265,18,18,9720,18,18,0.000000,25.167490,1000,244628,4,1.000000,1.000000,0,1653,0,16020,0
100001249,defense_vs_attack,420.000000,460.000000,0.001944,100.000000,0.009532,18,18,9720,18,18,0.000000,86.722222,1000,842940,4,0.000000,0.877551,1,2419,0,21744,0
100001248,defense_vs_attack,120.000000,160.000000,0.001944,100.000000,0.017498,18,18,9720,18,18,0.000000,101.341152,1000,985036,3,0.000000,0.877551,1,2314,0,7885,0
100001248,defense_only,220.000000,260.000000,0.001944,100.000000,0.006218,18,18,9720,18,18,0.000000,101.644856,1000,987988,3,1.000000,1.000000,0,2331,0,13670,0
100001248,attack_only,320.000000,360.000000,0.001944,100.000000,0.012651,18,18,9720,18,18,0.000000,32.304527,1000,314000,3,1.000000,1.000000,0,1741,0,18080,0
100001248,baseline,420.000000,460.000000,0.001944,100.000000,0.007447,18,18,9720,18,18,0.000000,31.183128,1000,303100,3,1.000000,1.000000,0,1715,0,22268,0
100001253,defense_only,120.000000,160.000000,0.001944,100.000000,0.020655,18,18,9720,18,18,0.000000,78.453498,1000,762568,4,1.000000,1.000000,0,2369,0,8038,0
100001253,baseline,220.000000,260.000000,0.001944,100.000000,0.008348,18,18,9720,18,18,0.000000,29.785597,1000,289516,4,1.000000,1.000000,0,1722,0,12447,0
100001253,attack_only,320.000000,360.000000,0.001944,100.000000,0.018333,18,18,9720,18,18,0.000000,30.587243,1000,297308,4,1.000000,1.000000,0,1728,0,16707,0
100001253,defense_vs_attack,420.000000,460.000000,0.001944,100.000000,0.013355,18,18,9720,18,18,0.000000,84.880658,1000,825040,4,0.000000,0.795918,1,2370,0,22466,0
100001251,defense_vs_attack,120.000000,160.000000,0.001944,100.000000,0.084676,18,18,9720,18,18,0.000000,93.630453,1000,910088,5,0.000000,0.857143,1,2395,0,7823,0
100001251,baseline,220.000000,260.000000,0.001944,100.000000,0.018251,18,18,9720,18,18,0.000000,25.200823,1000,244952,5,1.000000,1.000000,0,1621,0,11973,0
100001251,attack_only,320.000000,360.000000,0.000000,0.000000,0.000000,18,0,0,0,18,100.000000,0.000000,1000,250292,6,1.000000,1.000000,0,1604,0,15851,0
100001251,defense_only,420.000000,460.000000,0.001944,100.000000,0.017829,18,18,9720,18,18,0.000000,92.561728,1000,899700,5,1.000000,1.000000,0,2396,0,21611,0
100001255,attack_only,120.000000,160.000000,0.001944,100.000000,0.044689,18,18,9720,18,18,0.000000,28.187654,1000,273984,8,1.000000,1.000000,0,1839,0,6726,0
100001255,defense_only,220.000000,260.000000,0.001944,100.000000,0.019554,18,18,9720,18,18,0.000000,83.437449,1000,811012,8,1.000000,1.000000,0,2648,0,12933,0
100001255,baseline,320.000000,360.000000,0.001944,100.000000,0.030175,18,18,9720,18,18,0.000000,27.625926,1000,268524,8,1.000000,1.000000,0,1833,0,17597,0
100001255,defense_vs_attack,420.000000,460.000000,0.001944,100.000000,0.030906,18,18,9720,18,18,0.000000,79.481070,1000,772556,8,0.000000,0.938776,1,2640,0,23942,0
100001257,defense_only,120.000000,160.000000,0.001944,100.000000,0.015082,18,18,9720,18,18,0.000000,95.909877,1000,932244,3,1.000000,1.000000,0,2422,0,8301,0
100001257,attack_only,220.000000,260.000000,0.001944,100.000000,0.015113,18,18,9720,18,18,0.000000,30.693416,1000,298340,3,1.000000,1.000000,0,1771,0,12866,0
100001257,baseline,320.000000,360.000000,0.001944,100.000000,0.006045,18,18,9720,18,18,0.000000,28.997942,1000,281860,3,1.000000,1.000000,0,1773,0,17234,0
100001257,defense_vs_attack,420.000000,460.000000,0.001728,88.888889,0.009121,18,16,8640,16,18,11.111111,109.468981,1000,945812,3,0.000000,0.877551,1,2450,0,23269,0
100001259,baseline,120.000000,160.000000,0.001944,100.000000,0.025551,18,18,9720,18,18,0.000000,24.084362,1000,234100,5,1.000000,1.000000,0,1568,0,5972,0
100001259,defense_vs_attack,220.000000,260.000000,0.001080,55.555556,0.012450,18,10,5400,10,18,44.444444,174.031111,1000,939768,5,0.000000,0.816327,1,2482,0,11911,0
100001259,attack_only,320.000000,360.000000,0.000000,0.000000,0.000000,18,0,0,0,18,100.000000,0.000000,1000,252872,5,1.000000,1.000000,0,1585,0,16027,0
100001259,defense_only,420.000000,460.000000,0.001944,100.000000,0.016051,18,18,9720,18,18,0.000000,98.608230,1000,958472,5,1.000000,1.000000,0,2573,0,22107,0
100001260,attack_only,120.000000,160.000000,0.001944,100.000000,0.016063,18,18,9720,18,18,0.000000,25.339095,1000,246296,3,1.000000,1.000000,0,1543,0,5857,0
100001260,defense_vs_attack,220.000000,260.000000,0.001512,77.777778,0.007606,18,14,7560,14,18,22.222222,123.530159,1000,933888,3,0.000000,0.816327,1,2267,0,11396,0
100001260,defense_only,320.000000,360.000000,0.001944,100.000000,0.009751,18,18,9720,18,18,0.000000,96.440329,1000,937400,3,1.000000,1.000000,0,2316,0,17088,0
100001260,baseline,420.000000,460.000000,0.001944,100.000000,0.009983,18,18,9720,18,18,0.000000,25.734156,1000,250136,3,1.000000,1.000000,0,1576,0,21141,0
100001263,baseline,120.000000,160.000000,0.001944,100.000000,0.021146,18,18,9720,18,18,0.000000,28.133333,1000,273456,4,1.000000,1.000000,0,1767,0,6678,0
100001263,defense_vs_attack,220.000000,260.000000,0.001944,100.000000,0.008911,18,18,9720,18,18,0.000000,93.986008,1000,913544,4,0.000000,0.897959,1,2547,0,12697,0
100001263,attack_only,320.000000,360.000000,0.001944,100.000000,0.014796,18,18,9720,18,18,0.000000,29.123045,1000,283076,4,1.000000,1.000000,0,1804,0,17253,0
100001263,defense_only,420.000000,460.000000,0.001944,100.000000,0.012788,18,18,9720,18,18,0.000000,98.090947,1000,953444,4,1.000000,1.000000,0,2527,0,23405,0
100001267,defense_vs_attack,120.000000,160.000000,0.001944,100.000000,0.015774,18,18,9720,18,18,0.000000,84.564198,1000,821964,3,0.000000,0.877551,1,2378,0,8045,0
100001267,defense_only,220.000000,260.000000,0.001944,100.000000,0.006516,18,18,9720,18,18,0.000000,87.579835,1000,851276,3,1.000000,1.000000,0,2410,0,13995,0
100001267,attack_only,320.000000,360.000000,0.001944,100.000000,0.012591,18,18,9720,18,18,0.000000,23.619753,1000,229584,3,1.000000,1.000000,0,1602,0,18178,0
100001267,baseline,420.000000,460.000000,0.001944,100.000000,0.010900,18,18,9720,18,18,0.000000,24.163374,1000,234868,3,1.000000,1.000000,0,1607,0,22064,0
100001264,defense_vs_attack,120.000000,160.000000,0.000216,11.111111,0.051213,18,2,1080,2,18,88.888889,857.696296,1000,926312,0,0.000000,0.857143,2,2475,0,8210,0
100001264,baseline,220.000000,260.000000,0.001944,100.000000,0.018951,18,18,9720,18,18,0.000000,28.503704,1000,277056,4,1.000000,1.000000,0,1727,0,12595,0
100001264,attack_only,320.000000,360.000000,0.000000,0.000000,0.000000,18,0,0,0,18,100.000000,0.000000,1000,278000,4,1.000000,1.000000,0,1640,0,16682,0
100001264,defense_only,420.000000,460.000000,0.001944,100.000000,0.010130,18,18,9720,18,18,0.000000,96.818519,1000,941076,4,1.000000,1.000000,0,2254,0,22242,0
100001268,attack_only,120.000000,160.000000,0.001944,100.000000,0.025889,18,18,9720,18,18,0.000000,23.634979,1000,229732,5,1.000000,1.000000,0,1580,0,5957,0
100001268,defense_only,220.000000,260.000000,0.001944,100.000000,0.009842,18,18,9720,18,18,0.000000,99.728807,1000,969364,5,1.000000,1.000000,0,2413,0,11790,0
100001268,defense_vs_attack,320.000000,360.000000,0.001944,100.000000,0.023170,18,18,9720,18,18,0.000000,98.342387,1000,955888,5,0.000000,0.795918,2,2483,0,17765,0
100001268,baseline,420.000000,460.000000,0.001944,100.000000,0.018529,18,18,9720,18,18,0.000000,23.547737,1000,228884,5,1.000000,1.000000,0,1568,0,21859,0
100001269,defense_only,120.000000,160.000000,0.001944,100.000000,0.015587,18,18,9720,18,18,0.000000,84.660494,1000,822900,3,1.000000,1.000000,0,2505,0,8307,0
100001269,attack_only,220.000000,260.000000,0.001944,100.000000,0.005959,18,18,9720,18,18,0.000000,26.192593,1000,254592,3,1.000000,1.000000,0,1646,0,12558,0
100001269,defense_vs_attack,320.000000,360.000000,0.001944,100.000000,0.013257,18,18,9720,18,18,0.000000,83.903292,1000,815540,3,0.000000,0.959184,1,2691,0,18793,0
100001269,baseline,420.000000,460.000000,0.001944,100.000000,0.007545,18,18,9720,18,18,0.000000,25.713580,1000,249936,3,1.000000,1.000000,0,1628,0,23095,0
100001270,attack_only,120.000000,160.000000,0.000000,0.000000,0.000000,18,0,0,0,18,100.000000,0.000000,1000,242644,3,1.000000,1.000000,0,1501,0,5854,0
100001270,defense_only,220.000000,260.000000,0.001944,100.000000,0.016067,18,18,9720,18,18,0.000000,92.251440,1000,896684,3,1.000000,1.000000,0,2402,0,11708,0
100001270,defense_vs_attack,320.000000,360.000000,0.001080,55.555556,0.007212,18,10,5400,10,18,44.444444,165.108889,1000,891588,3,0.000000,0.795918,1,2443,0,17670,0
100001270,baseline,420.000000,460.000000,0.001944,100.000000,0.012882,18,18,9720,18,18,0.000000,24.304115,1000,236236,3,1.000000,1.000000,0,1585,0,21823,0
100001273,defense_only,120.000000,160.000000,0.001944,100.000000,0.038018,18,18,9720,18,18,0.000000,93.730041,1000,911056,7,1.000000,1.000000,0,2572,0,8272,0
100001273,attack_only,220.000000,260.000000,0.000000,0.000000,0.000000,18,0,0,0,18,100.000000,0.000000,1000,292096,7,1.000000,1.000000,0,1700,0,12664,0
100001273,defense_vs_attack,320.000000,360.000000,0.001944,100.000000,0.043764,18,18,9720,18,18,0.000000,92.621399,1000,900280,8,0.000000,0.877551,1,2518,0,18665,0
100001273,baseline,420.000000,460.000000,0.001944,100.000000,0.022019,18,18,9720,18,18,0.000000,29.617695,1000,287884,7,1.000000,1.000000,0,1789,0,23170,0
100001278,baseline,120.000000,160.000000,0.001944,100.000000,0.031655,18,18,9720,18,18,0.000000,27.997531,1000,272136,6,1.000000,1.000000,0,1753,0,6481,0
100001278,defense_only,220.000000,260.000000,0.001944,100.000000,0.011971,18,18,9720,18,18,0.000000,88.329630,1000,858564,6,1.000000,1.000000,0,2473,0,12387,0
100001278,defense_vs_attack,320.000000,360.000000,0.001944,100.000000,0.026645,18,18,9720,18,18,0.000000,87.285185,1000,848412,6,0.000000,0.918367,2,2663,0,18627,0
100001278,attack_only,420.000000,460.000000,0.001944,100.000000,0.014614,18,18,9720,18,18,0.000000,28.293004,1000,275008,6,1.000000,1.000000,0,1706,0,23008,0
100001280,defense_vs_attack,120.000000,160.000000,0.000540,55.555556,0.235188,9,5,2700,5,18,72.222222,256.877037,1000,693568,0,0.000000,0.877551,1,2280,0,8038,0
100001280,baseline,220.000000,260.000000,0.001944,100.000000,0.019722,18,18,9720,18,18,0.000000,23.816461,1000,231496,5,1.000000,1.000000,0,1615,0,12251,0
100001280,attack_only,320.000000,360.000000,0.000000,0.000000,0.000000,18,0,0,0,18,100.000000,0.000000,1000,232984,5,1.000000,1.000000,0,1583,0,16139,0
100001280,defense_only,420.000000,460.000000,0.001944,100.000000,0.017175,18,18,9720,18,18,0.000000,89.181070,1000,866840,5,1.000000,1.000000,0,2477,0,22193,0
100001279,defense_vs_attack,120.000000,160.000000,0.001944,100.000000,0.021105,18,18,9720,18,18,0.000000,95.830453,1000,931472,4,0.000000,0.857143,1,2472,0,8429,0
100001279,defense_only,220.000000,260.000000,0.001944,100.000000,0.008002,18,18,9720,18,18,0.000000,90.935802,1000,883896,4,1.000000,1.000000,0,2545,0,14606,0
100001279,baseline,320.000000,360.000000,0.001944,100.000000,0.017348,18,18,9720,18,18,0.000000,28.368724,1000,275744,4,1.000000,1.000000,0,1745,0,19080,0
100001279,attack_only,420.000000,460.000000,0.001944,100.000000,0.009803,18,18,9720,18,18,0.000000,28.477778,1000,276804,4,1.000000,1.000000,0,1753,0,23366,0
100001282,baseline,120.000000,160.000000,0.001944,100.000000,0.015203,18,18,9720,18,18,0.000000,26.833333,1000,260820,3,1.000000,1.000000,0,1660,0,6303,0
100001282,attack_only,220.000000,260.000000,0.001944,100.000000,0.005789,18,18,9720,18,18,0.000000,25.457613,1000,247448,3,1.000000,1.000000,0,1602,0,10254,0
100001282,defense_vs_attack,320.000000,360.000000,0.001944,100.000000,0.012811,18,18,9720,18,18,0.000000,85.517284,1000,831228,3,0.000000,0.795918,1,2472,0,16171,0
100001282,defense_only,420.000000,460.000000,0.001944,100.000000,0.007208,18,18,9720,18,18,0.000000,84.716049,1000,823440,3,1.000000,1.000000,0,2482,0,22275,0
100001283,attack_only,120.000000,160.000000,0.000000,0.000000,0.000000,18,0,0,0,18,100.000000,0.000000,1000,394700,5,1.000000,1.000000,0,1935,0,7435,0
100001283,defense_only,220.000000,260.000000,0.001944,100.000000,0.017683,18,18,9720,18,18,0.000000,93.958848,1000,913280,4,1.000000,1.000000,0,2386,0,13177,0
100001283,baseline,320.000000,360.000000,0.001944,100.000000,0.010896,18,18,9720,18,18,0.000000,39.023868,1000,379312,4,1.000000,1.000000,0,1964,0,18059,0
100001283,defense_vs_attack,420.000000,460.000000,0.001080,55.555556,0.009749,18,10,5400,10,18,44.444444,164.517778,1000,888396,4,0.000000,0.877551,1,2315,0,23726,0
100001287,baseline,120.000000,160.000000,0.001944,100.000000,0.036437,18,18,9720,18,18,0.000000,25.968313,1000,252412,7,1.000000,1.000000,0,1735,0,6436,0
100001287,defense_only,220.000000,260.000000,0.001944,100.000000,0.024563,18,18,9720,18,18,0.000000,86.701646,1000,842740,7,1.000000,1.000000,0,2530,0,12539,0
100001287,defense_vs_attack,320.000000,360.000000,0.001728,88.888889,0.029919,18,16,8640,16,18,11.111111,97.442130,1000,841900,7,0.000000,0.857143,1,2562,0,18710,0
100001287,attack_only,420.000000,460.000000,0.000000,0.000000,0.000000,18,0,0,0,18,100.000000,0.000000,1000,250908,7,1.000000,1.000000,0,1653,0,23011,0
100001290,defense_vs_attack,120.000000,160.000000,0.001944,100.000000,0.087652,18,18,9720,18,18,0.000000,83.773251,1000,814276,6,0.000000,0.857143,1,2645,0,8873,0
100001290,attack_only,220.000000,260.000000,0.000000,0.000000,0.000000,18,0,0,0,18,100.000000,0.000000,1000,318060,7,1.000000,1.000000,0,1893,0,13629,0
100001290,defense_only,320.000000,360.000000,0.001944,100.000000,0.013054,18,18,9720,18,18,0.000000,81.600823,1000,793160,6,1.000000,1.000000,0,2553,0,19744,0
100001290,baseline,420.000000,460.000000,0.001944,100.000000,0.025245,18,18,9720,18,18,0.000000,33.758848,1000,328136,6,1.000000,1.000000,0,1917,0,24628,0
100001291,baseline,120.000000,160.000000,0.001944,100.000000,0.015583,18,18,9720,18,18,0.000000,26.881893,1000,261292,3,1.000000,1.000000,0,1621,0,6173,0
100001291,defense_only,220.000000,260.000000,0.001944,100.000000,0.006376,18,18,9720,18,18,0.000000,92.215226,1000,896332,3,1.000000,1.000000,0,2404,0,11967,0
100001291,attack_only,320.000000,360.000000,0.001944,100.000000,0.012731,18,18,9720,18,18,0.000000,25.938272,1000,252120,3,1.000000,1.000000,0,1588,0,16068,0
100001291,defense_vs_attack,420.000000,460.000000,0.001296,66.666667,0.008327,18,12,6480,12,18,33.333333,137.410494,1000,890420,3,0.000000,0.816327,1,2606,0,22164,0
100001293,baseline,120.000000,160.000000,0.001944,100.000000,0.020298,18,18,9720,18,18,0.000000,26.463374,1000,257224,4,1.000000,1.000000,0,1646,0,6183,0
100001293,defense_only,220.000000,260.000000,0.001944,100.000000,0.008308,18,18,9720,18,18,0.000000,92.847325,1000,902476,4,1.000000,1.000000,0,2438,0,12162,0
100001293,attack_only,320.000000,360.000000,0.001944,100.000000,0.017241,18,18,9720,18,18,0.000000,26.809053,1000,260584,4,1.000000,1.000000,0,1644,0,16418,0
100001293,defense_vs_attack,420.000000,460.000000,0.001296,66.666667,0.011343,18,12,6480,12,18,33.333333,139.098765,1000,901360,4,0.000000,0.877551,1,2501,0,22555,0
100001292,defense_vs_attack,120.000000,160.000000,0.001080,55.555556,0.025917,18,10,5400,10,18,44.444444,161.721481,1000,873296,4,0.000000,0.836735,2,2403,0,8189,0
100001292,defense_only,220.000000,260.000000,0.001944,100.000000,0.014300,18,18,9720,18,18,0.000000,87.468313,1000,850192,4,1.000000,1.000000,0,2425,0,14038,0
100001292,attack_only,320.000000,360.000000,0.000000,0.000000,0.000000,18,0,0,0,18,100.000000,0.000000,1000,327432,4,1.000000,1.000000,0,1751,0,18526,0
100001292,baseline,420.000000,460.000000,0.001944,100.000000,0.012426,18,18,9720,18,18,0.000000,33.981070,1000,330296,4,1.000000,1.000000,0,1769,0,22921,0
100001296,defense_vs_attack,120.000000,160.000000,0.001728,88.888889,0.032844,18,16,8640,16,18,11.111111,105.463889,1000,911208,6,0.000000,0.897959,1,2498,0,8114,0
100001296,defense_only,220.000000,260.000000,0.001944,100.000000,0.013026,18,18,9720,18,18,0.000000,90.830864,1000,882876,6,1.000000,1.000000,0,2448,0,14069,0
100001296,baseline,320.000000,360.000000,0.001944,100.000000,0.025283,18,18,9720,18,18,0.000000,25.858025,1000,251340,6,1.000000,1.000000,0,1660,0,18281,0
100001296,attack_only,420.000000,460.000000,0.000000,0.000000,0.000000,18,0,0,0,18,100.000000,0.000000,1000,252304,7,1.000000,1.000000,0,1571,0,22176,0
100001294,defense_vs_attack,120.000000,160.000000,0.001944,100.000000,0.031757,18,18,9720,18,18,0.000000,101.844856,1000,989932,6,0.000000,0.877551,1,2596,0,8583,0
100001294,defense_only,220.000000,260.000000,0.001944,100.000000,0.012838,18,18,9720,18,18,0.000000,105.854733,1000,1028908,6,1.000000,1.000000,0,2647,0,15018,0
100001294,attack_only,320.000000,360.000000,0.000000,0.000000,0.000000,18,0,0,0,18,100.000000,0.000000,1000,314052,7,1.000000,1.000000,0,1831,0,19703,0
100001294,baseline,420.000000,460.000000,0.001944,100.000000,0.020184,18,18,9720,18,18,0.000000,30.359259,1000,295092,6,1.000000,1.000000,0,1823,0,24154,0
100001298,baseline,120.000000,160.000000,0.001944,100.000000,0.025967,18,18,9720,18,18,0.000000,29.183951,1000,283668,5,1.000000,1.000000,0,1781,0,6640,0
100001298,defense_vs_attack,220.000000,260.000000,0.001080,55.555556,0.027328,18,10,5400,10,18,44.444444,168.528889,1000,910056,5,0.000000,0.816327,1,2607,0,12782,0
100001298,defense_only,320.000000,360.000000,0.001944,100.000000,0.015004,18,18,9720,18,18,0.000000,87.695473,1000,852400,5,1.000000,1.000000,0,2498,0,18795,0
100001298,attack_only,420.000000,460.000000,0.000000,0.000000,0.000000,18,0,0,0,18,100.000000,0.000000,1000,295256,5,1.000000,1.000000,0,1785,0,23280,0
100001301,defense_only,120.000000,160.000000,0.001944,100.000000,0.036632,18,18,9720,18,18,0.000000,85.348971,1000,829592,7,1.000000,1.000000,0,2560,0,8500,0
100001301,baseline,220.000000,260.000000,0.001944,100.000000,0.013805,18,18,9720,18,18,0.000000,26.955967,1000,262012,7,1.000000,1.000000,0,1855,0,13087,0
100001301,attack_only,320.000000,360.000000,0.000000,0.000000,0.000000,18,0,0,0,18,100.000000,0.000000,1000,266332,7,1.000000,1.000000,0,1811,0,17460,0
100001301,defense_vs_attack,420.000000,460.000000,0.001188,61.111111,0.026697,18,11,5940,11,18,38.888889,139.051852,1000,825968,7,0.000000,0.877551,1,2689,0,23873,0
100001300,attack_only,120.000000,160.000000,0.000000,0.000000,0.000000,18,0,0,0,18,100.000000,0.000000,1000,278304,8,1.000000,1.000000,0,1755,0,6640,0
100001300,defense_vs_attack,220.000000,260.000000,0.000000,0.000000,0.000000,0,0,0,0,18,100.000000,0.000000,1000,575840,0,0.000000,0.918367,2,2178,0,12347,0
100001300,defense_only,320.000000,360.000000,0.001944,100.000000,0.035121,18,18,9720,18,18,0.000000,91.892593,1000,893196,8,1.000000,1.000000,0,2564,0,18466,0
100001300,baseline,420.000000,460.000000,0.001944,100.000000,0.020895,18,18,9720,18,18,0.000000,28.754321,1000,279492,8,1.000000,1.000000,0,1802,0,23075,0
100001302,defense_vs_attack,120.000000,160.000000,0.001080,55.555556,0.041995,18,10,5400,10,18,44.444444,150.283704,1000,811532,6,0.000000,0.877551,1,2696,0,8872,0
100001302,defense_only,220.000000,260.000000,0.001944,100.000000,0.018329,18,18,9720,18,18,0.000000,80.715638,1000,784556,6,1.000000,1.000000,0,2658,0,15355,0
100001302,baseline,320.000000,360.000000,0.001944,100.000000,0.021205,18,18,9720,18,18,0.000000,29.264198,1000,284448,6,1.000000,1.000000,0,1815,0,20030,0
100001302,attack_only,420.000000,460.000000,0.000000,0.000000,0.000000,18,0,0,0,18,100.000000,0.000000,1000,285196,6,1.000000,1.000000,0,1839,0,24499,0
100001303,baseline,120.000000,160.000000,0.001944,100.000000,0.031348,18,18,9720,18,18,0.000000,29.973663,1000,291344,6,1.000000,1.000000,0,1797,0,6566,0
100001303,defense_vs_attack,220.000000,260.000000,0.001944,100.000000,0.024531,18,18,9720,18,18,0.000000,98.937037,1000,961668,6,0.000000,0.857143,1,2363,0,12283,0
100001303,attack_only,320.000000,360.000000,0.001944,100.000000,0.016683,18,18,9720,18,18,0.000000,31.108230,1000,302372,6,1.000000,1.000000,0,1807,0,16801,0
100001303,defense_only,420.000000,460.000000,0.001944,100.000000,0.022998,18,18,9720,18,18,0.000000,101.816049,1000,989652,6,1.000000,1.000000,0,2328,0,22384,0
100001304,defense_vs_attack,120.000000,160.000000,0.000972,50.000000,0.041708,18,9,4860,9,18,50.000000,178.265021,1000,866368,6,0.000000,0.836735,1,2498,0,8143,0
100001304,defense_only,220.000000,260.000000,0.001944,100.000000,0.019860,18,18,9720,18,18,0.000000,89.312346,1000,868116,6,1.000000,1.000000,0,2504,0,14141,0
100001304,attack_only,320.000000,360.000000,0.000000,0.000000,0.000000,18,0,0,0,18,100.000000,0.000000,1000,242464,7,1.000000,1.000000,0,1642,0,18351,0
100001304,baseline,420.000000,460.000000,0.001944,100.000000,0.017578,18,18,9720,18,18,0.000000,24.997531,1000,242976,6,1.000000,1.000000,0,1675,0,22387,0
100001307,attack_only,120.000000,160.000000,0.000000,0.000000,0.000000,18,0,0,0,18,100.000000,0.000000,1000,250124,10,1.000000,1.000000,0,1694,0,6563,0
100001307,defense_only,220.000000,260.000000,0.001944,100.000000,0.047695,18,18,9720,18,18,0.000000,76.939918,1000,747856,10,1.000000,1.000000,0,2680,0,12943,0
100001307,baseline,320.000000,360.000000,0.001944,100.000000,0.029405,18,18,9720,18,18,0.000000,26.642387,1000,258964,10,1.000000,1.000000,0,1857,0,17601,0
100001307,defense_vs_attack,420.000000,460.000000,0.001620,83.333333,0.039574,18,15,8100,15,18,16.666667,91.752099,1000,743192,10,0.000000,0.897959,1,2688,0,24034,0
100001306,defense_vs_attack,120.000000,160.000000,0.001080,55.555556,0.036374,18,10,5400,10,18,44.444444,167.164444,1000,902688,6,0.000000,0.938776,1,2447,0,7962,0
100001306,defense_only,220.000000,260.000000,0.001944,100.000000,0.015627,18,18,9720,18,18,0.000000,92.739506,1000,901428,6,1.000000,1.000000,0,2358,0,13810,0
100001306,baseline,320.000000,360.000000,0.001944,100.000000,0.031228,18,18,9720,18,18,0.000000,28.161317,1000,273728,6,1.000000,1.000000,0,1737,0,18137,0
100001306,attack_only,420.000000,460.000000,0.001944,100.000000,0.018243,18,18,9720,18,18,0.000000,28.594650,1000,277940,6,1.000000,1.000000,0,1706,0,22263,0
100001308,baseline,120.000000,160.000000,0.001944,100.000000,0.015422,18,18,9720,18,18,0.000000,24.710288,1000,240184,3,1.000000,1.000000,0,1674,0,6393,0
100001308,defense_only,220.000000,260.000000,0.001944,100.000000,0.006796,18,18,9720,18,18,0.000000,78.271193,1000,760796,3,1.000000,1.000000,0,2536,0,12563,0
100001308,attack_only,320.000000,360.000000,0.001944,100.000000,0.013734,18,18,9720,18,18,0.000000,25.128807,1000,244252,3,1.000000,1.000000,0,1693,0,16946,0
100001308,defense_vs_attack,420.000000,460.000000,0.001944,100.000000,0.010781,18,18,9720,18,18,0.000000,81.576955,1000,792928,3,0.000000,0.877551,1,2461,0,23035,0
100001316,defense_only,120.000000,160.000000,0.001944,100.000000,0.070918,18,18,9720,18,18,0.000000,87.229630,1000,847872,3,1.000000,1.000000,0,2515,0,8435,0
100001316,baseline,220.000000,260.000000,0.001944,100.000000,0.005789,18,18,9720,18,18,0.000000,31.104938,1000,302340,3,1.000000,1.000000,0,1796,0,12994,0
100001316,attack_only,320.000000,360.000000,0.001944,100.000000,0.012997,18,18,9720,18,18,0.000000,31.481893,1000,306004,3,1.000000,1.000000,0,1770,0,17335,0
100001316,defense_vs_attack,420.000000,460.000000,0.001944,100.000000,0.007949,18,18,9720,18,18,0.000000,96.784362,1000,940744,3,0.000000,0.775510,1,2383,0,23150,0
100001322,baseline,120.000000,160.000000,0.001944,100.000000,0.040956,18,18,9720,18,18,0.000000,22.855967,1000,222160,7,1.000000,1.000000,0,1628,0,5942,0
100001322,defense_vs_attack,220.000000,260.000000,0.001080,55.555556,0.031672,18,10,5400,10,18,44.444444,170.029630,1000,918160,7,0.000000,0.897959,1,2420,0,11726,0
100001322,defense_only,320.000000,360.000000,0.001944,100.000000,0.019498,18,18,9720,18,18,0.000000,97.584774,1000,948524,7,1.000000,1.000000,0,2393,0,17591,0
100001322,attack_only,420.000000,460.000000,0.000000,0.000000,0.000000,18,0,0,0,18,100.000000,0.000000,1000,220552,7,1.000000,1.000000,0,1527,0,21562,0
100001325,defense_vs_attack,120.000000,160.000000,0.001944,100.000000,0.015475,18,18,9720,18,18,0.000000,84.293416,1000,819332,3,0.000000,0.775510,1,2403,0,8196,0
100001325,attack_only,220.000000,260.000000,0.001944,100.000000,0.005790,18,18,9720,18,18,0.000000,26.231276,1000,254968,3,1.000000,1.000000,0,1639,0,12490,0
100001325,baseline,320.000000,360.000000,0.001944,100.000000,0.013176,18,18,9720,18,18,0.000000,27.979835,1000,271964,3,1.000000,1.000000,0,1765,0,16717,0
100001325,defense_only,420.000000,460.000000,0.001944,100.000000,0.007369,18,18,9720,18,18,0.000000,85.112346,1000,827292,3,1.000000,1.000000,0,2398,0,22561,0
100001324,defense_only,120.000000,160.000000,0.001944,100.000000,0.025630,18,18,9720,18,18,0.000000,91.392181,1000,888332,5,1.000000,1.000000,0,2474,0,8486,0
100001324,attack_only,220.000000,260.000000,0.000000,0.000000,0.000000,18,0,0,0,18,100.000000,0.000000,1000,341304,6,1.000000,1.000000,0,1918,0,13332,0
100001324,defense_vs_attack,320.000000,360.000000,0.001296,66.666667,0.015562,18,12,6480,12,18,33.333333,137.479630,1000,890868,5,0.000000,0.857143,1,2342,0,19151,0
100001324,baseline,420.000000,460.000000,0.001944,100.000000,0.015412,18,18,9720,18,18,0.000000,36.043621,1000,350344,5,1.000000,1.000000,0,1971,0,24146,0
100001321,baseline,120.000000,160.000000,0.001944,100.000000,0.015231,18,18,9720,18,18,0.000000,32.303704,1000,313992,3,1.000000,1.000000,0,1742,0,6601,0
100001321,attack_only,220.000000,260.000000,0.001944,100.000000,0.005789,18,18,9720,18,18,0.000000,32.186008,1000,312848,3,1.000000,1.000000,0,1697,0,10733,0
100001321,defense_vs_attack,320.000000,360.000000,0.001404,72.222222,0.014159,18,13,7020,13,18,27.777778,145.544729,1000,1021724,3,0.000000,0.632653,1,2628,0,16820,0
100001321,defense_only,420.000000,460.000000,0.001944,100.000000,0.015707,18,18,9720,18,18,0.000000,99.679835,1000,968888,3,1.000000,1.000000,0,2305,0,22612,0
100001330,attack_only,120.000000,160.000000,0.001944,100.000000,0.015474,18,18,9720,18,18,0.000000,28.635391,1000,278336,3,1.000000,1.000000,0,1696,0,6462,0
100001330,defense_only,220.000000,260.000000,0.001944,100.000000,0.005789,18,18,9720,18,18,0.000000,95.013169,1000,923528,3,1.000000,1.000000,0,2506,0,12522,0
100001330,defense_vs_attack,320.000000,360.000000,0.001944,100.000000,0.013658,18,18,9720,18,18,0.000000,97.009877,1000,942936,3,0.000000,0.795918,1,2439,0,18532,0
100001330,baseline,420.000000,460.000000,0.001944,100.000000,0.007280,18,18,9720,18,18,0.000000,30.395885,1000,295448,3,1.000000,1.000000,0,1727,0,22923,0
100001331,defense_vs_attack,120.000000,160.000000,0.001944,100.000000,0.015608,18,18,9720,18,18,0.000000,87.161728,1000,847212,3,0.000000,0.857143,1,2355,0,8168,0
100001331,attack_only,220.000000,260.000000,0.001944,100.000000,0.012742,18,18,9720,18,18,0.000000,30.843210,1000,299796,3,1.000000,1.000000,0,1779,0,12709,0
100001331,defense_only,320.000000,360.000000,0.001944,100.000000,0.008227,18,18,9720,18,18,0.000000,84.143210,1000,817872,3,1.000000,1.000000,0,2400,0,18548,0
100001331,baseline,420.000000,460.000000,0.001944,100.000000,0.010929,18,18,9720,18,18,0.000000,29.235802,1000,284172,3,1.000000,1.000000,0,1675,0,22886,0
100001332,attack_only,120.000000,160.000000,0.001944,100.000000,0.021948,18,18,9720,18,18,0.000000,25.316049,1000,246072,4,1.000000,1.000000,0,1657,0,6258,0
100001332,baseline,220.000000,260.000000,0.001944,100.000000,0.008311,18,18,9720,18,18,0.000000,24.958436,1000,242596,4,1.000000,1.000000,0,1667,0,10299,0
100001332,defense_only,320.000000,360.000000,0.001944,100.000000,0.017214,18,18,9720,18,18,0.000000,87.781070,1000,853232,4,1.000000,1.000000,0,2475,0,16321,0
100001332,defense_vs_attack,420.000000,460.000000,0.001944,100.000000,0.010172,18,18,9720,18,18,0.000000,89.156379,1000,866600,4,0.000000,0.897959,1,2571,0,22634,0
100001336,defense_only,120.000000,160.000000,0.001944,100.000000,0.015991,18,18,9720,18,18,0.000000,88.056379,1000,855908,3,1.000000,1.000000,0,2443,0,8218,0
100001336,baseline,220.000000,260.000000,0.001944,100.000000,0.005788,18,18,9720,18,18,0.000000,26.897119,1000,261440,3,1.000000,1.000000,0,1718,0,12685,0
100001336,defense_vs_attack,320.000000,360.000000,0.001944,100.000000,0.013422,18,18,9720,18,18,0.000000,87.699177,1000,852436,3,0.000000,0.918367,1,2518,0,18730,0
100001336,attack_only,420.000000,460.000000,0.001944,100.000000,0.007421,18,18,9720,18,18,0.000000,28.370370,1000,275760,3,1.000000,1.000000,0,1704,0,23141,0
100001339,defense_only,120.000000,160.000000,0.001944,100.000000,0.020527,18,18,9720,18,18,0.000000,90.976955,1000,884296,4,1.000000,1.000000,0,2355,0,7977,0
100001339,defense_vs_attack,220.000000,260.000000,0.001944,100.000000,0.008238,18,18,9720,18,18,0.000000,95.704527,1000,930248,4,0.000000,0.836735,1,2434,0,13978,0
100001339,baseline,320.000000,360.000000,0.001944,100.000000,0.020205,18,18,9720,18,18,0.000000,26.561317,1000,258176,4,1.000000,1.000000,0,1624,0,18199,0
100001339,attack_only,420.000000,460.000000,0.001944,100.000000,0.008449,18,18,9720,18,18,0.000000,27.875309,1000,270948,4,1.000000,1.000000,0,1687,0,22289,0
100001340,attack_only,120.000000,160.000000,0.001944,100.000000,0.020794,18,18,9720,18,18,0.000000,31.521811,1000,306392,4,1.000000,1.000000,0,1771,0,6645,0
100001340,defense_vs_attack,220.000000,260.000000,0.001080,55.555556,0.008757,18,10,5400,10,18,44.444444,167.342222,1000,903648,4,0.000000,0.836735,1,2522,0,12827,0
100001340,baseline,320.000000,360.000000,0.001944,100.000000,0.013204,18,18,9720,18,18,0.000000,29.837449,1000,290020,4,1.000000,1.000000,0,1718,0,17292,0
100001340,defense_only,420.000000,460.000000,0.001944,100.000000,0.014025,18,18,9720,18,18,0.000000,95.316872,1000,926480,4,1.000000,1.000000,0,2580,0,23469,0
100001346,attack_only,120.000000,160.000000,0.000000,0.000000,0.000000,18,0,0,0,18,100.000000,0.000000,1000,347596,7,1.000000,1.000000,0,1841,0,6921,0
100001346,baseline,220.000000,260.000000,0.001944,100.000000,0.025235,18,18,9720,18,18,0.000000,35.183951,1000,341988,6,1.000000,1.000000,0,1869,0,11491,0
100001346,defense_vs_attack,320.000000,360.000000,0.001080,55.555556,0.032196,18,10,5400,10,18,44.444444,166.976296,1000,901672,6,0.000000,0.918367,1,2424,0,17322,0
100001346,defense_only,420.000000,460.000000,0.001944,100.000000,0.017740,18,18,9720,18,18,0.000000,95.658025,1000,929796,6,1.000000,1.000000,0,2424,0,23121,0
100001347,defense_only,120.000000,160.000000,0.001944,100.000000,0.025238,18,18,9720,18,18,0.000000,83.441975,1000,811056,5,1.000000,1.000000,0,2465,0,7958,0
100001347,baseline,220.000000,260.000000,0.001944,100.000000,0.009888,18,18,9720,18,18,0.000000,22.474074,1000,218448,5,1.000000,1.000000,0,1580,0,12057,0
100001347,attack_only,320.000000,360.000000,0.000000,0.000000,0.000000,18,0,0,0,18,100.000000,0.000000,1000,219724,6,1.000000,1.000000,0,1577,0,15924,0
100001347,defense_vs_attack,420.000000,460.000000,0.001188,61.111111,0.017070,18,11,5940,11,18,38.888889,140.065320,1000,831988,5,0.000000,0.816327,1,2447,0,21890,0
100001349,defense_only,120.000000,160.000000,0.001944,100.000000,0.015529,18,18,9720,18,18,0.000000,105.361317,1000,1024112,3,1.000000,1.000000,0,2376,0,8014,0
100001349,defense_vs_attack,220.000000,260.000000,0.001944,100.000000,0.005942,18,18,9720,18,18,0.000000,104.730041,1000,1017976,3,0.000000,0.816327,1,2235,0,13623,0
100001349,attack_only,320.000000,360.000000,0.001944,100.000000,0.012812,18,18,9720,18,18,0.000000,28.841975,1000,280344,3,1.000000,1.000000,0,1679,0,17974,0
100001349,baseline,420.000000,460.000000,0.001944,100.000000,0.007127,18,18,9720,18,18,0.000000,29.048560,1000,282352,3,1.000000,1.000000,0,1700,0,22113,0
100001358,defense_vs_attack,120.000000,160.000000,0.001512,77.777778,0.016675,18,14,7560,14,18,22.222222,117.661905,1000,889524,3,0.000000,0.857143,1,2494,0,8314,0
100001358,defense_only,220.000000,260.000000,0.001944,100.000000,0.011363,18,18,9720,18,18,0.000000,93.104527,1000,904976,3,1.000000,1.000000,0,2486,0,14467,0
100001358,baseline,320.000000,360.000000,0.001944,100.000000,0.007965,18,18,9720,18,18,0.000000,28.839918,1000,280324,3,1.000000,1.000000,0,1758,0,18913,0
100001358,attack_only,420.000000,460.000000,0.000000,0.000000,0.000000,18,0,0,0,18,100.000000,0.000000,1000,284288,3,1.000000,1.000000,0,1689,0,23118,0
100001359,baseline,120.000000,160.000000,0.001944,100.000000,0.020589,18,18,9720,18,18,0.000000,32.547325,1000,316360,4,1.000000,1.000000,0,1772,0,6616,0
100001359,defense_vs_attack,220.000000,260.000000,0.001944,100.000000,0.015695,18,18,9720,18,18,0.000000,95.919753,1000,932340,4,0.000000,0.836735,2,2518,0,12550,0
100001359,attack_only,320.000000,360.000000,0.001944,100.000000,0.012548,18,18,9720,18,18,0.000000,32.722634,1000,318064,4,1.000000,1.000000,0,1805,0,17097,0
100001359,defense_only,420.000000,460.000000,0.001944,100.000000,0.013483,18,18,9720,18,18,0.000000,89.925103,1000,874072,4,1.000000,1.000000,0,2323,0,22812,0
100001363,defense_only,120.000000,160.000000,0.001944,100.000000,0.025529,18,18,9720,18,18,0.000000,88.333333,1000,858600,5,1.000000,1.000000,0,2586,0,8442,0
100001363,defense_vs_attack,220.000000,260.000000,0.001944,100.000000,0.010036,18,18,9720,18,18,0.000000,88.582716,1000,861024,5,0.000000,0.918367,1,2528,0,14641,0
100001363,baseline,320.000000,360.000000,0.001944,100.000000,0.024364,18,18,9720,18,18,0.000000,26.044856,1000,253156,5,1.000000,1.000000,0,1711,0,18990,0
100001363,attack_only,420.000000,460.000000,0.001944,100.000000,0.010775,18,18,9720,18,18,0.000000,26.396708,1000,256576,5,1.000000,1.000000,0,1740,0,23182,0
100001362,defense_vs_attack,120.000000,160.000000,0.001296,66.666667,0.051235,18,12,6480,12,18,33.333333,138.117901,1000,895004,7,0.000000,0.897959,1,2428,0,8233,0
100001362,attack_only,220.000000,260.000000,0.001944,100.000000,0.022034,18,18,9720,18,18,0.000000,31.474897,1000,305936,7,1.000000,1.000000,0,1826,0,12807,0
100001362,baseline,320.000000,360.000000,0.001944,100.000000,0.020907,18,18,9720,18,18,0.000000,29.882716,1000,290460,7,1.000000,1.000000,0,1811,0,17174,0
100001362,defense_only,420.000000,460.000000,0.001944,100.000000,0.027007,18,18,9720,18,18,0.000000,88.293004,1000,858208,7,1.000000,1.000000,0,2405,0,22948,0
100001367,defense_vs_attack,120.000000,160.000000,0.001944,100.000000,0.031217,18,18,9720,18,18,0.000000,103.232922,1000,1003424,6,0.000000,0.897959,1,2518,0,8086,0
100001367,attack_only,220.000000,260.000000,0.001944,100.000000,0.012158,18,18,9720,18,18,0.000000,27.304527,1000,265400,6,1.000000,1.000000,0,1659,0,12374,0
100001367,defense_only,320.000000,360.000000,0.001944,100.000000,0.028266,18,18,9720,18,18,0.000000,103.087243,1000,1002008,6,1.000000,1.000000,0,2418,0,18199,0
100001367,baseline,420.000000,460.000000,0.001944,100.000000,0.014795,18,18,9720,18,18,0.000000,26.871193,1000,261188,6,1.000000,1.000000,0,1634,0,22386,0
100001375,attack_only,120.000000,160.000000,0.000000,0.000000,0.000000,18,0,0,0,18,100.000000,0.000000,1000,333456,3,1.000000,1.000000,0,1866,0,7058,0
100001375,baseline,220.000000,260.000000,0.001944,100.000000,0.009228,18,18,9720,18,18,0.000000,34.672016,1000,337012,3,1.000000,1.000000,0,1863,0,11646,0
100001375,defense_vs_attack,320.000000,360.000000,0.000864,44.444444,0.030835,18,8,4320,8,18,55.555556,213.907407,1000,924080,5,0.000000,0.897959,1,2566,0,17728,0
100001375,defense_only,420.000000,460.000000,0.001944,100.000000,0.008570,18,18,9720,18,18,0.000000,91.945679,1000,893712,3,1.000000,1.000000,0,2449,0,23712,0
100001376,defense_only,120.000000,160.000000,0.001944,100.000000,0.030718,18,18,9720,18,18,0.000000,95.779424,1000,930976,6,1.000000,1.000000,0,2650,0,8616,0
100001376,baseline,220.000000,260.000000,0.001944,100.000000,0.012490,18,18,9720,18,18,0.000000,26.297942,1000,255616,6,1.000000,1.000000,0,1715,0,13025,0
100001376,attack_only,320.000000,360.000000,0.001944,100.000000,0.026120,18,18,9720,18,18,0.000000,27.032510,1000,262756,6,1.000000,1.000000,0,1714,0,17162,0
100001376,defense_vs_attack,420.000000,460.000000,0.001944,100.000000,0.014618,18,18,9720,18,18,0.000000,95.033745,1000,923728,6,0.000000,0.877551,1,2608,0,23362,0
100001380,defense_vs_attack,120.000000,160.000000,0.001944,100.000000,0.021459,18,18,9720,18,18,0.000000,87.813580,1000,853548,4,0.000000,0.816327,1,2361,0,7813,0
100001380,attack_only,220.000000,260.000000,0.000000,0.000000,0.000000,18,0,0,0,18,100.000000,0.000000,1000,260268,5,1.000000,1.000000,0,1588,0,11958,0
100001380,defense_only,320.000000,360.000000,0.001944,100.000000,0.010379,18,18,9720,18,18,0.000000,89.374897,1000,868724,4,1.000000,1.000000,0,2331,0,17622,0
100001380,baseline,420.000000,460.000000,0.001944,100.000000,0.015588,18,18,9720,18,18,0.000000,27.316461,1000,265516,4,1.000000,1.000000,0,1595,0,21748,0
100001382,baseline,120.000000,160.000000,0.001944,100.000000,0.020546,18,18,9720,18,18,0.000000,24.278601,1000,235988,4,1.000000,1.000000,0,1704,0,6391,0
100001382,defense_vs_attack,220.000000,260.000000,0.001944,100.000000,0.009940,18,18,9720,18,18,0.000000,92.327160,1000,897420,4,0.000000,0.897959,1,2486,0,12476,0
100001382,attack_only,320.000000,360.000000,0.001944,100.000000,0.015448,18,18,9720,18,18,0.000000,24.198354,1000,235208,4,1.000000,1.000000,0,1679,0,16810,0
100001382,defense_only,420.000000,460.000000,0.001944,100.000000,0.008921,18,18,9720,18,18,0.000000,88.454321,1000,859776,4,1.000000,1.000000,0,2471,0,22791,0
100001386,defense_only,120.000000,160.000000,0.001944,100.000000,0.017309,18,18,9720,18,18,0.000000,101.860082,1000,990080,3,1.000000,1.000000,0,2354,0,8050,0
100001386,attack_only,220.000000,260.000000,0.001944,100.000000,0.005790,18,18,9720,18,18,0.000000,32.258436,1000,313552,3,1.000000,1.000000,0,1702,0,12461,0
100001386,baseline,320.000000,360.000000,0.001944,100.000000,0.013009,18,18,9720,18,18,0.000000,32.144033,1000,312440,3,1.000000,1.000000,0,1721,0,16699,0
100001386,defense_vs_attack,420.000000,460.000000,0.001836,94.444444,0.010001,18,17,9180,17,18,5.555556,104.855338,1000,962572,3,0.000000,0.857143,3,2442,0,22583,0
100001388,baseline,120.000000,160.000000,0.001944,100.000000,0.030982,18,18,9720,18,18,0.000000,25.124691,1000,244212,6,1.000000,1.000000,0,1651,0,6080,0
100001388,defense_only,220.000000,260.000000,0.001944,100.000000,0.012834,18,18,9720,18,18,0.000000,94.062963,1000,914292,6,1.000000,1.000000,0,2479,0,11975,0
100001388,attack_only,320.000000,360.000000,0.000000,0.000000,0.000000,18,0,0,0,18,100.000000,0.000000,1000,242580,6,1.000000,1.000000,0,1629,0,16182,0
100001388,defense_vs_attack,420.000000,460.000000,0.001512,77.777778,0.020740,18,14,7560,14,18,22.222222,120.848148,1000,913612,6,0.000000,0.836735,1,2438,0,22103,0
100001389,defense_only,120.000000,160.000000,0.001944,100.000000,0.026838,18,18,9720,18,18,0.000000,109.654321,1000,1065840,5,1.000000,1.000000,0,2373,0,8125,0
100001389,attack_only,220.000000,260.000000,0.001944,100.000000,0.010069,18,18,9720,18,18,0.000000,32.781070,1000,318632,5,1.000000,1.000000,0,1743,0,12582,0
100001389,baseline,320.000000,360.000000,0.001944,100.000000,0.021711,18,18,9720,18,18,0.000000,30.311523,1000,294628,5,1.000000,1.000000,0,1713,0,16800,0
100001389,defense_vs_attack,420.000000,460.000000,0.001944,100.000000,0.013059,18,18,9720,18,18,0.000000,108.749794,1000,1057048,5,0.000000,0.795918,1,2441,0,22707,0
100001391,attack_only,120.000000,160.000000,0.001944,100.000000,0.070443,18,18,9720,18,18,0.000000,35.009465,1000,340292,3,1.000000,1.000000,0,1787,0,6810,0
100001391,baseline,220.000000,260.000000,0.001944,100.000000,0.005928,18,18,9720,18,18,0.000000,35.588477,1000,345920,3,1.000000,1.000000,0,1747,0,11103,0
100001391,defense_vs_attack,320.000000,360.000000,0.001944,100.000000,0.013083,18,18,9720,18,18,0.000000,103.933745,1000,1010236,3,0.000000,0.816327,1,2357,0,16902,0
100001391,defense_only,420.000000,460.000000,0.001944,100.000000,0.007110,18,18,9720,18,18,0.000000,107.017284,1000,1040208,3,1.000000,1.000000,0,2417,0,22790,0
100001392,defense_only,120.000000,160.000000,0.001944,100.000000,0.076929,18,18,9720,18,18,0.000000,102.175309,1000,993144,4,1.000000,1.000000,0,2370,0,7965,0
100001392,attack_only,220.000000,260.000000,0.001944,100.000000,0.007793,18,18,9720,18,18,0.000000,29.380658,1000,285580,4,1.000000,1.000000,0,1667,0,12203,0
100001392,defense_vs_attack,320.000000,360.000000,0.001944,100.000000,0.018181,18,18,9720,18,18,0.000000,100.628807,1000,978112,4,0.000000,0.795918,1,2369,0,17917,0
100001392,baseline,420.000000,460.000000,0.001944,100.000000,0.009728,18,18,9720,18,18,0.000000,28.616872,1000,278156,4,1.000000,1.000000,0,1646,0,22152,0
100001395,attack_only,120.000000,160.000000,0.001944,100.000000,0.015119,18,18,9720,18,18,0.000000,30.746914,1000,298860,3,1.000000,1.000000,0,1690,0,6403,0
100001395,defense_vs_attack,220.000000,260.000000,0.001944,100.000000,0.012729,18,18,9720,18,18,0.000000,107.988066,1000,1049644,3,0.000000,0.857143,1,2526,0,12369,0
100001395,baseline,320.000000,360.000000,0.001944,100.000000,0.008241,18,18,9720,18,18,0.000000,30.315638,1000,294668,3,1.000000,1.000000,0,1702,0,16731,0
100001395,defense_only,420.000000,460.000000,0.001944,100.000000,0.009932,18,18,9720,18,18,0.000000,110.439918,1000,1073476,3,1.000000,1.000000,0,2412,0,22574,0
100001400,attack_only,120.000000,160.000000,0.000000,0.000000,0.000000,18,0,0,0,18,100.000000,0.000000,1000,268396,3,1.000000,1.000000,0,1616,0,6283,0
100001400,defense_vs_attack,220.000000,260.000000,0.001404,72.222222,0.018003,18,13,7020,13,18,27.777778,112.700285,1000,791156,3,0.000000,0.836735,1,2414,0,12024,0
100001400,defense_only,320.000000,360.000000,0.001944,100.000000,0.011196,18,18,9720,18,18,0.000000,83.569136,1000,812292,3,1.000000,1.000000,0,2356,0,17897,0
100001400,baseline,420.000000,460.000000,0.001944,100.000000,0.010031,18,18,9720,18,18,0.000000,27.102881,1000,263440,3,1.000000,1.000000,0,1637,0,22120,0
100001401,baseline,120.000000,160.000000,0.001944,100.000000,0.031927,18,18,9720,18,18,0.000000,28.042387,1000,272572,6,1.000000,1.000000,0,1818,0,6621,0
100001401,attack_only,220.000000,260.000000,0.001944,100.000000,0.011874,18,18,9720,18,18,0.000000,27.201646,1000,264400,6,1.000000,1.000000,0,1764,0,10905,0
100001401,defense_vs_attack,320.000000,360.000000,0.001620,83.333333,0.033233,18,15,8100,15,18,16.666667,107.547160,1000,871132,6,0.000000,0.816327,1,2695,0,17297,0
100001401,defense_only,420.000000,460.000000,0.001944,100.000000,0.018455,18,18,9720,18,18,0.000000,88.918930,1000,864292,6,1.000000,1.000000,0,2584,0,23611,0
100001413,defense_vs_attack,120.000000,160.000000,0.001404,72.222222,0.023848,18,13,7020,13,18,27.777778,108.880342,1000,764340,5,0.000000,0.918367,1,2465,0,8186,0
100001413,baseline,220.000000,260.000000,0.001944,100.000000,0.009278,18,18,9720,18,18,0.000000,24.574486,1000,238864,4,1.000000,1.000000,0,1687,0,12514,0
100001413,defense_only,320.000000,360.000000,0.001944,100.000000,0.015943,18,18,9720,18,18,0.000000,75.117284,1000,730140,4,1.000000,1.000000,0,2373,0,18361,0
100001413,attack_only,420.000000,460.000000,0.000000,0.000000,0.000000,18,0,0,0,18,100.000000,0.000000,1000,246576,5,1.000000,1.000000,0,1672,0,22720,0
100001412,defense_vs_attack,120.000000,160.000000,0.001944,100.000000,0.021190,18,18,9720,18,18,0.000000,84.693827,1000,823224,4,0.000000,0.816327,1,2442,0,8164,0
100001412,attack_only,220.000000,260.000000,0.001944,100.000000,0.007794,18,18,9720,18,18,0.000000,28.837037,1000,280296,4,1.000000,1.000000,0,1619,0,12391,0
100001412,defense_only,320.000000,360.000000,0.001944,100.000000,0.017627,18,18,9720,18,18,0.000000,96.078601,1000,933884,4,1.000000,1.000000,0,2473,0,18377,0
100001412,baseline,420.000000,460.000000,0.001944,100.000000,0.009664,18,18,9720,18,18,0.000000,28.331687,1000,275384,4,1.000000,1.000000,0,1615,0,22553,0
100001411,defense_only,120.000000,160.000000,0.001944,100.000000,0.037597,18,18,9720,18,18,0.000000,108.221399,1000,1051912,7,1.000000,1.000000,0,2546,0,8181,0
100001411,attack_only,220.000000,260.000000,0.000000,0.000000,0.000000,18,0,0,0,18,100.000000,0.000000,1000,268988,7,1.000000,1.000000,0,1568,0,12336,0
100001411,defense_vs_attack,320.000000,360.000000,0.001188,61.111111,0.029854,18,11,5940,11,18,38.888889,173.093603,1000,1028176,7,0.000000,0.857143,1,2541,0,18290,0
100001411,baseline,420.000000,460.000000,0.001944,100.000000,0.026481,18,18,9720,18,18,0.000000,27.123045,1000,263636,7,1.000000,1.000000,0,1691,0,22524,0
100001418,defense_only,120.000000,160.000000,0.001944,100.000000,0.032628,18,18,9720,18,18,0.000000,87.939506,1000,854772,6,1.000000,1.000000,0,2536,0,8523,0
100001418,attack_only,220.000000,260.000000,0.001944,100.000000,0.012011,18,18,9720,18,18,0.000000,31.882305,1000,309896,6,1.000000,1.000000,0,1864,0,13225,0
100001418,baseline,320.000000,360.000000,0.001944,100.000000,0.026505,18,18,9720,18,18,0.000000,31.899588,1000,310064,6,1.000000,1.000000,0,1854,0,17686,0
100001418,defense_vs_attack,420.000000,460.000000,0.000432,22.222222,0.036732,18,4,2160,4,18,77.777778,385.540741,1000,832768,6,0.000000,0.918367,1,3267,0,24603,0
100001429,defense_only,120.000000,160.000000,0.001944,100.000000,0.027639,18,18,9720,18,18,0.000000,81.260905,1000,789856,5,1.000000,1.000000,0,2578,0,8568,0
100001429,attack_only,220.000000,260.000000,0.001944,100.000000,0.010331,18,18,9720,18,18,0.000000,32.122222,1000,312228,5,1.000000,1.000000,0,1835,0,13202,0
100001429,baseline,320.000000,360.000000,0.001944,100.000000,0.021629,18,18,9720,18,18,0.000000,30.346091,1000,294964,5,1.000000,1.000000,0,1848,0,17665,0
100001429,defense_vs_attack,420.000000,460.000000,0.001944,100.000000,0.012739,18,18,9720,18,18,0.000000,83.370370,1000,810360,5,0.000000,0.857143,2,2586,0,23819,0
100001428,baseline,120.000000,160.000000,0.001944,100.000000,0.025962,18,18,9720,18,18,0.000000,32.269136,1000,313656,5,1.000000,1.000000,0,1885,0,7022,0
100001428,defense_only,220.000000,260.000000,0.001944,100.000000,0.010385,18,18,9720,18,18,0.000000,82.379012,1000,800724,5,1.000000,1.000000,0,2487,0,13087,0
100001428,defense_vs_attack,320.000000,360.000000,0.001836,94.444444,0.032416,18,17,9180,17,18,5.555556,91.858824,1000,843264,5,0.000000,0.816327,2,2701,0,19446,0
100001428,attack_only,420.000000,460.000000,0.001944,100.000000,0.018460,18,18,9720,18,18,0.000000,31.920576,1000,310268,5,1.000000,1.000000,0,1875,0,24222,0
100001430,defense_only,120.000000,160.000000,0.001944,100.000000,0.025774,18,18,9720,18,18,0.000000,88.281070,1000,858092,5,1.000000,1.000000,0,2490,0,8061,0
100001430,attack_only,220.000000,260.000000,0.001944,100.000000,0.010586,18,18,9720,18,18,0.000000,24.836214,1000,241408,5,1.000000,1.000000,0,1630,0,12222,0
100001430,defense_vs_attack,320.000000,360.000000,0.001296,66.666667,0.019581,18,12,6480,12,18,33.333333,131.316667,1000,850932,5,0.000000,0.918367,1,2461,0,18215,0
100001430,baseline,420.000000,460.000000,0.001944,100.000000,0.012842,18,18,9720,18,18,0.000000,23.212346,1000,225624,5,1.000000,1.000000,0,1604,0,22356,0
100001434,baseline,120.000000,160.000000,0.001944,100.000000,0.024902,18,18,9720,18,18,0.000000,35.342387,1000,343528,5,1.000000,1.000000,0,1853,0,6963,0
100001434,attack_only,220.000000,260.000000,0.001944,100.000000,0.009797,18,18,9720,18,18,0.000000,35.143210,1000,341592,5,1.000000,1.000000,0,1861,0,11453,0
100001434,defense_only,320.000000,360.000000,0.001944,100.000000,0.021846,18,18,9720,18,18,0.000000,91.159671,1000,886072,5,1.000000,1.000000,0,2334,0,17157,0
100001434,defense_vs_attack,420.000000,460.000000,0.001944,100.000000,0.011973,18,18,9720,18,18,0.000000,96.858848,1000,941468,5,0.000000,0.836735,1,2469,0,23049,0
100001435,baseline,120.000000,160.000000,0.001944,100.000000,0.025451,18,18,9720,18,18,0.000000,26.623045,1000,258776,5,1.000000,1.000000,0,1644,0,6162,0
100001435,attack_only,220.000000,260.000000,0.001944,100.000000,0.009798,18,18,9720,18,18,0.000000,26.400823,1000,256616,5,1.000000,1.000000,0,1624,0,10110,0
100001435,defense_vs_attack,320.000000,360.000000,0.001944,100.000000,0.022699,18,18,9720,18,18,0.000000,100.572840,1000,977568,5,0.000000,0.836735,1,2487,0,15958,0
100001435,defense_only,420.000000,460.000000,0.001944,100.000000,0.012172,18,18,9720,18,18,0.000000,99.689300,1000,968980,5,1.000000,1.000000,0,2339,0,21711,0
100001437,attack_only,120.000000,160.000000,0.001944,100.000000,0.021743,18,18,9720,18,18,0.000000,30.417695,1000,295660,4,1.000000,1.000000,0,1816,0,6781,0
100001437,defense_only,220.000000,260.000000,0.001944,100.000000,0.020436,18,18,9720,18,18,0.000000,84.948971,1000,825704,4,1.000000,1.000000,0,2564,0,12890,0
100001437,defense_vs_attack,320.000000,360.000000,0.001836,100.000000,0.008268,17,17,9180,17,18,5.555556,95.128976,1000,873284,4,0.000000,0.918367,1,2645,0,19268,0
100001437,baseline,420.000000,460.000000,0.001944,100.000000,0.016343,18,18,9720,18,18,0.000000,30.391358,1000,295404,4,1.000000,1.000000,0,1765,0,23833,0
100001439,attack_only,120.000000,160.000000,0.000000,0.000000,0.000000,18,0,0,0,18,100.000000,0.000000,1000,237912,6,1.000000,1.000000,0,1642,0,6216,0
100001439,defense_vs_attack,220.000000,260.000000,0.001188,61.111111,0.033880,18,11,5940,11,18,38.888889,152.628283,1000,906612,6,0.000000,0.857143,1,2604,0,12391,0
100001439,baseline,320.000000,360.000000,0.001944,100.000000,0.021860,18,18,9720,18,18,0.000000,24.735391,1000,240428,6,1.000000,1.000000,0,1663,0,16659,0
100001439,defense_only,420.000000,460.000000,0.001944,100.000000,0.016174,18,18,9720,18,18,0.000000,91.893827,1000,893208,6,1.000000,1.000000,0,2553,0,22733,0
100001440,attack_only,120.000000,160.000000,0.001944,100.000000,0.020098,18,18,9720,18,18,0.000000,34.055556,1000,331020,4,1.000000,1.000000,0,1932,0,7368,0
100001440,defense_only,220.000000,260.000000,0.001944,100.000000,0.007855,18,18,9720,18,18,0.000000,91.633745,1000,890680,4,1.000000,1.000000,0,2602,0,13761,0
100001440,defense_vs_attack,320.000000,360.000000,0.001944,100.000000,0.017432,18,18,9720,18,18,0.000000,88.869547,1000,863812,4,0.000000,0.897959,2,2727,0,20288,0
100001440,baseline,420.000000,460.000000,0.001944,100.000000,0.009498,18,18,9720,18,18,0.000000,33.825514,1000,328784,4,1.000000,1.000000,0,1967,0,25266,0
100001443,attack_only,120.000000,160.000000,0.000000,0.000000,0.000000,18,0,0,0,18,100.000000,0.000000,1000,262072,7,1.000000,1.000000,0,1717,0,6506,0
100001443,baseline,220.000000,260.000000,0.001944,100.000000,0.081731,18,18,9720,18,18,0.000000,27.626749,1000,268532,7,1.000000,1.000000,0,1780,0,10821,0
100001443,defense_only,320.000000,360.000000,0.001944,100.000000,0.028801,18,18,9720,18,18,0.000000,90.538272,1000,880032,7,1.000000,1.000000,0,2599,0,16896,0
100001443,defense_vs_attack,420.000000,460.000000,0.000648,33.333333,0.018127,18,6,3240,6,18,66.666667,263.913580,1000,855080,7,0.000000,0.836735,1,2438,0,23074,0
100001449,defense_vs_attack,120.000000,160.000000,0.001944,100.000000,0.016068,18,18,9720,18,18,0.000000,91.686831,1000,891196,3,0.000000,0.775510,1,2429,0,8353,0
100001449,attack_only,220.000000,260.000000,0.001944,100.000000,0.005858,18,18,9720,18,18,0.000000,31.648971,1000,307628,3,1.000000,1.000000,0,1788,0,12912,0
100001449,defense_only,320.000000,360.000000,0.001944,100.000000,0.013811,18,18,9720,18,18,0.000000,91.150617,1000,885984,3,1.000000,1.000000,0,2553,0,18998,0
100001449,baseline,420.000000,460.000000,0.001944,100.000000,0.007534,18,18,9720,18,18,0.000000,31.974897,1000,310796,3,1.000000,1.000000,0,1796,0,23587,0
100001452,defense_only,120.000000,160.000000,0.001944,100.000000,0.025716,18,18,9720,18,18,0.000000,85.436214,1000,830440,5,1.000000,1.000000,0,2377,0,7777,0
100001452,baseline,220.000000,260.000000,0.001944,100.000000,0.010338,18,18,9720,18,18,0.000000,24.706584,1000,240148,5,1.000000,1.000000,0,1609,0,11897,0
100001452,defense_vs_attack,320.000000,360.000000,0.001728,88.888889,0.021639,18,16,8640,16,18,11.111111,98.071296,1000,847336,5,0.000000,0.877551,1,2386,0,17625,0
100001452,attack_only,420.000000,460.000000,0.001944,100.000000,0.013022,18,18,9720,18,18,0.000000,24.255144,1000,235760,5,1.000000,1.000000,0,1569,0,21701,0
100001451,attack_only,120.000000,160.000000,0.001944,100.000000,0.016081,18,18,9720,18,18,0.000000,29.274897,1000,284552,3,1.000000,1.000000,0,1741,0,6661,0
100001451,defense_only,220.000000,260.000000,0.001944,100.000000,0.005790,18,18,9720,18,18,0.000000,88.090947,1000,856244,3,1.000000,1.000000,0,2381,0,12426,0
100001451,baseline,320.000000,360.000000,0.001944,100.000000,0.012922,18,18,9720,18,18,0.000000,30.243210,1000,293964,3,1.000000,1.000000,0,1738,0,16999,0
100001451,defense_vs_attack,420.000000,460.000000,0.001944,100.000000,0.007313,18,18,9720,18,18,0.000000,89.160905,1000,866644,3,0.000000,0.795918,1,2455,0,22998,0
100001448,defense_only,120.000000,160.000000,0.001944,100.000000,0.058742,18,18,9720,18,18,0.000000,106.402881,1000,1034236,11,1.000000,1.000000,0,2700,0,8680,0
100001448,baseline,220.000000,260.000000,0.001944,100.000000,0.022408,18,18,9720,18,18,0.000000,31.056790,1000,301872,11,1.000000,1.000000,0,1882,0,13341,0
100001448,defense_vs_attack,320.000000,360.000000,0.001620,83.333333,0.054349,18,15,8100,15,18,16.666667,121.305679,1000,982576,11,0.000000,0.795918,1,2715,0,19688,0
100001448,attack_only,420.000000,460.000000,0.000000,0.000000,0.000000,18,0,0,0,18,100.000000,0.000000,1000,285392,11,1.000000,1.000000,0,1833,0,24307,0
100001455,attack_only,120.000000,160.000000,0.001944,100.000000,0.015578,18,18,9720,18,18,0.000000,23.267078,1000,226156,3,1.000000,1.000000,0,1571,0,6040,0
100001455,baseline,220.000000,260.000000,0.001944,100.000000,0.006099,18,18,9720,18,18,0.000000,23.162140,1000,225136,3,1.000000,1.000000,0,1571,0,9887,0
100001455,defense_vs_attack,320.000000,360.000000,0.001944,100.000000,0.016748,18,18,9720,18,18,0.000000,90.306584,1000,877780,3,0.000000,0.836735,1,2444,0,15847,0
100001455,defense_only,420.000000,460.000000,0.001944,100.000000,0.008135,18,18,9720,18,18,0.000000,74.595885,1000,725072,3,1.000000,1.000000,0,2372,0,21784,0
100001457,defense_vs_attack,120.000000,160.000000,0.001944,100.000000,0.016148,18,18,9720,18,18,0.000000,95.412346,1000,927408,3,0.000000,0.836735,1,2363,0,8151,0
100001457,attack_only,220.000000,260.000000,0.001944,100.000000,0.015767,18,18,9720,18,18,0.000000,31.502881,1000,306208,3,1.000000,1.000000,0,1793,0,12721,0
100001457,baseline,320.000000,360.000000,0.001944,100.000000,0.006456,18,18,9720,18,18,0.000000,31.621399,1000,307360,3,1.000000,1.000000,0,1779,0,17059,0
100001457,defense_only,420.000000,460.000000,0.001944,100.000000,0.015203,18,18,9720,18,18,0.000000,98.203292,1000,954536,3,1.000000,1.000000,0,2392,0,22777,0
100001458,baseline,120.000000,160.000000,0.001944,100.000000,0.020977,18,18,9720,18,18,0.000000,29.856379,1000,290204,4,1.000000,1.000000,0,1785,0,6681,0
100001458,defense_only,220.000000,260.000000,0.001944,100.000000,0.017471,18,18,9720,18,18,0.000000,83.785597,1000,814396,4,1.000000,1.000000,0,2446,0,12702,0
100001458,defense_vs_attack,320.000000,360.000000,0.001404,72.222222,0.013009,18,13,7020,13,18,27.777778,127.876923,1000,897696,4,0.000000,0.775510,1,2422,0,18655,0
100001458,attack_only,420.000000,460.000000,0.000000,0.000000,0.000000,18,0,0,0,18,100.000000,0.000000,1000,298024,5,1.000000,1.000000,0,1750,0,23208,0
100001476,defense_only,120.000000,160.000000,0.001944,100.000000,0.053296,18,18,9720,18,18,0.000000,80.249794,1000,780028,10,1.000000,1.000000,0,2741,0,8878,0
100001476,defense_vs_attack,220.000000,260.000000,0.000432,22.222222,0.062306,18,4,2160,4,18,77.777778,353.059259,1000,762608,11,0.000000,0.897959,2,2768,0,15487,0
100001476,attack_only,320.000000,360.000000,0.000000,0.000000,0.000000,18,0,0,0,18,100.000000,0.000000,1000,249716,10,1.000000,1.000000,0,1756,0,20020,0
100001476,baseline,420.000000,460.000000,0.001944,100.000000,0.023453,18,18,9720,18,18,0.000000,25.391358,1000,246804,10,1.000000,1.000000,0,1843,0,24342,0
100001475,defense_vs_attack,120.000000,160.000000,0.001080,55.555556,0.043356,18,10,5400,10,18,44.444444,175.845926,1000,949568,7,0.000000,0.897959,1,2423,0,7965,0
100001475,defense_only,220.000000,260.000000,0.001944,100.000000,0.018999,18,18,9720,18,18,0.000000,100.465021,1000,976520,5,1.000000,1.000000,0,2410,0,13875,0
100001475,attack_only,320.000000,360.000000,0.000000,0.000000,0.000000,18,0,0,0,18,100.000000,0.000000,1000,245436,5,1.000000,1.000000,0,1552,0,17954,0
100001475,baseline,420.000000,460.000000,0.001944,100.000000,0.013520,18,18,9720,18,18,0.000000,24.893827,1000,241968,5,1.000000,1.000000,0,1584,0,21811,0
100001474,baseline,120.000000,160.000000,0.001944,100.000000,0.047275,18,18,9720,18,18,0.000000,20.300823,1000,197324,9,1.000000,1.000000,0,1649,0,5910,0
100001474,defense_vs_attack,220.000000,260.000000,0.000324,30.000000,0.022879,10,3,1620,3,18,83.333333,526.469136,1000,852880,0,0.000000,0.795918,1,2485,0,12087,0
100001474,defense_only,320.000000,360.000000,0.001944,100.000000,0.024287,18,18,9720,18,18,0.000000,95.749383,1000,930684,9,1.000000,1.000000,0,2691,0,18479,0
100001474,attack_only,420.000000,460.000000,0.000000,0.000000,0.000000,18,0,0,0,18,100.000000,0.000000,1000,190752,9,1.000000,1.000000,0,1576,0,22568,0
100001484,defense_vs_attack,120.000000,160.000000,0.000864,44.444444,0.053150,18,8,4320,8,18,55.555556,192.305556,1000,830760,8,0.000000,0.877551,1,2520,0,8522,0
100001484,attack_only,220.000000,260.000000,0.000000,0.000000,0.000000,18,0,0,0,18,100.000000,0.000000,1000,306160,7,1.000000,1.000000,0,1760,0,13104,0
100001484,baseline,320.000000,360.000000,0.001944,100.000000,0.027105,18,18,9720,18,18,0.000000,30.477778,1000,296244,7,1.000000,1.000000,0,1888,0,17586,0
100001484,defense_only,420.000000,460.000000,0.001944,100.000000,0.019330,18,18,9720,18,18,0.000000,86.244856,1000,838300,7,1.000000,1.000000,0,2559,0,23711,0
100001483,baseline,120.000000,160.000000,0.001944,100.000000,0.032013,18,18,9720,18,18,0.000000,24.934156,1000,242360,6,1.000000,1.000000,0,1639,0,6005,0
100001483,defense_vs_attack,220.000000,260.000000,0.001512,77.777778,0.012801,18,14,7560,14,18,22.222222,127.592063,1000,964596,6,0.000000,0.775510,1,2381,0,11712,0
100001483,defense_only,320.000000,360.000000,0.001944,100.000000,0.029473,18,18,9720,18,18,0.000000,102.187243,1000,993260,6,1.000000,1.000000,0,2391,0,17603,0
100001483,attack_only,420.000000,460.000000,0.000000,0.000000,0.000000,18,0,0,0,18,100.000000,0.000000,1000,242576,6,1.000000,1.000000,0,1540,0,21661,0
100001487,baseline,120.000000,160.000000,0.001944,100.000000,0.014803,18,18,9720,18,18,0.000000,28.831687,1000,280244,3,1.000000,1.000000,0,1769,0,6813,0
100001487,defense_only,220.000000,260.000000,0.001944,100.000000,0.006406,18,18,9720,18,18,0.000000,89.820988,1000,873060,3,1.000000,1.000000,0,2616,0,13027,0
100001487,attack_only,320.000000,360.000000,0.001944,100.000000,0.012812,18,18,9720,18,18,0.000000,26.981070,1000,262256,3,1.000000,1.000000,0,1697,0,17439,0
100001487,defense_vs_attack,420.000000,460.000000,0.001944,100.000000,0.007175,18,18,9720,18,18,0.000000,88.327160,1000,858540,3,0.000000,0.857143,1,2571,0,23645,0
100001489,defense_vs_attack,120.000000,160.000000,0.001944,100.000000,0.051698,18,18,9720,18,18,0.000000,84.783951,1000,824100,10,0.000000,0.877551,1,2967,0,9620,0
100001489,attack_only,220.000000,260.000000,0.001944,100.000000,0.019912,18,18,9720,18,18,0.000000,31.261317,1000,303860,10,1.000000,1.000000,0,2092,0,14851,0
100001489,baseline,320.000000,360.000000,0.001944,100.000000,0.043761,18,18,9720,18,18,0.000000,31.679835,1000,307928,10,1.000000,1.000000,0,2062,0,19779,0
100001489,defense_only,420.000000,460.000000,0.001944,100.000000,0.034088,18,18,9720,18,18,0.000000,81.171605,1000,788988,10,1.000000,1.000000,0,2815,0,26450,0
100001498,attack_only,120.000000,160.000000,0.001944,100.000000,0.016173,18,18,9720,18,18,0.000000,28.976132,1000,281648,3,1.000000,1.000000,0,1777,0,6595,0
100001498,defense_vs_attack,220.000000,260.000000,0.000864,44.444444,0.014680,18,8,4320,8,18,55.555556,197.037037,1000,851200,3,0.000000,0.836735,1,2753,0,12878,0
100001498,defense_only,320.000000,360.000000,0.001944,100.000000,0.010716,18,18,9720,18,18,0.000000,84.545267,1000,821780,3,1.000000,1.000000,0,2455,0,18918,0
100001498,baseline,420.000000,460.000000,0.001944,100.000000,0.008042,18,18,9720,18,18,0.000000,28.638683,1000,278368,3,1.000000,1.000000,0,1738,0,23315,0
100001496,baseline,120.000000,160.000000,0.001944,100.000000,0.015742,18,18,9720,18,18,0.000000,27.213169,1000,264512,3,1.000000,1.000000,0,1570,0,5921,0
100001496,defense_vs_attack,220.000000,260.000000,0.001944,100.000000,0.005788,18,18,9720,18,18,0.000000,98.708230,1000,959444,3,0.000000,0.897959,1,2315,0,11488,0
100001496,attack_only,320.000000,360.000000,0.001944,100.000000,0.013135,18,18,9720,18,18,0.000000,27.461317,1000,266924,3,1.000000,1.000000,0,1588,0,15575,0
100001496,defense_only,420.000000,460.000000,0.001944,100.000000,0.007265,18,18,9720,18,18,0.000000,96.991770,1000,942760,3,1.000000,1.000000,0,2374,0,21288,0
100001505,defense_only,120.000000,160.000000,0.001944,100.000000,0.068989,18,18,9720,18,18,0.000000,78.899177,1000,766900,13,1.000000,1.000000,0,2895,0,9169,0
100001505,baseline,220.000000,260.000000,0.001944,100.000000,0.026027,18,18,9720,18,18,0.000000,24.313580,1000,236328,13,1.000000,1.000000,0,1953,0,13954,0
100001505,attack_only,320.000000,360.000000,0.000000,0.000000,0.000000,18,0,0,0,18,100.000000,0.000000,1000,235296,13,1.000000,1.000000,0,1843,0,18330,0
100001505,defense_vs_attack,420.000000,460.000000,0.000000,0.000000,0.000000,8,0,0,0,18,100.000000,0.000000,1000,603296,0,0.000000,0.897959,1,2555,0,24843,0
100001510,baseline,120.000000,160.000000,0.001944,100.000000,0.026007,18,18,9720,18,18,0.000000,28.048560,1000,272632,5,1.000000,1.000000,0,1726,0,6360,0
100001510,defense_vs_attack,220.000000,260.000000,0.001188,61.111111,0.024606,18,11,5940,11,18,38.888889,136.084175,1000,808340,5,0.000000,0.857143,1,2538,0,12341,0
100001510,defense_only,320.000000,360.000000,0.001944,100.000000,0.015564,18,18,9720,18,18,0.000000,83.374897,1000,810404,5,1.000000,1.000000,0,2418,0,18234,0
100001510,attack_only,420.000000,460.000000,0.000000,0.000000,0.000000,18,0,0,0,18,100.000000,0.000000,1000,265168,5,1.000000,1.000000,0,1695,0,22521,0
100001509,attack_only,120.000000,160.000000,0.000000,0.000000,0.000000,18,0,0,0,18,100.000000,0.000000,1000,274584,7,1.000000,1.000000,0,1786,0,6636,0
100001509,defense_vs_attack,220.000000,260.000000,0.000000,0.000000,0.000000,4,0,0,0,18,100.000000,0.000000,1000,713132,0,0.000000,0.877551,1,2443,0,12665,0
100001509,baseline,320.000000,360.000000,0.001944,100.000000,0.022926,18,18,9720,18,18,0.000000,27.953086,1000,271704,7,1.000000,1.000000,0,1785,0,17268,0
100001509,defense_only,420.000000,460.000000,0.001944,100.000000,0.025266,18,18,9720,18,18,0.000000,92.883128,1000,902824,7,1.000000,1.000000,0,2640,0,23554,0
100001508,defense_only,120.000000,160.000000,0.001944,100.000000,0.026074,18,18,9720,18,18,0.000000,87.664609,1000,852100,5,1.000000,1.000000,0,2435,0,8210,0
100001508,baseline,220.000000,260.000000,0.001944,100.000000,0.026041,18,18,9720,18,18,0.000000,25.942798,1000,252164,5,1.000000,1.000000,0,1710,0,12526,0
100001508,attack_only,320.000000,360.000000,0.000000,0.000000,0.000000,18,0,0,0,18,100.000000,0.000000,1000,268136,6,1.000000,1.000000,0,1692,0,16676,0
100001508,defense_vs_attack,420.000000,460.000000,0.001944,100.000000,0.009798,18,18,9720,18,18,0.000000,83.818107,1000,814712,5,0.000000,0.918367,1,2336,0,22455,0
100001507,defense_vs_attack,120.000000,160.000000,0.001944,100.000000,0.016549,18,18,9720,18,18,0.000000,102.030864,1000,991740,3,0.000000,0.775510,1,2466,0,8160,0
100001507,defense_only,220.000000,260.000000,0.001944,100.000000,0.006016,18,18,9720,18,18,0.000000,102.536214,1000,996652,3,1.000000,1.000000,0,2436,0,14219,0
100001507,attack_only,320.000000,360.000000,0.001944,100.000000,0.012919,18,18,9720,18,18,0.000000,29.737037,1000,289044,3,1.000000,1.000000,0,1667,0,18518,0
100001507,baseline,420.000000,460.000000,0.001944,100.000000,0.007485,18,18,9720,18,18,0.000000,29.029630,1000,282168,3,1.000000,1.000000,0,1657,0,22527,0
100001511,baseline,120.000000,160.000000,0.001944,100.000000,0.015925,18,18,9720,18,18,0.000000,27.234979,1000,264724,3,1.000000,1.000000,0,1636,0,6201,0
100001511,defense_vs_attack,220.000000,260.000000,0.001944,100.000000,0.007626,18,18,9720,18,18,0.000000,101.572840,1000,987288,3,0.000000,0.816327,1,2350,0,11882,0
100001511,attack_only,320.000000,360.000000,0.001944,100.000000,0.012393,18,18,9720,18,18,0.000000,26.969959,1000,262148,3,1.000000,1.000000,0,1605,0,16041,0
100001511,defense_only,420.000000,460.000000,0.001944,100.000000,0.007607,18,18,9720,18,18,0.000000,103.367901,1000,1004736,3,1.000000,1.000000,0,2297,0,21682,0
100001513,attack_only,120.000000,160.000000,0.001944,100.000000,0.030776,18,18,9720,18,18,0.000000,21.316461,1000,207196,6,1.000000,1.000000,0,1543,0,5785,0
100001513,defense_vs_attack,220.000000,260.000000,0.001944,100.000000,0.022391,18,18,9720,18,18,0.000000,88.537037,1000,860580,6,0.000000,0.816327,1,2484,0,11717,0
100001513,baseline,320.000000,360.000000,0.001944,100.000000,0.019129,18,18,9720,18,18,0.000000,21.538272,1000,209352,6,1.000000,1.000000,0,1602,0,15752,0
100001513,defense_only,420.000000,460.000000,0.001944,100.000000,0.026419,18,18,9720,18,18,0.000000,93.381481,1000,907668,6,1.000000,1.000000,0,2403,0,21570,0
100001518,attack_only,120.000000,160.000000,0.000000,0.000000,0.000000,18,0,0,0,18,100.000000,0.000000,1000,293104,4,1.000000,1.000000,0,1742,0,6769,0
100001518,defense_only,220.000000,260.000000,0.001836,94.444444,0.017223,18,17,9180,17,18,5.555556,88.792157,1000,815112,4,1.000000,1.000000,0,2441,0,12736,0
100001518,defense_vs_attack,320.000000,360.000000,0.001080,55.555556,0.017597,18,10,5400,10,18,44.444444,161.951852,1000,874540,4,0.000000,0.816327,1,2517,0,18875,0
100001518,baseline,420.000000,460.000000,0.001944,100.000000,0.012220,18,18,9720,18,18,0.000000,29.742387,1000,289096,4,1.000000,1.000000,0,1851,0,23533,0
100001521,baseline,120.000000,160.000000,0.001944,100.000000,0.015789,18,18,9720,18,18,0.000000,28.891770,1000,280828,3,1.000000,1.000000,0,1697,0,6491,0
100001521,attack_only,220.000000,260.000000,0.001944,100.000000,0.005852,18,18,9720,18,18,0.000000,28.738683,1000,279340,3,1.000000,1.000000,0,1714,0,10657,0
100001521,defense_vs_attack,320.000000,360.000000,0.001188,68.750000,0.020463,16,11,5940,11,18,38.888889,154.550168,1000,918028,3,0.000000,0.836735,1,2664,0,16793,0
100001521,defense_only,420.000000,460.000000,0.001944,100.000000,0.014035,18,18,9720,18,18,0.000000,92.400412,1000,898132,3,1.000000,1.000000,0,2480,0,22951,0
100001527,attack_only,120.000000,160.000000,0.000000,0.000000,0.000000,18,0,0,0,18,100.000000,0.000000,1000,323060,6,1.000000,1.000000,0,1843,0,6877,0
100001527,defense_vs_attack,220.000000,260.000000,0.000540,27.777778,0.057552,18,5,2700,5,18,72.222222,322.358519,1000,870368,11,0.000000,0.836735,3,3106,0,13600,0
100001527,baseline,320.000000,360.000000,0.001944,100.000000,0.027453,18,18,9720,18,18,0.000000,33.340329,1000,324068,6,1.000000,1.000000,0,1873,0,18226,0
100001527,defense_only,420.000000,460.000000,0.001944,100.000000,0.015845,18,18,9720,18,18,0.000000,91.304115,1000,887476,6,1.000000,1.000000,0,2460,0,24270,0
100001525,baseline,120.000000,160.000000,0.001944,100.000000,0.015252,18,18,9720,18,18,0.000000,25.460494,1000,247476,3,1.000000,1.000000,0,1589,0,6041,0
100001525,attack_only,220.000000,260.000000,0.001944,100.000000,0.005844,18,18,9720,18,18,0.000000,27.374897,1000,266084,3,1.000000,1.000000,0,1602,0,9960,0
100001525,defense_only,320.000000,360.000000,0.001944,100.000000,0.069214,18,18,9720,18,18,0.000000,91.172016,1000,886192,3,1.000000,1.000000,0,2400,0,15812,0
100001525,defense_vs_attack,420.000000,460.000000,0.001944,100.000000,0.007444,18,18,9720,18,18,0.000000,91.993827,1000,894180,3,0.000000,0.836735,1,2472,0,21787,0
100001529,defense_vs_attack,120.000000,160.000000,0.000648,33.333333,0.039859,18,6,3240,6,18,66.666667,246.033333,1000,797148,5,0.000000,0.775510,5,2539,0,8038,0
100001529,defense_only,220.000000,260.000000,0.001944,100.000000,0.020247,18,18,9720,18,18,0.000000,96.992593,1000,942768,5,1.000000,1.000000,0,2344,0,13817,0
100001529,baseline,320.000000,360.000000,0.001944,100.000000,0.018446,18,18,9720,18,18,0.000000,25.932510,1000,252064,5,1.000000,1.000000,0,1659,0,18037,0
100001529,attack_only,420.000000,460.000000,0.001944,100.000000,0.018313,18,18,9720,18,18,0.000000,25.927984,1000,252020,5,1.000000,1.000000,0,1615,0,21932,0
100001533,attack_only,120.000000,160.000000,0.000000,0.000000,0.000000,18,0,0,0,18,100.000000,0.000000,1000,246896,6,1.000000,1.000000,0,1694,0,6325,0
100001533,baseline,220.000000,260.000000,0.001944,100.000000,0.032923,18,18,9720,18,18,0.000000,25.804938,1000,250824,6,1.000000,1.000000,0,1715,0,10399,0
100001533,defense_vs_attack,320.000000,360.000000,0.001188,61.111111,0.115180,18,11,5940,11,18,38.888889,150.128620,1000,891764,6,0.000000,0.755102,1,2548,0,16491,0
100001533,defense_only,420.000000,460.000000,0.001944,100.000000,0.020798,18,18,9720,18,18,0.000000,93.426749,1000,908108,6,1.000000,1.000000,0,2578,0,22678,0
100001534,attack_only,120.000000,160.000000,0.001944,100.000000,0.015339,18,18,9720,18,18,0.000000,22.687654,1000,220524,3,1.000000,1.000000,0,1628,0,6139,0
100001534,defense_vs_attack,220.000000,260.000000,0.001944,100.000000,0.006344,18,18,9720,18,18,0.000000,97.198765,1000,944772,3,0.000000,0.857143,1,2460,0,12233,0
100001534,defense_only,320.000000,360.000000,0.001944,100.000000,0.012486,18,18,9720,18,18,0.000000,97.689300,1000,949540,3,1.000000,1.000000,0,2584,0,18470,0
100001534,baseline,420.000000,460.000000,0.001944,100.000000,0.007463,18,18,9720,18,18,0.000000,22.565432,1000,219336,3,1.000000,1.000000,0,1631,0,22744,0
100001546,defense_only,120.000000,160.000000,0.001944,100.000000,0.015325,18,18,9720,18,18,0.000000,88.779012,1000,862932,3,1.000000,1.000000,0,2401,0,8066,0
100001546,baseline,220.000000,260.000000,0.001944,100.000000,0.005892,18,18,9720,18,18,0.000000,29.234979,1000,284164,3,1.000000,1.000000,0,1687,0,12398,0
100001546,defense_vs_attack,320.000000,360.000000,0.001944,100.000000,0.013126,18,18,9720,18,18,0.000000,90.039506,1000,875184,3,0.000000,0.857143,1,2398,0,18217,0
100001546,attack_only,420.000000,460.000000,0.001944,100.000000,0.007447,18,18,9720,18,18,0.000000,30.287243,1000,294392,3,1.000000,1.000000,0,1681,0,22544,0
100001547,baseline,120.000000,160.000000,0.001944,100.000000,0.015626,18,18,9720,18,18,0.000000,24.347737,1000,236660,3,1.000000,1.000000,0,1671,0,6414,0
100001547,defense_vs_attack,220.000000,260.000000,0.001944,100.000000,0.006593,18,18,9720,18,18,0.000000,85.923457,1000,835176,3,0.000000,0.877551,1,2583,0,12638,0
100001547,defense_only,320.000000,360.000000,0.001944,100.000000,0.010133,18,18,9720,18,18,0.000000,85.131276,1000,827476,3,1.000000,1.000000,0,2606,0,18992,0
100001547,attack_only,420.000000,460.000000,0.001944,100.000000,0.009426,18,18,9720,18,18,0.000000,25.732922,1000,250124,3,1.000000,1.000000,0,1692,0,23312,0
100001553,attack_only,120.000000,160.000000,0.001944,100.000000,0.025355,18,18,9720,18,18,0.000000,29.739506,1000,289068,5,1.000000,1.000000,0,1771,0,6549,0
100001553,defense_only,220.000000,260.000000,0.001944,100.000000,0.019270,18,18,9720,18,18,0.000000,91.387654,1000,888288,5,1.000000,1.000000,0,2460,0,12455,0
100001553,baseline,320.000000,360.000000,0.001944,100.000000,0.014608,18,18,9720,18,18,0.000000,29.532510,1000,287056,5,1.000000,1.000000,0,1762,0,16902,0
100001553,defense_vs_attack,420.000000,460.000000,0.000648,33.333333,0.017889,18,6,3240,6,18,66.666667,276.862963,1000,897036,5,0.000000,0.816327,3,2630,0,23056,0
100001549,attack_only,120.000000,160.000000,0.001944,100.000000,0.016629,18,18,9720,18,18,0.000000,28.759671,1000,279544,3,1.000000,1.000000,0,1660,0,6287,0
100001549,baseline,220.000000,260.000000,0.001944,100.000000,0.006289,18,18,9720,18,18,0.000000,29.153498,1000,283372,3,1.000000,1.000000,0,1666,0,10358,0
100001549,defense_vs_attack,320.000000,360.000000,0.001944,100.000000,0.011956,18,18,9720,18,18,0.000000,106.544033,1000,1035608,3,0.000000,0.877551,2,2600,0,16593,0
100001549,defense_only,420.000000,460.000000,0.001944,100.000000,0.008865,18,18,9720,18,18,0.000000,103.986008,1000,1010744,3,1.000000,1.000000,0,2462,0,22764,0
100001559,defense_only,120.000000,160.000000,0.001944,100.000000,0.021839,18,18,9720,18,18,0.000000,87.016872,1000,845804,4,1.000000,1.000000,0,2585,0,8543,0
100001559,baseline,220.000000,260.000000,0.001944,100.000000,0.007874,18,18,9720,18,18,0.000000,25.827572,1000,251044,4,1.000000,1.000000,0,1718,0,12973,0
100001559,attack_only,320.000000,360.000000,0.001944,100.000000,0.017312,18,18,9720,18,18,0.000000,27.131687,1000,263720,4,1.000000,1.000000,0,1761,0,17287,0
100001559,defense_vs_attack,420.000000,460.000000,0.001944,100.000000,0.010531,18,18,9720,18,18,0.000000,84.470370,1000,821052,4,0.000000,0.918367,1,2618,0,23669,0
100001558,defense_only,120.000000,160.000000,0.001944,100.000000,0.027258,18,18,9720,18,18,0.000000,93.966667,1000,913356,5,1.000000,1.000000,0,2660,0,8783,0
100001558,attack_only,220.000000,260.000000,0.001944,100.000000,0.009882,18,18,9720,18,18,0.000000,31.418107,1000,305384,5,1.000000,1.000000,0,1829,0,13470,0
100001558,baseline,320.000000,360.000000,0.001944,100.000000,0.021539,18,18,9720,18,18,0.000000,29.862551,1000,290264,5,1.000000,1.000000,0,1817,0,17819,0
100001558,defense_vs_attack,420.000000,460.000000,0.001944,100.000000,0.013053,18,18,9720,18,18,0.000000,95.839918,1000,931564,5,0.000000,0.857143,1,2632,0,24249,0
100001566,defense_vs_attack,120.000000,160.000000,0.001188,61.111111,0.045501,18,11,5940,11,18,38.888889,148.534680,1000,882296,7,0.000000,0.836735,1,2501,0,8164,0
100001566,attack_only,220.000000,260.000000,0.000000,0.000000,0.000000,18,0,0,0,18,100.000000,0.000000,1000,265940,7,1.000000,1.000000,0,1615,0,12422,0
100001566,baseline,320.000000,360.000000,0.001944,100.000000,0.022817,18,18,9720,18,18,0.000000,26.918107,1000,261644,7,1.000000,1.000000,0,1737,0,16545,0
100001566,defense_only,420.000000,460.000000,0.001944,100.000000,0.022320,18,18,9720,18,18,0.000000,88.341152,1000,858676,7,1.000000,1.000000,0,2470,0,22517,0
100001562,attack_only,120.000000,160.000000,0.000000,0.000000,0.000000,18,0,0,0,18,100.000000,0.000000,1000,287124,4,1.000000,1.000000,0,1635,0,6297,0
100001562,defense_vs_attack,220.000000,260.000000,0.001296,66.666667,0.028980,18,12,6480,12,18,33.333333,144.450000,1000,936036,5,0.000000,0.836735,1,2389,0,12051,0
100001562,baseline,320.000000,360.000000,0.001944,100.000000,0.012368,18,18,9720,18,18,0.000000,29.194239,1000,283768,4,1.000000,1.000000,0,1704,0,16439,0
100001562,defense_only,420.000000,460.000000,0.001944,100.000000,0.013416,18,18,9720,18,18,0.000000,100.786008,1000,979640,4,1.000000,1.000000,0,2411,0,22360,0
100001568,attack_only,120.000000,160.000000,0.000000,0.000000,0.000000,18,0,0,0,18,100.000000,0.000000,1000,273144,7,1.000000,1.000000,0,1780,0,6773,0
100001568,baseline,220.000000,260.000000,0.001944,100.000000,0.025235,18,18,9720,18,18,0.000000,27.871193,1000,270908,6,1.000000,1.000000,0,1806,0,11134,0
100001568,defense_only,320.000000,360.000000,0.001944,100.000000,0.016582,18,18,9720,18,18,0.000000,83.630864,1000,812892,6,1.000000,1.000000,0,2420,0,16977,0
100001568,defense_vs_attack,420.000000,460.000000,0.001080,55.555556,0.021642,18,10,5400,10,18,44.444444,151.194074,1000,816448,6,0.000000,0.877551,1,2465,0,23030,0
100001565,defense_only,120.000000,160.000000,0.001944,100.000000,0.015758,18,18,9720,18,18,0.000000,102.232922,1000,993704,3,1.000000,1.000000,0,2472,0,8522,0
100001565,attack_only,220.000000,260.000000,0.000000,0.000000,0.000000,18,0,0,0,18,100.000000,0.000000,1000,367864,4,1.000000,1.000000,0,1854,0,13266,0
100001565,defense_vs_attack,320.000000,360.000000,0.001944,100.000000,0.006217,18,18,9720,18,18,0.000000,100.773251,1000,979516,3,0.000000,0.795918,1,2464,0,19289,0
100001565,baseline,420.000000,460.000000,0.001944,100.000000,0.012425,18,18,9720,18,18,0.000000,37.752675,1000,366956,3,1.000000,1.000000,0,1870,0,24059,0
100001567,attack_only,120.000000,160.000000,0.001944,100.000000,0.031320,18,18,9720,18,18,0.000000,30.936626,1000,300704,6,1.000000,1.000000,0,1850,0,6801,0
100001567,baseline,220.000000,260.000000,0.001944,100.000000,0.011908,18,18,9720,18,18,0.000000,30.381070,1000,295304,6,1.000000,1.000000,0,1775,0,11123,0
100001567,defense_vs_attack,320.000000,360.000000,0.001944,100.000000,0.030847,18,18,9720,18,18,0.000000,99.118107,1000,963428,6,0.000000,0.816327,1,2457,0,16958,0
100001567,defense_only,420.000000,460.000000,0.001944,100.000000,0.022363,18,18,9720,18,18,0.000000,101.565844,1000,987220,6,1.000000,1.000000,0,2587,0,23198,0
100001572,attack_only,120.000000,160.000000,0.001944,100.000000,0.026257,18,18,9720,18,18,0.000000,36.374897,1000,353564,5,1.000000,1.000000,0,1928,0,7115,0
100001572,defense_vs_attack,220.000000,260.000000,0.001944,100.000000,0.010243,18,18,9720,18,18,0.000000,80.418930,1000,781672,5,0.000000,0.897959,1,2444,0,12922,0
100001572,baseline,320.000000,360.000000,0.001944,100.000000,0.021325,18,18,9720,18,18,0.000000,35.369547,1000,343792,5,1.000000,1.000000,0,1914,0,17675,0
100001572,defense_only,420.000000,460.000000,0.001944,100.000000,0.012892,18,18,9720,18,18,0.000000,75.297531,1000,731892,5,1.000000,1.000000,0,2242,0,23209,0
100001573,defense_only,120.000000,160.000000,0.001944,100.000000,0.033001,18,18,9720,18,18,0.000000,100.511523,1000,976972,6,1.000000,1.000000,0,2483,0,8295,0
100001573,attack_only,220.000000,260.000000,0.000000,0.000000,0.000000,18,0,0,0,18,100.000000,0.000000,1000,292584,6,1.000000,1.000000,0,1695,0,12598,0
100001573,baseline,320.000000,360.000000,0.001944,100.000000,0.019022,18,18,9720,18,18,0.000000,31.046502,1000,301772,6,1.000000,1.000000,0,1796,0,16848,0
100001573,defense_vs_attack,420.000000,460.000000,0.001080,55.555556,0.029240,18,10,5400,10,18,44.444444,174.545185,1000,942544,6,0.000000,0.836735,1,2425,0,22726,0
100001579,attack_only,120.000000,160.000000,0.000000,0.000000,0.000000,18,0,0,0,18,100.000000,0.000000,1000,275716,5,1.000000,1.000000,0,1752,0,6583,0
100001579,defense_only,220.000000,260.000000,0.001944,100.000000,0.017056,18,18,9720,18,18,0.000000,84.601646,1000,822328,5,1.000000,1.000000,0,2504,0,12606,0
100001579,baseline,320.000000,360.000000,0.001944,100.000000,0.022795,18,18,9720,18,18,0.000000,28.074486,1000,272884,5,1.000000,1.000000,0,1765,0,17098,0
100001579,defense_vs_attack,420.000000,460.000000,0.001944,100.000000,0.012355,18,18,9720,18,18,0.000000,85.274486,1000,828868,5,0.000000,0.877551,1,2510,0,23183,0
100001577,baseline,120.000000,160.000000,0.001944,100.000000,0.015767,18,18,9720,18,18,0.000000,27.356379,1000,265904,3,1.000000,1.000000,0,1609,0,6090,0
100001577,attack_only,220.000000,260.000000,0.001944,100.000000,0.005832,18,18,9720,18,18,0.000000,28.361728,1000,275676,3,1.000000,1.000000,0,1637,0,10096,0
100001577,defense_vs_attack,320.000000,360.000000,0.001944,100.000000,0.013037,18,18,9720,18,18,0.000000,84.471193,1000,821060,3,0.000000,0.836735,1,2329,0,15713,0
100001577,defense_only,420.000000,460.000000,0.001944,100.000000,0.007066,18,18,9720,18,18,0.000000,85.134568,1000,827508,3,1.000000,1.000000,0,2358,0,21528,0
100001580,defense_only,120.000000,160.000000,0.001944,100.000000,0.015315,18,18,9720,18,18,0.000000,81.211111,1000,789372,3,1.000000,1.000000,0,2426,0,8102,0
100001580,attack_only,220.000000,260.000000,0.001944,100.000000,0.005790,18,18,9720,18,18,0.000000,26.667901,1000,259212,3,1.000000,1.000000,0,1619,0,12349,0
100001580,defense_vs_attack,320.000000,360.000000,0.001620,83.333333,0.014787,18,15,8100,15,18,16.666667,100.789136,1000,816392,3,0.000000,0.877551,1,2625,0,18429,0
100001580,baseline,420.000000,460.000000,0.001944,100.000000,0.007480,18,18,9720,18,18,0.000000,26.460082,1000,257192,3,1.000000,1.000000,0,1663,0,22748,0
100001575,attack_only,120.000000,160.000000,0.001944,100.000000,0.014792,18,18,9720,18,18,0.000000,29.215638,1000,283976,3,1.000000,1.000000,0,1680,0,6401,0
100001575,baseline,220.000000,260.000000,0.001944,100.000000,0.005851,18,18,9720,18,18,0.000000,29.716872,1000,288848,3,1.000000,1.000000,0,1665,0,10479,0
100001575,defense_vs_attack,320.000000,360.000000,0.001512,77.777778,0.013921,18,14,7560,14,18,22.222222,126.010582,1000,952640,3,0.000000,0.775510,1,2332,0,16205,0
100001575,defense_only,420.000000,460.000000,0.001944,100.000000,0.007819,18,18,9720,18,18,0.000000,95.371605,1000,927012,3,1.000000,1.000000,0,2280,0,21832,0
100001581,baseline,120.000000,160.000000,0.001944,100.000000,0.030761,18,18,9720,18,18,0.000000,28.858436,1000,280504,6,1.000000,1.000000,0,1859,0,6889,0
100001581,defense_vs_attack,220.000000,260.000000,0.001620,83.333333,0.012495,18,15,8100,15,18,16.666667,98.017778,1000,793944,6,0.000000,0.938776,1,2598,0,13146,0
100001581,defense_only,320.000000,360.000000,0.001944,100.000000,0.025119,18,18,9720,18,18,0.000000,84.181070,1000,818240,6,1.000000,1.000000,0,2599,0,19436,0
100001581,attack_only,420.000000,460.000000,0.000000,0.000000,0.000000,18,0,0,0,18,100.000000,0.000000,1000,284992,6,1.000000,1.000000,0,1817,0,24132,0
100001585,defense_vs_attack,120.000000,160.000000,0.001080,55.555556,0.053840,18,10,5400,10,18,44.444444,147.055556,1000,794100,8,0.000000,0.857143,1,2655,0,8804,0
100001585,baseline,220.000000,260.000000,0.001944,100.000000,0.026249,18,18,9720,18,18,0.000000,31.002881,1000,301348,8,1.000000,1.000000,0,1951,0,13630,0
100001585,attack_only,320.000000,360.000000,0.000000,0.000000,0.000000,18,0,0,0,18,100.000000,0.000000,1000,288780,8,1.000000,1.000000,0,1796,0,18166,0
100001585,defense_only,420.000000,460.000000,0.001944,100.000000,0.020827,18,18,9720,18,18,0.000000,82.662963,1000,803484,8,1.000000,1.000000,0,2757,0,24634,0
100001586,baseline,120.000000,160.000000,0.001944,100.000000,0.014961,18,18,9720,18,18,0.000000,31.404115,1000,305248,3,1.000000,1.000000,0,1673,0,6543,0
100001586,defense_vs_attack,220.000000,260.000000,0.001944,100.000000,0.006087,18,18,9720,18,18,0.000000,91.037449,1000,884884,3,0.000000,0.877551,1,2384,0,12401,0
100001586,attack_only,320.000000,360.000000,0.001944,100.000000,0.012812,18,18,9720,18,18,0.000000,31.173663,1000,303008,3,1.000000,1.000000,0,1746,0,16872,0
100001586,defense_only,420.000000,460.000000,0.001944,100.000000,0.007609,18,18,9720,18,18,0.000000,87.470782,1000,850216,3,1.000000,1.000000,0,2317,0,22551,0
100001591,attack_only,120.000000,160.000000,0.000000,0.000000,0.000000,18,0,0,0,18,100.000000,0.000000,1000,246108,6,1.000000,1.000000,0,1687,0,6418,0
100001591,defense_vs_attack,220.000000,260.000000,0.001080,55.555556,0.042868,18,10,5400,10,18,44.444444,153.964444,1000,831408,8,0.000000,0.836735,1,2708,0,12809,0
100001591,defense_only,320.000000,360.000000,0.001944,100.000000,0.028108,18,18,9720,18,18,0.000000,86.455556,1000,840348,6,1.000000,1.000000,0,2625,0,19214,0
100001591,baseline,420.000000,460.000000,0.001944,100.000000,0.015449,18,18,9720,18,18,0.000000,25.352263,1000,246424,6,1.000000,1.000000,0,1739,0,23738,0
100001593,baseline,120.000000,160.000000,0.001944,100.000000,0.036863,18,18,9720,18,18,0.000000,31.830864,1000,309396,7,1.000000,1.000000,0,1960,0,7214,0
100001593,attack_only,220.000000,260.000000,0.001944,100.000000,0.014849,18,18,9720,18,18,0.000000,31.467490,1000,305864,7,1.000000,1.000000,0,1895,0,11798,0
100001593,defense_vs_attack,320.000000,360.000000,0.001296,66.666667,0.032346,18,12,6480,12,18,33.333333,127.448765,1000,825868,7,0.000000,0.836735,1,2598,0,18066,0
100001593,defense_only,420.000000,460.000000,0.001944,100.000000,0.023046,18,18,9720,18,18,0.000000,84.231687,1000,818732,7,1.000000,1.000000,0,2584,0,24345,0
100001596,defense_only,120.000000,160.000000,0.001944,100.000000,0.015296,18,18,9720,18,18,0.000000,94.274074,1000,916344,3,1.000000,1.000000,0,2385,0,8135,0
100001596,baseline,220.000000,260.000000,0.001944,100.000000,0.005789,18,18,9720,18,18,0.000000,26.789712,1000,260396,3,1.000000,1.000000,0,1654,0,12447,0
100001596,defense_vs_attack,320.000000,360.000000,0.001944,100.000000,0.014756,18,18,9720,18,18,0.000000,99.450617,1000,966660,3,0.000000,0.836735,1,2407,0,18287,0
100001596,attack_only,420.000000,460.000000,0.001944,100.000000,0.010927,18,18,9720,18,18,0.000000,27.230041,1000,264676,3,1.000000,1.000000,0,1668,0,22556,0
100001595,attack_only,120.000000,160.000000,0.001944,100.000000,0.025795,18,18,9720,18,18,0.000000,25.790123,1000,250680,5,1.000000,1.000000,0,1634,0,6115,0
100001595,defense_vs_attack,220.000000,260.000000,0.001944,100.000000,0.010761,18,18,9720,18,18,0.000000,95.710288,1000,930304,5,0.000000,0.795918,1,2419,0,11851,0
100001595,defense_only,320.000000,360.000000,0.001944,100.000000,0.021639,18,18,9720,18,18,0.000000,89.834979,1000,873196,5,1.000000,1.000000,0,2362,0,17625,0
100001595,baseline,420.000000,460.000000,0.001944,100.000000,0.011933,18,18,9720,18,18,0.000000,25.337449,1000,246280,5,1.000000,1.000000,0,1616,0,21736,0
100001599,baseline,120.000000,160.000000,0.001944,100.000000,0.038375,18,18,9720,18,18,0.000000,22.812757,1000,221740,7,1.000000,1.000000,0,1663,0,6118,0
100001599,defense_vs_attack,220.000000,260.000000,0.001188,61.111111,0.051173,18,11,5940,11,18,38.888889,138.160943,1000,820676,8,0.000000,0.816327,1,3009,0,12626,0
100001599,attack_only,320.000000,360.000000,0.000000,0.000000,0.000000,18,0,0,0,18,100.000000,0.000000,1000,217028,7,1.000000,1.000000,0,1586,0,16718,0
100001599,defense_only,420.000000,460.000000,0.001944,100.000000,0.025609,18,18,9720,18,18,0.000000,87.378189,1000,849316,7,1.000000,1.000000,0,2596,0,22905,0
100001602,attack_only,120.000000,160.000000,0.000000,0.000000,0.000000,18,0,0,0,18,100.000000,0.000000,1000,305548,5,1.000000,1.000000,0,1689,0,6496,0
100001602,defense_vs_attack,220.000000,260.000000,0.000972,50.000000,0.037151,18,9,4860,9,18,50.000000,166.292181,1000,808180,5,0.000000,0.795918,5,2514,0,12392,0
100001602,baseline,320.000000,360.000000,0.001944,100.000000,0.018014,18,18,9720,18,18,0.000000,32.808642,1000,318900,5,1.000000,1.000000,0,1797,0,16849,0
100001602,defense_only,420.000000,460.000000,0.001944,100.000000,0.014991,18,18,9720,18,18,0.000000,94.956790,1000,922980,5,1.000000,1.000000,0,2408,0,22736,0
100001605,attack_only,120.000000,160.000000,0.000000,0.000000,0.000000,18,0,0,0,18,100.000000,0.000000,1000,255560,5,1.000000,1.000000,0,1551,0,5976,0
100001605,baseline,220.000000,260.000000,0.001944,100.000000,0.020089,18,18,9720,18,18,0.000000,26.102058,1000,253712,5,1.000000,1.000000,0,1617,0,9867,0
100001605,defense_vs_attack,320.000000,360.000000,0.001944,100.000000,0.087610,18,18,9720,18,18,0.000000,99.583128,1000,967948,6,0.000000,0.755102,1,2404,0,15636,0
100001605,defense_only,420.000000,460.000000,0.001944,100.000000,0.014280,18,18,9720,18,18,0.000000,102.702469,1000,998268,5,1.000000,1.000000,0,2340,0,21428,0
100001614,baseline,120.000000,160.000000,0.001944,100.000000,0.018442,18,18,9720,18,18,0.000000,29.246091,1000,284272,3,1.000000,1.000000,0,1681,0,6448,0
100001614,defense_only,220.000000,260.000000,0.001944,100.000000,0.006158,18,18,9720,18,18,0.000000,96.833333,1000,941220,3,1.000000,1.000000,0,2308,0,12206,0
100001614,defense_vs_attack,320.000000,360.000000,0.001296,66.666667,0.012043,18,12,6480,12,18,33.333333,146.993827,1000,952520,3,0.000000,0.755102,1,2444,0,18141,0
100001614,attack_only,420.000000,460.000000,0.000000,0.000000,0.000000,18,0,0,0,18,100.000000,0.000000,1000,284060,4,1.000000,1.000000,0,1648,0,22451,0
100001616,defense_vs_attack,120.000000,160.000000,0.001512,77.777778,0.040280,18,14,7560,14,18,22.222222,108.205820,1000,818036,6,0.000000,0.795918,1,2468,0,8053,0
100001616,attack_only,220.000000,260.000000,0.001944,100.000000,0.018083,18,18,9720,18,18,0.000000,28.214815,1000,274248,6,1.000000,1.000000,0,1688,0,12317,0
100001616,defense_only,320.000000,360.000000,0.001944,100.000000,0.024004,18,18,9720,18,18,0.000000,85.359259,1000,829692,6,1.000000,1.000000,0,2433,0,18117,0
100001616,baseline,420.000000,460.000000,0.001944,100.000000,0.016173,18,18,9720,18,18,0.000000,27.879424,1000,270988,6,1.000000,1.000000,0,1692,0,22392,0
100001618,defense_vs_attack,120.000000,160.000000,0.001296,66.666667,0.026115,18,12,6480,12,18,33.333333,142.416667,1000,922860,3,0.000000,0.836735,3,2518,0,8235,0
100001618,attack_only,220.000000,260.000000,0.000000,0.000000,0.000000,18,0,0,0,18,100.000000,0.000000,1000,269908,3,1.000000,1.000000,0,1657,0,12547,0
100001618,baseline,320.000000,360.000000,0.001944,100.000000,0.013415,18,18,9720,18,18,0.000000,27.365021,1000,265988,3,1.000000,1.000000,0,1692,0,16679,0
100001618,defense_only,420.000000,460.000000,0.001944,100.000000,0.006826,18,18,9720,18,18,0.000000,98.076132,1000,953300,3,1.000000,1.000000,0,2385,0,22398,0
100001621,baseline,120.000000,160.000000,0.001944,100.000000,0.047414,18,18,9720,18,18,0.000000,28.586831,1000,277864,9,1.000000,1.000000,0,1884,0,6789,0
100001621,attack_only,220.000000,260.000000,0.001944,100.000000,0.018965,18,18,9720,18,18,0.000000,28.102881,1000,273160,9,1.000000,1.000000,0,1843,0,11152,0
100001621,defense_vs_attack,320.000000,360.000000,0.001944,100.000000,0.039614,18,18,9720,18,18,0.000000,83.048148,1000,807228,9,0.000000,0.836735,1,2540,0,17109,0
100001621,defense_only,420.000000,460.000000,0.001944,100.000000,0.035532,18,18,9720,18,18,0.000000,83.330864,1000,809976,9,1.000000,1.000000,0,2598,0,23299,0
100001619,attack_only,120.000000,160.000000,0.001944,100.000000,0.020749,18,18,9720,18,18,0.000000,29.072428,1000,282584,4,1.000000,1.000000,0,1704,0,6567,0
100001619,defense_vs_attack,220.000000,260.000000,0.001944,100.000000,0.017504,18,18,9720,18,18,0.000000,101.107407,1000,982764,4,0.000000,0.877551,1,2387,0,12555,0
100001619,baseline,320.000000,360.000000,0.001944,100.000000,0.010098,18,18,9720,18,18,0.000000,30.023868,1000,291832,4,1.000000,1.000000,0,1778,0,17086,0
100001619,defense_only,420.000000,460.000000,0.001944,100.000000,0.018261,18,18,9720,18,18,0.000000,98.892593,1000,961236,4,1.000000,1.000000,0,2482,0,23114,0
100001622,baseline,120.000000,160.000000,0.001944,100.000000,0.025294,18,18,9720,18,18,0.000000,28.364198,1000,275700,5,1.000000,1.000000,0,1686,0,6203,0
100001622,attack_only,220.000000,260.000000,0.001944,100.000000,0.010649,18,18,9720,18,18,0.000000,29.049794,1000,282364,5,1.000000,1.000000,0,1629,0,10177,0
100001622,defense_only,320.000000,360.000000,0.001944,100.000000,0.021817,18,18,9720,18,18,0.000000,112.188889,1000,1090476,5,1.000000,1.000000,0,2404,0,15999,0
100001622,defense_vs_attack,420.000000,460.000000,0.001728,88.888889,0.013546,18,16,8640,16,18,11.111111,123.648148,1000,1068320,5,0.000000,0.795918,1,2413,0,21926,0
100001627,attack_only,120.000000,160.000000,0.001944,100.000000,0.031269,18,18,9720,18,18,0.000000,32.815638,1000,318968,6,1.000000,1.000000,0,1824,0,6846,0
100001627,defense_vs_attack,220.000000,260.000000,0.001944,100.000000,0.012006,18,18,9720,18,18,0.000000,91.516049,1000,889536,6,0.000000,0.877551,2,2646,0,13001,0
100001627,baseline,320.000000,360.000000,0.001944,100.000000,0.026365,18,18,9720,18,18,0.000000,32.823457,1000,319044,6,1.000000,1.000000,0,1870,0,17694,0
100001627,defense_only,420.000000,460.000000,0.001944,100.000000,0.015631,18,18,9720,18,18,0.000000,90.891358,1000,883464,6,1.000000,1.000000,0,2525,0,23685,0
100001633,attack_only,120.000000,160.000000,0.001944,100.000000,0.082346,18,18,9720,18,18,0.000000,29.720576,1000,288884,5,1.000000,1.000000,0,1748,0,6543,0
100001633,defense_only,220.000000,260.000000,0.001944,100.000000,0.009967,18,18,9720,18,18,0.000000,88.301646,1000,858292,5,1.000000,1.000000,0,2439,0,12449,0
100001633,baseline,320.000000,360.000000,0.001944,100.000000,0.024407,18,18,9720,18,18,0.000000,29.367078,1000,285448,5,1.000000,1.000000,0,1774,0,16949,0
100001633,defense_vs_attack,420.000000,460.000000,0.001944,100.000000,0.020868,18,18,9720,18,18,0.000000,91.397531,1000,888384,5,0.000000,0.897959,1,2463,0,22910,0
100001637,defense_only,120.000000,160.000000,0.001944,100.000000,0.038452,18,18,9720,18,18,0.000000,85.627572,1000,832300,7,1.000000,1.000000,0,2598,0,8681,0
100001637,defense_vs_attack,220.000000,260.000000,0.001080,55.555556,0.019381,18,10,5400,10,18,44.444444,150.454074,1000,812452,7,0.000000,0.877551,1,2533,0,14934,0
100001637,baseline,320.000000,360.000000,0.001944,100.000000,0.022899,18,18,9720,18,18,0.000000,31.063374,1000,301936,7,1.000000,1.000000,0,1859,0,19621,0
100001637,attack_only,420.000000,460.000000,0.000000,0.000000,0.000000,18,0,0,0,18,100.000000,0.000000,1000,296168,8,1.000000,1.000000,0,1848,0,24160,0
100001632,defense_vs_attack,120.000000,160.000000,0.001944,100.000000,0.026671,18,18,9720,18,18,0.000000,98.124280,1000,953768,5,0.000000,0.918367,1,2484,0,8407,0
100001632,attack_only,220.000000,260.000000,0.001944,100.000000,0.018075,18,18,9720,18,18,0.000000,28.780247,1000,279744,5,1.000000,1.000000,0,1753,0,12837,0
100001632,baseline,320.000000,360.000000,0.001944,100.000000,0.015096,18,18,9720,18,18,0.000000,27.744856,1000,269680,5,1.000000,1.000000,0,1720,0,17003,0
100001632,defense_only,420.000000,460.000000,0.001944,100.000000,0.010848,18,18,9720,18,18,0.000000,99.095885,1000,963212,5,1.000000,1.000000,0,2557,0,23180,0
100001639,baseline,120.000000,160.000000,0.001944,100.000000,0.030670,18,18,9720,18,18,0.000000,29.282716,1000,284628,6,1.000000,1.000000,0,1845,0,6763,0
100001639,defense_vs_attack,220.000000,260.000000,0.001944,100.000000,0.021344,18,18,9720,18,18,0.000000,89.283951,1000,867840,6,0.000000,0.836735,1,2482,0,12939,0
100001639,defense_only,320.000000,360.000000,0.001944,100.000000,0.019071,18,18,9720,18,18,0.000000,89.909465,1000,873920,6,1.000000,1.000000,0,2445,0,19020,0
100001639,attack_only,420.000000,460.000000,0.001944,100.000000,0.027968,18,18,9720,18,18,0.000000,28.695885,1000,278924,6,1.000000,1.000000,0,1824,0,23614,0
100001645,defense_only,120.000000,160.000000,0.001944,100.000000,0.017175,18,18,9720,18,18,0.000000,93.659671,1000,910372,3,1.000000,1.000000,0,2294,0,7839,0
100001645,attack_only,220.000000,260.000000,0.001944,100.000000,0.006803,18,18,9720,18,18,0.000000,28.033333,1000,272484,3,1.000000,1.000000,0,1651,0,12072,0
100001645,baseline,320.000000,360.000000,0.001944,100.000000,0.012051,18,18,9720,18,18,0.000000,27.203292,1000,264416,3,1.000000,1.000000,0,1598,0,16093,0
100001645,defense_vs_attack,420.000000,460.000000,0.001728,88.888889,0.008329,18,16,8640,16,18,11.111111,109.540741,1000,946432,3,0.000000,0.795918,1,2372,0,21847,0
100001646,defense_only,120.000000,160.000000,0.001944,100.000000,0.026249,18,18,9720,18,18,0.000000,94.030453,1000,913976,5,1.000000,1.000000,0,2544,0,8556,0
100001646,defense_vs_attack,220.000000,260.000000,0.001080,55.555556,0.134568,18,10,5400,10,18,44.444444,177.234074,1000,957064,5,0.000000,0.857143,1,2641,0,14906,0
100001646,baseline,320.000000,360.000000,0.001944,100.000000,0.009996,18,18,9720,18,18,0.000000,35.340329,1000,343508,5,1.000000,1.000000,0,1959,0,19747,0
100001646,attack_only,420.000000,460.000000,0.000000,0.000000,0.000000,18,0,0,0,18,100.000000,0.000000,1000,345092,5,1.000000,1.000000,0,1833,0,24295,0
100001648,attack_only,120.000000,160.000000,0.001944,100.000000,0.016990,18,18,9720,18,18,0.000000,23.953086,1000,232824,3,1.000000,1.000000,0,1712,0,6439,0
100001648,defense_vs_attack,220.000000,260.000000,0.001944,100.000000,0.006873,18,18,9720,18,18,0.000000,82.551029,1000,802396,3,0.000000,0.897959,1,2584,0,12629,0
100001648,baseline,320.000000,360.000000,0.001944,100.000000,0.012386,18,18,9720,18,18,0.000000,25.241564,1000,245348,3,1.000000,1.000000,0,1723,0,17017,0
100001648,defense_only,420.000000,460.000000,0.001944,100.000000,0.007808,18,18,9720,18,18,0.000000,78.433333,1000,762372,3,1.000000,1.000000,0,2507,0,23169,0
100001657,defense_only,120.000000,160.000000,0.001944,100.000000,0.026527,18,18,9720,18,18,0.000000,100.831276,1000,980080,5,1.000000,1.000000,0,2586,0,8540,0
100001657,defense_vs_attack,220.000000,260.000000,0.001404,72.222222,0.010663,18,13,7020,13,18,27.777778,138.186325,1000,970068,5,0.000000,0.877551,1,2625,0,14891,0
100001657,attack_only,320.000000,360.000000,0.000000,0.000000,0.000000,18,0,0,0,18,100.000000,0.000000,1000,289204,5,1.000000,1.000000,0,1675,0,19349,0
100001657,baseline,420.000000,460.000000,0.001944,100.000000,0.018952,18,18,9720,18,18,0.000000,28.462140,1000,276652,5,1.000000,1.000000,0,1755,0,23600,0
100001655,attack_only,120.000000,160.000000,0.001944,100.000000,0.015349,18,18,9720,18,18,0.000000,38.425103,1000,373492,3,1.000000,1.000000,0,1905,0,7280,0
100001655,defense_vs_attack,220.000000,260.000000,0.001944,100.000000,0.005788,18,18,9720,18,18,0.000000,104.825514,1000,1018904,3,0.000000,0.918367,1,2459,0,13276,0
100001655,baseline,320.000000,360.000000,0.001944,100.000000,0.012811,18,18,9720,18,18,0.000000,37.875720,1000,368152,3,1.000000,1.000000,0,1887,0,18044,0
100001655,defense_only,420.000000,460.000000,0.001944,100.000000,0.015208,18,18,9720,18,18,0.000000,105.746091,1000,1027852,3,1.000000,1.000000,0,2477,0,24039,0
100001661,defense_vs_attack,120.000000,160.000000,0.001944,100.000000,0.015805,18,18,9720,18,18,0.000000,92.391770,1000,898048,3,0.000000,0.795918,1,2546,0,8448,0
100001661,attack_only,220.000000,260.000000,0.001944,100.000000,0.005902,18,18,9720,18,18,0.000000,27.863786,1000,270836,3,1.000000,1.000000,0,1730,0,12928,0
100001661,defense_only,320.000000,360.000000,0.001944,100.000000,0.014371,18,18,9720,18,18,0.000000,90.270782,1000,877432,3,1.000000,1.000000,0,2456,0,18993,0
100001661,baseline,420.000000,460.000000,0.001944,100.000000,0.007446,18,18,9720,18,18,0.000000,27.928395,1000,271464,3,1.000000,1.000000,0,1717,0,23415,0
100001663,baseline,120.000000,160.000000,0.001944,100.000000,0.020330,18,18,9720,18,18,0.000000,26.449794,1000,257092,4,1.000000,1.000000,0,1690,0,6502,0
100001663,defense_only,220.000000,260.000000,0.001944,100.000000,0.008272,18,18,9720,18,18,0.000000,92.311934,1000,897272,4,1.000000,1.000000,0,2610,0,12744,0
100001663,attack_only,320.000000,360.000000,0.000000,0.000000,0.000000,18,0,0,0,18,100.000000,0.000000,1000,263804,4,1.000000,1.000000,0,1698,0,17171,0
100001663,defense_vs_attack,420.000000,460.000000,0.000216,11.111111,0.095458,18,2,1080,2,18,88.888889,773.592593,1000,835480,11,0.000000,0.918367,1,3193,0,23961,0
100001664,defense_only,120.000000,160.000000,0.001944,100.000000,0.032740,18,18,9720,18,18,0.000000,97.987654,1000,952440,6,1.000000,1.000000,0,2517,0,8122,0
100001664,baseline,220.000000,260.000000,0.001944,100.000000,0.011961,18,18,9720,18,18,0.000000,22.887243,1000,222464,6,1.000000,1.000000,0,1624,0,12264,0
100001664,attack_only,320.000000,360.000000,0.001944,100.000000,0.026185,18,18,9720,18,18,0.000000,23.385597,1000,227308,6,1.000000,1.000000,0,1620,0,16127,0
100001664,defense_vs_attack,420.000000,460.000000,0.001080,55.555556,0.020814,18,10,5400,10,18,44.444444,176.834074,1000,954904,6,0.000000,0.877551,1,2447,0,22050,0
100001665,defense_only,120.000000,160.000000,0.001944,100.000000,0.015546,18,18,9720,18,18,0.000000,103.695473,1000,1007920,3,1.000000,1.000000,0,2520,0,8308,0
100001665,baseline,220.000000,260.000000,0.001944,100.000000,0.005789,18,18,9720,18,18,0.000000,28.927160,1000,281172,3,1.000000,1.000000,0,1638,0,12604,0
100001665,defense_vs_attack,320.000000,360.000000,0.001944,100.000000,0.013033,18,18,9720,18,18,0.000000,105.640741,1000,1026828,3,0.000000,0.795918,1,2370,0,18451,0
100001665,attack_only,420.000000,460.000000,0.001944,100.000000,0.007447,18,18,9720,18,18,0.000000,29.011934,1000,281996,3,1.000000,1.000000,0,1700,0,22816,0
100001672,defense_only,120.000000,160.000000,0.001944,100.000000,0.025495,18,18,9720,18,18,0.000000,81.270370,1000,789948,5,1.000000,1.000000,0,2498,0,8277,0
100001672,defense_vs_attack,220.000000,260.000000,0.001944,100.000000,0.010679,18,18,9720,18,18,0.000000,86.361728,1000,839436,5,0.000000,0.836735,1,2541,0,14505,0
100001672,attack_only,320.000000,360.000000,0.001944,100.000000,0.021336,18,18,9720,18,18,0.000000,22.410700,1000,217832,5,1.000000,1.000000,0,1633,0,18698,0
100001672,baseline,420.000000,460.000000,0.001944,100.000000,0.012314,18,18,9720,18,18,0.000000,24.526749,1000,238400,5,1.000000,1.000000,0,1734,0,22821,0
100001678,attack_only,120.000000,160.000000,0.001944,100.000000,0.015669,18,18,9720,18,18,0.000000,29.352675,1000,285308,3,1.000000,1.000000,0,1772,0,6793,0
100001678,defense_only,220.000000,260.000000,0.001944,100.000000,0.005974,18,18,9720,18,18,0.000000,92.937449,1000,903352,3,1.000000,1.000000,0,2630,0,13005,0
100001678,baseline,320.000000,360.000000,0.001944,100.000000,0.012813,18,18,9720,18,18,0.000000,29.587243,1000,287588,3,1.000000,1.000000,0,1787,0,17603,0
100001678,defense_vs_attack,420.000000,460.000000,0.001944,100.000000,0.007873,18,18,9720,18,18,0.000000,92.295473,1000,897112,3,0.000000,0.857143,1,2493,0,23790,0
100001689,defense_only,120.000000,160.000000,0.001944,100.000000,0.022038,18,18,9720,18,18,0.000000,86.646502,1000,842204,4,1.000000,1.000000,0,2499,0,8565,0
100001689,attack_only,220.000000,260.000000,0.001944,100.000000,0.008273,18,18,9720,18,18,0.000000,27.658025,1000,268836,4,1.000000,1.000000,0,1744,0,13058,0
100001689,baseline,320.000000,360.000000,0.001944,100.000000,0.016611,18,18,9720,18,18,0.000000,27.537860,1000,267668,4,1.000000,1.000000,0,1761,0,17329,0
100001689,defense_vs_attack,420.000000,460.000000,0.001944,100.000000,0.010252,18,18,9720,18,18,0.000000,86.664609,1000,842380,4,0.000000,0.918367,1,2633,0,23527,0
100001685,baseline,120.000000,160.000000,0.001944,100.000000,0.037440,18,18,9720,18,18,0.000000,28.827160,1000,280200,7,1.000000,1.000000,0,1792,0,6637,0
100001685,defense_vs_attack,220.000000,260.000000,0.001512,77.777778,0.023366,18,14,7560,14,18,22.222222,123.410053,1000,932980,7,0.000000,0.816327,1,2439,0,12506,0
100001685,attack_only,320.000000,360.000000,0.001944,100.000000,0.023323,18,18,9720,18,18,0.000000,29.168313,1000,283516,7,1.000000,1.000000,0,1794,0,16971,0
100001685,defense_only,420.000000,460.000000,0.001944,100.000000,0.024214,18,18,9720,18,18,0.000000,95.706996,1000,930272,7,1.000000,1.000000,0,2473,0,22916,0
100001691,attack_only,120.000000,160.000000,0.001944,100.000000,0.015564,18,18,9720,18,18,0.000000,30.789712,1000,299276,3,1.000000,1.000000,0,1745,0,6715,0
100001691,baseline,220.000000,260.000000,0.001944,100.000000,0.006054,18,18,9720,18,18,0.000000,29.913992,1000,290764,3,1.000000,1.000000,0,1721,0,11028,0
100001691,defense_only,320.000000,360.000000,0.001944,100.000000,0.013633,18,18,9720,18,18,0.000000,98.451440,1000,956948,3,1.000000,1.000000,0,2548,0,17207,0
100001691,defense_vs_attack,420.000000,460.000000,0.001944,100.000000,0.009165,18,18,9720,18,18,0.000000,94.723457,1000,920712,3,0.000000,0.816327,1,2412,0,23354,0
100001697,baseline,120.000000,160.000000,0.001944,100.000000,0.025969,18,18,9720,18,18,0.000000,36.325514,1000,353084,5,1.000000,1.000000,0,1880,0,6982,0
100001697,defense_only,220.000000,260.000000,0.001944,100.000000,0.009869,18,18,9720,18,18,0.000000,95.948148,1000,932616,5,1.000000,1.000000,0,2459,0,12765,0
100001697,defense_vs_attack,320.000000,360.000000,0.001728,88.888889,0.027255,18,16,8640,16,18,11.111111,105.016667,1000,907344,5,0.000000,0.857143,1,2439,0,18548,0
100001697,attack_only,420.000000,460.000000,0.001944,100.000000,0.023478,18,18,9720,18,18,0.000000,35.860494,1000,348564,5,1.000000,1.000000,0,1862,0,23229,0
100001700,defense_only,120.000000,160.000000,0.001944,100.000000,0.015219,18,18,9720,18,18,0.000000,88.594239,1000,861136,3,1.000000,1.000000,0,2511,0,8245,0
100001700,baseline,220.000000,260.000000,0.001944,100.000000,0.005837,18,18,9720,18,18,0.000000,24.279424,1000,235996,3,1.000000,1.000000,0,1613,0,12468,0
100001700,defense_vs_attack,320.000000,360.000000,0.001944,100.000000,0.012812,18,18,9720,18,18,0.000000,88.541975,1000,860628,3,0.000000,0.816327,1,2536,0,18548,0
100001700,attack_only,420.000000,460.000000,0.001944,100.000000,0.007065,18,18,9720,18,18,0.000000,23.648560,1000,229864,3,1.000000,1.000000,0,1613,0,22736,0
100001703,defense_vs_attack,120.000000,160.000000,0.001944,100.000000,0.027575,18,18,9720,18,18,0.000000,95.211111,1000,925452,5,0.000000,0.836735,1,2400,0,8211,0
100001703,defense_only,220.000000,260.000000,0.001944,100.000000,0.010714,18,18,9720,18,18,0.000000,97.727572,1000,949912,5,1.000000,1.000000,0,2507,0,14232,0
100001703,attack_only,320.000000,360.000000,0.001944,100.000000,0.019012,18,18,9720,18,18,0.000000,32.685597,1000,317704,5,1.000000,1.000000,0,1795,0,18803,0
100001703,baseline,420.000000,460.000000,0.001944,100.000000,0.012816,18,18,9720,18,18,0.000000,33.489712,1000,325520,5,1.000000,1.000000,0,1806,0,23161,0
100001706,attack_only,120.000000,160.000000,0.000000,0.000000,0.000000,18,0,0,0,18,100.000000,0.000000,1000,269196,4,1.000000,1.000000,0,1736,0,6495,0
100001706,defense_vs_attack,220.000000,260.000000,0.001188,61.111111,0.115631,18,11,5940,11,18,38.888889,149.099663,1000,885652,3,0.000000,0.857143,1,2512,0,12438,0
100001706,baseline,320.000000,360.000000,0.001944,100.000000,0.008970,18,18,9720,18,18,0.000000,26.813580,1000,260628,3,1.000000,1.000000,0,1651,0,16782,0
100001706,defense_only,420.000000,460.000000,0.001944,100.000000,0.008817,18,18,9720,18,18,0.000000,87.141152,1000,847012,3,1.000000,1.000000,0,2510,0,22883,0
100001708,defense_vs_attack,120.000000,160.000000,0.001944,100.000000,0.015453,18,18,9720,18,18,0.000000,79.488889,1000,772632,3,0.000000,0.897959,1,2511,0,8456,0
100001708,baseline,220.000000,260.000000,0.001944,100.000000,0.005788,18,18,9720,18,18,0.000000,23.572016,1000,229120,3,1.000000,1.000000,0,1642,0,12636,0
100001708,attack_only,320.000000,360.000000,0.001944,100.000000,0.012811,18,18,9720,18,18,0.000000,23.706996,1000,230432,3,1.000000,1.000000,0,1621,0,16645,0
100001708,defense_only,420.000000,460.000000,0.001944,100.000000,0.007375,18,18,9720,18,18,0.000000,79.793827,1000,775596,3,1.000000,1.000000,0,2487,0,22723,0
100001716,baseline,120.000000,160.000000,0.001944,100.000000,0.032725,18,18,9720,18,18,0.000000,29.750206,1000,289172,6,1.000000,1.000000,0,1818,0,6807,0
100001716,defense_only,220.000000,260.000000,0.001944,100.000000,0.012336,18,18,9720,18,18,0.000000,84.814815,1000,824400,6,1.000000,1.000000,0,2539,0,12961,0
100001716,attack_only,320.000000,360.000000,0.001944,100.000000,0.026713,18,18,9720,18,18,0.000000,30.368724,1000,295184,6,1.000000,1.000000,0,1831,0,17658,0
100001716,defense_vs_attack,420.000000,460.000000,0.001404,72.222222,0.016033,18,13,7020,13,18,27.777778,117.051282,1000,821700,6,0.000000,0.877551,3,2694,0,23824,0
100001717,defense_vs_attack,120.000000,160.000000,0.001404,72.222222,0.041513,18,13,7020,13,18,27.777778,111.205698,1000,780664,7,0.000000,0.857143,1,2617,0,8452,0
100001717,defense_only,220.000000,260.000000,0.001944,100.000000,0.023733,18,18,9720,18,18,0.000000,77.748971,1000,755720,7,1.000000,1.000000,0,2569,0,14627,0
100001717,baseline,320.000000,360.000000,0.001944,100.000000,0.020616,18,18,9720,18,18,0.000000,23.734979,1000,230704,7,1.000000,1.000000,0,1762,0,19008,0
100001717,attack_only,420.000000,460.000000,0.000000,0.000000,0.000000,18,0,0,0,18,100.000000,0.000000,1000,230164,7,1.000000,1.000000,0,1592,0,22933,0
100001713,attack_only,120.000000,160.000000,0.001944,100.000000,0.046544,18,18,9720,18,18,0.000000,24.472016,1000,237868,9,1.000000,1.000000,0,1802,0,6490,0
100001713,baseline,220.000000,260.000000,0.001944,100.000000,0.017919,18,18,9720,18,18,0.000000,23.455967,1000,227992,9,1.000000,1.000000,0,1734,0,10618,0
100001713,defense_vs_attack,320.000000,360.000000,0.001944,100.000000,0.040372,18,18,9720,18,18,0.000000,95.348148,1000,926784,9,0.000000,0.897959,1,2672,0,16965,0
100001713,defense_only,420.000000,460.000000,0.001944,100.000000,0.022500,18,18,9720,18,18,0.000000,98.383951,1000,956292,9,1.000000,1.000000,0,2687,0,23457,0
100001715,defense_vs_attack,120.000000,160.000000,0.001620,83.333333,0.028144,18,15,8100,15,18,16.666667,131.095802,1000,1061876,5,0.000000,0.775510,1,2532,0,8464,0
100001715,attack_only,220.000000,260.000000,0.001944,100.000000,0.011584,18,18,9720,18,18,0.000000,29.816049,1000,289812,5,1.000000,1.000000,0,1713,0,12902,0
100001715,defense_only,320.000000,360.000000,0.001944,100.000000,0.025964,18,18,9720,18,18,0.000000,110.493827,1000,1074000,5,1.000000,1.000000,0,2473,0,18925,0
100001715,baseline,420.000000,460.000000,0.001944,100.000000,0.016454,18,18,9720,18,18,0.000000,30.472428,1000,296192,5,1.000000,1.000000,0,1769,0,23417,0
100001718,attack_only,120.000000,160.000000,0.000000,0.000000,0.000000,18,0,0,0,18,100.000000,0.000000,1000,312456,6,1.000000,1.000000,0,1746,0,6597,0
100001718,defense_vs_attack,220.000000,260.000000,0.001080,55.555556,0.048065,18,10,5400,10,18,44.444444,187.712593,1000,1013648,6,0.000000,0.775510,1,2507,0,12535,0
100001718,defense_only,320.000000,360.000000,0.001944,100.000000,0.024602,18,18,9720,18,18,0.000000,105.928395,1000,1029624,6,1.000000,1.000000,0,2478,0,18444,0
100001718,baseline,420.000000,460.000000,0.001944,100.000000,0.016728,18,18,9720,18,18,0.000000,32.511523,1000,316012,6,1.000000,1.000000,0,1807,0,22990,0
100001724,attack_only,120.000000,160.000000,0.001944,100.000000,0.014927,18,18,9720,18,18,0.000000,23.808230,1000,231416,3,1.000000,1.000000,0,1588,0,6045,0
100001724,defense_vs_attack,220.000000,260.000000,0.001728,88.888889,0.010703,18,16,8640,16,18,11.111111,108.096296,1000,933952,3,0.000000,0.938776,1,2463,0,12065,0
100001724,baseline,320.000000,360.000000,0.001944,100.000000,0.011005,18,18,9720,18,18,0.000000,23.971193,1000,233000,3,1.000000,1.000000,0,1609,0,16219,0
100001724,defense_only,420.000000,460.000000,0.001944,100.000000,0.007813,18,18,9720,18,18,0.000000,93.446502,1000,908300,3,1.000000,1.000000,0,2444,0,22125,0
100001728,baseline,120.000000,160.000000,0.001944,100.000000,0.030621,18,18,9720,18,18,0.000000,25.921399,1000,251956,6,1.000000,1.000000,0,1734,0,6490,0
100001728,defense_only,220.000000,260.000000,0.001944,100.000000,0.013311,18,18,9720,18,18,0.000000,86.039095,1000,836300,6,1.000000,1.000000,0,2606,0,12671,0
100001728,attack_only,320.000000,360.000000,0.001944,100.000000,0.025720,18,18,9720,18,18,0.000000,25.583128,1000,248668,6,1.000000,1.000000,0,1723,0,17080,0
100001728,defense_vs_attack,420.000000,460.000000,0.000972,50.000000,0.038649,18,9,4860,9,18,50.000000,171.628807,1000,834116,6,0.000000,0.897959,1,3145,0,23805,0
100001727,defense_vs_attack,120.000000,160.000000,0.001944,100.000000,0.015513,18,18,9720,18,18,0.000000,78.372016,1000,761776,3,0.000000,0.897959,1,2488,0,8604,0
100001727,attack_only,220.000000,260.000000,0.001944,100.000000,0.006079,18,18,9720,18,18,0.000000,30.903292,1000,300380,3,1.000000,1.000000,0,1954,0,13543,0
100001727,baseline,320.000000,360.000000,0.001944,100.000000,0.013138,18,18,9720,18,18,0.000000,29.330041,1000,285088,3,1.000000,1.000000,0,1870,0,18183,0
100001727,defense_only,420.000000,460.000000,0.001944,100.000000,0.007296,18,18,9720,18,18,0.000000,77.431687,1000,752636,3,1.000000,1.000000,0,2400,0,24072,0
100001729,baseline,120.000000,160.000000,0.001944,100.000000,0.015160,18,18,9720,18,18,0.000000,34.506996,1000,335408,3,1.000000,1.000000,0,1823,0,6927,0
100001729,defense_vs_attack,220.000000,260.000000,0.001944,100.000000,0.006050,18,18,9720,18,18,0.000000,94.690123,1000,920388,3,0.000000,0.795918,1,2437,0,12919,0
100001729,attack_only,320.000000,360.000000,0.001944,100.000000,0.013326,18,18,9720,18,18,0.000000,33.634979,1000,326932,3,1.000000,1.000000,0,1780,0,17454,0
100001729,defense_only,420.000000,460.000000,0.001944,100.000000,0.007067,18,18,9720,18,18,0.000000,89.408230,1000,869048,3,1.000000,1.000000,0,2312,0,23215,0
100001734,defense_vs_attack,120.000000,160.000000,0.000324,16.666667,0.024948,18,3,1620,3,18,83.333333,470.595062,1000,762364,0,0.000000,0.897959,1,2558,0,8487,0
100001734,attack_only,220.000000,260.000000,0.001944,100.000000,0.012919,18,18,9720,18,18,0.000000,31.076543,1000,302064,4,1.000000,1.000000,0,1843,0,13130,0
100001734,baseline,320.000000,360.000000,0.001944,100.000000,0.010673,18,18,9720,18,18,0.000000,30.793827,1000,299316,4,1.000000,1.000000,0,1813,0,17551,0
100001734,defense_only,420.000000,460.000000,0.001944,100.000000,0.016137,18,18,9720,18,18,0.000000,79.737860,1000,775052,4,1.000000,1.000000,0,2431,0,23457,0
100001742,attack_only,120.000000,160.000000,0.001944,100.000000,0.025797,18,18,9720,18,18,0.000000,31.604527,1000,307196,5,1.000000,1.000000,0,1864,0,6811,0
100001742,defense_only,220.000000,260.000000,0.001944,100.000000,0.010535,18,18,9720,18,18,0.000000,81.116049,1000,788448,5,1.000000,1.000000,0,2473,0,12763,0
100001742,defense_vs_attack,320.000000,360.000000,0.001728,88.888889,0.021641,18,16,8640,16,18,11.111111,92.381944,1000,798180,5,0.000000,0.897959,1,2454,0,18774,0
100001742,baseline,420.000000,460.000000,0.001944,100.000000,0.013012,18,18,9720,18,18,0.000000,30.867078,1000,300028,5,1.000000,1.000000,0,1805,0,23329,0
100001741,defense_only,120.000000,160.000000,0.001944,100.000000,0.015944,18,18,9720,18,18,0.000000,97.276543,1000,945528,3,1.000000,1.000000,0,2465,0,8027,0
100001741,attack_only,220.000000,260.000000,0.001944,100.000000,0.005789,18,18,9720,18,18,0.000000,21.751440,1000,211424,3,1.000000,1.000000,0,1507,0,12010,0
100001741,baseline,320.000000,360.000000,0.001944,100.000000,0.012879,18,18,9720,18,18,0.000000,22.317695,1000,216928,3,1.000000,1.000000,0,1530,0,15768,0
100001741,defense_vs_attack,420.000000,460.000000,0.001944,100.000000,0.008592,18,18,9720,18,18,0.000000,101.019342,1000,981908,3,0.000000,0.816327,1,2468,0,21801,0
100001743,baseline,120.000000,160.000000,0.001944,100.000000,0.036724,18,18,9720,18,18,0.000000,29.048971,1000,282356,7,1.000000,1.000000,0,1796,0,6581,0
100001743,attack_only,220.000000,260.000000,0.000000,0.000000,0.000000,18,0,0,0,18,100.000000,0.000000,1000,293336,8,1.000000,1.000000,0,1731,0,10816,0
100001743,defense_only,320.000000,360.000000,0.001944,100.000000,0.016450,18,18,9720,18,18,0.000000,91.224691,1000,886704,7,1.000000,1.000000,0,2433,0,16781,0
100001743,defense_vs_attack,420.000000,460.000000,0.001296,66.666667,0.029081,18,12,6480,12,18,33.333333,135.734568,1000,879560,7,0.000000,0.857143,1,2420,0,22656,0
100001747,attack_only,120.000000,160.000000,0.000000,0.000000,0.000000,18,0,0,0,18,100.000000,0.000000,1000,245892,6,1.000000,1.000000,0,1655,0,6189,0
100001747,defense_vs_attack,220.000000,260.000000,0.001728,88.888889,0.030095,18,16,8640,16,18,11.111111,100.742130,1000,870412,6,0.000000,0.816327,1,2464,0,12062,0
100001747,defense_only,320.000000,360.000000,0.001944,100.000000,0.015656,18,18,9720,18,18,0.000000,90.911111,1000,883656,6,1.000000,1.000000,0,2374,0,17915,0
100001747,baseline,420.000000,460.000000,0.001944,100.000000,0.019983,18,18,9720,18,18,0.000000,26.060494,1000,253308,6,1.000000,1.000000,0,1676,0,22195,0
100001750,defense_vs_attack,120.000000,160.000000,0.001512,77.777778,0.021895,18,14,7560,14,18,22.222222,127.758730,1000,965856,4,0.000000,0.836735,1,2400,0,8322,0
100001750,baseline,220.000000,260.000000,0.001944,100.000000,0.014073,18,18,9720,18,18,0.000000,31.758025,1000,308688,4,1.000000,1.000000,0,1815,0,12936,0
100001750,attack_only,320.000000,360.000000,0.000000,0.000000,0.000000,18,0,0,0,18,100.000000,0.000000,1000,300864,4,1.000000,1.000000,0,1737,0,17172,0
100001750,defense_only,420.000000,460.000000,0.001944,100.000000,0.013309,18,18,9720,18,18,0.000000,100.630453,1000,978128,4,1.000000,1.000000,0,2423,0,23047,0
100001759,attack_only,120.000000,160.000000,0.001944,100.000000,0.019786,18,18,9720,18,18,0.000000,27.866667,1000,270864,4,1.000000,1.000000,0,1733,0,6501,0
100001759,defense_only,220.000000,260.000000,0.001944,100.000000,0.008067,18,18,9720,18,18,0.000000,89.585597,1000,870772,4,1.000000,1.000000,0,2433,0,12501,0
100001759,baseline,320.000000,360.000000,0.001944,100.000000,0.017373,18,18,9720,18,18,0.000000,27.486008,1000,267164,4,1.000000,1.000000,0,1683,0,16863,0
100001759,defense_vs_attack,420.000000,460.000000,0.001944,100.000000,0.011029,18,18,9720,18,18,0.000000,90.373251,1000,878428,4,0.000000,0.836735,1,2517,0,22809,0
100001758,attack_only,120.000000,160.000000,0.000000,0.000000,0.000000,18,0,0,0,18,100.000000,0.000000,1000,265244,4,1.000000,1.000000,0,1689,0,6407,0
100001758,defense_vs_attack,220.000000,260.000000,0.001296,66.666667,0.022614,18,12,6480,12,18,33.333333,137.525309,1000,891164,5,0.000000,0.877551,1,2444,0,12317,0
100001758,baseline,320.000000,360.000000,0.001944,100.000000,0.015834,18,18,9720,18,18,0.000000,26.792593,1000,260424,4,1.000000,1.000000,0,1697,0,16672,0
100001758,defense_only,420.000000,460.000000,0.001944,100.000000,0.011844,18,18,9720,18,18,0.000000,86.197942,1000,837844,4,1.000000,1.000000,0,2524,0,22664,0
100001765,attack_only,120.000000,160.000000,0.001944,100.000000,0.021072,18,18,9720,18,18,0.000000,34.569136,1000,336012,4,1.000000,1.000000,0,1830,0,6808,0
100001765,defense_only,220.000000,260.000000,0.001944,100.000000,0.009087,18,18,9720,18,18,0.000000,96.718107,1000,940100,4,1.000000,1.000000,0,2384,0,12689,0
100001765,defense_vs_attack,320.000000,360.000000,0.001944,100.000000,0.016456,18,18,9720,18,18,0.000000,97.305761,1000,945812,4,0.000000,0.877551,1,2481,0,18700,0
100001765,baseline,420.000000,460.000000,0.001944,100.000000,0.010928,18,18,9720,18,18,0.000000,34.297119,1000,333368,4,1.000000,1.000000,0,1793,0,23308,0
100001770,defense_only,120.000000,160.000000,0.001944,100.000000,0.020457,18,18,9720,18,18,0.000000,92.735802,1000,901392,4,1.000000,1.000000,0,2507,0,8437,0
100001770,attack_only,220.000000,260.000000,0.001944,100.000000,0.013190,18,18,9720,18,18,0.000000,29.079012,1000,282648,4,1.000000,1.000000,0,1770,0,12934,0
100001770,defense_vs_attack,320.000000,360.000000,0.001944,100.000000,0.016657,18,18,9720,18,18,0.000000,90.498354,1000,879644,4,0.000000,0.877551,1,2454,0,19027,0
100001770,baseline,420.000000,460.000000,0.001944,100.000000,0.006775,18,18,9720,18,18,0.000000,27.898765,1000,271176,4,1.000000,1.000000,0,1740,0,23516,0
100001774,baseline,120.000000,160.000000,0.001944,100.000000,0.020091,18,18,9720,18,18,0.000000,25.966667,1000,252396,4,1.000000,1.000000,0,1613,0,6122,0
100001774,defense_vs_attack,220.000000,260.000000,0.001944,100.000000,0.007793,18,18,9720,18,18,0.000000,93.416461,1000,908008,4,0.000000,0.897959,1,2453,0,12102,0
100001774,attack_only,320.000000,360.000000,0.000000,0.000000,0.000000,18,0,0,0,18,100.000000,0.000000,1000,263256,5,1.000000,1.000000,0,1608,0,16247,0
100001774,defense_only,420.000000,460.000000,0.001944,100.000000,0.014114,18,18,9720,18,18,0.000000,95.002881,1000,923428,4,1.000000,1.000000,0,2488,0,22152,0
100001775,attack_only,120.000000,160.000000,0.000000,0.000000,0.000000,18,0,0,0,18,100.000000,0.000000,1000,322648,6,1.000000,1.000000,0,1740,0,6623,0
100001775,defense_vs_attack,220.000000,260.000000,0.000972,50.000000,0.214219,18,9,4860,9,18,50.000000,171.319342,1000,832612,6,0.000000,0.795918,4,2969,0,13029,0
100001775,baseline,320.000000,360.000000,0.001944,100.000000,0.026002,18,18,9720,18,18,0.000000,33.144444,1000,322164,6,1.000000,1.000000,0,1849,0,17605,0
100001775,defense_only,420.000000,460.000000,0.001944,100.000000,0.023594,18,18,9720,18,18,0.000000,91.647737,1000,890816,6,1.000000,1.000000,0,2358,0,23509,0
100001772,baseline,120.000000,160.000000,0.001944,100.000000,0.025447,18,18,9720,18,18,0.000000,32.258025,1000,313548,5,1.000000,1.000000,0,1829,0,6945,0
100001772,defense_only,220.000000,260.000000,0.001944,100.000000,0.011143,18,18,9720,18,18,0.000000,104.932099,1000,1019940,5,1.000000,1.000000,0,2549,0,13110,0
100001772,defense_vs_attack,320.000000,360.000000,0.001944,100.000000,0.023075,18,18,9720,18,18,0.000000,102.974074,1000,1000908,5,0.000000,0.877551,1,2629,0,19459,0
100001772,attack_only,420.000000,460.000000,0.001944,100.000000,0.012343,18,18,9720,18,18,0.000000,32.818519,1000,318996,5,1.000000,1.000000,0,1850,0,24130,0
100001777,defense_vs_attack,120.000000,160.000000,0.001944,100.000000,0.020664,18,18,9720,18,18,0.000000,80.800412,1000,785380,4,0.000000,0.897959,1,2513,0,8384,0
100001777,defense_only,220.000000,260.000000,0.001944,100.000000,0.008438,18,18,9720,18,18,0.000000,88.074897,1000,856088,4,1.000000,1.000000,0,2530,0,14594,0
100001777,baseline,320.000000,360.000000,0.001944,100.000000,0.016903,18,18,9720,18,18,0.000000,26.264198,1000,255288,4,1.000000,1.000000,0,1698,0,18956,0
100001777,attack_only,420.000000,460.000000,0.001944,100.000000,0.009879,18,18,9720,18,18,0.000000,26.781070,1000,260312,4,1.000000,1.000000,0,1680,0,23103,0
100001779,defense_vs_attack,120.000000,160.000000,0.001944,100.000000,0.046996,18,18,9720,18,18,0.000000,94.983539,1000,923240,9,0.000000,0.877551,1,2616,0,8460,0
100001779,defense_only,220.000000,260.000000,0.001944,100.000000,0.020629,18,18,9720,18,18,0.000000,89.579012,1000,870708,9,1.000000,1.000000,0,2527,0,14524,0
100001779,attack_only,320.000000,360.000000,0.001944,100.000000,0.039369,18,18,9720,18,18,0.000000,29.840741,1000,290052,9,1.000000,1.000000,0,1830,0,19075,0
100001779,baseline,420.000000,460.000000,0.001944,100.000000,0.022604,18,18,9720,18,18,0.000000,28.524280,1000,277256,9,1.000000,1.000000,0,1807,0,23330,0
100001782,defense_only,120.000000,160.000000,0.001944,100.000000,0.031326,18,18,9720,18,18,0.000000,84.248971,1000,818900,6,1.000000,1.000000,0,2497,0,8148,0
100001782,defense_vs_attack,220.000000,260.000000,0.001944,100.000000,0.012596,18,18,9720,18,18,0.000000,84.712346,1000,823404,6,0.000000,0.857143,1,2507,0,14315,0
100001782,attack_only,320.000000,360.000000,0.001944,100.000000,0.025987,18,18,9720,18,18,0.000000,24.941564,1000,242432,6,1.000000,1.000000,0,1729,0,18647,0
100001782,baseline,420.000000,460.000000,0.001944,100.000000,0.015192,18,18,9720,18,18,0.000000,26.200412,1000,254668,6,1.000000,1.000000,0,1704,0,22743,0
100001780,baseline,120.000000,160.000000,0.001944,100.000000,0.030431,18,18,9720,18,18,0.000000,23.253086,1000,226020,6,1.000000,1.000000,0,1594,0,5926,0
100001780,attack_only,220.000000,260.000000,0.001944,100.000000,0.012022,18,18,9720,18,18,0.000000,23.076543,1000,224304,6,1.000000,1.000000,0,1568,0,9652,0
100001780,defense_vs_attack,320.000000,360.000000,0.001512,77.777778,0.028563,18,14,7560,14,18,22.222222,124.118519,1000,938336,6,0.000000,0.795918,1,2390,0,15281,0
100001780,defense_only,420.000000,460.000000,0.001944,100.000000,0.017797,18,18,9720,18,18,0.000000,99.509465,1000,967232,6,1.000000,1.000000,0,2369,0,21098,0
100001785,defense_only,120.000000,160.000000,0.001944,100.000000,0.026490,18,18,9720,18,18,0.000000,88.366667,1000,858924,5,1.000000,1.000000,0,2375,0,8280,0
100001785,baseline,220.000000,260.000000,0.001944,100.000000,0.010120,18,18,9720,18,18,0.000000,35.394650,1000,344036,5,1.000000,1.000000,0,1903,0,13134,0
100001785,attack_only,320.000000,360.000000,0.000000,0.000000,0.000000,18,0,0,0,18,100.000000,0.000000,1000,336340,5,1.000000,1.000000,0,1880,0,17769,0
100001785,defense_vs_attack,420.000000,460.000000,0.001728,88.888889,0.023155,18,16,8640,16,18,11.111111,100.087037,1000,864752,5,0.000000,0.836735,1,2505,0,23740,0
100001788,baseline,120.000000,160.000000,0.001944,100.000000,0.031063,18,18,9720,18,18,0.000000,23.946091,1000,232756,6,1.000000,1.000000,0,1714,0,6330,0
100001788,attack_only,220.000000,260.000000,0.000000,0.000000,0.000000,18,0,0,0,18,100.000000,0.000000,1000,236556,6,1.000000,1.000000,0,1645,0,10390,0
100001788,defense_vs_attack,320.000000,360.000000,0.000324,16.666667,0.074514,18,3,1620,3,18,83.333333,459.279012,1000,744032,0,0.000000,0.938776,1,3193,0,17200,0
100001788,defense_only,420.000000,460.000000,0.001944,100.000000,0.016080,18,18,9720,18,18,0.000000,79.106173,1000,768912,6,1.000000,1.000000,0,2592,0,23546,0
100001783,defense_vs_attack,120.000000,160.000000,0.001188,61.111111,0.043329,18,11,5940,11,18,38.888889,161.713805,1000,960580,7,0.000000,0.836735,1,2784,0,8960,0
100001783,attack_only,220.000000,260.000000,0.000000,0.000000,0.000000,18,0,0,0,18,100.000000,0.000000,1000,392060,6,1.000000,1.000000,0,1931,0,13825,0
100001783,baseline,320.000000,360.000000,0.001944,100.000000,0.019858,18,18,9720,18,18,0.000000,39.563374,1000,384556,6,1.000000,1.000000,0,2005,0,18653,0
100001783,defense_only,420.000000,460.000000,0.001944,100.000000,0.020466,18,18,9720,18,18,0.000000,99.110288,1000,963352,6,1.000000,1.000000,0,2545,0,24869,0
100001789,defense_vs_attack,120.000000,160.000000,0.001944,100.000000,0.033736,18,18,9720,18,18,0.000000,85.132510,1000,827488,6,0.000000,0.857143,1,2590,0,8405,0
100001789,baseline,220.000000,260.000000,0.001944,100.000000,0.012345,18,18,9720,18,18,0.000000,29.417695,1000,285940,6,1.000000,1.000000,0,1788,0,13013,0
100001789,defense_only,320.000000,360.000000,0.001944,100.000000,0.025703,18,18,9720,18,18,0.000000,83.315638,1000,809828,6,1.000000,1.000000,0,2542,0,19085,0
100001789,attack_only,420.000000,460.000000,0.001944,100.000000,0.014816,18,18,9720,18,18,0.000000,31.051029,1000,301816,6,1.000000,1.000000,0,1900,0,23818,0
100001790,attack_only,120.000000,160.000000,0.001944,100.000000,0.026466,18,18,9720,18,18,0.000000,31.666667,1000,307800,5,1.000000,1.000000,0,1766,0,6709,0
100001790,defense_vs_attack,220.000000,260.000000,0.001944,100.000000,0.010230,18,18,9720,18,18,0.000000,84.669136,1000,822984,5,0.000000,0.877551,1,2301,0,12389,0
100001790,baseline,320.000000,360.000000,0.001944,100.000000,0.025963,18,18,9720,18,18,0.000000,31.831687,1000,309404,5,1.000000,1.000000,0,1833,0,16960,0
100001790,defense_only,420.000000,460.000000,0.001944,100.000000,0.010238,18,18,9720,18,18,0.000000,84.874897,1000,824984,5,1.000000,1.000000,0,2342,0,22588,0
100001792,attack_only,120.000000,160.000000,0.001944,100.000000,0.020842,18,18,9720,18,18,0.000000,28.661728,1000,278592,4,1.000000,1.000000,0,1832,0,6885,0
100001792,baseline,220.000000,260.000000,0.001944,100.000000,0.007904,18,18,9720,18,18,0.000000,27.459259,1000,266904,4,1.000000,1.000000,0,1769,0,11229,0
100001792,defense_vs_attack,320.000000,360.000000,0.001944,100.000000,0.017626,18,18,9720,18,18,0.000000,97.122634,1000,944032,4,0.000000,0.897959,1,2625,0,17710,0
100001792,defense_only,420.000000,460.000000,0.001944,100.000000,0.009498,18,18,9720,18,18,0.000000,98.160494,1000,954120,4,1.000000,1.000000,0,2733,0,24456,0
100001801,defense_only,120.000000,160.000000,0.001944,100.000000,0.033718,18,18,9720,18,18,0.000000,86.839506,1000,844080,6,1.000000,1.000000,0,2517,0,8059,0
100001801,attack_only,220.000000,260.000000,0.001944,100.000000,0.023027,18,18,9720,18,18,0.000000,22.733333,1000,220968,6,1.000000,1.000000,0,1633,0,12284,0
100001801,defense_vs_attack,320.000000,360.000000,0.001620,83.333333,0.016862,18,15,8100,15,18,16.666667,102.410864,1000,829528,6,0.000000,0.877551,1,2536,0,18328,0
100001801,baseline,420.000000,460.000000,0.001944,100.000000,0.019680,18,18,9720,18,18,0.000000,21.116461,1000,205252,6,1.000000,1.000000,0,1593,0,22377,0
100001798,baseline,120.000000,160.000000,0.001944,100.000000,0.020958,18,18,9720,18,18,0.000000,31.446502,1000,305660,4,1.000000,1.000000,0,1788,0,6758,0
100001798,defense_vs_attack,220.000000,260.000000,0.001836,94.444444,0.033630,18,17,9180,17,18,5.555556,93.105882,1000,854712,5,0.000000,0.775510,1,2370,0,12576,0
100001798,attack_only,320.000000,360.000000,0.000000,0.000000,0.000000,18,0,0,0,18,100.000000,0.000000,1000,300032,4,1.000000,1.000000,0,1739,0,17006,0
100001798,defense_only,420.000000,460.000000,0.001944,100.000000,0.013699,18,18,9720,18,18,0.000000,86.002469,1000,835944,4,1.000000,1.000000,0,2332,0,22731,0
100001806,attack_only,120.000000,160.000000,0.001944,100.000000,0.021187,18,18,9720,18,18,0.000000,28.903704,1000,280944,4,1.000000,1.000000,0,1745,0,6565,0
100001806,baseline,220.000000,260.000000,0.001944,100.000000,0.016564,18,18,9720,18,18,0.000000,29.272840,1000,284532,4,1.000000,1.000000,0,1719,0,10732,0
100001806,defense_vs_attack,320.000000,360.000000,0.001620,83.333333,0.031478,18,15,8100,15,18,16.666667,113.234074,1000,917196,4,0.000000,0.877551,1,2753,0,16936,0
100001806,defense_only,420.000000,460.000000,0.001944,100.000000,0.014473,18,18,9720,18,18,0.000000,92.030864,1000,894540,4,1.000000,1.000000,0,2416,0,22948,0
100001805,defense_vs_attack,120.000000,160.000000,0.001944,100.000000,0.033761,18,18,9720,18,18,0.000000,95.586008,1000,929096,6,0.000000,0.897959,1,2567,0,8658,0
100001805,attack_only,220.000000,260.000000,0.001944,100.000000,0.016033,18,18,9720,18,18,0.000000,33.192181,1000,322628,6,1.000000,1.000000,0,1968,0,13583,0
100001805,defense_only,320.000000,360.000000,0.001944,100.000000,0.022612,18,18,9720,18,18,0.000000,91.453498,1000,888928,6,1.000000,1.000000,0,2470,0,19616,0
100001805,baseline,420.000000,460.000000,0.001944,100.000000,0.018930,18,18,9720,18,18,0.000000,31.732099,1000,308436,6,1.000000,1.000000,0,1895,0,24371,0
100001804,defense_only,120.000000,160.000000,0.001944,100.000000,0.024119,18,18,9720,18,18,0.000000,92.391770,1000,898048,4,1.000000,1.000000,0,2271,0,7838,0
100001804,defense_vs_attack,220.000000,260.000000,0.001944,100.000000,0.011663,18,18,9720,18,18,0.000000,96.445267,1000,937448,4,0.000000,0.673469,1,2322,0,13485,0
100001804,attack_only,320.000000,360.000000,0.001944,100.000000,0.013919,18,18,9720,18,18,0.000000,29.244856,1000,284260,4,1.000000,1.000000,0,1643,0,17718,0
100001804,baseline,420.000000,460.000000,0.001944,100.000000,0.013366,18,18,9720,18,18,0.000000,29.641564,1000,288116,4,1.000000,1.000000,0,1740,0,21966,0
100001807,attack_only,120.000000,160.000000,0.000000,0.000000,0.000000,18,0,0,0,18,100.000000,0.000000,1000,302192,5,1.000000,1.000000,0,1688,0,6635,0
100001807,defense_only,220.000000,260.000000,0.001944,100.000000,0.025771,18,18,9720,18,18,0.000000,101.309877,1000,984732,5,1.000000,1.000000,0,2399,0,12409,0
100001807,defense_vs_attack,320.000000,360.000000,0.001080,55.555556,0.012364,18,10,5400,10,18,44.444444,184.919259,1000,998564,5,0.000000,0.877551,1,2442,0,18339,0
100001807,baseline,420.000000,460.000000,0.001944,100.000000,0.016018,18,18,9720,18,18,0.000000,31.466667,1000,305856,5,1.000000,1.000000,0,1758,0,22825,0
100001809,baseline,120.000000,160.000000,0.001944,100.000000,0.102560,18,18,9720,18,18,0.000000,23.610288,1000,229492,9,1.000000,1.000000,0,1743,0,6293,0
100001809,defense_only,220.000000,260.000000,0.001944,100.000000,0.031018,18,18,9720,18,18,0.000000,88.511523,1000,860332,9,1.000000,1.000000,0,2607,0,12492,0
100001809,defense_vs_attack,320.000000,360.000000,0.001188,61.111111,0.030825,18,11,5940,11,18,38.888889,144.178451,1000,856420,9,0.000000,0.836735,1,2552,0,18651,0
100001809,attack_only,420.000000,460.000000,0.000000,0.000000,0.000000,18,0,0,0,18,100.000000,0.000000,1000,214448,9,1.000000,1.000000,0,1676,0,22911,0
100001810,attack_only,120.000000,160.000000,0.001944,100.000000,0.025431,18,18,9720,18,18,0.000000,32.001235,1000,311052,5,1.000000,1.000000,0,1873,0,6920,0
100001810,defense_vs_attack,220.000000,260.000000,0.001944,100.000000,0.009993,18,18,9720,18,18,0.000000,83.355144,1000,810212,5,0.000000,0.897959,1,2697,0,13196,0
100001810,defense_only,320.000000,360.000000,0.001944,100.000000,0.022291,18,18,9720,18,18,0.000000,83.838683,1000,814912,5,1.000000,1.000000,0,2514,0,19358,0
100001810,baseline,420.000000,460.000000,0.001944,100.000000,0.012185,18,18,9720,18,18,0.000000,31.513992,1000,306316,5,1.000000,1.000000,0,1855,0,24049,0
100001813,defense_only,120.000000,160.000000,0.001944,100.000000,0.015439,18,18,9720,18,18,0.000000,91.516872,1000,889544,3,1.000000,1.000000,0,2509,0,8439,0
100001813,attack_only,220.000000,260.000000,0.001944,100.000000,0.006518,18,18,9720,18,18,0.000000,25.287654,1000,245796,3,1.000000,1.000000,0,1668,0,12705,0
100001813,defense_vs_attack,320.000000,360.000000,0.001944,100.000000,0.013970,18,18,9720,18,18,0.000000,92.744444,1000,901476,3,0.000000,0.775510,1,2587,0,18831,0
100001813,baseline,420.000000,460.000000,0.001944,100.000000,0.007846,18,18,9720,18,18,0.000000,27.289712,1000,265256,3,1.000000,1.000000,0,1669,0,23168,0
100001817,attack_only,120.000000,160.000000,0.001944,100.000000,0.025784,18,18,9720,18,18,0.000000,35.877366,1000,348728,5,1.000000,1.000000,0,1939,0,7118,0
100001817,defense_vs_attack,220.000000,260.000000,0.001944,100.000000,0.009943,18,18,9720,18,18,0.000000,88.090123,1000,856236,5,0.000000,0.897959,1,2445,0,13088,0
100001817,defense_only,320.000000,360.000000,0.001944,100.000000,0.021744,18,18,9720,18,18,0.000000,89.317284,1000,868164,5,1.000000,1.000000,0,2478,0,19176,0
100001817,baseline,420.000000,460.000000,0.001944,100.000000,0.012008,18,18,9720,18,18,0.000000,35.562140,1000,345664,5,1.000000,1.000000,0,1877,0,23911,0
100001827,attack_only,120.000000,160.000000,0.000000,0.000000,0.000000,18,0,0,0,18,100.000000,0.000000,1000,327376,5,1.000000,1.000000,0,1825,0,6839,0
100001827,baseline,220.000000,260.000000,0.001944,100.000000,0.016377,18,18,9720,18,18,0.000000,34.338272,1000,333768,5,1.000000,1.000000,0,1858,0,11378,0
100001827,defense_only,320.000000,360.000000,0.001944,100.000000,0.017815,18,18,9720,18,18,0.000000,92.746502,1000,901496,5,1.000000,1.000000,0,2429,0,17285,0
100001827,defense_vs_attack,420.000000,460.000000,0.000324,16.666667,0.042327,18,3,1620,3,18,83.333333,566.303704,1000,917412,6,0.000000,0.857143,1,2846,0,23597,0
100001825,baseline,120.000000,160.000000,0.001944,100.000000,0.037103,18,18,9720,18,18,0.000000,23.946091,1000,232756,7,1.000000,1.000000,0,1683,0,6152,0
100001825,attack_only,220.000000,260.000000,0.001944,100.000000,0.014917,18,18,9720,18,18,0.000000,24.077366,1000,234032,7,1.000000,1.000000,0,1664,0,10124,0
100001825,defense_vs_attack,320.000000,360.000000,0.001944,100.000000,0.030817,18,18,9720,18,18,0.000000,95.168724,1000,925040,7,0.000000,0.897959,1,2589,0,16236,0
100001825,defense_only,420.000000,460.000000,0.001944,100.000000,0.020180,18,18,9720,18,18,0.000000,92.848148,1000,902484,7,1.000000,1.000000,0,2466,0,22290,0
100001838,attack_only,120.000000,160.000000,0.000000,0.000000,0.000000,18,0,0,0,18,100.000000,0.000000,1000,272052,5,1.000000,1.000000,0,1673,0,6519,0
100001838,defense_vs_attack,220.000000,260.000000,0.000648,33.333333,0.196819,18,6,3240,6,18,66.666667,280.538272,1000,908944,5,0.000000,0.877551,1,2462,0,12467,0
100001838,defense_only,320.000000,360.000000,0.001944,100.000000,0.017982,18,18,9720,18,18,0.000000,91.824280,1000,892532,5,1.000000,1.000000,0,2517,0,18597,0
100001838,baseline,420.000000,460.000000,0.001944,100.000000,0.012059,18,18,9720,18,18,0.000000,28.531687,1000,277328,5,1.000000,1.000000,0,1726,0,23002,0
100001835,attack_only,120.000000,160.000000,0.001944,100.000000,0.025734,18,18,9720,18,18,0.000000,28.871605,1000,280632,5,1.000000,1.000000,0,1773,0,6646,0
100001835,defense_only,220.000000,260.000000,0.001944,100.000000,0.010585,18,18,9720,18,18,0.000000,95.882305,1000,931976,5,1.000000,1.000000,0,2481,0,12776,0
100001835,defense_vs_attack,320.000000,360.000000,0.001404,72.222222,0.021944,18,13,7020,13,18,27.777778,131.884330,1000,925828,5,0.000000,0.857143,1,2545,0,18951,0
100001835,baseline,420.000000,460.000000,0.001944,100.000000,0.015876,18,18,9720,18,18,0.000000,29.773663,1000,289400,5,1.000000,1.000000,0,1776,0,23455,0
100001841,attack_only,120.000000,160.000000,0.000000,0.000000,0.000000,18,0,0,0,18,100.000000,0.000000,1000,247024,5,1.000000,1.000000,0,1609,0,6142,0
100001841,defense_only,220.000000,260.000000,0.001944,100.000000,0.019352,18,18,9720,18,18,0.000000,93.282716,1000,906708,5,1.000000,1.000000,0,2493,0,12193,0
100001841,baseline,320.000000,360.000000,0.001944,100.000000,0.014860,18,18,9720,18,18,0.000000,25.262140,1000,245548,5,1.000000,1.000000,0,1658,0,16445,0
100001841,defense_vs_attack,420.000000,460.000000,0.001404,72.222222,0.034818,18,13,7020,13,18,27.777778,115.259259,1000,809120,6,0.000000,0.877551,1,2791,0,22782,0
100001839,defense_only,120.000000,160.000000,0.001944,100.000000,0.017490,18,18,9720,18,18,0.000000,94.462963,1000,918180,3,1.000000,1.000000,0,2323,0,7865,0
100001839,baseline,220.000000,260.000000,0.001944,100.000000,0.006023,18,18,9720,18,18,0.000000,28.764609,1000,279592,3,1.000000,1.000000,0,1657,0,12151,0
100001839,attack_only,320.000000,360.000000,0.001944,100.000000,0.012488,18,18,9720,18,18,0.000000,28.881481,1000,280728,3,1.000000,1.000000,0,1649,0,16177,0
100001839,defense_vs_attack,420.000000,460.000000,0.001944,100.000000,0.007438,18,18,9720,18,18,0.000000,99.706996,1000,969152,3,0.000000,0.775510,1,2279,0,21752,0
100001842,attack_only,120.000000,160.000000,0.001944,100.000000,0.026737,18,18,9720,18,18,0.000000,31.604527,1000,307196,5,1.000000,1.000000,0,1923,0,7012,0
100001842,baseline,220.000000,260.000000,0.001944,100.000000,0.010468,18,18,9720,18,18,0.000000,30.274074,1000,294264,5,1.000000,1.000000,0,1847,0,11535,0
100001842,defense_only,320.000000,360.000000,0.001944,100.000000,0.021209,18,18,9720,18,18,0.000000,90.482716,1000,879492,5,1.000000,1.000000,0,2676,0,17993,0
100001842,defense_vs_attack,420.000000,460.000000,0.001944,100.000000,0.012758,18,18,9720,18,18,0.000000,90.983951,1000,884364,5,0.000000,0.897959,1,2650,0,24455,0
100001843,attack_only,120.000000,160.000000,0.001944,100.000000,0.026669,18,18,9720,18,18,0.000000,27.000412,1000,262444,5,1.000000,1.000000,0,1731,0,6470,0
100001843,defense_vs_attack,220.000000,260.000000,0.001944,100.000000,0.010513,18,18,9720,18,18,0.000000,81.922222,1000,796284,5,0.000000,0.938776,1,2533,0,12696,0
100001843,defense_only,320.000000,360.000000,0.001944,100.000000,0.021416,18,18,9720,18,18,0.000000,80.144033,1000,779000,5,1.000000,1.000000,0,2585,0,19064,0
100001843,baseline,420.000000,460.000000,0.001944,100.000000,0.012438,18,18,9720,18,18,0.000000,26.067901,1000,253380,5,1.000000,1.000000,0,1720,0,23463,0
100001845,defense_only,120.000000,160.000000,0.001944,100.000000,0.030862,18,18,9720,18,18,0.000000,80.798765,1000,785364,6,1.000000,1.000000,0,2501,0,8528,0
100001845,attack_only,220.000000,260.000000,0.001944,100.000000,0.011802,18,18,9720,18,18,0.000000,28.932922,1000,281228,6,1.000000,1.000000,0,1793,0,13140,0
100001845,baseline,320.000000,360.000000,0.001944,100.000000,0.026469,18,18,9720,18,18,0.000000,28.886008,1000,280772,6,1.000000,1.000000,0,1825,0,17545,0
100001845,defense_vs_attack,420.000000,460.000000,0.001620,83.333333,0.021447,18,15,8100,15,18,16.666667,97.149136,1000,786908,6,0.000000,0.857143,2,2719,0,23809,0
100001849,defense_only,120.000000,160.000000,0.001944,100.000000,0.020607,18,18,9720,18,18,0.000000,86.516049,1000,840936,4,1.000000,1.000000,0,2494,0,8315,0
100001849,attack_only,220.000000,260.000000,0.001944,100.000000,0.007888,18,18,9720,18,18,0.000000,28.081070,1000,272948,4,1.000000,1.000000,0,1685,0,12670,0
100001849,baseline,320.000000,360.000000,0.001944,100.000000,0.014776,18,18,9720,18,18,0.000000,27.774486,1000,269968,4,1.000000,1.000000,0,1711,0,16789,0
100001849,defense_vs_attack,420.000000,460.000000,0.001944,100.000000,0.011763,18,18,9720,18,18,0.000000,86.453086,1000,840324,4,0.000000,0.918367,1,2607,0,23008,0
100001857,attack_only,120.000000,160.000000,0.001944,100.000000,0.015411,18,18,9720,18,18,0.000000,33.640741,1000,326988,3,1.000000,1.000000,0,1839,0,7003,0
100001857,defense_only,220.000000,260.000000,0.001944,100.000000,0.006332,18,18,9720,18,18,0.000000,94.841564,1000,921860,3,1.000000,1.000000,0,2424,0,12864,0
100001857,defense_vs_attack,320.000000,360.000000,0.001944,100.000000,0.013186,18,18,9720,18,18,0.000000,98.295473,1000,955432,3,0.000000,0.857143,1,2335,0,18692,0
100001857,baseline,420.000000,460.000000,0.001944,100.000000,0.007563,18,18,9720,18,18,0.000000,33.408230,1000,324728,3,1.000000,1.000000,0,1826,0,23358,0
100001860,defense_only,120.000000,160.000000,0.001944,100.000000,0.021096,18,18,9720,18,18,0.000000,97.775720,1000,950380,4,1.000000,1.000000,0,2399,0,7995,0
100001860,baseline,220.000000,260.000000,0.001944,100.000000,0.007845,18,18,9720,18,18,0.000000,29.341152,1000,285196,4,1.000000,1.000000,0,1690,0,12367,0
100001860,defense_vs_attack,320.000000,360.000000,0.001296,66.666667,0.105281,18,12,6480,12,18,33.333333,136.009259,1000,881340,4,0.000000,0.775510,3,2412,0,18036,0
100001860,attack_only,420.000000,460.000000,0.000000,0.000000,0.000000,18,0,0,0,18,100.000000,0.000000,1000,288852,4,1.000000,1.000000,0,1691,0,22406,0
100001871,defense_only,120.000000,160.000000,0.001944,100.000000,0.036746,18,18,9720,18,18,0.000000,78.637037,1000,764352,7,1.000000,1.000000,0,2638,0,8765,0
100001871,baseline,220.000000,260.000000,0.001944,100.000000,0.014196,18,18,9720,18,18,0.000000,28.793416,1000,279872,7,1.000000,1.000000,0,1887,0,13535,0
100001871,attack_only,320.000000,360.000000,0.000000,0.000000,0.000000,18,0,0,0,18,100.000000,0.000000,1000,283356,8,1.000000,1.000000,0,1876,0,18111,0
100001871,defense_vs_attack,420.000000,460.000000,0.001728,88.888889,0.027326,18,16,8640,16,18,11.111111,93.928241,1000,811540,7,0.000000,0.857143,1,2669,0,24419,0
100001874,defense_vs_attack,120.000000,160.000000,0.001080,55.555556,0.045364,18,10,5400,10,18,44.444444,173.724444,1000,938112,6,0.000000,0.857143,1,2655,0,8608,0
100001874,defense_only,220.000000,260.000000,0.001944,100.000000,0.020982,18,18,9720,18,18,0.000000,95.467490,1000,927944,6,1.000000,1.000000,0,2462,0,14599,0
100001874,attack_only,320.000000,360.000000,0.001944,100.000000,0.021502,18,18,9720,18,18,0.000000,33.271605,1000,323400,6,1.000000,1.000000,0,1814,0,19176,0
100001874,baseline,420.000000,460.000000,0.001944,100.000000,0.019170,18,18,9720,18,18,0.000000,32.447325,1000,315388,6,1.000000,1.000000,0,1838,0,23584,0
100001875,attack_only,120.000000,160.000000,0.001944,100.000000,0.015339,18,18,9720,18,18,0.000000,27.076132,1000,263180,3,1.000000,1.000000,0,1700,0,6337,0
100001875,baseline,220.000000,260.000000,0.001944,100.000000,0.005884,18,18,9720,18,18,0.000000,26.430453,1000,256904,3,1.000000,1.000000,0,1624,0,10411,0
100001875,defense_vs_attack,320.000000,360.000000,0.001944,100.000000,0.015510,18,18,9720,18,18,0.000000,82.713992,1000,803980,3,0.000000,0.877551,3,2603,0,16666,0
100001875,defense_only,420.000000,460.000000,0.001944,100.000000,0.005789,18,18,9720,18,18,0.000000,88.335802,1000,858624,3,1.000000,1.000000,0,2571,0,22871,0
100001877,defense_only,120.000000,160.000000,0.001944,100.000000,0.015256,18,18,9720,18,18,0.000000,90.981893,1000,884344,3,1.000000,1.000000,0,2477,0,8613,0
100001877,baseline,220.000000,260.000000,0.001944,100.000000,0.005942,18,18,9720,18,18,0.000000,36.797942,1000,357676,3,1.000000,1.000000,0,1916,0,13468,0
100001877,attack_only,320.000000,360.000000,0.001944,100.000000,0.012864,18,18,9720,18,18,0.000000,36.587243,1000,355628,3,1.000000,1.000000,0,1944,0,18186,0
100001877,defense_vs_attack,420.000000,460.000000,0.001728,88.888889,0.007393,18,16,8640,16,18,11.111111,105.491667,1000,911448,3,0.000000,0.816327,1,2583,0,24248,0
100001878,defense_vs_attack,120.000000,160.000000,0.001404,72.222222,0.019039,18,13,7020,13,18,27.777778,123.282621,1000,865444,3,0.000000,0.857143,1,2665,0,8416,0
100001878,attack_only,220.000000,260.000000,0.001944,100.000000,0.006317,18,18,9720,18,18,0.000000,32.451852,1000,315432,3,1.000000,1.000000,0,1747,0,12854,0
100001878,defense_only,320.000000,360.000000,0.001944,100.000000,0.008393,18,18,9720,18,18,0.000000,87.705350,1000,852496,3,1.000000,1.000000,0,2301,0,18482,0
100001878,baseline,420.000000,460.000000,0.001944,100.000000,0.006998,18,18,9720,18,18,0.000000,32.605350,1000,316924,3,1.000000,1.000000,0,1713,0,22995,0
100001881,attack_only,120.000000,160.000000,0.001944,100.000000,0.020775,18,18,9720,18,18,0.000000,28.195885,1000,274064,4,1.000000,1.000000,0,1786,0,6683,0
100001881,baseline,220.000000,260.000000,0.001944,100.000000,0.007847,18,18,9720,18,18,0.000000,27.635802,1000,268620,4,1.000000,1.000000,0,1725,0,10992,0
100001881,defense_vs_attack,320.000000,360.000000,0.001944,100.000000,0.017719,18,18,9720,18,18,0.000000,81.618519,1000,793332,4,0.000000,0.857143,1,2562,0,17173,0
100001881,defense_only,420.000000,460.000000,0.001944,100.000000,0.010072,18,18,9720,18,18,0.000000,81.460905,1000,791800,4,1.000000,1.000000,0,2549,0,23324,0
100001880,baseline,120.000000,160.000000,0.001944,100.000000,0.026176,18,18,9720,18,18,0.000000,30.760082,1000,298988,5,1.000000,1.000000,0,1812,0,6786,0
100001880,attack_only,220.000000,260.000000,0.001944,100.000000,0.009905,18,18,9720,18,18,0.000000,31.101235,1000,302304,5,1.000000,1.000000,0,1800,0,11172,0
100001880,defense_vs_attack,320.000000,360.000000,0.001944,100.000000,0.021901,18,18,9720,18,18,0.000000,93.823457,1000,911964,5,0.000000,0.918367,1,2519,0,17124,0
100001880,defense_only,420.000000,460.000000,0.001944,100.000000,0.012863,18,18,9720,18,18,0.000000,93.053909,1000,904484,5,1.000000,1.000000,0,2422,0,23012,0
100001888,attack_only,120.000000,160.000000,0.000000,0.000000,0.000000,18,0,0,0,18,100.000000,0.000000,1000,235800,6,1.000000,1.000000,0,1608,0,6027,0
100001888,defense_vs_attack,220.000000,260.000000,0.001404,72.222222,0.023793,18,13,7020,13,18,27.777778,120.112251,1000,843188,6,0.000000,0.836735,1,2494,0,12029,0
100001888,baseline,320.000000,360.000000,0.001944,100.000000,0.022980,18,18,9720,18,18,0.000000,23.910700,1000,232412,6,1.000000,1.000000,0,1650,0,16226,0
100001888,defense_only,420.000000,460.000000,0.001944,100.000000,0.017179,18,18,9720,18,18,0.000000,83.034156,1000,807092,6,1.000000,1.000000,0,2453,0,22129,0
100001889,baseline,120.000000,160.000000,0.001944,100.000000,0.020952,18,18,9720,18,18,0.000000,25.317695,1000,246088,4,1.000000,1.000000,0,1642,0,6274,0
100001889,defense_vs_attack,220.000000,260.000000,0.001944,100.000000,0.008238,18,18,9720,18,18,0.000000,86.413169,1000,839936,4,0.000000,0.918367,1,2473,0,12263,0
100001889,attack_only,320.000000,360.000000,0.001944,100.000000,0.017471,18,18,9720,18,18,0.000000,24.905350,1000,242080,4,1.000000,1.000000,0,1642,0,16498,0
100001889,defense_only,420.000000,460.000000,0.001944,100.000000,0.010491,18,18,9720,18,18,0.000000,85.457202,1000,830644,4,1.000000,1.000000,0,2532,0,22605,0
100001885,defense_vs_attack,120.000000,160.000000,0.001944,100.000000,0.020483,18,18,9720,18,18,0.000000,98.760494,1000,959952,4,0.000000,0.877551,1,2483,0,8237,0
100001885,baseline,220.000000,260.000000,0.001944,100.000000,0.008022,18,18,9720,18,18,0.000000,29.218930,1000,284008,4,1.000000,1.000000,0,1782,0,12800,0
100001885,defense_only,320.000000,360.000000,0.001944,100.000000,0.018289,18,18,9720,18,18,0.000000,100.834156,1000,980108,4,1.000000,1.000000,0,2494,0,18719,0
100001885,attack_only,420.000000,460.000000,0.001944,100.000000,0.009920,18,18,9720,18,18,0.000000,28.784362,1000,279784,4,1.000000,1.000000,0,1706,0,23100,0
100001891,baseline,120.000000,160.000000,0.001944,100.000000,0.021352,18,18,9720,18,18,0.000000,31.865432,1000,309732,4,1.000000,1.000000,0,1879,0,6974,0
100001891,defense_vs_attack,220.000000,260.000000,0.001944,100.000000,0.013844,18,18,9720,18,18,0.000000,92.432099,1000,898440,4,0.000000,0.857143,1,2596,0,13206,0
100001891,defense_only,320.000000,360.000000,0.001944,100.000000,0.012557,18,18,9720,18,18,0.000000,88.546502,1000,860672,4,1.000000,1.000000,0,2574,0,19493,0
100001891,attack_only,420.000000,460.000000,0.001944,100.000000,0.011810,18,18,9720,18,18,0.000000,32.046502,1000,311492,4,1.000000,1.000000,0,1811,0,24163,0
100001905,attack_only,120.000000,160.000000,0.001944,100.000000,0.031191,18,18,9720,18,18,0.000000,22.986008,1000,223424,6,1.000000,1.000000,0,1608,0,5976,0
100001905,defense_vs_attack,220.000000,260.000000,0.001944,100.000000,0.013200,18,18,9720,18,18,0.000000,90.774074,1000,882324,6,0.000000,0.877551,1,2573,0,11989,0
100001905,defense_only,320.000000,360.000000,0.001944,100.000000,0.025754,18,18,9720,18,18,0.000000,86.528807,1000,841060,6,1.000000,1.000000,0,2401,0,17926,0
100001905,baseline,420.000000,460.000000,0.001944,100.000000,0.018869,18,18,9720,18,18,0.000000,22.430041,1000,218020,6,1.000000,1.000000,0,1612,0,22067,0
100001904,baseline,120.000000,160.000000,0.001944,100.000000,0.025388,18,18,9720,18,18,0.000000,31.060494,1000,301908,5,1.000000,1.000000,0,1773,0,6686,0
100001904,attack_only,220.000000,260.000000,0.000000,0.000000,0.000000,18,0,0,0,18,100.000000,0.000000,1000,315920,6,1.000000,1.000000,0,1748,0,11006,0
100001904,defense_vs_attack,320.000000,360.000000,0.001944,100.000000,0.012275,18,18,9720,18,18,0.000000,95.785597,1000,931036,5,0.000000,0.857143,1,2462,0,17014,0
100001904,defense_only,420.000000,460.000000,0.001944,100.000000,0.019915,18,18,9720,18,18,0.000000,94.816872,1000,921620,5,1.000000,1.000000,0,2530,0,23060,0
100001913,attack_only,120.000000,160.000000,0.000000,0.000000,0.000000,18,0,0,0,18,100.000000,0.000000,1000,314556,5,1.000000,1.000000,0,1793,0,6764,0
100001913,baseline,220.000000,260.000000,0.001944,100.000000,0.026385,18,18,9720,18,18,0.000000,32.640329,1000,317264,5,1.000000,1.000000,0,1848,0,11237,0
100001913,defense_vs_attack,320.000000,360.000000,0.001188,61.111111,0.013450,18,11,5940,11,18,38.888889,161.656566,1000,960240,5,0.000000,0.795918,2,2397,0,17000,0
100001913,defense_only,420.000000,460.000000,0.001944,100.000000,0.016956,18,18,9720,18,18,0.000000,96.732099,1000,940236,5,1.000000,1.000000,0,2452,0,22876,0
100001923,defense_vs_attack,120.000000,160.000000,0.001944,100.000000,0.020597,18,18,9720,18,18,0.000000,97.409053,1000,946816,4,0.000000,0.755102,1,2419,0,8139,0
100001923,baseline,220.000000,260.000000,0.001944,100.000000,0.007995,18,18,9720,18,18,0.000000,27.513169,1000,267428,4,1.000000,1.000000,0,1629,0,12394,0
100001923,defense_only,320.000000,360.000000,0.001944,100.000000,0.018400,18,18,9720,18,18,0.000000,95.079424,1000,924172,4,1.000000,1.000000,0,2427,0,18244,0
100001923,attack_only,420.000000,460.000000,0.001944,100.000000,0.010786,18,18,9720,18,18,0.000000,28.347737,1000,275540,4,1.000000,1.000000,0,1675,0,22596,0
100001927,defense_only,120.000000,160.000000,0.001944,100.000000,0.041754,18,18,9720,18,18,0.000000,83.658848,1000,813164,8,1.000000,1.000000,0,2714,0,8511,0
100001927,attack_only,220.000000,260.000000,0.001944,100.000000,0.015998,18,18,9720,18,18,0.000000,23.352263,1000,226984,8,1.000000,1.000000,0,1717,0,12853,0
100001927,defense_vs_attack,320.000000,360.000000,0.001944,100.000000,0.034731,18,18,9720,18,18,0.000000,81.844033,1000,795524,8,0.000000,0.938776,1,2633,0,18994,0
100001927,baseline,420.000000,460.000000,0.001944,100.000000,0.019545,18,18,9720,18,18,0.000000,23.290947,1000,226388,8,1.000000,1.000000,0,1730,0,23356,0
100001928,defense_vs_attack,120.000000,160.000000,0.001944,100.000000,0.020294,18,18,9720,18,18,0.000000,112.824691,1000,1096656,4,0.000000,0.795918,1,2393,0,7933,0
100001928,defense_only,220.000000,260.000000,0.001944,100.000000,0.009186,18,18,9720,18,18,0.000000,104.087243,1000,1011728,4,1.000000,1.000000,0,2194,0,13365,0
100001928,baseline,320.000000,360.000000,0.001944,100.000000,0.017373,18,18,9720,18,18,0.000000,29.823457,1000,289884,4,1.000000,1.000000,0,1664,0,17621,0
100001928,attack_only,420.000000,460.000000,0.001944,100.000000,0.009679,18,18,9720,18,18,0.000000,30.452675,1000,296000,4,1.000000,1.000000,0,1710,0,21752,0
100001932,defense_vs_attack,120.000000,160.000000,0.001620,83.333333,0.044495,18,15,8100,15,18,16.666667,105.173827,1000,851908,8,0.000000,0.897959,1,2541,0,8341,0
100001932,defense_only,220.000000,260.000000,0.001944,100.000000,0.023095,18,18,9720,18,18,0.000000,89.410288,1000,869068,8,1.000000,1.000000,0,2576,0,14617,0
100001932,baseline,320.000000,360.000000,0.001944,100.000000,0.027701,18,18,9720,18,18,0.000000,25.800000,1000,250776,8,1.000000,1.000000,0,1765,0,19042,0
100001932,attack_only,420.000000,460.000000,0.000000,0.000000,0.000000,18,0,0,0,18,100.000000,0.000000,1000,249600,8,1.000000,1.000000,0,1593,0,23000,0
100001933,defense_vs_attack,120.000000,160.000000,0.001944,100.000000,0.020304,18,18,9720,18,18,0.000000,96.838683,1000,941272,4,0.000000,0.877551,1,2625,0,8739,0
100001933,attack_only,220.000000,260.000000,0.001944,100.000000,0.008458,18,18,9720,18,18,0.000000,29.829630,1000,289944,4,1.000000,1.000000,0,1865,0,13379,0
100001933,defense_only,320.000000,360.000000,0.001944,100.000000,0.018326,18,18,9720,18,18,0.000000,99.184774,1000,964076,4,1.000000,1.000000,0,2532,0,19543,0
100001933,baseline,420.000000,460.000000,0.001944,100.000000,0.011752,18,18,9720,18,18,0.000000,28.959259,1000,281484,4,1.000000,1.000000,0,1789,0,24189,0
100001937,defense_only,120.000000,160.000000,0.001944,100.000000,0.028430,18,18,9720,18,18,0.000000,82.553909,1000,802424,5,1.000000,1.000000,0,2459,0,8237,0
100001937,defense_vs_attack,220.000000,260.000000,0.001404,72.222222,0.053125,18,13,7020,13,18,27.777778,123.069516,1000,863948,6,0.000000,0.795918,3,2687,0,14524,0
100001937,baseline,320.000000,360.000000,0.001944,100.000000,0.019283,18,18,9720,18,18,0.000000,28.080658,1000,272944,5,1.000000,1.000000,0,1743,0,18941,0
100001937,attack_only,420.000000,460.000000,0.000000,0.000000,0.000000,18,0,0,0,18,100.000000,0.000000,1000,273592,5,1.000000,1.000000,0,1690,0,23053,0
100001938,defense_vs_attack,120.000000,160.000000,0.001944,100.000000,0.030626,18,18,9720,18,18,0.000000,88.594650,1000,861140,6,0.000000,0.897959,1,2600,0,8768,0
100001938,attack_only,220.000000,260.000000,0.001944,100.000000,0.011802,18,18,9720,18,18,0.000000,31.751440,1000,308624,6,1.000000,1.000000,0,1866,0,13507,0
100001938,baseline,320.000000,360.000000,0.001944,100.000000,0.026104,18,18,9720,18,18,0.000000,29.946502,1000,291080,6,1.000000,1.000000,0,1832,0,17997,0
100001938,defense_only,420.000000,460.000000,0.001944,100.000000,0.015902,18,18,9720,18,18,0.000000,86.993827,1000,845580,6,1.000000,1.000000,0,2617,0,24339,0
100001942,defense_vs_attack,120.000000,160.000000,0.001944,100.000000,0.021512,18,18,9720,18,18,0.000000,91.188889,1000,886356,4,0.000000,0.959184,1,2670,0,9040,0
100001942,baseline,220.000000,260.000000,0.001944,100.000000,0.007793,18,18,9720,18,18,0.000000,32.872840,1000,319524,4,1.000000,1.000000,0,1894,0,13894,0
100001942,attack_only,320.000000,360.000000,0.001944,100.000000,0.017528,18,18,9720,18,18,0.000000,34.265021,1000,333056,4,1.000000,1.000000,0,1922,0,18632,0
100001942,defense_only,420.000000,460.000000,0.001944,100.000000,0.009499,18,18,9720,18,18,0.000000,90.113580,1000,875904,4,1.000000,1.000000,0,2682,0,25129,0
100001939,defense_only,120.000000,160.000000,0.001944,100.000000,0.049046,18,18,9720,18,18,0.000000,84.047737,1000,816944,9,1.000000,1.000000,0,2564,0,8478,0
100001939,defense_vs_attack,220.000000,260.000000,0.001944,100.000000,0.018881,18,18,9720,18,18,0.000000,82.945267,1000,806228,9,0.000000,0.877551,1,2579,0,14580,0
100001939,baseline,320.000000,360.000000,0.001944,100.000000,0.038657,18,18,9720,18,18,0.000000,28.826749,1000,280196,9,1.000000,1.000000,0,1873,0,19212,0
100001939,attack_only,420.000000,460.000000,0.001944,100.000000,0.024023,18,18,9720,18,18,0.000000,30.967078,1000,301000,9,1.000000,1.000000,0,1962,0,23775,0
100001943,attack_only,120.000000,160.000000,0.000000,0.000000,0.000000,18,0,0,0,18,100.000000,0.000000,1000,323624,5,1.000000,1.000000,0,1852,0,7038,0
100001943,baseline,220.000000,260.000000,0.001944,100.000000,0.014219,18,18,9720,18,18,0.000000,32.680658,1000,317656,4,1.000000,1.000000,0,1845,0,11533,0
100001943,defense_vs_attack,320.000000,360.000000,0.001512,77.777778,0.014009,18,14,7560,14,18,22.222222,126.101587,1000,953328,4,0.000000,0.857143,1,2513,0,17681,0
100001943,defense_only,420.000000,460.000000,0.001944,100.000000,0.013701,18,18,9720,18,18,0.000000,96.927984,1000,942140,4,1.000000,1.000000,0,2489,0,23765,0
100001944,defense_only,120.000000,160.000000,0.001944,100.000000,0.021455,18,18,9720,18,18,0.000000,78.138272,1000,759504,4,1.000000,1.000000,0,2468,0,7972,0
100001944,attack_only,220.000000,260.000000,0.000000,0.000000,0.000000,18,0,0,0,18,100.000000,0.000000,1000,219972,4,1.000000,1.000000,0,1512,0,11974,0
100001944,defense_vs_attack,320.000000,360.000000,0.001512,77.777778,0.025710,18,14,7560,14,18,22.222222,109.121693,1000,824960,5,0.000000,0.857143,1,2484,0,17947,0
100001944,baseline,420.000000,460.000000,0.001944,100.000000,0.013474,18,18,9720,18,18,0.000000,22.494239,1000,218644,4,1.000000,1.000000,0,1576,0,22095,0
100001950,baseline,120.000000,160.000000,0.001944,100.000000,0.031788,18,18,9720,18,18,0.000000,21.881481,1000,212688,6,1.000000,1.000000,0,1660,0,6116,0
100001950,defense_vs_attack,220.000000,260.000000,0.001944,100.000000,0.018564,18,18,9720,18,18,0.000000,84.835802,1000,824604,6,0.000000,0.816327,1,2634,0,12364,0
100001950,attack_only,320.000000,360.000000,0.001944,100.000000,0.023533,18,18,9720,18,18,0.000000,22.194650,1000,215732,6,1.000000,1.000000,0,1622,0,16562,0
100001950,defense_only,420.000000,460.000000,0.001944,100.000000,0.018047,18,18,9720,18,18,0.000000,81.775720,1000,794860,6,1.000000,1.000000,0,2609,0,22796,0
100001952,defense_only,120.000000,160.000000,0.001944,100.000000,0.020473,18,18,9720,18,18,0.000000,91.960905,1000,893860,4,1.000000,1.000000,0,2745,0,8726,0
100001952,baseline,220.000000,260.000000,0.001944,100.000000,0.007906,18,18,9720,18,18,0.000000,24.539918,1000,238528,4,1.000000,1.000000,0,1662,0,13118,0
100001952,attack_only,320.000000,360.000000,0.000000,0.000000,0.000000,18,0,0,0,18,100.000000,0.000000,1000,238848,4,1.000000,1.000000,0,1667,0,17250,0
100001952,defense_vs_attack,420.000000,460.000000,0.001296,66.666667,0.020463,18,12,6480,12,18,33.333333,142.111111,1000,920880,4,0.000000,0.795918,1,2764,0,23612,0
100001958,defense_only,120.000000,160.000000,0.001944,100.000000,0.017116,18,18,9720,18,18,0.000000,80.114403,1000,778712,3,1.000000,1.000000,0,2636,0,8902,0
100001958,baseline,220.000000,260.000000,0.001944,100.000000,0.006323,18,18,9720,18,18,0.000000,28.360082,1000,275660,3,1.000000,1.000000,0,1853,0,13650,0
100001958,attack_only,320.000000,360.000000,0.000000,0.000000,0.000000,18,0,0,0,18,100.000000,0.000000,1000,269564,3,1.000000,1.000000,0,1782,0,18083,0
100001958,defense_vs_attack,420.000000,460.000000,0.001512,77.777778,0.021496,18,14,7560,14,18,22.222222,108.815873,1000,822648,4,0.000000,0.877551,1,2631,0,24335,0
100001964,defense_only,120.000000,160.000000,0.001944,100.000000,0.151407,18,18,9720,18,18,0.000000,87.486420,1000,850368,7,1.000000,1.000000,0,2503,0,8228,0
100001964,defense_vs_attack,220.000000,260.000000,0.001836,94.444444,0.017899,18,17,9180,17,18,5.555556,92.760349,1000,851540,7,0.000000,0.877551,1,2427,0,14096,0
100001964,baseline,320.000000,360.000000,0.001944,100.000000,0.029555,18,18,9720,18,18,0.000000,29.941975,1000,291036,7,1.000000,1.000000,0,1756,0,18502,0
100001964,attack_only,420.000000,460.000000,0.000000,0.000000,0.000000,18,0,0,0,18,100.000000,0.000000,1000,296444,7,1.000000,1.000000,0,1736,0,22733,0
100001962,defense_vs_attack,120.000000,160.000000,0.000324,27.272727,0.058202,11,3,1620,3,18,83.333333,452.328395,1000,732772,0,0.000000,0.877551,1,2320,0,8086,0
100001962,baseline,220.000000,260.000000,0.001944,100.000000,0.030586,18,18,9720,18,18,0.000000,29.495885,1000,286700,7,1.000000,1.000000,0,1809,0,12623,0
100001962,attack_only,320.000000,360.000000,0.000000,0.000000,0.000000,18,0,0,0,18,100.000000,0.000000,1000,294724,7,1.000000,1.000000,0,1751,0,16884,0
100001962,defense_only,420.000000,460.000000,0.001944,100.000000,0.025064,18,18,9720,18,18,0.000000,82.667901,1000,803532,7,1.000000,1.000000,0,2507,0,22884,0
100001961,baseline,120.000000,160.000000,0.001944,100.000000,0.020335,18,18,9720,18,18,0.000000,37.621399,1000,365680,4,1.000000,1.000000,0,1917,0,7293,0
100001961,attack_only,220.000000,260.000000,0.001944,100.000000,0.008004,18,18,9720,18,18,0.000000,36.350617,1000,353328,4,1.000000,1.000000,0,1869,0,11894,0
100001961,defense_only,320.000000,360.000000,0.001944,100.000000,0.019954,18,18,9720,18,18,0.000000,98.823045,1000,960560,4,1.000000,1.000000,0,2558,0,17959,0
100001961,defense_vs_attack,420.000000,460.000000,0.001080,55.555556,0.009479,18,10,5400,10,18,44.444444,170.286667,1000,919548,4,0.000000,0.775510,2,2446,0,24114,0
100001965,baseline,120.000000,160.000000,0.001944,100.000000,0.025522,18,18,9720,18,18,0.000000,28.039918,1000,272548,5,1.000000,1.000000,0,1708,0,6422,0
100001965,attack_only,220.000000,260.000000,0.001944,100.000000,0.010138,18,18,9720,18,18,0.000000,29.930864,1000,290928,5,1.000000,1.000000,0,1744,0,10619,0
100001965,defense_only,320.000000,360.000000,0.001944,100.000000,0.023946,18,18,9720,18,18,0.000000,90.394650,1000,878636,5,1.000000,1.000000,0,2383,0,16475,0
100001965,defense_vs_attack,420.000000,460.000000,0.001944,100.000000,0.010831,18,18,9720,18,18,0.000000,96.699588,1000,939920,5,0.000000,0.918367,1,2569,0,22654,0
100001967,attack_only,120.000000,160.000000,0.000000,0.000000,0.000000,18,0,0,0,18,100.000000,0.000000,1000,244940,7,1.000000,1.000000,0,1634,0,6166,0
100001967,defense_only,220.000000,260.000000,0.001944,100.000000,0.021900,18,18,9720,18,18,0.000000,91.944856,1000,893704,6,1.000000,1.000000,0,2537,0,12040,0
100001967,defense_vs_attack,320.000000,360.000000,0.001836,94.444444,0.088208,18,17,9180,17,18,5.555556,93.842702,1000,861476,6,0.000000,0.734694,1,2417,0,18006,0
100001967,baseline,420.000000,460.000000,0.001944,100.000000,0.016652,18,18,9720,18,18,0.000000,26.476132,1000,257348,6,1.000000,1.000000,0,1671,0,22233,0
100001978,baseline,120.000000,160.000000,0.001944,100.000000,0.020552,18,18,9720,18,18,0.000000,32.471605,1000,315624,4,1.000000,1.000000,0,1908,0,7235,0
100001978,defense_vs_attack,220.000000,260.000000,0.001944,100.000000,0.008004,18,18,9720,18,18,0.000000,78.489712,1000,762920,4,0.000000,0.918367,1,2427,0,13231,0
100001978,attack_only,320.000000,360.000000,0.001944,100.000000,0.017276,18,18,9720,18,18,0.000000,33.260494,1000,323292,4,1.000000,1.000000,0,1961,0,18175,0
100001978,defense_only,420.000000,460.000000,0.001944,100.000000,0.009772,18,18,9720,18,18,0.000000,76.851440,1000,746996,4,1.000000,1.000000,0,2416,0,24065,0
100001980,defense_only,120.000000,160.000000,0.001944,100.000000,0.015839,18,18,9720,18,18,0.000000,80.023868,1000,777832,3,1.000000,1.000000,0,2474,0,8294,0
100001980,attack_only,220.000000,260.000000,0.001944,100.000000,0.005871,18,18,9720,18,18,0.000000,25.652675,1000,249344,3,1.000000,1.000000,0,1661,0,12672,0
100001980,baseline,320.000000,360.000000,0.001944,100.000000,0.012930,18,18,9720,18,18,0.000000,27.073663,1000,263156,3,1.000000,1.000000,0,1721,0,16906,0
100001980,defense_vs_attack,420.000000,460.000000,0.001944,100.000000,0.007340,18,18,9720,18,18,0.000000,89.166667,1000,866700,3,0.000000,0.836735,1,2604,0,23133,0
100001979,defense_vs_attack,120.000000,160.000000,0.001620,83.333333,0.027247,18,15,8100,15,18,16.666667,109.053333,1000,883332,3,0.000000,0.918367,1,2439,0,8410,0
100001979,defense_only,220.000000,260.000000,0.001944,100.000000,0.011550,18,18,9720,18,18,0.000000,87.762963,1000,853056,3,1.000000,1.000000,0,2377,0,14321,0
100001979,attack_only,320.000000,360.000000,0.000000,0.000000,0.000000,18,0,0,0,18,100.000000,0.000000,1000,353516,3,1.000000,1.000000,0,1857,0,19064,0
100001979,baseline,420.000000,460.000000,0.001944,100.000000,0.010525,18,18,9720,18,18,0.000000,36.321811,1000,353048,3,1.000000,1.000000,0,1871,0,23650,0
100001976,attack_only,120.000000,160.000000,0.000000,0.000000,0.000000,18,0,0,0,18,100.000000,0.000000,1000,309316,5,1.000000,1.000000,0,1758,0,6558,0
100001976,defense_only,220.000000,260.000000,0.001944,100.000000,0.019443,18,18,9720,18,18,0.000000,100.972840,1000,981456,5,1.000000,1.000000,0,2391,0,12338,0
100001976,defense_vs_attack,320.000000,360.000000,0.001512,77.777778,0.026645,18,14,7560,14,18,22.222222,130.044444,1000,983136,5,0.000000,0.836735,1,2388,0,18128,0
100001976,baseline,420.000000,460.000000,0.001944,100.000000,0.020388,18,18,9720,18,18,0.000000,31.632922,1000,307472,5,1.000000,1.000000,0,1749,0,22614,0
100001982,defense_only,120.000000,160.000000,0.001944,100.000000,0.022498,18,18,9720,18,18,0.000000,74.486420,1000,724008,4,1.000000,1.000000,0,2429,0,8165,0
100001982,baseline,220.000000,260.000000,0.001944,100.000000,0.007855,18,18,9720,18,18,0.000000,25.350206,1000,246404,4,1.000000,1.000000,0,1735,0,12594,0
100001982,defense_vs_attack,320.000000,360.000000,0.001944,100.000000,0.018893,18,18,9720,18,18,0.000000,81.382305,1000,791036,4,0.000000,0.836735,1,2457,0,18544,0
100001982,attack_only,420.000000,460.000000,0.001944,100.000000,0.009880,18,18,9720,18,18,0.000000,24.615638,1000,239264,4,1.000000,1.000000,0,1660,0,22855,0
100001986,baseline,120.000000,160.000000,0.001944,100.000000,0.046734,18,18,9720,18,18,0.000000,29.778189,1000,289444,9,1.000000,1.000000,0,1958,0,7046,0
100001986,defense_vs_attack,220.000000,260.000000,0.001944,100.000000,0.018263,18,18,9720,18,18,0.000000,93.727160,1000,911028,9,0.000000,0.877551,1,2733,0,13568,0
100001986,defense_only,320.000000,360.000000,0.001944,100.000000,0.042350,18,18,9720,18,18,0.000000,94.527572,1000,918808,9,1.000000,1.000000,0,2671,0,20132,0
100001986,attack_only,420.000000,460.000000,0.000000,0.000000,0.000000,18,0,0,0,18,100.000000,0.000000,1000,298404,10,1.000000,1.000000,0,1905,0,25021,0
100001987,defense_vs_attack,120.000000,160.000000,0.001944,100.000000,0.020789,18,18,9720,18,18,0.000000,92.113580,1000,895344,4,0.000000,0.897959,1,2424,0,8126,0
100001987,defense_only,220.000000,260.000000,0.001944,100.000000,0.007943,18,18,9720,18,18,0.000000,93.359259,1000,907452,4,1.000000,1.000000,0,2474,0,14172,0
100001987,attack_only,320.000000,360.000000,0.001944,100.000000,0.018040,18,18,9720,18,18,0.000000,25.119342,1000,244160,4,1.000000,1.000000,0,1610,0,18339,0
100001987,baseline,420.000000,460.000000,0.001944,100.000000,0.009941,18,18,9720,18,18,0.000000,24.389300,1000,237064,4,1.000000,1.000000,0,1621,0,22289,0
100002002,defense_only,120.000000,160.000000,0.001944,100.000000,0.086965,18,18,9720,18,18,0.000000,95.410700,1000,927392,6,1.000000,1.000000,0,2586,0,8643,0
100002002,defense_vs_attack,220.000000,260.000000,0.001944,100.000000,0.012084,18,18,9720,18,18,0.000000,93.853909,1000,912260,6,0.000000,0.795918,1,2575,0,14897,0
100002002,baseline,320.000000,360.000000,0.001944,100.000000,0.026396,18,18,9720,18,18,0.000000,32.522222,1000,316116,6,1.000000,1.000000,0,1854,0,19614,0
100002002,attack_only,420.000000,460.000000,0.001944,100.000000,0.014958,18,18,9720,18,18,0.000000,32.078601,1000,311804,6,1.000000,1.000000,0,1872,0,24154,0
100002003,attack_only,120.000000,160.000000,0.001944,100.000000,0.015184,18,18,9720,18,18,0.000000,29.778601,1000,289448,3,1.000000,1.000000,0,1906,0,6974,0
100002003,baseline,220.000000,260.000000,0.001944,100.000000,0.005789,18,18,9720,18,18,0.000000,28.519753,1000,277212,3,1.000000,1.000000,0,1777,0,11420,0
100002003,defense_vs_attack,320.000000,360.000000,0.001404,72.222222,0.013281,18,13,7020,13,18,27.777778,123.181766,1000,864736,3,0.000000,0.877551,1,2640,0,17803,0
100002003,defense_only,420.000000,460.000000,0.001944,100.000000,0.009329,18,18,9720,18,18,0.000000,90.100823,1000,875780,3,1.000000,1.000000,0,2503,0,24086,0
100002000,attack_only,120.000000,160.000000,0.001944,100.000000,0.020531,18,18,9720,18,18,0.000000,26.892593,1000,261396,4,1.000000,1.000000,0,1727,0,6447,0
100002000,defense_vs_attack,220.000000,260.000000,0.001944,100.000000,0.008570,18,18,9720,18,18,0.000000,94.914403,1000,922568,4,0.000000,0.918367,1,2544,0,12651,0
100002000,defense_only,320.000000,360.000000,0.001944,100.000000,0.018829,18,18,9720,18,18,0.000000,94.781070,1000,921272,4,1.000000,1.000000,0,2484,0,18917,0
100002000,baseline,420.000000,460.000000,0.001944,100.000000,0.010117,18,18,9720,18,18,0.000000,25.221399,1000,245152,4,1.000000,1.000000,0,1666,0,23262,0
100002007,attack_only,120.000000,160.000000,0.000000,0.000000,0.000000,18,0,0,0,18,100.000000,0.000000,1000,260164,7,1.000000,1.000000,0,1635,0,6287,0
100002007,baseline,220.000000,260.000000,0.001944,100.000000,0.030208,18,18,9720,18,18,0.000000,26.156379,1000,254240,7,1.000000,1.000000,0,1725,0,10353,0
100002007,defense_vs_attack,320.000000,360.000000,0.001080,55.555556,0.028900,18,10,5400,10,18,44.444444,179.041481,1000,966824,7,0.000000,0.836735,1,2411,0,16227,0
100002007,defense_only,420.000000,460.000000,0.001944,100.000000,0.027910,18,18,9720,18,18,0.000000,95.790535,1000,931084,7,1.000000,1.000000,0,2464,0,22275,0
100002008,defense_vs_attack,120.000000,160.000000,0.000864,44.444444,0.032451,18,8,4320,8,18,55.555556,180.825000,1000,781164,4,0.000000,0.857143,1,2362,0,8029,0
100002008,attack_only,220.000000,260.000000,0.000000,0.000000,0.000000,18,0,0,0,18,100.000000,0.000000,1000,236908,4,1.000000,1.000000,0,1592,0,12247,0
100002008,defense_only,320.000000,360.000000,0.001944,100.000000,0.014220,18,18,9720,18,18,0.000000,85.520165,1000,831256,4,1.000000,1.000000,0,2426,0,18104,0
100002008,baseline,420.000000,460.000000,0.001944,100.000000,0.011017,18,18,9720,18,18,0.000000,24.803704,1000,241092,4,1.000000,1.000000,0,1683,0,22412,0
100002014,baseline,120.000000,160.000000,0.001944,100.000000,0.025739,18,18,9720,18,18,0.000000,35.251852,1000,342648,5,1.000000,1.000000,0,1918,0,7171,0
100002014,attack_only,220.000000,260.000000,0.000000,0.000000,0.000000,18,0,0,0,18,100.000000,0.000000,1000,344968,5,1.000000,1.000000,0,1856,0,11708,0
100002014,defense_only,320.000000,360.000000,0.001944,100.000000,0.015147,18,18,9720,18,18,0.000000,91.393004,1000,888340,5,1.000000,1.000000,0,2544,0,17786,0
100002014,defense_vs_attack,420.000000,460.000000,0.001404,72.222222,0.028774,18,13,7020,13,18,27.777778,128.984615,1000,905472,5,0.000000,0.877551,1,2585,0,24040,0
100002013,baseline,120.000000,160.000000,0.001944,100.000000,0.020894,18,18,9720,18,18,0.000000,25.388889,1000,246780,4,1.000000,1.000000,0,1582,0,6001,0
100002013,attack_only,220.000000,260.000000,0.001944,100.000000,0.008158,18,18,9720,18,18,0.000000,25.548148,1000,248328,4,1.000000,1.000000,0,1576,0,9852,0
100002013,defense_only,320.000000,360.000000,0.001944,100.000000,0.017176,18,18,9720,18,18,0.000000,89.692593,1000,871812,4,1.000000,1.000000,0,2286,0,15401,0
100002013,defense_vs_attack,420.000000,460.000000,0.001944,100.000000,0.009613,18,18,9720,18,18,0.000000,87.627572,1000,851740,4,0.000000,0.816327,1,2234,0,20968,0
100002018,defense_vs_attack,120.000000,160.000000,0.001080,55.555556,0.038871,18,10,5400,10,18,44.444444,166.782963,1000,900628,6,0.000000,0.795918,1,2435,0,7887,0
100002018,defense_only,220.000000,260.000000,0.001944,100.000000,0.028428,18,18,9720,18,18,0.000000,98.276955,1000,955252,6,1.000000,1.000000,0,2466,0,13868,0
100002018,attack_only,320.000000,360.000000,0.000000,0.000000,0.000000,18,0,0,0,18,100.000000,0.000000,1000,264792,6,1.000000,1.000000,0,1595,0,17960,0
100002018,baseline,420.000000,460.000000,0.001944,100.000000,0.075459,18,18,9720,18,18,0.000000,27.141975,1000,263820,6,1.000000,1.000000,0,1594,0,21802,0
100002023,attack_only,120.000000,160.000000,0.001944,100.000000,0.015179,18,18,9720,18,18,0.000000,25.394650,1000,246836,3,1.000000,1.000000,0,1664,0,6356,0
100002023,defense_vs_attack,220.000000,260.000000,0.001944,100.000000,0.005788,18,18,9720,18,18,0.000000,87.330041,1000,848848,3,0.000000,0.816327,1,2556,0,12475,0
100002023,defense_only,320.000000,360.000000,0.001944,100.000000,0.012901,18,18,9720,18,18,0.000000,87.740741,1000,852840,3,1.000000,1.000000,0,2482,0,18652,0
100002023,baseline,420.000000,460.000000,0.001944,100.000000,0.007065,18,18,9720,18,18,0.000000,25.254321,1000,245472,3,1.000000,1.000000,0,1633,0,23030,0
100002027,attack_only,120.000000,160.000000,0.000000,0.000000,0.000000,18,0,0,0,18,100.000000,0.000000,1000,273908,8,1.000000,1.000000,0,1738,0,6565,0
100002027,baseline,220.000000,260.000000,0.001944,100.000000,0.032801,18,18,9720,18,18,0.000000,26.624691,1000,258792,8,1.000000,1.000000,0,1834,0,10906,0
100002027,defense_only,320.000000,360.000000,0.001944,100.000000,0.023366,18,18,9720,18,18,0.000000,86.145679,1000,837336,8,1.000000,1.000000,0,2522,0,17019,0
100002027,defense_vs_attack,420.000000,460.000000,0.001728,88.888889,0.041037,18,16,8640,16,18,11.111111,94.569907,1000,817084,8,0.000000,0.938776,1,2543,0,23301,0
100002022,defense_only,120.000000,160.000000,0.001944,100.000000,0.033887,18,18,9720,18,18,0.000000,107.509465,1000,1044992,6,1.000000,1.000000,0,2567,0,8392,0
100002022,attack_only,220.000000,260.000000,0.001944,100.000000,0.012466,18,18,9720,18,18,0.000000,25.789712,1000,250676,6,1.000000,1.000000,0,1658,0,12716,0
100002022,baseline,320.000000,360.000000,0.001944,100.000000,0.024939,18,18,9720,18,18,0.000000,26.338272,1000,256008,6,1.000000,1.000000,0,1664,0,16713,0
100002022,defense_vs_attack,420.000000,460.000000,0.001836,94.444444,0.018248,18,17,9180,17,18,5.555556,111.303268,1000,1021764,6,0.000000,0.877551,1,2611,0,22869,0
100002035,baseline,120.000000,160.000000,0.001944,100.000000,0.015277,18,18,9720,18,18,0.000000,27.827160,1000,270480,3,1.000000,1.000000,0,1709,0,6372,0
100002035,defense_vs_attack,220.000000,260.000000,0.001944,100.000000,0.006073,18,18,9720,18,18,0.000000,85.711111,1000,833112,3,0.000000,0.795918,1,2454,0,12314,0
100002035,attack_only,320.000000,360.000000,0.001944,100.000000,0.013044,18,18,9720,18,18,0.000000,26.488066,1000,257464,3,1.000000,1.000000,0,1744,0,16737,0
100002035,defense_only,420.000000,460.000000,0.001944,100.000000,0.007326,18,18,9720,18,18,0.000000,88.698765,1000,862152,3,1.000000,1.000000,0,2438,0,22717,0
100002039,baseline,120.000000,160.000000,0.001944,100.000000,0.016429,18,18,9720,18,18,0.000000,31.162963,1000,302904,3,1.000000,1.000000,0,1686,0,6550,0
100002039,defense_only,220.000000,260.000000,0.001944,100.000000,0.006218,18,18,9720,18,18,0.000000,104.804527,1000,1018700,3,1.000000,1.000000,0,2359,0,12240,0
100002039,defense_vs_attack,320.000000,360.000000,0.001944,100.000000,0.012621,18,18,9720,18,18,0.000000,102.833333,1000,999540,3,0.000000,0.775510,1,2344,0,17938,0
100002039,attack_only,420.000000,460.000000,0.001944,100.000000,0.007712,18,18,9720,18,18,0.000000,30.331276,1000,294820,3,1.000000,1.000000,0,1634,0,22184,0
100002036,defense_vs_attack,120.000000,160.000000,0.001944,100.000000,0.042619,18,18,9720,18,18,0.000000,99.547325,1000,967600,8,0.000000,0.938776,1,2744,0,9072,0
100002036,attack_only,220.000000,260.000000,0.001944,100.000000,0.016024,18,18,9720,18,18,0.000000,29.849383,1000,290136,8,1.000000,1.000000,0,1844,0,13849,0
100002036,defense_only,320.000000,360.000000,0.001944,100.000000,0.035084,18,18,9720,18,18,0.000000,104.790535,1000,1018564,8,1.000000,1.000000,0,2830,0,20508,0
100002036,baseline,420.000000,460.000000,0.001944,100.000000,0.020868,18,18,9720,18,18,0.000000,30.406996,1000,295556,8,1.000000,1.000000,0,1906,0,25241,0
100002042,attack_only,120.000000,160.000000,0.001944,100.000000,0.025384,18,18,9720,18,18,0.000000,35.658025,1000,346596,5,1.000000,1.000000,0,1902,0,7186,0
100002042,baseline,220.000000,260.000000,0.001944,100.000000,0.020920,18,18,9720,18,18,0.000000,35.518107,1000,345236,5,1.000000,1.000000,0,1939,0,11866,0
100002042,defense_only,320.000000,360.000000,0.001944,100.000000,0.017315,18,18,9720,18,18,0.000000,77.309465,1000,751448,5,1.000000,1.000000,0,2428,0,17766,0
100002042,defense_vs_attack,420.000000,460.000000,0.001944,100.000000,0.017218,18,18,9720,18,18,0.000000,81.728395,1000,794400,5,0.000000,0.897959,1,2596,0,23924,0
100002043,baseline,120.000000,160.000000,0.001944,100.000000,0.024943,18,18,9720,18,18,0.000000,23.198354,1000,225488,5,1.000000,1.000000,0,1700,0,6332,0
100002043,attack_only,220.000000,260.000000,0.001944,100.000000,0.010071,18,18,9720,18,18,0.000000,22.427572,1000,217996,5,1.000000,1.000000,0,1682,0,10440,0
100002043,defense_vs_attack,320.000000,360.000000,0.001728,88.888889,0.021793,18,16,8640,16,18,11.111111,86.834259,1000,750248,5,0.000000,0.857143,1,2554,0,16609,0
100002043,defense_only,420.000000,460.000000,0.001944,100.000000,0.014072,18,18,9720,18,18,0.000000,80.235391,1000,779888,5,1.000000,1.000000,0,2540,0,22873,0
100002050,defense_only,120.000000,160.000000,0.001944,100.000000,0.026040,18,18,9720,18,18,0.000000,80.930864,1000,786648,5,1.000000,1.000000,0,2512,0,8395,0
100002050,baseline,220.000000,260.000000,0.001944,100.000000,0.010098,18,18,9720,18,18,0.000000,28.216872,1000,274268,5,1.000000,1.000000,0,1771,0,12920,0
100002050,defense_vs_attack,320.000000,360.000000,0.001944,100.000000,0.021711,18,18,9720,18,18,0.000000,82.577778,1000,802656,5,0.000000,0.877551,1,2521,0,19006,0
100002050,attack_only,420.000000,460.000000,0.001944,100.000000,0.012079,18,18,9720,18,18,0.000000,28.813169,1000,280064,5,1.000000,1.000000,0,1777,0,23513,0
100002049,attack_only,120.000000,160.000000,0.001944,100.000000,0.015391,18,18,9720,18,18,0.000000,29.209877,1000,283920,3,1.000000,1.000000,0,1745,0,6735,0
100002049,defense_only,220.000000,260.000000,0.001944,100.000000,0.006043,18,18,9720,18,18,0.000000,87.211523,1000,847696,3,1.000000,1.000000,0,2499,0,12826,0
100002049,defense_vs_attack,320.000000,360.000000,0.001944,100.000000,0.013099,18,18,9720,18,18,0.000000,89.647737,1000,871376,3,0.000000,0.918367,1,2518,0,19032,0
100002049,baseline,420.000000,460.000000,0.001944,100.000000,0.007065,18,18,9720,18,18,0.000000,28.931687,1000,281216,3,1.000000,1.000000,0,1780,0,23636,0
100002060,defense_only,120.000000,160.000000,0.001944,100.000000,0.040779,18,18,9720,18,18,0.000000,89.820165,1000,873052,8,1.000000,1.000000,0,2557,0,8607,0
100002060,baseline,220.000000,260.000000,0.001944,100.000000,0.015934,18,18,9720,18,18,0.000000,32.997119,1000,320732,8,1.000000,1.000000,0,1914,0,13399,0
100002060,attack_only,320.000000,360.000000,0.001944,100.000000,0.035198,18,18,9720,18,18,0.000000,34.566255,1000,335984,8,1.000000,1.000000,0,1964,0,18099,0
100002060,defense_vs_attack,420.000000,460.000000,0.001944,100.000000,0.021560,18,18,9720,18,18,0.000000,88.694239,1000,862108,8,0.000000,0.897959,1,2527,0,24166,0
100002067,defense_only,120.000000,160.000000,0.001944,100.000000,0.022582,18,18,9720,18,18,0.000000,83.207819,1000,808780,4,1.000000,1.000000,0,2560,0,8541,0
100002067,defense_vs_attack,220.000000,260.000000,0.001836,94.444444,0.010125,18,17,9180,17,18,5.555556,92.195643,1000,846356,4,0.000000,0.877551,1,2516,0,14752,0
100002067,attack_only,320.000000,360.000000,0.001944,100.000000,0.016487,18,18,9720,18,18,0.000000,25.957202,1000,252304,4,1.000000,1.000000,0,1732,0,19185,0
100002067,baseline,420.000000,460.000000,0.001944,100.000000,0.010872,18,18,9720,18,18,0.000000,26.002881,1000,252748,4,1.000000,1.000000,0,1758,0,23414,0
100002063,defense_only,120.000000,160.000000,0.001944,100.000000,0.097519,18,18,9720,18,18,0.000000,80.864198,1000,786000,8,1.000000,1.000000,0,2599,0,8447,0
100002063,baseline,220.000000,260.000000,0.001944,100.000000,0.015914,18,18,9720,18,18,0.000000,25.192181,1000,244868,8,1.000000,1.000000,0,1725,0,12845,0
100002063,defense_vs_attack,320.000000,360.000000,0.001836,94.444444,0.037085,18,17,9180,17,18,5.555556,85.410022,1000,784064,8,0.000000,0.836735,1,2537,0,18969,0
100002063,attack_only,420.000000,460.000000,0.000000,0.000000,0.000000,18,0,0,0,18,100.000000,0.000000,1000,250484,8,1.000000,1.000000,0,1747,0,23386,0
100002069,attack_only,120.000000,160.000000,0.001944,100.000000,0.032498,18,18,9720,18,18,0.000000,29.990947,1000,291512,6,1.000000,1.000000,0,1745,0,6558,0
100002069,baseline,220.000000,260.000000,0.001944,100.000000,0.012548,18,18,9720,18,18,0.000000,29.720576,1000,288884,6,1.000000,1.000000,0,1759,0,10815,0
100002069,defense_vs_attack,320.000000,360.000000,0.001728,88.888889,0.042037,18,16,8640,16,18,11.111111,108.917130,1000,941044,6,0.000000,0.897959,1,2469,0,16703,0
100002069,defense_only,420.000000,460.000000,0.001944,100.000000,0.022026,18,18,9720,18,18,0.000000,97.074897,1000,943568,6,1.000000,1.000000,0,2472,0,22710,0
100002070,defense_only,120.000000,160.000000,0.001944,100.000000,0.021584,18,18,9720,18,18,0.000000,108.496296,1000,1054584,4,1.000000,1.000000,0,2314,0,7784,0
100002070,defense_vs_attack,220.000000,260.000000,0.001944,100.000000,0.018219,18,18,9720,18,18,0.000000,107.022222,1000,1040256,4,0.000000,0.755102,1,2427,0,13543,0
100002070,attack_only,320.000000,360.000000,0.001944,100.000000,0.016961,18,18,9720,18,18,0.000000,28.878189,1000,280696,4,1.000000,1.000000,0,1610,0,17709,0
100002070,baseline,420.000000,460.000000,0.001944,100.000000,0.009859,18,18,9720,18,18,0.000000,28.693416,1000,278900,4,1.000000,1.000000,0,1617,0,21644,0
100002071,attack_only,120.000000,160.000000,0.001944,100.000000,0.086144,18,18,9720,18,18,0.000000,26.344856,1000,256072,6,1.000000,1.000000,0,1788,0,6701,0
100002071,defense_vs_attack,220.000000,260.000000,0.001944,100.000000,0.011961,18,18,9720,18,18,0.000000,91.441975,1000,888816,6,0.000000,0.959184,1,2613,0,13000,0
100002071,baseline,320.000000,360.000000,0.001944,100.000000,0.026075,18,18,9720,18,18,0.000000,25.987654,1000,252600,6,1.000000,1.000000,0,1780,0,17538,0
100002071,defense_only,420.000000,460.000000,0.001944,100.000000,0.015898,18,18,9720,18,18,0.000000,87.965432,1000,855024,6,1.000000,1.000000,0,2631,0,23826,0
100002076,defense_vs_attack,120.000000,160.000000,0.000864,44.444444,0.099246,18,8,4320,8,18,55.555556,193.367593,1000,835348,9,0.000000,0.816327,2,3003,0,8674,0
100002076,defense_only,220.000000,260.000000,0.001944,100.000000,0.030065,18,18,9720,18,18,0.000000,86.364198,1000,839460,7,1.000000,1.000000,0,2513,0,14732,0
100002076,baseline,320.000000,360.000000,0.001944,100.000000,0.021921,18,18,9720,18,18,0.000000,22.994650,1000,223508,7,1.000000,1.000000,0,1653,0,18907,0
100002076,attack_only,420.000000,460.000000,0.000000,0.000000,0.000000,18,0,0,0,18,100.000000,0.000000,1000,225320,7,1.000000,1.000000,0,1599,0,22789,0
100002085,attack_only,120.000000,160.000000,0.000000,0.000000,0.000000,18,0,0,0,18,100.000000,0.000000,1000,231888,5,1.000000,1.000000,0,1580,0,6060,0
100002085,defense_only,220.000000,260.000000,0.001944,100.000000,0.019948,18,18,9720,18,18,0.000000,86.532510,1000,841096,5,1.000000,1.000000,0,2400,0,11840,0
100002085,baseline,320.000000,360.000000,0.001944,100.000000,0.014440,18,18,9720,18,18,0.000000,24.528807,1000,238420,5,1.000000,1.000000,0,1614,0,15979,0
100002085,defense_vs_attack,420.000000,460.000000,0.001296,66.666667,0.042724,18,12,6480,12,18,33.333333,88.034568,1000,570464,6,0.000000,0.857143,2,2209,0,21553,0
100002083,baseline,120.000000,160.000000,0.001944,100.000000,0.021133,18,18,9720,18,18,0.000000,27.387243,1000,266204,4,1.000000,1.000000,0,1614,0,6056,0
100002083,defense_vs_attack,220.000000,260.000000,0.001620,83.333333,0.010783,18,15,8100,15,18,16.666667,127.771358,1000,1034948,4,0.000000,0.755102,1,2424,0,11734,0
100002083,defense_only,320.000000,360.000000,0.001944,100.000000,0.018869,18,18,9720,18,18,0.000000,108.899588,1000,1058504,4,1.000000,1.000000,0,2271,0,17446,0
100002083,attack_only,420.000000,460.000000,0.000000,0.000000,0.000000,18,0,0,0,18,100.000000,0.000000,1000,267156,4,1.000000,1.000000,0,1567,0,21547,0
100002092,baseline,120.000000,160.000000,0.001944,100.000000,0.034186,18,18,9720,18,18,0.000000,31.368724,1000,304904,6,1.000000,1.000000,0,1868,0,6945,0
100002092,attack_only,220.000000,260.000000,0.000000,0.000000,0.000000,18,0,0,0,18,100.000000,0.000000,1000,302756,6,1.000000,1.000000,0,1796,0,11394,0
100002092,defense_vs_attack,320.000000,360.000000,0.001188,61.111111,0.024596,18,11,5940,11,18,38.888889,132.985859,1000,789936,0,0.000000,0.857143,1,3021,0,18062,0
100002092,defense_only,420.000000,460.000000,0.001944,100.000000,0.019384,18,18,9720,18,18,0.000000,80.602058,1000,783452,6,1.000000,1.000000,0,2498,0,24231,0
100002087,defense_vs_attack,120.000000,160.000000,0.001944,100.000000,0.021405,18,18,9720,18,18,0.000000,104.261728,1000,1013424,4,0.000000,0.755102,1,2383,0,8290,0
100002087,defense_only,220.000000,260.000000,0.001944,100.000000,0.009498,18,18,9720,18,18,0.000000,103.655144,1000,1007528,4,1.000000,1.000000,0,2410,0,14292,0
100002087,baseline,320.000000,360.000000,0.001944,100.000000,0.017264,18,18,9720,18,18,0.000000,31.099588,1000,302288,4,1.000000,1.000000,0,1768,0,18908,0
100002087,attack_only,420.000000,460.000000,0.001944,100.000000,0.009498,18,18,9720,18,18,0.000000,31.070782,1000,302008,4,1.000000,1.000000,0,1789,0,23288,0
100002095,baseline,120.000000,160.000000,0.001944,100.000000,0.015307,18,18,9720,18,18,0.000000,29.187243,1000,283700,3,1.000000,1.000000,0,1734,0,6570,0
100002095,defense_only,220.000000,260.000000,0.001944,100.000000,0.006234,18,18,9720,18,18,0.000000,93.669547,1000,910468,3,1.000000,1.000000,0,2483,0,12587,0
100002095,attack_only,320.000000,360.000000,0.001944,100.000000,0.012812,18,18,9720,18,18,0.000000,29.189712,1000,283724,3,1.000000,1.000000,0,1682,0,16924,0
100002095,defense_vs_attack,420.000000,460.000000,0.001944,100.000000,0.007116,18,18,9720,18,18,0.000000,84.688477,1000,823172,3,0.000000,0.877551,1,2393,0,22881,0
100002094,defense_vs_attack,120.000000,160.000000,0.001404,72.222222,0.046266,18,13,7020,13,18,27.777778,127.789744,1000,897084,7,0.000000,0.938776,1,2631,0,8263,0
100002094,attack_only,220.000000,260.000000,0.000000,0.000000,0.000000,18,0,0,0,18,100.000000,0.000000,1000,224976,5,1.000000,1.000000,0,1504,0,12206,0
100002094,defense_only,320.000000,360.000000,0.001944,100.000000,0.015045,18,18,9720,18,18,0.000000,91.324691,1000,887676,5,1.000000,1.000000,0,2481,0,18112,0
100002094,baseline,420.000000,460.000000,0.001944,100.000000,0.018532,18,18,9720,18,18,0.000000,23.300823,1000,226484,5,1.000000,1.000000,0,1577,0,22209,0
100002097,defense_only,120.000000,160.000000,0.001944,100.000000,0.042756,18,18,9720,18,18,0.000000,99.383128,1000,966004,8,1.000000,1.000000,0,2553,0,8435,0
100002097,baseline,220.000000,260.000000,0.001944,100.000000,0.016546,18,18,9720,18,18,0.000000,29.918930,1000,290812,8,1.000000,1.000000,0,1805,0,12970,0
100002097,attack_only,320.000000,360.000000,0.000000,0.000000,0.000000,18,0,0,0,18,100.000000,0.000000,1000,284516,8,1.000000,1.000000,0,1683,0,17069,0
100002097,defense_vs_attack,420.000000,460.000000,0.001080,55.555556,0.041137,18,10,5400,10,18,44.444444,181.217037,1000,978572,9,0.000000,0.877551,1,2545,0,23045,0
100002100,attack_only,120.000000,160.000000,0.001944,100.000000,0.015283,18,18,9720,18,18,0.000000,33.692181,1000,327488,3,1.000000,1.000000,0,1825,0,6841,0
100002100,baseline,220.000000,260.000000,0.001944,100.000000,0.005988,18,18,9720,18,18,0.000000,33.020988,1000,320964,3,1.000000,1.000000,0,1803,0,11288,0
100002100,defense_only,320.000000,360.000000,0.001944,100.000000,0.012490,18,18,9720,18,18,0.000000,95.326337,1000,926572,3,1.000000,1.000000,0,2484,0,17354,0
100002100,defense_vs_attack,420.000000,460.000000,0.001944,100.000000,0.010708,18,18,9720,18,18,0.000000,87.863374,1000,854032,4,0.000000,0.877551,2,2585,0,23474,0
100002098,defense_vs_attack,120.000000,160.000000,0.001944,100.000000,0.021364,18,18,9720,18,18,0.000000,95.425514,1000,927536,4,0.000000,0.857143,1,2642,0,8943,0
100002098,baseline,220.000000,260.000000,0.001944,100.000000,0.008024,18,18,9720,18,18,0.000000,34.569959,1000,336020,4,1.000000,1.000000,0,1937,0,13847,0
100002098,attack_only,320.000000,360.000000,0.001944,100.000000,0.014795,18,18,9720,18,18,0.000000,34.524280,1000,335576,4,1.000000,1.000000,0,1856,0,18412,0
100002098,defense_only,420.000000,460.000000,0.001944,100.000000,0.009983,18,18,9720,18,18,0.000000,95.993004,1000,933052,4,1.000000,1.000000,0,2620,0,24773,0
100002106,defense_vs_attack,120.000000,160.000000,0.001944,100.000000,0.015140,18,18,9720,18,18,0.000000,84.945679,1000,825672,3,0.000000,0.938776,1,2560,0,8472,0
100002106,defense_only,220.000000,260.000000,0.001944,100.000000,0.006671,18,18,9720,18,18,0.000000,85.804115,1000,834016,3,1.000000,1.000000,0,2395,0,14435,0
100002106,baseline,320.000000,360.000000,0.001944,100.000000,0.012999,18,18,9720,18,18,0.000000,31.311523,1000,304348,3,1.000000,1.000000,0,1730,0,18930,0
100002106,attack_only,420.000000,460.000000,0.001944,100.000000,0.007065,18,18,9720,18,18,0.000000,31.660905,1000,307744,3,1.000000,1.000000,0,1761,0,23231,0
100002108,baseline,120.000000,160.000000,0.001944,100.000000,0.025912,18,18,9720,18,18,0.000000,31.198354,1000,303248,5,1.000000,1.000000,0,1814,0,6831,0
100002108,defense_only,220.000000,260.000000,0.001944,100.000000,0.010591,18,18,9720,18,18,0.000000,86.465021,1000,840440,5,1.000000,1.000000,0,2530,0,12848,0
100002108,attack_only,320.000000,360.000000,0.000000,0.000000,0.000000,18,0,0,0,18,100.000000,0.000000,1000,307000,5,1.000000,1.000000,0,1691,0,17361,0
100002108,defense_vs_attack,420.000000,460.000000,0.000000,0.000000,0.000000,18,0,0,0,18,100.000000,0.000000,1000,858484,0,0.000000,0.918367,1,2602,0,23602,0
100002104,baseline,120.000000,160.000000,0.001944,100.000000,0.062796,18,18,9720,18,18,0.000000,23.620165,1000,229588,12,1.000000,1.000000,0,1867,0,6610,0
100002104,defense_vs_attack,220.000000,260.000000,0.001080,55.555556,0.035382,18,10,5400,10,18,44.444444,138.413333,1000,747432,12,0.000000,0.918367,1,2608,0,12961,0
100002104,attack_only,320.000000,360.000000,0.000000,0.000000,0.000000,18,0,0,0,18,100.000000,0.000000,1000,235724,12,1.000000,1.000000,0,1793,0,17483,0
100002104,defense_only,420.000000,460.000000,0.001944,100.000000,0.034943,18,18,9720,18,18,0.000000,79.229218,1000,770108,12,1.000000,1.000000,0,2703,0,23978,0
100002113,defense_vs_attack,120.000000,160.000000,0.001188,61.111111,0.033221,18,11,5940,11,18,38.888889,149.658586,1000,888972,6,0.000000,0.938776,1,2655,0,8729,0
100002113,attack_only,220.000000,260.000000,0.000000,0.000000,0.000000,18,0,0,0,18,100.000000,0.000000,1000,261592,6,1.000000,1.000000,0,1768,0,13282,0
100002113,baseline,320.000000,360.000000,0.001944,100.000000,0.024845,18,18,9720,18,18,0.000000,26.581481,1000,258372,6,1.000000,1.000000,0,1774,0,17591,0
100002113,defense_only,420.000000,460.000000,0.001944,100.000000,0.017412,18,18,9720,18,18,0.000000,85.572428,1000,831764,6,1.000000,1.000000,0,2721,0,24090,0
100002115,attack_only,120.000000,160.000000,0.001944,100.000000,0.031106,18,18,9720,18,18,0.000000,27.240329,1000,264776,6,1.000000,1.000000,0,1745,0,6454,0
100002115,baseline,220.000000,260.000000,0.001944,100.000000,0.011852,18,18,9720,18,18,0.000000,26.771605,1000,260220,6,1.000000,1.000000,0,1736,0,10704,0
100002115,defense_vs_attack,320.000000,360.000000,0.001944,100.000000,0.027345,18,18,9720,18,18,0.000000,91.701235,1000,891336,6,0.000000,0.897959,1,2483,0,16727,0
100002115,defense_only,420.000000,460.000000,0.001944,100.000000,0.015854,18,18,9720,18,18,0.000000,94.502469,1000,918564,6,1.000000,1.000000,0,2491,0,22818,0
100002123,baseline,120.000000,160.000000,0.001944,100.000000,0.021102,18,18,9720,18,18,0.000000,32.181070,1000,312800,4,1.000000,1.000000,0,1854,0,6874,0
100002123,attack_only,220.000000,260.000000,0.000000,0.000000,0.000000,18,0,0,0,18,100.000000,0.000000,1000,317132,4,1.000000,1.000000,0,1802,0,11289,0
100002123,defense_only,320.000000,360.000000,0.001944,100.000000,0.012946,18,18,9720,18,18,0.000000,91.601646,1000,890368,4,1.000000,1.000000,0,2391,0,17238,0
100002123,defense_vs_attack,420.000000,460.000000,0.001080,55.555556,0.131444,18,10,5400,10,18,44.444444,158.601481,1000,856448,5,0.000000,0.816327,2,2499,0,23267,0
100002118,defense_only,120.000000,160.000000,0.001944,100.000000,0.030897,18,18,9720,18,18,0.000000,95.434979,1000,927628,6,1.000000,1.000000,0,2412,0,8027,0
100002118,baseline,220.000000,260.000000,0.001944,100.000000,0.017630,18,18,9720,18,18,0.000000,26.860082,1000,261080,6,1.000000,1.000000,0,1747,0,12365,0
100002118,attack_only,320.000000,360.000000,0.000000,0.000000,0.000000,18,0,0,0,18,100.000000,0.000000,1000,238500,6,1.000000,1.000000,0,1583,0,16292,0
100002118,defense_vs_attack,420.000000,460.000000,0.000864,44.444444,0.026993,18,8,4320,8,18,55.555556,205.830556,1000,889188,6,0.000000,0.714286,1,2429,0,22041,0
100002122,defense_only,120.000000,160.000000,0.001944,100.000000,0.016297,18,18,9720,18,18,0.000000,101.137037,1000,983052,3,1.000000,1.000000,0,2584,0,8521,0
100002122,defense_vs_attack,220.000000,260.000000,0.001944,100.000000,0.006320,18,18,9720,18,18,0.000000,101.780247,1000,989304,3,0.000000,0.918367,1,2551,0,14779,0
100002122,attack_only,320.000000,360.000000,0.001944,100.000000,0.012384,18,18,9720,18,18,0.000000,29.227160,1000,284088,3,1.000000,1.000000,0,1769,0,19297,0
100002122,baseline,420.000000,460.000000,0.001944,100.000000,0.007448,18,18,9720,18,18,0.000000,27.477778,1000,267084,3,1.000000,1.000000,0,1737,0,23548,0
100002133,baseline,120.000000,160.000000,0.001944,100.000000,0.031512,18,18,9720,18,18,0.000000,24.013992,1000,233416,6,1.000000,1.000000,0,1739,0,6439,0
100002133,attack_only,220.000000,260.000000,0.001944,100.000000,0.012173,18,18,9720,18,18,0.000000,24.495473,1000,238096,6,1.000000,1.000000,0,1756,0,10616,0
100002133,defense_only,320.000000,360.000000,0.001944,100.000000,0.026392,18,18,9720,18,18,0.000000,80.178189,1000,779332,6,1.000000,1.000000,0,2615,0,16979,0
100002133,defense_vs_attack,420.000000,460.000000,0.001944,100.000000,0.014409,18,18,9720,18,18,0.000000,77.963374,1000,757804,6,0.000000,0.897959,1,2588,0,23406,0
100002134,attack_only,120.000000,160.000000,0.000000,0.000000,0.000000,18,0,0,0,18,100.000000,0.000000,1000,281928,4,1.000000,1.000000,0,1615,0,6281,0
100002134,baseline,220.000000,260.000000,0.001944,100.000000,0.021408,18,18,9720,18,18,0.000000,28.546502,1000,277472,4,1.000000,1.000000,0,1677,0,10329,0
100002134,defense_vs_attack,320.000000,360.000000,0.001944,100.000000,0.012729,18,18,9720,18,18,0.000000,99.454733,1000,966700,4,0.000000,0.816327,1,2379,0,16080,0
100002134,defense_only,420.000000,460.000000,0.001944,100.000000,0.011223,18,18,9720,18,18,0.000000,98.595062,1000,958344,4,1.000000,1.000000,0,2389,0,21880,0
100002140,defense_only,120.000000,160.000000,0.001944,100.000000,0.015583,18,18,9720,18,18,0.000000,96.270370,1000,935748,3,1.000000,1.000000,0,2537,0,8593,0
100002140,baseline,220.000000,260.000000,0.001944,100.000000,0.005790,18,18,9720,18,18,0.000000,29.927984,1000,290900,3,1.000000,1.000000,0,1734,0,13118,0
100002140,defense_vs_attack,320.000000,360.000000,0.001512,77.777778,0.014204,18,14,7560,14,18,22.222222,122.084656,1000,922960,3,0.000000,0.897959,1,2648,0,19383,0
100002140,attack_only,420.000000,460.000000,0.000000,0.000000,0.000000,18,0,0,0,18,100.000000,0.000000,1000,288168,4,1.000000,1.000000,0,1677,0,23851,0
100002141,baseline,120.000000,160.000000,0.001944,100.000000,0.030518,18,18,9720,18,18,0.000000,25.170370,1000,244656,6,1.000000,1.000000,0,1741,0,6430,0
100002141,defense_vs_attack,220.000000,260.000000,0.001188,61.111111,0.029409,18,11,5940,11,18,38.888889,141.546801,1000,840788,6,0.000000,0.816327,1,2462,0,12253,0
100002141,attack_only,320.000000,360.000000,0.000000,0.000000,0.000000,18,0,0,0,18,100.000000,0.000000,1000,253228,7,1.000000,1.000000,0,1712,0,16629,0
100002141,defense_only,420.000000,460.000000,0.001944,100.000000,0.018248,18,18,9720,18,18,0.000000,80.808642,1000,785460,6,1.000000,1.000000,0,2521,0,22610,0
100002144,baseline,120.000000,160.000000,0.001944,100.000000,0.031000,18,18,9720,18,18,0.000000,26.397531,1000,256584,6,1.000000,1.000000,0,1671,0,6283,0
100002144,defense_vs_attack,220.000000,260.000000,0.001944,100.000000,0.013102,18,18,9720,18,18,0.000000,87.615638,1000,851624,6,0.000000,0.877551,1,2354,0,11941,0
100002144,attack_only,320.000000,360.000000,0.001944,100.000000,0.023523,18,18,9720,18,18,0.000000,27.339506,1000,265740,6,1.000000,1.000000,0,1702,0,16221,0
100002144,defense_only,420.000000,460.000000,0.001944,100.000000,0.015501,18,18,9720,18,18,0.000000,81.633745,1000,793480,6,1.000000,1.000000,0,2413,0,21839,0
100002149,attack_only,120.000000,160.000000,0.001944,100.000000,0.020943,18,18,9720,18,18,0.000000,36.018930,1000,350104,4,1.000000,1.000000,0,1832,0,6914,0
100002149,defense_only,220.000000,260.000000,0.001944,100.000000,0.018722,18,18,9720,18,18,0.000000,100.903292,1000,980780,4,1.000000,1.000000,0,2246,0,12460,0
100002149,defense_vs_attack,320.000000,360.000000,0.000216,11.111111,0.029828,18,2,1080,2,18,88.888889,926.618519,1000,1000748,6,0.000000,0.857143,3,2890,0,18724,0
100002149,baseline,420.000000,460.000000,0.001944,100.000000,0.009824,18,18,9720,18,18,0.000000,36.004527,1000,349964,4,1.000000,1.000000,0,1840,0,23380,0
100002153,baseline,120.000000,160.000000,0.001944,100.000000,0.022018,18,18,9720,18,18,0.000000,29.053498,1000,282400,4,1.000000,1.000000,0,1786,0,6585,0
100002153,attack_only,220.000000,260.000000,0.001944,100.000000,0.008336,18,18,9720,18,18,0.000000,29.149794,1000,283336,4,1.000000,1.000000,0,1706,0,10742,0
100002153,defense_only,320.000000,360.000000,0.001944,100.000000,0.018307,18,18,9720,18,18,0.000000,95.707819,1000,930280,4,1.000000,1.000000,0,2376,0,16423,0
100002153,defense_vs_attack,420.000000,460.000000,0.001944,100.000000,0.010430,18,18,9720,18,18,0.000000,95.318930,1000,926500,4,0.000000,0.857143,1,2418,0,22308,0
100002165,attack_only,120.000000,160.000000,0.000000,0.000000,0.000000,18,0,0,0,18,100.000000,0.000000,1000,252608,8,1.000000,1.000000,0,1654,0,6370,0
100002165,defense_only,220.000000,260.000000,0.001944,100.000000,0.037734,18,18,9720,18,18,0.000000,88.534568,1000,860556,7,1.000000,1.000000,0,2624,0,12568,0
100002165,defense_vs_attack,320.000000,360.000000,0.001080,55.555556,0.015733,18,10,5400,10,18,44.444444,155.302963,1000,838636,7,0.000000,0.857143,1,2584,0,18896,0
100002165,baseline,420.000000,460.000000,0.001944,100.000000,0.021279,18,18,9720,18,18,0.000000,26.282305,1000,255464,7,1.000000,1.000000,0,1741,0,23293,0
100002163,defense_only,120.000000,160.000000,0.001944,100.000000,0.021062,18,18,9720,18,18,0.000000,97.714403,1000,949784,4,1.000000,1.000000,0,2401,0,7874,0
100002163,baseline,220.000000,260.000000,0.001944,100.000000,0.007794,18,18,9720,18,18,0.000000,26.008642,1000,252804,4,1.000000,1.000000,0,1577,0,11967,0
100002163,attack_only,320.000000,360.000000,0.001944,100.000000,0.017275,18,18,9720,18,18,0.000000,25.813580,1000,250908,4,1.000000,1.000000,0,1587,0,15833,0
100002163,defense_vs_attack,420.000000,460.000000,0.001944,100.000000,0.009600,18,18,9720,18,18,0.000000,98.451852,1000,956952,4,0.000000,0.836735,1,2368,0,21530,0
100002164,attack_only,120.000000,160.000000,0.001944,100.000000,0.031590,18,18,9720,18,18,0.000000,24.751440,1000,240584,6,1.000000,1.000000,0,1621,0,5960,0
100002164,defense_only,220.000000,260.000000,0.001944,100.000000,0.012150,18,18,9720,18,18,0.000000,99.814815,1000,970200,6,1.000000,1.000000,0,2490,0,12077,0
100002164,defense_vs_attack,320.000000,360.000000,0.001944,100.000000,0.028926,18,18,9720,18,18,0.000000,98.327572,1000,955744,6,0.000000,0.918367,1,2478,0,18099,0
100002164,baseline,420.000000,460.000000,0.001944,100.000000,0.014741,18,18,9720,18,18,0.000000,24.651029,1000,239608,6,1.000000,1.000000,0,1625,0,22248,0
100002168,defense_only,120.000000,160.000000,0.001944,100.000000,0.032199,18,18,9720,18,18,0.000000,96.460082,1000,937592,6,1.000000,1.000000,0,2469,0,8358,0
100002168,baseline,220.000000,260.000000,0.001944,100.000000,0.012263,18,18,9720,18,18,0.000000,32.402881,1000,314956,6,1.000000,1.000000,0,1830,0,12936,0
100002168,attack_only,320.000000,360.000000,0.001944,100.000000,0.034757,18,18,9720,18,18,0.000000,34.987243,1000,340076,7,1.000000,1.000000,0,1897,0,17500,0
100002168,defense_vs_attack,420.000000,460.000000,0.001512,77.777778,0.023065,18,14,7560,14,18,22.222222,120.908995,1000,914072,6,0.000000,0.836735,1,2466,0,23494,0
100002167,baseline,120.000000,160.000000,0.001944,100.000000,0.015601,18,18,9720,18,18,0.000000,20.847325,1000,202636,3,1.000000,1.000000,0,1588,0,6038,0
100002167,defense_vs_attack,220.000000,260.000000,0.001944,100.000000,0.005789,18,18,9720,18,18,0.000000,95.776132,1000,930944,3,0.000000,0.959184,1,2632,0,12373,0
100002167,attack_only,320.000000,360.000000,0.001944,100.000000,0.012886,18,18,9720,18,18,0.000000,22.677366,1000,220424,3,1.000000,1.000000,0,1621,0,16649,0
100002167,defense_only,420.000000,460.000000,0.001944,100.000000,0.007436,18,18,9720,18,18,0.000000,97.060905,1000,943432,3,1.000000,1.000000,0,2647,0,23022,0
100002169,baseline,120.000000,160.000000,0.001944,100.000000,0.032783,18,18,9720,18,18,0.000000,29.016461,1000,282040,6,1.000000,1.000000,0,1755,0,6444,0
100002169,defense_only,220.000000,260.000000,0.001944,100.000000,0.017877,18,18,9720,18,18,0.000000,97.326337,1000,946012,6,1.000000,1.000000,0,2374,0,12142,0
100002169,defense_vs_attack,320.000000,360.000000,0.001404,72.222222,0.025186,18,13,7020,13,18,27.777778,141.502564,1000,993348,6,0.000000,0.836735,1,2519,0,18193,0
100002169,attack_only,420.000000,460.000000,0.000000,0.000000,0.000000,18,0,0,0,18,100.000000,0.000000,1000,295056,6,1.000000,1.000000,0,1653,0,22477,0
100002176,defense_vs_attack,120.000000,160.000000,0.001296,66.666667,0.031153,18,12,6480,12,18,33.333333,126.486420,1000,819632,5,0.000000,0.816327,1,2484,0,8377,0
100002176,defense_only,220.000000,260.000000,0.001944,100.000000,0.018567,18,18,9720,18,18,0.000000,78.794650,1000,765884,5,1.000000,1.000000,0,2466,0,14524,0
100002176,baseline,320.000000,360.000000,0.001944,100.000000,0.016217,18,18,9720,18,18,0.000000,28.799177,1000,279928,5,1.000000,1.000000,0,1765,0,19076,0
100002176,attack_only,420.000000,460.000000,0.000000,0.000000,0.000000,18,0,0,0,18,100.000000,0.000000,1000,273412,5,1.000000,1.000000,0,1733,0,23269,0
100002180,attack_only,120.000000,160.000000,0.000000,0.000000,0.000000,18,0,0,0,18,100.000000,0.000000,1000,229152,10,1.000000,1.000000,0,1650,0,6258,0
100002180,baseline,220.000000,260.000000,0.001944,100.000000,0.039661,18,18,9720,18,18,0.000000,24.721811,1000,240296,9,1.000000,1.000000,0,1764,0,10412,0
100002180,defense_only,320.000000,360.000000,0.001944,100.000000,0.023844,18,18,9720,18,18,0.000000,83.237037,1000,809064,9,1.000000,1.000000,0,2596,0,16544,0
100002180,defense_vs_attack,420.000000,460.000000,0.001404,72.222222,0.037868,18,13,7020,13,18,27.777778,121.289459,1000,851452,9,0.000000,0.795918,2,2574,0,22961,0
100002181,defense_only,120.000000,160.000000,0.001944,100.000000,0.027706,18,18,9720,18,18,0.000000,90.157613,1000,876332,5,1.000000,1.000000,0,2567,0,8455,0
100002181,attack_only,220.000000,260.000000,0.001944,100.000000,0.009797,18,18,9720,18,18,0.000000,26.760905,1000,260116,5,1.000000,1.000000,0,1768,0,12945,0
100002181,baseline,320.000000,360.000000,0.001944,100.000000,0.021630,18,18,9720,18,18,0.000000,26.782716,1000,260328,5,1.000000,1.000000,0,1736,0,17196,0
100002181,defense_vs_attack,420.000000,460.000000,0.001944,100.000000,0.013258,18,18,9720,18,18,0.000000,92.404938,1000,898176,5,0.000000,0.795918,1,2608,0,23428,0
100002188,defense_vs_attack,120.000000,160.000000,0.000972,50.000000,0.031445,18,9,4860,9,18,50.000000,180.362963,1000,876564,5,0.000000,0.877551,1,2421,0,8045,0
100002188,defense_only,220.000000,260.000000,0.001944,100.000000,0.013650,18,18,9720,18,18,0.000000,91.994650,1000,894188,5,1.000000,1.000000,0,2444,0,14005,0
100002188,attack_only,320.000000,360.000000,0.000000,0.000000,0.000000,18,0,0,0,18,100.000000,0.000000,1000,239972,5,1.000000,1.000000,0,1649,0,18216,0
100002188,baseline,420.000000,460.000000,0.001944,100.000000,0.013547,18,18,9720,18,18,0.000000,23.911523,1000,232420,5,1.000000,1.000000,0,1606,0,22131,0
100002191,baseline,120.000000,160.000000,0.001944,100.000000,0.015487,18,18,9720,18,18,0.000000,30.279424,1000,294316,3,1.000000,1.000000,0,1669,0,6408,0
100002191,defense_only,220.000000,260.000000,0.001944,100.000000,0.006788,18,18,9720,18,18,0.000000,93.117695,1000,905104,3,1.000000,1.000000,0,2359,0,12210,0
100002191,attack_only,320.000000,360.000000,0.001944,100.000000,0.013421,18,18,9720,18,18,0.000000,29.880658,1000,290440,3,1.000000,1.000000,0,1642,0,16466,0
100002191,defense_vs_attack,420.000000,460.000000,0.001944,100.000000,0.007067,18,18,9720,18,18,0.000000,97.731687,1000,949952,3,0.000000,0.836735,1,2391,0,22257,0
100002189,attack_only,120.000000,160.000000,0.001944,100.000000,0.020504,18,18,9720,18,18,0.000000,29.235391,1000,284168,4,1.000000,1.000000,0,1670,0,6307,0
100002189,defense_vs_attack,220.000000,260.000000,0.001944,100.000000,0.008749,18,18,9720,18,18,0.000000,87.101235,1000,846624,4,0.000000,0.755102,1,2337,0,11974,0
100002189,defense_only,320.000000,360.000000,0.001944,100.000000,0.017177,18,18,9720,18,18,0.000000,77.905761,1000,757244,4,1.000000,1.000000,0,2334,0,17644,0
100002189,baseline,420.000000,460.000000,0.001944,100.000000,0.010523,18,18,9720,18,18,0.000000,27.753086,1000,269760,4,1.000000,1.000000,0,1638,0,21899,0
100002192,baseline,120.000000,160.000000,0.001944,100.000000,0.025857,18,18,9720,18,18,0.000000,25.870370,1000,251460,5,1.000000,1.000000,0,1716,0,6372,0
100002192,defense_only,220.000000,260.000000,0.001944,100.000000,0.016751,18,18,9720,18,18,0.000000,92.420988,1000,898332,5,1.000000,1.000000,0,2428,0,12323,0
100002192,defense_vs_attack,320.000000,360.000000,0.001188,64.705882,0.016797,17,11,5940,11,18,38.888889,148.354882,1000,881228,5,0.000000,0.775510,1,2393,0,18280,0
100002192,attack_only,420.000000,460.000000,0.001944,100.000000,0.015350,18,18,9720,18,18,0.000000,25.566667,1000,248508,5,1.000000,1.000000,0,1685,0,22563,0
100002193,defense_vs_attack,120.000000,160.000000,0.001944,100.000000,0.098352,18,18,9720,18,18,0.000000,90.507407,1000,879732,8,0.000000,0.877551,1,2806,0,9073,0
100002193,attack_only,220.000000,260.000000,0.001944,100.000000,0.016361,18,18,9720,18,18,0.000000,32.862140,1000,319420,8,1.000000,1.000000,0,1985,0,13996,0
100002193,defense_only,320.000000,360.000000,0.001944,100.000000,0.035815,18,18,9720,18,18,0.000000,92.453086,1000,898644,8,1.000000,1.000000,0,2765,0,20729,0
100002193,baseline,420.000000,460.000000,0.001944,100.000000,0.020502,18,18,9720,18,18,0.000000,32.020988,1000,311244,8,1.000000,1.000000,0,1903,0,25589,0
100002196,defense_only,120.000000,160.000000,0.001944,100.000000,0.021653,18,18,9720,18,18,0.000000,96.553498,1000,938500,4,1.000000,1.000000,0,2341,0,7821,0
100002196,baseline,220.000000,260.000000,0.001944,100.000000,0.008315,18,18,9720,18,18,0.000000,26.990123,1000,262344,4,1.000000,1.000000,0,1638,0,12021,0
100002196,defense_vs_attack,320.000000,360.000000,0.001404,72.222222,0.035441,18,13,7020,13,18,27.777778,123.543020,1000,867272,5,0.000000,0.795918,2,2482,0,17848,0
100002196,attack_only,420.000000,460.000000,0.000000,0.000000,0.000000,18,0,0,0,18,100.000000,0.000000,1000,259276,4,1.000000,1.000000,0,1596,0,22022,0
100002195,baseline,120.000000,160.000000,0.001944,100.000000,0.068015,18,18,9720,18,18,0.000000,25.804938,1000,250824,12,1.000000,1.000000,0,1890,0,6745,0
100002195,defense_only,220.000000,260.000000,0.001944,100.000000,0.028668,18,18,9720,18,18,0.000000,85.483128,1000,830896,12,1.000000,1.000000,0,2850,0,13327,0
100002195,defense_vs_attack,320.000000,360.000000,0.001404,72.222222,0.045447,18,13,7020,13,18,27.777778,119.796011,1000,840968,12,0.000000,0.897959,1,2782,0,19952,0
100002195,attack_only,420.000000,460.000000,0.000000,0.000000,0.000000,18,0,0,0,18,100.000000,0.000000,1000,252772,12,1.000000,1.000000,0,1708,0,24389,0
100002198,baseline,120.000000,160.000000,0.001944,100.000000,0.031674,18,18,9720,18,18,0.000000,27.574897,1000,268028,6,1.000000,1.000000,0,1706,0,6281,0
100002198,defense_only,220.000000,260.000000,0.001944,100.000000,0.011890,18,18,9720,18,18,0.000000,101.863786,1000,990116,6,1.000000,1.000000,0,2526,0,12232,0
100002198,defense_vs_attack,320.000000,360.000000,0.001188,61.111111,0.025928,18,11,5940,11,18,38.888889,168.843771,1000,1002932,6,0.000000,0.795918,1,2761,0,18598,0
100002198,attack_only,420.000000,460.000000,0.001944,100.000000,0.017928,18,18,9720,18,18,0.000000,28.216461,1000,274264,6,1.000000,1.000000,0,1713,0,22982,0
100002206,baseline,120.000000,160.000000,0.001944,100.000000,0.020905,18,18,9720,18,18,0.000000,29.865432,1000,290292,4,1.000000,1.000000,0,1862,0,7028,0
100002206,defense_only,220.000000,260.000000,0.001944,100.000000,0.007794,18,18,9720,18,18,0.000000,84.679012,1000,823080,4,1.000000,1.000000,0,2560,0,13268,0
100002206,attack_only,320.000000,360.000000,0.001944,100.000000,0.017448,18,18,9720,18,18,0.000000,29.541975,1000,287148,4,1.000000,1.000000,0,1845,0,17947,0
100002206,defense_vs_attack,420.000000,460.000000,0.001944,100.000000,0.010535,18,18,9720,18,18,0.000000,84.938272,1000,825600,4,0.000000,0.877551,2,2606,0,24193,0
100002212,baseline,120.000000,160.000000,0.001944,100.000000,0.025595,18,18,9720,18,18,0.000000,26.499588,1000,257576,5,1.000000,1.000000,0,1649,0,6277,0
100002212,defense_vs_attack,220.000000,260.000000,0.001944,100.000000,0.009851,18,18,9720,18,18,0.000000,85.233745,1000,828472,5,0.000000,0.816327,1,2411,0,12073,0
100002212,attack_only,320.000000,360.000000,0.000000,0.000000,0.000000,15,0,0,0,18,100.000000,0.000000,1000,241464,6,1.000000,1.000000,0,1629,0,16302,0
100002212,defense_only,420.000000,460.000000,0.001944,100.000000,0.020445,18,18,9720,18,18,0.000000,84.864198,1000,824880,5,1.000000,1.000000,0,2426,0,22098,0
100002211,defense_vs_attack,120.000000,160.000000,0.001944,100.000000,0.171265,18,18,9720,18,18,0.000000,84.741564,1000,823688,8,0.000000,0.816327,3,2633,0,8427,0
100002211,defense_only,220.000000,260.000000,0.001944,100.000000,0.020428,18,18,9720,18,18,0.000000,84.055967,1000,817024,7,1.000000,1.000000,0,2448,0,14308,0
100002211,attack_only,320.000000,360.000000,0.001944,100.000000,0.028161,18,18,9720,18,18,0.000000,27.953498,1000,271708,7,1.000000,1.000000,0,1772,0,18772,0
100002211,baseline,420.000000,460.000000,0.001944,100.000000,0.019626,18,18,9720,18,18,0.000000,26.678189,1000,259312,7,1.000000,1.000000,0,1782,0,23042,0
100002217,defense_vs_attack,120.000000,160.000000,0.001944,100.000000,0.015823,18,18,9720,18,18,0.000000,93.142798,1000,905348,3,0.000000,0.755102,1,2577,0,8410,0
100002217,defense_only,220.000000,260.000000,0.001944,100.000000,0.006130,18,18,9720,18,18,0.000000,91.300823,1000,887444,3,1.000000,1.000000,0,2503,0,14583,0
100002217,attack_only,320.000000,360.000000,0.001944,100.000000,0.012811,18,18,9720,18,18,0.000000,23.531687,1000,228728,3,1.000000,1.000000,0,1613,0,18783,0
100002217,baseline,420.000000,460.000000,0.001944,100.000000,0.007155,18,18,9720,18,18,0.000000,24.692181,1000,240008,3,1.000000,1.000000,0,1637,0,22767,0
100002219,attack_only,120.000000,160.000000,0.001944,100.000000,0.015025,18,18,9720,18,18,0.000000,30.235802,1000,293892,3,1.000000,1.000000,0,1787,0,6678,0
100002219,defense_vs_attack,220.000000,260.000000,0.001944,100.000000,0.006618,18,18,9720,18,18,0.000000,84.925926,1000,825480,3,0.000000,0.897959,1,2412,0,12508,0
100002219,defense_only,320.000000,360.000000,0.001944,100.000000,0.013369,18,18,9720,18,18,0.000000,82.790123,1000,804720,3,1.000000,1.000000,0,2348,0,18352,0
100002219,baseline,420.000000,460.000000,0.001944,100.000000,0.007183,18,18,9720,18,18,0.000000,28.586008,1000,277856,3,1.000000,1.000000,0,1756,0,22863,0
100002216,baseline,120.000000,160.000000,0.001944,100.000000,0.047478,18,18,9720,18,18,0.000000,21.662551,1000,210560,9,1.000000,1.000000,0,1655,0,6002,0
100002216,defense_vs_attack,220.000000,260.000000,0.001080,55.555556,0.028719,18,10,5400,10,18,44.444444,161.195556,1000,870456,9,0.000000,0.938776,1,2708,0,12285,0
100002216,attack_only,320.000000,360.000000,0.000000,0.000000,0.000000,18,0,0,0,18,100.000000,0.000000,1000,216816,9,1.000000,1.000000,0,1542,0,16393,0
100002216,defense_only,420.000000,460.000000,0.001944,100.000000,0.026392,18,18,9720,18,18,0.000000,91.684362,1000,891172,9,1.000000,1.000000,0,2654,0,22719,0
100002222,defense_vs_attack,120.000000,160.000000,0.001944,100.000000,0.049050,18,18,9720,18,18,0.000000,76.513580,1000,743712,9,0.000000,0.816327,1,2609,0,8440,0
100002222,attack_only,220.000000,260.000000,0.001944,100.000000,0.018576,18,18,9720,18,18,0.000000,26.034979,1000,253060,9,1.000000,1.000000,0,1823,0,12921,0
100002222,baseline,320.000000,360.000000,0.001944,100.000000,0.039098,18,18,9720,18,18,0.000000,25.397119,1000,246860,9,1.000000,1.000000,0,1859,0,17269,0
100002222,defense_only,420.000000,460.000000,0.001944,100.000000,0.022744,18,18,9720,18,18,0.000000,74.857613,1000,727616,9,1.000000,1.000000,0,2658,0,23547,0
100002221,attack_only,120.000000,160.000000,0.000000,0.000000,0.000000,18,0,0,0,18,100.000000,0.000000,1000,299788,7,1.000000,1.000000,0,1805,0,6772,0
100002221,defense_vs_attack,220.000000,260.000000,0.001404,72.222222,0.035779,18,13,7020,13,18,27.777778,120.713390,1000,847408,8,0.000000,0.836735,1,2562,0,12786,0
100002221,baseline,320.000000,360.000000,0.001944,100.000000,0.024901,18,18,9720,18,18,0.000000,31.632922,1000,307472,7,1.000000,1.000000,0,1844,0,17399,0
100002221,defense_only,420.000000,460.000000,0.001944,100.000000,0.022476,18,18,9720,18,18,0.000000,88.533333,1000,860544,7,1.000000,1.000000,0,2587,0,23495,0
100002224,defense_vs_attack,120.000000,160.000000,0.001944,100.000000,0.015391,18,18,9720,18,18,0.000000,76.025514,1000,738968,3,0.000000,0.918367,1,2356,0,8191,0
100002224,baseline,220.000000,260.000000,0.001944,100.000000,0.006031,18,18,9720,18,18,0.000000,24.009053,1000,233368,3,1.000000,1.000000,0,1627,0,12421,0
100002224,defense_only,320.000000,360.000000,0.001944,100.000000,0.013043,18,18,9720,18,18,0.000000,91.857202,1000,892852,3,1.000000,1.000000,0,2581,0,18629,0
100002224,attack_only,420.000000,460.000000,0.001944,100.000000,0.007536,18,18,9720,18,18,0.000000,24.707407,1000,240156,3,1.000000,1.000000,0,1609,0,22852,0
100002227,attack_only,120.000000,160.000000,0.001944,100.000000,0.020453,18,18,9720,18,18,0.000000,36.549383,1000,355260,4,1.000000,1.000000,0,1970,0,7426,0
100002227,defense_only,220.000000,260.000000,0.001944,100.000000,0.008165,18,18,9720,18,18,0.000000,89.834156,1000,873188,4,1.000000,1.000000,0,2456,0,13414,0
100002227,baseline,320.000000,360.000000,0.001944,100.000000,0.017486,18,18,9720,18,18,0.000000,35.788477,1000,347864,4,1.000000,1.000000,0,1950,0,18363,0
100002227,defense_vs_attack,420.000000,460.000000,0.001836,94.444444,0.019659,18,17,9180,17,18,5.555556,96.597386,1000,886764,4,0.000000,0.816327,1,2566,0,24530,0
100002232,attack_only,120.000000,160.000000,0.000000,0.000000,0.000000,18,0,0,0,18,100.000000,0.000000,1000,257280,5,1.000000,1.000000,0,1675,0,6346,0
100002232,baseline,220.000000,260.000000,0.001944,100.000000,0.020257,18,18,9720,18,18,0.000000,25.998354,1000,252704,5,1.000000,1.000000,0,1747,0,10536,0
100002232,defense_vs_attack,320.000000,360.000000,0.000324,16.666667,0.060637,18,3,1620,3,18,83.333333,523.412346,1000,847928,9,0.000000,0.938776,1,3224,0,17346,0
100002232,defense_only,420.000000,460.000000,0.001944,100.000000,0.013001,18,18,9720,18,18,0.000000,81.111111,1000,788400,5,1.000000,1.000000,0,2508,0,23535,0
100002237,attack_only,120.000000,160.000000,0.000000,0.000000,0.000000,18,0,0,0,18,100.000000,0.000000,1000,244436,5,1.000000,1.000000,0,1600,0,6035,0
100002237,defense_only,220.000000,260.000000,0.001944,100.000000,0.014751,18,18,9720,18,18,0.000000,94.205350,1000,915676,5,1.000000,1.000000,0,2474,0,12003,0
100002237,baseline,320.000000,360.000000,0.001944,100.000000,0.017636,18,18,9720,18,18,0.000000,25.197942,1000,244924,5,1.000000,1.000000,0,1615,0,16102,0
100002237,defense_vs_attack,420.000000,460.000000,0.001296,75.000000,0.019279,16,12,6480,12,18,33.333333,132.936420,1000,861428,5,0.000000,0.816327,5,2547,0,22119,0
100002238,defense_vs_attack,120.000000,160.000000,0.001944,100.000000,0.020518,18,18,9720,18,18,0.000000,96.426749,1000,937268,4,0.000000,0.877551,1,2350,0,8076,0
100002238,attack_only,220.000000,260.000000,0.001944,100.000000,0.008325,18,18,9720,18,18,0.000000,29.502058,1000,286760,4,1.000000,1.000000,0,1699,0,12437,0
100002238,baseline,320.000000,360.000000,0.001944,100.000000,0.016748,18,18,9720,18,18,0.000000,29.258436,1000,284392,4,1.000000,1.000000,0,1729,0,16572,0
100002238,defense_only,420.000000,460.000000,0.001944,100.000000,0.010911,18,18,9720,18,18,0.000000,98.403704,1000,956484,4,1.000000,1.000000,0,2285,0,22237,0
100002241,baseline,120.000000,160.000000,0.001944,100.000000,0.036446,18,18,9720,18,18,0.000000,30.381070,1000,295304,7,1.000000,1.000000,0,1793,0,6590,0
100002241,defense_vs_attack,220.000000,260.000000,0.001296,66.666667,0.027381,18,12,6480,12,18,33.333333,137.153704,1000,888756,7,0.000000,0.918367,1,2448,0,12399,0
100002241,attack_only,320.000000,360.000000,0.001944,100.000000,0.027914,18,18,9720,18,18,0.000000,30.958848,1000,300920,7,1.000000,1.000000,0,1786,0,16863,0
100002241,defense_only,420.000000,460.000000,0.001944,100.000000,0.027002,18,18,9720,18,18,0.000000,91.388477,1000,888296,7,1.000000,1.000000,0,2447,0,22625,0
100002239,defense_vs_attack,120.000000,160.000000,0.001944,100.000000,0.031562,18,18,9720,18,18,0.000000,91.171605,1000,886188,6,0.000000,0.775510,1,2576,0,8609,0
100002239,baseline,220.000000,260.000000,0.001944,100.000000,0.011894,18,18,9720,18,18,0.000000,30.274486,1000,294268,6,1.000000,1.000000,0,1826,0,13266,0
100002239,defense_only,320.000000,360.000000,0.001944,100.000000,0.026066,18,18,9720,18,18,0.000000,82.254321,1000,799512,6,1.000000,1.000000,0,2569,0,19526,0
100002239,attack_only,420.000000,460.000000,0.001944,100.000000,0.014366,18,18,9720,18,18,0.000000,30.216872,1000,293708,6,1.000000,1.000000,0,1790,0,24047,0
100002242,defense_only,120.000000,160.000000,0.001944,100.000000,0.054177,18,18,9720,18,18,0.000000,84.075309,1000,817212,10,1.000000,1.000000,0,2718,0,8711,0
100002242,defense_vs_attack,220.000000,260.000000,0.001080,55.555556,0.023472,18,10,5400,10,18,44.444444,148.124444,1000,799872,10,0.000000,0.877551,1,2488,0,14975,0
100002242,attack_only,320.000000,360.000000,0.000000,0.000000,0.000000,18,0,0,0,18,100.000000,0.000000,1000,261396,10,1.000000,1.000000,0,1720,0,19482,0
100002242,baseline,420.000000,460.000000,0.001944,100.000000,0.034095,18,18,9720,18,18,0.000000,26.231276,1000,254968,10,1.000000,1.000000,0,1840,0,23834,0
100002243,defense_vs_attack,120.000000,160.000000,0.001944,100.000000,0.037624,18,18,9720,18,18,0.000000,84.456379,1000,820916,7,0.000000,0.938776,1,2619,0,8449,0
100002243,attack_only,220.000000,260.000000,0.001944,100.000000,0.021165,18,18,9720,18,18,0.000000,24.924691,1000,242268,7,1.000000,1.000000,0,1742,0,12852,0
100002243,baseline,320.000000,360.000000,0.001944,100.000000,0.025776,18,18,9720,18,18,0.000000,23.800823,1000,231344,7,1.000000,1.000000,0,1676,0,16852,0
100002243,defense_only,420.000000,460.000000,0.001944,100.000000,0.016827,18,18,9720,18,18,0.000000,85.065432,1000,826836,7,1.000000,1.000000,0,2604,0,23131,0
100002244,defense_only,120.000000,160.000000,0.001944,100.000000,0.109708,18,18,9720,18,18,0.000000,91.856379,1000,892844,10,1.000000,1.000000,0,2825,0,8982,0
100002244,defense_vs_attack,220.000000,260.000000,0.000000,0.000000,0.000000,0,0,0,0,18,100.000000,0.000000,1000,603696,0,0.000000,0.897959,1,2268,0,15198,0
100002244,baseline,320.000000,360.000000,0.001944,100.000000,0.020942,18,18,9720,18,18,0.000000,20.417284,1000,198456,10,1.000000,1.000000,0,1669,0,19442,0
100002244,attack_only,420.000000,460.000000,0.000000,0.000000,0.000000,18,0,0,0,18,100.000000,0.000000,1000,204688,10,1.000000,1.000000,0,1583,0,23283,0
100002245,attack_only,120.000000,160.000000,0.001944,100.000000,0.035930,18,18,9720,18,18,0.000000,25.291358,1000,245832,7,1.000000,1.000000,0,1701,0,6180,0
100002245,baseline,220.000000,260.000000,0.001944,100.000000,0.013970,18,18,9720,18,18,0.000000,24.882305,1000,241856,7,1.000000,1.000000,0,1659,0,10162,0
100002245,defense_only,320.000000,360.000000,0.001944,100.000000,0.030990,18,18,9720,18,18,0.000000,98.582305,1000,958220,7,1.000000,1.000000,0,2416,0,15908,0
100002245,defense_vs_attack,420.000000,460.000000,0.001512,77.777778,0.018065,18,14,7560,14,18,22.222222,126.828571,1000,958824,7,0.000000,0.775510,1,2426,0,21950,0
100002251,attack_only,120.000000,160.000000,0.001944,100.000000,0.025836,18,18,9720,18,18,0.000000,28.128807,1000,273412,5,1.000000,1.000000,0,1755,0,6525,0
100002251,defense_only,220.000000,260.000000,0.001944,100.000000,0.010463,18,18,9720,18,18,0.000000,92.390123,1000,898032,5,1.000000,1.000000,0,2453,0,12417,0
100002251,defense_vs_attack,320.000000,360.000000,0.001944,100.000000,0.024546,18,18,9720,18,18,0.000000,91.433333,1000,888732,5,0.000000,0.897959,3,2499,0,18413,0
100002251,baseline,420.000000,460.000000,0.001944,100.000000,0.010860,18,18,9720,18,18,0.000000,27.799588,1000,270212,5,1.000000,1.000000,0,1683,0,22829,0
100002246,defense_only,120.000000,160.000000,0.001944,100.000000,0.016482,18,18,9720,18,18,0.000000,106.660082,1000,1036736,3,1.000000,1.000000,0,2313,0,7992,0
100002246,baseline,220.000000,260.000000,0.001944,100.000000,0.005826,18,18,9720,18,18,0.000000,32.749794,1000,318328,3,1.000000,1.000000,0,1730,0,12439,0
100002246,attack_only,320.000000,360.000000,0.001944,100.000000,0.012587,18,18,9720,18,18,0.000000,32.910700,1000,319892,3,1.000000,1.000000,0,1805,0,16775,0
100002246,defense_vs_attack,420.000000,460.000000,0.001728,88.888889,0.007931,18,16,8640,16,18,11.111111,122.209259,1000,1055888,3,0.000000,0.816327,1,2305,0,22418,0
100002249,defense_vs_attack,120.000000,160.000000,0.001944,100.000000,0.016292,18,18,9720,18,18,0.000000,83.962551,1000,816116,3,0.000000,0.877551,1,2375,0,8183,0
100002249,attack_only,220.000000,260.000000,0.001944,100.000000,0.005930,18,18,9720,18,18,0.000000,28.139506,1000,273516,3,1.000000,1.000000,0,1722,0,12643,0
100002249,defense_only,320.000000,360.000000,0.001944,100.000000,0.013855,18,18,9720,18,18,0.000000,79.287243,1000,770672,3,1.000000,1.000000,0,2460,0,18408,0
100002249,baseline,420.000000,460.000000,0.001944,100.000000,0.010848,18,18,9720,18,18,0.000000,26.556379,1000,258128,3,1.000000,1.000000,0,1687,0,22757,0
100002254,attack_only,120.000000,160.000000,0.001944,100.000000,0.031498,18,18,9720,18,18,0.000000,19.920165,1000,193624,6,1.000000,1.000000,0,1562,0,5696,0
100002254,baseline,220.000000,260.000000,0.001944,100.000000,0.012730,18,18,9720,18,18,0.000000,20.845267,1000,202616,6,1.000000,1.000000,0,1551,0,9386,0
100002254,defense_vs_attack,320.000000,360.000000,0.001404,72.222222,0.027561,18,13,7020,13,18,27.777778,127.145299,1000,892560,7,0.000000,0.897959,1,2457,0,15226,0
100002254,defense_only,420.000000,460.000000,0.001944,100.000000,0.016575,18,18,9720,18,18,0.000000,90.144444,1000,876204,6,1.000000,1.000000,0,2448,0,21205,0
100002253,defense_vs_attack,120.000000,160.000000,0.001944,100.000000,0.021221,18,18,9720,18,18,0.000000,102.302058,1000,994376,4,0.000000,0.857143,1,2374,0,7925,0
100002253,defense_only,220.000000,260.000000,0.001944,100.000000,0.008609,18,18,9720,18,18,0.000000,103.533745,1000,1006348,4,1.000000,1.000000,0,2471,0,13837,0
100002253,baseline,320.000000,360.000000,0.001944,100.000000,0.016890,18,18,9720,18,18,0.000000,26.659671,1000,259132,4,1.000000,1.000000,0,1608,0,17961,0
100002253,attack_only,420.000000,460.000000,0.001944,100.000000,0.011298,18,18,9720,18,18,0.000000,27.284362,1000,265204,4,1.000000,1.000000,0,1617,0,21929,0
100002260,baseline,120.000000,160.000000,0.001944,100.000000,0.015284,18,18,9720,18,18,0.000000,30.312757,1000,294640,3,1.000000,1.000000,0,1744,0,6697,0
100002260,defense_vs_attack,220.000000,260.000000,0.001944,100.000000,0.007224,18,18,9720,18,18,0.000000,96.032510,1000,933436,3,0.000000,0.857143,1,2436,0,12591,0
100002260,attack_only,320.000000,360.000000,0.001944,100.000000,0.012811,18,18,9720,18,18,0.000000,31.029218,1000,301604,3,1.000000,1.000000,0,1699,0,17062,0
100002260,defense_only,420.000000,460.000000,0.001944,100.000000,0.008219,18,18,9720,18,18,0.000000,97.572428,1000,948404,3,1.000000,1.000000,0,2453,0,23118,0
100002262,attack_only,120.000000,160.000000,0.001944,100.000000,0.015382,18,18,9720,18,18,0.000000,29.373663,1000,285512,3,1.000000,1.000000,0,1750,0,6636,0
100002262,baseline,220.000000,260.000000,0.001944,100.000000,0.005858,18,18,9720,18,18,0.000000,29.183539,1000,283664,3,1.000000,1.000000,0,1772,0,10933,0
100002262,defense_vs_attack,320.000000,360.000000,0.001944,100.000000,0.013149,18,18,9720,18,18,0.000000,70.583951,1000,686076,3,0.000000,0.897959,1,2306,0,16690,0
100002262,defense_only,420.000000,460.000000,0.001944,100.000000,0.007364,18,18,9720,18,18,0.000000,100.233333,1000,974268,3,1.000000,1.000000,0,2524,0,22867,0
100002270,defense_only,120.000000,160.000000,0.001944,100.000000,0.020466,18,18,9720,18,18,0.000000,85.925103,1000,835192,4,1.000000,1.000000,0,2404,0,8006,0
100002270,attack_only,220.000000,260.000000,0.001944,100.000000,0.008155,18,18,9720,18,18,0.000000,28.202469,1000,274128,4,1.000000,1.000000,0,1657,0,12180,0
100002270,baseline,320.000000,360.000000,0.001944,100.000000,0.017227,18,18,9720,18,18,0.000000,27.365844,1000,265996,4,1.000000,1.000000,0,1673,0,16200,0
100002270,defense_vs_attack,420.000000,460.000000,0.001944,100.000000,0.009898,18,18,9720,18,18,0.000000,94.011934,1000,913796,4,0.000000,0.775510,1,2441,0,22102,0
100002271,attack_only,120.000000,160.000000,0.001944,100.000000,0.020959,18,18,9720,18,18,0.000000,27.304527,1000,265400,4,1.000000,1.000000,0,1729,0,6527,0
100002271,defense_vs_attack,220.000000,260.000000,0.001512,77.777778,0.092467,18,14,7560,14,18,22.222222,110.064550,1000,832088,4,0.000000,0.755102,1,2406,0,12331,0
100002271,baseline,320.000000,360.000000,0.001944,100.000000,0.015724,18,18,9720,18,18,0.000000,27.850206,1000,270704,4,1.000000,1.000000,0,1786,0,16823,0
100002271,defense_only,420.000000,460.000000,0.001944,100.000000,0.012002,18,18,9720,18,18,0.000000,82.673663,1000,803588,4,1.000000,1.000000,0,2434,0,22621,0
100002269,attack_only,120.000000,160.000000,0.001944,100.000000,0.041192,18,18,9720,18,18,0.000000,28.204115,1000,274144,8,1.000000,1.000000,0,1865,0,6633,0
100002269,defense_only,220.000000,260.000000,0.001944,100.000000,0.015975,18,18,9720,18,18,0.000000,92.658848,1000,900644,8,1.000000,1.000000,0,2547,0,12773,0
100002269,baseline,320.000000,360.000000,0.001944,100.000000,0.034377,18,18,9720,18,18,0.000000,26.714815,1000,259668,8,1.000000,1.000000,0,1785,0,17231,0
100002269,defense_vs_attack,420.000000,460.000000,0.001944,100.000000,0.019846,18,18,9720,18,18,0.000000,92.281893,1000,896980,8,0.000000,0.836735,1,2566,0,23295,0
100002273,defense_vs_attack,120.000000,160.000000,0.001944,100.000000,0.022488,18,18,9720,18,18,0.000000,100.539506,1000,977244,4,0.000000,0.857143,1,2366,0,7921,0
100002273,defense_only,220.000000,260.000000,0.001944,100.000000,0.007915,18,18,9720,18,18,0.000000,98.381481,1000,956268,4,1.000000,1.000000,0,2329,0,13715,0
100002273,attack_only,320.000000,360.000000,0.001944,100.000000,0.017176,18,18,9720,18,18,0.000000,28.709877,1000,279060,4,1.000000,1.000000,0,1663,0,17936,0
100002273,baseline,420.000000,460.000000,0.001944,100.000000,0.009621,18,18,9720,18,18,0.000000,28.218107,1000,274280,4,1.000000,1.000000,0,1657,0,22020,0
100002276,defense_only,120.000000,160.000000,0.001944,100.000000,0.026831,18,18,9720,18,18,0.000000,85.259259,1000,828720,5,1.000000,1.000000,0,2485,0,8357,0
100002276,baseline,220.000000,260.000000,0.001944,100.000000,0.010230,18,18,9720,18,18,0.000000,31.425103,1000,305452,5,1.000000,1.000000,0,1797,0,12931,0
100002276,defense_vs_attack,320.000000,360.000000,0.001404,72.222222,0.034678,18,13,7020,13,18,27.777778,126.218803,1000,886056,5,0.000000,0.836735,1,2555,0,18969,0
100002276,attack_only,420.000000,460.000000,0.000000,0.000000,0.000000,18,0,0,0,18,100.000000,0.000000,1000,295136,5,1.000000,1.000000,0,1791,0,23499,0
100002279,attack_only,120.000000,160.000000,0.000000,0.000000,0.000000,18,0,0,0,18,100.000000,0.000000,1000,258340,5,1.000000,1.000000,0,1710,0,6526,0
100002279,baseline,220.000000,260.000000,0.001944,100.000000,0.016230,18,18,9720,18,18,0.000000,26.028395,1000,252996,5,1.000000,1.000000,0,1762,0,10741,0
100002279,defense_vs_attack,320.000000,360.000000,0.000972,50.000000,0.032655,18,9,4860,9,18,50.000000,169.494650,1000,823744,6,0.000000,0.836735,1,2655,0,17048,0
100002279,defense_only,420.000000,460.000000,0.001944,100.000000,0.015668,18,18,9720,18,18,0.000000,86.600000,1000,841752,5,1.000000,1.000000,0,2538,0,23318,0
100002281,defense_only,120.000000,160.000000,0.001944,100.000000,0.015678,18,18,9720,18,18,0.000000,94.553498,1000,919060,3,1.000000,1.000000,0,2443,0,8218,0
100002281,defense_vs_attack,220.000000,260.000000,0.001944,100.000000,0.006360,18,18,9720,18,18,0.000000,92.562551,1000,899708,3,0.000000,0.857143,1,2425,0,14186,0
100002281,attack_only,320.000000,360.000000,0.001944,100.000000,0.012849,18,18,9720,18,18,0.000000,29.192593,1000,283752,3,1.000000,1.000000,0,1667,0,18573,0
100002281,baseline,420.000000,460.000000,0.001944,100.000000,0.007066,18,18,9720,18,18,0.000000,28.480658,1000,276832,3,1.000000,1.000000,0,1680,0,22683,0
100002285,attack_only,120.000000,160.000000,0.001944,100.000000,0.021476,18,18,9720,18,18,0.000000,23.585185,1000,229248,4,1.000000,1.000000,0,1592,0,6006,0
100002285,defense_vs_attack,220.000000,260.000000,0.001944,100.000000,0.008211,18,18,9720,18,18,0.000000,89.002058,1000,865100,4,0.000000,0.836735,1,2409,0,11882,0
100002285,baseline,320.000000,360.000000,0.001944,100.000000,0.016962,18,18,9720,18,18,0.000000,22.527984,1000,218972,4,1.000000,1.000000,0,1570,0,15949,0
100002285,defense_only,420.000000,460.000000,0.001944,100.000000,0.010423,18,18,9720,18,18,0.000000,84.575309,1000,822072,4,1.000000,1.000000,0,2345,0,21628,0
100002284,defense_vs_attack,120.000000,160.000000,0.001944,100.000000,0.026289,18,18,9720,18,18,0.000000,92.983951,1000,903804,5,0.000000,0.938776,1,2561,0,8858,0
100002284,attack_only,220.000000,260.000000,0.001944,100.000000,0.009872,18,18,9720,18,18,0.000000,36.724691,1000,356964,5,1.000000,1.000000,0,1900,0,13694,0
100002284,baseline,320.000000,360.000000,0.001944,100.000000,0.021684,18,18,9720,18,18,0.000000,36.129218,1000,351176,5,1.000000,1.000000,0,1939,0,18417,0
100002284,defense_only,420.000000,460.000000,0.001944,100.000000,0.013682,18,18,9720,18,18,0.000000,94.348971,1000,917072,5,1.000000,1.000000,0,2603,0,24717,0
100002283,defense_vs_attack,120.000000,160.000000,0.001512,77.777778,0.023877,18,14,7560,14,18,22.222222,129.957143,1000,982476,4,0.000000,0.755102,1,2462,0,8122,0
100002283,attack_only,220.000000,260.000000,0.000000,0.000000,0.000000,18,0,0,0,18,100.000000,0.000000,1000,269712,4,1.000000,1.000000,0,1673,0,12495,0
100002283,baseline,320.000000,360.000000,0.001944,100.000000,0.013918,18,18,9720,18,18,0.000000,28.482716,1000,276852,4,1.000000,1.000000,0,1715,0,16631,0
100002283,defense_only,420.000000,460.000000,0.001944,100.000000,0.011189,18,18,9720,18,18,0.000000,101.868724,1000,990164,4,1.000000,1.000000,0,2430,0,22497,0
100002288,defense_only,120.000000,160.000000,0.001944,100.000000,0.016429,18,18,9720,18,18,0.000000,83.291770,1000,809596,3,1.000000,1.000000,0,2520,0,8271,0
100002288,defense_vs_attack,220.000000,260.000000,0.001944,100.000000,0.005905,18,18,9720,18,18,0.000000,76.525926,1000,743832,3,0.000000,0.877551,1,2497,0,14441,0
100002288,attack_only,320.000000,360.000000,0.001944,100.000000,0.012979,18,18,9720,18,18,0.000000,23.577778,1000,229176,3,1.000000,1.000000,0,1619,0,18641,0
100002288,baseline,420.000000,460.000000,0.001944,100.000000,0.007132,18,18,9720,18,18,0.000000,22.784362,1000,221464,3,1.000000,1.000000,0,1594,0,22523,0
100002292,defense_only,120.000000,160.000000,0.001944,100.000000,0.015400,18,18,9720,18,18,0.000000,92.181070,1000,896000,3,1.000000,1.000000,0,2481,0,8482,0
100002292,baseline,220.000000,260.000000,0.001944,100.000000,0.005887,18,18,9720,18,18,0.000000,28.241564,1000,274508,3,1.000000,1.000000,0,1786,0,13060,0
100002292,attack_only,320.000000,360.000000,0.000000,0.000000,0.000000,18,0,0,0,18,100.000000,0.000000,1000,284856,4,1.000000,1.000000,0,1777,0,17473,0
100002292,defense_vs_attack,420.000000,460.000000,0.001188,61.111111,0.016770,18,11,5940,11,18,38.888889,151.567003,1000,900308,4,0.000000,0.897959,1,2437,0,23600,0
100002294,attack_only,120.000000,160.000000,0.000000,0.000000,0.000000,18,0,0,0,18,100.000000,0.000000,1000,271072,10,1.000000,1.000000,0,1799,0,6686,0
100002294,defense_vs_attack,220.000000,260.000000,0.001836,94.444444,0.047938,18,17,9180,17,18,5.555556,88.556427,1000,812948,11,0.000000,0.959184,1,2708,0,12968,0
100002294,defense_only,320.000000,360.000000,0.001944,100.000000,0.038575,18,18,9720,18,18,0.000000,84.008642,1000,816564,10,1.000000,1.000000,0,2643,0,19335,0
100002294,baseline,420.000000,460.000000,0.001944,100.000000,0.029761,18,18,9720,18,18,0.000000,27.568313,1000,267964,10,1.000000,1.000000,0,1869,0,23917,0
100002297,defense_vs_attack,120.000000,160.000000,0.001944,100.000000,0.026409,18,18,9720,18,18,0.000000,86.513580,1000,840912,5,0.000000,0.857143,1,2512,0,8394,0
100002297,defense_only,220.000000,260.000000,0.001944,100.000000,0.010104,18,18,9720,18,18,0.000000,80.720165,1000,784600,5,1.000000,1.000000,0,2541,0,14656,0
100002297,attack_only,320.000000,360.000000,0.001944,100.000000,0.022388,18,18,9720,18,18,0.000000,28.468724,1000,276716,5,1.000000,1.000000,0,1810,0,19220,0
100002297,baseline,420.000000,460.000000,0.001944,100.000000,0.012534,18,18,9720,18,18,0.000000,27.413169,1000,266456,5,1.000000,1.000000,0,1790,0,23526,0
100002298,defense_vs_attack,120.000000,160.000000,0.001944,100.000000,0.015387,18,18,9720,18,18,0.000000,86.294650,1000,838784,3,0.000000,0.816327,1,2429,0,8396,0
100002298,defense_only,220.000000,260.000000,0.001944,100.000000,0.006457,18,18,9720,18,18,0.000000,86.136214,1000,837244,3,1.000000,1.000000,0,2462,0,14311,0
100002298,attack_only,320.000000,360.000000,0.001944,100.000000,0.012637,18,18,9720,18,18,0.000000,33.157613,1000,322292,3,1.000000,1.000000,0,1834,0,19008,0
100002298,baseline,420.000000,460.000000,0.001944,100.000000,0.007446,18,18,9720,18,18,0.000000,33.841975,1000,328944,3,1.000000,1.000000,0,1856,0,23528,0
100002301,attack_only,120.000000,160.000000,0.001944,100.000000,0.021572,18,18,9720,18,18,0.000000,32.236214,1000,313336,4,1.000000,1.000000,0,1890,0,7038,0
100002301,baseline,220.000000,260.000000,0.001944,100.000000,0.007879,18,18,9720,18,18,0.000000,32.370370,1000,314640,4,1.000000,1.000000,0,1865,0,11632,0
100002301,defense_vs_attack,320.000000,360.000000,0.001728,88.888889,0.018781,18,16,8640,16,18,11.111111,93.152315,1000,804836,4,0.000000,0.836735,1,2512,0,17648,0
100002301,defense_only,420.000000,460.000000,0.001944,100.000000,0.011216,18,18,9720,18,18,0.000000,86.530453,1000,841076,4,1.000000,1.000000,0,2441,0,23756,0
100002300,defense_vs_attack,120.000000,160.000000,0.001944,100.000000,0.027156,18,18,9720,18,18,0.000000,93.646914,1000,910248,3,0.000000,0.836735,1,2475,0,8098,0
100002300,defense_only,220.000000,260.000000,0.001944,100.000000,0.008461,18,18,9720,18,18,0.000000,91.605761,1000,890408,3,1.000000,1.000000,0,2395,0,13972,0
100002300,attack_only,320.000000,360.000000,0.001944,100.000000,0.011011,18,18,9720,18,18,0.000000,26.651852,1000,259056,3,1.000000,1.000000,0,1617,0,18184,0
100002300,baseline,420.000000,460.000000,0.001944,100.000000,0.009041,18,18,9720,18,18,0.000000,26.433333,1000,256932,3,1.000000,1.000000,0,1601,0,22148,0
100002303,baseline,120.000000,160.000000,0.001944,100.000000,0.025292,18,18,9720,18,18,0.000000,32.788889,1000,318708,5,1.000000,1.000000,0,1763,0,6733,0
100002303,attack_only,220.000000,260.000000,0.000000,0.000000,0.000000,18,0,0,0,18,100.000000,0.000000,1000,348176,5,1.000000,1.000000,0,1778,0,11081,0
100002303,defense_only,320.000000,360.000000,0.001944,100.000000,0.011994,18,18,9720,18,18,0.000000,106.546091,1000,1035628,5,1.000000,1.000000,0,2375,0,16846,0
100002303,defense_vs_attack,420.000000,460.000000,0.001512,77.777778,0.022655,18,14,7560,14,18,22.222222,137.083598,1000,1036352,5,0.000000,0.836735,1,2435,0,22736,0
100002305,baseline,120.000000,160.000000,0.001944,100.000000,0.057168,18,18,9720,18,18,0.000000,23.978189,1000,233068,11,1.000000,1.000000,0,1724,0,6240,0
100002305,defense_vs_attack,220.000000,260.000000,0.001944,100.000000,0.034324,18,18,9720,18,18,0.000000,90.361728,1000,878316,11,0.000000,0.938776,1,2709,0,12731,0
100002305,defense_only,320.000000,360.000000,0.001944,100.000000,0.039119,18,18,9720,18,18,0.000000,96.969959,1000,942548,11,1.000000,1.000000,0,2653,0,19180,0
100002305,attack_only,420.000000,460.000000,0.001944,100.000000,0.026454,18,18,9720,18,18,0.000000,25.364609,1000,246544,11,1.000000,1.000000,0,1747,0,23545,0
100002310,defense_vs_attack,120.000000,160.000000,0.001944,100.000000,0.032339,18,18,9720,18,18,0.000000,89.826749,1000,873116,6,0.000000,0.918367,1,2760,0,8896,0
100002310,baseline,220.000000,260.000000,0.001944,100.000000,0.025810,18,18,9720,18,18,0.000000,30.058436,1000,292168,5,1.000000,1.000000,0,1829,0,13518,0
100002310,attack_only,320.000000,360.000000,0.000000,0.000000,0.000000,18,0,0,0,18,100.000000,0.000000,1000,294284,5,1.000000,1.000000,0,1760,0,17863,0
100002310,defense_only,420.000000,460.000000,0.001944,100.000000,0.015052,18,18,9720,18,18,0.000000,87.820988,1000,853620,5,1.000000,1.000000,0,2580,0,24131,0
100002308,defense_vs_attack,120.000000,160.000000,0.001944,100.000000,0.036595,18,18,9720,18,18,0.000000,89.731687,1000,872192,7,0.000000,0.979592,1,2746,0,8933,0
100002308,defense_only,220.000000,260.000000,0.001944,100.000000,0.014907,18,18,9720,18,18,0.000000,89.018930,1000,865264,7,1.000000,1.000000,0,2763,0,15644,0
100002308,baseline,320.000000,360.000000,0.001944,100.000000,0.031605,18,18,9720,18,18,0.000000,24.939918,1000,242416,7,1.000000,1.000000,0,1798,0,20251,0
100002308,attack_only,420.000000,460.000000,0.001944,100.000000,0.017835,18,18,9720,18,18,0.000000,26.422222,1000,256824,7,1.000000,1.000000,0,1888,0,24786,0
100002316,baseline,120.000000,160.000000,0.001944,100.000000,0.051820,18,18,9720,18,18,0.000000,27.606996,1000,268340,10,1.000000,1.000000,0,1890,0,6781,0
100002316,defense_vs_attack,220.000000,260.000000,0.001836,94.444444,0.020500,18,17,9180,17,18,5.555556,81.310240,1000,746428,10,0.000000,0.877551,1,2571,0,12847,0
100002316,defense_only,320.000000,360.000000,0.001944,100.000000,0.044023,18,18,9720,18,18,0.000000,75.563786,1000,734480,10,1.000000,1.000000,0,2527,0,18901,0
100002316,attack_only,420.000000,460.000000,0.001944,100.000000,0.025011,18,18,9720,18,18,0.000000,27.779835,1000,270020,10,1.000000,1.000000,0,1868,0,23526,0
100002319,defense_only,120.000000,160.000000,0.001944,100.000000,0.021160,18,18,9720,18,18,0.000000,83.822634,1000,814756,4,1.000000,1.000000,0,2392,0,7935,0
100002319,baseline,220.000000,260.000000,0.001944,100.000000,0.008330,18,18,9720,18,18,0.000000,27.636214,1000,268624,4,1.000000,1.000000,0,1637,0,12199,0
100002319,defense_vs_attack,320.000000,360.000000,0.000756,38.888889,0.215863,18,7,3780,7,18,61.111111,227.063492,1000,858300,0,0.000000,0.877551,2,2865,0,18478,0
100002319,attack_only,420.000000,460.000000,0.001944,100.000000,0.017197,18,18,9720,18,18,0.000000,27.893416,1000,271124,4,1.000000,1.000000,0,1658,0,22751,0
100002325,attack_only,120.000000,160.000000,0.001944,100.000000,0.036710,18,18,9720,18,18,0.000000,30.736214,1000,298756,7,1.000000,1.000000,0,1837,0,6590,0
100002325,defense_only,220.000000,260.000000,0.001944,100.000000,0.014008,18,18,9720,18,18,0.000000,95.045679,1000,923844,7,1.000000,1.000000,0,2491,0,12553,0
100002325,defense_vs_attack,320.000000,360.000000,0.001728,88.888889,0.038401,18,16,8640,16,18,11.111111,105.854630,1000,914584,7,0.000000,0.836735,1,2536,0,18758,0
100002325,baseline,420.000000,460.000000,0.001944,100.000000,0.028232,18,18,9720,18,18,0.000000,28.948148,1000,281376,7,1.000000,1.000000,0,1780,0,23196,0
100002324,defense_vs_attack,120.000000,160.000000,0.001944,100.000000,0.026217,18,18,9720,18,18,0.000000,97.063374,1000,943456,5,0.000000,0.816327,2,2471,0,8633,0
100002324,defense_only,220.000000,260.000000,0.001944,100.000000,0.009857,18,18,9720,18,18,0.000000,98.360082,1000,956060,5,1.000000,1.000000,0,2564,0,14901,0
100002324,baseline,320.000000,360.000000,0.001944,100.000000,0.021755,18,18,9720,18,18,0.000000,36.585185,1000,355608,5,1.000000,1.000000,0,1932,0,19767,0
100002324,attack_only,420.000000,460.000000,0.001944,100.000000,0.012103,18,18,9720,18,18,0.000000,35.676955,1000,346780,5,1.000000,1.000000,0,1862,0,24298,0
100002328,defense_only,120.000000,160.000000,0.001944,100.000000,0.021590,18,18,9720,18,18,0.000000,96.527572,1000,938248,4,1.000000,1.000000,0,2391,0,7768,0
100002328,attack_only,220.000000,260.000000,0.001944,100.000000,0.008249,18,18,9720,18,18,0.000000,27.537449,1000,267664,4,1.000000,1.000000,0,1577,0,11887,0
100002328,defense_vs_attack,320.000000,360.000000,0.001944,100.000000,0.019554,18,18,9720,18,18,0.000000,93.954733,1000,913240,4,0.000000,0.836735,1,2351,0,17630,0
100002328,baseline,420.000000,460.000000,0.001944,100.000000,0.009250,18,18,9720,18,18,0.000000,27.230453,1000,264680,4,1.000000,1.000000,0,1593,0,21702,0
100002335,attack_only,120.000000,160.000000,0.001944,100.000000,0.031374,18,18,9720,18,18,0.000000,30.455556,1000,296028,6,1.000000,1.000000,0,1808,0,6755,0
100002335,baseline,220.000000,260.000000,0.001944,100.000000,0.011965,18,18,9720,18,18,0.000000,29.364198,1000,285420,6,1.000000,1.000000,0,1794,0,11070,0
100002335,defense_vs_attack,320.000000,360.000000,0.001188,61.111111,0.034610,18,11,5940,11,18,38.888889,133.659259,1000,793936,6,0.000000,0.897959,2,2438,0,16925,0
100002335,defense_only,420.000000,460.000000,0.001944,100.000000,0.026614,18,18,9720,18,18,0.000000,81.753909,1000,794648,6,1.000000,1.000000,0,2438,0,22785,0
100002339,defense_only,120.000000,160.000000,0.001944,100.000000,0.025440,18,18,9720,18,18,0.000000,84.825103,1000,824500,5,1.000000,1.000000,0,2404,0,8012,0
100002339,baseline,220.000000,260.000000,0.001944,100.000000,0.009933,18,18,9720,18,18,0.000000,26.210700,1000,254768,5,1.000000,1.000000,0,1688,0,12265,0
100002339,defense_vs_attack,320.000000,360.000000,0.001080,55.555556,0.034288,18,10,5400,10,18,44.444444,138.124444,1000,745872,6,0.000000,0.857143,1,2372,0,18076,0
100002339,attack_only,420.000000,460.000000,0.000000,0.000000,0.000000,18,0,0,0,18,100.000000,0.000000,1000,255724,5,1.000000,1.000000,0,1579,0,22244,0
100002341,attack_only,120.000000,160.000000,0.000000,0.000000,0.000000,18,0,0,0,18,100.000000,0.000000,1000,282520,6,1.000000,1.000000,0,1708,0,6476,0
100002341,defense_only,220.000000,260.000000,0.001944,100.000000,0.020698,18,18,9720,18,18,0.000000,89.297942,1000,867976,5,1.000000,1.000000,0,2389,0,12250,0
100002341,defense_vs_attack,320.000000,360.000000,0.001944,100.000000,0.013443,18,18,9720,18,18,0.000000,90.497942,1000,879640,5,0.000000,0.857143,1,2421,0,18121,0
100002341,baseline,420.000000,460.000000,0.001944,100.000000,0.020233,18,18,9720,18,18,0.000000,29.457613,1000,286328,5,1.000000,1.000000,0,1704,0,22524,0
100002344,baseline,120.000000,160.000000,0.001944,100.000000,0.015507,18,18,9720,18,18,0.000000,29.334156,1000,285128,3,1.000000,1.000000,0,1782,0,6779,0
100002344,defense_only,220.000000,260.000000,0.001944,100.000000,0.006389,18,18,9720,18,18,0.000000,83.061317,1000,807356,3,1.000000,1.000000,0,2578,0,13008,0
100002344,attack_only,320.000000,360.000000,0.001944,100.000000,0.011673,18,18,9720,18,18,0.000000,27.240329,1000,264776,3,1.000000,1.000000,0,1751,0,17529,0
100002344,defense_vs_attack,420.000000,460.000000,0.001944,100.000000,0.009815,18,18,9720,18,18,0.000000,83.449794,1000,811132,3,0.000000,0.836735,1,2536,0,23719,0
100002342,attack_only,120.000000,160.000000,0.000000,0.000000,0.000000,18,0,0,0,18,100.000000,0.000000,1000,309988,6,1.000000,1.000000,0,1712,0,6509,0
100002342,defense_vs_attack,220.000000,260.000000,0.001512,77.777778,0.031601,18,14,7560,14,18,22.222222,136.369841,1000,1030956,6,0.000000,0.836735,1,2497,0,12317,0
100002342,defense_only,320.000000,360.000000,0.001944,100.000000,0.026010,18,18,9720,18,18,0.000000,106.041975,1000,1030728,6,1.000000,1.000000,0,2437,0,18187,0
100002342,baseline,420.000000,460.000000,0.001944,100.000000,0.015756,18,18,9720,18,18,0.000000,30.917695,1000,300520,6,1.000000,1.000000,0,1755,0,22671,0
100002350,baseline,120.000000,160.000000,0.001944,100.000000,0.020818,18,18,9720,18,18,0.000000,30.545267,1000,296900,4,1.000000,1.000000,0,1723,0,6537,0
100002350,defense_vs_attack,220.000000,260.000000,0.001944,100.000000,0.007794,18,18,9720,18,18,0.000000,89.189712,1000,866924,4,0.000000,0.836735,1,2321,0,12186,0
100002350,attack_only,320.000000,360.000000,0.001944,100.000000,0.017635,18,18,9720,18,18,0.000000,30.669547,1000,298108,4,1.000000,1.000000,0,1713,0,16547,0
100002350,defense_only,420.000000,460.000000,0.001944,100.000000,0.010135,18,18,9720,18,18,0.000000,91.243621,1000,886888,4,1.000000,1.000000,0,2349,0,22223,0
100002361,baseline,120.000000,160.000000,0.001944,100.000000,0.041148,18,18,9720,18,18,0.000000,24.637037,1000,239472,8,1.000000,1.000000,0,1795,0,6562,0
100002361,defense_vs_attack,220.000000,260.000000,0.001944,100.000000,0.017510,18,18,9720,18,18,0.000000,90.273251,1000,877456,8,0.000000,0.938776,1,2616,0,12884,0
100002361,attack_only,320.000000,360.000000,0.001944,100.000000,0.034224,18,18,9720,18,18,0.000000,26.424280,1000,256844,8,1.000000,1.000000,0,1812,0,17478,0
100002361,defense_only,420.000000,460.000000,0.001944,100.000000,0.021169,18,18,9720,18,18,0.000000,88.423045,1000,859472,8,1.000000,1.000000,0,2705,0,23863,0
100002363,attack_only,120.000000,160.000000,0.001944,100.000000,0.036129,18,18,9720,18,18,0.000000,31.218930,1000,303448,7,1.000000,1.000000,0,1817,0,6620,0
100002363,baseline,220.000000,260.000000,0.001944,100.000000,0.014030,18,18,9720,18,18,0.000000,31.121811,1000,302504,7,1.000000,1.000000,0,1787,0,10894,0
100002363,defense_vs_attack,320.000000,360.000000,0.001944,100.000000,0.031503,18,18,9720,18,18,0.000000,101.179835,1000,983468,7,0.000000,0.897959,1,2499,0,16946,0
100002363,defense_only,420.000000,460.000000,0.001944,100.000000,0.018417,18,18,9720,18,18,0.000000,103.995062,1000,1010832,7,1.000000,1.000000,0,2549,0,23085,0
100002372,baseline,120.000000,160.000000,0.001944,100.000000,0.020169,18,18,9720,18,18,0.000000,30.788066,1000,299260,4,1.000000,1.000000,0,1802,0,6855,0
100002372,defense_vs_attack,220.000000,260.000000,0.000756,38.888889,0.226441,18,7,3780,7,18,61.111111,242.270899,1000,915784,0,0.000000,0.918367,1,2899,0,13542,0
100002372,attack_only,320.000000,360.000000,0.000000,0.000000,0.000000,18,0,0,0,18,100.000000,0.000000,1000,298768,4,1.000000,1.000000,0,1783,0,18175,0
100002372,defense_only,420.000000,460.000000,0.001944,100.000000,0.012388,18,18,9720,18,18,0.000000,92.598765,1000,900060,4,1.000000,1.000000,0,2643,0,24424,0
100002377,attack_only,120.000000,160.000000,0.001944,100.000000,0.016280,18,18,9720,18,18,0.000000,28.671605,1000,278688,3,1.000000,1.000000,0,1639,0,6176,0
100002377,defense_only,220.000000,260.000000,0.001944,100.000000,0.008192,18,18,9720,18,18,0.000000,94.861317,1000,922052,3,1.000000,1.000000,0,2356,0,12018,0
100002377,defense_vs_attack,320.000000,360.000000,0.001404,72.222222,0.015462,18,13,7020,13,18,27.777778,133.115670,1000,934472,3,0.000000,0.918367,3,2542,0,18017,0
100002377,baseline,420.000000,460.000000,0.001944,100.000000,0.008567,18,18,9720,18,18,0.000000,28.178189,1000,273892,3,1.000000,1.000000,0,1639,0,22304,0
100002380,defense_vs_attack,120.000000,160.000000,0.001080,55.555556,0.031409,18,10,5400,10,18,44.444444,163.831852,1000,884692,5,0.000000,0.918367,1,2486,0,8260,0
100002380,attack_only,220.000000,260.000000,0.000000,0.000000,0.000000,17,0,0,0,18,100.000000,0.000000,1000,226940,5,1.000000,1.000000,0,1609,0,12453,0
100002380,baseline,320.000000,360.000000,0.001944,100.000000,0.016225,18,18,9720,18,18,0.000000,27.211523,1000,264496,5,1.000000,1.000000,0,1752,0,16634,0
100002380,defense_only,420.000000,460.000000,0.001944,100.000000,0.014713,18,18,9720,18,18,0.000000,85.313580,1000,829248,5,1.000000,1.000000,0,2493,0,22553,0
100002386,defense_only,120.000000,160.000000,0.001944,100.000000,0.021433,18,18,9720,18,18,0.000000,98.579424,1000,958192,4,1.000000,1.000000,0,2400,0,7836,0
100002386,baseline,220.000000,260.000000,0.001944,100.000000,0.014107,18,18,9720,18,18,0.000000,24.591358,1000,239028,4,1.000000,1.000000,0,1549,0,11833,0
100002386,defense_vs_attack,320.000000,360.000000,0.001728,100.000000,0.014540,16,16,8640,16,18,11.111111,109.043519,1000,942136,4,0.000000,0.877551,1,2430,0,17712,0
100002386,attack_only,420.000000,460.000000,0.001944,100.000000,0.010126,18,18,9720,18,18,0.000000,24.147737,1000,234716,4,1.000000,1.000000,0,1520,0,21711,0
100002387,defense_only,120.000000,160.000000,0.001944,100.000000,0.027274,18,18,9720,18,18,0.000000,95.210288,1000,925444,5,1.000000,1.000000,0,2435,0,8047,0
100002387,defense_vs_attack,220.000000,260.000000,0.000000,0.000000,0.000000,0,0,0,0,18,100.000000,0.000000,1000,752236,0,0.000000,0.857143,1,2217,0,13677,0
100002387,attack_only,320.000000,360.000000,0.000000,0.000000,0.000000,18,0,0,0,18,100.000000,0.000000,1000,272820,5,1.000000,1.000000,0,1603,0,17886,0
100002387,baseline,420.000000,460.000000,0.001944,100.000000,0.015314,18,18,9720,18,18,0.000000,28.533745,1000,277348,5,1.000000,1.000000,0,1720,0,21994,0
100002391,defense_only,120.000000,160.000000,0.001944,100.000000,0.025883,18,18,9720,18,18,0.000000,97.351440,1000,946256,5,1.000000,1.000000,0,2432,0,8146,0
100002391,baseline,220.000000,260.000000,0.001944,100.000000,0.009850,18,18,9720,18,18,0.000000,31.278189,1000,304024,5,1.000000,1.000000,0,1745,0,12518,0
100002391,attack_only,320.000000,360.000000,0.000000,0.000000,0.000000,18,0,0,0,18,100.000000,0.000000,1000,306348,5,1.000000,1.000000,0,1681,0,16634,0
100002391,defense_vs_attack,420.000000,460.000000,0.001080,55.555556,0.030437,18,10,5400,10,18,44.444444,173.561481,1000,937232,5,0.000000,0.816327,1,2380,0,22427,0
100002392,attack_only,120.000000,160.000000,0.001944,100.000000,0.031567,18,18,9720,18,18,0.000000,27.456379,1000,266876,6,1.000000,1.000000,0,1759,0,6441,0
100002392,baseline,220.000000,260.000000,0.001944,100.000000,0.012328,18,18,9720,18,18,0.000000,26.904115,1000,261508,6,1.000000,1.000000,0,1719,0,10602,0
100002392,defense_vs_attack,320.000000,360.000000,0.001296,66.666667,0.025449,18,12,6480,12,18,33.333333,124.777778,1000,808560,6,0.000000,0.857143,1,2664,0,16824,0
100002392,defense_only,420.000000,460.000000,0.001944,100.000000,0.021647,18,18,9720,18,18,0.000000,84.839095,1000,824636,6,1.000000,1.000000,0,2486,0,22979,0
100002395,attack_only,120.000000,160.000000,0.001944,100.000000,0.047273,18,18,9720,18,18,0.000000,23.132922,1000,224852,9,1.000000,1.000000,0,1733,0,6324,0
100002395,defense_only,220.000000,260.000000,0.001944,100.000000,0.018393,18,18,9720,18,18,0.000000,88.839918,1000,863524,9,1.000000,1.000000,0,2750,0,12719,0
100002395,defense_vs_attack,320.000000,360.000000,0.001944,100.000000,0.040530,18,18,9720,18,18,0.000000,91.692181,1000,891248,9,0.000000,0.918367,1,2704,0,19129,0
100002395,baseline,420.000000,460.000000,0.001944,100.000000,0.022829,18,18,9720,18,18,0.000000,23.786831,1000,231208,9,1.000000,1.000000,0,1777,0,23575,0
100002399,attack_only,120.000000,160.000000,0.001944,100.000000,0.025651,18,18,9720,18,18,0.000000,28.586008,1000,277856,5,1.000000,1.000000,0,1758,0,6520,0
100002399,baseline,220.000000,260.000000,0.001944,100.000000,0.010168,18,18,9720,18,18,0.000000,28.268313,1000,274768,5,1.000000,1.000000,0,1737,0,10746,0
100002399,defense_vs_attack,320.000000,360.000000,0.001944,100.000000,0.019919,18,18,9720,18,18,0.000000,96.818930,1000,941080,5,0.000000,0.816327,1,2464,0,16737,0
100002399,defense_only,420.000000,460.000000,0.001944,100.000000,0.015114,18,18,9720,18,18,0.000000,97.253909,1000,945308,5,1.000000,1.000000,0,2503,0,22877,0
100002401,defense_only,120.000000,160.000000,0.001944,100.000000,0.021486,18,18,9720,18,18,0.000000,102.799588,1000,999212,4,1.000000,1.000000,0,2417,0,8190,0
100002401,attack_only,220.000000,260.000000,0.001944,100.000000,0.008636,18,18,9720,18,18,0.000000,28.541564,1000,277424,4,1.000000,1.000000,0,1667,0,12558,0
100002401,baseline,320.000000,360.000000,0.001944,100.000000,0.016747,18,18,9720,18,18,0.000000,28.729218,1000,279248,4,1.000000,1.000000,0,1688,0,16654,0
100002401,defense_vs_attack,420.000000,460.000000,0.001944,100.000000,0.010201,18,18,9720,18,18,0.000000,101.032510,1000,982036,4,0.000000,0.918367,1,2477,0,22570,0
100002404,attack_only,120.000000,160.000000,0.000000,0.000000,0.000000,18,0,0,0,18,100.000000,0.000000,1000,263956,4,1.000000,1.000000,0,1660,0,6332,0
100002404,defense_vs_attack,220.000000,260.000000,0.000216,11.111111,0.224433,18,2,1080,2,18,88.888889,826.040741,1000,892124,0,0.000000,0.897959,1,3164,0,12988,0
100002404,baseline,320.000000,360.000000,0.001944,100.000000,0.014392,18,18,9720,18,18,0.000000,26.654733,1000,259084,4,1.000000,1.000000,0,1658,0,17319,0
100002404,defense_only,420.000000,460.000000,0.001944,100.000000,0.013779,18,18,9720,18,18,0.000000,95.406996,1000,927356,4,1.000000,1.000000,0,2436,0,23287,0
100002405,attack_only,120.000000,160.000000,0.000000,0.000000,0.000000,18,0,0,0,18,100.000000,0.000000,1000,353464,4,1.000000,1.000000,0,1804,0,6883,0
100002405,defense_vs_attack,220.000000,260.000000,0.001836,94.444444,0.024397,18,17,9180,17,18,5.555556,113.985621,1000,1046388,4,0.000000,0.877551,1,2428,0,12647,0
100002405,defense_only,320.000000,360.000000,0.001944,100.000000,0.014725,18,18,9720,18,18,0.000000,112.042387,1000,1089052,4,1.000000,1.000000,0,2389,0,18405,0
100002405,baseline,420.000000,460.000000,0.001944,100.000000,0.011415,18,18,9720,18,18,0.000000,36.334979,1000,353176,4,1.000000,1.000000,0,1787,0,22951,0
100002413,attack_only,120.000000,160.000000,0.001944,100.000000,0.031324,18,18,9720,18,18,0.000000,30.158436,1000,293140,6,1.000000,1.000000,0,1845,0,6837,0
100002413,baseline,220.000000,260.000000,0.001944,100.000000,0.021582,18,18,9720,18,18,0.000000,30.369547,1000,295192,6,1.000000,1.000000,0,1814,0,11260,0
100002413,defense_vs_attack,320.000000,360.000000,0.001944,100.000000,0.018826,18,18,9720,18,18,0.000000,80.362140,1000,781120,6,0.000000,0.857143,1,2458,0,17311,0
100002413,defense_only,420.000000,460.000000,0.001944,100.000000,0.021244,18,18,9720,18,18,0.000000,81.895885,1000,796028,6,1.000000,1.000000,0,2620,0,23492,0
100002408,defense_vs_attack,120.000000,160.000000,0.001944,100.000000,0.015670,18,18,9720,18,18,0.000000,99.927160,1000,971292,3,0.000000,0.836735,1,2613,0,8734,0
100002408,attack_only,220.000000,260.000000,0.001944,100.000000,0.006075,18,18,9720,18,18,0.000000,29.717695,1000,288856,3,1.000000,1.000000,0,1784,0,13276,0
100002408,defense_only,320.000000,360.000000,0.001944,100.000000,0.013702,18,18,9720,18,18,0.000000,101.852675,1000,990008,3,1.000000,1.000000,0,2586,0,19539,0
100002408,baseline,420.000000,460.000000,0.001944,100.000000,0.007209,18,18,9720,18,18,0.000000,30.716049,1000,298560,3,1.000000,1.000000,0,1785,0,24135,0
100002416,attack_only,120.000000,160.000000,0.001944,100.000000,0.020397,18,18,9720,18,18,0.000000,33.491358,1000,325536,4,1.000000,1.000000,0,1853,0,6871,0
100002416,defense_vs_attack,220.000000,260.000000,0.001512,77.777778,0.008495,18,14,7560,14,18,22.222222,121.171958,1000,916060,4,0.000000,0.857143,1,2583,0,13007,0
100002416,defense_only,320.000000,360.000000,0.001944,100.000000,0.015510,18,18,9720,18,18,0.000000,94.616049,1000,919668,4,1.000000,1.000000,0,2496,0,19030,0
100002416,baseline,420.000000,460.000000,0.001944,100.000000,0.016680,18,18,9720,18,18,0.000000,32.484362,1000,315748,4,1.000000,1.000000,0,1819,0,23665,0
100002421,baseline,120.000000,160.000000,0.001944,100.000000,0.016180,18,18,9720,18,18,0.000000,34.264609,1000,333052,3,1.000000,1.000000,0,1845,0,7032,0
100002421,defense_vs_attack,220.000000,260.000000,0.001944,100.000000,0.006389,18,18,9720,18,18,0.000000,90.020165,1000,874996,3,0.000000,0.816327,1,2595,0,13132,0
100002421,attack_only,320.000000,360.000000,0.001944,100.000000,0.012168,18,18,9720,18,18,0.000000,33.306173,1000,323736,3,1.000000,1.000000,0,1888,0,17997,0
100002421,defense_only,420.000000,460.000000,0.001944,100.000000,0.007758,18,18,9720,18,18,0.000000,88.823457,1000,863364,3,1.000000,1.000000,0,2506,0,24093,0
100002422,defense_only,120.000000,160.000000,0.001944,100.000000,0.041644,18,18,9720,18,18,0.000000,79.536626,1000,773096,8,1.000000,1.000000,0,2515,0,8471,0
100002422,defense_vs_attack,220.000000,260.000000,0.000756,38.888889,0.045666,18,7,3780,7,18,61.111111,209.302646,1000,791164,8,0.000000,0.897959,1,2566,0,14515,0
100002422,attack_only,320.000000,360.000000,0.001944,100.000000,0.019258,18,18,9720,18,18,0.000000,32.950206,1000,320276,8,1.000000,1.000000,0,1907,0,19233,0
100002422,baseline,420.000000,460.000000,0.001944,100.000000,0.033633,18,18,9720,18,18,0.000000,32.994239,1000,320704,8,1.000000,1.000000,0,1854,0,23675,0
100002418,defense_only,120.000000,160.000000,0.001944,100.000000,0.021210,18,18,9720,18,18,0.000000,97.804527,1000,950660,4,1.000000,1.000000,0,2430,0,8051,0
100002418,attack_only,220.000000,260.000000,0.000000,0.000000,0.000000,18,0,0,0,18,100.000000,0.000000,1000,267088,4,1.000000,1.000000,0,1628,0,12298,0
100002418,baseline,320.000000,360.000000,0.001944,100.000000,0.014919,18,18,9720,18,18,0.000000,26.323457,1000,255864,4,1.000000,1.000000,0,1651,0,16291,0
100002418,defense_vs_attack,420.000000,460.000000,0.001944,100.000000,0.082922,18,18,9720,18,18,0.000000,97.656379,1000,949220,5,0.000000,0.816327,1,2417,0,22213,0
100002425,baseline,120.000000,160.000000,0.001944,100.000000,0.036902,18,18,9720,18,18,0.000000,29.176132,1000,283592,7,1.000000,1.000000,0,1797,0,6637,0
100002425,defense_only,220.000000,260.000000,0.001944,100.000000,0.027463,18,18,9720,18,18,0.000000,88.341975,1000,858684,7,1.000000,1.000000,0,2632,0,12874,0
100002425,attack_only,320.000000,360.000000,0.001944,100.000000,0.020829,18,18,9720,18,18,0.000000,29.311934,1000,284912,7,1.000000,1.000000,0,1868,0,17573,0
100002425,defense_vs_attack,420.000000,460.000000,0.001944,100.000000,0.025340,18,18,9720,18,18,0.000000,88.148148,1000,856800,7,0.000000,0.857143,1,2497,0,23594,0
100002428,baseline,120.000000,160.000000,0.001944,100.000000,0.025704,18,18,9720,18,18,0.000000,31.527160,1000,306444,5,1.000000,1.000000,0,1781,0,6667,0
100002428,defense_vs_attack,220.000000,260.000000,0.001944,100.000000,0.009897,18,18,9720,18,18,0.000000,102.939506,1000,1000572,5,0.000000,0.897959,1,2445,0,12569,0
100002428,defense_only,320.000000,360.000000,0.001944,100.000000,0.021619,18,18,9720,18,18,0.000000,104.344033,1000,1014224,5,1.000000,1.000000,0,2541,0,18643,0
100002428,attack_only,420.000000,460.000000,0.001944,100.000000,0.012421,18,18,9720,18,18,0.000000,31.874074,1000,309816,5,1.000000,1.000000,0,1785,0,23192,0
100002431,defense_only,120.000000,160.000000,0.001944,100.000000,0.015029,18,18,9720,18,18,0.000000,93.350206,1000,907364,3,1.000000,1.000000,0,2415,0,8380,0
100002431,attack_only,220.000000,260.000000,0.001944,100.000000,0.006030,18,18,9720,18,18,0.000000,30.653086,1000,297948,3,1.000000,1.000000,0,1727,0,12841,0
100002431,defense_vs_attack,320.000000,360.000000,0.001944,100.000000,0.012811,18,18,9720,18,18,0.000000,94.463374,1000,918184,3,0.000000,0.877551,1,2554,0,19073,0
100002431,baseline,420.000000,460.000000,0.001944,100.000000,0.007149,18,18,9720,18,18,0.000000,31.025103,1000,301564,3,1.000000,1.000000,0,1758,0,23642,0
100002432,defense_vs_attack,120.000000,160.000000,0.001080,55.555556,0.046294,18,10,5400,10,18,44.444444,166.782963,1000,900628,7,0.000000,0.877551,1,2501,0,8526,0
100002432,baseline,220.000000,260.000000,0.001944,100.000000,0.019425,18,18,9720,18,18,0.000000,36.307407,1000,352908,7,1.000000,1.000000,0,2005,0,13427,0
100002432,defense_only,320.000000,360.000000,0.001944,100.000000,0.022009,18,18,9720,18,18,0.000000,97.679424,1000,949444,7,1.000000,1.000000,0,2605,0,19649,0
100002432,attack_only,420.000000,460.000000,0.000000,0.000000,0.000000,18,0,0,0,18,100.000000,0.000000,1000,365176,8,1.000000,1.000000,0,1968,0,24628,0
100002440,attack_only,120.000000,160.000000,0.000000,0.000000,0.000000,18,0,0,0,18,100.000000,0.000000,1000,246896,8,1.000000,1.000000,0,1730,0,6500,0
100002440,baseline,220.000000,260.000000,0.001944,100.000000,0.027705,18,18,9720,18,18,0.000000,25.516461,1000,248020,7,1.000000,1.000000,0,1764,0,10728,0
100002440,defense_vs_attack,320.000000,360.000000,0.001080,55.555556,0.029151,18,10,5400,10,18,44.444444,161.914074,1000,874336,7,0.000000,0.857143,1,2649,0,16997,0
100002440,defense_only,420.000000,460.000000,0.001944,100.000000,0.018518,18,18,9720,18,18,0.000000,83.057613,1000,807320,7,1.000000,1.000000,0,2524,0,23125,0
100002437,defense_only,120.000000,160.000000,0.001944,100.000000,0.030907,18,18,9720,18,18,0.000000,90.542387,1000,880072,6,1.000000,1.000000,0,2606,0,8284,0
100002437,baseline,220.000000,260.000000,0.001944,100.000000,0.012008,18,18,9720,18,18,0.000000,26.421399,1000,256816,6,1.000000,1.000000,0,1716,0,12619,0
100002437,defense_vs_attack,320.000000,360.000000,0.001404,72.222222,0.030060,18,13,7020,13,18,27.777778,126.411396,1000,887408,6,0.000000,0.836735,1,2564,0,18698,0
100002437,attack_only,420.000000,460.000000,0.000000,0.000000,0.000000,18,0,0,0,18,100.000000,0.000000,1000,256024,6,1.000000,1.000000,0,1649,0,22953,0
100002439,defense_vs_attack,120.000000,160.000000,0.001944,100.000000,0.015224,18,18,9720,18,18,0.000000,94.603704,1000,919548,3,0.000000,0.816327,1,2493,0,8041,0
100002439,defense_only,220.000000,260.000000,0.001944,100.000000,0.005938,18,18,9720,18,18,0.000000,87.801646,1000,853432,3,1.000000,1.000000,0,2400,0,14093,0
100002439,attack_only,320.000000,360.000000,0.001944,100.000000,0.012992,18,18,9720,18,18,0.000000,24.076543,1000,234024,3,1.000000,1.000000,0,1566,0,18155,0
100002439,baseline,420.000000,460.000000,0.001944,100.000000,0.007369,18,18,9720,18,18,0.000000,24.562551,1000,238748,3,1.000000,1.000000,0,1619,0,22017,0
100002441,defense_vs_attack,120.000000,160.000000,0.001944,100.000000,0.015501,18,18,9720,18,18,0.000000,91.028807,1000,884800,3,0.000000,0.918367,1,2556,0,8410,0
100002441,baseline,220.000000,260.000000,0.001944,100.000000,0.005870,18,18,9720,18,18,0.000000,23.919342,1000,232496,3,1.000000,1.000000,0,1669,0,12765,0
100002441,attack_only,320.000000,360.000000,0.001944,100.000000,0.012812,18,18,9720,18,18,0.000000,24.100000,1000,234252,3,1.000000,1.000000,0,1687,0,16861,0
100002441,defense_only,420.000000,460.000000,0.001944,100.000000,0.007991,18,18,9720,18,18,0.000000,93.497942,1000,908800,3,1.000000,1.000000,0,2605,0,23121,0
100002443,defense_only,120.000000,160.000000,0.001944,100.000000,0.027994,18,18,9720,18,18,0.000000,105.506584,1000,1025524,5,1.000000,1.000000,0,2437,0,8306,0
100002443,attack_only,220.000000,260.000000,0.001944,100.000000,0.016439,18,18,9720,18,18,0.000000,29.083539,1000,282692,5,1.000000,1.000000,0,1668,0,12659,0
100002443,defense_vs_attack,320.000000,360.000000,0.001944,100.000000,0.018501,18,18,9720,18,18,0.000000,107.185185,1000,1041840,5,0.000000,0.836735,1,2462,0,18585,0
100002443,baseline,420.000000,460.000000,0.001944,100.000000,0.011770,18,18,9720,18,18,0.000000,28.827984,1000,280208,5,1.000000,1.000000,0,1737,0,23015,0
100002448,defense_vs_attack,120.000000,160.000000,0.001944,100.000000,0.031283,18,18,9720,18,18,0.000000,92.766667,1000,901692,6,0.000000,0.938776,1,2511,0,8466,0
100002448,baseline,220.000000,260.000000,0.001944,100.000000,0.018015,18,18,9720,18,18,0.000000,33.537449,1000,325984,6,1.000000,1.000000,0,1874,0,13151,0
100002448,attack_only,320.000000,360.000000,0.001944,100.000000,0.021530,18,18,9720,18,18,0.000000,33.727572,1000,327832,6,1.000000,1.000000,0,1878,0,17696,0
100002448,defense_only,420.000000,460.000000,0.001944,100.000000,0.019573,18,18,9720,18,18,0.000000,91.672840,1000,891060,6,1.000000,1.000000,0,2481,0,23682,0
100002450,defense_vs_attack,120.000000,160.000000,0.001944,100.000000,0.016199,18,18,9720,18,18,0.000000,101.785185,1000,989352,3,0.000000,0.857143,1,2411,0,8037,0
100002450,baseline,220.000000,260.000000,0.001944,100.000000,0.005789,18,18,9720,18,18,0.000000,27.296708,1000,265324,3,1.000000,1.000000,0,1622,0,12290,0
100002450,defense_only,320.000000,360.000000,0.001944,100.000000,0.014078,18,18,9720,18,18,0.000000,100.975720,1000,981484,3,1.000000,1.000000,0,2378,0,18023,0
100002450,attack_only,420.000000,460.000000,0.001944,100.000000,0.007447,18,18,9720,18,18,0.000000,27.856379,1000,270764,3,1.000000,1.000000,0,1634,0,22222,0
100002463,defense_vs_attack,120.000000,160.000000,0.001944,100.000000,0.015955,18,18,9720,18,18,0.000000,91.257613,1000,887024,3,0.000000,0.857143,1,2425,0,8144,0
100002463,baseline,220.000000,260.000000,0.001944,100.000000,0.006054,18,18,9720,18,18,0.000000,26.635391,1000,258896,3,1.000000,1.000000,0,1648,0,12443,0
100002463,defense_only,320.000000,360.000000,0.001944,100.000000,0.014076,18,18,9720,18,18,0.000000,91.761317,1000,891920,3,1.000000,1.000000,0,2391,0,18265,0
100002463,attack_only,420.000000,460.000000,0.001944,100.000000,0.007283,18,18,9720,18,18,0.000000,26.424280,1000,256844,3,1.000000,1.000000,0,1679,0,22632,0
100002460,defense_vs_attack,120.000000,160.000000,0.001404,72.222222,0.054717,18,13,7020,13,18,27.777778,121.516239,1000,853044,8,0.000000,0.816327,1,2606,0,8521,0
100002460,defense_only,220.000000,260.000000,0.001944,100.000000,0.025050,18,18,9720,18,18,0.000000,91.903292,1000,893300,8,1.000000,1.000000,0,2594,0,14719,0
100002460,attack_only,320.000000,360.000000,0.000000,0.000000,0.000000,10,0,0,0,18,100.000000,0.000000,1000,228180,8,1.000000,1.000000,0,1638,0,18954,0
100002460,baseline,420.000000,460.000000,0.001944,100.000000,0.025802,18,18,9720,18,18,0.000000,26.303704,1000,255672,8,1.000000,1.000000,0,1730,0,23103,0
100002464,defense_vs_attack,120.000000,160.000000,0.001944,100.000000,0.021863,18,18,9720,18,18,0.000000,102.233745,1000,993712,4,0.000000,0.836735,1,2361,0,7860,0
100002464,defense_only,220.000000,260.000000,0.001944,100.000000,0.008445,18,18,9720,18,18,0.000000,104.972428,1000,1020332,4,1.000000,1.000000,0,2338,0,13604,0
100002464,baseline,320.000000,360.000000,0.001944,100.000000,0.017122,18,18,9720,18,18,0.000000,29.613992,1000,287848,4,1.000000,1.000000,0,1655,0,17846,0
100002464,attack_only,420.000000,460.000000,0.001944,100.000000,0.009929,18,18,9720,18,18,0.000000,29.857202,1000,290212,4,1.000000,1.000000,0,1638,0,21868,0
100002467,attack_only,120.000000,160.000000,0.000000,0.000000,0.000000,18,0,0,0,18,100.000000,0.000000,1000,258364,5,1.000000,1.000000,0,1617,0,6135,0
100002467,defense_vs_attack,220.000000,260.000000,0.000000,0.000000,0.000000,9,0,0,0,18,100.000000,0.000000,1000,751252,0,0.000000,0.918367,1,2192,0,11597,0
100002467,baseline,320.000000,360.000000,0.001944,100.000000,0.019232,18,18,9720,18,18,0.000000,26.390123,1000,256512,5,1.000000,1.000000,0,1656,0,15796,0
100002467,defense_only,420.000000,460.000000,0.001944,100.000000,0.015293,18,18,9720,18,18,0.000000,103.359259,1000,1004652,5,1.000000,1.000000,0,2471,0,21750,0
100002468,defense_only,120.000000,160.000000,0.001944,100.000000,0.020539,18,18,9720,18,18,0.000000,94.510700,1000,918644,4,1.000000,1.000000,0,2403,0,8079,0
100002468,baseline,220.000000,260.000000,0.001944,100.000000,0.008137,18,18,9720,18,18,0.000000,30.151029,1000,293068,4,1.000000,1.000000,0,1719,0,12429,0
100002468,attack_only,320.000000,360.000000,0.001944,100.000000,0.017475,18,18,9720,18,18,0.000000,31.050206,1000,301808,4,1.000000,1.000000,0,1779,0,16677,0
100002468,defense_vs_attack,420.000000,460.000000,0.001944,100.000000,0.009855,18,18,9720,18,18,0.000000,97.428807,1000,947008,4,0.000000,0.836735,1,2427,0,22332,0
100002472,baseline,120.000000,160.000000,0.001944,100.000000,0.031829,18,18,9720,18,18,0.000000,24.279835,1000,236000,6,1.000000,1.000000,0,1666,0,6185,0
100002472,attack_only,220.000000,260.000000,0.000000,0.000000,0.000000,18,0,0,0,18,100.000000,0.000000,1000,227444,6,1.000000,1.000000,0,1550,0,10008,0
100002472,defense_only,320.000000,360.000000,0.001944,100.000000,0.015571,18,18,9720,18,18,0.000000,83.491358,1000,811536,6,1.000000,1.000000,0,2480,0,15891,0
100002472,defense_vs_attack,420.000000,460.000000,0.000540,27.777778,0.039038,18,5,2700,5,18,72.222222,296.407407,1000,800300,7,0.000000,0.857143,1,2446,0,21918,0
100002479,defense_vs_attack,120.000000,160.000000,0.001512,77.777778,0.037596,18,14,7560,14,18,22.222222,105.863492,1000,800328,6,0.000000,0.857143,2,2661,0,8978,0
100002479,defense_only,220.000000,260.000000,0.001944,100.000000,0.015900,18,18,9720,18,18,0.000000,84.088889,1000,817344,6,1.000000,1.000000,0,2598,0,15371,0
100002479,baseline,320.000000,360.000000,0.001944,100.000000,0.020572,18,18,9720,18,18,0.000000,32.041975,1000,311448,6,1.000000,1.000000,0,1904,0,20188,0
100002479,attack_only,420.000000,460.000000,0.000000,0.000000,0.000000,18,0,0,0,18,100.000000,0.000000,1000,308676,7,1.000000,1.000000,0,1842,0,24744,0
100002490,defense_vs_attack,120.000000,160.000000,0.001512,77.777778,0.038707,18,14,7560,14,18,22.222222,120.438095,1000,910512,7,0.000000,0.857143,1,2636,0,8606,0
100002490,baseline,220.000000,260.000000,0.001944,100.000000,0.015685,18,18,9720,18,18,0.000000,30.017284,1000,291768,7,1.000000,1.000000,0,1869,0,13305,0
100002490,attack_only,320.000000,360.000000,0.000000,0.000000,0.000000,18,0,0,0,18,100.000000,0.000000,1000,289840,7,1.000000,1.000000,0,1821,0,17696,0
100002490,defense_only,420.000000,460.000000,0.001944,100.000000,0.023918,18,18,9720,18,18,0.000000,96.544856,1000,938416,7,1.000000,1.000000,0,2607,0,24032,0
100002495,defense_vs_attack,120.000000,160.000000,0.001944,100.000000,0.026142,18,18,9720,18,18,0.000000,80.536626,1000,782816,5,0.000000,0.877551,1,2503,0,8430,0
100002495,baseline,220.000000,260.000000,0.001944,100.000000,0.009798,18,18,9720,18,18,0.000000,27.547737,1000,267764,5,1.000000,1.000000,0,1775,0,12886,0
100002495,defense_only,320.000000,360.000000,0.001944,100.000000,0.022010,18,18,9720,18,18,0.000000,81.711111,1000,794232,5,1.000000,1.000000,0,2501,0,18941,0
100002495,attack_only,420.000000,460.000000,0.001944,100.000000,0.012646,18,18,9720,18,18,0.000000,28.540329,1000,277412,5,1.000000,1.000000,0,1781,0,23512,0
100002496,baseline,120.000000,160.000000,0.001944,100.000000,0.035900,18,18,9720,18,18,0.000000,21.895062,1000,212820,7,1.000000,1.000000,0,1641,0,6102,0
100002496,defense_vs_attack,220.000000,260.000000,0.001944,100.000000,0.015541,18,18,9720,18,18,0.000000,81.730864,1000,794424,7,0.000000,0.897959,2,2588,0,12259,0
100002496,attack_only,320.000000,360.000000,0.000000,0.000000,0.000000,18,0,0,0,18,100.000000,0.000000,1000,217020,8,1.000000,1.000000,0,1591,0,16445,0
100002496,defense_only,420.000000,460.000000,0.001944,100.000000,0.028389,18,18,9720,18,18,0.000000,81.425514,1000,791456,7,1.000000,1.000000,0,2513,0,22495,0
100002493,defense_vs_attack,120.000000,160.000000,0.001080,55.555556,0.033078,18,10,5400,10,18,44.444444,174.945926,1000,944708,5,0.000000,0.897959,1,2511,0,8363,0
100002493,baseline,220.000000,260.000000,0.001944,100.000000,0.021234,18,18,9720,18,18,0.000000,30.323045,1000,294740,5,1.000000,1.000000,0,1802,0,12957,0
100002493,defense_only,320.000000,360.000000,0.001944,100.000000,0.011940,18,18,9720,18,18,0.000000,96.812346,1000,941016,5,1.000000,1.000000,0,2474,0,18928,0
100002493,attack_only,420.000000,460.000000,0.000000,0.000000,0.000000,18,0,0,0,18,100.000000,0.000000,1000,299104,5,1.000000,1.000000,0,1737,0,23440,0
100002499,attack_only,120.000000,160.000000,0.001944,100.000000,0.031224,18,18,9720,18,18,0.000000,27.009053,1000,262528,6,1.000000,1.000000,0,1774,0,6474,0
100002499,defense_vs_attack,220.000000,260.000000,0.001944,100.000000,0.080082,18,18,9720,18,18,0.000000,89.418930,1000,869152,6,0.000000,0.959184,1,2672,0,12763,0
100002499,defense_only,320.000000,360.000000,0.001944,100.000000,0.016751,18,18,9720,18,18,0.000000,87.685185,1000,852300,6,1.000000,1.000000,0,2619,0,19179,0
100002499,baseline,420.000000,460.000000,0.001944,100.000000,0.022255,18,18,9720,18,18,0.000000,25.488066,1000,247744,6,1.000000,1.000000,0,1716,0,23594,0
100002500,attack_only,120.000000,160.000000,0.001944,100.000000,0.015630,18,18,9720,18,18,0.000000,31.397942,1000,305188,3,1.000000,1.000000,0,1794,0,6700,0
100002500,defense_vs_attack,220.000000,260.000000,0.001944,100.000000,0.006273,18,18,9720,18,18,0.000000,99.276543,1000,964968,3,0.000000,0.755102,2,2432,0,12662,0
100002500,defense_only,320.000000,360.000000,0.001944,100.000000,0.014551,18,18,9720,18,18,0.000000,91.082305,1000,885320,3,1.000000,1.000000,0,2490,0,18693,0
100002500,baseline,420.000000,460.000000,0.001944,100.000000,0.009939,18,18,9720,18,18,0.000000,31.599177,1000,307144,3,1.000000,1.000000,0,1758,0,23199,0
100002501,defense_vs_attack,120.000000,160.000000,0.001080,55.555556,0.038751,18,10,5400,10,18,44.444444,181.933333,1000,982440,6,0.000000,0.836735,1,2496,0,8132,0
100002501,attack_only,220.000000,260.000000,0.000000,0.000000,0.000000,18,0,0,0,18,100.000000,0.000000,1000,292396,6,1.000000,1.000000,0,1696,0,12483,0
100002501,baseline,320.000000,360.000000,0.001944,100.000000,0.024254,18,18,9720,18,18,0.000000,28.813580,1000,280068,6,1.000000,1.000000,0,1685,0,16563,0
100002501,defense_only,420.000000,460.000000,0.001944,100.000000,0.019957,18,18,9720,18,18,0.000000,101.402058,1000,985628,6,1.000000,1.000000,0,2452,0,22380,0
100002502,baseline,120.000000,160.000000,0.001944,100.000000,0.047186,18,18,9720,18,18,0.000000,30.626749,1000,297692,9,1.000000,1.000000,0,1953,0,7058,0
100002502,defense_vs_attack,220.000000,260.000000,0.001512,77.777778,0.035916,18,14,7560,14,18,22.222222,109.530159,1000,828048,9,0.000000,0.897959,1,2618,0,13381,0
100002502,attack_only,320.000000,360.000000,0.000000,0.000000,0.000000,18,0,0,0,18,100.000000,0.000000,1000,303688,9,1.000000,1.000000,0,1893,0,18194,0
100002502,defense_only,420.000000,460.000000,0.001944,100.000000,0.034079,18,18,9720,18,18,0.000000,85.624280,1000,832268,9,1.000000,1.000000,0,2669,0,24536,0
100002503,attack_only,120.000000,160.000000,0.001944,100.000000,0.015426,18,18,9720,18,18,0.000000,27.330041,1000,265648,3,1.000000,1.000000,0,1672,0,6422,0
100002503,defense_vs_attack,220.000000,260.000000,0.001944,100.000000,0.006234,18,18,9720,18,18,0.000000,92.128807,1000,895492,3,0.000000,0.897959,1,2533,0,12507,0
100002503,defense_only,320.000000,360.000000,0.001944,100.000000,0.014113,18,18,9720,18,18,0.000000,93.698765,1000,910752,3,1.000000,1.000000,0,2454,0,18488,0
100002503,baseline,420.000000,460.000000,0.001944,100.000000,0.007166,18,18,9720,18,18,0.000000,27.184362,1000,264232,3,1.000000,1.000000,0,1672,0,22823,0
100002510,defense_only,120.000000,160.000000,0.001944,100.000000,0.025838,18,18,9720,18,18,0.000000,78.036214,1000,758512,5,1.000000,1.000000,0,2673,0,8795,0
100002510,attack_only,220.000000,260.000000,0.001944,100.000000,0.009869,18,18,9720,18,18,0.000000,25.984774,1000,252572,5,1.000000,1.000000,0,1843,0,13548,0
100002510,baseline,320.000000,360.000000,0.001944,100.000000,0.022157,18,18,9720,18,18,0.000000,26.997531,1000,262416,5,1.000000,1.000000,0,1880,0,18105,0
100002510,defense_vs_attack,420.000000,460.000000,0.001944,100.000000,0.011934,18,18,9720,18,18,0.000000,80.037449,1000,777964,5,0.000000,0.836735,1,2662,0,24513,0
100002512,defense_vs_attack,120.000000,160.000000,0.001944,100.000000,0.091210,18,18,9720,18,18,0.000000,82.889300,1000,805684,6,0.000000,0.938776,1,2630,0,8613,0
100002512,defense_only,220.000000,260.000000,0.001944,100.000000,0.014607,18,18,9720,18,18,0.000000,81.765432,1000,794760,6,1.000000,1.000000,0,2518,0,14835,0
100002512,attack_only,320.000000,360.000000,0.001944,100.000000,0.024716,18,18,9720,18,18,0.000000,34.633745,1000,336640,6,1.000000,1.000000,0,1888,0,19635,0
100002512,baseline,420.000000,460.000000,0.001944,100.000000,0.016638,18,18,9720,18,18,0.000000,34.084362,1000,331300,6,1.000000,1.000000,0,1872,0,24155,0
100002524,defense_only,120.000000,160.000000,0.001944,100.000000,0.020839,18,18,9720,18,18,0.000000,99.051029,1000,962776,4,1.000000,1.000000,0,2322,0,7909,0
100002524,defense_vs_attack,220.000000,260.000000,0.001728,88.888889,0.008494,18,16,8640,16,18,11.111111,111.764815,1000,965648,4,0.000000,0.836735,1,2348,0,13667,0
100002524,baseline,320.000000,360.000000,0.001944,100.000000,0.016752,18,18,9720,18,18,0.000000,29.316049,1000,284952,4,1.000000,1.000000,0,1639,0,17902,0
100002524,attack_only,420.000000,460.000000,0.001944,100.000000,0.009982,18,18,9720,18,18,0.000000,29.486831,1000,286612,4,1.000000,1.000000,0,1665,0,21981,0
100002538,defense_vs_attack,120.000000,160.000000,0.001944,100.000000,0.014764,18,18,9720,18,18,0.000000,84.028395,1000,816756,3,0.000000,0.857143,1,2333,0,8058,0
100002538,defense_only,220.000000,260.000000,0.001944,100.000000,0.005790,18,18,9720,18,18,0.000000,83.685597,1000,813424,3,1.000000,1.000000,0,2346,0,13850,0
100002538,attack_only,320.000000,360.000000,0.001944,100.000000,0.013099,18,18,9720,18,18,0.000000,30.056379,1000,292148,3,1.000000,1.000000,0,1703,0,18293,0
100002538,baseline,420.000000,460.000000,0.001944,100.000000,0.007710,18,18,9720,18,18,0.000000,29.650206,1000,288200,3,1.000000,1.000000,0,1725,0,22525,0
100002551,baseline,120.000000,160.000000,0.001944,100.000000,0.026313,18,18,9720,18,18,0.000000,29.025926,1000,282132,5,1.000000,1.000000,0,1718,0,6437,0
100002551,attack_only,220.000000,260.000000,0.000000,0.000000,0.000000,18,0,0,0,18,100.000000,0.000000,1000,282500,6,1.000000,1.000000,0,1679,0,10597,0
100002551,defense_only,320.000000,360.000000,0.001944,100.000000,0.014749,18,18,9720,18,18,0.000000,88.054321,1000,855888,5,1.000000,1.000000,0,2424,0,16537,0
100002551,defense_vs_attack,420.000000,460.000000,0.001944,100.000000,0.019149,18,18,9720,18,18,0.000000,87.523457,1000,850728,5,0.000000,0.877551,1,2452,0,22490,0
100002547,attack_only,120.000000,160.000000,0.001944,100.000000,0.025873,18,18,9720,18,18,0.000000,36.388477,1000,353696,5,1.000000,1.000000,0,1961,0,7371,0
100002547,defense_only,220.000000,260.000000,0.001944,100.000000,0.020168,18,18,9720,18,18,0.000000,97.145267,1000,944252,5,1.000000,1.000000,0,2424,0,13182,0
100002547,defense_vs_attack,320.000000,360.000000,0.001944,100.000000,0.014900,18,18,9720,18,18,0.000000,95.504115,1000,928300,5,0.000000,0.816327,1,2469,0,19137,0
100002547,baseline,420.000000,460.000000,0.001944,100.000000,0.010754,18,18,9720,18,18,0.000000,37.791770,1000,367336,5,1.000000,1.000000,0,1955,0,23987,0
100002565,attack_only,120.000000,160.000000,0.000000,0.000000,0.000000,18,0,0,0,18,100.000000,0.000000,1000,306288,5,1.000000,1.000000,0,1750,0,6704,0
100002565,defense_vs_attack,220.000000,260.000000,0.001512,77.777778,0.024352,18,14,7560,14,18,22.222222,110.820635,1000,837804,5,0.000000,0.897959,1,2543,0,12794,0
100002565,defense_only,320.000000,360.000000,0.001944,100.000000,0.016845,18,18,9720,18,18,0.000000,87.614815,1000,851616,5,1.000000,1.000000,0,2507,0,18795,0
100002565,baseline,420.000000,460.000000,0.001944,100.000000,0.017461,18,18,9720,18,18,0.000000,31.683951,1000,307968,5,1.000000,1.000000,0,1777,0,23348,0
100002564,baseline,120.000000,160.000000,0.001944,100.000000,0.025893,18,18,9720,18,18,0.000000,28.848148,1000,280404,5,1.000000,1.000000,0,1719,0,6384,0
100002564,defense_only,220.000000,260.000000,0.001944,100.000000,0.010306,18,18,9720,18,18,0.000000,104.914815,1000,1019772,5,1.000000,1.000000,0,2443,0,12127,0
100002564,attack_only,320.000000,360.000000,0.000000,0.000000,0.000000,18,0,0,0,18,100.000000,0.000000,1000,274736,5,1.000000,1.000000,0,1641,0,16360,0
100002564,defense_vs_attack,420.000000,460.000000,0.000972,50.000000,0.033550,18,9,4860,9,18,50.000000,216.074897,1000,1050124,6,0.000000,0.857143,1,2422,0,22170,0
100002567,baseline,120.000000,160.000000,0.001944,100.000000,0.026909,18,18,9720,18,18,0.000000,25.497119,1000,247832,5,1.000000,1.000000,0,1642,0,6080,0
100002567,attack_only,220.000000,260.000000,0.001944,100.000000,0.015113,18,18,9720,18,18,0.000000,25.469136,1000,247560,5,1.000000,1.000000,0,1623,0,9997,0
100002567,defense_only,320.000000,360.000000,0.001944,100.000000,0.019524,18,18,9720,18,18,0.000000,94.015638,1000,913832,5,1.000000,1.000000,0,2486,0,15907,0
100002567,defense_vs_attack,420.000000,460.000000,0.001404,72.222222,0.015574,18,13,7020,13,18,27.777778,131.020513,1000,919764,5,0.000000,0.857143,1,2382,0,21859,0
100002570,baseline,120.000000,160.000000,0.001944,100.000000,0.031359,18,18,9720,18,18,0.000000,27.374486,1000,266080,6,1.000000,1.000000,0,1719,0,6226,0
100002570,defense_only,220.000000,260.000000,0.001944,100.000000,0.023672,18,18,9720,18,18,0.000000,102.562963,1000,996912,6,1.000000,1.000000,0,2351,0,11989,0
100002570,defense_vs_attack,320.000000,360.000000,0.001944,100.000000,0.018939,18,18,9720,18,18,0.000000,103.520576,1000,1006220,6,0.000000,0.877551,1,2506,0,18045,0
100002570,attack_only,420.000000,460.000000,0.000000,0.000000,0.000000,18,0,0,0,18,100.000000,0.000000,1000,274676,7,1.000000,1.000000,0,1693,0,22318,0
100002569,attack_only,120.000000,160.000000,0.000000,0.000000,0.000000,18,0,0,0,18,100.000000,0.000000,1000,320268,7,1.000000,1.000000,0,1799,0,6637,0
100002569,baseline,220.000000,260.000000,0.001944,100.000000,0.029989,18,18,9720,18,18,0.000000,31.278601,1000,304028,7,1.000000,1.000000,0,1796,0,10932,0
100002569,defense_only,320.000000,360.000000,0.001944,100.000000,0.025628,18,18,9720,18,18,0.000000,107.193416,1000,1041920,7,1.000000,1.000000,0,2386,0,16615,0
100002569,defense_vs_attack,420.000000,460.000000,0.001728,88.888889,0.026276,18,16,8640,16,18,11.111111,118.297222,1000,1022088,8,0.000000,0.734694,1,2403,0,22392,0
100002575,defense_vs_attack,120.000000,160.000000,0.001080,55.555556,0.027440,18,10,5400,10,18,44.444444,166.251111,1000,897756,4,0.000000,0.836735,1,2393,0,8107,0
100002575,defense_only,220.000000,260.000000,0.001944,100.000000,0.012821,18,18,9720,18,18,0.000000,89.640741,1000,871308,4,1.000000,1.000000,0,2371,0,13915,0
100002575,baseline,320.000000,360.000000,0.001944,100.000000,0.011144,18,18,9720,18,18,0.000000,30.342387,1000,294928,4,1.000000,1.000000,0,1752,0,18344,0
100002575,attack_only,420.000000,460.000000,0.000000,0.000000,0.000000,18,0,0,0,18,100.000000,0.000000,1000,308300,5,1.000000,1.000000,0,1700,0,22568,0
100002574,defense_only,120.000000,160.000000,0.001944,100.000000,0.020072,18,18,9720,18,18,0.000000,96.718107,1000,940100,4,1.000000,1.000000,0,2465,0,8366,0
100002574,defense_vs_attack,220.000000,260.000000,0.001944,100.000000,0.007793,18,18,9720,18,18,0.000000,94.124280,1000,914888,4,0.000000,0.775510,1,2398,0,14321,0
100002574,baseline,320.000000,360.000000,0.001944,100.000000,0.018418,18,18,9720,18,18,0.000000,30.026749,1000,291860,4,1.000000,1.000000,0,1780,0,18790,0
100002574,attack_only,420.000000,460.000000,0.001944,100.000000,0.010548,18,18,9720,18,18,0.000000,30.345679,1000,294960,4,1.000000,1.000000,0,1802,0,23170,0
100002585,defense_vs_attack,120.000000,160.000000,0.001512,77.777778,0.016727,18,14,7560,14,18,22.222222,127.322751,1000,962560,3,0.000000,0.877551,1,2514,0,8263,0
100002585,baseline,220.000000,260.000000,0.001944,100.000000,0.011278,18,18,9720,18,18,0.000000,31.357202,1000,304792,3,1.000000,1.000000,0,1710,0,12662,0
100002585,attack_only,320.000000,360.000000,0.000000,0.000000,0.000000,18,0,0,0,18,100.000000,0.000000,1000,302460,3,1.000000,1.000000,0,1628,0,16752,0
100002585,defense_only,420.000000,460.000000,0.001944,100.000000,0.010577,18,18,9720,18,18,0.000000,97.665021,1000,949304,3,1.000000,1.000000,0,2521,0,22843,0
100002582,defense_only,120.000000,160.000000,0.001944,100.000000,0.015421,18,18,9720,18,18,0.000000,100.830453,1000,980072,3,1.000000,1.000000,0,2493,0,8422,0
100002582,attack_only,220.000000,260.000000,0.001944,100.000000,0.005985,18,18,9720,18,18,0.000000,28.052263,1000,272668,3,1.000000,1.000000,0,1681,0,12810,0
100002582,baseline,320.000000,360.000000,0.001944,100.000000,0.012813,18,18,9720,18,18,0.000000,29.027160,1000,282144,3,1.000000,1.000000,0,1718,0,17034,0
100002582,defense_vs_attack,420.000000,460.000000,0.001944,100.000000,0.007066,18,18,9720,18,18,0.000000,97.739095,1000,950024,3,0.000000,0.734694,1,2479,0,23036,0
100002587,baseline,120.000000,160.000000,0.001944,100.000000,0.031556,18,18,9720,18,18,0.000000,27.130453,1000,263708,6,1.000000,1.000000,0,1760,0,6445,0
100002587,defense_vs_attack,220.000000,260.000000,0.001944,100.000000,0.012423,18,18,9720,18,18,0.000000,92.980247,1000,903768,6,0.000000,0.816327,1,2569,0,12489,0
100002587,defense_only,320.000000,360.000000,0.001944,100.000000,0.026489,18,18,9720,18,18,0.000000,94.747325,1000,920944,6,1.000000,1.000000,0,2627,0,18757,0
100002587,attack_only,420.000000,460.000000,0.001944,100.000000,0.014470,18,18,9720,18,18,0.000000,27.105350,1000,263464,6,1.000000,1.000000,0,1735,0,23102,0
100002588,defense_only,120.000000,160.000000,0.001944,100.000000,0.015889,18,18,9720,18,18,0.000000,90.797531,1000,882552,3,1.000000,1.000000,0,2421,0,8138,0
100002588,defense_vs_attack,220.000000,260.000000,0.001944,100.000000,0.005937,18,18,9720,18,18,0.000000,94.004938,1000,913728,3,0.000000,0.755102,1,2477,0,14101,0
100002588,attack_only,320.000000,360.000000,0.001944,100.000000,0.012951,18,18,9720,18,18,0.000000,30.332922,1000,294836,3,1.000000,1.000000,0,1713,0,18519,0
100002588,baseline,420.000000,460.000000,0.001944,100.000000,0.007122,18,18,9720,18,18,0.000000,29.741152,1000,289084,3,1.000000,1.000000,0,1735,0,22788,0
100002597,defense_only,120.000000,160.000000,0.001944,100.000000,0.040427,18,18,9720,18,18,0.000000,93.266667,1000,906552,7,1.000000,1.000000,0,2665,0,8389,0
100002597,defense_vs_attack,220.000000,260.000000,0.000864,44.444444,0.024197,18,8,4320,8,18,55.555556,206.440741,1000,891824,7,0.000000,0.918367,1,2627,0,14810,0
100002597,attack_only,320.000000,360.000000,0.000000,0.000000,0.000000,18,0,0,0,18,100.000000,0.000000,1000,225436,7,1.000000,1.000000,0,1658,0,19064,0
100002597,baseline,420.000000,460.000000,0.001944,100.000000,0.019591,18,18,9720,18,18,0.000000,22.483128,1000,218536,7,1.000000,1.000000,0,1641,0,23004,0
100002601,baseline,120.000000,160.000000,0.001944,100.000000,0.015250,18,18,9720,18,18,0.000000,34.220576,1000,332624,3,1.000000,1.000000,0,1862,0,7099,0
100002601,attack_only,220.000000,260.000000,0.000000,0.000000,0.000000,18,0,0,0,18,100.000000,0.000000,1000,331116,4,1.000000,1.000000,0,1846,0,11713,0
100002601,defense_vs_attack,320.000000,360.000000,0.001296,66.666667,0.006464,18,12,6480,12,18,33.333333,129.698148,1000,840444,3,0.000000,0.877551,1,2465,0,17760,0
100002601,defense_only,420.000000,460.000000,0.001944,100.000000,0.010216,18,18,9720,18,18,0.000000,83.941564,1000,815912,3,1.000000,1.000000,0,2472,0,23800,0
100002602,defense_vs_attack,120.000000,160.000000,0.001944,100.000000,0.024376,18,18,9720,18,18,0.000000,91.910700,1000,893372,4,0.000000,0.857143,4,2471,0,8066,0
100002602,baseline,220.000000,260.000000,0.001944,100.000000,0.011117,18,18,9720,18,18,0.000000,27.287654,1000,265236,4,1.000000,1.000000,0,1638,0,12288,0
100002602,attack_only,320.000000,360.000000,0.001944,100.000000,0.012598,18,18,9720,18,18,0.000000,27.648148,1000,268740,4,1.000000,1.000000,0,1635,0,16245,0
100002602,defense_only,420.000000,460.000000,0.001944,100.000000,0.015279,18,18,9720,18,18,0.000000,93.430864,1000,908148,4,1.000000,1.000000,0,2311,0,21988,0
100002604,attack_only,120.000000,160.000000,0.000000,0.000000,0.000000,18,0,0,0,18,100.000000,0.000000,1000,264016,5,1.000000,1.000000,0,1620,0,6217,0
100002604,defense_only,220.000000,260.000000,0.001944,100.000000,0.024045,18,18,9720,18,18,0.000000,98.358436,1000,956044,5,1.000000,1.000000,0,2451,0,12007,0
100002604,baseline,320.000000,360.000000,0.001944,100.000000,0.015564,18,18,9720,18,18,0.000000,29.239506,1000,284208,5,1.000000,1.000000,0,1668,0,16217,0
100002604,defense_vs_attack,420.000000,460.000000,0.000756,41.176471,0.024840,17,7,3780,7,18,61.111111,243.441270,1000,920208,5,0.000000,0.734694,1,2442,0,22020,0
100002606,attack_only,120.000000,160.000000,0.000000,0.000000,0.000000,18,0,0,0,18,100.000000,0.000000,1000,282788,4,1.000000,1.000000,0,1630,0,6289,0
100002606,defense_only,220.000000,260.000000,0.001944,100.000000,0.017022,18,18,9720,18,18,0.000000,98.896296,1000,961272,4,1.000000,1.000000,0,2344,0,12111,0
100002606,baseline,320.000000,360.000000,0.001944,100.000000,0.010547,18,18,9720,18,18,0.000000,29.516461,1000,286900,4,1.000000,1.000000,0,1674,0,16434,0
100002606,defense_vs_attack,420.000000,460.000000,0.000864,44.444444,0.030159,18,8,4320,8,18,55.555556,217.084259,1000,937804,0,0.000000,0.775510,2,2561,0,22487,0
100002613,attack_only,120.000000,160.000000,0.000000,0.000000,0.000000,18,0,0,0,18,100.000000,0.000000,1000,204808,6,1.000000,1.000000,0,1510,0,5776,0
100002613,defense_only,220.000000,260.000000,0.001944,100.000000,0.025099,18,18,9720,18,18,0.000000,83.968313,1000,816172,6,1.000000,1.000000,0,2512,0,11743,0
100002613,defense_vs_attack,320.000000,360.000000,0.001512,77.777778,0.031234,18,14,7560,14,18,22.222222,107.495767,1000,812668,7,0.000000,0.877551,1,2494,0,17951,0
100002613,baseline,420.000000,460.000000,0.001944,100.000000,0.018399,18,18,9720,18,18,0.000000,22.055556,1000,214380,6,1.000000,1.000000,0,1580,0,22036,0
100002614,defense_vs_attack,120.000000,160.000000,0.001836,94.444444,0.026580,18,17,9180,17,18,5.555556,95.541612,1000,877072,5,0.000000,0.877551,1,2742,0,8820,0
100002614,defense_only,220.000000,260.000000,0.001944,100.000000,0.012117,18,18,9720,18,18,0.000000,86.917284,1000,844836,5,1.000000,1.000000,0,2666,0,15356,0
100002614,attack_only,320.000000,360.000000,0.001944,100.000000,0.019040,18,18,9720,18,18,0.000000,29.174486,1000,283576,5,1.000000,1.000000,0,1780,0,19979,0
100002614,baseline,420.000000,460.000000,0.001944,100.000000,0.012020,18,18,9720,18,18,0.000000,29.093004,1000,282784,5,1.000000,1.000000,0,1822,0,24290,0
100002621,defense_vs_attack,120.000000,160.000000,0.001944,100.000000,0.016358,18,18,9720,18,18,0.000000,105.808642,1000,1028460,3,0.000000,0.775510,1,2428,0,8160,0
100002621,baseline,220.000000,260.000000,0.001944,100.000000,0.006349,18,18,9720,18,18,0.000000,32.046914,1000,311496,3,1.000000,1.000000,0,1721,0,12585,0
100002621,attack_only,320.000000,360.000000,0.001944,100.000000,0.012861,18,18,9720,18,18,0.000000,31.030041,1000,301612,3,1.000000,1.000000,0,1662,0,16702,0
100002621,defense_only,420.000000,460.000000,0.001944,100.000000,0.007576,18,18,9720,18,18,0.000000,106.400823,1000,1034216,3,1.000000,1.000000,0,2491,0,22673,0
100002626,attack_only,120.000000,160.000000,0.001944,100.000000,0.026958,18,18,9720,18,18,0.000000,33.958436,1000,330076,5,1.000000,1.000000,0,1907,0,7014,0
100002626,defense_vs_attack,220.000000,260.000000,0.001728,88.888889,0.010962,18,16,8640,16,18,11.111111,110.144444,1000,951648,5,0.000000,0.877551,1,2318,0,12681,0
100002626,defense_only,320.000000,360.000000,0.001944,100.000000,0.022038,18,18,9720,18,18,0.000000,98.862551,1000,960944,5,1.000000,1.000000,0,2400,0,18558,0
100002626,baseline,420.000000,460.000000,0.001944,100.000000,0.024359,18,18,9720,18,18,0.000000,33.676132,1000,327332,5,1.000000,1.000000,0,1919,0,23300,0
100002627,baseline,120.000000,160.000000,0.001944,100.000000,0.035909,18,18,9720,18,18,0.000000,30.122222,1000,292788,7,1.000000,1.000000,0,1786,0,6579,0
100002627,defense_only,220.000000,260.000000,0.001944,100.000000,0.015106,18,18,9720,18,18,0.000000,93.153909,1000,905456,7,1.000000,1.000000,0,2445,0,12376,0
100002627,defense_vs_attack,320.000000,360.000000,0.001728,88.888889,0.033828,18,16,8640,16,18,11.111111,115.536111,1000,998232,7,0.000000,0.795918,1,2564,0,18557,0
100002627,attack_only,420.000000,460.000000,0.001944,100.000000,0.019834,18,18,9720,18,18,0.000000,30.370370,1000,295200,7,1.000000,1.000000,0,1775,0,22966,0
100002631,baseline,120.000000,160.000000,0.001944,100.000000,0.026258,18,18,9720,18,18,0.000000,28.917695,1000,281080,5,1.000000,1.000000,0,1750,0,6471,0
100002631,defense_only,220.000000,260.000000,0.001944,100.000000,0.017056,18,18,9720,18,18,0.000000,99.157613,1000,963812,5,1.000000,1.000000,0,2425,0,12225,0
100002631,attack_only,320.000000,360.000000,0.001944,100.000000,0.016582,18,18,9720,18,18,0.000000,27.738683,1000,269620,5,1.000000,1.000000,0,1695,0,16479,0
100002631,defense_vs_attack,420.000000,460.000000,0.001728,88.888889,0.032259,18,16,8640,16,18,11.111111,107.188889,1000,926112,8,0.000000,0.734694,3,2485,0,22458,0
100002633,defense_only,120.000000,160.000000,0.001944,100.000000,0.020751,18,18,9720,18,18,0.000000,94.422634,1000,917788,4,1.000000,1.000000,0,2447,0,8151,0
100002633,defense_vs_attack,220.000000,260.000000,0.001296,66.666667,0.023373,18,12,6480,12,18,33.333333,141.067901,1000,914120,4,0.000000,0.836735,1,2503,0,14200,0
100002633,attack_only,320.000000,360.000000,0.001944,100.000000,0.011554,18,18,9720,18,18,0.000000,26.763374,1000,260140,4,1.000000,1.000000,0,1690,0,18556,0
100002633,baseline,420.000000,460.000000,0.001944,100.000000,0.013032,18,18,9720,18,18,0.000000,26.386420,1000,256476,4,1.000000,1.000000,0,1656,0,22624,0
100002636,attack_only,120.000000,160.000000,0.001944,100.000000,0.015903,18,18,9720,18,18,0.000000,27.630041,1000,268564,3,1.000000,1.000000,0,1637,0,6209,0
100002636,defense_vs_attack,220.000000,260.000000,0.001512,77.777778,0.011101,18,14,7560,14,18,22.222222,108.695238,1000,821736,3,0.000000,0.775510,1,2373,0,11931,0
100002636,defense_only,320.000000,360.000000,0.001944,100.000000,0.012207,18,18,9720,18,18,0.000000,80.283128,1000,780352,3,1.000000,1.000000,0,2308,0,17689,0
100002636,baseline,420.000000,460.000000,0.001944,100.000000,0.006588,18,18,9720,18,18,0.000000,27.511523,1000,267412,3,1.000000,1.000000,0,1606,0,21861,0
100002639,baseline,120.000000,160.000000,0.001944,100.000000,0.020409,18,18,9720,18,18,0.000000,29.872016,1000,290356,4,1.000000,1.000000,0,1758,0,6529,0
100002639,attack_only,220.000000,260.000000,0.001944,100.000000,0.008041,18,18,9720,18,18,0.000000,30.242387,1000,293956,4,1.000000,1.000000,0,1711,0,10669,0
100002639,defense_only,320.000000,360.000000,0.001944,100.000000,0.017877,18,18,9720,18,18,0.000000,88.908230,1000,864188,4,1.000000,1.000000,0,2323,0,16397,0
100002639,defense_vs_attack,420.000000,460.000000,0.001944,100.000000,0.009499,18,18,9720,18,18,0.000000,89.251852,1000,867528,4,0.000000,0.857143,1,2456,0,22302,0
100002640,defense_vs_attack,120.000000,160.000000,0.001620,83.333333,0.046533,18,15,8100,15,18,16.666667,97.738272,1000,791680,7,0.000000,0.857143,1,2527,0,8149,0
100002640,defense_only,220.000000,260.000000,0.001944,100.000000,0.017494,18,18,9720,18,18,0.000000,83.552675,1000,812132,7,1.000000,1.000000,0,2473,0,14102,0
100002640,attack_only,320.000000,360.000000,0.000000,0.000000,0.000000,18,0,0,0,18,100.000000,0.000000,1000,250652,7,1.000000,1.000000,0,1599,0,18338,0
100002640,baseline,420.000000,460.000000,0.001944,100.000000,0.026469,18,18,9720,18,18,0.000000,26.416049,1000,256764,7,1.000000,1.000000,0,1743,0,22526,0
100002641,defense_only,120.000000,160.000000,0.001944,100.000000,0.026162,18,18,9720,18,18,0.000000,74.625514,1000,725360,5,1.000000,1.000000,0,2580,0,8617,0
100002641,attack_only,220.000000,260.000000,0.001944,100.000000,0.010138,18,18,9720,18,18,0.000000,30.814403,1000,299516,5,1.000000,1.000000,0,1831,0,13315,0
100002641,defense_vs_attack,320.000000,360.000000,0.001944,100.000000,0.021907,18,18,9720,18,18,0.000000,87.765844,1000,853084,5,0.000000,0.857143,1,2633,0,19694,0
100002641,baseline,420.000000,460.000000,0.001944,100.000000,0.012012,18,18,9720,18,18,0.000000,29.920988,1000,290832,5,1.000000,1.000000,0,1880,0,24504,0
100002647,defense_only,120.000000,160.000000,0.001944,100.000000,0.035866,18,18,9720,18,18,0.000000,86.183539,1000,837704,7,1.000000,1.000000,0,2599,0,8447,0
100002647,attack_only,220.000000,260.000000,0.000000,0.000000,0.000000,18,0,0,0,18,100.000000,0.000000,1000,257448,7,1.000000,1.000000,0,1682,0,12765,0
100002647,baseline,320.000000,360.000000,0.001944,100.000000,0.023719,18,18,9720,18,18,0.000000,26.376955,1000,256384,7,1.000000,1.000000,0,1740,0,16938,0
100002647,defense_vs_attack,420.000000,460.000000,0.001512,77.777778,0.023910,18,14,7560,14,18,22.222222,106.678307,1000,806488,7,0.000000,0.877551,1,2516,0,23004,0
100002642,defense_vs_attack,120.000000,160.000000,0.001944,100.000000,0.041834,18,18,9720,18,18,0.000000,88.868724,1000,863804,8,0.000000,0.918367,1,2660,0,8759,0
100002642,baseline,220.000000,260.000000,0.001944,100.000000,0.023022,18,18,9720,18,18,0.000000,25.114815,1000,244116,8,1.000000,1.000000,0,1791,0,13302,0
100002642,attack_only,320.000000,360.000000,0.001944,100.000000,0.029911,18,18,9720,18,18,0.000000,25.991358,1000,252636,8,1.000000,1.000000,0,1861,0,17714,0
100002642,defense_only,420.000000,460.000000,0.001944,100.000000,0.023775,18,18,9720,18,18,0.000000,89.801646,1000,872872,8,1.000000,1.000000,0,2662,0,24179,0
100002646,defense_only,120.000000,160.000000,0.001944,100.000000,0.016093,18,18,9720,18,18,0.000000,98.398765,1000,956436,3,1.000000,1.000000,0,2437,0,7875,0
100002646,attack_only,220.000000,260.000000,0.001944,100.000000,0.006256,18,18,9720,18,18,0.000000,24.645267,1000,239552,3,1.000000,1.000000,0,1554,0,11900,0
100002646,baseline,320.000000,360.000000,0.001944,100.000000,0.009970,18,18,9720,18,18,0.000000,24.272428,1000,235928,3,1.000000,1.000000,0,1514,0,15612,0
100002646,defense_vs_attack,420.000000,460.000000,0.001728,88.888889,0.008843,18,16,8640,16,18,11.111111,109.672685,1000,947572,3,0.000000,0.918367,1,2320,0,21442,0
100002649,defense_only,120.000000,160.000000,0.001944,100.000000,0.054218,18,18,9720,18,18,0.000000,89.166667,1000,866700,10,1.000000,1.000000,0,2575,0,8479,0
100002649,defense_vs_attack,220.000000,260.000000,0.001944,100.000000,0.021428,18,18,9720,18,18,0.000000,87.845267,1000,853856,10,0.000000,0.938776,1,2613,0,14871,0
100002649,attack_only,320.000000,360.000000,0.000000,0.000000,0.000000,18,0,0,0,18,100.000000,0.000000,1000,256692,10,1.000000,1.000000,0,1749,0,19266,0
100002649,baseline,420.000000,460.000000,0.001944,100.000000,0.036307,18,18,9720,18,18,0.000000,26.085185,1000,253548,10,1.000000,1.000000,0,1834,0,23567,0
100002650,attack_only,120.000000,160.000000,0.001944,100.000000,0.015087,18,18,9720,18,18,0.000000,25.142798,1000,244388,3,1.000000,1.000000,0,1661,0,6209,0
100002650,defense_vs_attack,220.000000,260.000000,0.001944,100.000000,0.006316,18,18,9720,18,18,0.000000,101.360905,1000,985228,3,0.000000,0.897959,1,2487,0,12163,0
100002650,defense_only,320.000000,360.000000,0.001944,100.000000,0.012812,18,18,9720,18,18,0.000000,95.933745,1000,932476,3,1.000000,1.000000,0,2420,0,18037,0
100002650,baseline,420.000000,460.000000,0.001944,100.000000,0.007151,18,18,9720,18,18,0.000000,25.718930,1000,249988,3,1.000000,1.000000,0,1593,0,22166,0
100002651,attack_only,120.000000,160.000000,0.000000,0.000000,0.000000,18,0,0,0,18,100.000000,0.000000,1000,284444,4,1.000000,1.000000,0,1635,0,6467,0
100002651,baseline,220.000000,260.000000,0.001944,100.000000,0.015432,18,18,9720,18,18,0.000000,29.965432,1000,291264,3,1.000000,1.000000,0,1686,0,10650,0
100002651,defense_only,320.000000,360.000000,0.001944,100.000000,0.006151,18,18,9720,18,18,0.000000,103.971605,1000,1010604,3,1.000000,1.000000,0,2359,0,16365,0
100002651,defense_vs_attack,420.000000,460.000000,0.001080,55.555556,0.012102,18,10,5400,10,18,44.444444,187.360741,1000,1011748,3,0.000000,0.755102,1,2371,0,22153,0
100002653,defense_only,120.000000,160.000000,0.001944,100.000000,0.021607,18,18,9720,18,18,0.000000,100.691770,1000,978724,4,1.000000,1.000000,0,2416,0,7824,0
100002653,attack_only,220.000000,260.000000,0.000000,0.000000,0.000000,0,0,0,0,18,100.000000,0.000000,1000,220360,0,1.000000,1.000000,0,1476,0,11742,0
100002653,baseline,320.000000,360.000000,0.001944,100.000000,0.008173,18,18,9720,18,18,0.000000,22.799177,1000,221608,4,1.000000,1.000000,0,1515,0,15444,0
100002653,defense_vs_attack,420.000000,460.000000,0.001728,88.888889,0.019272,18,16,8640,16,18,11.111111,118.010648,1000,1019612,4,0.000000,0.877551,1,2473,0,21387,0
100002654,attack_only,120.000000,160.000000,0.000000,0.000000,0.000000,18,0,0,0,18,100.000000,0.000000,1000,289224,6,1.000000,1.000000,0,1681,0,6482,0
100002654,baseline,220.000000,260.000000,0.001944,100.000000,0.022371,18,18,9720,18,18,0.000000,29.942387,1000,291040,6,1.000000,1.000000,0,1801,0,10722,0
100002654,defense_only,320.000000,360.000000,0.001944,100.000000,0.023570,18,18,9720,18,18,0.000000,94.226749,1000,915884,6,1.000000,1.000000,0,2400,0,16501,0
100002654,defense_vs_attack,420.000000,460.000000,0.001188,61.111111,0.031416,18,11,5940,11,18,38.888889,155.533333,1000,923868,6,0.000000,0.775510,1,2364,0,22317,0
100002658,defense_vs_attack,120.000000,160.000000,0.001944,100.000000,0.032343,18,18,9720,18,18,0.000000,81.646914,1000,793608,6,0.000000,0.877551,1,2561,0,8413,0
100002658,defense_only,220.000000,260.000000,0.001944,100.000000,0.017966,18,18,9720,18,18,0.000000,81.269547,1000,789940,6,1.000000,1.000000,0,2619,0,14650,0
100002658,attack_only,320.000000,360.000000,0.000000,0.000000,0.000000,18,0,0,0,18,100.000000,0.000000,1000,256536,7,1.000000,1.000000,0,1686,0,19019,0
100002658,baseline,420.000000,460.000000,0.001944,100.000000,0.015623,18,18,9720,18,18,0.000000,27.312346,1000,265476,6,1.000000,1.000000,0,1742,0,23199,0
100002667,baseline,120.000000,160.000000,0.001944,100.000000,0.072038,18,18,9720,18,18,0.000000,23.806584,1000,231400,14,1.000000,1.000000,0,1899,0,6652,0
100002667,attack_only,220.000000,260.000000,0.000000,0.000000,0.000000,18,0,0,0,18,100.000000,0.000000,1000,229356,14,1.000000,1.000000,0,1701,0,10781,0
100002667,defense_vs_attack,320.000000,360.000000,0.001080,55.555556,0.049281,18,10,5400,10,18,44.444444,143.929630,1000,777220,14,0.000000,0.938776,1,2758,0,17281,0
100002667,defense_only,420.000000,460.000000,0.001944,100.000000,0.040767,18,18,9720,18,18,0.000000,82.022222,1000,797256,14,1.000000,1.000000,0,2831,0,23904,0
100002671,attack_only,120.000000,160.000000,0.000000,0.000000,0.000000,0,0,0,0,18,100.000000,0.000000,1000,189184,0,1.000000,1.000000,0,1443,0,5813,0
100002671,defense_only,220.000000,260.000000,0.001944,100.000000,0.027070,18,18,9720,18,18,0.000000,84.314403,1000,819536,5,1.000000,1.000000,0,2490,0,11779,0
100002671,defense_vs_attack,320.000000,360.000000,0.001080,55.555556,0.019054,18,10,5400,10,18,44.444444,150.098519,1000,810532,5,0.000000,0.897959,1,2355,0,17660,0
100002671,baseline,420.000000,460.000000,0.001944,100.000000,0.015000,18,18,9720,18,18,0.000000,23.693004,1000,230296,5,1.000000,1.000000,0,1642,0,21832,0
100002669,baseline,120.000000,160.000000,0.001944,100.000000,0.037724,18,18,9720,18,18,0.000000,23.787654,1000,231216,7,1.000000,1.000000,0,1658,0,6136,0
100002669,defense_vs_attack,220.000000,260.000000,0.001080,55.555556,0.020900,18,10,5400,10,18,44.444444,167.585926,1000,904964,7,0.000000,0.897959,1,2511,0,12195,0
100002669,attack_only,320.000000,360.000000,0.000000,0.000000,0.000000,18,0,0,0,18,100.000000,0.000000,1000,239712,8,1.000000,1.000000,0,1631,0,16374,0
100002669,defense_only,420.000000,460.000000,0.001944,100.000000,0.022298,18,18,9720,18,18,0.000000,97.387654,1000,946608,7,1.000000,1.000000,0,2529,0,22411,0
100002675,defense_vs_attack,120.000000,160.000000,0.001944,100.000000,0.015613,18,18,9720,18,18,0.000000,74.788477,1000,726944,3,0.000000,0.918367,1,2550,0,8692,0
100002675,defense_only,220.000000,260.000000,0.001944,100.000000,0.007403,18,18,9720,18,18,0.000000,72.162140,1000,701416,3,1.000000,1.000000,0,2528,0,14998,0
100002675,baseline,320.000000,360.000000,0.001944,100.000000,0.014768,18,18,9720,18,18,0.000000,25.029630,1000,243288,3,1.000000,1.000000,0,1751,0,19553,0
100002675,attack_only,420.000000,460.000000,0.000000,0.000000,0.000000,18,0,0,0,18,100.000000,0.000000,1000,259264,4,1.000000,1.000000,0,1767,0,23935,0
100002673,attack_only,120.000000,160.000000,0.001944,100.000000,0.014893,18,18,9720,18,18,0.000000,26.655556,1000,259092,3,1.000000,1.000000,0,1567,0,6006,0
100002673,baseline,220.000000,260.000000,0.001944,100.000000,0.005973,18,18,9720,18,18,0.000000,27.320988,1000,265560,3,1.000000,1.000000,0,1550,0,9862,0
100002673,defense_vs_attack,320.000000,360.000000,0.001944,100.000000,0.013962,18,18,9720,18,18,0.000000,96.480658,1000,937792,3,0.000000,0.775510,1,2375,0,15634,0
100002673,defense_only,420.000000,460.000000,0.001944,100.000000,0.007544,18,18,9720,18,18,0.000000,97.425103,1000,946972,3,1.000000,1.000000,0,2471,0,21625,0
100002676,attack_only,120.000000,160.000000,0.001944,100.000000,0.015452,18,18,9720,18,18,0.000000,32.753498,1000,318364,3,1.000000,1.000000,0,1839,0,6943,0
100002676,defense_vs_attack,220.000000,260.000000,0.001944,100.000000,0.006675,18,18,9720,18,18,0.000000,89.427572,1000,869236,3,0.000000,0.877551,1,2574,0,13099,0
100002676,baseline,320.000000,360.000000,0.001944,100.000000,0.012813,18,18,9720,18,18,0.000000,31.563786,1000,306800,3,1.000000,1.000000,0,1828,0,17805,0
100002676,defense_only,420.000000,460.000000,0.001944,100.000000,0.007253,18,18,9720,18,18,0.000000,86.352675,1000,839348,3,1.000000,1.000000,0,2423,0,23841,0
100002678,defense_vs_attack,120.000000,160.000000,0.001944,100.000000,0.027272,18,18,9720,18,18,0.000000,92.188477,1000,896072,5,0.000000,0.795918,1,2477,0,8226,0
100002678,defense_only,220.000000,260.000000,0.001944,100.000000,0.010020,18,18,9720,18,18,0.000000,93.854733,1000,912268,5,1.000000,1.000000,0,2399,0,14086,0
100002678,baseline,320.000000,360.000000,0.001944,100.000000,0.022209,18,18,9720,18,18,0.000000,32.063786,1000,311660,5,1.000000,1.000000,0,1772,0,18542,0
100002678,attack_only,420.000000,460.000000,0.001944,100.000000,0.012160,18,18,9720,18,18,0.000000,32.482716,1000,315732,5,1.000000,1.000000,0,1759,0,22882,0
100002683,baseline,120.000000,160.000000,0.001944,100.000000,0.031763,18,18,9720,18,18,0.000000,30.464198,1000,296112,6,1.000000,1.000000,0,1814,0,6885,0
100002683,attack_only,220.000000,260.000000,0.001944,100.000000,0.012156,18,18,9720,18,18,0.000000,31.974897,1000,310796,6,1.000000,1.000000,0,1864,0,11354,0
100002683,defense_only,320.000000,360.000000,0.001944,100.000000,0.031394,18,18,9720,18,18,0.000000,97.103292,1000,943844,6,1.000000,1.000000,0,2593,0,17526,0
100002683,defense_vs_attack,420.000000,460.000000,0.001296,66.666667,0.013781,18,12,6480,12,18,33.333333,143.985185,1000,933024,6,0.000000,0.836735,1,2470,0,23589,0
100002687,baseline,120.000000,160.000000,0.001944,100.000000,0.025788,18,18,9720,18,18,0.000000,25.500000,1000,247860,5,1.000000,1.000000,0,1674,0,6195,0
100002687,defense_vs_attack,220.000000,260.000000,0.001944,100.000000,0.030434,18,18,9720,18,18,0.000000,78.453909,1000,762572,7,0.000000,0.938776,1,2478,0,12023,0
100002687,attack_only,320.000000,360.000000,0.000000,0.000000,0.000000,18,0,0,0,18,100.000000,0.000000,1000,248780,5,1.000000,1.000000,0,1655,0,16269,0
100002687,defense_only,420.000000,460.000000,0.001944,100.000000,0.019785,18,18,9720,18,18,0.000000,80.861728,1000,785976,5,1.000000,1.000000,0,2431,0,22135,0
100002688,attack_only,120.000000,160.000000,0.001944,100.000000,0.031481,18,18,9720,18,18,0.000000,28.000823,1000,272168,6,1.000000,1.000000,0,1781,0,6488,0
100002688,defense_vs_attack,220.000000,260.000000,0.001188,61.111111,0.012663,18,11,5940,11,18,38.888889,143.186532,1000,850528,0,0.000000,0.897959,1,2758,0,12775,0
100002688,defense_only,320.000000,360.000000,0.001944,100.000000,0.020964,18,18,9720,18,18,0.000000,87.408642,1000,849612,6,1.000000,1.000000,0,2426,0,18801,0
100002688,baseline,420.000000,460.000000,0.001944,100.000000,0.019167,18,18,9720,18,18,0.000000,27.753086,1000,269760,6,1.000000,1.000000,0,1736,0,23190,0
100002685,attack_only,120.000000,160.000000,0.001944,100.000000,0.020664,18,18,9720,18,18,0.000000,28.550617,1000,277512,4,1.000000,1.000000,0,1634,0,6260,0
100002685,defense_only,220.000000,260.000000,0.001944,100.000000,0.008424,18,18,9720,18,18,0.000000,108.618930,1000,1055776,4,1.000000,1.000000,0,2426,0,12158,0
100002685,defense_vs_attack,320.000000,360.000000,0.001944,100.000000,0.017261,18,18,9720,18,18,0.000000,107.527984,1000,1045172,4,0.000000,0.755102,1,2417,0,17998,0
100002685,baseline,420.000000,460.000000,0.001944,100.000000,0.009657,18,18,9720,18,18,0.000000,29.092593,1000,282780,4,1.000000,1.000000,0,1665,0,22326,0
100002689,defense_only,120.000000,160.000000,0.001944,100.000000,0.028527,18,18,9720,18,18,0.000000,93.153498,1000,905452,5,1.000000,1.000000,0,2484,0,8289,0
100002689,attack_only,220.000000,260.000000,0.000000,0.000000,0.000000,18,0,0,0,18,100.000000,0.000000,1000,271372,5,1.000000,1.000000,0,1696,0,12671,0
100002689,defense_vs_attack,320.000000,360.000000,0.001404,72.222222,0.022302,18,13,7020,13,18,27.777778,129.950427,1000,912252,5,0.000000,0.795918,1,2535,0,18777,0
100002689,baseline,420.000000,460.000000,0.001944,100.000000,0.024538,18,18,9720,18,18,0.000000,27.505350,1000,267352,5,1.000000,1.000000,0,1743,0,23158,0
100002690,attack_only,120.000000,160.000000,0.000000,0.000000,0.000000,18,0,0,0,18,100.000000,0.000000,1000,327916,4,1.000000,1.000000,0,1797,0,6887,0
100002690,defense_vs_attack,220.000000,260.000000,0.001404,72.222222,0.105665,18,13,7020,13,18,27.777778,155.607977,1000,1092368,4,0.000000,0.816327,1,2593,0,13029,0
100002690,baseline,320.000000,360.000000,0.001944,100.000000,0.016677,18,18,9720,18,18,0.000000,33.520576,1000,325820,4,1.000000,1.000000,0,1870,0,17754,0
100002690,defense_only,420.000000,460.000000,0.001944,100.000000,0.010158,18,18,9720,18,18,0.000000,114.120165,1000,1109248,4,1.000000,1.000000,0,2475,0,23659,0
100002694,defense_vs_attack,120.000000,160.000000,0.001188,61.111111,0.041467,18,11,5940,11,18,38.888889,159.445791,1000,947108,7,0.000000,0.816327,1,2469,0,8048,0
100002694,defense_only,220.000000,260.000000,0.001944,100.000000,0.017605,18,18,9720,18,18,0.000000,96.705761,1000,939980,7,1.000000,1.000000,0,2467,0,14074,0
100002694,attack_only,320.000000,360.000000,0.001944,100.000000,0.026537,18,18,9720,18,18,0.000000,27.578601,1000,268064,7,1.000000,1.000000,0,1650,0,18236,0
100002694,baseline,420.000000,460.000000,0.001944,100.000000,0.021129,18,18,9720,18,18,0.000000,27.703704,1000,269280,7,1.000000,1.000000,0,1688,0,22282,0
100002700,defense_only,120.000000,160.000000,0.001944,100.000000,0.035968,18,18,9720,18,18,0.000000,82.651440,1000,803372,7,1.000000,1.000000,0,2660,0,8690,0
100002700,baseline,220.000000,260.000000,0.001944,100.000000,0.014114,18,18,9720,18,18,0.000000,26.238683,1000,255040,7,1.000000,1.000000,0,1779,0,13242,0
100002700,attack_only,320.000000,360.000000,0.000000,0.000000,0.000000,18,0,0,0,18,100.000000,0.000000,1000,258544,7,1.000000,1.000000,0,1720,0,17529,0
100002700,defense_vs_attack,420.000000,460.000000,0.001080,55.555556,0.027476,18,10,5400,10,18,44.444444,153.198519,1000,827272,7,0.000000,0.877551,1,2651,0,23890,0
100002696,attack_only,120.000000,160.000000,0.001944,100.000000,0.025341,18,18,9720,18,18,0.000000,27.435802,1000,266676,5,1.000000,1.000000,0,1710,0,6495,0
100002696,defense_only,220.000000,260.000000,0.001944,100.000000,0.009911,18,18,9720,18,18,0.000000,89.636626,1000,871268,5,1.000000,1.000000,0,2383,0,12427,0
100002696,baseline,320.000000,360.000000,0.001944,100.000000,0.022833,18,18,9720,18,18,0.000000,26.874486,1000,261220,5,1.000000,1.000000,0,1704,0,16787,0
100002696,defense_vs_attack,420.000000,460.000000,0.001944,100.000000,0.012228,18,18,9720,18,18,0.000000,91.820576,1000,892496,5,0.000000,0.897959,1,2511,0,22863,0
100002705,attack_only,120.000000,160.000000,0.000000,0.000000,0.000000,18,0,0,0,18,100.000000,0.000000,1000,212676,4,1.000000,1.000000,0,1556,0,6017,0
100002705,baseline,220.000000,260.000000,0.001944,100.000000,0.015614,18,18,9720,18,18,0.000000,22.584362,1000,219520,3,1.000000,1.000000,0,1577,0,9859,0
100002705,defense_vs_attack,320.000000,360.000000,0.001512,77.777778,0.006174,18,14,7560,14,18,22.222222,106.151323,1000,802504,3,0.000000,0.857143,3,2418,0,15873,0
100002705,defense_only,420.000000,460.000000,0.001944,100.000000,0.011535,18,18,9720,18,18,0.000000,88.973663,1000,864824,3,1.000000,1.000000,0,2518,0,21955,0
100002702,defense_vs_attack,120.000000,160.000000,0.001080,55.555556,0.024974,18,10,5400,10,18,44.444444,157.331111,1000,849588,4,0.000000,0.714286,2,2357,0,8069,0
100002702,baseline,220.000000,260.000000,0.001944,100.000000,0.011016,18,18,9720,18,18,0.000000,30.975720,1000,301084,4,1.000000,1.000000,0,1709,0,12422,0
100002702,defense_only,320.000000,360.000000,0.001944,100.000000,0.012193,18,18,9720,18,18,0.000000,82.271605,1000,799680,4,1.000000,1.000000,0,2362,0,18179,0
100002702,attack_only,420.000000,460.000000,0.000000,0.000000,0.000000,18,0,0,0,18,100.000000,0.000000,1000,294824,5,1.000000,1.000000,0,1652,0,22483,0
100002701,defense_only,120.000000,160.000000,0.001944,100.000000,0.027356,18,18,9720,18,18,0.000000,109.179835,1000,1061228,5,1.000000,1.000000,0,2354,0,7966,0
100002701,attack_only,220.000000,260.000000,0.000000,0.000000,0.000000,18,0,0,0,18,100.000000,0.000000,1000,277164,6,1.000000,1.000000,0,1665,0,12186,0
100002701,baseline,320.000000,360.000000,0.001944,100.000000,0.014926,18,18,9720,18,18,0.000000,28.353086,1000,275592,5,1.000000,1.000000,0,1722,0,16336,0
100002701,defense_vs_attack,420.000000,460.000000,0.001836,94.444444,0.022081,18,17,9180,17,18,5.555556,115.740741,1000,1062500,5,0.000000,0.795918,1,2417,0,22147,0
100002706,defense_only,120.000000,160.000000,0.001944,100.000000,0.021192,18,18,9720,18,18,0.000000,99.181893,1000,964048,4,1.000000,1.000000,0,2406,0,8296,0
100002706,baseline,220.000000,260.000000,0.001944,100.000000,0.007970,18,18,9720,18,18,0.000000,29.372428,1000,285500,4,1.000000,1.000000,0,1697,0,12674,0
100002706,attack_only,320.000000,360.000000,0.001944,100.000000,0.017113,18,18,9720,18,18,0.000000,29.641152,1000,288112,4,1.000000,1.000000,0,1758,0,16885,0
100002706,defense_vs_attack,420.000000,460.000000,0.001944,100.000000,0.015499,18,18,9720,18,18,0.000000,98.745267,1000,959804,4,0.000000,0.857143,1,2396,0,22816,0
100002708,defense_only,120.000000,160.000000,0.001944,100.000000,0.037928,18,18,9720,18,18,0.000000,90.048971,1000,875276,7,1.000000,1.000000,0,2638,0,8696,0
100002708,attack_only,220.000000,260.000000,0.000000,0.000000,0.000000,18,0,0,0,18,100.000000,0.000000,1000,281020,7,1.000000,1.000000,0,1776,0,13302,0
100002708,baseline,320.000000,360.000000,0.001944,100.000000,0.021351,18,18,9720,18,18,0.000000,28.442387,1000,276460,7,1.000000,1.000000,0,1807,0,17693,0
100002708,defense_vs_attack,420.000000,460.000000,0.000864,50.000000,0.039694,16,8,4320,8,18,55.555556,196.297222,1000,848004,8,0.000000,0.857143,1,2695,0,24240,0
100002712,defense_only,120.000000,160.000000,0.001944,100.000000,0.031466,18,18,9720,18,18,0.000000,90.892593,1000,883476,6,1.000000,1.000000,0,2625,0,8277,0
100002712,defense_vs_attack,220.000000,260.000000,0.001296,66.666667,0.043177,18,12,6480,12,18,33.333333,129.879012,1000,841616,8,0.000000,0.877551,1,2890,0,14862,0
100002712,attack_only,320.000000,360.000000,0.000000,0.000000,0.000000,18,0,0,0,18,100.000000,0.000000,1000,246744,6,1.000000,1.000000,0,1643,0,19113,0
100002712,baseline,420.000000,460.000000,0.001944,100.000000,0.022109,18,18,9720,18,18,0.000000,24.881893,1000,241852,6,1.000000,1.000000,0,1658,0,23097,0
100002715,defense_vs_attack,120.000000,160.000000,0.001296,66.666667,0.059190,18,12,6480,12,18,33.333333,130.819753,1000,847712,0,0.000000,0.938776,1,3077,0,9411,0
100002715,baseline,220.000000,260.000000,0.001944,100.000000,0.019003,18,18,9720,18,18,0.000000,38.015226,1000,369508,5,1.000000,1.000000,0,2073,0,14547,0
100002715,attack_only,320.000000,360.000000,0.000000,0.000000,0.000000,18,0,0,0,18,100.000000,0.000000,1000,372080,5,1.000000,1.000000,0,1986,0,19449,0
100002715,defense_only,420.000000,460.000000,0.001836,94.444444,0.013418,18,17,9180,17,18,5.555556,93.321569,1000,856692,5,1.000000,1.000000,0,2590,0,25725,0
100002718,defense_vs_attack,120.000000,160.000000,0.001944,100.000000,0.015813,18,18,9720,18,18,0.000000,94.867490,1000,922112,3,0.000000,0.857143,1,2541,0,8519,0
100002718,attack_only,220.000000,260.000000,0.001944,100.000000,0.006100,18,18,9720,18,18,0.000000,30.093004,1000,292504,3,1.000000,1.000000,0,1790,0,13136,0
100002718,baseline,320.000000,360.000000,0.001944,100.000000,0.012673,18,18,9720,18,18,0.000000,28.944033,1000,281336,3,1.000000,1.000000,0,1748,0,17425,0
100002718,defense_only,420.000000,460.000000,0.001944,100.000000,0.007364,18,18,9720,18,18,0.000000,96.958025,1000,942432,3,1.000000,1.000000,0,2589,0,23648,0
100002722,defense_only,120.000000,160.000000,0.001944,100.000000,0.043999,18,18,9720,18,18,0.000000,94.069136,1000,914352,8,1.000000,1.000000,0,2718,0,8668,0
100002722,baseline,220.000000,260.000000,0.001944,100.000000,0.016016,18,18,9720,18,18,0.000000,25.655967,1000,249376,8,1.000000,1.000000,0,1806,0,13192,0
100002722,defense_vs_attack,320.000000,360.000000,0.001620,83.333333,0.040291,18,15,8100,15,18,16.666667,111.927901,1000,906616,8,0.000000,0.795918,1,2699,0,19524,0
100002722,attack_only,420.000000,460.000000,0.000000,0.000000,0.000000,18,0,0,0,18,100.000000,0.000000,1000,246752,8,1.000000,1.000000,0,1754,0,24080,0
100002726,defense_only,120.000000,160.000000,0.001944,100.000000,0.030693,18,18,9720,18,18,0.000000,80.453086,1000,782004,6,1.000000,1.000000,0,2590,0,8412,0
100002726,attack_only,220.000000,260.000000,0.000000,0.000000,0.000000,18,0,0,0,18,100.000000,0.000000,1000,230528,6,1.000000,1.000000,0,1573,0,12539,0
100002726,defense_vs_attack,320.000000,360.000000,0.001728,88.888889,0.026586,18,16,8640,16,18,11.111111,96.170370,1000,830912,6,0.000000,0.857143,1,2509,0,18612,0
100002726,baseline,420.000000,460.000000,0.001944,100.000000,0.022042,18,18,9720,18,18,0.000000,23.531276,1000,228724,6,1.000000,1.000000,0,1701,0,22903,0
100002730,baseline,120.000000,160.000000,0.001944,100.000000,0.027401,18,18,9720,18,18,0.000000,26.324280,1000,255872,5,1.000000,1.000000,0,1730,0,6521,0
100002730,defense_only,220.000000,260.000000,0.001944,100.000000,0.010225,18,18,9720,18,18,0.000000,75.180658,1000,730756,5,1.000000,1.000000,0,2430,0,12429,0
100002730,defense_vs_attack,320.000000,360.000000,0.001944,100.000000,0.020162,18,18,9720,18,18,0.000000,78.604115,1000,764032,5,0.000000,0.836735,2,2642,0,18712,0
100002730,attack_only,420.000000,460.000000,0.000000,0.000000,0.000000,18,0,0,0,18,100.000000,0.000000,1000,243320,6,1.000000,1.000000,0,1678,0,23056,0
100002728,baseline,120.000000,160.000000,0.001944,100.000000,0.015111,18,18,9720,18,18,0.000000,31.174074,1000,303012,3,1.000000,1.000000,0,1751,0,6647,0
100002728,defense_only,220.000000,260.000000,0.001944,100.000000,0.006108,18,18,9720,18,18,0.000000,106.387654,1000,1034088,3,1.000000,1.000000,0,2435,0,12642,0
100002728,defense_vs_attack,320.000000,360.000000,0.001944,100.000000,0.012812,18,18,9720,18,18,0.000000,103.979835,1000,1010684,3,0.000000,0.795918,1,2467,0,18756,0
100002728,attack_only,420.000000,460.000000,0.001944,100.000000,0.007066,18,18,9720,18,18,0.000000,31.334979,1000,304576,3,1.000000,1.000000,0,1761,0,23291,0
100002732,defense_vs_attack,120.000000,160.000000,0.001944,100.000000,0.020385,18,18,9720,18,18,0.000000,88.216872,1000,857468,4,0.000000,0.897959,1,2588,0,8578,0
100002732,defense_only,220.000000,260.000000,0.001944,100.000000,0.007792,18,18,9720,18,18,0.000000,89.814815,1000,873000,4,1.000000,1.000000,0,2502,0,14777,0
100002732,attack_only,320.000000,360.000000,0.001944,100.000000,0.017655,18,18,9720,18,18,0.000000,32.583951,1000,316716,4,1.000000,1.000000,0,1814,0,19374,0
100002732,baseline,420.000000,460.000000,0.001944,100.000000,0.009819,18,18,9720,18,18,0.000000,32.060082,1000,311624,4,1.000000,1.000000,0,1860,0,23868,0
100002735,baseline,120.000000,160.000000,0.001944,100.000000,0.042684,18,18,9720,18,18,0.000000,28.967490,1000,281564,8,1.000000,1.000000,0,1902,0,6860,0
100002735,attack_only,220.000000,260.000000,0.001944,100.000000,0.015929,18,18,9720,18,18,0.000000,29.314403,1000,284936,8,1.000000,1.000000,0,1878,0,11349,0
100002735,defense_vs_attack,320.000000,360.000000,0.001404,72.222222,0.036076,18,13,7020,13,18,27.777778,120.354416,1000,844888,8,0.000000,0.938776,1,2872,0,17896,0
100002735,defense_only,420.000000,460.000000,0.001944,100.000000,0.038055,18,18,9720,18,18,0.000000,86.942387,1000,845080,8,1.000000,1.000000,0,2649,0,24409,0
100002737,defense_vs_attack,120.000000,160.000000,0.001080,55.555556,0.037131,18,10,5400,10,18,44.444444,158.531852,1000,856072,6,0.000000,0.918367,1,2501,0,8266,0
100002737,baseline,220.000000,260.000000,0.001944,100.000000,0.015209,18,18,9720,18,18,0.000000,25.666667,1000,249480,6,1.000000,1.000000,0,1669,0,12514,0
100002737,attack_only,320.000000,360.000000,0.000000,0.000000,0.000000,18,0,0,0,18,100.000000,0.000000,1000,257852,7,1.000000,1.000000,0,1587,0,16444,0
100002737,defense_only,420.000000,460.000000,0.001944,100.000000,0.017090,18,18,9720,18,18,0.000000,90.660494,1000,881220,6,1.000000,1.000000,0,2499,0,22368,0
100002740,baseline,120.000000,160.000000,0.001944,100.000000,0.020964,18,18,9720,18,18,0.000000,28.377366,1000,275828,4,1.000000,1.000000,0,1753,0,6605,0
100002740,defense_only,220.000000,260.000000,0.001944,100.000000,0.008002,18,18,9720,18,18,0.000000,84.678601,1000,823076,4,1.000000,1.000000,0,2544,0,12731,0
100002740,attack_only,320.000000,360.000000,0.001944,100.000000,0.017552,18,18,9720,18,18,0.000000,28.382305,1000,275876,4,1.000000,1.000000,0,1766,0,17281,0
100002740,defense_vs_attack,420.000000,460.000000,0.001944,100.000000,0.009499,18,18,9720,18,18,0.000000,83.201646,1000,808720,4,0.000000,0.816327,1,2613,0,23492,0
100002738,defense_vs_attack,120.000000,160.000000,0.001944,100.000000,0.021543,18,18,9720,18,18,0.000000,90.486831,1000,879532,4,0.000000,0.897959,1,2637,0,8544,0
100002738,baseline,220.000000,260.000000,0.001944,100.000000,0.009247,18,18,9720,18,18,0.000000,26.665432,1000,259188,4,1.000000,1.000000,0,1747,0,13031,0
100002738,attack_only,320.000000,360.000000,0.001944,100.000000,0.018609,18,18,9720,18,18,0.000000,27.860905,1000,270808,4,1.000000,1.000000,0,1782,0,17370,0
100002738,defense_only,420.000000,460.000000,0.001944,100.000000,0.014649,18,18,9720,18,18,0.000000,87.481893,1000,850324,4,1.000000,1.000000,0,2535,0,23555,0
100002743,defense_vs_attack,120.000000,160.000000,0.001944,100.000000,0.015470,18,18,9720,18,18,0.000000,84.094239,1000,817396,3,0.000000,0.897959,1,2507,0,8415,0
100002743,attack_only,220.000000,260.000000,0.001944,100.000000,0.006074,18,18,9720,18,18,0.000000,27.658848,1000,268844,3,1.000000,1.000000,0,1706,0,12818,0
100002743,baseline,320.000000,360.000000,0.001944,100.000000,0.012706,18,18,9720,18,18,0.000000,26.413992,1000,256744,3,1.000000,1.000000,0,1705,0,16984,0
100002743,defense_only,420.000000,460.000000,0.001944,100.000000,0.007328,18,18,9720,18,18,0.000000,79.900000,1000,776628,3,1.000000,1.000000,0,2508,0,23087,0
100002742,defense_only,120.000000,160.000000,0.001944,100.000000,0.021061,18,18,9720,18,18,0.000000,112.210700,1000,1090688,4,1.000000,1.000000,0,2446,0,8223,0
100002742,baseline,220.000000,260.000000,0.001944,100.000000,0.008653,18,18,9720,18,18,0.000000,32.225926,1000,313236,4,1.000000,1.000000,0,1747,0,12732,0
100002742,defense_vs_attack,320.000000,360.000000,0.001512,77.777778,0.021903,18,14,7560,14,18,22.222222,142.140741,999,1074584,4,0.000000,0.795918,1,2367,0,18661,0
100002742,attack_only,420.000000,460.000000,0.000000,0.000000,0.000000,18,0,0,0,18,100.000000,0.000000,1000,316232,5,1.000000,1.000000,0,1738,0,23076,0
100002745,defense_only,120.000000,160.000000,0.001944,100.000000,0.031465,18,18,9720,18,18,0.000000,99.473663,1000,966884,6,1.000000,1.000000,0,2556,0,8399,0
100002745,baseline,220.000000,260.000000,0.001944,100.000000,0.022053,18,18,9720,18,18,0.000000,27.080247,1000,263220,6,1.000000,1.000000,0,1710,0,12764,0
100002745,defense_vs_attack,320.000000,360.000000,0.001080,55.555556,0.026406,18,10,5400,10,18,44.444444,177.404444,1000,957984,6,0.000000,0.877551,1,2501,0,18730,0
100002745,attack_only,420.000000,460.000000,0.000000,0.000000,0.000000,18,0,0,0,18,100.000000,0.000000,1000,271704,6,1.000000,1.000000,0,1680,0,23078,0
100002749,attack_only,120.000000,160.000000,0.000000,0.000000,0.000000,18,0,0,0,18,100.000000,0.000000,1000,344648,5,1.000000,1.000000,0,1869,0,7145,0
100002749,defense_vs_attack,220.000000,260.000000,0.001944,100.000000,0.081212,18,18,9720,18,18,0.000000,78.734568,1000,765300,5,0.000000,0.918367,1,2443,0,13081,0
100002749,defense_only,320.000000,360.000000,0.001944,100.000000,0.009799,18,18,9720,18,18,0.000000,79.380658,1000,771580,5,1.000000,1.000000,0,2360,0,18954,0
100002749,baseline,420.000000,460.000000,0.001944,100.000000,0.022364,18,18,9720,18,18,0.000000,33.804527,1000,328580,5,1.000000,1.000000,0,1878,0,23710,0
100002750,baseline,120.000000,160.000000,0.001944,100.000000,0.026329,18,18,9720,18,18,0.000000,29.672016,1000,288412,5,1.000000,1.000000,0,1801,0,6691,0
100002750,defense_only,220.000000,260.000000,0.001944,100.000000,0.010602,18,18,9720,18,18,0.000000,103.463786,1000,1005668,5,1.000000,1.000000,0,2531,0,12743,0
100002750,defense_vs_attack,320.000000,360.000000,0.001512,77.777778,0.022632,18,14,7560,14,18,22.222222,125.956085,1000,952228,5,0.000000,0.734694,1,2458,0,18759,0
100002750,attack_only,420.000000,460.000000,0.000000,0.000000,0.000000,18,0,0,0,18,100.000000,0.000000,1000,297444,5,1.000000,1.000000,0,1786,0,23326,0
100002752,attack_only,120.000000,160.000000,0.001944,100.000000,0.015021,18,18,9720,18,18,0.000000,21.677366,1000,210704,3,1.000000,1.000000,0,1565,0,5849,0
100002752,defense_vs_attack,220.000000,260.000000,0.001944,100.000000,0.005788,18,18,9720,18,18,0.000000,66.866255,1000,649940,3,0.000000,0.857143,1,2409,0,11857,0
100002752,baseline,320.000000,360.000000,0.001944,100.000000,0.012916,18,18,9720,18,18,0.000000,21.376132,1000,207776,3,1.000000,1.000000,0,1534,0,15920,0
100002752,defense_only,420.000000,460.000000,0.001944,100.000000,0.007065,18,18,9720,18,18,0.000000,96.490535,1000,937888,3,1.000000,1.000000,0,2589,0,22149,0
100002755,defense_only,120.000000,160.000000,0.001944,100.000000,0.015345,18,18,9720,18,18,0.000000,90.569136,1000,880332,3,1.000000,1.000000,0,2354,0,7886,0
100002755,defense_vs_attack,220.000000,260.000000,0.001944,100.000000,0.006069,18,18,9720,18,18,0.000000,75.405350,1000,732940,3,0.000000,0.877551,1,2338,0,13812,0
100002755,baseline,320.000000,360.000000,0.001944,100.000000,0.012812,18,18,9720,18,18,0.000000,24.193416,1000,235160,3,1.000000,1.000000,0,1528,0,17813,0
100002755,attack_only,420.000000,460.000000,0.001944,100.000000,0.007107,18,18,9720,18,18,0.000000,22.796708,1000,221584,3,1.000000,1.000000,0,1591,0,21700,0
100002757,defense_vs_attack,120.000000,160.000000,0.001944,100.000000,0.020901,18,18,9720,18,18,0.000000,108.294239,1000,1052620,4,0.000000,0.795918,1,2559,0,8481,0
100002757,baseline,220.000000,260.000000,0.001944,100.000000,0.007793,18,18,9720,18,18,0.000000,30.876543,1000,300120,4,1.000000,1.000000,0,1733,0,12958,0
100002757,defense_only,320.000000,360.000000,0.001944,100.000000,0.017429,18,18,9720,18,18,0.000000,110.433333,1000,1073412,4,1.000000,1.000000,0,2573,0,19019,0
100002757,attack_only,420.000000,460.000000,0.001944,100.000000,0.009498,18,18,9720,18,18,0.000000,30.748971,1000,298880,4,1.000000,1.000000,0,1719,0,23461,0
100002768,baseline,120.000000,160.000000,0.001944,100.000000,0.015492,18,18,9720,18,18,0.000000,27.856790,1000,270768,3,1.000000,1.000000,0,1614,0,6150,0
100002768,defense_only,220.000000,260.000000,0.001944,100.000000,0.006360,18,18,9720,18,18,0.000000,99.780247,1000,969864,3,1.000000,1.000000,0,2412,0,11889,0
100002768,defense_vs_attack,320.000000,360.000000,0.001944,100.000000,0.013794,18,18,9720,18,18,0.000000,100.018107,1000,972176,3,0.000000,0.897959,1,2345,0,17717,0
100002768,attack_only,420.000000,460.000000,0.001944,100.000000,0.007204,18,18,9720,18,18,0.000000,28.486831,1000,276892,3,1.000000,1.000000,0,1650,0,21977,0
100002782,defense_vs_attack,120.000000,160.000000,0.001080,55.555556,0.049113,18,10,5400,10,18,44.444444,143.605926,1000,775472,8,0.000000,0.959184,1,2531,0,8386,0
100002782,baseline,220.000000,260.000000,0.001944,100.000000,0.019910,18,18,9720,18,18,0.000000,23.830864,1000,231636,8,1.000000,1.000000,0,1686,0,12649,0
100002782,attack_only,320.000000,360.000000,0.000000,0.000000,0.000000,18,0,0,0,18,100.000000,0.000000,1000,239340,9,1.000000,1.000000,0,1695,0,16753,0
100002782,defense_only,420.000000,460.000000,0.001944,100.000000,0.021291,18,18,9720,18,18,0.000000,81.045679,1000,787764,8,1.000000,1.000000,0,2520,0,22883,0
100002779,baseline,120.000000,160.000000,0.001944,100.000000,0.031399,18,18,9720,18,18,0.000000,24.636214,1000,239464,6,1.000000,1.000000,0,1767,0,6513,0
100002779,defense_only,220.000000,260.000000,0.001944,100.000000,0.018260,18,18,9720,18,18,0.000000,82.181481,1000,798804,6,1.000000,1.000000,0,2699,0,12917,0
100002779,defense_vs_attack,320.000000,360.000000,0.001944,100.000000,0.021869,18,18,9720,18,18,0.000000,81.933745,1000,796396,6,0.000000,0.959184,1,2682,0,19387,0
100002779,attack_only,420.000000,460.000000,0.001944,100.000000,0.013936,18,18,9720,18,18,0.000000,24.902058,1000,242048,6,1.000000,1.000000,0,1741,0,23892,0
100002764,defense_only,120.000000,160.000000,0.001944,100.000000,0.023208,18,18,9720,18,18,0.000000,122.525103,1000,1190944,4,1.000000,1.000000,0,2347,0,7933,0
100002764,attack_only,220.000000,260.000000,0.001944,100.000000,0.009527,18,18,9720,18,18,0.000000,37.179835,1000,361388,4,1.000000,1.000000,0,1757,0,12412,0
100002764,defense_vs_attack,320.000000,360.000000,0.001512,77.777778,0.013517,18,14,7560,14,18,22.222222,152.093651,1000,1149828,4,0.000000,0.714286,1,2673,0,18344,0
100002764,baseline,420.000000,460.000000,0.001944,100.000000,0.014432,18,18,9720,18,18,0.000000,37.107407,1000,360684,4,1.000000,1.000000,0,1792,0,22901,0
100002783,defense_vs_attack,120.000000,160.000000,0.001944,100.000000,0.015442,18,18,9720,18,18,0.000000,83.596708,1000,812560,3,0.000000,0.918367,1,2654,0,8474,0
100002783,baseline,220.000000,260.000000,0.001944,100.000000,0.005788,18,18,9720,18,18,0.000000,25.704527,1000,249848,3,1.000000,1.000000,0,1667,0,12821,0
100002783,attack_only,320.000000,360.000000,0.001944,100.000000,0.012811,18,18,9720,18,18,0.000000,25.991358,1000,252636,3,1.000000,1.000000,0,1626,0,16879,0
100002783,defense_only,420.000000,460.000000,0.001944,100.000000,0.007363,18,18,9720,18,18,0.000000,79.799177,1000,775648,3,1.000000,1.000000,0,2525,0,22936,0
100002791,defense_vs_attack,120.000000,160.000000,0.001944,100.000000,0.016381,18,18,9720,18,18,0.000000,87.583128,1000,851308,3,0.000000,0.795918,1,2513,0,8384,0
100002791,attack_only,220.000000,260.000000,0.001944,100.000000,0.005856,18,18,9720,18,18,0.000000,25.058025,1000,243564,3,1.000000,1.000000,0,1666,0,12692,0
100002791,baseline,320.000000,360.000000,0.001944,100.000000,0.012914,18,18,9720,18,18,0.000000,25.751029,1000,250300,3,1.000000,1.000000,0,1634,0,16697,0
100002791,defense_only,420.000000,460.000000,0.001944,100.000000,0.008176,18,18,9720,18,18,0.000000,89.556379,1000,870488,3,1.000000,1.000000,0,2504,0,22863,0
100002793,attack_only,120.000000,160.000000,0.000000,0.000000,0.000000,18,0,0,0,18,100.000000,0.000000,1000,319184,7,1.000000,1.000000,0,1822,0,6875,0
100002793,defense_only,220.000000,260.000000,0.001944,100.000000,0.036583,18,18,9720,18,18,0.000000,78.187243,1000,759980,7,1.000000,1.000000,0,2455,0,12718,0
100002793,defense_vs_attack,320.000000,360.000000,0.001080,55.555556,0.025270,18,10,5400,10,18,44.444444,150.090370,1000,810488,7,0.000000,0.795918,1,2410,0,18606,0
100002793,baseline,420.000000,460.000000,0.001944,100.000000,0.017212,18,18,9720,18,18,0.000000,33.434979,1000,324988,7,1.000000,1.000000,0,1881,0,23264,0
100002796,baseline,120.000000,160.000000,0.001944,100.000000,0.071472,18,18,9720,18,18,0.000000,24.362963,1000,236808,3,1.000000,1.000000,0,1530,0,5837,0
100002796,defense_vs_attack,220.000000,260.000000,0.001404,72.222222,0.015720,18,13,7020,13,18,27.777778,130.699715,1000,917512,3,0.000000,0.857143,1,2348,0,11627,0
100002796,defense_only,320.000000,360.000000,0.001944,100.000000,0.005539,18,18,9720,18,18,0.000000,91.862551,1000,892904,3,1.000000,1.000000,0,2338,0,17494,0
100002796,attack_only,420.000000,460.000000,0.000000,0.000000,0.000000,18,0,0,0,18,100.000000,0.000000,1000,234436,3,1.000000,1.000000,0,1536,0,21517,0
100002801,defense_only,120.000000,160.000000,0.001944,100.000000,0.015832,18,18,9720,18,18,0.000000,78.381481,1000,761868,3,1.000000,1.000000,0,2477,0,8258,0
100002801,attack_only,220.000000,260.000000,0.001944,100.000000,0.005939,18,18,9720,18,18,0.000000,23.313580,1000,226608,3,1.000000,1.000000,0,1610,0,12504,0
100002801,defense_vs_attack,320.000000,360.000000,0.001944,100.000000,0.012812,18,18,9720,18,18,0.000000,80.558848,1000,783032,3,0.000000,0.897959,1,2371,0,18351,0
100002801,baseline,420.000000,460.000000,0.001944,100.000000,0.007066,18,18,9720,18,18,0.000000,23.817284,1000,231504,3,1.000000,1.000000,0,1650,0,22552,0
100002797,defense_vs_attack,120.000000,160.000000,0.001728,88.888889,0.016959,18,16,8640,16,18,11.111111,109.018519,1000,941920,3,0.000000,0.836735,1,2405,0,8192,0
100002797,defense_only,220.000000,260.000000,0.001944,100.000000,0.006502,18,18,9720,18,18,0.000000,97.596708,1000,948640,3,1.000000,1.000000,0,2390,0,14012,0
100002797,baseline,320.000000,360.000000,0.001944,100.000000,0.012528,18,18,9720,18,18,0.000000,37.111523,1000,360724,3,1.000000,1.000000,0,1872,0,18764,0
100002797,attack_only,420.000000,460.000000,0.000000,0.000000,0.000000,18,0,0,0,18,100.000000,0.000000,1000,365332,4,1.000000,1.000000,0,1806,0,23282,0
100002807,defense_vs_attack,120.000000,160.000000,0.001944,100.000000,0.016516,18,18,9720,18,18,0.000000,93.050206,1000,904448,3,0.000000,0.877551,1,2594,0,8527,0
100002807,defense_only,220.000000,260.000000,0.001944,100.000000,0.007161,18,18,9720,18,18,0.000000,91.046502,1000,884972,3,1.000000,1.000000,0,2566,0,14917,0
100002807,attack_only,320.000000,360.000000,0.001944,100.000000,0.012384,18,18,9720,18,18,0.000000,26.032510,1000,253036,3,1.000000,1.000000,0,1722,0,19386,0
100002807,baseline,420.000000,460.000000,0.001944,100.000000,0.007448,18,18,9720,18,18,0.000000,25.644856,1000,249268,3,1.000000,1.000000,0,1682,0,23470,0
100002809,baseline,120.000000,160.000000,0.001944,100.000000,0.031759,18,18,9720,18,18,0.000000,22.672428,1000,220376,6,1.000000,1.000000,0,1657,0,6039,0
100002809,defense_vs_attack,220.000000,260.000000,0.001944,100.000000,0.013119,18,18,9720,18,18,0.000000,89.249383,1000,867504,6,0.000000,0.816327,1,2474,0,11967,0
100002809,defense_only,320.000000,360.000000,0.001944,100.000000,0.024492,18,18,9720,18,18,0.000000,83.405350,1000,810700,6,1.000000,1.000000,0,2399,0,17865,0
100002809,attack_only,420.000000,460.000000,0.001944,100.000000,0.016700,18,18,9720,18,18,0.000000,21.810288,1000,211996,6,1.000000,1.000000,0,1602,0,21908,0
100002812,defense_vs_attack,120.000000,160.000000,0.001620,83.333333,0.104846,18,15,8100,15,18,16.666667,107.992593,1000,874740,6,0.000000,0.836735,1,2601,0,8437,0
100002812,attack_only,220.000000,260.000000,0.001944,100.000000,0.014742,18,18,9720,18,18,0.000000,27.313169,1000,265484,6,1.000000,1.000000,0,1730,0,12893,0
100002812,baseline,320.000000,360.000000,0.001944,100.000000,0.020090,18,18,9720,18,18,0.000000,28.401646,1000,276064,6,1.000000,1.000000,0,1751,0,17096,0
100002812,defense_only,420.000000,460.000000,0.001944,100.000000,0.018185,18,18,9720,18,18,0.000000,84.718930,1000,823468,6,1.000000,1.000000,0,2444,0,23024,0
100002816,defense_only,120.000000,160.000000,0.001944,100.000000,0.014813,18,18,9720,18,18,0.000000,89.248560,1000,867496,3,1.000000,1.000000,0,2593,0,8592,0
100002816,attack_only,220.000000,260.000000,0.000000,0.000000,0.000000,18,0,0,0,18,100.000000,0.000000,1000,280192,0,1.000000,1.000000,0,1674,0,13046,0
100002816,defense_vs_attack,320.000000,360.000000,0.001404,72.222222,0.007181,18,13,7020,13,18,27.777778,121.984615,1000,856332,3,0.000000,0.979592,1,2560,0,19274,0
100002816,baseline,420.000000,460.000000,0.001944,100.000000,0.010876,18,18,9720,18,18,0.000000,27.269136,1000,265056,3,1.000000,1.000000,0,1698,0,23712,0
100002814,attack_only,120.000000,160.000000,0.001944,100.000000,0.031631,18,18,9720,18,18,0.000000,29.709877,1000,288780,6,1.000000,1.000000,0,1909,0,6919,0
100002814,defense_vs_attack,220.000000,260.000000,0.001296,66.666667,0.015261,18,12,6480,12,18,33.333333,131.350617,1000,851152,6,0.000000,0.836735,1,2696,0,13477,0
100002814,baseline,320.000000,360.000000,0.001944,100.000000,0.022012,18,18,9720,18,18,0.000000,27.382716,1000,266160,6,1.000000,1.000000,0,1820,0,18131,0
100002814,defense_only,420.000000,460.000000,0.001944,100.000000,0.020467,18,18,9720,18,18,0.000000,93.431276,1000,908152,6,1.000000,1.000000,0,2709,0,24666,0
100002822,defense_vs_attack,120.000000,160.000000,0.001080,55.555556,0.028828,18,10,5400,10,18,44.444444,156.089630,1000,842884,4,0.000000,0.816327,1,2438,0,8213,0
100002822,defense_only,220.000000,260.000000,0.001944,100.000000,0.014251,18,18,9720,18,18,0.000000,88.855556,1000,863676,4,1.000000,1.000000,0,2436,0,14167,0
100002822,baseline,320.000000,360.000000,0.001944,100.000000,0.009813,18,18,9720,18,18,0.000000,29.754733,1000,289216,4,1.000000,1.000000,0,1751,0,18583,0
100002822,attack_only,420.000000,460.000000,0.000000,0.000000,0.000000,18,0,0,0,18,100.000000,0.000000,1000,281984,4,1.000000,1.000000,0,1626,0,22668,0
100002821,attack_only,120.000000,160.000000,0.000000,0.000000,0.000000,18,0,0,0,18,100.000000,0.000000,1000,333872,6,1.000000,1.000000,0,1859,0,7072,0
100002821,defense_only,220.000000,260.000000,0.001944,100.000000,0.024634,18,18,9720,18,18,0.000000,90.143210,1000,876192,6,1.000000,1.000000,0,2415,0,12909,0
100002821,defense_vs_attack,320.000000,360.000000,0.001296,66.666667,0.020565,18,12,6480,12,18,33.333333,139.779012,1000,905768,6,0.000000,0.816327,1,2555,0,19026,0
100002821,baseline,420.000000,460.000000,0.001944,100.000000,0.022891,18,18,9720,18,18,0.000000,33.750206,1000,328052,6,1.000000,1.000000,0,1881,0,23731,0
100002825,baseline,120.000000,160.000000,0.001944,100.000000,0.026175,18,18,9720,18,18,0.000000,29.180247,1000,283632,5,1.000000,1.000000,0,1792,0,6676,0
100002825,attack_only,220.000000,260.000000,0.001944,100.000000,0.010484,18,18,9720,18,18,0.000000,30.376132,1000,295256,5,1.000000,1.000000,0,1793,0,11119,0
100002825,defense_vs_attack,320.000000,360.000000,0.001944,100.000000,0.022736,18,18,9720,18,18,0.000000,93.206584,1000,905968,5,0.000000,0.938776,1,2652,0,17472,0
100002825,defense_only,420.000000,460.000000,0.001944,100.000000,0.013080,18,18,9720,18,18,0.000000,94.869959,1000,922136,5,1.000000,1.000000,0,2703,0,23910,0
100002827,attack_only,120.000000,160.000000,0.001944,100.000000,0.015919,18,18,9720,18,18,0.000000,33.324691,1000,323916,3,1.000000,1.000000,0,1852,0,6912,0
100002827,defense_vs_attack,220.000000,260.000000,0.001944,100.000000,0.006431,18,18,9720,18,18,0.000000,95.827572,1000,931444,3,0.000000,0.918367,1,2513,0,12965,0
100002827,defense_only,320.000000,360.000000,0.001944,100.000000,0.012867,18,18,9720,18,18,0.000000,93.536626,1000,909176,3,1.000000,1.000000,0,2415,0,18982,0
100002827,baseline,420.000000,460.000000,0.001944,100.000000,0.012798,18,18,9720,18,18,0.000000,33.090535,1000,321640,3,1.000000,1.000000,0,1791,0,23597,0
100002831,baseline,120.000000,160.000000,0.001944,100.000000,0.016496,18,18,9720,18,18,0.000000,26.999588,1000,262436,3,1.000000,1.000000,0,1619,0,6295,0
100002831,attack_only,220.000000,260.000000,0.001944,100.000000,0.007056,18,18,9720,18,18,0.000000,27.193827,1000,264324,3,1.000000,1.000000,0,1642,0,10294,0
100002831,defense_vs_attack,320.000000,360.000000,0.001728,88.888889,0.011333,18,16,8640,16,18,11.111111,107.047685,1000,924892,3,0.000000,0.877551,1,2338,0,15978,0
100002831,defense_only,420.000000,460.000000,0.001944,100.000000,0.009624,18,18,9720,18,18,0.000000,94.409877,1000,917664,3,1.000000,1.000000,0,2362,0,21756,0
100002834,defense_vs_attack,120.000000,160.000000,0.001944,100.000000,0.015736,18,18,9720,18,18,0.000000,93.979012,1000,913476,3,0.000000,0.836735,1,2376,0,7924,0
100002834,defense_only,220.000000,260.000000,0.001944,100.000000,0.006307,18,18,9720,18,18,0.000000,92.551029,1000,899596,3,1.000000,1.000000,0,2325,0,13764,0
100002834,attack_only,320.000000,360.000000,0.001944,100.000000,0.012812,18,18,9720,18,18,0.000000,27.638272,1000,268644,3,1.000000,1.000000,0,1635,0,17948,0
100002834,baseline,420.000000,460.000000,0.001944,100.000000,0.007326,18,18,9720,18,18,0.000000,27.725926,1000,269496,3,1.000000,1.000000,0,1635,0,21975,0
100002837,defense_vs_attack,120.000000,160.000000,0.001080,55.555556,0.018236,18,10,5400,10,18,44.444444,153.494815,1000,828872,3,0.000000,0.897959,1,2541,0,8254,0
100002837,baseline,220.000000,260.000000,0.001944,100.000000,0.007391,18,18,9720,18,18,0.000000,24.360494,1000,236784,3,1.000000,1.000000,0,1602,0,12472,0
100002837,attack_only,320.000000,360.000000,0.000000,0.000000,0.000000,18,0,0,0,18,100.000000,0.000000,1000,223976,4,1.000000,1.000000,0,1584,0,16378,0
100002837,defense_only,420.000000,460.000000,0.001944,100.000000,0.009366,18,18,9720,18,18,0.000000,89.184774,1000,866876,3,1.000000,1.000000,0,2475,0,22331,0
100002845,baseline,120.000000,160.000000,0.001944,100.000000,0.020993,18,18,9720,18,18,0.000000,28.665021,1000,278624,4,1.000000,1.000000,0,1717,0,6330,0
100002845,attack_only,220.000000,260.000000,0.000000,0.000000,0.000000,18,0,0,0,18,100.000000,0.000000,1000,279900,5,1.000000,1.000000,0,1645,0,10364,0
100002845,defense_only,320.000000,360.000000,0.001944,100.000000,0.020147,18,18,9720,18,18,0.000000,94.288066,1000,916480,4,1.000000,1.000000,0,2340,0,16025,0
100002845,defense_vs_attack,420.000000,460.000000,0.001944,100.000000,0.040074,18,18,9720,18,18,0.000000,91.770782,1000,892012,6,0.000000,0.857143,2,2514,0,21930,0
100002842,baseline,120.000000,160.000000,0.001944,100.000000,0.026152,18,18,9720,18,18,0.000000,30.618930,1000,297616,5,1.000000,1.000000,0,1805,0,6642,0
100002842,defense_only,220.000000,260.000000,0.001944,100.000000,0.011721,18,18,9720,18,18,0.000000,100.909465,1000,980840,5,1.000000,1.000000,0,2401,0,12459,0
100002842,attack_only,320.000000,360.000000,0.001944,100.000000,0.021946,18,18,9720,18,18,0.000000,29.920576,1000,290828,5,1.000000,1.000000,0,1791,0,16974,0
100002842,defense_vs_attack,420.000000,460.000000,0.001944,100.000000,0.012347,18,18,9720,18,18,0.000000,102.439918,1000,995716,5,0.000000,0.897959,1,2466,0,22810,0
100002847,baseline,120.000000,160.000000,0.001944,100.000000,0.032359,18,18,9720,18,18,0.000000,23.565021,1000,229052,6,1.000000,1.000000,0,1655,0,6160,0
100002847,defense_only,220.000000,260.000000,0.001944,100.000000,0.012828,18,18,9720,18,18,0.000000,84.346914,1000,819852,6,1.000000,1.000000,0,2486,0,12185,0
100002847,defense_vs_attack,320.000000,360.000000,0.001944,100.000000,0.025980,18,18,9720,18,18,0.000000,90.027572,1000,875068,6,0.000000,0.877551,1,2553,0,18328,0
100002847,attack_only,420.000000,460.000000,0.001944,100.000000,0.015021,18,18,9720,18,18,0.000000,21.935802,1000,213216,6,1.000000,1.000000,0,1633,0,22579,0
100002848,defense_only,120.000000,160.000000,0.001944,100.000000,0.021126,18,18,9720,18,18,0.000000,98.016049,1000,952716,4,1.000000,1.000000,0,2393,0,7907,0
100002848,baseline,220.000000,260.000000,0.001944,100.000000,0.007917,18,18,9720,18,18,0.000000,22.359671,1000,217336,4,1.000000,1.000000,0,1546,0,11909,0
100002848,defense_vs_attack,320.000000,360.000000,0.000972,50.000000,0.015358,18,9,4860,9,18,50.000000,166.954733,1000,811400,4,0.000000,0.918367,1,2339,0,17641,0
100002848,attack_only,420.000000,460.000000,0.001944,100.000000,0.013909,18,18,9720,18,18,0.000000,22.347325,1000,217216,4,1.000000,1.000000,0,1535,0,21603,0
100002850,defense_only,120.000000,160.000000,0.001944,100.000000,0.020568,18,18,9720,18,18,0.000000,85.407407,1000,830160,4,1.000000,1.000000,0,2474,0,8152,0
100002850,attack_only,220.000000,260.000000,0.000000,0.000000,0.000000,18,0,0,0,18,100.000000,0.000000,1000,282988,4,1.000000,1.000000,0,1685,0,12579,0
100002850,baseline,320.000000,360.000000,0.001944,100.000000,0.015267,18,18,9720,18,18,0.000000,28.192593,1000,274032,4,1.000000,1.000000,0,1748,0,16760,0
100002850,defense_vs_attack,420.000000,460.000000,0.001512,77.777778,0.023529,18,14,7560,14,18,22.222222,110.397884,1000,834608,5,0.000000,0.897959,1,2508,0,22698,0
100002854,defense_only,120.000000,160.000000,0.001944,100.000000,0.020611,18,18,9720,18,18,0.000000,80.764609,1000,785032,4,1.000000,1.000000,0,2493,0,8294,0
100002854,defense_vs_attack,220.000000,260.000000,0.000000,0.000000,0.000000,18,0,0,0,18,100.000000,0.000000,1000,788456,0,0.000000,0.836735,2,3220,0,15078,0
100002854,attack_only,320.000000,360.000000,0.000000,0.000000,0.000000,18,0,0,0,18,100.000000,0.000000,1000,279228,4,1.000000,1.000000,0,1738,0,19562,0
100002854,baseline,420.000000,460.000000,0.001944,100.000000,0.012593,18,18,9720,18,18,0.000000,28.313992,1000,275212,4,1.000000,1.000000,0,1751,0,23793,0
100002858,defense_vs_attack,120.000000,160.000000,0.001944,100.000000,0.026362,18,18,9720,18,18,0.000000,84.626749,1000,822572,5,0.000000,0.938776,1,2510,0,8415,0
100002858,baseline,220.000000,260.000000,0.001944,100.000000,0.010247,18,18,9720,18,18,0.000000,25.307407,1000,245988,5,1.000000,1.000000,0,1711,0,12830,0
100002858,attack_only,320.000000,360.000000,0.001944,100.000000,0.022496,18,18,9720,18,18,0.000000,26.514403,1000,257720,5,1.000000,1.000000,0,1739,0,17107,0
100002858,defense_only,420.000000,460.000000,0.001944,100.000000,0.013913,18,18,9720,18,18,0.000000,87.818107,1000,853592,5,1.000000,1.000000,0,2590,0,23248,0
100002859,attack_only,120.000000,160.000000,0.001944,100.000000,0.015518,18,18,9720,18,18,0.000000,29.760082,1000,289268,3,1.000000,1.000000,0,1708,0,6490,0
100002859,baseline,220.000000,260.000000,0.001944,100.000000,0.006006,18,18,9720,18,18,0.000000,29.296708,1000,284764,3,1.000000,1.000000,0,1705,0,10694,0
100002859,defense_vs_attack,320.000000,360.000000,0.001944,100.000000,0.013332,18,18,9720,18,18,0.000000,80.335802,1000,780864,3,0.000000,0.877551,1,2570,0,16810,0
100002859,defense_only,420.000000,460.000000,0.001944,100.000000,0.007819,18,18,9720,18,18,0.000000,83.384362,1000,810496,3,1.000000,1.000000,0,2489,0,22912,0
100002857,defense_only,120.000000,160.000000,0.001944,100.000000,0.048274,18,18,9720,18,18,0.000000,82.726749,1000,804104,10,1.000000,1.000000,0,2634,0,8579,0
100002857,attack_only,220.000000,260.000000,0.001944,100.000000,0.024026,18,18,9720,18,18,0.000000,26.239506,1000,255048,9,1.000000,1.000000,0,1829,0,13112,0
100002857,defense_vs_attack,320.000000,360.000000,0.001944,100.000000,0.034864,18,18,9720,18,18,0.000000,85.201235,1000,828156,9,0.000000,0.959184,1,2728,0,19572,0
100002857,baseline,420.000000,460.000000,0.001944,100.000000,0.021082,18,18,9720,18,18,0.000000,24.325103,1000,236440,9,1.000000,1.000000,0,1793,0,24054,0
100002861,baseline,120.000000,160.000000,0.001944,100.000000,0.025808,18,18,9720,18,18,0.000000,30.347737,1000,294980,5,1.000000,1.000000,0,1871,0,7073,0
100002861,defense_vs_attack,220.000000,260.000000,0.001296,66.666667,0.107971,18,12,6480,12,18,33.333333,124.425926,1000,806280,5,0.000000,0.877551,1,2572,0,13249,0
100002861,attack_only,320.000000,360.000000,0.000000,0.000000,0.000000,18,0,0,0,18,100.000000,0.000000,1000,294244,5,1.000000,1.000000,0,1790,0,17931,0
100002861,defense_only,420.000000,460.000000,0.001944,100.000000,0.017812,18,18,9720,18,18,0.000000,79.053909,1000,768404,5,1.000000,1.000000,0,2581,0,24283,0
100002860,attack_only,120.000000,160.000000,0.001944,100.000000,0.041570,18,18,9720,18,18,0.000000,26.323045,1000,255860,8,1.000000,1.000000,0,1741,0,6358,0
100002860,defense_only,220.000000,260.000000,0.001944,100.000000,0.018092,18,18,9720,18,18,0.000000,109.148148,1000,1060920,8,1.000000,1.000000,0,2603,0,12561,0
100002860,baseline,320.000000,360.000000,0.001944,100.000000,0.034878,18,18,9720,18,18,0.000000,25.150617,1000,244464,8,1.000000,1.000000,0,1734,0,16917,0
100002860,defense_vs_attack,420.000000,460.000000,0.001944,100.000000,0.021591,18,18,9720,18,18,0.000000,104.226749,1000,1013084,8,0.000000,0.877551,1,2614,0,23109,0
100002864,attack_only,120.000000,160.000000,0.001944,100.000000,0.015111,18,18,9720,18,18,0.000000,30.872840,1000,300084,3,1.000000,1.000000,0,1757,0,6616,0
100002864,baseline,220.000000,260.000000,0.001944,100.000000,0.005882,18,18,9720,18,18,0.000000,30.661728,1000,298032,3,1.000000,1.000000,0,1718,0,10857,0
100002864,defense_only,320.000000,360.000000,0.001944,100.000000,0.015279,18,18,9720,18,18,0.000000,95.402881,1000,927316,3,1.000000,1.000000,0,2475,0,16750,0
100002864,defense_vs_attack,420.000000,460.000000,0.000864,44.444444,0.015763,18,8,4320,8,18,55.555556,217.800926,1000,940900,0,0.000000,0.877551,3,2469,0,22747,0
100002866,attack_only,120.000000,160.000000,0.000000,0.000000,0.000000,18,0,0,0,18,100.000000,0.000000,1000,304928,6,1.000000,1.000000,0,1739,0,6448,0
100002866,baseline,220.000000,260.000000,0.001944,100.000000,0.031820,18,18,9720,18,18,0.000000,30.991770,1000,301240,6,1.000000,1.000000,0,1735,0,10627,0
100002866,defense_only,320.000000,360.000000,0.001944,100.000000,0.012046,18,18,9720,18,18,0.000000,104.638683,1000,1017088,6,1.000000,1.000000,0,2326,0,16285,0
100002866,defense_vs_attack,420.000000,460.000000,0.001296,66.666667,0.031965,18,12,6480,12,18,33.333333,154.172222,1000,999036,6,0.000000,0.775510,1,2299,0,21972,0
100002867,defense_only,120.000000,160.000000,0.001944,100.000000,0.036539,18,18,9720,18,18,0.000000,91.554321,1000,889908,7,1.000000,1.000000,0,2760,0,8917,0
100002867,baseline,220.000000,260.000000,0.001944,100.000000,0.014124,18,18,9720,18,18,0.000000,29.995473,1000,291556,7,1.000000,1.000000,0,1889,0,13697,0
100002867,attack_only,320.000000,360.000000,0.001944,100.000000,0.030238,18,18,9720,18,18,0.000000,29.679424,1000,288484,7,1.000000,1.000000,0,1883,0,18225,0
100002867,defense_vs_attack,420.000000,460.000000,0.001944,100.000000,0.017413,18,18,9720,18,18,0.000000,91.369547,1000,888112,7,0.000000,0.897959,1,2708,0,24724,0
100002869,defense_only,120.000000,160.000000,0.001944,100.000000,0.025797,18,18,9720,18,18,0.000000,106.982305,1000,1039868,5,1.000000,1.000000,0,2313,0,8110,0
100002869,defense_vs_attack,220.000000,260.000000,0.000972,50.000000,0.013103,18,9,4860,9,18,50.000000,211.828807,1000,1029488,5,0.000000,0.836735,1,2423,0,13962,0
100002869,attack_only,320.000000,360.000000,0.000000,0.000000,0.000000,18,0,0,0,18,100.000000,0.000000,1000,333540,5,1.000000,1.000000,0,1722,0,18401,0
100002869,baseline,420.000000,460.000000,0.001944,100.000000,0.014615,18,18,9720,18,18,0.000000,34.693827,1000,337224,5,1.000000,1.000000,0,1801,0,22808,0
100002870,defense_vs_attack,120.000000,160.000000,0.001944,100.000000,0.032631,18,18,9720,18,18,0.000000,90.480247,1000,879468,6,0.000000,0.857143,1,2631,0,8544,0
100002870,defense_only,220.000000,260.000000,0.001944,100.000000,0.011801,18,18,9720,18,18,0.000000,90.811934,1000,882692,6,1.000000,1.000000,0,2534,0,14834,0
100002870,baseline,320.000000,360.000000,0.001944,100.000000,0.026524,18,18,9720,18,18,0.000000,24.513169,1000,238268,6,1.000000,1.000000,0,1685,0,19204,0
100002870,attack_only,420.000000,460.000000,0.001944,100.000000,0.014414,18,18,9720,18,18,0.000000,25.273251,1000,245656,6,1.000000,1.000000,0,1753,0,23434,0
100002872,attack_only,120.000000,160.000000,0.001944,100.000000,0.042055,18,18,9720,18,18,0.000000,30.465021,1000,296120,8,1.000000,1.000000,0,1909,0,6902,0
100002872,defense_only,220.000000,260.000000,0.001944,100.000000,0.017336,18,18,9720,18,18,0.000000,93.753086,1000,911280,8,1.000000,1.000000,0,2564,0,13050,0
100002872,defense_vs_attack,320.000000,360.000000,0.001944,100.000000,0.035630,18,18,9720,18,18,0.000000,92.962140,1000,903592,8,0.000000,0.918367,1,2530,0,19115,0
100002872,baseline,420.000000,460.000000,0.001944,100.000000,0.020447,18,18,9720,18,18,0.000000,30.309053,1000,294604,8,1.000000,1.000000,0,1823,0,23646,0
100002874,defense_only,120.000000,160.000000,0.001944,100.000000,0.035177,18,18,9720,18,18,0.000000,83.985185,1000,816336,7,1.000000,1.000000,0,2691,0,9061,0
100002874,attack_only,220.000000,260.000000,0.001944,100.000000,0.013806,18,18,9720,18,18,0.000000,29.317284,1000,284964,7,1.000000,1.000000,0,1965,0,13982,0
100002874,baseline,320.000000,360.000000,0.001944,100.000000,0.030405,18,18,9720,18,18,0.000000,31.440329,1000,305600,7,1.000000,1.000000,0,1983,0,18712,0
100002874,defense_vs_attack,420.000000,460.000000,0.001944,100.000000,0.017175,18,18,9720,18,18,0.000000,83.644033,1000,813020,7,0.000000,0.836735,1,2773,0,25226,0
100002875,defense_vs_attack,120.000000,160.000000,0.001728,88.888889,0.029698,18,16,8640,16,18,11.111111,107.575463,1000,929452,5,0.000000,0.795918,1,2568,0,8584,0
100002875,defense_only,220.000000,260.000000,0.001944,100.000000,0.019465,18,18,9720,18,18,0.000000,94.184774,1000,915476,5,1.000000,1.000000,0,2498,0,14757,0
100002875,attack_only,320.000000,360.000000,0.001944,100.000000,0.014695,18,18,9720,18,18,0.000000,31.511523,1000,306292,5,1.000000,1.000000,0,1805,0,19406,0
100002875,baseline,420.000000,460.000000,0.001944,100.000000,0.017986,18,18,9720,18,18,0.000000,32.711523,1000,317956,5,1.000000,1.000000,0,1874,0,23874,0
100002876,defense_vs_attack,120.000000,160.000000,0.001944,100.000000,0.021516,18,18,9720,18,18,0.000000,106.886831,1000,1038940,4,0.000000,0.755102,1,2416,0,8045,0
100002876,attack_only,220.000000,260.000000,0.001944,100.000000,0.008248,18,18,9720,18,18,0.000000,32.077778,1000,311796,4,1.000000,1.000000,0,1727,0,12423,0
100002876,defense_only,320.000000,360.000000,0.001944,100.000000,0.017243,18,18,9720,18,18,0.000000,107.072840,1000,1040748,4,1.000000,1.000000,0,2315,0,18100,0
100002876,baseline,420.000000,460.000000,0.001944,100.000000,0.010167,18,18,9720,18,18,0.000000,33.653909,1000,327116,4,1.000000,1.000000,0,1778,0,22582,0
100002879,baseline,120.000000,160.000000,0.001944,100.000000,0.083660,18,18,9720,18,18,0.000000,29.822222,1000,289872,5,1.000000,1.000000,0,1776,0,6559,0
100002879,defense_vs_attack,220.000000,260.000000,0.001944,100.000000,0.022353,18,18,9720,18,18,0.000000,105.483951,1000,1025304,5,0.000000,0.734694,1,2444,0,12455,0
100002879,attack_only,320.000000,360.000000,0.000000,0.000000,0.000000,18,0,0,0,18,100.000000,0.000000,1000,270364,5,1.000000,1.000000,0,1708,0,16907,0
100002879,defense_only,420.000000,460.000000,0.001944,100.000000,0.021236,18,18,9720,18,18,0.000000,107.329218,1000,1043240,5,1.000000,1.000000,0,2472,0,22870,0
100002883,defense_vs_attack,120.000000,160.000000,0.001944,100.000000,0.026390,18,18,9720,18,18,0.000000,101.730864,1000,988824,5,0.000000,0.816327,1,2448,0,8098,0
100002883,attack_only,220.000000,260.000000,0.001944,100.000000,0.009798,18,18,9720,18,18,0.000000,33.608642,1000,326676,5,1.000000,1.000000,0,1845,0,12681,0
100002883,defense_only,320.000000,360.000000,0.001944,100.000000,0.021679,18,18,9720,18,18,0.000000,94.723045,1000,920708,5,1.000000,1.000000,0,2494,0,18587,0
100002883,baseline,420.000000,460.000000,0.001944,100.000000,0.012050,18,18,9720,18,18,0.000000,31.697531,1000,308100,5,1.000000,1.000000,0,1754,0,23072,0
100002884,baseline,120.000000,160.000000,0.001944,100.000000,0.030412,18,18,9720,18,18,0.000000,27.925926,1000,271440,6,1.000000,1.000000,0,1681,0,6240,0
100002884,defense_only,220.000000,260.000000,0.001944,100.000000,0.012088,18,18,9720,18,18,0.000000,100.707407,1000,978876,6,1.000000,1.000000,0,2418,0,12089,0
100002884,attack_only,320.000000,360.000000,0.001944,100.000000,0.025999,18,18,9720,18,18,0.000000,26.750617,1000,260016,6,1.000000,1.000000,0,1674,0,16342,0
100002884,defense_vs_attack,420.000000,460.000000,0.001944,100.000000,0.015360,18,18,9720,18,18,0.000000,102.309465,1000,994448,6,0.000000,0.755102,1,2416,0,22170,0
100002888,baseline,120.000000,160.000000,0.001944,100.000000,0.020533,18,18,9720,18,18,0.000000,25.436626,1000,247244,4,1.000000,1.000000,0,1609,0,6032,0
100002888,defense_only,220.000000,260.000000,0.001944,100.000000,0.008434,18,18,9720,18,18,0.000000,88.166667,1000,856980,4,1.000000,1.000000,0,2401,0,11785,0
100002888,attack_only,320.000000,360.000000,0.001944,100.000000,0.018050,18,18,9720,18,18,0.000000,25.302058,1000,245936,4,1.000000,1.000000,0,1568,0,15842,0
100002888,defense_vs_attack,420.000000,460.000000,0.001944,100.000000,0.010360,18,18,9720,18,18,0.000000,88.585597,1000,861052,4,0.000000,0.857143,1,2394,0,21625,0
100002889,defense_only,120.000000,160.000000,0.001944,100.000000,0.025684,18,18,9720,18,18,0.000000,79.683951,1000,774528,5,1.000000,1.000000,0,2496,0,8539,0
100002889,baseline,220.000000,260.000000,0.001944,100.000000,0.023833,18,18,9720,18,18,0.000000,28.958025,1000,281472,5,1.000000,1.000000,0,1789,0,13159,0
100002889,attack_only,320.000000,360.000000,0.000000,0.000000,0.000000,18,0,0,0,18,100.000000,0.000000,1000,287364,5,1.000000,1.000000,0,1815,0,17574,0
100002889,defense_vs_attack,420.000000,460.000000,0.001944,100.000000,0.011781,18,18,9720,18,18,0.000000,79.270782,1000,770512,5,0.000000,0.877551,1,2485,0,23702,0
100002887,baseline,120.000000,160.000000,0.001944,100.000000,0.020421,18,18,9720,18,18,0.000000,28.543210,1000,277440,4,1.000000,1.000000,0,1711,0,6469,0
100002887,defense_vs_attack,220.000000,260.000000,0.001944,100.000000,0.008033,18,18,9720,18,18,0.000000,87.111111,1000,846720,4,0.000000,0.918367,1,2365,0,12232,0
100002887,defense_only,320.000000,360.000000,0.001944,100.000000,0.015410,18,18,9720,18,18,0.000000,86.943210,1000,845088,4,1.000000,1.000000,0,2323,0,18064,0
100002887,attack_only,420.000000,460.000000,0.001944,100.000000,0.009181,18,18,9720,18,18,0.000000,29.072840,1000,282588,4,1.000000,1.000000,0,1684,0,22391,0
100002892,defense_vs_attack,120.000000,160.000000,0.001512,77.777778,0.017040,18,14,7560,14,18,22.222222,122.200529,1000,923836,3,0.000000,0.857143,1,2420,0,8048,0
100002892,defense_only,220.000000,260.000000,0.001944,100.000000,0.007066,18,18,9720,18,18,0.000000,97.673251,1000,949384,3,1.000000,1.000000,0,2430,0,14023,0
100002892,attack_only,320.000000,360.000000,0.001944,100.000000,0.011871,18,18,9720,18,18,0.000000,27.779424,1000,270016,3,1.000000,1.000000,0,1618,0,18252,0
100002892,baseline,420.000000,460.000000,0.001944,100.000000,0.008267,18,18,9720,18,18,0.000000,27.728395,1000,269520,3,1.000000,1.000000,0,1658,0,22328,0
100002893,defense_vs_attack,120.000000,160.000000,0.001944,100.000000,0.014789,18,18,9720,18,18,0.000000,89.781481,1000,872676,3,0.000000,0.918367,1,2455,0,8245,0
100002893,attack_only,220.000000,260.000000,0.001944,100.000000,0.005849,18,18,9720,18,18,0.000000,28.944444,1000,281340,3,1.000000,1.000000,0,1720,0,12699,0
100002893,defense_only,320.000000,360.000000,0.001944,100.000000,0.015414,18,18,9720,18,18,0.000000,90.129218,1000,876056,3,1.000000,1.000000,0,2456,0,18579,0
100002893,baseline,420.000000,460.000000,0.001944,100.000000,0.010268,18,18,9720,18,18,0.000000,29.150617,1000,283344,3,1.000000,1.000000,0,1735,0,23044,0
100002899,attack_only,120.000000,160.000000,0.001944,100.000000,0.015728,18,18,9720,18,18,0.000000,27.702469,1000,269268,3,1.000000,1.000000,0,1719,0,6429,0
100002899,defense_only,220.000000,260.000000,0.001944,100.000000,0.006538,18,18,9720,18,18,0.000000,83.967901,1000,816168,3,1.000000,1.000000,0,2409,0,12255,0
100002899,baseline,320.000000,360.000000,0.001944,100.000000,0.013829,18,18,9720,18,18,0.000000,27.486420,1000,267168,3,1.000000,1.000000,0,1684,0,16579,0
100002899,defense_vs_attack,420.000000,460.000000,0.001728,88.888889,0.016035,18,16,8640,16,18,11.111111,71.135185,1000,614608,3,0.000000,0.918367,1,2260,0,22220,0
100002894,baseline,120.000000,160.000000,0.001944,100.000000,0.031561,18,18,9720,18,18,0.000000,29.069547,1000,282556,6,1.000000,1.000000,0,1809,0,6637,0
100002894,attack_only,220.000000,260.000000,0.001944,100.000000,0.012003,18,18,9720,18,18,0.000000,29.472016,1000,286468,6,1.000000,1.000000,0,1766,0,10906,0
100002894,defense_only,320.000000,360.000000,0.001944,100.000000,0.026854,18,18,9720,18,18,0.000000,86.825926,1000,843948,6,1.000000,1.000000,0,2475,0,16735,0
100002894,defense_vs_attack,420.000000,460.000000,0.001944,100.000000,0.017234,18,18,9720,18,18,0.000000,83.544444,1000,812052,6,0.000000,0.918367,1,2395,0,22594,0
100002897,defense_vs_attack,120.000000,160.000000,0.001080,55.555556,0.042073,18,10,5400,10,18,44.444444,165.929630,1000,896020,6,0.000000,0.775510,1,2504,0,8434,0
100002897,attack_only,220.000000,260.000000,0.000000,0.000000,0.000000,18,0,0,0,18,100.000000,0.000000,1000,310232,6,1.000000,1.000000,0,1733,0,13001,0
100002897,defense_only,320.000000,360.000000,0.001944,100.000000,0.021378,18,18,9720,18,18,0.000000,89.768313,1000,872548,6,1.000000,1.000000,0,2508,0,19015,0
100002897,baseline,420.000000,460.000000,0.001944,100.000000,0.016097,18,18,9720,18,18,0.000000,32.054733,1000,311572,6,1.000000,1.000000,0,1892,0,23673,0
100002895,defense_only,120.000000,160.000000,0.001944,100.000000,0.026551,18,18,9720,18,18,0.000000,93.577366,1000,909572,5,1.000000,1.000000,0,2471,0,8417,0
100002895,attack_only,220.000000,260.000000,0.001944,100.000000,0.010211,18,18,9720,18,18,0.000000,28.784362,1000,279784,5,1.000000,1.000000,0,1695,0,12805,0
100002895,baseline,320.000000,360.000000,0.001944,100.000000,0.021540,18,18,9720,18,18,0.000000,28.569547,1000,277696,5,1.000000,1.000000,0,1769,0,17063,0
100002895,defense_vs_attack,420.000000,460.000000,0.001944,100.000000,0.012477,18,18,9720,18,18,0.000000,94.153086,1000,915168,5,0.000000,0.816327,1,2502,0,23045,0
100002898,baseline,120.000000,160.000000,0.001944,100.000000,0.015391,18,18,9720,18,18,0.000000,31.098354,1000,302276,3,1.000000,1.000000,0,1745,0,6590,0
100002898,defense_only,220.000000,260.000000,0.001944,100.000000,0.006477,18,18,9720,18,18,0.000000,94.617695,1000,919684,3,1.000000,1.000000,0,2452,0,12576,0
100002898,attack_only,320.000000,360.000000,0.001944,100.000000,0.013100,18,18,9720,18,18,0.000000,31.649383,1000,307632,3,1.000000,1.000000,0,1753,0,17174,0
100002898,defense_vs_attack,420.000000,460.000000,0.001944,100.000000,0.007195,18,18,9720,18,18,0.000000,94.762140,1000,921088,3,0.000000,0.897959,1,2514,0,23224,0
100002904,defense_vs_attack,120.000000,160.000000,0.001944,100.000000,0.027609,18,18,9720,18,18,0.000000,84.838272,1000,824628,5,0.000000,0.918367,1,2394,0,8102,0
100002904,defense_only,220.000000,260.000000,0.001944,100.000000,0.010880,18,18,9720,18,18,0.000000,86.857202,1000,844252,5,1.000000,1.000000,0,2316,0,13933,0
100002904,baseline,320.000000,360.000000,0.001944,100.000000,0.021497,18,18,9720,18,18,0.000000,30.916049,1000,300504,5,1.000000,1.000000,0,1755,0,18391,0
100002904,attack_only,420.000000,460.000000,0.001944,100.000000,0.012533,18,18,9720,18,18,0.000000,32.286008,1000,313820,5,1.000000,1.000000,0,1815,0,22742,0
100002905,attack_only,120.000000,160.000000,0.001944,100.000000,0.081548,18,18,9720,18,18,0.000000,32.960082,1000,320372,5,1.000000,1.000000,0,1852,0,6848,0
100002905,defense_only,220.000000,260.000000,0.001944,100.000000,0.010314,18,18,9720,18,18,0.000000,86.609053,1000,841840,5,1.000000,1.000000,0,2412,0,12761,0
100002905,baseline,320.000000,360.000000,0.001944,100.000000,0.021546,18,18,9720,18,18,0.000000,32.988066,1000,320644,5,1.000000,1.000000,0,1832,0,17369,0
100002905,defense_vs_attack,420.000000,460.000000,0.001944,100.000000,0.012523,18,18,9720,18,18,0.000000,88.411523,1000,859360,5,0.000000,0.836735,1,2445,0,23348,0
100002912,baseline,120.000000,160.000000,0.001944,100.000000,0.015146,18,18,9720,18,18,0.000000,23.185185,1000,225360,3,1.000000,1.000000,0,1576,0,6016,0
100002912,defense_only,220.000000,260.000000,0.001944,100.000000,0.006522,18,18,9720,18,18,0.000000,81.990947,1000,796952,3,1.000000,1.000000,0,2339,0,11648,0
100002912,defense_vs_attack,320.000000,360.000000,0.001944,100.000000,0.013894,18,18,9720,18,18,0.000000,80.244856,1000,779980,3,0.000000,0.857143,1,2361,0,17357,0
100002912,attack_only,420.000000,460.000000,0.001944,100.000000,0.007394,18,18,9720,18,18,0.000000,22.851852,1000,222120,3,1.000000,1.000000,0,1593,0,21477,0
100002903,defense_only,120.000000,160.000000,0.001944,100.000000,0.016889,18,18,9720,18,18,0.000000,80.513169,1000,782588,3,1.000000,1.000000,0,2578,0,8931,0
100002903,attack_only,220.000000,260.000000,0.001944,100.000000,0.006259,18,18,9720,18,18,0.000000,31.622222,1000,307368,3,1.000000,1.000000,0,1871,0,13755,0
100002903,baseline,320.000000,360.000000,0.001944,100.000000,0.012589,18,18,9720,18,18,0.000000,31.463786,1000,305828,3,1.000000,1.000000,0,1913,0,18455,0
100002903,defense_vs_attack,420.000000,460.000000,0.001944,100.000000,0.008033,18,18,9720,18,18,0.000000,85.936214,1000,835300,3,0.000000,0.857143,1,2631,0,24934,0
100002911,defense_vs_attack,120.000000,160.000000,0.001944,100.000000,0.030864,18,18,9720,18,18,0.000000,86.725926,1000,842976,6,0.000000,0.918367,1,2602,0,8692,0
100002911,defense_only,220.000000,260.000000,0.001944,100.000000,0.011800,18,18,9720,18,18,0.000000,84.523457,1000,821568,6,1.000000,1.000000,0,2619,0,15138,0
100002911,baseline,320.000000,360.000000,0.001944,100.000000,0.026872,18,18,9720,18,18,0.000000,24.445267,1000,237608,6,1.000000,1.000000,0,1755,0,19598,0
100002911,attack_only,420.000000,460.000000,0.001944,100.000000,0.015208,18,18,9720,18,18,0.000000,24.148148,1000,234720,6,1.000000,1.000000,0,1777,0,23800,0
100002913,defense_only,120.000000,160.000000,0.001944,100.000000,0.024007,18,18,9720,18,18,0.000000,97.479424,1000,947500,4,1.000000,1.000000,0,2433,0,8103,0
100002913,baseline,220.000000,260.000000,0.001944,100.000000,0.011192,18,18,9720,18,18,0.000000,26.744033,1000,259952,4,1.000000,1.000000,0,1665,0,12387,0
100002913,attack_only,320.000000,360.000000,0.001944,100.000000,0.017456,18,18,9720,18,18,0.000000,27.158436,1000,263980,4,1.000000,1.000000,0,1658,0,16396,0
100002913,defense_vs_attack,420.000000,460.000000,0.001296,66.666667,0.032198,18,12,6480,12,18,33.333333,124.781481,1000,808584,4,0.000000,0.857143,1,2891,0,22709,0
100002908,defense_only,120.000000,160.000000,0.001944,100.000000,0.076320,18,18,9720,18,18,0.000000,93.971193,1000,913400,4,1.000000,1.000000,0,2532,0,8231,0
100002908,defense_vs_attack,220.000000,260.000000,0.001080,55.555556,0.008590,18,10,5400,10,18,44.444444,179.675556,1000,970248,4,0.000000,0.816327,1,2604,0,14543,0
100002908,baseline,320.000000,360.000000,0.001944,100.000000,0.014711,18,18,9720,18,18,0.000000,23.814815,1000,231480,4,1.000000,1.000000,0,1524,0,18561,0
100002908,attack_only,420.000000,460.000000,0.000000,0.000000,0.000000,18,0,0,0,18,100.000000,0.000000,1000,256812,5,1.000000,1.000000,0,1605,0,22482,0
100002924,defense_vs_attack,120.000000,160.000000,0.001944,100.000000,0.031744,18,18,9720,18,18,0.000000,81.041975,1000,787728,6,0.000000,0.918367,1,2681,0,8909,0
100002924,attack_only,220.000000,260.000000,0.001944,100.000000,0.012090,18,18,9720,18,18,0.000000,33.408642,1000,324732,6,1.000000,1.000000,0,1951,0,13810,0
100002924,defense_only,320.000000,360.000000,0.001944,100.000000,0.026567,18,18,9720,18,18,0.000000,80.790947,1000,785288,6,1.000000,1.000000,0,2654,0,20162,0
100002924,baseline,420.000000,460.000000,0.001944,100.000000,0.014874,18,18,9720,18,18,0.000000,33.130453,1000,322028,6,1.000000,1.000000,0,1974,0,25106,0
100002918,defense_only,120.000000,160.000000,0.001944,100.000000,0.036175,18,18,9720,18,18,0.000000,90.945267,1000,883988,7,1.000000,1.000000,0,2364,0,7969,0
100002918,attack_only,220.000000,260.000000,0.001944,100.000000,0.020138,18,18,9720,18,18,0.000000,28.356379,1000,275624,7,1.000000,1.000000,0,1695,0,12234,0
100002918,defense_vs_attack,320.000000,360.000000,0.001512,77.777778,0.038906,18,14,7560,14,18,22.222222,116.508466,1000,880804,8,0.000000,0.755102,1,2479,0,17905,0
100002918,baseline,420.000000,460.000000,0.001944,100.000000,0.021408,18,18,9720,18,18,0.000000,29.778189,1000,289444,7,1.000000,1.000000,0,1722,0,22240,0
100002920,defense_vs_attack,120.000000,160.000000,0.001944,100.000000,0.021065,18,18,9720,18,18,0.000000,81.938272,1000,796440,4,0.000000,0.897959,1,2348,0,7978,0
100002920,attack_only,220.000000,260.000000,0.001944,100.000000,0.008308,18,18,9720,18,18,0.000000,26.715226,1000,259672,4,1.000000,1.000000,0,1654,0,12211,0
100002920,defense_only,320.000000,360.000000,0.001944,100.000000,0.018993,18,18,9720,18,18,0.000000,80.125926,1000,778824,4,1.000000,1.000000,0,2429,0,18021,0
100002920,baseline,420.000000,460.000000,0.001944,100.000000,0.009797,18,18,9720,18,18,0.000000,25.391770,1000,246808,4,1.000000,1.000000,0,1608,0,22156,0
100002928,baseline,120.000000,160.000000,0.001944,100.000000,0.016304,18,18,9720,18,18,0.000000,31.260082,1000,303848,3,1.000000,1.000000,0,1816,0,6770,0
100002928,attack_only,220.000000,260.000000,0.001944,100.000000,0.005789,18,18,9720,18,18,0.000000,33.215638,1000,322856,3,1.000000,1.000000,0,1783,0,11129,0
100002928,defense_vs_attack,320.000000,360.000000,0.001944,100.000000,0.013495,18,18,9720,18,18,0.000000,91.091770,1000,885412,3,0.000000,0.836735,1,2347,0,16847,0
100002928,defense_only,420.000000,460.000000,0.001944,100.000000,0.008298,18,18,9720,18,18,0.000000,90.868724,1000,883244,3,1.000000,1.000000,0,2356,0,22551,0
100002934,defense_vs_attack,120.000000,160.000000,0.001944,100.000000,0.030471,18,18,9720,18,18,0.000000,93.744444,1000,911196,6,0.000000,0.857143,1,2527,0,8323,0
100002934,defense_only,220.000000,260.000000,0.001944,100.000000,0.013054,18,18,9720,18,18,0.000000,93.381893,1000,907672,6,1.000000,1.000000,0,2478,0,14457,0
100002934,attack_only,320.000000,360.000000,0.001944,100.000000,0.026268,18,18,9720,18,18,0.000000,29.614403,1000,287852,6,1.000000,1.000000,0,1837,0,19141,0
100002934,baseline,420.000000,460.000000,0.001944,100.000000,0.014762,18,18,9720,18,18,0.000000,28.488889,1000,276912,6,1.000000,1.000000,0,1831,0,23525,0
100002927,defense_only,120.000000,160.000000,0.001944,100.000000,0.020588,18,18,9720,18,18,0.000000,94.844033,1000,921884,4,1.000000,1.000000,0,2678,0,8619,0
100002927,baseline,220.000000,260.000000,0.001944,100.000000,0.007794,18,18,9720,18,18,0.000000,25.427572,1000,247156,4,1.000000,1.000000,0,1663,0,12901,0
100002927,defense_vs_attack,320.000000,360.000000,0.001188,61.111111,0.030784,18,11,5940,11,18,38.888889,165.206734,1000,981328,5,0.000000,0.795918,2,2630,0,19288,0
100002927,attack_only,420.000000,460.000000,0.000000,0.000000,0.000000,18,0,0,0,18,100.000000,0.000000,1000,231828,4,1.000000,1.000000,0,1608,0,23487,0
100002942,defense_only,120.000000,160.000000,0.001944,100.000000,0.020351,18,18,9720,18,18,0.000000,102.430864,1000,995628,4,1.000000,1.000000,0,2471,0,8306,0
100002942,attack_only,220.000000,260.000000,0.000000,0.000000,0.000000,18,0,0,0,18,100.000000,0.000000,1000,349588,5,1.000000,1.000000,0,1815,0,12928,0
100002942,defense_vs_attack,320.000000,360.000000,0.001620,83.333333,0.016739,18,15,8100,15,18,16.666667,121.839012,1000,986896,4,0.000000,0.877551,1,2433,0,18876,0
100002942,baseline,420.000000,460.000000,0.001944,100.000000,0.010811,18,18,9720,18,18,0.000000,35.700823,1000,347012,4,1.000000,1.000000,0,1819,0,23550,0
100002951,baseline,120.000000,160.000000,0.001944,100.000000,0.026094,18,18,9720,18,18,0.000000,27.109877,1000,263508,5,1.000000,1.000000,0,1736,0,6449,0
100002951,attack_only,220.000000,260.000000,0.000000,0.000000,0.000000,18,0,0,0,18,100.000000,0.000000,1000,241632,6,1.000000,1.000000,0,1640,0,10461,0
100002951,defense_only,320.000000,360.000000,0.001944,100.000000,0.016956,18,18,9720,18,18,0.000000,91.553909,1000,889904,5,1.000000,1.000000,0,2494,0,16510,0
100002951,defense_vs_attack,420.000000,460.000000,0.001080,55.555556,0.023296,18,10,5400,10,18,44.444444,174.606667,1000,942876,5,0.000000,0.795918,1,2592,0,22869,0
100002956,defense_vs_attack,120.000000,160.000000,0.000972,50.000000,0.048527,18,9,4860,9,18,50.000000,154.299588,1000,749896,7,0.000000,0.877551,1,2535,0,8291,0
100002956,attack_only,220.000000,260.000000,0.000000,0.000000,0.000000,18,0,0,0,18,100.000000,0.000000,1000,214764,7,1.000000,1.000000,0,1543,0,12386,0
100002956,defense_only,320.000000,360.000000,0.001944,100.000000,0.028072,18,18,9720,18,18,0.000000,80.109053,1000,778660,7,1.000000,1.000000,0,2499,0,18373,0
100002956,baseline,420.000000,460.000000,0.001944,100.000000,0.016158,18,18,9720,18,18,0.000000,22.082305,1000,214640,7,1.000000,1.000000,0,1629,0,22532,0
100002955,defense_only,120.000000,160.000000,0.001944,100.000000,0.032089,18,18,9720,18,18,0.000000,88.806584,1000,863200,6,1.000000,1.000000,0,2368,0,7847,0
100002955,attack_only,220.000000,260.000000,0.001944,100.000000,0.012295,18,18,9720,18,18,0.000000,24.721811,1000,240296,6,1.000000,1.000000,0,1617,0,11998,0
100002955,baseline,320.000000,360.000000,0.001944,100.000000,0.025842,18,18,9720,18,18,0.000000,24.737449,1000,240448,6,1.000000,1.000000,0,1645,0,15926,0
100002955,defense_vs_attack,420.000000,460.000000,0.001944,100.000000,0.028284,18,18,9720,18,18,0.000000,90.619342,1000,880820,6,0.000000,0.816327,1,2312,0,21527,0
100002957,defense_only,120.000000,160.000000,0.001944,100.000000,0.036942,18,18,9720,18,18,0.000000,86.348148,1000,839304,7,1.000000,1.000000,0,2643,0,8631,0
100002957,baseline,220.000000,260.000000,0.001944,100.000000,0.014154,18,18,9720,18,18,0.000000,26.599177,1000,258544,7,1.000000,1.000000,0,1828,0,13233,0
100002957,attack_only,320.000000,360.000000,0.000000,0.000000,0.000000,18,0,0,0,18,100.000000,0.000000,1000,271884,8,1.000000,1.000000,0,1811,0,17676,0
100002957,defense_vs_attack,420.000000,460.000000,0.001080,55.555556,0.033265,18,10,5400,10,18,44.444444,161.290370,1000,870968,7,0.000000,0.836735,1,2715,0,24132,0
100002959,baseline,120.000000,160.000000,0.001944,100.000000,0.043753,18,18,9720,18,18,0.000000,30.500000,1000,296460,8,1.000000,1.000000,0,1943,0,7144,0
100002959,defense_only,220.000000,260.000000,0.001944,100.000000,0.023095,18,18,9720,18,18,0.000000,91.918519,1000,893448,8,1.000000,1.000000,0,2676,0,13513,0
100002959,defense_vs_attack,320.000000,360.000000,0.001188,61.111111,0.030403,18,11,5940,11,18,38.888889,153.206734,1000,910048,8,0.000000,0.877551,1,2697,0,20037,0
100002959,attack_only,420.000000,460.000000,0.000000,0.000000,0.000000,18,0,0,0,18,100.000000,0.000000,1000,310916,8,1.000000,1.000000,0,1848,0,24829,0
100002963,attack_only,120.000000,160.000000,0.000000,0.000000,0.000000,18,0,0,0,18,100.000000,0.000000,1000,210308,4,1.000000,1.000000,0,1520,0,5933,0
100002963,defense_only,220.000000,260.000000,0.001944,100.000000,0.021707,18,18,9720,18,18,0.000000,85.602058,1000,832052,4,1.000000,1.000000,0,2433,0,11790,0
100002963,defense_vs_attack,320.000000,360.000000,0.001080,55.555556,0.017403,18,10,5400,10,18,44.444444,158.131852,1000,853912,4,0.000000,0.836735,1,2346,0,17598,0
100002963,baseline,420.000000,460.000000,0.001944,100.000000,0.009117,18,18,9720,18,18,0.000000,21.976955,1000,213616,4,1.000000,1.000000,0,1577,0,21639,0
100002964,defense_vs_attack,120.000000,160.000000,0.001404,72.222222,0.017780,18,13,7020,13,18,27.777778,128.751567,1000,903836,3,0.000000,0.775510,1,2315,0,7932,0
100002964,baseline,220.000000,260.000000,0.001944,100.000000,0.014394,18,18,9720,18,18,0.000000,27.019342,1000,262628,3,1.000000,1.000000,0,1620,0,12140,0
100002964,defense_only,320.000000,360.000000,0.001944,100.000000,0.007866,18,18,9720,18,18,0.000000,92.314815,1000,897300,3,1.000000,1.000000,0,2313,0,17884,0
100002964,attack_only,420.000000,460.000000,0.000000,0.000000,0.000000,18,0,0,0,18,100.000000,0.000000,1000,260316,3,1.000000,1.000000,0,1584,0,22072,0
100002965,baseline,120.000000,160.000000,0.001944,100.000000,0.025460,18,18,9720,18,18,0.000000,25.795885,1000,250736,5,1.000000,1.000000,0,1732,0,6510,0
100002965,defense_only,220.000000,260.000000,0.001944,100.000000,0.009892,18,18,9720,18,18,0.000000,91.976132,1000,894008,5,1.000000,1.000000,0,2666,0,12792,0
100002965,defense_vs_attack,320.000000,360.000000,0.001944,100.000000,0.022292,18,18,9720,18,18,0.000000,92.507819,1000,899176,5,0.000000,0.795918,1,2595,0,19191,0
100002965,attack_only,420.000000,460.000000,0.001944,100.000000,0.012184,18,18,9720,18,18,0.000000,25.772016,1000,250504,5,1.000000,1.000000,0,1733,0,23656,0
