run_id,scenario,window_start,window_end,defense_enabled,attack_enabled,attacker_on_path,num_attackers_label
100000004,baseline,120.000000,160.000000,0,0,0,1
100000004,defense_only,220.000000,260.000000,1,0,0,1
100000004,defense_vs_attack,320.000000,360.000000,1,1,0,1
100000004,attack_only,420.000000,460.000000,0,1,0,1
100000010,attack_only,120.000000,160.000000,0,1,0,1
100000010,baseline,220.000000,260.000000,0,0,0,1
100000010,defense_only,320.000000,360.000000,1,0,0,1
100000010,defense_vs_attack,420.000000,460.000000,1,1,0,1
100000018,defense_vs_attack,120.000000,160.000000,1,1,0,1
100000018,attack_only,220.000000,260.000000,0,1,1,1
100000018,defense_only,320.000000,360.000000,1,0,1,1
100000018,baseline,420.000000,460.000000,0,0,1,1
100000019,defense_only,120.000000,160.000000,1,0,0,1
100000019,baseline,220.000000,260.000000,0,0,0,1
100000019,attack_only,320.000000,360.000000,0,1,0,1
100000019,defense_vs_attack,420.000000,460.000000,1,1,0,1
100000020,baseline,120.000000,160.000000,0,0,0,1
100000020,defense_only,220.000000,260.000000,1,0,0,1
100000020,defense_vs_attack,320.000000,360.000000,1,1,0,1
100000020,attack_only,420.000000,460.000000,0,1,0,1
100000021,defense_vs_attack,120.000000,160.000000,1,1,0,1
100000021,attack_only,220.000000,260.000000,0,1,0,1
100000021,defense_only,320.000000,360.000000,1,0,0,1
100000021,baseline,420.000000,460.000000,0,0,0,1
100000023,defense_vs_attack,120.000000,160.000000,1,1,0,1
100000023,attack_only,220.000000,260.000000,0,1,0,1
100000023,baseline,320.000000,360.000000,0,0,0,1
100000023,defense_only,420.000000,460.000000,1,0,0,1
100000026,baseline,120.000000,160.000000,0,0,0,1
100000026,defense_vs_attack,220.000000,260.000000,1,1,0,1
100000026,attack_only,320.000000,360.000000,0,1,0,1
100000026,defense_only,420.000000,460.000000,1,0,0,1
100000036,attack_only,120.000000,160.000000,0,1,1,1
100000036,baseline,220.000000,260.000000,0,0,1,1
100000036,defense_vs_attack,320.000000,360.000000,1,1,0,1
100000036,defense_only,420.000000,460.000000,1,0,1,1
100000037,defense_only,120.000000,160.000000,1,0,1,1
100000037,baseline,220.000000,260.000000,0,0,1,1
100000037,attack_only,320.000000,360.000000,0,1,1,1
100000037,defense_vs_attack,420.000000,460.000000,1,1,0,1
100000044,defense_vs_attack,120.000000,160.000000,1,1,0,1
100000044,attack_only,220.000000,260.000000,0,1,1,1
100000044,baseline,320.000000,360.000000,0,0,1,1
100000044,defense_only,420.000000,460.000000,1,0,1,1
100000048,attack_only,120.000000,160.000000,0,1,0,1
100000048,baseline,220.000000,260.000000,0,0,0,1
100000048,defense_vs_attack,320.000000,360.000000,1,1,0,1
100000048,defense_only,420.000000,460.000000,1,0,0,1
100000053,defense_vs_attack,120.000000,160.000000,1,1,0,1
100000053,baseline,220.000000,260.000000,0,0,0,1
100000053,defense_only,320.000000,360.000000,1,0,0,1
100000053,attack_only,420.000000,460.000000,0,1,1,1
100000060,attack_only,120.000000,160.000000,0,1,0,1
100000060,defense_vs_attack,220.000000,260.000000,1,1,0,1
100000060,baseline,320.000000,360.000000,0,0,0,1
100000060,defense_only,420.000000,460.000000,1,0,0,1
100000063,defense_only,120.000000,160.000000,1,0,1,1
100000063,baseline,220.000000,260.000000,0,0,1,1
100000063,defense_vs_attack,320.000000,360.000000,1,1,0,1
100000063,attack_only,420.000000,460.000000,0,1,1,1
100000064,baseline,120.000000,160.000000,0,0,0,1
100000064,defense_only,220.000000,260.000000,1,0,0,1
100000064,defense_vs_attack,320.000000,360.000000,1,1,0,1
100000064,attack_only,420.000000,460.000000,0,1,1,1
100000065,baseline,120.000000,160.000000,0,0,1,1
100000065,defense_vs_attack,220.000000,260.000000,1,1,0,1
100000065,attack_only,320.000000,360.000000,0,1,1,1
100000065,defense_only,420.000000,460.000000,1,0,1,1
100000066,attack_only,120.000000,160.000000,0,1,0,1
100000066,defense_vs_attack,220.000000,260.000000,1,1,0,1
100000066,defense_only,320.000000,360.000000,1,0,1,1
100000066,baseline,420.000000,460.000000,0,0,1,1
100000067,defense_vs_attack,120.000000,160.000000,1,1,0,1
100000067,defense_only,220.000000,260.000000,1,0,0,1
100000067,attack_only,320.000000,360.000000,0,1,0,1
100000067,baseline,420.000000,460.000000,0,0,0,1
100000069,defense_vs_attack,120.000000,160.000000,1,1,0,1
100000069,attack_only,220.000000,260.000000,0,1,0,1
100000069,baseline,320.000000,360.000000,0,0,0,1
100000069,defense_only,420.000000,460.000000,1,0,0,1
100000071,defense_vs_attack,120.000000,160.000000,1,1,0,1
100000071,attack_only,220.000000,260.000000,0,1,0,1
100000071,defense_only,320.000000,360.000000,1,0,0,1
100000071,baseline,420.000000,460.000000,0,0,0,1
100000076,attack_only,120.000000,160.000000,0,1,1,1
100000076,baseline,220.000000,260.000000,0,0,0,1
100000076,defense_vs_attack,320.000000,360.000000,1,1,0,1
100000076,defense_only,420.000000,460.000000,1,0,0,1
100000078,attack_only,120.000000,160.000000,0,1,0,1
100000078,defense_vs_attack,220.000000,260.000000,1,1,0,1
100000078,baseline,320.000000,360.000000,0,0,0,1
100000078,defense_only,420.000000,460.000000,1,0,0,1
100000079,defense_only,120.000000,160.000000,1,0,0,1
100000079,baseline,220.000000,260.000000,0,0,0,1
100000079,attack_only,320.000000,360.000000,0,1,1,1
100000079,defense_vs_attack,420.000000,460.000000,1,1,0,1
100000084,attack_only,120.000000,160.000000,0,1,0,1
100000084,baseline,220.000000,260.000000,0,0,0,1
100000084,defense_only,320.000000,360.000000,1,0,0,1
100000084,defense_vs_attack,420.000000,460.000000,1,1,0,1
100000085,baseline,120.000000,160.000000,0,0,0,1
100000085,defense_only,220.000000,260.000000,1,0,0,1
100000085,defense_vs_attack,320.000000,360.000000,1,1,0,1
100000085,attack_only,420.000000,460.000000,0,1,1,1
100000089,attack_only,120.000000,160.000000,0,1,1,1
100000089,baseline,220.000000,260.000000,0,0,0,1
100000089,defense_vs_attack,320.000000,360.000000,1,1,0,1
100000089,defense_only,420.000000,460.000000,1,0,0,1
100000094,defense_vs_attack,120.000000,160.000000,1,1,0,1
100000094,baseline,220.000000,260.000000,0,0,1,1
100000094,attack_only,320.000000,360.000000,0,1,1,1
100000094,defense_only,420.000000,460.000000,1,0,1,1
100000099,attack_only,120.000000,160.000000,0,1,0,1
100000099,defense_vs_attack,220.000000,260.000000,1,1,0,1
100000099,baseline,320.000000,360.000000,0,0,0,1
100000099,defense_only,420.000000,460.000000,1,0,0,1
100000100,defense_only,120.000000,160.000000,1,0,0,1
100000100,defense_vs_attack,220.000000,260.000000,1,1,0,1
100000100,baseline,320.000000,360.000000,0,0,1,1
100000100,attack_only,420.000000,460.000000,0,1,0,1
100000103,defense_only,120.000000,160.000000,1,0,1,1
100000103,attack_only,220.000000,260.000000,0,1,1,1
100000103,defense_vs_attack,320.000000,360.000000,1,1,0,1
100000103,baseline,420.000000,460.000000,0,0,1,1
100000106,defense_vs_attack,120.000000,160.000000,1,1,0,1
100000106,attack_only,220.000000,260.000000,0,1,0,1
100000106,defense_only,320.000000,360.000000,1,0,0,1
100000106,baseline,420.000000,460.000000,0,0,0,1
100000109,attack_only,120.000000,160.000000,0,1,0,1
100000109,defense_only,220.000000,260.000000,1,0,0,1
100000109,defense_vs_attack,320.000000,360.000000,1,1,0,1
100000109,baseline,420.000000,460.000000,0,0,0,1
100000113,defense_only,120.000000,160.000000,1,0,0,1
100000113,baseline,220.000000,260.000000,0,0,0,1
100000113,attack_only,320.000000,360.000000,0,1,1,1
100000113,defense_vs_attack,420.000000,460.000000,1,1,0,1
100000117,defense_vs_attack,120.000000,160.000000,1,1,0,1
100000117,attack_only,220.000000,260.000000,0,1,0,1
100000117,baseline,320.000000,360.000000,0,0,0,1
100000117,defense_only,420.000000,460.000000,1,0,0,1
100000124,baseline,120.000000,160.000000,0,0,0,1
100000124,defense_only,220.000000,260.000000,1,0,0,1
100000124,defense_vs_attack,320.000000,360.000000,1,1,0,1
100000124,attack_only,420.000000,460.000000,0,1,0,1
100000130,baseline,120.000000,160.000000,0,0,0,1
100000130,attack_only,220.000000,260.000000,0,1,1,1
100000130,defense_only,320.000000,360.000000,1,0,0,1
100000130,defense_vs_attack,420.000000,460.000000,1,1,0,1
100000132,defense_only,120.000000,160.000000,1,0,0,1
100000132,attack_only,220.000000,260.000000,0,1,0,1
100000132,defense_vs_attack,320.000000,360.000000,1,1,0,1
100000132,baseline,420.000000,460.000000,0,0,0,1
100000134,defense_vs_attack,120.000000,160.000000,1,1,0,1
100000134,baseline,220.000000,260.000000,0,0,1,1
100000134,defense_only,320.000000,360.000000,1,0,1,1
100000134,attack_only,420.000000,460.000000,0,1,1,1
100000135,baseline,120.000000,160.000000,0,0,0,1
100000135,attack_only,220.000000,260.000000,0,1,0,1
100000135,defense_vs_attack,320.000000,360.000000,1,1,0,1
100000135,defense_only,420.000000,460.000000,1,0,0,1
100000141,attack_only,120.000000,160.000000,0,1,0,1
100000141,baseline,220.000000,260.000000,0,0,0,1
100000141,defense_only,320.000000,360.000000,1,0,0,1
100000141,defense_vs_attack,420.000000,460.000000,1,1,0,1
100000143,defense_vs_attack,120.000000,160.000000,1,1,0,1
100000143,baseline,220.000000,260.000000,0,0,1,1
100000143,attack_only,320.000000,360.000000,0,1,0,1
100000143,defense_only,420.000000,460.000000,1,0,0,1
100000146,defense_only,120.000000,160.000000,1,0,0,1
100000146,defense_vs_attack,220.000000,260.000000,1,1,0,1
100000146,baseline,320.000000,360.000000,0,0,0,1
100000146,attack_only,420.000000,460.000000,0,1,0,1
100000149,defense_vs_attack,120.000000,160.000000,1,1,0,1
100000149,baseline,220.000000,260.000000,0,0,0,1
100000149,defense_only,320.000000,360.000000,1,0,0,1
100000149,attack_only,420.000000,460.000000,0,1,0,1
100000152,attack_only,120.000000,160.000000,0,1,1,1
100000152,baseline,220.000000,260.000000,0,0,1,1
100000152,defense_only,320.000000,360.000000,1,0,1,1
100000152,defense_vs_attack,420.000000,460.000000,1,1,0,1
100000153,defense_only,120.000000,160.000000,1,0,0,1
100000153,defense_vs_attack,220.000000,260.000000,1,1,0,1
100000153,attack_only,320.000000,360.000000,0,1,0,1
100000153,baseline,420.000000,460.000000,0,0,0,1
100000157,defense_vs_attack,120.000000,160.000000,1,1,0,1
100000157,baseline,220.000000,260.000000,0,0,1,1
100000157,defense_only,320.000000,360.000000,1,0,1,1
100000157,attack_only,420.000000,460.000000,0,1,1,1
100000158,defense_vs_attack,120.000000,160.000000,1,1,0,1
100000158,attack_only,220.000000,260.000000,0,1,1,1
100000158,defense_only,320.000000,360.000000,1,0,1,1
100000158,baseline,420.000000,460.000000,0,0,1,1
100000159,defense_vs_attack,120.000000,160.000000,1,1,0,1
100000159,defense_only,220.000000,260.000000,1,0,0,1
100000159,baseline,320.000000,360.000000,0,0,0,1
100000159,attack_only,420.000000,460.000000,0,1,1,1
100000164,defense_vs_attack,120.000000,160.000000,1,1,0,1
100000164,attack_only,220.000000,260.000000,0,1,0,1
100000164,defense_only,320.000000,360.000000,1,0,0,1
100000164,baseline,420.000000,460.000000,0,0,0,1
100000165,defense_only,120.000000,160.000000,1,0,0,1
100000165,defense_vs_attack,220.000000,260.000000,1,1,0,1
100000165,attack_only,320.000000,360.000000,0,1,0,1
100000165,baseline,420.000000,460.000000,0,0,0,1
100000167,attack_only,120.000000,160.000000,0,1,0,1
100000167,defense_only,220.000000,260.000000,1,0,0,1
100000167,defense_vs_attack,320.000000,360.000000,1,1,0,1
100000167,baseline,420.000000,460.000000,0,0,0,1
100000173,baseline,120.000000,160.000000,0,0,0,1
100000173,defense_vs_attack,220.000000,260.000000,1,1,0,1
100000173,defense_only,320.000000,360.000000,1,0,0,1
100000173,attack_only,420.000000,460.000000,0,1,0,1
100000178,defense_vs_attack,120.000000,160.000000,1,1,0,1
100000178,baseline,220.000000,260.000000,0,0,0,1
100000178,defense_only,320.000000,360.000000,1,0,0,1
100000178,attack_only,420.000000,460.000000,0,1,0,1
100000181,defense_only,120.000000,160.000000,1,0,0,1
100000181,baseline,220.000000,260.000000,0,0,0,1
100000181,defense_vs_attack,320.000000,360.000000,1,1,0,1
100000181,attack_only,420.000000,460.000000,0,1,0,1
100000186,defense_vs_attack,120.000000,160.000000,1,1,0,1
100000186,baseline,220.000000,260.000000,0,0,0,1
100000186,defense_only,320.000000,360.000000,1,0,0,1
100000186,attack_only,420.000000,460.000000,0,1,0,1
100000189,defense_vs_attack,120.000000,160.000000,1,1,0,1
100000189,baseline,220.000000,260.000000,0,0,0,1
100000189,attack_only,320.000000,360.000000,0,1,0,1
100000189,defense_only,420.000000,460.000000,1,0,0,1
100000190,baseline,120.000000,160.000000,0,0,0,1
100000190,defense_vs_attack,220.000000,260.000000,1,1,0,1
100000190,attack_only,320.000000,360.000000,0,1,1,1
100000190,defense_only,420.000000,460.000000,1,0,1,1
100000198,baseline,120.000000,160.000000,0,0,0,1
100000198,defense_vs_attack,220.000000,260.000000,1,1,0,1
100000198,defense_only,320.000000,360.000000,1,0,0,1
100000198,attack_only,420.000000,460.000000,0,1,0,1
100000211,baseline,120.000000,160.000000,0,0,0,1
100000211,defense_vs_attack,220.000000,260.000000,1,1,0,1
100000211,defense_only,320.000000,360.000000,1,0,0,1
100000211,attack_only,420.000000,460.000000,0,1,0,1
100000208,attack_only,120.000000,160.000000,0,1,0,1
100000208,baseline,220.000000,260.000000,0,0,0,1
100000208,defense_vs_attack,320.000000,360.000000,1,1,0,1
100000208,defense_only,420.000000,460.000000,1,0,0,1
100000209,defense_vs_attack,120.000000,160.000000,1,1,0,1
100000209,defense_only,220.000000,260.000000,1,0,0,1
100000209,attack_only,320.000000,360.000000,0,1,0,1
100000209,baseline,420.000000,460.000000,0,0,0,1
100000206,baseline,120.000000,160.000000,0,0,1,1
100000206,attack_only,220.000000,260.000000,0,1,1,1
100000206,defense_only,320.000000,360.000000,1,0,1,1
100000206,defense_vs_attack,420.000000,460.000000,1,1,0,1
100000205,defense_vs_attack,120.000000,160.000000,1,1,0,1
100000205,attack_only,220.000000,260.000000,0,1,0,1
100000205,baseline,320.000000,360.000000,0,0,0,1
100000205,defense_only,420.000000,460.000000,1,0,0,1
100000210,defense_only,120.000000,160.000000,1,0,0,1
100000210,defense_vs_attack,220.000000,260.000000,1,1,0,1
100000210,attack_only,320.000000,360.000000,0,1,0,1
100000210,baseline,420.000000,460.000000,0,0,0,1
100000207,attack_only,120.000000,160.000000,0,1,0,1
100000207,defense_only,220.000000,260.000000,1,0,0,1
100000207,baseline,320.000000,360.000000,0,0,0,1
100000207,defense_vs_attack,420.000000,460.000000,1,1,0,1
100000216,defense_only,120.000000,160.000000,1,0,0,1
100000216,attack_only,220.000000,260.000000,0,1,0,1
100000216,defense_vs_attack,320.000000,360.000000,1,1,0,1
100000216,baseline,420.000000,460.000000,0,0,0,1
100000224,attack_only,120.000000,160.000000,0,1,1,1
100000224,baseline,220.000000,260.000000,0,0,0,1
100000224,defense_vs_attack,320.000000,360.000000,1,1,0,1
100000224,defense_only,420.000000,460.000000,1,0,1,1
100000225,defense_only,120.000000,160.000000,1,0,0,1
100000225,defense_vs_attack,220.000000,260.000000,1,1,0,1
100000225,baseline,320.000000,360.000000,0,0,0,1
100000225,attack_only,420.000000,460.000000,0,1,0,1
100000214,baseline,120.000000,160.000000,0,0,1,1
100000214,defense_vs_attack,220.000000,260.000000,1,1,0,1
100000214,attack_only,320.000000,360.000000,0,1,1,1
100000214,defense_only,420.000000,460.000000,1,0,0,1
100000221,attack_only,120.000000,160.000000,0,1,1,1
100000221,baseline,220.000000,260.000000,0,0,1,1
100000221,defense_vs_attack,320.000000,360.000000,1,1,0,1
100000221,defense_only,420.000000,460.000000,1,0,1,1
100000228,defense_vs_attack,120.000000,160.000000,1,1,0,1
100000228,attack_only,220.000000,260.000000,0,1,1,1
100000228,baseline,320.000000,360.000000,0,0,1,1
100000228,defense_only,420.000000,460.000000,1,0,1,1
100000227,defense_vs_attack,120.000000,160.000000,1,1,0,1
100000227,baseline,220.000000,260.000000,0,0,1,1
100000227,defense_only,320.000000,360.000000,1,0,1,1
100000227,attack_only,420.000000,460.000000,0,1,1,1
100000230,defense_vs_attack,120.000000,160.000000,1,1,0,1
100000230,attack_only,220.000000,260.000000,0,1,0,1
100000230,defense_only,320.000000,360.000000,1,0,0,1
100000230,baseline,420.000000,460.000000,0,0,0,1
100000241,defense_vs_attack,120.000000,160.000000,1,1,0,1
100000241,defense_only,220.000000,260.000000,1,0,1,1
100000241,attack_only,320.000000,360.000000,0,1,1,1
100000241,baseline,420.000000,460.000000,0,0,1,1
100000237,baseline,120.000000,160.000000,0,0,0,1
100000237,defense_only,220.000000,260.000000,1,0,0,1
100000237,attack_only,320.000000,360.000000,0,1,0,1
100000237,defense_vs_attack,420.000000,460.000000,1,1,0,1
100000243,defense_vs_attack,120.000000,160.000000,1,1,0,1
100000243,baseline,220.000000,260.000000,0,0,0,1
100000243,attack_only,320.000000,360.000000,0,1,1,1
100000243,defense_only,420.000000,460.000000,1,0,0,1
100000239,baseline,120.000000,160.000000,0,0,0,1
100000239,defense_vs_attack,220.000000,260.000000,1,1,0,1
100000239,attack_only,320.000000,360.000000,0,1,1,1
100000239,defense_only,420.000000,460.000000,1,0,1,1
100000242,baseline,120.000000,160.000000,0,0,0,1
100000242,attack_only,220.000000,260.000000,0,1,1,1
100000242,defense_vs_attack,320.000000,360.000000,1,1,0,1
100000242,defense_only,420.000000,460.000000,1,0,0,1
100000246,defense_only,120.000000,160.000000,1,0,0,1
100000246,attack_only,220.000000,260.000000,0,1,1,1
100000246,baseline,320.000000,360.000000,0,0,0,1
100000246,defense_vs_attack,420.000000,460.000000,1,1,0,1
100000253,baseline,120.000000,160.000000,0,0,0,1
100000253,defense_only,220.000000,260.000000,1,0,0,1
100000253,defense_vs_attack,320.000000,360.000000,1,1,0,1
100000253,attack_only,420.000000,460.000000,0,1,0,1
100000248,baseline,120.000000,160.000000,0,0,0,1
100000248,defense_vs_attack,220.000000,260.000000,1,1,0,1
100000248,attack_only,320.000000,360.000000,0,1,0,1
100000248,defense_only,420.000000,460.000000,1,0,0,1
100000251,baseline,120.000000,160.000000,0,0,0,1
100000251,defense_only,220.000000,260.000000,1,0,0,1
100000251,attack_only,320.000000,360.000000,0,1,0,1
100000251,defense_vs_attack,420.000000,460.000000,1,1,0,1
100000252,defense_vs_attack,120.000000,160.000000,1,1,1,1
100000252,defense_only,220.000000,260.000000,1,0,0,1
100000252,baseline,320.000000,360.000000,0,0,1,1
100000252,attack_only,420.000000,460.000000,0,1,1,1
100000257,defense_only,120.000000,160.000000,1,0,1,1
100000257,defense_vs_attack,220.000000,260.000000,1,1,0,1
100000257,attack_only,320.000000,360.000000,0,1,1,1
100000257,baseline,420.000000,460.000000,0,0,1,1
100000258,defense_vs_attack,120.000000,160.000000,1,1,0,1
100000258,defense_only,220.000000,260.000000,1,0,0,1
100000258,baseline,320.000000,360.000000,0,0,0,1
100000258,attack_only,420.000000,460.000000,0,1,1,1
100000261,defense_vs_attack,120.000000,160.000000,1,1,0,1
100000261,attack_only,220.000000,260.000000,0,1,1,1
100000261,baseline,320.000000,360.000000,0,0,1,1
100000261,defense_only,420.000000,460.000000,1,0,1,1
100000269,defense_vs_attack,120.000000,160.000000,1,1,0,1
100000269,attack_only,220.000000,260.000000,0,1,0,1
100000269,baseline,320.000000,360.000000,0,0,0,1
100000269,defense_only,420.000000,460.000000,1,0,0,1
100000263,defense_vs_attack,120.000000,160.000000,1,1,0,1
100000263,defense_only,220.000000,260.000000,1,0,0,1
100000263,attack_only,320.000000,360.000000,0,1,0,1
100000263,baseline,420.000000,460.000000,0,0,0,1
100000270,attack_only,120.000000,160.000000,0,1,0,1
100000270,defense_vs_attack,220.000000,260.000000,1,1,0,1
100000270,baseline,320.000000,360.000000,0,0,0,1
100000270,defense_only,420.000000,460.000000,1,0,0,1
100000274,defense_vs_attack,120.000000,160.000000,1,1,0,1
100000274,defense_only,220.000000,260.000000,1,0,1,1
100000274,attack_only,320.000000,360.000000,0,1,1,1
100000274,baseline,420.000000,460.000000,0,0,1,1
100000275,defense_only,120.000000,160.000000,1,0,0,1
100000275,defense_vs_attack,220.000000,260.000000,1,1,0,1
100000275,baseline,320.000000,360.000000,0,0,0,1
100000275,attack_only,420.000000,460.000000,0,1,0,1
100000278,defense_vs_attack,120.000000,160.000000,1,1,0,1
100000278,defense_only,220.000000,260.000000,1,0,0,1
100000278,attack_only,320.000000,360.000000,0,1,1,1
100000278,baseline,420.000000,460.000000,0,0,1,1
100000279,baseline,120.000000,160.000000,0,0,0,1
100000279,defense_only,220.000000,260.000000,1,0,0,1
100000279,attack_only,320.000000,360.000000,0,1,0,1
100000279,defense_vs_attack,420.000000,460.000000,1,1,0,1
100000280,baseline,120.000000,160.000000,0,0,1,1
100000280,defense_vs_attack,220.000000,260.000000,1,1,0,1
100000280,defense_only,320.000000,360.000000,1,0,1,1
100000280,attack_only,420.000000,460.000000,0,1,1,1
100000284,attack_only,120.000000,160.000000,0,1,0,1
100000284,defense_vs_attack,220.000000,260.000000,1,1,0,1
100000284,baseline,320.000000,360.000000,0,0,1,1
100000284,defense_only,420.000000,460.000000,1,0,1,1
100000285,defense_only,120.000000,160.000000,1,0,0,1
100000285,baseline,220.000000,260.000000,0,0,0,1
100000285,defense_vs_attack,320.000000,360.000000,1,1,0,1
100000285,attack_only,420.000000,460.000000,0,1,0,1
100000290,baseline,120.000000,160.000000,0,0,0,1
100000290,attack_only,220.000000,260.000000,0,1,1,1
100000290,defense_vs_attack,320.000000,360.000000,1,1,0,1
100000290,defense_only,420.000000,460.000000,1,0,1,1
100000287,defense_only,120.000000,160.000000,1,0,0,1
100000287,attack_only,220.000000,260.000000,0,1,0,1
100000287,defense_vs_attack,320.000000,360.000000,1,1,0,1
100000287,baseline,420.000000,460.000000,0,0,0,1
100000291,attack_only,120.000000,160.000000,0,1,1,1
100000291,defense_vs_attack,220.000000,260.000000,1,1,0,1
100000291,defense_only,320.000000,360.000000,1,0,1,1
100000291,baseline,420.000000,460.000000,0,0,1,1
100000294,attack_only,120.000000,160.000000,0,1,0,1
100000294,baseline,220.000000,260.000000,0,0,0,1
100000294,defense_vs_attack,320.000000,360.000000,1,1,0,1
100000294,defense_only,420.000000,460.000000,1,0,0,1
100000293,defense_only,120.000000,160.000000,1,0,0,1
100000293,baseline,220.000000,260.000000,0,0,0,1
100000293,defense_vs_attack,320.000000,360.000000,1,1,0,1
100000293,attack_only,420.000000,460.000000,0,1,0,1
100000308,attack_only,120.000000,160.000000,0,1,1,1
100000308,defense_vs_attack,220.000000,260.000000,1,1,0,1
100000308,defense_only,320.000000,360.000000,1,0,0,1
100000308,baseline,420.000000,460.000000,0,0,0,1
100000306,attack_only,120.000000,160.000000,0,1,1,1
100000306,defense_vs_attack,220.000000,260.000000,1,1,0,1
100000306,defense_only,320.000000,360.000000,1,0,0,1
100000306,baseline,420.000000,460.000000,0,0,0,1
100000301,defense_vs_attack,120.000000,160.000000,1,1,0,1
100000301,baseline,220.000000,260.000000,0,0,0,1
100000301,defense_only,320.000000,360.000000,1,0,0,1
100000301,attack_only,420.000000,460.000000,0,1,1,1
100000310,baseline,120.000000,160.000000,0,0,0,1
100000310,defense_only,220.000000,260.000000,1,0,0,1
100000310,attack_only,320.000000,360.000000,0,1,0,1
100000310,defense_vs_attack,420.000000,460.000000,1,1,0,1
100000315,defense_vs_attack,120.000000,160.000000,1,1,0,1
100000315,defense_only,220.000000,260.000000,1,0,0,1
100000315,attack_only,320.000000,360.000000,0,1,1,1
100000315,baseline,420.000000,460.000000,0,0,0,1
100000316,defense_vs_attack,120.000000,160.000000,1,1,0,1
100000316,baseline,220.000000,260.000000,0,0,0,1
100000316,attack_only,320.000000,360.000000,0,1,0,1
100000316,defense_only,420.000000,460.000000,1,0,0,1
100000324,defense_vs_attack,120.000000,160.000000,1,1,0,1
100000324,baseline,220.000000,260.000000,0,0,1,1
100000324,attack_only,320.000000,360.000000,0,1,1,1
100000324,defense_only,420.000000,460.000000,1,0,1,1
100000325,attack_only,120.000000,160.000000,0,1,0,1
100000325,defense_only,220.000000,260.000000,1,0,0,1
100000325,baseline,320.000000,360.000000,0,0,0,1
100000325,defense_vs_attack,420.000000,460.000000,1,1,0,1
100000327,attack_only,120.000000,160.000000,0,1,1,1
100000327,defense_vs_attack,220.000000,260.000000,1,1,0,1
100000327,baseline,320.000000,360.000000,0,0,0,1
100000327,defense_only,420.000000,460.000000,1,0,1,1
100000331,attack_only,120.000000,160.000000,0,1,0,1
100000331,baseline,220.000000,260.000000,0,0,0,1
100000331,defense_only,320.000000,360.000000,1,0,0,1
100000331,defense_vs_attack,420.000000,460.000000,1,1,0,1
100000329,defense_vs_attack,120.000000,160.000000,1,1,0,1
100000329,attack_only,220.000000,260.000000,0,1,1,1
100000329,baseline,320.000000,360.000000,0,0,0,1
100000329,defense_only,420.000000,460.000000,1,0,0,1
100000332,attack_only,120.000000,160.000000,0,1,1,1
100000332,defense_vs_attack,220.000000,260.000000,1,1,0,1
100000332,defense_only,320.000000,360.000000,1,0,1,1
100000332,baseline,420.000000,460.000000,0,0,1,1
100000334,defense_vs_attack,120.000000,160.000000,1,1,0,1
100000334,baseline,220.000000,260.000000,0,0,0,1
100000334,defense_only,320.000000,360.000000,1,0,0,1
100000334,attack_only,420.000000,460.000000,0,1,0,1
100000335,attack_only,120.000000,160.000000,0,1,0,1
100000335,defense_vs_attack,220.000000,260.000000,1,1,0,1
100000335,defense_only,320.000000,360.000000,1,0,0,1
100000335,baseline,420.000000,460.000000,0,0,0,1
100000336,baseline,120.000000,160.000000,0,0,0,1
100000336,defense_only,220.000000,260.000000,1,0,0,1
100000336,defense_vs_attack,320.000000,360.000000,1,1,0,1
100000336,attack_only,420.000000,460.000000,0,1,0,1
100000342,baseline,120.000000,160.000000,0,0,0,1
100000342,defense_only,220.000000,260.000000,1,0,0,1
100000342,defense_vs_attack,320.000000,360.000000,1,1,0,1
100000342,attack_only,420.000000,460.000000,0,1,0,1
100000347,attack_only,120.000000,160.000000,0,1,1,1
100000347,defense_vs_attack,220.000000,260.000000,1,1,0,1
100000347,baseline,320.000000,360.000000,0,0,1,1
100000347,defense_only,420.000000,460.000000,1,0,1,1
100000356,defense_only,120.000000,160.000000,1,0,0,1
100000356,baseline,220.000000,260.000000,0,0,0,1
100000356,attack_only,320.000000,360.000000,0,1,0,1
100000356,defense_vs_attack,420.000000,460.000000,1,1,0,1
100000349,defense_only,120.000000,160.000000,1,0,0,1
100000349,defense_vs_attack,220.000000,260.000000,1,1,0,1
100000349,attack_only,320.000000,360.000000,0,1,0,1
100000349,baseline,420.000000,460.000000,0,0,0,1
100000359,baseline,120.000000,160.000000,0,0,0,1
100000359,defense_vs_attack,220.000000,260.000000,1,1,0,1
100000359,defense_only,320.000000,360.000000,1,0,0,1
100000359,attack_only,420.000000,460.000000,0,1,0,1
100000358,defense_only,120.000000,160.000000,1,0,1,1
100000358,baseline,220.000000,260.000000,0,0,1,1
100000358,defense_vs_attack,320.000000,360.000000,1,1,0,1
100000358,attack_only,420.000000,460.000000,0,1,1,1
100000365,defense_vs_attack,120.000000,160.000000,1,1,0,1
100000365,defense_only,220.000000,260.000000,1,0,0,1
100000365,baseline,320.000000,360.000000,0,0,0,1
100000365,attack_only,420.000000,460.000000,0,1,0,1
100000364,defense_vs_attack,120.000000,160.000000,1,1,0,1
100000364,attack_only,220.000000,260.000000,0,1,1,1
100000364,defense_only,320.000000,360.000000,1,0,1,1
100000364,baseline,420.000000,460.000000,0,0,1,1
100000367,baseline,120.000000,160.000000,0,0,1,1
100000367,defense_vs_attack,220.000000,260.000000,1,1,0,1
100000367,attack_only,320.000000,360.000000,0,1,1,1
100000367,defense_only,420.000000,460.000000,1,0,1,1
100000368,defense_only,120.000000,160.000000,1,0,1,1
100000368,defense_vs_attack,220.000000,260.000000,1,1,0,1
100000368,baseline,320.000000,360.000000,0,0,1,1
100000368,attack_only,420.000000,460.000000,0,1,1,1
100000378,baseline,120.000000,160.000000,0,0,0,1
100000378,attack_only,220.000000,260.000000,0,1,1,1
100000378,defense_vs_attack,320.000000,360.000000,1,1,0,1
100000378,defense_only,420.000000,460.000000,1,0,0,1
100000379,baseline,120.000000,160.000000,0,0,0,1
100000379,defense_vs_attack,220.000000,260.000000,1,1,0,1
100000379,defense_only,320.000000,360.000000,1,0,1,1
100000379,attack_only,420.000000,460.000000,0,1,1,1
100000387,attack_only,120.000000,160.000000,0,1,0,1
100000387,baseline,220.000000,260.000000,0,0,0,1
100000387,defense_vs_attack,320.000000,360.000000,1,1,0,1
100000387,defense_only,420.000000,460.000000,1,0,0,1
100000383,attack_only,120.000000,160.000000,0,1,0,1
100000383,baseline,220.000000,260.000000,0,0,0,1
100000383,defense_only,320.000000,360.000000,1,0,0,1
100000383,defense_vs_attack,420.000000,460.000000,1,1,0,1
100000385,attack_only,120.000000,160.000000,0,1,1,1
100000385,defense_vs_attack,220.000000,260.000000,1,1,0,1
100000385,baseline,320.000000,360.000000,0,0,0,1
100000385,defense_only,420.000000,460.000000,1,0,0,1
100000392,attack_only,120.000000,160.000000,0,1,1,1
100000392,baseline,220.000000,260.000000,0,0,0,1
100000392,defense_only,320.000000,360.000000,1,0,0,1
100000392,defense_vs_attack,420.000000,460.000000,1,1,0,1
100000390,defense_only,120.000000,160.000000,1,0,0,1
100000390,defense_vs_attack,220.000000,260.000000,1,1,0,1
100000390,attack_only,320.000000,360.000000,0,1,1,1
100000390,baseline,420.000000,460.000000,0,0,0,1
100000395,attack_only,120.000000,160.000000,0,1,0,1
100000395,baseline,220.000000,260.000000,0,0,0,1
100000395,defense_only,320.000000,360.000000,1,0,0,1
100000395,defense_vs_attack,420.000000,460.000000,1,1,0,1
100000396,defense_only,120.000000,160.000000,1,0,1,1
100000396,defense_vs_attack,220.000000,260.000000,1,1,0,1
100000396,baseline,320.000000,360.000000,0,0,1,1
100000396,attack_only,420.000000,460.000000,0,1,1,1
100000402,attack_only,120.000000,160.000000,0,1,0,1
100000402,defense_only,220.000000,260.000000,1,0,0,1
100000402,defense_vs_attack,320.000000,360.000000,1,1,0,1
100000402,baseline,420.000000,460.000000,0,0,0,1
100000403,attack_only,120.000000,160.000000,0,1,0,1
100000403,defense_only,220.000000,260.000000,1,0,0,1
100000403,baseline,320.000000,360.000000,0,0,0,1
100000403,defense_vs_attack,420.000000,460.000000,1,1,0,1
100000404,baseline,120.000000,160.000000,0,0,0,1
100000404,defense_only,220.000000,260.000000,1,0,0,1
100000404,defense_vs_attack,320.000000,360.000000,1,1,0,1
100000404,attack_only,420.000000,460.000000,0,1,0,1
100000401,attack_only,120.000000,160.000000,0,1,1,1
100000401,defense_only,220.000000,260.000000,1,0,0,1
100000401,defense_vs_attack,320.000000,360.000000,1,1,0,1
100000401,baseline,420.000000,460.000000,0,0,0,1
100000406,attack_only,120.000000,160.000000,0,1,1,1
100000406,defense_only,220.000000,260.000000,1,0,0,1
100000406,baseline,320.000000,360.000000,0,0,0,1
100000406,defense_vs_attack,420.000000,460.000000,1,1,0,1
100000412,attack_only,120.000000,160.000000,0,1,1,1
100000412,defense_vs_attack,220.000000,260.000000,1,1,0,1
100000412,defense_only,320.000000,360.000000,1,0,1,1
100000412,baseline,420.000000,460.000000,0,0,1,1
100000416,attack_only,120.000000,160.000000,0,1,0,1
100000416,baseline,220.000000,260.000000,0,0,0,1
100000416,defense_only,320.000000,360.000000,1,0,1,1
100000416,defense_vs_attack,420.000000,460.000000,1,1,0,1
100000413,defense_only,120.000000,160.000000,1,0,1,1
100000413,attack_only,220.000000,260.000000,0,1,1,1
100000413,defense_vs_attack,320.000000,360.000000,1,1,0,1
100000413,baseline,420.000000,460.000000,0,0,1,1
100000419,baseline,120.000000,160.000000,0,0,0,1
100000419,defense_only,220.000000,260.000000,1,0,0,1
100000419,attack_only,320.000000,360.000000,0,1,1,1
100000419,defense_vs_attack,420.000000,460.000000,1,1,0,1
100000420,defense_only,120.000000,160.000000,1,0,0,1
100000420,baseline,220.000000,260.000000,0,0,0,1
100000420,defense_vs_attack,320.000000,360.000000,1,1,0,1
100000420,attack_only,420.000000,460.000000,0,1,1,1
100000422,attack_only,120.000000,160.000000,0,1,0,1
100000422,defense_vs_attack,220.000000,260.000000,1,1,0,1
100000422,baseline,320.000000,360.000000,0,0,0,1
100000422,defense_only,420.000000,460.000000,1,0,0,1
100000427,baseline,120.000000,160.000000,0,0,0,1
100000427,defense_only,220.000000,260.000000,1,0,0,1
100000427,defense_vs_attack,320.000000,360.000000,1,1,0,1
100000427,attack_only,420.000000,460.000000,0,1,0,1
100000431,defense_vs_attack,120.000000,160.000000,1,1,0,1
100000431,baseline,220.000000,260.000000,0,0,0,1
100000431,attack_only,320.000000,360.000000,0,1,0,1
100000431,defense_only,420.000000,460.000000,1,0,0,1
100000432,baseline,120.000000,160.000000,0,0,1,1
100000432,defense_vs_attack,220.000000,260.000000,1,1,0,1
100000432,defense_only,320.000000,360.000000,1,0,1,1
100000432,attack_only,420.000000,460.000000,0,1,1,1
100000436,baseline,120.000000,160.000000,0,0,0,1
100000436,defense_vs_attack,220.000000,260.000000,1,1,0,1
100000436,attack_only,320.000000,360.000000,0,1,1,1
100000436,defense_only,420.000000,460.000000,1,0,0,1
100000439,defense_only,120.000000,160.000000,1,0,0,1
100000439,attack_only,220.000000,260.000000,0,1,0,1
100000439,baseline,320.000000,360.000000,0,0,0,1
100000439,defense_vs_attack,420.000000,460.000000,1,1,0,1
100000446,attack_only,120.000000,160.000000,0,1,0,1
100000446,baseline,220.000000,260.000000,0,0,0,1
100000446,defense_only,320.000000,360.000000,1,0,0,1
100000446,defense_vs_attack,420.000000,460.000000,1,1,0,1
100000449,defense_vs_attack,120.000000,160.000000,1,1,0,1
100000449,defense_only,220.000000,260.000000,1,0,0,1
100000449,attack_only,320.000000,360.000000,0,1,0,1
100000449,baseline,420.000000,460.000000,0,0,0,1
100000458,baseline,120.000000,160.000000,0,0,0,1
100000458,attack_only,220.000000,260.000000,0,1,0,1
100000458,defense_only,320.000000,360.000000,1,0,0,1
100000458,defense_vs_attack,420.000000,460.000000,1,1,0,1
100000464,baseline,120.000000,160.000000,0,0,0,1
100000464,defense_only,220.000000,260.000000,1,0,0,1
100000464,defense_vs_attack,320.000000,360.000000,1,1,0,1
100000464,attack_only,420.000000,460.000000,0,1,0,1
100000463,baseline,120.000000,160.000000,0,0,0,1
100000463,attack_only,220.000000,260.000000,0,1,0,1
100000463,defense_vs_attack,320.000000,360.000000,1,1,0,1
100000463,defense_only,420.000000,460.000000,1,0,0,1
100000465,defense_only,120.000000,160.000000,1,0,0,1
100000465,attack_only,220.000000,260.000000,0,1,0,1
100000465,defense_vs_attack,320.000000,360.000000,1,1,0,1
100000465,baseline,420.000000,460.000000,0,0,0,1
100000471,attack_only,120.000000,160.000000,0,1,0,1
100000471,defense_only,220.000000,260.000000,1,0,0,1
100000471,defense_vs_attack,320.000000,360.000000,1,1,0,1
100000471,baseline,420.000000,460.000000,0,0,0,1
100000470,defense_only,120.000000,160.000000,1,0,1,1
100000470,defense_vs_attack,220.000000,260.000000,1,1,0,1
100000470,baseline,320.000000,360.000000,0,0,1,1
100000470,attack_only,420.000000,460.000000,0,1,1,1
100000472,defense_only,120.000000,160.000000,1,0,1,1
100000472,baseline,220.000000,260.000000,0,0,1,1
100000472,defense_vs_attack,320.000000,360.000000,1,1,0,1
100000472,attack_only,420.000000,460.000000,0,1,1,1
100000474,baseline,120.000000,160.000000,0,0,0,1
100000474,defense_vs_attack,220.000000,260.000000,1,1,0,1
100000474,attack_only,320.000000,360.000000,0,1,0,1
100000474,defense_only,420.000000,460.000000,1,0,0,1
100000475,defense_only,120.000000,160.000000,1,0,0,1
100000475,attack_only,220.000000,260.000000,0,1,1,1
100000475,defense_vs_attack,320.000000,360.000000,1,1,0,1
100000475,baseline,420.000000,460.000000,0,0,0,1
100000480,baseline,120.000000,160.000000,0,0,0,1
100000480,defense_only,220.000000,260.000000,1,0,0,1
100000480,attack_only,320.000000,360.000000,0,1,0,1
100000480,defense_vs_attack,420.000000,460.000000,1,1,0,1
100000478,baseline,120.000000,160.000000,0,0,0,1
100000478,defense_only,220.000000,260.000000,1,0,0,1
100000478,defense_vs_attack,320.000000,360.000000,1,1,0,1
100000478,attack_only,420.000000,460.000000,0,1,0,1
100000481,defense_only,120.000000,160.000000,1,0,0,1
100000481,defense_vs_attack,220.000000,260.000000,1,1,0,1
100000481,attack_only,320.000000,360.000000,0,1,1,1
100000481,baseline,420.000000,460.000000,0,0,0,1
100000485,attack_only,120.000000,160.000000,0,1,1,1
100000485,baseline,220.000000,260.000000,0,0,0,1
100000485,defense_only,320.000000,360.000000,1,0,0,1
100000485,defense_vs_attack,420.000000,460.000000,1,1,0,1
100000487,defense_only,120.000000,160.000000,1,0,0,1
100000487,defense_vs_attack,220.000000,260.000000,1,1,0,1
100000487,baseline,320.000000,360.000000,0,0,0,1
100000487,attack_only,420.000000,460.000000,0,1,0,1
100000492,baseline,120.000000,160.000000,0,0,0,1
100000492,defense_only,220.000000,260.000000,1,0,0,1
100000492,attack_only,320.000000,360.000000,0,1,0,1
100000492,defense_vs_attack,420.000000,460.000000,1,1,0,1
100000493,attack_only,120.000000,160.000000,0,1,0,1
100000493,defense_only,220.000000,260.000000,1,0,0,1
100000493,defense_vs_attack,320.000000,360.000000,1,1,0,1
100000493,baseline,420.000000,460.000000,0,0,1,1
100000508,baseline,120.000000,160.000000,0,0,0,1
100000508,attack_only,220.000000,260.000000,0,1,1,1
100000508,defense_vs_attack,320.000000,360.000000,1,1,0,1
100000508,defense_only,420.000000,460.000000,1,0,0,1
100000505,defense_only,120.000000,160.000000,1,0,0,1
100000505,defense_vs_attack,220.000000,260.000000,1,1,0,1
100000505,baseline,320.000000,360.000000,0,0,0,1
100000505,attack_only,420.000000,460.000000,0,1,0,1
100000511,defense_only,120.000000,160.000000,1,0,0,1
100000511,baseline,220.000000,260.000000,0,0,0,1
100000511,defense_vs_attack,320.000000,360.000000,1,1,0,1
100000511,attack_only,420.000000,460.000000,0,1,1,1
100000517,baseline,120.000000,160.000000,0,0,1,1
100000517,defense_only,220.000000,260.000000,1,0,1,1
100000517,defense_vs_attack,320.000000,360.000000,1,1,0,1
100000517,attack_only,420.000000,460.000000,0,1,1,1
100000515,defense_only,120.000000,160.000000,1,0,0,1
100000515,attack_only,220.000000,260.000000,0,1,0,1
100000515,baseline,320.000000,360.000000,0,0,0,1
100000515,defense_vs_attack,420.000000,460.000000,1,1,0,1
100000516,defense_vs_attack,120.000000,160.000000,1,1,0,1
100000516,baseline,220.000000,260.000000,0,0,1,1
100000516,defense_only,320.000000,360.000000,1,0,1,1
100000516,attack_only,420.000000,460.000000,0,1,1,1
100000521,attack_only,120.000000,160.000000,0,1,1,1
100000521,defense_vs_attack,220.000000,260.000000,1,1,0,1
100000521,defense_only,320.000000,360.000000,1,0,1,1
100000521,baseline,420.000000,460.000000,0,0,1,1
100000524,defense_vs_attack,120.000000,160.000000,1,1,0,1
100000524,defense_only,220.000000,260.000000,1,0,0,1
100000524,attack_only,320.000000,360.000000,0,1,1,1
100000524,baseline,420.000000,460.000000,0,0,0,1
100000527,defense_vs_attack,120.000000,160.000000,1,1,0,1
100000527,baseline,220.000000,260.000000,0,0,0,1
100000527,defense_only,320.000000,360.000000,1,0,0,1
100000527,attack_only,420.000000,460.000000,0,1,0,1
100000523,baseline,120.000000,160.000000,0,0,0,1
100000523,defense_vs_attack,220.000000,260.000000,1,1,0,1
100000523,attack_only,320.000000,360.000000,0,1,0,1
100000523,defense_only,420.000000,460.000000,1,0,0,1
100000528,attack_only,120.000000,160.000000,0,1,0,1
100000528,baseline,220.000000,260.000000,0,0,0,1
100000528,defense_vs_attack,320.000000,360.000000,1,1,0,1
100000528,defense_only,420.000000,460.000000,1,0,0,1
100000532,baseline,120.000000,160.000000,0,0,0,1
100000532,defense_vs_attack,220.000000,260.000000,1,1,0,1
100000532,attack_only,320.000000,360.000000,0,1,0,1
100000532,defense_only,420.000000,460.000000,1,0,0,1
100000535,baseline,120.000000,160.000000,0,0,0,1
100000535,attack_only,220.000000,260.000000,0,1,1,1
100000535,defense_only,320.000000,360.000000,1,0,0,1
100000535,defense_vs_attack,420.000000,460.000000,1,1,0,1
100000540,defense_only,120.000000,160.000000,1,0,0,1
100000540,attack_only,220.000000,260.000000,0,1,0,1
100000540,defense_vs_attack,320.000000,360.000000,1,1,0,1
100000540,baseline,420.000000,460.000000,0,0,0,1
100000537,defense_only,120.000000,160.000000,1,0,1,1
100000537,defense_vs_attack,220.000000,260.000000,1,1,0,1
100000537,attack_only,320.000000,360.000000,0,1,1,1
100000537,baseline,420.000000,460.000000,0,0,1,1
100000538,defense_only,120.000000,160.000000,1,0,0,1
100000538,attack_only,220.000000,260.000000,0,1,0,1
100000538,defense_vs_attack,320.000000,360.000000,1,1,0,1
100000538,baseline,420.000000,460.000000,0,0,1,1
100000541,defense_only,120.000000,160.000000,1,0,0,1
100000541,attack_only,220.000000,260.000000,0,1,0,1
100000541,baseline,320.000000,360.000000,0,0,0,1
100000541,defense_vs_attack,420.000000,460.000000,1,1,0,1
100000539,defense_vs_attack,120.000000,160.000000,1,1,0,1
100000539,defense_only,220.000000,260.000000,1,0,1,1
100000539,baseline,320.000000,360.000000,0,0,1,1
100000539,attack_only,420.000000,460.000000,0,1,1,1
100000542,defense_only,120.000000,160.000000,1,0,1,1
100000542,defense_vs_attack,220.000000,260.000000,1,1,0,1
100000542,baseline,320.000000,360.000000,0,0,1,1
100000542,attack_only,420.000000,460.000000,0,1,1,1
100000545,attack_only,120.000000,160.000000,0,1,1,1
100000545,defense_vs_attack,220.000000,260.000000,1,1,0,1
100000545,defense_only,320.000000,360.000000,1,0,0,1
100000545,baseline,420.000000,460.000000,0,0,0,1
100000550,attack_only,120.000000,160.000000,0,1,0,1
100000550,baseline,220.000000,260.000000,0,0,0,1
100000550,defense_only,320.000000,360.000000,1,0,0,1
100000550,defense_vs_attack,420.000000,460.000000,1,1,0,1
100000551,defense_vs_attack,120.000000,160.000000,1,1,0,1
100000551,defense_only,220.000000,260.000000,1,0,0,1
100000551,baseline,320.000000,360.000000,0,0,0,1
100000551,attack_only,420.000000,460.000000,0,1,0,1
100000559,attack_only,120.000000,160.000000,0,1,0,1
100000559,baseline,220.000000,260.000000,0,0,0,1
100000559,defense_only,320.000000,360.000000,1,0,0,1
100000559,defense_vs_attack,420.000000,460.000000,1,1,0,1
100000557,attack_only,120.000000,160.000000,0,1,0,1
100000557,baseline,220.000000,260.000000,0,0,0,1
100000557,defense_only,320.000000,360.000000,1,0,0,1
100000557,defense_vs_attack,420.000000,460.000000,1,1,0,1
100000561,defense_vs_attack,120.000000,160.000000,1,1,0,1
100000561,defense_only,220.000000,260.000000,1,0,1,1
100000561,baseline,320.000000,360.000000,0,0,1,1
100000561,attack_only,420.000000,460.000000,0,1,1,1
100000568,defense_only,120.000000,160.000000,1,0,1,1
100000568,defense_vs_attack,220.000000,260.000000,1,1,0,1
100000568,baseline,320.000000,360.000000,0,0,1,1
100000568,attack_only,420.000000,460.000000,0,1,1,1
100000567,baseline,120.000000,160.000000,0,0,0,1
100000567,attack_only,220.000000,260.000000,0,1,0,1
100000567,defense_vs_attack,320.000000,360.000000,1,1,0,1
100000567,defense_only,420.000000,460.000000,1,0,0,1
100000570,baseline,120.000000,160.000000,0,0,0,1
100000570,defense_only,220.000000,260.000000,1,0,0,1
100000570,defense_vs_attack,320.000000,360.000000,1,1,0,1
100000570,attack_only,420.000000,460.000000,0,1,0,1
100000573,defense_vs_attack,120.000000,160.000000,1,1,0,1
100000573,attack_only,220.000000,260.000000,0,1,1,1
100000573,baseline,320.000000,360.000000,0,0,0,1
100000573,defense_only,420.000000,460.000000,1,0,0,1
100000583,defense_vs_attack,120.000000,160.000000,1,1,0,1
100000583,defense_only,220.000000,260.000000,1,0,0,1
100000583,attack_only,320.000000,360.000000,0,1,0,1
100000583,baseline,420.000000,460.000000,0,0,0,1
100000582,baseline,120.000000,160.000000,0,0,0,1
100000582,defense_only,220.000000,260.000000,1,0,0,1
100000582,defense_vs_attack,320.000000,360.000000,1,1,0,1
100000582,attack_only,420.000000,460.000000,0,1,0,1
100000578,defense_only,120.000000,160.000000,1,0,0,1
100000578,defense_vs_attack,220.000000,260.000000,1,1,0,1
100000578,baseline,320.000000,360.000000,0,0,0,1
100000578,attack_only,420.000000,460.000000,0,1,0,1
100000588,defense_vs_attack,120.000000,160.000000,1,1,0,1
100000588,attack_only,220.000000,260.000000,0,1,1,1
100000588,baseline,320.000000,360.000000,0,0,1,1
100000588,defense_only,420.000000,460.000000,1,0,1,1
100000590,defense_vs_attack,120.000000,160.000000,1,1,0,1
100000590,defense_only,220.000000,260.000000,1,0,0,1
100000590,baseline,320.000000,360.000000,0,0,0,1
100000590,attack_only,420.000000,460.000000,0,1,0,1
100000585,defense_only,120.000000,160.000000,1,0,1,1
100000585,baseline,220.000000,260.000000,0,0,0,1
100000585,defense_vs_attack,320.000000,360.000000,1,1,0,1
100000585,attack_only,420.000000,460.000000,0,1,1,1
100000593,defense_only,120.000000,160.000000,1,0,0,1
100000593,defense_vs_attack,220.000000,260.000000,1,1,0,1
100000593,attack_only,320.000000,360.000000,0,1,1,1
100000593,baseline,420.000000,460.000000,0,0,0,1
100000596,baseline,120.000000,160.000000,0,0,0,1
100000596,defense_vs_attack,220.000000,260.000000,1,1,0,1
100000596,attack_only,320.000000,360.000000,0,1,0,1
100000596,defense_only,420.000000,460.000000,1,0,0,1
100000595,baseline,120.000000,160.000000,0,0,0,1
100000595,defense_only,220.000000,260.000000,1,0,0,1
100000595,attack_only,320.000000,360.000000,0,1,0,1
100000595,defense_vs_attack,420.000000,460.000000,1,1,0,1
100000597,defense_vs_attack,120.000000,160.000000,1,1,0,1
100000597,attack_only,220.000000,260.000000,0,1,0,1
100000597,baseline,320.000000,360.000000,0,0,0,1
100000597,defense_only,420.000000,460.000000,1,0,0,1
100000602,defense_only,120.000000,160.000000,1,0,0,1
100000602,defense_vs_attack,220.000000,260.000000,1,1,0,1
100000602,baseline,320.000000,360.000000,0,0,0,1
100000602,attack_only,420.000000,460.000000,0,1,0,1
100000605,attack_only,120.000000,160.000000,0,1,1,1
100000605,defense_only,220.000000,260.000000,1,0,1,1
100000605,defense_vs_attack,320.000000,360.000000,1,1,0,1
100000605,baseline,420.000000,460.000000,0,0,1,1
100000603,defense_only,120.000000,160.000000,1,0,0,1
100000603,attack_only,220.000000,260.000000,0,1,0,1
100000603,defense_vs_attack,320.000000,360.000000,1,1,0,1
100000603,baseline,420.000000,460.000000,0,0,0,1
100000612,attack_only,120.000000,160.000000,0,1,1,1
100000612,defense_only,220.000000,260.000000,1,0,1,1
100000612,baseline,320.000000,360.000000,0,0,1,1
100000612,defense_vs_attack,420.000000,460.000000,1,1,0,1
100000609,attack_only,120.000000,160.000000,0,1,0,1
100000609,defense_vs_attack,220.000000,260.000000,1,1,0,1
100000609,baseline,320.000000,360.000000,0,0,0,1
100000609,defense_only,420.000000,460.000000,1,0,0,1
100000613,defense_only,120.000000,160.000000,1,0,0,1
100000613,defense_vs_attack,220.000000,260.000000,1,1,0,1
100000613,attack_only,320.000000,360.000000,0,1,0,1
100000613,baseline,420.000000,460.000000,0,0,0,1
100000616,defense_only,120.000000,160.000000,1,0,0,1
100000616,baseline,220.000000,260.000000,0,0,0,1
100000616,defense_vs_attack,320.000000,360.000000,1,1,0,1
100000616,attack_only,420.000000,460.000000,0,1,0,1
100000621,defense_only,120.000000,160.000000,1,0,0,1
100000621,baseline,220.000000,260.000000,0,0,0,1
100000621,defense_vs_attack,320.000000,360.000000,1,1,0,1
100000621,attack_only,420.000000,460.000000,0,1,0,1
100000618,defense_vs_attack,120.000000,160.000000,1,1,0,1
100000618,attack_only,220.000000,260.000000,0,1,0,1
100000618,defense_only,320.000000,360.000000,1,0,0,1
100000618,baseline,420.000000,460.000000,0,0,0,1
100000627,defense_vs_attack,120.000000,160.000000,1,1,0,1
100000627,defense_only,220.000000,260.000000,1,0,0,1
100000627,baseline,320.000000,360.000000,0,0,0,1
100000627,attack_only,420.000000,460.000000,0,1,0,1
100000625,defense_vs_attack,120.000000,160.000000,1,1,0,1
100000625,baseline,220.000000,260.000000,0,0,1,1
100000625,attack_only,320.000000,360.000000,0,1,1,1
100000625,defense_only,420.000000,460.000000,1,0,1,1
100000628,defense_only,120.000000,160.000000,1,0,0,1
100000628,baseline,220.000000,260.000000,0,0,0,1
100000628,defense_vs_attack,320.000000,360.000000,1,1,0,1
100000628,attack_only,420.000000,460.000000,0,1,0,1
100000631,baseline,120.000000,160.000000,0,0,0,1
100000631,defense_only,220.000000,260.000000,1,0,0,1
100000631,attack_only,320.000000,360.000000,0,1,0,1
100000631,defense_vs_attack,420.000000,460.000000,1,1,0,1
100000636,defense_only,120.000000,160.000000,1,0,0,1
100000636,baseline,220.000000,260.000000,0,0,0,1
100000636,defense_vs_attack,320.000000,360.000000,1,1,0,1
100000636,attack_only,420.000000,460.000000,0,1,0,1
100000637,attack_only,120.000000,160.000000,0,1,1,1
100000637,baseline,220.000000,260.000000,0,0,1,1
100000637,defense_vs_attack,320.000000,360.000000,1,1,0,1
100000637,defense_only,420.000000,460.000000,1,0,1,1
100000641,attack_only,120.000000,160.000000,0,1,0,1
100000641,baseline,220.000000,260.000000,0,0,0,1
100000641,defense_only,320.000000,360.000000,1,0,0,1
100000641,defense_vs_attack,420.000000,460.000000,1,1,0,1
100000647,defense_vs_attack,120.000000,160.000000,1,1,0,1
100000647,attack_only,220.000000,260.000000,0,1,1,1
100000647,baseline,320.000000,360.000000,0,0,0,1
100000647,defense_only,420.000000,460.000000,1,0,0,1
100000645,defense_vs_attack,120.000000,160.000000,1,1,0,1
100000645,baseline,220.000000,260.000000,0,0,0,1
100000645,attack_only,320.000000,360.000000,0,1,0,1
100000645,defense_only,420.000000,460.000000,1,0,0,1
100000648,attack_only,120.000000,160.000000,0,1,0,1
100000648,defense_only,220.000000,260.000000,1,0,0,1
100000648,defense_vs_attack,320.000000,360.000000,1,1,0,1
100000648,baseline,420.000000,460.000000,0,0,0,1
100000651,attack_only,120.000000,160.000000,0,1,0,1
100000651,defense_vs_attack,220.000000,260.000000,1,1,0,1
100000651,defense_only,320.000000,360.000000,1,0,0,1
100000651,baseline,420.000000,460.000000,0,0,0,1
100000653,defense_only,120.000000,160.000000,1,0,0,1
100000653,defense_vs_attack,220.000000,260.000000,1,1,0,1
100000653,attack_only,320.000000,360.000000,0,1,0,1
100000653,baseline,420.000000,460.000000,0,0,0,1
100000655,attack_only,120.000000,160.000000,0,1,1,1
100000655,baseline,220.000000,260.000000,0,0,0,1
100000655,defense_only,320.000000,360.000000,1,0,1,1
100000655,defense_vs_attack,420.000000,460.000000,1,1,0,1
100000656,attack_only,120.000000,160.000000,0,1,1,1
100000656,defense_vs_attack,220.000000,260.000000,1,1,0,1
100000656,defense_only,320.000000,360.000000,1,0,1,1
100000656,baseline,420.000000,460.000000,0,0,1,1
100000661,defense_only,120.000000,160.000000,1,0,0,1
100000661,attack_only,220.000000,260.000000,0,1,1,1
100000661,baseline,320.000000,360.000000,0,0,0,1
100000661,defense_vs_attack,420.000000,460.000000,1,1,0,1
100000659,baseline,120.000000,160.000000,0,0,1,1
100000659,attack_only,220.000000,260.000000,0,1,1,1
100000659,defense_vs_attack,320.000000,360.000000,1,1,0,1
100000659,defense_only,420.000000,460.000000,1,0,1,1
100000663,defense_only,120.000000,160.000000,1,0,0,1
100000663,attack_only,220.000000,260.000000,0,1,1,1
100000663,baseline,320.000000,360.000000,0,0,0,1
100000663,defense_vs_attack,420.000000,460.000000,1,1,0,1
100000664,baseline,120.000000,160.000000,0,0,1,1
100000664,defense_vs_attack,220.000000,260.000000,1,1,0,1
100000664,attack_only,320.000000,360.000000,0,1,1,1
100000664,defense_only,420.000000,460.000000,1,0,1,1
100000670,baseline,120.000000,160.000000,0,0,0,1
100000670,attack_only,220.000000,260.000000,0,1,0,1
100000670,defense_only,320.000000,360.000000,1,0,0,1
100000670,defense_vs_attack,420.000000,460.000000,1,1,0,1
100000668,attack_only,120.000000,160.000000,0,1,1,1
100000668,defense_vs_attack,220.000000,260.000000,1,1,0,1
100000668,defense_only,320.000000,360.000000,1,0,1,1
100000668,baseline,420.000000,460.000000,0,0,1,1
100000673,defense_only,120.000000,160.000000,1,0,0,1
100000673,attack_only,220.000000,260.000000,0,1,0,1
100000673,baseline,320.000000,360.000000,0,0,0,1
100000673,defense_vs_attack,420.000000,460.000000,1,1,0,1
100000671,defense_only,120.000000,160.000000,1,0,0,1
100000671,attack_only,220.000000,260.000000,0,1,0,1
100000671,defense_vs_attack,320.000000,360.000000,1,1,0,1
100000671,baseline,420.000000,460.000000,0,0,0,1
100000674,attack_only,120.000000,160.000000,0,1,1,1
100000674,defense_vs_attack,220.000000,260.000000,1,1,0,1
100000674,defense_only,320.000000,360.000000,1,0,1,1
100000674,baseline,420.000000,460.000000,0,0,0,1
100000676,attack_only,120.000000,160.000000,0,1,1,1
100000676,defense_vs_attack,220.000000,260.000000,1,1,0,1
100000676,baseline,320.000000,360.000000,0,0,1,1
100000676,defense_only,420.000000,460.000000,1,0,1,1
100000679,attack_only,120.000000,160.000000,0,1,1,1
100000679,baseline,220.000000,260.000000,0,0,0,1
100000679,defense_vs_attack,320.000000,360.000000,1,1,0,1
100000679,defense_only,420.000000,460.000000,1,0,1,1
100000680,attack_only,120.000000,160.000000,0,1,1,1
100000680,baseline,220.000000,260.000000,0,0,1,1
100000680,defense_vs_attack,320.000000,360.000000,1,1,0,1
100000680,defense_only,420.000000,460.000000,1,0,1,1
100000683,defense_vs_attack,120.000000,160.000000,1,1,0,1
100000683,baseline,220.000000,260.000000,0,0,0,1
100000683,attack_only,320.000000,360.000000,0,1,0,1
100000683,defense_only,420.000000,460.000000,1,0,0,1
100000685,defense_vs_attack,120.000000,160.000000,1,1,0,1
100000685,attack_only,220.000000,260.000000,0,1,0,1
100000685,baseline,320.000000,360.000000,0,0,0,1
100000685,defense_only,420.000000,460.000000,1,0,0,1
100000682,defense_only,120.000000,160.000000,1,0,0,1
100000682,baseline,220.000000,260.000000,0,0,0,1
100000682,attack_only,320.000000,360.000000,0,1,0,1
100000682,defense_vs_attack,420.000000,460.000000,1,1,0,1
100000684,defense_only,120.000000,160.000000,1,0,0,1
100000684,baseline,220.000000,260.000000,0,0,0,1
100000684,defense_vs_attack,320.000000,360.000000,1,1,0,1
100000684,attack_only,420.000000,460.000000,0,1,0,1
100000688,defense_only,120.000000,160.000000,1,0,0,1
100000688,attack_only,220.000000,260.000000,0,1,0,1
100000688,baseline,320.000000,360.000000,0,0,0,1
100000688,defense_vs_attack,420.000000,460.000000,1,1,0,1
100000687,defense_only,120.000000,160.000000,1,0,0,1
100000687,baseline,220.000000,260.000000,0,0,0,1
100000687,defense_vs_attack,320.000000,360.000000,1,1,0,1
100000687,attack_only,420.000000,460.000000,0,1,0,1
100000690,baseline,120.000000,160.000000,0,0,0,1
100000690,defense_only,220.000000,260.000000,1,0,0,1
100000690,defense_vs_attack,320.000000,360.000000,1,1,0,1
100000690,attack_only,420.000000,460.000000,0,1,1,1
100000692,attack_only,120.000000,160.000000,0,1,1,1
100000692,defense_only,220.000000,260.000000,1,0,0,1
100000692,defense_vs_attack,320.000000,360.000000,1,1,0,1
100000692,baseline,420.000000,460.000000,0,0,0,1
100000698,defense_vs_attack,120.000000,160.000000,1,1,0,1
100000698,baseline,220.000000,260.000000,0,0,0,1
100000698,defense_only,320.000000,360.000000,1,0,0,1
100000698,attack_only,420.000000,460.000000,0,1,1,1
100000704,defense_only,120.000000,160.000000,1,0,0,1
100000704,baseline,220.000000,260.000000,0,0,0,1
100000704,attack_only,320.000000,360.000000,0,1,0,1
100000704,defense_vs_attack,420.000000,460.000000,1,1,0,1
100000699,baseline,120.000000,160.000000,0,0,0,1
100000699,defense_vs_attack,220.000000,260.000000,1,1,0,1
100000699,defense_only,320.000000,360.000000,1,0,0,1
100000699,attack_only,420.000000,460.000000,0,1,0,1
100000705,defense_vs_attack,120.000000,160.000000,1,1,0,1
100000705,baseline,220.000000,260.000000,0,0,0,1
100000705,attack_only,320.000000,360.000000,0,1,0,1
100000705,defense_only,420.000000,460.000000,1,0,0,1
100000707,defense_vs_attack,120.000000,160.000000,1,1,0,1
100000707,attack_only,220.000000,260.000000,0,1,0,1
100000707,defense_only,320.000000,360.000000,1,0,0,1
100000707,baseline,420.000000,460.000000,0,0,0,1
100000711,defense_vs_attack,120.000000,160.000000,1,1,0,1
100000711,defense_only,220.000000,260.000000,1,0,1,1
100000711,baseline,320.000000,360.000000,0,0,1,1
100000711,attack_only,420.000000,460.000000,0,1,1,1
100000715,baseline,120.000000,160.000000,0,0,0,1
100000715,attack_only,220.000000,260.000000,0,1,0,1
100000715,defense_only,320.000000,360.000000,1,0,0,1
100000715,defense_vs_attack,420.000000,460.000000,1,1,0,1
100000717,defense_vs_attack,120.000000,160.000000,1,1,0,1
100000717,attack_only,220.000000,260.000000,0,1,0,1
100000717,defense_only,320.000000,360.000000,1,0,0,1
100000717,baseline,420.000000,460.000000,0,0,0,1
100000718,attack_only,120.000000,160.000000,0,1,1,1
100000718,baseline,220.000000,260.000000,0,0,1,1
100000718,defense_vs_attack,320.000000,360.000000,1,1,0,1
100000718,defense_only,420.000000,460.000000,1,0,1,1
100000724,attack_only,120.000000,160.000000,0,1,1,1
100000724,defense_only,220.000000,260.000000,1,0,1,1
100000724,baseline,320.000000,360.000000,0,0,1,1
100000724,defense_vs_attack,420.000000,460.000000,1,1,0,1
100000737,baseline,120.000000,160.000000,0,0,0,1
100000737,defense_only,220.000000,260.000000,1,0,0,1
100000737,attack_only,320.000000,360.000000,0,1,0,1
100000737,defense_vs_attack,420.000000,460.000000,1,1,0,1
100000738,defense_only,120.000000,160.000000,1,0,0,1
100000738,attack_only,220.000000,260.000000,0,1,1,1
100000738,baseline,320.000000,360.000000,0,0,0,1
100000738,defense_vs_attack,420.000000,460.000000,1,1,0,1
100000742,attack_only,120.000000,160.000000,0,1,0,1
100000742,defense_only,220.000000,260.000000,1,0,0,1
100000742,baseline,320.000000,360.000000,0,0,0,1
100000742,defense_vs_attack,420.000000,460.000000,1,1,0,1
100000752,defense_only,120.000000,160.000000,1,0,0,1
100000752,baseline,220.000000,260.000000,0,0,0,1
100000752,attack_only,320.000000,360.000000,0,1,1,1
100000752,defense_vs_attack,420.000000,460.000000,1,1,0,1
100000751,attack_only,120.000000,160.000000,0,1,1,1
100000751,defense_vs_attack,220.000000,260.000000,1,1,0,1
100000751,defense_only,320.000000,360.000000,1,0,1,1
100000751,baseline,420.000000,460.000000,0,0,1,1
100000756,attack_only,120.000000,160.000000,0,1,0,1
100000756,defense_only,220.000000,260.000000,1,0,0,1
100000756,baseline,320.000000,360.000000,0,0,0,1
100000756,defense_vs_attack,420.000000,460.000000,1,1,0,1
100000759,baseline,120.000000,160.000000,0,0,0,1
100000759,defense_vs_attack,220.000000,260.000000,1,1,0,1
100000759,attack_only,320.000000,360.000000,0,1,1,1
100000759,defense_only,420.000000,460.000000,1,0,0,1
100000762,baseline,120.000000,160.000000,0,0,0,1
100000762,defense_only,220.000000,260.000000,1,0,0,1
100000762,attack_only,320.000000,360.000000,0,1,1,1
100000762,defense_vs_attack,420.000000,460.000000,1,1,0,1
100000761,baseline,120.000000,160.000000,0,0,0,1
100000761,defense_only,220.000000,260.000000,1,0,0,1
100000761,defense_vs_attack,320.000000,360.000000,1,1,0,1
100000761,attack_only,420.000000,460.000000,0,1,0,1
100000763,attack_only,120.000000,160.000000,0,1,0,1
100000763,baseline,220.000000,260.000000,0,0,0,1
100000763,defense_vs_attack,320.000000,360.000000,1,1,0,1
100000763,defense_only,420.000000,460.000000,1,0,0,1
100000768,defense_only,120.000000,160.000000,1,0,0,1
100000768,defense_vs_attack,220.000000,260.000000,1,1,0,1
100000768,attack_only,320.000000,360.000000,0,1,1,1
100000768,baseline,420.000000,460.000000,0,0,0,1
100000770,defense_only,120.000000,160.000000,1,0,1,1
100000770,defense_vs_attack,220.000000,260.000000,1,1,0,1
100000770,attack_only,320.000000,360.000000,0,1,1,1
100000770,baseline,420.000000,460.000000,0,0,1,1
100000774,defense_vs_attack,120.000000,160.000000,1,1,0,1
100000774,baseline,220.000000,260.000000,0,0,1,1
100000774,attack_only,320.000000,360.000000,0,1,1,1
100000774,defense_only,420.000000,460.000000,1,0,1,1
100000779,attack_only,120.000000,160.000000,0,1,1,1
100000779,baseline,220.000000,260.000000,0,0,1,1
100000779,defense_vs_attack,320.000000,360.000000,1,1,0,1
100000779,defense_only,420.000000,460.000000,1,0,0,1
100000784,baseline,120.000000,160.000000,0,0,0,1
100000784,attack_only,220.000000,260.000000,0,1,1,1
100000784,defense_vs_attack,320.000000,360.000000,1,1,0,1
100000784,defense_only,420.000000,460.000000,1,0,0,1
100000786,baseline,120.000000,160.000000,0,0,1,1
100000786,defense_only,220.000000,260.000000,1,0,1,1
100000786,attack_only,320.000000,360.000000,0,1,1,1
100000786,defense_vs_attack,420.000000,460.000000,1,1,0,1
100000785,attack_only,120.000000,160.000000,0,1,0,1
100000785,defense_only,220.000000,260.000000,1,0,0,1
100000785,defense_vs_attack,320.000000,360.000000,1,1,0,1
100000785,baseline,420.000000,460.000000,0,0,0,1
100000790,defense_only,120.000000,160.000000,1,0,1,1
100000790,defense_vs_attack,220.000000,260.000000,1,1,0,1
100000790,attack_only,320.000000,360.000000,0,1,1,1
100000790,baseline,420.000000,460.000000,0,0,1,1
100000795,baseline,120.000000,160.000000,0,0,0,1
100000795,defense_only,220.000000,260.000000,1,0,0,1
100000795,attack_only,320.000000,360.000000,0,1,0,1
100000795,defense_vs_attack,420.000000,460.000000,1,1,0,1
100000796,defense_only,120.000000,160.000000,1,0,0,1
100000796,baseline,220.000000,260.000000,0,0,0,1
100000796,attack_only,320.000000,360.000000,0,1,0,1
100000796,defense_vs_attack,420.000000,460.000000,1,1,0,1
100000801,defense_vs_attack,120.000000,160.000000,1,1,0,1
100000801,attack_only,220.000000,260.000000,0,1,0,1
100000801,defense_only,320.000000,360.000000,1,0,0,1
100000801,baseline,420.000000,460.000000,0,0,0,1
100000807,defense_vs_attack,120.000000,160.000000,1,1,0,1
100000807,attack_only,220.000000,260.000000,0,1,0,1
100000807,baseline,320.000000,360.000000,0,0,0,1
100000807,defense_only,420.000000,460.000000,1,0,0,1
100000809,defense_vs_attack,120.000000,160.000000,1,1,0,1
100000809,attack_only,220.000000,260.000000,0,1,0,1
100000809,defense_only,320.000000,360.000000,1,0,0,1
100000809,baseline,420.000000,460.000000,0,0,0,1
100000811,baseline,120.000000,160.000000,0,0,0,1
100000811,defense_only,220.000000,260.000000,1,0,0,1
100000811,attack_only,320.000000,360.000000,0,1,0,1
100000811,defense_vs_attack,420.000000,460.000000,1,1,0,1
100000815,defense_only,120.000000,160.000000,1,0,0,1
100000815,attack_only,220.000000,260.000000,0,1,1,1
100000815,defense_vs_attack,320.000000,360.000000,1,1,0,1
100000815,baseline,420.000000,460.000000,0,0,1,1
100000814,defense_vs_attack,120.000000,160.000000,1,1,0,1
100000814,attack_only,220.000000,260.000000,0,1,0,1
100000814,baseline,320.000000,360.000000,0,0,0,1
100000814,defense_only,420.000000,460.000000,1,0,0,1
100000817,defense_vs_attack,120.000000,160.000000,1,1,0,1
100000817,baseline,220.000000,260.000000,0,0,0,1
100000817,defense_only,320.000000,360.000000,1,0,0,1
100000817,attack_only,420.000000,460.000000,0,1,0,1
100000821,defense_only,120.000000,160.000000,1,0,0,1
100000821,defense_vs_attack,220.000000,260.000000,1,1,0,1
100000821,attack_only,320.000000,360.000000,0,1,0,1
100000821,baseline,420.000000,460.000000,0,0,0,1
100000830,attack_only,120.000000,160.000000,0,1,0,1
100000830,defense_vs_attack,220.000000,260.000000,1,1,0,1
100000830,defense_only,320.000000,360.000000,1,0,0,1
100000830,baseline,420.000000,460.000000,0,0,0,1
100000823,attack_only,120.000000,160.000000,0,1,0,1
100000823,defense_vs_attack,220.000000,260.000000,1,1,0,1
100000823,baseline,320.000000,360.000000,0,0,0,1
100000823,defense_only,420.000000,460.000000,1,0,0,1
100000828,attack_only,120.000000,160.000000,0,1,0,1
100000828,defense_only,220.000000,260.000000,1,0,0,1
100000828,defense_vs_attack,320.000000,360.000000,1,1,0,1
100000828,baseline,420.000000,460.000000,0,0,0,1
100000831,defense_vs_attack,120.000000,160.000000,1,1,0,1
100000831,attack_only,220.000000,260.000000,0,1,1,1
100000831,baseline,320.000000,360.000000,0,0,1,1
100000831,defense_only,420.000000,460.000000,1,0,1,1
100000832,defense_only,120.000000,160.000000,1,0,0,1
100000832,defense_vs_attack,220.000000,260.000000,1,1,0,1
100000832,baseline,320.000000,360.000000,0,0,0,1
100000832,attack_only,420.000000,460.000000,0,1,1,1
100000834,attack_only,120.000000,160.000000,0,1,1,1
100000834,baseline,220.000000,260.000000,0,0,0,1
100000834,defense_vs_attack,320.000000,360.000000,1,1,0,1
100000834,defense_only,420.000000,460.000000,1,0,0,1
100000837,defense_only,120.000000,160.000000,1,0,0,1
100000837,defense_vs_attack,220.000000,260.000000,1,1,0,1
100000837,baseline,320.000000,360.000000,0,0,1,1
100000837,attack_only,420.000000,460.000000,0,1,1,1
100000839,attack_only,120.000000,160.000000,0,1,0,1
100000839,defense_only,220.000000,260.000000,1,0,0,1
100000839,defense_vs_attack,320.000000,360.000000,1,1,0,1
100000839,baseline,420.000000,460.000000,0,0,0,1
100000847,attack_only,120.000000,160.000000,0,1,0,1
100000847,baseline,220.000000,260.000000,0,0,0,1
100000847,defense_vs_attack,320.000000,360.000000,1,1,0,1
100000847,defense_only,420.000000,460.000000,1,0,0,1
100000846,defense_only,120.000000,160.000000,1,0,1,1
100000846,defense_vs_attack,220.000000,260.000000,1,1,0,1
100000846,baseline,320.000000,360.000000,0,0,1,1
100000846,attack_only,420.000000,460.000000,0,1,1,1
100000855,attack_only,120.000000,160.000000,0,1,0,1
100000855,defense_only,220.000000,260.000000,1,0,0,1
100000855,baseline,320.000000,360.000000,0,0,0,1
100000855,defense_vs_attack,420.000000,460.000000,1,1,0,1
100000881,defense_only,120.000000,160.000000,1,0,1,1
100000881,attack_only,220.000000,260.000000,0,1,1,1
100000881,defense_vs_attack,320.000000,360.000000,1,1,0,1
100000881,baseline,420.000000,460.000000,0,0,1,1
100000882,attack_only,120.000000,160.000000,0,1,0,1
100000882,baseline,220.000000,260.000000,0,0,0,1
100000882,defense_only,320.000000,360.000000,1,0,0,1
100000882,defense_vs_attack,420.000000,460.000000,1,1,0,1
100000884,defense_only,120.000000,160.000000,1,0,0,1
100000884,baseline,220.000000,260.000000,0,0,0,1
100000884,defense_vs_attack,320.000000,360.000000,1,1,0,1
100000884,attack_only,420.000000,460.000000,0,1,0,1
100000878,baseline,120.000000,160.000000,0,0,0,1
100000878,defense_only,220.000000,260.000000,1,0,0,1
100000878,attack_only,320.000000,360.000000,0,1,0,1
100000878,defense_vs_attack,420.000000,460.000000,1,1,0,1
100000889,defense_vs_attack,120.000000,160.000000,1,1,0,1
100000889,baseline,220.000000,260.000000,0,0,0,1
100000889,attack_only,320.000000,360.000000,0,1,0,1
100000889,defense_only,420.000000,460.000000,1,0,0,1
100000891,defense_vs_attack,120.000000,160.000000,1,1,0,1
100000891,attack_only,220.000000,260.000000,0,1,0,1
100000891,defense_only,320.000000,360.000000,1,0,0,1
100000891,baseline,420.000000,460.000000,0,0,0,1
100000890,baseline,120.000000,160.000000,0,0,1,1
100000890,defense_only,220.000000,260.000000,1,0,1,1
100000890,attack_only,320.000000,360.000000,0,1,1,1
100000890,defense_vs_attack,420.000000,460.000000,1,1,0,1
100000894,defense_vs_attack,120.000000,160.000000,1,1,0,1
100000894,attack_only,220.000000,260.000000,0,1,1,1
100000894,baseline,320.000000,360.000000,0,0,0,1
100000894,defense_only,420.000000,460.000000,1,0,0,1
100000901,baseline,120.000000,160.000000,0,0,0,1
100000901,defense_vs_attack,220.000000,260.000000,1,1,0,1
100000901,defense_only,320.000000,360.000000,1,0,0,1
100000901,attack_only,420.000000,460.000000,0,1,0,1
100000897,defense_only,120.000000,160.000000,1,0,0,1
100000897,defense_vs_attack,220.000000,260.000000,1,1,0,1
100000897,attack_only,320.000000,360.000000,0,1,0,1
100000897,baseline,420.000000,460.000000,0,0,0,1
100000903,baseline,120.000000,160.000000,0,0,0,1
100000903,defense_vs_attack,220.000000,260.000000,1,1,0,1
100000903,defense_only,320.000000,360.000000,1,0,1,1
100000903,attack_only,420.000000,460.000000,0,1,0,1
100000913,defense_only,120.000000,160.000000,1,0,0,1
100000913,defense_vs_attack,220.000000,260.000000,1,1,0,1
100000913,baseline,320.000000,360.000000,0,0,0,1
100000913,attack_only,420.000000,460.000000,0,1,0,1
100000914,attack_only,120.000000,160.000000,0,1,0,1
100000914,defense_vs_attack,220.000000,260.000000,1,1,0,1
100000914,baseline,320.000000,360.000000,0,0,0,1
100000914,defense_only,420.000000,460.000000,1,0,0,1
100000919,attack_only,120.000000,160.000000,0,1,0,1
100000919,defense_vs_attack,220.000000,260.000000,1,1,0,1
100000919,defense_only,320.000000,360.000000,1,0,0,1
100000919,baseline,420.000000,460.000000,0,0,0,1
100000921,defense_vs_attack,120.000000,160.000000,1,1,0,1
100000921,attack_only,220.000000,260.000000,0,1,1,1
100000921,baseline,320.000000,360.000000,0,0,1,1
100000921,defense_only,420.000000,460.000000,1,0,1,1
100000917,defense_only,120.000000,160.000000,1,0,0,1
100000917,baseline,220.000000,260.000000,0,0,0,1
100000917,attack_only,320.000000,360.000000,0,1,0,1
100000917,defense_vs_attack,420.000000,460.000000,1,1,0,1
100000925,defense_only,120.000000,160.000000,1,0,1,1
100000925,attack_only,220.000000,260.000000,0,1,1,1
100000925,defense_vs_attack,320.000000,360.000000,1,1,0,1
100000925,baseline,420.000000,460.000000,0,0,1,1
100000927,defense_vs_attack,120.000000,160.000000,1,1,0,1
100000927,attack_only,220.000000,260.000000,0,1,1,1
100000927,baseline,320.000000,360.000000,0,0,0,1
100000927,defense_only,420.000000,460.000000,1,0,0,1
100000932,defense_only,120.000000,160.000000,1,0,0,1
100000932,baseline,220.000000,260.000000,0,0,0,1
100000932,defense_vs_attack,320.000000,360.000000,1,1,0,1
100000932,attack_only,420.000000,460.000000,0,1,0,1
100000934,attack_only,120.000000,160.000000,0,1,1,1
100000934,baseline,220.000000,260.000000,0,0,1,1
100000934,defense_only,320.000000,360.000000,1,0,1,1
100000934,defense_vs_attack,420.000000,460.000000,1,1,0,1
100000942,baseline,120.000000,160.000000,0,0,0,1
100000942,defense_only,220.000000,260.000000,1,0,0,1
100000942,attack_only,320.000000,360.000000,0,1,0,1
100000942,defense_vs_attack,420.000000,460.000000,1,1,0,1
100000943,baseline,120.000000,160.000000,0,0,0,1
100000943,attack_only,220.000000,260.000000,0,1,0,1
100000943,defense_only,320.000000,360.000000,1,0,0,1
100000943,defense_vs_attack,420.000000,460.000000,1,1,0,1
100000944,baseline,120.000000,160.000000,0,0,0,1
100000944,defense_vs_attack,220.000000,260.000000,1,1,0,1
100000944,defense_only,320.000000,360.000000,1,0,0,1
100000944,attack_only,420.000000,460.000000,0,1,0,1
100000947,defense_only,120.000000,160.000000,1,0,0,1
100000947,defense_vs_attack,220.000000,260.000000,1,1,0,1
100000947,attack_only,320.000000,360.000000,0,1,0,1
100000947,baseline,420.000000,460.000000,0,0,0,1
100000951,defense_vs_attack,120.000000,160.000000,1,1,0,1
100000951,defense_only,220.000000,260.000000,1,0,0,1
100000951,attack_only,320.000000,360.000000,0,1,0,1
100000951,baseline,420.000000,460.000000,0,0,0,1
100000952,attack_only,120.000000,160.000000,0,1,1,1
100000952,defense_only,220.000000,260.000000,1,0,1,1
100000952,baseline,320.000000,360.000000,0,0,1,1
100000952,defense_vs_attack,420.000000,460.000000,1,1,0,1
100000960,defense_vs_attack,120.000000,160.000000,1,1,0,1
100000960,attack_only,220.000000,260.000000,0,1,0,1
100000960,baseline,320.000000,360.000000,0,0,0,1
100000960,defense_only,420.000000,460.000000,1,0,0,1
100000957,baseline,120.000000,160.000000,0,0,0,1
100000957,defense_only,220.000000,260.000000,1,0,0,1
100000957,defense_vs_attack,320.000000,360.000000,1,1,0,1
100000957,attack_only,420.000000,460.000000,0,1,0,1
100000958,attack_only,120.000000,160.000000,0,1,0,1
100000958,baseline,220.000000,260.000000,0,0,0,1
100000958,defense_only,320.000000,360.000000,1,0,0,1
100000958,defense_vs_attack,420.000000,460.000000,1,1,0,1
100000962,defense_only,120.000000,160.000000,1,0,0,1
100000962,baseline,220.000000,260.000000,0,0,0,1
100000962,defense_vs_attack,320.000000,360.000000,1,1,0,1
100000962,attack_only,420.000000,460.000000,0,1,0,1
100000974,attack_only,120.000000,160.000000,0,1,0,1
100000974,baseline,220.000000,260.000000,0,0,0,1
100000974,defense_vs_attack,320.000000,360.000000,1,1,0,1
100000974,defense_only,420.000000,460.000000,1,0,0,1
100000977,defense_only,120.000000,160.000000,1,0,0,1
100000977,defense_vs_attack,220.000000,260.000000,1,1,0,1
100000977,attack_only,320.000000,360.000000,0,1,0,1
100000977,baseline,420.000000,460.000000,0,0,0,1
100000981,baseline,120.000000,160.000000,0,0,0,1
100000981,defense_only,220.000000,260.000000,1,0,0,1
100000981,attack_only,320.000000,360.000000,0,1,0,1
100000981,defense_vs_attack,420.000000,460.000000,1,1,0,1
100000978,baseline,120.000000,160.000000,0,0,0,1
100000978,defense_vs_attack,220.000000,260.000000,1,1,0,1
100000978,defense_only,320.000000,360.000000,1,0,0,1
100000978,attack_only,420.000000,460.000000,0,1,1,1
100000985,baseline,120.000000,160.000000,0,0,0,1
100000985,defense_only,220.000000,260.000000,1,0,1,1
100000985,attack_only,320.000000,360.000000,0,1,1,1
100000985,defense_vs_attack,420.000000,460.000000,1,1,0,1
100000987,defense_vs_attack,120.000000,160.000000,1,1,0,1
100000987,attack_only,220.000000,260.000000,0,1,0,1
100000987,baseline,320.000000,360.000000,0,0,0,1
100000987,defense_only,420.000000,460.000000,1,0,0,1
100000990,defense_only,120.000000,160.000000,1,0,0,1
100000990,defense_vs_attack,220.000000,260.000000,1,1,0,1
100000990,baseline,320.000000,360.000000,0,0,1,1
100000990,attack_only,420.000000,460.000000,0,1,1,1
100000991,baseline,120.000000,160.000000,0,0,0,1
100000991,attack_only,220.000000,260.000000,0,1,0,1
100000991,defense_only,320.000000,360.000000,1,0,0,1
100000991,defense_vs_attack,420.000000,460.000000,1,1,0,1
100001001,defense_only,120.000000,160.000000,1,0,0,1
100001001,defense_vs_attack,220.000000,260.000000,1,1,0,1
100001001,attack_only,320.000000,360.000000,0,1,0,1
100001001,baseline,420.000000,460.000000,0,0,0,1
100001002,attack_only,120.000000,160.000000,0,1,1,1
100001002,defense_only,220.000000,260.000000,1,0,1,1
100001002,defense_vs_attack,320.000000,360.000000,1,1,0,1
100001002,baseline,420.000000,460.000000,0,0,1,1
100001005,baseline,120.000000,160.000000,0,0,0,1
100001005,defense_only,220.000000,260.000000,1,0,0,1
100001005,attack_only,320.000000,360.000000,0,1,0,1
100001005,defense_vs_attack,420.000000,460.000000,1,1,0,1
100001003,baseline,120.000000,160.000000,0,0,0,1
100001003,defense_only,220.000000,260.000000,1,0,0,1
100001003,defense_vs_attack,320.000000,360.000000,1,1,0,1
100001003,attack_only,420.000000,460.000000,0,1,1,1
100001006,defense_vs_attack,120.000000,160.000000,1,1,0,1
100001006,baseline,220.000000,260.000000,0,0,1,1
100001006,attack_only,320.000000,360.000000,0,1,1,1
100001006,defense_only,420.000000,460.000000,1,0,1,1
100001008,attack_only,120.000000,160.000000,0,1,0,1
100001008,defense_vs_attack,220.000000,260.000000,1,1,0,1
100001008,defense_only,320.000000,360.000000,1,0,0,1
100001008,baseline,420.000000,460.000000,0,0,0,1
100001025,defense_vs_attack,120.000000,160.000000,1,1,0,1
100001025,attack_only,220.000000,260.000000,0,1,1,1
100001025,baseline,320.000000,360.000000,0,0,0,1
100001025,defense_only,420.000000,460.000000,1,0,0,1
100001029,baseline,120.000000,160.000000,0,0,0,1
100001029,attack_only,220.000000,260.000000,0,1,1,1
100001029,defense_only,320.000000,360.000000,1,0,0,1
100001029,defense_vs_attack,420.000000,460.000000,1,1,0,1
100001033,attack_only,120.000000,160.000000,0,1,0,1
100001033,defense_vs_attack,220.000000,260.000000,1,1,0,1
100001033,defense_only,320.000000,360.000000,1,0,0,1
100001033,baseline,420.000000,460.000000,0,0,0,1
100001040,attack_only,120.000000,160.000000,0,1,0,1
100001040,defense_only,220.000000,260.000000,1,0,0,1
100001040,baseline,320.000000,360.000000,0,0,0,1
100001040,defense_vs_attack,420.000000,460.000000,1,1,0,1
100001039,baseline,120.000000,160.000000,0,0,0,1
100001039,attack_only,220.000000,260.000000,0,1,0,1
100001039,defense_only,320.000000,360.000000,1,0,0,1
100001039,defense_vs_attack,420.000000,460.000000,1,1,0,1
100001037,defense_only,120.000000,160.000000,1,0,0,1
100001037,attack_only,220.000000,260.000000,0,1,0,1
100001037,defense_vs_attack,320.000000,360.000000,1,1,0,1
100001037,baseline,420.000000,460.000000,0,0,0,1
100001045,baseline,120.000000,160.000000,0,0,0,1
100001045,attack_only,220.000000,260.000000,0,1,1,1
100001045,defense_vs_attack,320.000000,360.000000,1,1,0,1
100001045,defense_only,420.000000,460.000000,1,0,0,1
100001048,defense_only,120.000000,160.000000,1,0,0,1
100001048,baseline,220.000000,260.000000,0,0,0,1
100001048,attack_only,320.000000,360.000000,0,1,0,1
100001048,defense_vs_attack,420.000000,460.000000,1,1,0,1
100001047,baseline,120.000000,160.000000,0,0,0,1
100001047,defense_only,220.000000,260.000000,1,0,0,1
100001047,defense_vs_attack,320.000000,360.000000,1,1,0,1
100001047,attack_only,420.000000,460.000000,0,1,0,1
100001050,attack_only,120.000000,160.000000,0,1,1,1
100001050,baseline,220.000000,260.000000,0,0,1,1
100001050,defense_only,320.000000,360.000000,1,0,1,1
100001050,defense_vs_attack,420.000000,460.000000,1,1,0,1
100001053,baseline,120.000000,160.000000,0,0,0,1
100001053,defense_only,220.000000,260.000000,1,0,0,1
100001053,defense_vs_attack,320.000000,360.000000,1,1,0,1
100001053,attack_only,420.000000,460.000000,0,1,1,1
100001056,baseline,120.000000,160.000000,0,0,0,1
100001056,defense_only,220.000000,260.000000,1,0,1,1
100001056,attack_only,320.000000,360.000000,0,1,1,1
100001056,defense_vs_attack,420.000000,460.000000,1,1,0,1
100001057,attack_only,120.000000,160.000000,0,1,0,1
100001057,defense_vs_attack,220.000000,260.000000,1,1,0,1
100001057,baseline,320.000000,360.000000,0,0,0,1
100001057,defense_only,420.000000,460.000000,1,0,0,1
100001063,baseline,120.000000,160.000000,0,0,0,1
100001063,defense_only,220.000000,260.000000,1,0,0,1
100001063,attack_only,320.000000,360.000000,0,1,0,1
100001063,defense_vs_attack,420.000000,460.000000,1,1,0,1
100001070,attack_only,120.000000,160.000000,0,1,0,1
100001070,defense_only,220.000000,260.000000,1,0,0,1
100001070,defense_vs_attack,320.000000,360.000000,1,1,0,1
100001070,baseline,420.000000,460.000000,0,0,0,1
100001071,defense_vs_attack,120.000000,160.000000,1,1,0,1
100001071,defense_only,220.000000,260.000000,1,0,1,1
100001071,baseline,320.000000,360.000000,0,0,1,1
100001071,attack_only,420.000000,460.000000,0,1,1,1
100001073,baseline,120.000000,160.000000,0,0,0,1
100001073,defense_only,220.000000,260.000000,1,0,0,1
100001073,attack_only,320.000000,360.000000,0,1,0,1
100001073,defense_vs_attack,420.000000,460.000000,1,1,0,1
100001072,baseline,120.000000,160.000000,0,0,0,1
100001072,defense_only,220.000000,260.000000,1,0,0,1
100001072,attack_only,320.000000,360.000000,0,1,0,1
100001072,defense_vs_attack,420.000000,460.000000,1,1,0,1
100001086,attack_only,120.000000,160.000000,0,1,1,1
100001086,baseline,220.000000,260.000000,0,0,0,1
100001086,defense_vs_attack,320.000000,360.000000,1,1,0,1
100001086,defense_only,420.000000,460.000000,1,0,1,1
100001084,defense_vs_attack,120.000000,160.000000,1,1,0,1
100001084,defense_only,220.000000,260.000000,1,0,0,1
100001084,attack_only,320.000000,360.000000,0,1,0,1
100001084,baseline,420.000000,460.000000,0,0,0,1
100001091,defense_vs_attack,120.000000,160.000000,1,1,0,1
100001091,defense_only,220.000000,260.000000,1,0,1,1
100001091,attack_only,320.000000,360.000000,0,1,1,1
100001091,baseline,420.000000,460.000000,0,0,1,1
100001094,baseline,120.000000,160.000000,0,0,0,1
100001094,attack_only,220.000000,260.000000,0,1,0,1
100001094,defense_vs_attack,320.000000,360.000000,1,1,0,1
100001094,defense_only,420.000000,460.000000,1,0,0,1
100001100,defense_vs_attack,120.000000,160.000000,1,1,0,1
100001100,attack_only,220.000000,260.000000,0,1,1,1
100001100,baseline,320.000000,360.000000,0,0,1,1
100001100,defense_only,420.000000,460.000000,1,0,1,1
100001102,attack_only,120.000000,160.000000,0,1,0,1
100001102,baseline,220.000000,260.000000,0,0,0,1
100001102,defense_only,320.000000,360.000000,1,0,0,1
100001102,defense_vs_attack,420.000000,460.000000,1,1,0,1
100001107,attack_only,120.000000,160.000000,0,1,0,1
100001107,baseline,220.000000,260.000000,0,0,0,1
100001107,defense_only,320.000000,360.000000,1,0,0,1
100001107,defense_vs_attack,420.000000,460.000000,1,1,0,1
100001121,attack_only,120.000000,160.000000,0,1,0,1
100001121,defense_vs_attack,220.000000,260.000000,1,1,0,1
100001121,defense_only,320.000000,360.000000,1,0,0,1
100001121,baseline,420.000000,460.000000,0,0,0,1
100001119,baseline,120.000000,160.000000,0,0,0,1
100001119,defense_only,220.000000,260.000000,1,0,0,1
100001119,defense_vs_attack,320.000000,360.000000,1,1,0,1
100001119,attack_only,420.000000,460.000000,0,1,1,1
100001124,defense_only,120.000000,160.000000,1,0,0,1
100001124,attack_only,220.000000,260.000000,0,1,0,1
100001124,defense_vs_attack,320.000000,360.000000,1,1,0,1
100001124,baseline,420.000000,460.000000,0,0,1,1
100001128,attack_only,120.000000,160.000000,0,1,1,1
100001128,defense_vs_attack,220.000000,260.000000,1,1,0,1
100001128,baseline,320.000000,360.000000,0,0,1,1
100001128,defense_only,420.000000,460.000000,1,0,1,1
100001136,baseline,120.000000,160.000000,0,0,0,1
100001136,attack_only,220.000000,260.000000,0,1,0,1
100001136,defense_vs_attack,320.000000,360.000000,1,1,0,1
100001136,defense_only,420.000000,460.000000,1,0,0,1
100001134,attack_only,120.000000,160.000000,0,1,1,1
100001134,defense_only,220.000000,260.000000,1,0,0,1
100001134,baseline,320.000000,360.000000,0,0,0,1
100001134,defense_vs_attack,420.000000,460.000000,1,1,0,1
100001139,defense_only,120.000000,160.000000,1,0,0,1
100001139,attack_only,220.000000,260.000000,0,1,1,1
100001139,defense_vs_attack,320.000000,360.000000,1,1,0,1
100001139,baseline,420.000000,460.000000,0,0,0,1
100001142,baseline,120.000000,160.000000,0,0,0,1
100001142,defense_vs_attack,220.000000,260.000000,1,1,0,1
100001142,defense_only,320.000000,360.000000,1,0,0,1
100001142,attack_only,420.000000,460.000000,0,1,0,1
100001154,baseline,120.000000,160.000000,0,0,0,1
100001154,defense_only,220.000000,260.000000,1,0,0,1
100001154,attack_only,320.000000,360.000000,0,1,0,1
100001154,defense_vs_attack,420.000000,460.000000,1,1,0,1
100001153,defense_vs_attack,120.000000,160.000000,1,1,0,1
100001153,attack_only,220.000000,260.000000,0,1,0,1
100001153,baseline,320.000000,360.000000,0,0,0,1
100001153,defense_only,420.000000,460.000000,1,0,0,1
100001157,defense_only,120.000000,160.000000,1,0,0,1
100001157,defense_vs_attack,220.000000,260.000000,1,1,0,1
100001157,baseline,320.000000,360.000000,0,0,0,1
100001157,attack_only,420.000000,460.000000,0,1,0,1
100001155,defense_only,120.000000,160.000000,1,0,0,1
100001155,attack_only,220.000000,260.000000,0,1,0,1
100001155,defense_vs_attack,320.000000,360.000000,1,1,0,1
100001155,baseline,420.000000,460.000000,0,0,0,1
100001166,defense_only,120.000000,160.000000,1,0,1,1
100001166,attack_only,220.000000,260.000000,0,1,1,1
100001166,baseline,320.000000,360.000000,0,0,1,1
100001166,defense_vs_attack,420.000000,460.000000,1,1,0,1
100001167,defense_only,120.000000,160.000000,1,0,0,1
100001167,baseline,220.000000,260.000000,0,0,0,1
100001167,attack_only,320.000000,360.000000,0,1,0,1
100001167,defense_vs_attack,420.000000,460.000000,1,1,0,1
100001171,attack_only,120.000000,160.000000,0,1,0,1
100001171,defense_vs_attack,220.000000,260.000000,1,1,0,1
100001171,defense_only,320.000000,360.000000,1,0,0,1
100001171,baseline,420.000000,460.000000,0,0,0,1
100001175,defense_vs_attack,120.000000,160.000000,1,1,0,1
100001175,baseline,220.000000,260.000000,0,0,0,1
100001175,defense_only,320.000000,360.000000,1,0,0,1
100001175,attack_only,420.000000,460.000000,0,1,1,1
100001180,attack_only,120.000000,160.000000,0,1,0,1
100001180,defense_only,220.000000,260.000000,1,0,0,1
100001180,baseline,320.000000,360.000000,0,0,0,1
100001180,defense_vs_attack,420.000000,460.000000,1,1,0,1
100001188,defense_only,120.000000,160.000000,1,0,0,1
100001188,defense_vs_attack,220.000000,260.000000,1,1,0,1
100001188,baseline,320.000000,360.000000,0,0,0,1
100001188,attack_only,420.000000,460.000000,0,1,0,1
100001189,defense_only,120.000000,160.000000,1,0,0,1
100001189,baseline,220.000000,260.000000,0,0,0,1
100001189,defense_vs_attack,320.000000,360.000000,1,1,0,1
100001189,attack_only,420.000000,460.000000,0,1,1,1
100001191,defense_vs_attack,120.000000,160.000000,1,1,0,1
100001191,baseline,220.000000,260.000000,0,0,0,1
100001191,defense_only,320.000000,360.000000,1,0,0,1
100001191,attack_only,420.000000,460.000000,0,1,0,1
100001195,attack_only,120.000000,160.000000,0,1,1,1
100001195,defense_vs_attack,220.000000,260.000000,1,1,0,1
100001195,baseline,320.000000,360.000000,0,0,1,1
100001195,defense_only,420.000000,460.000000,1,0,1,1
100001198,baseline,120.000000,160.000000,0,0,0,1
100001198,defense_only,220.000000,260.000000,1,0,0,1
100001198,defense_vs_attack,320.000000,360.000000,1,1,0,1
100001198,attack_only,420.000000,460.000000,0,1,0,1
100001200,defense_vs_attack,120.000000,160.000000,1,1,0,1
100001200,defense_only,220.000000,260.000000,1,0,0,1
100001200,baseline,320.000000,360.000000,0,0,0,1
100001200,attack_only,420.000000,460.000000,0,1,0,1
100001199,defense_only,120.000000,160.000000,1,0,0,1
100001199,defense_vs_attack,220.000000,260.000000,1,1,0,1
100001199,attack_only,320.000000,360.000000,0,1,1,1
100001199,baseline,420.000000,460.000000,0,0,1,1
100001204,defense_vs_attack,120.000000,160.000000,1,1,0,1
100001204,baseline,220.000000,260.000000,0,0,0,1
100001204,attack_only,320.000000,360.000000,0,1,0,1
100001204,defense_only,420.000000,460.000000,1,0,1,1
100001206,baseline,120.000000,160.000000,0,0,0,1
100001206,defense_only,220.000000,260.000000,1,0,0,1
100001206,defense_vs_attack,320.000000,360.000000,1,1,0,1
100001206,attack_only,420.000000,460.000000,0,1,1,1
100001208,attack_only,120.000000,160.000000,0,1,0,1
100001208,defense_vs_attack,220.000000,260.000000,1,1,0,1
100001208,baseline,320.000000,360.000000,0,0,0,1
100001208,defense_only,420.000000,460.000000,1,0,0,1
100001210,defense_only,120.000000,160.000000,1,0,0,1
100001210,baseline,220.000000,260.000000,0,0,0,1
100001210,defense_vs_attack,320.000000,360.000000,1,1,0,1
100001210,attack_only,420.000000,460.000000,0,1,0,1
100001213,defense_vs_attack,120.000000,160.000000,1,1,0,1
100001213,attack_only,220.000000,260.000000,0,1,0,1
100001213,baseline,320.000000,360.000000,0,0,0,1
100001213,defense_only,420.000000,460.000000,1,0,0,1
100001215,defense_vs_attack,120.000000,160.000000,1,1,0,1
100001215,baseline,220.000000,260.000000,0,0,0,1
100001215,attack_only,320.000000,360.000000,0,1,1,1
100001215,defense_only,420.000000,460.000000,1,0,0,1
100001214,baseline,120.000000,160.000000,0,0,1,1
100001214,defense_vs_attack,220.000000,260.000000,1,1,0,1
100001214,attack_only,320.000000,360.000000,0,1,1,1
100001214,defense_only,420.000000,460.000000,1,0,1,1
100001216,defense_vs_attack,120.000000,160.000000,1,1,0,1
100001216,defense_only,220.000000,260.000000,1,0,0,1
100001216,attack_only,320.000000,360.000000,0,1,1,1
100001216,baseline,420.000000,460.000000,0,0,1,1
100001224,defense_only,120.000000,160.000000,1,0,0,1
100001224,baseline,220.000000,260.000000,0,0,0,1
100001224,defense_vs_attack,320.000000,360.000000,1,1,0,1
100001224,attack_only,420.000000,460.000000,0,1,1,1
100001227,baseline,120.000000,160.000000,0,0,1,1
100001227,defense_only,220.000000,260.000000,1,0,1,1
100001227,defense_vs_attack,320.000000,360.000000,1,1,0,1
100001227,attack_only,420.000000,460.000000,0,1,1,1
100001228,defense_vs_attack,120.000000,160.000000,1,1,0,1
100001228,attack_only,220.000000,260.000000,0,1,0,1
100001228,baseline,320.000000,360.000000,0,0,0,1
100001228,defense_only,420.000000,460.000000,1,0,0,1
100001230,defense_vs_attack,120.000000,160.000000,1,1,0,1
100001230,attack_only,220.000000,260.000000,0,1,1,1
100001230,defense_only,320.000000,360.000000,1,0,1,1
100001230,baseline,420.000000,460.000000,0,0,1,1
100001231,baseline,120.000000,160.000000,0,0,0,1
100001231,defense_only,220.000000,260.000000,1,0,0,1
100001231,defense_vs_attack,320.000000,360.000000,1,1,0,1
100001231,attack_only,420.000000,460.000000,0,1,0,1
100001232,defense_vs_attack,120.000000,160.000000,1,1,0,1
100001232,defense_only,220.000000,260.000000,1,0,0,1
100001232,baseline,320.000000,360.000000,0,0,0,1
100001232,attack_only,420.000000,460.000000,0,1,0,1
100001245,defense_only,120.000000,160.000000,1,0,0,1
100001245,defense_vs_attack,220.000000,260.000000,1,1,0,1
100001245,baseline,320.000000,360.000000,0,0,0,1
100001245,attack_only,420.000000,460.000000,0,1,1,1
100001240,defense_only,120.000000,160.000000,1,0,0,1
100001240,attack_only,220.000000,260.000000,0,1,0,1
100001240,defense_vs_attack,320.000000,360.000000,1,1,0,1
100001240,baseline,420.000000,460.000000,0,0,0,1
100001242,attack_only,120.000000,160.000000,0,1,1,1
100001242,baseline,220.000000,260.000000,0,0,1,1
100001242,defense_only,320.000000,360.000000,1,0,1,1
100001242,defense_vs_attack,420.000000,460.000000,1,1,0,1
100001247,baseline,120.000000,160.000000,0,0,0,1
100001247,defense_only,220.000000,260.000000,1,0,0,1
100001247,defense_vs_attack,320.000000,360.000000,1,1,0,1
100001247,attack_only,420.000000,460.000000,0,1,1,1
100001244,defense_only,120.000000,160.000000,1,0,0,1
100001244,defense_vs_attack,220.000000,260.000000,1,1,0,1
100001244,baseline,320.000000,360.000000,0,0,0,1
100001244,attack_only,420.000000,460.000000,0,1,0,1
100001249,defense_only,120.000000,160.000000,1,0,0,1
100001249,attack_only,220.000000,260.000000,0,1,0,1
100001249,baseline,320.000000,360.000000,0,0,0,1
100001249,defense_vs_attack,420.000000,460.000000,1,1,0,1
100001248,defense_vs_attack,120.000000,160.000000,1,1,0,1
100001248,defense_only,220.000000,260.000000,1,0,0,1
100001248,attack_only,320.000000,360.000000,0,1,0,1
100001248,baseline,420.000000,460.000000,0,0,0,1
100001253,defense_only,120.000000,160.000000,1,0,0,1
100001253,baseline,220.000000,260.000000,0,0,0,1
100001253,attack_only,320.000000,360.000000,0,1,0,1
100001253,defense_vs_attack,420.000000,460.000000,1,1,0,1
100001251,defense_vs_attack,120.000000,160.000000,1,1,0,1
100001251,baseline,220.000000,260.000000,0,0,0,1
100001251,attack_only,320.000000,360.000000,0,1,1,1
100001251,defense_only,420.000000,460.000000,1,0,0,1
100001255,attack_only,120.000000,160.000000,0,1,0,1
100001255,defense_only,220.000000,260.000000,1,0,0,1
100001255,baseline,320.000000,360.000000,0,0,0,1
100001255,defense_vs_attack,420.000000,460.000000,1,1,0,1
100001257,defense_only,120.000000,160.000000,1,0,0,1
100001257,attack_only,220.000000,260.000000,0,1,0,1
100001257,baseline,320.000000,360.000000,0,0,0,1
100001257,defense_vs_attack,420.000000,460.000000,1,1,0,1
100001259,baseline,120.000000,160.000000,0,0,0,1
100001259,defense_vs_attack,220.000000,260.000000,1,1,0,1
100001259,attack_only,320.000000,360.000000,0,1,1,1
100001259,defense_only,420.000000,460.000000,1,0,1,1
100001260,attack_only,120.000000,160.000000,0,1,0,1
100001260,defense_vs_attack,220.000000,260.000000,1,1,0,1
100001260,defense_only,320.000000,360.000000,1,0,0,1
100001260,baseline,420.000000,460.000000,0,0,0,1
100001263,baseline,120.000000,160.000000,0,0,0,1
100001263,defense_vs_attack,220.000000,260.000000,1,1,0,1
100001263,attack_only,320.000000,360.000000,0,1,0,1
100001263,defense_only,420.000000,460.000000,1,0,0,1
100001267,defense_vs_attack,120.000000,160.000000,1,1,0,1
100001267,defense_only,220.000000,260.000000,1,0,0,1
100001267,attack_only,320.000000,360.000000,0,1,0,1
100001267,baseline,420.000000,460.000000,0,0,0,1
100001264,defense_vs_attack,120.000000,160.000000,1,1,0,1
100001264,baseline,220.000000,260.000000,0,0,1,1
100001264,attack_only,320.000000,360.000000,0,1,1,1
100001264,defense_only,420.000000,460.000000,1,0,1,1
100001268,attack_only,120.000000,160.000000,0,1,0,1
100001268,defense_only,220.000000,260.000000,1,0,0,1
100001268,defense_vs_attack,320.000000,360.000000,1,1,0,1
100001268,baseline,420.000000,460.000000,0,0,0,1
100001269,defense_only,120.000000,160.000000,1,0,0,1
100001269,attack_only,220.000000,260.000000,0,1,0,1
100001269,defense_vs_attack,320.000000,360.000000,1,1,0,1
100001269,baseline,420.000000,460.000000,0,0,0,1
100001270,attack_only,120.000000,160.000000,0,1,1,1
100001270,defense_only,220.000000,260.000000,1,0,0,1
100001270,defense_vs_attack,320.000000,360.000000,1,1,0,1
100001270,baseline,420.000000,460.000000,0,0,1,1
100001273,defense_only,120.000000,160.000000,1,0,1,1
100001273,attack_only,220.000000,260.000000,0,1,1,1
100001273,defense_vs_attack,320.000000,360.000000,1,1,0,1
100001273,baseline,420.000000,460.000000,0,0,1,1
100001278,baseline,120.000000,160.000000,0,0,0,1
100001278,defense_only,220.000000,260.000000,1,0,0,1
100001278,defense_vs_attack,320.000000,360.000000,1,1,0,1
100001278,attack_only,420.000000,460.000000,0,1,0,1
100001280,defense_vs_attack,120.000000,160.000000,1,1,0,1
100001280,baseline,220.000000,260.000000,0,0,1,1
100001280,attack_only,320.000000,360.000000,0,1,1,1
100001280,defense_only,420.000000,460.000000,1,0,1,1
100001279,defense_vs_attack,120.000000,160.000000,1,1,0,1
100001279,defense_only,220.000000,260.000000,1,0,0,1
100001279,baseline,320.000000,360.000000,0,0,0,1
100001279,attack_only,420.000000,460.000000,0,1,0,1
100001282,baseline,120.000000,160.000000,0,0,0,1
100001282,attack_only,220.000000,260.000000,0,1,0,1
100001282,defense_vs_attack,320.000000,360.000000,1,1,0,1
100001282,defense_only,420.000000,460.000000,1,0,0,1
100001283,attack_only,120.000000,160.000000,0,1,1,1
100001283,defense_only,220.000000,260.000000,1,0,0,1
100001283,baseline,320.000000,360.000000,0,0,0,1
100001283,defense_vs_attack,420.000000,460.000000,1,1,0,1
100001287,baseline,120.000000,160.000000,0,0,0,1
100001287,defense_only,220.000000,260.000000,1,0,1,1
100001287,defense_vs_attack,320.000000,360.000000,1,1,0,1
100001287,attack_only,420.000000,460.000000,0,1,1,1
100001290,defense_vs_attack,120.000000,160.000000,1,1,0,1
100001290,attack_only,220.000000,260.000000,0,1,1,1
100001290,defense_only,320.000000,360.000000,1,0,0,1
100001290,baseline,420.000000,460.000000,0,0,0,1
100001291,baseline,120.000000,160.000000,0,0,0,1
100001291,defense_only,220.000000,260.000000,1,0,0,1
100001291,attack_only,320.000000,360.000000,0,1,0,1
100001291,defense_vs_attack,420.000000,460.000000,1,1,0,1
100001293,baseline,120.000000,160.000000,0,0,0,1
100001293,defense_only,220.000000,260.000000,1,0,0,1
100001293,attack_only,320.000000,360.000000,0,1,0,1
100001293,defense_vs_attack,420.000000,460.000000,1,1,0,1
100001292,defense_vs_attack,120.000000,160.000000,1,1,0,1
100001292,defense_only,220.000000,260.000000,1,0,1,1
100001292,attack_only,320.000000,360.000000,0,1,1,1
100001292,baseline,420.000000,460.000000,0,0,1,1
100001296,defense_vs_attack,120.000000,160.000000,1,1,0,1
100001296,defense_only,220.000000,260.000000,1,0,0,1
100001296,baseline,320.000000,360.000000,0,0,0,1
100001296,attack_only,420.000000,460.000000,0,1,1,1
100001294,defense_vs_attack,120.000000,160.000000,1,1,0,1
100001294,defense_only,220.000000,260.000000,1,0,0,1
100001294,attack_only,320.000000,360.000000,0,1,1,1
100001294,baseline,420.000000,460.000000,0,0,0,1
100001298,baseline,120.000000,160.000000,0,0,1,1
100001298,defense_vs_attack,220.000000,260.000000,1,1,0,1
100001298,defense_only,320.000000,360.000000,1,0,1,1
100001298,attack_only,420.000000,460.000000,0,1,1,1
100001301,defense_only,120.000000,160.000000,1,0,0,1
100001301,baseline,220.000000,260.000000,0,0,0,1
100001301,attack_only,320.000000,360.000000,0,1,1,1
100001301,defense_vs_attack,420.000000,460.000000,1,1,0,1
100001300,attack_only,120.000000,160.000000,0,1,1,1
100001300,defense_vs_attack,220.000000,260.000000,1,1,0,1
100001300,defense_only,320.000000,360.000000,1,0,1,1
100001300,baseline,420.000000,460.000000,0,0,1,1
100001302,defense_vs_attack,120.000000,160.000000,1,1,0,1
100001302,defense_only,220.000000,260.000000,1,0,0,1
100001302,baseline,320.000000,360.000000,0,0,0,1
100001302,attack_only,420.000000,460.000000,0,1,1,1
100001303,baseline,120.000000,160.000000,0,0,0,1
100001303,defense_vs_attack,220.000000,260.000000,1,1,0,1
100001303,attack_only,320.000000,360.000000,0,1,0,1
100001303,defense_only,420.000000,460.000000,1,0,0,1
100001304,defense_vs_attack,120.000000,160.000000,1,1,0,1
100001304,defense_only,220.000000,260.000000,1,0,0,1
100001304,attack_only,320.000000,360.000000,0,1,1,1
100001304,baseline,420.000000,460.000000,0,0,0,1
100001307,attack_only,120.000000,160.000000,0,1,1,1
100001307,defense_only,220.000000,260.000000,1,0,0,1
100001307,baseline,320.000000,360.000000,0,0,0,1
100001307,defense_vs_attack,420.000000,460.000000,1,1,0,1
100001306,defense_vs_attack,120.000000,160.000000,1,1,0,1
100001306,defense_only,220.000000,260.000000,1,0,0,1
100001306,baseline,320.000000,360.000000,0,0,0,1
100001306,attack_only,420.000000,460.000000,0,1,0,1
100001308,baseline,120.000000,160.000000,0,0,0,1
100001308,defense_only,220.000000,260.000000,1,0,0,1
100001308,attack_only,320.000000,360.000000,0,1,0,1
100001308,defense_vs_attack,420.000000,460.000000,1,1,0,1
100001316,defense_only,120.000000,160.000000,1,0,0,1
100001316,baseline,220.000000,260.000000,0,0,0,1
100001316,attack_only,320.000000,360.000000,0,1,0,1
100001316,defense_vs_attack,420.000000,460.000000,1,1,0,1
100001322,baseline,120.000000,160.000000,0,0,1,1
100001322,defense_vs_attack,220.000000,260.000000,1,1,0,1
100001322,defense_only,320.000000,360.000000,1,0,1,1
100001322,attack_only,420.000000,460.000000,0,1,1,1
100001325,defense_vs_attack,120.000000,160.000000,1,1,0,1
100001325,attack_only,220.000000,260.000000,0,1,0,1
100001325,baseline,320.000000,360.000000,0,0,0,1
100001325,defense_only,420.000000,460.000000,1,0,0,1
100001324,defense_only,120.000000,160.000000,1,0,0,1
100001324,attack_only,220.000000,260.000000,0,1,1,1
100001324,defense_vs_attack,320.000000,360.000000,1,1,0,1
100001324,baseline,420.000000,460.000000,0,0,0,1
100001321,baseline,120.000000,160.000000,0,0,0,1
100001321,attack_only,220.000000,260.000000,0,1,0,1
100001321,defense_vs_attack,320.000000,360.000000,1,1,0,1
100001321,defense_only,420.000000,460.000000,1,0,1,1
100001330,attack_only,120.000000,160.000000,0,1,0,1
100001330,defense_only,220.000000,260.000000,1,0,0,1
100001330,defense_vs_attack,320.000000,360.000000,1,1,0,1
100001330,baseline,420.000000,460.000000,0,0,0,1
100001331,defense_vs_attack,120.000000,160.000000,1,1,0,1
100001331,attack_only,220.000000,260.000000,0,1,0,1
100001331,defense_only,320.000000,360.000000,1,0,0,1
100001331,baseline,420.000000,460.000000,0,0,0,1
100001332,attack_only,120.000000,160.000000,0,1,0,1
100001332,baseline,220.000000,260.000000,0,0,0,1
100001332,defense_only,320.000000,360.000000,1,0,0,1
100001332,defense_vs_attack,420.000000,460.000000,1,1,0,1
100001336,defense_only,120.000000,160.000000,1,0,0,1
100001336,baseline,220.000000,260.000000,0,0,0,1
100001336,defense_vs_attack,320.000000,360.000000,1,1,0,1
100001336,attack_only,420.000000,460.000000,0,1,0,1
100001339,defense_only,120.000000,160.000000,1,0,0,1
100001339,defense_vs_attack,220.000000,260.000000,1,1,0,1
100001339,baseline,320.000000,360.000000,0,0,0,1
100001339,attack_only,420.000000,460.000000,0,1,0,1
100001340,attack_only,120.000000,160.000000,0,1,0,1
100001340,defense_vs_attack,220.000000,260.000000,1,1,0,1
100001340,baseline,320.000000,360.000000,0,0,0,1
100001340,defense_only,420.000000,460.000000,1,0,0,1
100001346,attack_only,120.000000,160.000000,0,1,1,1
100001346,baseline,220.000000,260.000000,0,0,0,1
100001346,defense_vs_attack,320.000000,360.000000,1,1,0,1
100001346,defense_only,420.000000,460.000000,1,0,0,1
100001347,defense_only,120.000000,160.000000,1,0,0,1
100001347,baseline,220.000000,260.000000,0,0,0,1
100001347,attack_only,320.000000,360.000000,0,1,1,1
100001347,defense_vs_attack,420.000000,460.000000,1,1,0,1
100001349,defense_only,120.000000,160.000000,1,0,0,1
100001349,defense_vs_attack,220.000000,260.000000,1,1,0,1
100001349,attack_only,320.000000,360.000000,0,1,0,1
100001349,baseline,420.000000,460.000000,0,0,0,1
100001358,defense_vs_attack,120.000000,160.000000,1,1,0,1
100001358,defense_only,220.000000,260.000000,1,0,1,1
100001358,baseline,320.000000,360.000000,0,0,1,1
100001358,attack_only,420.000000,460.000000,0,1,1,1
100001359,baseline,120.000000,160.000000,0,0,0,1
100001359,defense_vs_attack,220.000000,260.000000,1,1,0,1
100001359,attack_only,320.000000,360.000000,0,1,0,1
100001359,defense_only,420.000000,460.000000,1,0,0,1
100001363,defense_only,120.000000,160.000000,1,0,0,1
100001363,defense_vs_attack,220.000000,260.000000,1,1,0,1
100001363,baseline,320.000000,360.000000,0,0,0,1
100001363,attack_only,420.000000,460.000000,0,1,0,1
100001362,defense_vs_attack,120.000000,160.000000,1,1,0,1
100001362,attack_only,220.000000,260.000000,0,1,0,1
100001362,baseline,320.000000,360.000000,0,0,0,1
100001362,defense_only,420.000000,460.000000,1,0,1,1
100001367,defense_vs_attack,120.000000,160.000000,1,1,0,1
100001367,attack_only,220.000000,260.000000,0,1,0,1
100001367,defense_only,320.000000,360.000000,1,0,0,1
100001367,baseline,420.000000,460.000000,0,0,0,1
100001375,attack_only,120.000000,160.000000,0,1,1,1
100001375,baseline,220.000000,260.000000,0,0,1,1
100001375,defense_vs_attack,320.000000,360.000000,1,1,0,1
100001375,defense_only,420.000000,460.000000,1,0,1,1
100001376,defense_only,120.000000,160.000000,1,0,0,1
100001376,baseline,220.000000,260.000000,0,0,0,1
100001376,attack_only,320.000000,360.000000,0,1,0,1
100001376,defense_vs_attack,420.000000,460.000000,1,1,0,1
100001380,defense_vs_attack,120.000000,160.000000,1,1,0,1
100001380,attack_only,220.000000,260.000000,0,1,1,1
100001380,defense_only,320.000000,360.000000,1,0,0,1
100001380,baseline,420.000000,460.000000,0,0,0,1
100001382,baseline,120.000000,160.000000,0,0,0,1
100001382,defense_vs_attack,220.000000,260.000000,1,1,0,1
100001382,attack_only,320.000000,360.000000,0,1,0,1
100001382,defense_only,420.000000,460.000000,1,0,0,1
100001386,defense_only,120.000000,160.000000,1,0,0,1
100001386,attack_only,220.000000,260.000000,0,1,0,1
100001386,baseline,320.000000,360.000000,0,0,0,1
100001386,defense_vs_attack,420.000000,460.000000,1,1,0,1
100001388,baseline,120.000000,160.000000,0,0,1,1
100001388,defense_only,220.000000,260.000000,1,0,1,1
100001388,attack_only,320.000000,360.000000,0,1,1,1
100001388,defense_vs_attack,420.000000,460.000000,1,1,0,1
100001389,defense_only,120.000000,160.000000,1,0,0,1
100001389,attack_only,220.000000,260.000000,0,1,0,1
100001389,baseline,320.000000,360.000000,0,0,0,1
100001389,defense_vs_attack,420.000000,460.000000,1,1,0,1
100001391,attack_only,120.000000,160.000000,0,1,0,1
100001391,baseline,220.000000,260.000000,0,0,0,1
100001391,defense_vs_attack,320.000000,360.000000,1,1,0,1
100001391,defense_only,420.000000,460.000000,1,0,0,1
100001392,defense_only,120.000000,160.000000,1,0,0,1
100001392,attack_only,220.000000,260.000000,0,1,0,1
100001392,defense_vs_attack,320.000000,360.000000,1,1,0,1
100001392,baseline,420.000000,460.000000,0,0,0,1
100001395,attack_only,120.000000,160.000000,0,1,0,1
100001395,defense_vs_attack,220.000000,260.000000,1,1,0,1
100001395,baseline,320.000000,360.000000,0,0,0,1
100001395,defense_only,420.000000,460.000000,1,0,0,1
100001400,attack_only,120.000000,160.000000,0,1,1,1
100001400,defense_vs_attack,220.000000,260.000000,1,1,0,1
100001400,defense_only,320.000000,360.000000,1,0,1,1
100001400,baseline,420.000000,460.000000,0,0,1,1
100001401,baseline,120.000000,160.000000,0,0,0,1
100001401,attack_only,220.000000,260.000000,0,1,0,1
100001401,defense_vs_attack,320.000000,360.000000,1,1,0,1
100001401,defense_only,420.000000,460.000000,1,0,0,1
100001413,defense_vs_attack,120.000000,160.000000,1,1,1,1
100001413,baseline,220.000000,260.000000,0,0,0,1
100001413,defense_only,320.000000,360.000000,1,0,0,1
100001413,attack_only,420.000000,460.000000,0,1,1,1
100001412,defense_vs_attack,120.000000,160.000000,1,1,0,1
100001412,attack_only,220.000000,260.000000,0,1,0,1
100001412,defense_only,320.000000,360.000000,1,0,0,1
100001412,baseline,420.000000,460.000000,0,0,0,1
100001411,defense_only,120.000000,160.000000,1,0,1,1
100001411,attack_only,220.000000,260.000000,0,1,1,1
100001411,defense_vs_attack,320.000000,360.000000,1,1,0,1
100001411,baseline,420.000000,460.000000,0,0,0,1
100001418,defense_only,120.000000,160.000000,1,0,0,1
100001418,attack_only,220.000000,260.000000,0,1,0,1
100001418,baseline,320.000000,360.000000,0,0,0,1
100001418,defense_vs_attack,420.000000,460.000000,1,1,0,1
100001429,defense_only,120.000000,160.000000,1,0,0,1
100001429,attack_only,220.000000,260.000000,0,1,0,1
100001429,baseline,320.000000,360.000000,0,0,0,1
100001429,defense_vs_attack,420.000000,460.000000,1,1,0,1
100001428,baseline,120.000000,160.000000,0,0,0,1
100001428,defense_only,220.000000,260.000000,1,0,0,1
100001428,defense_vs_attack,320.000000,360.000000,1,1,0,1
100001428,attack_only,420.000000,460.000000,0,1,0,1
100001430,defense_only,120.000000,160.000000,1,0,0,1
100001430,attack_only,220.000000,260.000000,0,1,0,1
100001430,defense_vs_attack,320.000000,360.000000,1,1,0,1
100001430,baseline,420.000000,460.000000,0,0,0,1
100001434,baseline,120.000000,160.000000,0,0,0,1
100001434,attack_only,220.000000,260.000000,0,1,0,1
100001434,defense_only,320.000000,360.000000,1,0,0,1
100001434,defense_vs_attack,420.000000,460.000000,1,1,0,1
100001435,baseline,120.000000,160.000000,0,0,0,1
100001435,attack_only,220.000000,260.000000,0,1,0,1
100001435,defense_vs_attack,320.000000,360.000000,1,1,0,1
100001435,defense_only,420.000000,460.000000,1,0,0,1
100001437,attack_only,120.000000,160.000000,0,1,0,1
100001437,defense_only,220.000000,260.000000,1,0,0,1
100001437,defense_vs_attack,320.000000,360.000000,1,1,0,1
100001437,baseline,420.000000,460.000000,0,0,0,1
100001439,attack_only,120.000000,160.000000,0,1,1,1
100001439,defense_vs_attack,220.000000,260.000000,1,1,0,1
100001439,baseline,320.000000,360.000000,0,0,1,1
100001439,defense_only,420.000000,460.000000,1,0,1,1
100001440,attack_only,120.000000,160.000000,0,1,0,1
100001440,defense_only,220.000000,260.000000,1,0,0,1
100001440,defense_vs_attack,320.000000,360.000000,1,1,0,1
100001440,baseline,420.000000,460.000000,0,0,0,1
100001443,attack_only,120.000000,160.000000,0,1,1,1
100001443,baseline,220.000000,260.000000,0,0,0,1
100001443,defense_only,320.000000,360.000000,1,0,1,1
100001443,defense_vs_attack,420.000000,460.000000,1,1,0,1
100001449,defense_vs_attack,120.000000,160.000000,1,1,0,1
100001449,attack_only,220.000000,260.000000,0,1,0,1
100001449,defense_only,320.000000,360.000000,1,0,0,1
100001449,baseline,420.000000,460.000000,0,0,0,1
100001452,defense_only,120.000000,160.000000,1,0,0,1
100001452,baseline,220.000000,260.000000,0,0,0,1
100001452,defense_vs_attack,320.000000,360.000000,1,1,0,1
100001452,attack_only,420.000000,460.000000,0,1,0,1
100001451,attack_only,120.000000,160.000000,0,1,0,1
100001451,defense_only,220.000000,260.000000,1,0,0,1
100001451,baseline,320.000000,360.000000,0,0,0,1
100001451,defense_vs_attack,420.000000,460.000000,1,1,0,1
100001448,defense_only,120.000000,160.000000,1,0,1,1
100001448,baseline,220.000000,260.000000,0,0,1,1
100001448,defense_vs_attack,320.000000,360.000000,1,1,0,1
100001448,attack_only,420.000000,460.000000,0,1,1,1
100001455,attack_only,120.000000,160.000000,0,1,0,1
100001455,baseline,220.000000,260.000000,0,0,0,1
100001455,defense_vs_attack,320.000000,360.000000,1,1,0,1
100001455,defense_only,420.000000,460.000000,1,0,0,1
100001457,defense_vs_attack,120.000000,160.000000,1,1,0,1
100001457,attack_only,220.000000,260.000000,0,1,0,1
100001457,baseline,320.000000,360.000000,0,0,0,1
100001457,defense_only,420.000000,460.000000,1,0,0,1
100001458,baseline,120.000000,160.000000,0,0,0,1
100001458,defense_only,220.000000,260.000000,1,0,0,1
100001458,defense_vs_attack,320.000000,360.000000,1,1,0,1
100001458,attack_only,420.000000,460.000000,0,1,1,1
100001476,defense_only,120.000000,160.000000,1,0,1,1
100001476,defense_vs_attack,220.000000,260.000000,1,1,0,1
100001476,attack_only,320.000000,360.000000,0,1,1,1
100001476,baseline,420.000000,460.000000,0,0,1,1
100001475,defense_vs_attack,120.000000,160.000000,1,1,0,1
100001475,defense_only,220.000000,260.000000,1,0,1,1
100001475,attack_only,320.000000,360.000000,0,1,1,1
100001475,baseline,420.000000,460.000000,0,0,1,1
100001474,baseline,120.000000,160.000000,0,0,0,1
100001474,defense_vs_attack,220.000000,260.000000,1,1,0,1
100001474,defense_only,320.000000,360.000000,1,0,0,1
100001474,attack_only,420.000000,460.000000,0,1,1,1
100001484,defense_vs_attack,120.000000,160.000000,1,1,0,1
100001484,attack_only,220.000000,260.000000,0,1,1,1
100001484,baseline,320.000000,360.000000,0,0,1,1
100001484,defense_only,420.000000,460.000000,1,0,1,1
100001483,baseline,120.000000,160.000000,0,0,0,1
100001483,defense_vs_attack,220.000000,260.000000,1,1,0,1
100001483,defense_only,320.000000,360.000000,1,0,1,1
100001483,attack_only,420.000000,460.000000,0,1,1,1
100001487,baseline,120.000000,160.000000,0,0,0,1
100001487,defense_only,220.000000,260.000000,1,0,0,1
100001487,attack_only,320.000000,360.000000,0,1,0,1
100001487,defense_vs_attack,420.000000,460.000000,1,1,0,1
100001489,defense_vs_attack,120.000000,160.000000,1,1,0,1
100001489,attack_only,220.000000,260.000000,0,1,0,1
100001489,baseline,320.000000,360.000000,0,0,0,1
100001489,defense_only,420.000000,460.000000,1,0,0,1
100001498,attack_only,120.000000,160.000000,0,1,0,1
100001498,defense_vs_attack,220.000000,260.000000,1,1,0,1
100001498,defense_only,320.000000,360.000000,1,0,1,1
100001498,baseline,420.000000,460.000000,0,0,1,1
100001496,baseline,120.000000,160.000000,0,0,0,1
100001496,defense_vs_attack,220.000000,260.000000,1,1,0,1
100001496,attack_only,320.000000,360.000000,0,1,0,1
100001496,defense_only,420.000000,460.000000,1,0,0,1
100001505,defense_only,120.000000,160.000000,1,0,1,1
100001505,baseline,220.000000,260.000000,0,0,1,1
100001505,attack_only,320.000000,360.000000,0,1,1,1
100001505,defense_vs_attack,420.000000,460.000000,1,1,0,1
100001510,baseline,120.000000,160.000000,0,0,1,1
100001510,defense_vs_attack,220.000000,260.000000,1,1,0,1
100001510,defense_only,320.000000,360.000000,1,0,1,1
100001510,attack_only,420.000000,460.000000,0,1,1,1
100001509,attack_only,120.000000,160.000000,0,1,1,1
100001509,defense_vs_attack,220.000000,260.000000,1,1,0,1
100001509,baseline,320.000000,360.000000,0,0,1,1
100001509,defense_only,420.000000,460.000000,1,0,1,1
100001508,defense_only,120.000000,160.000000,1,0,0,1
100001508,baseline,220.000000,260.000000,0,0,0,1
100001508,attack_only,320.000000,360.000000,0,1,1,1
100001508,defense_vs_attack,420.000000,460.000000,1,1,0,1
100001507,defense_vs_attack,120.000000,160.000000,1,1,0,1
100001507,defense_only,220.000000,260.000000,1,0,0,1
100001507,attack_only,320.000000,360.000000,0,1,0,1
100001507,baseline,420.000000,460.000000,0,0,0,1
100001511,baseline,120.000000,160.000000,0,0,0,1
100001511,defense_vs_attack,220.000000,260.000000,1,1,0,1
100001511,attack_only,320.000000,360.000000,0,1,0,1
100001511,defense_only,420.000000,460.000000,1,0,0,1
100001513,attack_only,120.000000,160.000000,0,1,0,1
100001513,defense_vs_attack,220.000000,260.000000,1,1,0,1
100001513,baseline,320.000000,360.000000,0,0,0,1
100001513,defense_only,420.000000,460.000000,1,0,1,1
100001518,attack_only,120.000000,160.000000,0,1,1,1
100001518,defense_only,220.000000,260.000000,1,0,1,1
100001518,defense_vs_attack,320.000000,360.000000,1,1,0,1
100001518,baseline,420.000000,460.000000,0,0,1,1
100001521,baseline,120.000000,160.000000,0,0,0,1
100001521,attack_only,220.000000,260.000000,0,1,0,1
100001521,defense_vs_attack,320.000000,360.000000,1,1,0,1
100001521,defense_only,420.000000,460.000000,1,0,0,1
100001527,attack_only,120.000000,160.000000,0,1,1,1
100001527,defense_vs_attack,220.000000,260.000000,1,1,0,1
100001527,baseline,320.000000,360.000000,0,0,1,1
100001527,defense_only,420.000000,460.000000,1,0,1,1
100001525,baseline,120.000000,160.000000,0,0,0,1
100001525,attack_only,220.000000,260.000000,0,1,0,1
100001525,defense_only,320.000000,360.000000,1,0,0,1
100001525,defense_vs_attack,420.000000,460.000000,1,1,0,1
100001529,defense_vs_attack,120.000000,160.000000,1,1,0,1
100001529,defense_only,220.000000,260.000000,1,0,0,1
100001529,baseline,320.000000,360.000000,0,0,0,1
100001529,attack_only,420.000000,460.000000,0,1,0,1
100001533,attack_only,120.000000,160.000000,0,1,1,1
100001533,baseline,220.000000,260.000000,0,0,0,1
100001533,defense_vs_attack,320.000000,360.000000,1,1,0,1
100001533,defense_only,420.000000,460.000000,1,0,1,1
100001534,attack_only,120.000000,160.000000,0,1,0,1
100001534,defense_vs_attack,220.000000,260.000000,1,1,0,1
100001534,defense_only,320.000000,360.000000,1,0,0,1
100001534,baseline,420.000000,460.000000,0,0,0,1
100001546,defense_only,120.000000,160.000000,1,0,0,1
100001546,baseline,220.000000,260.000000,0,0,0,1
100001546,defense_vs_attack,320.000000,360.000000,1,1,0,1
100001546,attack_only,420.000000,460.000000,0,1,0,1
100001547,baseline,120.000000,160.000000,0,0,0,1
100001547,defense_vs_attack,220.000000,260.000000,1,1,0,1
100001547,defense_only,320.000000,360.000000,1,0,0,1
100001547,attack_only,420.000000,460.000000,0,1,0,1
100001553,attack_only,120.000000,160.000000,0,1,0,1
100001553,defense_only,220.000000,260.000000,1,0,1,1
100001553,baseline,320.000000,360.000000,0,0,1,1
100001553,defense_vs_attack,420.000000,460.000000,1,1,0,1
100001549,attack_only,120.000000,160.000000,0,1,0,1
100001549,baseline,220.000000,260.000000,0,0,0,1
100001549,defense_vs_attack,320.000000,360.000000,1,1,0,1
100001549,defense_only,420.000000,460.000000,1,0,0,1
100001559,defense_only,120.000000,160.000000,1,0,0,1
100001559,baseline,220.000000,260.000000,0,0,0,1
100001559,attack_only,320.000000,360.000000,0,1,0,1
100001559,defense_vs_attack,420.000000,460.000000,1,1,0,1
100001558,defense_only,120.000000,160.000000,1,0,0,1
100001558,attack_only,220.000000,260.000000,0,1,0,1
100001558,baseline,320.000000,360.000000,0,0,0,1
100001558,defense_vs_attack,420.000000,460.000000,1,1,0,1
100001566,defense_vs_attack,120.000000,160.000000,1,1,0,1
100001566,attack_only,220.000000,260.000000,0,1,1,1
100001566,baseline,320.000000,360.000000,0,0,1,1
100001566,defense_only,420.000000,460.000000,1,0,1,1
100001562,attack_only,120.000000,160.000000,0,1,1,1
100001562,defense_vs_attack,220.000000,260.000000,1,1,0,1
100001562,baseline,320.000000,360.000000,0,0,1,1
100001562,defense_only,420.000000,460.000000,1,0,1,1
100001568,attack_only,120.000000,160.000000,0,1,1,1
100001568,baseline,220.000000,260.000000,0,0,0,1
100001568,defense_only,320.000000,360.000000,1,0,0,1
100001568,defense_vs_attack,420.000000,460.000000,1,1,0,1
100001565,defense_only,120.000000,160.000000,1,0,0,1
100001565,attack_only,220.000000,260.000000,0,1,1,1
100001565,defense_vs_attack,320.000000,360.000000,1,1,0,1
100001565,baseline,420.000000,460.000000,0,0,0,1
100001567,attack_only,120.000000,160.000000,0,1,0,1
100001567,baseline,220.000000,260.000000,0,0,0,1
100001567,defense_vs_attack,320.000000,360.000000,1,1,0,1
100001567,defense_only,420.000000,460.000000,1,0,0,1
100001572,attack_only,120.000000,160.000000,0,1,0,1
100001572,defense_vs_attack,220.000000,260.000000,1,1,0,1
100001572,baseline,320.000000,360.000000,0,0,0,1
100001572,defense_only,420.000000,460.000000,1,0,0,1
100001573,defense_only,120.000000,160.000000,1,0,1,1
100001573,attack_only,220.000000,260.000000,0,1,1,1
100001573,baseline,320.000000,360.000000,0,0,1,1
100001573,defense_vs_attack,420.000000,460.000000,1,1,0,1
100001579,attack_only,120.000000,160.000000,0,1,1,1
100001579,defense_only,220.000000,260.000000,1,0,1,1
100001579,baseline,320.000000,360.000000,0,0,0,1
100001579,defense_vs_attack,420.000000,460.000000,1,1,0,1
100001577,baseline,120.000000,160.000000,0,0,0,1
100001577,attack_only,220.000000,260.000000,0,1,0,1
100001577,defense_vs_attack,320.000000,360.000000,1,1,0,1
100001577,defense_only,420.000000,460.000000,1,0,0,1
100001580,defense_only,120.000000,160.000000,1,0,0,1
100001580,attack_only,220.000000,260.000000,0,1,0,1
100001580,defense_vs_attack,320.000000,360.000000,1,1,0,1
100001580,baseline,420.000000,460.000000,0,0,0,1
100001575,attack_only,120.000000,160.000000,0,1,0,1
100001575,baseline,220.000000,260.000000,0,0,0,1
100001575,defense_vs_attack,320.000000,360.000000,1,1,0,1
100001575,defense_only,420.000000,460.000000,1,0,0,1
100001581,baseline,120.000000,160.000000,0,0,0,1
100001581,defense_vs_attack,220.000000,260.000000,1,1,0,1
100001581,defense_only,320.000000,360.000000,1,0,0,1
100001581,attack_only,420.000000,460.000000,0,1,1,1
100001585,defense_vs_attack,120.000000,160.000000,1,1,0,1
100001585,baseline,220.000000,260.000000,0,0,1,1
100001585,attack_only,320.000000,360.000000,0,1,1,1
100001585,defense_only,420.000000,460.000000,1,0,1,1
100001586,baseline,120.000000,160.000000,0,0,0,1
100001586,defense_vs_attack,220.000000,260.000000,1,1,0,1
100001586,attack_only,320.000000,360.000000,0,1,0,1
100001586,defense_only,420.000000,460.000000,1,0,0,1
100001591,attack_only,120.000000,160.000000,0,1,1,1
100001591,defense_vs_attack,220.000000,260.000000,1,1,0,1
100001591,defense_only,320.000000,360.000000,1,0,1,1
100001591,baseline,420.000000,460.000000,0,0,1,1
100001593,baseline,120.000000,160.000000,0,0,0,1
100001593,attack_only,220.000000,260.000000,0,1,0,1
100001593,defense_vs_attack,320.000000,360.000000,1,1,0,1
100001593,defense_only,420.000000,460.000000,1,0,1,1
100001596,defense_only,120.000000,160.000000,1,0,0,1
100001596,baseline,220.000000,260.000000,0,0,0,1
100001596,defense_vs_attack,320.000000,360.000000,1,1,0,1
100001596,attack_only,420.000000,460.000000,0,1,0,1
100001595,attack_only,120.000000,160.000000,0,1,0,1
100001595,defense_vs_attack,220.000000,260.000000,1,1,0,1
100001595,defense_only,320.000000,360.000000,1,0,0,1
100001595,baseline,420.000000,460.000000,0,0,0,1
100001599,baseline,120.000000,160.000000,0,0,1,1
100001599,defense_vs_attack,220.000000,260.000000,1,1,0,1
100001599,attack_only,320.000000,360.000000,0,1,1,1
100001599,defense_only,420.000000,460.000000,1,0,1,1
100001602,attack_only,120.000000,160.000000,0,1,1,1
100001602,defense_vs_attack,220.000000,260.000000,1,1,0,1
100001602,baseline,320.000000,360.000000,0,0,1,1
100001602,defense_only,420.000000,460.000000,1,0,1,1
100001605,attack_only,120.000000,160.000000,0,1,1,1
100001605,baseline,220.000000,260.000000,0,0,1,1
100001605,defense_vs_attack,320.000000,360.000000,1,1,0,1
100001605,defense_only,420.000000,460.000000,1,0,1,1
100001614,baseline,120.000000,160.000000,0,0,0,1
100001614,defense_only,220.000000,260.000000,1,0,0,1
100001614,defense_vs_attack,320.000000,360.000000,1,1,0,1
100001614,attack_only,420.000000,460.000000,0,1,1,1
100001616,defense_vs_attack,120.000000,160.000000,1,1,0,1
100001616,attack_only,220.000000,260.000000,0,1,0,1
100001616,defense_only,320.000000,360.000000,1,0,0,1
100001616,baseline,420.000000,460.000000,0,0,0,1
100001618,defense_vs_attack,120.000000,160.000000,1,1,0,1
100001618,attack_only,220.000000,260.000000,0,1,1,1
100001618,baseline,320.000000,360.000000,0,0,0,1
100001618,defense_only,420.000000,460.000000,1,0,0,1
100001621,baseline,120.000000,160.000000,0,0,0,1
100001621,attack_only,220.000000,260.000000,0,1,0,1
100001621,defense_vs_attack,320.000000,360.000000,1,1,0,1
100001621,defense_only,420.000000,460.000000,1,0,1,1
100001619,attack_only,120.000000,160.000000,0,1,0,1
100001619,defense_vs_attack,220.000000,260.000000,1,1,0,1
100001619,baseline,320.000000,360.000000,0,0,0,1
100001619,defense_only,420.000000,460.000000,1,0,0,1
100001622,baseline,120.000000,160.000000,0,0,0,1
100001622,attack_only,220.000000,260.000000,0,1,0,1
100001622,defense_only,320.000000,360.000000,1,0,0,1
100001622,defense_vs_attack,420.000000,460.000000,1,1,0,1
100001627,attack_only,120.000000,160.000000,0,1,0,1
100001627,defense_vs_attack,220.000000,260.000000,1,1,0,1
100001627,baseline,320.000000,360.000000,0,0,0,1
100001627,defense_only,420.000000,460.000000,1,0,0,1
100001633,attack_only,120.000000,160.000000,0,1,0,1
100001633,defense_only,220.000000,260.000000,1,0,0,1
100001633,baseline,320.000000,360.000000,0,0,0,1
100001633,defense_vs_attack,420.000000,460.000000,1,1,0,1
100001637,defense_only,120.000000,160.000000,1,0,0,1
100001637,defense_vs_attack,220.000000,260.000000,1,1,0,1
100001637,baseline,320.000000,360.000000,0,0,0,1
100001637,attack_only,420.000000,460.000000,0,1,1,1
100001632,defense_vs_attack,120.000000,160.000000,1,1,0,1
100001632,attack_only,220.000000,260.000000,0,1,0,1
100001632,baseline,320.000000,360.000000,0,0,0,1
100001632,defense_only,420.000000,460.000000,1,0,0,1
100001639,baseline,120.000000,160.000000,0,0,0,1
100001639,defense_vs_attack,220.000000,260.000000,1,1,0,1
100001639,defense_only,320.000000,360.000000,1,0,0,1
100001639,attack_only,420.000000,460.000000,0,1,0,1
100001645,defense_only,120.000000,160.000000,1,0,0,1
100001645,attack_only,220.000000,260.000000,0,1,0,1
100001645,baseline,320.000000,360.000000,0,0,0,1
100001645,defense_vs_attack,420.000000,460.000000,1,1,0,1
100001646,defense_only,120.000000,160.000000,1,0,0,1
100001646,defense_vs_attack,220.000000,260.000000,1,1,0,1
100001646,baseline,320.000000,360.000000,0,0,0,1
100001646,attack_only,420.000000,460.000000,0,1,1,1
100001648,attack_only,120.000000,160.000000,0,1,0,1
100001648,defense_vs_attack,220.000000,260.000000,1,1,0,1
100001648,baseline,320.000000,360.000000,0,0,0,1
100001648,defense_only,420.000000,460.000000,1,0,0,1
100001657,defense_only,120.000000,160.000000,1,0,0,1
100001657,defense_vs_attack,220.000000,260.000000,1,1,0,1
100001657,attack_only,320.000000,360.000000,0,1,1,1
100001657,baseline,420.000000,460.000000,0,0,1,1
100001655,attack_only,120.000000,160.000000,0,1,0,1
100001655,defense_vs_attack,220.000000,260.000000,1,1,0,1
100001655,baseline,320.000000,360.000000,0,0,0,1
100001655,defense_only,420.000000,460.000000,1,0,0,1
100001661,defense_vs_attack,120.000000,160.000000,1,1,0,1
100001661,attack_only,220.000000,260.000000,0,1,0,1
100001661,defense_only,320.000000,360.000000,1,0,0,1
100001661,baseline,420.000000,460.000000,0,0,0,1
100001663,baseline,120.000000,160.000000,0,0,1,1
100001663,defense_only,220.000000,260.000000,1,0,1,1
100001663,attack_only,320.000000,360.000000,0,1,1,1
100001663,defense_vs_attack,420.000000,460.000000,1,1,0,1
100001664,defense_only,120.000000,160.000000,1,0,0,1
100001664,baseline,220.000000,260.000000,0,0,0,1
100001664,attack_only,320.000000,360.000000,0,1,0,1
100001664,defense_vs_attack,420.000000,460.000000,1,1,0,1
100001665,defense_only,120.000000,160.000000,1,0,0,1
100001665,baseline,220.000000,260.000000,0,0,0,1
100001665,defense_vs_attack,320.000000,360.000000,1,1,0,1
100001665,attack_only,420.000000,460.000000,0,1,0,1
100001672,defense_only,120.000000,160.000000,1,0,0,1
100001672,defense_vs_attack,220.000000,260.000000,1,1,0,1
100001672,attack_only,320.000000,360.000000,0,1,0,1
100001672,baseline,420.000000,460.000000,0,0,0,1
100001678,attack_only,120.000000,160.000000,0,1,0,1
100001678,defense_only,220.000000,260.000000,1,0,0,1
100001678,baseline,320.000000,360.000000,0,0,0,1
100001678,defense_vs_attack,420.000000,460.000000,1,1,0,1
100001689,defense_only,120.000000,160.000000,1,0,0,1
100001689,attack_only,220.000000,260.000000,0,1,0,1
100001689,baseline,320.000000,360.000000,0,0,0,1
100001689,defense_vs_attack,420.000000,460.000000,1,1,0,1
100001685,baseline,120.000000,160.000000,0,0,0,1
100001685,defense_vs_attack,220.000000,260.000000,1,1,0,1
100001685,attack_only,320.000000,360.000000,0,1,0,1
100001685,defense_only,420.000000,460.000000,1,0,0,1
100001691,attack_only,120.000000,160.000000,0,1,0,1
100001691,baseline,220.000000,260.000000,0,0,0,1
100001691,defense_only,320.000000,360.000000,1,0,0,1
100001691,defense_vs_attack,420.000000,460.000000,1,1,0,1
100001697,baseline,120.000000,160.000000,0,0,1,1
100001697,defense_only,220.000000,260.000000,1,0,1,1
100001697,defense_vs_attack,320.000000,360.000000,1,1,0,1
100001697,attack_only,420.000000,460.000000,0,1,0,1
100001700,defense_only,120.000000,160.000000,1,0,0,1
100001700,baseline,220.000000,260.000000,0,0,0,1
100001700,defense_vs_attack,320.000000,360.000000,1,1,0,1
100001700,attack_only,420.000000,460.000000,0,1,0,1
100001703,defense_vs_attack,120.000000,160.000000,1,1,0,1
100001703,defense_only,220.000000,260.000000,1,0,0,1
100001703,attack_only,320.000000,360.000000,0,1,0,1
100001703,baseline,420.000000,460.000000,0,0,0,1
100001706,attack_only,120.000000,160.000000,0,1,1,1
100001706,defense_vs_attack,220.000000,260.000000,1,1,0,1
100001706,baseline,320.000000,360.000000,0,0,0,1
100001706,defense_only,420.000000,460.000000,1,0,0,1
100001708,defense_vs_attack,120.000000,160.000000,1,1,0,1
100001708,baseline,220.000000,260.000000,0,0,0,1
100001708,attack_only,320.000000,360.000000,0,1,0,1
100001708,defense_only,420.000000,460.000000,1,0,0,1
100001716,baseline,120.000000,160.000000,0,0,0,1
100001716,defense_only,220.000000,260.000000,1,0,0,1
100001716,attack_only,320.000000,360.000000,0,1,0,1
100001716,defense_vs_attack,420.000000,460.000000,1,1,0,1
100001717,defense_vs_attack,120.000000,160.000000,1,1,0,1
100001717,defense_only,220.000000,260.000000,1,0,1,1
100001717,baseline,320.000000,360.000000,0,0,1,1
100001717,attack_only,420.000000,460.000000,0,1,1,1
100001713,attack_only,120.000000,160.000000,0,1,0,1
100001713,baseline,220.000000,260.000000,0,0,0,1
100001713,defense_vs_attack,320.000000,360.000000,1,1,0,1
100001713,defense_only,420.000000,460.000000,1,0,0,1
100001715,defense_vs_attack,120.000000,160.000000,1,1,0,1
100001715,attack_only,220.000000,260.000000,0,1,0,1
100001715,defense_only,320.000000,360.000000,1,0,0,1
100001715,baseline,420.000000,460.000000,0,0,0,1
100001718,attack_only,120.000000,160.000000,0,1,1,1
100001718,defense_vs_attack,220.000000,260.000000,1,1,0,1
100001718,defense_only,320.000000,360.000000,1,0,1,1
100001718,baseline,420.000000,460.000000,0,0,0,1
100001724,attack_only,120.000000,160.000000,0,1,0,1
100001724,defense_vs_attack,220.000000,260.000000,1,1,0,1
100001724,baseline,320.000000,360.000000,0,0,0,1
100001724,defense_only,420.000000,460.000000,1,0,0,1
100001728,baseline,120.000000,160.000000,0,0,0,1
100001728,defense_only,220.000000,260.000000,1,0,0,1
100001728,attack_only,320.000000,360.000000,0,1,0,1
100001728,defense_vs_attack,420.000000,460.000000,1,1,0,1
100001727,defense_vs_attack,120.000000,160.000000,1,1,0,1
100001727,attack_only,220.000000,260.000000,0,1,0,1
100001727,baseline,320.000000,360.000000,0,0,0,1
100001727,defense_only,420.000000,460.000000,1,0,0,1
100001729,baseline,120.000000,160.000000,0,0,0,1
100001729,defense_vs_attack,220.000000,260.000000,1,1,0,1
100001729,attack_only,320.000000,360.000000,0,1,0,1
100001729,defense_only,420.000000,460.000000,1,0,0,1
100001734,defense_vs_attack,120.000000,160.000000,1,1,0,1
100001734,attack_only,220.000000,260.000000,0,1,0,1
100001734,baseline,320.000000,360.000000,0,0,0,1
100001734,defense_only,420.000000,460.000000,1,0,0,1
100001742,attack_only,120.000000,160.000000,0,1,0,1
100001742,defense_only,220.000000,260.000000,1,0,0,1
100001742,defense_vs_attack,320.000000,360.000000,1,1,0,1
100001742,baseline,420.000000,460.000000,0,0,0,1
100001741,defense_only,120.000000,160.000000,1,0,0,1
100001741,attack_only,220.000000,260.000000,0,1,0,1
100001741,baseline,320.000000,360.000000,0,0,0,1
100001741,defense_vs_attack,420.000000,460.000000,1,1,0,1
100001743,baseline,120.000000,160.000000,0,0,0,1
100001743,attack_only,220.000000,260.000000,0,1,1,1
100001743,defense_only,320.000000,360.000000,1,0,0,1
100001743,defense_vs_attack,420.000000,460.000000,1,1,0,1
100001747,attack_only,120.000000,160.000000,0,1,1,1
100001747,defense_vs_attack,220.000000,260.000000,1,1,0,1
100001747,defense_only,320.000000,360.000000,1,0,0,1
100001747,baseline,420.000000,460.000000,0,0,1,1
100001750,defense_vs_attack,120.000000,160.000000,1,1,0,1
100001750,baseline,220.000000,260.000000,0,0,1,1
100001750,attack_only,320.000000,360.000000,0,1,1,1
100001750,defense_only,420.000000,460.000000,1,0,1,1
100001759,attack_only,120.000000,160.000000,0,1,0,1
100001759,defense_only,220.000000,260.000000,1,0,0,1
100001759,baseline,320.000000,360.000000,0,0,0,1
100001759,defense_vs_attack,420.000000,460.000000,1,1,0,1
100001758,attack_only,120.000000,160.000000,0,1,1,1
100001758,defense_vs_attack,220.000000,260.000000,1,1,0,1
100001758,baseline,320.000000,360.000000,0,0,1,1
100001758,defense_only,420.000000,460.000000,1,0,1,1
100001765,attack_only,120.000000,160.000000,0,1,0,1
100001765,defense_only,220.000000,260.000000,1,0,0,1
100001765,defense_vs_attack,320.000000,360.000000,1,1,0,1
100001765,baseline,420.000000,460.000000,0,0,0,1
100001770,defense_only,120.000000,160.000000,1,0,0,1
100001770,attack_only,220.000000,260.000000,0,1,0,1
100001770,defense_vs_attack,320.000000,360.000000,1,1,0,1
100001770,baseline,420.000000,460.000000,0,0,0,1
100001774,baseline,120.000000,160.000000,0,0,0,1
100001774,defense_vs_attack,220.000000,260.000000,1,1,0,1
100001774,attack_only,320.000000,360.000000,0,1,1,1
100001774,defense_only,420.000000,460.000000,1,0,0,1
100001775,attack_only,120.000000,160.000000,0,1,1,1
100001775,defense_vs_attack,220.000000,260.000000,1,1,0,1
100001775,baseline,320.000000,360.000000,0,0,0,1
100001775,defense_only,420.000000,460.000000,1,0,0,1
100001772,baseline,120.000000,160.000000,0,0,0,1
100001772,defense_only,220.000000,260.000000,1,0,0,1
100001772,defense_vs_attack,320.000000,360.000000,1,1,0,1
100001772,attack_only,420.000000,460.000000,0,1,0,1
100001777,defense_vs_attack,120.000000,160.000000,1,1,0,1
100001777,defense_only,220.000000,260.000000,1,0,0,1
100001777,baseline,320.000000,360.000000,0,0,0,1
100001777,attack_only,420.000000,460.000000,0,1,0,1
100001779,defense_vs_attack,120.000000,160.000000,1,1,0,1
100001779,defense_only,220.000000,260.000000,1,0,0,1
100001779,attack_only,320.000000,360.000000,0,1,0,1
100001779,baseline,420.000000,460.000000,0,0,0,1
100001782,defense_only,120.000000,160.000000,1,0,0,1
100001782,defense_vs_attack,220.000000,260.000000,1,1,0,1
100001782,attack_only,320.000000,360.000000,0,1,0,1
100001782,baseline,420.000000,460.000000,0,0,0,1
100001780,baseline,120.000000,160.000000,0,0,0,1
100001780,attack_only,220.000000,260.000000,0,1,0,1
100001780,defense_vs_attack,320.000000,360.000000,1,1,0,1
100001780,defense_only,420.000000,460.000000,1,0,0,1
100001785,defense_only,120.000000,160.000000,1,0,0,1
100001785,baseline,220.000000,260.000000,0,0,0,1
100001785,attack_only,320.000000,360.000000,0,1,1,1
100001785,defense_vs_attack,420.000000,460.000000,1,1,0,1
100001788,baseline,120.000000,160.000000,0,0,1,1
100001788,attack_only,220.000000,260.000000,0,1,1,1
100001788,defense_vs_attack,320.000000,360.000000,1,1,0,1
100001788,defense_only,420.000000,460.000000,1,0,1,1
100001783,defense_vs_attack,120.000000,160.000000,1,1,0,1
100001783,attack_only,220.000000,260.000000,0,1,1,1
100001783,baseline,320.000000,360.000000,0,0,1,1
100001783,defense_only,420.000000,460.000000,1,0,1,1
100001789,defense_vs_attack,120.000000,160.000000,1,1,0,1
100001789,baseline,220.000000,260.000000,0,0,0,1
100001789,defense_only,320.000000,360.000000,1,0,0,1
100001789,attack_only,420.000000,460.000000,0,1,0,1
100001790,attack_only,120.000000,160.000000,0,1,0,1
100001790,defense_vs_attack,220.000000,260.000000,1,1,0,1
100001790,baseline,320.000000,360.000000,0,0,0,1
100001790,defense_only,420.000000,460.000000,1,0,0,1
100001792,attack_only,120.000000,160.000000,0,1,0,1
100001792,baseline,220.000000,260.000000,0,0,0,1
100001792,defense_vs_attack,320.000000,360.000000,1,1,0,1
100001792,defense_only,420.000000,460.000000,1,0,0,1
100001801,defense_only,120.000000,160.000000,1,0,0,1
100001801,attack_only,220.000000,260.000000,0,1,0,1
100001801,defense_vs_attack,320.000000,360.000000,1,1,0,1
100001801,baseline,420.000000,460.000000,0,0,0,1
100001798,baseline,120.000000,160.000000,0,0,1,1
100001798,defense_vs_attack,220.000000,260.000000,1,1,0,1
100001798,attack_only,320.000000,360.000000,0,1,1,1
100001798,defense_only,420.000000,460.000000,1,0,1,1
100001806,attack_only,120.000000,160.000000,0,1,0,1
100001806,baseline,220.000000,260.000000,0,0,0,1
100001806,defense_vs_attack,320.000000,360.000000,1,1,0,1
100001806,defense_only,420.000000,460.000000,1,0,0,1
100001805,defense_vs_attack,120.000000,160.000000,1,1,0,1
100001805,attack_only,220.000000,260.000000,0,1,0,1
100001805,defense_only,320.000000,360.000000,1,0,0,1
100001805,baseline,420.000000,460.000000,0,0,0,1
100001804,defense_only,120.000000,160.000000,1,0,0,1
100001804,defense_vs_attack,220.000000,260.000000,1,1,0,1
100001804,attack_only,320.000000,360.000000,0,1,0,1
100001804,baseline,420.000000,460.000000,0,0,0,1
100001807,attack_only,120.000000,160.000000,0,1,1,1
100001807,defense_only,220.000000,260.000000,1,0,0,1
100001807,defense_vs_attack,320.000000,360.000000,1,1,0,1
100001807,baseline,420.000000,460.000000,0,0,0,1
100001809,baseline,120.000000,160.000000,0,0,0,1
100001809,defense_only,220.000000,260.000000,1,0,1,1
100001809,defense_vs_attack,320.000000,360.000000,1,1,0,1
100001809,attack_only,420.000000,460.000000,0,1,1,1
100001810,attack_only,120.000000,160.000000,0,1,0,1
100001810,defense_vs_attack,220.000000,260.000000,1,1,0,1
100001810,defense_only,320.000000,360.000000,1,0,0,1
100001810,baseline,420.000000,460.000000,0,0,0,1
100001813,defense_only,120.000000,160.000000,1,0,0,1
100001813,attack_only,220.000000,260.000000,0,1,0,1
100001813,defense_vs_attack,320.000000,360.000000,1,1,0,1
100001813,baseline,420.000000,460.000000,0,0,0,1
100001817,attack_only,120.000000,160.000000,0,1,0,1
100001817,defense_vs_attack,220.000000,260.000000,1,1,0,1
100001817,defense_only,320.000000,360.000000,1,0,0,1
100001817,baseline,420.000000,460.000000,0,0,0,1
100001827,attack_only,120.000000,160.000000,0,1,1,1
100001827,baseline,220.000000,260.000000,0,0,1,1
100001827,defense_only,320.000000,360.000000,1,0,1,1
100001827,defense_vs_attack,420.000000,460.000000,1,1,0,1
100001825,baseline,120.000000,160.000000,0,0,0,1
100001825,attack_only,220.000000,260.000000,0,1,0,1
100001825,defense_vs_attack,320.000000,360.000000,1,1,0,1
100001825,defense_only,420.000000,460.000000,1,0,0,1
100001838,attack_only,120.000000,160.000000,0,1,1,1
100001838,defense_vs_attack,220.000000,260.000000,1,1,0,1
100001838,defense_only,320.000000,360.000000,1,0,0,1
100001838,baseline,420.000000,460.000000,0,0,0,1
100001835,attack_only,120.000000,160.000000,0,1,0,1
100001835,defense_only,220.000000,260.000000,1,0,0,1
100001835,defense_vs_attack,320.000000,360.000000,1,1,0,1
100001835,baseline,420.000000,460.000000,0,0,1,1
100001841,attack_only,120.000000,160.000000,0,1,1,1
100001841,defense_only,220.000000,260.000000,1,0,1,1
100001841,baseline,320.000000,360.000000,0,0,1,1
100001841,defense_vs_attack,420.000000,460.000000,1,1,0,1
100001839,defense_only,120.000000,160.000000,1,0,0,1
100001839,baseline,220.000000,260.000000,0,0,0,1
100001839,attack_only,320.000000,360.000000,0,1,0,1
100001839,defense_vs_attack,420.000000,460.000000,1,1,0,1
100001842,attack_only,120.000000,160.000000,0,1,0,1
100001842,baseline,220.000000,260.000000,0,0,0,1
100001842,defense_only,320.000000,360.000000,1,0,0,1
100001842,defense_vs_attack,420.000000,460.000000,1,1,0,1
100001843,attack_only,120.000000,160.000000,0,1,0,1
100001843,defense_vs_attack,220.000000,260.000000,1,1,0,1
100001843,defense_only,320.000000,360.000000,1,0,0,1
100001843,baseline,420.000000,460.000000,0,0,0,1
100001845,defense_only,120.000000,160.000000,1,0,0,1
100001845,attack_only,220.000000,260.000000,0,1,0,1
100001845,baseline,320.000000,360.000000,0,0,0,1
100001845,defense_vs_attack,420.000000,460.000000,1,1,0,1
100001849,defense_only,120.000000,160.000000,1,0,0,1
100001849,attack_only,220.000000,260.000000,0,1,0,1
100001849,baseline,320.000000,360.000000,0,0,0,1
100001849,defense_vs_attack,420.000000,460.000000,1,1,0,1
100001857,attack_only,120.000000,160.000000,0,1,0,1
100001857,defense_only,220.000000,260.000000,1,0,0,1
100001857,defense_vs_attack,320.000000,360.000000,1,1,0,1
100001857,baseline,420.000000,460.000000,0,0,0,1
100001860,defense_only,120.000000,160.000000,1,0,0,1
100001860,baseline,220.000000,260.000000,0,0,0,1
100001860,defense_vs_attack,320.000000,360.000000,1,1,0,1
100001860,attack_only,420.000000,460.000000,0,1,1,1
100001871,defense_only,120.000000,160.000000,1,0,0,1
100001871,baseline,220.000000,260.000000,0,0,0,1
100001871,attack_only,320.000000,360.000000,0,1,1,1
100001871,defense_vs_attack,420.000000,460.000000,1,1,0,1
100001874,defense_vs_attack,120.000000,160.000000,1,1,0,1
100001874,defense_only,220.000000,260.000000,1,0,1,1
100001874,attack_only,320.000000,360.000000,0,1,0,1
100001874,baseline,420.000000,460.000000,0,0,0,1
100001875,attack_only,120.000000,160.000000,0,1,0,1
100001875,baseline,220.000000,260.000000,0,0,0,1
100001875,defense_vs_attack,320.000000,360.000000,1,1,0,1
100001875,defense_only,420.000000,460.000000,1,0,0,1
100001877,defense_only,120.000000,160.000000,1,0,0,1
100001877,baseline,220.000000,260.000000,0,0,0,1
100001877,attack_only,320.000000,360.000000,0,1,0,1
100001877,defense_vs_attack,420.000000,460.000000,1,1,0,1
100001878,defense_vs_attack,120.000000,160.000000,1,1,0,1
100001878,attack_only,220.000000,260.000000,0,1,0,1
100001878,defense_only,320.000000,360.000000,1,0,0,1
100001878,baseline,420.000000,460.000000,0,0,0,1
100001881,attack_only,120.000000,160.000000,0,1,0,1
100001881,baseline,220.000000,260.000000,0,0,0,1
100001881,defense_vs_attack,320.000000,360.000000,1,1,0,1
100001881,defense_only,420.000000,460.000000,1,0,0,1
100001880,baseline,120.000000,160.000000,0,0,0,1
100001880,attack_only,220.000000,260.000000,0,1,0,1
100001880,defense_vs_attack,320.000000,360.000000,1,1,0,1
100001880,defense_only,420.000000,460.000000,1,0,0,1
100001888,attack_only,120.000000,160.000000,0,1,1,1
100001888,defense_vs_attack,220.000000,260.000000,1,1,0,1
100001888,baseline,320.000000,360.000000,0,0,1,1
100001888,defense_only,420.000000,460.000000,1,0,1,1
100001889,baseline,120.000000,160.000000,0,0,0,1
100001889,defense_vs_attack,220.000000,260.000000,1,1,0,1
100001889,attack_only,320.000000,360.000000,0,1,0,1
100001889,defense_only,420.000000,460.000000,1,0,0,1
100001885,defense_vs_attack,120.000000,160.000000,1,1,0,1
100001885,baseline,220.000000,260.000000,0,0,0,1
100001885,defense_only,320.000000,360.000000,1,0,0,1
100001885,attack_only,420.000000,460.000000,0,1,0,1
100001891,baseline,120.000000,160.000000,0,0,0,1
100001891,defense_vs_attack,220.000000,260.000000,1,1,0,1
100001891,defense_only,320.000000,360.000000,1,0,0,1
100001891,attack_only,420.000000,460.000000,0,1,0,1
100001905,attack_only,120.000000,160.000000,0,1,0,1
100001905,defense_vs_attack,220.000000,260.000000,1,1,0,1
100001905,defense_only,320.000000,360.000000,1,0,0,1
100001905,baseline,420.000000,460.000000,0,0,0,1
100001904,baseline,120.000000,160.000000,0,0,0,1
100001904,attack_only,220.000000,260.000000,0,1,1,1
100001904,defense_vs_attack,320.000000,360.000000,1,1,0,1
100001904,defense_only,420.000000,460.000000,1,0,0,1
100001913,attack_only,120.000000,160.000000,0,1,1,1
100001913,baseline,220.000000,260.000000,0,0,0,1
100001913,defense_vs_attack,320.000000,360.000000,1,1,0,1
100001913,defense_only,420.000000,460.000000,1,0,1,1
100001923,defense_vs_attack,120.000000,160.000000,1,1,0,1
100001923,baseline,220.000000,260.000000,0,0,0,1
100001923,defense_only,320.000000,360.000000,1,0,0,1
100001923,attack_only,420.000000,460.000000,0,1,0,1
100001927,defense_only,120.000000,160.000000,1,0,0,1
100001927,attack_only,220.000000,260.000000,0,1,0,1
100001927,defense_vs_attack,320.000000,360.000000,1,1,0,1
100001927,baseline,420.000000,460.000000,0,0,0,1
100001928,defense_vs_attack,120.000000,160.000000,1,1,0,1
100001928,defense_only,220.000000,260.000000,1,0,0,1
100001928,baseline,320.000000,360.000000,0,0,0,1
100001928,attack_only,420.000000,460.000000,0,1,0,1
100001932,defense_vs_attack,120.000000,160.000000,1,1,0,1
100001932,defense_only,220.000000,260.000000,1,0,1,1
100001932,baseline,320.000000,360.000000,0,0,1,1
100001932,attack_only,420.000000,460.000000,0,1,1,1
100001933,defense_vs_attack,120.000000,160.000000,1,1,0,1
100001933,attack_only,220.000000,260.000000,0,1,0,1
100001933,defense_only,320.000000,360.000000,1,0,0,1
100001933,baseline,420.000000,460.000000,0,0,0,1
100001937,defense_only,120.000000,160.000000,1,0,1,1
100001937,defense_vs_attack,220.000000,260.000000,1,1,0,1
100001937,baseline,320.000000,360.000000,0,0,1,1
100001937,attack_only,420.000000,460.000000,0,1,1,1
100001938,defense_vs_attack,120.000000,160.000000,1,1,0,1
100001938,attack_only,220.000000,260.000000,0,1,0,1
100001938,baseline,320.000000,360.000000,0,0,0,1
100001938,defense_only,420.000000,460.000000,1,0,0,1
100001942,defense_vs_attack,120.000000,160.000000,1,1,0,1
100001942,baseline,220.000000,260.000000,0,0,0,1
100001942,attack_only,320.000000,360.000000,0,1,0,1
100001942,defense_only,420.000000,460.000000,1,0,0,1
100001939,defense_only,120.000000,160.000000,1,0,0,1
100001939,defense_vs_attack,220.000000,260.000000,1,1,0,1
100001939,baseline,320.000000,360.000000,0,0,0,1
100001939,attack_only,420.000000,460.000000,0,1,0,1
100001943,attack_only,120.000000,160.000000,0,1,1,1
100001943,baseline,220.000000,260.000000,0,0,0,1
100001943,defense_vs_attack,320.000000,360.000000,1,1,0,1
100001943,defense_only,420.000000,460.000000,1,0,0,1
100001944,defense_only,120.000000,160.000000,1,0,1,1
100001944,attack_only,220.000000,260.000000,0,1,1,1
100001944,defense_vs_attack,320.000000,360.000000,1,1,0,1
100001944,baseline,420.000000,460.000000,0,0,1,1
100001950,baseline,120.000000,160.000000,0,0,0,1
100001950,defense_vs_attack,220.000000,260.000000,1,1,0,1
100001950,attack_only,320.000000,360.000000,0,1,0,1
100001950,defense_only,420.000000,460.000000,1,0,0,1
100001952,defense_only,120.000000,160.000000,1,0,1,1
100001952,baseline,220.000000,260.000000,0,0,1,1
100001952,attack_only,320.000000,360.000000,0,1,1,1
100001952,defense_vs_attack,420.000000,460.000000,1,1,0,1
100001958,defense_only,120.000000,160.000000,1,0,1,1
100001958,baseline,220.000000,260.000000,0,0,1,1
100001958,attack_only,320.000000,360.000000,0,1,1,1
100001958,defense_vs_attack,420.000000,460.000000,1,1,0,1
100001964,defense_only,120.000000,160.000000,1,0,0,1
100001964,defense_vs_attack,220.000000,260.000000,1,1,0,1
100001964,baseline,320.000000,360.000000,0,0,0,1
100001964,attack_only,420.000000,460.000000,0,1,1,1
100001962,defense_vs_attack,120.000000,160.000000,1,1,0,1
100001962,baseline,220.000000,260.000000,0,0,1,1
100001962,attack_only,320.000000,360.000000,0,1,1,1
100001962,defense_only,420.000000,460.000000,1,0,1,1
100001961,baseline,120.000000,160.000000,0,0,0,1
100001961,attack_only,220.000000,260.000000,0,1,0,1
100001961,defense_only,320.000000,360.000000,1,0,0,1
100001961,defense_vs_attack,420.000000,460.000000,1,1,0,1
100001965,baseline,120.000000,160.000000,0,0,0,1
100001965,attack_only,220.000000,260.000000,0,1,0,1
100001965,defense_only,320.000000,360.000000,1,0,0,1
100001965,defense_vs_attack,420.000000,460.000000,1,1,0,1
100001967,attack_only,120.000000,160.000000,0,1,1,1
100001967,defense_only,220.000000,260.000000,1,0,0,1
100001967,defense_vs_attack,320.000000,360.000000,1,1,0,1
100001967,baseline,420.000000,460.000000,0,0,0,1
100001978,baseline,120.000000,160.000000,0,0,0,1
100001978,defense_vs_attack,220.000000,260.000000,1,1,0,1
100001978,attack_only,320.000000,360.000000,0,1,0,1
100001978,defense_only,420.000000,460.000000,1,0,0,1
100001980,defense_only,120.000000,160.000000,1,0,0,1
100001980,attack_only,220.000000,260.000000,0,1,0,1
100001980,baseline,320.000000,360.000000,0,0,0,1
100001980,defense_vs_attack,420.000000,460.000000,1,1,0,1
100001979,defense_vs_attack,120.000000,160.000000,1,1,0,1
100001979,defense_only,220.000000,260.000000,1,0,1,1
100001979,attack_only,320.000000,360.000000,0,1,1,1
100001979,baseline,420.000000,460.000000,0,0,1,1
100001976,attack_only,120.000000,160.000000,0,1,1,1
100001976,defense_only,220.000000,260.000000,1,0,0,1
100001976,defense_vs_attack,320.000000,360.000000,1,1,0,1
100001976,baseline,420.000000,460.000000,0,0,1,1
100001982,defense_only,120.000000,160.000000,1,0,0,1
100001982,baseline,220.000000,260.000000,0,0,0,1
100001982,defense_vs_attack,320.000000,360.000000,1,1,0,1
100001982,attack_only,420.000000,460.000000,0,1,0,1
100001986,baseline,120.000000,160.000000,0,0,0,1
100001986,defense_vs_attack,220.000000,260.000000,1,1,0,1
100001986,defense_only,320.000000,360.000000,1,0,0,1
100001986,attack_only,420.000000,460.000000,0,1,1,1
100001987,defense_vs_attack,120.000000,160.000000,1,1,0,1
100001987,defense_only,220.000000,260.000000,1,0,0,1
100001987,attack_only,320.000000,360.000000,0,1,0,1
100001987,baseline,420.000000,460.000000,0,0,0,1
100002002,defense_only,120.000000,160.000000,1,0,0,1
100002002,defense_vs_attack,220.000000,260.000000,1,1,0,1
100002002,baseline,320.000000,360.000000,0,0,0,1
100002002,attack_only,420.000000,460.000000,0,1,0,1
100002003,attack_only,120.000000,160.000000,0,1,0,1
100002003,baseline,220.000000,260.000000,0,0,0,1
100002003,defense_vs_attack,320.000000,360.000000,1,1,0,1
100002003,defense_only,420.000000,460.000000,1,0,0,1
100002000,attack_only,120.000000,160.000000,0,1,0,1
100002000,defense_vs_attack,220.000000,260.000000,1,1,0,1
100002000,defense_only,320.000000,360.000000,1,0,0,1
100002000,baseline,420.000000,460.000000,0,0,0,1
100002007,attack_only,120.000000,160.000000,0,1,1,1
100002007,baseline,220.000000,260.000000,0,0,0,1
100002007,defense_vs_attack,320.000000,360.000000,1,1,0,1
100002007,defense_only,420.000000,460.000000,1,0,1,1
100002008,defense_vs_attack,120.000000,160.000000,1,1,0,1
100002008,attack_only,220.000000,260.000000,0,1,1,1
100002008,defense_only,320.000000,360.000000,1,0,1,1
100002008,baseline,420.000000,460.000000,0,0,1,1
100002014,baseline,120.000000,160.000000,0,0,1,1
100002014,attack_only,220.000000,260.000000,0,1,1,1
100002014,defense_only,320.000000,360.000000,1,0,1,1
100002014,defense_vs_attack,420.000000,460.000000,1,1,0,1
100002013,baseline,120.000000,160.000000,0,0,0,1
100002013,attack_only,220.000000,260.000000,0,1,0,1
100002013,defense_only,320.000000,360.000000,1,0,0,1
100002013,defense_vs_attack,420.000000,460.000000,1,1,0,1
100002018,defense_vs_attack,120.000000,160.000000,1,1,0,1
100002018,defense_only,220.000000,260.000000,1,0,1,1
100002018,attack_only,320.000000,360.000000,0,1,1,1
100002018,baseline,420.000000,460.000000,0,0,1,1
100002023,attack_only,120.000000,160.000000,0,1,0,1
100002023,defense_vs_attack,220.000000,260.000000,1,1,0,1
100002023,defense_only,320.000000,360.000000,1,0,0,1
100002023,baseline,420.000000,460.000000,0,0,0,1
100002027,attack_only,120.000000,160.000000,0,1,1,1
100002027,baseline,220.000000,260.000000,0,0,1,1
100002027,defense_only,320.000000,360.000000,1,0,1,1
100002027,defense_vs_attack,420.000000,460.000000,1,1,0,1
100002022,defense_only,120.000000,160.000000,1,0,0,1
100002022,attack_only,220.000000,260.000000,0,1,0,1
100002022,baseline,320.000000,360.000000,0,0,0,1
100002022,defense_vs_attack,420.000000,460.000000,1,1,0,1
100002035,baseline,120.000000,160.000000,0,0,0,1
100002035,defense_vs_attack,220.000000,260.000000,1,1,0,1
100002035,attack_only,320.000000,360.000000,0,1,0,1
100002035,defense_only,420.000000,460.000000,1,0,0,1
100002039,baseline,120.000000,160.000000,0,0,0,1
100002039,defense_only,220.000000,260.000000,1,0,0,1
100002039,defense_vs_attack,320.000000,360.000000,1,1,0,1
100002039,attack_only,420.000000,460.000000,0,1,0,1
100002036,defense_vs_attack,120.000000,160.000000,1,1,0,1
100002036,attack_only,220.000000,260.000000,0,1,0,1
100002036,defense_only,320.000000,360.000000,1,0,0,1
100002036,baseline,420.000000,460.000000,0,0,0,1
100002042,attack_only,120.000000,160.000000,0,1,0,1
100002042,baseline,220.000000,260.000000,0,0,0,1
100002042,defense_only,320.000000,360.000000,1,0,0,1
100002042,defense_vs_attack,420.000000,460.000000,1,1,0,1
100002043,baseline,120.000000,160.000000,0,0,0,1
100002043,attack_only,220.000000,260.000000,0,1,0,1
100002043,defense_vs_attack,320.000000,360.000000,1,1,0,1
100002043,defense_only,420.000000,460.000000,1,0,0,1
100002050,defense_only,120.000000,160.000000,1,0,0,1
100002050,baseline,220.000000,260.000000,0,0,0,1
100002050,defense_vs_attack,320.000000,360.000000,1,1,0,1
100002050,attack_only,420.000000,460.000000,0,1,0,1
100002049,attack_only,120.000000,160.000000,0,1,0,1
100002049,defense_only,220.000000,260.000000,1,0,0,1
100002049,defense_vs_attack,320.000000,360.000000,1,1,0,1
100002049,baseline,420.000000,460.000000,0,0,0,1
100002060,defense_only,120.000000,160.000000,1,0,0,1
100002060,baseline,220.000000,260.000000,0,0,0,1
100002060,attack_only,320.000000,360.000000,0,1,0,1
100002060,defense_vs_attack,420.000000,460.000000,1,1,0,1
100002067,defense_only,120.000000,160.000000,1,0,0,1
100002067,defense_vs_attack,220.000000,260.000000,1,1,0,1
100002067,attack_only,320.000000,360.000000,0,1,0,1
100002067,baseline,420.000000,460.000000,0,0,0,1
100002063,defense_only,120.000000,160.000000,1,0,0,1
100002063,baseline,220.000000,260.000000,0,0,0,1
100002063,defense_vs_attack,320.000000,360.000000,1,1,0,1
100002063,attack_only,420.000000,460.000000,0,1,1,1
100002069,attack_only,120.000000,160.000000,0,1,0,1
100002069,baseline,220.000000,260.000000,0,0,0,1
100002069,defense_vs_attack,320.000000,360.000000,1,1,0,1
100002069,defense_only,420.000000,460.000000,1,0,0,1
100002070,defense_only,120.000000,160.000000,1,0,0,1
100002070,defense_vs_attack,220.000000,260.000000,1,1,0,1
100002070,attack_only,320.000000,360.000000,0,1,0,1
100002070,baseline,420.000000,460.000000,0,0,0,1
100002071,attack_only,120.000000,160.000000,0,1,0,1
100002071,defense_vs_attack,220.000000,260.000000,1,1,0,1
100002071,baseline,320.000000,360.000000,0,0,0,1
100002071,defense_only,420.000000,460.000000,1,0,0,1
100002076,defense_vs_attack,120.000000,160.000000,1,1,0,1
100002076,defense_only,220.000000,260.000000,1,0,1,1
100002076,baseline,320.000000,360.000000,0,0,1,1
100002076,attack_only,420.000000,460.000000,0,1,1,1
100002085,attack_only,120.000000,160.000000,0,1,1,1
100002085,defense_only,220.000000,260.000000,1,0,1,1
100002085,baseline,320.000000,360.000000,0,0,1,1
100002085,defense_vs_attack,420.000000,460.000000,1,1,0,1
100002083,baseline,120.000000,160.000000,0,0,0,1
100002083,defense_vs_attack,220.000000,260.000000,1,1,0,1
100002083,defense_only,320.000000,360.000000,1,0,1,1
100002083,attack_only,420.000000,460.000000,0,1,1,1
100002092,baseline,120.000000,160.000000,0,0,0,1
100002092,attack_only,220.000000,260.000000,0,1,1,1
100002092,defense_vs_attack,320.000000,360.000000,1,1,0,1
100002092,defense_only,420.000000,460.000000,1,0,1,1
100002087,defense_vs_attack,120.000000,160.000000,1,1,0,1
100002087,defense_only,220.000000,260.000000,1,0,0,1
100002087,baseline,320.000000,360.000000,0,0,0,1
100002087,attack_only,420.000000,460.000000,0,1,0,1
100002095,baseline,120.000000,160.000000,0,0,0,1
100002095,defense_only,220.000000,260.000000,1,0,0,1
100002095,attack_only,320.000000,360.000000,0,1,0,1
100002095,defense_vs_attack,420.000000,460.000000,1,1,0,1
100002094,defense_vs_attack,120.000000,160.000000,1,1,0,1
100002094,attack_only,220.000000,260.000000,0,1,1,1
100002094,defense_only,320.000000,360.000000,1,0,1,1
100002094,baseline,420.000000,460.000000,0,0,1,1
100002097,defense_only,120.000000,160.000000,1,0,1,1
100002097,baseline,220.000000,260.000000,0,0,1,1
100002097,attack_only,320.000000,360.000000,0,1,1,1
100002097,defense_vs_attack,420.000000,460.000000,1,1,0,1
100002100,attack_only,120.000000,160.000000,0,1,0,1
100002100,baseline,220.000000,260.000000,0,0,0,1
100002100,defense_only,320.000000,360.000000,1,0,0,1
100002100,defense_vs_attack,420.000000,460.000000,1,1,0,1
100002098,defense_vs_attack,120.000000,160.000000,1,1,0,1
100002098,baseline,220.000000,260.000000,0,0,0,1
100002098,attack_only,320.000000,360.000000,0,1,0,1
100002098,defense_only,420.000000,460.000000,1,0,0,1
100002106,defense_vs_attack,120.000000,160.000000,1,1,0,1
100002106,defense_only,220.000000,260.000000,1,0,0,1
100002106,baseline,320.000000,360.000000,0,0,0,1
100002106,attack_only,420.000000,460.000000,0,1,0,1
100002108,baseline,120.000000,160.000000,0,0,1,1
100002108,defense_only,220.000000,260.000000,1,0,1,1
100002108,attack_only,320.000000,360.000000,0,1,1,1
100002108,defense_vs_attack,420.000000,460.000000,1,1,0,1
100002104,baseline,120.000000,160.000000,0,0,1,1
100002104,defense_vs_attack,220.000000,260.000000,1,1,0,1
100002104,attack_only,320.000000,360.000000,0,1,1,1
100002104,defense_only,420.000000,460.000000,1,0,1,1
100002113,defense_vs_attack,120.000000,160.000000,1,1,1,1
100002113,attack_only,220.000000,260.000000,0,1,1,1
100002113,baseline,320.000000,360.000000,0,0,1,1
100002113,defense_only,420.000000,460.000000,1,0,1,1
100002115,attack_only,120.000000,160.000000,0,1,0,1
100002115,baseline,220.000000,260.000000,0,0,0,1
100002115,defense_vs_attack,320.000000,360.000000,1,1,0,1
100002115,defense_only,420.000000,460.000000,1,0,0,1
100002123,baseline,120.000000,160.000000,0,0,1,1
100002123,attack_only,220.000000,260.000000,0,1,1,1
100002123,defense_only,320.000000,360.000000,1,0,1,1
100002123,defense_vs_attack,420.000000,460.000000,1,1,0,1
100002118,defense_only,120.000000,160.000000,1,0,1,1
100002118,baseline,220.000000,260.000000,0,0,1,1
100002118,attack_only,320.000000,360.000000,0,1,1,1
100002118,defense_vs_attack,420.000000,460.000000,1,1,0,1
100002122,defense_only,120.000000,160.000000,1,0,0,1
100002122,defense_vs_attack,220.000000,260.000000,1,1,0,1
100002122,attack_only,320.000000,360.000000,0,1,0,1
100002122,baseline,420.000000,460.000000,0,0,0,1
100002133,baseline,120.000000,160.000000,0,0,0,1
100002133,attack_only,220.000000,260.000000,0,1,0,1
100002133,defense_only,320.000000,360.000000,1,0,0,1
100002133,defense_vs_attack,420.000000,460.000000,1,1,0,1
100002134,attack_only,120.000000,160.000000,0,1,1,1
100002134,baseline,220.000000,260.000000,0,0,0,1
100002134,defense_vs_attack,320.000000,360.000000,1,1,0,1
100002134,defense_only,420.000000,460.000000,1,0,0,1
100002140,defense_only,120.000000,160.000000,1,0,0,1
100002140,baseline,220.000000,260.000000,0,0,0,1
100002140,defense_vs_attack,320.000000,360.000000,1,1,0,1
100002140,attack_only,420.000000,460.000000,0,1,1,1
100002141,baseline,120.000000,160.000000,0,0,0,1
100002141,defense_vs_attack,220.000000,260.000000,1,1,0,1
100002141,attack_only,320.000000,360.000000,0,1,1,1
100002141,defense_only,420.000000,460.000000,1,0,0,1
100002144,baseline,120.000000,160.000000,0,0,0,1
100002144,defense_vs_attack,220.000000,260.000000,1,1,0,1
100002144,attack_only,320.000000,360.000000,0,1,0,1
100002144,defense_only,420.000000,460.000000,1,0,0,1
100002149,attack_only,120.000000,160.000000,0,1,0,1
100002149,defense_only,220.000000,260.000000,1,0,1,1
100002149,defense_vs_attack,320.000000,360.000000,1,1,0,1
100002149,baseline,420.000000,460.000000,0,0,0,1
100002153,baseline,120.000000,160.000000,0,0,0,1
100002153,attack_only,220.000000,260.000000,0,1,0,1
100002153,defense_only,320.000000,360.000000,1,0,0,1
100002153,defense_vs_attack,420.000000,460.000000,1,1,0,1
100002165,attack_only,120.000000,160.000000,0,1,1,1
100002165,defense_only,220.000000,260.000000,1,0,0,1
100002165,defense_vs_attack,320.000000,360.000000,1,1,0,1
100002165,baseline,420.000000,460.000000,0,0,0,1
100002163,defense_only,120.000000,160.000000,1,0,0,1
100002163,baseline,220.000000,260.000000,0,0,0,1
100002163,attack_only,320.000000,360.000000,0,1,0,1
100002163,defense_vs_attack,420.000000,460.000000,1,1,0,1
100002164,attack_only,120.000000,160.000000,0,1,0,1
100002164,defense_only,220.000000,260.000000,1,0,0,1
100002164,defense_vs_attack,320.000000,360.000000,1,1,0,1
100002164,baseline,420.000000,460.000000,0,0,0,1
100002168,defense_only,120.000000,160.000000,1,0,0,1
100002168,baseline,220.000000,260.000000,0,0,0,1
100002168,attack_only,320.000000,360.000000,0,1,0,1
100002168,defense_vs_attack,420.000000,460.000000,1,1,0,1
100002167,baseline,120.000000,160.000000,0,0,0,1
100002167,defense_vs_attack,220.000000,260.000000,1,1,0,1
100002167,attack_only,320.000000,360.000000,0,1,0,1
100002167,defense_only,420.000000,460.000000,1,0,0,1
100002169,baseline,120.000000,160.000000,0,0,0,1
100002169,defense_only,220.000000,260.000000,1,0,0,1
100002169,defense_vs_attack,320.000000,360.000000,1,1,0,1
100002169,attack_only,420.000000,460.000000,0,1,1,1
100002176,defense_vs_attack,120.000000,160.000000,1,1,0,1
100002176,defense_only,220.000000,260.000000,1,0,1,1
100002176,baseline,320.000000,360.000000,0,0,1,1
100002176,attack_only,420.000000,460.000000,0,1,1,1
100002180,attack_only,120.000000,160.000000,0,1,1,1
100002180,baseline,220.000000,260.000000,0,0,0,1
100002180,defense_only,320.000000,360.000000,1,0,0,1
100002180,defense_vs_attack,420.000000,460.000000,1,1,0,1
100002181,defense_only,120.000000,160.000000,1,0,0,1
100002181,attack_only,220.000000,260.000000,0,1,0,1
100002181,baseline,320.000000,360.000000,0,0,0,1
100002181,defense_vs_attack,420.000000,460.000000,1,1,0,1
100002188,defense_vs_attack,120.000000,160.000000,1,1,0,1
100002188,defense_only,220.000000,260.000000,1,0,0,1
100002188,attack_only,320.000000,360.000000,0,1,1,1
100002188,baseline,420.000000,460.000000,0,0,0,1
100002191,baseline,120.000000,160.000000,0,0,0,1
100002191,defense_only,220.000000,260.000000,1,0,0,1
100002191,attack_only,320.000000,360.000000,0,1,0,1
100002191,defense_vs_attack,420.000000,460.000000,1,1,0,1
100002189,attack_only,120.000000,160.000000,0,1,0,1
100002189,defense_vs_attack,220.000000,260.000000,1,1,0,1
100002189,defense_only,320.000000,360.000000,1,0,0,1
100002189,baseline,420.000000,460.000000,0,0,0,1
100002192,baseline,120.000000,160.000000,0,0,0,1
100002192,defense_only,220.000000,260.000000,1,0,0,1
100002192,defense_vs_attack,320.000000,360.000000,1,1,0,1
100002192,attack_only,420.000000,460.000000,0,1,0,1
100002193,defense_vs_attack,120.000000,160.000000,1,1,0,1
100002193,attack_only,220.000000,260.000000,0,1,0,1
100002193,defense_only,320.000000,360.000000,1,0,0,1
100002193,baseline,420.000000,460.000000,0,0,0,1
100002196,defense_only,120.000000,160.000000,1,0,1,1
100002196,baseline,220.000000,260.000000,0,0,1,1
100002196,defense_vs_attack,320.000000,360.000000,1,1,0,1
100002196,attack_only,420.000000,460.000000,0,1,1,1
100002195,baseline,120.000000,160.000000,0,0,0,1
100002195,defense_only,220.000000,260.000000,1,0,0,1
100002195,defense_vs_attack,320.000000,360.000000,1,1,0,1
100002195,attack_only,420.000000,460.000000,0,1,1,1
100002198,baseline,120.000000,160.000000,0,0,0,1
100002198,defense_only,220.000000,260.000000,1,0,0,1
100002198,defense_vs_attack,320.000000,360.000000,1,1,0,1
100002198,attack_only,420.000000,460.000000,0,1,0,1
100002206,baseline,120.000000,160.000000,0,0,0,1
100002206,defense_only,220.000000,260.000000,1,0,0,1
100002206,attack_only,320.000000,360.000000,0,1,0,1
100002206,defense_vs_attack,420.000000,460.000000,1,1,0,1
100002212,baseline,120.000000,160.000000,0,0,0,1
100002212,defense_vs_attack,220.000000,260.000000,1,1,0,1
100002212,attack_only,320.000000,360.000000,0,1,1,1
100002212,defense_only,420.000000,460.000000,1,0,0,1
100002211,defense_vs_attack,120.000000,160.000000,1,1,0,1
100002211,defense_only,220.000000,260.000000,1,0,0,1
100002211,attack_only,320.000000,360.000000,0,1,0,1
100002211,baseline,420.000000,460.000000,0,0,0,1
100002217,defense_vs_attack,120.000000,160.000000,1,1,0,1
100002217,defense_only,220.000000,260.000000,1,0,0,1
100002217,attack_only,320.000000,360.000000,0,1,0,1
100002217,baseline,420.000000,460.000000,0,0,0,1
100002219,attack_only,120.000000,160.000000,0,1,0,1
100002219,defense_vs_attack,220.000000,260.000000,1,1,0,1
100002219,defense_only,320.000000,360.000000,1,0,0,1
100002219,baseline,420.000000,460.000000,0,0,0,1
100002216,baseline,120.000000,160.000000,0,0,1,1
100002216,defense_vs_attack,220.000000,260.000000,1,1,0,1
100002216,attack_only,320.000000,360.000000,0,1,1,1
100002216,defense_only,420.000000,460.000000,1,0,1,1
100002222,defense_vs_attack,120.000000,160.000000,1,1,0,1
100002222,attack_only,220.000000,260.000000,0,1,0,1
100002222,baseline,320.000000,360.000000,0,0,0,1
100002222,defense_only,420.000000,460.000000,1,0,0,1
100002221,attack_only,120.000000,160.000000,0,1,1,1
100002221,defense_vs_attack,220.000000,260.000000,1,1,0,1
100002221,baseline,320.000000,360.000000,0,0,1,1
100002221,defense_only,420.000000,460.000000,1,0,1,1
100002224,defense_vs_attack,120.000000,160.000000,1,1,0,1
100002224,baseline,220.000000,260.000000,0,0,0,1
100002224,defense_only,320.000000,360.000000,1,0,0,1
100002224,attack_only,420.000000,460.000000,0,1,0,1
100002227,attack_only,120.000000,160.000000,0,1,0,1
100002227,defense_only,220.000000,260.000000,1,0,0,1
100002227,baseline,320.000000,360.000000,0,0,0,1
100002227,defense_vs_attack,420.000000,460.000000,1,1,0,1
100002232,attack_only,120.000000,160.000000,0,1,1,1
100002232,baseline,220.000000,260.000000,0,0,1,1
100002232,defense_vs_attack,320.000000,360.000000,1,1,0,1
100002232,defense_only,420.000000,460.000000,1,0,1,1
100002237,attack_only,120.000000,160.000000,0,1,1,1
100002237,defense_only,220.000000,260.000000,1,0,1,1
100002237,baseline,320.000000,360.000000,0,0,1,1
100002237,defense_vs_attack,420.000000,460.000000,1,1,0,1
100002238,defense_vs_attack,120.000000,160.000000,1,1,0,1
100002238,attack_only,220.000000,260.000000,0,1,0,1
100002238,baseline,320.000000,360.000000,0,0,0,1
100002238,defense_only,420.000000,460.000000,1,0,0,1
100002241,baseline,120.000000,160.000000,0,0,0,1
100002241,defense_vs_attack,220.000000,260.000000,1,1,0,1
100002241,attack_only,320.000000,360.000000,0,1,0,1
100002241,defense_only,420.000000,460.000000,1,0,1,1
100002239,defense_vs_attack,120.000000,160.000000,1,1,0,1
100002239,baseline,220.000000,260.000000,0,0,0,1
100002239,defense_only,320.000000,360.000000,1,0,0,1
100002239,attack_only,420.000000,460.000000,0,1,0,1
100002242,defense_only,120.000000,160.000000,1,0,0,1
100002242,defense_vs_attack,220.000000,260.000000,1,1,0,1
100002242,attack_only,320.000000,360.000000,0,1,1,1
100002242,baseline,420.000000,460.000000,0,0,1,1
100002243,defense_vs_attack,120.000000,160.000000,1,1,0,1
100002243,attack_only,220.000000,260.000000,0,1,0,1
100002243,baseline,320.000000,360.000000,0,0,0,1
100002243,defense_only,420.000000,460.000000,1,0,0,1
100002244,defense_only,120.000000,160.000000,1,0,1,1
100002244,defense_vs_attack,220.000000,260.000000,1,1,0,1
100002244,baseline,320.000000,360.000000,0,0,1,1
100002244,attack_only,420.000000,460.000000,0,1,1,1
100002245,attack_only,120.000000,160.000000,0,1,0,1
100002245,baseline,220.000000,260.000000,0,0,0,1
100002245,defense_only,320.000000,360.000000,1,0,0,1
100002245,defense_vs_attack,420.000000,460.000000,1,1,0,1
100002251,attack_only,120.000000,160.000000,0,1,0,1
100002251,defense_only,220.000000,260.000000,1,0,0,1
100002251,defense_vs_attack,320.000000,360.000000,1,1,0,1
100002251,baseline,420.000000,460.000000,0,0,0,1
100002246,defense_only,120.000000,160.000000,1,0,0,1
100002246,baseline,220.000000,260.000000,0,0,0,1
100002246,attack_only,320.000000,360.000000,0,1,0,1
100002246,defense_vs_attack,420.000000,460.000000,1,1,0,1
100002249,defense_vs_attack,120.000000,160.000000,1,1,0,1
100002249,attack_only,220.000000,260.000000,0,1,0,1
100002249,defense_only,320.000000,360.000000,1,0,0,1
100002249,baseline,420.000000,460.000000,0,0,0,1
100002254,attack_only,120.000000,160.000000,0,1,0,1
100002254,baseline,220.000000,260.000000,0,0,0,1
100002254,defense_vs_attack,320.000000,360.000000,1,1,0,1
100002254,defense_only,420.000000,460.000000,1,0,0,1
100002253,defense_vs_attack,120.000000,160.000000,1,1,0,1
100002253,defense_only,220.000000,260.000000,1,0,0,1
100002253,baseline,320.000000,360.000000,0,0,0,1
100002253,attack_only,420.000000,460.000000,0,1,0,1
100002260,baseline,120.000000,160.000000,0,0,0,1
100002260,defense_vs_attack,220.000000,260.000000,1,1,0,1
100002260,attack_only,320.000000,360.000000,0,1,0,1
100002260,defense_only,420.000000,460.000000,1,0,0,1
100002262,attack_only,120.000000,160.000000,0,1,0,1
100002262,baseline,220.000000,260.000000,0,0,0,1
100002262,defense_vs_attack,320.000000,360.000000,1,1,0,1
100002262,defense_only,420.000000,460.000000,1,0,0,1
100002270,defense_only,120.000000,160.000000,1,0,0,1
100002270,attack_only,220.000000,260.000000,0,1,0,1
100002270,baseline,320.000000,360.000000,0,0,0,1
100002270,defense_vs_attack,420.000000,460.000000,1,1,0,1
100002271,attack_only,120.000000,160.000000,0,1,0,1
100002271,defense_vs_attack,220.000000,260.000000,1,1,0,1
100002271,baseline,320.000000,360.000000,0,0,1,1
100002271,defense_only,420.000000,460.000000,1,0,1,1
100002269,attack_only,120.000000,160.000000,0,1,0,1
100002269,defense_only,220.000000,260.000000,1,0,0,1
100002269,baseline,320.000000,360.000000,0,0,0,1
100002269,defense_vs_attack,420.000000,460.000000,1,1,0,1
100002273,defense_vs_attack,120.000000,160.000000,1,1,0,1
100002273,defense_only,220.000000,260.000000,1,0,0,1
100002273,attack_only,320.000000,360.000000,0,1,0,1
100002273,baseline,420.000000,460.000000,0,0,0,1
100002276,defense_only,120.000000,160.000000,1,0,1,1
100002276,baseline,220.000000,260.000000,0,0,1,1
100002276,defense_vs_attack,320.000000,360.000000,1,1,0,1
100002276,attack_only,420.000000,460.000000,0,1,1,1
100002279,attack_only,120.000000,160.000000,0,1,1,1
100002279,baseline,220.000000,260.000000,0,0,1,1
100002279,defense_vs_attack,320.000000,360.000000,1,1,0,1
100002279,defense_only,420.000000,460.000000,1,0,1,1
100002281,defense_only,120.000000,160.000000,1,0,0,1
100002281,defense_vs_attack,220.000000,260.000000,1,1,0,1
100002281,attack_only,320.000000,360.000000,0,1,0,1
100002281,baseline,420.000000,460.000000,0,0,0,1
100002285,attack_only,120.000000,160.000000,0,1,0,1
100002285,defense_vs_attack,220.000000,260.000000,1,1,0,1
100002285,baseline,320.000000,360.000000,0,0,0,1
100002285,defense_only,420.000000,460.000000,1,0,0,1
100002284,defense_vs_attack,120.000000,160.000000,1,1,0,1
100002284,attack_only,220.000000,260.000000,0,1,0,1
100002284,baseline,320.000000,360.000000,0,0,0,1
100002284,defense_only,420.000000,460.000000,1,0,0,1
100002283,defense_vs_attack,120.000000,160.000000,1,1,0,1
100002283,attack_only,220.000000,260.000000,0,1,1,1
100002283,baseline,320.000000,360.000000,0,0,1,1
100002283,defense_only,420.000000,460.000000,1,0,1,1
100002288,defense_only,120.000000,160.000000,1,0,0,1
100002288,defense_vs_attack,220.000000,260.000000,1,1,0,1
100002288,attack_only,320.000000,360.000000,0,1,0,1
100002288,baseline,420.000000,460.000000,0,0,0,1
100002292,defense_only,120.000000,160.000000,1,0,0,1
100002292,baseline,220.000000,260.000000,0,0,0,1
100002292,attack_only,320.000000,360.000000,0,1,1,1
100002292,defense_vs_attack,420.000000,460.000000,1,1,1,1
100002294,attack_only,120.000000,160.000000,0,1,1,1
100002294,defense_vs_attack,220.000000,260.000000,1,1,0,1
100002294,defense_only,320.000000,360.000000,1,0,1,1
100002294,baseline,420.000000,460.000000,0,0,1,1
100002297,defense_vs_attack,120.000000,160.000000,1,1,0,1
100002297,defense_only,220.000000,260.000000,1,0,0,1
100002297,attack_only,320.000000,360.000000,0,1,0,1
100002297,baseline,420.000000,460.000000,0,0,0,1
100002298,defense_vs_attack,120.000000,160.000000,1,1,0,1
100002298,defense_only,220.000000,260.000000,1,0,0,1
100002298,attack_only,320.000000,360.000000,0,1,0,1
100002298,baseline,420.000000,460.000000,0,0,0,1
100002301,attack_only,120.000000,160.000000,0,1,0,1
100002301,baseline,220.000000,260.000000,0,0,0,1
100002301,defense_vs_attack,320.000000,360.000000,1,1,0,1
100002301,defense_only,420.000000,460.000000,1,0,0,1
100002300,defense_vs_attack,120.000000,160.000000,1,1,0,1
100002300,defense_only,220.000000,260.000000,1,0,0,1
100002300,attack_only,320.000000,360.000000,0,1,0,1
100002300,baseline,420.000000,460.000000,0,0,0,1
100002303,baseline,120.000000,160.000000,0,0,0,1
100002303,attack_only,220.000000,260.000000,0,1,1,1
100002303,defense_only,320.000000,360.000000,1,0,0,1
100002303,defense_vs_attack,420.000000,460.000000,1,1,0,1
100002305,baseline,120.000000,160.000000,0,0,0,1
100002305,defense_vs_attack,220.000000,260.000000,1,1,0,1
100002305,defense_only,320.000000,360.000000,1,0,0,1
100002305,attack_only,420.000000,460.000000,0,1,0,1
100002310,defense_vs_attack,120.000000,160.000000,1,1,0,1
100002310,baseline,220.000000,260.000000,0,0,1,1
100002310,attack_only,320.000000,360.000000,0,1,1,1
100002310,defense_only,420.000000,460.000000,1,0,1,1
100002308,defense_vs_attack,120.000000,160.000000,1,1,0,1
100002308,defense_only,220.000000,260.000000,1,0,0,1
100002308,baseline,320.000000,360.000000,0,0,0,1
100002308,attack_only,420.000000,460.000000,0,1,0,1
100002316,baseline,120.000000,160.000000,0,0,0,1
100002316,defense_vs_attack,220.000000,260.000000,1,1,0,1
100002316,defense_only,320.000000,360.000000,1,0,0,1
100002316,attack_only,420.000000,460.000000,0,1,0,1
100002319,defense_only,120.000000,160.000000,1,0,1,1
100002319,baseline,220.000000,260.000000,0,0,1,1
100002319,defense_vs_attack,320.000000,360.000000,1,1,0,1
100002319,attack_only,420.000000,460.000000,0,1,0,1
100002325,attack_only,120.000000,160.000000,0,1,0,1
100002325,defense_only,220.000000,260.000000,1,0,0,1
100002325,defense_vs_attack,320.000000,360.000000,1,1,0,1
100002325,baseline,420.000000,460.000000,0,0,0,1
100002324,defense_vs_attack,120.000000,160.000000,1,1,0,1
100002324,defense_only,220.000000,260.000000,1,0,0,1
100002324,baseline,320.000000,360.000000,0,0,0,1
100002324,attack_only,420.000000,460.000000,0,1,0,1
100002328,defense_only,120.000000,160.000000,1,0,0,1
100002328,attack_only,220.000000,260.000000,0,1,0,1
100002328,defense_vs_attack,320.000000,360.000000,1,1,0,1
100002328,baseline,420.000000,460.000000,0,0,0,1
100002335,attack_only,120.000000,160.000000,0,1,0,1
100002335,baseline,220.000000,260.000000,0,0,0,1
100002335,defense_vs_attack,320.000000,360.000000,1,1,0,1
100002335,defense_only,420.000000,460.000000,1,0,0,1
100002339,defense_only,120.000000,160.000000,1,0,1,1
100002339,baseline,220.000000,260.000000,0,0,1,1
100002339,defense_vs_attack,320.000000,360.000000,1,1,0,1
100002339,attack_only,420.000000,460.000000,0,1,1,1
100002341,attack_only,120.000000,160.000000,0,1,1,1
100002341,defense_only,220.000000,260.000000,1,0,0,1
100002341,defense_vs_attack,320.000000,360.000000,1,1,0,1
100002341,baseline,420.000000,460.000000,0,0,0,1
100002344,baseline,120.000000,160.000000,0,0,0,1
100002344,defense_only,220.000000,260.000000,1,0,0,1
100002344,attack_only,320.000000,360.000000,0,1,0,1
100002344,defense_vs_attack,420.000000,460.000000,1,1,0,1
100002342,attack_only,120.000000,160.000000,0,1,1,1
100002342,defense_vs_attack,220.000000,260.000000,1,1,0,1
100002342,defense_only,320.000000,360.000000,1,0,1,1
100002342,baseline,420.000000,460.000000,0,0,1,1
100002350,baseline,120.000000,160.000000,0,0,0,1
100002350,defense_vs_attack,220.000000,260.000000,1,1,0,1
100002350,attack_only,320.000000,360.000000,0,1,0,1
100002350,defense_only,420.000000,460.000000,1,0,0,1
100002361,baseline,120.000000,160.000000,0,0,0,1
100002361,defense_vs_attack,220.000000,260.000000,1,1,0,1
100002361,attack_only,320.000000,360.000000,0,1,0,1
100002361,defense_only,420.000000,460.000000,1,0,0,1
100002363,attack_only,120.000000,160.000000,0,1,0,1
100002363,baseline,220.000000,260.000000,0,0,0,1
100002363,defense_vs_attack,320.000000,360.000000,1,1,0,1
100002363,defense_only,420.000000,460.000000,1,0,0,1
100002372,baseline,120.000000,160.000000,0,0,1,1
100002372,defense_vs_attack,220.000000,260.000000,1,1,0,1
100002372,attack_only,320.000000,360.000000,0,1,1,1
100002372,defense_only,420.000000,460.000000,1,0,1,1
100002377,attack_only,120.000000,160.000000,0,1,0,1
100002377,defense_only,220.000000,260.000000,1,0,0,1
100002377,defense_vs_attack,320.000000,360.000000,1,1,0,1
100002377,baseline,420.000000,460.000000,0,0,0,1
100002380,defense_vs_attack,120.000000,160.000000,1,1,0,1
100002380,attack_only,220.000000,260.000000,0,1,1,1
100002380,baseline,320.000000,360.000000,0,0,0,1
100002380,defense_only,420.000000,460.000000,1,0,0,1
100002386,defense_only,120.000000,160.000000,1,0,0,1
100002386,baseline,220.000000,260.000000,0,0,0,1
100002386,defense_vs_attack,320.000000,360.000000,1,1,0,1
100002386,attack_only,420.000000,460.000000,0,1,0,1
100002387,defense_only,120.000000,160.000000,1,0,1,1
100002387,defense_vs_attack,220.000000,260.000000,1,1,0,1
100002387,attack_only,320.000000,360.000000,0,1,1,1
100002387,baseline,420.000000,460.000000,0,0,1,1
100002391,defense_only,120.000000,160.000000,1,0,1,1
100002391,baseline,220.000000,260.000000,0,0,1,1
100002391,attack_only,320.000000,360.000000,0,1,1,1
100002391,defense_vs_attack,420.000000,460.000000,1,1,0,1
100002392,attack_only,120.000000,160.000000,0,1,0,1
100002392,baseline,220.000000,260.000000,0,0,0,1
100002392,defense_vs_attack,320.000000,360.000000,1,1,0,1
100002392,defense_only,420.000000,460.000000,1,0,1,1
100002395,attack_only,120.000000,160.000000,0,1,0,1
100002395,defense_only,220.000000,260.000000,1,0,0,1
100002395,defense_vs_attack,320.000000,360.000000,1,1,0,1
100002395,baseline,420.000000,460.000000,0,0,0,1
100002399,attack_only,120.000000,160.000000,0,1,0,1
100002399,baseline,220.000000,260.000000,0,0,0,1
100002399,defense_vs_attack,320.000000,360.000000,1,1,0,1
100002399,defense_only,420.000000,460.000000,1,0,0,1
100002401,defense_only,120.000000,160.000000,1,0,0,1
100002401,attack_only,220.000000,260.000000,0,1,0,1
100002401,baseline,320.000000,360.000000,0,0,0,1
100002401,defense_vs_attack,420.000000,460.000000,1,1,0,1
100002404,attack_only,120.000000,160.000000,0,1,1,1
100002404,defense_vs_attack,220.000000,260.000000,1,1,0,1
100002404,baseline,320.000000,360.000000,0,0,1,1
100002404,defense_only,420.000000,460.000000,1,0,1,1
100002405,attack_only,120.000000,160.000000,0,1,1,1
100002405,defense_vs_attack,220.000000,260.000000,1,1,0,1
100002405,defense_only,320.000000,360.000000,1,0,0,1
100002405,baseline,420.000000,460.000000,0,0,0,1
100002413,attack_only,120.000000,160.000000,0,1,0,1
100002413,baseline,220.000000,260.000000,0,0,0,1
100002413,defense_vs_attack,320.000000,360.000000,1,1,0,1
100002413,defense_only,420.000000,460.000000,1,0,0,1
100002408,defense_vs_attack,120.000000,160.000000,1,1,0,1
100002408,attack_only,220.000000,260.000000,0,1,0,1
100002408,defense_only,320.000000,360.000000,1,0,0,1
100002408,baseline,420.000000,460.000000,0,0,0,1
100002416,attack_only,120.000000,160.000000,0,1,0,1
100002416,defense_vs_attack,220.000000,260.000000,1,1,0,1
100002416,defense_only,320.000000,360.000000,1,0,0,1
100002416,baseline,420.000000,460.000000,0,0,1,1
100002421,baseline,120.000000,160.000000,0,0,0,1
100002421,defense_vs_attack,220.000000,260.000000,1,1,0,1
100002421,attack_only,320.000000,360.000000,0,1,0,1
100002421,defense_only,420.000000,460.000000,1,0,0,1
100002422,defense_only,120.000000,160.000000,1,0,0,1
100002422,defense_vs_attack,220.000000,260.000000,1,1,0,1
100002422,attack_only,320.000000,360.000000,0,1,0,1
100002422,baseline,420.000000,460.000000,0,0,0,1
100002418,defense_only,120.000000,160.000000,1,0,1,1
100002418,attack_only,220.000000,260.000000,0,1,1,1
100002418,baseline,320.000000,360.000000,0,0,1,1
100002418,defense_vs_attack,420.000000,460.000000,1,1,0,1
100002425,baseline,120.000000,160.000000,0,0,0,1
100002425,defense_only,220.000000,260.000000,1,0,0,1
100002425,attack_only,320.000000,360.000000,0,1,0,1
100002425,defense_vs_attack,420.000000,460.000000,1,1,0,1
100002428,baseline,120.000000,160.000000,0,0,0,1
100002428,defense_vs_attack,220.000000,260.000000,1,1,0,1
100002428,defense_only,320.000000,360.000000,1,0,0,1
100002428,attack_only,420.000000,460.000000,0,1,0,1
100002431,defense_only,120.000000,160.000000,1,0,0,1
100002431,attack_only,220.000000,260.000000,0,1,0,1
100002431,defense_vs_attack,320.000000,360.000000,1,1,0,1
100002431,baseline,420.000000,460.000000,0,0,0,1
100002432,defense_vs_attack,120.000000,160.000000,1,1,0,1
100002432,baseline,220.000000,260.000000,0,0,0,1
100002432,defense_only,320.000000,360.000000,1,0,0,1
100002432,attack_only,420.000000,460.000000,0,1,1,1
100002440,attack_only,120.000000,160.000000,0,1,1,1
100002440,baseline,220.000000,260.000000,0,0,0,1
100002440,defense_vs_attack,320.000000,360.000000,1,1,0,1
100002440,defense_only,420.000000,460.000000,1,0,0,1
100002437,defense_only,120.000000,160.000000,1,0,1,1
100002437,baseline,220.000000,260.000000,0,0,1,1
100002437,defense_vs_attack,320.000000,360.000000,1,1,0,1
100002437,attack_only,420.000000,460.000000,0,1,1,1
100002439,defense_vs_attack,120.000000,160.000000,1,1,0,1
100002439,defense_only,220.000000,260.000000,1,0,0,1
100002439,attack_only,320.000000,360.000000,0,1,0,1
100002439,baseline,420.000000,460.000000,0,0,0,1
100002441,defense_vs_attack,120.000000,160.000000,1,1,0,1
100002441,baseline,220.000000,260.000000,0,0,0,1
100002441,attack_only,320.000000,360.000000,0,1,0,1
100002441,defense_only,420.000000,460.000000,1,0,0,1
100002443,defense_only,120.000000,160.000000,1,0,0,1
100002443,attack_only,220.000000,260.000000,0,1,0,1
100002443,defense_vs_attack,320.000000,360.000000,1,1,0,1
100002443,baseline,420.000000,460.000000,0,0,0,1
100002448,defense_vs_attack,120.000000,160.000000,1,1,0,1
100002448,baseline,220.000000,260.000000,0,0,0,1
100002448,attack_only,320.000000,360.000000,0,1,0,1
100002448,defense_only,420.000000,460.000000,1,0,0,1
100002450,defense_vs_attack,120.000000,160.000000,1,1,0,1
100002450,baseline,220.000000,260.000000,0,0,0,1
100002450,defense_only,320.000000,360.000000,1,0,0,1
100002450,attack_only,420.000000,460.000000,0,1,0,1
100002463,defense_vs_attack,120.000000,160.000000,1,1,0,1
100002463,baseline,220.000000,260.000000,0,0,0,1
100002463,defense_only,320.000000,360.000000,1,0,0,1
100002463,attack_only,420.000000,460.000000,0,1,0,1
100002460,defense_vs_attack,120.000000,160.000000,1,1,0,1
100002460,defense_only,220.000000,260.000000,1,0,1,1
100002460,attack_only,320.000000,360.000000,0,1,1,1
100002460,baseline,420.000000,460.000000,0,0,1,1
100002464,defense_vs_attack,120.000000,160.000000,1,1,0,1
100002464,defense_only,220.000000,260.000000,1,0,0,1
100002464,baseline,320.000000,360.000000,0,0,0,1
100002464,attack_only,420.000000,460.000000,0,1,0,1
100002467,attack_only,120.000000,160.000000,0,1,1,1
100002467,defense_vs_attack,220.000000,260.000000,1,1,0,1
100002467,baseline,320.000000,360.000000,0,0,1,1
100002467,defense_only,420.000000,460.000000,1,0,1,1
100002468,defense_only,120.000000,160.000000,1,0,0,1
100002468,baseline,220.000000,260.000000,0,0,0,1
100002468,attack_only,320.000000,360.000000,0,1,0,1
100002468,defense_vs_attack,420.000000,460.000000,1,1,0,1
100002472,baseline,120.000000,160.000000,0,0,1,1
100002472,attack_only,220.000000,260.000000,0,1,1,1
100002472,defense_only,320.000000,360.000000,1,0,1,1
100002472,defense_vs_attack,420.000000,460.000000,1,1,0,1
100002479,defense_vs_attack,120.000000,160.000000,1,1,0,1
100002479,defense_only,220.000000,260.000000,1,0,0,1
100002479,baseline,320.000000,360.000000,0,0,0,1
100002479,attack_only,420.000000,460.000000,0,1,1,1
100002490,defense_vs_attack,120.000000,160.000000,1,1,0,1
100002490,baseline,220.000000,260.000000,0,0,0,1
100002490,attack_only,320.000000,360.000000,0,1,1,1
100002490,defense_only,420.000000,460.000000,1,0,0,1
100002495,defense_vs_attack,120.000000,160.000000,1,1,0,1
100002495,baseline,220.000000,260.000000,0,0,0,1
100002495,defense_only,320.000000,360.000000,1,0,0,1
100002495,attack_only,420.000000,460.000000,0,1,0,1
100002496,baseline,120.000000,160.000000,0,0,0,1
100002496,defense_vs_attack,220.000000,260.000000,1,1,0,1
100002496,attack_only,320.000000,360.000000,0,1,1,1
100002496,defense_only,420.000000,460.000000,1,0,0,1
100002493,defense_vs_attack,120.000000,160.000000,1,1,0,1
100002493,baseline,220.000000,260.000000,0,0,1,1
100002493,defense_only,320.000000,360.000000,1,0,1,1
100002493,attack_only,420.000000,460.000000,0,1,1,1
100002499,attack_only,120.000000,160.000000,0,1,0,1
100002499,defense_vs_attack,220.000000,260.000000,1,1,0,1
100002499,defense_only,320.000000,360.000000,1,0,0,1
100002499,baseline,420.000000,460.000000,0,0,0,1
100002500,attack_only,120.000000,160.000000,0,1,0,1
100002500,defense_vs_attack,220.000000,260.000000,1,1,0,1
100002500,defense_only,320.000000,360.000000,1,0,0,1
100002500,baseline,420.000000,460.000000,0,0,0,1
100002501,defense_vs_attack,120.000000,160.000000,1,1,0,1
100002501,attack_only,220.000000,260.000000,0,1,1,1
100002501,baseline,320.000000,360.000000,0,0,1,1
100002501,defense_only,420.000000,460.000000,1,0,0,1
100002502,baseline,120.000000,160.000000,0,0,1,1
100002502,defense_vs_attack,220.000000,260.000000,1,1,0,1
100002502,attack_only,320.000000,360.000000,0,1,1,1
100002502,defense_only,420.000000,460.000000,1,0,1,1
100002503,attack_only,120.000000,160.000000,0,1,0,1
100002503,defense_vs_attack,220.000000,260.000000,1,1,0,1
100002503,defense_only,320.000000,360.000000,1,0,0,1
100002503,baseline,420.000000,460.000000,0,0,0,1
100002510,defense_only,120.000000,160.000000,1,0,0,1
100002510,attack_only,220.000000,260.000000,0,1,0,1
100002510,baseline,320.000000,360.000000,0,0,0,1
100002510,defense_vs_attack,420.000000,460.000000,1,1,0,1
100002512,defense_vs_attack,120.000000,160.000000,1,1,0,1
100002512,defense_only,220.000000,260.000000,1,0,0,1
100002512,attack_only,320.000000,360.000000,0,1,0,1
100002512,baseline,420.000000,460.000000,0,0,0,1
100002524,defense_only,120.000000,160.000000,1,0,0,1
100002524,defense_vs_attack,220.000000,260.000000,1,1,0,1
100002524,baseline,320.000000,360.000000,0,0,0,1
100002524,attack_only,420.000000,460.000000,0,1,0,1
100002538,defense_vs_attack,120.000000,160.000000,1,1,0,1
100002538,defense_only,220.000000,260.000000,1,0,0,1
100002538,attack_only,320.000000,360.000000,0,1,0,1
100002538,baseline,420.000000,460.000000,0,0,0,1
100002551,baseline,120.000000,160.000000,0,0,0,1
100002551,attack_only,220.000000,260.000000,0,1,1,1
100002551,defense_only,320.000000,360.000000,1,0,0,1
100002551,defense_vs_attack,420.000000,460.000000,1,1,0,1
100002547,attack_only,120.000000,160.000000,0,1,0,1
100002547,defense_only,220.000000,260.000000,1,0,0,1
100002547,defense_vs_attack,320.000000,360.000000,1,1,0,1
100002547,baseline,420.000000,460.000000,0,0,0,1
100002565,attack_only,120.000000,160.000000,0,1,1,1
100002565,defense_vs_attack,220.000000,260.000000,1,1,0,1
100002565,defense_only,320.000000,360.000000,1,0,1,1
100002565,baseline,420.000000,460.000000,0,0,1,1
100002564,baseline,120.000000,160.000000,0,0,1,1
100002564,defense_only,220.000000,260.000000,1,0,1,1
100002564,attack_only,320.000000,360.000000,0,1,1,1
100002564,defense_vs_attack,420.000000,460.000000,1,1,0,1
100002567,baseline,120.000000,160.000000,0,0,0,1
100002567,attack_only,220.000000,260.000000,0,1,0,1
100002567,defense_only,320.000000,360.000000,1,0,0,1
100002567,defense_vs_attack,420.000000,460.000000,1,1,0,1
100002570,baseline,120.000000,160.000000,0,0,0,1
100002570,defense_only,220.000000,260.000000,1,0,0,1
100002570,defense_vs_attack,320.000000,360.000000,1,1,0,1
100002570,attack_only,420.000000,460.000000,0,1,1,1
100002569,attack_only,120.000000,160.000000,0,1,1,1
100002569,baseline,220.000000,260.000000,0,0,1,1
100002569,defense_only,320.000000,360.000000,1,0,1,1
100002569,defense_vs_attack,420.000000,460.000000,1,1,0,1
100002575,defense_vs_attack,120.000000,160.000000,1,1,0,1
100002575,defense_only,220.000000,260.000000,1,0,0,1
100002575,baseline,320.000000,360.000000,0,0,0,1
100002575,attack_only,420.000000,460.000000,0,1,1,1
100002574,defense_only,120.000000,160.000000,1,0,0,1
100002574,defense_vs_attack,220.000000,260.000000,1,1,0,1
100002574,baseline,320.000000,360.000000,0,0,0,1
100002574,attack_only,420.000000,460.000000,0,1,0,1
100002585,defense_vs_attack,120.000000,160.000000,1,1,0,1
100002585,baseline,220.000000,260.000000,0,0,1,1
100002585,attack_only,320.000000,360.000000,0,1,1,1
100002585,defense_only,420.000000,460.000000,1,0,1,1
100002582,defense_only,120.000000,160.000000,1,0,0,1
100002582,attack_only,220.000000,260.000000,0,1,0,1
100002582,baseline,320.000000,360.000000,0,0,0,1
100002582,defense_vs_attack,420.000000,460.000000,1,1,0,1
100002587,baseline,120.000000,160.000000,0,0,0,1
100002587,defense_vs_attack,220.000000,260.000000,1,1,0,1
100002587,defense_only,320.000000,360.000000,1,0,0,1
100002587,attack_only,420.000000,460.000000,0,1,0,1
100002588,defense_only,120.000000,160.000000,1,0,0,1
100002588,defense_vs_attack,220.000000,260.000000,1,1,0,1
100002588,attack_only,320.000000,360.000000,0,1,0,1
100002588,baseline,420.000000,460.000000,0,0,0,1
100002597,defense_only,120.000000,160.000000,1,0,0,1
100002597,defense_vs_attack,220.000000,260.000000,1,1,0,1
100002597,attack_only,320.000000,360.000000,0,1,1,1
100002597,baseline,420.000000,460.000000,0,0,1,1
100002601,baseline,120.000000,160.000000,0,0,0,1
100002601,attack_only,220.000000,260.000000,0,1,1,1
100002601,defense_vs_attack,320.000000,360.000000,1,1,0,1
100002601,defense_only,420.000000,460.000000,1,0,0,1
100002602,defense_vs_attack,120.000000,160.000000,1,1,0,1
100002602,baseline,220.000000,260.000000,0,0,0,1
100002602,attack_only,320.000000,360.000000,0,1,0,1
100002602,defense_only,420.000000,460.000000,1,0,0,1
100002604,attack_only,120.000000,160.000000,0,1,1,1
100002604,defense_only,220.000000,260.000000,1,0,0,1
100002604,baseline,320.000000,360.000000,0,0,1,1
100002604,defense_vs_attack,420.000000,460.000000,1,1,0,1
100002606,attack_only,120.000000,160.000000,0,1,1,1
100002606,defense_only,220.000000,260.000000,1,0,1,1
100002606,baseline,320.000000,360.000000,0,0,1,1
100002606,defense_vs_attack,420.000000,460.000000,1,1,0,1
100002613,attack_only,120.000000,160.000000,0,1,1,1
100002613,defense_only,220.000000,260.000000,1,0,1,1
100002613,defense_vs_attack,320.000000,360.000000,1,1,0,1
100002613,baseline,420.000000,460.000000,0,0,1,1
100002614,defense_vs_attack,120.000000,160.000000,1,1,0,1
100002614,defense_only,220.000000,260.000000,1,0,0,1
100002614,attack_only,320.000000,360.000000,0,1,0,1
100002614,baseline,420.000000,460.000000,0,0,0,1
100002621,defense_vs_attack,120.000000,160.000000,1,1,0,1
100002621,baseline,220.000000,260.000000,0,0,0,1
100002621,attack_only,320.000000,360.000000,0,1,0,1
100002621,defense_only,420.000000,460.000000,1,0,0,1
100002626,attack_only,120.000000,160.000000,0,1,0,1
100002626,defense_vs_attack,220.000000,260.000000,1,1,0,1
100002626,defense_only,320.000000,360.000000,1,0,0,1
100002626,baseline,420.000000,460.000000,0,0,0,1
100002627,baseline,120.000000,160.000000,0,0,0,1
100002627,defense_only,220.000000,260.000000,1,0,0,1
100002627,defense_vs_attack,320.000000,360.000000,1,1,0,1
100002627,attack_only,420.000000,460.000000,0,1,0,1
100002631,baseline,120.000000,160.000000,0,0,0,1
100002631,defense_only,220.000000,260.000000,1,0,0,1
100002631,attack_only,320.000000,360.000000,0,1,0,1
100002631,defense_vs_attack,420.000000,460.000000,1,1,0,1
100002633,defense_only,120.000000,160.000000,1,0,1,1
100002633,defense_vs_attack,220.000000,260.000000,1,1,0,1
100002633,attack_only,320.000000,360.000000,0,1,0,1
100002633,baseline,420.000000,460.000000,0,0,0,1
100002636,attack_only,120.000000,160.000000,0,1,0,1
100002636,defense_vs_attack,220.000000,260.000000,1,1,0,1
100002636,defense_only,320.000000,360.000000,1,0,0,1
100002636,baseline,420.000000,460.000000,0,0,0,1
100002639,baseline,120.000000,160.000000,0,0,0,1
100002639,attack_only,220.000000,260.000000,0,1,0,1
100002639,defense_only,320.000000,360.000000,1,0,0,1
100002639,defense_vs_attack,420.000000,460.000000,1,1,0,1
100002640,defense_vs_attack,120.000000,160.000000,1,1,0,1
100002640,defense_only,220.000000,260.000000,1,0,0,1
100002640,attack_only,320.000000,360.000000,0,1,1,1
100002640,baseline,420.000000,460.000000,0,0,0,1
100002641,defense_only,120.000000,160.000000,1,0,0,1
100002641,attack_only,220.000000,260.000000,0,1,0,1
100002641,defense_vs_attack,320.000000,360.000000,1,1,0,1
100002641,baseline,420.000000,460.000000,0,0,0,1
100002647,defense_only,120.000000,160.000000,1,0,0,1
100002647,attack_only,220.000000,260.000000,0,1,1,1
100002647,baseline,320.000000,360.000000,0,0,0,1
100002647,defense_vs_attack,420.000000,460.000000,1,1,0,1
100002642,defense_vs_attack,120.000000,160.000000,1,1,0,1
100002642,baseline,220.000000,260.000000,0,0,0,1
100002642,attack_only,320.000000,360.000000,0,1,0,1
100002642,defense_only,420.000000,460.000000,1,0,0,1
100002646,defense_only,120.000000,160.000000,1,0,0,1
100002646,attack_only,220.000000,260.000000,0,1,0,1
100002646,baseline,320.000000,360.000000,0,0,0,1
100002646,defense_vs_attack,420.000000,460.000000,1,1,0,1
100002649,defense_only,120.000000,160.000000,1,0,0,1
100002649,defense_vs_attack,220.000000,260.000000,1,1,0,1
100002649,attack_only,320.000000,360.000000,0,1,1,1
100002649,baseline,420.000000,460.000000,0,0,0,1
100002650,attack_only,120.000000,160.000000,0,1,0,1
100002650,defense_vs_attack,220.000000,260.000000,1,1,0,1
100002650,defense_only,320.000000,360.000000,1,0,0,1
100002650,baseline,420.000000,460.000000,0,0,0,1
100002651,attack_only,120.000000,160.000000,0,1,1,1
100002651,baseline,220.000000,260.000000,0,0,0,1
100002651,defense_only,320.000000,360.000000,1,0,0,1
100002651,defense_vs_attack,420.000000,460.000000,1,1,0,1
100002653,defense_only,120.000000,160.000000,1,0,0,1
100002653,attack_only,220.000000,260.000000,0,1,0,1
100002653,baseline,320.000000,360.000000,0,0,0,1
100002653,defense_vs_attack,420.000000,460.000000,1,1,0,1
100002654,attack_only,120.000000,160.000000,0,1,1,1
100002654,baseline,220.000000,260.000000,0,0,1,1
100002654,defense_only,320.000000,360.000000,1,0,1,1
100002654,defense_vs_attack,420.000000,460.000000,1,1,0,1
100002658,defense_vs_attack,120.000000,160.000000,1,1,0,1
100002658,defense_only,220.000000,260.000000,1,0,0,1
100002658,attack_only,320.000000,360.000000,0,1,1,1
100002658,baseline,420.000000,460.000000,0,0,0,1
100002667,baseline,120.000000,160.000000,0,0,1,1
100002667,attack_only,220.000000,260.000000,0,1,1,1
100002667,defense_vs_attack,320.000000,360.000000,1,1,0,1
100002667,defense_only,420.000000,460.000000,1,0,1,1
100002671,attack_only,120.000000,160.000000,0,1,0,1
100002671,defense_only,220.000000,260.000000,1,0,0,1
100002671,defense_vs_attack,320.000000,360.000000,1,1,0,1
100002671,baseline,420.000000,460.000000,0,0,0,1
100002669,baseline,120.000000,160.000000,0,0,0,1
100002669,defense_vs_attack,220.000000,260.000000,1,1,0,1
100002669,attack_only,320.000000,360.000000,0,1,1,1
100002669,defense_only,420.000000,460.000000,1,0,0,1
100002675,defense_vs_attack,120.000000,160.000000,1,1,0,1
100002675,defense_only,220.000000,260.000000,1,0,0,1
100002675,baseline,320.000000,360.000000,0,0,0,1
100002675,attack_only,420.000000,460.000000,0,1,1,1
100002673,attack_only,120.000000,160.000000,0,1,0,1
100002673,baseline,220.000000,260.000000,0,0,0,1
100002673,defense_vs_attack,320.000000,360.000000,1,1,0,1
100002673,defense_only,420.000000,460.000000,1,0,0,1
100002676,attack_only,120.000000,160.000000,0,1,0,1
100002676,defense_vs_attack,220.000000,260.000000,1,1,0,1
100002676,baseline,320.000000,360.000000,0,0,0,1
100002676,defense_only,420.000000,460.000000,1,0,0,1
100002678,defense_vs_attack,120.000000,160.000000,1,1,0,1
100002678,defense_only,220.000000,260.000000,1,0,0,1
100002678,baseline,320.000000,360.000000,0,0,0,1
100002678,attack_only,420.000000,460.000000,0,1,0,1
100002683,baseline,120.000000,160.000000,0,0,0,1
100002683,attack_only,220.000000,260.000000,0,1,0,1
100002683,defense_only,320.000000,360.000000,1,0,0,1
100002683,defense_vs_attack,420.000000,460.000000,1,1,0,1
100002687,baseline,120.000000,160.000000,0,0,1,1
100002687,defense_vs_attack,220.000000,260.000000,1,1,0,1
100002687,attack_only,320.000000,360.000000,0,1,1,1
100002687,defense_only,420.000000,460.000000,1,0,1,1
100002688,attack_only,120.000000,160.000000,0,1,0,1
100002688,defense_vs_attack,220.000000,260.000000,1,1,0,1
100002688,defense_only,320.000000,360.000000,1,0,0,1
100002688,baseline,420.000000,460.000000,0,0,0,1
100002685,attack_only,120.000000,160.000000,0,1,0,1
100002685,defense_only,220.000000,260.000000,1,0,0,1
100002685,defense_vs_attack,320.000000,360.000000,1,1,0,1
100002685,baseline,420.000000,460.000000,0,0,0,1
100002689,defense_only,120.000000,160.000000,1,0,0,1
100002689,attack_only,220.000000,260.000000,0,1,1,1
100002689,defense_vs_attack,320.000000,360.000000,1,1,0,1
100002689,baseline,420.000000,460.000000,0,0,1,1
100002690,attack_only,120.000000,160.000000,0,1,1,1
100002690,defense_vs_attack,220.000000,260.000000,1,1,0,1
100002690,baseline,320.000000,360.000000,0,0,1,1
100002690,defense_only,420.000000,460.000000,1,0,1,1
100002694,defense_vs_attack,120.000000,160.000000,1,1,0,1
100002694,defense_only,220.000000,260.000000,1,0,0,1
100002694,attack_only,320.000000,360.000000,0,1,0,1
100002694,baseline,420.000000,460.000000,0,0,0,1
100002700,defense_only,120.000000,160.000000,1,0,0,1
100002700,baseline,220.000000,260.000000,0,0,0,1
100002700,attack_only,320.000000,360.000000,0,1,1,1
100002700,defense_vs_attack,420.000000,460.000000,1,1,0,1
100002696,attack_only,120.000000,160.000000,0,1,0,1
100002696,defense_only,220.000000,260.000000,1,0,0,1
100002696,baseline,320.000000,360.000000,0,0,0,1
100002696,defense_vs_attack,420.000000,460.000000,1,1,0,1
100002705,attack_only,120.000000,160.000000,0,1,1,1
100002705,baseline,220.000000,260.000000,0,0,0,1
100002705,defense_vs_attack,320.000000,360.000000,1,1,0,1
100002705,defense_only,420.000000,460.000000,1,0,0,1
100002702,defense_vs_attack,120.000000,160.000000,1,1,0,1
100002702,baseline,220.000000,260.000000,0,0,0,1
100002702,defense_only,320.000000,360.000000,1,0,0,1
100002702,attack_only,420.000000,460.000000,0,1,1,1
100002701,defense_only,120.000000,160.000000,1,0,0,1
100002701,attack_only,220.000000,260.000000,0,1,1,1
100002701,baseline,320.000000,360.000000,0,0,0,1
100002701,defense_vs_attack,420.000000,460.000000,1,1,0,1
100002706,defense_only,120.000000,160.000000,1,0,0,1
100002706,baseline,220.000000,260.000000,0,0,0,1
100002706,attack_only,320.000000,360.000000,0,1,0,1
100002706,defense_vs_attack,420.000000,460.000000,1,1,0,1
100002708,defense_only,120.000000,160.000000,1,0,1,1
100002708,attack_only,220.000000,260.000000,0,1,1,1
100002708,baseline,320.000000,360.000000,0,0,1,1
100002708,defense_vs_attack,420.000000,460.000000,1,1,0,1
100002712,defense_only,120.000000,160.000000,1,0,1,1
100002712,defense_vs_attack,220.000000,260.000000,1,1,0,1
100002712,attack_only,320.000000,360.000000,0,1,1,1
100002712,baseline,420.000000,460.000000,0,0,1,1
100002715,defense_vs_attack,120.000000,160.000000,1,1,0,1
100002715,baseline,220.000000,260.000000,0,0,1,1
100002715,attack_only,320.000000,360.000000,0,1,1,1
100002715,defense_only,420.000000,460.000000,1,0,1,1
100002718,defense_vs_attack,120.000000,160.000000,1,1,0,1
100002718,attack_only,220.000000,260.000000,0,1,0,1
100002718,baseline,320.000000,360.000000,0,0,0,1
100002718,defense_only,420.000000,460.000000,1,0,0,1
100002722,defense_only,120.000000,160.000000,1,0,0,1
100002722,baseline,220.000000,260.000000,0,0,0,1
100002722,defense_vs_attack,320.000000,360.000000,1,1,0,1
100002722,attack_only,420.000000,460.000000,0,1,1,1
100002726,defense_only,120.000000,160.000000,1,0,1,1
100002726,attack_only,220.000000,260.000000,0,1,1,1
100002726,defense_vs_attack,320.000000,360.000000,1,1,0,1
100002726,baseline,420.000000,460.000000,0,0,1,1
100002730,baseline,120.000000,160.000000,0,0,0,1
100002730,defense_only,220.000000,260.000000,1,0,0,1
100002730,defense_vs_attack,320.000000,360.000000,1,1,0,1
100002730,attack_only,420.000000,460.000000,0,1,1,1
100002728,baseline,120.000000,160.000000,0,0,0,1
100002728,defense_only,220.000000,260.000000,1,0,0,1
100002728,defense_vs_attack,320.000000,360.000000,1,1,0,1
100002728,attack_only,420.000000,460.000000,0,1,0,1
100002732,defense_vs_attack,120.000000,160.000000,1,1,0,1
100002732,defense_only,220.000000,260.000000,1,0,0,1
100002732,attack_only,320.000000,360.000000,0,1,0,1
100002732,baseline,420.000000,460.000000,0,0,0,1
100002735,baseline,120.000000,160.000000,0,0,0,1
100002735,attack_only,220.000000,260.000000,0,1,0,1
100002735,defense_vs_attack,320.000000,360.000000,1,1,0,1
100002735,defense_only,420.000000,460.000000,1,0,1,1
100002737,defense_vs_attack,120.000000,160.000000,1,1,0,1
100002737,baseline,220.000000,260.000000,0,0,0,1
100002737,attack_only,320.000000,360.000000,0,1,1,1
100002737,defense_only,420.000000,460.000000,1,0,0,1
100002740,baseline,120.000000,160.000000,0,0,0,1
100002740,defense_only,220.000000,260.000000,1,0,0,1
100002740,attack_only,320.000000,360.000000,0,1,0,1
100002740,defense_vs_attack,420.000000,460.000000,1,1,0,1
100002738,defense_vs_attack,120.000000,160.000000,1,1,0,1
100002738,baseline,220.000000,260.000000,0,0,0,1
100002738,attack_only,320.000000,360.000000,0,1,0,1
100002738,defense_only,420.000000,460.000000,1,0,0,1
100002743,defense_vs_attack,120.000000,160.000000,1,1,0,1
100002743,attack_only,220.000000,260.000000,0,1,0,1
100002743,baseline,320.000000,360.000000,0,0,0,1
100002743,defense_only,420.000000,460.000000,1,0,0,1
100002742,defense_only,120.000000,160.000000,1,0,0,1
100002742,baseline,220.000000,260.000000,0,0,0,1
100002742,defense_vs_attack,320.000000,360.000000,1,1,0,1
100002742,attack_only,420.000000,460.000000,0,1,1,1
100002745,defense_only,120.000000,160.000000,1,0,1,1
100002745,baseline,220.000000,260.000000,0,0,1,1
100002745,defense_vs_attack,320.000000,360.000000,1,1,0,1
100002745,attack_only,420.000000,460.000000,0,1,1,1
100002749,attack_only,120.000000,160.000000,0,1,1,1
100002749,defense_vs_attack,220.000000,260.000000,1,1,0,1
100002749,defense_only,320.000000,360.000000,1,0,0,1
100002749,baseline,420.000000,460.000000,0,0,0,1
100002750,baseline,120.000000,160.000000,0,0,0,1
100002750,defense_only,220.000000,260.000000,1,0,0,1
100002750,defense_vs_attack,320.000000,360.000000,1,1,0,1
100002750,attack_only,420.000000,460.000000,0,1,1,1
100002752,attack_only,120.000000,160.000000,0,1,0,1
100002752,defense_vs_attack,220.000000,260.000000,1,1,0,1
100002752,baseline,320.000000,360.000000,0,0,0,1
100002752,defense_only,420.000000,460.000000,1,0,0,1
100002755,defense_only,120.000000,160.000000,1,0,0,1
100002755,defense_vs_attack,220.000000,260.000000,1,1,0,1
100002755,baseline,320.000000,360.000000,0,0,0,1
100002755,attack_only,420.000000,460.000000,0,1,0,1
100002757,defense_vs_attack,120.000000,160.000000,1,1,0,1
100002757,baseline,220.000000,260.000000,0,0,0,1
100002757,defense_only,320.000000,360.000000,1,0,0,1
100002757,attack_only,420.000000,460.000000,0,1,0,1
100002768,baseline,120.000000,160.000000,0,0,0,1
100002768,defense_only,220.000000,260.000000,1,0,0,1
100002768,defense_vs_attack,320.000000,360.000000,1,1,0,1
100002768,attack_only,420.000000,460.000000,0,1,0,1
100002782,defense_vs_attack,120.000000,160.000000,1,1,0,1
100002782,baseline,220.000000,260.000000,0,0,0,1
100002782,attack_only,320.000000,360.000000,0,1,1,1
100002782,defense_only,420.000000,460.000000,1,0,0,1
100002779,baseline,120.000000,160.000000,0,0,0,1
100002779,defense_only,220.000000,260.000000,1,0,0,1
100002779,defense_vs_attack,320.000000,360.000000,1,1,0,1
100002779,attack_only,420.000000,460.000000,0,1,0,1
100002764,defense_only,120.000000,160.000000,1,0,0,1
100002764,attack_only,220.000000,260.000000,0,1,0,1
100002764,defense_vs_attack,320.000000,360.000000,1,1,0,1
100002764,baseline,420.000000,460.000000,0,0,0,1
100002783,defense_vs_attack,120.000000,160.000000,1,1,0,1
100002783,baseline,220.000000,260.000000,0,0,0,1
100002783,attack_only,320.000000,360.000000,0,1,0,1
100002783,defense_only,420.000000,460.000000,1,0,0,1
100002791,defense_vs_attack,120.000000,160.000000,1,1,0,1
100002791,attack_only,220.000000,260.000000,0,1,0,1
100002791,baseline,320.000000,360.000000,0,0,0,1
100002791,defense_only,420.000000,460.000000,1,0,0,1
100002793,attack_only,120.000000,160.000000,0,1,1,1
100002793,defense_only,220.000000,260.000000,1,0,0,1
100002793,defense_vs_attack,320.000000,360.000000,1,1,0,1
100002793,baseline,420.000000,460.000000,0,0,0,1
100002796,baseline,120.000000,160.000000,0,0,1,1
100002796,defense_vs_attack,220.000000,260.000000,1,1,0,1
100002796,defense_only,320.000000,360.000000,1,0,1,1
100002796,attack_only,420.000000,460.000000,0,1,1,1
100002801,defense_only,120.000000,160.000000,1,0,0,1
100002801,attack_only,220.000000,260.000000,0,1,0,1
100002801,defense_vs_attack,320.000000,360.000000,1,1,0,1
100002801,baseline,420.000000,460.000000,0,0,0,1
100002797,defense_vs_attack,120.000000,160.000000,1,1,0,1
100002797,defense_only,220.000000,260.000000,1,0,0,1
100002797,baseline,320.000000,360.000000,0,0,0,1
100002797,attack_only,420.000000,460.000000,0,1,1,1
100002807,defense_vs_attack,120.000000,160.000000,1,1,0,1
100002807,defense_only,220.000000,260.000000,1,0,0,1
100002807,attack_only,320.000000,360.000000,0,1,0,1
100002807,baseline,420.000000,460.000000,0,0,0,1
100002809,baseline,120.000000,160.000000,0,0,0,1
100002809,defense_vs_attack,220.000000,260.000000,1,1,0,1
100002809,defense_only,320.000000,360.000000,1,0,0,1
100002809,attack_only,420.000000,460.000000,0,1,0,1
100002812,defense_vs_attack,120.000000,160.000000,1,1,0,1
100002812,attack_only,220.000000,260.000000,0,1,0,1
100002812,baseline,320.000000,360.000000,0,0,0,1
100002812,defense_only,420.000000,460.000000,1,0,0,1
100002816,defense_only,120.000000,160.000000,1,0,0,1
100002816,attack_only,220.000000,260.000000,0,1,0,1
100002816,defense_vs_attack,320.000000,360.000000,1,1,0,1
100002816,baseline,420.000000,460.000000,0,0,0,1
100002814,attack_only,120.000000,160.000000,0,1,0,1
100002814,defense_vs_attack,220.000000,260.000000,1,1,0,1
100002814,baseline,320.000000,360.000000,0,0,0,1
100002814,defense_only,420.000000,460.000000,1,0,0,1
100002822,defense_vs_attack,120.000000,160.000000,1,1,0,1
100002822,defense_only,220.000000,260.000000,1,0,1,1
100002822,baseline,320.000000,360.000000,0,0,1,1
100002822,attack_only,420.000000,460.000000,0,1,1,1
100002821,attack_only,120.000000,160.000000,0,1,1,1
100002821,defense_only,220.000000,260.000000,1,0,0,1
100002821,defense_vs_attack,320.000000,360.000000,1,1,0,1
100002821,baseline,420.000000,460.000000,0,0,1,1
100002825,baseline,120.000000,160.000000,0,0,0,1
100002825,attack_only,220.000000,260.000000,0,1,0,1
100002825,defense_vs_attack,320.000000,360.000000,1,1,0,1
100002825,defense_only,420.000000,460.000000,1,0,0,1
100002827,attack_only,120.000000,160.000000,0,1,0,1
100002827,defense_vs_attack,220.000000,260.000000,1,1,0,1
100002827,defense_only,320.000000,360.000000,1,0,0,1
100002827,baseline,420.000000,460.000000,0,0,0,1
100002831,baseline,120.000000,160.000000,0,0,0,1
100002831,attack_only,220.000000,260.000000,0,1,0,1
100002831,defense_vs_attack,320.000000,360.000000,1,1,0,1
100002831,defense_only,420.000000,460.000000,1,0,0,1
100002834,defense_vs_attack,120.000000,160.000000,1,1,0,1
100002834,defense_only,220.000000,260.000000,1,0,0,1
100002834,attack_only,320.000000,360.000000,0,1,0,1
100002834,baseline,420.000000,460.000000,0,0,0,1
100002837,defense_vs_attack,120.000000,160.000000,1,1,0,1
100002837,baseline,220.000000,260.000000,0,0,0,1
100002837,attack_only,320.000000,360.000000,0,1,1,1
100002837,defense_only,420.000000,460.000000,1,0,0,1
100002845,baseline,120.000000,160.000000,0,0,0,1
100002845,attack_only,220.000000,260.000000,0,1,1,1
100002845,defense_only,320.000000,360.000000,1,0,0,1
100002845,defense_vs_attack,420.000000,460.000000,1,1,0,1
100002842,baseline,120.000000,160.000000,0,0,0,1
100002842,defense_only,220.000000,260.000000,1,0,0,1
100002842,attack_only,320.000000,360.000000,0,1,0,1
100002842,defense_vs_attack,420.000000,460.000000,1,1,0,1
100002847,baseline,120.000000,160.000000,0,0,0,1
100002847,defense_only,220.000000,260.000000,1,0,0,1
100002847,defense_vs_attack,320.000000,360.000000,1,1,0,1
100002847,attack_only,420.000000,460.000000,0,1,0,1
100002848,defense_only,120.000000,160.000000,1,0,0,1
100002848,baseline,220.000000,260.000000,0,0,0,1
100002848,defense_vs_attack,320.000000,360.000000,1,1,0,1
100002848,attack_only,420.000000,460.000000,0,1,0,1
100002850,defense_only,120.000000,160.000000,1,0,1,1
100002850,attack_only,220.000000,260.000000,0,1,1,1
100002850,baseline,320.000000,360.000000,0,0,1,1
100002850,defense_vs_attack,420.000000,460.000000,1,1,0,1
100002854,defense_only,120.000000,160.000000,1,0,1,1
100002854,defense_vs_attack,220.000000,260.000000,1,1,0,1
100002854,attack_only,320.000000,360.000000,0,1,1,1
100002854,baseline,420.000000,460.000000,0,0,1,1
100002858,defense_vs_attack,120.000000,160.000000,1,1,0,1
100002858,baseline,220.000000,260.000000,0,0,0,1
100002858,attack_only,320.000000,360.000000,0,1,0,1
100002858,defense_only,420.000000,460.000000,1,0,0,1
100002859,attack_only,120.000000,160.000000,0,1,0,1
100002859,baseline,220.000000,260.000000,0,0,0,1
100002859,defense_vs_attack,320.000000,360.000000,1,1,0,1
100002859,defense_only,420.000000,460.000000,1,0,0,1
100002857,defense_only,120.000000,160.000000,1,0,0,1
100002857,attack_only,220.000000,260.000000,0,1,0,1
100002857,defense_vs_attack,320.000000,360.000000,1,1,0,1
100002857,baseline,420.000000,460.000000,0,0,0,1
100002861,baseline,120.000000,160.000000,0,0,0,1
100002861,defense_vs_attack,220.000000,260.000000,1,1,0,1
100002861,attack_only,320.000000,360.000000,0,1,1,1
100002861,defense_only,420.000000,460.000000,1,0,1,1
100002860,attack_only,120.000000,160.000000,0,1,0,1
100002860,defense_only,220.000000,260.000000,1,0,0,1
100002860,baseline,320.000000,360.000000,0,0,0,1
100002860,defense_vs_attack,420.000000,460.000000,1,1,0,1
100002864,attack_only,120.000000,160.000000,0,1,0,1
100002864,baseline,220.000000,260.000000,0,0,0,1
100002864,defense_only,320.000000,360.000000,1,0,0,1
100002864,defense_vs_attack,420.000000,460.000000,1,1,0,1
100002866,attack_only,120.000000,160.000000,0,1,1,1
100002866,baseline,220.000000,260.000000,0,0,0,1
100002866,defense_only,320.000000,360.000000,1,0,0,1
100002866,defense_vs_attack,420.000000,460.000000,1,1,0,1
100002867,defense_only,120.000000,160.000000,1,0,0,1
100002867,baseline,220.000000,260.000000,0,0,0,1
100002867,attack_only,320.000000,360.000000,0,1,0,1
100002867,defense_vs_attack,420.000000,460.000000,1,1,0,1
100002869,defense_only,120.000000,160.000000,1,0,0,1
100002869,defense_vs_attack,220.000000,260.000000,1,1,0,1
100002869,attack_only,320.000000,360.000000,0,1,1,1
100002869,baseline,420.000000,460.000000,0,0,0,1
100002870,defense_vs_attack,120.000000,160.000000,1,1,0,1
100002870,defense_only,220.000000,260.000000,1,0,0,1
100002870,baseline,320.000000,360.000000,0,0,0,1
100002870,attack_only,420.000000,460.000000,0,1,0,1
100002872,attack_only,120.000000,160.000000,0,1,0,1
100002872,defense_only,220.000000,260.000000,1,0,0,1
100002872,defense_vs_attack,320.000000,360.000000,1,1,0,1
100002872,baseline,420.000000,460.000000,0,0,0,1
100002874,defense_only,120.000000,160.000000,1,0,0,1
100002874,attack_only,220.000000,260.000000,0,1,0,1
100002874,baseline,320.000000,360.000000,0,0,0,1
100002874,defense_vs_attack,420.000000,460.000000,1,1,0,1
100002875,defense_vs_attack,120.000000,160.000000,1,1,0,1
100002875,defense_only,220.000000,260.000000,1,0,1,1
100002875,attack_only,320.000000,360.000000,0,1,0,1
100002875,baseline,420.000000,460.000000,0,0,0,1
100002876,defense_vs_attack,120.000000,160.000000,1,1,0,1
100002876,attack_only,220.000000,260.000000,0,1,0,1
100002876,defense_only,320.000000,360.000000,1,0,0,1
100002876,baseline,420.000000,460.000000,0,0,0,1
100002879,baseline,120.000000,160.000000,0,0,0,1
100002879,defense_vs_attack,220.000000,260.000000,1,1,0,1
100002879,attack_only,320.000000,360.000000,0,1,1,1
100002879,defense_only,420.000000,460.000000,1,0,1,1
100002883,defense_vs_attack,120.000000,160.000000,1,1,0,1
100002883,attack_only,220.000000,260.000000,0,1,0,1
100002883,defense_only,320.000000,360.000000,1,0,0,1
100002883,baseline,420.000000,460.000000,0,0,0,1
100002884,baseline,120.000000,160.000000,0,0,0,1
100002884,defense_only,220.000000,260.000000,1,0,0,1
100002884,attack_only,320.000000,360.000000,0,1,0,1
100002884,defense_vs_attack,420.000000,460.000000,1,1,0,1
100002888,baseline,120.000000,160.000000,0,0,0,1
100002888,defense_only,220.000000,260.000000,1,0,0,1
100002888,attack_only,320.000000,360.000000,0,1,0,1
100002888,defense_vs_attack,420.000000,460.000000,1,1,0,1
100002889,defense_only,120.000000,160.000000,1,0,0,1
100002889,baseline,220.000000,260.000000,0,0,0,1
100002889,attack_only,320.000000,360.000000,0,1,1,1
100002889,defense_vs_attack,420.000000,460.000000,1,1,0,1
100002887,baseline,120.000000,160.000000,0,0,0,1
100002887,defense_vs_attack,220.000000,260.000000,1,1,0,1
100002887,defense_only,320.000000,360.000000,1,0,0,1
100002887,attack_only,420.000000,460.000000,0,1,0,1
100002892,defense_vs_attack,120.000000,160.000000,1,1,0,1
100002892,defense_only,220.000000,260.000000,1,0,0,1
100002892,attack_only,320.000000,360.000000,0,1,0,1
100002892,baseline,420.000000,460.000000,0,0,0,1
100002893,defense_vs_attack,120.000000,160.000000,1,1,0,1
100002893,attack_only,220.000000,260.000000,0,1,0,1
100002893,defense_only,320.000000,360.000000,1,0,0,1
100002893,baseline,420.000000,460.000000,0,0,0,1
100002899,attack_only,120.000000,160.000000,0,1,0,1
100002899,defense_only,220.000000,260.000000,1,0,0,1
100002899,baseline,320.000000,360.000000,0,0,0,1
100002899,defense_vs_attack,420.000000,460.000000,1,1,0,1
100002894,baseline,120.000000,160.000000,0,0,0,1
100002894,attack_only,220.000000,260.000000,0,1,0,1
100002894,defense_only,320.000000,360.000000,1,0,0,1
100002894,defense_vs_attack,420.000000,460.000000,1,1,0,1
100002897,defense_vs_attack,120.000000,160.000000,1,1,0,1
100002897,attack_only,220.000000,260.000000,0,1,1,1
100002897,defense_only,320.000000,360.000000,1,0,0,1
100002897,baseline,420.000000,460.000000,0,0,0,1
100002895,defense_only,120.000000,160.000000,1,0,0,1
100002895,attack_only,220.000000,260.000000,0,1,0,1
100002895,baseline,320.000000,360.000000,0,0,0,1
100002895,defense_vs_attack,420.000000,460.000000,1,1,0,1
100002898,baseline,120.000000,160.000000,0,0,0,1
100002898,defense_only,220.000000,260.000000,1,0,0,1
100002898,attack_only,320.000000,360.000000,0,1,0,1
100002898,defense_vs_attack,420.000000,460.000000,1,1,0,1
100002904,defense_vs_attack,120.000000,160.000000,1,1,0,1
100002904,defense_only,220.000000,260.000000,1,0,0,1
100002904,baseline,320.000000,360.000000,0,0,0,1
100002904,attack_only,420.000000,460.000000,0,1,0,1
100002905,attack_only,120.000000,160.000000,0,1,0,1
100002905,defense_only,220.000000,260.000000,1,0,0,1
100002905,baseline,320.000000,360.000000,0,0,0,1
100002905,defense_vs_attack,420.000000,460.000000,1,1,0,1
100002912,baseline,120.000000,160.000000,0,0,0,1
100002912,defense_only,220.000000,260.000000,1,0,0,1
100002912,defense_vs_attack,320.000000,360.000000,1,1,0,1
100002912,attack_only,420.000000,460.000000,0,1,0,1
100002903,defense_only,120.000000,160.000000,1,0,0,1
100002903,attack_only,220.000000,260.000000,0,1,0,1
100002903,baseline,320.000000,360.000000,0,0,0,1
100002903,defense_vs_attack,420.000000,460.000000,1,1,0,1
100002911,defense_vs_attack,120.000000,160.000000,1,1,0,1
100002911,defense_only,220.000000,260.000000,1,0,0,1
100002911,baseline,320.000000,360.000000,0,0,0,1
100002911,attack_only,420.000000,460.000000,0,1,0,1
100002913,defense_only,120.000000,160.000000,1,0,1,1
100002913,baseline,220.000000,260.000000,0,0,1,1
100002913,attack_only,320.000000,360.000000,0,1,0,1
100002913,defense_vs_attack,420.000000,460.000000,1,1,0,1
100002908,defense_only,120.000000,160.000000,1,0,0,1
100002908,defense_vs_attack,220.000000,260.000000,1,1,0,1
100002908,baseline,320.000000,360.000000,0,0,0,1
100002908,attack_only,420.000000,460.000000,0,1,1,1
100002924,defense_vs_attack,120.000000,160.000000,1,1,0,1
100002924,attack_only,220.000000,260.000000,0,1,0,1
100002924,defense_only,320.000000,360.000000,1,0,0,1
100002924,baseline,420.000000,460.000000,0,0,0,1
100002918,defense_only,120.000000,160.000000,1,0,1,1
100002918,attack_only,220.000000,260.000000,0,1,1,1
100002918,defense_vs_attack,320.000000,360.000000,1,1,0,1
100002918,baseline,420.000000,460.000000,0,0,0,1
100002920,defense_vs_attack,120.000000,160.000000,1,1,0,1
100002920,attack_only,220.000000,260.000000,0,1,0,1
100002920,defense_only,320.000000,360.000000,1,0,0,1
100002920,baseline,420.000000,460.000000,0,0,0,1
100002928,baseline,120.000000,160.000000,0,0,0,1
100002928,attack_only,220.000000,260.000000,0,1,0,1
100002928,defense_vs_attack,320.000000,360.000000,1,1,0,1
100002928,defense_only,420.000000,460.000000,1,0,0,1
100002934,defense_vs_attack,120.000000,160.000000,1,1,0,1
100002934,defense_only,220.000000,260.000000,1,0,0,1
100002934,attack_only,320.000000,360.000000,0,1,0,1
100002934,baseline,420.000000,460.000000,0,0,0,1
100002927,defense_only,120.000000,160.000000,1,0,1,1
100002927,baseline,220.000000,260.000000,0,0,1,1
100002927,defense_vs_attack,320.000000,360.000000,1,1,0,1
100002927,attack_only,420.000000,460.000000,0,1,1,1
100002942,defense_only,120.000000,160.000000,1,0,0,1
100002942,attack_only,220.000000,260.000000,0,1,1,1
100002942,defense_vs_attack,320.000000,360.000000,1,1,0,1
100002942,baseline,420.000000,460.000000,0,0,0,1
100002951,baseline,120.000000,160.000000,0,0,0,1
100002951,attack_only,220.000000,260.000000,0,1,1,1
100002951,defense_only,320.000000,360.000000,1,0,0,1
100002951,defense_vs_attack,420.000000,460.000000,1,1,0,1
100002956,defense_vs_attack,120.000000,160.000000,1,1,0,1
100002956,attack_only,220.000000,260.000000,0,1,1,1
100002956,defense_only,320.000000,360.000000,1,0,1,1
100002956,baseline,420.000000,460.000000,0,0,1,1
100002955,defense_only,120.000000,160.000000,1,0,0,1
100002955,attack_only,220.000000,260.000000,0,1,0,1
100002955,baseline,320.000000,360.000000,0,0,0,1
100002955,defense_vs_attack,420.000000,460.000000,1,1,0,1
100002957,defense_only,120.000000,160.000000,1,0,0,1
100002957,baseline,220.000000,260.000000,0,0,0,1
100002957,attack_only,320.000000,360.000000,0,1,1,1
100002957,defense_vs_attack,420.000000,460.000000,1,1,0,1
100002959,baseline,120.000000,160.000000,0,0,0,1
100002959,defense_only,220.000000,260.000000,1,0,0,1
100002959,defense_vs_attack,320.000000,360.000000,1,1,0,1
100002959,attack_only,420.000000,460.000000,0,1,1,1
100002963,attack_only,120.000000,160.000000,0,1,1,1
100002963,defense_only,220.000000,260.000000,1,0,1,1
100002963,defense_vs_attack,320.000000,360.000000,1,1,0,1
100002963,baseline,420.000000,460.000000,0,0,1,1
100002964,defense_vs_attack,120.000000,160.000000,1,1,0,1
100002964,baseline,220.000000,260.000000,0,0,1,1
100002964,defense_only,320.000000,360.000000,1,0,1,1
100002964,attack_only,420.000000,460.000000,0,1,1,1
100002965,baseline,120.000000,160.000000,0,0,0,1
100002965,defense_only,220.000000,260.000000,1,0,0,1
100002965,defense_vs_attack,320.000000,360.000000,1,1,0,1
100002965,attack_only,420.000000,460.000000,0,1,0,1
