seed,run_id,mobility,status,rejection_reason,rejected_at_s,probe_captured,avg_neighbor_count,std_neighbor_count,min_neighbor_count,max_neighbor_count,avg_two_hop_count,std_two_hop_count,avg_routing_table_size,std_routing_table_size,fully_converged_nodes,node1_is_neighbor_of_node0,avg_min_euclidean_dist
100000001,100000001,0,rejected,too_close,60.000000,1,6.240000,2.445895,1.000000,10.000000,7.120000,3.712896,49.000000,0.000000,50,0,62.962567
100000002,100000002,0,rejected,assert_connectivity,60.000000,1,6.120000,2.861049,0.000000,13.000000,8.760000,4.602434,47.040000,6.720000,0,0,77.431024
100000003,100000003,0,rejected,too_close,60.000000,1,6.440000,2.706732,2.000000,12.000000,9.800000,4.054627,49.000000,0.000000,50,0,68.773153
100000004,100000004,0,accepted,none,0.000000,1,5.680000,1.964077,1.000000,10.000000,7.200000,3.560899,49.000000,0.000000,50,0,67.451161
100000005,100000005,0,rejected,assert_connectivity,60.000000,1,6.160000,2.444259,0.000000,11.000000,6.600000,3.098387,47.040000,6.720000,0,1,61.102356
100000006,100000006,0,rejected,assert_connectivity,60.000000,1,7.280000,3.212725,0.000000,12.000000,10.560000,4.099561,47.040000,6.720000,0,0,71.990641
100000007,100000007,0,rejected,assert_connectivity,60.000000,1,6.040000,2.432776,1.000000,11.000000,6.560000,3.868643,38.440000,12.348538,0,0,58.107165
100000008,100000008,0,rejected,assert_connectivity,60.000000,1,6.080000,2.365079,0.000000,11.000000,7.400000,3.984972,47.040000,6.720000,0,0,67.222653
100000009,100000009,0,rejected,assert_connectivity,60.000000,1,6.680000,2.831537,0.000000,12.000000,7.880000,3.907122,47.040000,6.720000,0,0,62.195938
100000010,100000010,0,accepted,none,0.000000,1,6.920000,3.129473,1.000000,13.000000,9.160000,3.941370,49.000000,0.000000,50,0,57.663550
100000011,100000011,0,rejected,assert_connectivity,60.000000,1,5.520000,2.128286,0.000000,9.000000,7.040000,3.136622,45.120000,9.210081,0,0,66.353361
100000012,100000012,0,rejected,assert_connectivity,60.000000,1,5.360000,1.894835,0.000000,9.000000,6.160000,2.955402,47.040000,6.720000,0,0,73.366847
100000013,100000013,0,rejected,assert_connectivity,60.000000,1,6.400000,3.039737,0.000000,12.000000,7.680000,4.159038,47.040000,6.720000,0,0,58.118797
100000014,100000014,0,rejected,assert_connectivity,60.000000,1,7.000000,3.187475,0.000000,13.000000,8.000000,4.582576,43.280000,10.766689,0,0,64.961316
100000015,100000015,0,rejected,assert_connectivity,60.000000,1,5.920000,2.536454,0.000000,12.000000,6.880000,2.804568,47.040000,6.720000,0,0,74.979427
100000016,100000016,0,rejected,assert_connectivity,60.000000,1,5.840000,2.427839,0.000000,10.000000,8.000000,3.736308,47.040000,6.720000,0,0,69.337067
100000017,100000017,0,rejected,assert_connectivity,60.000000,1,6.000000,2.366432,1.000000,11.000000,7.280000,4.040000,43.360000,10.449421,0,0,56.293697
100000018,100000018,0,accepted,none,0.000000,1,6.640000,2.910395,1.000000,15.000000,7.600000,3.638681,49.000000,0.000000,50,0,58.568758
100000019,100000019,0,accepted,none,0.000000,1,5.920000,2.841408,1.000000,12.000000,6.800000,3.566511,49.000000,0.000000,50,0,68.368674
100000020,100000020,0,accepted,none,0.000000,1,6.000000,2.039608,2.000000,13.000000,7.360000,3.303089,49.000000,0.000000,50,0,61.807866
100000021,100000021,0,accepted,none,0.000000,1,6.480000,2.491907,2.000000,11.000000,9.360000,3.278780,49.000000,0.000000,50,0,61.631938
100000022,100000022,0,rejected,too_close,60.000000,1,7.080000,3.038684,2.000000,14.000000,11.000000,4.093898,49.000000,0.000000,50,1,69.975590
100000023,100000023,0,accepted,none,0.000000,1,6.840000,2.003597,1.000000,11.000000,6.040000,3.065681,49.000000,0.000000,50,0,56.418532
100000024,100000024,0,rejected,assert_connectivity,60.000000,1,6.080000,2.726463,0.000000,11.000000,8.520000,4.016167,45.120000,9.210081,0,1,78.852231
100000025,100000025,0,rejected,too_close,60.000000,1,6.280000,2.107510,2.000000,11.000000,8.200000,3.255764,49.000000,0.000000,50,0,64.467758
100000026,100000026,0,accepted,none,0.000000,1,4.960000,2.097236,1.000000,10.000000,6.880000,3.553252,49.000000,0.000000,50,0,66.977272
100000027,100000027,0,rejected,too_close,60.000000,1,5.240000,2.159259,1.000000,11.000000,7.440000,3.742513,49.000000,0.000000,50,1,68.132821
100000028,100000028,0,rejected,assert_connectivity,60.000000,1,7.520000,3.047885,0.000000,13.000000,7.880000,4.909745,36.720000,13.102733,0,0,60.913689
100000029,100000029,0,rejected,assert_connectivity,60.000000,1,5.880000,2.534877,1.000000,11.000000,7.840000,4.455828,45.160000,9.014122,0,0,60.333266
100000030,100000030,0,rejected,assert_connectivity,60.000000,1,7.280000,3.072719,1.000000,14.000000,6.320000,4.100927,45.160000,9.014122,0,0,60.361508
100000031,100000031,0,rejected,assert_connectivity,60.000000,1,6.800000,3.187475,0.000000,13.000000,8.960000,4.599826,43.280000,10.766689,0,0,61.102009
100000032,100000032,0,rejected,assert_connectivity,60.000000,1,6.800000,3.660601,0.000000,13.000000,7.800000,3.498571,47.040000,6.720000,0,0,68.116692
100000033,100000033,0,rejected,too_close,60.000000,1,5.600000,2.009975,1.000000,10.000000,8.040000,3.577485,49.000000,0.000000,50,0,69.196424
100000034,100000034,0,rejected,assert_connectivity,60.000000,1,6.040000,2.314822,0.000000,11.000000,7.800000,3.622154,47.040000,6.720000,0,0,69.981147
100000035,100000035,0,rejected,assert_connectivity,60.000000,1,6.320000,2.989582,0.000000,13.000000,7.080000,3.399059,47.040000,6.720000,0,0,69.883262
100000036,100000036,0,accepted,none,0.000000,1,6.520000,2.872212,2.000000,13.000000,7.560000,3.207242,49.000000,0.000000,50,0,66.058186
100000037,100000037,0,accepted,none,0.000000,1,6.000000,2.271563,1.000000,10.000000,7.520000,3.905074,49.000000,0.000000,50,0,63.314391
100000038,100000038,0,rejected,assert_connectivity,60.000000,1,6.200000,2.323790,1.000000,11.000000,7.200000,4.132796,36.960000,12.491533,0,0,60.257191
100000039,100000039,0,rejected,assert_connectivity,60.000000,1,6.640000,2.567177,1.000000,11.000000,7.920000,4.538017,45.160000,9.014122,0,0,59.184988
100000040,100000040,0,rejected,assert_connectivity,60.000000,1,6.360000,3.116151,1.000000,13.000000,7.200000,4.600000,28.320000,13.009904,0,0,60.579795
100000041,100000041,0,rejected,assert_connectivity,60.000000,1,5.360000,1.967333,1.000000,9.000000,5.200000,2.645751,41.640000,11.394314,0,0,59.088189
100000042,100000042,0,rejected,assert_connectivity,60.000000,1,6.400000,2.849561,1.000000,12.000000,5.320000,3.512492,35.560000,12.464606,0,0,56.697520
100000043,100000043,0,rejected,assert_connectivity,60.000000,1,6.160000,2.283506,0.000000,11.000000,6.040000,3.136622,47.040000,6.720000,0,0,72.551962
100000044,100000044,0,accepted,none,0.000000,1,6.320000,1.848675,2.000000,11.000000,7.280000,3.292659,49.000000,0.000000,50,0,70.277800
100000045,100000045,0,rejected,assert_connectivity,60.000000,1,6.880000,3.134581,0.000000,12.000000,7.720000,5.351785,35.280000,13.130179,0,0,67.082787
100000046,100000046,0,rejected,too_close,60.000000,1,6.280000,2.623280,1.000000,12.000000,7.040000,3.867609,49.000000,0.000000,50,0,60.230884
100000047,100000047,0,rejected,assert_connectivity,60.000000,1,5.840000,2.138785,0.000000,9.000000,6.920000,3.375441,45.120000,9.210081,0,0,69.294232
100000048,100000048,0,accepted,none,0.000000,1,8.040000,3.261656,1.000000,16.000000,8.720000,4.630508,49.000000,0.000000,50,0,56.777927
100000049,100000049,0,rejected,too_close,60.000000,1,6.520000,2.308593,1.000000,12.000000,9.320000,3.916325,49.000000,0.000000,50,1,59.859962
100000050,100000050,0,rejected,assert_connectivity,60.000000,1,5.880000,2.511095,0.000000,10.000000,6.200000,3.908964,45.120000,9.210081,0,0,67.108394
100000051,100000051,0,rejected,assert_connectivity,60.000000,1,6.000000,2.271563,0.000000,11.000000,7.000000,3.268027,47.040000,6.720000,0,1,65.581582
100000052,100000052,0,rejected,assert_connectivity,60.000000,1,8.600000,3.919184,0.000000,17.000000,10.520000,5.717482,41.520000,11.803796,0,0,59.482802
100000053,100000053,0,accepted,none,0.000000,1,7.200000,3.065942,2.000000,12.000000,7.400000,3.914077,49.000000,0.000000,50,0,52.829240
100000054,100000054,0,rejected,assert_connectivity,60.000000,1,5.600000,2.383275,2.000000,13.000000,7.120000,4.370995,30.760000,11.104161,0,0,64.326992
100000055,100000055,0,rejected,assert_connectivity,60.000000,1,5.960000,2.349127,1.000000,10.000000,6.520000,2.934212,43.360000,10.449421,0,1,66.477888
100000056,100000056,0,rejected,assert_connectivity,60.000000,1,5.360000,2.233920,0.000000,10.000000,6.400000,3.104835,47.040000,6.720000,0,0,71.436754
100000057,100000057,0,rejected,assert_connectivity,60.000000,1,5.680000,2.461219,0.000000,11.000000,7.440000,3.753185,47.040000,6.720000,0,0,61.759747
100000058,100000058,0,rejected,too_close,60.000000,1,6.200000,2.561250,1.000000,11.000000,7.800000,3.364521,49.000000,0.000000,50,0,61.920943
100000059,100000059,0,rejected,too_close,60.000000,1,6.360000,2.574956,1.000000,10.000000,8.200000,3.682391,49.000000,0.000000,50,0,64.857542
100000060,100000060,0,accepted,none,0.000000,1,5.800000,2.537716,1.000000,11.000000,5.640000,3.363094,49.000000,0.000000,50,0,62.012861
100000061,100000061,0,rejected,assert_connectivity,60.000000,1,5.640000,2.347424,1.000000,10.000000,6.160000,3.139172,45.160000,9.014122,0,0,68.475622
100000062,100000062,0,rejected,assert_connectivity,60.000000,1,5.640000,2.868867,1.000000,11.000000,7.760000,3.972707,45.160000,9.014122,0,0,63.868215
100000063,100000063,0,accepted,none,0.000000,1,6.320000,2.649075,2.000000,12.000000,7.720000,3.826434,49.000000,0.000000,50,0,68.593251
100000064,100000064,0,accepted,none,0.000000,1,5.080000,1.820330,1.000000,9.000000,6.000000,2.505993,49.000000,0.000000,50,0,58.216755
100000065,100000065,0,accepted,none,0.000000,1,5.720000,2.298173,2.000000,11.000000,8.160000,4.309803,49.000000,0.000000,50,0,69.004654
100000066,100000066,0,accepted,none,0.000000,1,5.840000,2.571848,1.000000,11.000000,7.720000,3.919388,49.000000,0.000000,50,0,71.204963
100000067,100000067,0,accepted,none,0.000000,1,5.720000,2.154437,1.000000,10.000000,6.640000,3.198500,49.000000,0.000000,50,0,66.382989
100000068,100000068,0,rejected,assert_connectivity,60.000000,1,7.400000,3.577709,1.000000,14.000000,7.760000,3.190987,22.960000,8.044775,0,0,64.865061
100000069,100000069,0,accepted,none,0.000000,1,7.520000,2.780216,1.000000,13.000000,8.960000,3.789248,49.000000,0.000000,50,0,65.286363
100000070,100000070,0,rejected,assert_connectivity,60.000000,1,5.760000,2.293992,1.000000,10.000000,5.440000,3.578603,45.160000,9.014122,0,0,53.359015
100000071,100000071,0,accepted,none,0.000000,1,6.160000,2.838027,2.000000,12.000000,8.440000,3.889267,49.000000,0.000000,50,0,61.523860
100000072,100000072,0,rejected,assert_connectivity,60.000000,1,5.720000,2.049780,0.000000,9.000000,8.160000,3.306720,47.040000,6.720000,0,0,75.003506
100000073,100000073,0,rejected,assert_connectivity,60.000000,1,5.800000,2.742262,0.000000,14.000000,7.640000,4.255632,47.040000,6.720000,0,0,70.298184
100000074,100000074,0,rejected,assert_connectivity,60.000000,1,6.160000,2.203270,0.000000,10.000000,8.680000,3.568977,47.040000,6.720000,0,0,74.015210
100000075,100000075,0,rejected,assert_connectivity,60.000000,1,5.360000,2.085761,0.000000,10.000000,6.040000,2.756520,47.040000,6.720000,0,0,66.998729
100000076,100000076,0,accepted,none,0.000000,1,6.320000,3.133305,1.000000,11.000000,8.160000,4.406177,49.000000,0.000000,50,0,69.668357
100000077,100000077,0,rejected,assert_connectivity,60.000000,1,6.520000,3.188981,2.000000,13.000000,7.480000,4.327771,41.640000,11.394314,0,0,70.191722
100000078,100000078,0,accepted,none,0.000000,1,6.120000,2.094182,2.000000,10.000000,7.120000,2.739635,49.000000,0.000000,50,0,62.572061
100000079,100000079,0,accepted,none,0.000000,1,5.240000,1.913740,2.000000,9.000000,7.280000,3.487349,49.000000,0.000000,50,0,75.441995
100000080,100000080,0,rejected,assert_connectivity,60.000000,1,7.000000,3.687818,0.000000,13.000000,5.600000,3.773592,27.440000,10.176758,0,1,62.994537
100000081,100000081,0,rejected,assert_connectivity,60.000000,1,6.600000,2.660827,1.000000,11.000000,7.520000,3.853518,43.360000,10.449421,0,0,61.230943
100000082,100000082,0,rejected,assert_connectivity,60.000000,1,6.640000,3.581955,0.000000,14.000000,7.040000,3.949481,41.440000,12.073376,0,0,64.734310
100000083,100000083,0,rejected,too_close,60.000000,1,6.560000,2.750709,1.000000,12.000000,7.760000,3.283656,49.000000,0.000000,50,0,63.702318
100000084,100000084,0,accepted,none,0.000000,1,6.320000,2.730861,1.000000,11.000000,8.520000,4.879508,49.000000,0.000000,50,0,60.441744
100000085,100000085,0,accepted,none,0.000000,1,5.320000,1.605491,1.000000,8.000000,7.080000,2.472570,49.000000,0.000000,50,0,63.153447
100000086,100000086,0,rejected,assert_connectivity,60.000000,1,6.360000,2.776761,0.000000,12.000000,9.840000,4.691951,47.040000,6.720000,0,0,59.900876
100000087,100000087,0,rejected,assert_connectivity,60.000000,1,5.680000,2.111303,0.000000,11.000000,4.800000,3.687818,33.440000,14.028770,0,0,63.440706
100000088,100000088,0,rejected,assert_connectivity,60.000000,1,5.840000,2.700815,0.000000,10.000000,7.160000,4.433328,47.040000,6.720000,0,0,70.613727
100000089,100000089,0,accepted,none,0.000000,1,5.600000,2.209072,1.000000,10.000000,7.960000,3.560674,49.000000,0.000000,50,0,76.017859
100000090,100000090,0,rejected,too_close,60.000000,1,6.520000,2.815955,1.000000,13.000000,8.560000,4.060345,49.000000,0.000000,50,0,67.801974
100000091,100000091,0,rejected,assert_connectivity,60.000000,1,5.760000,2.311363,1.000000,10.000000,7.920000,4.344376,35.560000,12.464606,0,0,77.977766
100000092,100000092,0,rejected,too_close,60.000000,1,5.960000,1.999600,2.000000,10.000000,8.280000,3.092184,49.000000,0.000000,50,1,64.204141
100000093,100000093,0,rejected,too_close,60.000000,1,6.320000,2.859650,1.000000,12.000000,10.080000,4.241886,49.000000,0.000000,50,1,78.796075
100000094,100000094,0,accepted,none,0.000000,1,5.440000,1.971395,2.000000,10.000000,7.200000,3.364521,49.000000,0.000000,50,0,68.566945
100000095,100000095,0,rejected,assert_connectivity,60.000000,1,5.800000,2.497999,0.000000,11.000000,7.640000,4.430621,47.040000,6.720000,0,0,61.643266
100000096,100000096,0,rejected,assert_connectivity,60.000000,1,7.080000,2.606454,0.000000,12.000000,6.240000,2.796855,47.040000,6.720000,0,0,59.899427
100000097,100000097,0,rejected,assert_connectivity,60.000000,1,7.120000,2.695478,1.000000,11.000000,7.520000,3.318072,45.160000,9.014122,0,0,63.838262
100000098,100000098,0,rejected,assert_connectivity,60.000000,1,6.880000,3.669550,1.000000,15.000000,9.440000,4.609382,45.160000,9.014122,0,0,68.223776
100000099,100000099,0,accepted,none,0.000000,1,5.560000,1.971395,2.000000,10.000000,6.320000,3.022846,49.000000,0.000000,50,0,65.440151
100000100,100000100,0,accepted,none,0.000000,1,5.520000,2.273675,2.000000,11.000000,8.600000,4.079216,49.000000,0.000000,50,0,64.850675
100000101,100000101,0,rejected,assert_connectivity,60.000000,1,8.080000,2.834361,0.000000,13.000000,9.160000,5.338015,43.280000,10.766689,0,0,56.683097
100000102,100000102,0,rejected,assert_connectivity,60.000000,1,6.160000,2.995730,0.000000,13.000000,7.720000,4.204949,43.240000,10.924395,0,0,74.758520
100000103,100000103,0,accepted,none,0.000000,1,6.040000,1.938659,1.000000,10.000000,6.120000,2.874996,49.000000,0.000000,50,0,64.707037
100000104,100000104,0,rejected,assert_connectivity,60.000000,1,6.800000,2.489980,0.000000,11.000000,6.760000,4.496932,32.640000,12.765203,0,0,63.638508
100000105,100000105,0,rejected,too_close,60.000000,1,6.080000,2.348106,2.000000,10.000000,9.360000,4.179761,49.000000,0.000000,50,1,68.477759
100000106,100000106,0,accepted,none,0.000000,1,5.520000,2.467711,1.000000,11.000000,7.320000,3.663004,49.000000,0.000000,50,0,65.401766
100000107,100000107,0,rejected,too_close,60.000000,1,5.560000,2.228542,1.000000,12.000000,7.160000,3.300667,49.000000,0.000000,50,1,66.848985
100000108,100000108,0,rejected,assert_connectivity,60.000000,1,6.360000,3.005062,1.000000,13.000000,7.080000,3.918367,45.160000,9.014122,0,1,62.439658
100000109,100000109,0,accepted,none,0.000000,1,5.880000,2.141401,1.000000,12.000000,7.760000,2.895237,49.000000,0.000000,50,0,60.798744
100000110,100000110,0,rejected,assert_connectivity,60.000000,1,5.880000,2.380252,1.000000,12.000000,5.320000,2.831537,18.240000,6.230762,0,0,64.850395
100000111,100000111,0,rejected,assert_connectivity,60.000000,1,5.760000,3.197249,0.000000,13.000000,6.200000,3.768289,33.640000,13.615814,0,0,66.721985
100000112,100000112,0,rejected,assert_connectivity,60.000000,1,6.040000,2.697851,0.000000,11.000000,8.000000,4.233202,41.520000,11.803796,0,0,66.275149
100000113,100000113,0,accepted,none,0.000000,1,6.720000,3.666279,2.000000,15.000000,7.520000,4.508836,49.000000,0.000000,50,0,62.723872
100000114,100000114,0,rejected,assert_connectivity,60.000000,1,5.360000,1.752256,0.000000,9.000000,5.440000,2.699333,47.040000,6.720000,0,0,67.182106
100000115,100000115,0,rejected,assert_connectivity,60.000000,1,6.120000,2.589517,0.000000,13.000000,7.480000,3.899949,47.040000,6.720000,0,0,64.289140
100000116,100000116,0,rejected,assert_connectivity,60.000000,1,6.080000,2.207623,1.000000,11.000000,4.960000,3.908759,28.080000,13.363892,0,1,66.714797
100000117,100000117,0,accepted,none,0.000000,1,6.280000,2.474187,2.000000,14.000000,8.320000,4.456187,49.000000,0.000000,50,0,63.981689
100000118,100000118,0,rejected,assert_connectivity,60.000000,1,6.880000,3.614637,0.000000,15.000000,7.800000,4.927474,29.920000,12.705652,0,0,63.113826
100000119,100000119,0,rejected,assert_connectivity,60.000000,1,6.640000,3.824971,0.000000,16.000000,8.240000,5.018207,43.280000,10.766689,0,0,60.447225
100000120,100000120,0,rejected,too_close,60.000000,1,6.080000,2.719118,1.000000,12.000000,5.920000,3.071417,49.000000,0.000000,50,0,71.388063
100000121,100000121,0,rejected,assert_connectivity,60.000000,1,7.080000,3.387270,2.000000,15.000000,7.000000,3.655133,41.640000,11.394314,0,1,57.807125
100000122,100000122,0,rejected,too_close,60.000000,1,5.680000,2.301652,1.000000,11.000000,6.360000,3.254289,49.000000,0.000000,50,0,57.180848
100000123,100000123,0,rejected,assert_connectivity,60.000000,1,6.160000,2.452427,0.000000,11.000000,8.920000,3.861813,47.040000,6.720000,0,0,70.264582
100000124,100000124,0,accepted,none,0.000000,1,5.400000,2.107131,2.000000,9.000000,8.200000,3.026549,49.000000,0.000000,50,0,77.201219
100000125,100000125,0,rejected,too_close,60.000000,1,5.200000,1.743560,1.000000,9.000000,6.320000,2.774455,49.000000,0.000000,50,0,61.826701
100000126,100000126,0,rejected,assert_connectivity,60.000000,1,6.480000,2.893026,1.000000,11.000000,6.280000,2.884718,29.760000,10.527222,0,1,59.156240
100000127,100000127,0,rejected,too_close,60.000000,1,6.840000,3.158227,2.000000,13.000000,8.640000,4.488920,49.000000,0.000000,50,0,57.690689
100000128,100000128,0,rejected,assert_connectivity,60.000000,1,7.560000,3.589763,1.000000,15.000000,8.680000,5.132017,36.960000,12.491533,0,0,59.694762
100000129,100000129,0,rejected,assert_connectivity,60.000000,1,6.360000,2.389644,0.000000,12.000000,6.360000,4.023730,47.040000,6.720000,0,0,56.436959
100000130,100000130,0,accepted,none,0.000000,1,6.040000,2.374532,2.000000,11.000000,8.400000,3.622154,49.000000,0.000000,50,0,68.908482
100000131,100000131,0,rejected,assert_connectivity,60.000000,1,6.560000,3.371409,2.000000,14.000000,8.440000,4.459417,40.000000,12.000000,0,0,63.815238
100000132,100000132,0,accepted,none,0.000000,1,6.040000,2.465441,1.000000,12.000000,8.760000,4.452235,49.000000,0.000000,50,0,71.852505
100000133,100000133,0,rejected,assert_connectivity,60.000000,1,5.720000,2.010373,2.000000,10.000000,6.480000,3.672819,40.000000,12.000000,0,0,66.772214
100000134,100000134,0,accepted,none,0.000000,1,7.560000,3.499486,1.000000,16.000000,8.200000,4.349713,49.000000,0.000000,50,0,61.267239
100000135,100000135,0,accepted,none,0.000000,1,5.880000,2.495115,1.000000,11.000000,7.240000,4.154804,49.000000,0.000000,50,0,58.634729
100000136,100000136,0,rejected,assert_connectivity,60.000000,1,6.080000,2.855451,1.000000,11.000000,6.920000,3.167586,45.160000,9.014122,0,0,62.794685
100000137,100000137,0,rejected,assert_connectivity,60.000000,1,7.200000,2.668333,0.000000,12.000000,8.480000,4.318518,47.040000,6.720000,0,1,60.924968
100000138,100000138,0,rejected,assert_connectivity,60.000000,1,6.160000,3.264108,0.000000,14.000000,8.080000,4.156152,47.040000,6.720000,0,0,64.123312
100000139,100000139,0,rejected,assert_connectivity,60.000000,1,5.480000,2.256014,0.000000,10.000000,5.720000,3.085709,47.040000,6.720000,0,0,71.423043
100000140,100000140,0,rejected,assert_connectivity,60.000000,1,6.080000,2.431789,2.000000,10.000000,8.360000,4.097609,43.360000,10.449421,0,1,65.553361
100000141,100000141,0,accepted,none,0.000000,1,5.960000,2.340598,2.000000,11.000000,8.360000,3.670204,49.000000,0.000000,50,0,70.544407
100000142,100000142,0,rejected,assert_connectivity,60.000000,1,6.160000,2.292248,2.000000,10.000000,7.320000,3.483906,43.360000,10.449421,0,1,56.907392
100000143,100000143,0,accepted,none,0.000000,1,6.000000,2.116601,1.000000,10.000000,6.800000,3.046309,49.000000,0.000000,50,0,63.958802
100000144,100000144,0,rejected,assert_connectivity,60.000000,1,7.040000,3.358333,0.000000,15.000000,8.240000,4.197904,47.040000,6.720000,0,1,70.498755
100000145,100000145,0,rejected,assert_connectivity,60.000000,1,6.320000,3.094770,0.000000,12.000000,7.920000,4.093116,47.040000,6.720000,0,1,71.709616
100000146,100000146,0,accepted,none,0.000000,1,6.480000,2.410311,2.000000,11.000000,9.280000,3.893790,49.000000,0.000000,50,0,63.214302
100000147,100000147,0,rejected,assert_connectivity,60.000000,1,5.520000,2.787400,0.000000,12.000000,7.760000,4.739451,47.040000,6.720000,0,0,65.569383
100000148,100000148,0,rejected,assert_connectivity,60.000000,1,6.680000,2.928754,0.000000,13.000000,7.840000,3.454620,47.040000,6.720000,0,0,71.783026
100000149,100000149,0,accepted,none,0.000000,1,5.960000,2.068429,1.000000,10.000000,8.280000,2.778777,49.000000,0.000000,50,0,54.326682
100000150,100000150,0,rejected,assert_connectivity,60.000000,1,5.720000,2.154437,0.000000,11.000000,6.240000,3.076101,47.040000,6.720000,0,0,67.598317
100000151,100000151,0,rejected,assert_connectivity,60.000000,1,5.440000,2.255305,1.000000,10.000000,6.160000,3.348791,45.160000,9.014122,0,0,68.702057
100000152,100000152,0,accepted,none,0.000000,1,6.320000,3.301151,1.000000,15.000000,8.440000,4.583274,49.000000,0.000000,50,0,67.357220
100000153,100000153,0,accepted,none,0.000000,1,6.120000,2.768682,2.000000,13.000000,7.600000,3.255764,49.000000,0.000000,50,0,58.170485
100000154,100000154,0,rejected,assert_connectivity,60.000000,1,5.880000,2.620229,1.000000,12.000000,6.800000,2.592296,27.240000,8.396571,0,1,62.302044
100000155,100000155,0,rejected,assert_connectivity,60.000000,1,6.240000,3.228374,0.000000,12.000000,7.440000,4.152879,47.040000,6.720000,0,0,55.263060
100000156,100000156,0,rejected,assert_connectivity,60.000000,1,6.040000,2.842253,0.000000,12.000000,6.240000,3.385617,32.640000,12.765203,0,0,66.625369
100000157,100000157,0,accepted,none,0.000000,1,5.720000,2.049780,1.000000,10.000000,7.200000,3.334666,49.000000,0.000000,50,0,71.442855
100000158,100000158,0,accepted,none,0.000000,1,5.480000,1.539351,3.000000,8.000000,6.600000,2.545584,49.000000,0.000000,50,0,62.128235
100000159,100000159,0,accepted,none,0.000000,1,5.560000,2.089593,2.000000,10.000000,5.560000,2.325167,49.000000,0.000000,50,0,63.859513
100000160,100000160,0,rejected,assert_connectivity,60.000000,1,5.520000,2.736713,1.000000,12.000000,6.680000,3.926525,33.520000,13.843757,0,0,60.744807
100000161,100000161,0,rejected,assert_connectivity,60.000000,1,5.720000,1.939484,0.000000,12.000000,6.640000,3.542654,47.040000,6.720000,0,1,77.444343
100000162,100000162,0,rejected,assert_connectivity,60.000000,1,6.520000,2.578682,1.000000,11.000000,8.480000,4.382876,43.360000,10.449421,0,0,67.797520
100000163,100000163,0,rejected,assert_connectivity,60.000000,1,6.840000,3.471945,1.000000,14.000000,7.320000,3.895844,45.160000,9.014122,0,0,63.297784
100000164,100000164,0,accepted,none,0.000000,1,6.400000,2.925748,1.000000,12.000000,9.240000,4.091748,49.000000,0.000000,50,0,66.262367
100000165,100000165,0,accepted,none,0.000000,1,6.200000,2.236068,1.000000,11.000000,7.280000,2.891643,49.000000,0.000000,50,0,58.646467
100000166,100000166,0,rejected,assert_connectivity,60.000000,1,6.120000,2.413628,2.000000,11.000000,6.360000,4.241509,28.080000,13.363892,0,0,64.456283
100000167,100000167,0,accepted,none,0.000000,1,6.840000,2.752163,1.000000,12.000000,9.160000,3.585303,49.000000,0.000000,50,0,62.661311
100000168,100000168,0,rejected,assert_connectivity,60.000000,1,5.880000,2.346402,1.000000,10.000000,7.600000,4.108528,45.160000,9.014122,0,1,71.119457
100000169,100000169,0,rejected,assert_connectivity,60.000000,1,6.760000,2.895237,0.000000,13.000000,8.920000,4.417420,47.040000,6.720000,0,0,68.375178
100000170,100000170,0,rejected,assert_connectivity,60.000000,1,5.880000,2.122640,1.000000,10.000000,6.080000,3.474709,34.240000,12.293999,0,0,63.357975
100000171,100000171,0,rejected,assert_connectivity,60.000000,1,6.280000,2.630893,0.000000,12.000000,9.320000,4.496399,43.240000,10.924395,0,0,70.959539
100000172,100000172,0,rejected,assert_connectivity,60.000000,1,5.000000,2.126029,1.000000,9.000000,6.600000,3.423449,45.160000,9.014122,0,0,66.613996
100000173,100000173,0,accepted,none,0.000000,1,6.440000,3.182200,1.000000,12.000000,8.880000,4.269145,49.000000,0.000000,50,0,69.987152
100000174,100000174,0,rejected,assert_connectivity,60.000000,1,5.760000,2.429486,0.000000,12.000000,6.960000,2.952694,43.280000,10.766689,0,0,72.049779
100000175,100000175,0,rejected,assert_connectivity,60.000000,1,6.760000,3.484595,0.000000,14.000000,10.360000,5.094154,41.440000,12.073376,0,1,74.565552
100000176,100000176,0,rejected,assert_connectivity,60.000000,1,5.680000,2.014349,0.000000,9.000000,7.440000,2.981007,47.040000,6.720000,0,0,69.655519
100000177,100000177,0,rejected,assert_connectivity,60.000000,1,5.880000,2.388640,1.000000,10.000000,6.760000,3.535873,34.240000,12.293999,0,0,64.984566
100000178,100000178,0,accepted,none,0.000000,1,5.680000,2.803141,1.000000,12.000000,5.400000,3.019934,49.000000,0.000000,50,0,63.314639
100000179,100000179,0,rejected,too_close,60.000000,1,6.480000,2.787400,1.000000,12.000000,8.440000,4.167301,49.000000,0.000000,50,1,56.613463
100000180,100000180,0,rejected,assert_connectivity,60.000000,1,6.640000,2.861887,1.000000,12.000000,7.760000,4.329249,38.440000,12.348538,0,0,67.475767
100000181,100000181,0,accepted,none,0.000000,1,6.840000,3.132794,1.000000,13.000000,9.480000,4.473209,49.000000,0.000000,50,0,82.030656
100000182,100000182,0,rejected,assert_connectivity,60.000000,1,5.480000,2.118868,0.000000,10.000000,6.160000,3.042105,47.040000,6.720000,0,0,68.103377
100000183,100000183,0,rejected,assert_connectivity,60.000000,1,5.560000,2.155551,1.000000,9.000000,7.040000,3.218447,45.160000,9.014122,0,0,71.807265
100000184,100000184,0,rejected,assert_connectivity,60.000000,1,6.320000,3.158734,1.000000,14.000000,8.640000,4.642241,45.160000,9.014122,0,0,57.995976
100000185,100000185,0,rejected,assert_connectivity,60.000000,1,4.800000,1.969772,1.000000,10.000000,6.280000,3.633401,43.360000,10.449421,0,1,67.889662
100000186,100000186,0,accepted,none,0.000000,1,5.400000,1.843909,1.000000,8.000000,7.960000,3.104577,49.000000,0.000000,50,0,74.439337
100000187,100000187,0,rejected,assert_connectivity,60.000000,1,5.880000,2.604918,1.000000,11.000000,7.360000,3.653820,41.640000,11.394314,0,0,66.721398
100000188,100000188,0,accepted,none,0.000000,1,7.480000,3.811771,2.000000,19.000000,9.760000,5.368650,49.000000,0.000000,50,0,51.804532
100000189,100000189,0,accepted,none,0.000000,1,6.320000,1.943605,2.000000,11.000000,8.120000,3.541977,49.000000,0.000000,50,0,68.087875
100000190,100000190,0,accepted,none,0.000000,1,5.920000,2.696961,1.000000,11.000000,7.320000,2.949169,49.000000,0.000000,50,0,65.982386
100000191,100000191,0,rejected,too_close,60.000000,1,6.040000,2.297477,2.000000,10.000000,7.880000,3.134581,49.000000,0.000000,50,1,72.880804
100000192,100000192,0,rejected,assert_connectivity,60.000000,1,6.880000,3.669550,0.000000,13.000000,10.240000,4.722542,47.040000,6.720000,0,0,60.200824
100000193,100000193,0,rejected,assert_connectivity,60.000000,1,6.680000,3.022846,0.000000,12.000000,8.760000,4.216918,45.120000,9.210081,0,0,63.574424
100000194,100000194,0,rejected,assert_connectivity,60.000000,1,7.240000,2.867473,1.000000,12.000000,9.200000,4.673329,45.160000,9.014122,0,1,62.877475
100000195,100000195,0,rejected,assert_connectivity,60.000000,1,7.000000,2.952965,0.000000,13.000000,7.120000,3.102515,47.040000,6.720000,0,0,60.911560
100000196,100000196,0,rejected,assert_connectivity,60.000000,1,5.800000,2.473863,0.000000,11.000000,6.880000,3.993194,47.040000,6.720000,0,1,67.478111
100000197,100000197,0,rejected,assert_connectivity,60.000000,1,6.880000,3.829569,0.000000,14.000000,7.800000,4.303487,43.280000,10.766689,0,0,58.085667
100000198,100000198,0,accepted,none,0.000000,1,6.120000,2.688048,1.000000,10.000000,8.120000,3.712896,49.000000,0.000000,50,0,72.654936
100000199,100000199,0,rejected,assert_connectivity,60.000000,1,6.120000,2.479032,1.000000,10.000000,7.520000,4.759160,35.080000,13.582106,0,0,66.220705
100000200,100000200,0,rejected,too_close,60.000000,1,6.240000,2.604304,2.000000,12.000000,9.320000,4.300884,49.000000,0.000000,50,1,67.634119
100000201,100000201,0,rejected,assert_connectivity,60.000000,1,5.520000,2.499920,0.000000,11.000000,4.960000,2.440983,47.040000,6.720000,0,0,66.362321
100000203,100000203,0,rejected,assert_connectivity,60.000000,1,5.600000,1.979899,1.000000,9.000000,5.760000,3.283656,26.560000,7.579340,0,0,64.330114
100000204,100000204,0,rejected,assert_connectivity,60.000000,1,6.480000,3.413151,0.000000,13.000000,8.520000,4.364585,47.040000,6.720000,0,0,69.922121
100000202,100000202,0,rejected,assert_connectivity,60.000000,1,7.240000,3.792413,0.000000,15.000000,9.680000,4.830901,45.120000,9.210081,0,0,62.998271
100000208,100000208,0,accepted,none,0.000000,1,6.000000,2.181742,2.000000,12.000000,6.480000,3.132028,49.000000,0.000000,50,0,68.704723
100000209,100000209,0,accepted,none,0.000000,1,5.920000,2.431789,1.000000,13.000000,6.920000,4.019154,49.000000,0.000000,50,0,55.114394
100000206,100000206,0,accepted,none,0.000000,1,6.320000,2.477418,2.000000,12.000000,6.800000,2.630589,49.000000,0.000000,50,0,56.899622
100000212,100000212,0,rejected,too_close,60.000000,1,6.760000,3.222173,1.000000,14.000000,8.120000,3.734381,49.000000,0.000000,50,1,61.198349
100000205,100000205,0,accepted,none,0.000000,1,6.320000,2.395329,1.000000,11.000000,8.800000,4.079216,49.000000,0.000000,50,0,65.994838
100000211,100000211,0,accepted,none,0.000000,1,4.680000,1.804882,1.000000,9.000000,6.400000,2.925748,49.000000,0.000000,50,0,68.930039
100000213,100000213,0,rejected,assert_connectivity,60.000000,1,6.280000,2.506312,0.000000,11.000000,5.480000,2.531719,47.040000,6.720000,0,0,59.895030
100000207,100000207,0,accepted,none,0.000000,1,7.240000,3.153157,1.000000,13.000000,9.880000,4.777614,49.000000,0.000000,50,0,61.408265
100000215,100000215,0,rejected,assert_connectivity,60.000000,1,5.720000,2.341282,0.000000,10.000000,5.680000,3.384908,47.040000,6.720000,0,0,68.780985
100000210,100000210,0,accepted,none,0.000000,1,6.400000,2.785678,1.000000,13.000000,8.800000,4.019950,49.000000,0.000000,50,0,65.477382
100000219,100000219,0,rejected,assert_connectivity,60.000000,1,5.920000,2.704367,0.000000,11.000000,7.360000,3.451145,45.120000,9.210081,0,0,71.471613
100000218,100000218,0,rejected,assert_connectivity,60.000000,1,7.160000,2.873047,0.000000,13.000000,7.560000,3.710310,41.520000,11.803796,0,0,61.042642
100000217,100000217,0,rejected,too_close,60.000000,1,7.560000,3.837499,1.000000,15.000000,10.160000,4.797333,49.000000,0.000000,50,1,61.417717
100000220,100000220,0,rejected,assert_connectivity,60.000000,1,6.880000,2.710277,0.000000,12.000000,7.960000,4.233013,47.040000,6.720000,0,0,53.854104
100000223,100000223,0,rejected,too_close,60.000000,1,6.520000,3.293873,2.000000,13.000000,6.120000,3.017549,49.000000,0.000000,50,0,64.451736
100000222,100000222,0,rejected,assert_connectivity,60.000000,1,9.160000,4.482678,0.000000,18.000000,10.600000,5.351635,45.120000,9.210081,0,0,55.905595
100000226,100000226,0,rejected,assert_connectivity,60.000000,1,5.880000,3.076622,0.000000,13.000000,6.400000,3.741657,38.240000,12.900481,0,1,68.499459
100000216,100000216,0,accepted,none,0.000000,1,5.440000,1.834775,1.000000,9.000000,7.280000,3.919388,49.000000,0.000000,50,0,67.721200
100000214,100000214,0,accepted,none,0.000000,1,7.440000,2.450796,2.000000,13.000000,8.840000,3.384435,49.000000,0.000000,50,0,59.622311
100000229,100000229,0,rejected,assert_connectivity,60.000000,1,6.400000,2.959730,0.000000,13.000000,6.240000,3.190987,47.040000,6.720000,0,0,62.959887
100000224,100000224,0,accepted,none,0.000000,1,4.920000,1.695170,2.000000,9.000000,6.960000,2.153695,49.000000,0.000000,50,0,70.382792
100000225,100000225,0,accepted,none,0.000000,1,5.360000,1.774937,2.000000,9.000000,7.320000,3.568977,49.000000,0.000000,50,0,65.388679
100000231,100000231,0,rejected,too_close,60.000000,1,6.000000,2.323790,1.000000,12.000000,7.440000,3.305511,49.000000,0.000000,50,0,58.155594
100000221,100000221,0,accepted,none,0.000000,1,6.320000,3.378994,2.000000,14.000000,8.720000,4.613198,49.000000,0.000000,50,0,68.969791
100000232,100000232,0,rejected,assert_connectivity,60.000000,1,5.760000,2.258849,0.000000,10.000000,7.760000,4.221658,47.040000,6.720000,0,0,68.177643
100000233,100000233,0,rejected,assert_connectivity,60.000000,1,6.520000,2.837182,0.000000,11.000000,9.520000,4.813481,43.280000,10.766689,0,0,72.829710
100000234,100000234,0,rejected,assert_connectivity,60.000000,1,5.080000,2.365079,0.000000,10.000000,5.560000,2.475157,47.040000,6.720000,0,0,63.508413
100000235,100000235,0,rejected,assert_connectivity,60.000000,1,7.920000,4.058768,1.000000,16.000000,10.280000,5.762083,39.760000,12.720943,0,0,64.739013
100000236,100000236,0,rejected,too_close,60.000000,1,5.480000,1.813725,2.000000,10.000000,7.240000,2.768104,49.000000,0.000000,50,0,66.683617
100000238,100000238,0,rejected,assert_connectivity,60.000000,1,6.200000,3.237283,1.000000,13.000000,6.080000,3.064898,28.000000,9.165151,0,0,68.510722
100000228,100000228,0,accepted,none,0.000000,1,6.320000,2.266627,1.000000,11.000000,7.880000,3.586865,49.000000,0.000000,50,0,65.049405
100000227,100000227,0,accepted,none,0.000000,1,6.400000,2.870540,1.000000,12.000000,8.680000,4.365501,49.000000,0.000000,50,0,66.186359
100000240,100000240,0,rejected,assert_connectivity,60.000000,1,6.560000,2.994395,1.000000,14.000000,6.600000,3.959798,36.960000,12.491533,0,1,60.050058
100000244,100000244,0,rejected,assert_connectivity,60.000000,1,5.960000,2.521587,1.000000,12.000000,6.600000,4.219005,35.560000,12.464606,0,0,61.165238
100000245,100000245,0,rejected,assert_connectivity,60.000000,1,5.480000,1.780337,0.000000,11.000000,6.960000,3.549422,47.040000,6.720000,0,0,64.684614
100000230,100000230,0,accepted,none,0.000000,1,6.760000,2.267686,1.000000,11.000000,8.080000,3.451608,49.000000,0.000000,50,0,59.943554
100000237,100000237,0,accepted,none,0.000000,1,5.760000,2.573402,2.000000,11.000000,8.040000,3.984771,49.000000,0.000000,50,0,67.647269
100000247,100000247,0,rejected,assert_connectivity,60.000000,1,5.200000,2.078461,0.000000,10.000000,5.680000,2.693993,45.120000,9.210081,0,0,72.380038
100000241,100000241,0,accepted,none,0.000000,1,5.120000,1.850838,1.000000,9.000000,6.360000,2.903515,49.000000,0.000000,50,0,58.987119
100000249,100000249,0,rejected,assert_connectivity,60.000000,1,6.040000,2.199636,0.000000,11.000000,5.880000,2.930119,47.040000,6.720000,0,0,60.361839
100000239,100000239,0,accepted,none,0.000000,1,6.600000,2.720294,2.000000,11.000000,9.520000,4.775940,49.000000,0.000000,50,0,52.783759
100000243,100000243,0,accepted,none,0.000000,1,5.880000,2.363387,1.000000,9.000000,7.560000,4.065268,49.000000,0.000000,50,0,70.334131
100000250,100000250,0,rejected,assert_connectivity,60.000000,1,6.760000,2.915888,0.000000,15.000000,7.080000,3.357618,47.040000,6.720000,0,0,61.352460
100000242,100000242,0,accepted,none,0.000000,1,6.960000,2.939116,2.000000,15.000000,9.280000,4.660644,49.000000,0.000000,50,0,64.500111
100000255,100000255,0,rejected,assert_connectivity,60.000000,1,5.480000,2.483868,1.000000,10.000000,5.360000,3.525677,21.760000,6.015181,0,0,66.274440
100000256,100000256,0,rejected,assert_connectivity,60.000000,1,5.880000,2.957296,0.000000,12.000000,7.080000,4.237169,38.240000,12.900481,0,0,66.335076
100000246,100000246,0,accepted,none,0.000000,1,7.080000,3.211479,1.000000,13.000000,7.160000,4.291200,49.000000,0.000000,50,0,62.031150
100000253,100000253,0,accepted,none,0.000000,1,5.280000,2.126405,1.000000,10.000000,5.920000,2.841408,49.000000,0.000000,50,0,66.007304
100000248,100000248,0,accepted,none,0.000000,1,6.640000,2.903515,1.000000,13.000000,8.920000,4.218246,49.000000,0.000000,50,0,56.584512
100000259,100000259,0,rejected,too_close,60.000000,1,5.480000,2.670131,2.000000,11.000000,7.000000,3.352611,49.000000,0.000000,50,0,70.471988
100000260,100000260,0,rejected,assert_connectivity,60.000000,1,6.920000,3.180189,0.000000,12.000000,8.400000,3.435113,47.040000,6.720000,0,0,66.257201
100000251,100000251,0,accepted,none,0.000000,1,7.160000,2.548411,3.000000,11.000000,8.800000,3.964846,49.000000,0.000000,50,0,65.294571
100000252,100000252,0,accepted,none,0.000000,1,7.640000,4.339401,1.000000,16.000000,8.720000,5.122656,49.000000,0.000000,50,0,61.720978
100000262,100000262,0,rejected,assert_connectivity,60.000000,1,5.520000,2.578682,0.000000,11.000000,6.600000,3.903844,47.040000,6.720000,0,0,66.304521
100000254,100000254,0,accepted,none,0.000000,1,7.400000,2.653300,2.000000,13.000000,10.200000,3.052868,49.000000,0.000000,50,0,71.574561
100000265,100000265,0,rejected,assert_connectivity,60.000000,1,5.280000,2.545899,1.000000,11.000000,5.160000,3.812401,23.080000,12.510540,0,0,66.367225
100000264,100000264,0,rejected,assert_connectivity,60.000000,1,5.680000,2.866636,0.000000,11.000000,6.920000,4.507061,41.520000,11.803796,0,0,69.671062
100000266,100000266,0,rejected,assert_connectivity,60.000000,1,6.240000,2.853489,0.000000,13.000000,6.000000,2.959730,47.040000,6.720000,0,0,55.468913
100000267,100000267,0,rejected,assert_connectivity,60.000000,1,6.560000,2.750709,1.000000,12.000000,5.240000,2.888321,28.000000,9.165151,0,0,60.170008
100000257,100000257,0,accepted,none,0.000000,1,6.240000,3.036840,1.000000,12.000000,9.080000,4.524776,49.000000,0.000000,50,0,81.711453
100000268,100000268,0,rejected,too_close,60.000000,1,5.520000,1.857310,2.000000,9.000000,5.800000,2.993326,49.000000,0.000000,50,1,61.259858
100000258,100000258,0,accepted,none,0.000000,1,7.280000,3.481609,1.000000,15.000000,8.960000,4.894732,49.000000,0.000000,50,0,66.749282
100000271,100000271,0,rejected,too_close,60.000000,1,5.320000,1.489161,3.000000,9.000000,6.760000,2.588899,49.000000,0.000000,50,0,68.144316
100000272,100000272,0,rejected,assert_connectivity,60.000000,1,5.560000,2.316549,0.000000,10.000000,6.800000,3.370460,47.040000,6.720000,0,0,72.776923
100000273,100000273,0,rejected,assert_connectivity,60.000000,1,6.520000,3.482758,0.000000,14.000000,7.760000,4.002799,47.040000,6.720000,0,0,68.595347
100000276,100000276,0,rejected,assert_connectivity,60.000000,1,6.880000,3.210234,1.000000,13.000000,5.920000,3.730094,43.360000,10.449421,0,0,49.713667
100000261,100000261,0,accepted,none,0.000000,1,6.000000,2.400000,1.000000,11.000000,7.360000,3.587534,49.000000,0.000000,50,0,69.434106
100000277,100000277,0,rejected,assert_connectivity,60.000000,1,7.280000,3.752546,0.000000,16.000000,10.720000,4.890971,47.040000,6.720000,0,0,70.114861
100000263,100000263,0,accepted,none,0.000000,1,6.160000,2.175868,1.000000,10.000000,7.800000,2.497999,49.000000,0.000000,50,0,71.414469
100000269,100000269,0,accepted,none,0.000000,1,4.760000,1.691863,1.000000,8.000000,4.920000,2.180275,49.000000,0.000000,50,0,61.387990
100000281,100000281,0,rejected,assert_connectivity,60.000000,1,5.520000,1.878723,0.000000,10.000000,4.440000,2.850684,47.040000,6.720000,0,0,56.985736
100000270,100000270,0,accepted,none,0.000000,1,6.400000,2.154066,1.000000,11.000000,6.880000,3.332507,49.000000,0.000000,50,0,66.207602
100000274,100000274,0,accepted,none,0.000000,1,5.640000,2.543698,1.000000,12.000000,6.400000,2.764055,49.000000,0.000000,50,0,67.826759
100000282,100000282,0,rejected,assert_connectivity,60.000000,1,7.800000,3.622154,0.000000,16.000000,10.680000,3.906098,47.040000,6.720000,0,0,59.961708
100000283,100000283,0,rejected,too_close,60.000000,1,5.560000,1.756815,2.000000,10.000000,7.080000,3.339701,49.000000,0.000000,50,0,60.494239
100000275,100000275,0,accepted,none,0.000000,1,5.680000,1.748599,1.000000,10.000000,6.040000,2.449163,49.000000,0.000000,50,0,61.531785
100000286,100000286,0,rejected,assert_connectivity,60.000000,1,5.840000,2.484834,0.000000,11.000000,7.280000,2.778777,47.040000,6.720000,0,0,64.495199
100000288,100000288,0,rejected,assert_connectivity,60.000000,1,5.840000,2.452427,1.000000,11.000000,5.560000,2.892473,43.360000,10.449421,0,0,55.604509
100000279,100000279,0,accepted,none,0.000000,1,6.320000,2.477418,2.000000,12.000000,7.360000,4.092725,49.000000,0.000000,50,0,58.519123
100000278,100000278,0,accepted,none,0.000000,1,6.120000,2.511095,1.000000,11.000000,6.920000,3.531798,49.000000,0.000000,50,0,65.564009
100000289,100000289,0,rejected,assert_connectivity,60.000000,1,5.560000,2.108649,0.000000,9.000000,6.840000,3.936293,47.040000,6.720000,0,1,61.088069
100000280,100000280,0,accepted,none,0.000000,1,5.520000,2.146998,1.000000,10.000000,7.600000,3.316625,49.000000,0.000000,50,0,74.416980
100000292,100000292,0,rejected,too_close,60.000000,1,5.640000,2.488051,2.000000,10.000000,7.240000,3.823925,49.000000,0.000000,50,1,73.938203
100000284,100000284,0,accepted,none,0.000000,1,5.840000,2.129413,2.000000,10.000000,6.920000,3.333707,49.000000,0.000000,50,0,59.522557
100000295,100000295,0,rejected,assert_connectivity,60.000000,1,6.520000,2.714701,1.000000,12.000000,6.680000,4.041980,43.360000,10.449421,0,0,57.693928
100000287,100000287,0,accepted,none,0.000000,1,6.320000,2.693993,1.000000,11.000000,6.120000,3.160000,49.000000,0.000000,50,0,58.043012
100000285,100000285,0,accepted,none,0.000000,1,6.320000,3.911215,1.000000,14.000000,8.840000,4.319074,49.000000,0.000000,50,0,69.014668
100000296,100000296,0,rejected,assert_connectivity,60.000000,1,5.680000,2.587972,0.000000,13.000000,7.040000,3.334426,47.040000,6.720000,0,1,74.740909
100000297,100000297,0,rejected,too_close,60.000000,1,5.120000,1.784825,2.000000,9.000000,6.880000,3.855593,49.000000,0.000000,50,0,71.018757
100000298,100000298,0,rejected,assert_connectivity,60.000000,1,5.960000,3.026285,0.000000,12.000000,7.280000,3.493079,47.040000,6.720000,0,0,79.008802
100000299,100000299,0,rejected,assert_connectivity,60.000000,1,5.640000,2.681492,1.000000,10.000000,7.000000,3.200000,41.480000,11.936901,0,0,60.039386
100000290,100000290,0,accepted,none,0.000000,1,6.240000,2.337178,1.000000,11.000000,8.880000,3.865954,49.000000,0.000000,50,0,61.487772
100000300,100000300,0,rejected,too_close,60.000000,1,5.640000,2.017523,1.000000,10.000000,7.280000,3.168848,49.000000,0.000000,50,0,60.154165
100000291,100000291,0,accepted,none,0.000000,1,6.240000,2.267686,3.000000,11.000000,6.480000,2.808843,49.000000,0.000000,50,0,52.653935
100000302,100000302,0,rejected,assert_connectivity,60.000000,1,6.480000,3.201500,1.000000,14.000000,8.320000,4.319444,45.160000,9.014122,0,0,62.224626
100000303,100000303,0,rejected,assert_connectivity,60.000000,1,5.040000,1.875740,2.000000,9.000000,4.920000,2.207623,24.160000,1.993590,0,0,69.557207
100000305,100000305,0,rejected,assert_connectivity,60.000000,1,6.440000,2.601230,0.000000,13.000000,5.200000,4.280187,16.600000,8.064738,0,0,54.129925
100000304,100000304,0,rejected,assert_connectivity,60.000000,1,7.720000,3.924487,0.000000,15.000000,8.880000,4.550341,39.720000,12.843738,0,0,58.637550
100000294,100000294,0,accepted,none,0.000000,1,5.880000,2.132041,2.000000,10.000000,7.720000,3.040000,49.000000,0.000000,50,0,62.511398
100000293,100000293,0,accepted,none,0.000000,1,6.000000,2.059126,2.000000,11.000000,6.880000,3.766378,49.000000,0.000000,50,0,71.187228
100000307,100000307,0,rejected,assert_connectivity,60.000000,1,5.960000,2.778201,0.000000,14.000000,8.800000,4.166533,47.040000,6.720000,0,0,65.749295
100000309,100000309,0,rejected,too_close,60.000000,1,6.080000,2.296432,1.000000,11.000000,8.600000,3.268027,49.000000,0.000000,50,0,68.346573
100000311,100000311,0,rejected,assert_connectivity,60.000000,1,7.720000,3.888650,0.000000,16.000000,9.400000,5.176872,47.040000,6.720000,0,0,66.647906
100000312,100000312,0,rejected,assert_connectivity,60.000000,1,5.880000,2.957296,1.000000,11.000000,8.400000,4.582576,43.360000,10.449421,0,0,63.126031
100000313,100000313,0,rejected,assert_connectivity,60.000000,1,5.800000,2.553429,2.000000,11.000000,8.440000,4.195998,38.440000,12.348538,0,0,65.510413
100000314,100000314,0,rejected,assert_connectivity,60.000000,1,4.720000,2.209434,1.000000,11.000000,5.080000,3.129473,27.240000,8.396571,0,0,65.141953
100000317,100000317,0,rejected,assert_connectivity,60.000000,1,5.600000,1.907878,2.000000,10.000000,6.560000,4.409807,40.000000,12.000000,0,0,58.254853
100000318,100000318,0,rejected,assert_connectivity,60.000000,1,6.360000,2.643936,2.000000,11.000000,8.720000,4.166725,34.240000,12.293999,0,0,66.819644
100000319,100000319,0,rejected,assert_connectivity,60.000000,1,5.480000,2.360000,0.000000,11.000000,5.600000,4.004997,29.600000,13.260468,0,0,67.733441
100000301,100000301,0,accepted,none,0.000000,1,7.000000,2.952965,1.000000,15.000000,8.240000,3.636262,49.000000,0.000000,50,0,61.153977
100000320,100000320,0,rejected,too_close,60.000000,1,6.440000,3.027606,1.000000,12.000000,7.120000,3.973110,49.000000,0.000000,50,0,56.201832
100000308,100000308,0,accepted,none,0.000000,1,5.600000,2.116601,1.000000,10.000000,7.320000,3.870090,49.000000,0.000000,50,0,71.360674
100000321,100000321,0,rejected,assert_connectivity,60.000000,1,6.320000,2.541181,0.000000,11.000000,9.440000,4.350448,47.040000,6.720000,0,0,68.427252
100000306,100000306,0,accepted,none,0.000000,1,5.800000,2.473863,1.000000,13.000000,7.280000,4.064677,49.000000,0.000000,50,0,64.296200
100000310,100000310,0,accepted,none,0.000000,1,6.480000,2.435077,1.000000,15.000000,6.800000,3.085450,49.000000,0.000000,50,0,61.272035
100000322,100000322,0,rejected,assert_connectivity,60.000000,1,6.720000,3.498800,0.000000,13.000000,9.480000,5.139027,45.120000,9.210081,0,0,69.422858
100000323,100000323,0,rejected,assert_connectivity,60.000000,1,6.400000,3.388215,1.000000,14.000000,7.760000,4.120971,41.640000,11.394314,0,1,67.243101
100000326,100000326,0,rejected,assert_connectivity,60.000000,1,6.280000,2.661128,1.000000,12.000000,6.720000,4.094093,23.520000,8.777790,0,1,55.307936
100000328,100000328,0,rejected,assert_connectivity,60.000000,1,5.440000,2.307899,0.000000,10.000000,7.280000,3.212725,45.120000,9.210081,0,0,76.524066
100000316,100000316,0,accepted,none,0.000000,1,5.960000,1.907459,1.000000,10.000000,7.440000,3.573010,49.000000,0.000000,50,0,68.275760
100000330,100000330,0,rejected,assert_connectivity,60.000000,1,6.280000,2.778777,1.000000,13.000000,6.920000,4.034055,29.960000,12.612629,0,0,73.235128
100000315,100000315,0,accepted,none,0.000000,1,5.880000,2.888875,1.000000,13.000000,7.320000,3.619061,49.000000,0.000000,50,0,71.003239
100000333,100000333,0,rejected,assert_connectivity,60.000000,1,6.120000,2.487087,0.000000,11.000000,7.520000,3.488495,47.040000,6.720000,0,0,71.169578
100000325,100000325,0,accepted,none,0.000000,1,7.400000,3.117691,1.000000,13.000000,7.640000,3.531345,49.000000,0.000000,50,0,60.453323
100000324,100000324,0,accepted,none,0.000000,1,5.240000,2.445895,1.000000,11.000000,6.520000,3.567856,49.000000,0.000000,50,0,71.947811
100000327,100000327,0,accepted,none,0.000000,1,5.960000,2.489659,1.000000,11.000000,6.760000,3.962625,49.000000,0.000000,50,0,65.396821
100000329,100000329,0,accepted,none,0.000000,1,7.000000,2.898275,1.000000,12.000000,8.640000,4.227340,49.000000,0.000000,50,0,59.520075
100000337,100000337,0,rejected,assert_connectivity,60.000000,1,6.480000,3.354042,0.000000,13.000000,6.800000,3.280244,47.040000,6.720000,0,0,58.272964
100000331,100000331,0,accepted,none,0.000000,1,5.760000,2.328605,2.000000,11.000000,6.080000,3.077921,49.000000,0.000000,50,0,65.506813
100000338,100000338,0,rejected,assert_connectivity,60.000000,1,6.160000,2.900759,1.000000,11.000000,8.960000,4.947565,38.080000,13.323423,0,1,62.342455
100000339,100000339,0,rejected,assert_connectivity,60.000000,1,6.440000,3.853103,1.000000,14.000000,7.880000,5.417158,36.480000,13.682456,0,0,60.822183
100000340,100000340,0,rejected,too_close,60.000000,1,6.440000,3.213472,1.000000,13.000000,8.000000,4.176123,49.000000,0.000000,50,0,63.245159
100000332,100000332,0,accepted,none,0.000000,1,7.160000,3.048672,1.000000,13.000000,7.880000,3.771684,49.000000,0.000000,50,0,63.459929
100000341,100000341,0,rejected,assert_connectivity,60.000000,1,5.800000,2.306513,0.000000,11.000000,6.960000,3.328423,47.040000,6.720000,0,0,67.947620
100000343,100000343,0,rejected,too_close,60.000000,1,5.760000,2.421239,1.000000,11.000000,9.160000,3.961616,49.000000,0.000000,50,0,70.159087
100000344,100000344,0,rejected,assert_connectivity,60.000000,1,6.160000,3.348791,0.000000,14.000000,9.120000,5.501418,45.120000,9.210081,0,0,76.520272
100000345,100000345,0,rejected,assert_connectivity,60.000000,1,7.520000,3.753612,0.000000,15.000000,8.920000,4.983332,47.040000,6.720000,0,0,67.400045
100000334,100000334,0,accepted,none,0.000000,1,7.040000,3.243208,2.000000,14.000000,9.440000,3.832284,49.000000,0.000000,50,0,66.468728
100000346,100000346,0,rejected,assert_connectivity,60.000000,1,6.600000,2.771281,0.000000,13.000000,10.080000,4.723727,47.040000,6.720000,0,1,61.980264
100000348,100000348,0,rejected,assert_connectivity,60.000000,1,6.000000,2.465766,1.000000,10.000000,7.320000,3.695619,45.160000,9.014122,0,0,56.375349
100000350,100000350,0,rejected,assert_connectivity,60.000000,1,7.080000,3.064898,0.000000,14.000000,9.840000,4.487137,47.040000,6.720000,0,1,65.747141
100000351,100000351,0,rejected,assert_connectivity,60.000000,1,6.280000,3.231346,2.000000,14.000000,7.240000,3.467333,41.640000,11.394314,0,0,62.609928
100000335,100000335,0,accepted,none,0.000000,1,6.160000,2.685964,1.000000,12.000000,9.000000,5.381450,49.000000,0.000000,50,0,67.541432
100000352,100000352,0,rejected,assert_connectivity,60.000000,1,5.800000,2.749545,0.000000,13.000000,7.760000,4.523538,47.040000,6.720000,0,0,70.649739
100000353,100000353,0,rejected,assert_connectivity,60.000000,1,6.360000,1.884251,2.000000,11.000000,6.840000,3.921020,35.560000,12.464606,0,0,56.727259
100000336,100000336,0,accepted,none,0.000000,1,5.800000,2.576820,1.000000,11.000000,7.800000,4.280187,49.000000,0.000000,50,0,64.534966
100000354,100000354,0,rejected,assert_connectivity,60.000000,1,5.680000,2.203996,2.000000,9.000000,8.040000,4.161538,43.360000,10.449421,0,0,65.055940
100000355,100000355,0,rejected,assert_connectivity,60.000000,1,6.240000,3.127683,1.000000,12.000000,7.520000,4.825930,32.360000,13.323303,0,0,64.319696
100000357,100000357,0,rejected,assert_connectivity,60.000000,1,6.280000,2.600308,0.000000,12.000000,5.640000,3.185969,33.920000,13.010519,0,0,60.601068
100000360,100000360,0,rejected,assert_connectivity,60.000000,1,6.640000,3.491475,0.000000,15.000000,7.960000,3.736094,47.040000,6.720000,0,0,61.925250
100000342,100000342,0,accepted,none,0.000000,1,6.160000,2.500880,1.000000,13.000000,9.400000,4.137632,49.000000,0.000000,50,0,69.615288
100000361,100000361,0,rejected,too_close,60.000000,1,6.480000,2.376889,1.000000,11.000000,8.560000,4.574538,49.000000,0.000000,50,0,65.763680
100000362,100000362,0,rejected,too_close,60.000000,1,6.240000,2.168502,1.000000,11.000000,8.200000,2.905168,49.000000,0.000000,50,0,67.941545
100000363,100000363,0,rejected,too_close,60.000000,1,5.760000,2.223151,1.000000,11.000000,6.080000,3.846245,49.000000,0.000000,50,1,59.615633
100000347,100000347,0,accepted,none,0.000000,1,5.920000,2.133917,2.000000,10.000000,7.400000,2.966479,49.000000,0.000000,50,0,65.381576
100000366,100000366,0,rejected,too_close,60.000000,1,5.720000,1.549710,1.000000,9.000000,6.560000,3.080000,49.000000,0.000000,50,0,60.825779
100000349,100000349,0,accepted,none,0.000000,1,7.120000,2.650585,2.000000,12.000000,8.280000,2.646054,49.000000,0.000000,50,0,67.829558
100000356,100000356,0,accepted,none,0.000000,1,6.200000,2.592296,1.000000,12.000000,7.640000,2.937754,49.000000,0.000000,50,0,64.433877
100000359,100000359,0,accepted,none,0.000000,1,5.760000,2.064558,2.000000,11.000000,7.040000,2.877221,49.000000,0.000000,50,0,68.780718
100000358,100000358,0,accepted,none,0.000000,1,7.120000,3.076622,1.000000,13.000000,10.000000,5.087239,49.000000,0.000000,50,0,61.889620
100000369,100000369,0,rejected,assert_connectivity,60.000000,1,7.680000,3.711819,0.000000,16.000000,8.720000,3.898923,47.040000,6.720000,0,1,68.531030
100000370,100000370,0,rejected,too_close,60.000000,1,5.840000,2.995730,1.000000,12.000000,5.480000,3.060980,49.000000,0.000000,50,1,69.342595
100000371,100000371,0,rejected,assert_connectivity,60.000000,1,5.640000,2.674023,2.000000,13.000000,6.520000,4.304602,36.960000,12.491533,0,1,65.901867
100000372,100000372,0,rejected,assert_connectivity,60.000000,1,6.880000,2.847034,2.000000,12.000000,8.080000,3.989185,40.000000,12.000000,0,1,67.557392
100000374,100000374,0,rejected,assert_connectivity,60.000000,1,5.560000,2.417933,0.000000,11.000000,6.760000,3.781851,47.040000,6.720000,0,0,64.327439
100000373,100000373,0,rejected,too_close,60.000000,1,6.280000,2.966749,1.000000,13.000000,7.680000,3.916325,49.000000,0.000000,50,1,60.523140
100000375,100000375,0,rejected,assert_connectivity,60.000000,1,6.240000,3.114868,0.000000,13.000000,8.760000,4.086857,47.040000,6.720000,0,0,66.125502
100000364,100000364,0,accepted,none,0.000000,1,5.960000,2.208710,1.000000,10.000000,8.000000,3.800000,49.000000,0.000000,50,0,68.212309
100000377,100000377,0,rejected,assert_connectivity,60.000000,1,5.600000,2.172556,0.000000,10.000000,6.960000,2.712637,47.040000,6.720000,0,0,70.117838
100000376,100000376,0,rejected,assert_connectivity,60.000000,1,5.840000,2.975634,0.000000,11.000000,6.520000,2.920548,47.040000,6.720000,0,0,73.056814
100000365,100000365,0,accepted,none,0.000000,1,5.480000,2.183941,1.000000,10.000000,6.760000,3.461560,49.000000,0.000000,50,0,69.761347
100000368,100000368,0,accepted,none,0.000000,1,5.560000,2.467063,1.000000,10.000000,6.680000,3.701027,49.000000,0.000000,50,0,60.528043
100000381,100000381,0,rejected,assert_connectivity,60.000000,1,6.560000,2.434420,0.000000,12.000000,7.360000,3.351179,47.040000,6.720000,0,0,61.301252
100000382,100000382,0,rejected,assert_connectivity,60.000000,1,6.760000,3.121282,1.000000,13.000000,7.840000,4.805663,45.160000,9.014122,0,0,60.943742
100000380,100000380,0,rejected,assert_connectivity,60.000000,1,6.600000,3.274141,0.000000,13.000000,8.640000,5.019004,43.240000,10.924395,0,0,61.782141
100000367,100000367,0,accepted,none,0.000000,1,6.000000,2.778489,1.000000,13.000000,8.280000,4.289709,49.000000,0.000000,50,0,69.561053
100000386,100000386,0,rejected,assert_connectivity,60.000000,1,6.360000,2.598153,2.000000,12.000000,6.880000,4.092139,41.640000,11.394314,0,0,64.488012
100000384,100000384,0,rejected,assert_connectivity,60.000000,1,7.040000,3.013038,0.000000,13.000000,8.720000,4.069595,47.040000,6.720000,0,1,63.028671
100000388,100000388,0,rejected,too_close,60.000000,1,5.800000,2.088061,1.000000,10.000000,7.960000,4.039604,49.000000,0.000000,50,0,71.143967
100000389,100000389,0,rejected,assert_connectivity,60.000000,1,6.320000,2.723527,0.000000,11.000000,8.240000,3.776559,47.040000,6.720000,0,0,71.400240
100000391,100000391,0,rejected,too_close,60.000000,1,5.920000,2.931484,1.000000,12.000000,8.440000,4.070184,49.000000,0.000000,50,1,61.848583
100000378,100000378,0,accepted,none,0.000000,1,5.680000,1.826910,2.000000,9.000000,7.400000,3.231099,49.000000,0.000000,50,0,63.058098
100000379,100000379,0,accepted,none,0.000000,1,6.200000,2.400000,1.000000,10.000000,7.040000,3.149349,49.000000,0.000000,50,0,63.691064
100000387,100000387,0,accepted,none,0.000000,1,5.240000,1.715343,2.000000,10.000000,6.040000,3.538135,49.000000,0.000000,50,0,67.979727
100000393,100000393,0,rejected,assert_connectivity,60.000000,1,6.080000,2.777337,1.000000,12.000000,8.600000,4.190465,45.160000,9.014122,0,0,66.229446
100000394,100000394,0,rejected,assert_connectivity,60.000000,1,6.640000,3.740374,1.000000,14.000000,8.120000,5.198615,38.440000,12.348538,0,0,63.233399
100000383,100000383,0,accepted,none,0.000000,1,6.360000,2.188698,1.000000,10.000000,9.200000,3.400000,49.000000,0.000000,50,0,69.888887
100000397,100000397,0,rejected,too_close,60.000000,1,5.960000,3.273897,1.000000,14.000000,7.480000,3.935683,49.000000,0.000000,50,1,67.860113
100000385,100000385,0,accepted,none,0.000000,1,6.680000,3.062287,1.000000,13.000000,10.080000,4.782635,49.000000,0.000000,50,0,74.356666
100000398,100000398,0,rejected,assert_connectivity,60.000000,1,6.280000,2.800286,0.000000,12.000000,5.360000,2.688940,24.240000,6.335803,0,0,58.239179
100000399,100000399,0,rejected,assert_connectivity,60.000000,1,7.120000,3.547619,0.000000,14.000000,7.840000,3.890296,45.120000,9.210081,0,0,70.439652
100000400,100000400,0,rejected,too_close,60.000000,1,7.040000,2.770993,1.000000,13.000000,7.680000,4.460673,49.000000,0.000000,50,0,59.356361
100000390,100000390,0,accepted,none,0.000000,1,7.000000,3.143247,2.000000,13.000000,8.720000,4.271019,49.000000,0.000000,50,0,65.396586
100000392,100000392,0,accepted,none,0.000000,1,6.240000,2.502479,1.000000,11.000000,6.840000,2.893856,49.000000,0.000000,50,0,54.254001
100000405,100000405,0,rejected,assert_connectivity,60.000000,1,7.320000,2.955943,1.000000,12.000000,8.840000,4.713215,43.360000,10.449421,0,0,56.369234
100000395,100000395,0,accepted,none,0.000000,1,5.280000,1.929145,1.000000,9.000000,5.880000,3.409633,49.000000,0.000000,50,0,71.141724
100000396,100000396,0,accepted,none,0.000000,1,5.880000,1.924994,1.000000,9.000000,6.160000,3.360714,49.000000,0.000000,50,0,66.036748
100000407,100000407,0,rejected,assert_connectivity,60.000000,1,6.040000,2.465441,0.000000,11.000000,8.000000,3.964846,47.040000,6.720000,0,0,68.730903
100000408,100000408,0,rejected,too_close,60.000000,1,4.800000,1.865476,1.000000,8.000000,5.960000,2.599692,49.000000,0.000000,50,1,82.356795
100000409,100000409,0,rejected,assert_connectivity,60.000000,1,6.720000,2.630893,0.000000,12.000000,7.960000,3.676738,47.040000,6.720000,0,0,64.824818
100000410,100000410,0,rejected,assert_connectivity,60.000000,1,6.440000,2.850684,0.000000,11.000000,7.800000,3.429286,47.040000,6.720000,0,0,66.749894
100000411,100000411,0,rejected,too_close,60.000000,1,5.520000,1.899895,1.000000,10.000000,7.720000,3.079221,49.000000,0.000000,50,0,65.282035
100000402,100000402,0,accepted,none,0.000000,1,5.400000,1.822087,2.000000,10.000000,7.400000,2.905168,49.000000,0.000000,50,0,73.149741
100000403,100000403,0,accepted,none,0.000000,1,5.880000,3.017549,1.000000,14.000000,8.080000,3.903024,49.000000,0.000000,50,0,68.490925
100000414,100000414,0,rejected,too_close,60.000000,1,6.000000,2.615339,2.000000,12.000000,7.360000,2.651490,49.000000,0.000000,50,0,62.721848
100000415,100000415,0,rejected,assert_connectivity,60.000000,1,6.960000,2.668033,0.000000,12.000000,8.840000,5.013422,45.120000,9.210081,0,0,63.620441
100000404,100000404,0,accepted,none,0.000000,1,5.960000,2.297477,1.000000,10.000000,7.480000,3.448130,49.000000,0.000000,50,0,74.791319
100000401,100000401,0,accepted,none,0.000000,1,8.240000,3.776559,2.000000,16.000000,12.240000,5.323758,49.000000,0.000000,50,0,65.610148
100000418,100000418,0,rejected,assert_connectivity,60.000000,1,6.640000,2.819645,2.000000,12.000000,6.720000,3.589095,43.360000,10.449421,0,0,58.159836
100000417,100000417,0,rejected,too_close,60.000000,1,6.320000,2.231054,1.000000,12.000000,8.480000,3.170110,49.000000,0.000000,50,0,69.028533
100000406,100000406,0,accepted,none,0.000000,1,6.400000,2.690725,2.000000,13.000000,8.160000,4.383423,49.000000,0.000000,50,0,50.184507
100000421,100000421,0,rejected,assert_connectivity,60.000000,1,7.720000,4.770912,1.000000,17.000000,9.120000,5.442940,38.120000,13.219138,0,0,57.571588
100000423,100000423,0,rejected,assert_connectivity,60.000000,1,6.440000,2.677013,0.000000,10.000000,6.640000,3.912851,47.040000,6.720000,0,1,70.987043
100000424,100000424,0,rejected,assert_connectivity,60.000000,1,5.880000,2.550608,1.000000,11.000000,6.800000,3.423449,45.160000,9.014122,0,1,73.965069
100000412,100000412,0,accepted,none,0.000000,1,5.640000,1.717673,1.000000,9.000000,8.360000,3.116151,49.000000,0.000000,50,0,73.510098
100000413,100000413,0,accepted,none,0.000000,1,6.960000,2.720000,1.000000,12.000000,7.440000,4.574538,49.000000,0.000000,50,0,67.122762
100000425,100000425,0,rejected,too_close,60.000000,1,5.680000,2.603382,1.000000,11.000000,5.880000,3.314453,49.000000,0.000000,50,0,59.544389
100000426,100000426,0,rejected,too_close,60.000000,1,5.720000,1.918750,2.000000,11.000000,6.680000,2.831537,49.000000,0.000000,50,0,69.426004
100000428,100000428,0,rejected,assert_connectivity,60.000000,1,5.160000,1.890608,0.000000,9.000000,5.680000,3.202749,47.040000,6.720000,0,0,63.874306
100000416,100000416,0,accepted,none,0.000000,1,5.440000,2.409647,1.000000,12.000000,6.240000,2.997065,49.000000,0.000000,50,0,65.357902
100000429,100000429,0,rejected,assert_connectivity,60.000000,1,5.840000,2.138785,1.000000,9.000000,6.920000,3.830614,45.160000,9.014122,0,0,61.442355
100000419,100000419,0,accepted,none,0.000000,1,5.800000,2.537716,1.000000,12.000000,6.800000,2.271563,49.000000,0.000000,50,0,64.421095
100000430,100000430,0,rejected,too_close,60.000000,1,6.200000,2.357965,2.000000,10.000000,7.680000,3.684780,49.000000,0.000000,50,0,58.732619
100000422,100000422,0,accepted,none,0.000000,1,5.800000,2.383275,1.000000,11.000000,7.920000,4.213502,49.000000,0.000000,50,0,75.499906
100000433,100000433,0,rejected,assert_connectivity,60.000000,1,6.400000,2.778489,2.000000,13.000000,9.000000,4.753946,43.360000,10.449421,0,0,49.132980
100000434,100000434,0,rejected,assert_connectivity,60.000000,1,5.800000,2.340940,0.000000,11.000000,7.840000,3.900564,45.120000,9.210081,0,0,69.738434
100000420,100000420,0,accepted,none,0.000000,1,5.960000,2.911769,2.000000,12.000000,7.520000,4.036038,49.000000,0.000000,50,0,71.252720
100000435,100000435,0,rejected,assert_connectivity,60.000000,1,5.360000,2.504077,0.000000,12.000000,6.800000,4.176123,43.280000,10.766689,0,0,62.857838
100000437,100000437,0,rejected,assert_connectivity,60.000000,1,7.560000,3.889267,0.000000,14.000000,8.560000,5.703192,39.840000,12.485768,0,0,59.858309
100000438,100000438,0,rejected,assert_connectivity,60.000000,1,6.120000,2.503118,0.000000,11.000000,6.920000,2.931484,47.040000,6.720000,0,0,67.767655
100000441,100000441,0,rejected,assert_connectivity,60.000000,1,6.040000,2.835207,1.000000,12.000000,5.160000,2.948627,21.040000,8.592927,0,0,62.020572
100000440,100000440,0,rejected,assert_connectivity,60.000000,1,6.120000,3.320482,1.000000,14.000000,6.840000,3.812401,39.760000,12.720943,0,1,60.246488
100000442,100000442,0,rejected,assert_connectivity,60.000000,1,5.160000,2.120000,0.000000,9.000000,6.280000,3.538587,47.040000,6.720000,0,0,65.698746
100000443,100000443,0,rejected,assert_connectivity,60.000000,1,5.360000,2.527924,0.000000,12.000000,8.040000,4.617185,47.040000,6.720000,0,0,63.756327
100000427,100000427,0,accepted,none,0.000000,1,6.840000,3.966661,2.000000,15.000000,7.160000,4.387984,49.000000,0.000000,50,0,58.510017
100000444,100000444,0,rejected,too_close,60.000000,1,6.680000,3.552126,1.000000,14.000000,9.160000,4.618918,49.000000,0.000000,50,0,72.542819
100000445,100000445,0,rejected,assert_connectivity,60.000000,1,6.800000,3.322650,1.000000,13.000000,8.560000,4.691098,38.440000,12.348538,0,0,67.066675
100000431,100000431,0,accepted,none,0.000000,1,5.960000,2.799714,1.000000,11.000000,7.200000,3.944617,49.000000,0.000000,50,0,66.732130
100000447,100000447,0,rejected,too_close,60.000000,1,5.680000,1.891454,2.000000,10.000000,6.560000,3.561797,49.000000,0.000000,50,1,72.189416
100000448,100000448,0,rejected,assert_connectivity,60.000000,1,6.120000,2.680597,0.000000,11.000000,7.080000,4.199238,38.080000,13.332427,0,0,70.274917
100000432,100000432,0,accepted,none,0.000000,1,6.040000,2.778201,1.000000,12.000000,7.360000,4.542070,49.000000,0.000000,50,0,61.862493
100000450,100000450,0,rejected,assert_connectivity,60.000000,1,6.560000,2.920000,0.000000,11.000000,6.840000,3.689770,23.600000,10.278132,0,0,64.136133
100000451,100000451,0,rejected,too_close,60.000000,1,5.480000,1.802665,2.000000,9.000000,6.800000,2.877499,49.000000,0.000000,50,1,72.455506
100000452,100000452,0,rejected,too_close,60.000000,1,5.760000,2.687452,1.000000,12.000000,8.880000,4.028101,49.000000,0.000000,50,0,62.896234
100000453,100000453,0,rejected,too_close,60.000000,1,6.520000,2.837182,1.000000,13.000000,8.800000,4.436215,49.000000,0.000000,50,0,60.550389
100000439,100000439,0,accepted,none,0.000000,1,5.360000,2.037253,2.000000,11.000000,6.360000,2.431131,49.000000,0.000000,50,0,67.677239
100000454,100000454,0,rejected,too_close,60.000000,1,6.600000,2.863564,1.000000,12.000000,7.440000,3.476550,49.000000,0.000000,50,1,67.257610
100000436,100000436,0,accepted,none,0.000000,1,5.600000,2.638181,1.000000,12.000000,7.920000,4.004198,49.000000,0.000000,50,0,71.309650
100000455,100000455,0,rejected,assert_connectivity,60.000000,1,5.880000,2.479032,0.000000,10.000000,7.240000,3.818691,47.040000,6.720000,0,0,67.670068
100000456,100000456,0,rejected,too_close,60.000000,1,5.640000,2.066495,2.000000,10.000000,7.600000,3.187475,49.000000,0.000000,50,0,67.039013
100000457,100000457,0,rejected,assert_connectivity,60.000000,1,5.520000,2.109407,1.000000,9.000000,7.120000,3.530666,45.160000,9.014122,0,1,61.693263
100000459,100000459,0,rejected,assert_connectivity,60.000000,1,6.200000,2.939388,1.000000,13.000000,7.520000,4.809324,38.440000,12.348538,0,0,56.754321
100000460,100000460,0,rejected,assert_connectivity,60.000000,1,5.760000,2.694884,1.000000,11.000000,6.120000,3.302363,41.640000,11.394314,0,0,64.795164
100000462,100000462,0,rejected,too_close,60.000000,1,5.920000,2.124523,1.000000,11.000000,6.840000,3.384435,49.000000,0.000000,50,1,63.249663
100000461,100000461,0,rejected,assert_connectivity,60.000000,1,6.920000,3.621270,1.000000,14.000000,6.520000,4.001200,45.160000,9.014122,0,0,65.895064
100000466,100000466,0,rejected,assert_connectivity,60.000000,1,6.320000,2.996264,1.000000,13.000000,6.480000,4.574888,28.160000,13.247430,0,0,56.173681
100000446,100000446,0,accepted,none,0.000000,1,6.040000,2.235710,1.000000,11.000000,7.120000,3.421345,49.000000,0.000000,50,0,63.336353
100000467,100000467,0,rejected,assert_connectivity,60.000000,1,5.960000,2.856291,0.000000,11.000000,6.520000,3.232584,47.040000,6.720000,0,0,66.412920
100000449,100000449,0,accepted,none,0.000000,1,5.880000,2.084610,1.000000,10.000000,7.960000,3.059150,49.000000,0.000000,50,0,64.285215
100000468,100000468,0,rejected,assert_connectivity,60.000000,1,7.120000,3.024169,0.000000,13.000000,7.480000,4.143622,45.120000,9.210081,0,0,60.091084
100000469,100000469,0,rejected,assert_connectivity,60.000000,1,4.800000,1.296148,2.000000,7.000000,4.240000,2.267686,26.560000,7.579340,0,0,71.613204
100000458,100000458,0,accepted,none,0.000000,1,6.240000,2.064558,2.000000,11.000000,8.720000,3.594663,49.000000,0.000000,50,0,63.993882
100000464,100000464,0,accepted,none,0.000000,1,5.200000,1.523155,2.000000,9.000000,5.960000,2.078076,49.000000,0.000000,50,0,59.705082
100000463,100000463,0,accepted,none,0.000000,1,6.120000,2.710277,1.000000,12.000000,8.080000,4.590599,49.000000,0.000000,50,0,61.985714
100000473,100000473,0,rejected,too_close,60.000000,1,5.840000,2.072293,2.000000,10.000000,6.880000,3.845205,49.000000,0.000000,50,0,68.326575
100000476,100000476,0,rejected,assert_connectivity,60.000000,1,5.240000,2.276489,1.000000,9.000000,6.640000,3.044733,38.120000,13.219138,0,0,62.376114
100000465,100000465,0,accepted,none,0.000000,1,6.760000,2.839437,1.000000,12.000000,7.600000,3.644173,49.000000,0.000000,50,0,58.646372
100000477,100000477,0,rejected,assert_connectivity,60.000000,1,6.320000,2.949169,0.000000,13.000000,8.560000,3.365472,45.120000,9.210081,0,0,66.691505
100000479,100000479,0,rejected,assert_connectivity,60.000000,1,4.880000,2.103711,1.000000,9.000000,4.480000,2.994929,30.880000,13.447141,0,0,57.142644
100000472,100000472,0,accepted,none,0.000000,1,6.000000,2.209072,2.000000,10.000000,6.960000,3.475399,49.000000,0.000000,50,0,69.603078
100000470,100000470,0,accepted,none,0.000000,1,5.840000,2.185040,2.000000,10.000000,7.640000,2.861887,49.000000,0.000000,50,0,68.422465
100000471,100000471,0,accepted,none,0.000000,1,6.040000,2.162961,1.000000,10.000000,8.240000,3.222173,49.000000,0.000000,50,0,65.974417
100000482,100000482,0,rejected,assert_connectivity,60.000000,1,6.240000,3.289742,0.000000,12.000000,8.520000,4.948697,38.240000,12.900481,0,0,68.556722
100000483,100000483,0,rejected,assert_connectivity,60.000000,1,6.120000,2.688048,0.000000,11.000000,7.800000,3.481379,47.040000,6.720000,0,0,63.151772
100000484,100000484,0,rejected,assert_connectivity,60.000000,1,6.720000,3.757872,1.000000,13.000000,9.160000,4.011783,45.160000,9.014122,0,0,60.273120
100000486,100000486,0,rejected,assert_connectivity,60.000000,1,6.240000,2.502479,0.000000,11.000000,6.320000,4.100927,45.120000,9.210081,0,0,58.913855
100000475,100000475,0,accepted,none,0.000000,1,5.640000,2.463818,1.000000,11.000000,8.400000,3.883298,49.000000,0.000000,50,0,71.394066
100000474,100000474,0,accepted,none,0.000000,1,5.720000,2.757100,1.000000,13.000000,7.560000,3.666933,49.000000,0.000000,50,0,68.804835
100000488,100000488,0,rejected,too_close,60.000000,1,6.480000,2.256014,2.000000,11.000000,8.840000,3.489183,49.000000,0.000000,50,0,66.872866
100000489,100000489,0,rejected,assert_connectivity,60.000000,1,7.600000,4.556314,1.000000,17.000000,9.720000,5.667592,32.360000,13.323303,0,0,66.257796
100000478,100000478,0,accepted,none,0.000000,1,7.120000,2.881944,1.000000,13.000000,8.160000,4.046529,49.000000,0.000000,50,0,67.004019
100000491,100000491,0,rejected,assert_connectivity,60.000000,1,5.960000,2.591988,1.000000,10.000000,7.800000,4.395452,45.160000,9.014122,0,0,68.305473
100000490,100000490,0,rejected,too_close,60.000000,1,7.280000,3.274385,1.000000,13.000000,11.160000,4.610249,49.000000,0.000000,50,0,68.745193
100000480,100000480,0,accepted,none,0.000000,1,6.080000,2.406990,1.000000,10.000000,7.480000,4.036038,49.000000,0.000000,50,0,64.395071
100000481,100000481,0,accepted,none,0.000000,1,5.120000,1.861612,1.000000,9.000000,5.840000,2.516823,49.000000,0.000000,50,0,71.524366
100000494,100000494,0,rejected,assert_connectivity,60.000000,1,5.400000,2.433105,0.000000,10.000000,7.520000,3.348074,45.120000,9.210081,0,0,78.165205
100000495,100000495,0,rejected,too_close,60.000000,1,6.720000,2.561562,1.000000,11.000000,7.560000,3.459248,49.000000,0.000000,50,1,54.871549
100000496,100000496,0,rejected,assert_connectivity,60.000000,1,7.560000,3.060457,1.000000,14.000000,7.600000,3.616628,45.160000,9.014122,0,1,54.657473
100000497,100000497,0,rejected,assert_connectivity,60.000000,1,6.960000,2.842253,0.000000,12.000000,9.600000,4.256759,45.120000,9.210081,0,0,69.910977
100000498,100000498,0,rejected,too_close,60.000000,1,5.680000,2.292946,1.000000,10.000000,7.600000,4.034848,49.000000,0.000000,50,1,65.915371
100000485,100000485,0,accepted,none,0.000000,1,6.560000,2.080000,1.000000,12.000000,7.840000,4.464796,49.000000,0.000000,50,0,62.316502
100000500,100000500,0,rejected,assert_connectivity,60.000000,1,5.720000,2.254240,2.000000,11.000000,6.760000,3.849987,40.000000,12.000000,0,1,64.858760
100000499,100000499,0,rejected,too_close,60.000000,1,5.200000,2.078461,2.000000,11.000000,5.960000,2.407987,49.000000,0.000000,50,0,66.532791
100000501,100000501,0,rejected,too_close,60.000000,1,6.800000,2.253886,2.000000,12.000000,8.720000,4.582750,49.000000,0.000000,50,1,67.178670
100000502,100000502,0,rejected,assert_connectivity,60.000000,1,6.920000,3.713974,1.000000,14.000000,9.120000,4.448101,43.360000,10.449421,0,0,66.156854
100000503,100000503,0,rejected,assert_connectivity,60.000000,1,7.120000,3.824343,1.000000,15.000000,8.200000,4.507771,45.160000,9.014122,0,0,61.313720
100000504,100000504,0,rejected,too_close,60.000000,1,6.680000,2.745469,1.000000,14.000000,7.960000,2.682983,49.000000,0.000000,50,0,66.780614
100000487,100000487,0,accepted,none,0.000000,1,6.120000,2.421900,2.000000,11.000000,8.160000,3.557302,49.000000,0.000000,50,0,67.111851
100000506,100000506,0,rejected,assert_connectivity,60.000000,1,5.400000,2.366432,0.000000,10.000000,6.080000,2.910945,47.040000,6.720000,0,0,61.041798
100000507,100000507,0,rejected,assert_connectivity,60.000000,1,5.720000,2.727930,1.000000,13.000000,7.080000,3.582401,45.160000,9.014122,0,0,63.312342
100000509,100000509,0,rejected,assert_connectivity,60.000000,1,6.600000,3.104835,1.000000,14.000000,9.800000,4.758151,45.160000,9.014122,0,0,71.538433
100000510,100000510,0,rejected,assert_connectivity,60.000000,1,7.040000,2.828144,1.000000,13.000000,10.120000,4.810987,45.160000,9.014122,0,0,67.312987
100000492,100000492,0,accepted,none,0.000000,1,6.160000,1.963263,1.000000,10.000000,7.160000,3.048672,49.000000,0.000000,50,0,68.836736
100000512,100000512,0,rejected,too_close,60.000000,1,5.640000,2.133167,1.000000,11.000000,7.200000,3.752333,49.000000,0.000000,50,1,61.800710
100000513,100000513,0,rejected,assert_connectivity,60.000000,1,5.320000,2.034109,1.000000,10.000000,5.160000,3.828107,36.560000,13.492457,0,0,67.271292
100000493,100000493,0,accepted,none,0.000000,1,6.560000,2.906269,1.000000,14.000000,8.440000,3.827062,49.000000,0.000000,50,0,59.068881
100000514,100000514,0,rejected,assert_connectivity,60.000000,1,6.080000,3.051819,0.000000,11.000000,8.400000,5.095096,34.880000,14.038006,0,0,73.668936
100000518,100000518,0,rejected,too_close,60.000000,1,5.920000,2.674621,2.000000,12.000000,5.800000,3.492850,49.000000,0.000000,50,0,60.352535
100000519,100000519,0,rejected,assert_connectivity,60.000000,1,7.360000,3.173389,0.000000,13.000000,10.800000,4.866210,47.040000,6.720000,0,0,66.725786
100000505,100000505,0,accepted,none,0.000000,1,6.480000,2.830124,1.000000,13.000000,8.480000,4.021144,49.000000,0.000000,50,0,69.288088
100000520,100000520,0,rejected,assert_connectivity,60.000000,1,6.280000,2.449816,0.000000,12.000000,6.840000,3.951506,47.040000,6.720000,0,0,61.822268
100000522,100000522,0,rejected,assert_connectivity,60.000000,1,5.000000,1.732051,0.000000,8.000000,3.800000,2.236068,24.240000,6.335803,0,0,62.947140
100000508,100000508,0,accepted,none,0.000000,1,5.640000,1.967333,2.000000,10.000000,8.680000,2.915064,49.000000,0.000000,50,0,71.452845
100000511,100000511,0,accepted,none,0.000000,1,6.320000,2.469332,2.000000,10.000000,8.440000,4.084899,49.000000,0.000000,50,0,53.789852
100000525,100000525,0,rejected,assert_connectivity,60.000000,1,6.600000,2.863564,1.000000,13.000000,8.240000,3.771260,45.160000,9.014122,0,0,66.485514
100000517,100000517,0,accepted,none,0.000000,1,5.520000,1.982322,2.000000,11.000000,7.320000,3.282926,49.000000,0.000000,50,0,69.624269
100000516,100000516,0,accepted,none,0.000000,1,6.000000,2.505993,2.000000,12.000000,6.200000,2.785678,49.000000,0.000000,50,0,58.556633
100000526,100000526,0,rejected,assert_connectivity,60.000000,1,6.360000,2.621145,2.000000,11.000000,8.320000,4.305531,41.640000,11.394314,0,0,69.541202
100000515,100000515,0,accepted,none,0.000000,1,5.640000,2.659022,1.000000,12.000000,6.840000,3.976732,49.000000,0.000000,50,0,65.230426
100000529,100000529,0,rejected,too_close,60.000000,1,5.640000,1.841304,2.000000,11.000000,7.280000,3.572338,49.000000,0.000000,50,1,68.674211
100000530,100000530,0,rejected,assert_connectivity,60.000000,1,5.720000,2.506312,0.000000,11.000000,8.000000,3.498571,47.040000,6.720000,0,0,69.408997
100000531,100000531,0,rejected,too_close,60.000000,1,6.000000,3.538361,1.000000,14.000000,8.040000,4.069201,49.000000,0.000000,50,1,74.038385
100000521,100000521,0,accepted,none,0.000000,1,5.840000,2.194174,1.000000,9.000000,7.800000,3.515679,49.000000,0.000000,50,0,66.019666
100000533,100000533,0,rejected,assert_connectivity,60.000000,1,5.760000,2.371160,1.000000,11.000000,6.400000,4.538722,39.760000,12.720943,0,0,65.254933
100000534,100000534,0,rejected,too_close,60.000000,1,5.360000,1.997599,1.000000,9.000000,6.680000,2.386965,49.000000,0.000000,50,1,68.420134
100000524,100000524,0,accepted,none,0.000000,1,6.200000,2.449490,2.000000,11.000000,7.920000,3.582401,49.000000,0.000000,50,0,70.128267
100000523,100000523,0,accepted,none,0.000000,1,6.640000,2.854891,1.000000,13.000000,6.520000,2.594147,49.000000,0.000000,50,0,71.733547
100000536,100000536,0,rejected,assert_connectivity,60.000000,1,7.120000,2.943739,1.000000,14.000000,8.280000,4.147481,45.160000,9.014122,0,0,63.174591
100000528,100000528,0,accepted,none,0.000000,1,5.840000,2.148115,2.000000,12.000000,5.360000,2.659022,49.000000,0.000000,50,0,62.884967
100000527,100000527,0,accepted,none,0.000000,1,5.280000,1.833467,1.000000,11.000000,6.560000,3.275118,49.000000,0.000000,50,0,74.055651
100000532,100000532,0,accepted,none,0.000000,1,6.320000,2.549039,2.000000,12.000000,7.440000,2.974290,49.000000,0.000000,50,0,67.288102
100000535,100000535,0,accepted,none,0.000000,1,6.000000,2.561250,1.000000,11.000000,7.960000,3.799789,49.000000,0.000000,50,0,70.798751
100000543,100000543,0,rejected,assert_connectivity,60.000000,1,6.240000,2.803997,0.000000,12.000000,5.000000,3.174902,28.320000,10.835940,0,0,58.112478
100000538,100000538,0,accepted,none,0.000000,1,5.840000,2.766659,1.000000,12.000000,6.280000,2.946455,49.000000,0.000000,50,0,73.102604
100000540,100000540,0,accepted,none,0.000000,1,5.160000,1.815048,1.000000,10.000000,7.680000,3.420175,49.000000,0.000000,50,0,72.272253
100000541,100000541,0,accepted,none,0.000000,1,7.040000,1.999600,2.000000,12.000000,6.520000,3.656446,49.000000,0.000000,50,0,60.583161
100000544,100000544,0,rejected,assert_connectivity,60.000000,1,6.400000,3.555278,1.000000,14.000000,4.880000,3.729021,23.760000,11.512706,0,0,72.550615
100000537,100000537,0,accepted,none,0.000000,1,7.000000,2.280351,1.000000,11.000000,10.600000,3.959798,49.000000,0.000000,50,0,69.622489
100000547,100000547,0,rejected,assert_connectivity,60.000000,1,5.600000,2.349468,1.000000,12.000000,6.480000,3.817015,45.160000,9.014122,0,0,63.157110
100000546,100000546,0,rejected,assert_connectivity,60.000000,1,7.200000,3.504283,0.000000,14.000000,8.720000,4.745693,45.120000,9.210081,0,0,69.862517
100000548,100000548,0,rejected,too_close,60.000000,1,5.920000,2.496718,1.000000,11.000000,6.320000,2.824465,49.000000,0.000000,50,0,61.119775
100000549,100000549,0,rejected,assert_connectivity,60.000000,1,6.480000,2.308593,0.000000,10.000000,6.880000,3.485054,38.240000,12.900481,0,0,61.444007
100000539,100000539,0,accepted,none,0.000000,1,7.240000,3.937309,1.000000,17.000000,9.240000,4.901265,49.000000,0.000000,50,0,71.531956
100000552,100000552,0,rejected,assert_connectivity,60.000000,1,6.200000,2.986637,0.000000,12.000000,7.600000,3.847077,47.040000,6.720000,0,0,71.000935
100000553,100000553,0,rejected,assert_connectivity,60.000000,1,6.040000,2.849281,1.000000,12.000000,8.320000,4.002199,45.160000,9.014122,0,0,67.002215
100000542,100000542,0,accepted,none,0.000000,1,5.600000,2.144761,1.000000,11.000000,5.880000,3.513631,49.000000,0.000000,50,0,64.726863
100000554,100000554,0,rejected,assert_connectivity,60.000000,1,6.920000,3.205246,1.000000,13.000000,7.880000,4.087248,45.160000,9.014122,0,0,67.542178
100000555,100000555,0,rejected,too_close,60.000000,1,5.960000,2.637878,1.000000,12.000000,7.280000,3.400235,49.000000,0.000000,50,1,67.315004
100000556,100000556,0,rejected,assert_connectivity,60.000000,1,6.880000,2.997599,0.000000,13.000000,9.320000,4.619264,47.040000,6.720000,0,0,62.413268
100000558,100000558,0,rejected,assert_connectivity,60.000000,1,6.400000,3.600000,1.000000,14.000000,7.640000,4.493373,43.360000,10.449421,0,0,63.660287
100000560,100000560,0,rejected,assert_connectivity,60.000000,1,6.040000,2.125653,0.000000,9.000000,5.880000,3.691287,32.640000,12.765203,0,0,58.242969
100000562,100000562,0,rejected,assert_connectivity,60.000000,1,5.680000,2.989582,0.000000,11.000000,8.600000,4.498889,47.040000,6.720000,0,0,67.281264
100000563,100000563,0,rejected,assert_connectivity,60.000000,1,6.480000,3.132028,2.000000,13.000000,7.520000,4.158076,43.360000,10.449421,0,0,61.708083
100000545,100000545,0,accepted,none,0.000000,1,7.080000,2.448183,2.000000,13.000000,10.400000,4.907138,49.000000,0.000000,50,0,53.247668
100000550,100000550,0,accepted,none,0.000000,1,6.040000,2.382939,1.000000,13.000000,7.360000,2.896619,49.000000,0.000000,50,0,62.282521
100000564,100000564,0,rejected,assert_connectivity,60.000000,1,5.040000,1.917916,2.000000,9.000000,6.880000,3.490788,38.440000,12.348538,0,0,80.532226
100000565,100000565,0,rejected,assert_connectivity,60.000000,1,5.800000,2.049390,2.000000,10.000000,6.360000,3.297029,40.000000,12.000000,0,0,61.994328
100000566,100000566,0,rejected,assert_connectivity,60.000000,1,5.240000,2.232129,0.000000,11.000000,5.560000,2.721470,47.040000,6.720000,0,0,65.329552
100000551,100000551,0,accepted,none,0.000000,1,6.240000,2.634843,1.000000,12.000000,6.360000,2.861887,49.000000,0.000000,50,0,75.002959
100000569,100000569,0,rejected,assert_connectivity,60.000000,1,6.320000,2.587972,0.000000,12.000000,7.480000,3.348074,47.040000,6.720000,0,0,67.791408
100000559,100000559,0,accepted,none,0.000000,1,5.440000,2.350830,2.000000,10.000000,5.440000,2.359322,49.000000,0.000000,50,0,64.997208
100000571,100000571,0,rejected,too_close,60.000000,1,4.640000,1.884251,1.000000,8.000000,6.240000,3.178427,49.000000,0.000000,50,0,64.657415
100000557,100000557,0,accepted,none,0.000000,1,7.200000,2.584570,1.000000,11.000000,10.160000,4.713215,49.000000,0.000000,50,0,65.080816
100000572,100000572,0,rejected,assert_connectivity,60.000000,1,5.920000,2.876387,0.000000,12.000000,7.520000,4.473209,36.400000,13.886684,0,0,55.515172
100000561,100000561,0,accepted,none,0.000000,1,5.680000,2.120755,2.000000,10.000000,7.040000,3.682173,49.000000,0.000000,50,0,71.076582
100000575,100000575,0,rejected,assert_connectivity,60.000000,1,5.680000,2.203996,1.000000,11.000000,7.880000,3.729021,45.160000,9.014122,0,0,62.228037
100000574,100000574,0,rejected,assert_connectivity,60.000000,1,6.320000,2.453080,0.000000,11.000000,7.840000,3.900564,47.040000,6.720000,0,0,69.489748
100000576,100000576,0,rejected,assert_connectivity,60.000000,1,5.560000,2.210520,0.000000,10.000000,5.680000,3.529533,43.280000,10.766689,0,0,57.465224
100000579,100000579,0,rejected,assert_connectivity,60.000000,1,5.320000,2.469332,0.000000,12.000000,5.840000,3.425551,45.120000,9.210081,0,0,71.322130
100000577,100000577,0,rejected,assert_connectivity,60.000000,1,5.960000,2.244638,0.000000,10.000000,8.720000,4.256947,47.040000,6.720000,0,0,76.264121
100000580,100000580,0,rejected,assert_connectivity,60.000000,1,6.120000,2.964051,1.000000,12.000000,5.920000,3.670640,38.120000,13.219138,0,0,63.013197
100000581,100000581,0,rejected,too_close,60.000000,1,6.400000,2.253886,1.000000,11.000000,8.640000,3.933243,49.000000,0.000000,50,1,64.772984
100000567,100000567,0,accepted,none,0.000000,1,6.080000,1.831284,1.000000,10.000000,8.120000,4.259765,49.000000,0.000000,50,0,65.714133
100000568,100000568,0,accepted,none,0.000000,1,5.720000,2.646054,2.000000,13.000000,6.800000,3.492850,49.000000,0.000000,50,0,56.843492
100000584,100000584,0,rejected,assert_connectivity,60.000000,1,6.440000,2.954048,1.000000,12.000000,6.800000,4.894895,38.440000,12.348538,0,1,53.517217
100000570,100000570,0,accepted,none,0.000000,1,6.040000,2.357626,1.000000,11.000000,8.400000,3.149603,49.000000,0.000000,50,0,63.326463
100000586,100000586,0,rejected,assert_connectivity,60.000000,1,6.760000,3.575248,1.000000,14.000000,8.000000,3.304542,26.560000,7.579340,0,0,62.044643
100000587,100000587,0,rejected,assert_connectivity,60.000000,1,5.880000,2.997599,1.000000,12.000000,8.000000,4.582576,45.160000,9.014122,0,1,64.861381
100000573,100000573,0,accepted,none,0.000000,1,4.800000,1.536229,1.000000,8.000000,4.800000,2.227106,49.000000,0.000000,50,0,69.595693
100000589,100000589,0,rejected,assert_connectivity,60.000000,1,5.680000,2.485478,1.000000,10.000000,5.960000,4.137439,33.440000,14.003085,0,1,59.268438
100000591,100000591,0,rejected,assert_connectivity,60.000000,1,6.040000,2.432776,1.000000,11.000000,7.240000,4.411621,41.640000,11.394314,0,0,61.991076
100000578,100000578,0,accepted,none,0.000000,1,6.560000,2.491265,1.000000,12.000000,7.280000,3.649877,49.000000,0.000000,50,0,62.016169
100000592,100000592,0,rejected,assert_connectivity,60.000000,1,5.640000,2.123770,0.000000,11.000000,7.240000,4.301442,47.040000,6.720000,0,0,64.826030
100000583,100000583,0,accepted,none,0.000000,1,5.200000,1.743560,1.000000,9.000000,6.080000,2.770126,49.000000,0.000000,50,0,70.937132
100000594,100000594,0,rejected,assert_connectivity,60.000000,1,5.200000,2.181742,0.000000,9.000000,5.720000,2.145134,47.040000,6.720000,0,0,66.051488
100000582,100000582,0,accepted,none,0.000000,1,5.920000,2.931484,1.000000,13.000000,7.120000,3.819110,49.000000,0.000000,50,0,71.992644
100000588,100000588,0,accepted,none,0.000000,1,5.680000,1.933287,2.000000,10.000000,6.280000,2.877777,49.000000,0.000000,50,0,60.344967
100000590,100000590,0,accepted,none,0.000000,1,5.440000,2.021485,1.000000,10.000000,6.240000,3.580838,49.000000,0.000000,50,0,64.469311
100000585,100000585,0,accepted,none,0.000000,1,7.000000,3.487119,2.000000,16.000000,9.800000,4.698936,49.000000,0.000000,50,0,64.076029
100000598,100000598,0,rejected,too_close,60.000000,1,5.720000,2.466090,1.000000,11.000000,7.760000,3.426719,49.000000,0.000000,50,0,73.451196
100000599,100000599,0,rejected,assert_connectivity,60.000000,1,5.640000,2.056794,2.000000,9.000000,4.640000,3.005062,33.000000,12.000000,0,0,64.324667
100000600,100000600,0,rejected,assert_connectivity,60.000000,1,6.400000,2.749545,1.000000,12.000000,7.280000,3.561123,40.000000,12.000000,0,1,60.857893
100000601,100000601,0,rejected,assert_connectivity,60.000000,1,6.520000,2.974828,1.000000,14.000000,7.760000,5.221341,33.680000,13.518047,0,0,59.631230
100000604,100000604,0,rejected,assert_connectivity,60.000000,1,6.800000,3.549648,0.000000,14.000000,9.160000,5.092583,35.280000,13.130179,0,0,58.673266
100000593,100000593,0,accepted,none,0.000000,1,5.800000,2.039608,1.000000,10.000000,7.840000,3.895433,49.000000,0.000000,50,0,67.429417
100000596,100000596,0,accepted,none,0.000000,1,4.320000,1.391977,1.000000,8.000000,5.040000,2.465441,49.000000,0.000000,50,0,69.066083
100000595,100000595,0,accepted,none,0.000000,1,5.120000,2.045874,1.000000,12.000000,7.920000,4.184925,49.000000,0.000000,50,0,68.491713
100000606,100000606,0,rejected,assert_connectivity,60.000000,1,6.800000,3.789459,0.000000,14.000000,9.720000,4.968058,41.520000,11.803796,0,1,50.465458
100000607,100000607,0,rejected,assert_connectivity,60.000000,1,5.680000,1.760000,0.000000,8.000000,7.360000,3.659290,47.040000,6.720000,0,0,71.616857
100000597,100000597,0,accepted,none,0.000000,1,5.040000,2.019505,1.000000,9.000000,6.840000,2.625719,49.000000,0.000000,50,0,74.810521
100000608,100000608,0,rejected,too_close,60.000000,1,6.520000,2.879167,2.000000,13.000000,8.720000,3.741871,49.000000,0.000000,50,1,68.202520
100000610,100000610,0,rejected,too_close,60.000000,1,5.120000,1.986353,2.000000,9.000000,7.000000,3.243455,49.000000,0.000000,50,0,68.562264
100000611,100000611,0,rejected,assert_connectivity,60.000000,1,6.240000,3.349985,0.000000,14.000000,9.000000,5.184593,47.040000,6.720000,0,0,63.462720
100000614,100000614,0,rejected,assert_connectivity,60.000000,1,5.320000,2.185772,0.000000,11.000000,5.840000,3.239506,47.040000,6.720000,0,0,64.859383
100000615,100000615,0,rejected,too_close,60.000000,1,6.320000,2.344696,2.000000,11.000000,6.000000,3.616628,49.000000,0.000000,50,1,63.395943
100000602,100000602,0,accepted,none,0.000000,1,6.760000,2.445895,2.000000,11.000000,7.800000,3.532704,49.000000,0.000000,50,0,57.313127
100000603,100000603,0,accepted,none,0.000000,1,6.360000,2.224949,1.000000,10.000000,7.560000,3.144265,49.000000,0.000000,50,0,65.354013
100000617,100000617,0,rejected,too_close,60.000000,1,6.840000,2.326886,1.000000,10.000000,8.640000,3.141719,49.000000,0.000000,50,0,62.452245
100000605,100000605,0,accepted,none,0.000000,1,5.920000,1.957958,1.000000,11.000000,8.360000,3.369035,49.000000,0.000000,50,0,69.417417
100000619,100000619,0,rejected,assert_connectivity,60.000000,1,6.200000,2.683282,0.000000,11.000000,6.880000,3.350463,47.040000,6.720000,0,0,62.260768
100000620,100000620,0,rejected,assert_connectivity,60.000000,1,5.560000,2.183209,0.000000,11.000000,7.560000,3.311556,45.120000,9.210081,0,0,75.029637
100000612,100000612,0,accepted,none,0.000000,1,5.280000,2.218468,1.000000,10.000000,6.320000,3.190235,49.000000,0.000000,50,0,69.610597
100000622,100000622,0,rejected,assert_connectivity,60.000000,1,4.960000,2.357626,1.000000,10.000000,5.920000,3.626789,41.640000,11.394314,0,0,64.720216
100000609,100000609,0,accepted,none,0.000000,1,6.520000,2.815955,1.000000,12.000000,8.120000,3.386089,49.000000,0.000000,50,0,69.174591
100000623,100000623,0,rejected,assert_connectivity,60.000000,1,6.800000,3.255764,1.000000,13.000000,9.120000,5.046345,45.160000,9.014122,0,0,60.722621
100000624,100000624,0,rejected,assert_connectivity,60.000000,1,6.360000,3.011710,1.000000,12.000000,9.120000,3.664096,41.480000,11.936901,0,0,66.326158
100000613,100000613,0,accepted,none,0.000000,1,5.600000,1.886796,1.000000,10.000000,7.320000,3.355235,49.000000,0.000000,50,0,66.723510
100000626,100000626,0,rejected,assert_connectivity,60.000000,1,5.280000,2.163701,0.000000,10.000000,7.560000,3.639560,47.040000,6.720000,0,0,64.348448
100000629,100000629,0,rejected,assert_connectivity,60.000000,1,5.560000,2.290502,1.000000,10.000000,5.680000,3.264598,45.160000,9.014122,0,0,65.975338
100000616,100000616,0,accepted,none,0.000000,1,4.880000,1.850838,1.000000,9.000000,6.800000,2.771281,49.000000,0.000000,50,0,69.744259
100000630,100000630,0,rejected,assert_connectivity,60.000000,1,5.760000,2.775320,0.000000,12.000000,6.600000,3.826225,36.720000,13.102733,0,0,65.859249
100000632,100000632,0,rejected,too_close,60.000000,1,6.520000,2.961351,1.000000,13.000000,9.120000,4.501733,49.000000,0.000000,50,0,64.498485
100000621,100000621,0,accepted,none,0.000000,1,5.760000,2.214136,1.000000,10.000000,5.440000,2.538976,49.000000,0.000000,50,0,66.790319
100000618,100000618,0,accepted,none,0.000000,1,6.920000,3.161266,2.000000,14.000000,8.880000,3.968073,49.000000,0.000000,50,0,67.363038
100000633,100000633,0,rejected,assert_connectivity,60.000000,1,7.040000,3.405642,0.000000,14.000000,8.840000,4.309803,45.120000,9.210081,0,0,59.962595
100000634,100000634,0,rejected,assert_connectivity,60.000000,1,7.600000,3.693237,2.000000,14.000000,9.360000,5.424979,43.360000,10.449421,0,0,57.524342
100000635,100000635,0,rejected,assert_connectivity,60.000000,1,6.120000,3.296301,1.000000,12.000000,7.760000,4.514687,43.360000,10.449421,0,0,66.711365
100000638,100000638,0,rejected,assert_connectivity,60.000000,1,6.320000,3.208987,0.000000,13.000000,7.600000,4.943683,45.120000,9.210081,0,0,71.464209
100000628,100000628,0,accepted,none,0.000000,1,5.640000,2.206898,2.000000,11.000000,7.040000,2.697851,49.000000,0.000000,50,0,67.053287
100000625,100000625,0,accepted,none,0.000000,1,6.360000,2.725876,1.000000,11.000000,8.000000,3.091925,49.000000,0.000000,50,0,73.274196
100000639,100000639,0,rejected,assert_connectivity,60.000000,1,5.960000,2.734666,1.000000,11.000000,6.680000,3.535194,45.160000,9.014122,0,0,57.999738
100000627,100000627,0,accepted,none,0.000000,1,5.400000,1.788854,2.000000,9.000000,8.600000,2.821347,49.000000,0.000000,50,0,71.408127
100000640,100000640,0,rejected,assert_connectivity,60.000000,1,6.480000,3.014896,1.000000,12.000000,7.760000,3.712465,43.360000,10.449421,0,0,61.751551
100000642,100000642,0,rejected,assert_connectivity,60.000000,1,7.280000,3.143501,1.000000,13.000000,8.400000,4.280187,43.360000,10.449421,0,0,57.941220
100000631,100000631,0,accepted,none,0.000000,1,6.280000,2.349809,1.000000,11.000000,8.320000,3.466641,49.000000,0.000000,50,0,75.447934
100000643,100000643,0,rejected,too_close,60.000000,1,6.600000,3.117691,1.000000,14.000000,9.560000,4.229232,49.000000,0.000000,50,1,61.029321
100000644,100000644,0,rejected,assert_connectivity,60.000000,1,6.800000,3.237283,0.000000,14.000000,8.840000,4.056402,47.040000,6.720000,0,0,70.419074
100000646,100000646,0,rejected,too_close,60.000000,1,6.240000,2.354230,1.000000,12.000000,8.240000,3.802946,49.000000,0.000000,50,0,64.124449
100000649,100000649,0,rejected,assert_connectivity,60.000000,1,6.000000,2.863564,0.000000,12.000000,7.080000,3.708585,41.520000,11.803796,0,0,67.358203
100000636,100000636,0,accepted,none,0.000000,1,5.520000,1.615426,1.000000,9.000000,6.320000,2.962701,49.000000,0.000000,50,0,67.864776
100000650,100000650,0,rejected,too_close,60.000000,1,6.360000,3.083894,1.000000,17.000000,7.200000,3.538361,49.000000,0.000000,50,1,56.987309
100000652,100000652,0,rejected,too_close,60.000000,1,5.720000,2.358304,2.000000,12.000000,7.320000,3.460867,49.000000,0.000000,50,0,74.350496
100000637,100000637,0,accepted,none,0.000000,1,5.880000,2.581782,1.000000,12.000000,8.840000,3.251830,49.000000,0.000000,50,0,69.922696
100000654,100000654,0,rejected,assert_connectivity,60.000000,1,5.040000,2.049000,0.000000,11.000000,5.680000,3.489642,45.720000,7.443225,0,0,62.337063
100000641,100000641,0,accepted,none,0.000000,1,5.120000,2.495115,1.000000,12.000000,6.480000,3.981156,49.000000,0.000000,50,0,64.981423
100000647,100000647,0,accepted,none,0.000000,1,5.640000,2.696368,2.000000,11.000000,6.280000,3.720430,49.000000,0.000000,50,0,51.464908
100000645,100000645,0,accepted,none,0.000000,1,6.000000,2.441311,1.000000,11.000000,6.800000,2.645751,49.000000,0.000000,50,0,59.362574
100000657,100000657,0,rejected,too_close,60.000000,1,6.920000,3.012242,1.000000,13.000000,8.720000,4.617532,49.000000,0.000000,50,0,62.488237
100000658,100000658,0,rejected,too_close,60.000000,1,5.680000,2.395329,1.000000,11.000000,8.320000,3.754677,49.000000,0.000000,50,1,71.589452
100000648,100000648,0,accepted,none,0.000000,1,7.000000,3.162278,1.000000,12.000000,8.840000,3.613087,49.000000,0.000000,50,0,60.717469
100000660,100000660,0,rejected,assert_connectivity,60.000000,1,6.120000,3.096062,0.000000,12.000000,7.640000,4.577161,43.280000,10.766689,0,0,63.673905
100000651,100000651,0,accepted,none,0.000000,1,6.240000,2.534245,2.000000,12.000000,7.400000,3.852272,49.000000,0.000000,50,0,62.358006
100000662,100000662,0,rejected,assert_connectivity,60.000000,1,5.920000,2.636968,0.000000,13.000000,6.000000,3.527038,24.240000,6.335803,0,1,72.152721
100000653,100000653,0,accepted,none,0.000000,1,5.960000,1.896945,2.000000,9.000000,6.520000,3.001600,49.000000,0.000000,50,0,66.170012
100000665,100000665,0,rejected,assert_connectivity,60.000000,1,5.240000,1.913740,1.000000,10.000000,6.080000,2.606454,45.160000,9.014122,0,1,67.937365
100000655,100000655,0,accepted,none,0.000000,1,5.760000,2.694884,2.000000,12.000000,7.920000,4.170564,49.000000,0.000000,50,0,61.090104
100000656,100000656,0,accepted,none,0.000000,1,5.960000,2.863285,1.000000,12.000000,8.000000,4.445222,49.000000,0.000000,50,0,64.461662
100000666,100000666,0,rejected,too_close,60.000000,1,5.760000,2.634843,1.000000,12.000000,6.840000,3.657103,49.000000,0.000000,50,1,65.523918
100000667,100000667,0,rejected,too_close,60.000000,1,6.120000,2.673126,1.000000,12.000000,7.320000,3.270719,49.000000,0.000000,50,1,72.027384
100000669,100000669,0,rejected,assert_connectivity,60.000000,1,6.600000,3.286335,1.000000,14.000000,6.320000,4.066645,33.000000,12.000000,0,0,54.132993
100000659,100000659,0,accepted,none,0.000000,1,5.920000,2.440000,1.000000,11.000000,8.840000,3.946441,49.000000,0.000000,50,0,81.529025
100000661,100000661,0,accepted,none,0.000000,1,5.160000,2.052900,2.000000,11.000000,7.280000,3.510214,49.000000,0.000000,50,0,66.379501
100000663,100000663,0,accepted,none,0.000000,1,5.920000,1.683330,2.000000,10.000000,6.280000,3.072719,49.000000,0.000000,50,0,61.277002
100000672,100000672,0,rejected,assert_connectivity,60.000000,1,5.680000,2.461219,1.000000,12.000000,4.840000,2.708210,42.280000,10.274317,0,0,64.745510
100000675,100000675,0,rejected,assert_connectivity,60.000000,1,7.360000,3.648342,1.000000,15.000000,9.600000,5.524491,38.440000,12.348538,0,0,67.000299
100000664,100000664,0,accepted,none,0.000000,1,5.720000,2.383611,2.000000,11.000000,7.400000,4.166533,49.000000,0.000000,50,0,64.966532
100000677,100000677,0,rejected,assert_connectivity,60.000000,1,6.040000,2.357626,1.000000,10.000000,6.760000,4.135505,40.000000,12.000000,0,0,67.477261
100000678,100000678,0,rejected,assert_connectivity,60.000000,1,6.120000,2.754197,1.000000,12.000000,7.280000,4.600174,45.160000,9.014122,0,1,60.509677
100000670,100000670,0,accepted,none,0.000000,1,6.240000,2.581163,1.000000,11.000000,7.600000,3.560899,49.000000,0.000000,50,0,70.445879
100000668,100000668,0,accepted,none,0.000000,1,7.080000,3.142229,1.000000,13.000000,9.880000,4.483927,49.000000,0.000000,50,0,68.844262
100000673,100000673,0,accepted,none,0.000000,1,5.560000,1.756815,2.000000,9.000000,5.560000,2.483224,49.000000,0.000000,50,0,68.336350
100000671,100000671,0,accepted,none,0.000000,1,7.080000,3.173894,1.000000,12.000000,9.400000,4.686150,49.000000,0.000000,50,0,67.479981
100000674,100000674,0,accepted,none,0.000000,1,5.960000,3.249369,1.000000,13.000000,6.960000,4.014773,49.000000,0.000000,50,0,67.638784
100000681,100000681,0,rejected,too_close,60.000000,1,6.360000,2.590444,1.000000,12.000000,8.280000,4.247540,49.000000,0.000000,50,1,68.313098
100000676,100000676,0,accepted,none,0.000000,1,5.760000,2.328605,1.000000,10.000000,7.600000,3.800000,49.000000,0.000000,50,0,67.129056
100000686,100000686,0,rejected,assert_connectivity,60.000000,1,6.680000,3.652068,0.000000,15.000000,10.200000,5.000000,43.280000,10.766689,0,0,70.856115
100000679,100000679,0,accepted,none,0.000000,1,5.000000,1.777639,1.000000,9.000000,6.680000,3.252322,49.000000,0.000000,50,0,67.673794
100000680,100000680,0,accepted,none,0.000000,1,6.400000,2.756810,1.000000,12.000000,5.040000,3.199750,49.000000,0.000000,50,0,66.467333
100000689,100000689,0,rejected,assert_connectivity,60.000000,1,6.480000,2.913692,2.000000,12.000000,5.800000,3.888444,30.720000,13.724489,0,1,61.518846
100000682,100000682,0,accepted,none,0.000000,1,6.080000,2.171083,1.000000,10.000000,7.640000,3.681087,49.000000,0.000000,50,0,64.563033
100000683,100000683,0,accepted,none,0.000000,1,5.360000,2.269449,1.000000,11.000000,6.520000,3.213970,49.000000,0.000000,50,0,71.768823
100000685,100000685,0,accepted,none,0.000000,1,5.080000,1.610466,2.000000,10.000000,5.560000,2.376215,49.000000,0.000000,50,0,66.348946
100000691,100000691,0,rejected,too_close,60.000000,1,5.480000,2.376889,2.000000,11.000000,6.800000,3.682391,49.000000,0.000000,50,0,69.444902
100000693,100000693,0,rejected,assert_connectivity,60.000000,1,5.480000,1.878723,1.000000,9.000000,5.920000,3.077921,45.160000,9.014122,0,0,66.183921
100000684,100000684,0,accepted,none,0.000000,1,6.200000,2.529822,1.000000,11.000000,8.920000,4.288776,49.000000,0.000000,50,0,67.220216
100000694,100000694,0,rejected,assert_connectivity,60.000000,1,5.480000,2.211244,1.000000,9.000000,6.520000,3.930598,35.560000,12.464606,0,0,69.323586
100000695,100000695,0,rejected,assert_connectivity,60.000000,1,7.040000,2.945912,1.000000,14.000000,7.880000,3.438837,38.440000,12.348538,0,0,60.802959
100000696,100000696,0,rejected,assert_connectivity,60.000000,1,6.120000,2.329292,0.000000,11.000000,7.560000,4.015769,47.040000,6.720000,0,0,68.478894
100000697,100000697,0,rejected,assert_connectivity,60.000000,1,7.160000,3.336825,1.000000,13.000000,7.240000,4.002799,43.360000,10.449421,0,0,65.136473
100000687,100000687,0,accepted,none,0.000000,1,5.600000,1.886796,2.000000,10.000000,7.960000,3.032886,49.000000,0.000000,50,0,61.082398
100000700,100000700,0,rejected,assert_connectivity,60.000000,1,6.720000,2.856851,1.000000,12.000000,7.800000,4.354308,31.840000,11.598896,0,0,67.717584
100000701,100000701,0,rejected,assert_connectivity,60.000000,1,5.800000,1.777639,0.000000,9.000000,7.720000,3.162531,47.040000,6.720000,0,0,60.629527
100000688,100000688,0,accepted,none,0.000000,1,5.400000,1.939072,3.000000,10.000000,6.280000,2.785965,49.000000,0.000000,50,0,67.309226
100000702,100000702,0,rejected,assert_connectivity,60.000000,1,6.760000,2.936392,0.000000,13.000000,8.760000,4.125821,45.120000,9.210081,0,0,66.184300
100000703,100000703,0,rejected,assert_connectivity,60.000000,1,6.640000,2.666533,0.000000,12.000000,8.520000,4.495509,47.040000,6.720000,0,1,65.624046
100000706,100000706,0,rejected,too_close,60.000000,1,5.720000,2.324134,1.000000,10.000000,7.280000,3.842083,49.000000,0.000000,50,1,55.339484
100000690,100000690,0,accepted,none,0.000000,1,5.320000,2.092271,2.000000,9.000000,6.480000,2.851245,49.000000,0.000000,50,0,74.566751
100000692,100000692,0,accepted,none,0.000000,1,6.720000,2.727930,1.000000,12.000000,7.640000,4.357798,49.000000,0.000000,50,0,59.320306
100000708,100000708,0,rejected,too_close,60.000000,1,6.800000,2.545584,1.000000,13.000000,8.360000,3.339221,49.000000,0.000000,50,1,58.759915
100000709,100000709,0,rejected,assert_connectivity,60.000000,1,5.960000,2.870261,0.000000,11.000000,8.320000,3.630096,43.240000,10.924395,0,0,64.823444
100000710,100000710,0,rejected,assert_connectivity,60.000000,1,5.840000,2.265921,1.000000,10.000000,7.240000,4.017761,35.560000,12.464606,0,1,66.820681
100000712,100000712,0,rejected,assert_connectivity,60.000000,1,5.560000,2.228542,1.000000,10.000000,5.280000,2.926021,29.760000,10.527222,0,0,61.684208
100000698,100000698,0,accepted,none,0.000000,1,5.600000,2.489980,1.000000,10.000000,8.280000,3.862849,49.000000,0.000000,50,0,72.105428
100000699,100000699,0,accepted,none,0.000000,1,6.800000,2.457641,1.000000,12.000000,8.480000,3.769562,49.000000,0.000000,50,0,63.592621
100000713,100000713,0,rejected,assert_connectivity,60.000000,1,6.960000,3.205994,1.000000,14.000000,7.600000,4.098780,45.160000,9.014122,0,0,54.347148
100000714,100000714,0,rejected,assert_connectivity,60.000000,1,6.000000,2.489980,0.000000,12.000000,8.120000,3.850403,47.040000,6.720000,0,0,73.739286
100000704,100000704,0,accepted,none,0.000000,1,5.640000,1.682379,2.000000,9.000000,6.560000,2.885550,49.000000,0.000000,50,0,66.751083
100000716,100000716,0,rejected,assert_connectivity,60.000000,1,7.000000,3.989987,1.000000,13.000000,8.360000,4.761344,36.480000,13.682456,0,0,67.119528
100000705,100000705,0,accepted,none,0.000000,1,5.760000,2.005592,1.000000,11.000000,7.160000,2.900759,49.000000,0.000000,50,0,57.978887
100000719,100000719,0,rejected,too_close,60.000000,1,6.280000,2.800286,1.000000,11.000000,7.080000,4.573139,49.000000,0.000000,50,1,63.205177
100000720,100000720,0,rejected,assert_connectivity,60.000000,1,5.680000,2.752744,1.000000,12.000000,5.120000,3.153665,41.640000,11.394314,0,1,58.466258
100000721,100000721,0,rejected,assert_connectivity,60.000000,1,6.040000,2.682983,1.000000,13.000000,5.560000,3.935276,29.360000,13.604058,0,0,58.192524
100000722,100000722,0,rejected,assert_connectivity,60.000000,1,6.280000,2.713227,1.000000,12.000000,6.600000,2.877499,45.160000,9.014122,0,0,63.560497
100000707,100000707,0,accepted,none,0.000000,1,6.240000,2.177705,1.000000,10.000000,8.560000,3.493766,49.000000,0.000000,50,0,69.567803
100000723,100000723,0,rejected,too_close,60.000000,1,5.640000,2.076150,1.000000,11.000000,8.760000,3.952518,49.000000,0.000000,50,0,60.954671
100000725,100000725,0,rejected,too_close,60.000000,1,6.400000,2.537716,2.000000,12.000000,9.160000,4.144201,49.000000,0.000000,50,0,56.239217
100000711,100000711,0,accepted,none,0.000000,1,6.280000,2.785965,1.000000,12.000000,7.640000,3.782909,49.000000,0.000000,50,0,66.938760
100000726,100000726,0,rejected,assert_connectivity,60.000000,1,5.600000,1.876166,0.000000,10.000000,6.920000,3.309622,47.040000,6.720000,0,0,64.561134
100000727,100000727,0,rejected,too_close,60.000000,1,5.800000,2.357965,1.000000,10.000000,5.520000,3.157467,49.000000,0.000000,50,1,68.429970
100000715,100000715,0,accepted,none,0.000000,1,4.960000,1.708333,1.000000,8.000000,5.080000,2.504716,49.000000,0.000000,50,0,79.415977
100000728,100000728,0,rejected,assert_connectivity,60.000000,1,6.160000,2.830972,1.000000,12.000000,5.320000,3.190235,38.440000,12.348538,0,0,63.676168
100000729,100000729,0,rejected,too_close,60.000000,1,6.680000,3.301151,1.000000,14.000000,8.840000,4.904529,49.000000,0.000000,50,0,66.153616
100000730,100000730,0,rejected,assert_connectivity,60.000000,1,6.080000,2.827296,1.000000,11.000000,6.320000,3.568977,40.000000,12.000000,0,0,57.668493
100000732,100000732,0,rejected,assert_connectivity,60.000000,1,5.960000,3.046047,0.000000,13.000000,8.040000,3.815547,47.040000,6.720000,0,0,67.229866
100000731,100000731,0,rejected,assert_connectivity,60.000000,1,6.520000,2.707323,0.000000,12.000000,8.520000,3.832701,47.040000,6.720000,0,0,68.060951
100000717,100000717,0,accepted,none,0.000000,1,5.120000,2.285957,1.000000,11.000000,6.520000,3.099935,49.000000,0.000000,50,0,67.271533
100000733,100000733,0,rejected,assert_connectivity,60.000000,1,7.240000,3.937309,0.000000,15.000000,9.280000,5.215515,38.240000,12.900481,0,0,64.699804
100000718,100000718,0,accepted,none,0.000000,1,6.120000,1.704582,2.000000,10.000000,7.120000,2.895790,49.000000,0.000000,50,0,65.223311
100000734,100000734,0,rejected,assert_connectivity,60.000000,1,7.080000,3.746145,1.000000,15.000000,8.840000,4.772253,45.160000,9.014122,0,0,65.747181
100000735,100000735,0,rejected,assert_connectivity,60.000000,1,6.280000,2.713227,1.000000,10.000000,6.800000,3.411744,45.160000,9.014122,0,0,59.630193
100000736,100000736,0,rejected,assert_connectivity,60.000000,1,6.880000,2.902688,0.000000,12.000000,9.240000,5.081575,47.040000,6.720000,0,0,71.308220
100000739,100000739,0,rejected,assert_connectivity,60.000000,1,6.120000,2.768682,2.000000,12.000000,6.240000,3.159494,21.760000,6.015181,0,0,61.507134
100000740,100000740,0,rejected,assert_connectivity,60.000000,1,6.200000,2.939388,0.000000,12.000000,8.240000,4.333867,47.040000,6.720000,0,0,64.182750
100000741,100000741,0,rejected,assert_connectivity,60.000000,1,5.360000,1.571751,0.000000,9.000000,5.440000,3.201000,47.040000,6.720000,0,0,64.389794
100000743,100000743,0,rejected,assert_connectivity,60.000000,1,4.600000,1.754993,1.000000,8.000000,5.080000,3.621270,36.560000,13.492457,0,0,66.659894
100000744,100000744,0,rejected,assert_connectivity,60.000000,1,7.040000,3.423215,0.000000,14.000000,9.280000,4.858148,47.040000,6.720000,0,0,65.916487
100000745,100000745,0,rejected,assert_connectivity,60.000000,1,7.200000,3.446738,0.000000,15.000000,8.600000,5.681549,41.520000,11.803796,0,0,64.628085
100000724,100000724,0,accepted,none,0.000000,1,6.240000,2.025438,3.000000,10.000000,7.360000,3.248138,49.000000,0.000000,50,0,65.426082
100000746,100000746,0,rejected,too_close,60.000000,1,6.680000,2.403664,1.000000,11.000000,7.000000,3.394113,49.000000,0.000000,50,1,65.606585
100000747,100000747,0,rejected,assert_connectivity,60.000000,1,5.680000,2.004395,1.000000,11.000000,5.680000,2.887490,40.000000,12.000000,0,0,60.812242
100000748,100000748,0,rejected,assert_connectivity,60.000000,1,6.640000,2.917259,0.000000,13.000000,9.520000,3.986176,47.040000,6.720000,0,0,70.957552
100000749,100000749,0,rejected,assert_connectivity,60.000000,1,6.040000,2.473540,2.000000,10.000000,7.000000,3.693237,43.360000,10.449421,0,0,69.307743
100000750,100000750,0,rejected,assert_connectivity,60.000000,1,6.000000,2.856571,1.000000,11.000000,6.720000,4.591470,36.480000,13.682456,0,0,62.356531
100000753,100000753,0,rejected,assert_connectivity,60.000000,1,6.440000,3.677825,0.000000,12.000000,8.600000,5.261179,47.040000,6.720000,0,0,61.216254
100000754,100000754,0,rejected,assert_connectivity,60.000000,1,6.240000,3.240741,0.000000,12.000000,8.640000,4.637931,38.240000,12.900481,0,0,63.338594
100000755,100000755,0,rejected,assert_connectivity,60.000000,1,6.120000,2.620229,1.000000,12.000000,5.440000,3.047360,45.160000,9.014122,0,0,57.323147
100000757,100000757,0,rejected,assert_connectivity,60.000000,1,7.680000,4.460673,0.000000,17.000000,9.600000,4.651881,45.120000,9.210081,0,0,58.162775
100000737,100000737,0,accepted,none,0.000000,1,6.480000,2.334438,1.000000,11.000000,7.560000,3.150619,49.000000,0.000000,50,0,61.633476
100000738,100000738,0,accepted,none,0.000000,1,6.320000,2.716174,1.000000,12.000000,6.480000,3.060980,49.000000,0.000000,50,0,69.139604
100000742,100000742,0,accepted,none,0.000000,1,6.560000,2.624195,2.000000,11.000000,9.520000,3.424850,49.000000,0.000000,50,0,55.817305
100000758,100000758,0,rejected,assert_connectivity,60.000000,1,6.400000,3.085450,1.000000,14.000000,8.600000,5.215362,35.080000,13.582106,0,0,67.409220
100000760,100000760,0,rejected,too_close,60.000000,1,5.520000,2.570914,1.000000,11.000000,8.320000,3.962020,49.000000,0.000000,50,0,63.980805
100000752,100000752,0,accepted,none,0.000000,1,4.840000,1.616911,2.000000,9.000000,6.360000,3.064376,49.000000,0.000000,50,0,65.968221
100000751,100000751,0,accepted,none,0.000000,1,5.800000,2.116601,2.000000,10.000000,7.320000,3.094770,49.000000,0.000000,50,0,72.952323
100000764,100000764,0,rejected,assert_connectivity,60.000000,1,5.760000,2.542125,2.000000,11.000000,6.280000,3.904049,43.360000,10.449421,0,0,56.271023
100000765,100000765,0,rejected,assert_connectivity,60.000000,1,5.120000,2.223870,1.000000,10.000000,5.600000,2.925748,45.160000,9.014122,0,0,66.202760
100000756,100000756,0,accepted,none,0.000000,1,5.760000,2.102950,3.000000,12.000000,6.440000,3.377336,49.000000,0.000000,50,0,62.343595
100000766,100000766,0,rejected,assert_connectivity,60.000000,1,6.400000,2.912044,1.000000,11.000000,9.040000,4.845451,40.000000,12.000000,0,0,67.589310
100000767,100000767,0,rejected,assert_connectivity,60.000000,1,7.200000,4.084116,1.000000,16.000000,9.760000,5.346251,45.160000,9.014122,0,0,69.577010
100000769,100000769,0,rejected,assert_connectivity,60.000000,1,5.800000,2.918904,0.000000,13.000000,7.160000,3.517727,47.040000,6.720000,0,1,64.696548
100000759,100000759,0,accepted,none,0.000000,1,6.440000,2.654506,2.000000,11.000000,7.200000,3.746999,49.000000,0.000000,50,0,65.355170
100000771,100000771,0,rejected,assert_connectivity,60.000000,1,6.360000,2.480000,2.000000,12.000000,5.920000,3.186471,18.560000,5.254179,0,0,55.236319
100000762,100000762,0,accepted,none,0.000000,1,5.040000,1.743101,1.000000,10.000000,5.320000,2.626328,49.000000,0.000000,50,0,67.087369
100000761,100000761,0,accepted,none,0.000000,1,5.000000,1.949359,1.000000,8.000000,6.640000,2.347424,49.000000,0.000000,50,0,61.598801
100000772,100000772,0,rejected,assert_connectivity,60.000000,1,5.280000,2.097999,0.000000,10.000000,7.160000,3.158227,45.120000,9.210081,0,0,71.142020
100000773,100000773,0,rejected,assert_connectivity,60.000000,1,5.400000,2.374868,0.000000,10.000000,8.280000,4.812650,41.520000,11.803796,0,0,63.915521
100000775,100000775,0,rejected,assert_connectivity,60.000000,1,7.000000,3.588872,1.000000,15.000000,10.120000,5.357761,40.000000,12.000000,0,0,64.070032
100000776,100000776,0,rejected,assert_connectivity,60.000000,1,6.280000,3.611316,0.000000,14.000000,8.040000,4.118058,45.120000,9.210081,0,0,73.020486
100000777,100000777,0,rejected,assert_connectivity,60.000000,1,6.600000,3.117691,2.000000,14.000000,7.760000,4.994237,38.440000,12.348538,0,0,61.527418
100000763,100000763,0,accepted,none,0.000000,1,6.560000,2.442622,2.000000,12.000000,8.880000,4.974495,49.000000,0.000000,50,0,55.518226
100000778,100000778,0,rejected,too_close,60.000000,1,6.240000,2.121886,2.000000,10.000000,7.080000,3.851441,49.000000,0.000000,50,1,61.771239
100000780,100000780,0,rejected,too_close,60.000000,1,5.520000,2.080769,1.000000,11.000000,6.360000,3.474248,49.000000,0.000000,50,1,61.062195
100000781,100000781,0,rejected,assert_connectivity,60.000000,1,6.760000,2.929573,0.000000,12.000000,9.120000,4.082352,47.040000,6.720000,0,0,63.290243
100000782,100000782,0,rejected,assert_connectivity,60.000000,1,6.200000,2.289105,0.000000,10.000000,7.960000,3.515452,47.040000,6.720000,0,0,68.515412
100000783,100000783,0,rejected,assert_connectivity,60.000000,1,6.080000,2.674621,1.000000,11.000000,7.960000,3.736094,43.360000,10.449421,0,0,61.518456
100000768,100000768,0,accepted,none,0.000000,1,5.320000,2.167395,1.000000,11.000000,6.920000,2.598769,49.000000,0.000000,50,0,80.139008
100000787,100000787,0,rejected,assert_connectivity,60.000000,1,5.400000,1.876166,0.000000,9.000000,6.160000,2.852087,47.040000,6.720000,0,0,65.728603
100000770,100000770,0,accepted,none,0.000000,1,5.400000,2.262742,1.000000,9.000000,8.000000,2.946184,49.000000,0.000000,50,0,77.637106
100000789,100000789,0,rejected,assert_connectivity,60.000000,1,4.800000,1.886796,1.000000,9.000000,6.160000,3.791359,45.160000,9.014122,0,0,66.864946
100000788,100000788,0,rejected,too_close,60.000000,1,6.800000,3.013304,1.000000,12.000000,8.120000,4.018159,49.000000,0.000000,50,1,61.459734
100000791,100000791,0,rejected,assert_connectivity,60.000000,1,5.840000,3.170867,0.000000,12.000000,5.760000,3.927136,43.240000,10.924395,0,0,63.891447
100000774,100000774,0,accepted,none,0.000000,1,6.640000,2.651490,1.000000,12.000000,7.240000,2.709686,49.000000,0.000000,50,0,61.134376
100000792,100000792,0,rejected,too_close,60.000000,1,6.840000,3.055225,1.000000,12.000000,10.720000,3.965047,49.000000,0.000000,50,1,73.739307
100000793,100000793,0,rejected,assert_connectivity,60.000000,1,6.240000,2.588899,1.000000,12.000000,6.520000,3.459711,27.040000,12.804624,0,0,66.862484
100000779,100000779,0,accepted,none,0.000000,1,6.680000,2.618702,1.000000,12.000000,7.800000,3.527038,49.000000,0.000000,50,0,51.245053
100000784,100000784,0,accepted,none,0.000000,1,6.000000,2.391652,1.000000,10.000000,6.360000,2.985029,49.000000,0.000000,50,0,60.832986
100000794,100000794,0,rejected,assert_connectivity,60.000000,1,6.760000,3.484595,1.000000,14.000000,7.240000,3.765953,45.160000,9.014122,0,0,64.755329
100000797,100000797,0,rejected,assert_connectivity,60.000000,1,6.520000,3.176413,0.000000,14.000000,7.880000,3.912237,45.120000,9.210081,0,0,73.072429
100000798,100000798,0,rejected,too_close,60.000000,1,5.800000,2.144761,1.000000,11.000000,5.600000,2.323790,49.000000,0.000000,50,1,60.587345
100000786,100000786,0,accepted,none,0.000000,1,5.840000,1.942782,2.000000,10.000000,6.080000,2.278947,49.000000,0.000000,50,0,64.520878
100000799,100000799,0,rejected,assert_connectivity,60.000000,1,7.160000,3.657103,1.000000,14.000000,8.320000,4.305531,41.640000,11.394314,0,0,64.115385
100000785,100000785,0,accepted,none,0.000000,1,6.600000,2.675818,1.000000,12.000000,10.040000,3.810302,49.000000,0.000000,50,0,67.883498
100000800,100000800,0,rejected,assert_connectivity,60.000000,1,6.120000,2.511095,0.000000,11.000000,6.720000,4.200190,38.240000,12.900481,0,0,68.149910
100000802,100000802,0,rejected,assert_connectivity,60.000000,1,6.200000,2.932576,1.000000,11.000000,6.360000,2.598153,24.640000,3.948468,0,0,59.408953
100000803,100000803,0,rejected,too_close,60.000000,1,7.080000,3.648781,1.000000,16.000000,8.960000,4.837189,49.000000,0.000000,50,0,63.586836
100000804,100000804,0,rejected,assert_connectivity,60.000000,1,6.240000,3.108440,0.000000,12.000000,7.680000,4.523008,43.280000,10.766689,0,1,66.953364
100000790,100000790,0,accepted,none,0.000000,1,5.640000,2.085761,2.000000,10.000000,6.680000,3.258466,49.000000,0.000000,50,0,67.031587
100000805,100000805,0,rejected,assert_connectivity,60.000000,1,7.480000,4.001200,1.000000,16.000000,10.880000,5.802206,43.360000,10.449421,0,0,65.946056
100000806,100000806,0,rejected,assert_connectivity,60.000000,1,6.880000,3.691287,0.000000,15.000000,8.880000,4.760840,47.040000,6.720000,0,0,70.169932
100000808,100000808,0,rejected,assert_connectivity,60.000000,1,5.760000,2.731739,0.000000,12.000000,7.360000,4.524423,45.120000,9.210081,0,0,79.100324
100000810,100000810,0,rejected,assert_connectivity,60.000000,1,6.280000,2.441639,1.000000,12.000000,7.560000,3.747853,45.160000,9.014122,0,0,62.516231
100000795,100000795,0,accepted,none,0.000000,1,5.760000,2.445895,1.000000,12.000000,7.280000,3.544235,49.000000,0.000000,50,0,67.462476
100000812,100000812,0,rejected,assert_connectivity,60.000000,1,6.320000,2.935575,0.000000,12.000000,9.600000,4.547527,47.040000,6.720000,0,0,75.964392
100000813,100000813,0,rejected,assert_connectivity,60.000000,1,6.280000,2.884718,2.000000,11.000000,6.120000,3.813869,36.480000,13.682456,0,0,57.430225
100000796,100000796,0,accepted,none,0.000000,1,5.520000,3.119231,1.000000,12.000000,7.720000,4.275699,49.000000,0.000000,50,0,63.966580
100000816,100000816,0,rejected,assert_connectivity,60.000000,1,7.920000,3.375441,0.000000,13.000000,11.560000,5.208301,45.120000,9.210081,0,0,70.452876
100000801,100000801,0,accepted,none,0.000000,1,5.960000,2.652998,1.000000,12.000000,6.800000,2.705550,49.000000,0.000000,50,0,73.492188
100000818,100000818,0,rejected,assert_connectivity,60.000000,1,5.960000,2.682983,1.000000,12.000000,7.880000,3.409633,45.160000,9.014122,0,0,70.471695
100000807,100000807,0,accepted,none,0.000000,1,5.840000,2.369473,2.000000,10.000000,7.000000,3.124100,49.000000,0.000000,50,0,64.459894
100000819,100000819,0,rejected,assert_connectivity,60.000000,1,5.640000,2.123770,0.000000,10.000000,7.000000,2.792848,47.040000,6.720000,0,0,62.645441
100000820,100000820,0,rejected,assert_connectivity,60.000000,1,7.120000,3.222670,0.000000,15.000000,8.400000,4.647580,47.040000,6.720000,0,0,59.860186
100000809,100000809,0,accepted,none,0.000000,1,6.040000,2.432776,2.000000,12.000000,7.520000,3.060980,49.000000,0.000000,50,0,64.560038
100000822,100000822,0,rejected,assert_connectivity,60.000000,1,5.440000,2.601230,1.000000,11.000000,7.760000,3.127683,45.160000,9.014122,0,1,68.244710
100000824,100000824,0,rejected,too_close,60.000000,1,5.280000,2.040000,1.000000,10.000000,7.840000,3.477700,49.000000,0.000000,50,1,72.916884
100000811,100000811,0,accepted,none,0.000000,1,6.560000,3.418538,2.000000,13.000000,7.120000,3.968073,49.000000,0.000000,50,0,68.472018
100000815,100000815,0,accepted,none,0.000000,1,5.240000,1.806212,1.000000,9.000000,6.080000,3.273164,49.000000,0.000000,50,0,71.471314
100000814,100000814,0,accepted,none,0.000000,1,6.080000,1.874460,2.000000,10.000000,7.640000,2.924107,49.000000,0.000000,50,0,65.166700
100000825,100000825,0,rejected,assert_connectivity,60.000000,1,6.200000,3.280244,1.000000,15.000000,7.880000,4.164805,43.360000,10.449421,0,0,61.833344
100000826,100000826,0,rejected,assert_connectivity,60.000000,1,5.040000,1.896945,1.000000,9.000000,7.280000,3.243702,45.160000,9.014122,0,1,65.389283
100000827,100000827,0,rejected,too_close,60.000000,1,5.840000,1.932460,3.000000,9.000000,7.880000,4.077450,49.000000,0.000000,50,0,63.336022
100000817,100000817,0,accepted,none,0.000000,1,5.680000,1.642437,2.000000,9.000000,8.160000,3.324816,49.000000,0.000000,50,0,68.279192
100000829,100000829,0,rejected,assert_connectivity,60.000000,1,6.360000,2.313093,0.000000,11.000000,8.600000,4.233202,47.040000,6.720000,0,0,62.526227
100000821,100000821,0,accepted,none,0.000000,1,5.320000,2.275434,1.000000,10.000000,5.800000,2.600000,49.000000,0.000000,50,0,68.685997
100000833,100000833,0,rejected,assert_connectivity,60.000000,1,6.240000,2.724408,1.000000,12.000000,8.640000,4.274389,45.160000,9.014122,0,0,68.787287
100000835,100000835,0,rejected,assert_connectivity,60.000000,1,5.920000,2.567801,0.000000,11.000000,7.360000,3.897486,47.040000,6.720000,0,0,66.457775
100000836,100000836,0,rejected,assert_connectivity,60.000000,1,5.480000,2.002399,1.000000,11.000000,6.520000,2.947813,36.960000,12.491533,0,0,68.438670
100000823,100000823,0,accepted,none,0.000000,1,6.680000,3.088301,2.000000,14.000000,7.440000,3.661475,49.000000,0.000000,50,0,59.224948
100000838,100000838,0,rejected,assert_connectivity,60.000000,1,5.320000,2.148860,0.000000,10.000000,6.920000,4.068612,47.040000,6.720000,0,1,73.441877
100000830,100000830,0,accepted,none,0.000000,1,5.400000,1.811077,1.000000,9.000000,5.320000,2.996264,49.000000,0.000000,50,0,59.794026
100000828,100000828,0,accepted,none,0.000000,1,6.320000,2.767237,1.000000,13.000000,7.400000,3.364521,49.000000,0.000000,50,0,62.214367
100000831,100000831,0,accepted,none,0.000000,1,5.520000,1.846510,2.000000,9.000000,7.080000,2.910945,49.000000,0.000000,50,0,61.356557
100000840,100000840,0,rejected,assert_connectivity,60.000000,1,6.960000,3.352372,0.000000,13.000000,9.000000,3.746999,47.040000,6.720000,0,0,68.658285
100000841,100000841,0,rejected,assert_connectivity,60.000000,1,5.800000,2.979933,1.000000,13.000000,7.960000,4.870154,41.480000,11.936901,0,0,65.364765
100000834,100000834,0,accepted,none,0.000000,1,6.360000,2.233920,2.000000,12.000000,7.000000,3.555278,49.000000,0.000000,50,0,57.645672
100000842,100000842,0,rejected,assert_connectivity,60.000000,1,7.240000,3.234563,0.000000,13.000000,8.520000,4.229610,47.040000,6.720000,0,1,69.664791
100000843,100000843,0,rejected,assert_connectivity,60.000000,1,5.120000,2.303389,1.000000,10.000000,6.160000,3.489183,43.360000,10.449421,0,0,65.636709
100000832,100000832,0,accepted,none,0.000000,1,6.960000,2.993059,1.000000,14.000000,7.120000,3.083115,49.000000,0.000000,50,0,61.426765
100000844,100000844,0,rejected,assert_connectivity,60.000000,1,7.040000,2.993059,0.000000,13.000000,9.800000,4.975942,47.040000,6.720000,0,1,58.646599
100000845,100000845,0,rejected,assert_connectivity,60.000000,1,7.280000,3.000267,0.000000,13.000000,7.640000,3.856216,47.040000,6.720000,0,0,57.476771
100000848,100000848,0,rejected,too_close,60.000000,1,5.200000,2.107131,1.000000,9.000000,7.160000,3.425551,49.000000,0.000000,50,0,75.266871
100000849,100000849,0,rejected,assert_connectivity,60.000000,1,6.440000,2.011567,1.000000,10.000000,6.000000,3.006659,45.160000,9.014122,0,0,64.757106
100000850,100000850,0,rejected,assert_connectivity,60.000000,1,5.120000,2.797427,1.000000,12.000000,5.360000,3.462716,25.320000,11.365632,0,0,69.701725
100000851,100000851,0,rejected,assert_connectivity,60.000000,1,6.640000,3.604220,1.000000,15.000000,5.600000,3.944617,28.560000,12.641456,0,0,59.679291
100000852,100000852,0,rejected,assert_connectivity,60.000000,1,6.080000,2.423551,1.000000,12.000000,6.640000,3.474248,40.000000,12.000000,0,0,70.599319
100000853,100000853,0,rejected,assert_connectivity,60.000000,1,5.720000,2.375205,0.000000,11.000000,6.840000,3.494911,47.040000,6.720000,0,0,64.232783
100000854,100000854,0,rejected,assert_connectivity,60.000000,1,5.760000,2.839437,1.000000,12.000000,6.360000,3.480000,25.680000,10.896678,0,0,61.324558
100000837,100000837,0,accepted,none,0.000000,1,6.840000,2.344014,1.000000,10.000000,7.920000,3.180189,49.000000,0.000000,50,0,52.808940
100000856,100000856,0,rejected,assert_connectivity,60.000000,1,6.000000,2.764055,2.000000,12.000000,3.720000,2.514279,13.520000,4.601043,0,0,59.232226
100000857,100000857,0,rejected,assert_connectivity,60.000000,1,6.520000,2.435077,1.000000,10.000000,7.240000,3.564043,28.000000,9.165151,0,0,66.856894
100000858,100000858,0,rejected,assert_connectivity,60.000000,1,5.760000,2.258849,0.000000,11.000000,7.280000,4.044947,33.920000,13.010519,0,0,67.734468
100000859,100000859,0,rejected,assert_connectivity,60.000000,1,6.400000,3.249615,2.000000,14.000000,8.600000,4.715930,43.360000,10.449421,0,0,64.229665
100000839,100000839,0,accepted,none,0.000000,1,5.720000,2.545899,2.000000,11.000000,6.240000,2.888321,49.000000,0.000000,50,0,64.413008
100000860,100000860,0,rejected,assert_connectivity,60.000000,1,5.760000,2.596613,0.000000,11.000000,8.600000,4.284857,47.040000,6.720000,0,0,57.039547
100000861,100000861,0,rejected,assert_connectivity,60.000000,1,6.000000,2.181742,1.000000,11.000000,5.920000,3.267048,34.240000,12.293999,0,0,66.009863
100000862,100000862,0,rejected,assert_connectivity,60.000000,1,7.200000,3.605551,0.000000,12.000000,7.000000,4.578209,36.360000,13.981073,0,0,68.310950
100000863,100000863,0,rejected,assert_connectivity,60.000000,1,5.600000,2.433105,0.000000,10.000000,4.960000,3.230851,34.880000,14.038006,0,0,59.707379
100000864,100000864,0,rejected,too_close,60.000000,1,6.480000,2.685070,2.000000,12.000000,6.600000,2.049390,49.000000,0.000000,50,1,61.770143
100000865,100000865,0,rejected,assert_connectivity,60.000000,1,6.760000,2.731739,2.000000,14.000000,8.760000,4.909420,40.000000,12.000000,0,0,58.464149
100000847,100000847,0,accepted,none,0.000000,1,6.000000,2.400000,2.000000,11.000000,6.360000,4.028697,49.000000,0.000000,50,0,64.940603
100000866,100000866,0,rejected,assert_connectivity,60.000000,1,5.640000,2.161111,2.000000,10.000000,6.440000,2.947270,43.360000,10.449421,0,0,60.695119
100000867,100000867,0,rejected,assert_connectivity,60.000000,1,6.720000,4.228664,0.000000,16.000000,7.360000,4.719152,27.120000,12.765015,0,0,64.595984
100000868,100000868,0,rejected,assert_connectivity,60.000000,1,5.560000,2.099143,1.000000,11.000000,5.880000,3.513631,38.120000,13.219138,0,0,63.896673
100000870,100000870,0,rejected,assert_connectivity,60.000000,1,6.000000,2.181742,3.000000,11.000000,6.040000,3.815547,40.000000,12.000000,0,0,61.296632
100000869,100000869,0,rejected,too_close,60.000000,1,6.600000,1.886796,3.000000,12.000000,7.160000,3.270229,49.000000,0.000000,50,0,62.557572
100000846,100000846,0,accepted,none,0.000000,1,6.600000,2.712932,1.000000,13.000000,7.760000,4.047518,49.000000,0.000000,50,0,68.932440
100000871,100000871,0,rejected,assert_connectivity,60.000000,1,6.760000,2.811121,0.000000,12.000000,8.080000,4.430982,35.280000,13.130179,0,0,68.595852
100000872,100000872,0,rejected,assert_connectivity,60.000000,1,6.280000,2.835771,0.000000,12.000000,8.480000,4.065661,47.040000,6.720000,0,0,63.284422
100000873,100000873,0,rejected,assert_connectivity,60.000000,1,6.440000,2.829558,1.000000,11.000000,7.200000,3.261901,45.160000,9.014122,0,0,65.623635
100000874,100000874,0,rejected,assert_connectivity,60.000000,1,6.160000,3.330826,1.000000,14.000000,6.480000,4.373740,38.120000,13.219138,0,0,60.660799
100000875,100000875,0,rejected,assert_connectivity,60.000000,1,5.680000,1.815930,2.000000,9.000000,7.200000,3.757659,38.440000,12.348538,0,0,64.596474
100000876,100000876,0,rejected,too_close,60.000000,1,6.520000,2.022276,2.000000,10.000000,7.040000,3.481149,49.000000,0.000000,50,1,56.578185
100000877,100000877,0,rejected,assert_connectivity,60.000000,1,5.840000,2.866077,1.000000,13.000000,7.120000,4.135892,38.120000,13.219138,0,0,60.017129
100000880,100000880,0,rejected,assert_connectivity,60.000000,1,5.720000,2.209434,1.000000,10.000000,5.640000,3.109727,45.160000,9.014122,0,0,65.865725
100000879,100000879,0,rejected,too_close,60.000000,1,7.640000,3.830196,2.000000,16.000000,10.520000,5.115623,49.000000,0.000000,50,0,61.542127
100000883,100000883,0,rejected,assert_connectivity,60.000000,1,6.000000,3.098387,0.000000,12.000000,7.480000,4.968863,39.720000,12.843738,0,0,70.565456
100000885,100000885,0,rejected,assert_connectivity,60.000000,1,6.360000,2.114332,0.000000,10.000000,9.040000,4.436034,47.040000,6.720000,0,0,67.257362
100000855,100000855,0,accepted,none,0.000000,1,6.320000,3.426018,1.000000,13.000000,8.960000,4.766382,49.000000,0.000000,50,0,62.530583
100000886,100000886,0,rejected,assert_connectivity,60.000000,1,5.080000,1.927070,0.000000,10.000000,5.920000,3.375441,47.040000,6.720000,0,0,72.927445
100000887,100000887,0,rejected,assert_connectivity,60.000000,1,7.080000,2.644542,0.000000,13.000000,8.200000,3.322650,47.040000,6.720000,0,0,64.578507
100000888,100000888,0,rejected,assert_connectivity,60.000000,1,6.320000,2.788835,0.000000,12.000000,7.840000,4.021741,47.040000,6.720000,0,0,63.043916
100000881,100000881,0,accepted,none,0.000000,1,5.680000,2.541181,2.000000,12.000000,7.480000,3.471253,49.000000,0.000000,50,0,62.209074
100000882,100000882,0,accepted,none,0.000000,1,6.560000,2.684474,2.000000,13.000000,7.800000,4.720169,49.000000,0.000000,50,0,69.911496
100000892,100000892,0,rejected,assert_connectivity,60.000000,1,5.720000,2.341282,0.000000,10.000000,7.160000,3.318795,47.040000,6.720000,0,0,70.294933
100000878,100000878,0,accepted,none,0.000000,1,7.120000,2.916436,2.000000,14.000000,8.280000,3.704268,49.000000,0.000000,50,0,63.698708
100000884,100000884,0,accepted,none,0.000000,1,5.840000,2.788261,1.000000,11.000000,6.640000,3.096837,49.000000,0.000000,50,0,59.914466
100000893,100000893,0,rejected,assert_connectivity,60.000000,1,6.960000,4.039604,0.000000,17.000000,7.360000,3.681087,41.520000,11.803796,0,0,63.299933
100000895,100000895,0,rejected,assert_connectivity,60.000000,1,6.520000,2.282455,0.000000,11.000000,8.040000,4.395270,47.040000,6.720000,0,1,65.993423
100000896,100000896,0,rejected,assert_connectivity,60.000000,1,6.360000,3.433715,0.000000,15.000000,6.440000,3.863470,47.040000,6.720000,0,0,62.256206
100000891,100000891,0,accepted,none,0.000000,1,5.960000,1.720000,2.000000,10.000000,6.880000,3.485054,49.000000,0.000000,50,0,59.115711
100000889,100000889,0,accepted,none,0.000000,1,6.040000,3.072198,1.000000,15.000000,7.400000,3.572114,49.000000,0.000000,50,0,60.057340
100000899,100000899,0,rejected,assert_connectivity,60.000000,1,6.760000,2.936392,1.000000,13.000000,8.160000,3.294602,43.360000,10.449421,0,0,70.402304
100000898,100000898,0,rejected,assert_connectivity,60.000000,1,6.840000,3.132794,0.000000,14.000000,8.880000,4.264458,47.040000,6.720000,0,0,65.004017
100000900,100000900,0,rejected,assert_connectivity,60.000000,1,6.080000,2.719118,0.000000,11.000000,4.760000,2.846471,23.280000,4.137826,0,0,64.184066
100000902,100000902,0,rejected,assert_connectivity,60.000000,1,6.520000,2.758550,0.000000,12.000000,7.000000,4.219005,36.720000,13.102733,0,0,62.200974
100000890,100000890,0,accepted,none,0.000000,1,7.840000,3.227135,2.000000,15.000000,7.640000,3.260429,49.000000,0.000000,50,0,51.756426
100000904,100000904,0,rejected,too_close,60.000000,1,6.240000,3.121282,1.000000,13.000000,9.800000,5.055690,49.000000,0.000000,50,1,70.355077
100000906,100000906,0,rejected,assert_connectivity,60.000000,1,5.600000,2.828427,1.000000,12.000000,5.960000,3.006393,23.560000,7.321639,0,0,56.581865
100000905,100000905,0,rejected,assert_connectivity,60.000000,1,6.280000,2.856851,0.000000,13.000000,6.560000,3.118718,47.040000,6.720000,0,0,70.157681
100000907,100000907,0,rejected,assert_connectivity,60.000000,1,6.680000,3.408460,0.000000,15.000000,8.000000,4.209513,47.040000,6.720000,0,0,65.715590
100000908,100000908,0,rejected,assert_connectivity,60.000000,1,6.280000,2.592605,1.000000,11.000000,7.520000,4.129116,45.160000,9.014122,0,0,65.634102
100000909,100000909,0,rejected,too_close,60.000000,1,6.880000,2.881944,1.000000,13.000000,7.400000,2.842534,49.000000,0.000000,50,1,59.812990
100000910,100000910,0,rejected,assert_connectivity,60.000000,1,6.600000,2.660827,1.000000,12.000000,8.640000,4.141304,45.160000,9.014122,0,0,61.115895
100000911,100000911,0,rejected,assert_connectivity,60.000000,1,6.320000,2.139533,0.000000,12.000000,9.560000,3.589763,47.040000,6.720000,0,0,69.473279
100000912,100000912,0,rejected,assert_connectivity,60.000000,1,6.760000,3.307930,0.000000,14.000000,8.600000,5.188449,41.520000,11.803796,0,1,66.606225
100000894,100000894,0,accepted,none,0.000000,1,5.320000,2.073065,1.000000,10.000000,7.560000,3.672383,49.000000,0.000000,50,0,71.729020
100000915,100000915,0,rejected,assert_connectivity,60.000000,1,5.160000,1.826034,1.000000,10.000000,4.960000,2.835207,28.840000,9.877976,0,0,64.732580
100000916,100000916,0,rejected,assert_connectivity,60.000000,1,6.400000,2.771281,0.000000,12.000000,8.560000,3.683259,47.040000,6.720000,0,0,73.014286
100000901,100000901,0,accepted,none,0.000000,1,5.280000,1.970178,1.000000,10.000000,6.600000,3.200000,49.000000,0.000000,50,0,71.482772
100000897,100000897,0,accepted,none,0.000000,1,6.600000,2.771281,1.000000,11.000000,9.680000,4.149410,49.000000,0.000000,50,0,66.367845
100000918,100000918,0,rejected,assert_connectivity,60.000000,1,6.960000,3.123844,1.000000,13.000000,7.080000,3.872157,38.440000,12.348538,0,0,51.564366
100000920,100000920,0,rejected,assert_connectivity,60.000000,1,5.800000,2.529822,1.000000,11.000000,4.920000,3.654258,32.000000,14.000000,0,0,65.500410
100000922,100000922,0,rejected,assert_connectivity,60.000000,1,6.080000,2.841408,0.000000,12.000000,7.680000,3.009585,47.040000,6.720000,0,0,67.162214
100000903,100000903,0,accepted,none,0.000000,1,7.680000,3.563369,1.000000,16.000000,9.080000,4.256008,49.000000,0.000000,50,0,64.042813
100000923,100000923,0,rejected,assert_connectivity,60.000000,1,5.960000,2.019505,1.000000,9.000000,6.880000,2.724995,45.160000,9.014122,0,0,61.692217
100000924,100000924,0,rejected,too_close,60.000000,1,6.600000,2.135416,2.000000,12.000000,8.800000,3.714835,49.000000,0.000000,50,1,73.572979
100000913,100000913,0,accepted,none,0.000000,1,5.280000,2.457967,2.000000,12.000000,4.480000,2.317240,49.000000,0.000000,50,0,62.631035
100000926,100000926,0,rejected,assert_connectivity,60.000000,1,6.040000,3.243208,0.000000,12.000000,7.480000,3.758936,47.040000,6.720000,0,0,70.163480
100000914,100000914,0,accepted,none,0.000000,1,5.960000,3.006393,1.000000,13.000000,7.400000,3.959798,49.000000,0.000000,50,0,60.839740
100000928,100000928,0,rejected,assert_connectivity,60.000000,1,5.440000,2.210520,0.000000,10.000000,7.120000,3.524996,47.040000,6.720000,0,0,70.307821
100000919,100000919,0,accepted,none,0.000000,1,5.880000,2.160000,2.000000,10.000000,6.680000,2.810267,49.000000,0.000000,50,0,70.055793
100000929,100000929,0,rejected,assert_connectivity,60.000000,1,5.360000,1.774937,2.000000,9.000000,6.360000,3.798737,38.440000,12.348538,0,0,70.544546
100000930,100000930,0,rejected,assert_connectivity,60.000000,1,5.360000,2.161111,0.000000,10.000000,8.120000,3.993194,47.040000,6.720000,0,1,72.884621
100000921,100000921,0,accepted,none,0.000000,1,5.680000,2.292946,1.000000,10.000000,6.680000,3.036050,49.000000,0.000000,50,0,73.174671
100000931,100000931,0,rejected,assert_connectivity,60.000000,1,6.160000,2.685964,0.000000,12.000000,8.240000,4.576287,47.040000,6.720000,0,0,63.833873
100000917,100000917,0,accepted,none,0.000000,1,7.960000,3.224655,1.000000,16.000000,12.240000,4.496932,49.000000,0.000000,50,0,57.364541
100000933,100000933,0,rejected,assert_connectivity,60.000000,1,7.800000,3.394113,2.000000,15.000000,8.560000,4.181674,43.360000,10.449421,0,0,55.734500
100000935,100000935,0,rejected,assert_connectivity,60.000000,1,5.360000,2.471922,0.000000,11.000000,6.840000,3.848948,41.520000,11.803796,0,0,66.088347
100000936,100000936,0,rejected,assert_connectivity,60.000000,1,6.560000,2.836618,1.000000,13.000000,5.920000,2.820213,19.440000,6.017175,0,1,59.807969
100000937,100000937,0,rejected,assert_connectivity,60.000000,1,7.360000,3.018344,0.000000,13.000000,10.160000,5.009431,47.040000,6.720000,0,0,73.445030
100000938,100000938,0,rejected,too_close,60.000000,1,5.240000,2.223151,1.000000,10.000000,7.720000,3.504511,49.000000,0.000000,50,0,69.436959
100000939,100000939,0,rejected,assert_connectivity,60.000000,1,6.840000,2.823898,0.000000,11.000000,7.680000,3.744009,47.040000,6.720000,0,1,65.765782
100000925,100000925,0,accepted,none,0.000000,1,6.480000,2.376889,2.000000,13.000000,7.360000,1.926240,49.000000,0.000000,50,0,60.931396
100000940,100000940,0,rejected,too_close,60.000000,1,6.480000,2.662630,1.000000,13.000000,7.120000,3.253552,49.000000,0.000000,50,1,59.995106
100000941,100000941,0,rejected,assert_connectivity,60.000000,1,6.280000,3.218944,1.000000,12.000000,7.840000,4.351368,45.160000,9.014122,0,0,68.277679
100000945,100000945,0,rejected,assert_connectivity,60.000000,1,5.880000,2.232846,0.000000,9.000000,8.720000,3.768501,47.040000,6.720000,0,0,73.580998
100000927,100000927,0,accepted,none,0.000000,1,6.840000,2.830972,1.000000,13.000000,8.160000,3.961616,49.000000,0.000000,50,0,68.483000
100000946,100000946,0,rejected,assert_connectivity,60.000000,1,7.960000,2.932303,2.000000,13.000000,9.880000,4.905670,43.360000,10.449421,0,0,62.894757
100000948,100000948,0,rejected,assert_connectivity,60.000000,1,5.520000,2.128286,1.000000,9.000000,6.360000,3.485742,26.560000,7.579340,0,1,60.211383
100000932,100000932,0,accepted,none,0.000000,1,5.680000,2.185772,2.000000,11.000000,6.200000,3.622154,49.000000,0.000000,50,0,69.177921
100000934,100000934,0,accepted,none,0.000000,1,6.760000,2.867473,1.000000,13.000000,9.120000,4.236225,49.000000,0.000000,50,0,58.758737
100000949,100000949,0,rejected,assert_connectivity,60.000000,1,6.400000,2.690725,1.000000,13.000000,8.600000,4.303487,36.960000,12.491533,0,1,66.186220
100000950,100000950,0,rejected,too_close,60.000000,1,6.880000,3.265823,1.000000,14.000000,9.640000,4.663732,49.000000,0.000000,50,1,63.489131
100000953,100000953,0,rejected,assert_connectivity,60.000000,1,5.520000,2.714701,1.000000,11.000000,6.960000,3.703836,43.360000,10.449421,0,0,67.630507
100000942,100000942,0,accepted,none,0.000000,1,5.760000,2.421239,1.000000,10.000000,7.840000,3.684345,49.000000,0.000000,50,0,75.548147
100000943,100000943,0,accepted,none,0.000000,1,6.240000,2.429486,2.000000,11.000000,7.280000,3.794944,49.000000,0.000000,50,0,63.033509
100000954,100000954,0,rejected,assert_connectivity,60.000000,1,6.360000,2.740511,0.000000,11.000000,7.680000,4.822613,33.920000,13.010519,0,0,66.224521
100000955,100000955,0,rejected,assert_connectivity,60.000000,1,7.600000,4.673329,1.000000,16.000000,9.680000,5.394219,31.840000,11.598896,0,0,73.717683
100000956,100000956,0,rejected,assert_connectivity,60.000000,1,5.840000,2.564059,0.000000,12.000000,8.600000,3.660601,47.040000,6.720000,0,0,74.420571
100000944,100000944,0,accepted,none,0.000000,1,6.080000,3.012242,1.000000,13.000000,7.040000,3.458092,49.000000,0.000000,50,0,73.095646
100000947,100000947,0,accepted,none,0.000000,1,6.440000,2.601230,1.000000,10.000000,6.240000,3.265333,49.000000,0.000000,50,0,65.239320
100000959,100000959,0,rejected,too_close,60.000000,1,5.880000,2.581782,1.000000,12.000000,8.840000,4.220711,49.000000,0.000000,50,0,67.158496
100000961,100000961,0,rejected,assert_connectivity,60.000000,1,6.560000,2.646961,2.000000,12.000000,8.360000,4.184543,38.440000,12.348538,0,0,66.259275
100000952,100000952,0,accepted,none,0.000000,1,5.080000,1.671407,2.000000,8.000000,5.880000,2.550608,49.000000,0.000000,50,0,69.795572
100000951,100000951,0,accepted,none,0.000000,1,6.000000,1.949359,1.000000,11.000000,6.440000,2.359322,49.000000,0.000000,50,0,58.932394
100000963,100000963,0,rejected,too_close,60.000000,1,5.680000,1.912485,2.000000,10.000000,7.480000,3.442325,49.000000,0.000000,50,1,67.075773
100000964,100000964,0,rejected,assert_connectivity,60.000000,1,6.360000,3.278780,1.000000,14.000000,7.520000,4.267271,45.160000,9.014122,0,0,79.103404
100000965,100000965,0,rejected,assert_connectivity,60.000000,1,5.560000,2.031354,0.000000,9.000000,6.640000,3.103289,47.040000,6.720000,0,0,62.516145
100000966,100000966,0,rejected,assert_connectivity,60.000000,1,5.200000,1.833030,0.000000,8.000000,4.440000,2.011567,47.040000,6.720000,0,0,65.588385
100000967,100000967,0,rejected,assert_connectivity,60.000000,1,6.680000,2.603382,0.000000,12.000000,7.720000,2.966749,47.040000,6.720000,0,0,74.444576
100000969,100000969,0,rejected,assert_connectivity,60.000000,1,5.760000,1.965299,0.000000,9.000000,6.520000,2.893026,47.040000,6.720000,0,0,65.029785
100000968,100000968,0,rejected,assert_connectivity,60.000000,1,7.000000,3.544009,0.000000,14.000000,10.080000,4.832556,47.040000,6.720000,0,1,68.518939
100000970,100000970,0,rejected,assert_connectivity,60.000000,1,6.040000,3.098128,0.000000,12.000000,7.920000,4.836693,35.040000,13.683508,0,0,61.265834
100000971,100000971,0,rejected,assert_connectivity,60.000000,1,5.520000,2.872212,0.000000,12.000000,6.040000,3.789248,32.320000,13.418554,0,0,73.749050
100000957,100000957,0,accepted,none,0.000000,1,6.080000,2.180275,1.000000,10.000000,7.480000,3.106381,49.000000,0.000000,50,0,59.511831
100000972,100000972,0,rejected,assert_connectivity,60.000000,1,6.960000,3.918979,0.000000,14.000000,9.160000,4.618918,47.040000,6.720000,0,0,71.485982
100000960,100000960,0,accepted,none,0.000000,1,5.320000,1.771327,1.000000,8.000000,6.400000,3.268027,49.000000,0.000000,50,0,78.950222
100000973,100000973,0,rejected,too_close,60.000000,1,6.240000,2.223151,2.000000,11.000000,9.120000,2.818794,49.000000,0.000000,50,1,68.316114
100000975,100000975,0,rejected,too_close,60.000000,1,6.360000,2.833796,1.000000,12.000000,7.360000,3.051295,49.000000,0.000000,50,1,65.863058
100000976,100000976,0,rejected,assert_connectivity,60.000000,1,7.240000,3.597555,0.000000,14.000000,8.680000,4.183013,47.040000,6.720000,0,0,55.933960
100000979,100000979,0,rejected,assert_connectivity,60.000000,1,5.840000,2.148115,0.000000,10.000000,6.400000,3.878144,45.120000,9.210081,0,0,66.486295
100000958,100000958,0,accepted,none,0.000000,1,6.760000,3.069593,1.000000,12.000000,9.200000,3.969887,49.000000,0.000000,50,0,67.951428
100000962,100000962,0,accepted,none,0.000000,1,5.320000,2.292946,1.000000,10.000000,7.560000,3.606439,49.000000,0.000000,50,0,77.090566
100000980,100000980,0,rejected,assert_connectivity,60.000000,1,5.880000,2.818794,1.000000,11.000000,8.080000,3.665188,45.160000,9.014122,0,1,68.389288
100000982,100000982,0,rejected,assert_connectivity,60.000000,1,5.640000,1.936595,0.000000,10.000000,7.320000,4.192565,47.040000,6.720000,0,0,66.376441
100000983,100000983,0,rejected,assert_connectivity,60.000000,1,6.520000,2.988244,0.000000,12.000000,6.880000,3.024169,47.040000,6.720000,0,0,59.506179
100000984,100000984,0,rejected,assert_connectivity,60.000000,1,7.320000,3.657540,0.000000,14.000000,8.000000,5.079370,45.120000,9.210081,0,0,76.732405
100000986,100000986,0,rejected,too_close,60.000000,1,6.760000,2.687452,1.000000,11.000000,9.680000,3.246167,49.000000,0.000000,50,0,60.850946
100000988,100000988,0,rejected,too_close,60.000000,1,5.840000,1.815048,2.000000,9.000000,7.560000,3.137897,49.000000,0.000000,50,0,61.175509
100000974,100000974,0,accepted,none,0.000000,1,5.600000,2.154066,1.000000,10.000000,7.040000,2.842253,49.000000,0.000000,50,0,71.959343
100000989,100000989,0,rejected,assert_connectivity,60.000000,1,5.840000,2.344014,0.000000,9.000000,8.080000,3.938731,45.120000,9.210081,0,1,70.264725
100000977,100000977,0,accepted,none,0.000000,1,6.640000,2.582712,2.000000,12.000000,8.840000,3.342813,49.000000,0.000000,50,0,57.846212
100000978,100000978,0,accepted,none,0.000000,1,7.000000,3.249615,1.000000,13.000000,8.240000,3.455778,49.000000,0.000000,50,0,66.149175
100000981,100000981,0,accepted,none,0.000000,1,5.840000,2.120000,2.000000,11.000000,8.040000,3.773380,49.000000,0.000000,50,0,77.070848
100000992,100000992,0,rejected,assert_connectivity,60.000000,1,6.040000,2.959459,0.000000,12.000000,7.400000,3.446738,36.520000,13.598882,0,0,73.867189
100000993,100000993,0,rejected,assert_connectivity,60.000000,1,6.560000,3.163289,1.000000,13.000000,5.960000,3.693020,45.160000,9.014122,0,0,64.249101
100000994,100000994,0,rejected,assert_connectivity,60.000000,1,6.680000,3.349269,2.000000,14.000000,5.960000,4.151915,36.480000,13.682456,0,0,63.696744
100000995,100000995,0,rejected,assert_connectivity,60.000000,1,5.800000,2.497999,0.000000,12.000000,7.200000,2.675818,47.040000,6.720000,0,1,66.174713
100000985,100000985,0,accepted,none,0.000000,1,6.800000,2.505993,1.000000,12.000000,8.920000,3.260920,49.000000,0.000000,50,0,71.362779
100000996,100000996,0,rejected,assert_connectivity,60.000000,1,5.480000,2.061456,1.000000,10.000000,5.360000,2.389644,28.000000,9.165151,0,0,55.374346
100000997,100000997,0,rejected,assert_connectivity,60.000000,1,6.840000,3.282438,2.000000,14.000000,6.480000,3.640000,25.680000,10.896678,0,0,66.488369
100000987,100000987,0,accepted,none,0.000000,1,5.560000,2.089593,1.000000,11.000000,5.920000,1.842173,49.000000,0.000000,50,0,75.501005
100000998,100000998,0,rejected,too_close,60.000000,1,6.320000,2.353211,2.000000,10.000000,7.440000,3.244441,49.000000,0.000000,50,0,62.661429
100000999,100000999,0,rejected,too_close,60.000000,1,5.360000,2.027412,1.000000,10.000000,5.960000,3.654914,49.000000,0.000000,50,1,63.311296
100001000,100001000,0,rejected,assert_connectivity,60.000000,1,6.280000,2.349809,1.000000,10.000000,7.080000,2.869425,45.160000,9.014122,0,1,57.873047
100001004,100001004,0,rejected,assert_connectivity,60.000000,1,6.520000,3.067507,0.000000,14.000000,8.520000,3.940761,45.120000,9.210081,0,1,74.953545
100000991,100000991,0,accepted,none,0.000000,1,5.960000,2.568735,1.000000,12.000000,8.760000,4.585019,49.000000,0.000000,50,0,66.229812
100000990,100000990,0,accepted,none,0.000000,1,6.840000,3.132794,2.000000,14.000000,9.280000,4.440901,49.000000,0.000000,50,0,65.371492
100001007,100001007,0,rejected,assert_connectivity,60.000000,1,6.040000,2.821064,2.000000,11.000000,7.400000,4.242641,43.360000,10.449421,0,0,72.321308
100001009,100001009,0,rejected,assert_connectivity,60.000000,1,6.280000,2.209434,1.000000,10.000000,6.280000,3.098645,45.160000,9.014122,0,1,61.035774
100001010,100001010,0,rejected,assert_connectivity,60.000000,1,6.320000,2.461219,0.000000,11.000000,6.040000,3.852064,47.040000,6.720000,0,0,60.108969
100001001,100001001,0,accepted,none,0.000000,1,5.600000,2.154066,2.000000,9.000000,6.480000,2.981543,49.000000,0.000000,50,0,57.951696
100001012,100001012,0,rejected,assert_connectivity,60.000000,1,5.280000,2.358304,0.000000,10.000000,6.840000,3.529079,47.040000,6.720000,0,0,72.985580
100001011,100001011,0,rejected,assert_connectivity,60.000000,1,7.680000,4.066645,1.000000,20.000000,9.000000,5.888973,45.160000,9.014122,0,0,62.274914
100001002,100001002,0,accepted,none,0.000000,1,5.400000,1.766352,1.000000,8.000000,5.800000,2.932576,49.000000,0.000000,50,0,62.490683
100001005,100001005,0,accepted,none,0.000000,1,6.200000,2.391652,1.000000,11.000000,7.120000,4.072542,49.000000,0.000000,50,0,56.457554
100001014,100001014,0,rejected,assert_connectivity,60.000000,1,4.680000,1.748599,1.000000,8.000000,5.560000,3.747853,40.000000,12.000000,0,1,67.046719
100001013,100001013,0,rejected,assert_connectivity,60.000000,1,6.000000,2.449490,0.000000,11.000000,7.360000,4.279065,47.040000,6.720000,0,1,74.607494
100001015,100001015,0,rejected,assert_connectivity,60.000000,1,5.800000,2.190890,0.000000,10.000000,6.720000,3.873190,39.840000,12.485768,0,0,63.535861
100001003,100001003,0,accepted,none,0.000000,1,7.520000,4.070577,1.000000,15.000000,8.320000,4.286910,49.000000,0.000000,50,0,56.891100
100001017,100001017,0,rejected,assert_connectivity,60.000000,1,5.840000,2.452427,2.000000,12.000000,6.760000,3.652725,34.240000,12.293999,0,0,64.707785
100001016,100001016,0,rejected,assert_connectivity,60.000000,1,7.160000,3.372595,1.000000,13.000000,7.200000,4.069398,45.160000,9.014122,0,0,69.880072
100001018,100001018,0,rejected,assert_connectivity,60.000000,1,6.080000,2.972137,1.000000,12.000000,6.600000,3.939543,40.000000,12.000000,0,0,60.514664
100001020,100001020,0,rejected,assert_connectivity,60.000000,1,5.840000,3.300667,1.000000,13.000000,8.400000,4.820788,41.480000,11.936901,0,0,67.566450
100001019,100001019,0,rejected,too_close,60.000000,1,7.120000,2.804568,1.000000,13.000000,8.400000,3.577709,49.000000,0.000000,50,0,58.688656
100001006,100001006,0,accepted,none,0.000000,1,6.960000,3.187224,1.000000,14.000000,8.440000,3.250600,49.000000,0.000000,50,0,65.784596
100001021,100001021,0,rejected,assert_connectivity,60.000000,1,6.640000,3.070896,0.000000,13.000000,7.160000,4.446842,39.720000,12.843738,0,0,62.904009
100001022,100001022,0,rejected,assert_connectivity,60.000000,1,5.480000,2.012362,0.000000,10.000000,6.240000,3.089078,47.040000,6.720000,0,0,66.904345
100001023,100001023,0,rejected,assert_connectivity,60.000000,1,5.880000,2.612585,1.000000,13.000000,9.120000,4.273827,45.160000,9.014122,0,0,60.316841
100001024,100001024,0,rejected,assert_connectivity,60.000000,1,5.800000,2.400000,1.000000,10.000000,6.360000,3.933243,40.000000,12.000000,0,0,57.295534
100001028,100001028,0,rejected,assert_connectivity,60.000000,1,6.240000,2.796855,0.000000,13.000000,8.320000,4.487494,47.040000,6.720000,0,0,66.062419
100001026,100001026,0,rejected,assert_connectivity,60.000000,1,6.400000,2.778489,0.000000,12.000000,9.360000,4.227340,47.040000,6.720000,0,0,62.744815
100001030,100001030,0,rejected,assert_connectivity,60.000000,1,5.720000,2.254240,0.000000,10.000000,6.560000,4.669732,34.800000,14.211263,0,0,61.094736
100001027,100001027,0,rejected,too_close,60.000000,1,6.080000,2.636968,1.000000,11.000000,8.200000,4.219005,49.000000,0.000000,50,1,74.080140
100001008,100001008,0,accepted,none,0.000000,1,6.480000,2.906820,1.000000,13.000000,8.920000,3.783332,49.000000,0.000000,50,0,69.619413
100001031,100001031,0,rejected,assert_connectivity,60.000000,1,5.880000,1.976259,1.000000,9.000000,6.680000,2.509502,45.160000,9.014122,0,0,61.141939
100001032,100001032,0,rejected,too_close,60.000000,1,6.000000,2.529822,1.000000,11.000000,8.240000,3.240741,49.000000,0.000000,50,0,66.216524
100001034,100001034,0,rejected,assert_connectivity,60.000000,1,6.520000,3.628994,0.000000,12.000000,7.600000,4.963869,36.520000,13.598882,0,0,67.650041
100001035,100001035,0,rejected,assert_connectivity,60.000000,1,5.320000,2.344696,1.000000,9.000000,6.360000,3.398588,45.160000,9.014122,0,0,62.986127
100001036,100001036,0,rejected,assert_connectivity,60.000000,1,5.360000,2.123770,1.000000,10.000000,6.000000,3.206244,38.440000,12.348538,0,0,57.636045
100001038,100001038,0,rejected,assert_connectivity,60.000000,1,6.440000,2.491265,0.000000,10.000000,7.640000,3.902615,47.040000,6.720000,0,0,71.761544
100001041,100001041,0,rejected,assert_connectivity,60.000000,1,5.080000,2.076921,0.000000,10.000000,6.880000,3.819110,47.040000,6.720000,0,0,69.520244
100001042,100001042,0,rejected,assert_connectivity,60.000000,1,6.480000,2.913692,0.000000,12.000000,7.800000,4.467662,41.520000,11.803796,0,0,64.896382
100001029,100001029,0,accepted,none,0.000000,1,5.400000,2.473863,1.000000,12.000000,6.920000,3.333707,49.000000,0.000000,50,0,65.049847
100001025,100001025,0,accepted,none,0.000000,1,5.600000,2.315167,1.000000,11.000000,7.680000,3.307204,49.000000,0.000000,50,0,74.773659
100001043,100001043,0,rejected,assert_connectivity,60.000000,1,5.720000,2.408651,0.000000,10.000000,6.480000,3.299939,47.040000,6.720000,0,0,63.699174
100001046,100001046,0,rejected,assert_connectivity,60.000000,1,6.200000,2.630589,0.000000,14.000000,7.640000,4.097609,47.040000,6.720000,0,0,68.476185
100001044,100001044,0,rejected,assert_connectivity,60.000000,1,8.400000,4.677606,0.000000,17.000000,11.760000,5.749991,45.120000,9.210081,0,0,66.572638
100001033,100001033,0,accepted,none,0.000000,1,5.920000,2.583331,1.000000,11.000000,7.920000,3.938731,49.000000,0.000000,50,0,65.386495
100001039,100001039,0,accepted,none,0.000000,1,6.200000,2.009975,1.000000,11.000000,7.240000,2.818226,49.000000,0.000000,50,0,61.960997
100001037,100001037,0,accepted,none,0.000000,1,6.440000,3.628553,1.000000,14.000000,7.280000,4.604520,49.000000,0.000000,50,0,57.758212
100001040,100001040,0,accepted,none,0.000000,1,5.520000,2.071135,2.000000,10.000000,7.360000,2.958108,49.000000,0.000000,50,0,67.230540
100001049,100001049,0,rejected,assert_connectivity,60.000000,1,6.600000,2.973214,0.000000,12.000000,8.280000,4.228664,47.040000,6.720000,0,0,70.186421
100001052,100001052,0,rejected,assert_connectivity,60.000000,1,5.600000,2.630589,0.000000,10.000000,5.720000,3.262147,47.040000,6.720000,0,0,58.220922
100001051,100001051,0,rejected,assert_connectivity,60.000000,1,6.200000,2.891366,0.000000,12.000000,7.480000,3.672819,47.040000,6.720000,0,0,73.372283
100001055,100001055,0,rejected,too_close,60.000000,1,5.120000,1.557434,1.000000,8.000000,5.440000,2.677013,49.000000,0.000000,50,1,65.743855
100001054,100001054,0,rejected,assert_connectivity,60.000000,1,6.200000,2.856571,1.000000,12.000000,5.880000,2.688048,45.160000,9.014122,0,0,63.145316
100001045,100001045,0,accepted,none,0.000000,1,6.160000,2.809697,1.000000,12.000000,6.800000,3.481379,49.000000,0.000000,50,0,64.568870
100001048,100001048,0,accepted,none,0.000000,1,5.240000,1.643898,2.000000,10.000000,6.000000,3.091925,49.000000,0.000000,50,0,59.118459
100001058,100001058,0,rejected,assert_connectivity,60.000000,1,5.480000,2.165548,1.000000,10.000000,6.760000,2.943196,45.160000,9.014122,0,1,63.722166
100001059,100001059,0,rejected,assert_connectivity,60.000000,1,5.960000,2.690427,1.000000,11.000000,7.520000,4.350816,39.760000,12.720943,0,0,66.152684
100001047,100001047,0,accepted,none,0.000000,1,6.600000,3.268027,1.000000,15.000000,7.720000,3.168848,49.000000,0.000000,50,0,61.181868
100001060,100001060,0,rejected,assert_connectivity,60.000000,1,6.680000,2.795997,1.000000,12.000000,8.280000,3.346879,45.160000,9.014122,0,0,69.064177
100001050,100001050,0,accepted,none,0.000000,1,5.120000,1.861612,2.000000,11.000000,6.960000,3.405642,49.000000,0.000000,50,0,61.729173
100001061,100001061,0,rejected,assert_connectivity,60.000000,1,5.720000,2.757100,0.000000,10.000000,7.600000,3.778889,47.040000,6.720000,0,0,68.475320
100001062,100001062,0,rejected,assert_connectivity,60.000000,1,5.880000,2.589517,0.000000,12.000000,7.200000,5.145872,28.000000,13.549908,0,1,66.939507
100001053,100001053,0,accepted,none,0.000000,1,5.520000,2.118868,1.000000,9.000000,7.840000,3.454620,49.000000,0.000000,50,0,70.395013
100001065,100001065,0,rejected,assert_connectivity,60.000000,1,6.160000,2.556247,1.000000,11.000000,5.040000,2.863285,26.120000,10.277432,0,0,56.526398
100001064,100001064,0,rejected,assert_connectivity,60.000000,1,6.640000,2.582712,0.000000,12.000000,8.800000,4.413615,47.040000,6.720000,0,1,62.517984
100001066,100001066,0,rejected,assert_connectivity,60.000000,1,7.800000,4.176123,0.000000,17.000000,9.560000,5.052366,47.040000,6.720000,0,0,67.023288
100001067,100001067,0,rejected,assert_connectivity,60.000000,1,6.280000,2.870819,0.000000,11.000000,9.440000,4.181674,47.040000,6.720000,0,0,65.507349
100001068,100001068,0,rejected,assert_connectivity,60.000000,1,6.560000,3.335626,0.000000,12.000000,7.560000,4.191229,45.120000,9.210081,0,0,71.743069
100001069,100001069,0,rejected,assert_connectivity,60.000000,1,6.280000,3.092184,0.000000,13.000000,8.000000,3.773592,47.040000,6.720000,0,0,62.997474
100001056,100001056,0,accepted,none,0.000000,1,5.760000,2.093418,1.000000,11.000000,6.560000,2.960811,49.000000,0.000000,50,0,63.123450
100001074,100001074,0,rejected,assert_connectivity,60.000000,1,5.720000,2.498319,1.000000,12.000000,8.200000,4.084116,43.360000,10.449421,0,0,70.141687
100001057,100001057,0,accepted,none,0.000000,1,6.640000,2.027412,2.000000,12.000000,9.480000,3.257238,49.000000,0.000000,50,0,63.102246
100001075,100001075,0,rejected,too_close,60.000000,1,6.040000,2.720000,3.000000,12.000000,6.080000,3.804418,49.000000,0.000000,50,1,65.488047
100001076,100001076,0,rejected,assert_connectivity,60.000000,1,6.280000,2.514279,0.000000,11.000000,8.680000,3.613530,47.040000,6.720000,0,0,70.106888
100001077,100001077,0,rejected,assert_connectivity,60.000000,1,7.440000,3.914895,0.000000,15.000000,9.920000,4.312030,47.040000,6.720000,0,0,67.085180
100001078,100001078,0,rejected,assert_connectivity,60.000000,1,5.880000,2.388640,1.000000,11.000000,8.200000,3.898718,43.360000,10.449421,0,0,72.841692
100001063,100001063,0,accepted,none,0.000000,1,5.800000,1.897367,1.000000,10.000000,6.920000,3.051819,49.000000,0.000000,50,0,69.583175
100001079,100001079,0,rejected,assert_connectivity,60.000000,1,6.160000,2.257078,1.000000,11.000000,7.000000,3.784178,33.000000,12.000000,0,0,57.923794
100001080,100001080,0,rejected,assert_connectivity,60.000000,1,6.480000,2.685070,0.000000,13.000000,6.880000,3.685865,26.640000,9.467333,0,0,60.766749
100001081,100001081,0,rejected,too_close,60.000000,1,6.320000,2.824465,1.000000,13.000000,6.920000,4.736412,49.000000,0.000000,50,0,53.142097
100001083,100001083,0,rejected,assert_connectivity,60.000000,1,5.800000,2.653300,1.000000,12.000000,5.080000,2.910945,16.520000,6.484566,0,0,58.359390
100001082,100001082,0,rejected,assert_connectivity,60.000000,1,5.400000,2.253886,1.000000,10.000000,6.080000,3.012242,41.640000,11.394314,0,0,69.489258
100001070,100001070,0,accepted,none,0.000000,1,6.120000,2.627851,1.000000,11.000000,8.000000,3.789459,49.000000,0.000000,50,0,68.385530
100001085,100001085,0,rejected,assert_connectivity,60.000000,1,5.320000,2.395329,1.000000,11.000000,6.880000,4.121359,38.440000,12.348538,0,0,68.740302
100001073,100001073,0,accepted,none,0.000000,1,6.880000,2.930119,1.000000,14.000000,7.840000,3.956564,49.000000,0.000000,50,0,68.619988
100001087,100001087,0,rejected,too_close,60.000000,1,5.720000,1.865905,1.000000,10.000000,6.400000,2.660827,49.000000,0.000000,50,1,62.617329
100001071,100001071,0,accepted,none,0.000000,1,5.680000,2.240000,2.000000,11.000000,7.200000,3.555278,49.000000,0.000000,50,0,67.614225
100001088,100001088,0,rejected,assert_connectivity,60.000000,1,6.200000,3.078961,0.000000,12.000000,7.320000,5.201692,41.520000,11.803796,0,0,65.385103
100001089,100001089,0,rejected,too_close,60.000000,1,6.000000,2.366432,2.000000,11.000000,7.040000,3.532478,49.000000,0.000000,50,1,69.090439
100001072,100001072,0,accepted,none,0.000000,1,6.640000,2.431131,2.000000,12.000000,7.440000,3.323612,49.000000,0.000000,50,0,66.747746
100001090,100001090,0,rejected,assert_connectivity,60.000000,1,7.920000,3.772744,2.000000,14.000000,6.520000,4.191611,38.440000,12.348538,0,0,62.754222
100001092,100001092,0,rejected,too_close,60.000000,1,5.560000,2.118112,1.000000,10.000000,6.720000,3.504511,49.000000,0.000000,50,0,71.012101
100001093,100001093,0,rejected,assert_connectivity,60.000000,1,6.800000,2.821347,2.000000,12.000000,8.560000,5.150379,38.440000,12.348538,0,0,59.336434
100001095,100001095,0,rejected,too_close,60.000000,1,6.160000,2.248199,1.000000,11.000000,7.000000,3.394113,49.000000,0.000000,50,1,59.406240
100001096,100001096,0,rejected,assert_connectivity,60.000000,1,5.680000,2.501520,1.000000,12.000000,6.000000,3.644173,43.360000,10.449421,0,0,54.758287
100001097,100001097,0,rejected,assert_connectivity,60.000000,1,5.040000,1.636582,0.000000,8.000000,6.520000,2.773013,47.040000,6.720000,0,0,68.884810
100001098,100001098,0,rejected,assert_connectivity,60.000000,1,6.360000,3.090372,1.000000,12.000000,7.240000,4.602434,43.360000,10.449421,0,0,63.158727
100001099,100001099,0,rejected,assert_connectivity,60.000000,1,5.320000,2.158147,0.000000,11.000000,6.840000,3.460405,47.040000,6.720000,0,0,69.411013
100001101,100001101,0,rejected,assert_connectivity,60.000000,1,6.320000,2.595689,1.000000,13.000000,7.280000,3.376626,40.000000,12.000000,0,0,66.572522
100001084,100001084,0,accepted,none,0.000000,1,5.680000,2.222071,1.000000,12.000000,6.920000,3.357618,49.000000,0.000000,50,0,72.392357
100001086,100001086,0,accepted,none,0.000000,1,4.920000,1.467515,2.000000,9.000000,6.000000,2.622975,49.000000,0.000000,50,0,57.812827
100001103,100001103,0,rejected,assert_connectivity,60.000000,1,5.800000,2.727636,0.000000,11.000000,8.080000,3.543106,47.040000,6.720000,0,0,67.208735
100001104,100001104,0,rejected,assert_connectivity,60.000000,1,5.840000,2.361017,0.000000,11.000000,7.560000,3.250600,47.040000,6.720000,0,0,64.218147
100001105,100001105,0,rejected,assert_connectivity,60.000000,1,6.240000,3.146808,1.000000,12.000000,9.000000,4.927474,41.480000,11.936901,0,0,69.288329
100001106,100001106,0,rejected,too_close,60.000000,1,6.440000,2.750709,1.000000,12.000000,8.360000,3.876906,49.000000,0.000000,50,1,65.145575
100001108,100001108,0,rejected,too_close,60.000000,1,5.640000,2.142522,2.000000,10.000000,7.680000,3.088301,49.000000,0.000000,50,1,66.883193
100001091,100001091,0,accepted,none,0.000000,1,5.840000,2.274731,1.000000,12.000000,7.520000,3.634501,49.000000,0.000000,50,0,75.218969
100001109,100001109,0,rejected,assert_connectivity,60.000000,1,6.640000,2.985029,0.000000,13.000000,8.520000,3.634501,47.040000,6.720000,0,0,67.666616
100001094,100001094,0,accepted,none,0.000000,1,5.880000,2.285957,1.000000,12.000000,8.880000,3.415494,49.000000,0.000000,50,0,68.373643
100001110,100001110,0,rejected,assert_connectivity,60.000000,1,5.800000,1.949359,0.000000,10.000000,7.600000,3.078961,47.040000,6.720000,0,0,65.045199
100001111,100001111,0,rejected,assert_connectivity,60.000000,1,5.120000,2.371835,0.000000,10.000000,6.400000,3.193744,41.520000,11.803796,0,0,75.106040
100001112,100001112,0,rejected,assert_connectivity,60.000000,1,7.000000,3.752333,0.000000,14.000000,8.560000,4.988627,47.040000,6.720000,0,0,59.087523
100001113,100001113,0,rejected,assert_connectivity,60.000000,1,5.600000,1.989975,0.000000,9.000000,8.160000,4.066251,47.040000,6.720000,0,0,69.790392
100001115,100001115,0,rejected,assert_connectivity,60.000000,1,6.480000,2.601845,2.000000,11.000000,6.480000,3.494224,26.560000,7.579340,0,0,55.421946
100001114,100001114,0,rejected,too_close,60.000000,1,5.800000,2.638181,1.000000,11.000000,7.680000,3.443487,49.000000,0.000000,50,1,63.749501
100001116,100001116,0,rejected,assert_connectivity,60.000000,1,6.200000,2.416609,1.000000,11.000000,7.440000,3.465025,36.960000,12.491533,0,0,60.406586
100001117,100001117,0,rejected,assert_connectivity,60.000000,1,6.440000,2.736129,1.000000,11.000000,8.280000,4.499067,43.360000,10.449421,0,0,57.931322
100001100,100001100,0,accepted,none,0.000000,1,5.760000,2.177705,1.000000,11.000000,7.920000,2.910945,49.000000,0.000000,50,0,54.983477
100001102,100001102,0,accepted,none,0.000000,1,6.320000,2.549039,1.000000,15.000000,8.000000,4.340507,49.000000,0.000000,50,0,54.346473
100001118,100001118,0,rejected,assert_connectivity,60.000000,1,6.080000,3.486201,0.000000,14.000000,6.280000,3.784389,35.280000,13.130179,0,0,62.490420
100001120,100001120,0,rejected,too_close,60.000000,1,6.080000,1.937421,2.000000,10.000000,6.720000,3.464333,49.000000,0.000000,50,1,62.824534
100001123,100001123,0,rejected,assert_connectivity,60.000000,1,5.720000,3.256010,0.000000,12.000000,6.520000,3.545363,39.840000,12.485768,0,0,69.985353
100001122,100001122,0,rejected,too_close,60.000000,1,6.800000,3.117691,2.000000,15.000000,8.120000,3.761064,49.000000,0.000000,50,1,52.653941
100001125,100001125,0,rejected,assert_connectivity,60.000000,1,4.920000,1.927070,1.000000,8.000000,6.120000,2.405327,45.160000,9.014122,0,0,65.955798
100001126,100001126,0,rejected,too_close,60.000000,1,5.520000,1.878723,1.000000,8.000000,5.600000,2.200000,49.000000,0.000000,50,1,64.163656
100001127,100001127,0,rejected,too_close,60.000000,1,5.880000,2.055626,1.000000,10.000000,7.160000,2.618091,49.000000,0.000000,50,0,77.000834
100001107,100001107,0,accepted,none,0.000000,1,6.040000,2.297477,2.000000,11.000000,8.800000,3.600000,49.000000,0.000000,50,0,64.030187
100001129,100001129,0,rejected,assert_connectivity,60.000000,1,6.080000,2.440000,1.000000,10.000000,8.200000,4.089010,45.160000,9.014122,0,0,69.640038
100001130,100001130,0,rejected,assert_connectivity,60.000000,1,5.920000,2.805994,1.000000,11.000000,7.760000,4.333867,38.080000,13.323423,0,0,67.332561
100001131,100001131,0,rejected,assert_connectivity,60.000000,1,6.200000,3.340659,0.000000,13.000000,9.400000,4.476606,47.040000,6.720000,0,0,72.322939
100001132,100001132,0,rejected,assert_connectivity,60.000000,1,6.480000,2.570914,0.000000,11.000000,9.200000,3.736308,47.040000,6.720000,0,0,67.659357
100001133,100001133,0,rejected,too_close,60.000000,1,7.040000,3.142992,2.000000,14.000000,9.200000,4.967897,49.000000,0.000000,50,1,68.132928
100001135,100001135,0,rejected,assert_connectivity,60.000000,1,4.760000,1.871470,1.000000,9.000000,5.480000,2.714701,43.360000,10.449421,0,0,59.110285
100001137,100001137,0,rejected,too_close,60.000000,1,5.320000,2.130164,2.000000,11.000000,6.960000,3.974720,49.000000,0.000000,50,0,56.004298
100001121,100001121,0,accepted,none,0.000000,1,5.920000,2.890260,1.000000,12.000000,8.760000,4.296789,49.000000,0.000000,50,0,73.373793
100001138,100001138,0,rejected,assert_connectivity,60.000000,1,6.240000,2.549980,1.000000,12.000000,7.080000,4.009189,43.360000,10.449421,0,0,57.338962
100001119,100001119,0,accepted,none,0.000000,1,6.440000,2.255305,1.000000,11.000000,9.160000,4.011783,49.000000,0.000000,50,0,65.557132
100001124,100001124,0,accepted,none,0.000000,1,5.440000,2.070362,2.000000,11.000000,6.800000,3.492850,49.000000,0.000000,50,0,61.408664
100001140,100001140,0,rejected,assert_connectivity,60.000000,1,6.840000,2.708210,0.000000,11.000000,7.720000,4.308318,45.120000,9.210081,0,0,66.094526
100001141,100001141,0,rejected,too_close,60.000000,1,5.440000,1.930389,2.000000,11.000000,7.360000,2.233920,49.000000,0.000000,50,0,64.393684
100001144,100001144,0,rejected,assert_connectivity,60.000000,1,5.320000,2.318965,1.000000,10.000000,5.400000,3.346640,26.240000,11.974239,0,0,58.734890
100001143,100001143,0,rejected,assert_connectivity,60.000000,1,5.960000,2.705254,0.000000,11.000000,7.720000,3.731166,47.040000,6.720000,0,0,65.778720
100001128,100001128,0,accepted,none,0.000000,1,6.400000,2.690725,1.000000,11.000000,7.720000,3.747212,49.000000,0.000000,50,0,66.189546
100001145,100001145,0,rejected,assert_connectivity,60.000000,1,5.560000,2.272972,1.000000,11.000000,6.040000,3.475399,45.160000,9.014122,0,1,61.292186
100001146,100001146,0,rejected,assert_connectivity,60.000000,1,6.720000,2.742554,1.000000,12.000000,8.920000,4.590599,43.360000,10.449421,0,0,66.857796
100001147,100001147,0,rejected,assert_connectivity,60.000000,1,5.400000,2.481935,1.000000,11.000000,7.320000,4.096047,40.000000,12.000000,0,1,67.887454
100001136,100001136,0,accepted,none,0.000000,1,5.760000,2.112439,2.000000,10.000000,7.080000,3.071417,49.000000,0.000000,50,0,68.554787
100001148,100001148,0,rejected,too_close,60.000000,1,7.080000,3.587980,1.000000,15.000000,9.600000,4.711688,49.000000,0.000000,50,0,64.803011
100001150,100001150,0,rejected,too_close,60.000000,1,6.240000,2.929573,1.000000,13.000000,7.040000,3.434880,49.000000,0.000000,50,1,58.230063
100001149,100001149,0,rejected,assert_connectivity,60.000000,1,6.840000,4.139372,0.000000,17.000000,9.080000,4.832556,47.040000,6.720000,0,0,64.345798
100001134,100001134,0,accepted,none,0.000000,1,6.400000,2.561250,2.000000,10.000000,6.920000,3.503370,49.000000,0.000000,50,0,61.833540
100001151,100001151,0,rejected,too_close,60.000000,1,5.200000,2.218107,2.000000,12.000000,7.080000,3.180189,49.000000,0.000000,50,0,72.409522
100001152,100001152,0,rejected,assert_connectivity,60.000000,1,7.120000,3.253552,1.000000,13.000000,7.960000,4.166341,45.160000,9.014122,0,0,59.852827
100001139,100001139,0,accepted,none,0.000000,1,5.600000,2.116601,1.000000,10.000000,5.920000,2.496718,49.000000,0.000000,50,0,68.601746
100001156,100001156,0,rejected,assert_connectivity,60.000000,1,5.720000,2.332724,1.000000,11.000000,7.480000,3.645490,43.360000,10.449421,0,0,62.908729
100001158,100001158,0,rejected,assert_connectivity,60.000000,1,6.600000,2.877499,1.000000,12.000000,6.440000,3.112298,45.160000,9.014122,0,0,56.897851
100001142,100001142,0,accepted,none,0.000000,1,5.720000,2.306859,1.000000,12.000000,7.440000,4.010785,49.000000,0.000000,50,0,64.907140
100001159,100001159,0,rejected,too_close,60.000000,1,5.560000,2.307899,1.000000,10.000000,6.200000,2.424871,49.000000,0.000000,50,0,65.311530
100001161,100001161,0,rejected,assert_connectivity,60.000000,1,5.680000,2.111303,2.000000,11.000000,5.480000,2.823048,35.560000,12.464606,0,0,66.148141
100001160,100001160,0,rejected,assert_connectivity,60.000000,1,6.800000,3.193744,0.000000,12.000000,9.840000,4.442342,47.040000,6.720000,0,0,61.915907
100001162,100001162,0,rejected,assert_connectivity,60.000000,1,5.760000,2.159259,0.000000,10.000000,6.680000,4.225825,47.040000,6.720000,0,0,58.952637
100001163,100001163,0,rejected,assert_connectivity,60.000000,1,5.760000,1.783928,2.000000,10.000000,5.600000,3.789459,30.640000,13.860390,0,1,64.687543
100001164,100001164,0,rejected,assert_connectivity,60.000000,1,5.160000,2.571848,0.000000,10.000000,7.680000,3.823297,41.520000,11.803796,0,0,73.949307
100001165,100001165,0,rejected,too_close,60.000000,1,6.160000,3.402117,1.000000,13.000000,9.280000,4.677777,49.000000,0.000000,50,0,73.544110
100001168,100001168,0,rejected,assert_connectivity,60.000000,1,6.160000,2.838027,1.000000,14.000000,9.320000,4.683759,45.160000,9.014122,0,0,61.487731
100001154,100001154,0,accepted,none,0.000000,1,5.720000,2.088444,1.000000,11.000000,5.800000,2.600000,49.000000,0.000000,50,0,67.594628
100001153,100001153,0,accepted,none,0.000000,1,5.640000,2.224949,1.000000,10.000000,6.720000,3.914282,49.000000,0.000000,50,0,64.183947
100001169,100001169,0,rejected,assert_connectivity,60.000000,1,6.400000,2.433105,0.000000,12.000000,6.320000,3.833745,35.280000,13.130179,0,0,60.021608
100001170,100001170,0,rejected,too_close,60.000000,1,5.560000,2.041176,2.000000,10.000000,7.120000,3.210234,49.000000,0.000000,50,0,73.408042
100001172,100001172,0,rejected,assert_connectivity,60.000000,1,6.520000,2.722058,0.000000,13.000000,8.480000,3.522726,47.040000,6.720000,0,0,71.159046
100001155,100001155,0,accepted,none,0.000000,1,7.000000,3.243455,1.000000,12.000000,9.720000,4.280374,49.000000,0.000000,50,0,63.596551
100001173,100001173,0,rejected,assert_connectivity,60.000000,1,6.440000,2.442622,0.000000,10.000000,8.600000,3.446738,47.040000,6.720000,0,0,68.003068
100001174,100001174,0,rejected,assert_connectivity,60.000000,1,6.120000,2.526974,0.000000,11.000000,7.560000,4.373374,47.040000,6.720000,0,0,63.461155
100001176,100001176,0,rejected,assert_connectivity,60.000000,1,5.480000,2.594147,1.000000,10.000000,5.440000,2.864681,22.080000,6.638795,0,0,64.072533
100001157,100001157,0,accepted,none,0.000000,1,6.800000,3.174902,2.000000,14.000000,10.560000,4.678290,49.000000,0.000000,50,0,65.856559
100001177,100001177,0,rejected,assert_connectivity,60.000000,1,5.680000,2.318965,2.000000,11.000000,6.480000,3.424850,43.360000,10.449421,0,0,63.334172
100001178,100001178,0,rejected,assert_connectivity,60.000000,1,6.160000,2.595072,2.000000,12.000000,5.640000,2.527924,28.840000,9.877976,0,0,62.661113
100001179,100001179,0,rejected,assert_connectivity,60.000000,1,5.440000,2.228542,0.000000,9.000000,6.440000,3.027606,41.520000,11.803796,0,0,70.819077
100001166,100001166,0,accepted,none,0.000000,1,5.960000,1.979495,1.000000,11.000000,7.600000,3.704052,49.000000,0.000000,50,0,66.258023
100001181,100001181,0,rejected,too_close,60.000000,1,5.680000,1.933287,2.000000,10.000000,6.480000,3.138407,49.000000,0.000000,50,1,71.475653
100001182,100001182,0,rejected,too_close,60.000000,1,6.600000,3.168596,2.000000,13.000000,7.640000,3.835414,49.000000,0.000000,50,0,65.619548
100001183,100001183,0,rejected,too_close,60.000000,1,6.640000,2.819645,2.000000,13.000000,7.360000,3.260429,49.000000,0.000000,50,0,64.023455
100001184,100001184,0,rejected,too_close,60.000000,1,5.560000,1.991582,2.000000,10.000000,6.040000,2.986369,49.000000,0.000000,50,0,69.824799
100001167,100001167,0,accepted,none,0.000000,1,5.720000,1.800444,2.000000,9.000000,7.760000,3.190987,49.000000,0.000000,50,0,70.239718
100001185,100001185,0,rejected,too_close,60.000000,1,6.280000,2.154437,1.000000,11.000000,8.040000,3.836457,49.000000,0.000000,50,0,59.617873
100001186,100001186,0,rejected,assert_connectivity,60.000000,1,5.480000,2.401999,0.000000,10.000000,7.240000,3.473097,47.040000,6.720000,0,0,70.154694
100001187,100001187,0,rejected,assert_connectivity,60.000000,1,5.880000,2.413628,1.000000,12.000000,7.440000,4.468378,38.440000,12.348538,0,0,66.810649
100001190,100001190,0,rejected,assert_connectivity,60.000000,1,5.920000,3.135857,1.000000,12.000000,5.480000,3.694537,34.960000,13.844797,0,0,58.396529
100001171,100001171,0,accepted,none,0.000000,1,5.640000,2.104852,1.000000,10.000000,6.800000,2.720294,49.000000,0.000000,50,0,72.541053
100001192,100001192,0,rejected,assert_connectivity,60.000000,1,5.960000,2.584260,2.000000,11.000000,6.960000,4.599826,34.240000,12.293999,0,0,66.316176
100001193,100001193,0,rejected,assert_connectivity,60.000000,1,5.840000,2.318275,0.000000,10.000000,6.160000,2.816807,23.280000,4.137826,0,0,59.098708
100001175,100001175,0,accepted,none,0.000000,1,6.000000,2.489980,2.000000,12.000000,9.080000,3.866988,49.000000,0.000000,50,0,67.757959
100001194,100001194,0,rejected,too_close,60.000000,1,7.440000,3.505196,1.000000,15.000000,9.000000,4.690416,49.000000,0.000000,50,0,56.216573
100001180,100001180,0,accepted,none,0.000000,1,5.160000,2.052900,1.000000,9.000000,6.200000,3.364521,49.000000,0.000000,50,0,58.109901
100001196,100001196,0,rejected,assert_connectivity,60.000000,1,7.560000,3.672383,3.000000,15.000000,8.600000,5.639149,41.640000,11.394314,0,0,51.229564
100001197,100001197,0,rejected,assert_connectivity,60.000000,1,8.120000,3.658634,0.000000,15.000000,8.400000,3.954744,47.040000,6.720000,0,0,60.978589
100001189,100001189,0,accepted,none,0.000000,1,6.280000,2.932848,1.000000,12.000000,7.560000,3.899538,49.000000,0.000000,50,0,67.091402
100001188,100001188,0,accepted,none,0.000000,1,6.560000,1.971395,2.000000,11.000000,8.160000,3.245674,49.000000,0.000000,50,0,70.300010
100001201,100001201,0,rejected,assert_connectivity,60.000000,1,6.280000,3.193994,1.000000,13.000000,7.760000,4.818963,43.360000,10.449421,0,0,63.434942
100001202,100001202,0,rejected,assert_connectivity,60.000000,1,6.240000,2.687452,1.000000,13.000000,7.240000,4.032667,33.000000,12.000000,0,0,57.975733
100001191,100001191,0,accepted,none,0.000000,1,6.440000,2.325167,1.000000,12.000000,9.320000,3.859741,49.000000,0.000000,50,0,71.275985
100001203,100001203,0,rejected,assert_connectivity,60.000000,1,5.880000,2.818794,0.000000,12.000000,6.120000,3.462023,45.120000,9.210081,0,0,68.068378
100001205,100001205,0,rejected,assert_connectivity,60.000000,1,6.360000,3.260429,1.000000,13.000000,7.520000,3.324094,41.640000,11.394314,0,0,75.880656
100001195,100001195,0,accepted,none,0.000000,1,6.520000,2.273675,2.000000,10.000000,6.600000,2.481935,49.000000,0.000000,50,0,59.468820
100001198,100001198,0,accepted,none,0.000000,1,6.280000,2.474187,1.000000,11.000000,5.160000,2.411307,49.000000,0.000000,50,0,54.126530
100001207,100001207,0,rejected,too_close,60.000000,1,5.800000,2.049390,1.000000,12.000000,7.560000,2.981007,49.000000,0.000000,50,1,61.018227
100001209,100001209,0,rejected,too_close,60.000000,1,5.560000,1.877871,2.000000,9.000000,5.840000,2.579612,49.000000,0.000000,50,1,56.948303
100001200,100001200,0,accepted,none,0.000000,1,6.760000,2.379580,2.000000,12.000000,8.400000,4.103657,49.000000,0.000000,50,0,60.816364
100001199,100001199,0,accepted,none,0.000000,1,6.360000,3.103289,1.000000,13.000000,9.000000,3.704052,49.000000,0.000000,50,0,75.757070
100001211,100001211,0,rejected,too_close,60.000000,1,5.920000,2.560000,1.000000,12.000000,6.600000,3.903844,49.000000,0.000000,50,1,67.353345
100001212,100001212,0,rejected,assert_connectivity,60.000000,1,6.080000,2.243569,0.000000,12.000000,6.520000,3.837916,38.240000,12.900481,0,0,64.404486
100001204,100001204,0,accepted,none,0.000000,1,6.000000,2.675818,2.000000,14.000000,8.440000,4.804831,49.000000,0.000000,50,0,69.547468
100001208,100001208,0,accepted,none,0.000000,1,5.880000,2.214859,2.000000,10.000000,6.160000,3.601999,49.000000,0.000000,50,0,69.265299
100001206,100001206,0,accepted,none,0.000000,1,6.040000,2.849281,2.000000,12.000000,6.920000,3.110241,49.000000,0.000000,50,0,67.536282
100001210,100001210,0,accepted,none,0.000000,1,6.040000,2.622670,1.000000,11.000000,6.360000,3.141719,49.000000,0.000000,50,0,74.655979
100001217,100001217,0,rejected,assert_connectivity,60.000000,1,6.080000,2.965400,0.000000,11.000000,6.280000,3.995197,36.400000,13.886684,0,0,65.357660
100001218,100001218,0,rejected,assert_connectivity,60.000000,1,5.880000,2.503118,1.000000,12.000000,6.720000,3.249862,29.760000,10.527222,0,0,61.549782
100001219,100001219,0,rejected,assert_connectivity,60.000000,1,5.600000,2.009975,0.000000,9.000000,7.880000,3.702108,47.040000,6.720000,0,0,66.707227
100001221,100001221,0,rejected,assert_connectivity,60.000000,1,5.600000,2.607681,1.000000,11.000000,6.080000,3.192742,30.760000,11.104161,0,0,66.006843
100001220,100001220,0,rejected,assert_connectivity,60.000000,1,5.360000,2.447529,0.000000,11.000000,6.520000,3.201500,47.040000,6.720000,0,1,72.238383
100001223,100001223,0,rejected,assert_connectivity,60.000000,1,5.680000,2.053680,0.000000,9.000000,6.400000,2.891366,47.040000,6.720000,0,0,66.995298
100001222,100001222,0,rejected,assert_connectivity,60.000000,1,5.760000,2.990385,0.000000,12.000000,6.840000,3.662567,47.040000,6.720000,0,0,68.995371
100001213,100001213,0,accepted,none,0.000000,1,5.680000,2.301652,1.000000,11.000000,7.080000,3.321686,49.000000,0.000000,50,0,70.635537
100001226,100001226,0,rejected,assert_connectivity,60.000000,1,5.440000,2.316549,0.000000,10.000000,6.400000,3.019934,47.040000,6.720000,0,0,71.136712
100001225,100001225,0,rejected,assert_connectivity,60.000000,1,5.760000,2.429486,0.000000,10.000000,6.440000,3.400941,45.120000,9.210081,0,0,66.277991
100001215,100001215,0,accepted,none,0.000000,1,6.440000,2.554682,1.000000,12.000000,7.720000,3.752546,49.000000,0.000000,50,0,61.844289
100001214,100001214,0,accepted,none,0.000000,1,7.480000,3.556628,1.000000,15.000000,8.360000,4.141304,49.000000,0.000000,50,0,60.477134
100001229,100001229,0,rejected,assert_connectivity,60.000000,1,6.640000,4.559649,1.000000,16.000000,6.840000,4.859465,45.160000,9.014122,0,0,64.420533
100001216,100001216,0,accepted,none,0.000000,1,6.360000,2.338889,1.000000,11.000000,8.440000,4.172098,49.000000,0.000000,50,0,67.100052
100001233,100001233,0,rejected,assert_connectivity,60.000000,1,6.760000,3.507478,0.000000,14.000000,8.120000,4.598435,47.040000,6.720000,0,1,63.875725
100001234,100001234,0,rejected,assert_connectivity,60.000000,1,6.880000,3.185216,0.000000,14.000000,6.760000,3.507478,47.040000,6.720000,0,0,68.765155
100001224,100001224,0,accepted,none,0.000000,1,5.400000,1.720465,1.000000,10.000000,6.680000,2.275434,49.000000,0.000000,50,0,68.671907
100001235,100001235,0,rejected,assert_connectivity,60.000000,1,6.600000,2.979933,1.000000,12.000000,9.960000,5.660247,45.160000,9.014122,0,0,61.489439
100001236,100001236,0,rejected,assert_connectivity,60.000000,1,6.040000,2.712637,0.000000,12.000000,7.280000,3.286579,47.040000,6.720000,0,0,60.760692
100001230,100001230,0,accepted,none,0.000000,1,5.960000,2.849281,2.000000,12.000000,6.000000,3.487119,49.000000,0.000000,50,0,62.549560
100001227,100001227,0,accepted,none,0.000000,1,6.040000,1.917916,2.000000,10.000000,6.360000,2.471922,49.000000,0.000000,50,0,56.384078
100001237,100001237,0,rejected,assert_connectivity,60.000000,1,6.040000,2.863285,1.000000,11.000000,6.560000,3.080000,41.480000,11.936901,0,0,59.644277
100001238,100001238,0,rejected,too_close,60.000000,1,5.320000,2.014349,1.000000,10.000000,6.640000,3.005062,49.000000,0.000000,50,1,71.469633
100001228,100001228,0,accepted,none,0.000000,1,5.880000,2.421900,1.000000,10.000000,6.920000,2.924654,49.000000,0.000000,50,0,66.226493
100001239,100001239,0,rejected,assert_connectivity,60.000000,1,6.160000,2.386294,0.000000,11.000000,8.560000,3.573010,47.040000,6.720000,0,1,70.425517
100001241,100001241,0,rejected,assert_connectivity,60.000000,1,7.000000,3.521363,0.000000,14.000000,8.880000,3.865954,47.040000,6.720000,0,1,68.951543
100001243,100001243,0,rejected,assert_connectivity,60.000000,1,6.040000,3.370223,1.000000,13.000000,5.760000,3.541525,25.320000,11.365632,0,0,61.229431
100001231,100001231,0,accepted,none,0.000000,1,6.120000,2.495115,2.000000,12.000000,6.120000,3.524996,49.000000,0.000000,50,0,60.886740
100001232,100001232,0,accepted,none,0.000000,1,6.840000,2.640909,1.000000,13.000000,8.720000,4.049889,49.000000,0.000000,50,0,63.395961
100001246,100001246,0,rejected,assert_connectivity,60.000000,1,5.120000,1.840000,2.000000,9.000000,6.080000,3.778042,40.000000,12.000000,0,0,59.681802
100001245,100001245,0,accepted,none,0.000000,1,5.360000,1.936595,2.000000,10.000000,6.000000,2.416609,49.000000,0.000000,50,0,69.046848
100001247,100001247,0,accepted,none,0.000000,1,5.480000,2.012362,2.000000,9.000000,5.800000,2.749545,49.000000,0.000000,50,0,62.434302
100001242,100001242,0,accepted,none,0.000000,1,6.560000,2.442622,2.000000,13.000000,9.000000,4.034848,49.000000,0.000000,50,0,58.573620
100001240,100001240,0,accepted,none,0.000000,1,7.200000,3.091925,1.000000,14.000000,8.920000,3.199000,49.000000,0.000000,50,0,60.258339
100001250,100001250,0,rejected,assert_connectivity,60.000000,1,5.600000,3.065942,1.000000,11.000000,6.760000,3.952518,41.640000,11.394314,0,0,66.618801
100001244,100001244,0,accepted,none,0.000000,1,7.080000,3.205246,2.000000,12.000000,9.120000,4.519469,49.000000,0.000000,50,0,62.317137
100001252,100001252,0,rejected,too_close,60.000000,1,5.640000,2.269449,2.000000,10.000000,8.720000,4.556490,49.000000,0.000000,50,0,69.724016
100001254,100001254,0,rejected,assert_connectivity,60.000000,1,6.480000,2.459593,1.000000,12.000000,8.520000,4.813481,45.160000,9.014122,0,0,62.334315
100001249,100001249,0,accepted,none,0.000000,1,6.560000,2.192350,1.000000,10.000000,7.440000,2.899379,49.000000,0.000000,50,0,71.678705
100001256,100001256,0,rejected,assert_connectivity,60.000000,1,6.240000,2.768104,0.000000,12.000000,7.240000,3.685431,47.040000,6.720000,0,0,64.086918
100001248,100001248,0,accepted,none,0.000000,1,6.800000,1.959592,2.000000,10.000000,9.280000,3.561123,49.000000,0.000000,50,0,60.029699
100001258,100001258,0,rejected,assert_connectivity,60.000000,1,5.920000,2.464467,0.000000,11.000000,8.360000,4.198857,47.040000,6.720000,0,1,72.757278
100001261,100001261,0,rejected,assert_connectivity,60.000000,1,5.800000,2.000000,2.000000,11.000000,5.000000,3.085450,20.320000,9.076211,0,0,63.089268
100001262,100001262,0,rejected,assert_connectivity,60.000000,1,7.080000,3.548746,1.000000,14.000000,9.120000,5.562877,34.760000,14.303230,0,0,56.886213
100001251,100001251,0,accepted,none,0.000000,1,6.640000,2.170346,1.000000,11.000000,8.600000,4.686150,49.000000,0.000000,50,0,59.079196
100001253,100001253,0,accepted,none,0.000000,1,5.840000,2.852087,1.000000,11.000000,8.000000,4.000000,49.000000,0.000000,50,0,69.386823
100001255,100001255,0,accepted,none,0.000000,1,5.600000,2.280351,2.000000,10.000000,5.720000,2.010373,49.000000,0.000000,50,0,67.511892
100001265,100001265,0,rejected,assert_connectivity,60.000000,1,5.680000,2.549039,1.000000,11.000000,5.840000,3.786080,40.000000,12.000000,0,0,54.645981
100001266,100001266,0,rejected,too_close,60.000000,1,5.080000,1.706927,1.000000,10.000000,6.080000,2.917807,49.000000,0.000000,50,0,68.248375
100001257,100001257,0,accepted,none,0.000000,1,6.040000,1.754537,2.000000,10.000000,7.600000,3.231099,49.000000,0.000000,50,0,64.942935
100001259,100001259,0,accepted,none,0.000000,1,6.360000,3.248138,1.000000,13.000000,7.320000,4.460673,49.000000,0.000000,50,0,67.840150
100001260,100001260,0,accepted,none,0.000000,1,7.440000,2.913143,1.000000,15.000000,9.400000,4.498889,49.000000,0.000000,50,0,59.710125
100001271,100001271,0,rejected,assert_connectivity,60.000000,1,6.840000,3.139172,1.000000,12.000000,7.960000,4.161538,43.360000,10.449421,0,0,65.904249
100001272,100001272,0,rejected,assert_connectivity,60.000000,1,5.680000,2.420248,1.000000,11.000000,6.520000,3.138407,43.360000,10.449421,0,0,58.653662
100001263,100001263,0,accepted,none,0.000000,1,6.040000,2.727343,1.000000,12.000000,7.480000,4.196379,49.000000,0.000000,50,0,67.229322
100001274,100001274,0,rejected,assert_connectivity,60.000000,1,5.840000,2.564059,1.000000,13.000000,7.120000,4.140725,45.160000,9.014122,0,1,62.811391
100001275,100001275,0,rejected,too_close,60.000000,1,5.920000,2.331008,1.000000,11.000000,7.960000,4.199810,49.000000,0.000000,50,0,61.481104
100001267,100001267,0,accepted,none,0.000000,1,5.320000,2.266627,1.000000,11.000000,7.000000,3.261901,49.000000,0.000000,50,0,64.793151
100001264,100001264,0,accepted,none,0.000000,1,7.120000,3.089595,2.000000,13.000000,9.120000,3.881443,49.000000,0.000000,50,0,67.066172
100001276,100001276,0,rejected,assert_connectivity,60.000000,1,6.040000,2.457316,1.000000,12.000000,6.760000,4.193137,40.000000,12.000000,0,0,64.667155
100001269,100001269,0,accepted,none,0.000000,1,5.840000,2.120000,2.000000,10.000000,6.160000,2.795425,49.000000,0.000000,50,0,67.394854
100001270,100001270,0,accepted,none,0.000000,1,6.160000,2.766659,1.000000,12.000000,8.080000,3.830614,49.000000,0.000000,50,0,67.175850
100001277,100001277,0,rejected,assert_connectivity,60.000000,1,6.240000,2.542125,1.000000,11.000000,7.840000,4.061330,45.160000,9.014122,0,0,62.673632
100001268,100001268,0,accepted,none,0.000000,1,6.800000,3.085450,1.000000,13.000000,7.160000,4.258450,49.000000,0.000000,50,0,65.265413
100001281,100001281,0,rejected,too_close,60.000000,1,6.600000,2.932576,1.000000,12.000000,9.640000,4.537665,49.000000,0.000000,50,0,66.245247
100001284,100001284,0,rejected,too_close,60.000000,1,5.840000,2.571848,1.000000,10.000000,6.640000,2.621145,49.000000,0.000000,50,0,63.275066
100001285,100001285,0,rejected,assert_connectivity,60.000000,1,5.360000,2.598153,1.000000,11.000000,6.880000,3.942791,45.160000,9.014122,0,0,67.572387
100001286,100001286,0,rejected,assert_connectivity,60.000000,1,6.760000,3.367848,1.000000,15.000000,6.480000,3.383726,25.000000,4.898979,0,1,69.101780
100001273,100001273,0,accepted,none,0.000000,1,6.560000,3.066985,1.000000,13.000000,8.480000,3.080519,49.000000,0.000000,50,0,58.427946
100001288,100001288,0,rejected,assert_connectivity,60.000000,1,5.960000,2.622670,0.000000,11.000000,4.600000,2.720294,30.320000,11.964013,0,0,67.633212
100001278,100001278,0,accepted,none,0.000000,1,5.840000,2.484834,1.000000,11.000000,6.680000,2.611053,49.000000,0.000000,50,0,72.293015
100001289,100001289,0,rejected,assert_connectivity,60.000000,1,6.000000,2.366432,0.000000,10.000000,8.080000,3.841042,47.040000,6.720000,0,0,59.788042
100001280,100001280,0,accepted,none,0.000000,1,5.960000,2.349127,1.000000,11.000000,5.920000,2.992257,49.000000,0.000000,50,0,65.626835
100001282,100001282,0,accepted,none,0.000000,1,5.840000,2.221351,1.000000,10.000000,7.040000,2.959459,49.000000,0.000000,50,0,69.020637
100001279,100001279,0,accepted,none,0.000000,1,6.480000,3.275607,1.000000,15.000000,7.920000,3.543106,49.000000,0.000000,50,0,58.876508
100001283,100001283,0,accepted,none,0.000000,1,5.960000,2.162961,2.000000,11.000000,9.080000,3.560000,49.000000,0.000000,50,0,74.064094
100001295,100001295,0,rejected,assert_connectivity,60.000000,1,5.440000,2.080000,1.000000,9.000000,5.880000,3.947860,38.440000,12.348538,0,0,72.201868
100001287,100001287,0,accepted,none,0.000000,1,5.560000,2.070362,1.000000,9.000000,6.120000,3.235058,49.000000,0.000000,50,0,61.281440
100001297,100001297,0,rejected,assert_connectivity,60.000000,1,7.120000,3.782274,0.000000,14.000000,7.960000,4.331097,43.280000,10.766689,0,0,58.321964
100001291,100001291,0,accepted,none,0.000000,1,5.840000,2.476772,1.000000,10.000000,7.960000,3.736094,49.000000,0.000000,50,0,70.591179
100001293,100001293,0,accepted,none,0.000000,1,5.640000,2.439344,2.000000,10.000000,7.040000,3.261656,49.000000,0.000000,50,0,67.126203
100001290,100001290,0,accepted,none,0.000000,1,5.360000,1.977473,1.000000,9.000000,6.320000,2.894408,49.000000,0.000000,50,0,68.413634
100001299,100001299,0,rejected,assert_connectivity,60.000000,1,6.480000,3.151127,2.000000,12.000000,5.440000,3.329625,43.360000,10.449421,0,0,55.191835
100001292,100001292,0,accepted,none,0.000000,1,6.280000,2.498319,2.000000,11.000000,8.320000,3.818062,49.000000,0.000000,50,0,78.256115
100001294,100001294,0,accepted,none,0.000000,1,6.200000,2.513961,1.000000,12.000000,7.720000,4.312957,49.000000,0.000000,50,0,63.287935
100001296,100001296,0,accepted,none,0.000000,1,5.920000,2.038038,1.000000,10.000000,7.120000,3.010913,49.000000,0.000000,50,0,54.344687
100001305,100001305,0,rejected,too_close,60.000000,1,6.480000,2.118868,1.000000,10.000000,7.920000,2.951881,49.000000,0.000000,50,0,56.507419
100001298,100001298,0,accepted,none,0.000000,1,6.280000,2.720588,1.000000,12.000000,7.480000,3.534063,49.000000,0.000000,50,0,63.862756
100001301,100001301,0,accepted,none,0.000000,1,5.040000,2.144388,1.000000,10.000000,5.560000,3.020993,49.000000,0.000000,50,0,67.432725
100001300,100001300,0,accepted,none,0.000000,1,6.000000,2.660827,1.000000,12.000000,6.320000,3.055749,49.000000,0.000000,50,0,68.987639
100001302,100001302,0,accepted,none,0.000000,1,5.080000,1.916664,1.000000,9.000000,6.280000,2.771570,49.000000,0.000000,50,0,62.506510
100001309,100001309,0,rejected,assert_connectivity,60.000000,1,6.320000,2.693993,0.000000,11.000000,8.760000,4.505818,47.040000,6.720000,0,0,72.705468
100001310,100001310,0,rejected,assert_connectivity,60.000000,1,5.960000,2.407987,1.000000,12.000000,6.160000,2.595072,27.240000,8.396571,0,0,60.581521
100001303,100001303,0,accepted,none,0.000000,1,6.760000,2.214136,2.000000,12.000000,9.800000,3.698648,49.000000,0.000000,50,0,62.765361
100001304,100001304,0,accepted,none,0.000000,1,6.120000,2.178440,1.000000,11.000000,7.760000,3.003731,49.000000,0.000000,50,0,61.750161
100001311,100001311,0,rejected,assert_connectivity,60.000000,1,5.280000,2.116979,1.000000,10.000000,5.840000,2.816807,45.160000,9.014122,0,0,68.452354
100001312,100001312,0,rejected,assert_connectivity,60.000000,1,6.240000,3.307930,0.000000,12.000000,9.280000,5.716782,34.600000,14.668333,0,0,61.327551
100001313,100001313,0,rejected,too_close,60.000000,1,6.200000,2.144761,1.000000,11.000000,8.400000,3.304542,49.000000,0.000000,50,1,70.694509
100001314,100001314,0,rejected,assert_connectivity,60.000000,1,6.680000,3.512492,0.000000,13.000000,5.800000,3.078961,47.040000,6.720000,0,0,63.810430
100001315,100001315,0,rejected,assert_connectivity,60.000000,1,6.480000,2.994929,2.000000,12.000000,8.760000,4.356880,41.640000,11.394314,0,0,68.738250
100001306,100001306,0,accepted,none,0.000000,1,6.400000,2.181742,1.000000,11.000000,8.720000,2.842816,49.000000,0.000000,50,0,63.102860
100001317,100001317,0,rejected,assert_connectivity,60.000000,1,7.600000,4.019950,1.000000,15.000000,9.480000,5.127338,43.360000,10.449421,0,0,72.013161
100001318,100001318,0,rejected,too_close,60.000000,1,6.800000,3.560899,1.000000,14.000000,9.640000,5.066596,49.000000,0.000000,50,0,64.787057
100001319,100001319,0,rejected,assert_connectivity,60.000000,1,7.400000,3.322650,0.000000,14.000000,8.360000,3.978744,45.120000,9.210081,0,0,64.186963
100001320,100001320,0,rejected,assert_connectivity,60.000000,1,5.840000,2.715585,0.000000,12.000000,7.320000,4.154227,41.520000,11.803796,0,0,68.468772
100001307,100001307,0,accepted,none,0.000000,1,5.280000,1.897788,1.000000,9.000000,6.120000,2.371835,49.000000,0.000000,50,0,57.251294
100001323,100001323,0,rejected,assert_connectivity,60.000000,1,6.480000,3.477010,1.000000,13.000000,8.360000,4.502266,43.360000,10.449421,0,0,60.775280
100001308,100001308,0,accepted,none,0.000000,1,5.640000,2.123770,1.000000,10.000000,6.760000,2.832384,49.000000,0.000000,50,0,65.187282
100001326,100001326,0,rejected,assert_connectivity,60.000000,1,7.560000,4.322777,0.000000,18.000000,11.080000,5.737038,43.280000,10.766689,0,0,65.692000
100001327,100001327,0,rejected,assert_connectivity,60.000000,1,6.040000,2.925474,1.000000,12.000000,7.440000,3.677825,45.160000,9.014122,0,0,62.395467
100001328,100001328,0,rejected,assert_connectivity,60.000000,1,6.960000,3.979749,0.000000,15.000000,9.600000,4.812484,47.040000,6.720000,0,0,62.999459
100001329,100001329,0,rejected,too_close,60.000000,1,5.240000,2.159259,1.000000,8.000000,7.160000,3.956564,49.000000,0.000000,50,1,65.950444
100001316,100001316,0,accepted,none,0.000000,1,6.400000,2.905168,1.000000,12.000000,8.840000,3.895433,49.000000,0.000000,50,0,68.141857
100001322,100001322,0,accepted,none,0.000000,1,6.520000,2.765791,1.000000,12.000000,8.560000,3.341616,49.000000,0.000000,50,0,56.094138
100001325,100001325,0,accepted,none,0.000000,1,6.040000,2.162961,1.000000,11.000000,7.320000,3.563369,49.000000,0.000000,50,0,67.545822
100001333,100001333,0,rejected,too_close,60.000000,1,6.400000,2.553429,1.000000,13.000000,7.800000,3.616628,49.000000,0.000000,50,0,69.606610
100001324,100001324,0,accepted,none,0.000000,1,5.840000,1.847810,2.000000,10.000000,8.080000,2.583331,49.000000,0.000000,50,0,69.123785
100001321,100001321,0,accepted,none,0.000000,1,7.440000,4.276260,1.000000,18.000000,10.800000,5.447935,49.000000,0.000000,50,0,65.446535
100001334,100001334,0,rejected,assert_connectivity,60.000000,1,6.920000,2.904066,0.000000,13.000000,9.400000,4.039802,47.040000,6.720000,0,0,70.830683
100001335,100001335,0,rejected,assert_connectivity,60.000000,1,5.920000,2.598769,0.000000,13.000000,8.040000,4.242452,47.040000,6.720000,0,0,72.366128
100001337,100001337,0,rejected,assert_connectivity,60.000000,1,6.720000,3.053130,2.000000,14.000000,9.160000,4.932991,40.000000,12.000000,0,1,61.081178
100001338,100001338,0,rejected,assert_connectivity,60.000000,1,6.040000,2.576509,0.000000,10.000000,8.160000,4.001800,45.120000,9.210081,0,0,66.864180
100001341,100001341,0,rejected,assert_connectivity,60.000000,1,5.440000,2.164809,2.000000,13.000000,5.240000,1.965299,20.160000,8.102740,0,0,67.641839
100001330,100001330,0,accepted,none,0.000000,1,6.080000,2.869425,2.000000,12.000000,8.320000,4.216349,49.000000,0.000000,50,0,51.594489
100001331,100001331,0,accepted,none,0.000000,1,6.680000,3.183960,1.000000,14.000000,7.960000,3.280000,49.000000,0.000000,50,0,53.323230
100001342,100001342,0,rejected,assert_connectivity,60.000000,1,5.760000,2.557812,0.000000,11.000000,7.000000,3.280244,47.040000,6.720000,0,0,66.658782
100001343,100001343,0,rejected,assert_connectivity,60.000000,1,6.880000,4.250365,1.000000,15.000000,6.000000,3.340659,38.120000,13.219138,0,0,57.871994
100001332,100001332,0,accepted,none,0.000000,1,5.960000,2.078076,2.000000,10.000000,5.480000,2.515870,49.000000,0.000000,50,0,54.721183
100001344,100001344,0,rejected,assert_connectivity,60.000000,1,7.080000,3.526131,0.000000,15.000000,8.720000,4.161923,47.040000,6.720000,0,0,69.304839
100001345,100001345,0,rejected,assert_connectivity,60.000000,1,6.600000,2.630589,2.000000,11.000000,8.920000,4.607993,43.360000,10.449421,0,0,66.371553
100001348,100001348,0,rejected,assert_connectivity,60.000000,1,6.360000,2.504077,0.000000,13.000000,7.160000,4.239623,47.040000,6.720000,0,1,58.084701
100001350,100001350,0,rejected,assert_connectivity,60.000000,1,5.360000,2.076150,1.000000,10.000000,6.880000,3.140955,45.160000,9.014122,0,0,63.483242
100001336,100001336,0,accepted,none,0.000000,1,5.640000,1.936595,2.000000,10.000000,6.480000,2.467711,49.000000,0.000000,50,0,64.680234
100001351,100001351,0,rejected,assert_connectivity,60.000000,1,5.760000,2.518412,0.000000,11.000000,5.840000,3.055225,43.280000,10.766689,0,0,61.263164
100001352,100001352,0,rejected,too_close,60.000000,1,5.600000,1.907878,1.000000,9.000000,7.680000,3.146045,49.000000,0.000000,50,0,71.366548
100001339,100001339,0,accepted,none,0.000000,1,6.520000,3.074020,1.000000,13.000000,8.680000,4.130085,49.000000,0.000000,50,0,57.047081
100001353,100001353,0,rejected,assert_connectivity,60.000000,1,5.960000,2.576509,0.000000,10.000000,6.360000,3.278780,43.280000,10.766689,0,0,62.123243
100001354,100001354,0,rejected,assert_connectivity,60.000000,1,5.880000,2.312055,0.000000,10.000000,5.680000,2.633932,45.120000,9.210081,0,0,55.963686
100001356,100001356,0,rejected,assert_connectivity,60.000000,1,5.400000,2.200000,0.000000,11.000000,7.760000,3.535873,45.120000,9.210081,0,1,81.032861
100001355,100001355,0,rejected,assert_connectivity,60.000000,1,6.600000,4.059557,1.000000,15.000000,8.760000,4.739451,45.160000,9.014122,0,0,70.828284
100001340,100001340,0,accepted,none,0.000000,1,6.360000,2.889706,1.000000,13.000000,7.800000,3.435113,49.000000,0.000000,50,0,65.627665
100001357,100001357,0,rejected,assert_connectivity,60.000000,1,6.200000,2.764055,0.000000,13.000000,9.080000,4.462466,47.040000,6.720000,0,0,66.979305
100001360,100001360,0,rejected,assert_connectivity,60.000000,1,5.400000,2.638181,0.000000,10.000000,8.160000,4.691951,47.040000,6.720000,0,0,66.558016
100001347,100001347,0,accepted,none,0.000000,1,6.200000,1.754993,3.000000,11.000000,7.560000,3.293387,49.000000,0.000000,50,0,56.303466
100001361,100001361,0,rejected,assert_connectivity,60.000000,1,5.920000,3.451608,1.000000,14.000000,5.480000,3.305995,22.120000,4.311102,0,0,64.601542
100001346,100001346,0,accepted,none,0.000000,1,6.000000,2.227106,2.000000,9.000000,8.760000,3.271452,49.000000,0.000000,50,0,74.195004
100001364,100001364,0,rejected,too_close,60.000000,1,6.040000,2.513643,2.000000,11.000000,7.720000,3.731166,49.000000,0.000000,50,1,74.770017
100001365,100001365,0,rejected,assert_connectivity,60.000000,1,5.800000,2.306513,1.000000,10.000000,7.320000,3.823297,35.560000,12.464606,0,0,66.145518
100001349,100001349,0,accepted,none,0.000000,1,7.240000,3.253060,1.000000,16.000000,8.920000,4.232446,49.000000,0.000000,50,0,62.229675
100001366,100001366,0,rejected,too_close,60.000000,1,6.560000,2.593530,1.000000,12.000000,8.240000,4.174015,49.000000,0.000000,50,0,66.845778
100001369,100001369,0,rejected,assert_connectivity,60.000000,1,6.680000,3.177672,0.000000,14.000000,6.480000,3.453925,23.040000,3.328423,0,1,51.300122
100001368,100001368,0,rejected,assert_connectivity,60.000000,1,6.400000,3.394113,1.000000,13.000000,8.560000,4.783973,43.360000,10.449421,0,0,66.387750
100001370,100001370,0,rejected,assert_connectivity,60.000000,1,5.960000,2.019505,1.000000,11.000000,5.320000,2.485478,25.440000,5.824637,0,0,51.696232
100001371,100001371,0,rejected,assert_connectivity,60.000000,1,6.760000,2.888321,1.000000,12.000000,6.560000,3.311556,41.640000,11.394314,0,0,65.124898
100001372,100001372,0,rejected,assert_connectivity,60.000000,1,6.280000,2.646054,0.000000,11.000000,6.920000,3.463178,47.040000,6.720000,0,0,64.719146
100001358,100001358,0,accepted,none,0.000000,1,5.800000,1.886796,1.000000,9.000000,6.720000,2.553742,49.000000,0.000000,50,0,61.558530
100001373,100001373,0,rejected,assert_connectivity,60.000000,1,5.960000,2.226747,1.000000,11.000000,7.800000,3.878144,40.000000,12.000000,0,0,60.319530
100001359,100001359,0,accepted,none,0.000000,1,5.840000,1.653602,2.000000,9.000000,8.120000,3.235058,49.000000,0.000000,50,0,60.580974
100001374,100001374,0,rejected,assert_connectivity,60.000000,1,5.120000,1.840000,2.000000,9.000000,5.000000,2.584570,38.440000,12.348538,0,0,64.888479
100001363,100001363,0,accepted,none,0.000000,1,5.720000,1.939484,2.000000,10.000000,6.120000,3.160000,49.000000,0.000000,50,0,67.755826
100001377,100001377,0,rejected,assert_connectivity,60.000000,1,6.240000,3.420877,0.000000,12.000000,6.320000,4.411077,36.280000,14.180324,0,1,59.010607
100001378,100001378,0,rejected,assert_connectivity,60.000000,1,5.520000,2.531719,0.000000,11.000000,8.320000,3.977135,47.040000,6.720000,0,0,78.041373
100001379,100001379,0,rejected,assert_connectivity,60.000000,1,6.160000,3.437208,0.000000,14.000000,8.800000,5.165269,47.040000,6.720000,0,0,64.412614
100001381,100001381,0,rejected,too_close,60.000000,1,5.840000,2.175868,1.000000,12.000000,8.640000,3.497199,49.000000,0.000000,50,1,62.940494
100001362,100001362,0,accepted,none,0.000000,1,6.960000,2.607374,2.000000,11.000000,8.720000,3.274385,49.000000,0.000000,50,0,63.199565
100001367,100001367,0,accepted,none,0.000000,1,6.440000,2.325167,1.000000,13.000000,7.800000,3.340659,49.000000,0.000000,50,0,62.403591
100001383,100001383,0,rejected,too_close,60.000000,1,6.120000,2.526974,1.000000,11.000000,6.000000,4.127953,49.000000,0.000000,50,1,67.970500
100001384,100001384,0,rejected,assert_connectivity,60.000000,1,6.120000,2.739635,0.000000,14.000000,7.320000,3.711819,47.040000,6.720000,0,0,59.687458
100001385,100001385,0,rejected,assert_connectivity,60.000000,1,6.000000,2.068816,1.000000,10.000000,5.880000,3.636702,36.960000,12.491533,0,0,68.181015
100001387,100001387,0,rejected,assert_connectivity,60.000000,1,5.960000,2.271211,1.000000,11.000000,6.000000,2.939388,34.240000,12.293999,0,0,61.074298
100001376,100001376,0,accepted,none,0.000000,1,5.840000,2.265921,1.000000,9.000000,6.520000,3.287796,49.000000,0.000000,50,0,65.615399
100001375,100001375,0,accepted,none,0.000000,1,6.120000,1.945662,1.000000,10.000000,7.120000,3.397882,49.000000,0.000000,50,0,64.562280
100001390,100001390,0,rejected,assert_connectivity,60.000000,1,5.840000,2.436062,0.000000,11.000000,7.160000,4.001800,41.520000,11.803796,0,0,72.733968
100001380,100001380,0,accepted,none,0.000000,1,5.960000,2.332038,2.000000,9.000000,8.520000,4.182057,49.000000,0.000000,50,0,77.595889
100001393,100001393,0,rejected,too_close,60.000000,1,6.040000,3.123844,1.000000,13.000000,7.360000,4.241509,49.000000,0.000000,50,1,60.262330
100001382,100001382,0,accepted,none,0.000000,1,7.200000,2.884441,1.000000,13.000000,8.880000,3.680435,49.000000,0.000000,50,0,56.117325
100001394,100001394,0,rejected,too_close,60.000000,1,5.840000,1.792875,2.000000,9.000000,7.080000,2.636968,49.000000,0.000000,50,1,69.174797
100001388,100001388,0,accepted,none,0.000000,1,6.520000,3.287796,1.000000,12.000000,7.240000,3.674561,49.000000,0.000000,50,0,65.314809
100001386,100001386,0,accepted,none,0.000000,1,6.480000,2.677611,2.000000,12.000000,9.320000,4.159038,49.000000,0.000000,50,0,68.584042
100001396,100001396,0,rejected,assert_connectivity,60.000000,1,6.160000,2.436062,1.000000,11.000000,6.120000,3.004264,45.160000,9.014122,0,1,62.825122
100001397,100001397,0,rejected,assert_connectivity,60.000000,1,5.320000,2.436719,2.000000,11.000000,6.960000,4.228286,38.440000,12.348538,0,0,64.540763
100001399,100001399,0,rejected,assert_connectivity,60.000000,1,5.680000,2.248911,1.000000,10.000000,5.440000,2.367784,25.000000,4.898979,0,0,59.150697
100001398,100001398,0,rejected,assert_connectivity,60.000000,1,5.680000,2.370148,0.000000,10.000000,5.280000,3.532931,43.280000,10.766689,0,0,67.924495
100001389,100001389,0,accepted,none,0.000000,1,6.800000,3.605551,2.000000,17.000000,10.040000,4.983814,49.000000,0.000000,50,0,63.253821
100001402,100001402,0,rejected,assert_connectivity,60.000000,1,7.840000,3.971700,0.000000,15.000000,10.400000,5.102940,47.040000,6.720000,0,0,60.095834
100001403,100001403,0,rejected,assert_connectivity,60.000000,1,6.160000,2.300956,0.000000,11.000000,8.560000,4.266896,47.040000,6.720000,0,0,64.463747
100001404,100001404,0,rejected,too_close,60.000000,1,6.440000,2.417933,1.000000,12.000000,8.520000,3.342095,49.000000,0.000000,50,0,65.781397
100001405,100001405,0,rejected,too_close,60.000000,1,6.840000,3.732881,1.000000,16.000000,8.960000,4.458520,49.000000,0.000000,50,0,71.218227
100001406,100001406,0,rejected,assert_connectivity,60.000000,1,5.600000,2.489980,1.000000,12.000000,7.360000,4.155767,36.960000,12.491533,0,0,63.650843
100001391,100001391,0,accepted,none,0.000000,1,6.400000,2.814249,2.000000,12.000000,9.840000,4.163460,49.000000,0.000000,50,0,62.279275
100001407,100001407,0,rejected,assert_connectivity,60.000000,1,6.040000,2.172188,1.000000,10.000000,6.760000,3.449986,41.640000,11.394314,0,0,69.537731
100001392,100001392,0,accepted,none,0.000000,1,6.880000,2.847034,1.000000,12.000000,9.080000,4.251306,49.000000,0.000000,50,0,64.561442
100001408,100001408,0,rejected,assert_connectivity,60.000000,1,6.440000,2.538976,0.000000,13.000000,6.000000,3.538361,35.280000,13.130179,0,0,70.201687
100001409,100001409,0,rejected,too_close,60.000000,1,5.640000,2.559375,2.000000,13.000000,6.640000,3.474248,49.000000,0.000000,50,1,70.237565
100001410,100001410,0,rejected,assert_connectivity,60.000000,1,5.720000,2.592605,0.000000,10.000000,7.400000,3.469870,41.520000,11.803796,0,0,58.752213
100001395,100001395,0,accepted,none,0.000000,1,6.880000,4.047913,1.000000,16.000000,9.720000,4.427369,49.000000,0.000000,50,0,64.922380
100001414,100001414,0,rejected,assert_connectivity,60.000000,1,7.000000,3.026549,1.000000,13.000000,8.520000,3.628994,45.160000,9.014122,0,0,62.796494
100001400,100001400,0,accepted,none,0.000000,1,6.040000,2.226747,1.000000,11.000000,8.040000,3.714620,49.000000,0.000000,50,0,71.365727
100001416,100001416,0,rejected,assert_connectivity,60.000000,1,5.640000,2.455687,0.000000,10.000000,6.800000,3.934463,47.040000,6.720000,0,0,65.150513
100001415,100001415,0,rejected,assert_connectivity,60.000000,1,5.920000,3.267048,0.000000,14.000000,7.400000,3.481379,45.120000,9.210081,0,0,74.445263
100001401,100001401,0,accepted,none,0.000000,1,5.760000,1.772682,2.000000,11.000000,6.240000,3.385617,49.000000,0.000000,50,0,63.482707
100001417,100001417,0,rejected,assert_connectivity,60.000000,1,6.480000,3.021523,1.000000,12.000000,8.400000,4.573839,41.480000,11.936901,0,0,55.019270
100001419,100001419,0,rejected,assert_connectivity,60.000000,1,5.200000,2.088061,1.000000,10.000000,6.840000,3.437208,45.160000,9.014122,0,0,63.759214
100001420,100001420,0,rejected,assert_connectivity,60.000000,1,5.840000,2.671030,0.000000,12.000000,8.400000,4.098780,47.040000,6.720000,0,0,68.845181
100001422,100001422,0,rejected,assert_connectivity,60.000000,1,4.680000,1.793767,1.000000,8.000000,4.120000,2.055626,24.040000,0.999200,0,0,55.313368
100001421,100001421,0,rejected,assert_connectivity,60.000000,1,6.840000,2.730275,0.000000,12.000000,10.040000,4.049494,43.280000,10.766689,0,1,70.484336
100001423,100001423,0,rejected,assert_connectivity,60.000000,1,5.640000,2.278245,1.000000,11.000000,6.120000,2.957296,33.000000,12.000000,0,0,54.430723
100001424,100001424,0,rejected,too_close,60.000000,1,6.640000,2.287007,2.000000,11.000000,7.960000,4.151915,49.000000,0.000000,50,1,66.500201
100001425,100001425,0,rejected,too_close,60.000000,1,6.680000,2.231054,2.000000,12.000000,9.040000,4.280000,49.000000,0.000000,50,0,63.252871
100001426,100001426,0,rejected,too_close,60.000000,1,6.120000,2.861049,1.000000,13.000000,9.120000,3.927544,49.000000,0.000000,50,0,71.940212
100001413,100001413,0,accepted,none,0.000000,1,5.320000,1.933287,1.000000,9.000000,5.840000,3.151888,49.000000,0.000000,50,0,62.457090
100001427,100001427,0,rejected,assert_connectivity,60.000000,1,5.760000,2.371160,1.000000,11.000000,6.680000,3.460867,35.560000,12.464606,0,0,67.939680
100001412,100001412,0,accepted,none,0.000000,1,6.120000,2.874996,2.000000,11.000000,7.960000,4.564910,49.000000,0.000000,50,0,69.037278
100001431,100001431,0,rejected,too_close,60.000000,1,5.680000,2.403664,2.000000,13.000000,7.200000,3.768289,49.000000,0.000000,50,1,77.062682
100001411,100001411,0,accepted,none,0.000000,1,7.040000,3.078701,1.000000,13.000000,8.840000,4.683418,49.000000,0.000000,50,0,64.552715
100001433,100001433,0,rejected,too_close,60.000000,1,5.800000,2.039608,2.000000,10.000000,6.800000,2.856571,49.000000,0.000000,50,0,69.084763
100001418,100001418,0,accepted,none,0.000000,1,5.040000,1.660843,2.000000,10.000000,6.600000,2.764055,49.000000,0.000000,50,0,70.245612
100001436,100001436,0,rejected,assert_connectivity,60.000000,1,6.040000,2.828144,1.000000,11.000000,7.480000,3.976129,43.360000,10.449421,0,0,59.081281
100001428,100001428,0,accepted,none,0.000000,1,5.440000,1.698941,3.000000,9.000000,6.800000,3.206244,49.000000,0.000000,50,0,63.205701
100001429,100001429,0,accepted,none,0.000000,1,5.280000,2.466090,2.000000,12.000000,7.160000,3.926118,49.000000,0.000000,50,0,62.477183
100001430,100001430,0,accepted,none,0.000000,1,6.520000,2.722058,2.000000,13.000000,8.520000,2.342990,49.000000,0.000000,50,0,62.634701
100001438,100001438,0,rejected,assert_connectivity,60.000000,1,5.920000,2.897171,1.000000,11.000000,6.920000,4.175356,39.760000,12.720943,0,1,67.276392
100001441,100001441,0,rejected,too_close,60.000000,1,5.840000,1.689497,3.000000,9.000000,6.600000,2.244994,49.000000,0.000000,50,1,61.366616
100001434,100001434,0,accepted,none,0.000000,1,5.880000,2.380252,1.000000,11.000000,9.000000,3.682391,49.000000,0.000000,50,0,66.541844
100001432,100001432,0,accepted,none,0.000000,1,7.000000,3.181195,1.000000,13.000000,10.600000,4.354308,49.000000,0.000000,50,0,64.473709
100001442,100001442,0,rejected,assert_connectivity,60.000000,1,6.840000,2.744886,1.000000,13.000000,8.240000,3.641758,45.160000,9.014122,0,0,61.458152
100001435,100001435,0,accepted,none,0.000000,1,6.360000,2.598153,1.000000,11.000000,8.200000,3.666061,49.000000,0.000000,50,0,70.147629
100001444,100001444,0,rejected,assert_connectivity,60.000000,1,6.560000,2.118112,2.000000,11.000000,6.520000,3.991190,33.000000,12.000000,0,0,58.136608
100001445,100001445,0,rejected,assert_connectivity,60.000000,1,6.120000,2.964051,1.000000,13.000000,8.560000,4.800667,45.160000,9.014122,0,0,66.798965
100001446,100001446,0,rejected,assert_connectivity,60.000000,1,6.560000,2.426190,1.000000,11.000000,6.240000,2.839437,41.640000,11.394314,0,1,61.985402
100001437,100001437,0,accepted,none,0.000000,1,5.760000,2.753616,1.000000,10.000000,7.800000,2.993326,49.000000,0.000000,50,0,66.617382
100001447,100001447,0,rejected,too_close,60.000000,1,6.520000,3.226391,2.000000,13.000000,9.360000,4.633616,49.000000,0.000000,50,0,67.855769
100001450,100001450,0,rejected,assert_connectivity,60.000000,1,6.920000,3.599111,1.000000,13.000000,7.840000,4.747041,45.160000,9.014122,0,0,55.861386
100001439,100001439,0,accepted,none,0.000000,1,5.720000,2.490301,1.000000,11.000000,6.280000,3.394348,49.000000,0.000000,50,0,68.960691
100001453,100001453,0,rejected,assert_connectivity,60.000000,1,5.800000,2.227106,2.000000,11.000000,6.000000,3.346640,33.000000,12.000000,0,1,60.735400
100001440,100001440,0,accepted,none,0.000000,1,5.840000,2.003597,2.000000,9.000000,5.600000,2.675818,49.000000,0.000000,50,0,62.055874
100001454,100001454,0,rejected,too_close,60.000000,1,6.080000,2.216664,1.000000,11.000000,7.280000,3.370697,49.000000,0.000000,50,1,59.373977
100001443,100001443,0,accepted,none,0.000000,1,5.800000,2.227106,1.000000,9.000000,7.120000,3.153665,49.000000,0.000000,50,0,64.718331
100001456,100001456,0,rejected,assert_connectivity,60.000000,1,5.880000,2.868031,0.000000,12.000000,7.160000,3.460405,31.440000,12.411543,0,0,71.266550
100001449,100001449,0,accepted,none,0.000000,1,5.960000,2.925474,1.000000,12.000000,8.400000,4.176123,49.000000,0.000000,50,0,60.040786
100001452,100001452,0,accepted,none,0.000000,1,6.560000,2.376215,2.000000,11.000000,7.000000,3.709447,49.000000,0.000000,50,0,59.252264
100001451,100001451,0,accepted,none,0.000000,1,6.680000,2.982885,1.000000,12.000000,8.080000,3.708585,49.000000,0.000000,50,0,66.939034
100001459,100001459,0,rejected,assert_connectivity,60.000000,1,5.680000,3.165059,1.000000,14.000000,5.880000,3.680435,32.000000,14.000000,0,0,69.618166
100001448,100001448,0,accepted,none,0.000000,1,6.840000,3.466179,2.000000,15.000000,8.640000,4.881639,49.000000,0.000000,50,0,67.476598
100001460,100001460,0,rejected,assert_connectivity,60.000000,1,6.240000,2.573402,0.000000,11.000000,8.080000,4.655491,43.280000,10.766689,0,1,63.717173
100001461,100001461,0,rejected,assert_connectivity,60.000000,1,6.840000,3.145537,0.000000,14.000000,7.360000,3.386798,47.040000,6.720000,0,0,66.559123
100001462,100001462,0,rejected,assert_connectivity,60.000000,1,6.520000,2.729396,0.000000,11.000000,8.440000,3.935276,47.040000,6.720000,0,0,65.052951
100001463,100001463,0,rejected,too_close,60.000000,1,6.720000,2.835771,2.000000,12.000000,8.800000,3.929377,49.000000,0.000000,50,0,66.152455
100001464,100001464,0,rejected,assert_connectivity,60.000000,1,6.000000,2.465766,1.000000,10.000000,6.400000,4.084116,45.160000,9.014122,0,0,71.428340
100001455,100001455,0,accepted,none,0.000000,1,5.520000,2.032142,1.000000,9.000000,7.280000,3.810722,49.000000,0.000000,50,0,64.343473
100001465,100001465,0,rejected,assert_connectivity,60.000000,1,6.680000,3.361190,0.000000,16.000000,10.200000,5.685068,39.720000,12.843738,0,0,67.882038
100001466,100001466,0,rejected,assert_connectivity,60.000000,1,6.800000,2.905168,0.000000,14.000000,6.440000,2.677013,47.040000,6.720000,0,0,64.850873
100001468,100001468,0,rejected,assert_connectivity,60.000000,1,5.680000,2.386965,1.000000,10.000000,6.320000,2.752744,45.160000,9.014122,0,0,63.264937
100001467,100001467,0,rejected,assert_connectivity,60.000000,1,7.600000,3.709447,1.000000,16.000000,10.080000,4.676922,45.160000,9.014122,0,0,62.697143
100001470,100001470,0,rejected,assert_connectivity,60.000000,1,6.040000,2.877221,0.000000,14.000000,6.760000,3.089078,23.120000,3.620166,0,0,65.547045
100001469,100001469,0,rejected,assert_connectivity,60.000000,1,5.160000,2.023462,1.000000,9.000000,7.360000,3.851026,45.160000,9.014122,0,0,73.079632
100001471,100001471,0,rejected,assert_connectivity,60.000000,1,8.160000,3.419708,0.000000,14.000000,8.640000,4.260329,45.120000,9.210081,0,1,61.991849
100001473,100001473,0,rejected,assert_connectivity,60.000000,1,5.680000,2.395329,1.000000,10.000000,6.760000,4.012780,36.560000,13.492457,0,0,51.722661
100001472,100001472,0,rejected,assert_connectivity,60.000000,1,5.120000,1.784825,0.000000,9.000000,6.520000,2.451449,47.040000,6.720000,0,0,70.661339
100001477,100001477,0,rejected,assert_connectivity,60.000000,1,6.360000,2.543698,3.000000,12.000000,6.920000,4.358165,30.760000,11.104161,0,0,61.659884
100001457,100001457,0,accepted,none,0.000000,1,6.120000,2.196725,1.000000,12.000000,8.360000,3.103289,49.000000,0.000000,50,0,67.988909
100001478,100001478,0,rejected,assert_connectivity,60.000000,1,6.880000,2.936937,1.000000,12.000000,8.520000,4.618398,41.640000,11.394314,0,0,65.094465
100001479,100001479,0,rejected,assert_connectivity,60.000000,1,6.480000,2.507907,1.000000,11.000000,7.600000,4.354308,45.160000,9.014122,0,0,67.293230
100001480,100001480,0,rejected,assert_connectivity,60.000000,1,6.640000,2.651490,1.000000,12.000000,6.120000,2.658120,28.840000,9.877976,0,0,62.481318
100001481,100001481,0,rejected,assert_connectivity,60.000000,1,5.720000,2.059515,1.000000,10.000000,4.800000,2.849561,35.560000,12.464606,0,0,56.429041
100001458,100001458,0,accepted,none,0.000000,1,7.320000,4.159038,1.000000,17.000000,8.200000,4.476606,49.000000,0.000000,50,0,56.308128
100001482,100001482,0,rejected,assert_connectivity,60.000000,1,6.200000,2.600000,1.000000,11.000000,6.440000,3.811351,41.640000,11.394314,0,0,63.840606
100001485,100001485,0,rejected,assert_connectivity,60.000000,1,7.160000,3.981758,1.000000,15.000000,6.840000,4.192183,33.000000,12.000000,0,0,53.148340
100001486,100001486,0,rejected,assert_connectivity,60.000000,1,5.840000,2.579612,1.000000,11.000000,7.760000,4.212173,45.160000,9.014122,0,0,68.555783
100001488,100001488,0,rejected,too_close,60.000000,1,5.720000,2.163701,1.000000,10.000000,7.080000,3.724728,49.000000,0.000000,50,0,62.224088
100001474,100001474,0,accepted,none,0.000000,1,6.240000,2.746343,1.000000,11.000000,4.080000,3.135857,49.000000,0.000000,50,0,62.733980
100001476,100001476,0,accepted,none,0.000000,1,4.960000,1.624315,1.000000,9.000000,5.200000,2.144761,49.000000,0.000000,50,0,72.096248
100001475,100001475,0,accepted,none,0.000000,1,6.680000,2.034109,3.000000,12.000000,7.600000,3.174902,49.000000,0.000000,50,0,57.929258
100001490,100001490,0,rejected,assert_connectivity,60.000000,1,6.440000,2.850684,0.000000,12.000000,7.760000,4.343086,45.120000,9.210081,0,1,62.268551
100001491,100001491,0,rejected,assert_connectivity,60.000000,1,6.040000,2.856291,0.000000,11.000000,8.320000,4.627915,43.280000,10.766689,0,0,63.849338
100001492,100001492,0,rejected,too_close,60.000000,1,6.320000,2.656614,2.000000,12.000000,6.240000,2.267686,49.000000,0.000000,50,1,56.816748
100001493,100001493,0,rejected,assert_connectivity,60.000000,1,7.640000,4.008790,1.000000,17.000000,10.680000,6.028068,45.160000,9.014122,0,0,58.658232
100001494,100001494,0,rejected,assert_connectivity,60.000000,1,6.880000,3.819110,1.000000,14.000000,5.840000,2.730275,17.960000,4.870154,0,0,59.569948
100001495,100001495,0,rejected,assert_connectivity,60.000000,1,6.240000,2.445895,0.000000,11.000000,8.640000,3.659290,47.040000,6.720000,0,0,68.425681
100001497,100001497,0,rejected,assert_connectivity,60.000000,1,5.800000,2.785678,1.000000,12.000000,6.560000,3.863470,32.160000,13.704539,0,0,65.604172
100001484,100001484,0,accepted,none,0.000000,1,5.320000,2.034109,1.000000,10.000000,7.120000,2.990920,49.000000,0.000000,50,0,70.289642
100001483,100001483,0,accepted,none,0.000000,1,6.760000,2.929573,2.000000,12.000000,8.560000,4.248105,49.000000,0.000000,50,0,59.656067
100001499,100001499,0,rejected,assert_connectivity,60.000000,1,5.840000,2.795425,0.000000,11.000000,7.920000,3.457398,47.040000,6.720000,0,1,69.423965
100001487,100001487,0,accepted,none,0.000000,1,5.520000,1.941546,1.000000,8.000000,5.440000,2.743429,49.000000,0.000000,50,0,62.979873
100001500,100001500,0,rejected,assert_connectivity,60.000000,1,6.640000,3.309139,0.000000,12.000000,8.600000,5.106858,43.240000,10.924395,0,0,66.791091
100001501,100001501,0,rejected,assert_connectivity,60.000000,1,6.560000,3.020993,1.000000,14.000000,9.280000,5.333067,41.640000,11.394314,0,0,69.102383
100001502,100001502,0,rejected,assert_connectivity,60.000000,1,5.560000,2.060679,1.000000,9.000000,5.560000,2.237499,24.000000,0.000000,0,0,60.955685
100001503,100001503,0,rejected,assert_connectivity,60.000000,1,5.320000,1.984339,0.000000,9.000000,5.800000,3.249615,47.040000,6.720000,0,0,67.058732
100001504,100001504,0,rejected,assert_connectivity,60.000000,1,6.440000,2.822481,0.000000,13.000000,10.120000,5.179344,47.040000,6.720000,0,0,57.928787
100001506,100001506,0,rejected,too_close,60.000000,1,6.600000,2.807134,1.000000,12.000000,8.240000,2.362710,49.000000,0.000000,50,1,58.019157
100001489,100001489,0,accepted,none,0.000000,1,4.640000,2.133167,1.000000,9.000000,6.120000,2.832949,49.000000,0.000000,50,0,66.749779
100001496,100001496,0,accepted,none,0.000000,1,7.040000,2.652998,1.000000,11.000000,8.240000,3.658196,49.000000,0.000000,50,0,67.330384
100001498,100001498,0,accepted,none,0.000000,1,5.840000,2.516823,2.000000,12.000000,7.960000,3.632960,49.000000,0.000000,50,0,68.336449
100001505,100001505,0,accepted,none,0.000000,1,4.800000,1.979899,1.000000,9.000000,4.720000,2.425201,49.000000,0.000000,50,0,63.391326
100001512,100001512,0,rejected,assert_connectivity,60.000000,1,6.480000,2.601845,0.000000,12.000000,8.720000,3.622375,47.040000,6.720000,0,1,64.168228
100001509,100001509,0,accepted,none,0.000000,1,5.080000,1.885099,1.000000,9.000000,5.720000,3.924487,49.000000,0.000000,50,0,69.815339
100001514,100001514,0,rejected,assert_connectivity,60.000000,1,6.800000,2.849561,0.000000,13.000000,7.960000,4.812318,45.120000,9.210081,0,0,68.395428
100001508,100001508,0,accepted,none,0.000000,1,6.200000,2.000000,3.000000,12.000000,7.480000,3.811771,49.000000,0.000000,50,0,62.371371
100001507,100001507,0,accepted,none,0.000000,1,6.520000,2.961351,1.000000,14.000000,8.560000,4.355043,49.000000,0.000000,50,0,63.819284
100001515,100001515,0,rejected,assert_connectivity,60.000000,1,5.080000,2.096092,0.000000,10.000000,5.760000,2.510458,36.720000,13.102733,0,0,64.916731
100001510,100001510,0,accepted,none,0.000000,1,5.240000,2.232129,1.000000,11.000000,7.880000,3.314453,49.000000,0.000000,50,0,68.937955
100001516,100001516,0,rejected,assert_connectivity,60.000000,1,6.200000,2.332381,1.000000,10.000000,5.600000,3.072458,45.160000,9.014122,0,0,60.169809
100001517,100001517,0,rejected,assert_connectivity,60.000000,1,5.040000,2.009577,1.000000,9.000000,5.080000,2.591062,36.960000,12.491533,0,0,62.188593
100001519,100001519,0,rejected,assert_connectivity,60.000000,1,5.680000,2.795997,0.000000,11.000000,5.040000,3.621933,47.040000,6.720000,0,0,63.547124
100001520,100001520,0,rejected,assert_connectivity,60.000000,1,5.840000,2.524757,0.000000,11.000000,6.560000,3.847909,45.120000,9.210081,0,0,66.815046
100001522,100001522,0,rejected,assert_connectivity,60.000000,1,5.960000,3.149349,0.000000,12.000000,6.720000,4.185881,47.040000,6.720000,0,0,61.725210
100001523,100001523,0,rejected,assert_connectivity,60.000000,1,7.360000,3.398588,1.000000,15.000000,8.760000,5.504762,40.000000,12.000000,0,1,58.682548
100001524,100001524,0,rejected,assert_connectivity,60.000000,1,5.640000,3.122563,0.000000,14.000000,7.200000,4.582576,41.520000,11.803796,0,0,54.547488
100001526,100001526,0,rejected,assert_connectivity,60.000000,1,5.480000,2.393658,0.000000,10.000000,6.960000,3.599778,47.040000,6.720000,0,0,70.750707
100001511,100001511,0,accepted,none,0.000000,1,6.840000,2.556247,1.000000,12.000000,9.000000,4.331282,49.000000,0.000000,50,0,60.593955
100001528,100001528,0,rejected,too_close,60.000000,1,6.720000,2.615645,1.000000,13.000000,7.800000,2.668333,49.000000,0.000000,50,1,65.024846
100001513,100001513,0,accepted,none,0.000000,1,6.640000,2.582712,2.000000,14.000000,7.080000,3.984169,49.000000,0.000000,50,0,58.036711
100001530,100001530,0,rejected,assert_connectivity,60.000000,1,7.040000,2.952694,0.000000,13.000000,9.400000,4.123106,47.040000,6.720000,0,1,65.592842
100001531,100001531,0,rejected,assert_connectivity,60.000000,1,6.320000,2.866636,0.000000,13.000000,7.480000,3.683694,43.280000,10.766689,0,0,60.032959
100001532,100001532,0,rejected,assert_connectivity,60.000000,1,6.240000,2.241071,0.000000,10.000000,8.160000,4.618918,47.040000,6.720000,0,0,60.471601
100001518,100001518,0,accepted,none,0.000000,1,6.240000,2.672527,1.000000,11.000000,7.920000,3.767439,49.000000,0.000000,50,0,67.800715
100001521,100001521,0,accepted,none,0.000000,1,5.840000,2.564059,1.000000,12.000000,8.040000,3.862434,49.000000,0.000000,50,0,67.013374
100001535,100001535,0,rejected,assert_connectivity,60.000000,1,5.840000,2.309632,1.000000,10.000000,5.760000,3.674561,34.240000,12.293999,0,0,72.239847
100001536,100001536,0,rejected,assert_connectivity,60.000000,1,6.080000,3.599111,0.000000,13.000000,8.360000,4.769738,43.280000,10.766689,0,1,62.070864
100001525,100001525,0,accepted,none,0.000000,1,6.480000,2.563123,2.000000,12.000000,8.360000,3.973714,49.000000,0.000000,50,0,66.435316
100001537,100001537,0,rejected,assert_connectivity,60.000000,1,6.320000,3.331306,0.000000,14.000000,8.400000,4.029888,47.040000,6.720000,0,0,70.141745
100001527,100001527,0,accepted,none,0.000000,1,5.320000,1.748599,1.000000,9.000000,6.880000,3.010913,49.000000,0.000000,50,0,74.796864
100001538,100001538,0,rejected,too_close,60.000000,1,5.400000,2.340940,1.000000,11.000000,6.400000,3.162278,49.000000,0.000000,50,0,67.246246
100001539,100001539,0,rejected,assert_connectivity,60.000000,1,7.240000,3.524543,0.000000,12.000000,8.440000,3.980754,47.040000,6.720000,0,0,59.352747
100001540,100001540,0,rejected,too_close,60.000000,1,6.080000,2.472570,2.000000,12.000000,8.200000,3.492850,49.000000,0.000000,50,1,52.143093
100001541,100001541,0,rejected,assert_connectivity,60.000000,1,5.320000,2.092271,2.000000,10.000000,6.680000,3.972103,36.960000,12.491533,0,0,57.441048
100001543,100001543,0,rejected,assert_connectivity,60.000000,1,5.960000,2.226747,2.000000,12.000000,6.000000,3.181195,36.960000,12.491533,0,0,61.714806
100001542,100001542,0,rejected,assert_connectivity,60.000000,1,5.920000,2.464467,1.000000,11.000000,6.520000,3.879381,40.000000,12.000000,0,0,66.865001
100001529,100001529,0,accepted,none,0.000000,1,6.360000,2.251755,1.000000,11.000000,8.960000,4.280000,49.000000,0.000000,50,0,59.644601
100001544,100001544,0,rejected,assert_connectivity,60.000000,1,6.440000,3.365472,0.000000,13.000000,7.840000,4.433328,47.040000,6.720000,0,1,65.664022
100001545,100001545,0,rejected,assert_connectivity,60.000000,1,6.720000,3.873190,1.000000,15.000000,7.320000,4.627915,38.440000,12.348538,0,0,54.175240
100001548,100001548,0,rejected,assert_connectivity,60.000000,1,6.880000,2.861049,3.000000,14.000000,8.040000,4.344928,36.960000,12.491533,0,0,59.306245
100001550,100001550,0,rejected,too_close,60.000000,1,7.160000,2.693399,2.000000,12.000000,7.640000,3.686516,49.000000,0.000000,50,0,61.406606
100001551,100001551,0,rejected,assert_connectivity,60.000000,1,6.160000,2.129413,1.000000,11.000000,6.800000,2.932576,43.360000,10.449421,0,1,50.946739
100001533,100001533,0,accepted,none,0.000000,1,7.000000,3.622154,1.000000,14.000000,6.240000,3.776559,49.000000,0.000000,50,0,59.438329
100001552,100001552,0,rejected,too_close,60.000000,1,5.760000,2.362710,1.000000,11.000000,7.240000,3.619724,49.000000,0.000000,50,1,66.287184
100001534,100001534,0,accepted,none,0.000000,1,6.320000,2.738175,2.000000,12.000000,7.040000,3.649438,49.000000,0.000000,50,0,63.515298
100001554,100001554,0,rejected,too_close,60.000000,1,6.360000,2.251755,1.000000,12.000000,9.040000,4.256571,49.000000,0.000000,50,1,66.694305
100001555,100001555,0,rejected,assert_connectivity,60.000000,1,6.440000,3.112298,0.000000,12.000000,7.560000,3.863470,47.040000,6.720000,0,0,61.690916
100001556,100001556,0,rejected,too_close,60.000000,1,6.760000,2.502479,1.000000,13.000000,9.800000,4.252058,49.000000,0.000000,50,0,65.892049
100001557,100001557,0,rejected,too_close,60.000000,1,7.000000,3.026549,1.000000,12.000000,9.040000,4.321851,49.000000,0.000000,50,1,60.207127
100001560,100001560,0,rejected,assert_connectivity,60.000000,1,5.880000,2.589517,1.000000,12.000000,5.760000,3.591991,36.960000,12.491533,0,0,60.599300
100001547,100001547,0,accepted,none,0.000000,1,5.760000,2.404662,1.000000,12.000000,6.280000,2.764344,49.000000,0.000000,50,0,64.678938
100001561,100001561,0,rejected,too_close,60.000000,1,5.960000,2.181376,2.000000,12.000000,7.080000,2.431789,49.000000,0.000000,50,0,70.574950
100001546,100001546,0,accepted,none,0.000000,1,5.920000,2.544327,1.000000,12.000000,8.240000,3.547168,49.000000,0.000000,50,0,71.775766
100001563,100001563,0,rejected,assert_connectivity,60.000000,1,5.920000,3.148587,0.000000,12.000000,5.480000,4.099951,26.160000,14.199099,0,0,58.759946
100001564,100001564,0,rejected,assert_connectivity,60.000000,1,5.280000,2.545899,1.000000,11.000000,5.720000,3.376626,34.240000,12.293999,0,0,68.456794
100001549,100001549,0,accepted,none,0.000000,1,6.320000,2.693993,1.000000,11.000000,8.720000,4.157114,49.000000,0.000000,50,0,63.772837
100001553,100001553,0,accepted,none,0.000000,1,5.720000,1.855155,2.000000,9.000000,7.800000,3.633180,49.000000,0.000000,50,0,66.221880
100001559,100001559,0,accepted,none,0.000000,1,4.720000,1.587955,1.000000,9.000000,5.320000,2.411970,49.000000,0.000000,50,0,63.105414
100001569,100001569,0,rejected,assert_connectivity,60.000000,1,5.640000,2.047047,0.000000,9.000000,7.640000,3.398588,47.040000,6.720000,0,0,70.943507
100001558,100001558,0,accepted,none,0.000000,1,5.760000,2.445895,1.000000,10.000000,6.480000,3.488495,49.000000,0.000000,50,0,66.421055
100001570,100001570,0,rejected,too_close,60.000000,1,6.160000,2.759420,1.000000,12.000000,7.720000,4.312957,49.000000,0.000000,50,0,62.727300
100001571,100001571,0,rejected,assert_connectivity,60.000000,1,5.920000,1.916664,0.000000,9.000000,5.520000,2.872212,47.040000,6.720000,0,0,71.909804
100001562,100001562,0,accepted,none,0.000000,1,6.800000,3.136877,1.000000,13.000000,8.720000,3.510214,49.000000,0.000000,50,0,75.238497
100001566,100001566,0,accepted,none,0.000000,1,5.680000,2.477418,1.000000,12.000000,8.120000,4.121359,49.000000,0.000000,50,0,55.886650
100001574,100001574,0,rejected,assert_connectivity,60.000000,1,6.520000,2.830124,0.000000,12.000000,8.680000,4.370080,43.280000,10.766689,0,0,68.382639
100001568,100001568,0,accepted,none,0.000000,1,6.000000,2.000000,2.000000,10.000000,6.800000,2.952965,49.000000,0.000000,50,0,54.522724
100001565,100001565,0,accepted,none,0.000000,1,6.280000,2.764344,3.000000,12.000000,8.680000,4.071560,49.000000,0.000000,50,0,66.395915
100001576,100001576,0,rejected,assert_connectivity,60.000000,1,7.240000,2.929573,2.000000,13.000000,6.920000,3.357618,40.000000,12.000000,0,1,50.762531
100001578,100001578,0,rejected,assert_connectivity,60.000000,1,6.000000,3.532704,1.000000,14.000000,7.440000,4.903713,34.720000,14.390330,0,0,62.047613
100001567,100001567,0,accepted,none,0.000000,1,6.800000,3.149603,1.000000,14.000000,10.080000,5.082676,49.000000,0.000000,50,0,65.519453
100001573,100001573,0,accepted,none,0.000000,1,6.240000,2.867473,1.000000,12.000000,6.600000,3.709447,49.000000,0.000000,50,0,70.546933
100001572,100001572,0,accepted,none,0.000000,1,5.720000,2.191255,1.000000,9.000000,7.200000,2.828427,49.000000,0.000000,50,0,66.959563
100001582,100001582,0,rejected,assert_connectivity,60.000000,1,7.400000,3.638681,0.000000,15.000000,8.440000,5.138716,47.040000,6.720000,0,0,64.414876
100001583,100001583,0,rejected,assert_connectivity,60.000000,1,6.240000,3.140446,2.000000,13.000000,8.000000,4.677606,43.360000,10.449421,0,0,62.727449
100001584,100001584,0,rejected,assert_connectivity,60.000000,1,5.800000,2.785678,1.000000,12.000000,7.600000,3.616628,45.160000,9.014122,0,0,64.348047
100001579,100001579,0,accepted,none,0.000000,1,4.720000,1.887220,1.000000,9.000000,6.520000,3.477010,49.000000,0.000000,50,0,62.495703
100001577,100001577,0,accepted,none,0.000000,1,6.440000,2.099143,2.000000,11.000000,7.640000,3.303089,49.000000,0.000000,50,0,69.602911
100001575,100001575,0,accepted,none,0.000000,1,6.840000,3.055225,1.000000,12.000000,8.800000,3.515679,49.000000,0.000000,50,0,68.256793
100001580,100001580,0,accepted,none,0.000000,1,5.880000,2.241785,2.000000,11.000000,7.320000,2.572470,49.000000,0.000000,50,0,65.891998
100001587,100001587,0,rejected,assert_connectivity,60.000000,1,5.480000,2.539606,1.000000,10.000000,6.600000,3.847077,43.360000,10.449421,0,0,68.689325
100001581,100001581,0,accepted,none,0.000000,1,5.400000,2.209072,1.000000,9.000000,5.960000,1.799556,49.000000,0.000000,50,0,67.840848
100001588,100001588,0,rejected,assert_connectivity,60.000000,1,7.960000,3.440698,0.000000,16.000000,9.440000,5.196768,47.040000,6.720000,0,0,57.427001
100001589,100001589,0,rejected,assert_connectivity,60.000000,1,5.800000,2.668333,2.000000,12.000000,7.200000,4.660472,40.000000,12.000000,0,0,66.379495
100001592,100001592,0,rejected,too_close,60.000000,1,5.720000,2.209434,1.000000,10.000000,6.360000,2.582712,49.000000,0.000000,50,1,69.010930
100001590,100001590,0,rejected,assert_connectivity,60.000000,1,7.040000,3.908759,0.000000,15.000000,9.480000,4.863085,45.120000,9.210081,0,0,74.233144
100001594,100001594,0,rejected,assert_connectivity,60.000000,1,6.480000,3.220186,1.000000,13.000000,8.680000,4.291573,41.480000,11.936901,0,0,58.549431
100001597,100001597,0,rejected,assert_connectivity,60.000000,1,6.280000,3.006925,0.000000,11.000000,7.640000,2.951339,47.040000,6.720000,0,0,63.826253
100001598,100001598,0,rejected,assert_connectivity,60.000000,1,5.720000,2.530138,1.000000,10.000000,7.120000,4.047913,45.160000,9.014122,0,0,66.857036
100001585,100001585,0,accepted,none,0.000000,1,5.160000,2.185040,1.000000,9.000000,6.440000,2.684474,49.000000,0.000000,50,0,69.101687
100001600,100001600,0,rejected,assert_connectivity,60.000000,1,5.080000,2.348106,0.000000,11.000000,5.520000,3.336106,43.280000,10.766689,0,0,55.982788
100001601,100001601,0,rejected,too_close,60.000000,1,5.120000,2.065333,1.000000,10.000000,6.800000,3.162278,49.000000,0.000000,50,1,77.154576
100001586,100001586,0,accepted,none,0.000000,1,7.080000,4.251306,1.000000,15.000000,9.320000,4.640862,49.000000,0.000000,50,0,72.180027
100001591,100001591,0,accepted,none,0.000000,1,5.640000,1.957141,1.000000,9.000000,5.600000,2.049390,49.000000,0.000000,50,0,65.433446
100001603,100001603,0,rejected,too_close,60.000000,1,6.680000,2.240000,1.000000,10.000000,8.240000,3.896460,49.000000,0.000000,50,0,61.506830
100001596,100001596,0,accepted,none,0.000000,1,5.560000,2.299217,1.000000,10.000000,7.240000,3.484595,49.000000,0.000000,50,0,68.872556
100001593,100001593,0,accepted,none,0.000000,1,5.400000,2.126029,1.000000,9.000000,6.840000,3.300667,49.000000,0.000000,50,0,65.860800
100001604,100001604,0,rejected,assert_connectivity,60.000000,1,5.960000,3.509758,1.000000,14.000000,8.480000,5.068491,41.640000,11.394314,0,0,64.575453
100001595,100001595,0,accepted,none,0.000000,1,7.080000,3.032095,1.000000,12.000000,9.320000,3.158734,49.000000,0.000000,50,0,64.278960
100001606,100001606,0,rejected,assert_connectivity,60.000000,1,6.480000,2.736713,0.000000,13.000000,8.800000,4.404543,47.040000,6.720000,0,0,69.110477
100001607,100001607,0,rejected,assert_connectivity,60.000000,1,6.480000,3.269495,0.000000,14.000000,9.160000,4.683418,47.040000,6.720000,0,1,75.703649
100001599,100001599,0,accepted,none,0.000000,1,5.480000,2.174764,1.000000,11.000000,5.400000,2.828427,49.000000,0.000000,50,0,68.509171
100001608,100001608,0,rejected,assert_connectivity,60.000000,1,6.160000,3.061764,1.000000,11.000000,8.600000,4.440721,45.160000,9.014122,0,0,67.839561
100001610,100001610,0,rejected,assert_connectivity,60.000000,1,7.120000,3.153665,0.000000,14.000000,7.600000,3.268027,47.040000,6.720000,0,0,60.254829
100001609,100001609,0,rejected,assert_connectivity,60.000000,1,5.520000,2.174764,0.000000,10.000000,7.600000,3.423449,47.040000,6.720000,0,1,67.320707
100001611,100001611,0,rejected,too_close,60.000000,1,5.800000,1.811077,2.000000,9.000000,6.440000,2.442622,49.000000,0.000000,50,1,72.655133
100001612,100001612,0,rejected,assert_connectivity,60.000000,1,5.760000,2.045092,1.000000,9.000000,6.240000,2.387970,45.160000,9.014122,0,0,58.936535
100001613,100001613,0,rejected,assert_connectivity,60.000000,1,7.960000,3.583071,1.000000,15.000000,8.800000,4.677606,38.440000,12.348538,0,0,60.753229
100001615,100001615,0,rejected,assert_connectivity,60.000000,1,6.920000,2.876387,1.000000,13.000000,7.960000,4.578035,31.840000,11.598896,0,1,60.628184
100001617,100001617,0,rejected,assert_connectivity,60.000000,1,6.400000,3.328663,0.000000,13.000000,7.040000,3.752119,47.040000,6.720000,0,0,68.567460
100001620,100001620,0,rejected,assert_connectivity,60.000000,1,6.880000,3.284144,0.000000,13.000000,9.160000,4.206471,47.040000,6.720000,0,0,64.761494
100001602,100001602,0,accepted,none,0.000000,1,5.840000,2.809697,1.000000,11.000000,8.560000,4.459417,49.000000,0.000000,50,0,68.724075
100001605,100001605,0,accepted,none,0.000000,1,6.800000,3.358571,1.000000,13.000000,8.720000,4.064677,49.000000,0.000000,50,0,68.395760
100001623,100001623,0,rejected,too_close,60.000000,1,7.880000,3.185216,1.000000,15.000000,12.120000,4.840000,49.000000,0.000000,50,0,61.925172
100001624,100001624,0,rejected,too_close,60.000000,1,5.680000,2.203996,1.000000,10.000000,6.880000,2.943739,49.000000,0.000000,50,0,61.108339
100001614,100001614,0,accepted,none,0.000000,1,6.200000,3.464102,1.000000,14.000000,8.240000,4.589379,49.000000,0.000000,50,0,74.104255
100001616,100001616,0,accepted,none,0.000000,1,6.640000,2.666533,2.000000,12.000000,8.400000,3.481379,49.000000,0.000000,50,0,64.733379
100001618,100001618,0,accepted,none,0.000000,1,6.480000,2.022276,1.000000,11.000000,7.840000,3.460405,49.000000,0.000000,50,0,64.840961
100001626,100001626,0,rejected,assert_connectivity,60.000000,1,6.000000,3.130495,1.000000,13.000000,7.040000,4.494263,41.480000,11.936901,0,0,61.458092
100001625,100001625,0,rejected,too_close,60.000000,1,6.240000,2.642423,2.000000,11.000000,7.800000,3.633180,49.000000,0.000000,50,1,71.298437
100001619,100001619,0,accepted,none,0.000000,1,6.200000,2.756810,1.000000,11.000000,8.040000,3.676738,49.000000,0.000000,50,0,81.691037
100001628,100001628,0,rejected,too_close,60.000000,1,5.640000,1.694225,1.000000,10.000000,7.040000,2.727343,49.000000,0.000000,50,1,70.265613
100001630,100001630,0,rejected,assert_connectivity,60.000000,1,5.520000,2.435077,1.000000,11.000000,5.760000,4.169221,31.720000,14.564395,0,0,54.537638
100001631,100001631,0,rejected,too_close,60.000000,1,5.760000,1.985548,1.000000,9.000000,7.920000,3.051819,49.000000,0.000000,50,1,70.498362
100001629,100001629,0,rejected,assert_connectivity,60.000000,1,6.920000,3.582401,0.000000,14.000000,7.320000,4.007194,45.120000,9.210081,0,0,67.899215
100001621,100001621,0,accepted,none,0.000000,1,6.000000,2.200000,2.000000,10.000000,6.520000,3.119231,49.000000,0.000000,50,0,71.263203
100001635,100001635,0,rejected,too_close,60.000000,1,5.800000,1.979899,2.000000,10.000000,6.760000,3.701675,49.000000,0.000000,50,1,69.699546
100001634,100001634,0,rejected,too_close,60.000000,1,5.880000,2.665633,2.000000,11.000000,8.680000,3.523862,49.000000,0.000000,50,1,69.778923
100001636,100001636,0,rejected,too_close,60.000000,1,6.240000,2.753616,1.000000,11.000000,9.000000,4.418144,49.000000,0.000000,50,0,68.311913
100001638,100001638,0,rejected,assert_connectivity,60.000000,1,6.000000,2.653300,2.000000,11.000000,7.040000,4.525307,38.440000,12.348538,0,0,67.571343
100001622,100001622,0,accepted,none,0.000000,1,7.560000,3.014366,1.000000,14.000000,11.040000,4.673157,49.000000,0.000000,50,0,62.492195
100001640,100001640,0,rejected,assert_connectivity,60.000000,1,6.200000,2.340940,2.000000,12.000000,8.840000,4.751252,40.000000,12.000000,0,0,54.308125
100001641,100001641,0,rejected,assert_connectivity,60.000000,1,6.640000,3.109727,0.000000,15.000000,8.640000,3.718925,45.120000,9.210081,0,1,68.483484
100001642,100001642,0,rejected,too_close,60.000000,1,6.080000,2.472570,3.000000,13.000000,5.440000,2.531087,49.000000,0.000000,50,0,62.811847
100001643,100001643,0,rejected,assert_connectivity,60.000000,1,6.000000,2.660827,2.000000,13.000000,5.680000,2.824465,25.440000,5.824637,0,1,54.914665
100001644,100001644,0,rejected,assert_connectivity,60.000000,1,6.200000,2.441311,2.000000,11.000000,6.240000,4.197904,28.560000,12.641456,0,0,59.410632
100001627,100001627,0,accepted,none,0.000000,1,5.640000,2.321723,1.000000,10.000000,7.040000,2.966210,49.000000,0.000000,50,0,72.309742
100001647,100001647,0,rejected,assert_connectivity,60.000000,1,5.720000,2.383611,1.000000,10.000000,7.680000,4.149410,45.160000,9.014122,0,0,72.344682
100001632,100001632,0,accepted,none,0.000000,1,6.040000,2.720000,2.000000,14.000000,7.560000,3.694103,49.000000,0.000000,50,0,62.391440
100001633,100001633,0,accepted,none,0.000000,1,5.960000,1.696585,2.000000,9.000000,7.000000,3.174902,49.000000,0.000000,50,0,64.846710
100001649,100001649,0,rejected,assert_connectivity,60.000000,1,5.400000,2.814249,0.000000,11.000000,7.720000,4.340691,45.120000,9.210081,0,1,66.268027
100001637,100001637,0,accepted,none,0.000000,1,5.120000,1.914576,1.000000,10.000000,6.800000,2.939388,49.000000,0.000000,50,0,74.722147
100001650,100001650,0,rejected,assert_connectivity,60.000000,1,7.560000,2.864681,0.000000,13.000000,11.040000,4.795665,47.040000,6.720000,0,0,56.473605
100001651,100001651,0,rejected,too_close,60.000000,1,6.120000,2.558437,1.000000,12.000000,9.880000,4.434591,49.000000,0.000000,50,1,68.613470
100001652,100001652,0,rejected,assert_connectivity,60.000000,1,5.320000,2.120755,1.000000,10.000000,5.200000,3.026549,35.560000,12.464606,0,0,61.219820
100001639,100001639,0,accepted,none,0.000000,1,6.040000,2.785390,2.000000,13.000000,7.920000,4.136859,49.000000,0.000000,50,0,73.158481
100001653,100001653,0,rejected,assert_connectivity,60.000000,1,6.760000,2.302694,0.000000,11.000000,8.000000,2.966479,47.040000,6.720000,0,1,63.057694
100001654,100001654,0,rejected,assert_connectivity,60.000000,1,6.000000,2.323790,1.000000,11.000000,7.840000,3.425551,45.160000,9.014122,0,0,66.903906
100001656,100001656,0,rejected,assert_connectivity,60.000000,1,6.640000,3.005062,0.000000,12.000000,9.160000,4.734385,47.040000,6.720000,0,0,66.017679
100001658,100001658,0,rejected,assert_connectivity,60.000000,1,6.440000,2.392990,2.000000,14.000000,7.880000,3.792835,43.360000,10.449421,0,0,61.305368
100001659,100001659,0,rejected,assert_connectivity,60.000000,1,6.800000,3.521363,1.000000,14.000000,9.800000,5.087239,45.160000,9.014122,0,0,61.915999
100001660,100001660,0,rejected,assert_connectivity,60.000000,1,6.120000,3.344488,1.000000,14.000000,7.040000,4.471957,45.160000,9.014122,0,1,63.769857
100001645,100001645,0,accepted,none,0.000000,1,6.200000,3.162278,2.000000,13.000000,8.040000,4.074113,49.000000,0.000000,50,0,58.192192
100001662,100001662,0,rejected,assert_connectivity,60.000000,1,6.200000,3.117691,1.000000,13.000000,8.400000,4.044750,43.360000,10.449421,0,1,63.525322
100001648,100001648,0,accepted,none,0.000000,1,5.280000,2.107510,1.000000,10.000000,6.320000,2.962701,49.000000,0.000000,50,0,70.903643
100001646,100001646,0,accepted,none,0.000000,1,6.080000,2.813112,1.000000,12.000000,8.080000,3.587980,49.000000,0.000000,50,0,68.527774
100001666,100001666,0,rejected,assert_connectivity,60.000000,1,6.040000,3.032886,2.000000,13.000000,7.080000,3.999200,40.000000,12.000000,0,0,58.080930
100001667,100001667,0,rejected,too_close,60.000000,1,6.040000,2.288755,3.000000,11.000000,8.760000,4.067235,49.000000,0.000000,50,0,71.003069
100001657,100001657,0,accepted,none,0.000000,1,5.720000,2.474187,1.000000,11.000000,8.320000,3.818062,49.000000,0.000000,50,0,73.022477
100001668,100001668,0,rejected,assert_connectivity,60.000000,1,6.040000,1.999600,0.000000,9.000000,8.120000,4.245657,47.040000,6.720000,0,0,67.601002
100001669,100001669,0,rejected,assert_connectivity,60.000000,1,5.520000,3.034732,0.000000,13.000000,6.960000,4.270644,43.280000,10.766689,0,0,66.867617
100001670,100001670,0,rejected,assert_connectivity,60.000000,1,6.200000,2.481935,0.000000,11.000000,6.480000,3.623479,47.040000,6.720000,0,1,57.646090
100001655,100001655,0,accepted,none,0.000000,1,6.760000,3.295816,2.000000,13.000000,8.840000,3.407991,49.000000,0.000000,50,0,67.069371
100001663,100001663,0,accepted,none,0.000000,1,5.560000,1.961224,1.000000,10.000000,6.120000,2.627851,49.000000,0.000000,50,0,67.451434
100001671,100001671,0,rejected,assert_connectivity,60.000000,1,6.320000,3.443487,0.000000,15.000000,7.560000,4.104437,47.040000,6.720000,0,0,64.689666
100001661,100001661,0,accepted,none,0.000000,1,6.320000,2.580233,2.000000,12.000000,7.680000,3.652068,49.000000,0.000000,50,0,63.348628
100001664,100001664,0,accepted,none,0.000000,1,5.760000,2.232129,1.000000,11.000000,6.680000,2.942380,49.000000,0.000000,50,0,55.758365
100001673,100001673,0,rejected,assert_connectivity,60.000000,1,7.000000,3.224903,1.000000,14.000000,8.280000,4.919512,45.160000,9.014122,0,0,72.522020
100001674,100001674,0,rejected,assert_connectivity,60.000000,1,5.760000,2.112439,0.000000,10.000000,6.800000,3.268027,47.040000,6.720000,0,0,63.892648
100001675,100001675,0,rejected,assert_connectivity,60.000000,1,6.280000,2.793134,1.000000,12.000000,9.680000,4.125239,45.160000,9.014122,0,0,78.572412
100001676,100001676,0,rejected,assert_connectivity,60.000000,1,6.120000,2.519047,0.000000,12.000000,8.720000,4.137826,47.040000,6.720000,0,0,71.106442
100001677,100001677,0,rejected,assert_connectivity,60.000000,1,6.440000,2.662029,0.000000,11.000000,10.080000,4.068612,47.040000,6.720000,0,0,69.339511
100001665,100001665,0,accepted,none,0.000000,1,6.320000,2.908195,2.000000,12.000000,9.200000,4.476606,49.000000,0.000000,50,0,72.378721
100001679,100001679,0,rejected,assert_connectivity,60.000000,1,6.480000,3.413151,0.000000,13.000000,8.280000,4.285044,41.440000,12.073376,0,0,63.515509
100001680,100001680,0,rejected,assert_connectivity,60.000000,1,5.680000,3.146045,1.000000,12.000000,8.240000,4.785645,43.360000,10.449421,0,0,69.088262
100001681,100001681,0,rejected,assert_connectivity,60.000000,1,6.920000,2.636968,0.000000,12.000000,9.280000,4.238113,47.040000,6.720000,0,0,63.721338
100001683,100001683,0,rejected,assert_connectivity,60.000000,1,5.400000,2.374868,0.000000,11.000000,6.040000,3.358333,45.120000,9.210081,0,0,66.308967
100001682,100001682,0,rejected,assert_connectivity,60.000000,1,6.440000,2.864681,0.000000,12.000000,7.720000,3.805470,47.040000,6.720000,0,0,70.298106
100001684,100001684,0,rejected,assert_connectivity,60.000000,1,6.160000,3.270229,0.000000,13.000000,7.080000,4.385613,39.840000,12.485768,0,0,60.212024
100001686,100001686,0,rejected,too_close,60.000000,1,5.920000,2.726463,1.000000,11.000000,8.040000,3.872777,49.000000,0.000000,50,0,64.207543
100001687,100001687,0,rejected,too_close,60.000000,1,5.960000,2.306166,1.000000,10.000000,6.920000,2.621755,49.000000,0.000000,50,1,62.604991
100001688,100001688,0,rejected,assert_connectivity,60.000000,1,5.600000,2.262742,0.000000,10.000000,7.440000,3.499486,47.040000,6.720000,0,0,72.734304
100001690,100001690,0,rejected,assert_connectivity,60.000000,1,5.440000,2.570292,1.000000,10.000000,7.040000,4.417963,35.560000,12.464606,0,0,65.404611
100001692,100001692,0,rejected,assert_connectivity,60.000000,1,6.560000,4.490702,0.000000,15.000000,7.240000,4.624111,32.640000,12.765203,0,0,67.283735
100001672,100001672,0,accepted,none,0.000000,1,5.400000,2.190890,1.000000,10.000000,6.440000,3.447666,49.000000,0.000000,50,0,60.751779
100001693,100001693,0,rejected,assert_connectivity,60.000000,1,5.960000,3.310347,0.000000,14.000000,7.560000,4.661159,38.000000,13.542526,0,0,64.255761
100001694,100001694,0,rejected,too_close,60.000000,1,6.240000,2.642423,2.000000,12.000000,7.880000,4.188747,49.000000,0.000000,50,0,60.451763
100001695,100001695,0,rejected,assert_connectivity,60.000000,1,6.120000,3.108955,0.000000,12.000000,7.880000,3.642197,47.040000,6.720000,0,0,74.522056
100001696,100001696,0,rejected,assert_connectivity,60.000000,1,6.240000,2.596613,0.000000,12.000000,7.480000,2.981543,47.040000,6.720000,0,1,62.225329
100001698,100001698,0,rejected,too_close,60.000000,1,5.880000,2.169239,1.000000,11.000000,6.760000,3.432550,49.000000,0.000000,50,1,60.953644
100001678,100001678,0,accepted,none,0.000000,1,5.520000,1.951820,2.000000,11.000000,6.640000,3.637362,49.000000,0.000000,50,0,62.149828
100001699,100001699,0,rejected,assert_connectivity,60.000000,1,6.200000,2.449490,0.000000,11.000000,8.240000,2.803997,47.040000,6.720000,0,0,67.325650
100001701,100001701,0,rejected,assert_connectivity,60.000000,1,7.600000,3.660601,1.000000,15.000000,9.520000,5.434114,39.760000,12.720943,0,1,62.991257
100001702,100001702,0,rejected,assert_connectivity,60.000000,1,6.360000,3.468487,1.000000,13.000000,8.600000,4.795832,43.360000,10.449421,0,0,66.392481
100001689,100001689,0,accepted,none,0.000000,1,5.360000,1.884251,1.000000,10.000000,6.200000,2.416609,49.000000,0.000000,50,0,68.501569
100001704,100001704,0,rejected,assert_connectivity,60.000000,1,7.280000,4.054824,1.000000,14.000000,8.320000,4.835039,29.680000,13.088071,0,0,60.150808
100001685,100001685,0,accepted,none,0.000000,1,6.200000,2.144761,2.000000,12.000000,7.680000,3.478160,49.000000,0.000000,50,0,65.942778
100001705,100001705,0,rejected,assert_connectivity,60.000000,1,5.520000,1.910393,1.000000,10.000000,7.320000,3.540847,45.160000,9.014122,0,0,66.775743
100001707,100001707,0,rejected,too_close,60.000000,1,6.400000,2.144761,3.000000,12.000000,7.520000,4.085291,49.000000,0.000000,50,0,57.494704
100001691,100001691,0,accepted,none,0.000000,1,6.680000,3.295087,1.000000,14.000000,6.840000,3.413854,49.000000,0.000000,50,0,63.178026
100001709,100001709,0,rejected,assert_connectivity,60.000000,1,8.280000,5.284089,0.000000,17.000000,8.360000,4.769738,41.440000,12.073376,0,0,62.911988
100001710,100001710,0,rejected,assert_connectivity,60.000000,1,5.360000,2.007586,0.000000,10.000000,7.000000,2.416609,47.040000,6.720000,0,0,77.152637
100001711,100001711,0,rejected,too_close,60.000000,1,7.200000,3.784178,2.000000,15.000000,6.840000,3.807151,49.000000,0.000000,50,1,75.384959
100001712,100001712,0,rejected,too_close,60.000000,1,6.000000,2.306513,1.000000,11.000000,8.400000,3.026549,49.000000,0.000000,50,1,64.562957
100001697,100001697,0,accepted,none,0.000000,1,5.800000,2.645751,1.000000,11.000000,9.320000,3.807571,49.000000,0.000000,50,0,71.775458
100001700,100001700,0,accepted,none,0.000000,1,5.960000,2.449163,1.000000,10.000000,6.880000,3.592436,49.000000,0.000000,50,0,71.656305
100001714,100001714,0,rejected,assert_connectivity,60.000000,1,5.520000,2.061456,1.000000,9.000000,3.760000,2.371160,21.040000,8.592927,0,0,59.398671
100001708,100001708,0,accepted,none,0.000000,1,5.160000,1.973423,1.000000,10.000000,5.840000,2.802570,49.000000,0.000000,50,0,61.223158
100001706,100001706,0,accepted,none,0.000000,1,5.800000,2.078461,1.000000,11.000000,6.400000,3.481379,49.000000,0.000000,50,0,68.760646
100001703,100001703,0,accepted,none,0.000000,1,6.400000,2.690725,1.000000,14.000000,9.360000,3.958586,49.000000,0.000000,50,0,63.277051
100001720,100001720,0,rejected,assert_connectivity,60.000000,1,5.880000,2.388640,0.000000,11.000000,6.080000,3.903024,29.360000,13.656881,0,0,58.864578
100001719,100001719,0,rejected,too_close,60.000000,1,7.080000,3.273164,1.000000,14.000000,8.600000,3.736308,49.000000,0.000000,50,1,61.763322
100001722,100001722,0,rejected,assert_connectivity,60.000000,1,5.840000,3.139172,1.000000,12.000000,8.360000,4.740295,43.360000,10.449421,0,1,63.654494
100001721,100001721,0,rejected,assert_connectivity,60.000000,1,7.440000,4.224500,0.000000,16.000000,8.880000,4.881147,45.120000,9.210081,0,0,71.134979
100001723,100001723,0,rejected,assert_connectivity,60.000000,1,5.200000,2.340940,0.000000,11.000000,6.560000,3.747853,45.120000,9.210081,0,0,67.143317
100001716,100001716,0,accepted,none,0.000000,1,5.160000,1.736203,1.000000,10.000000,5.480000,3.144773,49.000000,0.000000,50,0,64.093044
100001725,100001725,0,rejected,assert_connectivity,60.000000,1,6.120000,2.627851,0.000000,12.000000,9.280000,3.929580,45.120000,9.210081,0,0,80.991738
100001717,100001717,0,accepted,none,0.000000,1,5.600000,2.218107,1.000000,10.000000,6.320000,3.062287,49.000000,0.000000,50,0,63.518806
100001713,100001713,0,accepted,none,0.000000,1,6.840000,3.202249,2.000000,14.000000,6.000000,2.163331,49.000000,0.000000,50,0,58.992166
100001726,100001726,0,rejected,assert_connectivity,60.000000,1,6.080000,2.583331,1.000000,11.000000,8.480000,4.423754,45.160000,9.014122,0,0,65.798577
100001730,100001730,0,rejected,too_close,60.000000,1,5.680000,2.043918,2.000000,10.000000,6.800000,3.872983,49.000000,0.000000,50,0,55.121405
100001715,100001715,0,accepted,none,0.000000,1,6.880000,3.115381,1.000000,14.000000,9.120000,4.581004,49.000000,0.000000,50,0,60.688433
100001731,100001731,0,rejected,assert_connectivity,60.000000,1,6.000000,3.212476,1.000000,13.000000,5.560000,3.699513,35.080000,13.582106,0,0,60.365598
100001732,100001732,0,rejected,assert_connectivity,60.000000,1,7.560000,3.118718,0.000000,13.000000,8.040000,4.503154,47.040000,6.720000,0,0,64.691162
100001718,100001718,0,accepted,none,0.000000,1,6.720000,2.793134,1.000000,14.000000,9.880000,4.131053,49.000000,0.000000,50,0,61.498855
100001733,100001733,0,rejected,assert_connectivity,60.000000,1,6.760000,3.733952,0.000000,15.000000,7.880000,3.674997,47.040000,6.720000,0,0,65.228428
100001735,100001735,0,rejected,assert_connectivity,60.000000,1,5.800000,1.989975,1.000000,10.000000,5.400000,2.952965,33.000000,12.000000,0,0,64.358184
100001724,100001724,0,accepted,none,0.000000,1,6.760000,2.232129,1.000000,12.000000,6.920000,3.103804,49.000000,0.000000,50,0,59.355743
100001736,100001736,0,rejected,too_close,60.000000,1,7.200000,3.704052,2.000000,15.000000,8.360000,4.150952,49.000000,0.000000,50,1,70.349552
100001737,100001737,0,rejected,too_close,60.000000,1,5.320000,2.213052,1.000000,11.000000,7.160000,2.452427,49.000000,0.000000,50,0,65.593483
100001738,100001738,0,rejected,assert_connectivity,60.000000,1,5.680000,2.301652,1.000000,10.000000,7.240000,3.547168,45.160000,9.014122,0,0,69.998520
100001739,100001739,0,rejected,assert_connectivity,60.000000,1,6.040000,2.181376,0.000000,10.000000,4.960000,2.357626,47.040000,6.720000,0,0,65.679485
100001728,100001728,0,accepted,none,0.000000,1,5.320000,1.815930,2.000000,9.000000,6.200000,2.792848,49.000000,0.000000,50,0,63.516449
100001740,100001740,0,rejected,assert_connectivity,60.000000,1,7.120000,2.888875,0.000000,14.000000,9.480000,5.984112,32.080000,13.883573,0,0,67.790887
100001744,100001744,0,rejected,too_close,60.000000,1,5.600000,1.800000,1.000000,9.000000,7.720000,3.066203,49.000000,0.000000,50,0,73.456831
100001729,100001729,0,accepted,none,0.000000,1,6.160000,2.633325,1.000000,12.000000,8.640000,3.938325,49.000000,0.000000,50,0,72.989298
100001727,100001727,0,accepted,none,0.000000,1,6.280000,2.408651,1.000000,10.000000,7.000000,2.374868,49.000000,0.000000,50,0,70.954635
100001745,100001745,0,rejected,assert_connectivity,60.000000,1,6.240000,2.846471,1.000000,13.000000,9.520000,4.414703,45.160000,9.014122,0,0,60.621587
100001746,100001746,0,rejected,assert_connectivity,60.000000,1,5.960000,2.382939,2.000000,10.000000,5.240000,3.591991,43.360000,10.449421,0,0,56.990067
100001749,100001749,0,rejected,assert_connectivity,60.000000,1,5.600000,1.876166,1.000000,10.000000,5.520000,2.609521,25.440000,5.824637,0,0,67.631806
100001748,100001748,0,rejected,assert_connectivity,60.000000,1,6.240000,2.634843,1.000000,12.000000,6.800000,3.527038,45.160000,9.014122,0,0,67.589851
100001734,100001734,0,accepted,none,0.000000,1,5.400000,1.876166,1.000000,9.000000,6.960000,2.306166,49.000000,0.000000,50,0,72.295806
100001751,100001751,0,rejected,assert_connectivity,60.000000,1,6.040000,2.652998,1.000000,11.000000,7.600000,3.193744,41.480000,11.936901,0,1,69.078231
100001752,100001752,0,rejected,assert_connectivity,60.000000,1,5.480000,2.090359,0.000000,9.000000,5.880000,2.909570,47.040000,6.720000,0,0,60.892838
100001753,100001753,0,rejected,assert_connectivity,60.000000,1,6.080000,3.084412,0.000000,13.000000,8.280000,4.733033,39.680000,12.960617,0,0,67.216688
100001754,100001754,0,rejected,assert_connectivity,60.000000,1,6.880000,3.444648,1.000000,14.000000,5.800000,2.513961,29.760000,10.527222,0,0,58.347424
100001741,100001741,0,accepted,none,0.000000,1,6.360000,2.151836,1.000000,10.000000,5.800000,3.155947,49.000000,0.000000,50,0,62.715204
100001755,100001755,0,rejected,assert_connectivity,60.000000,1,5.240000,2.379580,0.000000,10.000000,6.560000,2.546841,47.040000,6.720000,0,0,75.397567
100001757,100001757,0,rejected,too_close,60.000000,1,5.400000,2.481935,2.000000,12.000000,5.720000,3.085709,49.000000,0.000000,50,0,59.661682
100001756,100001756,0,rejected,assert_connectivity,60.000000,1,7.600000,4.489989,1.000000,17.000000,10.520000,5.980769,45.160000,9.014122,0,0,60.587838
100001742,100001742,0,accepted,none,0.000000,1,5.960000,1.684755,1.000000,9.000000,7.040000,2.591988,49.000000,0.000000,50,0,67.210668
100001743,100001743,0,accepted,none,0.000000,1,6.200000,2.408319,1.000000,10.000000,8.160000,3.854141,49.000000,0.000000,50,0,58.334803
100001761,100001761,0,rejected,assert_connectivity,60.000000,1,6.200000,2.800000,0.000000,12.000000,7.000000,3.709447,47.040000,6.720000,0,0,64.844700
100001760,100001760,0,rejected,assert_connectivity,60.000000,1,5.120000,2.346402,1.000000,11.000000,6.720000,3.747212,45.160000,9.014122,0,0,65.321016
100001762,100001762,0,rejected,assert_connectivity,60.000000,1,6.360000,2.559375,0.000000,13.000000,7.200000,4.009988,47.040000,6.720000,0,0,64.997387
100001747,100001747,0,accepted,none,0.000000,1,6.200000,2.340940,1.000000,11.000000,7.120000,3.907122,49.000000,0.000000,50,0,70.607346
100001763,100001763,0,rejected,assert_connectivity,60.000000,1,5.280000,2.482257,1.000000,10.000000,7.440000,4.104437,41.640000,11.394314,0,1,76.652226
100001764,100001764,0,rejected,assert_connectivity,60.000000,1,5.600000,2.749545,0.000000,11.000000,7.120000,3.891735,43.280000,10.766689,0,0,63.986473
100001766,100001766,0,rejected,assert_connectivity,60.000000,1,6.760000,3.712465,0.000000,15.000000,7.720000,4.711857,31.440000,12.411543,0,0,61.075326
100001767,100001767,0,rejected,assert_connectivity,60.000000,1,5.360000,2.114332,2.000000,12.000000,5.400000,2.734959,43.360000,10.449421,0,0,62.284036
100001768,100001768,0,rejected,assert_connectivity,60.000000,1,5.320000,1.953868,1.000000,9.000000,6.040000,2.553116,45.160000,9.014122,0,0,58.951246
100001750,100001750,0,accepted,none,0.000000,1,5.840000,2.101047,2.000000,11.000000,7.960000,3.810302,49.000000,0.000000,50,0,64.649489
100001769,100001769,0,rejected,assert_connectivity,60.000000,1,5.680000,2.887490,1.000000,12.000000,7.680000,4.917072,45.160000,9.014122,0,0,62.970913
100001771,100001771,0,rejected,assert_connectivity,60.000000,1,5.720000,2.315513,1.000000,10.000000,7.880000,3.937715,41.640000,11.394314,0,0,70.806278
100001773,100001773,0,rejected,assert_connectivity,60.000000,1,6.960000,3.205994,1.000000,14.000000,9.680000,5.342060,35.560000,12.464606,0,0,55.769803
100001759,100001759,0,accepted,none,0.000000,1,5.800000,2.835489,1.000000,12.000000,7.240000,3.513175,49.000000,0.000000,50,0,54.152289
100001758,100001758,0,accepted,none,0.000000,1,6.320000,2.509502,1.000000,12.000000,7.480000,3.395526,49.000000,0.000000,50,0,64.899390
100001776,100001776,0,rejected,assert_connectivity,60.000000,1,5.640000,2.543698,0.000000,12.000000,6.080000,3.064898,43.280000,10.766689,0,0,66.913913
100001778,100001778,0,rejected,too_close,60.000000,1,6.560000,2.601230,2.000000,12.000000,7.560000,3.040789,49.000000,0.000000,50,1,67.310283
100001765,100001765,0,accepted,none,0.000000,1,5.880000,2.574024,1.000000,10.000000,8.720000,4.565260,49.000000,0.000000,50,0,70.253488
100001770,100001770,0,accepted,none,0.000000,1,5.720000,2.638484,1.000000,13.000000,8.000000,4.377214,49.000000,0.000000,50,0,62.873476
100001774,100001774,0,accepted,none,0.000000,1,5.840000,2.344014,2.000000,11.000000,7.520000,4.239056,49.000000,0.000000,50,0,66.389415
100001781,100001781,0,rejected,too_close,60.000000,1,6.480000,2.865240,1.000000,11.000000,8.520000,3.769562,49.000000,0.000000,50,0,65.616086
100001772,100001772,0,accepted,none,0.000000,1,6.160000,2.300956,2.000000,11.000000,8.480000,4.050876,49.000000,0.000000,50,0,67.628523
100001775,100001775,0,accepted,none,0.000000,1,5.880000,2.650585,1.000000,12.000000,8.320000,3.585750,49.000000,0.000000,50,0,68.648837
100001784,100001784,0,rejected,assert_connectivity,60.000000,1,6.280000,2.341282,0.000000,11.000000,8.120000,4.111642,47.040000,6.720000,0,0,53.165876
100001777,100001777,0,accepted,none,0.000000,1,5.200000,2.029778,1.000000,10.000000,5.760000,3.030248,49.000000,0.000000,50,0,65.121885
100001786,100001786,0,rejected,too_close,60.000000,1,6.680000,3.289012,1.000000,14.000000,7.560000,4.294927,49.000000,0.000000,50,0,61.592694
100001787,100001787,0,rejected,assert_connectivity,60.000000,1,5.680000,1.870187,1.000000,10.000000,7.160000,3.324816,45.160000,9.014122,0,0,67.099890
100001779,100001779,0,accepted,none,0.000000,1,6.680000,2.656614,1.000000,12.000000,7.680000,3.624583,49.000000,0.000000,50,0,69.547745
100001780,100001780,0,accepted,none,0.000000,1,7.080000,2.373521,2.000000,12.000000,9.560000,4.635342,49.000000,0.000000,50,0,56.685714
100001782,100001782,0,accepted,none,0.000000,1,5.080000,1.820330,1.000000,8.000000,6.240000,3.289742,49.000000,0.000000,50,0,71.164519
100001791,100001791,0,rejected,assert_connectivity,60.000000,1,6.600000,3.773592,1.000000,15.000000,5.600000,3.435113,45.160000,9.014122,0,1,70.802450
100001793,100001793,0,rejected,too_close,60.000000,1,7.160000,2.460569,1.000000,11.000000,9.160000,4.011783,49.000000,0.000000,50,0,61.193369
100001783,100001783,0,accepted,none,0.000000,1,6.080000,3.038684,1.000000,13.000000,8.200000,4.054627,49.000000,0.000000,50,0,71.581368
100001794,100001794,0,rejected,assert_connectivity,60.000000,1,6.280000,2.735251,1.000000,12.000000,7.760000,4.662875,41.640000,11.394314,0,0,60.678442
100001785,100001785,0,accepted,none,0.000000,1,5.320000,1.964077,1.000000,9.000000,7.920000,3.621270,49.000000,0.000000,50,0,67.203296
100001788,100001788,0,accepted,none,0.000000,1,5.320000,2.222071,1.000000,11.000000,5.920000,2.356608,49.000000,0.000000,50,0,68.993710
100001795,100001795,0,rejected,assert_connectivity,60.000000,1,6.000000,2.698148,1.000000,11.000000,5.720000,2.835771,18.960000,6.131753,0,1,62.022188
100001796,100001796,0,rejected,assert_connectivity,60.000000,1,6.520000,2.954590,0.000000,13.000000,8.560000,4.000800,47.040000,6.720000,0,0,67.449866
100001797,100001797,0,rejected,too_close,60.000000,1,5.400000,1.777639,2.000000,9.000000,7.000000,3.481379,49.000000,0.000000,50,0,61.755735
100001799,100001799,0,rejected,assert_connectivity,60.000000,1,5.800000,2.814249,0.000000,12.000000,7.000000,3.989987,47.040000,6.720000,0,0,65.367726
100001789,100001789,0,accepted,none,0.000000,1,6.080000,2.464467,2.000000,10.000000,6.360000,2.882776,49.000000,0.000000,50,0,62.471576
100001800,100001800,0,rejected,assert_connectivity,60.000000,1,6.080000,2.862447,0.000000,12.000000,8.040000,4.019751,47.040000,6.720000,0,0,76.751469
100001802,100001802,0,rejected,assert_connectivity,60.000000,1,5.920000,2.086528,0.000000,10.000000,6.880000,2.950525,47.040000,6.720000,0,0,63.611991
100001803,100001803,0,rejected,too_close,60.000000,1,6.120000,1.656985,2.000000,9.000000,7.000000,3.187475,49.000000,0.000000,50,0,64.701564
100001790,100001790,0,accepted,none,0.000000,1,5.360000,1.705989,1.000000,9.000000,7.840000,3.390339,49.000000,0.000000,50,0,71.199771
100001792,100001792,0,accepted,none,0.000000,1,5.720000,2.135790,1.000000,9.000000,5.960000,2.770993,49.000000,0.000000,50,0,62.539768
100001808,100001808,0,rejected,assert_connectivity,60.000000,1,5.200000,2.107131,0.000000,9.000000,6.840000,3.557302,47.040000,6.720000,0,0,68.460464
100001801,100001801,0,accepted,none,0.000000,1,6.000000,2.107131,2.000000,13.000000,6.880000,3.653163,49.000000,0.000000,50,0,68.362911
100001798,100001798,0,accepted,none,0.000000,1,6.400000,2.683282,1.000000,11.000000,8.400000,4.049691,49.000000,0.000000,50,0,67.416393
100001811,100001811,0,rejected,assert_connectivity,60.000000,1,5.880000,2.950525,1.000000,11.000000,7.680000,4.632235,38.120000,13.219138,0,0,63.267966
100001806,100001806,0,accepted,none,0.000000,1,6.160000,2.788261,1.000000,13.000000,7.760000,3.518863,49.000000,0.000000,50,0,66.053163
100001812,100001812,0,rejected,assert_connectivity,60.000000,1,6.480000,3.157467,0.000000,12.000000,6.440000,2.843660,24.040000,8.192582,0,0,61.648544
100001805,100001805,0,accepted,none,0.000000,1,6.200000,2.622975,1.000000,11.000000,7.400000,3.013304,49.000000,0.000000,50,0,62.686829
100001814,100001814,0,rejected,too_close,60.000000,1,6.400000,2.835489,2.000000,13.000000,7.040000,4.467483,49.000000,0.000000,50,0,67.249121
100001804,100001804,0,accepted,none,0.000000,1,7.800000,4.176123,1.000000,16.000000,10.760000,4.714064,49.000000,0.000000,50,0,70.686486
100001807,100001807,0,accepted,none,0.000000,1,6.480000,3.001600,1.000000,14.000000,9.040000,3.469640,49.000000,0.000000,50,0,69.891247
100001809,100001809,0,accepted,none,0.000000,1,5.400000,1.959592,1.000000,11.000000,6.280000,3.555503,49.000000,0.000000,50,0,61.179646
100001815,100001815,0,rejected,assert_connectivity,60.000000,1,6.480000,2.736713,1.000000,12.000000,5.840000,3.966661,27.880000,11.566573,0,0,61.146231
100001816,100001816,0,rejected,assert_connectivity,60.000000,1,6.480000,2.547469,1.000000,12.000000,5.960000,2.652998,24.360000,2.978322,0,0,62.212987
100001818,100001818,0,rejected,assert_connectivity,60.000000,1,5.680000,2.444913,1.000000,12.000000,6.520000,3.395526,45.160000,9.014122,0,0,66.866741
100001819,100001819,0,rejected,assert_connectivity,60.000000,1,6.480000,2.507907,0.000000,12.000000,7.240000,4.120971,47.040000,6.720000,0,0,63.951665
100001820,100001820,0,rejected,assert_connectivity,60.000000,1,5.120000,2.026228,0.000000,11.000000,6.400000,2.400000,47.040000,6.720000,0,0,60.852863
100001821,100001821,0,rejected,assert_connectivity,60.000000,1,4.840000,2.013554,1.000000,8.000000,6.920000,4.160961,41.640000,11.394314,0,0,67.102137
100001822,100001822,0,rejected,too_close,60.000000,1,6.160000,2.221351,2.000000,10.000000,6.880000,3.932633,49.000000,0.000000,50,0,56.065482
100001823,100001823,0,rejected,assert_connectivity,60.000000,1,5.320000,2.240000,1.000000,10.000000,6.520000,4.124270,29.960000,12.612629,0,0,73.505613
100001824,100001824,0,rejected,assert_connectivity,60.000000,1,6.560000,2.639394,1.000000,12.000000,8.120000,4.620130,38.440000,12.348538,0,0,64.820740
100001810,100001810,0,accepted,none,0.000000,1,5.360000,1.717673,1.000000,8.000000,6.320000,2.344696,49.000000,0.000000,50,0,73.053781
100001826,100001826,0,rejected,assert_connectivity,60.000000,1,6.520000,3.182703,2.000000,14.000000,8.080000,4.189702,41.640000,11.394314,0,0,62.996251
100001828,100001828,0,rejected,assert_connectivity,60.000000,1,6.080000,2.313785,0.000000,10.000000,6.880000,3.368323,47.040000,6.720000,0,0,74.105700
100001829,100001829,0,rejected,assert_connectivity,60.000000,1,6.440000,3.207242,1.000000,12.000000,5.800000,2.993326,45.160000,9.014122,0,0,65.020524
100001830,100001830,0,rejected,assert_connectivity,60.000000,1,5.640000,2.696368,0.000000,12.000000,5.600000,3.660601,31.840000,14.329494,0,0,60.606593
100001831,100001831,0,rejected,assert_connectivity,60.000000,1,6.720000,3.470101,2.000000,14.000000,8.000000,4.560702,31.840000,11.598896,0,0,61.656266
100001832,100001832,0,rejected,assert_connectivity,60.000000,1,6.400000,3.286335,0.000000,14.000000,8.600000,5.347897,37.920000,13.757674,0,0,57.659362
100001833,100001833,0,rejected,too_close,60.000000,1,7.200000,3.429286,1.000000,13.000000,7.800000,4.176123,49.000000,0.000000,50,0,62.038489
100001813,100001813,0,accepted,none,0.000000,1,5.400000,2.465766,1.000000,11.000000,7.200000,3.994997,49.000000,0.000000,50,0,58.551436
100001834,100001834,0,rejected,too_close,60.000000,1,6.040000,2.087678,2.000000,10.000000,7.640000,4.307018,49.000000,0.000000,50,0,65.159966
100001836,100001836,0,rejected,assert_connectivity,60.000000,1,7.160000,4.584147,1.000000,17.000000,8.000000,5.440588,38.440000,12.348538,0,1,57.150864
100001837,100001837,0,rejected,assert_connectivity,60.000000,1,6.160000,2.352531,0.000000,11.000000,8.920000,4.620996,45.120000,9.210081,0,0,72.775976
100001817,100001817,0,accepted,none,0.000000,1,5.200000,1.637071,2.000000,8.000000,7.000000,2.690725,49.000000,0.000000,50,0,69.545598
100001840,100001840,0,rejected,assert_connectivity,60.000000,1,5.880000,2.405327,0.000000,12.000000,8.400000,3.544009,47.040000,6.720000,0,0,58.873592
100001825,100001825,0,accepted,none,0.000000,1,6.480000,2.099905,1.000000,11.000000,6.800000,2.600000,49.000000,0.000000,50,0,62.546979
100001827,100001827,0,accepted,none,0.000000,1,5.480000,1.746310,2.000000,9.000000,7.960000,2.682983,49.000000,0.000000,50,0,71.090523
100001844,100001844,0,rejected,assert_connectivity,60.000000,1,6.520000,2.601845,1.000000,13.000000,7.320000,3.673908,43.360000,10.449421,0,0,60.634481
100001838,100001838,0,accepted,none,0.000000,1,5.520000,1.252837,2.000000,8.000000,6.240000,3.010382,49.000000,0.000000,50,0,65.608940
100001835,100001835,0,accepted,none,0.000000,1,6.040000,2.153695,2.000000,10.000000,7.240000,3.415026,49.000000,0.000000,50,0,60.527226
100001846,100001846,0,rejected,assert_connectivity,60.000000,1,5.360000,2.471922,1.000000,12.000000,5.000000,2.408319,22.480000,5.265890,0,0,62.716572
100001841,100001841,0,accepted,none,0.000000,1,5.360000,1.634136,3.000000,9.000000,7.000000,3.440930,49.000000,0.000000,50,0,59.892310
100001847,100001847,0,rejected,assert_connectivity,60.000000,1,5.640000,2.170346,1.000000,10.000000,6.720000,3.566735,43.360000,10.449421,0,0,70.629910
100001839,100001839,0,accepted,none,0.000000,1,6.760000,2.634843,2.000000,12.000000,9.480000,4.090183,49.000000,0.000000,50,0,60.970671
100001848,100001848,0,rejected,assert_connectivity,60.000000,1,5.920000,2.520635,1.000000,11.000000,6.600000,3.286335,45.160000,9.014122,0,1,51.638276
100001842,100001842,0,accepted,none,0.000000,1,5.560000,2.409647,2.000000,10.000000,5.960000,2.741970,49.000000,0.000000,50,0,71.858859
100001850,100001850,0,rejected,assert_connectivity,60.000000,1,8.120000,3.558876,0.000000,16.000000,11.520000,4.605388,47.040000,6.720000,0,0,64.995540
100001851,100001851,0,rejected,too_close,60.000000,1,6.800000,2.441311,2.000000,12.000000,9.360000,4.288403,49.000000,0.000000,50,1,60.165342
100001852,100001852,0,rejected,assert_connectivity,60.000000,1,6.880000,3.350463,0.000000,12.000000,10.640000,4.950798,47.040000,6.720000,0,0,75.568447
100001843,100001843,0,accepted,none,0.000000,1,5.400000,2.088061,2.000000,9.000000,7.000000,2.966479,49.000000,0.000000,50,0,69.602473
100001853,100001853,0,rejected,assert_connectivity,60.000000,1,5.920000,2.448183,1.000000,10.000000,7.920000,3.543106,45.160000,9.014122,0,0,66.391927
100001854,100001854,0,rejected,assert_connectivity,60.000000,1,5.760000,2.354230,2.000000,12.000000,7.160000,3.596443,43.360000,10.449421,0,0,60.298633
100001855,100001855,0,rejected,assert_connectivity,60.000000,1,5.560000,2.458943,1.000000,11.000000,6.920000,3.497656,45.160000,9.014122,0,0,65.724528
100001856,100001856,0,rejected,too_close,60.000000,1,7.040000,2.690427,2.000000,12.000000,6.480000,3.494224,49.000000,0.000000,50,0,70.264530
100001858,100001858,0,rejected,assert_connectivity,60.000000,1,5.920000,2.978859,1.000000,13.000000,7.320000,3.951911,35.560000,12.464606,0,1,65.060657
100001859,100001859,0,rejected,assert_connectivity,60.000000,1,5.640000,2.170346,0.000000,9.000000,6.720000,3.583518,47.040000,6.720000,0,0,67.372969
100001845,100001845,0,accepted,none,0.000000,1,5.240000,1.691863,1.000000,9.000000,6.800000,2.200000,49.000000,0.000000,50,0,66.797221
100001862,100001862,0,rejected,assert_connectivity,60.000000,1,5.280000,2.049780,2.000000,10.000000,5.480000,2.475803,36.960000,12.491533,0,0,62.286108
100001861,100001861,0,rejected,assert_connectivity,60.000000,1,7.480000,3.737593,0.000000,16.000000,8.120000,4.501733,41.440000,12.073376,0,0,67.385580
100001863,100001863,0,rejected,assert_connectivity,60.000000,1,5.640000,2.520000,1.000000,12.000000,6.880000,3.397882,45.160000,9.014122,0,0,53.117515
100001864,100001864,0,rejected,too_close,60.000000,1,7.080000,3.351656,1.000000,14.000000,10.080000,5.369693,49.000000,0.000000,50,0,60.108068
100001865,100001865,0,rejected,assert_connectivity,60.000000,1,6.640000,2.582712,0.000000,12.000000,10.080000,4.538017,47.040000,6.720000,0,0,70.398249
100001866,100001866,0,rejected,assert_connectivity,60.000000,1,6.160000,3.022317,1.000000,12.000000,8.760000,4.615452,45.160000,9.014122,0,0,76.789078
100001867,100001867,0,rejected,assert_connectivity,60.000000,1,6.840000,2.452427,2.000000,12.000000,8.160000,3.926118,43.360000,10.449421,0,0,65.623195
100001870,100001870,0,rejected,assert_connectivity,60.000000,1,5.360000,2.076150,1.000000,10.000000,6.360000,3.835414,29.760000,10.527222,0,0,63.221344
100001868,100001868,0,rejected,assert_connectivity,60.000000,1,5.840000,2.081922,0.000000,11.000000,7.080000,3.422514,47.040000,6.720000,0,0,57.391258
100001869,100001869,0,rejected,too_close,60.000000,1,6.720000,2.856851,1.000000,14.000000,10.320000,4.627915,49.000000,0.000000,50,1,68.693663
100001873,100001873,0,rejected,assert_connectivity,60.000000,1,5.560000,2.246419,1.000000,9.000000,5.360000,3.565165,29.960000,12.612629,0,0,68.352315
100001849,100001849,0,accepted,none,0.000000,1,6.280000,3.033414,1.000000,13.000000,6.520000,2.961351,49.000000,0.000000,50,0,58.020158
100001872,100001872,0,rejected,too_close,60.000000,1,5.800000,2.553429,1.000000,13.000000,5.720000,3.638901,49.000000,0.000000,50,0,59.697465
100001876,100001876,0,rejected,assert_connectivity,60.000000,1,7.080000,3.692371,1.000000,14.000000,8.320000,4.553856,45.160000,9.014122,0,0,63.135863
100001857,100001857,0,accepted,none,0.000000,1,6.200000,2.465766,1.000000,11.000000,7.960000,3.929173,49.000000,0.000000,50,0,69.497939
100001860,100001860,0,accepted,none,0.000000,1,6.520000,2.609521,1.000000,12.000000,9.480000,4.557368,49.000000,0.000000,50,0,62.421886
100001879,100001879,0,rejected,assert_connectivity,60.000000,1,6.320000,3.472406,1.000000,12.000000,5.520000,3.093477,21.760000,6.015181,0,0,66.958362
100001871,100001871,0,accepted,none,0.000000,1,5.720000,1.939484,1.000000,10.000000,6.920000,2.390314,49.000000,0.000000,50,0,64.344201
100001875,100001875,0,accepted,none,0.000000,1,6.160000,2.292248,1.000000,11.000000,6.960000,3.218447,49.000000,0.000000,50,0,65.191958
100001874,100001874,0,accepted,none,0.000000,1,5.920000,2.356608,1.000000,12.000000,7.640000,3.653820,49.000000,0.000000,50,0,67.754390
100001882,100001882,0,rejected,assert_connectivity,60.000000,1,6.960000,3.065681,0.000000,12.000000,8.600000,3.600000,43.280000,10.766689,0,0,65.442530
100001877,100001877,0,accepted,none,0.000000,1,5.640000,2.381260,1.000000,10.000000,8.080000,3.404938,49.000000,0.000000,50,0,68.984526
100001883,100001883,0,rejected,assert_connectivity,60.000000,1,7.160000,2.955402,0.000000,13.000000,8.640000,3.809252,47.040000,6.720000,0,0,63.701937
100001884,100001884,0,rejected,too_close,60.000000,1,5.480000,1.951820,1.000000,9.000000,6.720000,2.449816,49.000000,0.000000,50,0,66.425034
100001878,100001878,0,accepted,none,0.000000,1,5.760000,1.761363,2.000000,9.000000,7.320000,3.646587,49.000000,0.000000,50,0,65.831221
100001886,100001886,0,rejected,too_close,60.000000,1,5.040000,1.896945,2.000000,9.000000,7.080000,3.345684,49.000000,0.000000,50,1,70.331304
100001887,100001887,0,rejected,assert_connectivity,60.000000,1,6.320000,2.493512,0.000000,10.000000,7.600000,4.538722,39.840000,12.485768,0,0,70.105461
100001890,100001890,0,rejected,assert_connectivity,60.000000,1,6.280000,2.341282,0.000000,12.000000,8.800000,3.914077,45.120000,9.210081,0,0,69.254908
100001881,100001881,0,accepted,none,0.000000,1,5.200000,2.209072,1.000000,10.000000,6.320000,3.361190,49.000000,0.000000,50,0,69.273984
100001892,100001892,0,rejected,assert_connectivity,60.000000,1,5.800000,2.877499,0.000000,13.000000,6.480000,3.054439,47.040000,6.720000,0,0,62.516271
100001893,100001893,0,rejected,too_close,60.000000,1,6.680000,2.656614,1.000000,12.000000,7.640000,3.626348,49.000000,0.000000,50,0,72.635889
100001880,100001880,0,accepted,none,0.000000,1,6.760000,2.337178,1.000000,13.000000,9.240000,2.963511,49.000000,0.000000,50,0,65.736015
100001894,100001894,0,rejected,assert_connectivity,60.000000,1,5.000000,1.854724,1.000000,9.000000,5.120000,2.854050,36.560000,13.492457,0,0,62.800431
100001895,100001895,0,rejected,assert_connectivity,60.000000,1,7.600000,3.949684,1.000000,16.000000,9.440000,5.032534,45.160000,9.014122,0,0,65.620234
100001896,100001896,0,rejected,assert_connectivity,60.000000,1,5.920000,2.252465,1.000000,10.000000,7.080000,4.246599,45.160000,9.014122,0,0,70.994835
100001897,100001897,0,rejected,assert_connectivity,60.000000,1,6.400000,2.925748,0.000000,14.000000,7.480000,3.584634,47.040000,6.720000,0,0,58.632880
100001898,100001898,0,rejected,assert_connectivity,60.000000,1,5.800000,2.465766,0.000000,10.000000,6.080000,3.333707,41.520000,11.803796,0,0,70.793884
100001899,100001899,0,rejected,assert_connectivity,60.000000,1,7.600000,3.124100,1.000000,13.000000,9.760000,4.654288,45.160000,9.014122,0,0,62.008877
100001900,100001900,0,rejected,too_close,60.000000,1,6.080000,2.180275,1.000000,11.000000,7.600000,3.515679,49.000000,0.000000,50,0,69.526391
100001888,100001888,0,accepted,none,0.000000,1,5.640000,2.114332,1.000000,9.000000,6.280000,3.358809,49.000000,0.000000,50,0,66.987818
100001901,100001901,0,rejected,assert_connectivity,60.000000,1,5.200000,1.979899,1.000000,10.000000,5.600000,2.835489,45.160000,9.014122,0,0,63.772990
100001885,100001885,0,accepted,none,0.000000,1,6.080000,2.057571,1.000000,9.000000,7.720000,3.493079,49.000000,0.000000,50,0,68.389649
100001903,100001903,0,rejected,too_close,60.000000,1,6.320000,1.848675,2.000000,9.000000,8.480000,3.858704,49.000000,0.000000,50,1,56.993669
100001902,100001902,0,rejected,assert_connectivity,60.000000,1,5.840000,2.352531,0.000000,10.000000,7.440000,3.645051,47.040000,6.720000,0,0,72.117559
100001889,100001889,0,accepted,none,0.000000,1,6.000000,2.383275,2.000000,12.000000,6.880000,3.927544,49.000000,0.000000,50,0,62.852865
100001906,100001906,0,rejected,too_close,60.000000,1,6.680000,2.353211,1.000000,11.000000,8.320000,3.875255,49.000000,0.000000,50,1,72.458883
100001908,100001908,0,rejected,assert_connectivity,60.000000,1,5.320000,2.485478,1.000000,11.000000,6.240000,3.121282,43.360000,10.449421,0,0,63.637377
100001891,100001891,0,accepted,none,0.000000,1,5.280000,1.960000,1.000000,10.000000,7.040000,3.013038,49.000000,0.000000,50,0,63.816737
100001907,100001907,0,rejected,assert_connectivity,60.000000,1,7.000000,2.959730,0.000000,13.000000,10.400000,4.741308,43.240000,10.924395,0,0,65.973300
100001909,100001909,0,rejected,assert_connectivity,60.000000,1,5.200000,2.457641,0.000000,11.000000,6.920000,4.417420,39.840000,12.485768,0,0,71.311727
100001910,100001910,0,rejected,assert_connectivity,60.000000,1,5.360000,2.543698,0.000000,12.000000,6.800000,3.544009,47.040000,6.720000,0,0,62.731092
100001912,100001912,0,rejected,assert_connectivity,60.000000,1,5.400000,2.000000,1.000000,9.000000,6.040000,3.458092,36.960000,12.491533,0,0,59.921874
100001911,100001911,0,rejected,assert_connectivity,60.000000,1,6.080000,2.398666,0.000000,11.000000,7.160000,3.477700,47.040000,6.720000,0,0,70.811004
100001914,100001914,0,rejected,assert_connectivity,60.000000,1,7.040000,3.334426,1.000000,12.000000,8.760000,4.072149,43.360000,10.449421,0,0,57.943193
100001915,100001915,0,rejected,assert_connectivity,60.000000,1,6.880000,3.197749,1.000000,11.000000,8.960000,4.024724,45.160000,9.014122,0,0,61.631770
100001916,100001916,0,rejected,assert_connectivity,60.000000,1,5.480000,3.201500,0.000000,13.000000,7.120000,4.329619,47.040000,6.720000,0,0,71.604792
100001917,100001917,0,rejected,assert_connectivity,60.000000,1,6.200000,2.553429,1.000000,13.000000,6.480000,3.801263,36.960000,12.491533,0,0,62.900680
100001918,100001918,0,rejected,assert_connectivity,60.000000,1,6.440000,3.188479,0.000000,13.000000,9.040000,5.527965,36.360000,13.981073,0,0,62.675298
100001921,100001921,0,rejected,assert_connectivity,60.000000,1,5.520000,2.041960,1.000000,10.000000,5.720000,3.857668,26.920000,12.967405,0,0,66.817462
100001920,100001920,0,rejected,assert_connectivity,60.000000,1,6.320000,2.194903,0.000000,10.000000,8.040000,4.417963,47.040000,6.720000,0,1,68.608943
100001919,100001919,0,rejected,assert_connectivity,60.000000,1,6.160000,2.866077,1.000000,11.000000,7.360000,3.756381,45.160000,9.014122,0,0,55.720694
100001922,100001922,0,rejected,assert_connectivity,60.000000,1,7.520000,3.617955,0.000000,16.000000,9.560000,4.733540,43.280000,10.766689,0,0,64.568547
100001925,100001925,0,rejected,assert_connectivity,60.000000,1,5.800000,2.433105,0.000000,10.000000,6.560000,3.899538,39.840000,12.485768,0,0,60.353263
100001924,100001924,0,rejected,assert_connectivity,60.000000,1,8.080000,4.048901,0.000000,15.000000,8.320000,4.523008,38.080000,13.332427,0,0,65.788839
100001905,100001905,0,accepted,none,0.000000,1,5.440000,2.210520,2.000000,11.000000,7.080000,3.877319,49.000000,0.000000,50,0,54.864486
100001926,100001926,0,rejected,assert_connectivity,60.000000,1,6.920000,3.830614,0.000000,14.000000,10.640000,4.773929,45.120000,9.210081,0,0,67.340332
100001929,100001929,0,rejected,assert_connectivity,60.000000,1,6.400000,2.424871,0.000000,11.000000,8.040000,3.654914,47.040000,6.720000,0,0,67.379159
100001930,100001930,0,rejected,assert_connectivity,60.000000,1,6.160000,2.540551,1.000000,12.000000,7.000000,3.394113,43.360000,10.449421,0,0,63.616401
100001904,100001904,0,accepted,none,0.000000,1,6.200000,2.856571,2.000000,13.000000,8.880000,4.334236,49.000000,0.000000,50,0,70.688554
100001931,100001931,0,rejected,too_close,60.000000,1,5.160000,2.212329,1.000000,10.000000,7.040000,4.132602,49.000000,0.000000,50,1,67.700255
100001934,100001934,0,rejected,assert_connectivity,60.000000,1,5.840000,2.318275,0.000000,10.000000,7.240000,3.184713,47.040000,6.720000,0,0,73.329092
100001913,100001913,0,accepted,none,0.000000,1,6.680000,2.738175,1.000000,12.000000,8.800000,4.418144,49.000000,0.000000,50,0,59.940260
100001935,100001935,0,rejected,assert_connectivity,60.000000,1,6.440000,3.589763,1.000000,12.000000,7.240000,4.216918,41.480000,11.936901,0,0,59.052834
100001936,100001936,0,rejected,assert_connectivity,60.000000,1,5.480000,1.846510,2.000000,9.000000,4.720000,2.375205,25.000000,4.898979,0,0,64.911067
100001923,100001923,0,accepted,none,0.000000,1,6.320000,3.270719,2.000000,13.000000,7.840000,4.095656,49.000000,0.000000,50,0,65.158012
100001927,100001927,0,accepted,none,0.000000,1,6.000000,1.624808,2.000000,9.000000,6.280000,3.193994,49.000000,0.000000,50,0,59.086505
100001940,100001940,0,rejected,assert_connectivity,60.000000,1,6.400000,3.255764,1.000000,13.000000,8.960000,4.516459,45.160000,9.014122,0,0,62.284601
100001932,100001932,0,accepted,none,0.000000,1,5.640000,1.987561,2.000000,11.000000,6.680000,2.774455,49.000000,0.000000,50,0,67.187103
100001928,100001928,0,accepted,none,0.000000,1,7.560000,3.400941,1.000000,13.000000,10.360000,4.620649,49.000000,0.000000,50,0,67.830851
100001941,100001941,0,rejected,assert_connectivity,60.000000,1,6.400000,2.807134,0.000000,13.000000,8.440000,4.792327,47.040000,6.720000,0,0,67.886427
100001933,100001933,0,accepted,none,0.000000,1,6.040000,2.391318,1.000000,11.000000,8.640000,4.170180,49.000000,0.000000,50,0,68.349602
100001945,100001945,0,rejected,assert_connectivity,60.000000,1,6.120000,2.268392,1.000000,11.000000,7.760000,4.072149,45.160000,9.014122,0,0,64.449413
100001946,100001946,0,rejected,assert_connectivity,60.000000,1,6.600000,2.253886,0.000000,10.000000,7.920000,3.825389,47.040000,6.720000,0,0,63.819792
100001937,100001937,0,accepted,none,0.000000,1,6.280000,2.209434,1.000000,10.000000,8.040000,3.393877,49.000000,0.000000,50,0,64.444410
100001938,100001938,0,accepted,none,0.000000,1,5.400000,2.449490,1.000000,9.000000,6.760000,3.547168,49.000000,0.000000,50,0,65.179621
100001947,100001947,0,rejected,assert_connectivity,60.000000,1,6.720000,3.898923,1.000000,13.000000,9.040000,5.257224,39.760000,12.720943,0,0,65.739875
100001948,100001948,0,rejected,assert_connectivity,60.000000,1,5.800000,2.457641,0.000000,10.000000,7.600000,4.019950,47.040000,6.720000,0,0,63.261587
100001949,100001949,0,rejected,assert_connectivity,60.000000,1,5.520000,1.941546,0.000000,10.000000,5.920000,3.097354,47.040000,6.720000,0,0,70.880134
100001951,100001951,0,rejected,assert_connectivity,60.000000,1,5.480000,2.443276,1.000000,10.000000,6.720000,2.771570,45.160000,9.014122,0,0,67.388857
100001939,100001939,0,accepted,none,0.000000,1,6.640000,2.769549,1.000000,12.000000,7.880000,3.524996,49.000000,0.000000,50,0,72.715384
100001953,100001953,0,rejected,assert_connectivity,60.000000,1,6.080000,2.978859,0.000000,11.000000,8.280000,5.295432,47.040000,6.720000,0,1,71.588346
100001942,100001942,0,accepted,none,0.000000,1,5.440000,2.367784,1.000000,11.000000,6.840000,2.715585,49.000000,0.000000,50,0,76.794167
100001954,100001954,0,rejected,assert_connectivity,60.000000,1,6.440000,2.743429,1.000000,12.000000,8.360000,4.480000,45.160000,9.014122,0,1,60.086049
100001943,100001943,0,accepted,none,0.000000,1,5.880000,2.503118,1.000000,11.000000,7.920000,3.077921,49.000000,0.000000,50,0,63.737336
100001944,100001944,0,accepted,none,0.000000,1,6.880000,2.775896,2.000000,12.000000,7.320000,3.630096,49.000000,0.000000,50,0,61.003019
100001957,100001957,0,rejected,assert_connectivity,60.000000,1,5.880000,2.479032,2.000000,10.000000,5.560000,3.395055,43.360000,10.449421,0,0,61.767521
100001955,100001955,0,rejected,assert_connectivity,60.000000,1,6.880000,3.776983,0.000000,14.000000,9.320000,4.892607,38.080000,13.332427,0,1,71.431832
100001956,100001956,0,rejected,too_close,60.000000,1,6.400000,2.029778,2.000000,10.000000,8.880000,3.010913,49.000000,0.000000,50,0,60.891875
100001959,100001959,0,rejected,assert_connectivity,60.000000,1,5.000000,1.865476,0.000000,9.000000,5.440000,2.342307,47.040000,6.720000,0,0,69.667720
100001960,100001960,0,rejected,assert_connectivity,60.000000,1,4.920000,2.018316,1.000000,9.000000,5.960000,3.230851,45.160000,9.014122,0,0,63.487412
100001963,100001963,0,rejected,assert_connectivity,60.000000,1,5.640000,1.819450,0.000000,10.000000,6.640000,2.783954,47.040000,6.720000,0,0,63.052055
100001950,100001950,0,accepted,none,0.000000,1,5.400000,1.876166,1.000000,9.000000,5.360000,2.917259,49.000000,0.000000,50,0,66.543311
100001966,100001966,0,rejected,too_close,60.000000,1,6.400000,2.668333,1.000000,11.000000,7.400000,3.836665,49.000000,0.000000,50,0,65.665773
100001952,100001952,0,accepted,none,0.000000,1,6.120000,3.024169,2.000000,13.000000,7.200000,3.704052,49.000000,0.000000,50,0,67.791800
100001968,100001968,0,rejected,assert_connectivity,60.000000,1,5.920000,1.820330,1.000000,10.000000,4.760000,2.611972,23.680000,11.595585,0,0,60.204944
100001969,100001969,0,rejected,assert_connectivity,60.000000,1,6.720000,2.863844,2.000000,13.000000,6.720000,3.919388,23.080000,10.695494,0,0,56.009074
100001958,100001958,0,accepted,none,0.000000,1,5.240000,1.783928,2.000000,10.000000,4.920000,2.464467,49.000000,0.000000,50,0,70.032195
100001970,100001970,0,rejected,assert_connectivity,60.000000,1,6.760000,2.943196,0.000000,12.000000,8.480000,3.966056,43.280000,10.766689,0,0,70.322506
100001971,100001971,0,rejected,too_close,60.000000,1,7.160000,3.738235,1.000000,15.000000,6.880000,3.564492,49.000000,0.000000,50,0,62.449291
100001962,100001962,0,accepted,none,0.000000,1,6.040000,2.891090,1.000000,12.000000,7.520000,3.401411,49.000000,0.000000,50,0,67.930588
100001964,100001964,0,accepted,none,0.000000,1,5.680000,1.725572,2.000000,10.000000,7.320000,2.852648,49.000000,0.000000,50,0,63.780042
100001961,100001961,0,accepted,none,0.000000,1,6.000000,2.842534,1.000000,11.000000,8.920000,4.194473,49.000000,0.000000,50,0,67.334656
100001972,100001972,0,rejected,assert_connectivity,60.000000,1,6.480000,3.138407,0.000000,12.000000,7.840000,3.780794,43.280000,10.766689,0,0,60.262954
100001973,100001973,0,rejected,assert_connectivity,60.000000,1,6.240000,2.929573,0.000000,11.000000,7.600000,3.588872,45.120000,9.210081,0,1,58.568630
100001974,100001974,0,rejected,assert_connectivity,60.000000,1,5.240000,2.345720,1.000000,11.000000,4.840000,2.579612,31.840000,11.598896,0,0,61.864050
100001975,100001975,0,rejected,assert_connectivity,60.000000,1,5.480000,2.156293,1.000000,10.000000,5.920000,2.985565,43.360000,10.449421,0,0,59.114807
100001965,100001965,0,accepted,none,0.000000,1,6.600000,2.683282,1.000000,13.000000,7.680000,3.177672,49.000000,0.000000,50,0,69.630645
100001977,100001977,0,rejected,too_close,60.000000,1,5.520000,1.802665,1.000000,10.000000,6.400000,3.676955,49.000000,0.000000,50,0,66.776113
100001981,100001981,0,rejected,too_close,60.000000,1,6.240000,2.760869,1.000000,11.000000,7.280000,3.498800,49.000000,0.000000,50,1,54.581798
100001967,100001967,0,accepted,none,0.000000,1,6.120000,3.017549,1.000000,13.000000,9.320000,4.360917,49.000000,0.000000,50,0,65.785533
100001983,100001983,0,rejected,assert_connectivity,60.000000,1,5.440000,2.174029,2.000000,10.000000,5.120000,3.089595,41.640000,11.394314,0,0,66.315438
100001984,100001984,0,rejected,too_close,60.000000,1,6.640000,2.861887,1.000000,12.000000,8.640000,4.092725,49.000000,0.000000,50,0,63.082758
100001985,100001985,0,rejected,assert_connectivity,60.000000,1,6.080000,3.090890,1.000000,12.000000,8.520000,4.879508,41.480000,11.936901,0,1,58.191330
100001980,100001980,0,accepted,none,0.000000,1,5.400000,2.126029,1.000000,10.000000,6.000000,2.505993,49.000000,0.000000,50,0,63.559603
100001976,100001976,0,accepted,none,0.000000,1,6.440000,2.624195,2.000000,14.000000,9.920000,4.672644,49.000000,0.000000,50,0,63.193990
100001979,100001979,0,accepted,none,0.000000,1,5.680000,2.024253,1.000000,11.000000,8.240000,3.036840,49.000000,0.000000,50,0,71.892247
100001982,100001982,0,accepted,none,0.000000,1,5.960000,2.135041,1.000000,10.000000,6.840000,2.419587,49.000000,0.000000,50,0,65.374236
100001978,100001978,0,accepted,none,0.000000,1,5.840000,2.003597,2.000000,10.000000,6.880000,2.055626,49.000000,0.000000,50,0,71.852399
100001988,100001988,0,rejected,assert_connectivity,60.000000,1,6.200000,3.382307,0.000000,15.000000,8.080000,4.676922,45.120000,9.210081,0,0,74.039994
100001989,100001989,0,rejected,assert_connectivity,60.000000,1,6.480000,2.729396,1.000000,12.000000,8.680000,4.805996,41.480000,11.936901,0,0,61.448024
100001992,100001992,0,rejected,assert_connectivity,60.000000,1,5.960000,2.932303,0.000000,13.000000,7.360000,5.384273,25.920000,14.579218,0,0,51.759176
100001990,100001990,0,rejected,assert_connectivity,60.000000,1,6.520000,2.632413,0.000000,12.000000,7.600000,3.954744,47.040000,6.720000,0,0,69.278107
100001991,100001991,0,rejected,assert_connectivity,60.000000,1,6.160000,3.107153,1.000000,13.000000,6.440000,3.080000,43.360000,10.449421,0,0,60.801789
100001993,100001993,0,rejected,too_close,60.000000,1,7.120000,3.803367,1.000000,15.000000,9.520000,4.784308,49.000000,0.000000,50,0,58.205285
100001995,100001995,0,rejected,assert_connectivity,60.000000,1,7.360000,2.896619,1.000000,13.000000,6.720000,4.228664,29.960000,12.612629,0,0,63.892247
100001994,100001994,0,rejected,assert_connectivity,60.000000,1,6.800000,3.498571,0.000000,13.000000,8.640000,4.174973,47.040000,6.720000,0,0,70.982640
100001997,100001997,0,rejected,assert_connectivity,60.000000,1,5.680000,2.716174,1.000000,11.000000,5.760000,4.343086,24.480000,12.567004,0,0,69.360425
100001996,100001996,0,rejected,assert_connectivity,60.000000,1,5.760000,2.462194,1.000000,10.000000,6.320000,3.518181,45.160000,9.014122,0,1,56.715558
100001987,100001987,0,accepted,none,0.000000,1,5.920000,2.086528,1.000000,10.000000,6.840000,3.270229,49.000000,0.000000,50,0,60.051590
100001998,100001998,0,rejected,assert_connectivity,60.000000,1,6.320000,2.395329,0.000000,11.000000,6.920000,4.241886,36.720000,13.102733,0,1,58.658729
100001999,100001999,0,rejected,assert_connectivity,60.000000,1,5.800000,2.513961,1.000000,10.000000,6.120000,3.922448,38.120000,13.219138,0,0,58.548980
100002001,100002001,0,rejected,assert_connectivity,60.000000,1,7.000000,3.268027,1.000000,13.000000,7.920000,4.293437,33.680000,13.518047,0,0,60.435610
100001986,100001986,0,accepted,none,0.000000,1,5.560000,2.342307,2.000000,10.000000,6.480000,3.251092,49.000000,0.000000,50,0,62.398950
100002005,100002005,0,rejected,assert_connectivity,60.000000,1,4.920000,1.647301,1.000000,8.000000,4.840000,2.300956,31.840000,11.598896,0,0,69.443344
100002004,100002004,0,rejected,too_close,60.000000,1,6.800000,2.884441,1.000000,13.000000,7.120000,2.854050,49.000000,0.000000,50,1,57.329735
100002006,100002006,0,rejected,assert_connectivity,60.000000,1,7.320000,3.022846,1.000000,13.000000,9.600000,4.604346,36.960000,12.491533,0,0,69.457084
100002009,100002009,0,rejected,assert_connectivity,60.000000,1,7.160000,3.120000,1.000000,13.000000,7.400000,3.370460,45.160000,9.014122,0,0,54.549703
100002010,100002010,0,rejected,assert_connectivity,60.000000,1,5.920000,1.831284,3.000000,10.000000,5.400000,3.304542,38.440000,12.348538,0,0,54.160900
100002011,100002011,0,rejected,assert_connectivity,60.000000,1,6.360000,2.681492,0.000000,11.000000,7.680000,3.183960,47.040000,6.720000,0,0,59.997262
100002012,100002012,0,rejected,too_close,60.000000,1,7.160000,3.579721,1.000000,14.000000,8.960000,4.728467,49.000000,0.000000,50,0,63.525578
100002002,100002002,0,accepted,none,0.000000,1,5.560000,2.426190,1.000000,10.000000,7.400000,3.725587,49.000000,0.000000,50,0,68.443461
100002000,100002000,0,accepted,none,0.000000,1,6.240000,2.936392,1.000000,12.000000,7.720000,3.736522,49.000000,0.000000,50,0,68.997777
100002003,100002003,0,accepted,none,0.000000,1,5.720000,2.135790,1.000000,10.000000,6.760000,2.768104,49.000000,0.000000,50,0,71.541878
100002007,100002007,0,accepted,none,0.000000,1,6.680000,2.595689,2.000000,12.000000,6.600000,3.492850,49.000000,0.000000,50,0,59.943862
100002015,100002015,0,rejected,too_close,60.000000,1,6.440000,3.020993,1.000000,14.000000,8.320000,4.291573,49.000000,0.000000,50,0,70.109670
100002016,100002016,0,rejected,too_close,60.000000,1,7.360000,3.691937,1.000000,15.000000,9.280000,5.448082,49.000000,0.000000,50,0,63.103621
100002017,100002017,0,rejected,assert_connectivity,60.000000,1,7.120000,3.467795,0.000000,15.000000,9.240000,3.586419,45.120000,9.210081,0,0,78.226077
100002008,100002008,0,accepted,none,0.000000,1,6.760000,2.320000,2.000000,11.000000,7.520000,3.477010,49.000000,0.000000,50,0,60.523132
100002019,100002019,0,rejected,too_close,60.000000,1,6.040000,2.622670,2.000000,12.000000,8.040000,3.831240,49.000000,0.000000,50,0,65.302356
100002020,100002020,0,rejected,too_close,60.000000,1,5.640000,2.161111,1.000000,10.000000,6.400000,3.286335,49.000000,0.000000,50,0,67.717080
100002021,100002021,0,rejected,assert_connectivity,60.000000,1,5.080000,2.456339,2.000000,10.000000,6.040000,3.104577,41.640000,11.394314,0,0,69.742565
100002024,100002024,0,rejected,assert_connectivity,60.000000,1,4.960000,2.591988,0.000000,10.000000,7.560000,3.699513,45.120000,9.210081,0,0,71.328871
100002025,100002025,0,rejected,too_close,60.000000,1,6.720000,3.394348,1.000000,14.000000,8.560000,3.980754,49.000000,0.000000,50,0,74.786891
100002013,100002013,0,accepted,none,0.000000,1,6.960000,2.870261,1.000000,13.000000,9.640000,4.330173,49.000000,0.000000,50,0,56.655202
100002014,100002014,0,accepted,none,0.000000,1,5.720000,2.191255,2.000000,10.000000,7.760000,3.023640,49.000000,0.000000,50,0,70.021383
100002026,100002026,0,rejected,assert_connectivity,60.000000,1,6.520000,2.342990,2.000000,12.000000,6.240000,2.853489,31.840000,11.598896,0,0,51.045253
100002028,100002028,0,rejected,assert_connectivity,60.000000,1,5.720000,2.280702,1.000000,11.000000,5.160000,2.941836,41.640000,11.394314,0,0,58.210728
100002029,100002029,0,rejected,assert_connectivity,60.000000,1,5.760000,2.311363,1.000000,11.000000,6.680000,3.673908,45.160000,9.014122,0,0,64.495052
100002030,100002030,0,rejected,assert_connectivity,60.000000,1,5.440000,2.299217,0.000000,13.000000,6.880000,3.798105,47.040000,6.720000,0,0,66.972408
100002031,100002031,0,rejected,assert_connectivity,60.000000,1,5.480000,2.491907,0.000000,10.000000,4.240000,3.478850,35.280000,13.130179,0,1,64.410790
100002033,100002033,0,rejected,too_close,60.000000,1,5.640000,1.786169,2.000000,9.000000,6.360000,3.260429,49.000000,0.000000,50,0,60.959834
100002032,100002032,0,rejected,too_close,60.000000,1,6.120000,2.511095,2.000000,12.000000,7.480000,3.021523,49.000000,0.000000,50,1,63.042213
100002034,100002034,0,rejected,assert_connectivity,60.000000,1,6.360000,2.798285,1.000000,12.000000,6.120000,2.775896,36.960000,12.491533,0,0,64.925667
100002037,100002037,0,rejected,assert_connectivity,60.000000,1,6.960000,4.312586,0.000000,17.000000,9.000000,4.591296,45.120000,9.210081,0,1,74.960433
100002018,100002018,0,accepted,none,0.000000,1,7.400000,3.762978,1.000000,15.000000,8.600000,3.671512,49.000000,0.000000,50,0,60.034966
100002038,100002038,0,rejected,assert_connectivity,60.000000,1,6.800000,4.312772,1.000000,15.000000,6.720000,4.010187,45.160000,9.014122,0,1,64.914938
100002023,100002023,0,accepted,none,0.000000,1,6.040000,1.777189,2.000000,10.000000,6.080000,2.951881,49.000000,0.000000,50,0,62.269842
100002022,100002022,0,accepted,none,0.000000,1,6.960000,4.331097,1.000000,16.000000,8.360000,5.003039,49.000000,0.000000,50,0,62.393872
100002040,100002040,0,rejected,too_close,60.000000,1,7.240000,2.724408,1.000000,12.000000,9.800000,3.243455,49.000000,0.000000,50,1,68.529521
100002041,100002041,0,rejected,too_close,60.000000,1,6.160000,2.752163,1.000000,13.000000,7.720000,4.238113,49.000000,0.000000,50,0,69.497821
100002027,100002027,0,accepted,none,0.000000,1,5.240000,2.276489,1.000000,10.000000,6.920000,2.904066,49.000000,0.000000,50,0,62.445674
100002044,100002044,0,rejected,too_close,60.000000,1,6.960000,3.267782,1.000000,13.000000,8.920000,4.088227,49.000000,0.000000,50,0,57.191289
100002045,100002045,0,rejected,assert_connectivity,60.000000,1,6.680000,3.301151,0.000000,14.000000,7.720000,3.376626,47.040000,6.720000,0,0,61.872631
100002046,100002046,0,rejected,assert_connectivity,60.000000,1,6.440000,2.434420,0.000000,11.000000,7.480000,3.889679,33.920000,13.010519,0,0,68.678060
100002047,100002047,0,rejected,assert_connectivity,60.000000,1,5.800000,2.828427,0.000000,11.000000,7.680000,4.584496,41.520000,11.803796,0,0,62.195613
100002035,100002035,0,accepted,none,0.000000,1,5.720000,2.441639,2.000000,12.000000,7.320000,4.066645,49.000000,0.000000,50,0,71.412617
100002048,100002048,0,rejected,assert_connectivity,60.000000,1,7.120000,3.160000,1.000000,12.000000,8.360000,4.353206,41.640000,11.394314,0,0,64.851068
100002051,100002051,0,rejected,assert_connectivity,60.000000,1,6.000000,2.357965,2.000000,11.000000,6.520000,4.285977,41.640000,11.394314,0,0,59.997220
100002036,100002036,0,accepted,none,0.000000,1,6.680000,4.580131,1.000000,16.000000,7.160000,4.842974,49.000000,0.000000,50,0,66.994147
100002052,100002052,0,rejected,assert_connectivity,60.000000,1,6.960000,3.085190,1.000000,13.000000,6.760000,3.473097,40.000000,12.000000,0,1,58.320396
100002053,100002053,0,rejected,assert_connectivity,60.000000,1,5.760000,2.753616,0.000000,13.000000,6.840000,4.355961,24.880000,12.009396,0,0,66.269196
100002042,100002042,0,accepted,none,0.000000,1,4.920000,1.798221,1.000000,9.000000,7.280000,3.046572,49.000000,0.000000,50,0,73.155366
100002043,100002043,0,accepted,none,0.000000,1,5.480000,1.889339,1.000000,10.000000,5.320000,2.701407,49.000000,0.000000,50,0,64.815629
100002054,100002054,0,rejected,assert_connectivity,60.000000,1,6.080000,2.305125,0.000000,10.000000,4.960000,2.785390,47.040000,6.720000,0,0,64.095921
100002039,100002039,0,accepted,none,0.000000,1,6.880000,2.970791,1.000000,13.000000,8.600000,4.275512,49.000000,0.000000,50,0,63.872395
100002055,100002055,0,rejected,assert_connectivity,60.000000,1,6.160000,3.048672,1.000000,12.000000,7.280000,4.409263,43.360000,10.449421,0,0,65.395833
100002056,100002056,0,rejected,assert_connectivity,60.000000,1,5.800000,2.764055,1.000000,12.000000,6.200000,3.805260,45.160000,9.014122,0,0,65.023167
100002057,100002057,0,rejected,assert_connectivity,60.000000,1,5.760000,2.421239,0.000000,9.000000,6.520000,4.011184,47.040000,6.720000,0,1,62.838526
100002058,100002058,0,rejected,assert_connectivity,60.000000,1,6.680000,3.568977,0.000000,13.000000,9.720000,5.230832,43.280000,10.766689,0,0,62.790317
100002059,100002059,0,rejected,assert_connectivity,60.000000,1,5.960000,2.856291,1.000000,11.000000,9.640000,5.443381,43.360000,10.449421,0,0,71.772385
100002062,100002062,0,rejected,too_close,60.000000,1,4.760000,1.656019,1.000000,9.000000,5.960000,2.813965,49.000000,0.000000,50,0,71.368406
100002061,100002061,0,rejected,assert_connectivity,60.000000,1,6.560000,2.646961,0.000000,11.000000,7.400000,3.746999,47.040000,6.720000,0,0,68.446624
100002064,100002064,0,rejected,too_close,60.000000,1,5.120000,1.818131,1.000000,9.000000,5.960000,2.489659,49.000000,0.000000,50,0,77.001434
100002065,100002065,0,rejected,assert_connectivity,60.000000,1,6.440000,3.418538,0.000000,13.000000,7.800000,4.195235,47.040000,6.720000,0,0,62.032855
100002066,100002066,0,rejected,too_close,60.000000,1,6.960000,3.039474,1.000000,12.000000,10.160000,4.026711,49.000000,0.000000,50,0,73.143922
100002050,100002050,0,accepted,none,0.000000,1,5.440000,1.867190,1.000000,9.000000,6.120000,2.909570,49.000000,0.000000,50,0,66.885514
100002049,100002049,0,accepted,none,0.000000,1,6.000000,2.097618,1.000000,10.000000,6.240000,2.362710,49.000000,0.000000,50,0,70.572988
100002068,100002068,0,rejected,assert_connectivity,60.000000,1,5.720000,2.877777,1.000000,11.000000,6.040000,3.509758,38.440000,12.348538,0,0,66.981495
100002072,100002072,0,rejected,assert_connectivity,60.000000,1,6.160000,2.678507,0.000000,11.000000,7.720000,4.664933,36.720000,13.102733,0,0,64.811989
100002073,100002073,0,rejected,assert_connectivity,60.000000,1,6.080000,3.025492,0.000000,12.000000,5.800000,2.764055,39.840000,12.485768,0,0,66.362945
100002074,100002074,0,rejected,assert_connectivity,60.000000,1,6.160000,2.759420,0.000000,13.000000,7.960000,3.725372,45.120000,9.210081,0,0,66.479755
100002060,100002060,0,accepted,none,0.000000,1,5.520000,1.734820,2.000000,9.000000,7.600000,2.856571,49.000000,0.000000,50,0,66.684460
100002075,100002075,0,rejected,assert_connectivity,60.000000,1,6.400000,2.306513,0.000000,10.000000,6.400000,3.883298,47.040000,6.720000,0,0,61.727978
100002063,100002063,0,accepted,none,0.000000,1,6.360000,2.170346,2.000000,11.000000,6.880000,2.612585,49.000000,0.000000,50,0,66.443286
100002067,100002067,0,accepted,none,0.000000,1,5.440000,2.272972,1.000000,11.000000,6.400000,3.052868,49.000000,0.000000,50,0,71.505395
100002077,100002077,0,rejected,too_close,60.000000,1,6.080000,2.287706,2.000000,11.000000,7.800000,3.255764,49.000000,0.000000,50,0,59.006535
100002078,100002078,0,rejected,assert_connectivity,60.000000,1,6.560000,2.981007,2.000000,13.000000,7.040000,4.039604,41.640000,11.394314,0,0,66.370552
100002079,100002079,0,rejected,assert_connectivity,60.000000,1,5.920000,2.629373,0.000000,12.000000,6.120000,2.620229,47.040000,6.720000,0,0,67.277849
100002080,100002080,0,rejected,assert_connectivity,60.000000,1,5.760000,2.825314,0.000000,10.000000,6.400000,3.622154,39.840000,12.485768,0,0,65.623168
100002069,100002069,0,accepted,none,0.000000,1,6.120000,2.016333,1.000000,10.000000,7.800000,3.730952,49.000000,0.000000,50,0,64.989919
100002081,100002081,0,rejected,assert_connectivity,60.000000,1,6.200000,3.019934,1.000000,12.000000,8.640000,4.018756,45.160000,9.014122,0,0,72.559666
100002082,100002082,0,rejected,assert_connectivity,60.000000,1,6.720000,2.884718,1.000000,13.000000,10.960000,4.857818,45.160000,9.014122,0,0,57.620037
100002071,100002071,0,accepted,none,0.000000,1,6.320000,2.549039,2.000000,13.000000,6.440000,2.892473,49.000000,0.000000,50,0,65.356149
100002070,100002070,0,accepted,none,0.000000,1,7.080000,2.575578,2.000000,12.000000,10.480000,4.899959,49.000000,0.000000,50,0,60.465609
100002084,100002084,0,rejected,assert_connectivity,60.000000,1,6.000000,2.778489,1.000000,13.000000,6.760000,3.379704,45.160000,9.014122,0,0,70.116831
100002086,100002086,0,rejected,assert_connectivity,60.000000,1,6.320000,2.564683,2.000000,12.000000,8.560000,4.495153,40.000000,12.000000,0,1,62.807960
100002088,100002088,0,rejected,too_close,60.000000,1,5.560000,1.823842,1.000000,9.000000,6.520000,3.138407,49.000000,0.000000,50,1,67.790660
100002089,100002089,0,rejected,too_close,60.000000,1,7.000000,3.280244,1.000000,14.000000,9.520000,4.378310,49.000000,0.000000,50,0,66.072938
100002090,100002090,0,rejected,assert_connectivity,60.000000,1,5.640000,2.397999,0.000000,11.000000,6.000000,3.954744,36.400000,13.886684,0,0,63.262508
100002091,100002091,0,rejected,too_close,60.000000,1,6.880000,2.688048,1.000000,12.000000,8.240000,4.183587,49.000000,0.000000,50,0,62.287934
100002076,100002076,0,accepted,none,0.000000,1,5.440000,1.940722,1.000000,9.000000,6.640000,3.691937,49.000000,0.000000,50,0,67.307284
100002093,100002093,0,rejected,too_close,60.000000,1,5.480000,2.071135,1.000000,9.000000,7.000000,3.394113,49.000000,0.000000,50,0,63.197663
100002096,100002096,0,rejected,assert_connectivity,60.000000,1,6.600000,2.905168,0.000000,12.000000,7.600000,4.034848,39.840000,12.485768,0,0,69.778341
100002083,100002083,0,accepted,none,0.000000,1,6.760000,2.753616,1.000000,12.000000,10.360000,4.616319,49.000000,0.000000,50,0,64.113238
100002085,100002085,0,accepted,none,0.000000,1,6.960000,3.549422,1.000000,14.000000,6.760000,4.106385,49.000000,0.000000,50,0,65.593381
100002099,100002099,0,rejected,assert_connectivity,60.000000,1,6.040000,2.652998,0.000000,12.000000,8.520000,4.065661,47.040000,6.720000,0,0,68.646054
100002092,100002092,0,accepted,none,0.000000,1,4.800000,1.918333,1.000000,8.000000,6.320000,2.859650,49.000000,0.000000,50,0,65.540850
100002087,100002087,0,accepted,none,0.000000,1,6.600000,3.682391,1.000000,14.000000,9.000000,4.681880,49.000000,0.000000,50,0,66.737673
100002094,100002094,0,accepted,none,0.000000,1,6.320000,2.310325,2.000000,12.000000,6.880000,3.631198,49.000000,0.000000,50,0,61.549739
100002095,100002095,0,accepted,none,0.000000,1,5.360000,1.852134,1.000000,9.000000,6.720000,2.705846,49.000000,0.000000,50,0,68.287425
100002101,100002101,0,rejected,assert_connectivity,60.000000,1,6.280000,2.691022,1.000000,13.000000,7.600000,3.746999,40.000000,12.000000,0,0,65.984126
100002102,100002102,0,rejected,assert_connectivity,60.000000,1,7.480000,3.737593,0.000000,15.000000,8.720000,5.079528,39.680000,12.960617,0,0,65.129303
100002103,100002103,0,rejected,assert_connectivity,60.000000,1,6.320000,2.969444,1.000000,13.000000,6.400000,3.538361,41.640000,11.394314,0,1,61.194752
100002105,100002105,0,rejected,assert_connectivity,60.000000,1,5.600000,2.019901,2.000000,10.000000,5.240000,2.853489,28.000000,9.165151,0,0,52.129500
100002107,100002107,0,rejected,too_close,60.000000,1,6.560000,2.926841,1.000000,12.000000,9.560000,3.661475,49.000000,0.000000,50,0,71.382526
100002097,100002097,0,accepted,none,0.000000,1,6.400000,2.785678,1.000000,11.000000,7.800000,3.671512,49.000000,0.000000,50,0,60.552374
100002109,100002109,0,rejected,assert_connectivity,60.000000,1,6.400000,2.814249,1.000000,11.000000,7.440000,4.539427,41.480000,11.936901,0,0,60.933470
100002110,100002110,0,rejected,assert_connectivity,60.000000,1,5.040000,2.226747,1.000000,10.000000,6.440000,3.589763,45.160000,9.014122,0,0,58.936589
100002111,100002111,0,rejected,assert_connectivity,60.000000,1,5.200000,1.928730,0.000000,10.000000,5.960000,2.891090,47.040000,6.720000,0,0,69.030735
100002112,100002112,0,rejected,assert_connectivity,60.000000,1,5.360000,2.740511,0.000000,12.000000,7.120000,4.198285,41.440000,12.073376,0,0,69.714029
100002114,100002114,0,rejected,assert_connectivity,60.000000,1,6.040000,2.607374,0.000000,10.000000,6.040000,3.583071,26.920000,11.043260,0,0,69.886040
100002098,100002098,0,accepted,none,0.000000,1,5.480000,2.256014,1.000000,10.000000,7.200000,3.778889,49.000000,0.000000,50,0,70.548540
100002116,100002116,0,rejected,assert_connectivity,60.000000,1,5.480000,2.515870,0.000000,12.000000,6.160000,3.727519,38.240000,12.900481,0,0,64.898041
100002100,100002100,0,accepted,none,0.000000,1,5.600000,2.116601,2.000000,10.000000,7.280000,2.960000,49.000000,0.000000,50,0,64.573644
100002106,100002106,0,accepted,none,0.000000,1,5.480000,1.824719,1.000000,9.000000,6.720000,2.800286,49.000000,0.000000,50,0,72.024063
100002117,100002117,0,rejected,assert_connectivity,60.000000,1,7.240000,3.197249,0.000000,12.000000,9.720000,4.895059,47.040000,6.720000,0,0,63.154250
100002104,100002104,0,accepted,none,0.000000,1,6.080000,3.071417,1.000000,13.000000,6.200000,2.374868,49.000000,0.000000,50,0,77.757242
100002108,100002108,0,accepted,none,0.000000,1,5.640000,1.957141,2.000000,9.000000,6.880000,2.620229,49.000000,0.000000,50,0,67.166629
100002119,100002119,0,rejected,assert_connectivity,60.000000,1,5.600000,2.000000,0.000000,10.000000,6.240000,2.867473,47.040000,6.720000,0,0,59.100301
100002120,100002120,0,rejected,assert_connectivity,60.000000,1,6.080000,3.097354,1.000000,13.000000,9.200000,5.063596,45.160000,9.014122,0,0,63.883246
100002121,100002121,0,rejected,too_close,60.000000,1,5.720000,2.433434,1.000000,11.000000,7.400000,3.423449,49.000000,0.000000,50,0,67.006054
100002124,100002124,0,rejected,too_close,60.000000,1,6.240000,2.102950,3.000000,12.000000,8.560000,3.694103,49.000000,0.000000,50,1,61.974124
100002125,100002125,0,rejected,assert_connectivity,60.000000,1,5.960000,2.945912,1.000000,12.000000,7.760000,4.602434,43.360000,10.449421,0,0,74.365637
100002126,100002126,0,rejected,assert_connectivity,60.000000,1,5.560000,1.971395,0.000000,11.000000,5.840000,2.921370,47.040000,6.720000,0,0,59.787206
100002127,100002127,0,rejected,assert_connectivity,60.000000,1,5.360000,1.997599,1.000000,10.000000,7.160000,3.028927,41.640000,11.394314,0,1,70.250058
100002113,100002113,0,accepted,none,0.000000,1,5.680000,2.344696,1.000000,10.000000,6.280000,3.741871,49.000000,0.000000,50,0,68.431509
100002128,100002128,0,rejected,assert_connectivity,60.000000,1,6.280000,2.630893,0.000000,12.000000,8.760000,4.407085,47.040000,6.720000,0,0,66.736159
100002129,100002129,0,rejected,assert_connectivity,60.000000,1,5.520000,2.137662,2.000000,10.000000,5.520000,3.244935,40.000000,12.000000,0,1,61.775568
100002130,100002130,0,rejected,assert_connectivity,60.000000,1,7.160000,3.596443,0.000000,13.000000,9.720000,4.467841,47.040000,6.720000,0,0,62.398097
100002131,100002131,0,rejected,assert_connectivity,60.000000,1,7.600000,3.052868,0.000000,14.000000,10.080000,4.385613,43.280000,10.766689,0,0,60.505378
100002115,100002115,0,accepted,none,0.000000,1,6.320000,2.194903,1.000000,11.000000,6.960000,3.434880,49.000000,0.000000,50,0,61.637250
100002132,100002132,0,rejected,assert_connectivity,60.000000,1,6.480000,2.578682,0.000000,11.000000,8.560000,3.488037,47.040000,6.720000,0,0,68.803067
100002118,100002118,0,accepted,none,0.000000,1,6.480000,2.773013,1.000000,14.000000,7.040000,3.939340,49.000000,0.000000,50,0,62.724146
100002136,100002136,0,rejected,assert_connectivity,60.000000,1,5.800000,2.357965,0.000000,11.000000,7.960000,3.924080,47.040000,6.720000,0,0,68.905900
100002135,100002135,0,rejected,assert_connectivity,60.000000,1,5.720000,2.298173,0.000000,11.000000,6.360000,3.192241,47.040000,6.720000,0,0,61.969093
100002137,100002137,0,rejected,assert_connectivity,60.000000,1,5.880000,3.819110,1.000000,13.000000,7.960000,4.612852,43.360000,10.449421,0,0,74.638440
100002123,100002123,0,accepted,none,0.000000,1,5.160000,1.963263,2.000000,9.000000,7.200000,3.784178,49.000000,0.000000,50,0,63.128147
100002139,100002139,0,rejected,assert_connectivity,60.000000,1,5.080000,2.133917,1.000000,10.000000,6.560000,3.617513,41.640000,11.394314,0,0,65.917947
100002138,100002138,0,rejected,assert_connectivity,60.000000,1,6.200000,2.465766,0.000000,12.000000,6.760000,3.326019,47.040000,6.720000,0,0,62.977431
100002142,100002142,0,rejected,too_close,60.000000,1,5.800000,2.592296,1.000000,12.000000,7.200000,3.033150,49.000000,0.000000,50,0,61.472273
100002143,100002143,0,rejected,assert_connectivity,60.000000,1,6.440000,2.442622,0.000000,11.000000,9.680000,4.730497,47.040000,6.720000,0,0,66.445462
100002145,100002145,0,rejected,assert_connectivity,60.000000,1,6.000000,2.154066,2.000000,10.000000,6.200000,3.212476,29.680000,13.088071,0,0,63.102909
100002122,100002122,0,accepted,none,0.000000,1,7.520000,3.832701,2.000000,15.000000,8.000000,3.298485,49.000000,0.000000,50,0,54.778334
100002146,100002146,0,rejected,assert_connectivity,60.000000,1,5.240000,1.715343,2.000000,10.000000,5.520000,3.448130,40.000000,12.000000,0,0,68.223155
100002147,100002147,0,rejected,assert_connectivity,60.000000,1,6.000000,3.091925,0.000000,13.000000,6.560000,3.347596,41.440000,12.073376,0,0,61.340886
100002148,100002148,0,rejected,assert_connectivity,60.000000,1,6.120000,2.503118,1.000000,12.000000,7.600000,2.828427,45.160000,9.014122,0,0,71.932719
100002133,100002133,0,accepted,none,0.000000,1,5.800000,2.529822,1.000000,12.000000,6.400000,3.464102,49.000000,0.000000,50,0,55.764853
100002150,100002150,0,rejected,assert_connectivity,60.000000,1,5.960000,2.576509,0.000000,12.000000,7.560000,3.567408,47.040000,6.720000,0,1,67.777687
100002134,100002134,0,accepted,none,0.000000,1,7.040000,3.098128,1.000000,13.000000,9.520000,4.040990,49.000000,0.000000,50,0,62.838992
100002151,100002151,0,rejected,assert_connectivity,60.000000,1,6.320000,2.361694,0.000000,11.000000,7.560000,3.341616,47.040000,6.720000,0,1,60.637608
100002140,100002140,0,accepted,none,0.000000,1,5.520000,1.552289,2.000000,8.000000,6.000000,2.481935,49.000000,0.000000,50,0,56.399279
100002152,100002152,0,rejected,assert_connectivity,60.000000,1,6.120000,3.096062,1.000000,14.000000,9.080000,4.511496,43.360000,10.449421,0,0,60.723147
100002141,100002141,0,accepted,none,0.000000,1,6.240000,2.131291,1.000000,10.000000,6.840000,3.500629,49.000000,0.000000,50,0,64.496383
100002154,100002154,0,rejected,assert_connectivity,60.000000,1,6.560000,2.967558,0.000000,12.000000,9.360000,4.511142,43.280000,10.766689,0,0,68.701242
100002155,100002155,0,rejected,assert_connectivity,60.000000,1,5.920000,3.110241,1.000000,15.000000,6.960000,4.608514,34.960000,13.844797,0,0,65.261693
100002156,100002156,0,rejected,assert_connectivity,60.000000,1,5.880000,2.470951,0.000000,11.000000,6.440000,3.899538,45.120000,9.210081,0,0,69.603365
100002157,100002157,0,rejected,assert_connectivity,60.000000,1,5.800000,2.366432,0.000000,11.000000,6.440000,2.836618,47.040000,6.720000,0,0,74.366476
100002159,100002159,0,rejected,assert_connectivity,60.000000,1,6.080000,2.261327,2.000000,11.000000,6.280000,3.218944,40.000000,12.000000,0,0,67.039035
100002158,100002158,0,rejected,too_close,60.000000,1,6.080000,2.216664,1.000000,12.000000,9.480000,4.618398,49.000000,0.000000,50,0,68.975421
100002160,100002160,0,rejected,assert_connectivity,60.000000,1,5.440000,2.499280,0.000000,12.000000,7.320000,3.941776,47.040000,6.720000,0,1,72.499315
100002144,100002144,0,accepted,none,0.000000,1,6.760000,2.470304,1.000000,12.000000,7.960000,3.393877,49.000000,0.000000,50,0,63.082491
100002161,100002161,0,rejected,too_close,60.000000,1,6.160000,2.671030,2.000000,11.000000,6.320000,3.962020,49.000000,0.000000,50,1,63.543694
100002162,100002162,0,rejected,too_close,60.000000,1,6.280000,1.918750,2.000000,11.000000,7.320000,3.252322,49.000000,0.000000,50,1,65.709102
100002166,100002166,0,rejected,assert_connectivity,60.000000,1,5.440000,1.845644,0.000000,9.000000,7.360000,4.194091,47.040000,6.720000,0,0,69.758850
100002149,100002149,0,accepted,none,0.000000,1,6.400000,2.742262,2.000000,13.000000,9.720000,3.810722,49.000000,0.000000,50,0,68.831081
100002153,100002153,0,accepted,none,0.000000,1,6.760000,2.881389,1.000000,12.000000,8.320000,3.396704,49.000000,0.000000,50,0,68.340101
100002170,100002170,0,rejected,assert_connectivity,60.000000,1,5.840000,2.166656,2.000000,11.000000,7.000000,3.481379,43.360000,10.449421,0,0,62.233755
100002165,100002165,0,accepted,none,0.000000,1,5.280000,2.145134,2.000000,10.000000,6.160000,3.294602,49.000000,0.000000,50,0,68.699810
100002163,100002163,0,accepted,none,0.000000,1,6.480000,2.401999,2.000000,11.000000,8.920000,3.621270,49.000000,0.000000,50,0,63.217714
100002167,100002167,0,accepted,none,0.000000,1,6.120000,1.976259,2.000000,9.000000,4.080000,2.496718,49.000000,0.000000,50,0,56.581935
100002171,100002171,0,rejected,assert_connectivity,60.000000,1,5.800000,2.660827,1.000000,11.000000,7.800000,3.979950,38.120000,13.219138,0,1,63.460106
100002164,100002164,0,accepted,none,0.000000,1,7.080000,3.135857,1.000000,13.000000,8.520000,4.021144,49.000000,0.000000,50,0,66.035934
100002173,100002173,0,rejected,too_close,60.000000,1,5.800000,1.928730,1.000000,10.000000,5.800000,2.545584,49.000000,0.000000,50,1,61.337491
100002172,100002172,0,rejected,assert_connectivity,60.000000,1,6.600000,2.877499,0.000000,12.000000,7.360000,3.309139,47.040000,6.720000,0,0,70.093585
100002174,100002174,0,rejected,assert_connectivity,60.000000,1,5.360000,2.233920,1.000000,11.000000,5.320000,2.556873,34.240000,12.293999,0,0,63.761912
100002175,100002175,0,rejected,too_close,60.000000,1,5.280000,2.088444,1.000000,10.000000,7.280000,3.458555,49.000000,0.000000,50,0,58.832789
100002177,100002177,0,rejected,assert_connectivity,60.000000,1,7.280000,3.013569,1.000000,13.000000,6.960000,3.687601,45.160000,9.014122,0,0,57.286321
100002178,100002178,0,rejected,assert_connectivity,60.000000,1,6.400000,2.764055,0.000000,13.000000,7.320000,3.911215,45.120000,9.210081,0,0,60.998372
100002179,100002179,0,rejected,assert_connectivity,60.000000,1,6.520000,2.941020,0.000000,13.000000,6.880000,4.111642,43.280000,10.766689,0,1,66.279891
100002168,100002168,0,accepted,none,0.000000,1,5.960000,2.884164,2.000000,12.000000,8.040000,3.676738,49.000000,0.000000,50,0,56.132563
100002182,100002182,0,rejected,too_close,60.000000,1,6.200000,2.529822,2.000000,12.000000,8.080000,3.526131,49.000000,0.000000,50,0,58.945353
100002183,100002183,0,rejected,too_close,60.000000,1,5.680000,1.702234,1.000000,9.000000,6.080000,2.762897,49.000000,0.000000,50,0,56.109796
100002184,100002184,0,rejected,too_close,60.000000,1,5.680000,2.101809,2.000000,12.000000,5.520000,3.389631,49.000000,0.000000,50,1,64.092436
100002185,100002185,0,rejected,assert_connectivity,60.000000,1,6.520000,2.692508,0.000000,12.000000,8.440000,4.285604,47.040000,6.720000,0,0,70.618650
100002186,100002186,0,rejected,assert_connectivity,60.000000,1,5.840000,1.973423,1.000000,10.000000,7.400000,3.693237,41.640000,11.394314,0,0,61.110208
100002169,100002169,0,accepted,none,0.000000,1,6.800000,2.918904,1.000000,13.000000,8.520000,3.758936,49.000000,0.000000,50,0,66.417774
100002187,100002187,0,rejected,too_close,60.000000,1,6.320000,3.390811,1.000000,14.000000,7.440000,4.114171,49.000000,0.000000,50,1,64.804448
100002190,100002190,0,rejected,assert_connectivity,60.000000,1,5.840000,1.815048,2.000000,10.000000,5.240000,2.604304,30.760000,11.104161,0,0,68.289210
100002176,100002176,0,accepted,none,0.000000,1,5.600000,2.569047,1.000000,10.000000,6.800000,3.072458,49.000000,0.000000,50,0,64.222267
100002180,100002180,0,accepted,none,0.000000,1,5.600000,2.227106,1.000000,10.000000,5.600000,3.181195,49.000000,0.000000,50,0,71.445177
100002194,100002194,0,rejected,assert_connectivity,60.000000,1,5.080000,2.252465,0.000000,11.000000,6.560000,2.836618,47.040000,6.720000,0,0,70.339577
100002181,100002181,0,accepted,none,0.000000,1,5.880000,2.294690,2.000000,10.000000,6.560000,3.359524,49.000000,0.000000,50,0,55.550077
100002188,100002188,0,accepted,none,0.000000,1,6.760000,2.186870,2.000000,12.000000,7.480000,3.354042,49.000000,0.000000,50,0,58.824750
100002191,100002191,0,accepted,none,0.000000,1,6.400000,2.553429,2.000000,11.000000,8.960000,3.382070,49.000000,0.000000,50,0,63.339977
100002192,100002192,0,accepted,none,0.000000,1,6.080000,2.544327,1.000000,11.000000,7.240000,3.701675,49.000000,0.000000,50,0,64.461461
100002197,100002197,0,rejected,assert_connectivity,60.000000,1,6.520000,3.976129,2.000000,16.000000,7.560000,4.733540,34.240000,12.293999,0,0,77.876919
100002189,100002189,0,accepted,none,0.000000,1,7.120000,3.947860,1.000000,15.000000,8.960000,4.841322,49.000000,0.000000,50,0,67.302635
100002199,100002199,0,rejected,assert_connectivity,60.000000,1,7.680000,4.627915,0.000000,16.000000,10.200000,5.473573,39.680000,12.960617,0,0,65.616936
100002200,100002200,0,rejected,assert_connectivity,60.000000,1,5.040000,2.391318,1.000000,11.000000,4.640000,2.696368,38.440000,12.348538,0,0,64.657955
100002201,100002201,0,rejected,assert_connectivity,60.000000,1,5.800000,2.340940,1.000000,10.000000,6.720000,3.566735,25.960000,6.720000,0,0,67.641256
100002202,100002202,0,rejected,assert_connectivity,60.000000,1,6.240000,2.949983,0.000000,13.000000,7.520000,3.790726,45.120000,9.210081,0,0,69.030090
100002193,100002193,0,accepted,none,0.000000,1,5.000000,1.969772,2.000000,10.000000,6.640000,2.414622,49.000000,0.000000,50,0,64.562661
100002203,100002203,0,rejected,assert_connectivity,60.000000,1,5.960000,2.749254,1.000000,12.000000,7.760000,3.947455,45.160000,9.014122,0,0,66.175993
100002204,100002204,0,rejected,assert_connectivity,60.000000,1,6.400000,2.863564,0.000000,12.000000,7.120000,4.164805,47.040000,6.720000,0,0,68.263996
100002207,100002207,0,rejected,assert_connectivity,60.000000,1,6.080000,3.005595,1.000000,13.000000,6.200000,3.815757,45.160000,9.014122,0,0,57.028959
100002205,100002205,0,rejected,assert_connectivity,60.000000,1,7.680000,4.197332,0.000000,15.000000,9.600000,4.862098,47.040000,6.720000,0,0,64.412134
100002208,100002208,0,rejected,assert_connectivity,60.000000,1,5.520000,2.617174,2.000000,11.000000,5.200000,2.668333,26.560000,7.579340,0,0,65.336178
100002196,100002196,0,accepted,none,0.000000,1,6.400000,2.172556,2.000000,11.000000,9.400000,3.989987,49.000000,0.000000,50,0,55.601576
100002195,100002195,0,accepted,none,0.000000,1,5.320000,2.139533,2.000000,10.000000,5.600000,2.668333,49.000000,0.000000,50,0,66.804808
100002209,100002209,0,rejected,assert_connectivity,60.000000,1,6.440000,3.287309,0.000000,13.000000,8.120000,4.255068,47.040000,6.720000,0,0,65.468110
100002210,100002210,0,rejected,too_close,60.000000,1,5.760000,2.223151,1.000000,11.000000,7.040000,4.538546,49.000000,0.000000,50,0,63.310166
100002213,100002213,0,rejected,assert_connectivity,60.000000,1,6.320000,2.935575,1.000000,12.000000,7.760000,4.032667,45.160000,9.014122,0,0,59.328749
100002214,100002214,0,rejected,assert_connectivity,60.000000,1,5.080000,2.575578,0.000000,12.000000,7.240000,4.479107,39.840000,12.485768,0,0,74.782761
100002215,100002215,0,rejected,assert_connectivity,60.000000,1,5.440000,2.210520,0.000000,10.000000,6.440000,2.786826,43.240000,10.924395,0,0,72.366348
100002218,100002218,0,rejected,assert_connectivity,60.000000,1,5.560000,2.237499,1.000000,9.000000,4.800000,2.391652,40.000000,12.000000,0,0,62.239184
100002198,100002198,0,accepted,none,0.000000,1,6.440000,2.450796,2.000000,12.000000,7.840000,3.931208,49.000000,0.000000,50,0,63.967284
100002220,100002220,0,rejected,assert_connectivity,60.000000,1,7.080000,3.451608,0.000000,15.000000,10.080000,5.098392,47.040000,6.720000,0,0,63.771448
100002206,100002206,0,accepted,none,0.000000,1,5.400000,2.244994,2.000000,10.000000,6.600000,2.727636,49.000000,0.000000,50,0,69.163464
100002212,100002212,0,accepted,none,0.000000,1,5.720000,1.918750,1.000000,9.000000,6.400000,3.778889,49.000000,0.000000,50,0,64.376717
100002211,100002211,0,accepted,none,0.000000,1,5.600000,2.457641,1.000000,10.000000,7.080000,3.363570,49.000000,0.000000,50,0,69.418191
100002223,100002223,0,rejected,assert_connectivity,60.000000,1,5.440000,2.450796,0.000000,10.000000,7.360000,4.008790,47.040000,6.720000,0,1,62.070086
100002217,100002217,0,accepted,none,0.000000,1,6.240000,3.114868,2.000000,15.000000,6.240000,4.081960,49.000000,0.000000,50,0,65.689414
100002216,100002216,0,accepted,none,0.000000,1,6.720000,3.370697,1.000000,15.000000,6.400000,3.117691,49.000000,0.000000,50,0,67.924614
100002225,100002225,0,rejected,assert_connectivity,60.000000,1,6.360000,3.090372,0.000000,13.000000,8.480000,4.459776,47.040000,6.720000,0,0,66.665716
100002226,100002226,0,rejected,assert_connectivity,60.000000,1,7.240000,4.268770,1.000000,16.000000,9.000000,5.649779,25.160000,11.688216,0,0,63.185764
100002228,100002228,0,rejected,too_close,60.000000,1,6.360000,2.854891,1.000000,13.000000,7.640000,4.208373,49.000000,0.000000,50,0,65.005842
100002219,100002219,0,accepted,none,0.000000,1,6.240000,1.985548,2.000000,11.000000,7.160000,3.431385,49.000000,0.000000,50,0,67.387242
100002229,100002229,0,rejected,too_close,60.000000,1,6.400000,2.457641,2.000000,11.000000,8.600000,4.543127,49.000000,0.000000,50,1,71.868760
100002230,100002230,0,rejected,assert_connectivity,60.000000,1,6.760000,3.625245,0.000000,14.000000,7.320000,4.125239,38.240000,12.900481,0,0,62.627020
100002231,100002231,0,rejected,assert_connectivity,60.000000,1,6.520000,2.685070,1.000000,12.000000,7.280000,4.275699,36.560000,13.492457,0,0,61.509438
100002233,100002233,0,rejected,assert_connectivity,60.000000,1,5.800000,2.481935,1.000000,11.000000,6.640000,3.587534,45.160000,9.014122,0,0,65.894999
100002234,100002234,0,rejected,assert_connectivity,60.000000,1,5.560000,2.491265,0.000000,10.000000,7.960000,3.632960,47.040000,6.720000,0,0,67.509017
100002221,100002221,0,accepted,none,0.000000,1,5.760000,2.083843,1.000000,11.000000,7.800000,3.174902,49.000000,0.000000,50,0,59.667471
100002222,100002222,0,accepted,none,0.000000,1,5.880000,2.665633,1.000000,13.000000,6.640000,3.192241,49.000000,0.000000,50,0,64.864049
100002235,100002235,0,rejected,too_close,60.000000,1,5.800000,2.630589,1.000000,12.000000,8.920000,4.381050,49.000000,0.000000,50,0,68.480407
100002236,100002236,0,rejected,assert_connectivity,60.000000,1,5.520000,2.609521,0.000000,12.000000,7.520000,3.471253,43.280000,10.766689,0,0,65.889785
100002224,100002224,0,accepted,none,0.000000,1,6.080000,2.528557,2.000000,11.000000,5.360000,2.875830,49.000000,0.000000,50,0,57.814267
100002240,100002240,0,rejected,assert_connectivity,60.000000,1,6.360000,3.198500,0.000000,13.000000,9.520000,4.784308,47.040000,6.720000,0,0,65.271301
100002227,100002227,0,accepted,none,0.000000,1,6.000000,2.576820,1.000000,11.000000,8.280000,3.627892,49.000000,0.000000,50,0,64.368653
100002232,100002232,0,accepted,none,0.000000,1,6.240000,1.903260,2.000000,11.000000,6.640000,2.696368,49.000000,0.000000,50,0,61.574419
100002237,100002237,0,accepted,none,0.000000,1,5.840000,2.411307,2.000000,12.000000,7.440000,3.634061,49.000000,0.000000,50,0,54.660598
100002238,100002238,0,accepted,none,0.000000,1,6.680000,2.370148,1.000000,11.000000,8.440000,3.965653,49.000000,0.000000,50,0,64.382892
100002241,100002241,0,accepted,none,0.000000,1,5.960000,1.989573,2.000000,10.000000,8.480000,3.401411,49.000000,0.000000,50,0,68.626438
100002239,100002239,0,accepted,none,0.000000,1,5.880000,2.702887,1.000000,11.000000,7.480000,3.424850,49.000000,0.000000,50,0,60.559226
100002247,100002247,0,rejected,too_close,60.000000,1,6.280000,2.182109,2.000000,11.000000,6.560000,3.188479,49.000000,0.000000,50,1,68.947003
100002248,100002248,0,rejected,assert_connectivity,60.000000,1,6.000000,2.537716,0.000000,11.000000,6.920000,3.730094,47.040000,6.720000,0,0,59.226779
100002242,100002242,0,accepted,none,0.000000,1,5.960000,3.149349,1.000000,13.000000,6.880000,3.024169,49.000000,0.000000,50,0,61.016697
100002250,100002250,0,rejected,assert_connectivity,60.000000,1,5.720000,2.107510,0.000000,10.000000,7.760000,3.313970,47.040000,6.720000,0,0,67.666088
100002243,100002243,0,accepted,none,0.000000,1,5.600000,2.135416,1.000000,11.000000,6.160000,2.795425,49.000000,0.000000,50,0,69.084708
100002252,100002252,0,rejected,assert_connectivity,60.000000,1,5.640000,2.666533,1.000000,12.000000,7.520000,4.695700,39.760000,12.720943,0,0,71.822444
100002244,100002244,0,accepted,none,0.000000,1,5.840000,2.352531,1.000000,11.000000,5.040000,2.416278,49.000000,0.000000,50,0,60.196162
100002255,100002255,0,rejected,assert_connectivity,60.000000,1,6.280000,2.863844,1.000000,14.000000,8.840000,5.201384,36.560000,13.492457,0,0,62.979433
100002245,100002245,0,accepted,none,0.000000,1,6.320000,2.549039,1.000000,12.000000,8.640000,4.407993,49.000000,0.000000,50,0,63.941348
100002256,100002256,0,rejected,assert_connectivity,60.000000,1,5.920000,2.423551,0.000000,11.000000,7.960000,3.405642,47.040000,6.720000,0,0,70.674032
100002257,100002257,0,rejected,assert_connectivity,60.000000,1,5.280000,2.191255,2.000000,11.000000,6.800000,3.862642,41.640000,11.394314,0,0,71.804377
100002258,100002258,0,rejected,assert_connectivity,60.000000,1,6.280000,2.538031,1.000000,11.000000,6.880000,3.942791,40.000000,12.000000,0,0,61.308172
100002259,100002259,0,rejected,too_close,60.000000,1,6.200000,2.584570,3.000000,12.000000,8.280000,4.054824,49.000000,0.000000,50,0,66.656400
100002246,100002246,0,accepted,none,0.000000,1,7.080000,3.038684,2.000000,14.000000,9.520000,4.313885,49.000000,0.000000,50,0,70.750730
100002251,100002251,0,accepted,none,0.000000,1,5.640000,1.740804,1.000000,9.000000,7.200000,3.243455,49.000000,0.000000,50,0,71.957052
100002254,100002254,0,accepted,none,0.000000,1,5.440000,1.981515,1.000000,10.000000,5.680000,3.414323,49.000000,0.000000,50,0,67.353186
100002261,100002261,0,rejected,assert_connectivity,60.000000,1,5.600000,1.949359,2.000000,10.000000,5.760000,2.462194,43.360000,10.449421,0,0,55.978414
100002249,100002249,0,accepted,none,0.000000,1,6.520000,2.837182,2.000000,13.000000,7.880000,3.631198,49.000000,0.000000,50,0,68.630693
100002265,100002265,0,rejected,assert_connectivity,60.000000,1,6.080000,2.659624,1.000000,11.000000,5.640000,3.122563,29.680000,13.088071,0,0,49.548844
100002263,100002263,0,rejected,assert_connectivity,60.000000,1,6.640000,3.051295,0.000000,12.000000,9.520000,4.410170,38.240000,12.900481,0,0,63.351582
100002264,100002264,0,rejected,assert_connectivity,60.000000,1,5.360000,2.188698,1.000000,11.000000,6.920000,3.783332,40.000000,12.000000,0,0,65.281266
100002253,100002253,0,accepted,none,0.000000,1,6.640000,2.364403,1.000000,11.000000,8.480000,3.661912,49.000000,0.000000,50,0,67.333536
100002266,100002266,0,rejected,assert_connectivity,60.000000,1,6.400000,3.280244,1.000000,12.000000,9.440000,4.932180,45.160000,9.014122,0,0,64.358151
100002267,100002267,0,rejected,assert_connectivity,60.000000,1,5.800000,2.473863,1.000000,11.000000,5.920000,4.325922,36.480000,13.682456,0,0,52.297451
100002268,100002268,0,rejected,assert_connectivity,60.000000,1,6.760000,3.997799,0.000000,14.000000,9.400000,4.498889,43.280000,10.766689,0,0,78.346666
100002272,100002272,0,rejected,assert_connectivity,60.000000,1,6.720000,3.709663,0.000000,14.000000,8.000000,4.044750,41.520000,11.803796,0,0,63.570294
100002274,100002274,0,rejected,assert_connectivity,60.000000,1,6.600000,3.768289,0.000000,15.000000,8.960000,4.967736,43.280000,10.766689,0,0,66.565359
100002275,100002275,0,rejected,too_close,60.000000,1,5.840000,2.212329,1.000000,9.000000,7.200000,3.693237,49.000000,0.000000,50,1,65.120487
100002260,100002260,0,accepted,none,0.000000,1,6.440000,2.699333,1.000000,14.000000,8.280000,3.649877,49.000000,0.000000,50,0,72.760874
100002277,100002277,0,rejected,assert_connectivity,60.000000,1,5.920000,3.236294,1.000000,14.000000,7.560000,4.587636,43.360000,10.449421,0,0,55.584131
100002262,100002262,0,accepted,none,0.000000,1,6.080000,2.667133,1.000000,12.000000,7.680000,3.390811,49.000000,0.000000,50,0,72.876433
100002278,100002278,0,rejected,assert_connectivity,60.000000,1,6.680000,3.029455,0.000000,13.000000,9.000000,4.690416,43.280000,10.766689,0,0,66.384713
100002270,100002270,0,accepted,none,0.000000,1,6.520000,3.163795,1.000000,12.000000,7.680000,3.921428,49.000000,0.000000,50,0,56.025272
100002269,100002269,0,accepted,none,0.000000,1,6.320000,3.062287,1.000000,14.000000,7.920000,4.127178,49.000000,0.000000,50,0,65.302125
100002280,100002280,0,rejected,too_close,60.000000,1,5.600000,1.562050,2.000000,8.000000,7.000000,3.310589,49.000000,0.000000,50,0,69.739962
100002271,100002271,0,accepted,none,0.000000,1,6.600000,2.912044,1.000000,12.000000,8.160000,3.743581,49.000000,0.000000,50,0,62.689473
100002273,100002273,0,accepted,none,0.000000,1,6.440000,2.307899,1.000000,12.000000,8.600000,4.308132,49.000000,0.000000,50,0,58.880540
100002282,100002282,0,rejected,assert_connectivity,60.000000,1,6.440000,2.669532,1.000000,12.000000,6.880000,2.746926,24.360000,2.978322,0,0,59.665862
100002286,100002286,0,rejected,too_close,60.000000,1,6.480000,3.008255,1.000000,11.000000,8.120000,4.497288,49.000000,0.000000,50,0,65.942573
100002287,100002287,0,rejected,assert_connectivity,60.000000,1,5.960000,2.097236,1.000000,10.000000,7.640000,3.983767,45.160000,9.014122,0,1,59.160670
100002276,100002276,0,accepted,none,0.000000,1,5.640000,2.233920,2.000000,11.000000,8.320000,3.081818,49.000000,0.000000,50,0,58.684699
100002289,100002289,0,rejected,assert_connectivity,60.000000,1,6.120000,2.888875,0.000000,12.000000,7.240000,4.654288,38.000000,13.542526,0,0,59.597749
100002290,100002290,0,rejected,assert_connectivity,60.000000,1,5.640000,2.422891,1.000000,11.000000,5.000000,2.814249,20.720000,8.138894,0,0,56.617522
100002279,100002279,0,accepted,none,0.000000,1,5.320000,1.725572,1.000000,9.000000,6.280000,3.316866,49.000000,0.000000,50,0,70.713883
100002291,100002291,0,rejected,assert_connectivity,60.000000,1,7.880000,4.306460,1.000000,17.000000,10.360000,4.620649,45.160000,9.014122,0,0,55.427403
100002281,100002281,0,accepted,none,0.000000,1,5.960000,2.449163,1.000000,12.000000,8.320000,4.066645,49.000000,0.000000,50,0,71.049736
100002285,100002285,0,accepted,none,0.000000,1,6.240000,3.095545,2.000000,13.000000,7.960000,3.778677,49.000000,0.000000,50,0,56.339664
100002293,100002293,0,rejected,assert_connectivity,60.000000,1,7.080000,3.692371,0.000000,15.000000,9.080000,4.824272,47.040000,6.720000,0,0,59.781514
100002284,100002284,0,accepted,none,0.000000,1,5.680000,2.327574,1.000000,10.000000,7.280000,3.117948,49.000000,0.000000,50,0,71.567317
100002295,100002295,0,rejected,assert_connectivity,60.000000,1,5.800000,2.297825,0.000000,10.000000,6.000000,3.469870,41.520000,11.803796,0,1,65.213139
100002283,100002283,0,accepted,none,0.000000,1,7.000000,3.149603,1.000000,13.000000,9.480000,4.248482,49.000000,0.000000,50,0,62.894415
100002296,100002296,0,rejected,too_close,60.000000,1,7.360000,3.044733,1.000000,13.000000,9.920000,4.353573,49.000000,0.000000,50,0,64.441212
100002299,100002299,0,rejected,assert_connectivity,60.000000,1,6.360000,2.854891,0.000000,12.000000,8.880000,4.366417,47.040000,6.720000,0,0,68.432912
100002288,100002288,0,accepted,none,0.000000,1,5.800000,2.489980,1.000000,11.000000,6.040000,2.473540,49.000000,0.000000,50,0,66.100147
100002302,100002302,0,rejected,assert_connectivity,60.000000,1,6.360000,3.096837,1.000000,14.000000,8.960000,4.894732,41.640000,11.394314,0,0,72.873434
100002292,100002292,0,accepted,none,0.000000,1,5.760000,2.328605,1.000000,12.000000,7.640000,3.718925,49.000000,0.000000,50,0,64.399131
100002304,100002304,0,rejected,assert_connectivity,60.000000,1,6.200000,2.764055,0.000000,14.000000,7.320000,3.426018,47.040000,6.720000,0,0,59.174797
100002294,100002294,0,accepted,none,0.000000,1,5.640000,2.381260,1.000000,10.000000,6.440000,2.491265,49.000000,0.000000,50,0,68.319968
100002306,100002306,0,rejected,assert_connectivity,60.000000,1,6.760000,2.760869,0.000000,13.000000,9.040000,3.815547,47.040000,6.720000,0,0,55.075657
100002297,100002297,0,accepted,none,0.000000,1,5.680000,2.139533,1.000000,11.000000,6.480000,3.195246,49.000000,0.000000,50,0,62.887593
100002298,100002298,0,accepted,none,0.000000,1,5.920000,1.988366,2.000000,10.000000,7.640000,3.064376,49.000000,0.000000,50,0,67.681173
100002300,100002300,0,accepted,none,0.000000,1,6.760000,2.867473,2.000000,12.000000,7.800000,4.204759,49.000000,0.000000,50,0,60.935608
100002307,100002307,0,rejected,assert_connectivity,60.000000,1,6.760000,3.403293,1.000000,15.000000,9.760000,5.186752,38.440000,12.348538,0,0,71.749582
100002301,100002301,0,accepted,none,0.000000,1,5.440000,1.951000,2.000000,10.000000,7.000000,3.538361,49.000000,0.000000,50,0,63.479237
100002309,100002309,0,rejected,too_close,60.000000,1,5.680000,2.493512,1.000000,10.000000,8.440000,3.584187,49.000000,0.000000,50,1,71.461185
100002311,100002311,0,rejected,too_close,60.000000,1,5.800000,2.209072,1.000000,11.000000,7.040000,3.218447,49.000000,0.000000,50,0,71.394681
100002312,100002312,0,rejected,too_close,60.000000,1,5.240000,1.995595,1.000000,9.000000,6.480000,2.981543,49.000000,0.000000,50,0,66.963974
100002313,100002313,0,rejected,too_close,60.000000,1,6.120000,2.604918,1.000000,12.000000,6.960000,3.583071,49.000000,0.000000,50,1,67.062718
100002314,100002314,0,rejected,assert_connectivity,60.000000,1,6.920000,3.186471,0.000000,12.000000,9.320000,3.775924,47.040000,6.720000,0,0,57.970617
100002303,100002303,0,accepted,none,0.000000,1,6.920000,3.357618,1.000000,14.000000,10.200000,5.031898,49.000000,0.000000,50,0,64.215684
100002317,100002317,0,rejected,assert_connectivity,60.000000,1,6.880000,4.474997,0.000000,15.000000,7.080000,4.156152,47.040000,6.720000,0,1,74.965200
100002305,100002305,0,accepted,none,0.000000,1,5.960000,2.979664,2.000000,11.000000,6.160000,3.195997,49.000000,0.000000,50,0,53.394252
100002318,100002318,0,rejected,assert_connectivity,60.000000,1,7.040000,3.370223,0.000000,15.000000,8.920000,3.587980,47.040000,6.720000,0,0,66.102981
100002320,100002320,0,rejected,assert_connectivity,60.000000,1,7.280000,3.826434,0.000000,15.000000,8.480000,5.539819,36.520000,13.598882,0,0,65.704987
100002321,100002321,0,rejected,assert_connectivity,60.000000,1,6.360000,2.688940,1.000000,12.000000,9.040000,4.529724,45.160000,9.014122,0,0,69.104907
100002322,100002322,0,rejected,too_close,60.000000,1,5.880000,2.113197,1.000000,12.000000,8.360000,4.013776,49.000000,0.000000,50,0,65.448791
100002308,100002308,0,accepted,none,0.000000,1,5.680000,1.912485,1.000000,9.000000,5.320000,1.859462,49.000000,0.000000,50,0,64.018884
100002323,100002323,0,rejected,assert_connectivity,60.000000,1,6.640000,3.266558,0.000000,13.000000,8.320000,4.523008,43.280000,10.766689,0,1,67.825917
100002310,100002310,0,accepted,none,0.000000,1,5.760000,2.649981,1.000000,11.000000,6.640000,2.636361,49.000000,0.000000,50,0,64.685527
100002326,100002326,0,rejected,assert_connectivity,60.000000,1,5.560000,2.401333,2.000000,13.000000,4.600000,2.059126,28.840000,9.877976,0,0,63.032960
100002327,100002327,0,rejected,assert_connectivity,60.000000,1,5.800000,2.049390,2.000000,9.000000,7.440000,4.508481,43.360000,10.449421,0,0,60.364345
100002316,100002316,0,accepted,none,0.000000,1,5.640000,1.987561,2.000000,9.000000,7.040000,2.288755,49.000000,0.000000,50,0,66.257523
100002329,100002329,0,rejected,too_close,60.000000,1,5.480000,2.351510,1.000000,10.000000,6.240000,2.604304,49.000000,0.000000,50,1,65.018028
100002330,100002330,0,rejected,assert_connectivity,60.000000,1,5.760000,2.943196,0.000000,13.000000,6.440000,5.165888,45.120000,9.210081,0,0,65.111706
100002331,100002331,0,rejected,assert_connectivity,60.000000,1,5.160000,2.352531,1.000000,11.000000,5.720000,3.649877,27.880000,11.566573,0,1,64.609452
100002315,100002315,0,accepted,none,0.000000,1,7.120000,3.536326,1.000000,14.000000,11.240000,5.124685,49.000000,0.000000,50,0,61.895981
100002319,100002319,0,accepted,none,0.000000,1,5.680000,1.760000,2.000000,9.000000,8.520000,2.988244,49.000000,0.000000,50,0,65.079938
100002334,100002334,0,rejected,assert_connectivity,60.000000,1,5.600000,2.505993,1.000000,11.000000,4.920000,3.783332,26.600000,13.529228,0,0,64.078423
100002332,100002332,0,rejected,assert_connectivity,60.000000,1,5.800000,2.698148,1.000000,13.000000,8.720000,4.728805,41.640000,11.394314,0,0,73.900686
100002333,100002333,0,rejected,assert_connectivity,60.000000,1,6.880000,3.444648,0.000000,14.000000,8.840000,3.986778,47.040000,6.720000,0,0,62.950219
100002336,100002336,0,rejected,assert_connectivity,60.000000,1,6.000000,3.065942,0.000000,12.000000,6.840000,4.105411,47.040000,6.720000,0,0,64.286703
100002337,100002337,0,rejected,assert_connectivity,60.000000,1,7.080000,3.217701,0.000000,14.000000,9.720000,4.436395,47.040000,6.720000,0,0,71.622007
100002338,100002338,0,rejected,assert_connectivity,60.000000,1,6.920000,2.951881,0.000000,13.000000,8.720000,4.312957,43.280000,10.766689,0,1,63.075680
100002325,100002325,0,accepted,none,0.000000,1,5.760000,2.634843,2.000000,12.000000,8.160000,4.173056,49.000000,0.000000,50,0,67.117009
100002340,100002340,0,rejected,too_close,60.000000,1,6.920000,2.216664,2.000000,11.000000,9.080000,3.882473,49.000000,0.000000,50,1,66.142098
100002328,100002328,0,accepted,none,0.000000,1,5.520000,2.499920,1.000000,11.000000,9.120000,4.384701,49.000000,0.000000,50,0,69.783644
100002324,100002324,0,accepted,none,0.000000,1,5.760000,2.811121,1.000000,12.000000,7.960000,3.778677,49.000000,0.000000,50,0,74.398642
100002343,100002343,0,rejected,assert_connectivity,60.000000,1,5.320000,2.043918,0.000000,9.000000,7.720000,4.200190,47.040000,6.720000,0,0,70.620499
100002345,100002345,0,rejected,assert_connectivity,60.000000,1,6.000000,2.306513,1.000000,11.000000,6.120000,3.380178,35.560000,12.464606,0,0,64.883043
100002346,100002346,0,rejected,assert_connectivity,60.000000,1,8.040000,4.242452,0.000000,16.000000,10.600000,5.063596,47.040000,6.720000,0,0,62.402629
100002347,100002347,0,rejected,too_close,60.000000,1,6.120000,2.329292,1.000000,12.000000,8.640000,4.311659,49.000000,0.000000,50,1,68.223146
100002348,100002348,0,rejected,assert_connectivity,60.000000,1,5.560000,1.823842,2.000000,10.000000,6.080000,3.451608,40.000000,12.000000,0,0,57.132796
100002349,100002349,0,rejected,assert_connectivity,60.000000,1,6.880000,3.685865,0.000000,15.000000,9.520000,5.064543,41.520000,11.803796,0,0,67.055953
100002335,100002335,0,accepted,none,0.000000,1,6.680000,2.852648,1.000000,12.000000,7.920000,2.711752,49.000000,0.000000,50,0,61.817126
100002351,100002351,0,rejected,assert_connectivity,60.000000,1,5.840000,1.781685,1.000000,9.000000,6.520000,3.567856,36.960000,12.491533,0,0,65.618479
100002339,100002339,0,accepted,none,0.000000,1,6.080000,2.096092,1.000000,10.000000,6.080000,3.820157,49.000000,0.000000,50,0,63.484843
100002352,100002352,0,rejected,assert_connectivity,60.000000,1,6.040000,2.537400,2.000000,11.000000,5.880000,2.825880,28.000000,9.165151,0,0,58.146749
100002353,100002353,0,rejected,assert_connectivity,60.000000,1,6.640000,3.380887,0.000000,14.000000,5.960000,3.052605,23.840000,5.547468,0,0,57.866838
100002341,100002341,0,accepted,none,0.000000,1,5.960000,1.886372,2.000000,9.000000,7.840000,3.722150,49.000000,0.000000,50,0,57.637972
100002354,100002354,0,rejected,too_close,60.000000,1,6.000000,2.764055,2.000000,13.000000,6.520000,3.354042,49.000000,0.000000,50,1,66.935084
100002355,100002355,0,rejected,too_close,60.000000,1,5.800000,2.297825,1.000000,10.000000,8.280000,3.124356,49.000000,0.000000,50,1,62.835002
100002357,100002357,0,rejected,too_close,60.000000,1,5.320000,1.837825,2.000000,9.000000,5.080000,2.644542,49.000000,0.000000,50,0,69.695346
100002356,100002356,0,rejected,assert_connectivity,60.000000,1,5.960000,2.314822,0.000000,9.000000,7.320000,3.313246,47.040000,6.720000,0,1,66.454975
100002344,100002344,0,accepted,none,0.000000,1,4.800000,1.897367,1.000000,9.000000,6.120000,3.350463,49.000000,0.000000,50,0,69.162278
100002358,100002358,0,rejected,assert_connectivity,60.000000,1,6.080000,2.674621,1.000000,11.000000,5.720000,4.118446,41.640000,11.394314,0,0,65.058572
100002359,100002359,0,rejected,assert_connectivity,60.000000,1,5.760000,2.328605,0.000000,11.000000,7.680000,3.849364,47.040000,6.720000,0,0,70.181507
100002360,100002360,0,rejected,assert_connectivity,60.000000,1,6.120000,2.550608,1.000000,12.000000,7.240000,4.012780,45.160000,9.014122,0,0,65.799987
100002362,100002362,0,rejected,assert_connectivity,60.000000,1,5.880000,2.150721,0.000000,11.000000,7.640000,3.148079,47.040000,6.720000,0,0,64.506574
100002342,100002342,0,accepted,none,0.000000,1,6.880000,2.169239,2.000000,11.000000,8.840000,4.071167,49.000000,0.000000,50,0,65.236986
100002364,100002364,0,rejected,assert_connectivity,60.000000,1,5.920000,2.696961,0.000000,11.000000,6.200000,3.768289,43.280000,10.766689,0,0,62.528367
100002365,100002365,0,rejected,assert_connectivity,60.000000,1,5.680000,2.203996,0.000000,11.000000,7.360000,3.309139,47.040000,6.720000,0,0,61.753415
100002367,100002367,0,rejected,too_close,60.000000,1,5.400000,1.800000,1.000000,10.000000,6.080000,2.985565,49.000000,0.000000,50,0,60.052460
100002366,100002366,0,rejected,assert_connectivity,60.000000,1,6.280000,2.821631,0.000000,12.000000,7.920000,4.265396,47.040000,6.720000,0,0,65.396892
100002368,100002368,0,rejected,assert_connectivity,60.000000,1,5.680000,2.679104,0.000000,11.000000,6.760000,3.108440,47.040000,6.720000,0,0,70.371078
100002369,100002369,0,rejected,assert_connectivity,60.000000,1,5.720000,2.646054,1.000000,11.000000,7.000000,4.233202,41.640000,11.394314,0,0,68.799650
100002370,100002370,0,rejected,assert_connectivity,60.000000,1,5.600000,2.569047,1.000000,12.000000,6.200000,3.364521,43.360000,10.449421,0,0,66.647395
100002371,100002371,0,rejected,assert_connectivity,60.000000,1,5.760000,2.811121,1.000000,12.000000,7.600000,3.867816,45.160000,9.014122,0,1,67.650394
100002350,100002350,0,accepted,none,0.000000,1,6.240000,2.121886,2.000000,10.000000,9.040000,3.903639,49.000000,0.000000,50,0,66.818882
100002373,100002373,0,rejected,too_close,60.000000,1,5.920000,3.058366,1.000000,12.000000,9.200000,4.749737,49.000000,0.000000,50,0,64.896945
100002374,100002374,0,rejected,assert_connectivity,60.000000,1,6.480000,2.586426,0.000000,12.000000,8.800000,3.352611,47.040000,6.720000,0,0,71.683940
100002375,100002375,0,rejected,assert_connectivity,60.000000,1,6.680000,3.331306,0.000000,12.000000,9.000000,4.737088,47.040000,6.720000,0,0,62.574986
100002376,100002376,0,rejected,assert_connectivity,60.000000,1,5.880000,2.732325,0.000000,10.000000,9.160000,3.936293,45.120000,9.210081,0,0,77.973933
100002378,100002378,0,rejected,too_close,60.000000,1,5.840000,2.516823,1.000000,11.000000,6.240000,2.949983,49.000000,0.000000,50,0,72.064309
100002379,100002379,0,rejected,assert_connectivity,60.000000,1,7.360000,3.223414,0.000000,13.000000,9.440000,4.548230,43.240000,10.924395,0,0,65.367669
100002381,100002381,0,rejected,assert_connectivity,60.000000,1,6.000000,2.742262,1.000000,13.000000,7.560000,3.672383,43.360000,10.449421,0,0,60.325062
100002382,100002382,0,rejected,assert_connectivity,60.000000,1,6.480000,3.041316,1.000000,14.000000,8.240000,4.212173,38.440000,12.348538,0,0,66.980482
100002383,100002383,0,rejected,assert_connectivity,60.000000,1,5.880000,2.187601,0.000000,10.000000,4.800000,3.394113,33.920000,13.010519,0,0,60.136302
100002361,100002361,0,accepted,none,0.000000,1,5.880000,2.943739,2.000000,12.000000,6.120000,2.943739,49.000000,0.000000,50,0,58.172357
100002384,100002384,0,rejected,too_close,60.000000,1,6.480000,3.041316,1.000000,13.000000,8.920000,4.577510,49.000000,0.000000,50,0,62.479084
100002385,100002385,0,rejected,assert_connectivity,60.000000,1,6.200000,1.989975,0.000000,11.000000,7.000000,3.292416,47.040000,6.720000,0,0,71.638717
100002363,100002363,0,accepted,none,0.000000,1,6.560000,3.281219,1.000000,14.000000,8.160000,3.477700,49.000000,0.000000,50,0,66.961681
100002388,100002388,0,rejected,assert_connectivity,60.000000,1,5.960000,2.668033,2.000000,11.000000,6.960000,4.151915,41.640000,11.394314,0,0,62.957723
100002389,100002389,0,rejected,assert_connectivity,60.000000,1,7.040000,3.334426,0.000000,15.000000,9.640000,5.202922,32.640000,12.765203,0,0,66.243617
100002390,100002390,0,rejected,assert_connectivity,60.000000,1,6.160000,2.610441,1.000000,10.000000,6.320000,4.249423,36.480000,13.682456,0,0,57.927439
100002372,100002372,0,accepted,none,0.000000,1,6.200000,2.190890,2.000000,10.000000,6.400000,2.742262,49.000000,0.000000,50,0,72.266769
100002393,100002393,0,rejected,assert_connectivity,60.000000,1,6.400000,2.986637,0.000000,12.000000,8.080000,4.603651,33.440000,14.028770,0,0,58.107017
100002377,100002377,0,accepted,none,0.000000,1,7.280000,3.572338,1.000000,16.000000,8.560000,3.482298,49.000000,0.000000,50,0,61.313489
100002394,100002394,0,rejected,assert_connectivity,60.000000,1,5.360000,2.740511,0.000000,11.000000,5.360000,2.840845,47.040000,6.720000,0,0,56.043077
100002380,100002380,0,accepted,none,0.000000,1,6.400000,3.249615,1.000000,14.000000,6.360000,2.868867,49.000000,0.000000,50,0,63.717866
100002396,100002396,0,rejected,assert_connectivity,60.000000,1,6.120000,2.650585,2.000000,13.000000,6.400000,3.784178,34.240000,12.293999,0,1,65.731351
100002397,100002397,0,rejected,assert_connectivity,60.000000,1,6.800000,3.400000,1.000000,15.000000,8.160000,5.045235,34.240000,12.293999,0,0,60.816993
100002398,100002398,0,rejected,too_close,60.000000,1,5.440000,2.325167,1.000000,11.000000,8.920000,3.676085,49.000000,0.000000,50,1,69.240466
100002386,100002386,0,accepted,none,0.000000,1,7.040000,3.577485,2.000000,16.000000,8.920000,4.435493,49.000000,0.000000,50,0,53.563158
100002387,100002387,0,accepted,none,0.000000,1,7.280000,3.316866,1.000000,14.000000,8.360000,3.675650,49.000000,0.000000,50,0,67.769892
100002400,100002400,0,rejected,too_close,60.000000,1,6.040000,2.288755,1.000000,12.000000,7.960000,2.770993,49.000000,0.000000,50,0,54.754444
100002403,100002403,0,rejected,assert_connectivity,60.000000,1,5.640000,2.260619,1.000000,11.000000,6.080000,3.273164,38.440000,12.348538,0,0,57.785602
100002402,100002402,0,rejected,assert_connectivity,60.000000,1,6.120000,3.037367,1.000000,12.000000,7.720000,4.171523,45.160000,9.014122,0,0,66.504855
100002391,100002391,0,accepted,none,0.000000,1,5.880000,2.511095,1.000000,11.000000,8.800000,3.934463,49.000000,0.000000,50,0,71.808098
100002392,100002392,0,accepted,none,0.000000,1,6.160000,3.126404,1.000000,12.000000,7.840000,4.046529,49.000000,0.000000,50,0,64.768927
100002406,100002406,0,rejected,assert_connectivity,60.000000,1,6.240000,3.172129,0.000000,12.000000,7.200000,3.741657,47.040000,6.720000,0,0,65.179983
100002407,100002407,0,rejected,assert_connectivity,60.000000,1,5.960000,2.770993,1.000000,10.000000,5.200000,2.807134,21.360000,5.102000,0,0,65.129838
100002409,100002409,0,rejected,assert_connectivity,60.000000,1,5.160000,1.858602,1.000000,10.000000,4.800000,2.946184,36.960000,12.491533,0,0,53.823560
100002395,100002395,0,accepted,none,0.000000,1,6.240000,2.534245,1.000000,11.000000,6.400000,2.584570,49.000000,0.000000,50,0,70.534002
100002410,100002410,0,rejected,assert_connectivity,60.000000,1,5.960000,2.106751,0.000000,12.000000,7.480000,3.125636,47.040000,6.720000,0,0,67.568348
100002411,100002411,0,rejected,assert_connectivity,60.000000,1,5.840000,2.309632,1.000000,10.000000,4.840000,2.663531,35.560000,12.464606,0,1,63.762335
100002399,100002399,0,accepted,none,0.000000,1,6.400000,2.835489,1.000000,13.000000,7.440000,4.423392,49.000000,0.000000,50,0,63.226772
100002412,100002412,0,rejected,assert_connectivity,60.000000,1,7.200000,2.785678,0.000000,12.000000,9.480000,4.437296,47.040000,6.720000,0,0,68.131774
100002414,100002414,0,rejected,assert_connectivity,60.000000,1,5.360000,2.047047,2.000000,10.000000,6.040000,3.429052,33.000000,12.000000,0,0,69.195465
100002401,100002401,0,accepted,none,0.000000,1,6.440000,2.442622,2.000000,11.000000,8.240000,2.853489,49.000000,0.000000,50,0,64.255902
100002415,100002415,0,rejected,assert_connectivity,60.000000,1,5.760000,2.177705,1.000000,10.000000,7.320000,3.992192,34.240000,12.293999,0,0,63.221094
100002417,100002417,0,rejected,assert_connectivity,60.000000,1,6.040000,2.870261,1.000000,12.000000,8.240000,3.972707,45.160000,9.014122,0,0,75.286784
100002404,100002404,0,accepted,none,0.000000,1,5.880000,2.055626,3.000000,10.000000,7.160000,3.294602,49.000000,0.000000,50,0,64.232831
100002419,100002419,0,rejected,assert_connectivity,60.000000,1,5.640000,2.215942,0.000000,9.000000,7.400000,3.867816,47.040000,6.720000,0,0,71.150450
100002420,100002420,0,rejected,too_close,60.000000,1,6.040000,1.938659,2.000000,9.000000,6.080000,2.883331,49.000000,0.000000,50,1,68.160032
100002405,100002405,0,accepted,none,0.000000,1,7.080000,2.992257,1.000000,12.000000,11.120000,4.384701,49.000000,0.000000,50,0,70.249757
100002408,100002408,0,accepted,none,0.000000,1,6.320000,3.068811,1.000000,12.000000,8.520000,4.382876,49.000000,0.000000,50,0,74.166038
100002423,100002423,0,rejected,too_close,60.000000,1,6.040000,2.432776,1.000000,11.000000,8.160000,3.812401,49.000000,0.000000,50,1,73.322664
100002413,100002413,0,accepted,none,0.000000,1,4.960000,1.509437,2.000000,9.000000,6.000000,2.756810,49.000000,0.000000,50,0,64.939892
100002424,100002424,0,rejected,assert_connectivity,60.000000,1,6.400000,2.946184,1.000000,12.000000,8.160000,4.670589,40.000000,12.000000,0,0,68.067930
100002426,100002426,0,rejected,too_close,60.000000,1,5.600000,2.374868,2.000000,11.000000,7.960000,3.903639,49.000000,0.000000,50,1,67.036713
100002427,100002427,0,rejected,assert_connectivity,60.000000,1,6.680000,3.055749,1.000000,13.000000,9.200000,4.987986,45.160000,9.014122,0,0,53.324499
100002429,100002429,0,rejected,assert_connectivity,60.000000,1,5.480000,2.051731,0.000000,9.000000,6.520000,3.275607,47.040000,6.720000,0,0,68.003777
100002416,100002416,0,accepted,none,0.000000,1,6.040000,2.705254,1.000000,12.000000,7.800000,3.411744,49.000000,0.000000,50,0,66.459987
100002418,100002418,0,accepted,none,0.000000,1,6.600000,2.505993,2.000000,11.000000,7.880000,3.819110,49.000000,0.000000,50,0,57.673535
100002430,100002430,0,rejected,assert_connectivity,60.000000,1,6.840000,3.270229,0.000000,13.000000,8.680000,4.653773,47.040000,6.720000,0,0,61.907881
100002421,100002421,0,accepted,none,0.000000,1,5.120000,2.113197,2.000000,9.000000,7.480000,4.133957,49.000000,0.000000,50,0,74.261005
100002422,100002422,0,accepted,none,0.000000,1,5.160000,1.759091,1.000000,8.000000,7.040000,2.705254,49.000000,0.000000,50,0,71.612968
100002433,100002433,0,rejected,assert_connectivity,60.000000,1,5.960000,2.306166,0.000000,10.000000,6.800000,3.521363,30.320000,11.964013,0,0,69.594481
100002434,100002434,0,rejected,assert_connectivity,60.000000,1,6.960000,3.072198,0.000000,12.000000,10.440000,4.400727,47.040000,6.720000,0,1,66.229289
100002435,100002435,0,rejected,assert_connectivity,60.000000,1,6.560000,2.483224,2.000000,11.000000,6.840000,3.189734,43.360000,10.449421,0,0,58.985370
100002436,100002436,0,rejected,assert_connectivity,60.000000,1,5.800000,2.521904,0.000000,12.000000,8.160000,5.243510,43.280000,10.766689,0,1,62.538478
100002438,100002438,0,rejected,assert_connectivity,60.000000,1,5.760000,2.549980,0.000000,10.000000,6.960000,3.387979,43.280000,10.766689,0,0,74.091119
100002425,100002425,0,accepted,none,0.000000,1,5.880000,2.065333,2.000000,11.000000,6.480000,2.837182,49.000000,0.000000,50,0,67.298773
100002428,100002428,0,accepted,none,0.000000,1,6.800000,3.304542,1.000000,14.000000,7.720000,3.310831,49.000000,0.000000,50,0,67.152721
100002431,100002431,0,accepted,none,0.000000,1,5.880000,2.396998,1.000000,12.000000,8.080000,3.615743,49.000000,0.000000,50,0,71.137824
100002442,100002442,0,rejected,assert_connectivity,60.000000,1,5.880000,2.405327,0.000000,12.000000,9.680000,4.356329,47.040000,6.720000,0,0,69.283665
100002432,100002432,0,accepted,none,0.000000,1,5.640000,2.123770,2.000000,11.000000,8.360000,4.222606,49.000000,0.000000,50,0,70.461178
100002444,100002444,0,rejected,assert_connectivity,60.000000,1,6.160000,2.194174,2.000000,11.000000,6.920000,3.333707,43.360000,10.449421,0,0,57.049917
100002445,100002445,0,rejected,assert_connectivity,60.000000,1,6.960000,3.111013,0.000000,12.000000,7.280000,4.758319,41.520000,11.803796,0,0,63.497919
100002446,100002446,0,rejected,too_close,60.000000,1,5.360000,1.717673,2.000000,9.000000,6.680000,3.495368,49.000000,0.000000,50,0,69.503108
100002439,100002439,0,accepted,none,0.000000,1,6.320000,2.453080,1.000000,11.000000,7.440000,3.589763,49.000000,0.000000,50,0,67.101137
100002437,100002437,0,accepted,none,0.000000,1,6.040000,2.332038,1.000000,10.000000,6.840000,3.489183,49.000000,0.000000,50,0,61.494039
100002440,100002440,0,accepted,none,0.000000,1,5.360000,1.584424,2.000000,9.000000,5.200000,2.698148,49.000000,0.000000,50,0,60.595149
100002447,100002447,0,rejected,too_close,60.000000,1,6.040000,2.058737,2.000000,10.000000,8.240000,3.121282,49.000000,0.000000,50,1,70.480935
100002441,100002441,0,accepted,none,0.000000,1,5.920000,2.207623,2.000000,11.000000,6.480000,2.617174,49.000000,0.000000,50,0,65.874795
100002449,100002449,0,rejected,assert_connectivity,60.000000,1,6.680000,2.788835,1.000000,12.000000,6.560000,3.488037,40.000000,12.000000,0,0,60.936498
100002451,100002451,0,rejected,too_close,60.000000,1,6.680000,2.969444,1.000000,14.000000,8.520000,4.006195,49.000000,0.000000,50,0,72.121860
100002452,100002452,0,rejected,assert_connectivity,60.000000,1,5.920000,2.287706,1.000000,10.000000,8.360000,3.819738,43.360000,10.449421,0,0,72.594748
100002453,100002453,0,rejected,assert_connectivity,60.000000,1,5.400000,2.607681,1.000000,11.000000,6.800000,4.166533,38.440000,12.348538,0,0,60.976152
100002454,100002454,0,rejected,assert_connectivity,60.000000,1,6.000000,3.358571,0.000000,13.000000,5.720000,3.919388,47.040000,6.720000,0,0,54.131121
100002455,100002455,0,rejected,assert_connectivity,60.000000,1,5.880000,1.986353,0.000000,10.000000,6.480000,3.737593,36.720000,13.102733,0,0,64.106416
100002456,100002456,0,rejected,assert_connectivity,60.000000,1,5.640000,1.957141,1.000000,10.000000,5.800000,3.231099,36.960000,12.491533,0,0,69.653045
100002457,100002457,0,rejected,too_close,60.000000,1,5.520000,1.889339,2.000000,9.000000,6.440000,2.906269,49.000000,0.000000,50,1,69.924781
100002458,100002458,0,rejected,too_close,60.000000,1,5.720000,2.727930,1.000000,11.000000,7.960000,3.913873,49.000000,0.000000,50,1,70.872278
100002459,100002459,0,rejected,too_close,60.000000,1,5.720000,2.474187,1.000000,11.000000,7.280000,3.794944,49.000000,0.000000,50,0,75.339206
100002461,100002461,0,rejected,assert_connectivity,60.000000,1,6.320000,2.549039,1.000000,12.000000,6.440000,3.785023,34.960000,13.844797,0,0,61.435891
100002462,100002462,0,rejected,too_close,60.000000,1,6.160000,2.110545,2.000000,10.000000,5.960000,2.870261,49.000000,0.000000,50,0,59.381376
100002465,100002465,0,rejected,assert_connectivity,60.000000,1,5.600000,2.690725,1.000000,10.000000,8.280000,4.303673,43.360000,10.449421,0,1,72.679485
100002443,100002443,0,accepted,none,0.000000,1,7.240000,3.701675,1.000000,14.000000,9.600000,4.677606,49.000000,0.000000,50,0,56.080860
100002466,100002466,0,rejected,assert_connectivity,60.000000,1,7.200000,3.026549,0.000000,15.000000,10.440000,4.833880,47.040000,6.720000,0,0,63.709308
100002450,100002450,0,accepted,none,0.000000,1,7.040000,3.052605,1.000000,12.000000,8.800000,3.666061,49.000000,0.000000,50,0,58.441866
100002448,100002448,0,accepted,none,0.000000,1,7.160000,3.294602,1.000000,14.000000,7.360000,3.451145,49.000000,0.000000,50,0,71.991234
100002469,100002469,0,rejected,assert_connectivity,60.000000,1,6.720000,2.993593,0.000000,13.000000,8.680000,5.270446,38.240000,12.900481,0,0,62.105669
100002470,100002470,0,rejected,assert_connectivity,60.000000,1,7.960000,3.857253,1.000000,16.000000,8.480000,3.494224,45.160000,9.014122,0,0,62.724928
100002471,100002471,0,rejected,assert_connectivity,60.000000,1,6.200000,3.298485,1.000000,14.000000,8.480000,4.323147,43.360000,10.449421,0,0,61.004672
100002460,100002460,0,accepted,none,0.000000,1,6.240000,2.354230,1.000000,11.000000,7.360000,3.345206,49.000000,0.000000,50,0,65.315266
100002463,100002463,0,accepted,none,0.000000,1,5.960000,2.181376,2.000000,12.000000,7.640000,3.272675,49.000000,0.000000,50,0,67.114818
100002473,100002473,0,rejected,assert_connectivity,60.000000,1,6.120000,2.312055,0.000000,10.000000,8.920000,4.078431,47.040000,6.720000,0,0,65.405150
100002474,100002474,0,rejected,assert_connectivity,60.000000,1,5.240000,1.965299,0.000000,8.000000,4.680000,2.976172,41.520000,11.803796,0,0,70.769731
100002464,100002464,0,accepted,none,0.000000,1,7.120000,2.405327,2.000000,12.000000,9.960000,3.032886,49.000000,0.000000,50,0,63.695665
100002475,100002475,0,rejected,assert_connectivity,60.000000,1,6.720000,3.149857,0.000000,12.000000,9.560000,4.224500,47.040000,6.720000,0,0,71.705687
100002477,100002477,0,rejected,assert_connectivity,60.000000,1,5.720000,2.433434,0.000000,10.000000,5.680000,2.693993,23.040000,3.328423,0,0,58.263381
100002476,100002476,0,rejected,too_close,60.000000,1,5.880000,2.277191,2.000000,12.000000,7.200000,3.633180,49.000000,0.000000,50,0,66.234085
100002478,100002478,0,rejected,too_close,60.000000,1,5.880000,2.811690,1.000000,12.000000,7.680000,3.921428,49.000000,0.000000,50,0,58.689753
100002480,100002480,0,rejected,too_close,60.000000,1,5.840000,2.120000,2.000000,11.000000,7.400000,2.764055,49.000000,0.000000,50,0,71.100206
100002481,100002481,0,rejected,assert_connectivity,60.000000,1,5.440000,2.554682,1.000000,10.000000,5.320000,3.343292,41.640000,11.394314,0,0,58.558373
100002467,100002467,0,accepted,none,0.000000,1,6.840000,3.061764,1.000000,13.000000,8.160000,2.975634,49.000000,0.000000,50,0,66.679236
100002483,100002483,0,rejected,assert_connectivity,60.000000,1,5.480000,2.351510,1.000000,12.000000,6.920000,3.509074,43.360000,10.449421,0,0,64.520531
100002482,100002482,0,rejected,assert_connectivity,60.000000,1,6.440000,3.027606,0.000000,12.000000,8.000000,3.919184,47.040000,6.720000,0,0,73.648251
100002468,100002468,0,accepted,none,0.000000,1,6.520000,2.655108,1.000000,12.000000,9.040000,4.142270,49.000000,0.000000,50,0,71.240385
100002484,100002484,0,rejected,too_close,60.000000,1,6.760000,3.547168,1.000000,15.000000,8.120000,4.042969,49.000000,0.000000,50,0,67.859959
100002486,100002486,0,rejected,assert_connectivity,60.000000,1,6.200000,4.228475,1.000000,15.000000,7.480000,4.924388,34.920000,13.931030,0,0,68.535226
100002488,100002488,0,rejected,assert_connectivity,60.000000,1,6.600000,3.033150,0.000000,13.000000,8.360000,4.727621,39.840000,12.485768,0,0,63.086427
100002489,100002489,0,rejected,assert_connectivity,60.000000,1,5.720000,2.474187,0.000000,10.000000,6.720000,4.233391,39.720000,12.843738,0,0,65.785172
100002487,100002487,0,rejected,too_close,60.000000,1,7.240000,3.707074,1.000000,15.000000,9.600000,4.335897,49.000000,0.000000,50,0,64.722933
100002492,100002492,0,rejected,assert_connectivity,60.000000,1,5.320000,1.984339,1.000000,9.000000,6.200000,2.821347,36.960000,12.491533,0,0,62.965045
100002491,100002491,0,rejected,assert_connectivity,60.000000,1,8.440000,4.148060,1.000000,17.000000,11.720000,5.779412,43.360000,10.449421,0,0,51.968704
100002472,100002472,0,accepted,none,0.000000,1,6.200000,2.200000,2.000000,11.000000,6.800000,3.538361,49.000000,0.000000,50,0,57.076870
100002494,100002494,0,rejected,too_close,60.000000,1,6.280000,2.078846,1.000000,11.000000,9.040000,3.872777,49.000000,0.000000,50,1,58.772613
100002497,100002497,0,rejected,assert_connectivity,60.000000,1,6.080000,3.267048,0.000000,13.000000,7.920000,4.274763,47.040000,6.720000,0,0,62.826537
100002479,100002479,0,accepted,none,0.000000,1,5.160000,2.157406,1.000000,10.000000,6.360000,3.856216,49.000000,0.000000,50,0,65.105674
100002498,100002498,0,rejected,too_close,60.000000,1,6.040000,3.032886,1.000000,14.000000,7.560000,3.726446,49.000000,0.000000,50,1,76.884038
100002490,100002490,0,accepted,none,0.000000,1,5.200000,1.843909,1.000000,10.000000,6.440000,3.395055,49.000000,0.000000,50,0,79.672097
100002485,100002485,0,accepted,none,0.000000,1,8.640000,3.948468,1.000000,17.000000,11.280000,5.473719,49.000000,0.000000,50,0,56.297404
100002496,100002496,0,accepted,none,0.000000,1,5.720000,2.154437,1.000000,9.000000,6.600000,2.959730,49.000000,0.000000,50,0,56.387001
100002495,100002495,0,accepted,none,0.000000,1,5.640000,1.808425,2.000000,9.000000,7.120000,3.284144,49.000000,0.000000,50,0,67.026659
100002493,100002493,0,accepted,none,0.000000,1,6.440000,2.442622,2.000000,13.000000,7.960000,3.261656,49.000000,0.000000,50,0,69.232287
100002504,100002504,0,rejected,assert_connectivity,60.000000,1,6.560000,3.080000,0.000000,13.000000,8.360000,4.087836,45.120000,9.210081,0,0,70.600756
100002505,100002505,0,rejected,assert_connectivity,60.000000,1,7.480000,3.748280,1.000000,16.000000,11.040000,6.212761,43.360000,10.449421,0,0,60.713315
100002506,100002506,0,rejected,assert_connectivity,60.000000,1,4.640000,1.596997,2.000000,8.000000,4.000000,2.154066,43.360000,10.449421,0,0,65.613993
100002507,100002507,0,rejected,assert_connectivity,60.000000,1,5.760000,2.853489,1.000000,13.000000,7.240000,4.216918,45.160000,9.014122,0,0,73.555145
100002499,100002499,0,accepted,none,0.000000,1,5.840000,2.962161,1.000000,14.000000,6.320000,3.240000,49.000000,0.000000,50,0,65.776820
100002508,100002508,0,rejected,assert_connectivity,60.000000,1,5.720000,2.163701,0.000000,10.000000,6.960000,3.006393,47.040000,6.720000,0,0,69.565194
100002509,100002509,0,rejected,assert_connectivity,60.000000,1,6.440000,2.987708,1.000000,13.000000,7.040000,4.724235,33.520000,13.843757,0,0,64.263737
100002511,100002511,0,rejected,assert_connectivity,60.000000,1,6.640000,2.882776,1.000000,12.000000,5.920000,3.142229,36.960000,12.491533,0,0,62.186756
100002500,100002500,0,accepted,none,0.000000,1,6.960000,3.218447,1.000000,13.000000,8.320000,4.037029,49.000000,0.000000,50,0,65.209367
100002513,100002513,0,rejected,assert_connectivity,60.000000,1,6.160000,2.730275,0.000000,11.000000,7.400000,2.645751,47.040000,6.720000,0,0,77.172362
100002514,100002514,0,rejected,assert_connectivity,60.000000,1,5.200000,2.271563,1.000000,10.000000,7.160000,3.568529,40.000000,12.000000,0,1,63.556546
100002515,100002515,0,rejected,assert_connectivity,60.000000,1,7.040000,3.370223,0.000000,14.000000,9.000000,4.911212,41.520000,11.803796,0,0,71.114405
100002503,100002503,0,accepted,none,0.000000,1,5.480000,1.711607,2.000000,10.000000,6.840000,3.048672,49.000000,0.000000,50,0,74.556895
100002516,100002516,0,rejected,assert_connectivity,60.000000,1,5.720000,2.506312,1.000000,10.000000,7.680000,3.613530,43.360000,10.449421,0,0,67.746450
100002501,100002501,0,accepted,none,0.000000,1,6.520000,2.865240,1.000000,13.000000,8.920000,3.681521,49.000000,0.000000,50,0,67.218482
100002502,100002502,0,accepted,none,0.000000,1,5.080000,1.937421,2.000000,9.000000,6.400000,2.959730,49.000000,0.000000,50,0,65.523567
100002517,100002517,0,rejected,assert_connectivity,60.000000,1,6.880000,2.811690,2.000000,12.000000,6.280000,4.069595,43.360000,10.449421,0,0,64.244538
100002519,100002519,0,rejected,assert_connectivity,60.000000,1,5.760000,2.445895,1.000000,11.000000,8.080000,3.866988,45.160000,9.014122,0,0,60.250674
100002520,100002520,0,rejected,assert_connectivity,60.000000,1,6.800000,3.059412,0.000000,14.000000,7.840000,3.158227,47.040000,6.720000,0,0,58.188314
100002518,100002518,0,rejected,too_close,60.000000,1,8.560000,5.411691,1.000000,19.000000,11.320000,5.784254,49.000000,0.000000,50,0,69.006336
100002521,100002521,0,rejected,assert_connectivity,60.000000,1,6.400000,3.218695,0.000000,12.000000,7.280000,3.757872,47.040000,6.720000,0,0,62.427668
100002523,100002523,0,rejected,assert_connectivity,60.000000,1,5.600000,2.009975,1.000000,10.000000,5.840000,3.245674,40.000000,12.000000,0,0,62.432243
100002522,100002522,0,rejected,assert_connectivity,60.000000,1,8.040000,4.399818,1.000000,15.000000,9.160000,5.300415,41.640000,11.394314,0,0,65.118088
100002525,100002525,0,rejected,assert_connectivity,60.000000,1,5.720000,2.107510,0.000000,11.000000,8.200000,4.233202,47.040000,6.720000,0,0,73.213364
100002526,100002526,0,rejected,too_close,60.000000,1,6.640000,2.574956,2.000000,12.000000,10.200000,3.671512,49.000000,0.000000,50,0,68.311841
100002527,100002527,0,rejected,too_close,60.000000,1,5.680000,2.336151,1.000000,12.000000,6.560000,3.842707,49.000000,0.000000,50,1,61.226595
100002528,100002528,0,rejected,assert_connectivity,60.000000,1,6.560000,2.736129,0.000000,11.000000,6.320000,3.055749,47.040000,6.720000,0,1,63.429656
100002510,100002510,0,accepted,none,0.000000,1,5.160000,1.747684,2.000000,8.000000,5.200000,2.227106,49.000000,0.000000,50,0,64.694411
100002529,100002529,0,rejected,assert_connectivity,60.000000,1,5.920000,2.755649,1.000000,11.000000,7.680000,3.900974,45.160000,9.014122,0,0,72.353031
100002530,100002530,0,rejected,assert_connectivity,60.000000,1,6.760000,3.127683,0.000000,12.000000,8.760000,4.505818,47.040000,6.720000,0,0,58.955084
100002512,100002512,0,accepted,none,0.000000,1,5.280000,1.600500,2.000000,9.000000,6.760000,2.195996,49.000000,0.000000,50,0,66.797341
100002532,100002532,0,rejected,assert_connectivity,60.000000,1,5.480000,2.299913,1.000000,11.000000,7.800000,3.974921,43.360000,10.449421,0,0,60.659522
100002531,100002531,0,rejected,too_close,60.000000,1,6.560000,2.538976,1.000000,11.000000,8.680000,4.536254,49.000000,0.000000,50,1,65.481500
100002534,100002534,0,rejected,assert_connectivity,60.000000,1,5.640000,2.233920,0.000000,9.000000,6.080000,3.554378,26.920000,11.043260,0,0,67.406716
100002535,100002535,0,rejected,assert_connectivity,60.000000,1,6.280000,2.778777,0.000000,11.000000,6.000000,3.736308,27.440000,10.176758,0,0,64.433591
100002533,100002533,0,rejected,too_close,60.000000,1,6.680000,3.165059,1.000000,14.000000,8.920000,3.576814,49.000000,0.000000,50,0,66.344913
100002536,100002536,0,rejected,assert_connectivity,60.000000,1,6.320000,2.730861,1.000000,11.000000,8.320000,3.540847,45.160000,9.014122,0,0,61.230109
100002537,100002537,0,rejected,assert_connectivity,60.000000,1,5.840000,2.062620,0.000000,8.000000,6.880000,3.253552,47.040000,6.720000,0,0,71.496863
100002539,100002539,0,rejected,assert_connectivity,60.000000,1,6.320000,2.949169,0.000000,12.000000,8.520000,4.583623,47.040000,6.720000,0,0,69.811528
100002541,100002541,0,rejected,assert_connectivity,60.000000,1,6.240000,2.888321,0.000000,12.000000,7.680000,4.342534,39.840000,12.485768,0,0,71.401849
100002540,100002540,0,rejected,too_close,60.000000,1,5.240000,2.285257,1.000000,10.000000,6.080000,3.051819,49.000000,0.000000,50,1,70.578357
100002542,100002542,0,rejected,too_close,60.000000,1,5.400000,1.720465,2.000000,10.000000,6.280000,2.877777,49.000000,0.000000,50,0,67.209645
100002543,100002543,0,rejected,assert_connectivity,60.000000,1,6.200000,2.505993,0.000000,14.000000,9.280000,4.190656,47.040000,6.720000,0,0,63.959300
100002544,100002544,0,rejected,assert_connectivity,60.000000,1,5.400000,2.289105,0.000000,10.000000,6.600000,3.504283,47.040000,6.720000,0,0,77.981133
100002546,100002546,0,rejected,assert_connectivity,60.000000,1,5.720000,2.341282,1.000000,11.000000,6.400000,3.469870,28.000000,9.165151,0,0,70.420633
100002545,100002545,0,rejected,too_close,60.000000,1,5.920000,2.629373,1.000000,11.000000,8.200000,3.815757,49.000000,0.000000,50,1,68.843769
100002548,100002548,0,rejected,assert_connectivity,60.000000,1,5.280000,2.154437,1.000000,11.000000,5.280000,2.600308,45.160000,9.014122,0,0,71.771986
100002549,100002549,0,rejected,assert_connectivity,60.000000,1,5.640000,2.206898,1.000000,11.000000,7.240000,2.895237,43.360000,10.449421,0,0,71.956418
100002550,100002550,0,rejected,assert_connectivity,60.000000,1,5.800000,2.289105,0.000000,10.000000,7.200000,3.237283,47.040000,6.720000,0,0,72.403390
100002552,100002552,0,rejected,assert_connectivity,60.000000,1,6.080000,2.373521,0.000000,13.000000,8.600000,4.266146,47.040000,6.720000,0,1,63.678812
100002553,100002553,0,rejected,too_close,60.000000,1,5.480000,1.878723,2.000000,9.000000,6.120000,3.017549,49.000000,0.000000,50,1,64.925275
100002554,100002554,0,rejected,assert_connectivity,60.000000,1,5.560000,2.743429,0.000000,12.000000,8.200000,4.014972,47.040000,6.720000,0,0,79.584425
100002524,100002524,0,accepted,none,0.000000,1,6.600000,2.262742,1.000000,10.000000,8.600000,3.292416,49.000000,0.000000,50,0,63.165770
100002555,100002555,0,rejected,too_close,60.000000,1,6.120000,2.688048,1.000000,13.000000,7.080000,4.107749,49.000000,0.000000,50,1,65.421688
100002557,100002557,0,rejected,too_close,60.000000,1,5.000000,1.777639,1.000000,10.000000,6.160000,2.921370,49.000000,0.000000,50,0,69.725368
100002558,100002558,0,rejected,assert_connectivity,60.000000,1,5.720000,2.498319,1.000000,13.000000,6.680000,3.215214,25.440000,5.824637,0,0,67.150623
100002556,100002556,0,rejected,too_close,60.000000,1,6.640000,3.598666,1.000000,15.000000,9.240000,4.027704,49.000000,0.000000,50,0,61.935949
100002559,100002559,0,rejected,assert_connectivity,60.000000,1,6.240000,2.542125,1.000000,10.000000,7.280000,3.400235,45.160000,9.014122,0,0,67.035645
100002560,100002560,0,rejected,assert_connectivity,60.000000,1,5.720000,2.668633,1.000000,10.000000,4.280000,2.441639,38.440000,12.348538,0,0,58.210435
100002561,100002561,0,rejected,too_close,60.000000,1,6.640000,2.868867,2.000000,12.000000,7.360000,3.514314,49.000000,0.000000,50,0,67.193144
100002562,100002562,0,rejected,assert_connectivity,60.000000,1,6.800000,2.993326,0.000000,12.000000,9.360000,3.973714,47.040000,6.720000,0,0,63.538578
100002538,100002538,0,accepted,none,0.000000,1,5.880000,1.996397,1.000000,10.000000,7.800000,3.509986,49.000000,0.000000,50,0,63.950526
100002563,100002563,0,rejected,assert_connectivity,60.000000,1,5.720000,1.908298,1.000000,9.000000,7.200000,3.268027,45.160000,9.014122,0,0,66.383501
100002566,100002566,0,rejected,assert_connectivity,60.000000,1,6.120000,2.832949,0.000000,12.000000,9.720000,4.418325,47.040000,6.720000,0,1,69.751972
100002568,100002568,0,rejected,assert_connectivity,60.000000,1,6.640000,3.542654,0.000000,16.000000,8.680000,4.610596,47.040000,6.720000,0,0,68.332209
100002551,100002551,0,accepted,none,0.000000,1,6.280000,2.727930,2.000000,12.000000,7.520000,3.453925,49.000000,0.000000,50,0,61.616028
100002571,100002571,0,rejected,assert_connectivity,60.000000,1,6.360000,3.404468,1.000000,13.000000,8.200000,4.171331,39.760000,12.720943,0,0,65.231033
100002547,100002547,0,accepted,none,0.000000,1,6.560000,2.843660,1.000000,12.000000,8.960000,3.964644,49.000000,0.000000,50,0,72.729982
100002572,100002572,0,rejected,assert_connectivity,60.000000,1,6.400000,3.072458,1.000000,13.000000,9.120000,4.563507,43.360000,10.449421,0,0,61.980603
100002573,100002573,0,rejected,too_close,60.000000,1,6.280000,2.584879,1.000000,12.000000,7.840000,3.372595,49.000000,0.000000,50,0,66.479053
100002564,100002564,0,accepted,none,0.000000,1,6.280000,2.441639,1.000000,11.000000,9.080000,4.073524,49.000000,0.000000,50,0,63.491857
100002565,100002565,0,accepted,none,0.000000,1,5.640000,2.389644,1.000000,10.000000,7.600000,3.649658,49.000000,0.000000,50,0,69.846342
100002567,100002567,0,accepted,none,0.000000,1,6.680000,2.240000,1.000000,11.000000,7.080000,4.102877,49.000000,0.000000,50,0,60.467791
100002576,100002576,0,rejected,assert_connectivity,60.000000,1,6.120000,2.739635,0.000000,13.000000,7.400000,3.709447,47.040000,6.720000,0,0,61.055439
100002577,100002577,0,rejected,assert_connectivity,60.000000,1,5.240000,2.470304,1.000000,11.000000,6.440000,4.578908,41.640000,11.394314,0,0,63.306929
100002578,100002578,0,rejected,assert_connectivity,60.000000,1,5.240000,2.035289,1.000000,10.000000,4.480000,2.342990,29.760000,10.527222,0,0,64.861159
100002570,100002570,0,accepted,none,0.000000,1,6.560000,2.467063,2.000000,11.000000,7.760000,3.496055,49.000000,0.000000,50,0,67.384387
100002579,100002579,0,rejected,assert_connectivity,60.000000,1,7.720000,3.888650,1.000000,14.000000,9.520000,4.215400,45.160000,9.014122,0,0,60.885160
100002580,100002580,0,rejected,assert_connectivity,60.000000,1,6.040000,2.645449,0.000000,12.000000,7.960000,4.630162,47.040000,6.720000,0,0,64.697005
100002581,100002581,0,rejected,assert_connectivity,60.000000,1,6.560000,2.892473,1.000000,12.000000,9.240000,3.891324,45.160000,9.014122,0,0,65.807370
100002569,100002569,0,accepted,none,0.000000,1,6.960000,2.986369,1.000000,13.000000,10.480000,5.139027,49.000000,0.000000,50,0,68.932048
100002583,100002583,0,rejected,assert_connectivity,60.000000,1,5.960000,2.545270,0.000000,10.000000,6.720000,3.000267,47.040000,6.720000,0,0,68.907866
100002584,100002584,0,rejected,assert_connectivity,60.000000,1,6.240000,3.240741,0.000000,11.000000,6.920000,4.156152,47.040000,6.720000,0,0,73.905095
100002586,100002586,0,rejected,assert_connectivity,60.000000,1,6.920000,2.762897,1.000000,13.000000,8.440000,3.573010,43.360000,10.449421,0,0,62.400324
100002589,100002589,0,rejected,too_close,60.000000,1,5.920000,2.415285,1.000000,11.000000,6.560000,3.889267,49.000000,0.000000,50,0,69.140202
100002574,100002574,0,accepted,none,0.000000,1,6.280000,2.891643,2.000000,12.000000,8.280000,4.195426,49.000000,0.000000,50,0,63.307705
100002590,100002590,0,rejected,assert_connectivity,60.000000,1,6.360000,3.445345,0.000000,14.000000,7.800000,3.974921,39.840000,12.485768,0,0,71.434242
100002575,100002575,0,accepted,none,0.000000,1,6.160000,2.194174,2.000000,10.000000,8.760000,3.496055,49.000000,0.000000,50,0,65.548821
100002591,100002591,0,rejected,assert_connectivity,60.000000,1,6.560000,2.843660,2.000000,13.000000,6.880000,3.834788,38.440000,12.348538,0,0,59.911541
100002592,100002592,0,rejected,assert_connectivity,60.000000,1,6.440000,2.933667,1.000000,12.000000,7.880000,4.607125,41.480000,11.936901,0,0,64.408806
100002593,100002593,0,rejected,too_close,60.000000,1,6.760000,1.965299,3.000000,10.000000,8.840000,3.282438,49.000000,0.000000,50,0,62.395979
100002595,100002595,0,rejected,too_close,60.000000,1,6.200000,2.349468,1.000000,10.000000,6.240000,3.739305,49.000000,0.000000,50,1,62.074437
100002594,100002594,0,rejected,assert_connectivity,60.000000,1,8.120000,3.362380,0.000000,14.000000,8.960000,3.358333,47.040000,6.720000,0,0,60.451050
100002596,100002596,0,rejected,assert_connectivity,60.000000,1,7.880000,4.131053,0.000000,16.000000,10.920000,5.631483,39.720000,12.843738,0,0,71.288419
100002598,100002598,0,rejected,too_close,60.000000,1,6.480000,2.256014,1.000000,11.000000,8.560000,3.347596,49.000000,0.000000,50,0,61.707063
100002599,100002599,0,rejected,assert_connectivity,60.000000,1,5.800000,2.391652,0.000000,11.000000,5.480000,3.119231,45.120000,9.210081,0,0,58.284090
100002585,100002585,0,accepted,none,0.000000,1,5.880000,2.320690,2.000000,13.000000,8.320000,4.356329,49.000000,0.000000,50,0,66.161779
100002582,100002582,0,accepted,none,0.000000,1,6.880000,3.438837,2.000000,13.000000,8.800000,3.773592,49.000000,0.000000,50,0,64.429105
100002600,100002600,0,rejected,assert_connectivity,60.000000,1,6.040000,2.918630,1.000000,14.000000,7.400000,4.595650,45.160000,9.014122,0,0,59.059768
100002587,100002587,0,accepted,none,0.000000,1,6.080000,2.606454,1.000000,11.000000,8.880000,4.052851,49.000000,0.000000,50,0,63.996585
100002603,100002603,0,rejected,assert_connectivity,60.000000,1,6.000000,2.615339,0.000000,12.000000,7.120000,4.727113,38.240000,12.900481,0,0,64.343430
100002588,100002588,0,accepted,none,0.000000,1,6.480000,3.106381,1.000000,12.000000,8.880000,4.457084,49.000000,0.000000,50,0,68.586495
100002605,100002605,0,rejected,assert_connectivity,60.000000,1,6.440000,3.001066,1.000000,13.000000,8.920000,4.749063,45.160000,9.014122,0,0,62.531655
100002607,100002607,0,rejected,assert_connectivity,60.000000,1,6.120000,2.519047,2.000000,11.000000,6.600000,4.354308,40.000000,12.000000,0,0,56.833676
100002608,100002608,0,rejected,assert_connectivity,60.000000,1,5.520000,2.128286,0.000000,10.000000,5.880000,3.089595,43.280000,10.766689,0,0,58.576688
100002609,100002609,0,rejected,assert_connectivity,60.000000,1,6.920000,3.908145,0.000000,15.000000,9.320000,5.120312,41.520000,11.803796,0,0,63.674644
100002597,100002597,0,accepted,none,0.000000,1,5.200000,1.907878,2.000000,11.000000,5.200000,3.065942,49.000000,0.000000,50,0,58.804951
100002610,100002610,0,rejected,assert_connectivity,60.000000,1,7.680000,3.414323,1.000000,14.000000,9.200000,5.003998,45.160000,9.014122,0,0,58.383758
100002611,100002611,0,rejected,assert_connectivity,60.000000,1,6.320000,2.894408,1.000000,12.000000,6.120000,3.485054,31.840000,11.598896,0,0,63.948839
100002612,100002612,0,rejected,too_close,60.000000,1,6.520000,2.247132,2.000000,10.000000,8.080000,4.004198,49.000000,0.000000,50,0,61.643045
100002615,100002615,0,rejected,too_close,60.000000,1,5.840000,2.737590,1.000000,12.000000,8.920000,4.489276,49.000000,0.000000,50,0,64.639253
100002601,100002601,0,accepted,none,0.000000,1,5.320000,1.605491,2.000000,9.000000,6.840000,2.823898,49.000000,0.000000,50,0,65.850530
100002602,100002602,0,accepted,none,0.000000,1,6.280000,2.653601,1.000000,12.000000,8.120000,3.284144,49.000000,0.000000,50,0,71.301127
100002616,100002616,0,rejected,assert_connectivity,60.000000,1,5.720000,2.466090,0.000000,11.000000,6.760000,4.352287,41.520000,11.803796,0,0,60.466649
100002617,100002617,0,rejected,assert_connectivity,60.000000,1,6.400000,3.655133,0.000000,15.000000,8.800000,5.043808,43.280000,10.766689,0,1,72.373407
100002604,100002604,0,accepted,none,0.000000,1,6.120000,2.881944,1.000000,13.000000,8.920000,4.560000,49.000000,0.000000,50,0,63.079515
100002618,100002618,0,rejected,assert_connectivity,60.000000,1,6.480000,3.459711,1.000000,15.000000,7.200000,4.400000,40.000000,12.000000,0,0,69.009927
100002619,100002619,0,rejected,assert_connectivity,60.000000,1,6.480000,2.830124,1.000000,12.000000,7.640000,4.023730,40.000000,12.000000,0,0,77.305538
100002606,100002606,0,accepted,none,0.000000,1,5.960000,2.058737,1.000000,11.000000,8.680000,3.992192,49.000000,0.000000,50,0,70.853161
100002620,100002620,0,rejected,assert_connectivity,60.000000,1,5.640000,2.321723,0.000000,11.000000,8.840000,4.115143,47.040000,6.720000,0,0,65.560212
100002622,100002622,0,rejected,assert_connectivity,60.000000,1,5.920000,2.480645,1.000000,12.000000,6.320000,3.982160,35.560000,12.464606,0,0,61.513157
100002623,100002623,0,rejected,assert_connectivity,60.000000,1,4.920000,2.018316,1.000000,9.000000,6.080000,3.434181,40.000000,12.000000,0,0,61.804835
100002624,100002624,0,rejected,assert_connectivity,60.000000,1,6.360000,2.674023,1.000000,12.000000,5.800000,3.358571,36.960000,12.491533,0,0,65.394313
100002625,100002625,0,rejected,assert_connectivity,60.000000,1,5.640000,1.786169,2.000000,10.000000,5.600000,3.065942,34.240000,12.293999,0,0,61.562230
100002628,100002628,0,rejected,assert_connectivity,60.000000,1,6.280000,2.676117,0.000000,12.000000,7.320000,4.460673,47.040000,6.720000,0,0,65.638285
100002629,100002629,0,rejected,assert_connectivity,60.000000,1,5.560000,1.845644,0.000000,11.000000,7.440000,2.699333,47.040000,6.720000,0,0,73.815111
100002613,100002613,0,accepted,none,0.000000,1,6.120000,2.658120,1.000000,13.000000,8.040000,4.083920,49.000000,0.000000,50,0,62.069853
100002630,100002630,0,rejected,too_close,60.000000,1,7.040000,2.904892,1.000000,13.000000,7.880000,3.185216,49.000000,0.000000,50,0,64.224538
100002632,100002632,0,rejected,assert_connectivity,60.000000,1,4.680000,2.194903,0.000000,9.000000,4.880000,3.153665,41.520000,11.803796,0,0,65.487617
100002614,100002614,0,accepted,none,0.000000,1,5.440000,2.080000,2.000000,10.000000,6.560000,3.020993,49.000000,0.000000,50,0,63.288322
100002634,100002634,0,rejected,assert_connectivity,60.000000,1,7.040000,3.836457,1.000000,14.000000,9.520000,4.754955,43.360000,10.449421,0,1,71.313578
100002635,100002635,0,rejected,assert_connectivity,60.000000,1,6.160000,2.640909,1.000000,12.000000,8.440000,4.280934,43.360000,10.449421,0,0,76.185966
100002637,100002637,0,rejected,assert_connectivity,60.000000,1,5.760000,2.223151,0.000000,12.000000,6.120000,3.553252,47.040000,6.720000,0,0,65.401680
100002638,100002638,0,rejected,assert_connectivity,60.000000,1,6.120000,3.017549,1.000000,11.000000,5.040000,2.925474,41.640000,11.394314,0,0,64.112138
100002621,100002621,0,accepted,none,0.000000,1,7.000000,3.388215,1.000000,15.000000,10.480000,4.486602,49.000000,0.000000,50,0,62.083323
100002626,100002626,0,accepted,none,0.000000,1,6.520000,2.202181,2.000000,11.000000,8.880000,2.868031,49.000000,0.000000,50,0,63.339588
100002631,100002631,0,accepted,none,0.000000,1,6.000000,3.124100,1.000000,13.000000,9.160000,4.788987,49.000000,0.000000,50,0,69.206255
100002627,100002627,0,accepted,none,0.000000,1,7.400000,3.429286,2.000000,15.000000,10.120000,4.116503,49.000000,0.000000,50,0,61.714673
100002633,100002633,0,accepted,none,0.000000,1,6.320000,2.525391,1.000000,11.000000,7.440000,3.617513,49.000000,0.000000,50,0,58.852319
100002643,100002643,0,rejected,assert_connectivity,60.000000,1,6.160000,2.344014,0.000000,12.000000,6.880000,2.832949,45.120000,9.210081,0,0,64.854845
100002644,100002644,0,rejected,assert_connectivity,60.000000,1,5.520000,2.317240,1.000000,9.000000,6.160000,3.094253,45.160000,9.014122,0,0,63.799407
100002636,100002636,0,accepted,none,0.000000,1,5.880000,2.421900,1.000000,11.000000,8.280000,3.773804,49.000000,0.000000,50,0,67.104959
100002645,100002645,0,rejected,assert_connectivity,60.000000,1,5.240000,2.074223,1.000000,10.000000,5.800000,3.417601,45.160000,9.014122,0,0,65.558616
100002648,100002648,0,rejected,assert_connectivity,60.000000,1,5.480000,2.491907,2.000000,11.000000,6.040000,3.555053,43.360000,10.449421,0,0,61.612917
100002639,100002639,0,accepted,none,0.000000,1,5.880000,2.574024,1.000000,12.000000,8.760000,3.911828,49.000000,0.000000,50,0,70.982792
100002640,100002640,0,accepted,none,0.000000,1,6.560000,3.034205,1.000000,14.000000,6.920000,3.428352,49.000000,0.000000,50,0,59.949965
100002641,100002641,0,accepted,none,0.000000,1,5.760000,2.258849,1.000000,11.000000,6.800000,3.046309,49.000000,0.000000,50,0,67.110418
100002642,100002642,0,accepted,none,0.000000,1,5.920000,2.504716,2.000000,11.000000,5.440000,3.020993,49.000000,0.000000,50,0,58.419878
100002652,100002652,0,rejected,assert_connectivity,60.000000,1,6.080000,2.390314,1.000000,11.000000,8.560000,3.639560,45.160000,9.014122,0,0,65.628443
100002647,100002647,0,accepted,none,0.000000,1,5.400000,1.574802,2.000000,9.000000,5.880000,3.024169,49.000000,0.000000,50,0,70.934368
100002646,100002646,0,accepted,none,0.000000,1,7.080000,3.192742,2.000000,14.000000,7.080000,3.192742,49.000000,0.000000,50,0,51.624729
100002655,100002655,0,rejected,assert_connectivity,60.000000,1,7.520000,3.573458,0.000000,15.000000,10.080000,5.377137,47.040000,6.720000,0,0,64.454176
100002656,100002656,0,rejected,assert_connectivity,60.000000,1,6.920000,3.451608,0.000000,15.000000,9.040000,4.651709,47.040000,6.720000,0,0,67.804720
100002649,100002649,0,accepted,none,0.000000,1,6.120000,2.223870,2.000000,13.000000,7.200000,3.521363,49.000000,0.000000,50,0,62.323566
100002657,100002657,0,rejected,assert_connectivity,60.000000,1,6.760000,2.775320,0.000000,11.000000,7.320000,3.408460,47.040000,6.720000,0,0,73.778280
100002659,100002659,0,rejected,assert_connectivity,60.000000,1,4.960000,2.181376,1.000000,10.000000,6.480000,3.640000,41.640000,11.394314,0,0,67.525251
100002650,100002650,0,accepted,none,0.000000,1,6.520000,3.074020,1.000000,12.000000,8.040000,3.434880,49.000000,0.000000,50,0,69.045768
100002660,100002660,0,rejected,assert_connectivity,60.000000,1,6.520000,2.736713,1.000000,14.000000,6.480000,4.253187,43.360000,10.449421,0,0,63.276705
100002662,100002662,0,rejected,assert_connectivity,60.000000,1,5.200000,2.019901,0.000000,9.000000,6.080000,2.992257,47.040000,6.720000,0,0,61.257073
100002661,100002661,0,rejected,assert_connectivity,60.000000,1,6.400000,2.683282,1.000000,11.000000,7.800000,3.893584,43.360000,10.449421,0,0,68.704313
100002663,100002663,0,rejected,too_close,60.000000,1,5.880000,2.132041,1.000000,10.000000,6.840000,2.935030,49.000000,0.000000,50,0,66.332411
100002664,100002664,0,rejected,assert_connectivity,60.000000,1,6.000000,3.212476,0.000000,13.000000,7.200000,4.737088,36.720000,13.102733,0,1,64.004005
100002665,100002665,0,rejected,assert_connectivity,60.000000,1,6.160000,2.335466,0.000000,11.000000,6.600000,2.891366,47.040000,6.720000,0,1,63.941071
100002651,100002651,0,accepted,none,0.000000,1,6.960000,3.286092,1.000000,15.000000,10.480000,4.716948,49.000000,0.000000,50,0,64.283923
100002666,100002666,0,rejected,assert_connectivity,60.000000,1,5.680000,2.420248,1.000000,11.000000,6.720000,3.985173,34.240000,12.293999,0,0,64.171471
100002653,100002653,0,accepted,none,0.000000,1,7.080000,3.291443,1.000000,15.000000,6.760000,4.320000,49.000000,0.000000,50,0,60.696918
100002668,100002668,0,rejected,assert_connectivity,60.000000,1,6.520000,2.443276,0.000000,13.000000,8.000000,3.136877,47.040000,6.720000,0,0,65.350423
100002670,100002670,0,rejected,assert_connectivity,60.000000,1,6.120000,2.150721,1.000000,12.000000,6.040000,3.123844,30.760000,11.104161,0,1,62.105098
100002672,100002672,0,rejected,assert_connectivity,60.000000,1,5.160000,2.081922,1.000000,10.000000,6.120000,3.433016,34.240000,12.293999,0,0,59.503224
100002654,100002654,0,accepted,none,0.000000,1,6.640000,2.338889,2.000000,12.000000,8.760000,3.680000,49.000000,0.000000,50,0,63.888180
100002658,100002658,0,accepted,none,0.000000,1,5.080000,1.916664,1.000000,9.000000,5.880000,2.916436,49.000000,0.000000,50,0,72.686169
100002674,100002674,0,rejected,assert_connectivity,60.000000,1,6.320000,2.935575,2.000000,14.000000,8.120000,3.792835,43.360000,10.449421,0,0,64.276210
100002677,100002677,0,rejected,too_close,60.000000,1,6.240000,2.470304,1.000000,13.000000,8.000000,3.231099,49.000000,0.000000,50,1,66.129543
100002671,100002671,0,accepted,none,0.000000,1,5.520000,1.813725,1.000000,10.000000,6.320000,3.036050,49.000000,0.000000,50,0,64.490931
100002667,100002667,0,accepted,none,0.000000,1,5.200000,2.135416,2.000000,10.000000,5.360000,2.666533,49.000000,0.000000,50,0,68.568668
100002669,100002669,0,accepted,none,0.000000,1,6.280000,2.856851,1.000000,14.000000,7.200000,3.964846,49.000000,0.000000,50,0,64.725202
100002679,100002679,0,rejected,too_close,60.000000,1,7.720000,3.206493,2.000000,13.000000,9.680000,2.411970,49.000000,0.000000,50,0,64.634775
100002680,100002680,0,rejected,assert_connectivity,60.000000,1,5.480000,2.467711,1.000000,11.000000,5.440000,2.475157,45.160000,9.014122,0,0,62.811345
100002673,100002673,0,accepted,none,0.000000,1,6.600000,3.310589,1.000000,13.000000,8.040000,4.242452,49.000000,0.000000,50,0,61.884245
100002681,100002681,0,rejected,assert_connectivity,60.000000,1,6.160000,3.264108,1.000000,14.000000,5.880000,3.108955,43.360000,10.449421,0,1,64.932897
100002682,100002682,0,rejected,assert_connectivity,60.000000,1,5.760000,2.588899,1.000000,11.000000,6.400000,3.085450,45.160000,9.014122,0,0,67.412333
100002675,100002675,0,accepted,none,0.000000,1,5.120000,1.394848,1.000000,7.000000,5.960000,2.457316,49.000000,0.000000,50,0,62.724411
100002686,100002686,0,rejected,assert_connectivity,60.000000,1,5.640000,2.372846,1.000000,11.000000,5.640000,2.355929,24.640000,3.948468,0,1,64.328469
100002684,100002684,0,rejected,assert_connectivity,60.000000,1,6.480000,3.119231,0.000000,11.000000,9.040000,4.431523,39.720000,12.843738,0,0,70.772137
100002676,100002676,0,accepted,none,0.000000,1,5.480000,2.118868,1.000000,10.000000,6.840000,3.151888,49.000000,0.000000,50,0,68.044438
100002678,100002678,0,accepted,none,0.000000,1,6.640000,3.278780,2.000000,14.000000,6.920000,3.543106,49.000000,0.000000,50,0,64.957328
100002691,100002691,0,rejected,assert_connectivity,60.000000,1,5.680000,2.092271,1.000000,10.000000,5.520000,3.099935,43.360000,10.449421,0,0,60.261029
100002692,100002692,0,rejected,too_close,60.000000,1,5.520000,2.368459,1.000000,11.000000,7.240000,3.507478,49.000000,0.000000,50,0,66.306560
100002693,100002693,0,rejected,assert_connectivity,60.000000,1,6.680000,2.915064,0.000000,12.000000,8.960000,4.122912,47.040000,6.720000,0,0,66.086015
100002687,100002687,0,accepted,none,0.000000,1,6.120000,2.550608,1.000000,11.000000,7.480000,2.670131,49.000000,0.000000,50,0,65.859651
100002683,100002683,0,accepted,none,0.000000,1,6.640000,2.397999,1.000000,12.000000,8.120000,3.625686,49.000000,0.000000,50,0,67.572680
100002688,100002688,0,accepted,none,0.000000,1,5.800000,1.743560,2.000000,9.000000,6.920000,2.904066,49.000000,0.000000,50,0,60.947510
100002685,100002685,0,accepted,none,0.000000,1,6.800000,3.768289,1.000000,14.000000,10.200000,4.795832,49.000000,0.000000,50,0,71.764048
100002695,100002695,0,rejected,assert_connectivity,60.000000,1,6.200000,3.243455,0.000000,12.000000,7.920000,4.761680,36.720000,13.102733,0,0,59.909811
100002689,100002689,0,accepted,none,0.000000,1,6.040000,2.607374,1.000000,12.000000,7.960000,3.687601,49.000000,0.000000,50,0,74.779855
100002697,100002697,0,rejected,too_close,60.000000,1,6.920000,3.948873,2.000000,16.000000,8.480000,4.708460,49.000000,0.000000,50,0,62.756383
100002698,100002698,0,rejected,assert_connectivity,60.000000,1,6.080000,2.270154,0.000000,11.000000,7.240000,2.949983,47.040000,6.720000,0,0,68.685293
100002699,100002699,0,rejected,assert_connectivity,60.000000,1,7.920000,4.385613,0.000000,17.000000,10.120000,4.917886,45.120000,9.210081,0,0,72.361290
100002703,100002703,0,rejected,assert_connectivity,60.000000,1,6.240000,2.983689,0.000000,12.000000,8.360000,4.877540,36.720000,13.102733,0,0,72.377030
100002690,100002690,0,accepted,none,0.000000,1,7.320000,3.652068,1.000000,15.000000,9.680000,5.053474,49.000000,0.000000,50,0,71.692837
100002704,100002704,0,rejected,too_close,60.000000,1,5.680000,2.111303,1.000000,9.000000,7.400000,2.966479,49.000000,0.000000,50,1,72.888434
100002694,100002694,0,accepted,none,0.000000,1,6.560000,2.507269,1.000000,14.000000,9.040000,3.783966,49.000000,0.000000,50,0,62.235115
100002707,100002707,0,rejected,assert_connectivity,60.000000,1,6.040000,2.966210,0.000000,12.000000,5.840000,3.780794,26.880000,13.103648,0,0,61.163098
100002696,100002696,0,accepted,none,0.000000,1,6.560000,2.899379,1.000000,13.000000,7.640000,3.374967,49.000000,0.000000,50,0,70.166659
100002700,100002700,0,accepted,none,0.000000,1,4.800000,1.854724,2.000000,9.000000,5.800000,2.457641,49.000000,0.000000,50,0,64.918163
100002709,100002709,0,rejected,too_close,60.000000,1,5.320000,1.592985,2.000000,10.000000,7.720000,2.966749,49.000000,0.000000,50,0,72.835517
100002710,100002710,0,rejected,assert_connectivity,60.000000,1,6.520000,2.736713,0.000000,12.000000,8.040000,4.270644,45.120000,9.210081,0,0,62.868087
100002705,100002705,0,accepted,none,0.000000,1,5.560000,1.790642,1.000000,10.000000,5.800000,3.741657,49.000000,0.000000,50,0,60.225307
100002701,100002701,0,accepted,none,0.000000,1,7.480000,3.125636,1.000000,14.000000,9.440000,4.075095,49.000000,0.000000,50,0,60.756467
100002702,100002702,0,accepted,none,0.000000,1,6.440000,3.634061,1.000000,14.000000,8.800000,4.200000,49.000000,0.000000,50,0,65.583040
100002711,100002711,0,rejected,assert_connectivity,60.000000,1,6.680000,3.088301,0.000000,13.000000,9.200000,4.779121,47.040000,6.720000,0,1,65.339137
100002713,100002713,0,rejected,assert_connectivity,60.000000,1,6.360000,2.681492,0.000000,12.000000,7.400000,3.944617,47.040000,6.720000,0,0,73.502627
100002714,100002714,0,rejected,assert_connectivity,60.000000,1,6.160000,2.120000,2.000000,11.000000,7.000000,3.549648,43.360000,10.449421,0,0,55.389879
100002716,100002716,0,rejected,assert_connectivity,60.000000,1,5.720000,2.126405,1.000000,12.000000,7.480000,4.090183,40.000000,12.000000,0,0,71.481852
100002717,100002717,0,rejected,assert_connectivity,60.000000,1,5.560000,1.538311,2.000000,9.000000,5.960000,3.364283,36.960000,12.491533,0,0,67.370790
100002719,100002719,0,rejected,assert_connectivity,60.000000,1,6.520000,3.054439,1.000000,13.000000,6.480000,2.647565,25.440000,5.824637,0,0,58.733125
100002706,100002706,0,accepted,none,0.000000,1,6.520000,2.507907,1.000000,13.000000,8.160000,2.737590,49.000000,0.000000,50,0,54.905343
100002720,100002720,0,rejected,assert_connectivity,60.000000,1,5.400000,2.144761,0.000000,9.000000,8.440000,3.950494,47.040000,6.720000,0,1,69.278398
100002721,100002721,0,rejected,too_close,60.000000,1,6.000000,2.323790,1.000000,11.000000,7.160000,3.324816,49.000000,0.000000,50,0,55.486081
100002723,100002723,0,rejected,assert_connectivity,60.000000,1,6.040000,2.939116,0.000000,12.000000,7.920000,4.117475,41.520000,11.803796,0,0,69.431366
100002724,100002724,0,rejected,assert_connectivity,60.000000,1,5.520000,1.769068,0.000000,10.000000,6.360000,3.892351,47.040000,6.720000,0,0,67.517686
100002708,100002708,0,accepted,none,0.000000,1,5.400000,1.754993,1.000000,8.000000,5.720000,3.649877,49.000000,0.000000,50,0,62.784246
100002725,100002725,0,rejected,assert_connectivity,60.000000,1,6.240000,3.140446,1.000000,13.000000,7.920000,5.059012,36.480000,13.682456,0,0,55.028275
100002727,100002727,0,rejected,assert_connectivity,60.000000,1,5.760000,2.102950,1.000000,10.000000,6.360000,3.339221,38.440000,12.348538,0,0,69.841154
100002712,100002712,0,accepted,none,0.000000,1,5.680000,2.353211,2.000000,11.000000,6.080000,3.180189,49.000000,0.000000,50,0,50.767421
100002729,100002729,0,rejected,assert_connectivity,60.000000,1,6.080000,2.726463,0.000000,11.000000,7.480000,3.732238,47.040000,6.720000,0,0,61.249516
100002731,100002731,0,rejected,assert_connectivity,60.000000,1,5.720000,2.341282,1.000000,11.000000,7.320000,3.754677,43.360000,10.449421,0,0,64.149606
100002715,100002715,0,accepted,none,0.000000,1,5.160000,2.129413,1.000000,12.000000,6.880000,2.797427,49.000000,0.000000,50,0,58.963779
100002718,100002718,0,accepted,none,0.000000,1,6.200000,2.473863,1.000000,12.000000,7.240000,3.652725,49.000000,0.000000,50,0,62.575052
100002733,100002733,0,rejected,assert_connectivity,60.000000,1,6.720000,3.893790,0.000000,15.000000,10.360000,5.884760,41.440000,12.073376,0,0,76.850829
100002722,100002722,0,accepted,none,0.000000,1,5.720000,2.145134,1.000000,10.000000,6.520000,3.170110,49.000000,0.000000,50,0,61.662198
100002734,100002734,0,rejected,assert_connectivity,60.000000,1,5.360000,2.389644,0.000000,10.000000,5.640000,2.991722,20.360000,5.566902,0,1,65.974713
100002736,100002736,0,rejected,assert_connectivity,60.000000,1,5.240000,2.494474,0.000000,12.000000,6.120000,3.247399,45.120000,9.210081,0,0,77.850057
100002726,100002726,0,accepted,none,0.000000,1,5.840000,2.781079,1.000000,13.000000,6.800000,3.974921,49.000000,0.000000,50,0,56.379311
100002739,100002739,0,rejected,assert_connectivity,60.000000,1,5.680000,2.213052,1.000000,10.000000,5.560000,3.317589,45.160000,9.014122,0,0,56.009372
100002730,100002730,0,accepted,none,0.000000,1,5.720000,2.126405,1.000000,10.000000,7.040000,2.966210,49.000000,0.000000,50,0,66.988883
100002728,100002728,0,accepted,none,0.000000,1,6.520000,3.465487,1.000000,13.000000,8.760000,4.835535,49.000000,0.000000,50,0,69.273593
100002741,100002741,0,rejected,assert_connectivity,60.000000,1,6.840000,2.893856,1.000000,13.000000,9.320000,4.610596,41.640000,11.394314,0,0,70.484133
100002732,100002732,0,accepted,none,0.000000,1,5.800000,2.332381,1.000000,11.000000,7.600000,3.549648,49.000000,0.000000,50,0,57.229391
100002735,100002735,0,accepted,none,0.000000,1,5.280000,1.908298,1.000000,10.000000,5.600000,2.592296,49.000000,0.000000,50,0,65.687643
100002737,100002737,0,accepted,none,0.000000,1,6.080000,2.464467,2.000000,11.000000,7.280000,3.873190,49.000000,0.000000,50,0,60.957899
100002744,100002744,0,rejected,assert_connectivity,60.000000,1,6.200000,2.592296,1.000000,13.000000,6.840000,3.921020,43.360000,10.449421,0,0,59.161836
100002746,100002746,0,rejected,too_close,60.000000,1,5.880000,2.739635,2.000000,12.000000,7.320000,4.240000,49.000000,0.000000,50,0,66.870696
100002747,100002747,0,rejected,assert_connectivity,60.000000,1,6.320000,3.646587,1.000000,15.000000,6.960000,4.312586,41.640000,11.394314,0,0,64.219109
100002738,100002738,0,accepted,none,0.000000,1,5.840000,1.815048,2.000000,10.000000,5.960000,3.013038,49.000000,0.000000,50,0,65.599469
100002748,100002748,0,rejected,assert_connectivity,60.000000,1,6.000000,2.986637,0.000000,13.000000,6.320000,3.972103,30.320000,11.964013,0,0,67.049020
100002740,100002740,0,accepted,none,0.000000,1,5.680000,1.984339,1.000000,10.000000,6.600000,2.898275,49.000000,0.000000,50,0,63.877333
100002751,100002751,0,rejected,assert_connectivity,60.000000,1,6.720000,2.600308,0.000000,11.000000,7.840000,3.869677,47.040000,6.720000,0,0,60.449228
100002753,100002753,0,rejected,assert_connectivity,60.000000,1,5.720000,2.271915,0.000000,11.000000,6.320000,3.695619,38.240000,12.900481,0,0,62.554641
100002743,100002743,0,accepted,none,0.000000,1,5.920000,2.143269,1.000000,11.000000,6.600000,2.720294,49.000000,0.000000,50,0,68.940337
100002754,100002754,0,rejected,assert_connectivity,60.000000,1,6.720000,3.429519,1.000000,15.000000,7.480000,4.369165,40.000000,12.000000,0,0,66.373602
100002742,100002742,0,accepted,none,0.000000,1,7.160000,3.151888,1.000000,13.000000,9.320000,5.449550,49.000000,0.000000,50,0,69.865256
100002756,100002756,0,rejected,assert_connectivity,60.000000,1,6.560000,3.244441,1.000000,12.000000,9.280000,4.621861,45.160000,9.014122,0,0,72.190636
100002745,100002745,0,accepted,none,0.000000,1,6.040000,2.399667,1.000000,11.000000,8.240000,3.140446,49.000000,0.000000,50,0,59.414507
100002758,100002758,0,rejected,assert_connectivity,60.000000,1,6.400000,3.072458,1.000000,13.000000,6.800000,4.791659,41.640000,11.394314,0,0,58.045967
100002759,100002759,0,rejected,assert_connectivity,60.000000,1,6.040000,2.770993,0.000000,12.000000,7.560000,4.025717,47.040000,6.720000,0,0,59.787715
100002760,100002760,0,rejected,assert_connectivity,60.000000,1,6.280000,2.661128,0.000000,12.000000,7.720000,3.805470,47.040000,6.720000,0,0,59.263727
100002749,100002749,0,accepted,none,0.000000,1,5.240000,1.849973,1.000000,9.000000,7.480000,2.988244,49.000000,0.000000,50,0,68.837621
100002761,100002761,0,rejected,too_close,60.000000,1,5.840000,2.928208,1.000000,12.000000,6.880000,2.804568,49.000000,0.000000,50,0,70.534618
100002750,100002750,0,accepted,none,0.000000,1,6.120000,3.473557,1.000000,14.000000,8.760000,4.461211,49.000000,0.000000,50,0,71.190288
100002762,100002762,0,rejected,too_close,60.000000,1,6.040000,2.190525,2.000000,10.000000,6.520000,3.774864,49.000000,0.000000,50,1,70.636714
100002752,100002752,0,accepted,none,0.000000,1,6.800000,2.712932,1.000000,12.000000,6.160000,2.773878,49.000000,0.000000,50,0,52.933824
100002763,100002763,0,rejected,assert_connectivity,60.000000,1,8.120000,3.210234,0.000000,15.000000,11.320000,4.597565,47.040000,6.720000,0,0,63.509565
100002765,100002765,0,rejected,assert_connectivity,60.000000,1,7.400000,3.452535,2.000000,14.000000,8.320000,4.460673,43.360000,10.449421,0,0,54.118859
100002767,100002767,0,rejected,assert_connectivity,60.000000,1,6.080000,2.652094,0.000000,13.000000,7.600000,3.527038,45.120000,9.210081,0,0,64.832114
100002766,100002766,0,rejected,assert_connectivity,60.000000,1,7.640000,4.274389,0.000000,16.000000,10.080000,5.047138,47.040000,6.720000,0,0,59.798480
100002769,100002769,0,rejected,assert_connectivity,60.000000,1,5.520000,2.515870,1.000000,11.000000,6.440000,3.950494,38.440000,12.348538,0,0,69.893606
100002771,100002771,0,rejected,assert_connectivity,60.000000,1,6.000000,2.297825,1.000000,13.000000,6.920000,3.626789,31.840000,11.598896,0,0,51.498103
100002755,100002755,0,accepted,none,0.000000,1,6.320000,2.838591,1.000000,13.000000,7.120000,2.717646,49.000000,0.000000,50,0,62.528437
100002770,100002770,0,rejected,assert_connectivity,60.000000,1,6.640000,2.875830,0.000000,11.000000,7.800000,4.955805,47.040000,6.720000,0,0,66.462986
100002772,100002772,0,rejected,assert_connectivity,60.000000,1,6.360000,3.345206,1.000000,13.000000,9.360000,5.335766,40.000000,12.000000,0,0,72.530912
100002774,100002774,0,rejected,too_close,60.000000,1,6.480000,2.002399,3.000000,13.000000,8.520000,3.579050,49.000000,0.000000,50,1,54.496936
100002773,100002773,0,rejected,assert_connectivity,60.000000,1,6.320000,2.723527,1.000000,12.000000,8.080000,3.632300,45.160000,9.014122,0,0,64.424445
100002775,100002775,0,rejected,assert_connectivity,60.000000,1,6.120000,2.542754,0.000000,10.000000,7.360000,3.740374,47.040000,6.720000,0,0,61.305396
100002776,100002776,0,rejected,too_close,60.000000,1,6.040000,2.340598,3.000000,11.000000,6.520000,3.371884,49.000000,0.000000,50,1,55.882335
100002778,100002778,0,rejected,assert_connectivity,60.000000,1,6.640000,2.868867,1.000000,12.000000,9.240000,4.306089,38.440000,12.348538,0,0,65.187659
100002777,100002777,0,rejected,too_close,60.000000,1,6.200000,2.029778,1.000000,10.000000,6.960000,3.571890,49.000000,0.000000,50,0,57.118387
100002757,100002757,0,accepted,none,0.000000,1,6.960000,2.911769,1.000000,14.000000,8.880000,4.287843,49.000000,0.000000,50,0,69.158532
100002780,100002780,0,rejected,assert_connectivity,60.000000,1,5.840000,2.352531,0.000000,10.000000,8.200000,3.862642,47.040000,6.720000,0,0,75.906506
100002781,100002781,0,rejected,too_close,60.000000,1,6.480000,2.794566,1.000000,13.000000,6.760000,3.467333,49.000000,0.000000,50,1,57.550221
100002784,100002784,0,rejected,assert_connectivity,60.000000,1,6.280000,2.466090,0.000000,12.000000,8.560000,3.995798,45.120000,9.210081,0,0,61.438070
100002785,100002785,0,rejected,assert_connectivity,60.000000,1,6.480000,3.293873,0.000000,13.000000,7.400000,5.051732,38.240000,12.900481,0,0,62.460063
100002786,100002786,0,rejected,too_close,60.000000,1,6.040000,1.854292,2.000000,11.000000,7.680000,2.989582,49.000000,0.000000,50,0,59.032470
100002768,100002768,0,accepted,none,0.000000,1,6.680000,2.564683,1.000000,12.000000,8.160000,4.105411,49.000000,0.000000,50,0,69.147853
100002787,100002787,0,rejected,too_close,60.000000,1,6.400000,2.683282,2.000000,11.000000,7.480000,3.151127,49.000000,0.000000,50,0,60.360518
100002788,100002788,0,rejected,assert_connectivity,60.000000,1,6.320000,2.788835,0.000000,11.000000,7.680000,3.139682,47.040000,6.720000,0,0,67.491627
100002789,100002789,0,rejected,assert_connectivity,60.000000,1,5.960000,2.741970,1.000000,12.000000,7.560000,3.779735,41.640000,11.394314,0,0,66.544023
100002790,100002790,0,rejected,too_close,60.000000,1,5.880000,2.285957,2.000000,11.000000,8.160000,4.392539,49.000000,0.000000,50,1,67.594340
100002792,100002792,0,rejected,assert_connectivity,60.000000,1,6.160000,3.336825,0.000000,13.000000,8.600000,4.791659,30.320000,11.964013,0,1,71.772455
100002779,100002779,0,accepted,none,0.000000,1,5.440000,1.651181,2.000000,10.000000,5.680000,1.964077,49.000000,0.000000,50,0,65.820164
100002764,100002764,0,accepted,none,0.000000,1,8.320000,3.838958,1.000000,15.000000,13.040000,4.538546,49.000000,0.000000,50,0,64.748315
100002794,100002794,0,rejected,too_close,60.000000,1,5.520000,1.920833,1.000000,9.000000,6.480000,3.383726,49.000000,0.000000,50,0,59.788086
100002782,100002782,0,accepted,none,0.000000,1,5.440000,2.127534,1.000000,11.000000,6.360000,2.896619,49.000000,0.000000,50,0,78.781331
100002795,100002795,0,rejected,too_close,60.000000,1,6.320000,2.595689,2.000000,13.000000,7.360000,2.559375,49.000000,0.000000,50,0,64.923742
100002783,100002783,0,accepted,none,0.000000,1,5.720000,1.685705,2.000000,9.000000,6.360000,2.488051,49.000000,0.000000,50,0,61.438635
100002798,100002798,0,rejected,assert_connectivity,60.000000,1,6.320000,3.221428,1.000000,12.000000,7.440000,4.181674,41.640000,11.394314,0,0,58.844313
100002799,100002799,0,rejected,too_close,60.000000,1,6.000000,2.154066,1.000000,9.000000,8.320000,4.022139,49.000000,0.000000,50,0,62.149593
100002800,100002800,0,rejected,assert_connectivity,60.000000,1,6.400000,3.243455,1.000000,13.000000,8.560000,4.065268,45.160000,9.014122,0,0,67.037612
100002802,100002802,0,rejected,assert_connectivity,60.000000,1,7.720000,2.720588,1.000000,13.000000,8.360000,4.970956,40.000000,12.000000,0,1,48.578216
100002803,100002803,0,rejected,assert_connectivity,60.000000,1,5.480000,2.193080,0.000000,10.000000,5.360000,3.064376,43.280000,10.766689,0,1,65.307367
100002805,100002805,0,rejected,assert_connectivity,60.000000,1,5.960000,1.843475,1.000000,10.000000,6.280000,3.944819,45.160000,9.014122,0,0,53.942254
100002804,100002804,0,rejected,assert_connectivity,60.000000,1,6.760000,3.089078,0.000000,11.000000,7.480000,3.556628,47.040000,6.720000,0,1,73.575254
100002791,100002791,0,accepted,none,0.000000,1,5.560000,2.192350,2.000000,10.000000,6.120000,3.350463,49.000000,0.000000,50,0,65.771203
100002806,100002806,0,rejected,assert_connectivity,60.000000,1,5.760000,2.486443,0.000000,12.000000,7.680000,3.982160,38.240000,12.900481,0,0,67.027853
100002808,100002808,0,rejected,too_close,60.000000,1,6.440000,3.150619,1.000000,13.000000,8.400000,3.841875,49.000000,0.000000,50,0,65.384862
100002793,100002793,0,accepted,none,0.000000,1,5.320000,1.964077,1.000000,10.000000,7.640000,3.327221,49.000000,0.000000,50,0,72.715389
100002810,100002810,0,rejected,assert_connectivity,60.000000,1,6.120000,2.479032,1.000000,10.000000,8.600000,4.737088,39.760000,12.720943,0,1,55.375232
100002796,100002796,0,accepted,none,0.000000,1,6.360000,2.179541,1.000000,11.000000,7.880000,3.314453,49.000000,0.000000,50,0,67.655137
100002811,100002811,0,rejected,assert_connectivity,60.000000,1,6.120000,2.454710,1.000000,12.000000,7.440000,3.965653,36.960000,12.491533,0,0,70.825468
100002813,100002813,0,rejected,assert_connectivity,60.000000,1,6.320000,3.854556,1.000000,15.000000,6.320000,3.414323,45.160000,9.014122,0,0,67.927902
100002801,100002801,0,accepted,none,0.000000,1,5.480000,2.393658,1.000000,10.000000,5.440000,3.073500,49.000000,0.000000,50,0,63.275009
100002797,100002797,0,accepted,none,0.000000,1,5.960000,2.097236,1.000000,10.000000,8.520000,3.275607,49.000000,0.000000,50,0,74.553566
100002815,100002815,0,rejected,too_close,60.000000,1,5.520000,2.137662,1.000000,9.000000,7.360000,3.327221,49.000000,0.000000,50,1,68.176536
100002817,100002817,0,rejected,assert_connectivity,60.000000,1,5.720000,2.653601,0.000000,11.000000,6.920000,3.582401,45.120000,9.210081,0,0,73.246536
100002818,100002818,0,rejected,assert_connectivity,60.000000,1,6.680000,3.754677,0.000000,15.000000,6.880000,4.273827,45.120000,9.210081,0,1,63.893310
100002807,100002807,0,accepted,none,0.000000,1,5.640000,1.740804,1.000000,9.000000,6.080000,2.696961,49.000000,0.000000,50,0,66.616531
100002820,100002820,0,rejected,assert_connectivity,60.000000,1,5.920000,2.440000,1.000000,10.000000,4.920000,3.457398,28.880000,12.125411,0,0,56.967404
100002819,100002819,0,rejected,assert_connectivity,60.000000,1,6.080000,2.456339,1.000000,11.000000,8.280000,4.219194,45.160000,9.014122,0,0,60.111339
100002809,100002809,0,accepted,none,0.000000,1,6.160000,2.427839,1.000000,10.000000,6.960000,3.605329,49.000000,0.000000,50,0,68.304945
100002823,100002823,0,rejected,assert_connectivity,60.000000,1,6.480000,2.722058,0.000000,12.000000,6.640000,3.290957,47.040000,6.720000,0,0,71.360009
100002824,100002824,0,rejected,assert_connectivity,60.000000,1,5.040000,2.513643,1.000000,11.000000,5.920000,3.339701,43.360000,10.449421,0,0,61.675489
100002826,100002826,0,rejected,assert_connectivity,60.000000,1,5.640000,2.488051,1.000000,12.000000,5.880000,3.513631,45.160000,9.014122,0,0,56.190141
100002812,100002812,0,accepted,none,0.000000,1,5.680000,2.231054,2.000000,11.000000,7.280000,2.980201,49.000000,0.000000,50,0,63.279573
100002816,100002816,0,accepted,none,0.000000,1,5.520000,1.941546,1.000000,10.000000,6.240000,2.694884,49.000000,0.000000,50,0,66.063827
100002814,100002814,0,accepted,none,0.000000,1,5.440000,3.027606,1.000000,11.000000,6.880000,3.631198,49.000000,0.000000,50,0,66.301787
100002828,100002828,0,rejected,assert_connectivity,60.000000,1,7.240000,2.627242,0.000000,12.000000,9.920000,3.938731,47.040000,6.720000,0,0,69.035199
100002829,100002829,0,rejected,too_close,60.000000,1,5.680000,2.572470,1.000000,11.000000,7.120000,3.855593,49.000000,0.000000,50,1,72.908612
100002830,100002830,0,rejected,assert_connectivity,60.000000,1,6.000000,2.172556,0.000000,10.000000,8.120000,4.023133,47.040000,6.720000,0,1,73.747664
100002832,100002832,0,rejected,assert_connectivity,60.000000,1,5.760000,2.494474,0.000000,10.000000,7.400000,4.381780,47.040000,6.720000,0,0,68.990686
100002833,100002833,0,rejected,assert_connectivity,60.000000,1,5.240000,2.177705,0.000000,11.000000,6.320000,3.802315,47.040000,6.720000,0,0,71.113540
100002835,100002835,0,rejected,assert_connectivity,60.000000,1,6.160000,2.941836,0.000000,11.000000,5.880000,3.017549,45.120000,9.210081,0,0,61.104081
100002822,100002822,0,accepted,none,0.000000,1,6.040000,2.576509,1.000000,11.000000,8.440000,4.382511,49.000000,0.000000,50,0,71.016356
100002825,100002825,0,accepted,none,0.000000,1,5.280000,2.020297,1.000000,10.000000,6.240000,3.203498,49.000000,0.000000,50,0,65.705912
100002836,100002836,0,rejected,too_close,60.000000,1,5.160000,1.759091,2.000000,8.000000,6.360000,2.567177,49.000000,0.000000,50,1,65.219835
100002821,100002821,0,accepted,none,0.000000,1,6.160000,2.722940,1.000000,12.000000,8.680000,4.046925,49.000000,0.000000,50,0,69.081597
100002838,100002838,0,rejected,assert_connectivity,60.000000,1,7.520000,4.846607,0.000000,17.000000,8.240000,5.155812,45.120000,9.210081,0,0,65.180169
100002839,100002839,0,rejected,assert_connectivity,60.000000,1,6.280000,3.458555,1.000000,14.000000,8.200000,4.534314,45.160000,9.014122,0,0,65.567840
100002840,100002840,0,rejected,assert_connectivity,60.000000,1,6.680000,2.767237,0.000000,12.000000,7.800000,2.785678,47.040000,6.720000,0,0,68.477233
100002827,100002827,0,accepted,none,0.000000,1,5.600000,1.708801,2.000000,10.000000,7.560000,2.885550,49.000000,0.000000,50,0,73.579430
100002841,100002841,0,rejected,assert_connectivity,60.000000,1,7.040000,3.346401,0.000000,13.000000,9.960000,4.841322,47.040000,6.720000,0,0,65.934269
100002843,100002843,0,rejected,too_close,60.000000,1,6.320000,2.266627,2.000000,11.000000,7.440000,3.269006,49.000000,0.000000,50,1,64.400345
100002844,100002844,0,rejected,assert_connectivity,60.000000,1,6.360000,2.882776,1.000000,12.000000,9.760000,4.667162,43.360000,10.449421,0,0,61.325287
100002846,100002846,0,rejected,assert_connectivity,60.000000,1,6.240000,2.846471,0.000000,12.000000,6.800000,4.256759,45.120000,9.210081,0,0,63.079663
100002831,100002831,0,accepted,none,0.000000,1,6.400000,2.660827,2.000000,11.000000,8.320000,4.017163,49.000000,0.000000,50,0,57.833451
100002834,100002834,0,accepted,none,0.000000,1,6.080000,2.057571,1.000000,11.000000,7.680000,3.890707,49.000000,0.000000,50,0,60.614359
100002849,100002849,0,rejected,assert_connectivity,60.000000,1,7.080000,3.285361,1.000000,16.000000,9.120000,4.986542,38.440000,12.348538,0,0,61.942279
100002851,100002851,0,rejected,too_close,60.000000,1,6.280000,2.490301,1.000000,9.000000,6.000000,2.863564,49.000000,0.000000,50,1,65.141843
100002837,100002837,0,accepted,none,0.000000,1,5.680000,2.073065,1.000000,9.000000,6.600000,2.569047,49.000000,0.000000,50,0,61.718613
100002852,100002852,0,rejected,assert_connectivity,60.000000,1,6.280000,2.474187,0.000000,11.000000,7.080000,3.610208,47.040000,6.720000,0,0,66.278818
100002853,100002853,0,rejected,assert_connectivity,60.000000,1,6.560000,3.182200,1.000000,14.000000,8.840000,5.220575,38.440000,12.348538,0,0,61.376863
100002855,100002855,0,rejected,assert_connectivity,60.000000,1,6.080000,2.440000,1.000000,12.000000,5.800000,3.091925,31.840000,11.598896,0,0,58.985533
100002856,100002856,0,rejected,assert_connectivity,60.000000,1,7.600000,3.475629,0.000000,14.000000,8.160000,4.230177,47.040000,6.720000,0,0,65.861224
100002842,100002842,0,accepted,none,0.000000,1,6.680000,3.443487,1.000000,15.000000,8.320000,3.791781,49.000000,0.000000,50,0,68.873883
100002847,100002847,0,accepted,none,0.000000,1,5.800000,1.833030,1.000000,9.000000,5.320000,2.859650,49.000000,0.000000,50,0,68.419392
100002845,100002845,0,accepted,none,0.000000,1,6.480000,2.308593,1.000000,10.000000,8.120000,4.126209,49.000000,0.000000,50,0,68.772283
100002848,100002848,0,accepted,none,0.000000,1,7.080000,3.503370,2.000000,14.000000,6.720000,3.944819,49.000000,0.000000,50,0,51.997156
100002850,100002850,0,accepted,none,0.000000,1,5.480000,2.032142,2.000000,9.000000,7.560000,3.262882,49.000000,0.000000,50,0,64.973616
100002862,100002862,0,rejected,too_close,60.000000,1,6.440000,2.491265,1.000000,12.000000,7.360000,2.998400,49.000000,0.000000,50,1,59.343513
100002863,100002863,0,rejected,assert_connectivity,60.000000,1,6.520000,2.507907,0.000000,11.000000,6.640000,4.194091,47.040000,6.720000,0,0,65.167932
100002854,100002854,0,accepted,none,0.000000,1,5.760000,1.965299,1.000000,10.000000,6.840000,2.663531,49.000000,0.000000,50,0,70.852146
100002865,100002865,0,rejected,assert_connectivity,60.000000,1,5.640000,2.295735,0.000000,10.000000,5.600000,2.683282,41.520000,11.803796,0,0,64.886142
100002858,100002858,0,accepted,none,0.000000,1,5.200000,2.289105,1.000000,10.000000,5.880000,2.454710,49.000000,0.000000,50,0,64.785266
100002859,100002859,0,accepted,none,0.000000,1,5.800000,2.271563,1.000000,9.000000,6.680000,3.215214,49.000000,0.000000,50,0,72.328357
100002857,100002857,0,accepted,none,0.000000,1,6.200000,2.778489,2.000000,12.000000,6.200000,2.828427,49.000000,0.000000,50,0,53.413936
100002868,100002868,0,rejected,assert_connectivity,60.000000,1,5.680000,2.693993,1.000000,11.000000,5.520000,2.794566,40.000000,12.000000,0,0,68.659001
100002861,100002861,0,accepted,none,0.000000,1,5.160000,1.770424,1.000000,9.000000,6.000000,3.033150,49.000000,0.000000,50,0,62.811291
100002860,100002860,0,accepted,none,0.000000,1,7.480000,3.371884,1.000000,14.000000,9.080000,4.112615,49.000000,0.000000,50,0,60.972476
100002871,100002871,0,rejected,too_close,60.000000,1,7.000000,3.464102,1.000000,14.000000,7.560000,4.195998,49.000000,0.000000,50,1,60.141654
100002873,100002873,0,rejected,assert_connectivity,60.000000,1,5.400000,2.349468,1.000000,10.000000,5.800000,2.457641,28.000000,9.165151,0,0,69.820952
100002864,100002864,0,accepted,none,0.000000,1,5.840000,2.239286,1.000000,10.000000,7.880000,3.597999,49.000000,0.000000,50,0,67.806419
100002867,100002867,0,accepted,none,0.000000,1,5.240000,1.944839,1.000000,10.000000,6.520000,2.988244,49.000000,0.000000,50,0,61.308087
100002866,100002866,0,accepted,none,0.000000,1,6.720000,2.683580,1.000000,12.000000,10.240000,4.680000,49.000000,0.000000,50,0,68.348675
100002877,100002877,0,rejected,assert_connectivity,60.000000,1,5.840000,2.708210,1.000000,12.000000,5.560000,2.885550,43.360000,10.449421,0,0,61.098825
100002870,100002870,0,accepted,none,0.000000,1,5.920000,2.704367,1.000000,12.000000,6.400000,3.000000,49.000000,0.000000,50,0,65.399924
100002869,100002869,0,accepted,none,0.000000,1,6.280000,2.553742,1.000000,12.000000,10.400000,4.512206,49.000000,0.000000,50,0,76.497562
100002878,100002878,0,rejected,assert_connectivity,60.000000,1,5.880000,2.346402,1.000000,11.000000,5.840000,3.864505,34.240000,12.293999,0,1,64.183318
100002872,100002872,0,accepted,none,0.000000,1,6.000000,2.357965,2.000000,11.000000,6.440000,2.850684,49.000000,0.000000,50,0,70.440325
100002880,100002880,0,rejected,assert_connectivity,60.000000,1,6.400000,2.939388,0.000000,11.000000,7.880000,4.121359,45.120000,9.210081,0,0,69.336014
100002881,100002881,0,rejected,assert_connectivity,60.000000,1,6.400000,2.705550,1.000000,14.000000,7.280000,4.919512,36.960000,12.491533,0,0,62.598301
100002882,100002882,0,rejected,assert_connectivity,60.000000,1,7.120000,3.586865,0.000000,13.000000,8.600000,5.245951,36.400000,13.886684,0,0,63.841782
100002874,100002874,0,accepted,none,0.000000,1,5.600000,2.135416,1.000000,10.000000,6.520000,2.837182,49.000000,0.000000,50,0,58.697459
100002885,100002885,0,rejected,assert_connectivity,60.000000,1,7.000000,3.577709,0.000000,13.000000,7.200000,4.498889,31.840000,14.329494,0,0,59.847305
100002875,100002875,0,accepted,none,0.000000,1,5.720000,2.668633,1.000000,12.000000,7.760000,3.818691,49.000000,0.000000,50,0,73.579820
100002886,100002886,0,rejected,too_close,60.000000,1,6.120000,2.303389,1.000000,11.000000,7.080000,3.571218,49.000000,0.000000,50,0,72.809249
100002876,100002876,0,accepted,none,0.000000,1,7.200000,3.857460,1.000000,15.000000,10.640000,4.590251,49.000000,0.000000,50,0,62.285108
100002890,100002890,0,rejected,too_close,60.000000,1,5.840000,2.292248,3.000000,12.000000,7.400000,4.463183,49.000000,0.000000,50,0,66.473363
100002879,100002879,0,accepted,none,0.000000,1,6.840000,2.948627,2.000000,13.000000,9.520000,4.229610,49.000000,0.000000,50,0,62.937002
100002884,100002884,0,accepted,none,0.000000,1,6.720000,3.693454,1.000000,15.000000,9.200000,4.816638,49.000000,0.000000,50,0,64.852904
100002891,100002891,0,rejected,assert_connectivity,60.000000,1,5.800000,2.227106,1.000000,10.000000,7.960000,4.171139,41.640000,11.394314,0,0,61.577104
100002883,100002883,0,accepted,none,0.000000,1,7.040000,3.298242,1.000000,16.000000,9.160000,4.842974,49.000000,0.000000,50,0,68.739747
100002888,100002888,0,accepted,none,0.000000,1,6.160000,2.052900,1.000000,10.000000,7.920000,3.979146,49.000000,0.000000,50,0,63.063518
100002887,100002887,0,accepted,none,0.000000,1,6.400000,2.756810,1.000000,11.000000,8.000000,3.435113,49.000000,0.000000,50,0,66.608592
100002889,100002889,0,accepted,none,0.000000,1,5.560000,2.467063,1.000000,12.000000,7.080000,3.018874,49.000000,0.000000,50,0,64.956723
100002896,100002896,0,rejected,assert_connectivity,60.000000,1,5.880000,2.371835,0.000000,12.000000,5.960000,2.727343,47.040000,6.720000,0,0,63.882537
100002892,100002892,0,accepted,none,0.000000,1,5.680000,2.378571,2.000000,11.000000,7.440000,4.233958,49.000000,0.000000,50,0,55.837820
100002900,100002900,0,rejected,assert_connectivity,60.000000,1,5.400000,2.638181,1.000000,11.000000,6.960000,4.381598,43.360000,10.449421,0,0,69.585715
100002893,100002893,0,accepted,none,0.000000,1,5.840000,2.110545,2.000000,10.000000,7.640000,3.223414,49.000000,0.000000,50,0,69.571313
100002901,100002901,0,rejected,assert_connectivity,60.000000,1,6.320000,2.275434,1.000000,11.000000,6.200000,3.989987,38.440000,12.348538,0,0,61.768197
100002894,100002894,0,accepted,none,0.000000,1,6.920000,2.791702,2.000000,13.000000,8.280000,3.400235,49.000000,0.000000,50,0,65.771480
100002902,100002902,0,rejected,too_close,60.000000,1,6.040000,2.190525,2.000000,11.000000,5.840000,3.817643,49.000000,0.000000,50,1,61.366599
100002899,100002899,0,accepted,none,0.000000,1,5.440000,2.118112,1.000000,9.000000,6.680000,3.177672,49.000000,0.000000,50,0,68.580656
100002895,100002895,0,accepted,none,0.000000,1,6.640000,3.374967,1.000000,13.000000,8.880000,4.501733,49.000000,0.000000,50,0,66.684873
100002897,100002897,0,accepted,none,0.000000,1,5.600000,2.473863,2.000000,11.000000,7.360000,4.533255,49.000000,0.000000,50,0,71.009668
100002898,100002898,0,accepted,none,0.000000,1,6.080000,2.883331,1.000000,12.000000,8.240000,3.513175,49.000000,0.000000,50,0,68.971218
100002906,100002906,0,rejected,too_close,60.000000,1,5.200000,1.989975,2.000000,9.000000,6.160000,3.195997,49.000000,0.000000,50,1,69.543680
100002907,100002907,0,rejected,assert_connectivity,60.000000,1,5.560000,2.146253,1.000000,9.000000,5.000000,3.322650,33.000000,12.000000,0,0,63.173091
100002910,100002910,0,rejected,assert_connectivity,60.000000,1,6.000000,2.383275,0.000000,10.000000,4.720000,2.600308,22.120000,4.620130,0,0,63.144914
100002909,100002909,0,rejected,assert_connectivity,60.000000,1,6.160000,2.809697,0.000000,12.000000,8.400000,4.569464,47.040000,6.720000,0,0,65.749661
100002904,100002904,0,accepted,none,0.000000,1,6.040000,2.172188,2.000000,10.000000,7.440000,3.527946,49.000000,0.000000,50,0,56.805585
100002905,100002905,0,accepted,none,0.000000,1,5.880000,2.936937,2.000000,11.000000,7.840000,3.854141,49.000000,0.000000,50,0,65.288780
100002914,100002914,0,rejected,assert_connectivity,60.000000,1,4.800000,1.822087,1.000000,10.000000,5.320000,3.101226,34.240000,12.293999,0,1,62.415502
100002911,100002911,0,accepted,none,0.000000,1,5.560000,1.834775,2.000000,11.000000,5.560000,2.822481,49.000000,0.000000,50,0,64.088805
100002912,100002912,0,accepted,none,0.000000,1,6.040000,1.938659,2.000000,11.000000,7.080000,3.375441,49.000000,0.000000,50,0,66.012837
100002915,100002915,0,rejected,assert_connectivity,60.000000,1,6.080000,3.211479,0.000000,12.000000,7.440000,4.138405,39.720000,12.843738,0,0,57.738237
100002903,100002903,0,accepted,none,0.000000,1,5.880000,2.650585,1.000000,11.000000,8.200000,4.256759,49.000000,0.000000,50,0,72.471012
100002908,100002908,0,accepted,none,0.000000,1,7.080000,4.122329,1.000000,17.000000,8.160000,3.895433,49.000000,0.000000,50,0,73.508462
100002916,100002916,0,rejected,assert_connectivity,60.000000,1,6.000000,1.949359,0.000000,9.000000,7.840000,3.951506,47.040000,6.720000,0,0,64.871979
100002917,100002917,0,rejected,assert_connectivity,60.000000,1,6.600000,3.104835,0.000000,14.000000,8.040000,4.147095,47.040000,6.720000,0,0,69.083333
100002919,100002919,0,rejected,assert_connectivity,60.000000,1,5.480000,2.677611,1.000000,11.000000,5.760000,3.461560,45.160000,9.014122,0,0,70.663797
100002913,100002913,0,accepted,none,0.000000,1,6.400000,2.383275,1.000000,11.000000,8.040000,3.703836,49.000000,0.000000,50,0,67.975127
100002921,100002921,0,rejected,assert_connectivity,60.000000,1,6.480000,3.028135,0.000000,13.000000,7.200000,3.883298,41.520000,11.803796,0,0,66.444120
100002923,100002923,0,rejected,assert_connectivity,60.000000,1,5.800000,2.383275,0.000000,10.000000,7.280000,3.435346,47.040000,6.720000,0,0,68.705825
100002922,100002922,0,rejected,too_close,60.000000,1,6.680000,2.693993,2.000000,12.000000,9.080000,3.468948,49.000000,0.000000,50,1,65.233377
100002925,100002925,0,rejected,assert_connectivity,60.000000,1,6.800000,3.605551,0.000000,15.000000,9.680000,4.768396,47.040000,6.720000,0,0,66.227251
100002926,100002926,0,rejected,assert_connectivity,60.000000,1,5.360000,2.471922,0.000000,10.000000,7.320000,3.529533,43.280000,10.766689,0,0,64.082908
100002930,100002930,0,rejected,assert_connectivity,60.000000,1,5.680000,2.894408,0.000000,12.000000,7.040000,3.974720,47.040000,6.720000,0,0,65.761049
100002929,100002929,0,rejected,too_close,60.000000,1,6.600000,2.513961,1.000000,13.000000,9.000000,4.349713,49.000000,0.000000,50,1,63.655781
100002931,100002931,0,rejected,assert_connectivity,60.000000,1,6.040000,2.457316,1.000000,9.000000,8.360000,3.235800,45.160000,9.014122,0,1,67.021544
100002932,100002932,0,rejected,assert_connectivity,60.000000,1,6.760000,4.384336,2.000000,17.000000,8.480000,5.000960,41.640000,11.394314,0,0,66.645599
100002933,100002933,0,rejected,too_close,60.000000,1,5.920000,1.937421,2.000000,10.000000,8.240000,3.839583,49.000000,0.000000,50,0,62.241049
100002935,100002935,0,rejected,assert_connectivity,60.000000,1,6.960000,3.549422,2.000000,14.000000,7.360000,4.184543,41.640000,11.394314,0,1,64.823674
100002918,100002918,0,accepted,none,0.000000,1,6.200000,2.638181,2.000000,13.000000,9.200000,4.064480,49.000000,0.000000,50,0,76.837755
100002936,100002936,0,rejected,assert_connectivity,60.000000,1,6.120000,2.923286,1.000000,14.000000,6.720000,3.944819,27.240000,8.396571,0,0,70.914693
100002924,100002924,0,accepted,none,0.000000,1,4.880000,1.394848,1.000000,7.000000,5.560000,2.001599,49.000000,0.000000,50,0,73.005494
100002920,100002920,0,accepted,none,0.000000,1,6.920000,4.199238,1.000000,16.000000,8.040000,4.647408,49.000000,0.000000,50,0,63.199434
100002937,100002937,0,rejected,assert_connectivity,60.000000,1,5.840000,2.995730,0.000000,13.000000,7.720000,3.677173,43.280000,10.766689,0,0,66.144803
100002938,100002938,0,rejected,assert_connectivity,60.000000,1,6.000000,2.408319,1.000000,11.000000,6.600000,2.925748,25.000000,4.898979,0,0,68.852819
100002939,100002939,0,rejected,assert_connectivity,60.000000,1,5.960000,2.560937,0.000000,11.000000,8.640000,4.008790,43.280000,10.766689,0,0,67.152835
100002940,100002940,0,rejected,assert_connectivity,60.000000,1,6.800000,3.487119,0.000000,14.000000,7.600000,5.145872,28.120000,13.411398,0,0,64.293557
100002927,100002927,0,accepted,none,0.000000,1,6.440000,2.654506,1.000000,11.000000,6.240000,4.135505,49.000000,0.000000,50,0,59.635390
100002941,100002941,0,rejected,assert_connectivity,60.000000,1,5.800000,2.473863,1.000000,11.000000,5.960000,3.810302,40.000000,12.000000,0,0,56.665159
100002928,100002928,0,accepted,none,0.000000,1,6.240000,2.782517,1.000000,12.000000,9.000000,3.611094,49.000000,0.000000,50,0,73.630701
100002944,100002944,0,rejected,assert_connectivity,60.000000,1,5.960000,2.712637,1.000000,10.000000,7.360000,4.078039,43.360000,10.449421,0,0,68.443007
100002943,100002943,0,rejected,too_close,60.000000,1,6.800000,3.588872,1.000000,13.000000,7.800000,3.577709,49.000000,0.000000,50,1,70.185786
100002946,100002946,0,rejected,assert_connectivity,60.000000,1,5.360000,2.047047,2.000000,11.000000,5.160000,3.500629,33.440000,14.003085,0,0,66.088133
100002945,100002945,0,rejected,assert_connectivity,60.000000,1,5.840000,2.166656,1.000000,12.000000,7.480000,3.817015,45.160000,9.014122,0,0,73.676717
100002934,100002934,0,accepted,none,0.000000,1,6.040000,2.591988,1.000000,11.000000,6.520000,3.324094,49.000000,0.000000,50,0,65.338983
100002942,100002942,0,accepted,none,0.000000,1,5.920000,1.695170,2.000000,10.000000,8.400000,3.136877,49.000000,0.000000,50,0,70.481345
