run_id,rng_run,rng_seed,harness_version,header_version,n_nodes,grid_x,grid_y,mobility,radio_range,min_hops_required,num_attackers,attackers_list,spoof_count,attacker_jitter,defense_variant,redundant_mpr,malicious_threshold,uncertainty_beta,fading_factor,max_load,max_delay,cheat_threshold,trust_update_interval_s,phy_trace_available,wall_clock_seconds,random_window_order,window_order_perm,slot0_scenario
100000004,100000004,1,2.2.0,2,50,750.000000,1000.000000,0,190.000000,3,1,2,5,25.000000,Watchdog-OLSR,0,-1,-1,-1,-1,-1,-1,-1,1,16.032594,1,0|2|3|1,baseline
100000010,100000010,1,2.2.0,2,50,750.000000,1000.000000,0,190.000000,3,1,2,5,25.000000,Watchdog-OLSR,0,-1,-1,-1,-1,-1,-1,-1,1,15.754100,1,1|0|2|3,attack_only
100000018,100000018,1,2.2.0,2,50,750.000000,1000.000000,0,190.000000,3,1,2,5,25.000000,Watchdog-OLSR,0,-1,-1,-1,-1,-1,-1,-1,1,15.165139,1,3|1|2|0,defense_vs_attack
100000019,100000019,1,2.2.0,2,50,750.000000,1000.000000,0,190.000000,3,1,2,5,25.000000,Watchdog-OLSR,0,-1,-1,-1,-1,-1,-1,-1,1,17.756504,1,2|0|1|3,defense_only
100000020,100000020,1,2.2.0,2,50,750.000000,1000.000000,0,190.000000,3,1,2,5,25.000000,Watchdog-OLSR,0,-1,-1,-1,-1,-1,-1,-1,1,13.668810,1,0|2|3|1,baseline
100000021,100000021,1,2.2.0,2,50,750.000000,1000.000000,0,190.000000,3,1,2,5,25.000000,Watchdog-OLSR,0,-1,-1,-1,-1,-1,-1,-1,1,17.290452,1,3|1|2|0,defense_vs_attack
100000023,100000023,1,2.2.0,2,50,750.000000,1000.000000,0,190.000000,3,1,2,5,25.000000,Watchdog-OLSR,0,-1,-1,-1,-1,-1,-1,-1,1,15.042303,1,3|1|0|2,defense_vs_attack
100000026,100000026,1,2.2.0,2,50,750.000000,1000.000000,0,190.000000,3,1,2,5,25.000000,Watchdog-OLSR,0,-1,-1,-1,-1,-1,-1,-1,1,16.375633,1,0|3|1|2,baseline
100000036,100000036,1,2.2.0,2,50,750.000000,1000.000000,0,190.000000,3,1,2,5,25.000000,Watchdog-OLSR,0,-1,-1,-1,-1,-1,-1,-1,1,16.678989,1,1|0|3|2,attack_only
100000037,100000037,1,2.2.0,2,50,750.000000,1000.000000,0,190.000000,3,1,2,5,25.000000,Watchdog-OLSR,0,-1,-1,-1,-1,-1,-1,-1,1,15.804067,1,2|0|1|3,defense_only
100000044,100000044,1,2.2.0,2,50,750.000000,1000.000000,0,190.000000,3,1,2,5,25.000000,Watchdog-OLSR,0,-1,-1,-1,-1,-1,-1,-1,1,24.391990,1,3|1|0|2,defense_vs_attack
100000048,100000048,1,2.2.0,2,50,750.000000,1000.000000,0,190.000000,3,1,2,5,25.000000,Watchdog-OLSR,0,-1,-1,-1,-1,-1,-1,-1,1,18.139376,1,1|0|3|2,attack_only
100000053,100000053,1,2.2.0,2,50,750.000000,1000.000000,0,190.000000,3,1,2,5,25.000000,Watchdog-OLSR,0,-1,-1,-1,-1,-1,-1,-1,1,17.666668,1,3|0|2|1,defense_vs_attack
100000060,100000060,1,2.2.0,2,50,750.000000,1000.000000,0,190.000000,3,1,2,5,25.000000,Watchdog-OLSR,0,-1,-1,-1,-1,-1,-1,-1,1,13.469836,1,1|3|0|2,attack_only
100000063,100000063,1,2.2.0,2,50,750.000000,1000.000000,0,190.000000,3,1,2,5,25.000000,Watchdog-OLSR,0,-1,-1,-1,-1,-1,-1,-1,1,16.857073,1,2|0|3|1,defense_only
100000064,100000064,1,2.2.0,2,50,750.000000,1000.000000,0,190.000000,3,1,2,5,25.000000,Watchdog-OLSR,0,-1,-1,-1,-1,-1,-1,-1,1,14.892626,1,0|2|3|1,baseline
100000065,100000065,1,2.2.0,2,50,750.000000,1000.000000,0,190.000000,3,1,2,5,25.000000,Watchdog-OLSR,0,-1,-1,-1,-1,-1,-1,-1,1,16.375432,1,0|3|1|2,baseline
100000066,100000066,1,2.2.0,2,50,750.000000,1000.000000,0,190.000000,3,1,2,5,25.000000,Watchdog-OLSR,0,-1,-1,-1,-1,-1,-1,-1,1,20.358177,1,1|3|2|0,attack_only
100000067,100000067,1,2.2.0,2,50,750.000000,1000.000000,0,190.000000,3,1,2,5,25.000000,Watchdog-OLSR,0,-1,-1,-1,-1,-1,-1,-1,1,15.132061,1,3|2|1|0,defense_vs_attack
100000069,100000069,1,2.2.0,2,50,750.000000,1000.000000,0,190.000000,3,1,2,5,25.000000,Watchdog-OLSR,0,-1,-1,-1,-1,-1,-1,-1,1,18.687723,1,3|1|0|2,defense_vs_attack
100000071,100000071,1,2.2.0,2,50,750.000000,1000.000000,0,190.000000,3,1,2,5,25.000000,Watchdog-OLSR,0,-1,-1,-1,-1,-1,-1,-1,1,17.176153,1,3|1|2|0,defense_vs_attack
100000076,100000076,1,2.2.0,2,50,750.000000,1000.000000,0,190.000000,3,1,2,5,25.000000,Watchdog-OLSR,0,-1,-1,-1,-1,-1,-1,-1,1,18.607588,1,1|0|3|2,attack_only
100000078,100000078,1,2.2.0,2,50,750.000000,1000.000000,0,190.000000,3,1,2,5,25.000000,Watchdog-OLSR,0,-1,-1,-1,-1,-1,-1,-1,1,16.169480,1,1|3|0|2,attack_only
100000079,100000079,1,2.2.0,2,50,750.000000,1000.000000,0,190.000000,3,1,2,5,25.000000,Watchdog-OLSR,0,-1,-1,-1,-1,-1,-1,-1,1,14.256321,1,2|0|1|3,defense_only
100000084,100000084,1,2.2.0,2,50,750.000000,1000.000000,0,190.000000,3,1,2,5,25.000000,Watchdog-OLSR,0,-1,-1,-1,-1,-1,-1,-1,1,16.280427,1,1|0|2|3,attack_only
100000085,100000085,1,2.2.0,2,50,750.000000,1000.000000,0,190.000000,3,1,2,5,25.000000,Watchdog-OLSR,0,-1,-1,-1,-1,-1,-1,-1,1,14.966840,1,0|2|3|1,baseline
100000089,100000089,1,2.2.0,2,50,750.000000,1000.000000,0,190.000000,3,1,2,5,25.000000,Watchdog-OLSR,0,-1,-1,-1,-1,-1,-1,-1,1,15.806031,1,1|0|3|2,attack_only
100000094,100000094,1,2.2.0,2,50,750.000000,1000.000000,0,190.000000,3,1,2,5,25.000000,Watchdog-OLSR,0,-1,-1,-1,-1,-1,-1,-1,1,15.762349,1,3|0|1|2,defense_vs_attack
100000099,100000099,1,2.2.0,2,50,750.000000,1000.000000,0,190.000000,3,1,2,5,25.000000,Watchdog-OLSR,0,-1,-1,-1,-1,-1,-1,-1,1,15.695125,1,1|3|0|2,attack_only
100000100,100000100,1,2.2.0,2,50,750.000000,1000.000000,0,190.000000,3,1,2,5,25.000000,Watchdog-OLSR,0,-1,-1,-1,-1,-1,-1,-1,1,16.639513,1,2|3|0|1,defense_only
100000103,100000103,1,2.2.0,2,50,750.000000,1000.000000,0,190.000000,3,1,2,5,25.000000,Watchdog-OLSR,0,-1,-1,-1,-1,-1,-1,-1,1,14.113657,1,2|1|3|0,defense_only
100000106,100000106,1,2.2.0,2,50,750.000000,1000.000000,0,190.000000,3,1,2,5,25.000000,Watchdog-OLSR,0,-1,-1,-1,-1,-1,-1,-1,1,17.055077,1,3|1|2|0,defense_vs_attack
100000109,100000109,1,2.2.0,2,50,750.000000,1000.000000,0,190.000000,3,1,2,5,25.000000,Watchdog-OLSR,0,-1,-1,-1,-1,-1,-1,-1,1,16.410752,1,1|2|3|0,attack_only
100000113,100000113,1,2.2.0,2,50,750.000000,1000.000000,0,190.000000,3,1,2,5,25.000000,Watchdog-OLSR,0,-1,-1,-1,-1,-1,-1,-1,1,17.864119,1,2|0|1|3,defense_only
100000117,100000117,1,2.2.0,2,50,750.000000,1000.000000,0,190.000000,3,1,2,5,25.000000,Watchdog-OLSR,0,-1,-1,-1,-1,-1,-1,-1,1,16.442835,1,3|1|0|2,defense_vs_attack
100000124,100000124,1,2.2.0,2,50,750.000000,1000.000000,0,190.000000,3,1,2,5,25.000000,Watchdog-OLSR,0,-1,-1,-1,-1,-1,-1,-1,1,19.078861,1,0|2|3|1,baseline
100000130,100000130,1,2.2.0,2,50,750.000000,1000.000000,0,190.000000,3,1,2,5,25.000000,Watchdog-OLSR,0,-1,-1,-1,-1,-1,-1,-1,1,18.291583,1,0|1|2|3,baseline
100000132,100000132,1,2.2.0,2,50,750.000000,1000.000000,0,190.000000,3,1,2,5,25.000000,Watchdog-OLSR,0,-1,-1,-1,-1,-1,-1,-1,1,15.995170,1,2|1|3|0,defense_only
100000134,100000134,1,2.2.0,2,50,750.000000,1000.000000,0,190.000000,3,1,2,5,25.000000,Watchdog-OLSR,0,-1,-1,-1,-1,-1,-1,-1,1,17.599002,1,3|0|2|1,defense_vs_attack
100000135,100000135,1,2.2.0,2,50,750.000000,1000.000000,0,190.000000,3,1,2,5,25.000000,Watchdog-OLSR,0,-1,-1,-1,-1,-1,-1,-1,1,15.164666,1,0|1|3|2,baseline
100000141,100000141,1,2.2.0,2,50,750.000000,1000.000000,0,190.000000,3,1,2,5,25.000000,Watchdog-OLSR,0,-1,-1,-1,-1,-1,-1,-1,1,15.545213,1,1|0|2|3,attack_only
100000143,100000143,1,2.2.0,2,50,750.000000,1000.000000,0,190.000000,3,1,2,5,25.000000,Watchdog-OLSR,0,-1,-1,-1,-1,-1,-1,-1,1,14.582996,1,3|0|1|2,defense_vs_attack
100000146,100000146,1,2.2.0,2,50,750.000000,1000.000000,0,190.000000,3,1,2,5,25.000000,Watchdog-OLSR,0,-1,-1,-1,-1,-1,-1,-1,1,17.545227,1,2|3|0|1,defense_only
100000149,100000149,1,2.2.0,2,50,750.000000,1000.000000,0,190.000000,3,1,2,5,25.000000,Watchdog-OLSR,0,-1,-1,-1,-1,-1,-1,-1,1,16.382222,1,3|0|2|1,defense_vs_attack
100000152,100000152,1,2.2.0,2,50,750.000000,1000.000000,0,190.000000,3,1,2,5,25.000000,Watchdog-OLSR,0,-1,-1,-1,-1,-1,-1,-1,1,17.882943,1,1|0|2|3,attack_only
100000153,100000153,1,2.2.0,2,50,750.000000,1000.000000,0,190.000000,3,1,2,5,25.000000,Watchdog-OLSR,0,-1,-1,-1,-1,-1,-1,-1,1,16.011837,1,2|3|1|0,defense_only
100000157,100000157,1,2.2.0,2,50,750.000000,1000.000000,0,190.000000,3,1,2,5,25.000000,Watchdog-OLSR,0,-1,-1,-1,-1,-1,-1,-1,1,16.124053,1,3|0|2|1,defense_vs_attack
100000158,100000158,1,2.2.0,2,50,750.000000,1000.000000,0,190.000000,3,1,2,5,25.000000,Watchdog-OLSR,0,-1,-1,-1,-1,-1,-1,-1,1,17.165593,1,3|1|2|0,defense_vs_attack
100000159,100000159,1,2.2.0,2,50,750.000000,1000.000000,0,190.000000,3,1,2,5,25.000000,Watchdog-OLSR,0,-1,-1,-1,-1,-1,-1,-1,1,15.964460,1,3|2|0|1,defense_vs_attack
100000164,100000164,1,2.2.0,2,50,750.000000,1000.000000,0,190.000000,3,1,2,5,25.000000,Watchdog-OLSR,0,-1,-1,-1,-1,-1,-1,-1,1,18.843566,1,3|1|2|0,defense_vs_attack
100000165,100000165,1,2.2.0,2,50,750.000000,1000.000000,0,190.000000,3,1,2,5,25.000000,Watchdog-OLSR,0,-1,-1,-1,-1,-1,-1,-1,1,16.985908,1,2|3|1|0,defense_only
100000167,100000167,1,2.2.0,2,50,750.000000,1000.000000,0,190.000000,3,1,2,5,25.000000,Watchdog-OLSR,0,-1,-1,-1,-1,-1,-1,-1,1,17.603632,1,1|2|3|0,attack_only
100000173,100000173,1,2.2.0,2,50,750.000000,1000.000000,0,190.000000,3,1,2,5,25.000000,Watchdog-OLSR,0,-1,-1,-1,-1,-1,-1,-1,1,20.104912,1,0|3|2|1,baseline
100000178,100000178,1,2.2.0,2,50,750.000000,1000.000000,0,190.000000,3,1,2,5,25.000000,Watchdog-OLSR,0,-1,-1,-1,-1,-1,-1,-1,1,16.458217,1,3|0|2|1,defense_vs_attack
100000181,100000181,1,2.2.0,2,50,750.000000,1000.000000,0,190.000000,3,1,2,5,25.000000,Watchdog-OLSR,0,-1,-1,-1,-1,-1,-1,-1,1,19.415682,1,2|0|3|1,defense_only
100000186,100000186,1,2.2.0,2,50,750.000000,1000.000000,0,190.000000,3,1,2,5,25.000000,Watchdog-OLSR,0,-1,-1,-1,-1,-1,-1,-1,1,17.298077,1,3|0|2|1,defense_vs_attack
100000188,100000188,1,2.2.0,2,50,750.000000,1000.000000,0,190.000000,3,1,2,5,25.000000,Watchdog-OLSR,0,-1,-1,-1,-1,-1,-1,-1,1,18.735139,1,0|3|2|1,baseline
100000189,100000189,1,2.2.0,2,50,750.000000,1000.000000,0,190.000000,3,1,2,5,25.000000,Watchdog-OLSR,0,-1,-1,-1,-1,-1,-1,-1,1,16.754296,1,3|0|1|2,defense_vs_attack
100000190,100000190,1,2.2.0,2,50,750.000000,1000.000000,0,190.000000,3,1,2,5,25.000000,Watchdog-OLSR,0,-1,-1,-1,-1,-1,-1,-1,1,18.276070,1,0|3|1|2,baseline
100000198,100000198,1,2.2.0,2,50,750.000000,1000.000000,0,190.000000,3,1,2,5,25.000000,Watchdog-OLSR,0,-1,-1,-1,-1,-1,-1,-1,1,20.268491,1,0|3|2|1,baseline
100000208,100000208,1,2.2.0,2,50,750.000000,1000.000000,0,190.000000,3,1,2,5,25.000000,Watchdog-OLSR,0,-1,-1,-1,-1,-1,-1,-1,1,38.629007,1,1|0|3|2,attack_only
100000209,100000209,1,2.2.0,2,50,750.000000,1000.000000,0,190.000000,3,1,2,5,25.000000,Watchdog-OLSR,0,-1,-1,-1,-1,-1,-1,-1,1,36.777687,1,3|2|1|0,defense_vs_attack
100000206,100000206,1,2.2.0,2,50,750.000000,1000.000000,0,190.000000,3,1,2,5,25.000000,Watchdog-OLSR,0,-1,-1,-1,-1,-1,-1,-1,1,44.651829,1,0|1|2|3,baseline
100000205,100000205,1,2.2.0,2,50,750.000000,1000.000000,0,190.000000,3,1,2,5,25.000000,Watchdog-OLSR,0,-1,-1,-1,-1,-1,-1,-1,1,46.533124,1,3|1|0|2,defense_vs_attack
100000211,100000211,1,2.2.0,2,50,750.000000,1000.000000,0,190.000000,3,1,2,5,25.000000,Watchdog-OLSR,0,-1,-1,-1,-1,-1,-1,-1,1,41.044891,1,0|3|2|1,baseline
100000207,100000207,1,2.2.0,2,50,750.000000,1000.000000,0,190.000000,3,1,2,5,25.000000,Watchdog-OLSR,0,-1,-1,-1,-1,-1,-1,-1,1,49.475265,1,1|2|0|3,attack_only
100000210,100000210,1,2.2.0,2,50,750.000000,1000.000000,0,190.000000,3,1,2,5,25.000000,Watchdog-OLSR,0,-1,-1,-1,-1,-1,-1,-1,1,48.280881,1,2|3|1|0,defense_only
100000216,100000216,1,2.2.0,2,50,750.000000,1000.000000,0,190.000000,3,1,2,5,25.000000,Watchdog-OLSR,0,-1,-1,-1,-1,-1,-1,-1,1,42.702386,1,2|1|3|0,defense_only
100000214,100000214,1,2.2.0,2,50,750.000000,1000.000000,0,190.000000,3,1,2,5,25.000000,Watchdog-OLSR,0,-1,-1,-1,-1,-1,-1,-1,1,51.120619,1,0|3|1|2,baseline
100000224,100000224,1,2.2.0,2,50,750.000000,1000.000000,0,190.000000,3,1,2,5,25.000000,Watchdog-OLSR,0,-1,-1,-1,-1,-1,-1,-1,1,40.244287,1,1|0|3|2,attack_only
100000225,100000225,1,2.2.0,2,50,750.000000,1000.000000,0,190.000000,3,1,2,5,25.000000,Watchdog-OLSR,0,-1,-1,-1,-1,-1,-1,-1,1,39.792555,1,2|3|0|1,defense_only
100000221,100000221,1,2.2.0,2,50,750.000000,1000.000000,0,190.000000,3,1,2,5,25.000000,Watchdog-OLSR,0,-1,-1,-1,-1,-1,-1,-1,1,47.312085,1,1|0|3|2,attack_only
100000228,100000228,1,2.2.0,2,50,750.000000,1000.000000,0,190.000000,3,1,2,5,25.000000,Watchdog-OLSR,0,-1,-1,-1,-1,-1,-1,-1,1,44.716713,1,3|1|0|2,defense_vs_attack
100000227,100000227,1,2.2.0,2,50,750.000000,1000.000000,0,190.000000,3,1,2,5,25.000000,Watchdog-OLSR,0,-1,-1,-1,-1,-1,-1,-1,1,52.735787,1,3|0|2|1,defense_vs_attack
100000230,100000230,1,2.2.0,2,50,750.000000,1000.000000,0,190.000000,3,1,2,5,25.000000,Watchdog-OLSR,0,-1,-1,-1,-1,-1,-1,-1,1,51.562543,1,3|1|2|0,defense_vs_attack
100000237,100000237,1,2.2.0,2,50,750.000000,1000.000000,0,190.000000,3,1,2,5,25.000000,Watchdog-OLSR,0,-1,-1,-1,-1,-1,-1,-1,1,43.959904,1,0|2|1|3,baseline
100000241,100000241,1,2.2.0,2,50,750.000000,1000.000000,0,190.000000,3,1,2,5,25.000000,Watchdog-OLSR,0,-1,-1,-1,-1,-1,-1,-1,1,39.129149,1,3|2|1|0,defense_vs_attack
100000239,100000239,1,2.2.0,2,50,750.000000,1000.000000,0,190.000000,3,1,2,5,25.000000,Watchdog-OLSR,0,-1,-1,-1,-1,-1,-1,-1,1,48.639185,1,0|3|1|2,baseline
100000243,100000243,1,2.2.0,2,50,750.000000,1000.000000,0,190.000000,3,1,2,5,25.000000,Watchdog-OLSR,0,-1,-1,-1,-1,-1,-1,-1,1,43.083734,1,3|0|1|2,defense_vs_attack
100000242,100000242,1,2.2.0,2,50,750.000000,1000.000000,0,190.000000,3,1,2,5,25.000000,Watchdog-OLSR,0,-1,-1,-1,-1,-1,-1,-1,1,48.053069,1,0|1|3|2,baseline
100000246,100000246,1,2.2.0,2,50,750.000000,1000.000000,0,190.000000,3,1,2,5,25.000000,Watchdog-OLSR,0,-1,-1,-1,-1,-1,-1,-1,1,45.588209,1,2|1|0|3,defense_only
100000253,100000253,1,2.2.0,2,50,750.000000,1000.000000,0,190.000000,3,1,2,5,25.000000,Watchdog-OLSR,0,-1,-1,-1,-1,-1,-1,-1,1,37.616647,1,0|2|3|1,baseline
100000248,100000248,1,2.2.0,2,50,750.000000,1000.000000,0,190.000000,3,1,2,5,25.000000,Watchdog-OLSR,0,-1,-1,-1,-1,-1,-1,-1,1,47.903299,1,0|3|1|2,baseline
100000251,100000251,1,2.2.0,2,50,750.000000,1000.000000,0,190.000000,3,1,2,5,25.000000,Watchdog-OLSR,0,-1,-1,-1,-1,-1,-1,-1,1,48.937854,1,0|2|1|3,baseline
100000252,100000252,1,2.2.0,2,50,750.000000,1000.000000,0,190.000000,3,1,2,5,25.000000,Watchdog-OLSR,0,-1,-1,-1,-1,-1,-1,-1,1,53.228517,1,3|2|0|1,defense_vs_attack
100000254,100000254,1,2.2.0,2,50,750.000000,1000.000000,0,190.000000,3,1,2,5,25.000000,Watchdog-OLSR,0,-1,-1,-1,-1,-1,-1,-1,1,53.633498,1,0|1|2|3,baseline
100000257,100000257,1,2.2.0,2,50,750.000000,1000.000000,0,190.000000,3,1,2,5,25.000000,Watchdog-OLSR,0,-1,-1,-1,-1,-1,-1,-1,1,51.779149,1,2|3|1|0,defense_only
100000258,100000258,1,2.2.0,2,50,750.000000,1000.000000,0,190.000000,3,1,2,5,25.000000,Watchdog-OLSR,0,-1,-1,-1,-1,-1,-1,-1,1,50.438102,1,3|2|0|1,defense_vs_attack
100000261,100000261,1,2.2.0,2,50,750.000000,1000.000000,0,190.000000,3,1,2,5,25.000000,Watchdog-OLSR,0,-1,-1,-1,-1,-1,-1,-1,1,42.960020,1,3|1|0|2,defense_vs_attack
100000263,100000263,1,2.2.0,2,50,750.000000,1000.000000,0,190.000000,3,1,2,5,25.000000,Watchdog-OLSR,0,-1,-1,-1,-1,-1,-1,-1,1,51.934924,1,3|2|1|0,defense_vs_attack
100000269,100000269,1,2.2.0,2,50,750.000000,1000.000000,0,190.000000,3,1,2,5,25.000000,Watchdog-OLSR,0,-1,-1,-1,-1,-1,-1,-1,1,36.575005,1,3|1|0|2,defense_vs_attack
100000270,100000270,1,2.2.0,2,50,750.000000,1000.000000,0,190.000000,3,1,2,5,25.000000,Watchdog-OLSR,0,-1,-1,-1,-1,-1,-1,-1,1,45.676106,1,1|3|0|2,attack_only
100000274,100000274,1,2.2.0,2,50,750.000000,1000.000000,0,190.000000,3,1,2,5,25.000000,Watchdog-OLSR,0,-1,-1,-1,-1,-1,-1,-1,1,37.480673,1,3|2|1|0,defense_vs_attack
100000275,100000275,1,2.2.0,2,50,750.000000,1000.000000,0,190.000000,3,1,2,5,25.000000,Watchdog-OLSR,0,-1,-1,-1,-1,-1,-1,-1,1,44.904849,1,2|3|0|1,defense_only
100000279,100000279,1,2.2.0,2,50,750.000000,1000.000000,0,190.000000,3,1,2,5,25.000000,Watchdog-OLSR,0,-1,-1,-1,-1,-1,-1,-1,1,42.395110,1,0|2|1|3,baseline
100000278,100000278,1,2.2.0,2,50,750.000000,1000.000000,0,190.000000,3,1,2,5,25.000000,Watchdog-OLSR,0,-1,-1,-1,-1,-1,-1,-1,1,45.757466,1,3|2|1|0,defense_vs_attack
100000280,100000280,1,2.2.0,2,50,750.000000,1000.000000,0,190.000000,3,1,2,5,25.000000,Watchdog-OLSR,0,-1,-1,-1,-1,-1,-1,-1,1,42.612694,1,0|3|2|1,baseline
100000284,100000284,1,2.2.0,2,50,750.000000,1000.000000,0,190.000000,3,1,2,5,25.000000,Watchdog-OLSR,0,-1,-1,-1,-1,-1,-1,-1,1,43.785669,1,1|3|0|2,attack_only
100000287,100000287,1,2.2.0,2,50,750.000000,1000.000000,0,190.000000,3,1,2,5,25.000000,Watchdog-OLSR,0,-1,-1,-1,-1,-1,-1,-1,1,45.857892,1,2|1|3|0,defense_only
100000285,100000285,1,2.2.0,2,50,750.000000,1000.000000,0,190.000000,3,1,2,5,25.000000,Watchdog-OLSR,0,-1,-1,-1,-1,-1,-1,-1,1,51.239552,1,2|0|3|1,defense_only
100000290,100000290,1,2.2.0,2,50,750.000000,1000.000000,0,190.000000,3,1,2,5,25.000000,Watchdog-OLSR,0,-1,-1,-1,-1,-1,-1,-1,1,46.779698,1,0|1|3|2,baseline
100000291,100000291,1,2.2.0,2,50,750.000000,1000.000000,0,190.000000,3,1,2,5,25.000000,Watchdog-OLSR,0,-1,-1,-1,-1,-1,-1,-1,1,45.628890,1,1|3|2|0,attack_only
100000294,100000294,1,2.2.0,2,50,750.000000,1000.000000,0,190.000000,3,1,2,5,25.000000,Watchdog-OLSR,0,-1,-1,-1,-1,-1,-1,-1,1,45.656394,1,1|0|3|2,attack_only
100000293,100000293,1,2.2.0,2,50,750.000000,1000.000000,0,190.000000,3,1,2,5,25.000000,Watchdog-OLSR,0,-1,-1,-1,-1,-1,-1,-1,1,47.077041,1,2|0|3|1,defense_only
100000301,100000301,1,2.2.0,2,50,750.000000,1000.000000,0,190.000000,3,1,2,5,25.000000,Watchdog-OLSR,0,-1,-1,-1,-1,-1,-1,-1,1,50.297190,1,3|0|2|1,defense_vs_attack
100000308,100000308,1,2.2.0,2,50,750.000000,1000.000000,0,190.000000,3,1,2,5,25.000000,Watchdog-OLSR,0,-1,-1,-1,-1,-1,-1,-1,1,44.180023,1,1|3|2|0,attack_only
100000306,100000306,1,2.2.0,2,50,750.000000,1000.000000,0,190.000000,3,1,2,5,25.000000,Watchdog-OLSR,0,-1,-1,-1,-1,-1,-1,-1,1,47.919720,1,1|3|2|0,attack_only
100000310,100000310,1,2.2.0,2,50,750.000000,1000.000000,0,190.000000,3,1,2,5,25.000000,Watchdog-OLSR,0,-1,-1,-1,-1,-1,-1,-1,1,43.953596,1,0|2|1|3,baseline
100000316,100000316,1,2.2.0,2,50,750.000000,1000.000000,0,190.000000,3,1,2,5,25.000000,Watchdog-OLSR,0,-1,-1,-1,-1,-1,-1,-1,1,52.668219,1,3|0|1|2,defense_vs_attack
100000315,100000315,1,2.2.0,2,50,750.000000,1000.000000,0,190.000000,3,1,2,5,25.000000,Watchdog-OLSR,0,-1,-1,-1,-1,-1,-1,-1,1,59.814869,1,3|2|1|0,defense_vs_attack
100000325,100000325,1,2.2.0,2,50,750.000000,1000.000000,0,190.000000,3,1,2,5,25.000000,Watchdog-OLSR,0,-1,-1,-1,-1,-1,-1,-1,1,52.941931,1,1|2|0|3,attack_only
100000324,100000324,1,2.2.0,2,50,750.000000,1000.000000,0,190.000000,3,1,2,5,25.000000,Watchdog-OLSR,0,-1,-1,-1,-1,-1,-1,-1,1,56.390255,1,3|0|1|2,defense_vs_attack
100000327,100000327,1,2.2.0,2,50,750.000000,1000.000000,0,190.000000,3,1,2,5,25.000000,Watchdog-OLSR,0,-1,-1,-1,-1,-1,-1,-1,1,51.124479,1,1|3|0|2,attack_only
100000329,100000329,1,2.2.0,2,50,750.000000,1000.000000,0,190.000000,3,1,2,5,25.000000,Watchdog-OLSR,0,-1,-1,-1,-1,-1,-1,-1,1,53.778577,1,3|1|0|2,defense_vs_attack
100000331,100000331,1,2.2.0,2,50,750.000000,1000.000000,0,190.000000,3,1,2,5,25.000000,Watchdog-OLSR,0,-1,-1,-1,-1,-1,-1,-1,1,44.463786,1,1|0|2|3,attack_only
100000332,100000332,1,2.2.0,2,50,750.000000,1000.000000,0,190.000000,3,1,2,5,25.000000,Watchdog-OLSR,0,-1,-1,-1,-1,-1,-1,-1,1,50.419685,1,1|3|2|0,attack_only
100000334,100000334,1,2.2.0,2,50,750.000000,1000.000000,0,190.000000,3,1,2,5,25.000000,Watchdog-OLSR,0,-1,-1,-1,-1,-1,-1,-1,1,50.636453,1,3|0|2|1,defense_vs_attack
100000335,100000335,1,2.2.0,2,50,750.000000,1000.000000,0,190.000000,3,1,2,5,25.000000,Watchdog-OLSR,0,-1,-1,-1,-1,-1,-1,-1,1,48.242577,1,1|3|2|0,attack_only
100000336,100000336,1,2.2.0,2,50,750.000000,1000.000000,0,190.000000,3,1,2,5,25.000000,Watchdog-OLSR,0,-1,-1,-1,-1,-1,-1,-1,1,50.403091,1,0|2|3|1,baseline
100000342,100000342,1,2.2.0,2,50,750.000000,1000.000000,0,190.000000,3,1,2,5,25.000000,Watchdog-OLSR,0,-1,-1,-1,-1,-1,-1,-1,1,49.452887,1,0|2|3|1,baseline
100000347,100000347,1,2.2.0,2,50,750.000000,1000.000000,0,190.000000,3,1,2,5,25.000000,Watchdog-OLSR,0,-1,-1,-1,-1,-1,-1,-1,1,47.888021,1,1|3|0|2,attack_only
100000349,100000349,1,2.2.0,2,50,750.000000,1000.000000,0,190.000000,3,1,2,5,25.000000,Watchdog-OLSR,0,-1,-1,-1,-1,-1,-1,-1,1,55.032994,1,2|3|1|0,defense_only
100000356,100000356,1,2.2.0,2,50,750.000000,1000.000000,0,190.000000,3,1,2,5,25.000000,Watchdog-OLSR,0,-1,-1,-1,-1,-1,-1,-1,1,45.016714,1,2|0|1|3,defense_only
100000359,100000359,1,2.2.0,2,50,750.000000,1000.000000,0,190.000000,3,1,2,5,25.000000,Watchdog-OLSR,0,-1,-1,-1,-1,-1,-1,-1,1,44.900752,1,0|3|2|1,baseline
100000358,100000358,1,2.2.0,2,50,750.000000,1000.000000,0,190.000000,3,1,2,5,25.000000,Watchdog-OLSR,0,-1,-1,-1,-1,-1,-1,-1,1,48.704577,1,2|0|3|1,defense_only
100000364,100000364,1,2.2.0,2,50,750.000000,1000.000000,0,190.000000,3,1,2,5,25.000000,Watchdog-OLSR,0,-1,-1,-1,-1,-1,-1,-1,1,48.702103,1,3|1|2|0,defense_vs_attack
100000365,100000365,1,2.2.0,2,50,750.000000,1000.000000,0,190.000000,3,1,2,5,25.000000,Watchdog-OLSR,0,-1,-1,-1,-1,-1,-1,-1,1,47.098155,1,3|2|0|1,defense_vs_attack
100000368,100000368,1,2.2.0,2,50,750.000000,1000.000000,0,190.000000,3,1,2,5,25.000000,Watchdog-OLSR,0,-1,-1,-1,-1,-1,-1,-1,1,47.163963,1,2|3|0|1,defense_only
100000367,100000367,1,2.2.0,2,50,750.000000,1000.000000,0,190.000000,3,1,2,5,25.000000,Watchdog-OLSR,0,-1,-1,-1,-1,-1,-1,-1,1,54.026376,1,0|3|1|2,baseline
100000378,100000378,1,2.2.0,2,50,750.000000,1000.000000,0,190.000000,3,1,2,5,25.000000,Watchdog-OLSR,0,-1,-1,-1,-1,-1,-1,-1,1,54.358189,1,0|1|3|2,baseline
100000379,100000379,1,2.2.0,2,50,750.000000,1000.000000,0,190.000000,3,1,2,5,25.000000,Watchdog-OLSR,0,-1,-1,-1,-1,-1,-1,-1,1,49.609932,1,0|3|2|1,baseline
100000387,100000387,1,2.2.0,2,50,750.000000,1000.000000,0,190.000000,3,1,2,5,25.000000,Watchdog-OLSR,0,-1,-1,-1,-1,-1,-1,-1,1,38.448901,1,1|0|3|2,attack_only
100000383,100000383,1,2.2.0,2,50,750.000000,1000.000000,0,190.000000,3,1,2,5,25.000000,Watchdog-OLSR,0,-1,-1,-1,-1,-1,-1,-1,1,54.355574,1,1|0|2|3,attack_only
100000385,100000385,1,2.2.0,2,50,750.000000,1000.000000,0,190.000000,3,1,2,5,25.000000,Watchdog-OLSR,0,-1,-1,-1,-1,-1,-1,-1,1,55.752236,1,1|3|0|2,attack_only
100000390,100000390,1,2.2.0,2,50,750.000000,1000.000000,0,190.000000,3,1,2,5,25.000000,Watchdog-OLSR,0,-1,-1,-1,-1,-1,-1,-1,1,51.953195,1,2|3|1|0,defense_only
100000392,100000392,1,2.2.0,2,50,750.000000,1000.000000,0,190.000000,3,1,2,5,25.000000,Watchdog-OLSR,0,-1,-1,-1,-1,-1,-1,-1,1,46.750125,1,1|0|2|3,attack_only
100000395,100000395,1,2.2.0,2,50,750.000000,1000.000000,0,190.000000,3,1,2,5,25.000000,Watchdog-OLSR,0,-1,-1,-1,-1,-1,-1,-1,1,40.504436,1,1|0|2|3,attack_only
100000396,100000396,1,2.2.0,2,50,750.000000,1000.000000,0,190.000000,3,1,2,5,25.000000,Watchdog-OLSR,0,-1,-1,-1,-1,-1,-1,-1,1,43.139214,1,2|3|0|1,defense_only
100000402,100000402,1,2.2.0,2,50,750.000000,1000.000000,0,190.000000,3,1,2,5,25.000000,Watchdog-OLSR,0,-1,-1,-1,-1,-1,-1,-1,1,47.289841,1,1|2|3|0,attack_only
100000403,100000403,1,2.2.0,2,50,750.000000,1000.000000,0,190.000000,3,1,2,5,25.000000,Watchdog-OLSR,0,-1,-1,-1,-1,-1,-1,-1,1,44.800665,1,1|2|0|3,attack_only
100000404,100000404,1,2.2.0,2,50,750.000000,1000.000000,0,190.000000,3,1,2,5,25.000000,Watchdog-OLSR,0,-1,-1,-1,-1,-1,-1,-1,1,48.233279,1,0|2|3|1,baseline
100000401,100000401,1,2.2.0,2,50,750.000000,1000.000000,0,190.000000,3,1,2,5,25.000000,Watchdog-OLSR,0,-1,-1,-1,-1,-1,-1,-1,1,60.623097,1,1|2|3|0,attack_only
100000406,100000406,1,2.2.0,2,50,750.000000,1000.000000,0,190.000000,3,1,2,5,25.000000,Watchdog-OLSR,0,-1,-1,-1,-1,-1,-1,-1,1,48.527923,1,1|2|0|3,attack_only
100000412,100000412,1,2.2.0,2,50,750.000000,1000.000000,0,190.000000,3,1,2,5,25.000000,Watchdog-OLSR,0,-1,-1,-1,-1,-1,-1,-1,1,48.048993,1,1|3|2|0,attack_only
100000413,100000413,1,2.2.0,2,50,750.000000,1000.000000,0,190.000000,3,1,2,5,25.000000,Watchdog-OLSR,0,-1,-1,-1,-1,-1,-1,-1,1,46.573926,1,2|1|3|0,defense_only
100000416,100000416,1,2.2.0,2,50,750.000000,1000.000000,0,190.000000,3,1,2,5,25.000000,Watchdog-OLSR,0,-1,-1,-1,-1,-1,-1,-1,1,43.472938,1,1|0|2|3,attack_only
100000419,100000419,1,2.2.0,2,50,750.000000,1000.000000,0,190.000000,3,1,2,5,25.000000,Watchdog-OLSR,0,-1,-1,-1,-1,-1,-1,-1,1,46.395015,1,0|2|1|3,baseline
100000422,100000422,1,2.2.0,2,50,750.000000,1000.000000,0,190.000000,3,1,2,5,25.000000,Watchdog-OLSR,0,-1,-1,-1,-1,-1,-1,-1,1,44.518508,1,1|3|0|2,attack_only
100000420,100000420,1,2.2.0,2,50,750.000000,1000.000000,0,190.000000,3,1,2,5,25.000000,Watchdog-OLSR,0,-1,-1,-1,-1,-1,-1,-1,1,48.043604,1,2|0|3|1,defense_only
100000427,100000427,1,2.2.0,2,50,750.000000,1000.000000,0,190.000000,3,1,2,5,25.000000,Watchdog-OLSR,0,-1,-1,-1,-1,-1,-1,-1,1,45.702591,1,0|2|3|1,baseline
100000431,100000431,1,2.2.0,2,50,750.000000,1000.000000,0,190.000000,3,1,2,5,25.000000,Watchdog-OLSR,0,-1,-1,-1,-1,-1,-1,-1,1,44.338030,1,3|0|1|2,defense_vs_attack
100000432,100000432,1,2.2.0,2,50,750.000000,1000.000000,0,190.000000,3,1,2,5,25.000000,Watchdog-OLSR,0,-1,-1,-1,-1,-1,-1,-1,1,45.855121,1,0|3|2|1,baseline
100000439,100000439,1,2.2.0,2,50,750.000000,1000.000000,0,190.000000,3,1,2,5,25.000000,Watchdog-OLSR,0,-1,-1,-1,-1,-1,-1,-1,1,41.891816,1,2|1|0|3,defense_only
100000436,100000436,1,2.2.0,2,50,750.000000,1000.000000,0,190.000000,3,1,2,5,25.000000,Watchdog-OLSR,0,-1,-1,-1,-1,-1,-1,-1,1,49.162066,1,0|3|1|2,baseline
100000446,100000446,1,2.2.0,2,50,750.000000,1000.000000,0,190.000000,3,1,2,5,25.000000,Watchdog-OLSR,0,-1,-1,-1,-1,-1,-1,-1,1,52.215499,1,1|0|2|3,attack_only
100000449,100000449,1,2.2.0,2,50,750.000000,1000.000000,0,190.000000,3,1,2,5,25.000000,Watchdog-OLSR,0,-1,-1,-1,-1,-1,-1,-1,1,51.266038,1,3|2|1|0,defense_vs_attack
100000458,100000458,1,2.2.0,2,50,750.000000,1000.000000,0,190.000000,3,1,2,5,25.000000,Watchdog-OLSR,0,-1,-1,-1,-1,-1,-1,-1,1,52.352045,1,0|1|2|3,baseline
100000464,100000464,1,2.2.0,2,50,750.000000,1000.000000,0,190.000000,3,1,2,5,25.000000,Watchdog-OLSR,0,-1,-1,-1,-1,-1,-1,-1,1,45.260642,1,0|2|3|1,baseline
100000463,100000463,1,2.2.0,2,50,750.000000,1000.000000,0,190.000000,3,1,2,5,25.000000,Watchdog-OLSR,0,-1,-1,-1,-1,-1,-1,-1,1,49.960475,1,0|1|3|2,baseline
100000465,100000465,1,2.2.0,2,50,750.000000,1000.000000,0,190.000000,3,1,2,5,25.000000,Watchdog-OLSR,0,-1,-1,-1,-1,-1,-1,-1,1,50.934064,1,2|1|3|0,defense_only
100000472,100000472,1,2.2.0,2,50,750.000000,1000.000000,0,190.000000,3,1,2,5,25.000000,Watchdog-OLSR,0,-1,-1,-1,-1,-1,-1,-1,1,42.819249,1,2|0|3|1,defense_only
100000470,100000470,1,2.2.0,2,50,750.000000,1000.000000,0,190.000000,3,1,2,5,25.000000,Watchdog-OLSR,0,-1,-1,-1,-1,-1,-1,-1,1,48.403674,1,2|3|0|1,defense_only
100000471,100000471,1,2.2.0,2,50,750.000000,1000.000000,0,190.000000,3,1,2,5,25.000000,Watchdog-OLSR,0,-1,-1,-1,-1,-1,-1,-1,1,48.018084,1,1|2|3|0,attack_only
100000475,100000475,1,2.2.0,2,50,750.000000,1000.000000,0,190.000000,3,1,2,5,25.000000,Watchdog-OLSR,0,-1,-1,-1,-1,-1,-1,-1,1,45.060760,1,2|1|3|0,defense_only
100000474,100000474,1,2.2.0,2,50,750.000000,1000.000000,0,190.000000,3,1,2,5,25.000000,Watchdog-OLSR,0,-1,-1,-1,-1,-1,-1,-1,1,49.594977,1,0|3|1|2,baseline
100000478,100000478,1,2.2.0,2,50,750.000000,1000.000000,0,190.000000,3,1,2,5,25.000000,Watchdog-OLSR,0,-1,-1,-1,-1,-1,-1,-1,1,47.109926,1,0|2|3|1,baseline
100000480,100000480,1,2.2.0,2,50,750.000000,1000.000000,0,190.000000,3,1,2,5,25.000000,Watchdog-OLSR,0,-1,-1,-1,-1,-1,-1,-1,1,42.458678,1,0|2|1|3,baseline
100000481,100000481,1,2.2.0,2,50,750.000000,1000.000000,0,190.000000,3,1,2,5,25.000000,Watchdog-OLSR,0,-1,-1,-1,-1,-1,-1,-1,1,44.969806,1,2|3|1|0,defense_only
100000485,100000485,1,2.2.0,2,50,750.000000,1000.000000,0,190.000000,3,1,2,5,25.000000,Watchdog-OLSR,0,-1,-1,-1,-1,-1,-1,-1,1,46.748606,1,1|0|2|3,attack_only
100000487,100000487,1,2.2.0,2,50,750.000000,1000.000000,0,190.000000,3,1,2,5,25.000000,Watchdog-OLSR,0,-1,-1,-1,-1,-1,-1,-1,1,46.561052,1,2|3|0|1,defense_only
100000492,100000492,1,2.2.0,2,50,750.000000,1000.000000,0,190.000000,3,1,2,5,25.000000,Watchdog-OLSR,0,-1,-1,-1,-1,-1,-1,-1,1,47.927660,1,0|2|1|3,baseline
100000493,100000493,1,2.2.0,2,50,750.000000,1000.000000,0,190.000000,3,1,2,5,25.000000,Watchdog-OLSR,0,-1,-1,-1,-1,-1,-1,-1,1,48.540203,1,1|2|3|0,attack_only
100000505,100000505,1,2.2.0,2,50,750.000000,1000.000000,0,190.000000,3,1,2,5,25.000000,Watchdog-OLSR,0,-1,-1,-1,-1,-1,-1,-1,1,46.705792,1,2|3|0|1,defense_only
100000508,100000508,1,2.2.0,2,50,750.000000,1000.000000,0,190.000000,3,1,2,5,25.000000,Watchdog-OLSR,0,-1,-1,-1,-1,-1,-1,-1,1,48.144770,1,0|1|3|2,baseline
100000511,100000511,1,2.2.0,2,50,750.000000,1000.000000,0,190.000000,3,1,2,5,25.000000,Watchdog-OLSR,0,-1,-1,-1,-1,-1,-1,-1,1,46.151877,1,2|0|3|1,defense_only
100000517,100000517,1,2.2.0,2,50,750.000000,1000.000000,0,190.000000,3,1,2,5,25.000000,Watchdog-OLSR,0,-1,-1,-1,-1,-1,-1,-1,1,40.939840,1,0|2|3|1,baseline
100000516,100000516,1,2.2.0,2,50,750.000000,1000.000000,0,190.000000,3,1,2,5,25.000000,Watchdog-OLSR,0,-1,-1,-1,-1,-1,-1,-1,1,42.168109,1,3|0|2|1,defense_vs_attack
100000515,100000515,1,2.2.0,2,50,750.000000,1000.000000,0,190.000000,3,1,2,5,25.000000,Watchdog-OLSR,0,-1,-1,-1,-1,-1,-1,-1,1,52.637371,1,2|1|0|3,defense_only
100000521,100000521,1,2.2.0,2,50,750.000000,1000.000000,0,190.000000,3,1,2,5,25.000000,Watchdog-OLSR,0,-1,-1,-1,-1,-1,-1,-1,1,42.082116,1,1|3|2|0,attack_only
100000524,100000524,1,2.2.0,2,50,750.000000,1000.000000,0,190.000000,3,1,2,5,25.000000,Watchdog-OLSR,0,-1,-1,-1,-1,-1,-1,-1,1,45.656664,1,3|2|1|0,defense_vs_attack
100000523,100000523,1,2.2.0,2,50,750.000000,1000.000000,0,190.000000,3,1,2,5,25.000000,Watchdog-OLSR,0,-1,-1,-1,-1,-1,-1,-1,1,49.396063,1,0|3|1|2,baseline
100000528,100000528,1,2.2.0,2,50,750.000000,1000.000000,0,190.000000,3,1,2,5,25.000000,Watchdog-OLSR,0,-1,-1,-1,-1,-1,-1,-1,1,38.246506,1,1|0|3|2,attack_only
100000527,100000527,1,2.2.0,2,50,750.000000,1000.000000,0,190.000000,3,1,2,5,25.000000,Watchdog-OLSR,0,-1,-1,-1,-1,-1,-1,-1,1,41.912477,1,3|0|2|1,defense_vs_attack
100000532,100000532,1,2.2.0,2,50,750.000000,1000.000000,0,190.000000,3,1,2,5,25.000000,Watchdog-OLSR,0,-1,-1,-1,-1,-1,-1,-1,1,47.913065,1,0|3|1|2,baseline
100000535,100000535,1,2.2.0,2,50,750.000000,1000.000000,0,190.000000,3,1,2,5,25.000000,Watchdog-OLSR,0,-1,-1,-1,-1,-1,-1,-1,1,46.183602,1,0|1|2|3,baseline
100000538,100000538,1,2.2.0,2,50,750.000000,1000.000000,0,190.000000,3,1,2,5,25.000000,Watchdog-OLSR,0,-1,-1,-1,-1,-1,-1,-1,1,42.934360,1,2|1|3|0,defense_only
100000540,100000540,1,2.2.0,2,50,750.000000,1000.000000,0,190.000000,3,1,2,5,25.000000,Watchdog-OLSR,0,-1,-1,-1,-1,-1,-1,-1,1,41.684489,1,2|1|3|0,defense_only
100000541,100000541,1,2.2.0,2,50,750.000000,1000.000000,0,190.000000,3,1,2,5,25.000000,Watchdog-OLSR,0,-1,-1,-1,-1,-1,-1,-1,1,39.603669,1,2|1|0|3,defense_only
100000537,100000537,1,2.2.0,2,50,750.000000,1000.000000,0,190.000000,3,1,2,5,25.000000,Watchdog-OLSR,0,-1,-1,-1,-1,-1,-1,-1,1,51.762632,1,2|3|1|0,defense_only
100000539,100000539,1,2.2.0,2,50,750.000000,1000.000000,0,190.000000,3,1,2,5,25.000000,Watchdog-OLSR,0,-1,-1,-1,-1,-1,-1,-1,1,59.291220,1,3|2|0|1,defense_vs_attack
100000542,100000542,1,2.2.0,2,50,750.000000,1000.000000,0,190.000000,3,1,2,5,25.000000,Watchdog-OLSR,0,-1,-1,-1,-1,-1,-1,-1,1,37.819809,1,2|3|0|1,defense_only
100000545,100000545,1,2.2.0,2,50,750.000000,1000.000000,0,190.000000,3,1,2,5,25.000000,Watchdog-OLSR,0,-1,-1,-1,-1,-1,-1,-1,1,50.342251,1,1|3|2|0,attack_only
100000550,100000550,1,2.2.0,2,50,750.000000,1000.000000,0,190.000000,3,1,2,5,25.000000,Watchdog-OLSR,0,-1,-1,-1,-1,-1,-1,-1,1,41.659601,1,1|0|2|3,attack_only
100000551,100000551,1,2.2.0,2,50,750.000000,1000.000000,0,190.000000,3,1,2,5,25.000000,Watchdog-OLSR,0,-1,-1,-1,-1,-1,-1,-1,1,50.929058,1,3|2|0|1,defense_vs_attack
100000559,100000559,1,2.2.0,2,50,750.000000,1000.000000,0,190.000000,3,1,2,5,25.000000,Watchdog-OLSR,0,-1,-1,-1,-1,-1,-1,-1,1,44.200261,1,1|0|2|3,attack_only
100000557,100000557,1,2.2.0,2,50,750.000000,1000.000000,0,190.000000,3,1,2,5,25.000000,Watchdog-OLSR,0,-1,-1,-1,-1,-1,-1,-1,1,55.823041,1,1|0|2|3,attack_only
100000561,100000561,1,2.2.0,2,50,750.000000,1000.000000,0,190.000000,3,1,2,5,25.000000,Watchdog-OLSR,0,-1,-1,-1,-1,-1,-1,-1,1,46.054950,1,3|2|0|1,defense_vs_attack
100000567,100000567,1,2.2.0,2,50,750.000000,1000.000000,0,190.000000,3,1,2,5,25.000000,Watchdog-OLSR,0,-1,-1,-1,-1,-1,-1,-1,1,45.300258,1,0|1|3|2,baseline
100000568,100000568,1,2.2.0,2,50,750.000000,1000.000000,0,190.000000,3,1,2,5,25.000000,Watchdog-OLSR,0,-1,-1,-1,-1,-1,-1,-1,1,48.377916,1,2|3|0|1,defense_only
100000570,100000570,1,2.2.0,2,50,750.000000,1000.000000,0,190.000000,3,1,2,5,25.000000,Watchdog-OLSR,0,-1,-1,-1,-1,-1,-1,-1,1,45.381843,1,0|2|3|1,baseline
100000573,100000573,1,2.2.0,2,50,750.000000,1000.000000,0,190.000000,3,1,2,5,25.000000,Watchdog-OLSR,0,-1,-1,-1,-1,-1,-1,-1,1,41.954618,1,3|1|0|2,defense_vs_attack
100000578,100000578,1,2.2.0,2,50,750.000000,1000.000000,0,190.000000,3,1,2,5,25.000000,Watchdog-OLSR,0,-1,-1,-1,-1,-1,-1,-1,1,45.826960,1,2|3|0|1,defense_only
100000583,100000583,1,2.2.0,2,50,750.000000,1000.000000,0,190.000000,3,1,2,5,25.000000,Watchdog-OLSR,0,-1,-1,-1,-1,-1,-1,-1,1,37.628501,1,3|2|1|0,defense_vs_attack
100000582,100000582,1,2.2.0,2,50,750.000000,1000.000000,0,190.000000,3,1,2,5,25.000000,Watchdog-OLSR,0,-1,-1,-1,-1,-1,-1,-1,1,43.812328,1,0|2|3|1,baseline
100000588,100000588,1,2.2.0,2,50,750.000000,1000.000000,0,190.000000,3,1,2,5,25.000000,Watchdog-OLSR,0,-1,-1,-1,-1,-1,-1,-1,1,38.909394,1,3|1|0|2,defense_vs_attack
100000590,100000590,1,2.2.0,2,50,750.000000,1000.000000,0,190.000000,3,1,2,5,25.000000,Watchdog-OLSR,0,-1,-1,-1,-1,-1,-1,-1,1,39.608060,1,3|2|0|1,defense_vs_attack
100000585,100000585,1,2.2.0,2,50,750.000000,1000.000000,0,190.000000,3,1,2,5,25.000000,Watchdog-OLSR,0,-1,-1,-1,-1,-1,-1,-1,1,50.089782,1,2|0|3|1,defense_only
100000593,100000593,1,2.2.0,2,50,750.000000,1000.000000,0,190.000000,3,1,2,5,25.000000,Watchdog-OLSR,0,-1,-1,-1,-1,-1,-1,-1,1,43.186458,1,2|3|1|0,defense_only
100000596,100000596,1,2.2.0,2,50,750.000000,1000.000000,0,190.000000,3,1,2,5,25.000000,Watchdog-OLSR,0,-1,-1,-1,-1,-1,-1,-1,1,38.840270,1,0|3|1|2,baseline
100000595,100000595,1,2.2.0,2,50,750.000000,1000.000000,0,190.000000,3,1,2,5,25.000000,Watchdog-OLSR,0,-1,-1,-1,-1,-1,-1,-1,1,42.733198,1,0|2|1|3,baseline
100000597,100000597,1,2.2.0,2,50,750.000000,1000.000000,0,190.000000,3,1,2,5,25.000000,Watchdog-OLSR,0,-1,-1,-1,-1,-1,-1,-1,1,44.983751,1,3|1|0|2,defense_vs_attack
100000602,100000602,1,2.2.0,2,50,750.000000,1000.000000,0,190.000000,3,1,2,5,25.000000,Watchdog-OLSR,0,-1,-1,-1,-1,-1,-1,-1,1,48.228495,1,2|3|0|1,defense_only
100000603,100000603,1,2.2.0,2,50,750.000000,1000.000000,0,190.000000,3,1,2,5,25.000000,Watchdog-OLSR,0,-1,-1,-1,-1,-1,-1,-1,1,50.347753,1,2|1|3|0,defense_only
100000605,100000605,1,2.2.0,2,50,750.000000,1000.000000,0,190.000000,3,1,2,5,25.000000,Watchdog-OLSR,0,-1,-1,-1,-1,-1,-1,-1,1,44.750484,1,1|2|3|0,attack_only
100000612,100000612,1,2.2.0,2,50,750.000000,1000.000000,0,190.000000,3,1,2,5,25.000000,Watchdog-OLSR,0,-1,-1,-1,-1,-1,-1,-1,1,38.670002,1,1|2|0|3,attack_only
100000609,100000609,1,2.2.0,2,50,750.000000,1000.000000,0,190.000000,3,1,2,5,25.000000,Watchdog-OLSR,0,-1,-1,-1,-1,-1,-1,-1,1,50.395806,1,1|3|0|2,attack_only
100000613,100000613,1,2.2.0,2,50,750.000000,1000.000000,0,190.000000,3,1,2,5,25.000000,Watchdog-OLSR,0,-1,-1,-1,-1,-1,-1,-1,1,46.368820,1,2|3|1|0,defense_only
100000616,100000616,1,2.2.0,2,50,750.000000,1000.000000,0,190.000000,3,1,2,5,25.000000,Watchdog-OLSR,0,-1,-1,-1,-1,-1,-1,-1,1,43.200500,1,2|0|3|1,defense_only
100000621,100000621,1,2.2.0,2,50,750.000000,1000.000000,0,190.000000,3,1,2,5,25.000000,Watchdog-OLSR,0,-1,-1,-1,-1,-1,-1,-1,1,40.216265,1,2|0|3|1,defense_only
100000618,100000618,1,2.2.0,2,50,750.000000,1000.000000,0,190.000000,3,1,2,5,25.000000,Watchdog-OLSR,0,-1,-1,-1,-1,-1,-1,-1,1,53.419272,1,3|1|2|0,defense_vs_attack
100000628,100000628,1,2.2.0,2,50,750.000000,1000.000000,0,190.000000,3,1,2,5,25.000000,Watchdog-OLSR,0,-1,-1,-1,-1,-1,-1,-1,1,45.051494,1,2|0|3|1,defense_only
100000625,100000625,1,2.2.0,2,50,750.000000,1000.000000,0,190.000000,3,1,2,5,25.000000,Watchdog-OLSR,0,-1,-1,-1,-1,-1,-1,-1,1,53.557273,1,3|0|1|2,defense_vs_attack
100000627,100000627,1,2.2.0,2,50,750.000000,1000.000000,0,190.000000,3,1,2,5,25.000000,Watchdog-OLSR,0,-1,-1,-1,-1,-1,-1,-1,1,49.112939,1,3|2|0|1,defense_vs_attack
100000631,100000631,1,2.2.0,2,50,750.000000,1000.000000,0,190.000000,3,1,2,5,25.000000,Watchdog-OLSR,0,-1,-1,-1,-1,-1,-1,-1,1,45.002577,1,0|2|1|3,baseline
100000636,100000636,1,2.2.0,2,50,750.000000,1000.000000,0,190.000000,3,1,2,5,25.000000,Watchdog-OLSR,0,-1,-1,-1,-1,-1,-1,-1,1,42.314463,1,2|0|3|1,defense_only
100000637,100000637,1,2.2.0,2,50,750.000000,1000.000000,0,190.000000,3,1,2,5,25.000000,Watchdog-OLSR,0,-1,-1,-1,-1,-1,-1,-1,1,50.139655,1,1|0|3|2,attack_only
100000641,100000641,1,2.2.0,2,50,750.000000,1000.000000,0,190.000000,3,1,2,5,25.000000,Watchdog-OLSR,0,-1,-1,-1,-1,-1,-1,-1,1,41.992053,1,1|0|2|3,attack_only
100000647,100000647,1,2.2.0,2,50,750.000000,1000.000000,0,190.000000,3,1,2,5,25.000000,Watchdog-OLSR,0,-1,-1,-1,-1,-1,-1,-1,1,38.147563,1,3|1|0|2,defense_vs_attack
100000645,100000645,1,2.2.0,2,50,750.000000,1000.000000,0,190.000000,3,1,2,5,25.000000,Watchdog-OLSR,0,-1,-1,-1,-1,-1,-1,-1,1,46.305625,1,3|0|1|2,defense_vs_attack
100000648,100000648,1,2.2.0,2,50,750.000000,1000.000000,0,190.000000,3,1,2,5,25.000000,Watchdog-OLSR,0,-1,-1,-1,-1,-1,-1,-1,1,49.555140,1,1|2|3|0,attack_only
100000651,100000651,1,2.2.0,2,50,750.000000,1000.000000,0,190.000000,3,1,2,5,25.000000,Watchdog-OLSR,0,-1,-1,-1,-1,-1,-1,-1,1,46.946141,1,1|3|2|0,attack_only
100000653,100000653,1,2.2.0,2,50,750.000000,1000.000000,0,190.000000,3,1,2,5,25.000000,Watchdog-OLSR,0,-1,-1,-1,-1,-1,-1,-1,1,46.564401,1,2|3|1|0,defense_only
100000655,100000655,1,2.2.0,2,50,750.000000,1000.000000,0,190.000000,3,1,2,5,25.000000,Watchdog-OLSR,0,-1,-1,-1,-1,-1,-1,-1,1,49.232205,1,1|0|2|3,attack_only
100000656,100000656,1,2.2.0,2,50,750.000000,1000.000000,0,190.000000,3,1,2,5,25.000000,Watchdog-OLSR,0,-1,-1,-1,-1,-1,-1,-1,1,48.715622,1,1|3|2|0,attack_only
100000659,100000659,1,2.2.0,2,50,750.000000,1000.000000,0,190.000000,3,1,2,5,25.000000,Watchdog-OLSR,0,-1,-1,-1,-1,-1,-1,-1,1,53.269435,1,0|1|3|2,baseline
100000661,100000661,1,2.2.0,2,50,750.000000,1000.000000,0,190.000000,3,1,2,5,25.000000,Watchdog-OLSR,0,-1,-1,-1,-1,-1,-1,-1,1,44.631983,1,2|1|0|3,defense_only
100000663,100000663,1,2.2.0,2,50,750.000000,1000.000000,0,190.000000,3,1,2,5,25.000000,Watchdog-OLSR,0,-1,-1,-1,-1,-1,-1,-1,1,41.747758,1,2|1|0|3,defense_only
100000664,100000664,1,2.2.0,2,50,750.000000,1000.000000,0,190.000000,3,1,2,5,25.000000,Watchdog-OLSR,0,-1,-1,-1,-1,-1,-1,-1,1,49.060870,1,0|3|1|2,baseline
100000670,100000670,1,2.2.0,2,50,750.000000,1000.000000,0,190.000000,3,1,2,5,25.000000,Watchdog-OLSR,0,-1,-1,-1,-1,-1,-1,-1,1,49.086195,1,0|1|2|3,baseline
100000668,100000668,1,2.2.0,2,50,750.000000,1000.000000,0,190.000000,3,1,2,5,25.000000,Watchdog-OLSR,0,-1,-1,-1,-1,-1,-1,-1,1,59.132863,1,1|3|2|0,attack_only
100000673,100000673,1,2.2.0,2,50,750.000000,1000.000000,0,190.000000,3,1,2,5,25.000000,Watchdog-OLSR,0,-1,-1,-1,-1,-1,-1,-1,1,43.002146,1,2|1|0|3,defense_only
100000671,100000671,1,2.2.0,2,50,750.000000,1000.000000,0,190.000000,3,1,2,5,25.000000,Watchdog-OLSR,0,-1,-1,-1,-1,-1,-1,-1,1,53.716005,1,2|1|3|0,defense_only
100000674,100000674,1,2.2.0,2,50,750.000000,1000.000000,0,190.000000,3,1,2,5,25.000000,Watchdog-OLSR,0,-1,-1,-1,-1,-1,-1,-1,1,43.282351,1,1|3|2|0,attack_only
100000676,100000676,1,2.2.0,2,50,750.000000,1000.000000,0,190.000000,3,1,2,5,25.000000,Watchdog-OLSR,0,-1,-1,-1,-1,-1,-1,-1,1,43.803494,1,1|3|0|2,attack_only
100000679,100000679,1,2.2.0,2,50,750.000000,1000.000000,0,190.000000,3,1,2,5,25.000000,Watchdog-OLSR,0,-1,-1,-1,-1,-1,-1,-1,1,41.771944,1,1|0|3|2,attack_only
100000680,100000680,1,2.2.0,2,50,750.000000,1000.000000,0,190.000000,3,1,2,5,25.000000,Watchdog-OLSR,0,-1,-1,-1,-1,-1,-1,-1,1,37.465402,1,1|0|3|2,attack_only
100000682,100000682,1,2.2.0,2,50,750.000000,1000.000000,0,190.000000,3,1,2,5,25.000000,Watchdog-OLSR,0,-1,-1,-1,-1,-1,-1,-1,1,42.698012,1,2|0|1|3,defense_only
100000683,100000683,1,2.2.0,2,50,750.000000,1000.000000,0,190.000000,3,1,2,5,25.000000,Watchdog-OLSR,0,-1,-1,-1,-1,-1,-1,-1,1,43.733440,1,3|0|1|2,defense_vs_attack
100000685,100000685,1,2.2.0,2,50,750.000000,1000.000000,0,190.000000,3,1,2,5,25.000000,Watchdog-OLSR,0,-1,-1,-1,-1,-1,-1,-1,1,40.124014,1,3|1|0|2,defense_vs_attack
100000684,100000684,1,2.2.0,2,50,750.000000,1000.000000,0,190.000000,3,1,2,5,25.000000,Watchdog-OLSR,0,-1,-1,-1,-1,-1,-1,-1,1,49.088050,1,2|0|3|1,defense_only
100000687,100000687,1,2.2.0,2,50,750.000000,1000.000000,0,190.000000,3,1,2,5,25.000000,Watchdog-OLSR,0,-1,-1,-1,-1,-1,-1,-1,1,43.427583,1,2|0|3|1,defense_only
100000688,100000688,1,2.2.0,2,50,750.000000,1000.000000,0,190.000000,3,1,2,5,25.000000,Watchdog-OLSR,0,-1,-1,-1,-1,-1,-1,-1,1,46.295313,1,2|1|0|3,defense_only
100000690,100000690,1,2.2.0,2,50,750.000000,1000.000000,0,190.000000,3,1,2,5,25.000000,Watchdog-OLSR,0,-1,-1,-1,-1,-1,-1,-1,1,47.913362,1,0|2|3|1,baseline
100000692,100000692,1,2.2.0,2,50,750.000000,1000.000000,0,190.000000,3,1,2,5,25.000000,Watchdog-OLSR,0,-1,-1,-1,-1,-1,-1,-1,1,43.832958,1,1|2|3|0,attack_only
100000698,100000698,1,2.2.0,2,50,750.000000,1000.000000,0,190.000000,3,1,2,5,25.000000,Watchdog-OLSR,0,-1,-1,-1,-1,-1,-1,-1,1,48.638880,1,3|0|2|1,defense_vs_attack
100000699,100000699,1,2.2.0,2,50,750.000000,1000.000000,0,190.000000,3,1,2,5,25.000000,Watchdog-OLSR,0,-1,-1,-1,-1,-1,-1,-1,1,49.234582,1,0|3|2|1,baseline
100000704,100000704,1,2.2.0,2,50,750.000000,1000.000000,0,190.000000,3,1,2,5,25.000000,Watchdog-OLSR,0,-1,-1,-1,-1,-1,-1,-1,1,42.116749,1,2|0|1|3,defense_only
100000705,100000705,1,2.2.0,2,50,750.000000,1000.000000,0,190.000000,3,1,2,5,25.000000,Watchdog-OLSR,0,-1,-1,-1,-1,-1,-1,-1,1,45.769416,1,3|0|1|2,defense_vs_attack
100000707,100000707,1,2.2.0,2,50,750.000000,1000.000000,0,190.000000,3,1,2,5,25.000000,Watchdog-OLSR,0,-1,-1,-1,-1,-1,-1,-1,1,52.759756,1,3|1|2|0,defense_vs_attack
100000711,100000711,1,2.2.0,2,50,750.000000,1000.000000,0,190.000000,3,1,2,5,25.000000,Watchdog-OLSR,0,-1,-1,-1,-1,-1,-1,-1,1,48.535024,1,3|2|0|1,defense_vs_attack
100000715,100000715,1,2.2.0,2,50,750.000000,1000.000000,0,190.000000,3,1,2,5,25.000000,Watchdog-OLSR,0,-1,-1,-1,-1,-1,-1,-1,1,40.274835,1,0|1|2|3,baseline
100000717,100000717,1,2.2.0,2,50,750.000000,1000.000000,0,190.000000,3,1,2,5,25.000000,Watchdog-OLSR,0,-1,-1,-1,-1,-1,-1,-1,1,45.317053,1,3|1|2|0,defense_vs_attack
100000718,100000718,1,2.2.0,2,50,750.000000,1000.000000,0,190.000000,3,1,2,5,25.000000,Watchdog-OLSR,0,-1,-1,-1,-1,-1,-1,-1,1,48.804811,1,1|0|3|2,attack_only
100000724,100000724,1,2.2.0,2,50,750.000000,1000.000000,0,190.000000,3,1,2,5,25.000000,Watchdog-OLSR,0,-1,-1,-1,-1,-1,-1,-1,1,46.435688,1,1|2|0|3,attack_only
100000737,100000737,1,2.2.0,2,50,750.000000,1000.000000,0,190.000000,3,1,2,5,25.000000,Watchdog-OLSR,0,-1,-1,-1,-1,-1,-1,-1,1,49.544923,1,0|2|1|3,baseline
100000738,100000738,1,2.2.0,2,50,750.000000,1000.000000,0,190.000000,3,1,2,5,25.000000,Watchdog-OLSR,0,-1,-1,-1,-1,-1,-1,-1,1,52.242901,1,2|1|0|3,defense_only
100000742,100000742,1,2.2.0,2,50,750.000000,1000.000000,0,190.000000,3,1,2,5,25.000000,Watchdog-OLSR,0,-1,-1,-1,-1,-1,-1,-1,1,48.510620,1,1|2|0|3,attack_only
100000752,100000752,1,2.2.0,2,50,750.000000,1000.000000,0,190.000000,3,1,2,5,25.000000,Watchdog-OLSR,0,-1,-1,-1,-1,-1,-1,-1,1,41.170259,1,2|0|1|3,defense_only
100000751,100000751,1,2.2.0,2,50,750.000000,1000.000000,0,190.000000,3,1,2,5,25.000000,Watchdog-OLSR,0,-1,-1,-1,-1,-1,-1,-1,1,46.020588,1,1|3|2|0,attack_only
100000756,100000756,1,2.2.0,2,50,750.000000,1000.000000,0,190.000000,3,1,2,5,25.000000,Watchdog-OLSR,0,-1,-1,-1,-1,-1,-1,-1,1,42.545520,1,1|2|0|3,attack_only
100000759,100000759,1,2.2.0,2,50,750.000000,1000.000000,0,190.000000,3,1,2,5,25.000000,Watchdog-OLSR,0,-1,-1,-1,-1,-1,-1,-1,1,43.065905,1,0|3|1|2,baseline
100000762,100000762,1,2.2.0,2,50,750.000000,1000.000000,0,190.000000,3,1,2,5,25.000000,Watchdog-OLSR,0,-1,-1,-1,-1,-1,-1,-1,1,39.925612,1,0|2|1|3,baseline
100000761,100000761,1,2.2.0,2,50,750.000000,1000.000000,0,190.000000,3,1,2,5,25.000000,Watchdog-OLSR,0,-1,-1,-1,-1,-1,-1,-1,1,43.478282,1,0|2|3|1,baseline
100000763,100000763,1,2.2.0,2,50,750.000000,1000.000000,0,190.000000,3,1,2,5,25.000000,Watchdog-OLSR,0,-1,-1,-1,-1,-1,-1,-1,1,50.515184,1,1|0|3|2,attack_only
100000768,100000768,1,2.2.0,2,50,750.000000,1000.000000,0,190.000000,3,1,2,5,25.000000,Watchdog-OLSR,0,-1,-1,-1,-1,-1,-1,-1,1,46.392317,1,2|3|1|0,defense_only
100000770,100000770,1,2.2.0,2,50,750.000000,1000.000000,0,190.000000,3,1,2,5,25.000000,Watchdog-OLSR,0,-1,-1,-1,-1,-1,-1,-1,1,47.186259,1,2|3|1|0,defense_only
100000774,100000774,1,2.2.0,2,50,750.000000,1000.000000,0,190.000000,3,1,2,5,25.000000,Watchdog-OLSR,0,-1,-1,-1,-1,-1,-1,-1,1,52.546114,1,3|0|1|2,defense_vs_attack
100000779,100000779,1,2.2.0,2,50,750.000000,1000.000000,0,190.000000,3,1,2,5,25.000000,Watchdog-OLSR,0,-1,-1,-1,-1,-1,-1,-1,1,48.825775,1,1|0|3|2,attack_only
100000784,100000784,1,2.2.0,2,50,750.000000,1000.000000,0,190.000000,3,1,2,5,25.000000,Watchdog-OLSR,0,-1,-1,-1,-1,-1,-1,-1,1,40.338711,1,0|1|3|2,baseline
100000786,100000786,1,2.2.0,2,50,750.000000,1000.000000,0,190.000000,3,1,2,5,25.000000,Watchdog-OLSR,0,-1,-1,-1,-1,-1,-1,-1,1,44.542707,1,0|2|1|3,baseline
100000785,100000785,1,2.2.0,2,50,750.000000,1000.000000,0,190.000000,3,1,2,5,25.000000,Watchdog-OLSR,0,-1,-1,-1,-1,-1,-1,-1,1,51.425871,1,1|2|3|0,attack_only
100000790,100000790,1,2.2.0,2,50,750.000000,1000.000000,0,190.000000,3,1,2,5,25.000000,Watchdog-OLSR,0,-1,-1,-1,-1,-1,-1,-1,1,45.370296,1,2|3|1|0,defense_only
100000795,100000795,1,2.2.0,2,50,750.000000,1000.000000,0,190.000000,3,1,2,5,25.000000,Watchdog-OLSR,0,-1,-1,-1,-1,-1,-1,-1,1,43.540791,1,0|2|1|3,baseline
100000796,100000796,1,2.2.0,2,50,750.000000,1000.000000,0,190.000000,3,1,2,5,25.000000,Watchdog-OLSR,0,-1,-1,-1,-1,-1,-1,-1,1,48.253847,1,2|0|1|3,defense_only
100000801,100000801,1,2.2.0,2,50,750.000000,1000.000000,0,190.000000,3,1,2,5,25.000000,Watchdog-OLSR,0,-1,-1,-1,-1,-1,-1,-1,1,45.228184,1,3|1|2|0,defense_vs_attack
100000807,100000807,1,2.2.0,2,50,750.000000,1000.000000,0,190.000000,3,1,2,5,25.000000,Watchdog-OLSR,0,-1,-1,-1,-1,-1,-1,-1,1,40.640439,1,3|1|0|2,defense_vs_attack
100000809,100000809,1,2.2.0,2,50,750.000000,1000.000000,0,190.000000,3,1,2,5,25.000000,Watchdog-OLSR,0,-1,-1,-1,-1,-1,-1,-1,1,46.292203,1,3|1|2|0,defense_vs_attack
100000811,100000811,1,2.2.0,2,50,750.000000,1000.000000,0,190.000000,3,1,2,5,25.000000,Watchdog-OLSR,0,-1,-1,-1,-1,-1,-1,-1,1,52.891162,1,0|2|1|3,baseline
100000815,100000815,1,2.2.0,2,50,750.000000,1000.000000,0,190.000000,3,1,2,5,25.000000,Watchdog-OLSR,0,-1,-1,-1,-1,-1,-1,-1,1,41.426756,1,2|1|3|0,defense_only
100000814,100000814,1,2.2.0,2,50,750.000000,1000.000000,0,190.000000,3,1,2,5,25.000000,Watchdog-OLSR,0,-1,-1,-1,-1,-1,-1,-1,1,44.278508,1,3|1|0|2,defense_vs_attack
100000817,100000817,1,2.2.0,2,50,750.000000,1000.000000,0,190.000000,3,1,2,5,25.000000,Watchdog-OLSR,0,-1,-1,-1,-1,-1,-1,-1,1,42.228682,1,3|0|2|1,defense_vs_attack
100000821,100000821,1,2.2.0,2,50,750.000000,1000.000000,0,190.000000,3,1,2,5,25.000000,Watchdog-OLSR,0,-1,-1,-1,-1,-1,-1,-1,1,35.375547,1,2|3|1|0,defense_only
100000823,100000823,1,2.2.0,2,50,750.000000,1000.000000,0,190.000000,3,1,2,5,25.000000,Watchdog-OLSR,0,-1,-1,-1,-1,-1,-1,-1,1,50.462723,1,1|3|0|2,attack_only
100000830,100000830,1,2.2.0,2,50,750.000000,1000.000000,0,190.000000,3,1,2,5,25.000000,Watchdog-OLSR,0,-1,-1,-1,-1,-1,-1,-1,1,39.559291,1,1|3|2|0,attack_only
100000828,100000828,1,2.2.0,2,50,750.000000,1000.000000,0,190.000000,3,1,2,5,25.000000,Watchdog-OLSR,0,-1,-1,-1,-1,-1,-1,-1,1,46.517061,1,1|2|3|0,attack_only
100000831,100000831,1,2.2.0,2,50,750.000000,1000.000000,0,190.000000,3,1,2,5,25.000000,Watchdog-OLSR,0,-1,-1,-1,-1,-1,-1,-1,1,43.842691,1,3|1|0|2,defense_vs_attack
100000834,100000834,1,2.2.0,2,50,750.000000,1000.000000,0,190.000000,3,1,2,5,25.000000,Watchdog-OLSR,0,-1,-1,-1,-1,-1,-1,-1,1,41.871173,1,1|0|3|2,attack_only
100000832,100000832,1,2.2.0,2,50,750.000000,1000.000000,0,190.000000,3,1,2,5,25.000000,Watchdog-OLSR,0,-1,-1,-1,-1,-1,-1,-1,1,52.348722,1,2|3|0|1,defense_only
100000837,100000837,1,2.2.0,2,50,750.000000,1000.000000,0,190.000000,3,1,2,5,25.000000,Watchdog-OLSR,0,-1,-1,-1,-1,-1,-1,-1,1,51.687358,1,2|3|0|1,defense_only
100000839,100000839,1,2.2.0,2,50,750.000000,1000.000000,0,190.000000,3,1,2,5,25.000000,Watchdog-OLSR,0,-1,-1,-1,-1,-1,-1,-1,1,51.025874,1,1|2|3|0,attack_only
100000847,100000847,1,2.2.0,2,50,750.000000,1000.000000,0,190.000000,3,1,2,5,25.000000,Watchdog-OLSR,0,-1,-1,-1,-1,-1,-1,-1,1,40.807860,1,1|0|3|2,attack_only
100000846,100000846,1,2.2.0,2,50,750.000000,1000.000000,0,190.000000,3,1,2,5,25.000000,Watchdog-OLSR,0,-1,-1,-1,-1,-1,-1,-1,1,50.569603,1,2|3|0|1,defense_only
100000855,100000855,1,2.2.0,2,50,750.000000,1000.000000,0,190.000000,3,1,2,5,25.000000,Watchdog-OLSR,0,-1,-1,-1,-1,-1,-1,-1,1,54.942034,1,1|2|0|3,attack_only
100000881,100000881,1,2.2.0,2,50,750.000000,1000.000000,0,190.000000,3,1,2,5,25.000000,Watchdog-OLSR,0,-1,-1,-1,-1,-1,-1,-1,1,41.646831,1,2|1|3|0,defense_only
100000882,100000882,1,2.2.0,2,50,750.000000,1000.000000,0,190.000000,3,1,2,5,25.000000,Watchdog-OLSR,0,-1,-1,-1,-1,-1,-1,-1,1,44.372314,1,1|0|2|3,attack_only
100000878,100000878,1,2.2.0,2,50,750.000000,1000.000000,0,190.000000,3,1,2,5,25.000000,Watchdog-OLSR,0,-1,-1,-1,-1,-1,-1,-1,1,50.780339,1,0|2|1|3,baseline
100000884,100000884,1,2.2.0,2,50,750.000000,1000.000000,0,190.000000,3,1,2,5,25.000000,Watchdog-OLSR,0,-1,-1,-1,-1,-1,-1,-1,1,42.025201,1,2|0|3|1,defense_only
100000891,100000891,1,2.2.0,2,50,750.000000,1000.000000,0,190.000000,3,1,2,5,25.000000,Watchdog-OLSR,0,-1,-1,-1,-1,-1,-1,-1,1,38.069203,1,3|1|2|0,defense_vs_attack
100000889,100000889,1,2.2.0,2,50,750.000000,1000.000000,0,190.000000,3,1,2,5,25.000000,Watchdog-OLSR,0,-1,-1,-1,-1,-1,-1,-1,1,45.582980,1,3|0|1|2,defense_vs_attack
100000890,100000890,1,2.2.0,2,50,750.000000,1000.000000,0,190.000000,3,1,2,5,25.000000,Watchdog-OLSR,0,-1,-1,-1,-1,-1,-1,-1,1,49.725629,1,0|2|1|3,baseline
100000894,100000894,1,2.2.0,2,50,750.000000,1000.000000,0,190.000000,3,1,2,5,25.000000,Watchdog-OLSR,0,-1,-1,-1,-1,-1,-1,-1,1,46.714596,1,3|1|0|2,defense_vs_attack
100000901,100000901,1,2.2.0,2,50,750.000000,1000.000000,0,190.000000,3,1,2,5,25.000000,Watchdog-OLSR,0,-1,-1,-1,-1,-1,-1,-1,1,43.854999,1,0|3|2|1,baseline
100000897,100000897,1,2.2.0,2,50,750.000000,1000.000000,0,190.000000,3,1,2,5,25.000000,Watchdog-OLSR,0,-1,-1,-1,-1,-1,-1,-1,1,54.414834,1,2|3|1|0,defense_only
100000903,100000903,1,2.2.0,2,50,750.000000,1000.000000,0,190.000000,3,1,2,5,25.000000,Watchdog-OLSR,0,-1,-1,-1,-1,-1,-1,-1,1,60.257237,1,0|3|2|1,baseline
100000913,100000913,1,2.2.0,2,50,750.000000,1000.000000,0,190.000000,3,1,2,5,25.000000,Watchdog-OLSR,0,-1,-1,-1,-1,-1,-1,-1,1,45.770032,1,2|3|0|1,defense_only
100000914,100000914,1,2.2.0,2,50,750.000000,1000.000000,0,190.000000,3,1,2,5,25.000000,Watchdog-OLSR,0,-1,-1,-1,-1,-1,-1,-1,1,54.550954,1,1|3|0|2,attack_only
100000919,100000919,1,2.2.0,2,50,750.000000,1000.000000,0,190.000000,3,1,2,5,25.000000,Watchdog-OLSR,0,-1,-1,-1,-1,-1,-1,-1,1,43.077796,1,1|3|2|0,attack_only
100000921,100000921,1,2.2.0,2,50,750.000000,1000.000000,0,190.000000,3,1,2,5,25.000000,Watchdog-OLSR,0,-1,-1,-1,-1,-1,-1,-1,1,43.412213,1,3|1|0|2,defense_vs_attack
100000917,100000917,1,2.2.0,2,50,750.000000,1000.000000,0,190.000000,3,1,2,5,25.000000,Watchdog-OLSR,0,-1,-1,-1,-1,-1,-1,-1,1,60.115569,1,2|0|1|3,defense_only
100000925,100000925,1,2.2.0,2,50,750.000000,1000.000000,0,190.000000,3,1,2,5,25.000000,Watchdog-OLSR,0,-1,-1,-1,-1,-1,-1,-1,1,47.506375,1,2|1|3|0,defense_only
100000927,100000927,1,2.2.0,2,50,750.000000,1000.000000,0,190.000000,3,1,2,5,25.000000,Watchdog-OLSR,0,-1,-1,-1,-1,-1,-1,-1,1,51.004797,1,3|1|0|2,defense_vs_attack
100000932,100000932,1,2.2.0,2,50,750.000000,1000.000000,0,190.000000,3,1,2,5,25.000000,Watchdog-OLSR,0,-1,-1,-1,-1,-1,-1,-1,1,46.472235,1,2|0|3|1,defense_only
100000934,100000934,1,2.2.0,2,50,750.000000,1000.000000,0,190.000000,3,1,2,5,25.000000,Watchdog-OLSR,0,-1,-1,-1,-1,-1,-1,-1,1,47.165571,1,1|0|2|3,attack_only
100000942,100000942,1,2.2.0,2,50,750.000000,1000.000000,0,190.000000,3,1,2,5,25.000000,Watchdog-OLSR,0,-1,-1,-1,-1,-1,-1,-1,1,47.314485,1,0|2|1|3,baseline
100000943,100000943,1,2.2.0,2,50,750.000000,1000.000000,0,190.000000,3,1,2,5,25.000000,Watchdog-OLSR,0,-1,-1,-1,-1,-1,-1,-1,1,42.969330,1,0|1|2|3,baseline
100000944,100000944,1,2.2.0,2,50,750.000000,1000.000000,0,190.000000,3,1,2,5,25.000000,Watchdog-OLSR,0,-1,-1,-1,-1,-1,-1,-1,1,49.191379,1,0|3|2|1,baseline
100000947,100000947,1,2.2.0,2,50,750.000000,1000.000000,0,190.000000,3,1,2,5,25.000000,Watchdog-OLSR,0,-1,-1,-1,-1,-1,-1,-1,1,46.528790,1,2|3|1|0,defense_only
100000952,100000952,1,2.2.0,2,50,750.000000,1000.000000,0,190.000000,3,1,2,5,25.000000,Watchdog-OLSR,0,-1,-1,-1,-1,-1,-1,-1,1,39.658166,1,1|2|0|3,attack_only
100000951,100000951,1,2.2.0,2,50,750.000000,1000.000000,0,190.000000,3,1,2,5,25.000000,Watchdog-OLSR,0,-1,-1,-1,-1,-1,-1,-1,1,43.549171,1,3|2|1|0,defense_vs_attack
100000957,100000957,1,2.2.0,2,50,750.000000,1000.000000,0,190.000000,3,1,2,5,25.000000,Watchdog-OLSR,0,-1,-1,-1,-1,-1,-1,-1,1,46.908920,1,0|2|3|1,baseline
100000960,100000960,1,2.2.0,2,50,750.000000,1000.000000,0,190.000000,3,1,2,5,25.000000,Watchdog-OLSR,0,-1,-1,-1,-1,-1,-1,-1,1,43.385029,1,3|1|0|2,defense_vs_attack
100000958,100000958,1,2.2.0,2,50,750.000000,1000.000000,0,190.000000,3,1,2,5,25.000000,Watchdog-OLSR,0,-1,-1,-1,-1,-1,-1,-1,1,54.538303,1,1|0|2|3,attack_only
100000962,100000962,1,2.2.0,2,50,750.000000,1000.000000,0,190.000000,3,1,2,5,25.000000,Watchdog-OLSR,0,-1,-1,-1,-1,-1,-1,-1,1,48.968915,1,2|0|3|1,defense_only
100000974,100000974,1,2.2.0,2,50,750.000000,1000.000000,0,190.000000,3,1,2,5,25.000000,Watchdog-OLSR,0,-1,-1,-1,-1,-1,-1,-1,1,43.228730,1,1|0|3|2,attack_only
100000977,100000977,1,2.2.0,2,50,750.000000,1000.000000,0,190.000000,3,1,2,5,25.000000,Watchdog-OLSR,0,-1,-1,-1,-1,-1,-1,-1,1,49.362016,1,2|3|1|0,defense_only
100000978,100000978,1,2.2.0,2,50,750.000000,1000.000000,0,190.000000,3,1,2,5,25.000000,Watchdog-OLSR,0,-1,-1,-1,-1,-1,-1,-1,1,52.611060,1,0|3|2|1,baseline
100000981,100000981,1,2.2.0,2,50,750.000000,1000.000000,0,190.000000,3,1,2,5,25.000000,Watchdog-OLSR,0,-1,-1,-1,-1,-1,-1,-1,1,45.194807,1,0|2|1|3,baseline
100000985,100000985,1,2.2.0,2,50,750.000000,1000.000000,0,190.000000,3,1,2,5,25.000000,Watchdog-OLSR,0,-1,-1,-1,-1,-1,-1,-1,1,48.792631,1,0|2|1|3,baseline
100000987,100000987,1,2.2.0,2,50,750.000000,1000.000000,0,190.000000,3,1,2,5,25.000000,Watchdog-OLSR,0,-1,-1,-1,-1,-1,-1,-1,1,48.531217,1,3|1|0|2,defense_vs_attack
100000991,100000991,1,2.2.0,2,50,750.000000,1000.000000,0,190.000000,3,1,2,5,25.000000,Watchdog-OLSR,0,-1,-1,-1,-1,-1,-1,-1,1,47.631257,1,0|1|2|3,baseline
100000990,100000990,1,2.2.0,2,50,750.000000,1000.000000,0,190.000000,3,1,2,5,25.000000,Watchdog-OLSR,0,-1,-1,-1,-1,-1,-1,-1,1,54.325069,1,2|3|0|1,defense_only
100001001,100001001,1,2.2.0,2,50,750.000000,1000.000000,0,190.000000,3,1,2,5,25.000000,Watchdog-OLSR,0,-1,-1,-1,-1,-1,-1,-1,1,39.581954,1,2|3|1|0,defense_only
100001002,100001002,1,2.2.0,2,50,750.000000,1000.000000,0,190.000000,3,1,2,5,25.000000,Watchdog-OLSR,0,-1,-1,-1,-1,-1,-1,-1,1,43.894772,1,1|2|3|0,attack_only
100001005,100001005,1,2.2.0,2,50,750.000000,1000.000000,0,190.000000,3,1,2,5,25.000000,Watchdog-OLSR,0,-1,-1,-1,-1,-1,-1,-1,1,44.648642,1,0|2|1|3,baseline
100001003,100001003,1,2.2.0,2,50,750.000000,1000.000000,0,190.000000,3,1,2,5,25.000000,Watchdog-OLSR,0,-1,-1,-1,-1,-1,-1,-1,1,51.251721,1,0|2|3|1,baseline
100001006,100001006,1,2.2.0,2,50,750.000000,1000.000000,0,190.000000,3,1,2,5,25.000000,Watchdog-OLSR,0,-1,-1,-1,-1,-1,-1,-1,1,55.550014,1,3|0|1|2,defense_vs_attack
100001008,100001008,1,2.2.0,2,50,750.000000,1000.000000,0,190.000000,3,1,2,5,25.000000,Watchdog-OLSR,0,-1,-1,-1,-1,-1,-1,-1,1,53.119853,1,1|3|2|0,attack_only
100001029,100001029,1,2.2.0,2,50,750.000000,1000.000000,0,190.000000,3,1,2,5,25.000000,Watchdog-OLSR,0,-1,-1,-1,-1,-1,-1,-1,1,39.048581,1,0|1|2|3,baseline
100001025,100001025,1,2.2.0,2,50,750.000000,1000.000000,0,190.000000,3,1,2,5,25.000000,Watchdog-OLSR,0,-1,-1,-1,-1,-1,-1,-1,1,45.756335,1,3|1|0|2,defense_vs_attack
100001033,100001033,1,2.2.0,2,50,750.000000,1000.000000,0,190.000000,3,1,2,5,25.000000,Watchdog-OLSR,0,-1,-1,-1,-1,-1,-1,-1,1,48.541923,1,1|3|2|0,attack_only
100001039,100001039,1,2.2.0,2,50,750.000000,1000.000000,0,190.000000,3,1,2,5,25.000000,Watchdog-OLSR,0,-1,-1,-1,-1,-1,-1,-1,1,44.052176,1,0|1|2|3,baseline
100001037,100001037,1,2.2.0,2,50,750.000000,1000.000000,0,190.000000,3,1,2,5,25.000000,Watchdog-OLSR,0,-1,-1,-1,-1,-1,-1,-1,1,46.857964,1,2|1|3|0,defense_only
100001040,100001040,1,2.2.0,2,50,750.000000,1000.000000,0,190.000000,3,1,2,5,25.000000,Watchdog-OLSR,0,-1,-1,-1,-1,-1,-1,-1,1,41.517822,1,1|2|0|3,attack_only
100001045,100001045,1,2.2.0,2,50,750.000000,1000.000000,0,190.000000,3,1,2,5,25.000000,Watchdog-OLSR,0,-1,-1,-1,-1,-1,-1,-1,1,44.650733,1,0|1|3|2,baseline
100001048,100001048,1,2.2.0,2,50,750.000000,1000.000000,0,190.000000,3,1,2,5,25.000000,Watchdog-OLSR,0,-1,-1,-1,-1,-1,-1,-1,1,39.964508,1,2|0|1|3,defense_only
100001047,100001047,1,2.2.0,2,50,750.000000,1000.000000,0,190.000000,3,1,2,5,25.000000,Watchdog-OLSR,0,-1,-1,-1,-1,-1,-1,-1,1,49.736661,1,0|2|3|1,baseline
100001050,100001050,1,2.2.0,2,50,750.000000,1000.000000,0,190.000000,3,1,2,5,25.000000,Watchdog-OLSR,0,-1,-1,-1,-1,-1,-1,-1,1,40.744672,1,1|0|2|3,attack_only
100001053,100001053,1,2.2.0,2,50,750.000000,1000.000000,0,190.000000,3,1,2,5,25.000000,Watchdog-OLSR,0,-1,-1,-1,-1,-1,-1,-1,1,45.127689,1,0|2|3|1,baseline
100001056,100001056,1,2.2.0,2,50,750.000000,1000.000000,0,190.000000,3,1,2,5,25.000000,Watchdog-OLSR,0,-1,-1,-1,-1,-1,-1,-1,1,44.699425,1,0|2|1|3,baseline
100001057,100001057,1,2.2.0,2,50,750.000000,1000.000000,0,190.000000,3,1,2,5,25.000000,Watchdog-OLSR,0,-1,-1,-1,-1,-1,-1,-1,1,53.322365,1,1|3|0|2,attack_only
100001063,100001063,1,2.2.0,2,50,750.000000,1000.000000,0,190.000000,3,1,2,5,25.000000,Watchdog-OLSR,0,-1,-1,-1,-1,-1,-1,-1,1,45.153025,1,0|2|1|3,baseline
100001070,100001070,1,2.2.0,2,50,750.000000,1000.000000,0,190.000000,3,1,2,5,25.000000,Watchdog-OLSR,0,-1,-1,-1,-1,-1,-1,-1,1,45.359584,1,1|2|3|0,attack_only
100001073,100001073,1,2.2.0,2,50,750.000000,1000.000000,0,190.000000,3,1,2,5,25.000000,Watchdog-OLSR,0,-1,-1,-1,-1,-1,-1,-1,1,42.896515,1,0|2|1|3,baseline
100001071,100001071,1,2.2.0,2,50,750.000000,1000.000000,0,190.000000,3,1,2,5,25.000000,Watchdog-OLSR,0,-1,-1,-1,-1,-1,-1,-1,1,49.782640,1,3|2|0|1,defense_vs_attack
100001072,100001072,1,2.2.0,2,50,750.000000,1000.000000,0,190.000000,3,1,2,5,25.000000,Watchdog-OLSR,0,-1,-1,-1,-1,-1,-1,-1,1,51.870424,1,0|2|1|3,baseline
100001084,100001084,1,2.2.0,2,50,750.000000,1000.000000,0,190.000000,3,1,2,5,25.000000,Watchdog-OLSR,0,-1,-1,-1,-1,-1,-1,-1,1,44.912879,1,3|2|1|0,defense_vs_attack
100001086,100001086,1,2.2.0,2,50,750.000000,1000.000000,0,190.000000,3,1,2,5,25.000000,Watchdog-OLSR,0,-1,-1,-1,-1,-1,-1,-1,1,42.869884,1,1|0|3|2,attack_only
100001091,100001091,1,2.2.0,2,50,750.000000,1000.000000,0,190.000000,3,1,2,5,25.000000,Watchdog-OLSR,0,-1,-1,-1,-1,-1,-1,-1,1,46.275232,1,3|2|1|0,defense_vs_attack
100001094,100001094,1,2.2.0,2,50,750.000000,1000.000000,0,190.000000,3,1,2,5,25.000000,Watchdog-OLSR,0,-1,-1,-1,-1,-1,-1,-1,1,45.451488,1,0|1|3|2,baseline
100001100,100001100,1,2.2.0,2,50,750.000000,1000.000000,0,190.000000,3,1,2,5,25.000000,Watchdog-OLSR,0,-1,-1,-1,-1,-1,-1,-1,1,48.264327,1,3|1|0|2,defense_vs_attack
100001102,100001102,1,2.2.0,2,50,750.000000,1000.000000,0,190.000000,3,1,2,5,25.000000,Watchdog-OLSR,0,-1,-1,-1,-1,-1,-1,-1,1,43.169165,1,1|0|2|3,attack_only
100001107,100001107,1,2.2.0,2,50,750.000000,1000.000000,0,190.000000,3,1,2,5,25.000000,Watchdog-OLSR,0,-1,-1,-1,-1,-1,-1,-1,1,47.227550,1,1|0|2|3,attack_only
100001121,100001121,1,2.2.0,2,50,750.000000,1000.000000,0,190.000000,3,1,2,5,25.000000,Watchdog-OLSR,0,-1,-1,-1,-1,-1,-1,-1,1,46.325171,1,1|3|2|0,attack_only
100001119,100001119,1,2.2.0,2,50,750.000000,1000.000000,0,190.000000,3,1,2,5,25.000000,Watchdog-OLSR,0,-1,-1,-1,-1,-1,-1,-1,1,51.542152,1,0|2|3|1,baseline
100001124,100001124,1,2.2.0,2,50,750.000000,1000.000000,0,190.000000,3,1,2,5,25.000000,Watchdog-OLSR,0,-1,-1,-1,-1,-1,-1,-1,1,45.188202,1,2|1|3|0,defense_only
100001128,100001128,1,2.2.0,2,50,750.000000,1000.000000,0,190.000000,3,1,2,5,25.000000,Watchdog-OLSR,0,-1,-1,-1,-1,-1,-1,-1,1,50.221523,1,1|3|0|2,attack_only
100001136,100001136,1,2.2.0,2,50,750.000000,1000.000000,0,190.000000,3,1,2,5,25.000000,Watchdog-OLSR,0,-1,-1,-1,-1,-1,-1,-1,1,43.177009,1,0|1|3|2,baseline
100001134,100001134,1,2.2.0,2,50,750.000000,1000.000000,0,190.000000,3,1,2,5,25.000000,Watchdog-OLSR,0,-1,-1,-1,-1,-1,-1,-1,1,49.181431,1,1|2|0|3,attack_only
100001139,100001139,1,2.2.0,2,50,750.000000,1000.000000,0,190.000000,3,1,2,5,25.000000,Watchdog-OLSR,0,-1,-1,-1,-1,-1,-1,-1,1,40.051166,1,2|1|3|0,defense_only
100001142,100001142,1,2.2.0,2,50,750.000000,1000.000000,0,190.000000,3,1,2,5,25.000000,Watchdog-OLSR,0,-1,-1,-1,-1,-1,-1,-1,1,44.000823,1,0|3|2|1,baseline
100001154,100001154,1,2.2.0,2,50,750.000000,1000.000000,0,190.000000,3,1,2,5,25.000000,Watchdog-OLSR,0,-1,-1,-1,-1,-1,-1,-1,1,41.467672,1,0|2|1|3,baseline
100001153,100001153,1,2.2.0,2,50,750.000000,1000.000000,0,190.000000,3,1,2,5,25.000000,Watchdog-OLSR,0,-1,-1,-1,-1,-1,-1,-1,1,43.659748,1,3|1|0|2,defense_vs_attack
100001155,100001155,1,2.2.0,2,50,750.000000,1000.000000,0,190.000000,3,1,2,5,25.000000,Watchdog-OLSR,0,-1,-1,-1,-1,-1,-1,-1,1,53.791589,1,2|1|3|0,defense_only
100001157,100001157,1,2.2.0,2,50,750.000000,1000.000000,0,190.000000,3,1,2,5,25.000000,Watchdog-OLSR,0,-1,-1,-1,-1,-1,-1,-1,1,55.728302,1,2|3|0|1,defense_only
100001166,100001166,1,2.2.0,2,50,750.000000,1000.000000,0,190.000000,3,1,2,5,25.000000,Watchdog-OLSR,0,-1,-1,-1,-1,-1,-1,-1,1,41.908460,1,2|1|0|3,defense_only
100001167,100001167,1,2.2.0,2,50,750.000000,1000.000000,0,190.000000,3,1,2,5,25.000000,Watchdog-OLSR,0,-1,-1,-1,-1,-1,-1,-1,1,50.794396,1,2|0|1|3,defense_only
100001171,100001171,1,2.2.0,2,50,750.000000,1000.000000,0,190.000000,3,1,2,5,25.000000,Watchdog-OLSR,0,-1,-1,-1,-1,-1,-1,-1,1,50.281086,1,1|3|2|0,attack_only
100001175,100001175,1,2.2.0,2,50,750.000000,1000.000000,0,190.000000,3,1,2,5,25.000000,Watchdog-OLSR,0,-1,-1,-1,-1,-1,-1,-1,1,50.610695,1,3|0|2|1,defense_vs_attack
100001180,100001180,1,2.2.0,2,50,750.000000,1000.000000,0,190.000000,3,1,2,5,25.000000,Watchdog-OLSR,0,-1,-1,-1,-1,-1,-1,-1,1,41.402761,1,1|2|0|3,attack_only
100001189,100001189,1,2.2.0,2,50,750.000000,1000.000000,0,190.000000,3,1,2,5,25.000000,Watchdog-OLSR,0,-1,-1,-1,-1,-1,-1,-1,1,44.483463,1,2|0|3|1,defense_only
100001188,100001188,1,2.2.0,2,50,750.000000,1000.000000,0,190.000000,3,1,2,5,25.000000,Watchdog-OLSR,0,-1,-1,-1,-1,-1,-1,-1,1,45.858857,1,2|3|0|1,defense_only
100001191,100001191,1,2.2.0,2,50,750.000000,1000.000000,0,190.000000,3,1,2,5,25.000000,Watchdog-OLSR,0,-1,-1,-1,-1,-1,-1,-1,1,50.646013,1,3|0|2|1,defense_vs_attack
100001195,100001195,1,2.2.0,2,50,750.000000,1000.000000,0,190.000000,3,1,2,5,25.000000,Watchdog-OLSR,0,-1,-1,-1,-1,-1,-1,-1,1,48.683054,1,1|3|0|2,attack_only
100001198,100001198,1,2.2.0,2,50,750.000000,1000.000000,0,190.000000,3,1,2,5,25.000000,Watchdog-OLSR,0,-1,-1,-1,-1,-1,-1,-1,1,43.676608,1,0|2|3|1,baseline
100001200,100001200,1,2.2.0,2,50,750.000000,1000.000000,0,190.000000,3,1,2,5,25.000000,Watchdog-OLSR,0,-1,-1,-1,-1,-1,-1,-1,1,47.107542,1,3|2|0|1,defense_vs_attack
100001199,100001199,1,2.2.0,2,50,750.000000,1000.000000,0,190.000000,3,1,2,5,25.000000,Watchdog-OLSR,0,-1,-1,-1,-1,-1,-1,-1,1,52.742464,1,2|3|1|0,defense_only
100001204,100001204,1,2.2.0,2,50,750.000000,1000.000000,0,190.000000,3,1,2,5,25.000000,Watchdog-OLSR,0,-1,-1,-1,-1,-1,-1,-1,1,44.917442,1,3|0|1|2,defense_vs_attack
100001208,100001208,1,2.2.0,2,50,750.000000,1000.000000,0,190.000000,3,1,2,5,25.000000,Watchdog-OLSR,0,-1,-1,-1,-1,-1,-1,-1,1,38.572437,1,1|3|0|2,attack_only
100001206,100001206,1,2.2.0,2,50,750.000000,1000.000000,0,190.000000,3,1,2,5,25.000000,Watchdog-OLSR,0,-1,-1,-1,-1,-1,-1,-1,1,47.353408,1,0|2|3|1,baseline
100001210,100001210,1,2.2.0,2,50,750.000000,1000.000000,0,190.000000,3,1,2,5,25.000000,Watchdog-OLSR,0,-1,-1,-1,-1,-1,-1,-1,1,40.396390,1,2|0|3|1,defense_only
100001213,100001213,1,2.2.0,2,50,750.000000,1000.000000,0,190.000000,3,1,2,5,25.000000,Watchdog-OLSR,0,-1,-1,-1,-1,-1,-1,-1,1,47.387417,1,3|1|0|2,defense_vs_attack
100001215,100001215,1,2.2.0,2,50,750.000000,1000.000000,0,190.000000,3,1,2,5,25.000000,Watchdog-OLSR,0,-1,-1,-1,-1,-1,-1,-1,1,49.082180,1,3|0|1|2,defense_vs_attack
100001214,100001214,1,2.2.0,2,50,750.000000,1000.000000,0,190.000000,3,1,2,5,25.000000,Watchdog-OLSR,0,-1,-1,-1,-1,-1,-1,-1,1,55.645340,1,0|3|1|2,baseline
100001216,100001216,1,2.2.0,2,50,750.000000,1000.000000,0,190.000000,3,1,2,5,25.000000,Watchdog-OLSR,0,-1,-1,-1,-1,-1,-1,-1,1,51.434740,1,3|2|1|0,defense_vs_attack
100001224,100001224,1,2.2.0,2,50,750.000000,1000.000000,0,190.000000,3,1,2,5,25.000000,Watchdog-OLSR,0,-1,-1,-1,-1,-1,-1,-1,1,43.389716,1,2|0|3|1,defense_only
100001230,100001230,1,2.2.0,2,50,750.000000,1000.000000,0,190.000000,3,1,2,5,25.000000,Watchdog-OLSR,0,-1,-1,-1,-1,-1,-1,-1,1,41.987749,1,3|1|2|0,defense_vs_attack
100001227,100001227,1,2.2.0,2,50,750.000000,1000.000000,0,190.000000,3,1,2,5,25.000000,Watchdog-OLSR,0,-1,-1,-1,-1,-1,-1,-1,1,46.499873,1,0|2|3|1,baseline
100001228,100001228,1,2.2.0,2,50,750.000000,1000.000000,0,190.000000,3,1,2,5,25.000000,Watchdog-OLSR,0,-1,-1,-1,-1,-1,-1,-1,1,49.816632,1,3|1|0|2,defense_vs_attack
100001231,100001231,1,2.2.0,2,50,750.000000,1000.000000,0,190.000000,3,1,2,5,25.000000,Watchdog-OLSR,0,-1,-1,-1,-1,-1,-1,-1,1,50.537407,1,0|2|3|1,baseline
100001232,100001232,1,2.2.0,2,50,750.000000,1000.000000,0,190.000000,3,1,2,5,25.000000,Watchdog-OLSR,0,-1,-1,-1,-1,-1,-1,-1,1,52.203149,1,3|2|0|1,defense_vs_attack
100001245,100001245,1,2.2.0,2,50,750.000000,1000.000000,0,190.000000,3,1,2,5,25.000000,Watchdog-OLSR,0,-1,-1,-1,-1,-1,-1,-1,1,38.957247,1,2|3|0|1,defense_only
100001247,100001247,1,2.2.0,2,50,750.000000,1000.000000,0,190.000000,3,1,2,5,25.000000,Watchdog-OLSR,0,-1,-1,-1,-1,-1,-1,-1,1,37.601628,1,0|2|3|1,baseline
100001242,100001242,1,2.2.0,2,50,750.000000,1000.000000,0,190.000000,3,1,2,5,25.000000,Watchdog-OLSR,0,-1,-1,-1,-1,-1,-1,-1,1,49.148848,1,1|0|2|3,attack_only
100001240,100001240,1,2.2.0,2,50,750.000000,1000.000000,0,190.000000,3,1,2,5,25.000000,Watchdog-OLSR,0,-1,-1,-1,-1,-1,-1,-1,1,54.435198,1,2|1|3|0,defense_only
100001244,100001244,1,2.2.0,2,50,750.000000,1000.000000,0,190.000000,3,1,2,5,25.000000,Watchdog-OLSR,0,-1,-1,-1,-1,-1,-1,-1,1,50.608727,1,2|3|0|1,defense_only
100001249,100001249,1,2.2.0,2,50,750.000000,1000.000000,0,190.000000,3,1,2,5,25.000000,Watchdog-OLSR,0,-1,-1,-1,-1,-1,-1,-1,1,45.208543,1,2|1|0|3,defense_only
100001248,100001248,1,2.2.0,2,50,750.000000,1000.000000,0,190.000000,3,1,2,5,25.000000,Watchdog-OLSR,0,-1,-1,-1,-1,-1,-1,-1,1,50.367186,1,3|2|1|0,defense_vs_attack
100001251,100001251,1,2.2.0,2,50,750.000000,1000.000000,0,190.000000,3,1,2,5,25.000000,Watchdog-OLSR,0,-1,-1,-1,-1,-1,-1,-1,1,48.295532,1,3|0|1|2,defense_vs_attack
100001253,100001253,1,2.2.0,2,50,750.000000,1000.000000,0,190.000000,3,1,2,5,25.000000,Watchdog-OLSR,0,-1,-1,-1,-1,-1,-1,-1,1,49.191432,1,2|0|1|3,defense_only
100001255,100001255,1,2.2.0,2,50,750.000000,1000.000000,0,190.000000,3,1,2,5,25.000000,Watchdog-OLSR,0,-1,-1,-1,-1,-1,-1,-1,1,46.033291,1,1|2|0|3,attack_only
100001257,100001257,1,2.2.0,2,50,750.000000,1000.000000,0,190.000000,3,1,2,5,25.000000,Watchdog-OLSR,0,-1,-1,-1,-1,-1,-1,-1,1,48.150712,1,2|1|0|3,defense_only
100001259,100001259,1,2.2.0,2,50,750.000000,1000.000000,0,190.000000,3,1,2,5,25.000000,Watchdog-OLSR,0,-1,-1,-1,-1,-1,-1,-1,1,46.536734,1,0|3|1|2,baseline
100001260,100001260,1,2.2.0,2,50,750.000000,1000.000000,0,190.000000,3,1,2,5,25.000000,Watchdog-OLSR,0,-1,-1,-1,-1,-1,-1,-1,1,51.359720,1,1|3|2|0,attack_only
100001263,100001263,1,2.2.0,2,50,750.000000,1000.000000,0,190.000000,3,1,2,5,25.000000,Watchdog-OLSR,0,-1,-1,-1,-1,-1,-1,-1,1,50.412112,1,0|3|1|2,baseline
100001267,100001267,1,2.2.0,2,50,750.000000,1000.000000,0,190.000000,3,1,2,5,25.000000,Watchdog-OLSR,0,-1,-1,-1,-1,-1,-1,-1,1,42.377673,1,3|2|1|0,defense_vs_attack
100001264,100001264,1,2.2.0,2,50,750.000000,1000.000000,0,190.000000,3,1,2,5,25.000000,Watchdog-OLSR,0,-1,-1,-1,-1,-1,-1,-1,1,56.790940,1,3|0|1|2,defense_vs_attack
100001269,100001269,1,2.2.0,2,50,750.000000,1000.000000,0,190.000000,3,1,2,5,25.000000,Watchdog-OLSR,0,-1,-1,-1,-1,-1,-1,-1,1,46.768605,1,2|1|3|0,defense_only
100001270,100001270,1,2.2.0,2,50,750.000000,1000.000000,0,190.000000,3,1,2,5,25.000000,Watchdog-OLSR,0,-1,-1,-1,-1,-1,-1,-1,1,46.278199,1,1|2|3|0,attack_only
100001268,100001268,1,2.2.0,2,50,750.000000,1000.000000,0,190.000000,3,1,2,5,25.000000,Watchdog-OLSR,0,-1,-1,-1,-1,-1,-1,-1,1,51.264460,1,1|2|3|0,attack_only
100001273,100001273,1,2.2.0,2,50,750.000000,1000.000000,0,190.000000,3,1,2,5,25.000000,Watchdog-OLSR,0,-1,-1,-1,-1,-1,-1,-1,1,57.825614,1,2|1|3|0,defense_only
100001278,100001278,1,2.2.0,2,50,750.000000,1000.000000,0,190.000000,3,1,2,5,25.000000,Watchdog-OLSR,0,-1,-1,-1,-1,-1,-1,-1,1,47.025371,1,0|2|3|1,baseline
100001280,100001280,1,2.2.0,2,50,750.000000,1000.000000,0,190.000000,3,1,2,5,25.000000,Watchdog-OLSR,0,-1,-1,-1,-1,-1,-1,-1,1,45.793847,1,3|0|1|2,defense_vs_attack
100001282,100001282,1,2.2.0,2,50,750.000000,1000.000000,0,190.000000,3,1,2,5,25.000000,Watchdog-OLSR,0,-1,-1,-1,-1,-1,-1,-1,1,44.706643,1,0|1|3|2,baseline
100001279,100001279,1,2.2.0,2,50,750.000000,1000.000000,0,190.000000,3,1,2,5,25.000000,Watchdog-OLSR,0,-1,-1,-1,-1,-1,-1,-1,1,54.879557,1,3|2|0|1,defense_vs_attack
100001283,100001283,1,2.2.0,2,50,750.000000,1000.000000,0,190.000000,3,1,2,5,25.000000,Watchdog-OLSR,0,-1,-1,-1,-1,-1,-1,-1,1,55.216200,1,1|2|0|3,attack_only
100001287,100001287,1,2.2.0,2,50,750.000000,1000.000000,0,190.000000,3,1,2,5,25.000000,Watchdog-OLSR,0,-1,-1,-1,-1,-1,-1,-1,1,42.958618,1,0|2|3|1,baseline
100001291,100001291,1,2.2.0,2,50,750.000000,1000.000000,0,190.000000,3,1,2,5,25.000000,Watchdog-OLSR,0,-1,-1,-1,-1,-1,-1,-1,1,44.937066,1,0|2|1|3,baseline
100001293,100001293,1,2.2.0,2,50,750.000000,1000.000000,0,190.000000,3,1,2,5,25.000000,Watchdog-OLSR,0,-1,-1,-1,-1,-1,-1,-1,1,42.919208,1,0|2|1|3,baseline
100001290,100001290,1,2.2.0,2,50,750.000000,1000.000000,0,190.000000,3,1,2,5,25.000000,Watchdog-OLSR,0,-1,-1,-1,-1,-1,-1,-1,1,50.059907,1,3|1|2|0,defense_vs_attack
100001292,100001292,1,2.2.0,2,50,750.000000,1000.000000,0,190.000000,3,1,2,5,25.000000,Watchdog-OLSR,0,-1,-1,-1,-1,-1,-1,-1,1,52.965765,1,3|2|1|0,defense_vs_attack
100001294,100001294,1,2.2.0,2,50,750.000000,1000.000000,0,190.000000,3,1,2,5,25.000000,Watchdog-OLSR,0,-1,-1,-1,-1,-1,-1,-1,1,57.537543,1,3|2|1|0,defense_vs_attack
100001296,100001296,1,2.2.0,2,50,750.000000,1000.000000,0,190.000000,3,1,2,5,25.000000,Watchdog-OLSR,0,-1,-1,-1,-1,-1,-1,-1,1,45.503115,1,3|2|0|1,defense_vs_attack
100001298,100001298,1,2.2.0,2,50,750.000000,1000.000000,0,190.000000,3,1,2,5,25.000000,Watchdog-OLSR,0,-1,-1,-1,-1,-1,-1,-1,1,51.190104,1,0|3|2|1,baseline
100001301,100001301,1,2.2.0,2,50,750.000000,1000.000000,0,190.000000,3,1,2,5,25.000000,Watchdog-OLSR,0,-1,-1,-1,-1,-1,-1,-1,1,45.289901,1,2|0|1|3,defense_only
100001300,100001300,1,2.2.0,2,50,750.000000,1000.000000,0,190.000000,3,1,2,5,25.000000,Watchdog-OLSR,0,-1,-1,-1,-1,-1,-1,-1,1,54.817134,1,1|3|2|0,attack_only
100001302,100001302,1,2.2.0,2,50,750.000000,1000.000000,0,190.000000,3,1,2,5,25.000000,Watchdog-OLSR,0,-1,-1,-1,-1,-1,-1,-1,1,50.267029,1,3|2|0|1,defense_vs_attack
100001303,100001303,1,2.2.0,2,50,750.000000,1000.000000,0,190.000000,3,1,2,5,25.000000,Watchdog-OLSR,0,-1,-1,-1,-1,-1,-1,-1,1,60.583996,1,0|3|1|2,baseline
100001304,100001304,1,2.2.0,2,50,750.000000,1000.000000,0,190.000000,3,1,2,5,25.000000,Watchdog-OLSR,0,-1,-1,-1,-1,-1,-1,-1,1,54.316876,1,3|2|1|0,defense_vs_attack
100001306,100001306,1,2.2.0,2,50,750.000000,1000.000000,0,190.000000,3,1,2,5,25.000000,Watchdog-OLSR,0,-1,-1,-1,-1,-1,-1,-1,1,59.657969,1,3|2|0|1,defense_vs_attack
100001307,100001307,1,2.2.0,2,50,750.000000,1000.000000,0,190.000000,3,1,2,5,25.000000,Watchdog-OLSR,0,-1,-1,-1,-1,-1,-1,-1,1,57.764923,1,1|2|0|3,attack_only
100001308,100001308,1,2.2.0,2,50,750.000000,1000.000000,0,190.000000,3,1,2,5,25.000000,Watchdog-OLSR,0,-1,-1,-1,-1,-1,-1,-1,1,55.021173,1,0|2|1|3,baseline
100001316,100001316,1,2.2.0,2,50,750.000000,1000.000000,0,190.000000,3,1,2,5,25.000000,Watchdog-OLSR,0,-1,-1,-1,-1,-1,-1,-1,1,55.717751,1,2|0|1|3,defense_only
100001322,100001322,1,2.2.0,2,50,750.000000,1000.000000,0,190.000000,3,1,2,5,25.000000,Watchdog-OLSR,0,-1,-1,-1,-1,-1,-1,-1,1,47.820020,1,0|3|2|1,baseline
100001325,100001325,1,2.2.0,2,50,750.000000,1000.000000,0,190.000000,3,1,2,5,25.000000,Watchdog-OLSR,0,-1,-1,-1,-1,-1,-1,-1,1,46.979378,1,3|1|0|2,defense_vs_attack
100001324,100001324,1,2.2.0,2,50,750.000000,1000.000000,0,190.000000,3,1,2,5,25.000000,Watchdog-OLSR,0,-1,-1,-1,-1,-1,-1,-1,1,54.313379,1,2|1|3|0,defense_only
100001321,100001321,1,2.2.0,2,50,750.000000,1000.000000,0,190.000000,3,1,2,5,25.000000,Watchdog-OLSR,0,-1,-1,-1,-1,-1,-1,-1,1,62.416919,1,0|1|3|2,baseline
100001330,100001330,1,2.2.0,2,50,750.000000,1000.000000,0,190.000000,3,1,2,5,25.000000,Watchdog-OLSR,0,-1,-1,-1,-1,-1,-1,-1,1,49.196959,1,1|2|3|0,attack_only
100001331,100001331,1,2.2.0,2,50,750.000000,1000.000000,0,190.000000,3,1,2,5,25.000000,Watchdog-OLSR,0,-1,-1,-1,-1,-1,-1,-1,1,53.079342,1,3|1|2|0,defense_vs_attack
100001332,100001332,1,2.2.0,2,50,750.000000,1000.000000,0,190.000000,3,1,2,5,25.000000,Watchdog-OLSR,0,-1,-1,-1,-1,-1,-1,-1,1,44.868473,1,1|0|2|3,attack_only
100001336,100001336,1,2.2.0,2,50,750.000000,1000.000000,0,190.000000,3,1,2,5,25.000000,Watchdog-OLSR,0,-1,-1,-1,-1,-1,-1,-1,1,46.654392,1,2|0|3|1,defense_only
100001339,100001339,1,2.2.0,2,50,750.000000,1000.000000,0,190.000000,3,1,2,5,25.000000,Watchdog-OLSR,0,-1,-1,-1,-1,-1,-1,-1,1,49.169377,1,2|3|0|1,defense_only
100001340,100001340,1,2.2.0,2,50,750.000000,1000.000000,0,190.000000,3,1,2,5,25.000000,Watchdog-OLSR,0,-1,-1,-1,-1,-1,-1,-1,1,54.157518,1,1|3|0|2,attack_only
100001347,100001347,1,2.2.0,2,50,750.000000,1000.000000,0,190.000000,3,1,2,5,25.000000,Watchdog-OLSR,0,-1,-1,-1,-1,-1,-1,-1,1,44.569331,1,2|0|1|3,defense_only
100001346,100001346,1,2.2.0,2,50,750.000000,1000.000000,0,190.000000,3,1,2,5,25.000000,Watchdog-OLSR,0,-1,-1,-1,-1,-1,-1,-1,1,54.457579,1,1|0|3|2,attack_only
100001349,100001349,1,2.2.0,2,50,750.000000,1000.000000,0,190.000000,3,1,2,5,25.000000,Watchdog-OLSR,0,-1,-1,-1,-1,-1,-1,-1,1,58.654957,1,2|3|1|0,defense_only
100001358,100001358,1,2.2.0,2,50,750.000000,1000.000000,0,190.000000,3,1,2,5,25.000000,Watchdog-OLSR,0,-1,-1,-1,-1,-1,-1,-1,1,45.561258,1,3|2|0|1,defense_vs_attack
100001359,100001359,1,2.2.0,2,50,750.000000,1000.000000,0,190.000000,3,1,2,5,25.000000,Watchdog-OLSR,0,-1,-1,-1,-1,-1,-1,-1,1,50.187603,1,0|3|1|2,baseline
100001363,100001363,1,2.2.0,2,50,750.000000,1000.000000,0,190.000000,3,1,2,5,25.000000,Watchdog-OLSR,0,-1,-1,-1,-1,-1,-1,-1,1,45.250770,1,2|3|0|1,defense_only
100001362,100001362,1,2.2.0,2,50,750.000000,1000.000000,0,190.000000,3,1,2,5,25.000000,Watchdog-OLSR,0,-1,-1,-1,-1,-1,-1,-1,1,58.686384,1,3|1|0|2,defense_vs_attack
100001367,100001367,1,2.2.0,2,50,750.000000,1000.000000,0,190.000000,3,1,2,5,25.000000,Watchdog-OLSR,0,-1,-1,-1,-1,-1,-1,-1,1,49.060988,1,3|1|2|0,defense_vs_attack
100001376,100001376,1,2.2.0,2,50,750.000000,1000.000000,0,190.000000,3,1,2,5,25.000000,Watchdog-OLSR,0,-1,-1,-1,-1,-1,-1,-1,1,43.987966,1,2|0|1|3,defense_only
100001375,100001375,1,2.2.0,2,50,750.000000,1000.000000,0,190.000000,3,1,2,5,25.000000,Watchdog-OLSR,0,-1,-1,-1,-1,-1,-1,-1,1,48.692350,1,1|0|3|2,attack_only
100001380,100001380,1,2.2.0,2,50,750.000000,1000.000000,0,190.000000,3,1,2,5,25.000000,Watchdog-OLSR,0,-1,-1,-1,-1,-1,-1,-1,1,41.298261,1,3|1|2|0,defense_vs_attack
100001382,100001382,1,2.2.0,2,50,750.000000,1000.000000,0,190.000000,3,1,2,5,25.000000,Watchdog-OLSR,0,-1,-1,-1,-1,-1,-1,-1,1,47.102683,1,0|3|1|2,baseline
100001388,100001388,1,2.2.0,2,50,750.000000,1000.000000,0,190.000000,3,1,2,5,25.000000,Watchdog-OLSR,0,-1,-1,-1,-1,-1,-1,-1,1,37.281658,1,0|2|1|3,baseline
100001386,100001386,1,2.2.0,2,50,750.000000,1000.000000,0,190.000000,3,1,2,5,25.000000,Watchdog-OLSR,0,-1,-1,-1,-1,-1,-1,-1,1,42.879038,1,2|1|0|3,defense_only
100001389,100001389,1,2.2.0,2,50,750.000000,1000.000000,0,190.000000,3,1,2,5,25.000000,Watchdog-OLSR,0,-1,-1,-1,-1,-1,-1,-1,1,44.036681,1,2|1|0|3,defense_only
100001391,100001391,1,2.2.0,2,50,750.000000,1000.000000,0,190.000000,3,1,2,5,25.000000,Watchdog-OLSR,0,-1,-1,-1,-1,-1,-1,-1,1,45.523888,1,1|0|3|2,attack_only
100001392,100001392,1,2.2.0,2,50,750.000000,1000.000000,0,190.000000,3,1,2,5,25.000000,Watchdog-OLSR,0,-1,-1,-1,-1,-1,-1,-1,1,45.199848,1,2|1|3|0,defense_only
100001395,100001395,1,2.2.0,2,50,750.000000,1000.000000,0,190.000000,3,1,2,5,25.000000,Watchdog-OLSR,0,-1,-1,-1,-1,-1,-1,-1,1,46.845371,1,1|3|0|2,attack_only
100001400,100001400,1,2.2.0,2,50,750.000000,1000.000000,0,190.000000,3,1,2,5,25.000000,Watchdog-OLSR,0,-1,-1,-1,-1,-1,-1,-1,1,38.875609,1,1|3|2|0,attack_only
100001401,100001401,1,2.2.0,2,50,750.000000,1000.000000,0,190.000000,3,1,2,5,25.000000,Watchdog-OLSR,0,-1,-1,-1,-1,-1,-1,-1,1,41.524441,1,0|1|3|2,baseline
100001413,100001413,1,2.2.0,2,50,750.000000,1000.000000,0,190.000000,3,1,2,5,25.000000,Watchdog-OLSR,0,-1,-1,-1,-1,-1,-1,-1,1,35.656805,1,3|0|2|1,defense_vs_attack
100001412,100001412,1,2.2.0,2,50,750.000000,1000.000000,0,190.000000,3,1,2,5,25.000000,Watchdog-OLSR,0,-1,-1,-1,-1,-1,-1,-1,1,40.934534,1,3|1|2|0,defense_vs_attack
100001411,100001411,1,2.2.0,2,50,750.000000,1000.000000,0,190.000000,3,1,2,5,25.000000,Watchdog-OLSR,0,-1,-1,-1,-1,-1,-1,-1,1,47.016766,1,2|1|3|0,defense_only
100001418,100001418,1,2.2.0,2,50,750.000000,1000.000000,0,190.000000,3,1,2,5,25.000000,Watchdog-OLSR,0,-1,-1,-1,-1,-1,-1,-1,1,37.420812,1,2|1|0|3,defense_only
100001428,100001428,1,2.2.0,2,50,750.000000,1000.000000,0,190.000000,3,1,2,5,25.000000,Watchdog-OLSR,0,-1,-1,-1,-1,-1,-1,-1,1,39.065955,1,0|2|3|1,baseline
100001429,100001429,1,2.2.0,2,50,750.000000,1000.000000,0,190.000000,3,1,2,5,25.000000,Watchdog-OLSR,0,-1,-1,-1,-1,-1,-1,-1,1,38.363130,1,2|1|0|3,defense_only
100001430,100001430,1,2.2.0,2,50,750.000000,1000.000000,0,190.000000,3,1,2,5,25.000000,Watchdog-OLSR,0,-1,-1,-1,-1,-1,-1,-1,1,40.335975,1,2|1|3|0,defense_only
100001434,100001434,1,2.2.0,2,50,750.000000,1000.000000,0,190.000000,3,1,2,5,25.000000,Watchdog-OLSR,0,-1,-1,-1,-1,-1,-1,-1,1,43.293583,1,0|1|2|3,baseline
100001432,100001432,1,2.2.0,2,50,750.000000,1000.000000,0,190.000000,3,1,2,5,25.000000,Watchdog-OLSR,0,-1,-1,-1,-1,-1,-1,-1,1,47.948354,1,2|0|1|3,defense_only
100001435,100001435,1,2.2.0,2,50,750.000000,1000.000000,0,190.000000,3,1,2,5,25.000000,Watchdog-OLSR,0,-1,-1,-1,-1,-1,-1,-1,1,40.246127,1,0|1|3|2,baseline
100001437,100001437,1,2.2.0,2,50,750.000000,1000.000000,0,190.000000,3,1,2,5,25.000000,Watchdog-OLSR,0,-1,-1,-1,-1,-1,-1,-1,1,42.319421,1,1|2|3|0,attack_only
100001439,100001439,1,2.2.0,2,50,750.000000,1000.000000,0,190.000000,3,1,2,5,25.000000,Watchdog-OLSR,0,-1,-1,-1,-1,-1,-1,-1,1,40.636062,1,1|3|0|2,attack_only
100001440,100001440,1,2.2.0,2,50,750.000000,1000.000000,0,190.000000,3,1,2,5,25.000000,Watchdog-OLSR,0,-1,-1,-1,-1,-1,-1,-1,1,45.934069,1,1|2|3|0,attack_only
100001443,100001443,1,2.2.0,2,50,750.000000,1000.000000,0,190.000000,3,1,2,5,25.000000,Watchdog-OLSR,0,-1,-1,-1,-1,-1,-1,-1,1,42.269660,1,1|0|2|3,attack_only
100001449,100001449,1,2.2.0,2,50,750.000000,1000.000000,0,190.000000,3,1,2,5,25.000000,Watchdog-OLSR,0,-1,-1,-1,-1,-1,-1,-1,1,45.101661,1,3|1|2|0,defense_vs_attack
100001452,100001452,1,2.2.0,2,50,750.000000,1000.000000,0,190.000000,3,1,2,5,25.000000,Watchdog-OLSR,0,-1,-1,-1,-1,-1,-1,-1,1,38.166354,1,2|0|3|1,defense_only
100001451,100001451,1,2.2.0,2,50,750.000000,1000.000000,0,190.000000,3,1,2,5,25.000000,Watchdog-OLSR,0,-1,-1,-1,-1,-1,-1,-1,1,44.733873,1,1|2|0|3,attack_only
100001448,100001448,1,2.2.0,2,50,750.000000,1000.000000,0,190.000000,3,1,2,5,25.000000,Watchdog-OLSR,0,-1,-1,-1,-1,-1,-1,-1,1,52.584253,1,2|0|3|1,defense_only
100001455,100001455,1,2.2.0,2,50,750.000000,1000.000000,0,190.000000,3,1,2,5,25.000000,Watchdog-OLSR,0,-1,-1,-1,-1,-1,-1,-1,1,36.800092,1,1|0|3|2,attack_only
100001457,100001457,1,2.2.0,2,50,750.000000,1000.000000,0,190.000000,3,1,2,5,25.000000,Watchdog-OLSR,0,-1,-1,-1,-1,-1,-1,-1,1,47.420474,1,3|1|0|2,defense_vs_attack
100001458,100001458,1,2.2.0,2,50,750.000000,1000.000000,0,190.000000,3,1,2,5,25.000000,Watchdog-OLSR,0,-1,-1,-1,-1,-1,-1,-1,1,55.928327,1,0|2|3|1,baseline
100001474,100001474,1,2.2.0,2,50,750.000000,1000.000000,0,190.000000,3,1,2,5,25.000000,Watchdog-OLSR,0,-1,-1,-1,-1,-1,-1,-1,1,38.795287,1,0|3|2|1,baseline
100001476,100001476,1,2.2.0,2,50,750.000000,1000.000000,0,190.000000,3,1,2,5,25.000000,Watchdog-OLSR,0,-1,-1,-1,-1,-1,-1,-1,1,39.268837,1,2|3|1|0,defense_only
100001475,100001475,1,2.2.0,2,50,750.000000,1000.000000,0,190.000000,3,1,2,5,25.000000,Watchdog-OLSR,0,-1,-1,-1,-1,-1,-1,-1,1,44.558125,1,3|2|1|0,defense_vs_attack
100001484,100001484,1,2.2.0,2,50,750.000000,1000.000000,0,190.000000,3,1,2,5,25.000000,Watchdog-OLSR,0,-1,-1,-1,-1,-1,-1,-1,1,44.371879,1,3|1|0|2,defense_vs_attack
100001483,100001483,1,2.2.0,2,50,750.000000,1000.000000,0,190.000000,3,1,2,5,25.000000,Watchdog-OLSR,0,-1,-1,-1,-1,-1,-1,-1,1,46.284894,1,0|3|2|1,baseline
100001487,100001487,1,2.2.0,2,50,750.000000,1000.000000,0,190.000000,3,1,2,5,25.000000,Watchdog-OLSR,0,-1,-1,-1,-1,-1,-1,-1,1,42.189486,1,0|2|1|3,baseline
100001489,100001489,1,2.2.0,2,50,750.000000,1000.000000,0,190.000000,3,1,2,5,25.000000,Watchdog-OLSR,0,-1,-1,-1,-1,-1,-1,-1,1,49.450441,1,3|1|0|2,defense_vs_attack
100001496,100001496,1,2.2.0,2,50,750.000000,1000.000000,0,190.000000,3,1,2,5,25.000000,Watchdog-OLSR,0,-1,-1,-1,-1,-1,-1,-1,1,46.414939,1,0|3|1|2,baseline
100001498,100001498,1,2.2.0,2,50,750.000000,1000.000000,0,190.000000,3,1,2,5,25.000000,Watchdog-OLSR,0,-1,-1,-1,-1,-1,-1,-1,1,47.520707,1,1|3|2|0,attack_only
100001505,100001505,1,2.2.0,2,50,750.000000,1000.000000,0,190.000000,3,1,2,5,25.000000,Watchdog-OLSR,0,-1,-1,-1,-1,-1,-1,-1,1,40.581566,1,2|0|1|3,defense_only
100001509,100001509,1,2.2.0,2,50,750.000000,1000.000000,0,190.000000,3,1,2,5,25.000000,Watchdog-OLSR,0,-1,-1,-1,-1,-1,-1,-1,1,37.775534,1,1|3|0|2,attack_only
100001508,100001508,1,2.2.0,2,50,750.000000,1000.000000,0,190.000000,3,1,2,5,25.000000,Watchdog-OLSR,0,-1,-1,-1,-1,-1,-1,-1,1,43.714972,1,2|0|1|3,defense_only
100001507,100001507,1,2.2.0,2,50,750.000000,1000.000000,0,190.000000,3,1,2,5,25.000000,Watchdog-OLSR,0,-1,-1,-1,-1,-1,-1,-1,1,48.221597,1,3|2|1|0,defense_vs_attack
100001510,100001510,1,2.2.0,2,50,750.000000,1000.000000,0,190.000000,3,1,2,5,25.000000,Watchdog-OLSR,0,-1,-1,-1,-1,-1,-1,-1,1,40.235021,1,0|3|2|1,baseline
100001511,100001511,1,2.2.0,2,50,750.000000,1000.000000,0,190.000000,3,1,2,5,25.000000,Watchdog-OLSR,0,-1,-1,-1,-1,-1,-1,-1,1,48.744501,1,0|3|1|2,baseline
100001513,100001513,1,2.2.0,2,50,750.000000,1000.000000,0,190.000000,3,1,2,5,25.000000,Watchdog-OLSR,0,-1,-1,-1,-1,-1,-1,-1,1,44.574406,1,1|3|0|2,attack_only
100001518,100001518,1,2.2.0,2,50,750.000000,1000.000000,0,190.000000,3,1,2,5,25.000000,Watchdog-OLSR,0,-1,-1,-1,-1,-1,-1,-1,1,47.701599,1,1|2|3|0,attack_only
100001521,100001521,1,2.2.0,2,50,750.000000,1000.000000,0,190.000000,3,1,2,5,25.000000,Watchdog-OLSR,0,-1,-1,-1,-1,-1,-1,-1,1,45.626035,1,0|1|3|2,baseline
100001525,100001525,1,2.2.0,2,50,750.000000,1000.000000,0,190.000000,3,1,2,5,25.000000,Watchdog-OLSR,0,-1,-1,-1,-1,-1,-1,-1,1,45.180746,1,0|1|2|3,baseline
100001527,100001527,1,2.2.0,2,50,750.000000,1000.000000,0,190.000000,3,1,2,5,25.000000,Watchdog-OLSR,0,-1,-1,-1,-1,-1,-1,-1,1,45.585022,1,1|3|0|2,attack_only
100001529,100001529,1,2.2.0,2,50,750.000000,1000.000000,0,190.000000,3,1,2,5,25.000000,Watchdog-OLSR,0,-1,-1,-1,-1,-1,-1,-1,1,46.231897,1,3|2|0|1,defense_vs_attack
100001533,100001533,1,2.2.0,2,50,750.000000,1000.000000,0,190.000000,3,1,2,5,25.000000,Watchdog-OLSR,0,-1,-1,-1,-1,-1,-1,-1,1,49.939322,1,1|0|3|2,attack_only
100001534,100001534,1,2.2.0,2,50,750.000000,1000.000000,0,190.000000,3,1,2,5,25.000000,Watchdog-OLSR,0,-1,-1,-1,-1,-1,-1,-1,1,46.643504,1,1|3|2|0,attack_only
100001547,100001547,1,2.2.0,2,50,750.000000,1000.000000,0,190.000000,3,1,2,5,25.000000,Watchdog-OLSR,0,-1,-1,-1,-1,-1,-1,-1,1,44.996775,1,0|3|2|1,baseline
100001546,100001546,1,2.2.0,2,50,750.000000,1000.000000,0,190.000000,3,1,2,5,25.000000,Watchdog-OLSR,0,-1,-1,-1,-1,-1,-1,-1,1,47.742524,1,2|0|3|1,defense_only
100001549,100001549,1,2.2.0,2,50,750.000000,1000.000000,0,190.000000,3,1,2,5,25.000000,Watchdog-OLSR,0,-1,-1,-1,-1,-1,-1,-1,1,50.718276,1,1|0|3|2,attack_only
100001553,100001553,1,2.2.0,2,50,750.000000,1000.000000,0,190.000000,3,1,2,5,25.000000,Watchdog-OLSR,0,-1,-1,-1,-1,-1,-1,-1,1,44.429176,1,1|2|0|3,attack_only
100001559,100001559,1,2.2.0,2,50,750.000000,1000.000000,0,190.000000,3,1,2,5,25.000000,Watchdog-OLSR,0,-1,-1,-1,-1,-1,-1,-1,1,36.055129,1,2|0|1|3,defense_only
100001558,100001558,1,2.2.0,2,50,750.000000,1000.000000,0,190.000000,3,1,2,5,25.000000,Watchdog-OLSR,0,-1,-1,-1,-1,-1,-1,-1,1,44.525279,1,2|1|0|3,defense_only
100001562,100001562,1,2.2.0,2,50,750.000000,1000.000000,0,190.000000,3,1,2,5,25.000000,Watchdog-OLSR,0,-1,-1,-1,-1,-1,-1,-1,1,49.917600,1,1|3|0|2,attack_only
100001566,100001566,1,2.2.0,2,50,750.000000,1000.000000,0,190.000000,3,1,2,5,25.000000,Watchdog-OLSR,0,-1,-1,-1,-1,-1,-1,-1,1,42.815994,1,3|1|0|2,defense_vs_attack
100001568,100001568,1,2.2.0,2,50,750.000000,1000.000000,0,190.000000,3,1,2,5,25.000000,Watchdog-OLSR,0,-1,-1,-1,-1,-1,-1,-1,1,42.898745,1,1|0|2|3,attack_only
100001565,100001565,1,2.2.0,2,50,750.000000,1000.000000,0,190.000000,3,1,2,5,25.000000,Watchdog-OLSR,0,-1,-1,-1,-1,-1,-1,-1,1,50.556777,1,2|1|3|0,defense_only
100001567,100001567,1,2.2.0,2,50,750.000000,1000.000000,0,190.000000,3,1,2,5,25.000000,Watchdog-OLSR,0,-1,-1,-1,-1,-1,-1,-1,1,56.175641,1,1|0|3|2,attack_only
100001573,100001573,1,2.2.0,2,50,750.000000,1000.000000,0,190.000000,3,1,2,5,25.000000,Watchdog-OLSR,0,-1,-1,-1,-1,-1,-1,-1,1,42.892659,1,2|1|0|3,defense_only
100001572,100001572,1,2.2.0,2,50,750.000000,1000.000000,0,190.000000,3,1,2,5,25.000000,Watchdog-OLSR,0,-1,-1,-1,-1,-1,-1,-1,1,47.200256,1,1|3|0|2,attack_only
100001579,100001579,1,2.2.0,2,50,750.000000,1000.000000,0,190.000000,3,1,2,5,25.000000,Watchdog-OLSR,0,-1,-1,-1,-1,-1,-1,-1,1,36.377550,1,1|2|0|3,attack_only
100001577,100001577,1,2.2.0,2,50,750.000000,1000.000000,0,190.000000,3,1,2,5,25.000000,Watchdog-OLSR,0,-1,-1,-1,-1,-1,-1,-1,1,43.477330,1,0|1|3|2,baseline
100001575,100001575,1,2.2.0,2,50,750.000000,1000.000000,0,190.000000,3,1,2,5,25.000000,Watchdog-OLSR,0,-1,-1,-1,-1,-1,-1,-1,1,50.389569,1,1|0|3|2,attack_only
100001580,100001580,1,2.2.0,2,50,750.000000,1000.000000,0,190.000000,3,1,2,5,25.000000,Watchdog-OLSR,0,-1,-1,-1,-1,-1,-1,-1,1,41.798464,1,2|1|3|0,defense_only
100001581,100001581,1,2.2.0,2,50,750.000000,1000.000000,0,190.000000,3,1,2,5,25.000000,Watchdog-OLSR,0,-1,-1,-1,-1,-1,-1,-1,1,41.535595,1,0|3|2|1,baseline
100001585,100001585,1,2.2.0,2,50,750.000000,1000.000000,0,190.000000,3,1,2,5,25.000000,Watchdog-OLSR,0,-1,-1,-1,-1,-1,-1,-1,1,46.150635,1,3|0|1|2,defense_vs_attack
100001586,100001586,1,2.2.0,2,50,750.000000,1000.000000,0,190.000000,3,1,2,5,25.000000,Watchdog-OLSR,0,-1,-1,-1,-1,-1,-1,-1,1,56.695713,1,0|3|1|2,baseline
100001591,100001591,1,2.2.0,2,50,750.000000,1000.000000,0,190.000000,3,1,2,5,25.000000,Watchdog-OLSR,0,-1,-1,-1,-1,-1,-1,-1,1,43.359128,1,1|3|2|0,attack_only
100001596,100001596,1,2.2.0,2,50,750.000000,1000.000000,0,190.000000,3,1,2,5,25.000000,Watchdog-OLSR,0,-1,-1,-1,-1,-1,-1,-1,1,39.813909,1,2|0|3|1,defense_only
100001593,100001593,1,2.2.0,2,50,750.000000,1000.000000,0,190.000000,3,1,2,5,25.000000,Watchdog-OLSR,0,-1,-1,-1,-1,-1,-1,-1,1,47.431666,1,0|1|3|2,baseline
100001595,100001595,1,2.2.0,2,50,750.000000,1000.000000,0,190.000000,3,1,2,5,25.000000,Watchdog-OLSR,0,-1,-1,-1,-1,-1,-1,-1,1,47.682145,1,1|3|2|0,attack_only
100001599,100001599,1,2.2.0,2,50,750.000000,1000.000000,0,190.000000,3,1,2,5,25.000000,Watchdog-OLSR,0,-1,-1,-1,-1,-1,-1,-1,1,35.749823,1,0|3|1|2,baseline
100001602,100001602,1,2.2.0,2,50,750.000000,1000.000000,0,190.000000,3,1,2,5,25.000000,Watchdog-OLSR,0,-1,-1,-1,-1,-1,-1,-1,1,49.148368,1,1|3|0|2,attack_only
100001605,100001605,1,2.2.0,2,50,750.000000,1000.000000,0,190.000000,3,1,2,5,25.000000,Watchdog-OLSR,0,-1,-1,-1,-1,-1,-1,-1,1,48.802373,1,1|0|3|2,attack_only
100001614,100001614,1,2.2.0,2,50,750.000000,1000.000000,0,190.000000,3,1,2,5,25.000000,Watchdog-OLSR,0,-1,-1,-1,-1,-1,-1,-1,1,48.653312,1,0|2|3|1,baseline
100001616,100001616,1,2.2.0,2,50,750.000000,1000.000000,0,190.000000,3,1,2,5,25.000000,Watchdog-OLSR,0,-1,-1,-1,-1,-1,-1,-1,1,50.812224,1,3|1|2|0,defense_vs_attack
100001618,100001618,1,2.2.0,2,50,750.000000,1000.000000,0,190.000000,3,1,2,5,25.000000,Watchdog-OLSR,0,-1,-1,-1,-1,-1,-1,-1,1,48.271481,1,3|1|0|2,defense_vs_attack
100001619,100001619,1,2.2.0,2,50,750.000000,1000.000000,0,190.000000,3,1,2,5,25.000000,Watchdog-OLSR,0,-1,-1,-1,-1,-1,-1,-1,1,51.569848,1,1|3|0|2,attack_only
100001621,100001621,1,2.2.0,2,50,750.000000,1000.000000,0,190.000000,3,1,2,5,25.000000,Watchdog-OLSR,0,-1,-1,-1,-1,-1,-1,-1,1,48.437887,1,0|1|3|2,baseline
100001622,100001622,1,2.2.0,2,50,750.000000,1000.000000,0,190.000000,3,1,2,5,25.000000,Watchdog-OLSR,0,-1,-1,-1,-1,-1,-1,-1,1,60.319415,1,0|1|2|3,baseline
100001627,100001627,1,2.2.0,2,50,750.000000,1000.000000,0,190.000000,3,1,2,5,25.000000,Watchdog-OLSR,0,-1,-1,-1,-1,-1,-1,-1,1,47.933259,1,1|3|0|2,attack_only
100001632,100001632,1,2.2.0,2,50,750.000000,1000.000000,0,190.000000,3,1,2,5,25.000000,Watchdog-OLSR,0,-1,-1,-1,-1,-1,-1,-1,1,46.691004,1,3|1|0|2,defense_vs_attack
100001633,100001633,1,2.2.0,2,50,750.000000,1000.000000,0,190.000000,3,1,2,5,25.000000,Watchdog-OLSR,0,-1,-1,-1,-1,-1,-1,-1,1,44.771699,1,1|2|0|3,attack_only
100001637,100001637,1,2.2.0,2,50,750.000000,1000.000000,0,190.000000,3,1,2,5,25.000000,Watchdog-OLSR,0,-1,-1,-1,-1,-1,-1,-1,1,42.587979,1,2|3|0|1,defense_only
100001639,100001639,1,2.2.0,2,50,750.000000,1000.000000,0,190.000000,3,1,2,5,25.000000,Watchdog-OLSR,0,-1,-1,-1,-1,-1,-1,-1,1,49.443221,1,0|3|2|1,baseline
100001645,100001645,1,2.2.0,2,50,750.000000,1000.000000,0,190.000000,3,1,2,5,25.000000,Watchdog-OLSR,0,-1,-1,-1,-1,-1,-1,-1,1,46.066330,1,2|1|0|3,defense_only
100001648,100001648,1,2.2.0,2,50,750.000000,1000.000000,0,190.000000,3,1,2,5,25.000000,Watchdog-OLSR,0,-1,-1,-1,-1,-1,-1,-1,1,42.022665,1,1|3|0|2,attack_only
100001646,100001646,1,2.2.0,2,50,750.000000,1000.000000,0,190.000000,3,1,2,5,25.000000,Watchdog-OLSR,0,-1,-1,-1,-1,-1,-1,-1,1,53.600643,1,2|3|0|1,defense_only
100001657,100001657,1,2.2.0,2,50,750.000000,1000.000000,0,190.000000,3,1,2,5,25.000000,Watchdog-OLSR,0,-1,-1,-1,-1,-1,-1,-1,1,45.583659,1,2|3|1|0,defense_only
100001655,100001655,1,2.2.0,2,50,750.000000,1000.000000,0,190.000000,3,1,2,5,25.000000,Watchdog-OLSR,0,-1,-1,-1,-1,-1,-1,-1,1,59.492961,1,1|3|0|2,attack_only
100001663,100001663,1,2.2.0,2,50,750.000000,1000.000000,0,190.000000,3,1,2,5,25.000000,Watchdog-OLSR,0,-1,-1,-1,-1,-1,-1,-1,1,41.747405,1,0|2|1|3,baseline
100001661,100001661,1,2.2.0,2,50,750.000000,1000.000000,0,190.000000,3,1,2,5,25.000000,Watchdog-OLSR,0,-1,-1,-1,-1,-1,-1,-1,1,47.532747,1,3|1|2|0,defense_vs_attack
100001664,100001664,1,2.2.0,2,50,750.000000,1000.000000,0,190.000000,3,1,2,5,25.000000,Watchdog-OLSR,0,-1,-1,-1,-1,-1,-1,-1,1,39.461249,1,2|0|1|3,defense_only
100001665,100001665,1,2.2.0,2,50,750.000000,1000.000000,0,190.000000,3,1,2,5,25.000000,Watchdog-OLSR,0,-1,-1,-1,-1,-1,-1,-1,1,47.364629,1,2|0|3|1,defense_only
100001672,100001672,1,2.2.0,2,50,750.000000,1000.000000,0,190.000000,3,1,2,5,25.000000,Watchdog-OLSR,0,-1,-1,-1,-1,-1,-1,-1,1,41.949177,1,2|3|1|0,defense_only
100001678,100001678,1,2.2.0,2,50,750.000000,1000.000000,0,190.000000,3,1,2,5,25.000000,Watchdog-OLSR,0,-1,-1,-1,-1,-1,-1,-1,1,46.358460,1,1|2|0|3,attack_only
100001689,100001689,1,2.2.0,2,50,750.000000,1000.000000,0,190.000000,3,1,2,5,25.000000,Watchdog-OLSR,0,-1,-1,-1,-1,-1,-1,-1,1,41.486528,1,2|1|0|3,defense_only
100001685,100001685,1,2.2.0,2,50,750.000000,1000.000000,0,190.000000,3,1,2,5,25.000000,Watchdog-OLSR,0,-1,-1,-1,-1,-1,-1,-1,1,49.443229,1,0|3|1|2,baseline
100001691,100001691,1,2.2.0,2,50,750.000000,1000.000000,0,190.000000,3,1,2,5,25.000000,Watchdog-OLSR,0,-1,-1,-1,-1,-1,-1,-1,1,50.656534,1,1|0|2|3,attack_only
100001697,100001697,1,2.2.0,2,50,750.000000,1000.000000,0,190.000000,3,1,2,5,25.000000,Watchdog-OLSR,0,-1,-1,-1,-1,-1,-1,-1,1,51.040773,1,0|2|3|1,baseline
100001700,100001700,1,2.2.0,2,50,750.000000,1000.000000,0,190.000000,3,1,2,5,25.000000,Watchdog-OLSR,0,-1,-1,-1,-1,-1,-1,-1,1,42.907539,1,2|0|3|1,defense_only
100001708,100001708,1,2.2.0,2,50,750.000000,1000.000000,0,190.000000,3,1,2,5,25.000000,Watchdog-OLSR,0,-1,-1,-1,-1,-1,-1,-1,1,38.030730,1,3|0|1|2,defense_vs_attack
100001706,100001706,1,2.2.0,2,50,750.000000,1000.000000,0,190.000000,3,1,2,5,25.000000,Watchdog-OLSR,0,-1,-1,-1,-1,-1,-1,-1,1,42.416634,1,1|3|0|2,attack_only
100001703,100001703,1,2.2.0,2,50,750.000000,1000.000000,0,190.000000,3,1,2,5,25.000000,Watchdog-OLSR,0,-1,-1,-1,-1,-1,-1,-1,1,51.281722,1,3|2|1|0,defense_vs_attack
100001716,100001716,1,2.2.0,2,50,750.000000,1000.000000,0,190.000000,3,1,2,5,25.000000,Watchdog-OLSR,0,-1,-1,-1,-1,-1,-1,-1,1,40.910540,1,0|2|1|3,baseline
100001717,100001717,1,2.2.0,2,50,750.000000,1000.000000,0,190.000000,3,1,2,5,25.000000,Watchdog-OLSR,0,-1,-1,-1,-1,-1,-1,-1,1,41.102889,1,3|2|0|1,defense_vs_attack
100001713,100001713,1,2.2.0,2,50,750.000000,1000.000000,0,190.000000,3,1,2,5,25.000000,Watchdog-OLSR,0,-1,-1,-1,-1,-1,-1,-1,1,50.251330,1,1|0|3|2,attack_only
100001715,100001715,1,2.2.0,2,50,750.000000,1000.000000,0,190.000000,3,1,2,5,25.000000,Watchdog-OLSR,0,-1,-1,-1,-1,-1,-1,-1,1,56.132870,1,3|1|2|0,defense_vs_attack
100001718,100001718,1,2.2.0,2,50,750.000000,1000.000000,0,190.000000,3,1,2,5,25.000000,Watchdog-OLSR,0,-1,-1,-1,-1,-1,-1,-1,1,52.237627,1,1|3|2|0,attack_only
100001724,100001724,1,2.2.0,2,50,750.000000,1000.000000,0,190.000000,3,1,2,5,25.000000,Watchdog-OLSR,0,-1,-1,-1,-1,-1,-1,-1,1,44.692170,1,1|3|0|2,attack_only
100001728,100001728,1,2.2.0,2,50,750.000000,1000.000000,0,190.000000,3,1,2,5,25.000000,Watchdog-OLSR,0,-1,-1,-1,-1,-1,-1,-1,1,40.600455,1,0|2|1|3,baseline
100001729,100001729,1,2.2.0,2,50,750.000000,1000.000000,0,190.000000,3,1,2,5,25.000000,Watchdog-OLSR,0,-1,-1,-1,-1,-1,-1,-1,1,50.112574,1,0|3|1|2,baseline
100001727,100001727,1,2.2.0,2,50,750.000000,1000.000000,0,190.000000,3,1,2,5,25.000000,Watchdog-OLSR,0,-1,-1,-1,-1,-1,-1,-1,1,53.895550,1,3|1|0|2,defense_vs_attack
100001734,100001734,1,2.2.0,2,50,750.000000,1000.000000,0,190.000000,3,1,2,5,25.000000,Watchdog-OLSR,0,-1,-1,-1,-1,-1,-1,-1,1,45.316747,1,3|1|0|2,defense_vs_attack
100001741,100001741,1,2.2.0,2,50,750.000000,1000.000000,0,190.000000,3,1,2,5,25.000000,Watchdog-OLSR,0,-1,-1,-1,-1,-1,-1,-1,1,40.413610,1,2|1|0|3,defense_only
100001742,100001742,1,2.2.0,2,50,750.000000,1000.000000,0,190.000000,3,1,2,5,25.000000,Watchdog-OLSR,0,-1,-1,-1,-1,-1,-1,-1,1,46.815477,1,1|2|3|0,attack_only
100001743,100001743,1,2.2.0,2,50,750.000000,1000.000000,0,190.000000,3,1,2,5,25.000000,Watchdog-OLSR,0,-1,-1,-1,-1,-1,-1,-1,1,48.540566,1,0|1|2|3,baseline
100001747,100001747,1,2.2.0,2,50,750.000000,1000.000000,0,190.000000,3,1,2,5,25.000000,Watchdog-OLSR,0,-1,-1,-1,-1,-1,-1,-1,1,46.916262,1,1|3|2|0,attack_only
100001750,100001750,1,2.2.0,2,50,750.000000,1000.000000,0,190.000000,3,1,2,5,25.000000,Watchdog-OLSR,0,-1,-1,-1,-1,-1,-1,-1,1,47.837138,1,3|0|1|2,defense_vs_attack
100001759,100001759,1,2.2.0,2,50,750.000000,1000.000000,0,190.000000,3,1,2,5,25.000000,Watchdog-OLSR,0,-1,-1,-1,-1,-1,-1,-1,1,44.065058,1,1|2|0|3,attack_only
100001758,100001758,1,2.2.0,2,50,750.000000,1000.000000,0,190.000000,3,1,2,5,25.000000,Watchdog-OLSR,0,-1,-1,-1,-1,-1,-1,-1,1,47.769346,1,1|3|0|2,attack_only
100001765,100001765,1,2.2.0,2,50,750.000000,1000.000000,0,190.000000,3,1,2,5,25.000000,Watchdog-OLSR,0,-1,-1,-1,-1,-1,-1,-1,1,48.573498,1,1|2|3|0,attack_only
100001770,100001770,1,2.2.0,2,50,750.000000,1000.000000,0,190.000000,3,1,2,5,25.000000,Watchdog-OLSR,0,-1,-1,-1,-1,-1,-1,-1,1,45.703820,1,2|1|3|0,defense_only
100001774,100001774,1,2.2.0,2,50,750.000000,1000.000000,0,190.000000,3,1,2,5,25.000000,Watchdog-OLSR,0,-1,-1,-1,-1,-1,-1,-1,1,40.599898,1,0|3|1|2,baseline
100001772,100001772,1,2.2.0,2,50,750.000000,1000.000000,0,190.000000,3,1,2,5,25.000000,Watchdog-OLSR,0,-1,-1,-1,-1,-1,-1,-1,1,50.304643,1,0|2|3|1,baseline
100001775,100001775,1,2.2.0,2,50,750.000000,1000.000000,0,190.000000,3,1,2,5,25.000000,Watchdog-OLSR,0,-1,-1,-1,-1,-1,-1,-1,1,46.648447,1,1|3|0|2,attack_only
100001777,100001777,1,2.2.0,2,50,750.000000,1000.000000,0,190.000000,3,1,2,5,25.000000,Watchdog-OLSR,0,-1,-1,-1,-1,-1,-1,-1,1,38.487343,1,3|2|0|1,defense_vs_attack
100001779,100001779,1,2.2.0,2,50,750.000000,1000.000000,0,190.000000,3,1,2,5,25.000000,Watchdog-OLSR,0,-1,-1,-1,-1,-1,-1,-1,1,48.220637,1,3|2|1|0,defense_vs_attack
100001780,100001780,1,2.2.0,2,50,750.000000,1000.000000,0,190.000000,3,1,2,5,25.000000,Watchdog-OLSR,0,-1,-1,-1,-1,-1,-1,-1,1,44.444081,1,0|1|3|2,baseline
100001782,100001782,1,2.2.0,2,50,750.000000,1000.000000,0,190.000000,3,1,2,5,25.000000,Watchdog-OLSR,0,-1,-1,-1,-1,-1,-1,-1,1,37.370220,1,2|3|1|0,defense_only
100001783,100001783,1,2.2.0,2,50,750.000000,1000.000000,0,190.000000,3,1,2,5,25.000000,Watchdog-OLSR,0,-1,-1,-1,-1,-1,-1,-1,1,52.603006,1,3|1|0|2,defense_vs_attack
100001785,100001785,1,2.2.0,2,50,750.000000,1000.000000,0,190.000000,3,1,2,5,25.000000,Watchdog-OLSR,0,-1,-1,-1,-1,-1,-1,-1,1,45.988551,1,2|0|1|3,defense_only
100001788,100001788,1,2.2.0,2,50,750.000000,1000.000000,0,190.000000,3,1,2,5,25.000000,Watchdog-OLSR,0,-1,-1,-1,-1,-1,-1,-1,1,39.181034,1,0|1|3|2,baseline
100001789,100001789,1,2.2.0,2,50,750.000000,1000.000000,0,190.000000,3,1,2,5,25.000000,Watchdog-OLSR,0,-1,-1,-1,-1,-1,-1,-1,1,47.880790,1,3|0|2|1,defense_vs_attack
100001790,100001790,1,2.2.0,2,50,750.000000,1000.000000,0,190.000000,3,1,2,5,25.000000,Watchdog-OLSR,0,-1,-1,-1,-1,-1,-1,-1,1,42.755341,1,1|3|0|2,attack_only
100001792,100001792,1,2.2.0,2,50,750.000000,1000.000000,0,190.000000,3,1,2,5,25.000000,Watchdog-OLSR,0,-1,-1,-1,-1,-1,-1,-1,1,49.311563,1,1|0|3|2,attack_only
100001801,100001801,1,2.2.0,2,50,750.000000,1000.000000,0,190.000000,3,1,2,5,25.000000,Watchdog-OLSR,0,-1,-1,-1,-1,-1,-1,-1,1,38.686633,1,2|1|3|0,defense_only
100001798,100001798,1,2.2.0,2,50,750.000000,1000.000000,0,190.000000,3,1,2,5,25.000000,Watchdog-OLSR,0,-1,-1,-1,-1,-1,-1,-1,1,50.253886,1,0|3|1|2,baseline
100001806,100001806,1,2.2.0,2,50,750.000000,1000.000000,0,190.000000,3,1,2,5,25.000000,Watchdog-OLSR,0,-1,-1,-1,-1,-1,-1,-1,1,43.449380,1,1|0|3|2,attack_only
100001805,100001805,1,2.2.0,2,50,750.000000,1000.000000,0,190.000000,3,1,2,5,25.000000,Watchdog-OLSR,0,-1,-1,-1,-1,-1,-1,-1,1,51.092611,1,3|1|2|0,defense_vs_attack
100001804,100001804,1,2.2.0,2,50,750.000000,1000.000000,0,190.000000,3,1,2,5,25.000000,Watchdog-OLSR,0,-1,-1,-1,-1,-1,-1,-1,1,58.146760,1,2|3|1|0,defense_only
100001807,100001807,1,2.2.0,2,50,750.000000,1000.000000,0,190.000000,3,1,2,5,25.000000,Watchdog-OLSR,0,-1,-1,-1,-1,-1,-1,-1,1,50.240355,1,1|2|3|0,attack_only
100001809,100001809,1,2.2.0,2,50,750.000000,1000.000000,0,190.000000,3,1,2,5,25.000000,Watchdog-OLSR,0,-1,-1,-1,-1,-1,-1,-1,1,38.830521,1,0|2|3|1,baseline
100001810,100001810,1,2.2.0,2,50,750.000000,1000.000000,0,190.000000,3,1,2,5,25.000000,Watchdog-OLSR,0,-1,-1,-1,-1,-1,-1,-1,1,45.808560,1,1|3|2|0,attack_only
100001813,100001813,1,2.2.0,2,50,750.000000,1000.000000,0,190.000000,3,1,2,5,25.000000,Watchdog-OLSR,0,-1,-1,-1,-1,-1,-1,-1,1,43.677268,1,2|1|3|0,defense_only
100001817,100001817,1,2.2.0,2,50,750.000000,1000.000000,0,190.000000,3,1,2,5,25.000000,Watchdog-OLSR,0,-1,-1,-1,-1,-1,-1,-1,1,47.539972,1,1|3|2|0,attack_only
100001825,100001825,1,2.2.0,2,50,750.000000,1000.000000,0,190.000000,3,1,2,5,25.000000,Watchdog-OLSR,0,-1,-1,-1,-1,-1,-1,-1,1,46.267599,1,0|1|3|2,baseline
100001827,100001827,1,2.2.0,2,50,750.000000,1000.000000,0,190.000000,3,1,2,5,25.000000,Watchdog-OLSR,0,-1,-1,-1,-1,-1,-1,-1,1,46.469702,1,1|0|2|3,attack_only
100001838,100001838,1,2.2.0,2,50,750.000000,1000.000000,0,190.000000,3,1,2,5,25.000000,Watchdog-OLSR,0,-1,-1,-1,-1,-1,-1,-1,1,39.558206,1,1|3|2|0,attack_only
100001835,100001835,1,2.2.0,2,50,750.000000,1000.000000,0,190.000000,3,1,2,5,25.000000,Watchdog-OLSR,0,-1,-1,-1,-1,-1,-1,-1,1,46.949461,1,1|2|3|0,attack_only
100001841,100001841,1,2.2.0,2,50,750.000000,1000.000000,0,190.000000,3,1,2,5,25.000000,Watchdog-OLSR,0,-1,-1,-1,-1,-1,-1,-1,1,37.873675,1,1|2|0|3,attack_only
100001839,100001839,1,2.2.0,2,50,750.000000,1000.000000,0,190.000000,3,1,2,5,25.000000,Watchdog-OLSR,0,-1,-1,-1,-1,-1,-1,-1,1,46.898429,1,2|0|1|3,defense_only
100001842,100001842,1,2.2.0,2,50,750.000000,1000.000000,0,190.000000,3,1,2,5,25.000000,Watchdog-OLSR,0,-1,-1,-1,-1,-1,-1,-1,1,43.413500,1,1|0|2|3,attack_only
100001843,100001843,1,2.2.0,2,50,750.000000,1000.000000,0,190.000000,3,1,2,5,25.000000,Watchdog-OLSR,0,-1,-1,-1,-1,-1,-1,-1,1,42.868213,1,1|3|2|0,attack_only
100001845,100001845,1,2.2.0,2,50,750.000000,1000.000000,0,190.000000,3,1,2,5,25.000000,Watchdog-OLSR,0,-1,-1,-1,-1,-1,-1,-1,1,43.687449,1,2|1|0|3,defense_only
100001849,100001849,1,2.2.0,2,50,750.000000,1000.000000,0,190.000000,3,1,2,5,25.000000,Watchdog-OLSR,0,-1,-1,-1,-1,-1,-1,-1,1,48.695253,1,2|1|0|3,defense_only
100001857,100001857,1,2.2.0,2,50,750.000000,1000.000000,0,190.000000,3,1,2,5,25.000000,Watchdog-OLSR,0,-1,-1,-1,-1,-1,-1,-1,1,51.769912,1,1|2|3|0,attack_only
100001860,100001860,1,2.2.0,2,50,750.000000,1000.000000,0,190.000000,3,1,2,5,25.000000,Watchdog-OLSR,0,-1,-1,-1,-1,-1,-1,-1,1,50.622273,1,2|0|3|1,defense_only
100001871,100001871,1,2.2.0,2,50,750.000000,1000.000000,0,190.000000,3,1,2,5,25.000000,Watchdog-OLSR,0,-1,-1,-1,-1,-1,-1,-1,1,46.024297,1,2|0|1|3,defense_only
100001875,100001875,1,2.2.0,2,50,750.000000,1000.000000,0,190.000000,3,1,2,5,25.000000,Watchdog-OLSR,0,-1,-1,-1,-1,-1,-1,-1,1,41.567347,1,1|0|3|2,attack_only
100001874,100001874,1,2.2.0,2,50,750.000000,1000.000000,0,190.000000,3,1,2,5,25.000000,Watchdog-OLSR,0,-1,-1,-1,-1,-1,-1,-1,1,46.936507,1,3|2|1|0,defense_vs_attack
100001877,100001877,1,2.2.0,2,50,750.000000,1000.000000,0,190.000000,3,1,2,5,25.000000,Watchdog-OLSR,0,-1,-1,-1,-1,-1,-1,-1,1,47.180434,1,2|0|1|3,defense_only
100001878,100001878,1,2.2.0,2,50,750.000000,1000.000000,0,190.000000,3,1,2,5,25.000000,Watchdog-OLSR,0,-1,-1,-1,-1,-1,-1,-1,1,45.001566,1,3|1|2|0,defense_vs_attack
100001881,100001881,1,2.2.0,2,50,750.000000,1000.000000,0,190.000000,3,1,2,5,25.000000,Watchdog-OLSR,0,-1,-1,-1,-1,-1,-1,-1,1,40.777234,1,1|0|3|2,attack_only
100001880,100001880,1,2.2.0,2,50,750.000000,1000.000000,0,190.000000,3,1,2,5,25.000000,Watchdog-OLSR,0,-1,-1,-1,-1,-1,-1,-1,1,52.630011,1,0|1|3|2,baseline
100001888,100001888,1,2.2.0,2,50,750.000000,1000.000000,0,190.000000,3,1,2,5,25.000000,Watchdog-OLSR,0,-1,-1,-1,-1,-1,-1,-1,1,40.081092,1,1|3|0|2,attack_only
100001885,100001885,1,2.2.0,2,50,750.000000,1000.000000,0,190.000000,3,1,2,5,25.000000,Watchdog-OLSR,0,-1,-1,-1,-1,-1,-1,-1,1,50.031395,1,3|0|2|1,defense_vs_attack
100001889,100001889,1,2.2.0,2,50,750.000000,1000.000000,0,190.000000,3,1,2,5,25.000000,Watchdog-OLSR,0,-1,-1,-1,-1,-1,-1,-1,1,45.153531,1,0|3|1|2,baseline
100001891,100001891,1,2.2.0,2,50,750.000000,1000.000000,0,190.000000,3,1,2,5,25.000000,Watchdog-OLSR,0,-1,-1,-1,-1,-1,-1,-1,1,45.787397,1,0|3|2|1,baseline
100001905,100001905,1,2.2.0,2,50,750.000000,1000.000000,0,190.000000,3,1,2,5,25.000000,Watchdog-OLSR,0,-1,-1,-1,-1,-1,-1,-1,1,41.634548,1,1|3|2|0,attack_only
100001904,100001904,1,2.2.0,2,50,750.000000,1000.000000,0,190.000000,3,1,2,5,25.000000,Watchdog-OLSR,0,-1,-1,-1,-1,-1,-1,-1,1,53.994639,1,0|1|3|2,baseline
100001913,100001913,1,2.2.0,2,50,750.000000,1000.000000,0,190.000000,3,1,2,5,25.000000,Watchdog-OLSR,0,-1,-1,-1,-1,-1,-1,-1,1,56.124403,1,1|0|3|2,attack_only
100001923,100001923,1,2.2.0,2,50,750.000000,1000.000000,0,190.000000,3,1,2,5,25.000000,Watchdog-OLSR,0,-1,-1,-1,-1,-1,-1,-1,1,46.960680,1,3|0|2|1,defense_vs_attack
100001927,100001927,1,2.2.0,2,50,750.000000,1000.000000,0,190.000000,3,1,2,5,25.000000,Watchdog-OLSR,0,-1,-1,-1,-1,-1,-1,-1,1,43.892839,1,2|1|3|0,defense_only
100001932,100001932,1,2.2.0,2,50,750.000000,1000.000000,0,190.000000,3,1,2,5,25.000000,Watchdog-OLSR,0,-1,-1,-1,-1,-1,-1,-1,1,41.084037,1,3|2|0|1,defense_vs_attack
100001928,100001928,1,2.2.0,2,50,750.000000,1000.000000,0,190.000000,3,1,2,5,25.000000,Watchdog-OLSR,0,-1,-1,-1,-1,-1,-1,-1,1,54.794508,1,3|2|0|1,defense_vs_attack
100001933,100001933,1,2.2.0,2,50,750.000000,1000.000000,0,190.000000,3,1,2,5,25.000000,Watchdog-OLSR,0,-1,-1,-1,-1,-1,-1,-1,1,51.662956,1,3|1|2|0,defense_vs_attack
100001937,100001937,1,2.2.0,2,50,750.000000,1000.000000,0,190.000000,3,1,2,5,25.000000,Watchdog-OLSR,0,-1,-1,-1,-1,-1,-1,-1,1,47.044866,1,2|3|0|1,defense_only
100001938,100001938,1,2.2.0,2,50,750.000000,1000.000000,0,190.000000,3,1,2,5,25.000000,Watchdog-OLSR,0,-1,-1,-1,-1,-1,-1,-1,1,45.372160,1,3|1|0|2,defense_vs_attack
100001939,100001939,1,2.2.0,2,50,750.000000,1000.000000,0,190.000000,3,1,2,5,25.000000,Watchdog-OLSR,0,-1,-1,-1,-1,-1,-1,-1,1,55.419598,1,2|3|0|1,defense_only
100001942,100001942,1,2.2.0,2,50,750.000000,1000.000000,0,190.000000,3,1,2,5,25.000000,Watchdog-OLSR,0,-1,-1,-1,-1,-1,-1,-1,1,46.933307,1,3|0|1|2,defense_vs_attack
100001943,100001943,1,2.2.0,2,50,750.000000,1000.000000,0,190.000000,3,1,2,5,25.000000,Watchdog-OLSR,0,-1,-1,-1,-1,-1,-1,-1,1,47.594838,1,1|0|3|2,attack_only
100001944,100001944,1,2.2.0,2,50,750.000000,1000.000000,0,190.000000,3,1,2,5,25.000000,Watchdog-OLSR,0,-1,-1,-1,-1,-1,-1,-1,1,46.093853,1,2|1|3|0,defense_only
100001950,100001950,1,2.2.0,2,50,750.000000,1000.000000,0,190.000000,3,1,2,5,25.000000,Watchdog-OLSR,0,-1,-1,-1,-1,-1,-1,-1,1,38.526169,1,0|3|1|2,baseline
100001952,100001952,1,2.2.0,2,50,750.000000,1000.000000,0,190.000000,3,1,2,5,25.000000,Watchdog-OLSR,0,-1,-1,-1,-1,-1,-1,-1,1,49.857737,1,2|0|1|3,defense_only
100001958,100001958,1,2.2.0,2,50,750.000000,1000.000000,0,190.000000,3,1,2,5,25.000000,Watchdog-OLSR,0,-1,-1,-1,-1,-1,-1,-1,1,44.229648,1,2|0|1|3,defense_only
100001962,100001962,1,2.2.0,2,50,750.000000,1000.000000,0,190.000000,3,1,2,5,25.000000,Watchdog-OLSR,0,-1,-1,-1,-1,-1,-1,-1,1,47.153972,1,3|0|1|2,defense_vs_attack
100001964,100001964,1,2.2.0,2,50,750.000000,1000.000000,0,190.000000,3,1,2,5,25.000000,Watchdog-OLSR,0,-1,-1,-1,-1,-1,-1,-1,1,42.112303,1,2|3|0|1,defense_only
100001961,100001961,1,2.2.0,2,50,750.000000,1000.000000,0,190.000000,3,1,2,5,25.000000,Watchdog-OLSR,0,-1,-1,-1,-1,-1,-1,-1,1,51.446418,1,0|1|2|3,baseline
100001965,100001965,1,2.2.0,2,50,750.000000,1000.000000,0,190.000000,3,1,2,5,25.000000,Watchdog-OLSR,0,-1,-1,-1,-1,-1,-1,-1,1,48.819489,1,0|1|2|3,baseline
100001967,100001967,1,2.2.0,2,50,750.000000,1000.000000,0,190.000000,3,1,2,5,25.000000,Watchdog-OLSR,0,-1,-1,-1,-1,-1,-1,-1,1,46.838364,1,1|2|3|0,attack_only
100001980,100001980,1,2.2.0,2,50,750.000000,1000.000000,0,190.000000,3,1,2,5,25.000000,Watchdog-OLSR,0,-1,-1,-1,-1,-1,-1,-1,1,40.702734,1,2|1|0|3,defense_only
100001976,100001976,1,2.2.0,2,50,750.000000,1000.000000,0,190.000000,3,1,2,5,25.000000,Watchdog-OLSR,0,-1,-1,-1,-1,-1,-1,-1,1,47.669078,1,1|2|3|0,attack_only
100001979,100001979,1,2.2.0,2,50,750.000000,1000.000000,0,190.000000,3,1,2,5,25.000000,Watchdog-OLSR,0,-1,-1,-1,-1,-1,-1,-1,1,45.951355,1,3|2|1|0,defense_vs_attack
100001982,100001982,1,2.2.0,2,50,750.000000,1000.000000,0,190.000000,3,1,2,5,25.000000,Watchdog-OLSR,0,-1,-1,-1,-1,-1,-1,-1,1,41.020061,1,2|0|3|1,defense_only
100001978,100001978,1,2.2.0,2,50,750.000000,1000.000000,0,190.000000,3,1,2,5,25.000000,Watchdog-OLSR,0,-1,-1,-1,-1,-1,-1,-1,1,48.131480,1,0|3|1|2,baseline
100001987,100001987,1,2.2.0,2,50,750.000000,1000.000000,0,190.000000,3,1,2,5,25.000000,Watchdog-OLSR,0,-1,-1,-1,-1,-1,-1,-1,1,41.514585,1,3|2|1|0,defense_vs_attack
100001986,100001986,1,2.2.0,2,50,750.000000,1000.000000,0,190.000000,3,1,2,5,25.000000,Watchdog-OLSR,0,-1,-1,-1,-1,-1,-1,-1,1,47.715176,1,0|3|2|1,baseline
100002002,100002002,1,2.2.0,2,50,750.000000,1000.000000,0,190.000000,3,1,2,5,25.000000,Watchdog-OLSR,0,-1,-1,-1,-1,-1,-1,-1,1,46.606582,1,2|3|0|1,defense_only
100002000,100002000,1,2.2.0,2,50,750.000000,1000.000000,0,190.000000,3,1,2,5,25.000000,Watchdog-OLSR,0,-1,-1,-1,-1,-1,-1,-1,1,49.329684,1,1|3|2|0,attack_only
100002003,100002003,1,2.2.0,2,50,750.000000,1000.000000,0,190.000000,3,1,2,5,25.000000,Watchdog-OLSR,0,-1,-1,-1,-1,-1,-1,-1,1,47.848749,1,1|0|3|2,attack_only
100002007,100002007,1,2.2.0,2,50,750.000000,1000.000000,0,190.000000,3,1,2,5,25.000000,Watchdog-OLSR,0,-1,-1,-1,-1,-1,-1,-1,1,45.677041,1,1|0|3|2,attack_only
100002008,100002008,1,2.2.0,2,50,750.000000,1000.000000,0,190.000000,3,1,2,5,25.000000,Watchdog-OLSR,0,-1,-1,-1,-1,-1,-1,-1,1,47.374748,1,3|1|2|0,defense_vs_attack
100002013,100002013,1,2.2.0,2,50,750.000000,1000.000000,0,190.000000,3,1,2,5,25.000000,Watchdog-OLSR,0,-1,-1,-1,-1,-1,-1,-1,1,46.620666,1,0|1|2|3,baseline
100002014,100002014,1,2.2.0,2,50,750.000000,1000.000000,0,190.000000,3,1,2,5,25.000000,Watchdog-OLSR,0,-1,-1,-1,-1,-1,-1,-1,1,48.638750,1,0|1|2|3,baseline
100002018,100002018,1,2.2.0,2,50,750.000000,1000.000000,0,190.000000,3,1,2,5,25.000000,Watchdog-OLSR,0,-1,-1,-1,-1,-1,-1,-1,1,51.508649,1,3|2|1|0,defense_vs_attack
100002023,100002023,1,2.2.0,2,50,750.000000,1000.000000,0,190.000000,3,1,2,5,25.000000,Watchdog-OLSR,0,-1,-1,-1,-1,-1,-1,-1,1,44.398671,1,1|3|2|0,attack_only
100002022,100002022,1,2.2.0,2,50,750.000000,1000.000000,0,190.000000,3,1,2,5,25.000000,Watchdog-OLSR,0,-1,-1,-1,-1,-1,-1,-1,1,50.434920,1,2|1|0|3,defense_only
100002027,100002027,1,2.2.0,2,50,750.000000,1000.000000,0,190.000000,3,1,2,5,25.000000,Watchdog-OLSR,0,-1,-1,-1,-1,-1,-1,-1,1,44.558115,1,1|0|2|3,attack_only
100002035,100002035,1,2.2.0,2,50,750.000000,1000.000000,0,190.000000,3,1,2,5,25.000000,Watchdog-OLSR,0,-1,-1,-1,-1,-1,-1,-1,1,42.582250,1,0|3|1|2,baseline
100002036,100002036,1,2.2.0,2,50,750.000000,1000.000000,0,190.000000,3,1,2,5,25.000000,Watchdog-OLSR,0,-1,-1,-1,-1,-1,-1,-1,1,56.719566,1,3|1|2|0,defense_vs_attack
100002042,100002042,1,2.2.0,2,50,750.000000,1000.000000,0,190.000000,3,1,2,5,25.000000,Watchdog-OLSR,0,-1,-1,-1,-1,-1,-1,-1,1,43.876443,1,1|0|2|3,attack_only
100002043,100002043,1,2.2.0,2,50,750.000000,1000.000000,0,190.000000,3,1,2,5,25.000000,Watchdog-OLSR,0,-1,-1,-1,-1,-1,-1,-1,1,39.792532,1,0|1|3|2,baseline
100002039,100002039,1,2.2.0,2,50,750.000000,1000.000000,0,190.000000,3,1,2,5,25.000000,Watchdog-OLSR,0,-1,-1,-1,-1,-1,-1,-1,1,51.289894,1,0|2|3|1,baseline
100002050,100002050,1,2.2.0,2,50,750.000000,1000.000000,0,190.000000,3,1,2,5,25.000000,Watchdog-OLSR,0,-1,-1,-1,-1,-1,-1,-1,1,43.131596,1,2|0|3|1,defense_only
100002049,100002049,1,2.2.0,2,50,750.000000,1000.000000,0,190.000000,3,1,2,5,25.000000,Watchdog-OLSR,0,-1,-1,-1,-1,-1,-1,-1,1,47.623151,1,1|2|3|0,attack_only
100002060,100002060,1,2.2.0,2,50,750.000000,1000.000000,0,190.000000,3,1,2,5,25.000000,Watchdog-OLSR,0,-1,-1,-1,-1,-1,-1,-1,1,46.243734,1,2|0|1|3,defense_only
100002063,100002063,1,2.2.0,2,50,750.000000,1000.000000,0,190.000000,3,1,2,5,25.000000,Watchdog-OLSR,0,-1,-1,-1,-1,-1,-1,-1,1,48.055147,1,2|0|3|1,defense_only
100002067,100002067,1,2.2.0,2,50,750.000000,1000.000000,0,190.000000,3,1,2,5,25.000000,Watchdog-OLSR,0,-1,-1,-1,-1,-1,-1,-1,1,41.301016,1,2|3|1|0,defense_only
100002069,100002069,1,2.2.0,2,50,750.000000,1000.000000,0,190.000000,3,1,2,5,25.000000,Watchdog-OLSR,0,-1,-1,-1,-1,-1,-1,-1,1,47.022867,1,1|0|3|2,attack_only
100002071,100002071,1,2.2.0,2,50,750.000000,1000.000000,0,190.000000,3,1,2,5,25.000000,Watchdog-OLSR,0,-1,-1,-1,-1,-1,-1,-1,1,49.267571,1,1|3|0|2,attack_only
100002070,100002070,1,2.2.0,2,50,750.000000,1000.000000,0,190.000000,3,1,2,5,25.000000,Watchdog-OLSR,0,-1,-1,-1,-1,-1,-1,-1,1,50.693176,1,2|3|1|0,defense_only
100002076,100002076,1,2.2.0,2,50,750.000000,1000.000000,0,190.000000,3,1,2,5,25.000000,Watchdog-OLSR,0,-1,-1,-1,-1,-1,-1,-1,1,39.554838,1,3|2|0|1,defense_vs_attack
100002083,100002083,1,2.2.0,2,50,750.000000,1000.000000,0,190.000000,3,1,2,5,25.000000,Watchdog-OLSR,0,-1,-1,-1,-1,-1,-1,-1,1,48.888205,1,0|3|2|1,baseline
100002085,100002085,1,2.2.0,2,50,750.000000,1000.000000,0,190.000000,3,1,2,5,25.000000,Watchdog-OLSR,0,-1,-1,-1,-1,-1,-1,-1,1,47.457679,1,1|2|0|3,attack_only
100002092,100002092,1,2.2.0,2,50,750.000000,1000.000000,0,190.000000,3,1,2,5,25.000000,Watchdog-OLSR,0,-1,-1,-1,-1,-1,-1,-1,1,39.978320,1,0|1|3|2,baseline
100002087,100002087,1,2.2.0,2,50,750.000000,1000.000000,0,190.000000,3,1,2,5,25.000000,Watchdog-OLSR,0,-1,-1,-1,-1,-1,-1,-1,1,54.460848,1,3|2|0|1,defense_vs_attack
100002094,100002094,1,2.2.0,2,50,750.000000,1000.000000,0,190.000000,3,1,2,5,25.000000,Watchdog-OLSR,0,-1,-1,-1,-1,-1,-1,-1,1,41.693166,1,3|1|2|0,defense_vs_attack
100002095,100002095,1,2.2.0,2,50,750.000000,1000.000000,0,190.000000,3,1,2,5,25.000000,Watchdog-OLSR,0,-1,-1,-1,-1,-1,-1,-1,1,40.111338,1,0|2|1|3,baseline
100002097,100002097,1,2.2.0,2,50,750.000000,1000.000000,0,190.000000,3,1,2,5,25.000000,Watchdog-OLSR,0,-1,-1,-1,-1,-1,-1,-1,1,49.577218,1,2|0|1|3,defense_only
100002098,100002098,1,2.2.0,2,50,750.000000,1000.000000,0,190.000000,3,1,2,5,25.000000,Watchdog-OLSR,0,-1,-1,-1,-1,-1,-1,-1,1,52.054184,1,3|0|1|2,defense_vs_attack
100002100,100002100,1,2.2.0,2,50,750.000000,1000.000000,0,190.000000,3,1,2,5,25.000000,Watchdog-OLSR,0,-1,-1,-1,-1,-1,-1,-1,1,47.086280,1,1|0|2|3,attack_only
100002106,100002106,1,2.2.0,2,50,750.000000,1000.000000,0,190.000000,3,1,2,5,25.000000,Watchdog-OLSR,0,-1,-1,-1,-1,-1,-1,-1,1,43.591506,1,3|2|0|1,defense_vs_attack
100002104,100002104,1,2.2.0,2,50,750.000000,1000.000000,0,190.000000,3,1,2,5,25.000000,Watchdog-OLSR,0,-1,-1,-1,-1,-1,-1,-1,1,49.812027,1,0|3|1|2,baseline
100002108,100002108,1,2.2.0,2,50,750.000000,1000.000000,0,190.000000,3,1,2,5,25.000000,Watchdog-OLSR,0,-1,-1,-1,-1,-1,-1,-1,1,46.878687,1,0|2|1|3,baseline
100002113,100002113,1,2.2.0,2,50,750.000000,1000.000000,0,190.000000,3,1,2,5,25.000000,Watchdog-OLSR,0,-1,-1,-1,-1,-1,-1,-1,1,49.111592,1,3|1|0|2,defense_vs_attack
100002115,100002115,1,2.2.0,2,50,750.000000,1000.000000,0,190.000000,3,1,2,5,25.000000,Watchdog-OLSR,0,-1,-1,-1,-1,-1,-1,-1,1,49.935573,1,1|0|3|2,attack_only
100002118,100002118,1,2.2.0,2,50,750.000000,1000.000000,0,190.000000,3,1,2,5,25.000000,Watchdog-OLSR,0,-1,-1,-1,-1,-1,-1,-1,1,46.807130,1,2|0|1|3,defense_only
100002123,100002123,1,2.2.0,2,50,750.000000,1000.000000,0,190.000000,3,1,2,5,25.000000,Watchdog-OLSR,0,-1,-1,-1,-1,-1,-1,-1,1,42.814667,1,0|1|2|3,baseline
100002122,100002122,1,2.2.0,2,50,750.000000,1000.000000,0,190.000000,3,1,2,5,25.000000,Watchdog-OLSR,0,-1,-1,-1,-1,-1,-1,-1,1,59.786785,1,2|3|1|0,defense_only
100002133,100002133,1,2.2.0,2,50,750.000000,1000.000000,0,190.000000,3,1,2,5,25.000000,Watchdog-OLSR,0,-1,-1,-1,-1,-1,-1,-1,1,47.140314,1,0|1|2|3,baseline
100002134,100002134,1,2.2.0,2,50,750.000000,1000.000000,0,190.000000,3,1,2,5,25.000000,Watchdog-OLSR,0,-1,-1,-1,-1,-1,-1,-1,1,52.201711,1,1|0|3|2,attack_only
100002140,100002140,1,2.2.0,2,50,750.000000,1000.000000,0,190.000000,3,1,2,5,25.000000,Watchdog-OLSR,0,-1,-1,-1,-1,-1,-1,-1,1,42.276738,1,2|0|3|1,defense_only
100002141,100002141,1,2.2.0,2,50,750.000000,1000.000000,0,190.000000,3,1,2,5,25.000000,Watchdog-OLSR,0,-1,-1,-1,-1,-1,-1,-1,1,44.814025,1,0|3|1|2,baseline
100002144,100002144,1,2.2.0,2,50,750.000000,1000.000000,0,190.000000,3,1,2,5,25.000000,Watchdog-OLSR,0,-1,-1,-1,-1,-1,-1,-1,1,50.918855,1,0|3|1|2,baseline
100002149,100002149,1,2.2.0,2,50,750.000000,1000.000000,0,190.000000,3,1,2,5,25.000000,Watchdog-OLSR,0,-1,-1,-1,-1,-1,-1,-1,1,54.855432,1,1|2|3|0,attack_only
100002153,100002153,1,2.2.0,2,50,750.000000,1000.000000,0,190.000000,3,1,2,5,25.000000,Watchdog-OLSR,0,-1,-1,-1,-1,-1,-1,-1,1,50.042341,1,0|1|2|3,baseline
100002165,100002165,1,2.2.0,2,50,750.000000,1000.000000,0,190.000000,3,1,2,5,25.000000,Watchdog-OLSR,0,-1,-1,-1,-1,-1,-1,-1,1,38.320894,1,1|2|3|0,attack_only
100002163,100002163,1,2.2.0,2,50,750.000000,1000.000000,0,190.000000,3,1,2,5,25.000000,Watchdog-OLSR,0,-1,-1,-1,-1,-1,-1,-1,1,42.987118,1,2|0|1|3,defense_only
100002167,100002167,1,2.2.0,2,50,750.000000,1000.000000,0,190.000000,3,1,2,5,25.000000,Watchdog-OLSR,0,-1,-1,-1,-1,-1,-1,-1,1,38.706618,1,0|3|1|2,baseline
100002164,100002164,1,2.2.0,2,50,750.000000,1000.000000,0,190.000000,3,1,2,5,25.000000,Watchdog-OLSR,0,-1,-1,-1,-1,-1,-1,-1,1,47.185355,1,1|2|3|0,attack_only
100002168,100002168,1,2.2.0,2,50,750.000000,1000.000000,0,190.000000,3,1,2,5,25.000000,Watchdog-OLSR,0,-1,-1,-1,-1,-1,-1,-1,1,49.309972,1,2|0|1|3,defense_only
100002169,100002169,1,2.2.0,2,50,750.000000,1000.000000,0,190.000000,3,1,2,5,25.000000,Watchdog-OLSR,0,-1,-1,-1,-1,-1,-1,-1,1,51.328717,1,0|2|3|1,baseline
100002176,100002176,1,2.2.0,2,50,750.000000,1000.000000,0,190.000000,3,1,2,5,25.000000,Watchdog-OLSR,0,-1,-1,-1,-1,-1,-1,-1,1,44.289575,1,3|2|0|1,defense_vs_attack
100002180,100002180,1,2.2.0,2,50,750.000000,1000.000000,0,190.000000,3,1,2,5,25.000000,Watchdog-OLSR,0,-1,-1,-1,-1,-1,-1,-1,1,40.518281,1,1|0|2|3,attack_only
100002181,100002181,1,2.2.0,2,50,750.000000,1000.000000,0,190.000000,3,1,2,5,25.000000,Watchdog-OLSR,0,-1,-1,-1,-1,-1,-1,-1,1,43.830373,1,2|1|0|3,defense_only
100002188,100002188,1,2.2.0,2,50,750.000000,1000.000000,0,190.000000,3,1,2,5,25.000000,Watchdog-OLSR,0,-1,-1,-1,-1,-1,-1,-1,1,43.625348,1,3|2|1|0,defense_vs_attack
100002191,100002191,1,2.2.0,2,50,750.000000,1000.000000,0,190.000000,3,1,2,5,25.000000,Watchdog-OLSR,0,-1,-1,-1,-1,-1,-1,-1,1,43.993526,1,0|2|1|3,baseline
100002192,100002192,1,2.2.0,2,50,750.000000,1000.000000,0,190.000000,3,1,2,5,25.000000,Watchdog-OLSR,0,-1,-1,-1,-1,-1,-1,-1,1,40.869119,1,0|2|3|1,baseline
100002189,100002189,1,2.2.0,2,50,750.000000,1000.000000,0,190.000000,3,1,2,5,25.000000,Watchdog-OLSR,0,-1,-1,-1,-1,-1,-1,-1,1,53.706321,1,1|3|2|0,attack_only
100002193,100002193,1,2.2.0,2,50,750.000000,1000.000000,0,190.000000,3,1,2,5,25.000000,Watchdog-OLSR,0,-1,-1,-1,-1,-1,-1,-1,1,43.681655,1,3|1|2|0,defense_vs_attack
100002196,100002196,1,2.2.0,2,50,750.000000,1000.000000,0,190.000000,3,1,2,5,25.000000,Watchdog-OLSR,0,-1,-1,-1,-1,-1,-1,-1,1,44.375550,1,2|0|3|1,defense_only
100002195,100002195,1,2.2.0,2,50,750.000000,1000.000000,0,190.000000,3,1,2,5,25.000000,Watchdog-OLSR,0,-1,-1,-1,-1,-1,-1,-1,1,47.366731,1,0|2|3|1,baseline
100002198,100002198,1,2.2.0,2,50,750.000000,1000.000000,0,190.000000,3,1,2,5,25.000000,Watchdog-OLSR,0,-1,-1,-1,-1,-1,-1,-1,1,47.790276,1,0|2|3|1,baseline
100002206,100002206,1,2.2.0,2,50,750.000000,1000.000000,0,190.000000,3,1,2,5,25.000000,Watchdog-OLSR,0,-1,-1,-1,-1,-1,-1,-1,1,43.416160,1,0|2|1|3,baseline
100002212,100002212,1,2.2.0,2,50,750.000000,1000.000000,0,190.000000,3,1,2,5,25.000000,Watchdog-OLSR,0,-1,-1,-1,-1,-1,-1,-1,1,39.430688,1,0|3|1|2,baseline
100002211,100002211,1,2.2.0,2,50,750.000000,1000.000000,0,190.000000,3,1,2,5,25.000000,Watchdog-OLSR,0,-1,-1,-1,-1,-1,-1,-1,1,43.694690,1,3|2|1|0,defense_vs_attack
100002217,100002217,1,2.2.0,2,50,750.000000,1000.000000,0,190.000000,3,1,2,5,25.000000,Watchdog-OLSR,0,-1,-1,-1,-1,-1,-1,-1,1,39.559382,1,3|2|1|0,defense_vs_attack
100002216,100002216,1,2.2.0,2,50,750.000000,1000.000000,0,190.000000,3,1,2,5,25.000000,Watchdog-OLSR,0,-1,-1,-1,-1,-1,-1,-1,1,43.779339,1,0|3|1|2,baseline
100002219,100002219,1,2.2.0,2,50,750.000000,1000.000000,0,190.000000,3,1,2,5,25.000000,Watchdog-OLSR,0,-1,-1,-1,-1,-1,-1,-1,1,45.335585,1,1|3|2|0,attack_only
100002221,100002221,1,2.2.0,2,50,750.000000,1000.000000,0,190.000000,3,1,2,5,25.000000,Watchdog-OLSR,0,-1,-1,-1,-1,-1,-1,-1,1,49.576063,1,1|3|0|2,attack_only
100002222,100002222,1,2.2.0,2,50,750.000000,1000.000000,0,190.000000,3,1,2,5,25.000000,Watchdog-OLSR,0,-1,-1,-1,-1,-1,-1,-1,1,47.199111,1,3|1|0|2,defense_vs_attack
100002224,100002224,1,2.2.0,2,50,750.000000,1000.000000,0,190.000000,3,1,2,5,25.000000,Watchdog-OLSR,0,-1,-1,-1,-1,-1,-1,-1,1,42.287260,1,3|0|2|1,defense_vs_attack
100002227,100002227,1,2.2.0,2,50,750.000000,1000.000000,0,190.000000,3,1,2,5,25.000000,Watchdog-OLSR,0,-1,-1,-1,-1,-1,-1,-1,1,53.014710,1,1|2|0|3,attack_only
100002232,100002232,1,2.2.0,2,50,750.000000,1000.000000,0,190.000000,3,1,2,5,25.000000,Watchdog-OLSR,0,-1,-1,-1,-1,-1,-1,-1,1,47.397346,1,1|0|3|2,attack_only
100002237,100002237,1,2.2.0,2,50,750.000000,1000.000000,0,190.000000,3,1,2,5,25.000000,Watchdog-OLSR,0,-1,-1,-1,-1,-1,-1,-1,1,40.127292,1,1|2|0|3,attack_only
100002238,100002238,1,2.2.0,2,50,750.000000,1000.000000,0,190.000000,3,1,2,5,25.000000,Watchdog-OLSR,0,-1,-1,-1,-1,-1,-1,-1,1,45.876371,1,3|1|0|2,defense_vs_attack
100002241,100002241,1,2.2.0,2,50,750.000000,1000.000000,0,190.000000,3,1,2,5,25.000000,Watchdog-OLSR,0,-1,-1,-1,-1,-1,-1,-1,1,42.580134,1,0|3|1|2,baseline
100002239,100002239,1,2.2.0,2,50,750.000000,1000.000000,0,190.000000,3,1,2,5,25.000000,Watchdog-OLSR,0,-1,-1,-1,-1,-1,-1,-1,1,47.793292,1,3|0|2|1,defense_vs_attack
100002242,100002242,1,2.2.0,2,50,750.000000,1000.000000,0,190.000000,3,1,2,5,25.000000,Watchdog-OLSR,0,-1,-1,-1,-1,-1,-1,-1,1,49.608129,1,2|3|1|0,defense_only
100002243,100002243,1,2.2.0,2,50,750.000000,1000.000000,0,190.000000,3,1,2,5,25.000000,Watchdog-OLSR,0,-1,-1,-1,-1,-1,-1,-1,1,40.517079,1,3|1|0|2,defense_vs_attack
100002244,100002244,1,2.2.0,2,50,750.000000,1000.000000,0,190.000000,3,1,2,5,25.000000,Watchdog-OLSR,0,-1,-1,-1,-1,-1,-1,-1,1,40.331478,1,2|3|0|1,defense_only
100002245,100002245,1,2.2.0,2,50,750.000000,1000.000000,0,190.000000,3,1,2,5,25.000000,Watchdog-OLSR,0,-1,-1,-1,-1,-1,-1,-1,1,45.839218,1,1|0|2|3,attack_only
100002246,100002246,1,2.2.0,2,50,750.000000,1000.000000,0,190.000000,3,1,2,5,25.000000,Watchdog-OLSR,0,-1,-1,-1,-1,-1,-1,-1,1,53.170637,1,2|0|1|3,defense_only
100002251,100002251,1,2.2.0,2,50,750.000000,1000.000000,0,190.000000,3,1,2,5,25.000000,Watchdog-OLSR,0,-1,-1,-1,-1,-1,-1,-1,1,42.350031,1,1|2|3|0,attack_only
100002254,100002254,1,2.2.0,2,50,750.000000,1000.000000,0,190.000000,3,1,2,5,25.000000,Watchdog-OLSR,0,-1,-1,-1,-1,-1,-1,-1,1,33.819872,1,1|0|3|2,attack_only
100002249,100002249,1,2.2.0,2,50,750.000000,1000.000000,0,190.000000,3,1,2,5,25.000000,Watchdog-OLSR,0,-1,-1,-1,-1,-1,-1,-1,1,50.798593,1,3|1|2|0,defense_vs_attack
100002253,100002253,1,2.2.0,2,50,750.000000,1000.000000,0,190.000000,3,1,2,5,25.000000,Watchdog-OLSR,0,-1,-1,-1,-1,-1,-1,-1,1,46.711211,1,3|2|0|1,defense_vs_attack
100002260,100002260,1,2.2.0,2,50,750.000000,1000.000000,0,190.000000,3,1,2,5,25.000000,Watchdog-OLSR,0,-1,-1,-1,-1,-1,-1,-1,1,50.339395,1,0|3|1|2,baseline
100002262,100002262,1,2.2.0,2,50,750.000000,1000.000000,0,190.000000,3,1,2,5,25.000000,Watchdog-OLSR,0,-1,-1,-1,-1,-1,-1,-1,1,51.593741,1,1|0|3|2,attack_only
100002270,100002270,1,2.2.0,2,50,750.000000,1000.000000,0,190.000000,3,1,2,5,25.000000,Watchdog-OLSR,0,-1,-1,-1,-1,-1,-1,-1,1,46.773383,1,2|1|0|3,defense_only
100002269,100002269,1,2.2.0,2,50,750.000000,1000.000000,0,190.000000,3,1,2,5,25.000000,Watchdog-OLSR,0,-1,-1,-1,-1,-1,-1,-1,1,50.711107,1,1|2|0|3,attack_only
100002271,100002271,1,2.2.0,2,50,750.000000,1000.000000,0,190.000000,3,1,2,5,25.000000,Watchdog-OLSR,0,-1,-1,-1,-1,-1,-1,-1,1,48.283730,1,1|3|0|2,attack_only
100002273,100002273,1,2.2.0,2,50,750.000000,1000.000000,0,190.000000,3,1,2,5,25.000000,Watchdog-OLSR,0,-1,-1,-1,-1,-1,-1,-1,1,45.396081,1,3|2|1|0,defense_vs_attack
100002276,100002276,1,2.2.0,2,50,750.000000,1000.000000,0,190.000000,3,1,2,5,25.000000,Watchdog-OLSR,0,-1,-1,-1,-1,-1,-1,-1,1,44.477023,1,2|0|3|1,defense_only
100002279,100002279,1,2.2.0,2,50,750.000000,1000.000000,0,190.000000,3,1,2,5,25.000000,Watchdog-OLSR,0,-1,-1,-1,-1,-1,-1,-1,1,41.438360,1,1|0|3|2,attack_only
100002281,100002281,1,2.2.0,2,50,750.000000,1000.000000,0,190.000000,3,1,2,5,25.000000,Watchdog-OLSR,0,-1,-1,-1,-1,-1,-1,-1,1,43.685925,1,2|3|1|0,defense_only
100002285,100002285,1,2.2.0,2,50,750.000000,1000.000000,0,190.000000,3,1,2,5,25.000000,Watchdog-OLSR,0,-1,-1,-1,-1,-1,-1,-1,1,42.019992,1,1|3|0|2,attack_only
100002284,100002284,1,2.2.0,2,50,750.000000,1000.000000,0,190.000000,3,1,2,5,25.000000,Watchdog-OLSR,0,-1,-1,-1,-1,-1,-1,-1,1,49.234314,1,3|1|0|2,defense_vs_attack
100002283,100002283,1,2.2.0,2,50,750.000000,1000.000000,0,190.000000,3,1,2,5,25.000000,Watchdog-OLSR,0,-1,-1,-1,-1,-1,-1,-1,1,51.169460,1,3|1|0|2,defense_vs_attack
100002288,100002288,1,2.2.0,2,50,750.000000,1000.000000,0,190.000000,3,1,2,5,25.000000,Watchdog-OLSR,0,-1,-1,-1,-1,-1,-1,-1,1,41.714815,1,2|3|1|0,defense_only
100002292,100002292,1,2.2.0,2,50,750.000000,1000.000000,0,190.000000,3,1,2,5,25.000000,Watchdog-OLSR,0,-1,-1,-1,-1,-1,-1,-1,1,46.190947,1,2|0|1|3,defense_only
100002294,100002294,1,2.2.0,2,50,750.000000,1000.000000,0,190.000000,3,1,2,5,25.000000,Watchdog-OLSR,0,-1,-1,-1,-1,-1,-1,-1,1,44.516709,1,1|3|2|0,attack_only
100002297,100002297,1,2.2.0,2,50,750.000000,1000.000000,0,190.000000,3,1,2,5,25.000000,Watchdog-OLSR,0,-1,-1,-1,-1,-1,-1,-1,1,42.264538,1,3|2|1|0,defense_vs_attack
100002298,100002298,1,2.2.0,2,50,750.000000,1000.000000,0,190.000000,3,1,2,5,25.000000,Watchdog-OLSR,0,-1,-1,-1,-1,-1,-1,-1,1,46.001107,1,3|2|1|0,defense_vs_attack
100002300,100002300,1,2.2.0,2,50,750.000000,1000.000000,0,190.000000,3,1,2,5,25.000000,Watchdog-OLSR,0,-1,-1,-1,-1,-1,-1,-1,1,45.108936,1,3|2|1|0,defense_vs_attack
100002301,100002301,1,2.2.0,2,50,750.000000,1000.000000,0,190.000000,3,1,2,5,25.000000,Watchdog-OLSR,0,-1,-1,-1,-1,-1,-1,-1,1,45.191119,1,1|0|3|2,attack_only
100002303,100002303,1,2.2.0,2,50,750.000000,1000.000000,0,190.000000,3,1,2,5,25.000000,Watchdog-OLSR,0,-1,-1,-1,-1,-1,-1,-1,1,54.270287,1,0|1|2|3,baseline
100002305,100002305,1,2.2.0,2,50,750.000000,1000.000000,0,190.000000,3,1,2,5,25.000000,Watchdog-OLSR,0,-1,-1,-1,-1,-1,-1,-1,1,43.492148,1,0|3|2|1,baseline
100002308,100002308,1,2.2.0,2,50,750.000000,1000.000000,0,190.000000,3,1,2,5,25.000000,Watchdog-OLSR,0,-1,-1,-1,-1,-1,-1,-1,1,46.783241,1,3|2|0|1,defense_vs_attack
100002310,100002310,1,2.2.0,2,50,750.000000,1000.000000,0,190.000000,3,1,2,5,25.000000,Watchdog-OLSR,0,-1,-1,-1,-1,-1,-1,-1,1,47.691977,1,3|0|1|2,defense_vs_attack
100002316,100002316,1,2.2.0,2,50,750.000000,1000.000000,0,190.000000,3,1,2,5,25.000000,Watchdog-OLSR,0,-1,-1,-1,-1,-1,-1,-1,1,46.914036,1,0|3|2|1,baseline
100002315,100002315,1,2.2.0,2,50,750.000000,1000.000000,0,190.000000,3,1,2,5,25.000000,Watchdog-OLSR,0,-1,-1,-1,-1,-1,-1,-1,1,56.182753,1,0|3|2|1,baseline
100002319,100002319,1,2.2.0,2,50,750.000000,1000.000000,0,190.000000,3,1,2,5,25.000000,Watchdog-OLSR,0,-1,-1,-1,-1,-1,-1,-1,1,42.714766,1,2|0|3|1,defense_only
100002325,100002325,1,2.2.0,2,50,750.000000,1000.000000,0,190.000000,3,1,2,5,25.000000,Watchdog-OLSR,0,-1,-1,-1,-1,-1,-1,-1,1,45.374746,1,1|2|3|0,attack_only
100002328,100002328,1,2.2.0,2,50,750.000000,1000.000000,0,190.000000,3,1,2,5,25.000000,Watchdog-OLSR,0,-1,-1,-1,-1,-1,-1,-1,1,42.151942,1,2|1|3|0,defense_only
100002324,100002324,1,2.2.0,2,50,750.000000,1000.000000,0,190.000000,3,1,2,5,25.000000,Watchdog-OLSR,0,-1,-1,-1,-1,-1,-1,-1,1,51.667282,1,3|2|0|1,defense_vs_attack
100002335,100002335,1,2.2.0,2,50,750.000000,1000.000000,0,190.000000,3,1,2,5,25.000000,Watchdog-OLSR,0,-1,-1,-1,-1,-1,-1,-1,1,50.358809,1,1|0|3|2,attack_only
100002339,100002339,1,2.2.0,2,50,750.000000,1000.000000,0,190.000000,3,1,2,5,25.000000,Watchdog-OLSR,0,-1,-1,-1,-1,-1,-1,-1,1,41.662658,1,2|0|3|1,defense_only
100002341,100002341,1,2.2.0,2,50,750.000000,1000.000000,0,190.000000,3,1,2,5,25.000000,Watchdog-OLSR,0,-1,-1,-1,-1,-1,-1,-1,1,45.604531,1,1|2|3|0,attack_only
100002344,100002344,1,2.2.0,2,50,750.000000,1000.000000,0,190.000000,3,1,2,5,25.000000,Watchdog-OLSR,0,-1,-1,-1,-1,-1,-1,-1,1,41.175265,1,0|2|1|3,baseline
100002342,100002342,1,2.2.0,2,50,750.000000,1000.000000,0,190.000000,3,1,2,5,25.000000,Watchdog-OLSR,0,-1,-1,-1,-1,-1,-1,-1,1,53.940787,1,1|3|2|0,attack_only
100002350,100002350,1,2.2.0,2,50,750.000000,1000.000000,0,190.000000,3,1,2,5,25.000000,Watchdog-OLSR,0,-1,-1,-1,-1,-1,-1,-1,1,51.446911,1,0|3|1|2,baseline
100002361,100002361,1,2.2.0,2,50,750.000000,1000.000000,0,190.000000,3,1,2,5,25.000000,Watchdog-OLSR,0,-1,-1,-1,-1,-1,-1,-1,1,50.793254,1,0|3|1|2,baseline
100002363,100002363,1,2.2.0,2,50,750.000000,1000.000000,0,190.000000,3,1,2,5,25.000000,Watchdog-OLSR,0,-1,-1,-1,-1,-1,-1,-1,1,54.128497,1,1|0|3|2,attack_only
100002372,100002372,1,2.2.0,2,50,750.000000,1000.000000,0,190.000000,3,1,2,5,25.000000,Watchdog-OLSR,0,-1,-1,-1,-1,-1,-1,-1,1,49.295064,1,0|3|1|2,baseline
100002377,100002377,1,2.2.0,2,50,750.000000,1000.000000,0,190.000000,3,1,2,5,25.000000,Watchdog-OLSR,0,-1,-1,-1,-1,-1,-1,-1,1,51.802680,1,1|2|3|0,attack_only
100002380,100002380,1,2.2.0,2,50,750.000000,1000.000000,0,190.000000,3,1,2,5,25.000000,Watchdog-OLSR,0,-1,-1,-1,-1,-1,-1,-1,1,46.865220,1,3|1|0|2,defense_vs_attack
100002386,100002386,1,2.2.0,2,50,750.000000,1000.000000,0,190.000000,3,1,2,5,25.000000,Watchdog-OLSR,0,-1,-1,-1,-1,-1,-1,-1,1,45.366651,1,2|0|3|1,defense_only
100002387,100002387,1,2.2.0,2,50,750.000000,1000.000000,0,190.000000,3,1,2,5,25.000000,Watchdog-OLSR,0,-1,-1,-1,-1,-1,-1,-1,1,48.817849,1,2|3|1|0,defense_only
100002391,100002391,1,2.2.0,2,50,750.000000,1000.000000,0,190.000000,3,1,2,5,25.000000,Watchdog-OLSR,0,-1,-1,-1,-1,-1,-1,-1,1,45.993918,1,2|0|1|3,defense_only
100002392,100002392,1,2.2.0,2,50,750.000000,1000.000000,0,190.000000,3,1,2,5,25.000000,Watchdog-OLSR,0,-1,-1,-1,-1,-1,-1,-1,1,47.223494,1,1|0|3|2,attack_only
100002395,100002395,1,2.2.0,2,50,750.000000,1000.000000,0,190.000000,3,1,2,5,25.000000,Watchdog-OLSR,0,-1,-1,-1,-1,-1,-1,-1,1,47.159050,1,1|2|3|0,attack_only
100002399,100002399,1,2.2.0,2,50,750.000000,1000.000000,0,190.000000,3,1,2,5,25.000000,Watchdog-OLSR,0,-1,-1,-1,-1,-1,-1,-1,1,50.403306,1,1|0|3|2,attack_only
100002401,100002401,1,2.2.0,2,50,750.000000,1000.000000,0,190.000000,3,1,2,5,25.000000,Watchdog-OLSR,0,-1,-1,-1,-1,-1,-1,-1,1,47.405098,1,2|1|0|3,defense_only
100002404,100002404,1,2.2.0,2,50,750.000000,1000.000000,0,190.000000,3,1,2,5,25.000000,Watchdog-OLSR,0,-1,-1,-1,-1,-1,-1,-1,1,46.677709,1,1|3|0|2,attack_only
100002405,100002405,1,2.2.0,2,50,750.000000,1000.000000,0,190.000000,3,1,2,5,25.000000,Watchdog-OLSR,0,-1,-1,-1,-1,-1,-1,-1,1,59.878071,1,1|3|2|0,attack_only
100002408,100002408,1,2.2.0,2,50,750.000000,1000.000000,0,190.000000,3,1,2,5,25.000000,Watchdog-OLSR,0,-1,-1,-1,-1,-1,-1,-1,1,56.270856,1,3|1|2|0,defense_vs_attack
100002413,100002413,1,2.2.0,2,50,750.000000,1000.000000,0,190.000000,3,1,2,5,25.000000,Watchdog-OLSR,0,-1,-1,-1,-1,-1,-1,-1,1,40.036601,1,1|0|3|2,attack_only
100002416,100002416,1,2.2.0,2,50,750.000000,1000.000000,0,190.000000,3,1,2,5,25.000000,Watchdog-OLSR,0,-1,-1,-1,-1,-1,-1,-1,1,48.306864,1,1|3|2|0,attack_only
100002418,100002418,1,2.2.0,2,50,750.000000,1000.000000,0,190.000000,3,1,2,5,25.000000,Watchdog-OLSR,0,-1,-1,-1,-1,-1,-1,-1,1,46.409329,1,2|1|0|3,defense_only
100002421,100002421,1,2.2.0,2,50,750.000000,1000.000000,0,190.000000,3,1,2,5,25.000000,Watchdog-OLSR,0,-1,-1,-1,-1,-1,-1,-1,1,44.465110,1,0|3|1|2,baseline
100002422,100002422,1,2.2.0,2,50,750.000000,1000.000000,0,190.000000,3,1,2,5,25.000000,Watchdog-OLSR,0,-1,-1,-1,-1,-1,-1,-1,1,44.128247,1,2|3|1|0,defense_only
100002425,100002425,1,2.2.0,2,50,750.000000,1000.000000,0,190.000000,3,1,2,5,25.000000,Watchdog-OLSR,0,-1,-1,-1,-1,-1,-1,-1,1,45.326098,1,0|2|1|3,baseline
100002428,100002428,1,2.2.0,2,50,750.000000,1000.000000,0,190.000000,3,1,2,5,25.000000,Watchdog-OLSR,0,-1,-1,-1,-1,-1,-1,-1,1,51.887363,1,0|3|2|1,baseline
100002431,100002431,1,2.2.0,2,50,750.000000,1000.000000,0,190.000000,3,1,2,5,25.000000,Watchdog-OLSR,0,-1,-1,-1,-1,-1,-1,-1,1,46.413147,1,2|1|3|0,defense_only
100002432,100002432,1,2.2.0,2,50,750.000000,1000.000000,0,190.000000,3,1,2,5,25.000000,Watchdog-OLSR,0,-1,-1,-1,-1,-1,-1,-1,1,52.430720,1,3|0|2|1,defense_vs_attack
100002439,100002439,1,2.2.0,2,50,750.000000,1000.000000,0,190.000000,3,1,2,5,25.000000,Watchdog-OLSR,0,-1,-1,-1,-1,-1,-1,-1,1,42.312166,1,3|2|1|0,defense_vs_attack
100002437,100002437,1,2.2.0,2,50,750.000000,1000.000000,0,190.000000,3,1,2,5,25.000000,Watchdog-OLSR,0,-1,-1,-1,-1,-1,-1,-1,1,43.810216,1,2|0|3|1,defense_only
100002440,100002440,1,2.2.0,2,50,750.000000,1000.000000,0,190.000000,3,1,2,5,25.000000,Watchdog-OLSR,0,-1,-1,-1,-1,-1,-1,-1,1,39.214905,1,1|0|3|2,attack_only
100002441,100002441,1,2.2.0,2,50,750.000000,1000.000000,0,190.000000,3,1,2,5,25.000000,Watchdog-OLSR,0,-1,-1,-1,-1,-1,-1,-1,1,41.255389,1,3|0|1|2,defense_vs_attack
100002443,100002443,1,2.2.0,2,50,750.000000,1000.000000,0,190.000000,3,1,2,5,25.000000,Watchdog-OLSR,0,-1,-1,-1,-1,-1,-1,-1,1,56.415984,1,2|1|3|0,defense_only
100002450,100002450,1,2.2.0,2,50,750.000000,1000.000000,0,190.000000,3,1,2,5,25.000000,Watchdog-OLSR,0,-1,-1,-1,-1,-1,-1,-1,1,51.168433,1,3|0|2|1,defense_vs_attack
100002448,100002448,1,2.2.0,2,50,750.000000,1000.000000,0,190.000000,3,1,2,5,25.000000,Watchdog-OLSR,0,-1,-1,-1,-1,-1,-1,-1,1,57.811174,1,3|0|1|2,defense_vs_attack
100002460,100002460,1,2.2.0,2,50,750.000000,1000.000000,0,190.000000,3,1,2,5,25.000000,Watchdog-OLSR,0,-1,-1,-1,-1,-1,-1,-1,1,47.830456,1,3|2|1|0,defense_vs_attack
100002463,100002463,1,2.2.0,2,50,750.000000,1000.000000,0,190.000000,3,1,2,5,25.000000,Watchdog-OLSR,0,-1,-1,-1,-1,-1,-1,-1,1,44.015337,1,3|0|2|1,defense_vs_attack
100002464,100002464,1,2.2.0,2,50,750.000000,1000.000000,0,190.000000,3,1,2,5,25.000000,Watchdog-OLSR,0,-1,-1,-1,-1,-1,-1,-1,1,50.248437,1,3|2|0|1,defense_vs_attack
100002467,100002467,1,2.2.0,2,50,750.000000,1000.000000,0,190.000000,3,1,2,5,25.000000,Watchdog-OLSR,0,-1,-1,-1,-1,-1,-1,-1,1,48.869721,1,1|3|0|2,attack_only
100002468,100002468,1,2.2.0,2,50,750.000000,1000.000000,0,190.000000,3,1,2,5,25.000000,Watchdog-OLSR,0,-1,-1,-1,-1,-1,-1,-1,1,50.301509,1,2|0|1|3,defense_only
100002472,100002472,1,2.2.0,2,50,750.000000,1000.000000,0,190.000000,3,1,2,5,25.000000,Watchdog-OLSR,0,-1,-1,-1,-1,-1,-1,-1,1,45.360427,1,0|1|2|3,baseline
100002479,100002479,1,2.2.0,2,50,750.000000,1000.000000,0,190.000000,3,1,2,5,25.000000,Watchdog-OLSR,0,-1,-1,-1,-1,-1,-1,-1,1,46.665986,1,3|2|0|1,defense_vs_attack
100002490,100002490,1,2.2.0,2,50,750.000000,1000.000000,0,190.000000,3,1,2,5,25.000000,Watchdog-OLSR,0,-1,-1,-1,-1,-1,-1,-1,1,43.354247,1,3|0|1|2,defense_vs_attack
100002485,100002485,1,2.2.0,2,50,750.000000,1000.000000,0,190.000000,3,1,2,5,25.000000,Watchdog-OLSR,0,-1,-1,-1,-1,-1,-1,-1,1,58.704618,1,0|2|1|3,baseline
100002496,100002496,1,2.2.0,2,50,750.000000,1000.000000,0,190.000000,3,1,2,5,25.000000,Watchdog-OLSR,0,-1,-1,-1,-1,-1,-1,-1,1,39.091667,1,0|3|1|2,baseline
100002495,100002495,1,2.2.0,2,50,750.000000,1000.000000,0,190.000000,3,1,2,5,25.000000,Watchdog-OLSR,0,-1,-1,-1,-1,-1,-1,-1,1,40.841940,1,3|0|2|1,defense_vs_attack
100002493,100002493,1,2.2.0,2,50,750.000000,1000.000000,0,190.000000,3,1,2,5,25.000000,Watchdog-OLSR,0,-1,-1,-1,-1,-1,-1,-1,1,49.712336,1,3|0|2|1,defense_vs_attack
100002499,100002499,1,2.2.0,2,50,750.000000,1000.000000,0,190.000000,3,1,2,5,25.000000,Watchdog-OLSR,0,-1,-1,-1,-1,-1,-1,-1,1,43.922757,1,1|3|2|0,attack_only
100002500,100002500,1,2.2.0,2,50,750.000000,1000.000000,0,190.000000,3,1,2,5,25.000000,Watchdog-OLSR,0,-1,-1,-1,-1,-1,-1,-1,1,52.270925,1,1|3|2|0,attack_only
100002503,100002503,1,2.2.0,2,50,750.000000,1000.000000,0,190.000000,3,1,2,5,25.000000,Watchdog-OLSR,0,-1,-1,-1,-1,-1,-1,-1,1,41.731856,1,1|3|2|0,attack_only
100002501,100002501,1,2.2.0,2,50,750.000000,1000.000000,0,190.000000,3,1,2,5,25.000000,Watchdog-OLSR,0,-1,-1,-1,-1,-1,-1,-1,1,49.833727,1,3|1|0|2,defense_vs_attack
100002502,100002502,1,2.2.0,2,50,750.000000,1000.000000,0,190.000000,3,1,2,5,25.000000,Watchdog-OLSR,0,-1,-1,-1,-1,-1,-1,-1,1,47.154709,1,0|3|1|2,baseline
100002510,100002510,1,2.2.0,2,50,750.000000,1000.000000,0,190.000000,3,1,2,5,25.000000,Watchdog-OLSR,0,-1,-1,-1,-1,-1,-1,-1,1,46.343101,1,2|1|0|3,defense_only
100002512,100002512,1,2.2.0,2,50,750.000000,1000.000000,0,190.000000,3,1,2,5,25.000000,Watchdog-OLSR,0,-1,-1,-1,-1,-1,-1,-1,1,47.514866,1,3|2|1|0,defense_vs_attack
100002524,100002524,1,2.2.0,2,50,750.000000,1000.000000,0,190.000000,3,1,2,5,25.000000,Watchdog-OLSR,0,-1,-1,-1,-1,-1,-1,-1,1,52.319899,1,2|3|0|1,defense_only
100002538,100002538,1,2.2.0,2,50,750.000000,1000.000000,0,190.000000,3,1,2,5,25.000000,Watchdog-OLSR,0,-1,-1,-1,-1,-1,-1,-1,1,49.865980,1,3|2|1|0,defense_vs_attack
100002551,100002551,1,2.2.0,2,50,750.000000,1000.000000,0,190.000000,3,1,2,5,25.000000,Watchdog-OLSR,0,-1,-1,-1,-1,-1,-1,-1,1,47.096851,1,0|1|2|3,baseline
100002547,100002547,1,2.2.0,2,50,750.000000,1000.000000,0,190.000000,3,1,2,5,25.000000,Watchdog-OLSR,0,-1,-1,-1,-1,-1,-1,-1,1,59.632063,1,1|2|3|0,attack_only
100002564,100002564,1,2.2.0,2,50,750.000000,1000.000000,0,190.000000,3,1,2,5,25.000000,Watchdog-OLSR,0,-1,-1,-1,-1,-1,-1,-1,1,44.800685,1,0|2|1|3,baseline
100002565,100002565,1,2.2.0,2,50,750.000000,1000.000000,0,190.000000,3,1,2,5,25.000000,Watchdog-OLSR,0,-1,-1,-1,-1,-1,-1,-1,1,44.109198,1,1|3|2|0,attack_only
100002567,100002567,1,2.2.0,2,50,750.000000,1000.000000,0,190.000000,3,1,2,5,25.000000,Watchdog-OLSR,0,-1,-1,-1,-1,-1,-1,-1,1,43.405761,1,0|1|2|3,baseline
100002570,100002570,1,2.2.0,2,50,750.000000,1000.000000,0,190.000000,3,1,2,5,25.000000,Watchdog-OLSR,0,-1,-1,-1,-1,-1,-1,-1,1,45.727184,1,0|2|3|1,baseline
100002569,100002569,1,2.2.0,2,50,750.000000,1000.000000,0,190.000000,3,1,2,5,25.000000,Watchdog-OLSR,0,-1,-1,-1,-1,-1,-1,-1,1,54.853007,1,1|0|2|3,attack_only
100002574,100002574,1,2.2.0,2,50,750.000000,1000.000000,0,190.000000,3,1,2,5,25.000000,Watchdog-OLSR,0,-1,-1,-1,-1,-1,-1,-1,1,49.236257,1,2|3|0|1,defense_only
100002575,100002575,1,2.2.0,2,50,750.000000,1000.000000,0,190.000000,3,1,2,5,25.000000,Watchdog-OLSR,0,-1,-1,-1,-1,-1,-1,-1,1,48.857037,1,3|2|0|1,defense_vs_attack
100002585,100002585,1,2.2.0,2,50,750.000000,1000.000000,0,190.000000,3,1,2,5,25.000000,Watchdog-OLSR,0,-1,-1,-1,-1,-1,-1,-1,1,45.838588,1,3|0|1|2,defense_vs_attack
100002582,100002582,1,2.2.0,2,50,750.000000,1000.000000,0,190.000000,3,1,2,5,25.000000,Watchdog-OLSR,0,-1,-1,-1,-1,-1,-1,-1,1,52.602423,1,2|1|0|3,defense_only
100002587,100002587,1,2.2.0,2,50,750.000000,1000.000000,0,190.000000,3,1,2,5,25.000000,Watchdog-OLSR,0,-1,-1,-1,-1,-1,-1,-1,1,49.406838,1,0|3|2|1,baseline
100002588,100002588,1,2.2.0,2,50,750.000000,1000.000000,0,190.000000,3,1,2,5,25.000000,Watchdog-OLSR,0,-1,-1,-1,-1,-1,-1,-1,1,53.195698,1,2|3|1|0,defense_only
100002597,100002597,1,2.2.0,2,50,750.000000,1000.000000,0,190.000000,3,1,2,5,25.000000,Watchdog-OLSR,0,-1,-1,-1,-1,-1,-1,-1,1,35.844352,1,2|3|1|0,defense_only
100002601,100002601,1,2.2.0,2,50,750.000000,1000.000000,0,190.000000,3,1,2,5,25.000000,Watchdog-OLSR,0,-1,-1,-1,-1,-1,-1,-1,1,44.588285,1,0|1|3|2,baseline
100002602,100002602,1,2.2.0,2,50,750.000000,1000.000000,0,190.000000,3,1,2,5,25.000000,Watchdog-OLSR,0,-1,-1,-1,-1,-1,-1,-1,1,45.931967,1,3|0|1|2,defense_vs_attack
100002604,100002604,1,2.2.0,2,50,750.000000,1000.000000,0,190.000000,3,1,2,5,25.000000,Watchdog-OLSR,0,-1,-1,-1,-1,-1,-1,-1,1,45.490827,1,1|2|0|3,attack_only
100002606,100002606,1,2.2.0,2,50,750.000000,1000.000000,0,190.000000,3,1,2,5,25.000000,Watchdog-OLSR,0,-1,-1,-1,-1,-1,-1,-1,1,45.068098,1,1|2|0|3,attack_only
100002613,100002613,1,2.2.0,2,50,750.000000,1000.000000,0,190.000000,3,1,2,5,25.000000,Watchdog-OLSR,0,-1,-1,-1,-1,-1,-1,-1,1,43.018932,1,1|2|3|0,attack_only
100002614,100002614,1,2.2.0,2,50,750.000000,1000.000000,0,190.000000,3,1,2,5,25.000000,Watchdog-OLSR,0,-1,-1,-1,-1,-1,-1,-1,1,47.255494,1,3|2|1|0,defense_vs_attack
100002621,100002621,1,2.2.0,2,50,750.000000,1000.000000,0,190.000000,3,1,2,5,25.000000,Watchdog-OLSR,0,-1,-1,-1,-1,-1,-1,-1,1,53.365757,1,3|0|1|2,defense_vs_attack
100002626,100002626,1,2.2.0,2,50,750.000000,1000.000000,0,190.000000,3,1,2,5,25.000000,Watchdog-OLSR,0,-1,-1,-1,-1,-1,-1,-1,1,52.049985,1,1|3|2|0,attack_only
100002631,100002631,1,2.2.0,2,50,750.000000,1000.000000,0,190.000000,3,1,2,5,25.000000,Watchdog-OLSR,0,-1,-1,-1,-1,-1,-1,-1,1,44.874131,1,0|2|1|3,baseline
100002627,100002627,1,2.2.0,2,50,750.000000,1000.000000,0,190.000000,3,1,2,5,25.000000,Watchdog-OLSR,0,-1,-1,-1,-1,-1,-1,-1,1,55.801446,1,0|2|3|1,baseline
100002633,100002633,1,2.2.0,2,50,750.000000,1000.000000,0,190.000000,3,1,2,5,25.000000,Watchdog-OLSR,0,-1,-1,-1,-1,-1,-1,-1,1,43.107322,1,2|3|1|0,defense_only
100002636,100002636,1,2.2.0,2,50,750.000000,1000.000000,0,190.000000,3,1,2,5,25.000000,Watchdog-OLSR,0,-1,-1,-1,-1,-1,-1,-1,1,42.167956,1,1|3|2|0,attack_only
100002639,100002639,1,2.2.0,2,50,750.000000,1000.000000,0,190.000000,3,1,2,5,25.000000,Watchdog-OLSR,0,-1,-1,-1,-1,-1,-1,-1,1,43.938242,1,0|1|2|3,baseline
100002640,100002640,1,2.2.0,2,50,750.000000,1000.000000,0,190.000000,3,1,2,5,25.000000,Watchdog-OLSR,0,-1,-1,-1,-1,-1,-1,-1,1,46.692057,1,3|2|1|0,defense_vs_attack
100002641,100002641,1,2.2.0,2,50,750.000000,1000.000000,0,190.000000,3,1,2,5,25.000000,Watchdog-OLSR,0,-1,-1,-1,-1,-1,-1,-1,1,46.746066,1,2|1|3|0,defense_only
100002642,100002642,1,2.2.0,2,50,750.000000,1000.000000,0,190.000000,3,1,2,5,25.000000,Watchdog-OLSR,0,-1,-1,-1,-1,-1,-1,-1,1,45.847327,1,3|0|1|2,defense_vs_attack
100002647,100002647,1,2.2.0,2,50,750.000000,1000.000000,0,190.000000,3,1,2,5,25.000000,Watchdog-OLSR,0,-1,-1,-1,-1,-1,-1,-1,1,39.431480,1,2|1|0|3,defense_only
100002646,100002646,1,2.2.0,2,50,750.000000,1000.000000,0,190.000000,3,1,2,5,25.000000,Watchdog-OLSR,0,-1,-1,-1,-1,-1,-1,-1,1,44.033012,1,2|1|0|3,defense_only
100002649,100002649,1,2.2.0,2,50,750.000000,1000.000000,0,190.000000,3,1,2,5,25.000000,Watchdog-OLSR,0,-1,-1,-1,-1,-1,-1,-1,1,46.022753,1,2|3|1|0,defense_only
100002650,100002650,1,2.2.0,2,50,750.000000,1000.000000,0,190.000000,3,1,2,5,25.000000,Watchdog-OLSR,0,-1,-1,-1,-1,-1,-1,-1,1,44.552952,1,1|3|2|0,attack_only
100002651,100002651,1,2.2.0,2,50,750.000000,1000.000000,0,190.000000,3,1,2,5,25.000000,Watchdog-OLSR,0,-1,-1,-1,-1,-1,-1,-1,1,52.619674,1,1|0|2|3,attack_only
100002653,100002653,1,2.2.0,2,50,750.000000,1000.000000,0,190.000000,3,1,2,5,25.000000,Watchdog-OLSR,0,-1,-1,-1,-1,-1,-1,-1,1,44.229001,1,2|1|0|3,defense_only
100002654,100002654,1,2.2.0,2,50,750.000000,1000.000000,0,190.000000,3,1,2,5,25.000000,Watchdog-OLSR,0,-1,-1,-1,-1,-1,-1,-1,1,50.043171,1,1|0|2|3,attack_only
100002658,100002658,1,2.2.0,2,50,750.000000,1000.000000,0,190.000000,3,1,2,5,25.000000,Watchdog-OLSR,0,-1,-1,-1,-1,-1,-1,-1,1,40.123213,1,3|2|1|0,defense_vs_attack
100002671,100002671,1,2.2.0,2,50,750.000000,1000.000000,0,190.000000,3,1,2,5,25.000000,Watchdog-OLSR,0,-1,-1,-1,-1,-1,-1,-1,1,33.093885,1,1|2|3|0,attack_only
100002667,100002667,1,2.2.0,2,50,750.000000,1000.000000,0,190.000000,3,1,2,5,25.000000,Watchdog-OLSR,0,-1,-1,-1,-1,-1,-1,-1,1,41.423017,1,0|1|3|2,baseline
100002669,100002669,1,2.2.0,2,50,750.000000,1000.000000,0,190.000000,3,1,2,5,25.000000,Watchdog-OLSR,0,-1,-1,-1,-1,-1,-1,-1,1,44.526865,1,0|3|1|2,baseline
100002673,100002673,1,2.2.0,2,50,750.000000,1000.000000,0,190.000000,3,1,2,5,25.000000,Watchdog-OLSR,0,-1,-1,-1,-1,-1,-1,-1,1,44.876858,1,1|0|3|2,attack_only
100002675,100002675,1,2.2.0,2,50,750.000000,1000.000000,0,190.000000,3,1,2,5,25.000000,Watchdog-OLSR,0,-1,-1,-1,-1,-1,-1,-1,1,42.295426,1,3|2|0|1,defense_vs_attack
100002676,100002676,1,2.2.0,2,50,750.000000,1000.000000,0,190.000000,3,1,2,5,25.000000,Watchdog-OLSR,0,-1,-1,-1,-1,-1,-1,-1,1,47.048680,1,1|3|0|2,attack_only
100002678,100002678,1,2.2.0,2,50,750.000000,1000.000000,0,190.000000,3,1,2,5,25.000000,Watchdog-OLSR,0,-1,-1,-1,-1,-1,-1,-1,1,48.972883,1,3|2|0|1,defense_vs_attack
100002687,100002687,1,2.2.0,2,50,750.000000,1000.000000,0,190.000000,3,1,2,5,25.000000,Watchdog-OLSR,0,-1,-1,-1,-1,-1,-1,-1,1,43.334572,1,0|3|1|2,baseline
100002683,100002683,1,2.2.0,2,50,750.000000,1000.000000,0,190.000000,3,1,2,5,25.000000,Watchdog-OLSR,0,-1,-1,-1,-1,-1,-1,-1,1,51.653873,1,0|1|2|3,baseline
100002688,100002688,1,2.2.0,2,50,750.000000,1000.000000,0,190.000000,3,1,2,5,25.000000,Watchdog-OLSR,0,-1,-1,-1,-1,-1,-1,-1,1,41.350008,1,1|3|2|0,attack_only
100002685,100002685,1,2.2.0,2,50,750.000000,1000.000000,0,190.000000,3,1,2,5,25.000000,Watchdog-OLSR,0,-1,-1,-1,-1,-1,-1,-1,1,51.301209,1,1|2|3|0,attack_only
100002689,100002689,1,2.2.0,2,50,750.000000,1000.000000,0,190.000000,3,1,2,5,25.000000,Watchdog-OLSR,0,-1,-1,-1,-1,-1,-1,-1,1,47.016967,1,2|1|3|0,defense_only
100002690,100002690,1,2.2.0,2,50,750.000000,1000.000000,0,190.000000,3,1,2,5,25.000000,Watchdog-OLSR,0,-1,-1,-1,-1,-1,-1,-1,1,57.868401,1,1|3|0|2,attack_only
100002694,100002694,1,2.2.0,2,50,750.000000,1000.000000,0,190.000000,3,1,2,5,25.000000,Watchdog-OLSR,0,-1,-1,-1,-1,-1,-1,-1,1,47.395136,1,3|2|1|0,defense_vs_attack
100002696,100002696,1,2.2.0,2,50,750.000000,1000.000000,0,190.000000,3,1,2,5,25.000000,Watchdog-OLSR,0,-1,-1,-1,-1,-1,-1,-1,1,47.816904,1,1|2|0|3,attack_only
100002700,100002700,1,2.2.0,2,50,750.000000,1000.000000,0,190.000000,3,1,2,5,25.000000,Watchdog-OLSR,0,-1,-1,-1,-1,-1,-1,-1,1,40.919364,1,2|0|1|3,defense_only
100002705,100002705,1,2.2.0,2,50,750.000000,1000.000000,0,190.000000,3,1,2,5,25.000000,Watchdog-OLSR,0,-1,-1,-1,-1,-1,-1,-1,1,36.036784,1,1|0|3|2,attack_only
100002701,100002701,1,2.2.0,2,50,750.000000,1000.000000,0,190.000000,3,1,2,5,25.000000,Watchdog-OLSR,0,-1,-1,-1,-1,-1,-1,-1,1,50.485059,1,2|1|0|3,defense_only
100002702,100002702,1,2.2.0,2,50,750.000000,1000.000000,0,190.000000,3,1,2,5,25.000000,Watchdog-OLSR,0,-1,-1,-1,-1,-1,-1,-1,1,50.321814,1,3|0|2|1,defense_vs_attack
100002706,100002706,1,2.2.0,2,50,750.000000,1000.000000,0,190.000000,3,1,2,5,25.000000,Watchdog-OLSR,0,-1,-1,-1,-1,-1,-1,-1,1,47.775619,1,2|0|1|3,defense_only
100002708,100002708,1,2.2.0,2,50,750.000000,1000.000000,0,190.000000,3,1,2,5,25.000000,Watchdog-OLSR,0,-1,-1,-1,-1,-1,-1,-1,1,44.182539,1,2|1|0|3,defense_only
100002712,100002712,1,2.2.0,2,50,750.000000,1000.000000,0,190.000000,3,1,2,5,25.000000,Watchdog-OLSR,0,-1,-1,-1,-1,-1,-1,-1,1,43.028890,1,2|3|1|0,defense_only
100002715,100002715,1,2.2.0,2,50,750.000000,1000.000000,0,190.000000,3,1,2,5,25.000000,Watchdog-OLSR,0,-1,-1,-1,-1,-1,-1,-1,1,49.709164,1,3|0|1|2,defense_vs_attack
100002718,100002718,1,2.2.0,2,50,750.000000,1000.000000,0,190.000000,3,1,2,5,25.000000,Watchdog-OLSR,0,-1,-1,-1,-1,-1,-1,-1,1,50.761369,1,3|1|0|2,defense_vs_attack
100002722,100002722,1,2.2.0,2,50,750.000000,1000.000000,0,190.000000,3,1,2,5,25.000000,Watchdog-OLSR,0,-1,-1,-1,-1,-1,-1,-1,1,44.477194,1,2|0|3|1,defense_only
100002726,100002726,1,2.2.0,2,50,750.000000,1000.000000,0,190.000000,3,1,2,5,25.000000,Watchdog-OLSR,0,-1,-1,-1,-1,-1,-1,-1,1,42.086781,1,2|1|3|0,defense_only
100002730,100002730,1,2.2.0,2,50,750.000000,1000.000000,0,190.000000,3,1,2,5,25.000000,Watchdog-OLSR,0,-1,-1,-1,-1,-1,-1,-1,1,42.474583,1,0|2|3|1,baseline
100002728,100002728,1,2.2.0,2,50,750.000000,1000.000000,0,190.000000,3,1,2,5,25.000000,Watchdog-OLSR,0,-1,-1,-1,-1,-1,-1,-1,1,51.828962,1,0|2|3|1,baseline
100002732,100002732,1,2.2.0,2,50,750.000000,1000.000000,0,190.000000,3,1,2,5,25.000000,Watchdog-OLSR,0,-1,-1,-1,-1,-1,-1,-1,1,48.564841,1,3|2|1|0,defense_vs_attack
100002735,100002735,1,2.2.0,2,50,750.000000,1000.000000,0,190.000000,3,1,2,5,25.000000,Watchdog-OLSR,0,-1,-1,-1,-1,-1,-1,-1,1,43.045573,1,0|1|3|2,baseline
100002737,100002737,1,2.2.0,2,50,750.000000,1000.000000,0,190.000000,3,1,2,5,25.000000,Watchdog-OLSR,0,-1,-1,-1,-1,-1,-1,-1,1,42.545809,1,3|0|1|2,defense_vs_attack
100002738,100002738,1,2.2.0,2,50,750.000000,1000.000000,0,190.000000,3,1,2,5,25.000000,Watchdog-OLSR,0,-1,-1,-1,-1,-1,-1,-1,1,45.818544,1,3|0|1|2,defense_vs_attack
100002740,100002740,1,2.2.0,2,50,750.000000,1000.000000,0,190.000000,3,1,2,5,25.000000,Watchdog-OLSR,0,-1,-1,-1,-1,-1,-1,-1,1,43.149358,1,0|2|1|3,baseline
100002743,100002743,1,2.2.0,2,50,750.000000,1000.000000,0,190.000000,3,1,2,5,25.000000,Watchdog-OLSR,0,-1,-1,-1,-1,-1,-1,-1,1,46.457567,1,3|1|0|2,defense_vs_attack
100002742,100002742,1,2.2.0,2,50,750.000000,1000.000000,0,190.000000,3,1,2,5,25.000000,Watchdog-OLSR,0,-1,-1,-1,-1,-1,-1,-1,1,55.403824,1,2|0|3|1,defense_only
100002745,100002745,1,2.2.0,2,50,750.000000,1000.000000,0,190.000000,3,1,2,5,25.000000,Watchdog-OLSR,0,-1,-1,-1,-1,-1,-1,-1,1,44.769309,1,2|0|3|1,defense_only
100002749,100002749,1,2.2.0,2,50,750.000000,1000.000000,0,190.000000,3,1,2,5,25.000000,Watchdog-OLSR,0,-1,-1,-1,-1,-1,-1,-1,1,45.716293,1,1|3|2|0,attack_only
100002750,100002750,1,2.2.0,2,50,750.000000,1000.000000,0,190.000000,3,1,2,5,25.000000,Watchdog-OLSR,0,-1,-1,-1,-1,-1,-1,-1,1,49.002063,1,0|2|3|1,baseline
100002752,100002752,1,2.2.0,2,50,750.000000,1000.000000,0,190.000000,3,1,2,5,25.000000,Watchdog-OLSR,0,-1,-1,-1,-1,-1,-1,-1,1,45.864470,1,1|3|0|2,attack_only
100002755,100002755,1,2.2.0,2,50,750.000000,1000.000000,0,190.000000,3,1,2,5,25.000000,Watchdog-OLSR,0,-1,-1,-1,-1,-1,-1,-1,1,44.632063,1,2|3|0|1,defense_only
100002757,100002757,1,2.2.0,2,50,750.000000,1000.000000,0,190.000000,3,1,2,5,25.000000,Watchdog-OLSR,0,-1,-1,-1,-1,-1,-1,-1,1,55.821989,1,3|0|2|1,defense_vs_attack
100002768,100002768,1,2.2.0,2,50,750.000000,1000.000000,0,190.000000,3,1,2,5,25.000000,Watchdog-OLSR,0,-1,-1,-1,-1,-1,-1,-1,1,47.908333,1,0|2|3|1,baseline
100002779,100002779,1,2.2.0,2,50,750.000000,1000.000000,0,190.000000,3,1,2,5,25.000000,Watchdog-OLSR,0,-1,-1,-1,-1,-1,-1,-1,1,40.826385,1,0|2|3|1,baseline
100002764,100002764,1,2.2.0,2,50,750.000000,1000.000000,0,190.000000,3,1,2,5,25.000000,Watchdog-OLSR,0,-1,-1,-1,-1,-1,-1,-1,1,70.864093,1,2|1|3|0,defense_only
100002782,100002782,1,2.2.0,2,50,750.000000,1000.000000,0,190.000000,3,1,2,5,25.000000,Watchdog-OLSR,0,-1,-1,-1,-1,-1,-1,-1,1,39.598934,1,3|0|1|2,defense_vs_attack
100002783,100002783,1,2.2.0,2,50,750.000000,1000.000000,0,190.000000,3,1,2,5,25.000000,Watchdog-OLSR,0,-1,-1,-1,-1,-1,-1,-1,1,42.575995,1,3|0|1|2,defense_vs_attack
100002791,100002791,1,2.2.0,2,50,750.000000,1000.000000,0,190.000000,3,1,2,5,25.000000,Watchdog-OLSR,0,-1,-1,-1,-1,-1,-1,-1,1,41.191921,1,3|1|0|2,defense_vs_attack
100002793,100002793,1,2.2.0,2,50,750.000000,1000.000000,0,190.000000,3,1,2,5,25.000000,Watchdog-OLSR,0,-1,-1,-1,-1,-1,-1,-1,1,46.497174,1,1|2|3|0,attack_only
100002796,100002796,1,2.2.0,2,50,750.000000,1000.000000,0,190.000000,3,1,2,5,25.000000,Watchdog-OLSR,0,-1,-1,-1,-1,-1,-1,-1,1,42.935645,1,0|3|2|1,baseline
100002801,100002801,1,2.2.0,2,50,750.000000,1000.000000,0,190.000000,3,1,2,5,25.000000,Watchdog-OLSR,0,-1,-1,-1,-1,-1,-1,-1,1,39.589604,1,2|1|3|0,defense_only
100002797,100002797,1,2.2.0,2,50,750.000000,1000.000000,0,190.000000,3,1,2,5,25.000000,Watchdog-OLSR,0,-1,-1,-1,-1,-1,-1,-1,1,52.932894,1,3|2|0|1,defense_vs_attack
100002807,100002807,1,2.2.0,2,50,750.000000,1000.000000,0,190.000000,3,1,2,5,25.000000,Watchdog-OLSR,0,-1,-1,-1,-1,-1,-1,-1,1,40.921745,1,3|2|1|0,defense_vs_attack
100002809,100002809,1,2.2.0,2,50,750.000000,1000.000000,0,190.000000,3,1,2,5,25.000000,Watchdog-OLSR,0,-1,-1,-1,-1,-1,-1,-1,1,41.334161,1,0|3|2|1,baseline
100002812,100002812,1,2.2.0,2,50,750.000000,1000.000000,0,190.000000,3,1,2,5,25.000000,Watchdog-OLSR,0,-1,-1,-1,-1,-1,-1,-1,1,46.159099,1,3|1|0|2,defense_vs_attack
100002816,100002816,1,2.2.0,2,50,750.000000,1000.000000,0,190.000000,3,1,2,5,25.000000,Watchdog-OLSR,0,-1,-1,-1,-1,-1,-1,-1,1,40.740421,1,2|1|3|0,defense_only
100002814,100002814,1,2.2.0,2,50,750.000000,1000.000000,0,190.000000,3,1,2,5,25.000000,Watchdog-OLSR,0,-1,-1,-1,-1,-1,-1,-1,1,53.053916,1,1|3|0|2,attack_only
100002822,100002822,1,2.2.0,2,50,750.000000,1000.000000,0,190.000000,3,1,2,5,25.000000,Watchdog-OLSR,0,-1,-1,-1,-1,-1,-1,-1,1,52.402973,1,3|2|0|1,defense_vs_attack
100002825,100002825,1,2.2.0,2,50,750.000000,1000.000000,0,190.000000,3,1,2,5,25.000000,Watchdog-OLSR,0,-1,-1,-1,-1,-1,-1,-1,1,48.521861,1,0|1|3|2,baseline
100002821,100002821,1,2.2.0,2,50,750.000000,1000.000000,0,190.000000,3,1,2,5,25.000000,Watchdog-OLSR,0,-1,-1,-1,-1,-1,-1,-1,1,60.356599,1,1|2|3|0,attack_only
100002827,100002827,1,2.2.0,2,50,750.000000,1000.000000,0,190.000000,3,1,2,5,25.000000,Watchdog-OLSR,0,-1,-1,-1,-1,-1,-1,-1,1,52.979203,1,1|3|2|0,attack_only
100002831,100002831,1,2.2.0,2,50,750.000000,1000.000000,0,190.000000,3,1,2,5,25.000000,Watchdog-OLSR,0,-1,-1,-1,-1,-1,-1,-1,1,50.042392,1,0|1|3|2,baseline
100002834,100002834,1,2.2.0,2,50,750.000000,1000.000000,0,190.000000,3,1,2,5,25.000000,Watchdog-OLSR,0,-1,-1,-1,-1,-1,-1,-1,1,46.102409,1,3|2|1|0,defense_vs_attack
100002837,100002837,1,2.2.0,2,50,750.000000,1000.000000,0,190.000000,3,1,2,5,25.000000,Watchdog-OLSR,0,-1,-1,-1,-1,-1,-1,-1,1,42.352000,1,3|0|1|2,defense_vs_attack
100002842,100002842,1,2.2.0,2,50,750.000000,1000.000000,0,190.000000,3,1,2,5,25.000000,Watchdog-OLSR,0,-1,-1,-1,-1,-1,-1,-1,1,51.257361,1,0|2|1|3,baseline
100002847,100002847,1,2.2.0,2,50,750.000000,1000.000000,0,190.000000,3,1,2,5,25.000000,Watchdog-OLSR,0,-1,-1,-1,-1,-1,-1,-1,1,39.834701,1,0|2|3|1,baseline
100002845,100002845,1,2.2.0,2,50,750.000000,1000.000000,0,190.000000,3,1,2,5,25.000000,Watchdog-OLSR,0,-1,-1,-1,-1,-1,-1,-1,1,45.729183,1,0|1|2|3,baseline
100002848,100002848,1,2.2.0,2,50,750.000000,1000.000000,0,190.000000,3,1,2,5,25.000000,Watchdog-OLSR,0,-1,-1,-1,-1,-1,-1,-1,1,44.019111,1,2|0|3|1,defense_only
100002850,100002850,1,2.2.0,2,50,750.000000,1000.000000,0,190.000000,3,1,2,5,25.000000,Watchdog-OLSR,0,-1,-1,-1,-1,-1,-1,-1,1,43.097769,1,2|1|0|3,defense_only
100002854,100002854,1,2.2.0,2,50,750.000000,1000.000000,0,190.000000,3,1,2,5,25.000000,Watchdog-OLSR,0,-1,-1,-1,-1,-1,-1,-1,1,43.572402,1,2|3|1|0,defense_only
100002858,100002858,1,2.2.0,2,50,750.000000,1000.000000,0,190.000000,3,1,2,5,25.000000,Watchdog-OLSR,0,-1,-1,-1,-1,-1,-1,-1,1,39.337839,1,3|0|1|2,defense_vs_attack
100002859,100002859,1,2.2.0,2,50,750.000000,1000.000000,0,190.000000,3,1,2,5,25.000000,Watchdog-OLSR,0,-1,-1,-1,-1,-1,-1,-1,1,43.177957,1,1|0|3|2,attack_only
100002857,100002857,1,2.2.0,2,50,750.000000,1000.000000,0,190.000000,3,1,2,5,25.000000,Watchdog-OLSR,0,-1,-1,-1,-1,-1,-1,-1,1,48.210767,1,2|1|3|0,defense_only
100002861,100002861,1,2.2.0,2,50,750.000000,1000.000000,0,190.000000,3,1,2,5,25.000000,Watchdog-OLSR,0,-1,-1,-1,-1,-1,-1,-1,1,43.544832,1,0|3|1|2,baseline
100002860,100002860,1,2.2.0,2,50,750.000000,1000.000000,0,190.000000,3,1,2,5,25.000000,Watchdog-OLSR,0,-1,-1,-1,-1,-1,-1,-1,1,54.510596,1,1|2|0|3,attack_only
100002864,100002864,1,2.2.0,2,50,750.000000,1000.000000,0,190.000000,3,1,2,5,25.000000,Watchdog-OLSR,0,-1,-1,-1,-1,-1,-1,-1,1,44.139391,1,1|0|2|3,attack_only
100002867,100002867,1,2.2.0,2,50,750.000000,1000.000000,0,190.000000,3,1,2,5,25.000000,Watchdog-OLSR,0,-1,-1,-1,-1,-1,-1,-1,1,44.556884,1,2|0|1|3,defense_only
100002866,100002866,1,2.2.0,2,50,750.000000,1000.000000,0,190.000000,3,1,2,5,25.000000,Watchdog-OLSR,0,-1,-1,-1,-1,-1,-1,-1,1,50.893729,1,1|0|2|3,attack_only
100002870,100002870,1,2.2.0,2,50,750.000000,1000.000000,0,190.000000,3,1,2,5,25.000000,Watchdog-OLSR,0,-1,-1,-1,-1,-1,-1,-1,1,44.406054,1,3|2|0|1,defense_vs_attack
100002869,100002869,1,2.2.0,2,50,750.000000,1000.000000,0,190.000000,3,1,2,5,25.000000,Watchdog-OLSR,0,-1,-1,-1,-1,-1,-1,-1,1,49.138464,1,2|3|1|0,defense_only
100002872,100002872,1,2.2.0,2,50,750.000000,1000.000000,0,190.000000,3,1,2,5,25.000000,Watchdog-OLSR,0,-1,-1,-1,-1,-1,-1,-1,1,45.112849,1,1|2|3|0,attack_only
100002874,100002874,1,2.2.0,2,50,750.000000,1000.000000,0,190.000000,3,1,2,5,25.000000,Watchdog-OLSR,0,-1,-1,-1,-1,-1,-1,-1,1,48.274055,1,2|1|0|3,defense_only
100002875,100002875,1,2.2.0,2,50,750.000000,1000.000000,0,190.000000,3,1,2,5,25.000000,Watchdog-OLSR,0,-1,-1,-1,-1,-1,-1,-1,1,46.331824,1,3|2|1|0,defense_vs_attack
100002876,100002876,1,2.2.0,2,50,750.000000,1000.000000,0,190.000000,3,1,2,5,25.000000,Watchdog-OLSR,0,-1,-1,-1,-1,-1,-1,-1,1,55.331184,1,3|1|2|0,defense_vs_attack
100002879,100002879,1,2.2.0,2,50,750.000000,1000.000000,0,190.000000,3,1,2,5,25.000000,Watchdog-OLSR,0,-1,-1,-1,-1,-1,-1,-1,1,51.760736,1,0|3|1|2,baseline
100002884,100002884,1,2.2.0,2,50,750.000000,1000.000000,0,190.000000,3,1,2,5,25.000000,Watchdog-OLSR,0,-1,-1,-1,-1,-1,-1,-1,1,46.876621,1,0|2|1|3,baseline
100002883,100002883,1,2.2.0,2,50,750.000000,1000.000000,0,190.000000,3,1,2,5,25.000000,Watchdog-OLSR,0,-1,-1,-1,-1,-1,-1,-1,1,52.487154,1,3|1|2|0,defense_vs_attack
100002888,100002888,1,2.2.0,2,50,750.000000,1000.000000,0,190.000000,3,1,2,5,25.000000,Watchdog-OLSR,0,-1,-1,-1,-1,-1,-1,-1,1,40.086558,1,0|2|1|3,baseline
100002887,100002887,1,2.2.0,2,50,750.000000,1000.000000,0,190.000000,3,1,2,5,25.000000,Watchdog-OLSR,0,-1,-1,-1,-1,-1,-1,-1,1,46.886308,1,0|3|2|1,baseline
100002889,100002889,1,2.2.0,2,50,750.000000,1000.000000,0,190.000000,3,1,2,5,25.000000,Watchdog-OLSR,0,-1,-1,-1,-1,-1,-1,-1,1,43.975948,1,2|0|1|3,defense_only
100002892,100002892,1,2.2.0,2,50,750.000000,1000.000000,0,190.000000,3,1,2,5,25.000000,Watchdog-OLSR,0,-1,-1,-1,-1,-1,-1,-1,1,39.623693,1,3|2|1|0,defense_vs_attack
100002893,100002893,1,2.2.0,2,50,750.000000,1000.000000,0,190.000000,3,1,2,5,25.000000,Watchdog-OLSR,0,-1,-1,-1,-1,-1,-1,-1,1,43.310842,1,3|1|2|0,defense_vs_attack
100002894,100002894,1,2.2.0,2,50,750.000000,1000.000000,0,190.000000,3,1,2,5,25.000000,Watchdog-OLSR,0,-1,-1,-1,-1,-1,-1,-1,1,49.314896,1,0|1|2|3,baseline
100002899,100002899,1,2.2.0,2,50,750.000000,1000.000000,0,190.000000,3,1,2,5,25.000000,Watchdog-OLSR,0,-1,-1,-1,-1,-1,-1,-1,1,39.110303,1,1|2|0|3,attack_only
100002895,100002895,1,2.2.0,2,50,750.000000,1000.000000,0,190.000000,3,1,2,5,25.000000,Watchdog-OLSR,0,-1,-1,-1,-1,-1,-1,-1,1,50.715943,1,2|1|0|3,defense_only
100002897,100002897,1,2.2.0,2,50,750.000000,1000.000000,0,190.000000,3,1,2,5,25.000000,Watchdog-OLSR,0,-1,-1,-1,-1,-1,-1,-1,1,46.442989,1,3|1|2|0,defense_vs_attack
100002898,100002898,1,2.2.0,2,50,750.000000,1000.000000,0,190.000000,3,1,2,5,25.000000,Watchdog-OLSR,0,-1,-1,-1,-1,-1,-1,-1,1,46.917417,1,0|2|1|3,baseline
100002904,100002904,1,2.2.0,2,50,750.000000,1000.000000,0,190.000000,3,1,2,5,25.000000,Watchdog-OLSR,0,-1,-1,-1,-1,-1,-1,-1,1,44.694658,1,3|2|0|1,defense_vs_attack
100002905,100002905,1,2.2.0,2,50,750.000000,1000.000000,0,190.000000,3,1,2,5,25.000000,Watchdog-OLSR,0,-1,-1,-1,-1,-1,-1,-1,1,46.441194,1,1|2|0|3,attack_only
100002911,100002911,1,2.2.0,2,50,750.000000,1000.000000,0,190.000000,3,1,2,5,25.000000,Watchdog-OLSR,0,-1,-1,-1,-1,-1,-1,-1,1,39.337434,1,3|2|0|1,defense_vs_attack
100002912,100002912,1,2.2.0,2,50,750.000000,1000.000000,0,190.000000,3,1,2,5,25.000000,Watchdog-OLSR,0,-1,-1,-1,-1,-1,-1,-1,1,38.100153,1,0|2|3|1,baseline
100002903,100002903,1,2.2.0,2,50,750.000000,1000.000000,0,190.000000,3,1,2,5,25.000000,Watchdog-OLSR,0,-1,-1,-1,-1,-1,-1,-1,1,57.551717,1,2|1|0|3,defense_only
100002908,100002908,1,2.2.0,2,50,750.000000,1000.000000,0,190.000000,3,1,2,5,25.000000,Watchdog-OLSR,0,-1,-1,-1,-1,-1,-1,-1,1,49.932422,1,2|3|0|1,defense_only
100002913,100002913,1,2.2.0,2,50,750.000000,1000.000000,0,190.000000,3,1,2,5,25.000000,Watchdog-OLSR,0,-1,-1,-1,-1,-1,-1,-1,1,45.814411,1,2|0|1|3,defense_only
100002918,100002918,1,2.2.0,2,50,750.000000,1000.000000,0,190.000000,3,1,2,5,25.000000,Watchdog-OLSR,0,-1,-1,-1,-1,-1,-1,-1,1,47.796092,1,2|1|3|0,defense_only
100002924,100002924,1,2.2.0,2,50,750.000000,1000.000000,0,190.000000,3,1,2,5,25.000000,Watchdog-OLSR,0,-1,-1,-1,-1,-1,-1,-1,1,42.182477,1,3|1|2|0,defense_vs_attack
100002920,100002920,1,2.2.0,2,50,750.000000,1000.000000,0,190.000000,3,1,2,5,25.000000,Watchdog-OLSR,0,-1,-1,-1,-1,-1,-1,-1,1,51.501701,1,3|1|2|0,defense_vs_attack
100002927,100002927,1,2.2.0,2,50,750.000000,1000.000000,0,190.000000,3,1,2,5,25.000000,Watchdog-OLSR,0,-1,-1,-1,-1,-1,-1,-1,1,48.205024,1,2|0|3|1,defense_only
100002928,100002928,1,2.2.0,2,50,750.000000,1000.000000,0,190.000000,3,1,2,5,25.000000,Watchdog-OLSR,0,-1,-1,-1,-1,-1,-1,-1,1,50.485707,1,0|1|3|2,baseline
100002934,100002934,1,2.2.0,2,50,750.000000,1000.000000,0,190.000000,3,1,2,5,25.000000,Watchdog-OLSR,0,-1,-1,-1,-1,-1,-1,-1,1,39.297858,1,3|2|1|0,defense_vs_attack
100002942,100002942,1,2.2.0,2,50,750.000000,1000.000000,0,190.000000,3,1,2,5,25.000000,Watchdog-OLSR,0,-1,-1,-1,-1,-1,-1,-1,1,23.629517,1,2|1|3|0,defense_only
