run_id,scenario,window_start,window_end,throughput_mbps,pdr_percent,avg_delay_s,tx_packets,rx_packets,rx_bytes,udp_rx_in_window,udp_expected_in_window,udp_loss_percent,overhead_ratio,hello_count,olsr_control_bytes_with_hello,path_hops_internal,min_attacker_trust,avg_attacker_trust,blacklist_max_size,mac_tx_in_window,mac_drop_in_window,mac_tx_total,mac_drop_total
100000004,baseline,120.000000,160.000000,0.001944,100.000000,0.031696,18,18,9720,18,18,0.000000,29.644033,1000,288140,6,1.000000,1.000000,0,1827,0,6784,0
100000004,defense_only,220.000000,260.000000,0.001944,100.000000,0.012323,18,18,9720,18,18,0.000000,30.346502,1000,294968,6,1.000000,1.000000,0,1805,0,11162,0
100000004,defense_vs_attack,320.000000,360.000000,0.001944,100.000000,0.025866,18,18,9720,18,18,0.000000,30.644444,1000,297864,6,1.000000,1.000000,0,1823,0,15564,0
100000004,attack_only,420.000000,460.000000,0.001944,100.000000,0.015153,18,18,9720,18,18,0.000000,30.953909,1000,300872,6,1.000000,1.000000,0,1831,0,19965,0
100000010,attack_only,120.000000,160.000000,0.001944,100.000000,0.036999,18,18,9720,18,18,0.000000,21.570782,1000,209668,7,1.000000,1.000000,0,1552,0,5708,0
100000010,baseline,220.000000,260.000000,0.001944,100.000000,0.014563,18,18,9720,18,18,0.000000,21.675309,1000,210684,7,1.000000,1.000000,0,1564,0,9414,0
100000010,defense_only,320.000000,360.000000,0.001944,100.000000,0.029433,18,18,9720,18,18,0.000000,21.561728,1000,209580,7,1.000000,1.000000,0,1562,0,13150,0
100000010,defense_vs_attack,420.000000,460.000000,0.001944,100.000000,0.018551,18,18,9720,18,18,0.000000,21.894239,1000,212812,7,1.000000,1.000000,0,1547,0,16836,0
100000018,defense_vs_attack,120.000000,160.000000,0.000216,11.111111,0.071762,18,2,1080,2,18,88.888889,229.859259,1000,248248,6,1.000000,1.000000,0,1597,0,6026,0
100000018,attack_only,220.000000,260.000000,0.000000,0.000000,0.000000,18,0,0,0,18,100.000000,0.000000,1000,248688,6,1.000000,1.000000,0,1556,0,9812,0
100000018,defense_only,320.000000,360.000000,0.001944,100.000000,0.027013,18,18,9720,18,18,0.000000,24.871605,1000,241752,6,1.000000,1.000000,0,1633,0,13697,0
100000018,baseline,420.000000,460.000000,0.001944,100.000000,0.019883,18,18,9720,18,18,0.000000,25.156790,1000,244524,6,1.000000,1.000000,0,1616,0,17631,0
100000019,defense_only,120.000000,160.000000,0.001944,100.000000,0.015724,18,18,9720,18,18,0.000000,29.356379,1000,285344,3,1.000000,1.000000,0,1812,0,6903,0
100000019,baseline,220.000000,260.000000,0.001944,100.000000,0.005859,18,18,9720,18,18,0.000000,28.527572,1000,277288,3,1.000000,1.000000,0,1793,0,11338,0
100000019,attack_only,320.000000,360.000000,0.001944,100.000000,0.014620,18,18,9720,18,18,0.000000,27.951440,1000,271688,3,1.000000,1.000000,0,1805,0,15748,0
100000019,defense_vs_attack,420.000000,460.000000,0.001944,100.000000,0.008043,18,18,9720,18,18,0.000000,27.971193,1000,271880,3,1.000000,1.000000,0,1785,0,20127,0
100000020,baseline,120.000000,160.000000,0.001944,100.000000,0.020221,18,18,9720,18,18,0.000000,24.258436,1000,235792,4,1.000000,1.000000,0,1626,0,6105,0
100000020,defense_only,220.000000,260.000000,0.001944,100.000000,0.007923,18,18,9720,18,18,0.000000,24.227572,1000,235492,4,1.000000,1.000000,0,1582,0,9994,0
100000020,defense_vs_attack,320.000000,360.000000,0.001944,100.000000,0.017531,18,18,9720,18,18,0.000000,23.471193,1000,228140,4,1.000000,1.000000,0,1586,0,13866,0
100000020,attack_only,420.000000,460.000000,0.001944,100.000000,0.009658,18,18,9720,18,18,0.000000,23.677778,1000,230148,4,1.000000,1.000000,0,1600,0,17796,0
100000021,defense_vs_attack,120.000000,160.000000,0.001944,100.000000,0.031196,18,18,9720,18,18,0.000000,28.006996,1000,272228,6,1.000000,1.000000,0,1665,0,6186,0
100000021,attack_only,220.000000,260.000000,0.001944,100.000000,0.011934,18,18,9720,18,18,0.000000,28.144444,1000,273564,6,1.000000,1.000000,0,1697,0,10233,0
100000021,defense_only,320.000000,360.000000,0.001728,88.888889,0.024258,18,16,8640,16,18,11.111111,31.325463,1000,270652,6,1.000000,1.000000,0,1687,0,14268,0
100000021,baseline,420.000000,460.000000,0.001944,100.000000,0.017114,18,18,9720,18,18,0.000000,27.623868,1000,268504,6,1.000000,1.000000,0,1678,0,18265,0
100000023,defense_vs_attack,120.000000,160.000000,0.001944,100.000000,0.031732,18,18,9720,18,18,0.000000,24.465844,1000,237808,6,1.000000,1.000000,0,1681,0,6197,0
100000023,attack_only,220.000000,260.000000,0.001944,100.000000,0.012136,18,18,9720,18,18,0.000000,24.194650,1000,235172,6,1.000000,1.000000,0,1656,0,10198,0
100000023,baseline,320.000000,360.000000,0.001944,100.000000,0.026240,18,18,9720,18,18,0.000000,23.137860,1000,224900,6,1.000000,1.000000,0,1659,0,14128,0
100000023,defense_only,420.000000,460.000000,0.001944,100.000000,0.014724,18,18,9720,18,18,0.000000,22.922634,1000,222808,6,1.000000,1.000000,0,1627,0,18042,0
100000026,baseline,120.000000,160.000000,0.001944,100.000000,0.025998,18,18,9720,18,18,0.000000,31.759259,1000,308700,5,1.000000,1.000000,0,1924,0,7172,0
100000026,defense_vs_attack,220.000000,260.000000,0.001944,100.000000,0.009862,18,18,9720,18,18,0.000000,31.766667,1000,308772,5,1.000000,1.000000,0,1896,0,11795,0
100000026,attack_only,320.000000,360.000000,0.001944,100.000000,0.021937,18,18,9720,18,18,0.000000,32.040329,1000,311432,5,1.000000,1.000000,0,1946,0,16491,0
100000026,defense_only,420.000000,460.000000,0.001944,100.000000,0.012278,18,18,9720,18,18,0.000000,31.613169,1000,307280,5,1.000000,1.000000,0,1931,0,21201,0
100000036,attack_only,120.000000,160.000000,0.000000,0.000000,0.000000,18,0,0,0,18,100.000000,0.000000,1000,240160,4,1.000000,1.000000,0,1651,0,6172,0
100000036,baseline,220.000000,260.000000,0.001944,100.000000,0.011036,18,18,9720,18,18,0.000000,24.324280,1000,236432,4,1.000000,1.000000,0,1598,0,10136,0
100000036,defense_vs_attack,320.000000,360.000000,0.000000,0.000000,0.000000,16,0,0,0,18,100.000000,0.000000,1000,237220,4,1.000000,1.000000,0,1624,0,14120,0
100000036,defense_only,420.000000,460.000000,0.001728,88.888889,0.013891,18,16,8640,16,18,11.111111,27.344444,1000,236256,4,1.000000,1.000000,0,1627,0,18130,0
100000037,defense_only,120.000000,160.000000,0.001944,100.000000,0.025648,18,18,9720,18,18,0.000000,27.423457,1000,266556,5,1.000000,1.000000,0,1697,0,6390,0
100000037,baseline,220.000000,260.000000,0.001944,100.000000,0.009975,18,18,9720,18,18,0.000000,27.540741,1000,267696,5,1.000000,1.000000,0,1730,0,10563,0
100000037,attack_only,320.000000,360.000000,0.000000,0.000000,0.000000,18,0,0,0,18,100.000000,0.000000,1000,264900,5,1.000000,1.000000,0,1625,0,14631,0
100000037,defense_vs_attack,420.000000,460.000000,0.000432,22.222222,0.038002,18,4,2160,4,18,77.777778,121.598148,1000,262652,5,1.000000,1.000000,0,1716,0,18772,0
100000044,defense_vs_attack,120.000000,160.000000,0.000432,22.222222,0.299705,18,4,2160,4,18,77.777778,132.185185,1000,285520,5,1.000000,1.000000,0,1754,0,6482,0
100000044,attack_only,220.000000,260.000000,0.000000,0.000000,0.000000,18,0,0,0,18,100.000000,0.000000,1000,288632,5,1.000000,1.000000,0,1659,0,10612,0
100000044,baseline,320.000000,360.000000,0.001944,100.000000,0.022361,18,18,9720,18,18,0.000000,29.352675,1000,285308,5,1.000000,1.000000,0,1703,0,14774,0
100000044,defense_only,420.000000,460.000000,0.001944,100.000000,0.013679,18,18,9720,18,18,0.000000,29.002881,1000,281908,5,1.000000,1.000000,0,1685,0,18892,0
100000048,attack_only,120.000000,160.000000,0.001944,100.000000,0.015825,18,18,9720,18,18,0.000000,24.743210,1000,240504,3,1.000000,1.000000,0,1545,0,5787,0
100000048,baseline,220.000000,260.000000,0.001944,100.000000,0.005789,18,18,9720,18,18,0.000000,23.849794,1000,231820,3,1.000000,1.000000,0,1513,0,9501,0
100000048,defense_vs_attack,320.000000,360.000000,0.001944,100.000000,0.012863,18,18,9720,18,18,0.000000,24.720165,1000,240280,3,1.000000,1.000000,0,1525,0,13227,0
100000048,defense_only,420.000000,460.000000,0.001944,100.000000,0.007267,18,18,9720,18,18,0.000000,23.899177,1000,232300,3,1.000000,1.000000,0,1527,0,16979,0
100000053,defense_vs_attack,120.000000,160.000000,0.001512,77.777778,0.043166,18,14,7560,14,18,22.222222,35.452910,1000,268024,8,1.000000,1.000000,0,1694,0,6213,0
100000053,baseline,220.000000,260.000000,0.001944,100.000000,0.019180,18,18,9720,18,18,0.000000,27.796708,1000,270184,7,1.000000,1.000000,0,1703,0,10247,0
100000053,defense_only,320.000000,360.000000,0.001944,100.000000,0.022216,18,18,9720,18,18,0.000000,27.622222,1000,268488,7,1.000000,1.000000,0,1713,0,14285,0
100000053,attack_only,420.000000,460.000000,0.001944,100.000000,0.025191,18,18,9720,18,18,0.000000,27.095473,1000,263368,7,1.000000,1.000000,0,1668,0,18301,0
100000060,attack_only,120.000000,160.000000,0.001944,100.000000,0.020850,18,18,9720,18,18,0.000000,18.681481,1000,181584,4,1.000000,1.000000,0,1558,0,5874,0
100000060,defense_vs_attack,220.000000,260.000000,0.001944,100.000000,0.008279,18,18,9720,18,18,0.000000,19.016461,1000,184840,4,1.000000,1.000000,0,1559,0,9613,0
100000060,baseline,320.000000,360.000000,0.001944,100.000000,0.016529,18,18,9720,18,18,0.000000,20.007819,1000,194476,4,1.000000,1.000000,0,1539,0,13382,0
100000060,defense_only,420.000000,460.000000,0.001944,100.000000,0.010570,18,18,9720,18,18,0.000000,19.943210,1000,193848,4,1.000000,1.000000,0,1567,0,17181,0
100000063,defense_only,120.000000,160.000000,0.001944,100.000000,0.039741,18,18,9720,18,18,0.000000,29.589712,1000,287612,7,1.000000,1.000000,0,1801,0,6746,0
100000063,baseline,220.000000,260.000000,0.001944,100.000000,0.014738,18,18,9720,18,18,0.000000,29.770370,1000,289368,7,1.000000,1.000000,0,1790,0,11094,0
100000063,defense_vs_attack,320.000000,360.000000,0.000756,38.888889,0.032962,18,7,3780,7,18,61.111111,76.055026,1000,287488,7,1.000000,1.000000,0,1808,0,15363,0
100000063,attack_only,420.000000,460.000000,0.000000,0.000000,0.000000,18,0,0,0,18,100.000000,0.000000,1000,286964,7,1.000000,1.000000,0,1768,0,19666,0
100000064,baseline,120.000000,160.000000,0.001944,100.000000,0.041746,18,18,9720,18,18,0.000000,28.548148,1000,277488,8,1.000000,1.000000,0,1869,0,6768,0
100000064,defense_only,220.000000,260.000000,0.001296,66.666667,0.017616,18,12,6480,12,18,33.333333,42.582716,1000,275936,8,1.000000,1.000000,0,2271,0,11567,0
100000064,defense_vs_attack,320.000000,360.000000,0.000756,38.888889,0.030045,18,7,3780,7,18,61.111111,72.338624,1000,273440,8,1.000000,1.000000,0,1808,0,15997,0
100000064,attack_only,420.000000,460.000000,0.000000,0.000000,0.000000,18,0,0,0,18,100.000000,0.000000,1000,275044,8,1.000000,1.000000,0,1823,0,20384,0
100000065,baseline,120.000000,160.000000,0.001944,100.000000,0.030818,18,18,9720,18,18,0.000000,29.287654,1000,284676,6,1.000000,1.000000,0,1796,0,6618,0
100000065,defense_vs_attack,220.000000,260.000000,0.000216,11.764706,0.063486,17,2,1080,2,18,88.888889,250.385185,1000,270416,6,1.000000,1.000000,0,1787,0,10855,0
100000065,attack_only,320.000000,360.000000,0.000000,0.000000,0.000000,18,0,0,0,18,100.000000,0.000000,1000,284924,6,1.000000,1.000000,0,1754,0,15128,0
100000065,defense_only,420.000000,460.000000,0.001944,100.000000,0.019071,18,18,9720,18,18,0.000000,29.017284,1000,282048,6,1.000000,1.000000,0,1819,0,19495,0
100000066,attack_only,120.000000,160.000000,0.001944,100.000000,0.052265,18,18,9720,18,18,0.000000,33.214815,1000,322848,10,1.000000,1.000000,0,2032,0,7431,0
100000066,defense_vs_attack,220.000000,260.000000,0.001944,100.000000,0.020362,18,18,9720,18,18,0.000000,33.377778,1000,324432,10,1.000000,1.000000,0,2043,0,12231,0
100000066,defense_only,320.000000,360.000000,0.001944,100.000000,0.044123,18,18,9720,18,18,0.000000,32.782305,1000,318644,10,1.000000,1.000000,0,2014,0,16993,0
100000066,baseline,420.000000,460.000000,0.001944,100.000000,0.027949,18,18,9720,18,18,0.000000,33.442798,1000,325064,10,1.000000,1.000000,0,2052,0,21862,0
100000067,defense_vs_attack,120.000000,160.000000,0.001944,100.000000,0.030521,18,18,9720,18,18,0.000000,27.482716,1000,267132,6,1.000000,1.000000,0,1782,0,6642,0
100000067,defense_only,220.000000,260.000000,0.001944,100.000000,0.011906,18,18,9720,18,18,0.000000,27.214815,1000,264528,6,1.000000,1.000000,0,1760,0,10920,0
100000067,attack_only,320.000000,360.000000,0.001944,100.000000,0.029220,18,18,9720,18,18,0.000000,27.294239,1000,265300,6,1.000000,1.000000,0,1801,0,15261,0
100000067,baseline,420.000000,460.000000,0.001944,100.000000,0.013078,18,18,9720,18,18,0.000000,27.660494,1000,268860,6,1.000000,1.000000,0,1793,0,19539,0
100000069,defense_vs_attack,120.000000,160.000000,0.001944,100.000000,0.020414,18,18,9720,18,18,0.000000,27.960905,1000,271780,4,1.000000,1.000000,0,1690,0,6357,0
100000069,attack_only,220.000000,260.000000,0.001944,100.000000,0.007893,18,18,9720,18,18,0.000000,27.719342,1000,269432,4,1.000000,1.000000,0,1643,0,10443,0
100000069,baseline,320.000000,360.000000,0.001944,100.000000,0.017351,18,18,9720,18,18,0.000000,27.706996,1000,269312,4,1.000000,1.000000,0,1713,0,14546,0
100000069,defense_only,420.000000,460.000000,0.001944,100.000000,0.009645,18,18,9720,18,18,0.000000,27.552675,1000,267812,4,1.000000,1.000000,0,1679,0,18628,0
100000071,defense_vs_attack,120.000000,160.000000,0.001944,100.000000,0.020448,18,18,9720,18,18,0.000000,31.450617,1000,305700,4,1.000000,1.000000,0,1758,0,6637,0
100000071,attack_only,220.000000,260.000000,0.001944,100.000000,0.008173,18,18,9720,18,18,0.000000,31.909465,1000,310160,4,1.000000,1.000000,0,1728,0,10910,0
100000071,defense_only,320.000000,360.000000,0.001944,100.000000,0.016844,18,18,9720,18,18,0.000000,30.479835,1000,296264,4,1.000000,1.000000,0,1726,0,15141,0
100000071,baseline,420.000000,460.000000,0.001944,100.000000,0.009963,18,18,9720,18,18,0.000000,30.442387,1000,295900,4,1.000000,1.000000,0,1759,0,19406,0
100000076,attack_only,120.000000,160.000000,0.000000,0.000000,0.000000,18,0,0,0,18,100.000000,0.000000,1000,303020,4,1.000000,1.000000,0,1720,0,6702,0
100000076,baseline,220.000000,260.000000,0.001944,100.000000,0.015381,18,18,9720,18,18,0.000000,30.823868,1000,299608,3,1.000000,1.000000,0,1777,0,11034,0
100000076,defense_vs_attack,320.000000,360.000000,0.001512,77.777778,0.006455,18,14,7560,14,18,22.222222,40.326984,1000,304872,4,1.000000,1.000000,0,1755,0,15393,0
100000076,defense_only,420.000000,460.000000,0.001944,100.000000,0.010938,18,18,9720,18,18,0.000000,31.292181,1000,304160,3,1.000000,1.000000,0,1763,0,19701,0
100000078,attack_only,120.000000,160.000000,0.001944,100.000000,0.015267,18,18,9720,18,18,0.000000,28.520988,1000,277224,3,1.000000,1.000000,0,1815,0,6729,0
100000078,defense_vs_attack,220.000000,260.000000,0.001944,100.000000,0.005789,18,18,9720,18,18,0.000000,28.507407,1000,277092,3,1.000000,1.000000,0,1805,0,11068,0
100000078,baseline,320.000000,360.000000,0.001944,100.000000,0.010598,18,18,9720,18,18,0.000000,29.070370,1000,282564,3,1.000000,1.000000,0,1763,0,15389,0
100000078,defense_only,420.000000,460.000000,0.001944,100.000000,0.009545,18,18,9720,18,18,0.000000,29.006173,1000,281940,3,1.000000,1.000000,0,1779,0,19689,0
100000079,defense_only,120.000000,160.000000,0.001944,100.000000,0.020585,18,18,9720,18,18,0.000000,28.660905,1000,278584,4,1.000000,1.000000,0,1700,0,6454,0
100000079,baseline,220.000000,260.000000,0.001944,100.000000,0.007887,18,18,9720,18,18,0.000000,28.612757,1000,278116,4,1.000000,1.000000,0,1699,0,10609,0
100000079,attack_only,320.000000,360.000000,0.000000,0.000000,0.000000,18,0,0,0,18,100.000000,0.000000,1000,283180,5,1.000000,1.000000,0,1642,0,14727,0
100000079,defense_vs_attack,420.000000,460.000000,0.001512,77.777778,0.018332,18,14,7560,14,18,22.222222,37.180952,1000,281088,5,1.000000,1.000000,0,1659,0,18858,0
100000084,attack_only,120.000000,160.000000,0.001944,100.000000,0.036723,18,18,9720,18,18,0.000000,28.593004,1000,277924,7,1.000000,1.000000,0,1780,0,6367,0
100000084,baseline,220.000000,260.000000,0.001944,100.000000,0.014281,18,18,9720,18,18,0.000000,26.898354,1000,261452,7,1.000000,1.000000,0,1701,0,10462,0
100000084,defense_only,320.000000,360.000000,0.001944,100.000000,0.030365,18,18,9720,18,18,0.000000,26.895473,1000,261424,7,1.000000,1.000000,0,1714,0,14542,0
100000084,defense_vs_attack,420.000000,460.000000,0.001944,100.000000,0.017472,18,18,9720,18,18,0.000000,28.626749,1000,278252,7,1.000000,1.000000,0,1737,0,18722,0
100000085,baseline,120.000000,160.000000,0.001944,100.000000,0.026905,18,18,9720,18,18,0.000000,30.307819,1000,294592,5,1.000000,1.000000,0,1804,0,6744,0
100000085,defense_only,220.000000,260.000000,0.001944,100.000000,0.009798,18,18,9720,18,18,0.000000,30.548560,1000,296932,5,1.000000,1.000000,0,1811,0,11161,0
100000085,defense_vs_attack,320.000000,360.000000,0.001944,100.000000,0.021723,18,18,9720,18,18,0.000000,30.363374,1000,295132,5,1.000000,1.000000,0,1832,0,15567,0
100000085,attack_only,420.000000,460.000000,0.001944,100.000000,0.012473,18,18,9720,18,18,0.000000,30.255967,1000,294088,5,1.000000,1.000000,0,1835,0,20051,0
100000089,attack_only,120.000000,160.000000,0.000000,0.000000,0.000000,18,0,0,0,18,100.000000,0.000000,1000,261840,3,1.000000,1.000000,0,1536,0,5928,0
100000089,baseline,220.000000,260.000000,0.001944,100.000000,0.015485,18,18,9720,18,18,0.000000,24.946091,1000,242476,3,1.000000,1.000000,0,1560,0,9757,0
100000089,defense_vs_attack,320.000000,360.000000,0.000972,50.000000,0.006282,18,9,4860,9,18,50.000000,54.845267,1000,266548,3,1.000000,1.000000,0,1576,0,13610,0
100000089,defense_only,420.000000,460.000000,0.001944,100.000000,0.009467,18,18,9720,18,18,0.000000,25.252675,1000,245456,3,1.000000,1.000000,0,1552,0,17411,0
100000094,defense_vs_attack,120.000000,160.000000,0.000972,50.000000,0.022758,18,9,4860,9,18,50.000000,62.395062,1000,303240,3,1.000000,1.000000,0,1787,0,6767,0
100000094,baseline,220.000000,260.000000,0.001944,100.000000,0.010841,18,18,9720,18,18,0.000000,31.351440,1000,304736,3,1.000000,1.000000,0,1761,0,11095,0
100000094,attack_only,320.000000,360.000000,0.000000,0.000000,0.000000,18,0,0,0,18,100.000000,0.000000,1000,298696,3,1.000000,1.000000,0,1755,0,15409,0
100000094,defense_only,420.000000,460.000000,0.001944,100.000000,0.009349,18,18,9720,18,18,0.000000,31.278601,1000,304028,3,1.000000,1.000000,0,1795,0,19788,0
100000099,attack_only,120.000000,160.000000,0.001944,100.000000,0.036257,18,18,9720,18,18,0.000000,25.741564,1000,250208,7,1.000000,1.000000,0,1739,0,6358,0
100000099,defense_vs_attack,220.000000,260.000000,0.001944,100.000000,0.014290,18,18,9720,18,18,0.000000,25.617695,1000,249004,7,1.000000,1.000000,0,1737,0,10484,0
100000099,baseline,320.000000,360.000000,0.001944,100.000000,0.030782,18,18,9720,18,18,0.000000,24.646091,1000,239560,7,1.000000,1.000000,0,1738,0,14598,0
100000099,defense_only,420.000000,460.000000,0.001944,100.000000,0.017032,18,18,9720,18,18,0.000000,24.174486,1000,234976,7,1.000000,1.000000,0,1723,0,18714,0
100000100,defense_only,120.000000,160.000000,0.001944,100.000000,0.021068,18,18,9720,18,18,0.000000,33.116049,1000,321888,4,1.000000,1.000000,0,1832,0,6791,0
100000100,defense_vs_attack,220.000000,260.000000,0.001944,100.000000,0.007855,18,18,9720,18,18,0.000000,34.607407,1000,336384,4,1.000000,1.000000,0,1796,0,11202,0
100000100,baseline,320.000000,360.000000,0.001944,100.000000,0.017392,18,18,9720,18,18,0.000000,33.015638,1000,320912,4,1.000000,1.000000,0,1828,0,15668,0
100000100,attack_only,420.000000,460.000000,0.001944,100.000000,0.009643,18,18,9720,18,18,0.000000,33.958436,1000,330076,4,1.000000,1.000000,0,1822,0,20140,0
100000103,defense_only,120.000000,160.000000,0.001944,100.000000,0.035810,18,18,9720,18,18,0.000000,24.187654,1000,235104,6,1.000000,1.000000,0,1661,0,6135,0
100000103,attack_only,220.000000,260.000000,0.000000,0.000000,0.000000,18,0,0,0,18,100.000000,0.000000,1000,235180,6,1.000000,1.000000,0,1586,0,10020,0
100000103,defense_vs_attack,320.000000,360.000000,0.000000,0.000000,0.000000,16,0,0,0,18,100.000000,0.000000,1000,230476,6,1.000000,1.000000,0,1587,0,13870,0
100000103,baseline,420.000000,460.000000,0.001944,100.000000,0.020583,18,18,9720,18,18,0.000000,24.143621,1000,234676,6,1.000000,1.000000,0,1647,0,17806,0
100000106,defense_vs_attack,120.000000,160.000000,0.001944,100.000000,0.030734,18,18,9720,18,18,0.000000,29.199177,1000,283816,6,1.000000,1.000000,0,1853,0,6863,0
100000106,attack_only,220.000000,260.000000,0.001944,100.000000,0.011965,18,18,9720,18,18,0.000000,29.741564,1000,289088,6,1.000000,1.000000,0,1870,0,11344,0
100000106,defense_only,320.000000,360.000000,0.001944,100.000000,0.026302,18,18,9720,18,18,0.000000,28.209053,1000,274192,6,1.000000,1.000000,0,1831,0,15744,0
100000106,baseline,420.000000,460.000000,0.001944,100.000000,0.014407,18,18,9720,18,18,0.000000,28.694239,1000,278908,6,1.000000,1.000000,0,1826,0,20117,0
100000109,attack_only,120.000000,160.000000,0.001944,100.000000,0.020550,18,18,9720,18,18,0.000000,32.579012,1000,316668,4,1.000000,1.000000,0,1853,0,6885,0
100000109,defense_only,220.000000,260.000000,0.001944,100.000000,0.008621,18,18,9720,18,18,0.000000,30.676543,1000,298176,4,1.000000,1.000000,0,1762,0,11160,0
100000109,defense_vs_attack,320.000000,360.000000,0.001944,100.000000,0.023186,18,18,9720,18,18,0.000000,32.395885,1000,314888,4,1.000000,1.000000,0,1860,0,15625,0
100000109,baseline,420.000000,460.000000,0.001944,100.000000,0.013283,18,18,9720,18,18,0.000000,30.689300,1000,298300,4,1.000000,1.000000,0,1752,0,19930,0
100000113,defense_only,120.000000,160.000000,0.001944,100.000000,0.031229,18,18,9720,18,18,0.000000,27.032922,1000,262760,6,1.000000,1.000000,0,1742,0,6431,0
100000113,baseline,220.000000,260.000000,0.001944,100.000000,0.012378,18,18,9720,18,18,0.000000,26.503292,1000,257612,6,1.000000,1.000000,0,1717,0,10536,0
100000113,attack_only,320.000000,360.000000,0.000000,0.000000,0.000000,18,0,0,0,18,100.000000,0.000000,1000,245560,6,1.000000,1.000000,0,1639,0,14582,0
100000113,defense_vs_attack,420.000000,460.000000,0.000000,0.000000,0.000000,18,0,0,0,18,100.000000,0.000000,1000,253364,6,1.000000,1.000000,0,1709,0,18673,0
100000117,defense_vs_attack,120.000000,160.000000,0.001512,77.777778,0.016935,18,14,7560,14,18,22.222222,36.214286,1000,273780,4,1.000000,1.000000,0,1648,0,6193,0
100000117,attack_only,220.000000,260.000000,0.000000,0.000000,0.000000,18,0,0,0,18,100.000000,0.000000,1000,271136,4,1.000000,1.000000,0,1615,0,10179,0
100000117,baseline,320.000000,360.000000,0.001944,100.000000,0.007152,18,18,9720,18,18,0.000000,26.555144,1000,258116,3,1.000000,1.000000,0,1647,0,14178,0
100000117,defense_only,420.000000,460.000000,0.001944,100.000000,0.011588,18,18,9720,18,18,0.000000,26.563786,1000,258200,3,1.000000,1.000000,0,1655,0,18188,0
100000124,baseline,120.000000,160.000000,0.001944,100.000000,0.020378,18,18,9720,18,18,0.000000,39.574074,1000,384660,4,1.000000,1.000000,0,1969,0,7447,0
100000124,defense_only,220.000000,260.000000,0.001944,100.000000,0.008193,18,18,9720,18,18,0.000000,39.744033,1000,386312,4,1.000000,1.000000,0,2001,0,12279,0
100000124,defense_vs_attack,320.000000,360.000000,0.001728,88.888889,0.017973,18,16,8640,16,18,11.111111,44.519444,1000,384648,4,1.000000,1.000000,0,1985,0,17121,0
100000124,attack_only,420.000000,460.000000,0.001944,100.000000,0.010321,18,18,9720,18,18,0.000000,39.671193,1000,385604,4,1.000000,1.000000,0,2001,0,22024,0
100000130,baseline,120.000000,160.000000,0.001944,100.000000,0.031114,18,18,9720,18,18,0.000000,34.725103,1000,337528,6,1.000000,1.000000,0,1866,0,6858,0
100000130,attack_only,220.000000,260.000000,0.000000,0.000000,0.000000,18,0,0,0,18,100.000000,0.000000,1000,337480,7,1.000000,1.000000,0,1823,0,11276,0
100000130,defense_only,320.000000,360.000000,0.001944,100.000000,0.014495,18,18,9720,18,18,0.000000,34.998765,1000,340188,6,1.000000,1.000000,0,1914,0,15800,0
100000130,defense_vs_attack,420.000000,460.000000,0.000972,50.000000,0.021484,18,9,4860,9,18,50.000000,70.394239,1000,342116,7,1.000000,1.000000,0,1867,0,20300,0
100000132,defense_only,120.000000,160.000000,0.001944,100.000000,0.027015,18,18,9720,18,18,0.000000,28.578189,1000,277780,5,1.000000,1.000000,0,1724,0,6390,0
100000132,attack_only,220.000000,260.000000,0.001944,100.000000,0.010171,18,18,9720,18,18,0.000000,28.459259,1000,276624,5,1.000000,1.000000,0,1713,0,10550,0
100000132,defense_vs_attack,320.000000,360.000000,0.001944,100.000000,0.025130,18,18,9720,18,18,0.000000,28.166667,1000,273780,5,1.000000,1.000000,0,1698,0,14647,0
100000132,baseline,420.000000,460.000000,0.001944,100.000000,0.013432,18,18,9720,18,18,0.000000,28.547737,1000,277484,5,1.000000,1.000000,0,1711,0,18796,0
100000134,defense_vs_attack,120.000000,160.000000,0.001944,100.000000,0.093179,18,18,9720,18,18,0.000000,26.059671,1000,253300,7,1.000000,1.000000,0,1665,0,6016,0
100000134,baseline,220.000000,260.000000,0.001944,100.000000,0.014970,18,18,9720,18,18,0.000000,25.345679,1000,246360,7,1.000000,1.000000,0,1621,0,9892,0
100000134,defense_only,320.000000,360.000000,0.001944,100.000000,0.029693,18,18,9720,18,18,0.000000,25.239095,1000,245324,7,1.000000,1.000000,0,1579,0,13717,0
100000134,attack_only,420.000000,460.000000,0.001944,100.000000,0.019178,18,18,9720,18,18,0.000000,26.084362,1000,253540,7,1.000000,1.000000,0,1636,0,17640,0
100000135,baseline,120.000000,160.000000,0.001944,100.000000,0.014848,18,18,9720,18,18,0.000000,25.976955,1000,252496,3,1.000000,1.000000,0,1726,0,6534,0
100000135,attack_only,220.000000,260.000000,0.001944,100.000000,0.005790,18,18,9720,18,18,0.000000,25.679424,1000,249604,3,1.000000,1.000000,0,1715,0,10698,0
100000135,defense_vs_attack,320.000000,360.000000,0.001944,100.000000,0.012813,18,18,9720,18,18,0.000000,25.146914,1000,244428,3,1.000000,1.000000,0,1649,0,14812,0
100000135,defense_only,420.000000,460.000000,0.001944,100.000000,0.007299,18,18,9720,18,18,0.000000,26.644856,1000,258988,3,1.000000,1.000000,0,1742,0,19070,0
100000141,attack_only,120.000000,160.000000,0.001944,100.000000,0.021504,18,18,9720,18,18,0.000000,30.063786,1000,292220,4,1.000000,1.000000,0,1754,0,6481,0
100000141,baseline,220.000000,260.000000,0.001944,100.000000,0.008224,18,18,9720,18,18,0.000000,28.994650,1000,281828,4,1.000000,1.000000,0,1721,0,10629,0
100000141,defense_only,320.000000,360.000000,0.001944,100.000000,0.017616,18,18,9720,18,18,0.000000,29.293827,1000,284736,4,1.000000,1.000000,0,1706,0,14811,0
100000141,defense_vs_attack,420.000000,460.000000,0.001944,100.000000,0.009656,18,18,9720,18,18,0.000000,29.860082,1000,290240,4,1.000000,1.000000,0,1708,0,18978,0
100000143,defense_vs_attack,120.000000,160.000000,0.001944,100.000000,0.046629,18,18,9720,18,18,0.000000,19.793827,1000,192396,9,1.000000,1.000000,0,1649,0,5962,0
100000143,baseline,220.000000,260.000000,0.001944,100.000000,0.018693,18,18,9720,18,18,0.000000,21.772840,1000,211632,9,1.000000,1.000000,0,1634,0,9849,0
100000143,attack_only,320.000000,360.000000,0.001512,93.333333,0.039376,15,14,7560,14,18,22.222222,25.934392,1000,196064,9,1.000000,1.000000,0,1614,0,13666,0
100000143,defense_only,420.000000,460.000000,0.001944,100.000000,0.023741,18,18,9720,18,18,0.000000,21.737449,1000,211288,9,1.000000,1.000000,0,1655,0,17542,0
100000146,defense_only,120.000000,160.000000,0.001944,100.000000,0.033466,18,18,9720,18,18,0.000000,31.087654,1000,302172,6,1.000000,1.000000,0,1771,0,6526,0
100000146,defense_vs_attack,220.000000,260.000000,0.001944,100.000000,0.016858,18,18,9720,18,18,0.000000,31.678189,1000,307912,6,1.000000,1.000000,0,1750,0,10783,0
100000146,baseline,320.000000,360.000000,0.001944,100.000000,0.019033,18,18,9720,18,18,0.000000,31.315226,1000,304384,6,1.000000,1.000000,0,1778,0,15012,0
100000146,attack_only,420.000000,460.000000,0.001944,100.000000,0.018694,18,18,9720,18,18,0.000000,31.561317,1000,306776,6,1.000000,1.000000,0,1774,0,19267,0
100000149,defense_vs_attack,120.000000,160.000000,0.001944,100.000000,0.035912,18,18,9720,18,18,0.000000,28.823045,1000,280160,7,1.000000,1.000000,0,1783,0,6499,0
100000149,baseline,220.000000,260.000000,0.001944,100.000000,0.013806,18,18,9720,18,18,0.000000,28.363786,1000,275696,7,1.000000,1.000000,0,1746,0,10760,0
100000149,defense_only,320.000000,360.000000,0.001944,100.000000,0.030400,18,18,9720,18,18,0.000000,28.422634,1000,276268,7,1.000000,1.000000,0,1775,0,14986,0
100000149,attack_only,420.000000,460.000000,0.001944,100.000000,0.016985,18,18,9720,18,18,0.000000,29.148560,1000,283324,7,1.000000,1.000000,0,1781,0,19237,0
100000152,attack_only,120.000000,160.000000,0.000000,0.000000,0.000000,18,0,0,0,18,100.000000,0.000000,1000,278996,8,1.000000,1.000000,0,1656,0,6296,0
100000152,baseline,220.000000,260.000000,0.001944,100.000000,0.028867,18,18,9720,18,18,0.000000,28.976543,1000,281652,8,1.000000,1.000000,0,1744,0,10454,0
100000152,defense_only,320.000000,360.000000,0.001944,100.000000,0.024799,18,18,9720,18,18,0.000000,28.854733,1000,280468,8,1.000000,1.000000,0,1762,0,14613,0
100000152,defense_vs_attack,420.000000,460.000000,0.000864,44.444444,0.034726,18,8,4320,8,18,55.555556,64.750000,1000,279720,8,1.000000,1.000000,0,1725,0,18701,0
100000153,defense_only,120.000000,160.000000,0.001944,100.000000,0.014863,18,18,9720,18,18,0.000000,22.612346,1000,219792,3,1.000000,1.000000,0,1569,0,5976,0
100000153,defense_vs_attack,220.000000,260.000000,0.001944,100.000000,0.005960,18,18,9720,18,18,0.000000,21.588889,1000,209844,3,1.000000,1.000000,0,1539,0,9776,0
100000153,attack_only,320.000000,360.000000,0.001944,100.000000,0.012812,18,18,9720,18,18,0.000000,21.343621,1000,207460,3,1.000000,1.000000,0,1541,0,13583,0
100000153,baseline,420.000000,460.000000,0.001944,100.000000,0.007640,18,18,9720,18,18,0.000000,22.611523,1000,219784,3,1.000000,1.000000,0,1570,0,17421,0
100000157,defense_vs_attack,120.000000,160.000000,0.000972,50.000000,0.045129,18,9,4860,9,18,50.000000,54.500412,1000,264872,5,1.000000,1.000000,0,1759,0,6518,0
100000157,baseline,220.000000,260.000000,0.001944,100.000000,0.018141,18,18,9720,18,18,0.000000,26.903292,1000,261500,5,1.000000,1.000000,0,1712,0,10686,0
100000157,defense_only,320.000000,360.000000,0.001944,100.000000,0.012033,18,18,9720,18,18,0.000000,27.023457,1000,262668,5,1.000000,1.000000,0,1739,0,14855,0
100000157,attack_only,420.000000,460.000000,0.000000,0.000000,0.000000,18,0,0,0,18,100.000000,0.000000,1000,267604,5,1.000000,1.000000,0,1684,0,18995,0
100000158,defense_vs_attack,120.000000,160.000000,0.001944,100.000000,0.015757,18,18,9720,18,18,0.000000,32.733745,1000,318172,3,1.000000,1.000000,0,1877,0,7096,0
100000158,attack_only,220.000000,260.000000,0.001944,100.000000,0.005908,18,18,9720,18,18,0.000000,32.550206,1000,316388,3,1.000000,1.000000,0,1820,0,11544,0
100000158,defense_only,320.000000,360.000000,0.001944,100.000000,0.013013,18,18,9720,18,18,0.000000,33.358848,1000,324248,3,1.000000,1.000000,0,1866,0,16087,0
100000158,baseline,420.000000,460.000000,0.001944,100.000000,0.007421,18,18,9720,18,18,0.000000,33.323868,1000,323908,3,1.000000,1.000000,0,1847,0,20591,0
100000159,defense_vs_attack,120.000000,160.000000,0.001512,77.777778,0.044349,18,14,7560,14,18,22.222222,27.941270,1000,211236,10,1.000000,1.000000,0,1710,0,6217,0
100000159,defense_only,220.000000,260.000000,0.001944,100.000000,0.019584,18,18,9720,18,18,0.000000,20.705761,1000,201260,9,1.000000,1.000000,0,1675,0,10162,0
100000159,baseline,320.000000,360.000000,0.001944,100.000000,0.038422,18,18,9720,18,18,0.000000,20.563786,1000,199880,9,1.000000,1.000000,0,1684,0,14125,0
100000159,attack_only,420.000000,460.000000,0.000000,0.000000,0.000000,18,0,0,0,18,100.000000,0.000000,1000,213772,10,1.000000,1.000000,0,1713,0,18202,0
100000164,defense_vs_attack,120.000000,160.000000,0.001944,100.000000,0.014885,18,18,9720,18,18,0.000000,30.203704,1000,293580,3,1.000000,1.000000,0,1680,0,6437,0
100000164,attack_only,220.000000,260.000000,0.001944,100.000000,0.005789,18,18,9720,18,18,0.000000,30.382716,1000,295320,3,1.000000,1.000000,0,1714,0,10687,0
100000164,defense_only,320.000000,360.000000,0.001944,100.000000,0.012812,18,18,9720,18,18,0.000000,29.325514,1000,285044,3,1.000000,1.000000,0,1652,0,14723,0
100000164,baseline,420.000000,460.000000,0.001944,100.000000,0.007066,18,18,9720,18,18,0.000000,29.395062,1000,285720,3,1.000000,1.000000,0,1640,0,18819,0
100000165,defense_only,120.000000,160.000000,0.001944,100.000000,0.015131,18,18,9720,18,18,0.000000,26.648148,1000,259020,3,1.000000,1.000000,0,1635,0,6220,0
100000165,defense_vs_attack,220.000000,260.000000,0.001944,100.000000,0.005950,18,18,9720,18,18,0.000000,26.396296,1000,256572,3,1.000000,1.000000,0,1649,0,10221,0
100000165,attack_only,320.000000,360.000000,0.001944,100.000000,0.013102,18,18,9720,18,18,0.000000,26.553498,1000,258100,3,1.000000,1.000000,0,1630,0,14206,0
100000165,baseline,420.000000,460.000000,0.001944,100.000000,0.007263,18,18,9720,18,18,0.000000,26.843210,1000,260916,3,1.000000,1.000000,0,1659,0,18245,0
100000167,attack_only,120.000000,160.000000,0.001944,100.000000,0.025852,18,18,9720,18,18,0.000000,28.475309,1000,276780,5,1.000000,1.000000,0,1703,0,6328,0
100000167,defense_only,220.000000,260.000000,0.001944,100.000000,0.009797,18,18,9720,18,18,0.000000,26.637449,1000,258916,5,1.000000,1.000000,0,1654,0,10303,0
100000167,defense_vs_attack,320.000000,360.000000,0.001944,100.000000,0.021632,18,18,9720,18,18,0.000000,28.237449,1000,274468,5,1.000000,1.000000,0,1677,0,14368,0
100000167,baseline,420.000000,460.000000,0.001944,100.000000,0.012030,18,18,9720,18,18,0.000000,26.937449,1000,261832,5,1.000000,1.000000,0,1630,0,18275,0
100000173,baseline,120.000000,160.000000,0.001944,100.000000,0.015277,18,18,9720,18,18,0.000000,33.854321,1000,329064,3,1.000000,1.000000,0,1813,0,6921,0
100000173,defense_vs_attack,220.000000,260.000000,0.001944,100.000000,0.005986,18,18,9720,18,18,0.000000,33.302469,1000,323700,3,1.000000,1.000000,0,1784,0,11349,0
100000173,defense_only,320.000000,360.000000,0.001944,100.000000,0.012752,18,18,9720,18,18,0.000000,33.857202,1000,329092,3,1.000000,1.000000,0,1815,0,15841,0
100000173,attack_only,420.000000,460.000000,0.001944,100.000000,0.007448,18,18,9720,18,18,0.000000,33.368724,1000,324344,3,1.000000,1.000000,0,1794,0,20275,0
100000178,defense_vs_attack,120.000000,160.000000,0.001944,100.000000,0.020118,18,18,9720,18,18,0.000000,25.609465,1000,248924,4,1.000000,1.000000,0,1824,0,6796,0
100000178,baseline,220.000000,260.000000,0.001944,100.000000,0.007948,18,18,9720,18,18,0.000000,25.495473,1000,247816,4,1.000000,1.000000,0,1727,0,11036,0
100000178,defense_only,320.000000,360.000000,0.001944,100.000000,0.017627,18,18,9720,18,18,0.000000,25.446914,1000,247344,4,1.000000,1.000000,0,1703,0,15195,0
100000178,attack_only,420.000000,460.000000,0.001944,100.000000,0.009498,18,18,9720,18,18,0.000000,25.484774,1000,247712,4,1.000000,1.000000,0,1809,0,19566,0
100000181,defense_only,120.000000,160.000000,0.001944,100.000000,0.015746,18,18,9720,18,18,0.000000,34.818519,1000,338436,3,1.000000,1.000000,0,1771,0,6799,0
100000181,baseline,220.000000,260.000000,0.001944,100.000000,0.005790,18,18,9720,18,18,0.000000,34.579012,1000,336108,3,1.000000,1.000000,0,1783,0,11170,0
100000181,defense_vs_attack,320.000000,360.000000,0.001944,100.000000,0.013394,18,18,9720,18,18,0.000000,34.869136,1000,338928,3,1.000000,1.000000,0,1775,0,15493,0
100000181,attack_only,420.000000,460.000000,0.001944,100.000000,0.007146,18,18,9720,18,18,0.000000,34.927160,1000,339492,3,1.000000,1.000000,0,1774,0,19849,0
100000186,defense_vs_attack,120.000000,160.000000,0.001944,100.000000,0.025856,18,18,9720,18,18,0.000000,32.135391,1000,312356,5,1.000000,1.000000,0,1744,0,6496,0
100000186,baseline,220.000000,260.000000,0.001944,100.000000,0.010235,18,18,9720,18,18,0.000000,31.420576,1000,305408,5,1.000000,1.000000,0,1722,0,10692,0
100000186,defense_only,320.000000,360.000000,0.001944,100.000000,0.021846,18,18,9720,18,18,0.000000,31.567078,1000,306832,5,1.000000,1.000000,0,1715,0,14855,0
100000186,attack_only,420.000000,460.000000,0.001944,100.000000,0.012305,18,18,9720,18,18,0.000000,32.026337,1000,311296,5,1.000000,1.000000,0,1709,0,19060,0
100000188,baseline,120.000000,160.000000,0.001944,100.000000,0.042173,18,18,9720,18,18,0.000000,23.092181,1000,224456,8,1.000000,1.000000,0,1594,0,5845,0
100000188,defense_vs_attack,220.000000,260.000000,0.001944,100.000000,0.016126,18,18,9720,18,18,0.000000,25.459259,1000,247464,8,1.000000,1.000000,0,1665,0,9765,0
100000188,defense_only,320.000000,360.000000,0.001944,100.000000,0.038878,18,18,9720,18,18,0.000000,23.591358,1000,229308,8,1.000000,1.000000,0,1624,0,13553,0
100000188,attack_only,420.000000,460.000000,0.001944,100.000000,0.021363,18,18,9720,18,18,0.000000,25.095885,1000,243932,8,1.000000,1.000000,0,1610,0,17381,0
100000189,defense_vs_attack,120.000000,160.000000,0.001944,100.000000,0.020592,18,18,9720,18,18,0.000000,27.849383,1000,270696,4,1.000000,1.000000,0,1649,0,6278,0
100000189,baseline,220.000000,260.000000,0.001944,100.000000,0.007992,18,18,9720,18,18,0.000000,27.657613,1000,268832,4,1.000000,1.000000,0,1626,0,10256,0
100000189,attack_only,320.000000,360.000000,0.001944,100.000000,0.017317,18,18,9720,18,18,0.000000,28.102881,1000,273160,4,1.000000,1.000000,0,1649,0,14268,0
100000189,defense_only,420.000000,460.000000,0.001944,100.000000,0.009670,18,18,9720,18,18,0.000000,28.114403,1000,273272,4,1.000000,1.000000,0,1639,0,18312,0
100000190,baseline,120.000000,160.000000,0.001944,100.000000,0.031923,18,18,9720,18,18,0.000000,31.040329,1000,301712,6,1.000000,1.000000,0,1944,0,7143,0
100000190,defense_vs_attack,220.000000,260.000000,0.000972,50.000000,0.013064,18,9,4860,9,18,50.000000,64.081481,1000,311436,6,1.000000,1.000000,0,1897,0,11830,0
100000190,attack_only,320.000000,360.000000,0.000000,0.000000,0.000000,18,0,0,0,18,100.000000,0.000000,1000,312264,6,1.000000,1.000000,0,1870,0,16457,0
100000190,defense_only,420.000000,460.000000,0.001944,100.000000,0.017470,18,18,9720,18,18,0.000000,30.754733,1000,298936,6,1.000000,1.000000,0,1868,0,21021,0
100000198,baseline,120.000000,160.000000,0.001944,100.000000,0.046940,18,18,9720,18,18,0.000000,30.850206,1000,299864,9,1.000000,1.000000,0,1995,0,7149,0
100000198,defense_vs_attack,220.000000,260.000000,0.001944,100.000000,0.018648,18,18,9720,18,18,0.000000,31.380247,1000,305016,9,1.000000,1.000000,0,1989,0,11855,0
100000198,defense_only,320.000000,360.000000,0.001944,100.000000,0.039738,18,18,9720,18,18,0.000000,30.828395,1000,299652,9,1.000000,1.000000,0,1940,0,16503,0
100000198,attack_only,420.000000,460.000000,0.000972,50.000000,0.026904,18,9,4860,9,18,50.000000,62.776955,1000,305096,9,1.000000,1.000000,0,1952,0,21133,0
100000208,attack_only,120.000000,160.000000,0.001944,100.000000,0.021322,18,18,9720,18,18,0.000000,21.642798,1000,210368,4,1.000000,1.000000,0,1590,0,5946,0
100000208,baseline,220.000000,260.000000,0.001944,100.000000,0.008328,18,18,9720,18,18,0.000000,21.211934,1000,206180,4,1.000000,1.000000,0,1564,0,9745,0
100000208,defense_vs_attack,320.000000,360.000000,0.001944,100.000000,0.017040,18,18,9720,18,18,0.000000,21.540741,1000,209376,4,1.000000,1.000000,0,1583,0,13600,0
100000208,defense_only,420.000000,460.000000,0.001944,100.000000,0.009880,18,18,9720,18,18,0.000000,20.967490,1000,203804,4,1.000000,1.000000,0,1565,0,17425,0
100000209,defense_vs_attack,120.000000,160.000000,0.001944,100.000000,0.015546,18,18,9720,18,18,0.000000,24.697119,1000,240056,3,1.000000,1.000000,0,1586,0,5921,0
100000209,defense_only,220.000000,260.000000,0.001944,100.000000,0.006265,18,18,9720,18,18,0.000000,23.363374,1000,227092,3,1.000000,1.000000,0,1534,0,9674,0
100000209,attack_only,320.000000,360.000000,0.001944,100.000000,0.012813,18,18,9720,18,18,0.000000,24.709465,1000,240176,3,1.000000,1.000000,0,1565,0,13506,0
100000209,baseline,420.000000,460.000000,0.001944,100.000000,0.007120,18,18,9720,18,18,0.000000,23.319342,1000,226664,3,1.000000,1.000000,0,1554,0,17309,0
100000206,baseline,120.000000,160.000000,0.001944,100.000000,0.101205,18,18,9720,18,18,0.000000,26.842387,1000,260908,9,1.000000,1.000000,0,1804,0,6514,0
100000206,attack_only,220.000000,260.000000,0.000000,0.000000,0.000000,18,0,0,0,18,100.000000,0.000000,1000,262944,9,1.000000,1.000000,0,1680,0,10582,0
100000206,defense_only,320.000000,360.000000,0.001944,100.000000,0.036622,18,18,9720,18,18,0.000000,26.920988,1000,261672,9,1.000000,1.000000,0,1811,0,14841,0
100000206,defense_vs_attack,420.000000,460.000000,0.000972,50.000000,0.043274,18,9,4860,9,18,50.000000,53.592593,1000,260460,9,1.000000,1.000000,0,2091,0,19377,0
100000205,defense_vs_attack,120.000000,160.000000,0.001944,100.000000,0.015791,18,18,9720,18,18,0.000000,28.793004,1000,279868,3,1.000000,1.000000,0,1678,0,6543,0
100000205,attack_only,220.000000,260.000000,0.001944,100.000000,0.005790,18,18,9720,18,18,0.000000,28.537860,1000,277388,3,1.000000,1.000000,0,1674,0,10700,0
100000205,baseline,320.000000,360.000000,0.001944,100.000000,0.012812,18,18,9720,18,18,0.000000,29.126337,1000,283108,3,1.000000,1.000000,0,1694,0,14892,0
100000205,defense_only,420.000000,460.000000,0.001944,100.000000,0.007140,18,18,9720,18,18,0.000000,29.450206,1000,286256,3,1.000000,1.000000,0,1740,0,19120,0
100000211,baseline,120.000000,160.000000,0.001944,100.000000,0.047715,18,18,9720,18,18,0.000000,29.944444,1000,291060,9,1.000000,1.000000,0,1926,0,7037,0
100000211,defense_vs_attack,220.000000,260.000000,0.001944,100.000000,0.018808,18,18,9720,18,18,0.000000,29.644033,1000,288140,9,1.000000,1.000000,0,1970,0,11592,0
100000211,defense_only,320.000000,360.000000,0.001944,100.000000,0.039879,18,18,9720,18,18,0.000000,30.112757,1000,292696,9,1.000000,1.000000,0,1944,0,16146,0
100000211,attack_only,420.000000,460.000000,0.001944,100.000000,0.023066,18,18,9720,18,18,0.000000,29.682305,1000,288512,9,1.000000,1.000000,0,1905,0,20685,0
100000207,attack_only,120.000000,160.000000,0.001944,100.000000,0.020353,18,18,9720,18,18,0.000000,29.133745,1000,283180,4,1.000000,1.000000,0,1598,0,6107,0
100000207,defense_only,220.000000,260.000000,0.001944,100.000000,0.009198,18,18,9720,18,18,0.000000,28.048971,1000,272636,4,1.000000,1.000000,0,1587,0,10015,0
100000207,baseline,320.000000,360.000000,0.001944,100.000000,0.018499,18,18,9720,18,18,0.000000,28.653086,1000,278508,4,1.000000,1.000000,0,1637,0,13968,0
100000207,defense_vs_attack,420.000000,460.000000,0.001944,100.000000,0.009113,18,18,9720,18,18,0.000000,28.034156,1000,272492,4,1.000000,1.000000,0,1603,0,17874,0
100000210,defense_only,120.000000,160.000000,0.001944,100.000000,0.031282,18,18,9720,18,18,0.000000,29.218107,1000,284000,6,1.000000,1.000000,0,1741,0,6468,0
100000210,defense_vs_attack,220.000000,260.000000,0.001944,100.000000,0.012218,18,18,9720,18,18,0.000000,29.567901,1000,287400,6,1.000000,1.000000,0,1726,0,10615,0
100000210,attack_only,320.000000,360.000000,0.001944,100.000000,0.027909,18,18,9720,18,18,0.000000,29.472840,1000,286476,6,1.000000,1.000000,0,1749,0,14789,0
100000210,baseline,420.000000,460.000000,0.001944,100.000000,0.020710,18,18,9720,18,18,0.000000,29.149383,1000,283332,6,1.000000,1.000000,0,1735,0,18993,0
100000216,defense_only,120.000000,160.000000,0.001944,100.000000,0.030638,18,18,9720,18,18,0.000000,28.012346,1000,272280,6,1.000000,1.000000,0,1754,0,6431,0
100000216,attack_only,220.000000,260.000000,0.001944,100.000000,0.012258,18,18,9720,18,18,0.000000,28.387243,1000,275924,6,1.000000,1.000000,0,1770,0,10598,0
100000216,defense_vs_attack,320.000000,360.000000,0.001944,100.000000,0.026415,18,18,9720,18,18,0.000000,28.197531,1000,274080,6,1.000000,1.000000,0,1744,0,14766,0
100000216,baseline,420.000000,460.000000,0.001944,100.000000,0.014683,18,18,9720,18,18,0.000000,27.728807,1000,269524,6,1.000000,1.000000,0,1706,0,18893,0
100000214,baseline,120.000000,160.000000,0.001944,100.000000,0.036608,18,18,9720,18,18,0.000000,24.828395,1000,241332,7,1.000000,1.000000,0,1674,0,6188,0
100000214,defense_vs_attack,220.000000,260.000000,0.000648,37.500000,0.036936,16,6,3240,6,18,66.666667,74.198765,1000,240404,7,1.000000,1.000000,0,1626,0,10177,0
100000214,attack_only,320.000000,360.000000,0.000000,0.000000,0.000000,18,0,0,0,18,100.000000,0.000000,1000,241172,7,1.000000,1.000000,0,1633,0,14177,0
100000214,defense_only,420.000000,460.000000,0.001944,100.000000,0.022362,18,18,9720,18,18,0.000000,25.217284,1000,245112,7,1.000000,1.000000,0,1723,0,18215,0
100000224,attack_only,120.000000,160.000000,0.000000,0.000000,0.000000,18,0,0,0,18,100.000000,0.000000,1000,304124,7,1.000000,1.000000,0,1772,0,6733,0
100000224,baseline,220.000000,260.000000,0.001944,100.000000,0.029421,18,18,9720,18,18,0.000000,31.797942,1000,309076,7,1.000000,1.000000,0,1849,0,11124,0
100000224,defense_vs_attack,320.000000,360.000000,0.000972,50.000000,0.021939,18,9,4860,9,18,50.000000,64.187654,1000,311952,7,1.000000,1.000000,0,1840,0,15526,0
100000224,defense_only,420.000000,460.000000,0.001944,100.000000,0.019624,18,18,9720,18,18,0.000000,32.100412,1000,312016,7,1.000000,1.000000,0,1868,0,20006,0
100000225,defense_only,120.000000,160.000000,0.001944,100.000000,0.015068,18,18,9720,18,18,0.000000,30.375720,1000,295252,3,1.000000,1.000000,0,1755,0,6661,0
100000225,defense_vs_attack,220.000000,260.000000,0.001944,100.000000,0.005789,18,18,9720,18,18,0.000000,30.264198,1000,294168,3,1.000000,1.000000,0,1768,0,10997,0
100000225,baseline,320.000000,360.000000,0.001944,100.000000,0.012812,18,18,9720,18,18,0.000000,30.685185,1000,298260,3,1.000000,1.000000,0,1711,0,15239,0
100000225,attack_only,420.000000,460.000000,0.001944,100.000000,0.007108,18,18,9720,18,18,0.000000,30.255967,1000,294088,3,1.000000,1.000000,0,1728,0,19506,0
100000221,attack_only,120.000000,160.000000,0.000000,0.000000,0.000000,18,0,0,0,18,100.000000,0.000000,1000,272584,7,1.000000,1.000000,0,1659,0,6305,0
100000221,baseline,220.000000,260.000000,0.001944,100.000000,0.026777,18,18,9720,18,18,0.000000,27.452263,1000,266836,7,1.000000,1.000000,0,1658,0,10329,0
100000221,defense_vs_attack,320.000000,360.000000,0.001512,77.777778,0.028230,18,14,7560,14,18,22.222222,36.714815,1000,277564,7,1.000000,1.000000,0,1713,0,14506,0
100000221,defense_only,420.000000,460.000000,0.001944,100.000000,0.023627,18,18,9720,18,18,0.000000,27.794239,1000,270160,7,1.000000,1.000000,0,1722,0,18560,0
100000228,defense_vs_attack,120.000000,160.000000,0.001944,100.000000,0.015010,18,18,9720,18,18,0.000000,27.618519,1000,268452,3,1.000000,1.000000,0,1657,0,6272,0
100000228,attack_only,220.000000,260.000000,0.001944,100.000000,0.006504,18,18,9720,18,18,0.000000,27.658025,1000,268836,3,1.000000,1.000000,0,1648,0,10332,0
100000228,baseline,320.000000,360.000000,0.001944,100.000000,0.012876,18,18,9720,18,18,0.000000,27.209465,1000,264476,3,1.000000,1.000000,0,1673,0,14394,0
100000228,defense_only,420.000000,460.000000,0.001944,100.000000,0.007482,18,18,9720,18,18,0.000000,27.150206,1000,263900,3,1.000000,1.000000,0,1650,0,18458,0
100000227,defense_vs_attack,120.000000,160.000000,0.001512,77.777778,0.020916,18,14,7560,14,18,22.222222,39.724868,1000,300320,4,1.000000,1.000000,0,1812,0,6888,0
100000227,baseline,220.000000,260.000000,0.001944,100.000000,0.013405,18,18,9720,18,18,0.000000,30.858848,1000,299948,4,1.000000,1.000000,0,1842,0,11354,0
100000227,defense_only,320.000000,360.000000,0.001944,100.000000,0.012512,18,18,9720,18,18,0.000000,30.803292,1000,299408,4,1.000000,1.000000,0,1809,0,15733,0
100000227,attack_only,420.000000,460.000000,0.000000,0.000000,0.000000,18,0,0,0,18,100.000000,0.000000,1000,297192,4,1.000000,1.000000,0,1762,0,20058,0
100000230,defense_vs_attack,120.000000,160.000000,0.001944,100.000000,0.025417,18,18,9720,18,18,0.000000,30.913580,1000,300480,5,1.000000,1.000000,0,1775,0,6644,0
100000230,attack_only,220.000000,260.000000,0.001944,100.000000,0.009798,18,18,9720,18,18,0.000000,31.071193,1000,302012,5,1.000000,1.000000,0,1805,0,11003,0
100000230,defense_only,320.000000,360.000000,0.001944,100.000000,0.021641,18,18,9720,18,18,0.000000,29.675309,1000,288444,5,1.000000,1.000000,0,1754,0,15323,0
100000230,baseline,420.000000,460.000000,0.001944,100.000000,0.012126,18,18,9720,18,18,0.000000,29.996708,1000,291568,5,1.000000,1.000000,0,1788,0,19660,0
100000237,baseline,120.000000,160.000000,0.001944,100.000000,0.021333,18,18,9720,18,18,0.000000,30.364198,1000,295140,4,1.000000,1.000000,0,1701,0,6470,0
100000237,defense_only,220.000000,260.000000,0.001944,100.000000,0.007794,18,18,9720,18,18,0.000000,30.788477,1000,299264,4,1.000000,1.000000,0,1741,0,10703,0
100000237,attack_only,320.000000,360.000000,0.001944,100.000000,0.017211,18,18,9720,18,18,0.000000,32.618107,1000,317048,4,1.000000,1.000000,0,1793,0,15039,0
100000237,defense_vs_attack,420.000000,460.000000,0.001944,100.000000,0.009500,18,18,9720,18,18,0.000000,32.424691,1000,315168,4,1.000000,1.000000,0,1746,0,19318,0
100000241,defense_vs_attack,120.000000,160.000000,0.000756,38.888889,0.030668,18,7,3780,7,18,61.111111,77.475132,1000,292856,5,1.000000,1.000000,0,1829,0,6812,0
100000241,defense_only,220.000000,260.000000,0.001944,100.000000,0.018516,18,18,9720,18,18,0.000000,30.290535,1000,294424,5,1.000000,1.000000,0,1855,0,11266,0
100000241,attack_only,320.000000,360.000000,0.000000,0.000000,0.000000,18,0,0,0,18,100.000000,0.000000,1000,285988,5,1.000000,1.000000,0,1673,0,15535,0
100000241,baseline,420.000000,460.000000,0.001944,100.000000,0.014225,18,18,9720,18,18,0.000000,30.293827,1000,294456,5,1.000000,1.000000,0,1825,0,19935,0
100000239,baseline,120.000000,160.000000,0.001944,100.000000,0.025875,18,18,9720,18,18,0.000000,29.400823,1000,285776,5,1.000000,1.000000,0,1669,0,6252,0
100000239,defense_vs_attack,220.000000,260.000000,0.001512,77.777778,0.016679,18,14,7560,14,18,22.222222,37.431217,1000,282980,5,1.000000,1.000000,0,1678,0,10284,0
100000239,attack_only,320.000000,360.000000,0.000000,0.000000,0.000000,18,0,0,0,18,100.000000,0.000000,1000,281676,5,1.000000,1.000000,0,1632,0,14304,0
100000239,defense_only,420.000000,460.000000,0.001944,100.000000,0.013577,18,18,9720,18,18,0.000000,29.306996,1000,284864,5,1.000000,1.000000,0,1649,0,18362,0
100000243,defense_vs_attack,120.000000,160.000000,0.001944,100.000000,0.015755,18,18,9720,18,18,0.000000,29.921811,1000,290840,3,1.000000,1.000000,0,1745,0,6674,0
100000243,baseline,220.000000,260.000000,0.001944,100.000000,0.005852,18,18,9720,18,18,0.000000,30.213169,1000,293672,3,1.000000,1.000000,0,1755,0,10951,0
100000243,attack_only,320.000000,360.000000,0.001944,100.000000,0.013168,18,18,9720,18,18,0.000000,29.716049,1000,288840,3,1.000000,1.000000,0,1705,0,15127,0
100000243,defense_only,420.000000,460.000000,0.001944,100.000000,0.007403,18,18,9720,18,18,0.000000,30.258848,1000,294116,3,1.000000,1.000000,0,1749,0,19343,0
100000242,baseline,120.000000,160.000000,0.001944,100.000000,0.031764,18,18,9720,18,18,0.000000,25.257613,1000,245504,6,1.000000,1.000000,0,1595,0,6012,0
100000242,attack_only,220.000000,260.000000,0.000000,0.000000,0.000000,18,0,0,0,18,100.000000,0.000000,1000,247372,7,1.000000,1.000000,0,1576,0,9798,0
100000242,defense_vs_attack,320.000000,360.000000,0.001512,77.777778,0.019313,18,14,7560,14,18,22.222222,33.808995,1000,255596,7,1.000000,1.000000,0,1626,0,13652,0
100000242,defense_only,420.000000,460.000000,0.001944,100.000000,0.020291,18,18,9720,18,18,0.000000,25.907819,1000,251824,6,1.000000,1.000000,0,1634,0,17543,0
100000246,defense_only,120.000000,160.000000,0.001188,68.750000,0.036984,16,11,5940,11,18,38.888889,41.833670,1000,248492,6,1.000000,1.000000,0,1648,0,6226,0
100000246,attack_only,220.000000,260.000000,0.000000,0.000000,0.000000,18,0,0,0,18,100.000000,0.000000,1000,270860,7,1.000000,1.000000,0,1696,0,10248,0
100000246,baseline,320.000000,360.000000,0.001944,100.000000,0.024443,18,18,9720,18,18,0.000000,26.670370,1000,259236,6,1.000000,1.000000,0,1704,0,14340,0
100000246,defense_vs_attack,420.000000,460.000000,0.000756,50.000000,0.020647,14,7,3780,7,18,61.111111,69.136508,1000,261336,7,1.000000,1.000000,0,1626,0,18340,0
100000253,baseline,120.000000,160.000000,0.001944,100.000000,0.026191,18,18,9720,18,18,0.000000,26.297942,1000,255616,5,1.000000,1.000000,0,1734,0,6541,0
100000253,defense_only,220.000000,260.000000,0.001944,100.000000,0.011476,18,18,9720,18,18,0.000000,26.325103,1000,255880,5,1.000000,1.000000,0,1719,0,10734,0
100000253,defense_vs_attack,320.000000,360.000000,0.001944,100.000000,0.019623,18,18,9720,18,18,0.000000,25.385597,1000,246748,5,1.000000,1.000000,0,1712,0,14958,0
100000253,attack_only,420.000000,460.000000,0.001080,55.555556,0.013396,18,10,5400,10,18,44.444444,45.604444,1000,246264,5,1.000000,1.000000,0,1667,0,19059,0
100000248,baseline,120.000000,160.000000,0.001944,100.000000,0.015442,18,18,9720,18,18,0.000000,27.879012,1000,270984,3,1.000000,1.000000,0,1680,0,6371,0
100000248,defense_vs_attack,220.000000,260.000000,0.001944,100.000000,0.005789,18,18,9720,18,18,0.000000,28.849383,1000,280416,3,1.000000,1.000000,0,1697,0,10507,0
100000248,attack_only,320.000000,360.000000,0.001944,100.000000,0.013011,18,18,9720,18,18,0.000000,28.731687,1000,279272,3,1.000000,1.000000,0,1691,0,14675,0
100000248,defense_only,420.000000,460.000000,0.001944,100.000000,0.007171,18,18,9720,18,18,0.000000,27.861317,1000,270812,3,1.000000,1.000000,0,1686,0,18771,0
100000251,baseline,120.000000,160.000000,0.001944,100.000000,0.036012,18,18,9720,18,18,0.000000,25.676132,1000,249572,7,1.000000,1.000000,0,1711,0,6277,0
100000251,defense_only,220.000000,260.000000,0.001944,100.000000,0.013870,18,18,9720,18,18,0.000000,26.094239,1000,253636,7,1.000000,1.000000,0,1699,0,10279,0
100000251,attack_only,320.000000,360.000000,0.001944,100.000000,0.030439,18,18,9720,18,18,0.000000,25.586420,1000,248700,7,1.000000,1.000000,0,1654,0,14247,0
100000251,defense_vs_attack,420.000000,460.000000,0.001944,100.000000,0.017032,18,18,9720,18,18,0.000000,25.606173,1000,248892,7,1.000000,1.000000,0,1677,0,18216,0
100000252,defense_vs_attack,120.000000,160.000000,0.001512,77.777778,0.020476,18,14,7560,14,18,22.222222,32.107937,1000,242736,4,1.000000,1.000000,0,1610,0,5999,0
100000252,defense_only,220.000000,260.000000,0.001944,100.000000,0.009294,18,18,9720,18,18,0.000000,24.349383,1000,236676,4,1.000000,1.000000,0,1578,0,9894,0
100000252,baseline,320.000000,360.000000,0.001944,100.000000,0.017828,18,18,9720,18,18,0.000000,24.855967,1000,241600,4,1.000000,1.000000,0,1623,0,13783,0
100000252,attack_only,420.000000,460.000000,0.000000,0.000000,0.000000,18,0,0,0,18,100.000000,0.000000,1000,246196,4,1.000000,1.000000,0,1574,0,17650,0
100000254,baseline,120.000000,160.000000,0.001944,100.000000,0.020519,18,18,9720,18,18,0.000000,33.007819,1000,320836,4,1.000000,1.000000,0,1732,0,6608,0
100000254,attack_only,220.000000,260.000000,0.001944,100.000000,0.008044,18,18,9720,18,18,0.000000,34.340329,1000,333788,4,1.000000,1.000000,0,1758,0,10938,0
100000254,defense_only,320.000000,360.000000,0.001944,100.000000,0.018341,18,18,9720,18,18,0.000000,33.002058,1000,320780,4,1.000000,1.000000,0,1723,0,15175,0
100000254,defense_vs_attack,420.000000,460.000000,0.001944,100.000000,0.010050,18,18,9720,18,18,0.000000,33.994239,1000,330424,4,1.000000,1.000000,0,1745,0,19412,0
100000257,defense_only,120.000000,160.000000,0.001944,100.000000,0.084292,18,18,9720,18,18,0.000000,33.581070,1000,326408,5,1.000000,1.000000,0,1857,0,6920,0
100000257,defense_vs_attack,220.000000,260.000000,0.001512,77.777778,0.013158,18,14,7560,14,18,22.222222,43.717989,1000,330508,5,1.000000,1.000000,0,1836,0,11337,0
100000257,attack_only,320.000000,360.000000,0.000000,0.000000,0.000000,18,0,0,0,18,100.000000,0.000000,1000,307008,5,1.000000,1.000000,0,1777,0,15741,0
100000257,baseline,420.000000,460.000000,0.001944,100.000000,0.013743,18,18,9720,18,18,0.000000,33.862140,1000,329140,5,1.000000,1.000000,0,1832,0,20216,0
100000258,defense_vs_attack,120.000000,160.000000,0.001836,94.444444,0.031756,18,17,9180,17,18,5.555556,26.409150,1000,242436,6,1.000000,1.000000,0,1713,0,6198,0
100000258,defense_only,220.000000,260.000000,0.001944,100.000000,0.018890,18,18,9720,18,18,0.000000,26.849383,1000,260976,6,1.000000,1.000000,0,1656,0,10159,0
100000258,baseline,320.000000,360.000000,0.001944,100.000000,0.021295,18,18,9720,18,18,0.000000,26.592593,1000,258480,6,1.000000,1.000000,0,1672,0,14162,0
100000258,attack_only,420.000000,460.000000,0.000000,0.000000,0.000000,18,0,0,0,18,100.000000,0.000000,1000,242656,6,1.000000,1.000000,0,1591,0,18008,0
100000261,defense_vs_attack,120.000000,160.000000,0.000432,30.769231,0.035162,13,4,2160,4,18,77.777778,103.344444,1000,223224,6,1.000000,1.000000,0,1588,0,6030,0
100000261,attack_only,220.000000,260.000000,0.000000,0.000000,0.000000,18,0,0,0,18,100.000000,0.000000,1000,230144,6,1.000000,1.000000,0,1561,0,9863,0
100000261,baseline,320.000000,360.000000,0.001944,100.000000,0.022151,18,18,9720,18,18,0.000000,24.511111,1000,238248,6,1.000000,1.000000,0,1621,0,13793,0
100000261,defense_only,420.000000,460.000000,0.001944,100.000000,0.018390,18,18,9720,18,18,0.000000,24.129218,1000,234536,6,1.000000,1.000000,0,1627,0,17705,0
100000263,defense_vs_attack,120.000000,160.000000,0.001944,100.000000,0.026019,18,18,9720,18,18,0.000000,35.152675,1000,341684,5,1.000000,1.000000,0,1959,0,7224,0
100000263,defense_only,220.000000,260.000000,0.001944,100.000000,0.010310,18,18,9720,18,18,0.000000,34.034568,1000,330816,5,1.000000,1.000000,0,1905,0,11882,0
100000263,attack_only,320.000000,360.000000,0.001944,100.000000,0.021762,18,18,9720,18,18,0.000000,34.930041,1000,339520,5,1.000000,1.000000,0,1965,0,16577,0
100000263,baseline,420.000000,460.000000,0.001944,100.000000,0.012599,18,18,9720,18,18,0.000000,33.841975,1000,328944,5,1.000000,1.000000,0,1948,0,21319,0
100000269,defense_vs_attack,120.000000,160.000000,0.001944,100.000000,0.021027,18,18,9720,18,18,0.000000,24.212757,1000,235348,4,1.000000,1.000000,0,1735,0,6499,0
100000269,attack_only,220.000000,260.000000,0.001944,100.000000,0.007900,18,18,9720,18,18,0.000000,24.672428,1000,239816,4,1.000000,1.000000,0,1710,0,10708,0
100000269,baseline,320.000000,360.000000,0.001944,100.000000,0.017344,18,18,9720,18,18,0.000000,24.800000,1000,241056,4,1.000000,1.000000,0,1707,0,14882,0
100000269,defense_only,420.000000,460.000000,0.001944,100.000000,0.009667,18,18,9720,18,18,0.000000,25.167490,1000,244628,4,1.000000,1.000000,0,1751,0,19081,0
100000270,attack_only,120.000000,160.000000,0.001944,100.000000,0.030924,18,18,9720,18,18,0.000000,26.796708,1000,260464,6,1.000000,1.000000,0,1716,0,6351,0
100000270,defense_vs_attack,220.000000,260.000000,0.001944,100.000000,0.012019,18,18,9720,18,18,0.000000,26.855144,1000,261032,6,1.000000,1.000000,0,1682,0,10431,0
100000270,baseline,320.000000,360.000000,0.001944,100.000000,0.026543,18,18,9720,18,18,0.000000,27.386420,1000,266196,6,1.000000,1.000000,0,1722,0,14574,0
100000270,defense_only,420.000000,460.000000,0.001944,100.000000,0.015070,18,18,9720,18,18,0.000000,27.314403,1000,265496,6,1.000000,1.000000,0,1715,0,18709,0
100000274,defense_vs_attack,120.000000,160.000000,0.000648,40.000000,0.033536,15,6,3240,6,18,66.666667,65.269136,1000,211472,6,1.000000,1.000000,0,1588,0,5919,0
100000274,defense_only,220.000000,260.000000,0.001944,100.000000,0.020016,18,18,9720,18,18,0.000000,22.738683,1000,221020,6,1.000000,1.000000,0,1610,0,9795,0
100000274,attack_only,320.000000,360.000000,0.000000,0.000000,0.000000,18,0,0,0,18,100.000000,0.000000,1000,225080,6,1.000000,1.000000,0,1580,0,13653,0
100000274,baseline,420.000000,460.000000,0.001944,100.000000,0.017690,18,18,9720,18,18,0.000000,22.261317,1000,216380,6,1.000000,1.000000,0,1600,0,17530,0
100000275,defense_only,120.000000,160.000000,0.001944,100.000000,0.015282,18,18,9720,18,18,0.000000,28.978601,1000,281672,3,1.000000,1.000000,0,1797,0,6771,0
100000275,defense_vs_attack,220.000000,260.000000,0.001944,100.000000,0.005788,18,18,9720,18,18,0.000000,28.995885,1000,281840,3,1.000000,1.000000,0,1779,0,11105,0
100000275,baseline,320.000000,360.000000,0.001944,100.000000,0.012811,18,18,9720,18,18,0.000000,28.279835,1000,274880,3,1.000000,1.000000,0,1807,0,15486,0
100000275,attack_only,420.000000,460.000000,0.001944,100.000000,0.007206,18,18,9720,18,18,0.000000,28.323868,1000,275308,3,1.000000,1.000000,0,1746,0,19776,0
100000279,baseline,120.000000,160.000000,0.001944,100.000000,0.015701,18,18,9720,18,18,0.000000,24.729630,1000,240372,3,1.000000,1.000000,0,1550,0,5906,0
100000279,defense_only,220.000000,260.000000,0.001944,100.000000,0.006312,18,18,9720,18,18,0.000000,24.965432,1000,242664,3,1.000000,1.000000,0,1569,0,9730,0
100000279,attack_only,320.000000,360.000000,0.001944,100.000000,0.012577,18,18,9720,18,18,0.000000,25.882716,1000,251580,3,1.000000,1.000000,0,1566,0,13575,0
100000279,defense_vs_attack,420.000000,460.000000,0.001944,100.000000,0.007571,18,18,9720,18,18,0.000000,26.178189,1000,254452,3,1.000000,1.000000,0,1573,0,17425,0
100000278,defense_vs_attack,120.000000,160.000000,0.000648,33.333333,0.033086,18,6,3240,6,18,66.666667,88.793827,1000,287692,5,1.000000,1.000000,0,1870,0,6867,0
100000278,defense_only,220.000000,260.000000,0.001944,100.000000,0.017762,18,18,9720,18,18,0.000000,28.306173,1000,275136,5,1.000000,1.000000,0,1764,0,11137,0
100000278,attack_only,320.000000,360.000000,0.000000,0.000000,0.000000,18,0,0,0,18,100.000000,0.000000,1000,282716,5,1.000000,1.000000,0,1701,0,15352,0
100000278,baseline,420.000000,460.000000,0.001944,100.000000,0.011058,18,18,9720,18,18,0.000000,28.253909,1000,274628,5,1.000000,1.000000,0,1762,0,19626,0
100000280,baseline,120.000000,160.000000,0.001944,100.000000,0.076221,18,18,9720,18,18,0.000000,28.711523,1000,279076,4,1.000000,1.000000,0,1736,0,6541,0
100000280,defense_vs_attack,220.000000,260.000000,0.000972,50.000000,0.024316,18,9,4860,9,18,50.000000,57.916872,1000,281476,4,1.000000,1.000000,0,1738,0,10802,0
100000280,defense_only,320.000000,360.000000,0.001944,100.000000,0.007675,18,18,9720,18,18,0.000000,28.571605,1000,277716,4,1.000000,1.000000,0,1735,0,15025,0
100000280,attack_only,420.000000,460.000000,0.000000,0.000000,0.000000,18,0,0,0,18,100.000000,0.000000,1000,280156,4,1.000000,1.000000,0,1685,0,19229,0
100000284,attack_only,120.000000,160.000000,0.001944,100.000000,0.015613,18,18,9720,18,18,0.000000,28.985185,1000,281736,3,1.000000,1.000000,0,1770,0,6632,0
100000284,defense_vs_attack,220.000000,260.000000,0.001944,100.000000,0.005890,18,18,9720,18,18,0.000000,28.667901,1000,278652,3,1.000000,1.000000,0,1777,0,10932,0
100000284,baseline,320.000000,360.000000,0.001944,100.000000,0.012694,18,18,9720,18,18,0.000000,28.892181,1000,280832,3,1.000000,1.000000,0,1737,0,15209,0
100000284,defense_only,420.000000,460.000000,0.001944,100.000000,0.008031,18,18,9720,18,18,0.000000,28.854321,1000,280464,3,1.000000,1.000000,0,1745,0,19485,0
100000287,defense_only,120.000000,160.000000,0.001944,100.000000,0.041268,18,18,9720,18,18,0.000000,24.144033,1000,234680,8,1.000000,1.000000,0,1747,0,6285,0
100000287,attack_only,220.000000,260.000000,0.001944,100.000000,0.015874,18,18,9720,18,18,0.000000,25.571605,1000,248556,8,1.000000,1.000000,0,1750,0,10433,0
100000287,defense_vs_attack,320.000000,360.000000,0.001944,100.000000,0.036591,18,18,9720,18,18,0.000000,25.463786,1000,247508,8,1.000000,1.000000,0,1749,0,14567,0
100000287,baseline,420.000000,460.000000,0.001944,100.000000,0.018785,18,18,9720,18,18,0.000000,24.423868,1000,237400,8,1.000000,1.000000,0,1696,0,18608,0
100000285,defense_only,120.000000,160.000000,0.001944,100.000000,0.042164,18,18,9720,18,18,0.000000,29.616049,1000,287868,8,1.000000,1.000000,0,1857,0,6708,0
100000285,baseline,220.000000,260.000000,0.001944,100.000000,0.015811,18,18,9720,18,18,0.000000,29.779012,1000,289452,8,1.000000,1.000000,0,1796,0,11069,0
100000285,defense_vs_attack,320.000000,360.000000,0.001944,100.000000,0.034925,18,18,9720,18,18,0.000000,30.373251,1000,295228,8,1.000000,1.000000,0,1855,0,15481,0
100000285,attack_only,420.000000,460.000000,0.001944,100.000000,0.019724,18,18,9720,18,18,0.000000,30.567078,1000,297112,8,1.000000,1.000000,0,1825,0,19790,0
100000290,baseline,120.000000,160.000000,0.001944,100.000000,0.020899,18,18,9720,18,18,0.000000,27.800000,1000,270216,4,1.000000,1.000000,0,1711,0,6356,0
100000290,attack_only,220.000000,260.000000,0.000000,0.000000,0.000000,18,0,0,0,18,100.000000,0.000000,1000,279380,4,1.000000,1.000000,0,1650,0,10446,0
100000290,defense_vs_attack,320.000000,360.000000,0.000972,50.000000,0.011327,18,9,4860,9,18,50.000000,58.345679,1000,283560,4,1.000000,1.000000,0,1700,0,14604,0
100000290,defense_only,420.000000,460.000000,0.001944,100.000000,0.012217,18,18,9720,18,18,0.000000,28.082716,1000,272964,4,1.000000,1.000000,0,1697,0,18701,0
100000291,attack_only,120.000000,160.000000,0.000000,0.000000,0.000000,18,0,0,0,18,100.000000,0.000000,1000,237648,3,1.000000,1.000000,0,1587,0,6162,0
100000291,defense_vs_attack,220.000000,260.000000,0.001080,55.555556,0.036339,18,10,5400,10,18,44.444444,42.270370,1000,228260,3,1.000000,1.000000,0,1653,0,10188,0
100000291,defense_only,320.000000,360.000000,0.001944,100.000000,0.012108,18,18,9720,18,18,0.000000,23.777366,1000,231116,3,1.000000,1.000000,0,1645,0,14205,0
100000291,baseline,420.000000,460.000000,0.001944,100.000000,0.008655,18,18,9720,18,18,0.000000,23.767901,1000,231024,3,1.000000,1.000000,0,1614,0,18164,0
100000294,attack_only,120.000000,160.000000,0.001944,100.000000,0.025745,18,18,9720,18,18,0.000000,29.742387,1000,289096,5,1.000000,1.000000,0,1765,0,6553,0
100000294,baseline,220.000000,260.000000,0.001944,100.000000,0.010001,18,18,9720,18,18,0.000000,29.565844,1000,287380,5,1.000000,1.000000,0,1699,0,10674,0
100000294,defense_vs_attack,320.000000,360.000000,0.001944,100.000000,0.022066,18,18,9720,18,18,0.000000,29.635802,1000,288060,5,1.000000,1.000000,0,1748,0,14836,0
100000294,defense_only,420.000000,460.000000,0.001944,100.000000,0.012133,18,18,9720,18,18,0.000000,29.758436,1000,289252,5,1.000000,1.000000,0,1729,0,19004,0
100000293,defense_only,120.000000,160.000000,0.001944,100.000000,0.036752,18,18,9720,18,18,0.000000,27.200412,1000,264388,7,1.000000,1.000000,0,1745,0,6476,0
100000293,baseline,220.000000,260.000000,0.001944,100.000000,0.014512,18,18,9720,18,18,0.000000,27.506996,1000,267368,7,1.000000,1.000000,0,1743,0,10644,0
100000293,defense_vs_attack,320.000000,360.000000,0.001944,100.000000,0.031656,18,18,9720,18,18,0.000000,27.042798,1000,262856,7,1.000000,1.000000,0,1723,0,14762,0
100000293,attack_only,420.000000,460.000000,0.001944,100.000000,0.016827,18,18,9720,18,18,0.000000,27.016049,1000,262596,7,1.000000,1.000000,0,1774,0,18981,0
100000301,defense_vs_attack,120.000000,160.000000,0.001512,77.777778,0.022533,18,14,7560,14,18,22.222222,35.400529,1000,267628,5,1.000000,1.000000,0,1610,0,6142,0
100000301,baseline,220.000000,260.000000,0.001944,100.000000,0.009715,18,18,9720,18,18,0.000000,27.816049,1000,270372,4,1.000000,1.000000,0,1637,0,10111,0
100000301,defense_only,320.000000,360.000000,0.001944,100.000000,0.015314,18,18,9720,18,18,0.000000,28.054321,1000,272688,4,1.000000,1.000000,0,1643,0,14090,0
100000301,attack_only,420.000000,460.000000,0.000000,0.000000,0.000000,18,0,0,0,18,100.000000,0.000000,1000,266352,5,1.000000,1.000000,0,1585,0,18020,0
100000308,attack_only,120.000000,160.000000,0.000000,0.000000,0.000000,18,0,0,0,18,100.000000,0.000000,1000,286500,5,1.000000,1.000000,0,1697,0,6494,0
100000308,defense_vs_attack,220.000000,260.000000,0.001512,77.777778,0.027985,18,14,7560,14,18,22.222222,38.474603,1000,290868,5,1.000000,1.000000,0,1748,0,10691,0
100000308,defense_only,320.000000,360.000000,0.001944,100.000000,0.012051,18,18,9720,18,18,0.000000,29.612346,1000,287832,5,1.000000,1.000000,0,1775,0,14982,0
100000308,baseline,420.000000,460.000000,0.001944,100.000000,0.019405,18,18,9720,18,18,0.000000,29.613169,1000,287840,5,1.000000,1.000000,0,1756,0,19227,0
100000306,attack_only,120.000000,160.000000,0.000000,0.000000,0.000000,18,0,0,0,18,100.000000,0.000000,1000,277548,7,1.000000,1.000000,0,1719,0,6460,0
100000306,defense_vs_attack,220.000000,260.000000,0.001512,77.777778,0.026875,18,14,7560,14,18,22.222222,37.798942,1000,285760,7,1.000000,1.000000,0,1723,0,10615,0
100000306,defense_only,320.000000,360.000000,0.001944,100.000000,0.017791,18,18,9720,18,18,0.000000,28.838272,1000,280308,6,1.000000,1.000000,0,1718,0,14814,0
100000306,baseline,420.000000,460.000000,0.001944,100.000000,0.021477,18,18,9720,18,18,0.000000,28.983128,1000,281716,6,1.000000,1.000000,0,1778,0,19073,0
100000310,baseline,120.000000,160.000000,0.001944,100.000000,0.015495,18,18,9720,18,18,0.000000,19.434568,1000,188904,3,1.000000,1.000000,0,1445,0,5509,0
100000310,defense_only,220.000000,260.000000,0.001944,100.000000,0.005841,18,18,9720,18,18,0.000000,19.474897,1000,189296,3,1.000000,1.000000,0,1439,0,9021,0
100000310,attack_only,320.000000,360.000000,0.001944,100.000000,0.013031,18,18,9720,18,18,0.000000,20.588477,1000,200120,3,1.000000,1.000000,0,1461,0,12636,0
100000310,defense_vs_attack,420.000000,460.000000,0.001944,100.000000,0.007239,18,18,9720,18,18,0.000000,20.465844,1000,198928,3,1.000000,1.000000,0,1465,0,16224,0
100000316,defense_vs_attack,120.000000,160.000000,0.001944,100.000000,0.026117,18,18,9720,18,18,0.000000,29.405350,1000,285820,5,1.000000,1.000000,0,1796,0,6754,0
100000316,baseline,220.000000,260.000000,0.001944,100.000000,0.010022,18,18,9720,18,18,0.000000,29.793416,1000,289592,5,1.000000,1.000000,0,1834,0,11199,0
100000316,attack_only,320.000000,360.000000,0.001944,100.000000,0.021773,18,18,9720,18,18,0.000000,29.123045,1000,283076,5,1.000000,1.000000,0,1743,0,15489,0
100000316,defense_only,420.000000,460.000000,0.001944,100.000000,0.013953,18,18,9720,18,18,0.000000,29.732099,1000,288996,5,1.000000,1.000000,0,1839,0,19939,0
100000315,defense_vs_attack,120.000000,160.000000,0.001188,61.111111,0.031219,18,11,5940,11,18,38.888889,55.871380,1000,331876,7,1.000000,1.000000,0,1967,0,7348,0
100000315,defense_only,220.000000,260.000000,0.001944,100.000000,0.013767,18,18,9720,18,18,0.000000,33.492181,1000,325544,6,1.000000,1.000000,0,1939,0,11998,0
100000315,attack_only,320.000000,360.000000,0.000000,0.000000,0.000000,18,0,0,0,18,100.000000,0.000000,1000,327248,7,1.000000,1.000000,0,1906,0,16647,0
100000315,baseline,420.000000,460.000000,0.001944,100.000000,0.017170,18,18,9720,18,18,0.000000,33.376955,1000,324424,6,1.000000,1.000000,0,1931,0,21325,0
100000325,attack_only,120.000000,160.000000,0.001944,100.000000,0.015317,18,18,9720,18,18,0.000000,25.304938,1000,245964,3,1.000000,1.000000,0,1550,0,5823,0
100000325,defense_only,220.000000,260.000000,0.001944,100.000000,0.005961,18,18,9720,18,18,0.000000,23.682305,1000,230192,3,1.000000,1.000000,0,1498,0,9489,0
100000325,baseline,320.000000,360.000000,0.001944,100.000000,0.012728,18,18,9720,18,18,0.000000,23.539918,1000,228808,3,1.000000,1.000000,0,1491,0,13141,0
100000325,defense_vs_attack,420.000000,460.000000,0.001944,100.000000,0.007810,18,18,9720,18,18,0.000000,25.351029,1000,246412,3,1.000000,1.000000,0,1528,0,16907,0
100000324,defense_vs_attack,120.000000,160.000000,0.001512,77.777778,0.024305,18,14,7560,14,18,22.222222,40.098942,1000,303148,5,1.000000,1.000000,0,1896,0,7268,0
100000324,baseline,220.000000,260.000000,0.001944,100.000000,0.015146,18,18,9720,18,18,0.000000,30.145679,1000,293016,5,1.000000,1.000000,0,1938,0,12012,0
100000324,attack_only,320.000000,360.000000,0.000000,0.000000,0.000000,18,0,0,0,18,100.000000,0.000000,1000,291556,5,1.000000,1.000000,0,1852,0,16568,0
100000324,defense_only,420.000000,460.000000,0.001944,100.000000,0.014143,18,18,9720,18,18,0.000000,29.995473,1000,291556,5,1.000000,1.000000,0,1945,0,21340,0
100000327,attack_only,120.000000,160.000000,0.000000,0.000000,0.000000,18,0,0,0,18,100.000000,0.000000,1000,281792,4,1.000000,1.000000,0,1735,0,6721,0
100000327,defense_vs_attack,220.000000,260.000000,0.000972,50.000000,0.023920,18,9,4860,9,18,50.000000,58.030453,1000,282028,4,1.000000,1.000000,0,1780,0,11097,0
100000327,baseline,320.000000,360.000000,0.001944,100.000000,0.011605,18,18,9720,18,18,0.000000,29.916049,1000,290784,4,1.000000,1.000000,0,1812,0,15525,0
100000327,defense_only,420.000000,460.000000,0.001944,100.000000,0.011498,18,18,9720,18,18,0.000000,29.637860,1000,288080,4,1.000000,1.000000,0,1827,0,19985,0
100000329,defense_vs_attack,120.000000,160.000000,0.001944,100.000000,0.031871,18,18,9720,18,18,0.000000,26.286831,1000,255508,6,1.000000,1.000000,0,1677,0,6211,0
100000329,attack_only,220.000000,260.000000,0.001944,100.000000,0.012550,18,18,9720,18,18,0.000000,26.297119,1000,255608,6,1.000000,1.000000,0,1633,0,10178,0
100000329,baseline,320.000000,360.000000,0.001944,100.000000,0.026382,18,18,9720,18,18,0.000000,26.591358,1000,258468,6,1.000000,1.000000,0,1681,0,14210,0
100000329,defense_only,420.000000,460.000000,0.001944,100.000000,0.015267,18,18,9720,18,18,0.000000,26.883539,1000,261308,6,1.000000,1.000000,0,1700,0,18239,0
100000331,attack_only,120.000000,160.000000,0.001944,100.000000,0.015505,18,18,9720,18,18,0.000000,29.285597,1000,284656,3,1.000000,1.000000,0,1781,0,6732,0
100000331,baseline,220.000000,260.000000,0.001944,100.000000,0.005790,18,18,9720,18,18,0.000000,28.954321,1000,281436,3,1.000000,1.000000,0,1779,0,11059,0
100000331,defense_only,320.000000,360.000000,0.001944,100.000000,0.012855,18,18,9720,18,18,0.000000,29.341975,1000,285204,3,1.000000,1.000000,0,1795,0,15409,0
100000331,defense_vs_attack,420.000000,460.000000,0.001944,100.000000,0.007163,18,18,9720,18,18,0.000000,29.037449,1000,282244,3,1.000000,1.000000,0,1777,0,19750,0
100000332,attack_only,120.000000,160.000000,0.000000,0.000000,0.000000,18,0,0,0,18,100.000000,0.000000,1000,258420,7,1.000000,1.000000,0,1601,0,6054,0
100000332,defense_vs_attack,220.000000,260.000000,0.000756,38.888889,0.043865,18,7,3780,7,18,61.111111,70.785185,1000,267568,7,1.000000,1.000000,0,1694,0,10057,0
100000332,defense_only,320.000000,360.000000,0.001944,100.000000,0.032013,18,18,9720,18,18,0.000000,26.223045,1000,254888,7,1.000000,1.000000,0,1640,0,13991,0
100000332,baseline,420.000000,460.000000,0.001944,100.000000,0.016124,18,18,9720,18,18,0.000000,26.345267,1000,256076,7,1.000000,1.000000,0,1641,0,17904,0
100000334,defense_vs_attack,120.000000,160.000000,0.001944,100.000000,0.015062,18,18,9720,18,18,0.000000,28.860494,1000,280524,3,1.000000,1.000000,0,1657,0,6288,0
100000334,baseline,220.000000,260.000000,0.001944,100.000000,0.006380,18,18,9720,18,18,0.000000,27.731687,1000,269552,3,1.000000,1.000000,0,1637,0,10297,0
100000334,defense_only,320.000000,360.000000,0.001944,100.000000,0.012825,18,18,9720,18,18,0.000000,27.783951,1000,270060,3,1.000000,1.000000,0,1669,0,14336,0
100000334,attack_only,420.000000,460.000000,0.001944,100.000000,0.007281,18,18,9720,18,18,0.000000,28.496708,1000,276988,3,1.000000,1.000000,0,1648,0,18411,0
100000335,attack_only,120.000000,160.000000,0.001944,100.000000,0.025423,18,18,9720,18,18,0.000000,27.209465,1000,264476,5,1.000000,1.000000,0,1676,0,6281,0
100000335,defense_vs_attack,220.000000,260.000000,0.001944,100.000000,0.009935,18,18,9720,18,18,0.000000,27.140329,1000,263804,5,1.000000,1.000000,0,1671,0,10301,0
100000335,defense_only,320.000000,360.000000,0.001944,100.000000,0.021873,18,18,9720,18,18,0.000000,29.453086,1000,286284,5,1.000000,1.000000,0,1712,0,14432,0
100000335,baseline,420.000000,460.000000,0.001944,100.000000,0.012301,18,18,9720,18,18,0.000000,29.493004,1000,286672,5,1.000000,1.000000,0,1722,0,18612,0
100000336,baseline,120.000000,160.000000,0.001944,100.000000,0.019389,18,18,9720,18,18,0.000000,29.123457,1000,283080,3,1.000000,1.000000,0,1785,0,6770,0
100000336,defense_only,220.000000,260.000000,0.001944,100.000000,0.007704,18,18,9720,18,18,0.000000,29.493416,1000,286676,3,1.000000,1.000000,0,1781,0,11093,0
100000336,defense_vs_attack,320.000000,360.000000,0.001944,100.000000,0.010312,18,18,9720,18,18,0.000000,28.692181,1000,278888,3,1.000000,1.000000,0,1750,0,15405,0
100000336,attack_only,420.000000,460.000000,0.001944,100.000000,0.009647,18,18,9720,18,18,0.000000,28.575309,1000,277752,3,1.000000,1.000000,0,1733,0,19756,0
100000342,baseline,120.000000,160.000000,0.001944,100.000000,0.031615,18,18,9720,18,18,0.000000,29.788889,1000,289548,6,1.000000,1.000000,0,1742,0,6545,0
100000342,defense_only,220.000000,260.000000,0.001944,100.000000,0.011802,18,18,9720,18,18,0.000000,29.936214,1000,290980,6,1.000000,1.000000,0,1728,0,10758,0
100000342,defense_vs_attack,320.000000,360.000000,0.001944,100.000000,0.026246,18,18,9720,18,18,0.000000,30.524280,1000,296696,6,1.000000,1.000000,0,1699,0,14892,0
100000342,attack_only,420.000000,460.000000,0.001944,100.000000,0.014438,18,18,9720,18,18,0.000000,30.649383,1000,297912,6,1.000000,1.000000,0,1738,0,19060,0
100000347,attack_only,120.000000,160.000000,0.000000,0.000000,0.000000,18,0,0,0,18,100.000000,0.000000,1000,253660,5,1.000000,1.000000,0,1683,0,6390,0
100000347,defense_vs_attack,220.000000,260.000000,0.001080,55.555556,0.025903,18,10,5400,10,18,44.444444,47.145185,1000,254584,5,1.000000,1.000000,0,1725,0,10560,0
100000347,baseline,320.000000,360.000000,0.001944,100.000000,0.022665,18,18,9720,18,18,0.000000,25.942798,1000,252164,5,1.000000,1.000000,0,1677,0,14666,0
100000347,defense_only,420.000000,460.000000,0.001944,100.000000,0.009891,18,18,9720,18,18,0.000000,25.952675,1000,252260,5,1.000000,1.000000,0,1731,0,18805,0
100000349,defense_only,120.000000,160.000000,0.001944,100.000000,0.030796,18,18,9720,18,18,0.000000,24.328395,1000,236472,6,1.000000,1.000000,0,1717,0,6254,0
100000349,defense_vs_attack,220.000000,260.000000,0.001944,100.000000,0.011887,18,18,9720,18,18,0.000000,25.532099,1000,248172,6,1.000000,1.000000,0,1710,0,10362,0
100000349,attack_only,320.000000,360.000000,0.001944,100.000000,0.026178,18,18,9720,18,18,0.000000,25.902469,1000,251772,6,1.000000,1.000000,0,1715,0,14465,0
100000349,baseline,420.000000,460.000000,0.001944,100.000000,0.014451,18,18,9720,18,18,0.000000,23.756790,1000,230916,6,1.000000,1.000000,0,1654,0,18468,0
100000356,defense_only,120.000000,160.000000,0.001944,100.000000,0.020868,18,18,9720,18,18,0.000000,27.033745,1000,262768,4,1.000000,1.000000,0,1671,0,6321,0
100000356,baseline,220.000000,260.000000,0.001944,100.000000,0.007851,18,18,9720,18,18,0.000000,27.040329,1000,262832,4,1.000000,1.000000,0,1694,0,10413,0
100000356,attack_only,320.000000,360.000000,0.001944,100.000000,0.017265,18,18,9720,18,18,0.000000,28.180247,1000,273912,4,1.000000,1.000000,0,1733,0,14588,0
100000356,defense_vs_attack,420.000000,460.000000,0.001944,100.000000,0.009589,18,18,9720,18,18,0.000000,28.196708,1000,274072,4,1.000000,1.000000,0,1687,0,18693,0
100000359,baseline,120.000000,160.000000,0.001944,100.000000,0.020822,18,18,9720,18,18,0.000000,29.932510,1000,290944,4,1.000000,1.000000,0,1772,0,6811,0
100000359,defense_vs_attack,220.000000,260.000000,0.001944,100.000000,0.007872,18,18,9720,18,18,0.000000,29.969959,1000,291308,4,1.000000,1.000000,0,1795,0,11176,0
100000359,defense_only,320.000000,360.000000,0.001944,100.000000,0.017348,18,18,9720,18,18,0.000000,30.269547,1000,294220,4,1.000000,1.000000,0,1835,0,15558,0
100000359,attack_only,420.000000,460.000000,0.001944,100.000000,0.009593,18,18,9720,18,18,0.000000,29.935391,1000,290972,4,1.000000,1.000000,0,1785,0,19910,0
100000358,defense_only,120.000000,160.000000,0.001944,100.000000,0.030969,18,18,9720,18,18,0.000000,27.969959,1000,271868,6,1.000000,1.000000,0,1642,0,6159,0
100000358,baseline,220.000000,260.000000,0.001944,100.000000,0.012119,18,18,9720,18,18,0.000000,28.139095,1000,273512,6,1.000000,1.000000,0,1678,0,10119,0
100000358,defense_vs_attack,320.000000,360.000000,0.000648,33.333333,0.046797,18,6,3240,6,18,66.666667,85.083951,1000,275672,6,1.000000,1.000000,0,1650,0,14057,0
100000358,attack_only,420.000000,460.000000,0.000000,0.000000,0.000000,18,0,0,0,18,100.000000,0.000000,1000,256536,6,1.000000,1.000000,0,1615,0,17972,0
100000364,defense_vs_attack,120.000000,160.000000,0.000540,27.777778,0.041869,18,5,2700,5,18,72.222222,106.580741,1000,287768,8,1.000000,1.000000,0,1821,0,6620,0
100000364,attack_only,220.000000,260.000000,0.000000,0.000000,0.000000,18,0,0,0,18,100.000000,0.000000,1000,291488,8,1.000000,1.000000,0,1781,0,10876,0
100000364,defense_only,320.000000,360.000000,0.001944,100.000000,0.029160,18,18,9720,18,18,0.000000,30.381070,1000,295304,8,1.000000,1.000000,0,1809,0,15163,0
100000364,baseline,420.000000,460.000000,0.001944,100.000000,0.023977,18,18,9720,18,18,0.000000,30.257202,1000,294100,8,1.000000,1.000000,0,1789,0,19454,0
100000365,defense_vs_attack,120.000000,160.000000,0.001944,100.000000,0.025889,18,18,9720,18,18,0.000000,32.310288,1000,314056,5,1.000000,1.000000,0,1887,0,7029,0
100000365,defense_only,220.000000,260.000000,0.001944,100.000000,0.009839,18,18,9720,18,18,0.000000,33.289712,1000,323576,5,1.000000,1.000000,0,1933,0,11613,0
100000365,baseline,320.000000,360.000000,0.001944,100.000000,0.021810,18,18,9720,18,18,0.000000,33.360905,1000,324268,5,1.000000,1.000000,0,1925,0,16238,0
100000365,attack_only,420.000000,460.000000,0.001944,100.000000,0.012332,18,18,9720,18,18,0.000000,32.584362,1000,316720,5,1.000000,1.000000,0,1871,0,20836,0
100000368,defense_only,120.000000,160.000000,0.001944,100.000000,0.080891,18,18,9720,18,18,0.000000,26.522634,1000,257800,5,1.000000,1.000000,0,1693,0,6347,0
100000368,defense_vs_attack,220.000000,260.000000,0.001512,77.777778,0.020467,18,14,7560,14,18,22.222222,34.452910,1000,260464,5,1.000000,1.000000,0,1718,0,10455,0
100000368,baseline,320.000000,360.000000,0.001944,100.000000,0.014689,18,18,9720,18,18,0.000000,26.659259,1000,259128,5,1.000000,1.000000,0,1693,0,14571,0
100000368,attack_only,420.000000,460.000000,0.000000,0.000000,0.000000,18,0,0,0,18,100.000000,0.000000,1000,259304,5,1.000000,1.000000,0,1674,0,18679,0
100000367,baseline,120.000000,160.000000,0.001944,100.000000,0.031323,18,18,9720,18,18,0.000000,30.755967,1000,298948,6,1.000000,1.000000,0,1829,0,6665,0
100000367,defense_vs_attack,220.000000,260.000000,0.001512,77.777778,0.019665,18,14,7560,14,18,22.222222,40.049735,1000,302776,6,1.000000,1.000000,0,1713,0,10873,0
100000367,attack_only,320.000000,360.000000,0.000000,0.000000,0.000000,18,0,0,0,18,100.000000,0.000000,1000,310048,6,1.000000,1.000000,0,1707,0,15128,0
100000367,defense_only,420.000000,460.000000,0.001944,100.000000,0.022389,18,18,9720,18,18,0.000000,30.811523,1000,299488,6,1.000000,1.000000,0,1806,0,19482,0
100000378,baseline,120.000000,160.000000,0.001944,100.000000,0.026908,18,18,9720,18,18,0.000000,26.555967,1000,258124,5,1.000000,1.000000,0,1746,0,6542,0
100000378,attack_only,220.000000,260.000000,0.000000,0.000000,0.000000,18,0,0,0,18,100.000000,0.000000,1000,290468,6,1.000000,1.000000,0,1773,0,10865,0
100000378,defense_vs_attack,320.000000,360.000000,0.001512,77.777778,0.016989,18,14,7560,14,18,22.222222,36.931217,1000,279200,6,1.000000,1.000000,0,1787,0,15301,0
100000378,defense_only,420.000000,460.000000,0.001944,100.000000,0.016809,18,18,9720,18,18,0.000000,26.017695,1000,252892,5,1.000000,1.000000,0,1700,0,19494,0
100000379,baseline,120.000000,160.000000,0.001944,100.000000,0.031323,18,18,9720,18,18,0.000000,27.245679,1000,264828,6,1.000000,1.000000,0,1721,0,6318,0
100000379,defense_vs_attack,220.000000,260.000000,0.001944,100.000000,0.012613,18,18,9720,18,18,0.000000,27.757202,1000,269800,6,1.000000,1.000000,0,1692,0,10393,0
100000379,defense_only,320.000000,360.000000,0.001944,100.000000,0.025201,18,18,9720,18,18,0.000000,26.517695,1000,257752,6,1.000000,1.000000,0,1681,0,14497,0
100000379,attack_only,420.000000,460.000000,0.001944,100.000000,0.020507,18,18,9720,18,18,0.000000,27.320576,1000,265556,6,1.000000,1.000000,0,1697,0,18580,0
100000387,attack_only,120.000000,160.000000,0.001944,100.000000,0.020875,18,18,9720,18,18,0.000000,26.227572,1000,254932,4,1.000000,1.000000,0,1686,0,6316,0
100000387,baseline,220.000000,260.000000,0.001944,100.000000,0.008366,18,18,9720,18,18,0.000000,25.592181,1000,248756,4,1.000000,1.000000,0,1644,0,10330,0
100000387,defense_vs_attack,320.000000,360.000000,0.001944,100.000000,0.016737,18,18,9720,18,18,0.000000,26.229218,1000,254948,4,1.000000,1.000000,0,1671,0,14346,0
100000387,defense_only,420.000000,460.000000,0.001944,100.000000,0.010004,18,18,9720,18,18,0.000000,25.646914,1000,249288,4,1.000000,1.000000,0,1636,0,18360,0
100000383,attack_only,120.000000,160.000000,0.001944,100.000000,0.070126,18,18,9720,18,18,0.000000,36.869547,1000,358372,3,1.000000,1.000000,0,1815,0,6895,0
100000383,baseline,220.000000,260.000000,0.001944,100.000000,0.006440,18,18,9720,18,18,0.000000,36.785185,1000,357552,3,1.000000,1.000000,0,1838,0,11452,0
100000383,defense_only,320.000000,360.000000,0.001944,100.000000,0.012581,18,18,9720,18,18,0.000000,37.022222,1000,359856,3,1.000000,1.000000,0,1824,0,15943,0
100000383,defense_vs_attack,420.000000,460.000000,0.001944,100.000000,0.007448,18,18,9720,18,18,0.000000,36.886831,1000,358540,3,1.000000,1.000000,0,1840,0,20465,0
100000385,attack_only,120.000000,160.000000,0.000000,0.000000,0.000000,18,0,0,0,18,100.000000,0.000000,1000,333840,6,1.000000,1.000000,0,1813,0,6838,0
100000385,defense_vs_attack,220.000000,260.000000,0.001512,77.777778,0.016430,18,14,7560,14,18,22.222222,44.231217,1000,334388,6,1.000000,1.000000,0,1816,0,11274,0
100000385,baseline,320.000000,360.000000,0.001944,100.000000,0.018213,18,18,9720,18,18,0.000000,33.425926,1000,324900,5,1.000000,1.000000,0,1819,0,15687,0
100000385,defense_only,420.000000,460.000000,0.001944,100.000000,0.015261,18,18,9720,18,18,0.000000,33.464198,1000,325272,5,1.000000,1.000000,0,1795,0,20087,0
100000390,defense_only,120.000000,160.000000,0.001944,100.000000,0.015111,18,18,9720,18,18,0.000000,27.174074,1000,264132,3,1.000000,1.000000,0,1608,0,6174,0
100000390,defense_vs_attack,220.000000,260.000000,0.001944,100.000000,0.005981,18,18,9720,18,18,0.000000,27.350617,1000,265848,3,1.000000,1.000000,0,1645,0,10146,0
100000390,attack_only,320.000000,360.000000,0.001944,100.000000,0.012818,18,18,9720,18,18,0.000000,27.349794,1000,265840,3,1.000000,1.000000,0,1620,0,14111,0
100000390,baseline,420.000000,460.000000,0.001944,100.000000,0.007363,18,18,9720,18,18,0.000000,27.098354,1000,263396,3,1.000000,1.000000,0,1606,0,18054,0
100000392,attack_only,120.000000,160.000000,0.000000,0.000000,0.000000,18,0,0,0,18,100.000000,0.000000,1000,258544,6,1.000000,1.000000,0,1670,0,6393,0
100000392,baseline,220.000000,260.000000,0.001944,100.000000,0.025093,18,18,9720,18,18,0.000000,27.157202,1000,263968,6,1.000000,1.000000,0,1757,0,10643,0
100000392,defense_only,320.000000,360.000000,0.001944,100.000000,0.017235,18,18,9720,18,18,0.000000,27.404938,1000,266376,6,1.000000,1.000000,0,1779,0,14884,0
100000392,defense_vs_attack,420.000000,460.000000,0.001080,55.555556,0.023883,18,10,5400,10,18,44.444444,48.261481,1000,260612,6,1.000000,1.000000,0,1679,0,18975,0
100000395,attack_only,120.000000,160.000000,0.001944,100.000000,0.021015,18,18,9720,18,18,0.000000,25.991770,1000,252640,4,1.000000,1.000000,0,1754,0,6566,0
100000395,baseline,220.000000,260.000000,0.001944,100.000000,0.007793,18,18,9720,18,18,0.000000,26.296296,1000,255600,4,1.000000,1.000000,0,1739,0,10775,0
100000395,defense_only,320.000000,360.000000,0.001944,100.000000,0.017509,18,18,9720,18,18,0.000000,25.905350,1000,251800,4,1.000000,1.000000,0,1681,0,14935,0
100000395,defense_vs_attack,420.000000,460.000000,0.001944,100.000000,0.009574,18,18,9720,18,18,0.000000,26.214815,1000,254808,4,1.000000,1.000000,0,1769,0,19196,0
100000396,defense_only,120.000000,160.000000,0.001944,100.000000,0.020692,18,18,9720,18,18,0.000000,24.283951,1000,236040,4,1.000000,1.000000,0,1632,0,6272,0
100000396,defense_vs_attack,220.000000,260.000000,0.001188,61.111111,0.016985,18,11,5940,11,18,38.888889,41.290236,1000,245264,4,1.000000,1.000000,0,1692,0,10339,0
100000396,baseline,320.000000,360.000000,0.001944,100.000000,0.012129,18,18,9720,18,18,0.000000,24.376132,1000,236936,4,1.000000,1.000000,0,1661,0,14333,0
100000396,attack_only,420.000000,460.000000,0.000000,0.000000,0.000000,18,0,0,0,18,100.000000,0.000000,1000,247560,4,1.000000,1.000000,0,1653,0,18361,0
100000402,attack_only,120.000000,160.000000,0.001944,100.000000,0.041391,18,18,9720,18,18,0.000000,37.147325,1000,361072,8,1.000000,1.000000,0,1998,0,7314,0
100000402,defense_only,220.000000,260.000000,0.001944,100.000000,0.015880,18,18,9720,18,18,0.000000,35.479424,1000,344860,8,1.000000,1.000000,0,1967,0,12026,0
100000402,defense_vs_attack,320.000000,360.000000,0.001944,100.000000,0.034911,18,18,9720,18,18,0.000000,36.972428,1000,359372,8,1.000000,1.000000,0,1966,0,16707,0
100000402,baseline,420.000000,460.000000,0.001944,100.000000,0.019879,18,18,9720,18,18,0.000000,35.555967,1000,345604,8,1.000000,1.000000,0,1945,0,21378,0
100000403,attack_only,120.000000,160.000000,0.001944,100.000000,0.020973,18,18,9720,18,18,0.000000,28.849383,1000,280416,4,1.000000,1.000000,0,1729,0,6555,0
100000403,defense_only,220.000000,260.000000,0.001944,100.000000,0.007992,18,18,9720,18,18,0.000000,27.360905,1000,265948,4,1.000000,1.000000,0,1678,0,10714,0
100000403,baseline,320.000000,360.000000,0.001944,100.000000,0.017282,18,18,9720,18,18,0.000000,27.655556,1000,268812,4,1.000000,1.000000,0,1681,0,14810,0
100000403,defense_vs_attack,420.000000,460.000000,0.001944,100.000000,0.009917,18,18,9720,18,18,0.000000,28.888889,1000,280800,4,1.000000,1.000000,0,1701,0,19071,0
100000404,baseline,120.000000,160.000000,0.001944,100.000000,0.032024,18,18,9720,18,18,0.000000,29.968724,1000,291296,6,1.000000,1.000000,0,1866,0,6889,0
100000404,defense_only,220.000000,260.000000,0.001944,100.000000,0.012445,18,18,9720,18,18,0.000000,30.140329,1000,292964,6,1.000000,1.000000,0,1851,0,11330,0
100000404,defense_vs_attack,320.000000,360.000000,0.001944,100.000000,0.084010,18,18,9720,18,18,0.000000,29.566667,1000,287388,6,1.000000,1.000000,0,1838,0,15770,0
100000404,attack_only,420.000000,460.000000,0.001944,100.000000,0.017825,18,18,9720,18,18,0.000000,29.711111,1000,288792,6,1.000000,1.000000,0,1858,0,20276,0
100000401,attack_only,120.000000,160.000000,0.000000,0.000000,0.000000,18,0,0,0,18,100.000000,0.000000,1000,279412,6,1.000000,1.000000,0,1646,0,6305,0
100000401,defense_only,220.000000,260.000000,0.001944,100.000000,0.019357,18,18,9720,18,18,0.000000,29.620165,1000,287908,5,1.000000,1.000000,0,1718,0,10435,0
100000401,defense_vs_attack,320.000000,360.000000,0.001512,77.777778,0.017155,18,14,7560,14,18,22.222222,37.965079,1000,287016,6,1.000000,1.000000,0,1708,0,14557,0
100000401,baseline,420.000000,460.000000,0.001944,100.000000,0.016880,18,18,9720,18,18,0.000000,29.665844,1000,288352,5,1.000000,1.000000,0,1726,0,18653,0
100000406,attack_only,120.000000,160.000000,0.000000,0.000000,0.000000,18,0,0,0,18,100.000000,0.000000,1000,289564,5,1.000000,1.000000,0,1724,0,6548,0
100000406,defense_only,220.000000,260.000000,0.001944,100.000000,0.017740,18,18,9720,18,18,0.000000,28.422222,1000,276264,4,1.000000,1.000000,0,1731,0,10799,0
100000406,baseline,320.000000,360.000000,0.001944,100.000000,0.010378,18,18,9720,18,18,0.000000,28.566667,1000,277668,4,1.000000,1.000000,0,1748,0,15034,0
100000406,defense_vs_attack,420.000000,460.000000,0.001512,77.777778,0.018553,18,14,7560,14,18,22.222222,38.331217,1000,289784,5,1.000000,1.000000,0,1722,0,19315,0
100000412,attack_only,120.000000,160.000000,0.000000,0.000000,0.000000,18,0,0,0,18,100.000000,0.000000,1000,334276,5,1.000000,1.000000,0,1860,0,6960,0
100000412,defense_vs_attack,220.000000,260.000000,0.001080,55.555556,0.040513,18,10,5400,10,18,44.444444,61.900741,1000,334264,5,1.000000,1.000000,0,1892,0,11504,0
100000412,defense_only,320.000000,360.000000,0.001944,100.000000,0.020781,18,18,9720,18,18,0.000000,34.193416,1000,332360,5,1.000000,1.000000,0,1878,0,16069,0
100000412,baseline,420.000000,460.000000,0.001944,100.000000,0.011445,18,18,9720,18,18,0.000000,34.104938,1000,331500,5,1.000000,1.000000,0,1884,0,20648,0
100000413,defense_only,120.000000,160.000000,0.001944,100.000000,0.036629,18,18,9720,18,18,0.000000,26.467078,1000,257260,7,1.000000,1.000000,0,1720,0,6321,0
100000413,attack_only,220.000000,260.000000,0.000000,0.000000,0.000000,18,0,0,0,18,100.000000,0.000000,1000,234476,7,1.000000,1.000000,0,1525,0,10135,0
100000413,defense_vs_attack,320.000000,360.000000,0.000648,33.333333,0.033515,18,6,3240,6,18,66.666667,73.034568,1000,236632,7,1.000000,1.000000,0,1603,0,13992,0
100000413,baseline,420.000000,460.000000,0.001944,100.000000,0.025355,18,18,9720,18,18,0.000000,26.605761,1000,258608,7,1.000000,1.000000,0,1684,0,18053,0
100000416,attack_only,120.000000,160.000000,0.001944,100.000000,0.042345,18,18,9720,18,18,0.000000,28.554321,1000,277548,8,1.000000,1.000000,0,1874,0,6718,0
100000416,baseline,220.000000,260.000000,0.001944,100.000000,0.015942,18,18,9720,18,18,0.000000,28.358848,1000,275648,8,1.000000,1.000000,0,1836,0,11075,0
100000416,defense_only,320.000000,360.000000,0.001944,100.000000,0.035645,18,18,9720,18,18,0.000000,28.220576,1000,274304,8,1.000000,1.000000,0,1802,0,15452,0
100000416,defense_vs_attack,420.000000,460.000000,0.001944,100.000000,0.020261,18,18,9720,18,18,0.000000,28.700000,1000,278964,8,1.000000,1.000000,0,1834,0,19793,0
100000419,baseline,120.000000,160.000000,0.001944,100.000000,0.020212,18,18,9720,18,18,0.000000,26.539095,1000,257960,4,1.000000,1.000000,0,1714,0,6563,0
100000419,defense_only,220.000000,260.000000,0.001944,100.000000,0.008073,18,18,9720,18,18,0.000000,26.674486,1000,259276,4,1.000000,1.000000,0,1687,0,10780,0
100000419,attack_only,320.000000,360.000000,0.000000,0.000000,0.000000,18,0,0,0,18,100.000000,0.000000,1000,262024,5,1.000000,1.000000,0,1704,0,14941,0
100000419,defense_vs_attack,420.000000,460.000000,0.001512,77.777778,0.015784,18,14,7560,14,18,22.222222,35.132804,1000,265604,5,1.000000,1.000000,0,1711,0,19144,0
100000422,attack_only,120.000000,160.000000,0.001944,100.000000,0.015329,18,18,9720,18,18,0.000000,28.979012,1000,281676,3,1.000000,1.000000,0,1714,0,6444,0
100000422,defense_vs_attack,220.000000,260.000000,0.001944,100.000000,0.005994,18,18,9720,18,18,0.000000,28.616049,1000,278148,3,1.000000,1.000000,0,1657,0,10537,0
100000422,baseline,320.000000,360.000000,0.001944,100.000000,0.012811,18,18,9720,18,18,0.000000,29.034979,1000,282220,3,1.000000,1.000000,0,1687,0,14706,0
100000422,defense_only,420.000000,460.000000,0.001944,100.000000,0.007161,18,18,9720,18,18,0.000000,29.049794,1000,282364,3,1.000000,1.000000,0,1704,0,18873,0
100000420,defense_only,120.000000,160.000000,0.001944,100.000000,0.041414,18,18,9720,18,18,0.000000,30.218930,1000,293728,8,1.000000,1.000000,0,1837,0,6735,0
100000420,baseline,220.000000,260.000000,0.001944,100.000000,0.016517,18,18,9720,18,18,0.000000,30.186831,1000,293416,8,1.000000,1.000000,0,1838,0,11128,0
100000420,defense_vs_attack,320.000000,360.000000,0.001512,77.777778,0.038082,18,14,7560,14,18,22.222222,39.064550,1000,295328,9,1.000000,1.000000,0,1779,0,15430,0
100000420,attack_only,420.000000,460.000000,0.000000,0.000000,0.000000,18,0,0,0,18,100.000000,0.000000,1000,295852,9,1.000000,1.000000,0,1765,0,19744,0
100000427,baseline,120.000000,160.000000,0.001944,100.000000,0.015407,18,18,9720,18,18,0.000000,22.589300,1000,219568,3,1.000000,1.000000,0,1517,0,5828,0
100000427,defense_only,220.000000,260.000000,0.001944,100.000000,0.006092,18,18,9720,18,18,0.000000,23.134568,1000,224868,3,1.000000,1.000000,0,1561,0,9594,0
100000427,defense_vs_attack,320.000000,360.000000,0.001944,100.000000,0.012765,18,18,9720,18,18,0.000000,23.690535,1000,230272,3,1.000000,1.000000,0,1566,0,13363,0
100000427,attack_only,420.000000,460.000000,0.001944,100.000000,0.007423,18,18,9720,18,18,0.000000,23.370782,1000,227164,3,1.000000,1.000000,0,1548,0,17122,0
100000431,defense_vs_attack,120.000000,160.000000,0.001944,100.000000,0.023825,18,18,9720,18,18,0.000000,24.756379,1000,240632,4,1.000000,1.000000,0,1660,0,6244,0
100000431,baseline,220.000000,260.000000,0.001944,100.000000,0.009660,18,18,9720,18,18,0.000000,25.322634,1000,246136,4,1.000000,1.000000,0,1668,0,10288,0
100000431,attack_only,320.000000,360.000000,0.001944,100.000000,0.014534,18,18,9720,18,18,0.000000,24.545679,1000,238584,4,1.000000,1.000000,0,1660,0,14276,0
100000431,defense_only,420.000000,460.000000,0.001944,100.000000,0.011907,18,18,9720,18,18,0.000000,25.157613,1000,244532,4,1.000000,1.000000,0,1617,0,18232,0
100000432,baseline,120.000000,160.000000,0.001944,100.000000,0.040849,18,18,9720,18,18,0.000000,25.564198,1000,248484,8,1.000000,1.000000,0,1724,0,6340,0
100000432,defense_vs_attack,220.000000,260.000000,0.000972,50.000000,0.022608,18,9,4860,9,18,50.000000,51.389300,1000,249752,8,1.000000,1.000000,0,1729,0,10393,0
100000432,defense_only,320.000000,360.000000,0.001944,100.000000,0.029227,18,18,9720,18,18,0.000000,25.454733,1000,247420,8,1.000000,1.000000,0,1739,0,14466,0
100000432,attack_only,420.000000,460.000000,0.000000,0.000000,0.000000,18,0,0,0,18,100.000000,0.000000,1000,245376,8,1.000000,1.000000,0,1674,0,18527,0
100000439,defense_only,120.000000,160.000000,0.001944,100.000000,0.036867,18,18,9720,18,18,0.000000,24.488066,1000,238024,7,1.000000,1.000000,0,1795,0,6546,0
100000439,attack_only,220.000000,260.000000,0.001944,100.000000,0.014018,18,18,9720,18,18,0.000000,26.059671,1000,253300,7,1.000000,1.000000,0,1863,0,10905,0
100000439,baseline,320.000000,360.000000,0.001944,100.000000,0.030513,18,18,9720,18,18,0.000000,24.582716,1000,238944,7,1.000000,1.000000,0,1785,0,15149,0
100000439,defense_vs_attack,420.000000,460.000000,0.001944,100.000000,0.016899,18,18,9720,18,18,0.000000,26.107819,1000,253768,7,1.000000,1.000000,0,1822,0,19529,0
100000436,baseline,120.000000,160.000000,0.001944,100.000000,0.025696,18,18,9720,18,18,0.000000,36.629218,1000,356036,5,1.000000,1.000000,0,1880,0,7030,0
100000436,defense_vs_attack,220.000000,260.000000,0.001944,100.000000,0.020362,18,18,9720,18,18,0.000000,35.963374,1000,349564,5,1.000000,1.000000,0,1877,0,11594,0
100000436,attack_only,320.000000,360.000000,0.001944,100.000000,0.017443,18,18,9720,18,18,0.000000,36.236626,1000,352220,5,1.000000,1.000000,0,1905,0,16188,0
100000436,defense_only,420.000000,460.000000,0.001944,100.000000,0.012743,18,18,9720,18,18,0.000000,36.916461,1000,358828,5,1.000000,1.000000,0,1997,0,20857,0
100000446,attack_only,120.000000,160.000000,0.001944,100.000000,0.015354,18,18,9720,18,18,0.000000,28.698354,1000,278948,3,1.000000,1.000000,0,1775,0,6755,0
100000446,baseline,220.000000,260.000000,0.001944,100.000000,0.005789,18,18,9720,18,18,0.000000,29.306996,1000,284864,3,1.000000,1.000000,0,1797,0,11151,0
100000446,defense_only,320.000000,360.000000,0.001944,100.000000,0.013247,18,18,9720,18,18,0.000000,29.302469,1000,284820,3,1.000000,1.000000,0,1806,0,15545,0
100000446,defense_vs_attack,420.000000,460.000000,0.001944,100.000000,0.007066,18,18,9720,18,18,0.000000,28.921811,1000,281120,3,1.000000,1.000000,0,1781,0,19952,0
100000449,defense_vs_attack,120.000000,160.000000,0.001944,100.000000,0.015425,18,18,9720,18,18,0.000000,28.816049,1000,280092,3,1.000000,1.000000,0,1702,0,6412,0
100000449,defense_only,220.000000,260.000000,0.001944,100.000000,0.006104,18,18,9720,18,18,0.000000,28.544033,1000,277448,3,1.000000,1.000000,0,1691,0,10503,0
100000449,attack_only,320.000000,360.000000,0.001944,100.000000,0.012812,18,18,9720,18,18,0.000000,28.452675,1000,276560,3,1.000000,1.000000,0,1674,0,14641,0
100000449,baseline,420.000000,460.000000,0.001944,100.000000,0.008374,18,18,9720,18,18,0.000000,28.525926,1000,277272,3,1.000000,1.000000,0,1669,0,18713,0
100000458,baseline,120.000000,160.000000,0.001944,100.000000,0.036487,18,18,9720,18,18,0.000000,29.369136,1000,285468,7,1.000000,1.000000,0,1815,0,6578,0
100000458,attack_only,220.000000,260.000000,0.001944,100.000000,0.013865,18,18,9720,18,18,0.000000,29.425103,1000,286012,7,1.000000,1.000000,0,1775,0,10844,0
100000458,defense_only,320.000000,360.000000,0.001944,100.000000,0.030842,18,18,9720,18,18,0.000000,29.051852,1000,282384,7,1.000000,1.000000,0,1745,0,15083,0
100000458,defense_vs_attack,420.000000,460.000000,0.001944,100.000000,0.017067,18,18,9720,18,18,0.000000,29.065844,1000,282520,7,1.000000,1.000000,0,1732,0,19285,0
100000464,baseline,120.000000,160.000000,0.001944,100.000000,0.015408,18,18,9720,18,18,0.000000,24.279835,1000,236000,3,1.000000,1.000000,0,1716,0,6490,0
100000464,defense_only,220.000000,260.000000,0.001944,100.000000,0.005901,18,18,9720,18,18,0.000000,24.407407,1000,237240,3,1.000000,1.000000,0,1678,0,10631,0
100000464,defense_vs_attack,320.000000,360.000000,0.001944,100.000000,0.012922,18,18,9720,18,18,0.000000,24.620165,1000,239308,3,1.000000,1.000000,0,1726,0,14811,0
100000464,attack_only,420.000000,460.000000,0.001944,100.000000,0.007066,18,18,9720,18,18,0.000000,24.760082,1000,240668,3,1.000000,1.000000,0,1722,0,18967,0
100000463,baseline,120.000000,160.000000,0.001944,100.000000,0.025363,18,18,9720,18,18,0.000000,29.013580,1000,282012,5,1.000000,1.000000,0,1721,0,6462,0
100000463,attack_only,220.000000,260.000000,0.000000,0.000000,0.000000,0,0,0,0,18,100.000000,0.000000,1000,281820,0,1.000000,1.000000,0,1635,0,10513,0
100000463,defense_vs_attack,320.000000,360.000000,0.000000,0.000000,0.000000,0,0,0,0,18,100.000000,0.000000,1000,281228,0,1.000000,1.000000,0,1640,0,14608,0
100000463,defense_only,420.000000,460.000000,0.001944,100.000000,0.016704,18,18,9720,18,18,0.000000,29.246914,1000,284280,5,1.000000,1.000000,0,1754,0,18826,0
100000465,defense_only,120.000000,160.000000,0.001944,100.000000,0.015383,18,18,9720,18,18,0.000000,29.620988,1000,287916,3,1.000000,1.000000,0,1730,0,6601,0
100000465,attack_only,220.000000,260.000000,0.001944,100.000000,0.005879,18,18,9720,18,18,0.000000,31.442387,1000,305620,3,1.000000,1.000000,0,1737,0,10865,0
100000465,defense_vs_attack,320.000000,360.000000,0.001944,100.000000,0.012570,18,18,9720,18,18,0.000000,31.521811,1000,306392,3,1.000000,1.000000,0,1750,0,15145,0
100000465,baseline,420.000000,460.000000,0.001944,100.000000,0.007460,18,18,9720,18,18,0.000000,29.548560,1000,287212,3,1.000000,1.000000,0,1711,0,19343,0
100000472,defense_only,120.000000,160.000000,0.001944,100.000000,0.026366,18,18,9720,18,18,0.000000,27.278601,1000,265148,5,1.000000,1.000000,0,1658,0,6189,0
100000472,baseline,220.000000,260.000000,0.001944,100.000000,0.010687,18,18,9720,18,18,0.000000,27.255556,1000,264924,5,1.000000,1.000000,0,1626,0,10180,0
100000472,defense_vs_attack,320.000000,360.000000,0.000000,0.000000,0.000000,18,0,0,0,18,100.000000,0.000000,1000,271808,5,1.000000,1.000000,0,2070,0,14583,0
100000472,attack_only,420.000000,460.000000,0.000000,0.000000,0.000000,18,0,0,0,18,100.000000,0.000000,1000,268056,5,1.000000,1.000000,0,1663,0,18629,0
100000470,defense_only,120.000000,160.000000,0.001944,100.000000,0.041975,18,18,9720,18,18,0.000000,32.743210,1000,318264,8,1.000000,1.000000,0,1953,0,7077,0
100000470,defense_vs_attack,220.000000,260.000000,0.000864,44.444444,0.053876,18,8,4320,8,18,55.555556,72.586111,1000,313572,8,1.000000,1.000000,0,1913,0,11654,0
100000470,baseline,320.000000,360.000000,0.001944,100.000000,0.020522,18,18,9720,18,18,0.000000,32.265021,1000,313616,8,1.000000,1.000000,0,1919,0,16261,0
100000470,attack_only,420.000000,460.000000,0.000000,0.000000,0.000000,18,0,0,0,18,100.000000,0.000000,1000,315200,8,1.000000,1.000000,0,1881,0,20822,0
100000471,attack_only,120.000000,160.000000,0.001944,100.000000,0.015154,18,18,9720,18,18,0.000000,33.027572,1000,321028,3,1.000000,1.000000,0,1858,0,7019,0
100000471,defense_only,220.000000,260.000000,0.001944,100.000000,0.006253,18,18,9720,18,18,0.000000,32.355144,1000,314492,3,1.000000,1.000000,0,1783,0,11463,0
100000471,defense_vs_attack,320.000000,360.000000,0.001944,100.000000,0.013135,18,18,9720,18,18,0.000000,32.763786,1000,318464,3,1.000000,1.000000,0,1810,0,15949,0
100000471,baseline,420.000000,460.000000,0.001944,100.000000,0.007066,18,18,9720,18,18,0.000000,32.707407,1000,317916,3,1.000000,1.000000,0,1846,0,20469,0
100000475,defense_only,120.000000,160.000000,0.001944,100.000000,0.020773,18,18,9720,18,18,0.000000,31.305350,1000,304288,4,1.000000,1.000000,0,1769,0,6780,0
100000475,attack_only,220.000000,260.000000,0.000000,0.000000,0.000000,18,0,0,0,18,100.000000,0.000000,1000,304796,4,1.000000,1.000000,0,1734,0,11065,0
100000475,defense_vs_attack,320.000000,360.000000,0.000540,27.777778,0.009823,18,5,2700,5,18,72.222222,114.611852,1000,309452,4,1.000000,1.000000,0,1788,0,15449,0
100000475,baseline,420.000000,460.000000,0.001944,100.000000,0.009736,18,18,9720,18,18,0.000000,31.245679,1000,303708,4,1.000000,1.000000,0,1794,0,19802,0
100000474,baseline,120.000000,160.000000,0.001944,100.000000,0.015460,18,18,9720,18,18,0.000000,35.093004,1000,341104,3,1.000000,1.000000,0,1891,0,7142,0
100000474,defense_vs_attack,220.000000,260.000000,0.001944,100.000000,0.005883,18,18,9720,18,18,0.000000,35.673663,1000,346748,3,1.000000,1.000000,0,1894,0,11775,0
100000474,attack_only,320.000000,360.000000,0.001944,100.000000,0.012812,18,18,9720,18,18,0.000000,35.800823,1000,347984,3,1.000000,1.000000,0,1885,0,16394,0
100000474,defense_only,420.000000,460.000000,0.001944,100.000000,0.007196,18,18,9720,18,18,0.000000,34.859671,1000,338836,3,1.000000,1.000000,0,1901,0,21017,0
100000478,baseline,120.000000,160.000000,0.001944,100.000000,0.015059,18,18,9720,18,18,0.000000,25.044856,1000,243436,3,1.000000,1.000000,0,1602,0,6101,0
100000478,defense_only,220.000000,260.000000,0.001944,100.000000,0.005858,18,18,9720,18,18,0.000000,24.571605,1000,238836,3,1.000000,1.000000,0,1573,0,9989,0
100000478,defense_vs_attack,320.000000,360.000000,0.001944,100.000000,0.012881,18,18,9720,18,18,0.000000,25.896296,1000,251712,3,1.000000,1.000000,0,1587,0,13904,0
100000478,attack_only,420.000000,460.000000,0.001944,100.000000,0.007204,18,18,9720,18,18,0.000000,25.709877,1000,249900,3,1.000000,1.000000,0,1577,0,17780,0
100000480,baseline,120.000000,160.000000,0.001944,100.000000,0.020267,18,18,9720,18,18,0.000000,26.796708,1000,260464,4,1.000000,1.000000,0,1574,0,6074,0
100000480,defense_only,220.000000,260.000000,0.001944,100.000000,0.008736,18,18,9720,18,18,0.000000,27.135391,1000,263756,4,1.000000,1.000000,0,1604,0,10031,0
100000480,attack_only,320.000000,360.000000,0.001944,100.000000,0.016892,18,18,9720,18,18,0.000000,27.254321,1000,264912,4,1.000000,1.000000,0,1588,0,13942,0
100000480,defense_vs_attack,420.000000,460.000000,0.001944,100.000000,0.010771,18,18,9720,18,18,0.000000,27.381481,1000,266148,4,1.000000,1.000000,0,1624,0,17877,0
100000481,defense_only,120.000000,160.000000,0.001944,100.000000,0.091589,18,18,9720,18,18,0.000000,25.013580,1000,243132,7,1.000000,1.000000,0,1787,0,6599,0
100000481,defense_vs_attack,220.000000,260.000000,0.000648,33.333333,0.038329,18,6,3240,6,18,66.666667,78.756790,1000,255172,7,1.000000,1.000000,0,1830,0,11015,0
100000481,attack_only,320.000000,360.000000,0.000000,0.000000,0.000000,18,0,0,0,18,100.000000,0.000000,1000,254312,7,1.000000,1.000000,0,1779,0,15405,0
100000481,baseline,420.000000,460.000000,0.001944,100.000000,0.013202,18,18,9720,18,18,0.000000,25.539506,1000,248244,7,1.000000,1.000000,0,1817,0,19720,0
100000485,attack_only,120.000000,160.000000,0.000000,0.000000,0.000000,18,0,0,0,18,100.000000,0.000000,1000,246084,4,1.000000,1.000000,0,1583,0,6141,0
100000485,baseline,220.000000,260.000000,0.001944,100.000000,0.016033,18,18,9720,18,18,0.000000,25.141975,1000,244380,3,1.000000,1.000000,0,1621,0,10159,0
100000485,defense_only,320.000000,360.000000,0.001944,100.000000,0.005788,18,18,9720,18,18,0.000000,24.722634,1000,240304,3,1.000000,1.000000,0,1623,0,14135,0
100000485,defense_vs_attack,420.000000,460.000000,0.001512,77.777778,0.013732,18,14,7560,14,18,22.222222,32.477778,1000,245532,4,1.000000,1.000000,0,1618,0,18103,0
100000487,defense_only,120.000000,160.000000,0.001944,100.000000,0.021584,18,18,9720,18,18,0.000000,30.297942,1000,294496,4,1.000000,1.000000,0,1712,0,6489,0
100000487,defense_vs_attack,220.000000,260.000000,0.001944,100.000000,0.008266,18,18,9720,18,18,0.000000,30.829630,1000,299664,4,1.000000,1.000000,0,1715,0,10648,0
100000487,baseline,320.000000,360.000000,0.001944,100.000000,0.017287,18,18,9720,18,18,0.000000,30.098354,1000,292556,4,1.000000,1.000000,0,1677,0,14796,0
100000487,attack_only,420.000000,460.000000,0.001944,100.000000,0.009796,18,18,9720,18,18,0.000000,30.741564,1000,298808,4,1.000000,1.000000,0,1725,0,18926,0
100000492,baseline,120.000000,160.000000,0.001944,100.000000,0.020209,18,18,9720,18,18,0.000000,28.093416,1000,273068,4,1.000000,1.000000,0,1735,0,6496,0
100000492,defense_only,220.000000,260.000000,0.001944,100.000000,0.008091,18,18,9720,18,18,0.000000,28.133333,1000,273456,4,1.000000,1.000000,0,1714,0,10709,0
100000492,attack_only,320.000000,360.000000,0.001944,100.000000,0.016855,18,18,9720,18,18,0.000000,27.661317,1000,268868,4,1.000000,1.000000,0,1665,0,14811,0
100000492,defense_vs_attack,420.000000,460.000000,0.001944,100.000000,0.009798,18,18,9720,18,18,0.000000,27.812346,1000,270336,4,1.000000,1.000000,0,1695,0,18938,0
100000493,attack_only,120.000000,160.000000,0.001944,100.000000,0.020599,18,18,9720,18,18,0.000000,25.374897,1000,246644,4,1.000000,1.000000,0,1615,0,6083,0
100000493,defense_only,220.000000,260.000000,0.001944,100.000000,0.007921,18,18,9720,18,18,0.000000,25.372016,1000,246616,4,1.000000,1.000000,0,1587,0,9994,0
100000493,defense_vs_attack,320.000000,360.000000,0.001944,100.000000,0.017154,18,18,9720,18,18,0.000000,25.844856,1000,251212,4,1.000000,1.000000,0,1612,0,13894,0
100000493,baseline,420.000000,460.000000,0.001944,100.000000,0.010012,18,18,9720,18,18,0.000000,25.714403,1000,249944,4,1.000000,1.000000,0,1610,0,17797,0
100000505,defense_only,120.000000,160.000000,0.001944,100.000000,0.021289,18,18,9720,18,18,0.000000,28.828807,1000,280216,4,1.000000,1.000000,0,1692,0,6333,0
100000505,defense_vs_attack,220.000000,260.000000,0.001404,72.222222,0.007812,18,13,7020,13,18,27.777778,39.692877,1000,278644,5,1.000000,1.000000,0,1657,0,10371,0
100000505,baseline,320.000000,360.000000,0.001944,100.000000,0.015841,18,18,9720,18,18,0.000000,28.888066,1000,280792,4,1.000000,1.000000,0,1669,0,14433,0
100000505,attack_only,420.000000,460.000000,0.000000,0.000000,0.000000,18,0,0,0,18,100.000000,0.000000,1000,283380,5,1.000000,1.000000,0,1642,0,18483,0
100000508,baseline,120.000000,160.000000,0.001944,100.000000,0.026771,18,18,9720,18,18,0.000000,32.815638,1000,318968,5,1.000000,1.000000,0,1837,0,6971,0
100000508,attack_only,220.000000,260.000000,0.000000,0.000000,0.000000,18,0,0,0,18,100.000000,0.000000,1000,323528,5,1.000000,1.000000,0,1843,0,11464,0
100000508,defense_vs_attack,320.000000,360.000000,0.000972,50.000000,0.025635,18,9,4860,9,18,50.000000,66.212346,1000,321792,5,1.000000,1.000000,0,1831,0,15981,0
100000508,defense_only,420.000000,460.000000,0.001944,100.000000,0.014739,18,18,9720,18,18,0.000000,32.900823,1000,319796,5,1.000000,1.000000,0,1844,0,20452,0
100000511,defense_only,120.000000,160.000000,0.001944,100.000000,0.036631,18,18,9720,18,18,0.000000,27.320988,1000,265560,7,1.000000,1.000000,0,1750,0,6526,0
100000511,baseline,220.000000,260.000000,0.001944,100.000000,0.013913,18,18,9720,18,18,0.000000,27.827160,1000,270480,7,1.000000,1.000000,0,1758,0,10755,0
100000511,defense_vs_attack,320.000000,360.000000,0.001512,77.777778,0.035603,18,14,7560,14,18,22.222222,34.760317,1000,262788,7,1.000000,1.000000,0,1781,0,15021,0
100000511,attack_only,420.000000,460.000000,0.000000,0.000000,0.000000,18,0,0,0,18,100.000000,0.000000,1000,259772,7,1.000000,1.000000,0,1734,0,19296,0
100000517,baseline,120.000000,160.000000,0.001944,100.000000,0.015599,18,18,9720,18,18,0.000000,30.327160,1000,294780,3,1.000000,1.000000,0,1747,0,6485,0
100000517,defense_only,220.000000,260.000000,0.001944,100.000000,0.006410,18,18,9720,18,18,0.000000,30.032922,1000,291920,3,1.000000,1.000000,0,1694,0,10638,0
100000517,defense_vs_attack,320.000000,360.000000,0.000972,50.000000,0.022799,18,9,4860,9,18,50.000000,61.283951,1000,297840,3,1.000000,1.000000,0,1730,0,14886,0
100000517,attack_only,420.000000,460.000000,0.000000,0.000000,0.000000,18,0,0,0,18,100.000000,0.000000,1000,300288,3,1.000000,1.000000,0,1691,0,19078,0
100000516,defense_vs_attack,120.000000,160.000000,0.001188,61.111111,0.038323,18,11,5940,11,18,38.888889,38.253199,1000,227224,8,1.000000,1.000000,0,1687,0,6074,0
100000516,baseline,220.000000,260.000000,0.001944,100.000000,0.021621,18,18,9720,18,18,0.000000,21.743621,1000,211348,8,1.000000,1.000000,0,1657,0,9991,0
100000516,defense_only,320.000000,360.000000,0.001944,100.000000,0.029609,18,18,9720,18,18,0.000000,21.760494,1000,211512,8,1.000000,1.000000,0,1607,0,13830,0
100000516,attack_only,420.000000,460.000000,0.000000,0.000000,0.000000,18,0,0,0,18,100.000000,0.000000,1000,226452,8,1.000000,1.000000,0,1635,0,17754,0
100000515,defense_only,120.000000,160.000000,0.001944,100.000000,0.015700,18,18,9720,18,18,0.000000,30.534568,1000,296796,3,1.000000,1.000000,0,1843,0,7227,0
100000515,attack_only,220.000000,260.000000,0.001944,100.000000,0.005789,18,18,9720,18,18,0.000000,31.317284,1000,304404,3,1.000000,1.000000,0,1894,0,11868,0
100000515,baseline,320.000000,360.000000,0.001944,100.000000,0.012812,18,18,9720,18,18,0.000000,31.160905,1000,302884,3,1.000000,1.000000,0,1905,0,16556,0
100000515,defense_vs_attack,420.000000,460.000000,0.001944,100.000000,0.007065,18,18,9720,18,18,0.000000,31.406173,1000,305268,3,1.000000,1.000000,0,1922,0,21256,0
100000521,attack_only,120.000000,160.000000,0.000000,0.000000,0.000000,18,0,0,0,18,100.000000,0.000000,1000,247220,6,1.000000,1.000000,0,1600,0,6217,0
100000521,defense_vs_attack,220.000000,260.000000,0.000864,47.058824,0.039113,17,8,4320,8,18,55.555556,57.487963,1000,248348,6,1.000000,1.000000,0,1665,0,10224,0
100000521,defense_only,320.000000,360.000000,0.001944,100.000000,0.020743,18,18,9720,18,18,0.000000,25.728807,1000,250084,6,1.000000,1.000000,0,1693,0,14349,0
100000521,baseline,420.000000,460.000000,0.001944,100.000000,0.016102,18,18,9720,18,18,0.000000,25.842387,1000,251188,6,1.000000,1.000000,0,1689,0,18440,0
100000524,defense_vs_attack,120.000000,160.000000,0.001944,100.000000,0.020914,18,18,9720,18,18,0.000000,28.286008,1000,274940,4,1.000000,1.000000,0,1706,0,6308,0
100000524,defense_only,220.000000,260.000000,0.001944,100.000000,0.007917,18,18,9720,18,18,0.000000,28.086008,1000,272996,4,1.000000,1.000000,0,1655,0,10358,0
100000524,attack_only,320.000000,360.000000,0.001944,100.000000,0.017246,18,18,9720,18,18,0.000000,28.575720,1000,277756,4,1.000000,1.000000,0,1697,0,14475,0
100000524,baseline,420.000000,460.000000,0.001944,100.000000,0.009561,18,18,9720,18,18,0.000000,28.000000,1000,272160,4,1.000000,1.000000,0,1648,0,18570,0
100000523,baseline,120.000000,160.000000,0.001944,100.000000,0.064439,18,18,9720,18,18,0.000000,23.255144,1000,226040,12,1.000000,1.000000,0,1832,0,6450,0
100000523,defense_vs_attack,220.000000,260.000000,0.001944,100.000000,0.037059,18,18,9720,18,18,0.000000,23.653909,1000,229916,12,1.000000,1.000000,0,1808,0,10667,0
100000523,attack_only,320.000000,360.000000,0.001944,100.000000,0.043338,18,18,9720,18,18,0.000000,23.245267,1000,225944,12,1.000000,1.000000,0,1800,0,14868,0
100000523,defense_only,420.000000,460.000000,0.001944,100.000000,0.036664,18,18,9720,18,18,0.000000,23.232099,1000,225816,12,1.000000,1.000000,0,1815,0,19033,0
100000528,attack_only,120.000000,160.000000,0.001944,100.000000,0.046721,18,18,9720,18,18,0.000000,20.935802,1000,203496,9,1.000000,1.000000,0,1702,0,6058,0
100000528,baseline,220.000000,260.000000,0.001944,100.000000,0.018123,18,18,9720,18,18,0.000000,20.982716,1000,203952,9,1.000000,1.000000,0,1665,0,9952,0
100000528,defense_vs_attack,320.000000,360.000000,0.001944,100.000000,0.039472,18,18,9720,18,18,0.000000,20.962963,1000,203760,9,1.000000,1.000000,0,1699,0,13894,0
100000528,defense_only,420.000000,460.000000,0.001944,100.000000,0.021984,18,18,9720,18,18,0.000000,21.224280,1000,206300,9,1.000000,1.000000,0,1664,0,17830,0
100000527,defense_vs_attack,120.000000,160.000000,0.001944,100.000000,0.015582,18,18,9720,18,18,0.000000,30.665844,1000,298072,3,1.000000,1.000000,0,1826,0,6890,0
100000527,baseline,220.000000,260.000000,0.001944,100.000000,0.006158,18,18,9720,18,18,0.000000,29.891358,1000,290544,3,1.000000,1.000000,0,1778,0,11262,0
100000527,defense_only,320.000000,360.000000,0.001944,100.000000,0.012831,18,18,9720,18,18,0.000000,30.136214,1000,292924,3,1.000000,1.000000,0,1802,0,15636,0
100000527,attack_only,420.000000,460.000000,0.001944,100.000000,0.007171,18,18,9720,18,18,0.000000,30.548971,1000,296936,3,1.000000,1.000000,0,1809,0,20108,0
100000532,baseline,120.000000,160.000000,0.001944,100.000000,0.025399,18,18,9720,18,18,0.000000,25.277366,1000,245696,5,1.000000,1.000000,0,1700,0,6382,0
100000532,defense_vs_attack,220.000000,260.000000,0.001944,100.000000,0.010499,18,18,9720,18,18,0.000000,26.630453,1000,258848,5,1.000000,1.000000,0,1750,0,10560,0
100000532,attack_only,320.000000,360.000000,0.001944,100.000000,0.021329,18,18,9720,18,18,0.000000,25.981070,1000,252536,5,1.000000,1.000000,0,1687,0,14691,0
100000532,defense_only,420.000000,460.000000,0.001944,100.000000,0.012240,18,18,9720,18,18,0.000000,25.635802,1000,249180,5,1.000000,1.000000,0,1709,0,18801,0
100000535,baseline,120.000000,160.000000,0.001944,100.000000,0.030973,18,18,9720,18,18,0.000000,31.346091,1000,304684,6,1.000000,1.000000,0,1792,0,6639,0
100000535,attack_only,220.000000,260.000000,0.000000,0.000000,0.000000,18,0,0,0,18,100.000000,0.000000,1000,304836,6,1.000000,1.000000,0,1761,0,10908,0
100000535,defense_only,320.000000,360.000000,0.001944,100.000000,0.018626,18,18,9720,18,18,0.000000,31.282716,1000,304068,6,1.000000,1.000000,0,1766,0,15225,0
100000535,defense_vs_attack,420.000000,460.000000,0.000432,22.222222,0.013600,18,4,2160,4,18,77.777778,142.707407,1000,308248,6,1.000000,1.000000,0,1755,0,19470,0
100000538,defense_only,120.000000,160.000000,0.001944,100.000000,0.026471,18,18,9720,18,18,0.000000,25.641975,1000,249240,5,1.000000,1.000000,0,1748,0,6435,0
100000538,attack_only,220.000000,260.000000,0.001944,100.000000,0.010088,18,18,9720,18,18,0.000000,24.994650,1000,242948,5,1.000000,1.000000,0,1701,0,10489,0
100000538,defense_vs_attack,320.000000,360.000000,0.001944,100.000000,0.021857,18,18,9720,18,18,0.000000,25.158025,1000,244536,5,1.000000,1.000000,0,1684,0,14557,0
100000538,baseline,420.000000,460.000000,0.001944,100.000000,0.012000,18,18,9720,18,18,0.000000,25.700823,1000,249812,5,1.000000,1.000000,0,1697,0,18652,0
100000540,defense_only,120.000000,160.000000,0.001944,100.000000,0.021003,18,18,9720,18,18,0.000000,33.833745,1000,328864,4,1.000000,1.000000,0,1839,0,6902,0
100000540,attack_only,220.000000,260.000000,0.001944,100.000000,0.007794,18,18,9720,18,18,0.000000,33.988477,1000,330368,4,1.000000,1.000000,0,1823,0,11366,0
100000540,defense_vs_attack,320.000000,360.000000,0.001944,100.000000,0.017176,18,18,9720,18,18,0.000000,33.729218,1000,327848,4,1.000000,1.000000,0,1820,0,15844,0
100000540,baseline,420.000000,460.000000,0.001944,100.000000,0.009640,18,18,9720,18,18,0.000000,33.688889,1000,327456,4,1.000000,1.000000,0,1830,0,20316,0
100000541,defense_only,120.000000,160.000000,0.001944,100.000000,0.014666,18,18,9720,18,18,0.000000,22.193416,1000,215720,3,1.000000,1.000000,0,1486,0,5649,0
100000541,attack_only,220.000000,260.000000,0.001944,100.000000,0.006103,18,18,9720,18,18,0.000000,22.384362,1000,217576,3,1.000000,1.000000,0,1515,0,9319,0
100000541,baseline,320.000000,360.000000,0.001944,100.000000,0.012913,18,18,9720,18,18,0.000000,22.013580,1000,213972,3,1.000000,1.000000,0,1482,0,12917,0
100000541,defense_vs_attack,420.000000,460.000000,0.001944,100.000000,0.007066,18,18,9720,18,18,0.000000,22.109877,1000,214908,3,1.000000,1.000000,0,1520,0,16628,0
100000537,defense_only,120.000000,160.000000,0.001944,100.000000,0.015756,18,18,9720,18,18,0.000000,31.457202,1000,305764,3,1.000000,1.000000,0,1688,0,6431,0
100000537,defense_vs_attack,220.000000,260.000000,0.001188,61.111111,0.021025,18,11,5940,11,18,38.888889,52.600000,1000,312444,3,1.000000,1.000000,0,1715,0,10556,0
100000537,attack_only,320.000000,360.000000,0.000000,0.000000,0.000000,18,0,0,0,18,100.000000,0.000000,1000,306656,3,1.000000,1.000000,0,1636,0,14619,0
100000537,baseline,420.000000,460.000000,0.001944,100.000000,0.008684,18,18,9720,18,18,0.000000,31.401646,1000,305224,3,1.000000,1.000000,0,1666,0,18739,0
100000539,defense_vs_attack,120.000000,160.000000,0.000972,50.000000,0.038375,18,9,4860,9,18,50.000000,67.292181,1000,327040,7,1.000000,1.000000,0,1843,0,6705,0
100000539,defense_only,220.000000,260.000000,0.001944,100.000000,0.018881,18,18,9720,18,18,0.000000,32.582716,1000,316704,7,1.000000,1.000000,0,1825,0,11060,0
100000539,baseline,320.000000,360.000000,0.001944,100.000000,0.022489,18,18,9720,18,18,0.000000,32.745679,1000,318288,7,1.000000,1.000000,0,1800,0,15400,0
100000539,attack_only,420.000000,460.000000,0.000000,0.000000,0.000000,18,0,0,0,18,100.000000,0.000000,1000,322044,7,1.000000,1.000000,0,1743,0,19677,0
100000542,defense_only,120.000000,160.000000,0.001944,100.000000,0.025158,18,18,9720,18,18,0.000000,24.500823,1000,238148,5,1.000000,1.000000,0,1624,0,6018,0
100000542,defense_vs_attack,220.000000,260.000000,0.001080,55.555556,0.038706,18,10,5400,10,18,44.444444,44.385185,1000,239680,5,1.000000,1.000000,0,1661,0,9981,0
100000542,baseline,320.000000,360.000000,0.001944,100.000000,0.012593,18,18,9720,18,18,0.000000,24.564198,1000,238764,5,1.000000,1.000000,0,1607,0,13841,0
100000542,attack_only,420.000000,460.000000,0.000000,0.000000,0.000000,18,0,0,0,18,100.000000,0.000000,1000,240624,5,1.000000,1.000000,0,1568,0,17721,0
100000545,attack_only,120.000000,160.000000,0.000000,0.000000,0.000000,18,0,0,0,18,100.000000,0.000000,1000,254968,6,1.000000,1.000000,0,1549,0,5903,0
100000545,defense_vs_attack,220.000000,260.000000,0.001512,77.777778,0.016870,18,14,7560,14,18,22.222222,34.046561,1000,257392,6,1.000000,1.000000,0,1567,0,9676,0
100000545,defense_only,320.000000,360.000000,0.001944,100.000000,0.018174,18,18,9720,18,18,0.000000,26.475309,1000,257340,5,1.000000,1.000000,0,1542,0,13437,0
100000545,baseline,420.000000,460.000000,0.001944,100.000000,0.015663,18,18,9720,18,18,0.000000,26.635391,1000,258896,5,1.000000,1.000000,0,1554,0,17247,0
100000550,attack_only,120.000000,160.000000,0.001944,100.000000,0.031334,18,18,9720,18,18,0.000000,23.216049,1000,225660,6,1.000000,1.000000,0,1606,0,5865,0
100000550,baseline,220.000000,260.000000,0.001944,100.000000,0.011907,18,18,9720,18,18,0.000000,23.045267,1000,224000,6,1.000000,1.000000,0,1575,0,9652,0
100000550,defense_only,320.000000,360.000000,0.001944,100.000000,0.025943,18,18,9720,18,18,0.000000,23.294650,1000,226424,6,1.000000,1.000000,0,1596,0,13458,0
100000550,defense_vs_attack,420.000000,460.000000,0.001944,100.000000,0.014680,18,18,9720,18,18,0.000000,23.282305,1000,226304,6,1.000000,1.000000,0,1597,0,17264,0
100000551,defense_vs_attack,120.000000,160.000000,0.001944,100.000000,0.015553,18,18,9720,18,18,0.000000,26.508642,1000,257664,3,1.000000,1.000000,0,1711,0,6602,0
100000551,defense_only,220.000000,260.000000,0.001944,100.000000,0.005789,18,18,9720,18,18,0.000000,27.533333,1000,267624,3,1.000000,1.000000,0,1738,0,10846,0
100000551,baseline,320.000000,360.000000,0.001944,100.000000,0.012811,18,18,9720,18,18,0.000000,27.463374,1000,266944,3,1.000000,1.000000,0,1750,0,15129,0
100000551,attack_only,420.000000,460.000000,0.001944,100.000000,0.007437,18,18,9720,18,18,0.000000,26.953086,1000,261984,3,1.000000,1.000000,0,1747,0,19386,0
100000559,attack_only,120.000000,160.000000,0.001944,100.000000,0.015495,18,18,9720,18,18,0.000000,26.281893,1000,255460,3,1.000000,1.000000,0,1776,0,6785,0
100000559,baseline,220.000000,260.000000,0.001944,100.000000,0.006021,18,18,9720,18,18,0.000000,27.913580,1000,271320,3,1.000000,1.000000,0,1790,0,11185,0
100000559,defense_only,320.000000,360.000000,0.001944,100.000000,0.012811,18,18,9720,18,18,0.000000,27.366255,1000,266000,3,1.000000,1.000000,0,1815,0,15697,0
100000559,defense_vs_attack,420.000000,460.000000,0.001944,100.000000,0.007132,18,18,9720,18,18,0.000000,26.568724,1000,258248,3,1.000000,1.000000,0,1787,0,20037,0
100000557,attack_only,120.000000,160.000000,0.001944,100.000000,0.036297,18,18,9720,18,18,0.000000,29.088477,1000,282740,7,1.000000,1.000000,0,1755,0,6422,0
100000557,baseline,220.000000,260.000000,0.001944,100.000000,0.013943,18,18,9720,18,18,0.000000,28.961728,1000,281508,7,1.000000,1.000000,0,1742,0,10615,0
100000557,defense_only,320.000000,360.000000,0.001944,100.000000,0.030526,18,18,9720,18,18,0.000000,29.134568,1000,283188,7,1.000000,1.000000,0,1739,0,14715,0
100000557,defense_vs_attack,420.000000,460.000000,0.001944,100.000000,0.016985,18,18,9720,18,18,0.000000,29.458436,1000,286336,7,1.000000,1.000000,0,1722,0,18884,0
100000561,defense_vs_attack,120.000000,160.000000,0.001944,100.000000,0.031501,18,18,9720,18,18,0.000000,27.939918,1000,271576,6,1.000000,1.000000,0,1724,0,6386,0
100000561,defense_only,220.000000,260.000000,0.001944,100.000000,0.011802,18,18,9720,18,18,0.000000,27.246502,1000,264836,6,1.000000,1.000000,0,1698,0,10472,0
100000561,baseline,320.000000,360.000000,0.001944,100.000000,0.026319,18,18,9720,18,18,0.000000,27.215638,1000,264536,6,1.000000,1.000000,0,1705,0,14610,0
100000561,attack_only,420.000000,460.000000,0.001944,100.000000,0.015211,18,18,9720,18,18,0.000000,27.862140,1000,270820,6,1.000000,1.000000,0,1720,0,18726,0
100000567,baseline,120.000000,160.000000,0.001944,100.000000,0.019878,18,18,9720,18,18,0.000000,29.184774,1000,283676,4,1.000000,1.000000,0,1686,0,6309,0
100000567,attack_only,220.000000,260.000000,0.001944,100.000000,0.008100,18,18,9720,18,18,0.000000,29.506584,1000,286804,4,1.000000,1.000000,0,1648,0,10348,0
100000567,defense_vs_attack,320.000000,360.000000,0.001188,68.750000,0.018749,16,11,5940,11,18,38.888889,49.595960,1000,294600,4,1.000000,1.000000,0,1664,0,14372,0
100000567,defense_only,420.000000,460.000000,0.001944,100.000000,0.013359,18,18,9720,18,18,0.000000,28.735391,1000,279308,4,1.000000,1.000000,0,1642,0,18396,0
100000568,defense_only,120.000000,160.000000,0.001944,100.000000,0.042168,18,18,9720,18,18,0.000000,29.500412,1000,286744,8,1.000000,1.000000,0,1899,0,6867,0
100000568,defense_vs_attack,220.000000,260.000000,0.000324,16.666667,0.076066,18,3,1620,3,18,83.333333,182.120988,1000,295036,8,1.000000,1.000000,0,2272,0,11678,0
100000568,baseline,320.000000,360.000000,0.001944,100.000000,0.017687,18,18,9720,18,18,0.000000,29.156790,1000,283404,8,1.000000,1.000000,0,1842,0,16110,0
100000568,attack_only,420.000000,460.000000,0.000000,0.000000,0.000000,18,0,0,0,18,100.000000,0.000000,1000,288792,8,1.000000,1.000000,0,1781,0,20485,0
100000570,baseline,120.000000,160.000000,0.001944,100.000000,0.026097,18,18,9720,18,18,0.000000,28.979012,1000,281676,5,1.000000,1.000000,0,1702,0,6378,0
100000570,defense_only,220.000000,260.000000,0.001944,100.000000,0.010446,18,18,9720,18,18,0.000000,28.673663,1000,278708,5,1.000000,1.000000,0,1659,0,10402,0
100000570,defense_vs_attack,320.000000,360.000000,0.001944,100.000000,0.021450,18,18,9720,18,18,0.000000,28.844856,1000,280372,5,1.000000,1.000000,0,1694,0,14484,0
100000570,attack_only,420.000000,460.000000,0.001944,100.000000,0.012978,18,18,9720,18,18,0.000000,28.611934,1000,278108,5,1.000000,1.000000,0,1657,0,18561,0
100000573,defense_vs_attack,120.000000,160.000000,0.001512,77.777778,0.023687,18,14,7560,14,18,22.222222,39.492063,1000,298560,5,1.000000,1.000000,0,1896,0,7132,0
100000573,attack_only,220.000000,260.000000,0.000000,0.000000,0.000000,18,0,0,0,18,100.000000,0.000000,1000,289448,5,1.000000,1.000000,0,1847,0,11717,0
100000573,baseline,320.000000,360.000000,0.001944,100.000000,0.009973,18,18,9720,18,18,0.000000,30.396708,1000,295456,4,1.000000,1.000000,0,1866,0,16320,0
100000573,defense_only,420.000000,460.000000,0.001944,100.000000,0.014784,18,18,9720,18,18,0.000000,30.433745,1000,295816,4,1.000000,1.000000,0,1885,0,20887,0
100000578,defense_only,120.000000,160.000000,0.001944,100.000000,0.031135,18,18,9720,18,18,0.000000,22.608642,1000,219756,6,1.000000,1.000000,0,1621,0,5959,0
100000578,defense_vs_attack,220.000000,260.000000,0.001944,100.000000,0.011802,18,18,9720,18,18,0.000000,23.950206,1000,232796,6,1.000000,1.000000,0,1676,0,9940,0
100000578,baseline,320.000000,360.000000,0.001944,100.000000,0.026423,18,18,9720,18,18,0.000000,22.429630,1000,218016,6,1.000000,1.000000,0,1596,0,13792,0
100000578,attack_only,420.000000,460.000000,0.001944,100.000000,0.014501,18,18,9720,18,18,0.000000,24.146502,1000,234704,6,1.000000,1.000000,0,1670,0,17815,0
100000583,defense_vs_attack,120.000000,160.000000,0.001944,100.000000,0.015650,18,18,9720,18,18,0.000000,25.659259,1000,249408,3,1.000000,1.000000,0,1668,0,6342,0
100000583,defense_only,220.000000,260.000000,0.001944,100.000000,0.005894,18,18,9720,18,18,0.000000,24.853086,1000,241572,3,1.000000,1.000000,0,1657,0,10448,0
100000583,attack_only,320.000000,360.000000,0.001944,100.000000,0.012509,18,18,9720,18,18,0.000000,25.629630,1000,249120,3,1.000000,1.000000,0,1657,0,14555,0
100000583,baseline,420.000000,460.000000,0.001944,100.000000,0.007552,18,18,9720,18,18,0.000000,24.574074,1000,238860,3,1.000000,1.000000,0,1643,0,18590,0
100000582,baseline,120.000000,160.000000,0.001944,100.000000,0.025860,18,18,9720,18,18,0.000000,29.200823,1000,283832,5,1.000000,1.000000,0,1732,0,6519,0
100000582,defense_only,220.000000,260.000000,0.001944,100.000000,0.009980,18,18,9720,18,18,0.000000,29.148560,1000,283324,5,1.000000,1.000000,0,1693,0,10679,0
100000582,defense_vs_attack,320.000000,360.000000,0.001944,100.000000,0.022590,18,18,9720,18,18,0.000000,29.092181,1000,282776,5,1.000000,1.000000,0,1730,0,14907,0
100000582,attack_only,420.000000,460.000000,0.001944,100.000000,0.012033,18,18,9720,18,18,0.000000,29.097531,1000,282828,5,1.000000,1.000000,0,1733,0,19103,0
100000588,defense_vs_attack,120.000000,160.000000,0.000540,27.777778,0.053283,18,5,2700,5,18,72.222222,88.109630,1000,237896,8,1.000000,1.000000,0,1698,0,6244,0
100000588,attack_only,220.000000,260.000000,0.000000,0.000000,0.000000,18,0,0,0,18,100.000000,0.000000,1000,237452,8,1.000000,1.000000,0,1626,0,10187,0
100000588,baseline,320.000000,360.000000,0.001944,100.000000,0.029775,18,18,9720,18,18,0.000000,24.492593,1000,238068,8,1.000000,1.000000,0,1696,0,14226,0
100000588,defense_only,420.000000,460.000000,0.001944,100.000000,0.020768,18,18,9720,18,18,0.000000,24.466667,1000,237816,8,1.000000,1.000000,0,1708,0,18277,0
100000590,defense_vs_attack,120.000000,160.000000,0.001944,100.000000,0.015856,18,18,9720,18,18,0.000000,26.316872,1000,255800,3,1.000000,1.000000,0,1648,0,6381,0
100000590,defense_only,220.000000,260.000000,0.001944,100.000000,0.005849,18,18,9720,18,18,0.000000,27.775720,1000,269980,3,1.000000,1.000000,0,1673,0,10468,0
100000590,baseline,320.000000,360.000000,0.001944,100.000000,0.012812,18,18,9720,18,18,0.000000,28.054733,1000,272692,3,1.000000,1.000000,0,1704,0,14602,0
100000590,attack_only,420.000000,460.000000,0.001944,100.000000,0.007066,18,18,9720,18,18,0.000000,26.906996,1000,261536,3,1.000000,1.000000,0,1676,0,18699,0
100000585,defense_only,120.000000,160.000000,0.001944,100.000000,0.025596,18,18,9720,18,18,0.000000,28.974074,1000,281628,5,1.000000,1.000000,0,1664,0,6224,0
100000585,baseline,220.000000,260.000000,0.001944,100.000000,0.010072,18,18,9720,18,18,0.000000,29.013169,1000,282008,5,1.000000,1.000000,0,1674,0,10261,0
100000585,defense_vs_attack,320.000000,360.000000,0.001512,77.777778,0.027835,18,14,7560,14,18,22.222222,36.461905,1000,275652,5,1.000000,1.000000,0,1645,0,14205,0
100000585,attack_only,420.000000,460.000000,0.000000,0.000000,0.000000,18,0,0,0,18,100.000000,0.000000,1000,270204,5,1.000000,1.000000,0,1630,0,18125,0
100000593,defense_only,120.000000,160.000000,0.001944,100.000000,0.015847,18,18,9720,18,18,0.000000,26.812757,1000,260620,3,1.000000,1.000000,0,1693,0,6404,0
100000593,defense_vs_attack,220.000000,260.000000,0.001944,100.000000,0.006042,18,18,9720,18,18,0.000000,27.895062,1000,271140,3,1.000000,1.000000,0,1692,0,10520,0
100000593,attack_only,320.000000,360.000000,0.001944,100.000000,0.012812,18,18,9720,18,18,0.000000,27.531276,1000,267604,3,1.000000,1.000000,0,1671,0,14606,0
100000593,baseline,420.000000,460.000000,0.001944,100.000000,0.007117,18,18,9720,18,18,0.000000,27.335802,1000,265704,3,1.000000,1.000000,0,1687,0,18706,0
100000596,baseline,120.000000,160.000000,0.001944,100.000000,0.014622,18,18,9720,18,18,0.000000,31.255144,1000,303800,3,1.000000,1.000000,0,1891,0,7109,0
100000596,defense_vs_attack,220.000000,260.000000,0.001944,100.000000,0.006045,18,18,9720,18,18,0.000000,29.193416,1000,283760,3,1.000000,1.000000,0,1835,0,11647,0
100000596,attack_only,320.000000,360.000000,0.001944,100.000000,0.012597,18,18,9720,18,18,0.000000,29.300000,1000,284796,3,1.000000,1.000000,0,1880,0,16194,0
100000596,defense_only,420.000000,460.000000,0.001944,100.000000,0.007280,18,18,9720,18,18,0.000000,31.923457,1000,310296,3,1.000000,1.000000,0,1870,0,20773,0
100000595,baseline,120.000000,160.000000,0.001944,100.000000,0.016037,18,18,9720,18,18,0.000000,29.822222,1000,289872,3,1.000000,1.000000,0,1758,0,6651,0
100000595,defense_only,220.000000,260.000000,0.001944,100.000000,0.005957,18,18,9720,18,18,0.000000,30.234156,1000,293876,3,1.000000,1.000000,0,1738,0,10947,0
100000595,attack_only,320.000000,360.000000,0.001944,100.000000,0.012899,18,18,9720,18,18,0.000000,30.901646,1000,300364,3,1.000000,1.000000,0,1771,0,15301,0
100000595,defense_vs_attack,420.000000,460.000000,0.001944,100.000000,0.007366,18,18,9720,18,18,0.000000,31.003292,1000,301352,3,1.000000,1.000000,0,1774,0,19706,0
100000597,defense_vs_attack,120.000000,160.000000,0.001944,100.000000,0.020310,18,18,9720,18,18,0.000000,35.213992,1000,342280,4,1.000000,1.000000,0,1932,0,7170,0
100000597,attack_only,220.000000,260.000000,0.001944,100.000000,0.007794,18,18,9720,18,18,0.000000,35.033333,1000,340524,4,1.000000,1.000000,0,1908,0,11824,0
100000597,baseline,320.000000,360.000000,0.001944,100.000000,0.017259,18,18,9720,18,18,0.000000,34.671193,1000,337004,4,1.000000,1.000000,0,1927,0,16453,0
100000597,defense_only,420.000000,460.000000,0.001944,100.000000,0.009500,18,18,9720,18,18,0.000000,34.646091,1000,336760,4,1.000000,1.000000,0,1863,0,21089,0
100000602,defense_only,120.000000,160.000000,0.001944,100.000000,0.092037,18,18,9720,18,18,0.000000,25.845679,1000,251220,7,1.000000,1.000000,0,1690,0,6169,0
100000602,defense_vs_attack,220.000000,260.000000,0.001944,100.000000,0.083763,18,18,9720,18,18,0.000000,26.485597,1000,257440,7,1.000000,1.000000,0,1731,0,10313,0
100000602,baseline,320.000000,360.000000,0.001944,100.000000,0.024024,18,18,9720,18,18,0.000000,25.748148,1000,250272,7,1.000000,1.000000,0,1702,0,14336,0
100000602,attack_only,420.000000,460.000000,0.001944,100.000000,0.018996,18,18,9720,18,18,0.000000,26.217284,1000,254832,7,1.000000,1.000000,0,1715,0,18425,0
100000603,defense_only,120.000000,160.000000,0.001944,100.000000,0.027720,18,18,9720,18,18,0.000000,32.805350,1000,318868,5,1.000000,1.000000,0,1832,0,6860,0
100000603,attack_only,220.000000,260.000000,0.001944,100.000000,0.010648,18,18,9720,18,18,0.000000,31.974486,1000,310792,5,1.000000,1.000000,0,1765,0,11200,0
100000603,defense_vs_attack,320.000000,360.000000,0.001944,100.000000,0.021809,18,18,9720,18,18,0.000000,31.720988,1000,308328,5,1.000000,1.000000,0,1811,0,15552,0
100000603,baseline,420.000000,460.000000,0.001944,100.000000,0.013256,18,18,9720,18,18,0.000000,32.343621,1000,314380,5,1.000000,1.000000,0,1836,0,19955,0
100000605,attack_only,120.000000,160.000000,0.000000,0.000000,0.000000,18,0,0,0,18,100.000000,0.000000,1000,289088,5,1.000000,1.000000,0,1681,0,6408,0
100000605,defense_only,220.000000,260.000000,0.001944,100.000000,0.016387,18,18,9720,18,18,0.000000,29.786831,1000,289528,5,1.000000,1.000000,0,1719,0,10591,0
100000605,defense_vs_attack,320.000000,360.000000,0.000432,22.222222,0.054758,18,4,2160,4,18,77.777778,136.744444,1000,295368,5,1.000000,1.000000,0,1811,0,14883,0
100000605,baseline,420.000000,460.000000,0.001944,100.000000,0.016481,18,18,9720,18,18,0.000000,30.179835,1000,293348,5,1.000000,1.000000,0,1728,0,19124,0
100000612,attack_only,120.000000,160.000000,0.000000,0.000000,0.000000,18,0,0,0,18,100.000000,0.000000,1000,228456,5,1.000000,1.000000,0,1621,0,6137,0
100000612,defense_only,220.000000,260.000000,0.001944,100.000000,0.013124,18,18,9720,18,18,0.000000,23.972016,1000,233008,5,1.000000,1.000000,0,1666,0,10144,0
100000612,baseline,320.000000,360.000000,0.001944,100.000000,0.018911,18,18,9720,18,18,0.000000,24.397119,1000,237140,5,1.000000,1.000000,0,1673,0,14157,0
100000612,defense_vs_attack,420.000000,460.000000,0.001512,77.777778,0.017895,18,14,7560,14,18,22.222222,30.936508,1000,233880,5,1.000000,1.000000,0,1664,0,18161,0
100000609,attack_only,120.000000,160.000000,0.001944,100.000000,0.015773,18,18,9720,18,18,0.000000,28.751852,1000,279468,3,1.000000,1.000000,0,1740,0,6523,0
100000609,defense_vs_attack,220.000000,260.000000,0.001944,100.000000,0.005883,18,18,9720,18,18,0.000000,28.892593,1000,280836,3,1.000000,1.000000,0,1726,0,10734,0
100000609,baseline,320.000000,360.000000,0.001944,100.000000,0.012384,18,18,9720,18,18,0.000000,27.633745,1000,268600,3,1.000000,1.000000,0,1697,0,14925,0
100000609,defense_only,420.000000,460.000000,0.001944,100.000000,0.007624,18,18,9720,18,18,0.000000,27.746502,1000,269696,3,1.000000,1.000000,0,1727,0,19156,0
100000613,defense_only,120.000000,160.000000,0.001944,100.000000,0.045839,18,18,9720,18,18,0.000000,29.153086,1000,283368,9,1.000000,1.000000,0,1936,0,6974,0
100000613,defense_vs_attack,220.000000,260.000000,0.001944,100.000000,0.018018,18,18,9720,18,18,0.000000,29.361728,1000,285396,9,1.000000,1.000000,0,1867,0,11375,0
100000613,attack_only,320.000000,360.000000,0.001944,100.000000,0.038844,18,18,9720,18,18,0.000000,28.932099,1000,281220,9,1.000000,1.000000,0,1871,0,15805,0
100000613,baseline,420.000000,460.000000,0.001944,100.000000,0.024187,18,18,9720,18,18,0.000000,29.402058,1000,285788,9,1.000000,1.000000,0,1909,0,20305,0
100000616,defense_only,120.000000,160.000000,0.001944,100.000000,0.038046,18,18,9720,18,18,0.000000,30.285597,1000,294376,7,1.000000,1.000000,0,1886,0,6882,0
100000616,baseline,220.000000,260.000000,0.001944,100.000000,0.017323,18,18,9720,18,18,0.000000,30.909053,1000,300436,7,1.000000,1.000000,0,1848,0,11305,0
100000616,defense_vs_attack,320.000000,360.000000,0.001512,77.777778,0.031917,18,14,7560,14,18,22.222222,38.673016,1000,292368,8,1.000000,1.000000,0,1830,0,15698,0
100000616,attack_only,420.000000,460.000000,0.000000,0.000000,0.000000,18,0,0,0,18,100.000000,0.000000,1000,291612,8,1.000000,1.000000,0,1774,0,20040,0
100000621,defense_only,120.000000,160.000000,0.001944,100.000000,0.015689,18,18,9720,18,18,0.000000,24.034568,1000,233616,3,1.000000,1.000000,0,1630,0,6175,0
100000621,baseline,220.000000,260.000000,0.001944,100.000000,0.005789,18,18,9720,18,18,0.000000,24.624280,1000,239348,3,1.000000,1.000000,0,1631,0,10164,0
100000621,defense_vs_attack,320.000000,360.000000,0.001944,100.000000,0.012811,18,18,9720,18,18,0.000000,24.526337,1000,238396,3,1.000000,1.000000,0,1631,0,14158,0
100000621,attack_only,420.000000,460.000000,0.001944,100.000000,0.007065,18,18,9720,18,18,0.000000,24.824280,1000,241292,3,1.000000,1.000000,0,1659,0,18237,0
100000618,defense_vs_attack,120.000000,160.000000,0.001944,100.000000,0.025715,18,18,9720,18,18,0.000000,30.251852,1000,294048,5,1.000000,1.000000,0,1749,0,6568,0
100000618,attack_only,220.000000,260.000000,0.001944,100.000000,0.010014,18,18,9720,18,18,0.000000,30.329630,1000,294804,5,1.000000,1.000000,0,1747,0,10743,0
100000618,defense_only,320.000000,360.000000,0.001944,100.000000,0.021863,18,18,9720,18,18,0.000000,29.880658,1000,290440,5,1.000000,1.000000,0,1699,0,14933,0
100000618,baseline,420.000000,460.000000,0.001944,100.000000,0.012133,18,18,9720,18,18,0.000000,29.963374,1000,291244,5,1.000000,1.000000,0,1719,0,19142,0
100000628,defense_only,120.000000,160.000000,0.001944,100.000000,0.030597,18,18,9720,18,18,0.000000,30.670370,1000,298116,6,1.000000,1.000000,0,1867,0,6960,0
100000628,baseline,220.000000,260.000000,0.001944,100.000000,0.012001,18,18,9720,18,18,0.000000,30.791770,1000,299296,6,1.000000,1.000000,0,1877,0,11425,0
100000628,defense_vs_attack,320.000000,360.000000,0.001944,100.000000,0.025998,18,18,9720,18,18,0.000000,30.372840,1000,295224,6,1.000000,1.000000,0,1873,0,15888,0
100000628,attack_only,420.000000,460.000000,0.001944,100.000000,0.014779,18,18,9720,18,18,0.000000,30.175720,1000,293308,6,1.000000,1.000000,0,1847,0,20338,0
100000625,defense_vs_attack,120.000000,160.000000,0.001512,77.777778,0.033415,18,14,7560,14,18,22.222222,41.341270,1000,312540,6,1.000000,1.000000,0,1896,0,7004,0
100000625,baseline,220.000000,260.000000,0.001944,100.000000,0.020687,18,18,9720,18,18,0.000000,31.468724,1000,305876,6,1.000000,1.000000,0,1952,0,11605,0
100000625,attack_only,320.000000,360.000000,0.001944,100.000000,0.018803,18,18,9720,18,18,0.000000,31.743210,1000,308544,6,1.000000,1.000000,0,1902,0,16147,0
100000625,defense_only,420.000000,460.000000,0.001944,100.000000,0.020831,18,18,9720,18,18,0.000000,31.420165,1000,305404,6,1.000000,1.000000,0,1937,0,20757,0
100000627,defense_vs_attack,120.000000,160.000000,0.001944,100.000000,0.021468,18,18,9720,18,18,0.000000,41.313580,1000,401568,4,1.000000,1.000000,0,1940,0,7349,0
100000627,defense_only,220.000000,260.000000,0.001944,100.000000,0.007839,18,18,9720,18,18,0.000000,40.906584,1000,397612,4,1.000000,1.000000,0,1928,0,12045,0
100000627,baseline,320.000000,360.000000,0.001944,100.000000,0.017712,18,18,9720,18,18,0.000000,41.228807,1000,400744,4,1.000000,1.000000,0,1935,0,16808,0
100000627,attack_only,420.000000,460.000000,0.001944,100.000000,0.009498,18,18,9720,18,18,0.000000,41.218519,1000,400644,4,1.000000,1.000000,0,1940,0,21508,0
100000631,baseline,120.000000,160.000000,0.001944,100.000000,0.020648,18,18,9720,18,18,0.000000,28.237037,1000,274464,4,1.000000,1.000000,0,1677,0,6261,0
100000631,defense_only,220.000000,260.000000,0.001944,100.000000,0.008210,18,18,9720,18,18,0.000000,28.075720,1000,272896,4,1.000000,1.000000,0,1663,0,10293,0
100000631,attack_only,320.000000,360.000000,0.001944,100.000000,0.017553,18,18,9720,18,18,0.000000,27.320988,1000,265560,4,1.000000,1.000000,0,1653,0,14279,0
100000631,defense_vs_attack,420.000000,460.000000,0.001944,100.000000,0.009702,18,18,9720,18,18,0.000000,27.579424,1000,268072,4,1.000000,1.000000,0,1634,0,18309,0
100000636,defense_only,120.000000,160.000000,0.001944,100.000000,0.015569,18,18,9720,18,18,0.000000,27.530864,1000,267600,3,1.000000,1.000000,0,1700,0,6525,0
100000636,baseline,220.000000,260.000000,0.001944,100.000000,0.005789,18,18,9720,18,18,0.000000,27.676543,1000,269016,3,1.000000,1.000000,0,1677,0,10677,0
100000636,defense_vs_attack,320.000000,360.000000,0.001944,100.000000,0.012812,18,18,9720,18,18,0.000000,28.051852,1000,272664,3,1.000000,1.000000,0,1687,0,14827,0
100000636,attack_only,420.000000,460.000000,0.001944,100.000000,0.007256,18,18,9720,18,18,0.000000,27.935802,1000,271536,3,1.000000,1.000000,0,1710,0,18997,0
100000637,attack_only,120.000000,160.000000,0.000000,0.000000,0.000000,18,0,0,0,18,100.000000,0.000000,1000,335420,4,1.000000,1.000000,0,1859,0,7034,0
100000637,baseline,220.000000,260.000000,0.001944,100.000000,0.011334,18,18,9720,18,18,0.000000,34.233333,1000,332748,4,1.000000,1.000000,0,1894,0,11599,0
100000637,defense_vs_attack,320.000000,360.000000,0.000864,44.444444,0.024028,18,8,4320,8,18,55.555556,79.003704,1000,341296,4,1.000000,1.000000,0,1887,0,16159,0
100000637,defense_only,420.000000,460.000000,0.001944,100.000000,0.015403,18,18,9720,18,18,0.000000,34.703704,1000,337320,4,1.000000,1.000000,0,1897,0,20768,0
100000641,attack_only,120.000000,160.000000,0.001944,100.000000,0.036347,18,18,9720,18,18,0.000000,30.506173,1000,296520,7,1.000000,1.000000,0,1855,0,6809,0
100000641,baseline,220.000000,260.000000,0.001944,100.000000,0.020137,18,18,9720,18,18,0.000000,31.395062,1000,305160,7,1.000000,1.000000,0,1909,0,11333,0
100000641,defense_only,320.000000,360.000000,0.001944,100.000000,0.025871,18,18,9720,18,18,0.000000,31.202058,1000,303284,7,1.000000,1.000000,0,1868,0,15792,0
100000641,defense_vs_attack,420.000000,460.000000,0.001512,77.777778,0.021019,18,14,7560,14,18,22.222222,40.047619,1000,302760,7,1.000000,1.000000,0,1830,0,20202,0
100000647,defense_vs_attack,120.000000,160.000000,0.001512,77.777778,0.026799,18,14,7560,14,18,22.222222,29.047619,1000,219600,6,1.000000,1.000000,0,1578,0,5907,0
100000647,attack_only,220.000000,260.000000,0.000000,0.000000,0.000000,18,0,0,0,18,100.000000,0.000000,1000,217124,6,1.000000,1.000000,0,1494,0,9625,0
100000647,baseline,320.000000,360.000000,0.001944,100.000000,0.019560,18,18,9720,18,18,0.000000,22.197119,1000,215756,5,1.000000,1.000000,0,1572,0,13406,0
100000647,defense_only,420.000000,460.000000,0.001944,100.000000,0.014156,18,18,9720,18,18,0.000000,22.009053,1000,213928,5,1.000000,1.000000,0,1568,0,17189,0
100000645,defense_vs_attack,120.000000,160.000000,0.001944,100.000000,0.036213,18,18,9720,18,18,0.000000,29.334156,1000,285128,7,1.000000,1.000000,0,1818,0,6650,0
100000645,baseline,220.000000,260.000000,0.001944,100.000000,0.013808,18,18,9720,18,18,0.000000,29.300000,1000,284796,7,1.000000,1.000000,0,1754,0,10874,0
100000645,attack_only,320.000000,360.000000,0.001944,100.000000,0.030513,18,18,9720,18,18,0.000000,29.255144,1000,284360,7,1.000000,1.000000,0,1764,0,15138,0
100000645,defense_only,420.000000,460.000000,0.001944,100.000000,0.017361,18,18,9720,18,18,0.000000,29.477778,1000,286524,7,1.000000,1.000000,0,1800,0,19375,0
100000648,attack_only,120.000000,160.000000,0.001944,100.000000,0.037199,18,18,9720,18,18,0.000000,27.293004,1000,265288,7,1.000000,1.000000,0,1757,0,6439,0
100000648,defense_only,220.000000,260.000000,0.001944,100.000000,0.020513,18,18,9720,18,18,0.000000,25.790123,1000,250680,7,1.000000,1.000000,0,1723,0,10550,0
100000648,defense_vs_attack,320.000000,360.000000,0.001944,100.000000,0.025578,18,18,9720,18,18,0.000000,26.990947,1000,262352,7,1.000000,1.000000,0,1712,0,14671,0
100000648,baseline,420.000000,460.000000,0.001944,100.000000,0.026281,18,18,9720,18,18,0.000000,25.909053,1000,251836,7,1.000000,1.000000,0,1764,0,18789,0
100000651,attack_only,120.000000,160.000000,0.001944,100.000000,0.015664,18,18,9720,18,18,0.000000,25.553086,1000,248376,3,1.000000,1.000000,0,1642,0,6243,0
100000651,defense_vs_attack,220.000000,260.000000,0.001944,100.000000,0.006051,18,18,9720,18,18,0.000000,25.055556,1000,243540,3,1.000000,1.000000,0,1617,0,10178,0
100000651,defense_only,320.000000,360.000000,0.001944,100.000000,0.013009,18,18,9720,18,18,0.000000,25.546091,1000,248308,3,1.000000,1.000000,0,1632,0,14212,0
100000651,baseline,420.000000,460.000000,0.001944,100.000000,0.007180,18,18,9720,18,18,0.000000,25.665844,1000,249472,3,1.000000,1.000000,0,1669,0,18277,0
100000653,defense_only,120.000000,160.000000,0.001944,100.000000,0.021216,18,18,9720,18,18,0.000000,26.932510,1000,261784,4,1.000000,1.000000,0,1701,0,6444,0
100000653,defense_vs_attack,220.000000,260.000000,0.001944,100.000000,0.007836,18,18,9720,18,18,0.000000,27.537860,1000,267668,4,1.000000,1.000000,0,1734,0,10644,0
100000653,attack_only,320.000000,360.000000,0.001944,100.000000,0.018356,18,18,9720,18,18,0.000000,27.509465,1000,267392,4,1.000000,1.000000,0,1718,0,14839,0
100000653,baseline,420.000000,460.000000,0.001944,100.000000,0.009943,18,18,9720,18,18,0.000000,27.258436,1000,264952,4,1.000000,1.000000,0,1751,0,19056,0
100000655,attack_only,120.000000,160.000000,0.000000,0.000000,0.000000,18,0,0,0,18,100.000000,0.000000,1000,240048,5,1.000000,1.000000,0,1665,0,6418,0
100000655,baseline,220.000000,260.000000,0.001944,100.000000,0.025162,18,18,9720,18,18,0.000000,24.596296,1000,239076,5,1.000000,1.000000,0,1733,0,10553,0
100000655,defense_only,320.000000,360.000000,0.001944,100.000000,0.009963,18,18,9720,18,18,0.000000,24.952675,1000,242540,5,1.000000,1.000000,0,1735,0,14699,0
100000655,defense_vs_attack,420.000000,460.000000,0.001188,73.333333,0.020497,15,11,5940,11,18,38.888889,40.641751,1000,241412,5,1.000000,1.000000,0,1673,0,18793,0
100000656,attack_only,120.000000,160.000000,0.000000,0.000000,0.000000,18,0,0,0,18,100.000000,0.000000,1000,269888,5,1.000000,1.000000,0,1695,0,6407,0
100000656,defense_vs_attack,220.000000,260.000000,0.000540,27.777778,0.036901,18,5,2700,5,18,72.222222,100.165926,1000,270448,5,1.000000,1.000000,0,1726,0,10553,0
100000656,defense_only,320.000000,360.000000,0.001944,100.000000,0.019571,18,18,9720,18,18,0.000000,27.707819,1000,269320,5,1.000000,1.000000,0,1730,0,14732,0
100000656,baseline,420.000000,460.000000,0.001944,100.000000,0.015157,18,18,9720,18,18,0.000000,27.530041,1000,267592,5,1.000000,1.000000,0,1691,0,18862,0
100000659,baseline,120.000000,160.000000,0.001944,100.000000,0.025346,18,18,9720,18,18,0.000000,30.563786,1000,297080,5,1.000000,1.000000,0,1796,0,6732,0
100000659,attack_only,220.000000,260.000000,0.000000,0.000000,0.000000,18,0,0,0,18,100.000000,0.000000,1000,290436,5,1.000000,1.000000,0,1702,0,10913,0
100000659,defense_vs_attack,320.000000,360.000000,0.000972,50.000000,0.023448,18,9,4860,9,18,50.000000,60.350617,1000,293304,5,1.000000,1.000000,0,1771,0,15152,0
100000659,defense_only,420.000000,460.000000,0.001944,100.000000,0.014686,18,18,9720,18,18,0.000000,30.408642,1000,295572,5,1.000000,1.000000,0,1766,0,19492,0
100000661,defense_only,120.000000,160.000000,0.001944,100.000000,0.020508,18,18,9720,18,18,0.000000,30.804527,1000,299420,4,1.000000,1.000000,0,1773,0,6641,0
100000661,attack_only,220.000000,260.000000,0.001944,100.000000,0.007793,18,18,9720,18,18,0.000000,30.411111,1000,295596,4,1.000000,1.000000,0,1762,0,10955,0
100000661,baseline,320.000000,360.000000,0.001944,100.000000,0.017899,18,18,9720,18,18,0.000000,30.327572,1000,294784,4,1.000000,1.000000,0,1718,0,15137,0
100000661,defense_vs_attack,420.000000,460.000000,0.001944,100.000000,0.009875,18,18,9720,18,18,0.000000,29.976132,1000,291368,4,1.000000,1.000000,0,1682,0,19389,0
100000663,defense_only,120.000000,160.000000,0.001944,100.000000,0.025837,18,18,9720,18,18,0.000000,21.253909,1000,206588,5,1.000000,1.000000,0,1590,0,5929,0
100000663,attack_only,220.000000,260.000000,0.000000,0.000000,0.000000,18,0,0,0,18,100.000000,0.000000,1000,207520,5,1.000000,1.000000,0,1539,0,9668,0
100000663,baseline,320.000000,360.000000,0.001944,100.000000,0.015294,18,18,9720,18,18,0.000000,21.339506,1000,207420,5,1.000000,1.000000,0,1558,0,13474,0
100000663,defense_vs_attack,420.000000,460.000000,0.000756,43.750000,0.016425,16,7,3780,7,18,61.111111,52.465608,1000,198320,5,1.000000,1.000000,0,1535,0,17258,0
100000664,baseline,120.000000,160.000000,0.001944,100.000000,0.026259,18,18,9720,18,18,0.000000,31.644856,1000,307588,5,1.000000,1.000000,0,1849,0,6939,0
100000664,defense_vs_attack,220.000000,260.000000,0.000972,50.000000,0.018235,18,9,4860,9,18,50.000000,63.137449,1000,306848,5,1.000000,1.000000,0,1831,0,11346,0
100000664,attack_only,320.000000,360.000000,0.000000,0.000000,0.000000,18,0,0,0,18,100.000000,0.000000,1000,305020,5,1.000000,1.000000,0,1756,0,15712,0
100000664,defense_only,420.000000,460.000000,0.001944,100.000000,0.015454,18,18,9720,18,18,0.000000,31.518107,1000,306356,5,1.000000,1.000000,0,1834,0,20160,0
100000670,baseline,120.000000,160.000000,0.001944,100.000000,0.032072,18,18,9720,18,18,0.000000,29.446914,1000,286224,6,1.000000,1.000000,0,1816,0,6654,0
100000670,attack_only,220.000000,260.000000,0.001944,100.000000,0.022019,18,18,9720,18,18,0.000000,29.307819,1000,284872,6,1.000000,1.000000,0,1735,0,10835,0
100000670,defense_only,320.000000,360.000000,0.001944,100.000000,0.018627,18,18,9720,18,18,0.000000,29.279012,1000,284592,6,1.000000,1.000000,0,1784,0,15146,0
100000670,defense_vs_attack,420.000000,460.000000,0.001944,100.000000,0.021214,18,18,9720,18,18,0.000000,29.343210,1000,285216,6,1.000000,1.000000,0,1774,0,19402,0
100000668,attack_only,120.000000,160.000000,0.000000,0.000000,0.000000,18,0,0,0,18,100.000000,0.000000,1000,311280,5,1.000000,1.000000,0,1776,0,6702,0
100000668,defense_vs_attack,220.000000,260.000000,0.001512,77.777778,0.024438,18,14,7560,14,18,22.222222,40.645503,1000,307280,5,1.000000,1.000000,0,1769,0,10968,0
100000668,defense_only,320.000000,360.000000,0.001944,100.000000,0.018148,18,18,9720,18,18,0.000000,34.076132,1000,331220,5,1.000000,1.000000,0,1811,0,15347,0
100000668,baseline,420.000000,460.000000,0.001944,100.000000,0.015940,18,18,9720,18,18,0.000000,34.184362,1000,332272,5,1.000000,1.000000,0,1801,0,19768,0
100000673,defense_only,120.000000,160.000000,0.001944,100.000000,0.020817,18,18,9720,18,18,0.000000,27.834568,1000,270552,4,1.000000,1.000000,0,1794,0,6719,0
100000673,attack_only,220.000000,260.000000,0.001944,100.000000,0.007793,18,18,9720,18,18,0.000000,27.625514,1000,268520,4,1.000000,1.000000,0,1813,0,11077,0
100000673,baseline,320.000000,360.000000,0.001944,100.000000,0.017243,18,18,9720,18,18,0.000000,28.499588,1000,277016,4,1.000000,1.000000,0,1791,0,15399,0
100000673,defense_vs_attack,420.000000,460.000000,0.001944,100.000000,0.009656,18,18,9720,18,18,0.000000,27.319753,1000,265548,4,1.000000,1.000000,0,1817,0,19736,0
100000671,defense_only,120.000000,160.000000,0.001944,100.000000,0.015177,18,18,9720,18,18,0.000000,29.274074,1000,284544,3,1.000000,1.000000,0,1659,0,6305,0
100000671,attack_only,220.000000,260.000000,0.001944,100.000000,0.006318,18,18,9720,18,18,0.000000,29.016049,1000,282036,3,1.000000,1.000000,0,1648,0,10355,0
100000671,defense_vs_attack,320.000000,360.000000,0.001944,100.000000,0.012738,18,18,9720,18,18,0.000000,28.944856,1000,281344,3,1.000000,1.000000,0,1649,0,14361,0
100000671,baseline,420.000000,460.000000,0.001944,100.000000,0.007448,18,18,9720,18,18,0.000000,29.282716,1000,284628,3,1.000000,1.000000,0,1661,0,18426,0
100000674,attack_only,120.000000,160.000000,0.000000,0.000000,0.000000,18,0,0,0,18,100.000000,0.000000,1000,251120,6,1.000000,1.000000,0,1644,0,6211,0
100000674,defense_vs_attack,220.000000,260.000000,0.001080,55.555556,0.029869,18,10,5400,10,18,44.444444,45.271111,1000,244464,6,1.000000,1.000000,0,1660,0,10206,0
100000674,defense_only,320.000000,360.000000,0.001944,100.000000,0.019846,18,18,9720,18,18,0.000000,26.417695,1000,256780,6,1.000000,1.000000,0,1688,0,14288,0
100000674,baseline,420.000000,460.000000,0.001944,100.000000,0.016787,18,18,9720,18,18,0.000000,26.230041,1000,254956,6,1.000000,1.000000,0,1681,0,18348,0
100000676,attack_only,120.000000,160.000000,0.000000,0.000000,0.000000,18,0,0,0,18,100.000000,0.000000,1000,276912,5,1.000000,1.000000,0,1657,0,6410,0
100000676,defense_vs_attack,220.000000,260.000000,0.000432,22.222222,0.036469,18,4,2160,4,18,77.777778,128.779630,1000,278164,5,1.000000,1.000000,0,1829,0,10656,0
100000676,baseline,320.000000,360.000000,0.001944,100.000000,0.018656,18,18,9720,18,18,0.000000,28.276955,1000,274852,5,1.000000,1.000000,0,1706,0,14749,0
100000676,defense_only,420.000000,460.000000,0.001944,100.000000,0.013021,18,18,9720,18,18,0.000000,28.599177,1000,277984,5,1.000000,1.000000,0,1729,0,18941,0
100000679,attack_only,120.000000,160.000000,0.000000,0.000000,0.000000,18,0,0,0,18,100.000000,0.000000,1000,304872,7,1.000000,1.000000,0,1834,0,6877,0
100000679,baseline,220.000000,260.000000,0.001944,100.000000,0.030601,18,18,9720,18,18,0.000000,31.273663,1000,303980,7,1.000000,1.000000,0,1852,0,11304,0
100000679,defense_vs_attack,320.000000,360.000000,0.001512,77.777778,0.021619,18,14,7560,14,18,22.222222,40.213757,1000,304016,7,1.000000,1.000000,0,1867,0,15827,0
100000679,defense_only,420.000000,460.000000,0.001944,100.000000,0.023366,18,18,9720,18,18,0.000000,31.229630,1000,303552,7,1.000000,1.000000,0,1830,0,20286,0
100000680,attack_only,120.000000,160.000000,0.000000,0.000000,0.000000,18,0,0,0,18,100.000000,0.000000,1000,188956,6,1.000000,1.000000,0,1397,0,5464,0
100000680,baseline,220.000000,260.000000,0.001944,100.000000,0.025982,18,18,9720,18,18,0.000000,19.746091,1000,191932,6,1.000000,1.000000,0,1504,0,9050,0
100000680,defense_vs_attack,320.000000,360.000000,0.000000,0.000000,0.000000,15,0,0,0,18,100.000000,0.000000,1000,190580,6,1.000000,1.000000,0,1424,0,12576,0
100000680,defense_only,420.000000,460.000000,0.001944,100.000000,0.018270,18,18,9720,18,18,0.000000,20.186831,1000,196216,6,1.000000,1.000000,0,1500,0,16186,0
100000682,defense_only,120.000000,160.000000,0.001944,100.000000,0.025980,18,18,9720,18,18,0.000000,22.937860,1000,222956,5,1.000000,1.000000,0,1551,0,5905,0
100000682,baseline,220.000000,260.000000,0.001944,100.000000,0.009797,18,18,9720,18,18,0.000000,23.074897,1000,224288,5,1.000000,1.000000,0,1569,0,9685,0
100000682,attack_only,320.000000,360.000000,0.001944,100.000000,0.021539,18,18,9720,18,18,0.000000,24.805761,1000,241112,5,1.000000,1.000000,0,1623,0,13567,0
100000682,defense_vs_attack,420.000000,460.000000,0.001188,68.750000,0.014118,16,11,5940,11,18,38.888889,38.913805,1000,231148,5,1.000000,1.000000,0,1559,0,17427,0
100000683,defense_vs_attack,120.000000,160.000000,0.001944,100.000000,0.020642,18,18,9720,18,18,0.000000,30.460494,1000,296076,4,1.000000,1.000000,0,1868,0,7054,0
100000683,baseline,220.000000,260.000000,0.001944,100.000000,0.007794,18,18,9720,18,18,0.000000,30.426337,1000,295744,4,1.000000,1.000000,0,1874,0,11620,0
100000683,attack_only,320.000000,360.000000,0.001944,100.000000,0.017610,18,18,9720,18,18,0.000000,30.303704,1000,294552,4,1.000000,1.000000,0,1816,0,16139,0
100000683,defense_only,420.000000,460.000000,0.001944,100.000000,0.009499,18,18,9720,18,18,0.000000,30.481070,1000,296276,4,1.000000,1.000000,0,1903,0,20720,0
100000685,defense_vs_attack,120.000000,160.000000,0.001944,100.000000,0.025626,18,18,9720,18,18,0.000000,27.573663,1000,268016,5,1.000000,1.000000,0,1865,0,6943,0
100000685,attack_only,220.000000,260.000000,0.001944,100.000000,0.009829,18,18,9720,18,18,0.000000,27.776955,1000,269992,5,1.000000,1.000000,0,1872,0,11403,0
100000685,baseline,320.000000,360.000000,0.001944,100.000000,0.021714,18,18,9720,18,18,0.000000,28.001235,1000,272172,5,1.000000,1.000000,0,1827,0,15860,0
100000685,defense_only,420.000000,460.000000,0.001944,100.000000,0.011980,18,18,9720,18,18,0.000000,28.534979,1000,277360,5,1.000000,1.000000,0,1811,0,20230,0
100000684,defense_only,120.000000,160.000000,0.001944,100.000000,0.015273,18,18,9720,18,18,0.000000,31.141152,1000,302692,3,1.000000,1.000000,0,1758,0,6723,0
100000684,baseline,220.000000,260.000000,0.001944,100.000000,0.005790,18,18,9720,18,18,0.000000,31.345679,1000,304680,3,1.000000,1.000000,0,1755,0,11025,0
100000684,defense_vs_attack,320.000000,360.000000,0.001944,100.000000,0.012812,18,18,9720,18,18,0.000000,31.734156,1000,308456,3,1.000000,1.000000,0,1745,0,15307,0
100000684,attack_only,420.000000,460.000000,0.001944,100.000000,0.007066,18,18,9720,18,18,0.000000,31.758025,1000,308688,3,1.000000,1.000000,0,1743,0,19560,0
100000687,defense_only,120.000000,160.000000,0.001944,100.000000,0.037256,18,18,9720,18,18,0.000000,26.611934,1000,258668,7,1.000000,1.000000,0,1706,0,6334,0
100000687,baseline,220.000000,260.000000,0.001944,100.000000,0.014560,18,18,9720,18,18,0.000000,26.513169,1000,257708,7,1.000000,1.000000,0,1701,0,10375,0
100000687,defense_vs_attack,320.000000,360.000000,0.001944,100.000000,0.030072,18,18,9720,18,18,0.000000,27.006173,1000,262500,7,1.000000,1.000000,0,1708,0,14461,0
100000687,attack_only,420.000000,460.000000,0.001944,100.000000,0.018043,18,18,9720,18,18,0.000000,26.712346,1000,259644,7,1.000000,1.000000,0,1672,0,18520,0
100000688,defense_only,120.000000,160.000000,0.001944,100.000000,0.020853,18,18,9720,18,18,0.000000,31.801235,1000,309108,4,1.000000,1.000000,0,1865,0,6999,0
100000688,attack_only,220.000000,260.000000,0.001944,100.000000,0.007792,18,18,9720,18,18,0.000000,32.201235,1000,312996,4,1.000000,1.000000,0,1870,0,11603,0
100000688,baseline,320.000000,360.000000,0.001944,100.000000,0.017281,18,18,9720,18,18,0.000000,31.755556,1000,308664,4,1.000000,1.000000,0,1883,0,16195,0
100000688,defense_vs_attack,420.000000,460.000000,0.001944,100.000000,0.009848,18,18,9720,18,18,0.000000,32.123868,1000,312244,4,1.000000,1.000000,0,1848,0,20695,0
100000690,baseline,120.000000,160.000000,0.001944,100.000000,0.030575,18,18,9720,18,18,0.000000,35.869959,1000,348656,6,1.000000,1.000000,0,1939,0,7333,0
100000690,defense_only,220.000000,260.000000,0.001944,100.000000,0.012117,18,18,9720,18,18,0.000000,36.433745,1000,354136,6,1.000000,1.000000,0,2012,0,12141,0
100000690,defense_vs_attack,320.000000,360.000000,0.001512,77.777778,0.030118,18,14,7560,14,18,22.222222,48.659788,1000,367868,7,1.000000,1.000000,0,1967,0,16948,0
100000690,attack_only,420.000000,460.000000,0.000000,0.000000,0.000000,18,0,0,0,18,100.000000,0.000000,1000,368680,7,1.000000,1.000000,0,1988,0,21805,0
100000692,attack_only,120.000000,160.000000,0.000000,0.000000,0.000000,18,0,0,0,18,100.000000,0.000000,1000,228024,4,1.000000,1.000000,0,1538,0,5919,0
100000692,defense_only,220.000000,260.000000,0.001944,100.000000,0.021157,18,18,9720,18,18,0.000000,24.184362,1000,235072,4,1.000000,1.000000,0,1597,0,9788,0
100000692,defense_vs_attack,320.000000,360.000000,0.000756,38.888889,0.158527,18,7,3780,7,18,61.111111,62.612698,1000,236676,4,1.000000,1.000000,0,1586,0,13625,0
100000692,baseline,420.000000,460.000000,0.001944,100.000000,0.008072,18,18,9720,18,18,0.000000,23.897942,1000,232288,4,1.000000,1.000000,0,1589,0,17467,0
100000698,defense_vs_attack,120.000000,160.000000,0.001944,100.000000,0.015478,18,18,9720,18,18,0.000000,37.521811,1000,364712,3,1.000000,1.000000,0,1878,0,7064,0
100000698,baseline,220.000000,260.000000,0.001944,100.000000,0.006424,18,18,9720,18,18,0.000000,36.487654,1000,354660,3,1.000000,1.000000,0,1837,0,11600,0
100000698,defense_only,320.000000,360.000000,0.001944,100.000000,0.012466,18,18,9720,18,18,0.000000,36.150617,1000,351384,3,1.000000,1.000000,0,1821,0,16121,0
100000698,attack_only,420.000000,460.000000,0.001944,100.000000,0.007504,18,18,9720,18,18,0.000000,37.618107,1000,365648,3,1.000000,1.000000,0,1896,0,20757,0
100000699,baseline,120.000000,160.000000,0.001944,100.000000,0.020208,18,18,9720,18,18,0.000000,28.061728,1000,272760,4,1.000000,1.000000,0,1675,0,6360,0
100000699,defense_vs_attack,220.000000,260.000000,0.001944,100.000000,0.020559,18,18,9720,18,18,0.000000,28.800412,1000,279940,4,1.000000,1.000000,0,1750,0,10599,0
100000699,defense_only,320.000000,360.000000,0.001944,100.000000,0.007888,18,18,9720,18,18,0.000000,28.108230,1000,273212,4,1.000000,1.000000,0,1694,0,14689,0
100000699,attack_only,420.000000,460.000000,0.001944,100.000000,0.017390,18,18,9720,18,18,0.000000,28.852263,1000,280444,4,1.000000,1.000000,0,1723,0,18858,0
100000704,defense_only,120.000000,160.000000,0.001944,100.000000,0.015135,18,18,9720,18,18,0.000000,27.237037,1000,264744,3,1.000000,1.000000,0,1692,0,6470,0
100000704,baseline,220.000000,260.000000,0.001944,100.000000,0.005842,18,18,9720,18,18,0.000000,27.237449,1000,264748,3,1.000000,1.000000,0,1672,0,10593,0
100000704,attack_only,320.000000,360.000000,0.001944,100.000000,0.012961,18,18,9720,18,18,0.000000,27.786420,1000,270084,3,1.000000,1.000000,0,1681,0,14718,0
100000704,defense_vs_attack,420.000000,460.000000,0.001944,100.000000,0.007121,18,18,9720,18,18,0.000000,27.829630,1000,270504,3,1.000000,1.000000,0,1708,0,18875,0
100000705,defense_vs_attack,120.000000,160.000000,0.001944,100.000000,0.025386,18,18,9720,18,18,0.000000,28.496708,1000,276988,5,1.000000,1.000000,0,1820,0,6857,0
100000705,baseline,220.000000,260.000000,0.001944,100.000000,0.009926,18,18,9720,18,18,0.000000,29.884774,1000,290480,5,1.000000,1.000000,0,1835,0,11224,0
100000705,attack_only,320.000000,360.000000,0.001944,100.000000,0.022052,18,18,9720,18,18,0.000000,28.524691,1000,277260,5,1.000000,1.000000,0,1789,0,15609,0
100000705,defense_only,420.000000,460.000000,0.001944,100.000000,0.013544,18,18,9720,18,18,0.000000,30.160082,1000,293156,5,1.000000,1.000000,0,1822,0,20028,0
100000707,defense_vs_attack,120.000000,160.000000,0.001944,100.000000,0.035541,18,18,9720,18,18,0.000000,34.630041,1000,336604,7,1.000000,1.000000,0,1891,0,6866,0
100000707,attack_only,220.000000,260.000000,0.001944,100.000000,0.014224,18,18,9720,18,18,0.000000,34.175309,1000,332184,7,1.000000,1.000000,0,1875,0,11363,0
100000707,defense_only,320.000000,360.000000,0.001944,100.000000,0.031180,18,18,9720,18,18,0.000000,32.321399,1000,314164,7,1.000000,1.000000,0,1810,0,15731,0
100000707,baseline,420.000000,460.000000,0.001944,100.000000,0.017415,18,18,9720,18,18,0.000000,32.806173,1000,318876,7,1.000000,1.000000,0,1834,0,20131,0
100000711,defense_vs_attack,120.000000,160.000000,0.000000,0.000000,0.000000,12,0,0,0,18,100.000000,0.000000,1000,268748,7,1.000000,1.000000,0,1661,0,6420,0
100000711,defense_only,220.000000,260.000000,0.001944,100.000000,0.029686,18,18,9720,18,18,0.000000,28.993004,1000,281812,7,1.000000,1.000000,0,1776,0,10628,0
100000711,baseline,320.000000,360.000000,0.001944,100.000000,0.016912,18,18,9720,18,18,0.000000,28.748971,1000,279440,7,1.000000,1.000000,0,1751,0,14792,0
100000711,attack_only,420.000000,460.000000,0.000000,0.000000,0.000000,18,0,0,0,18,100.000000,0.000000,1000,281380,7,1.000000,1.000000,0,1679,0,18881,0
100000715,baseline,120.000000,160.000000,0.001944,100.000000,0.016043,18,18,9720,18,18,0.000000,24.385185,1000,237024,3,1.000000,1.000000,0,1725,0,6458,0
100000715,attack_only,220.000000,260.000000,0.001944,100.000000,0.005849,18,18,9720,18,18,0.000000,24.590123,1000,239016,3,1.000000,1.000000,0,1711,0,10653,0
100000715,defense_only,320.000000,360.000000,0.001944,100.000000,0.012812,18,18,9720,18,18,0.000000,24.420165,1000,237364,3,1.000000,1.000000,0,1655,0,14781,0
100000715,defense_vs_attack,420.000000,460.000000,0.001944,100.000000,0.007066,18,18,9720,18,18,0.000000,24.716461,1000,240244,3,1.000000,1.000000,0,1705,0,18950,0
100000717,defense_vs_attack,120.000000,160.000000,0.000000,0.000000,0.000000,3,0,0,0,18,100.000000,0.000000,1000,279284,8,1.000000,1.000000,0,1757,0,6739,0
100000717,attack_only,220.000000,260.000000,0.000000,0.000000,0.000000,18,0,0,0,18,100.000000,0.000000,1000,281924,8,1.000000,1.000000,0,1798,0,11109,0
100000717,defense_only,320.000000,360.000000,0.001944,100.000000,0.025684,18,18,9720,18,18,0.000000,30.321811,1000,294728,7,1.000000,1.000000,0,1861,0,15580,0
100000717,baseline,420.000000,460.000000,0.001944,100.000000,0.021850,18,18,9720,18,18,0.000000,30.430864,1000,295788,7,1.000000,1.000000,0,1822,0,20028,0
100000718,attack_only,120.000000,160.000000,0.000000,0.000000,0.000000,18,0,0,0,18,100.000000,0.000000,1000,272668,7,1.000000,1.000000,0,1746,0,6527,0
100000718,baseline,220.000000,260.000000,0.001944,100.000000,0.023837,18,18,9720,18,18,0.000000,28.206173,1000,274164,7,1.000000,1.000000,0,1784,0,10804,0
100000718,defense_vs_attack,320.000000,360.000000,0.001080,55.555556,0.045420,18,10,5400,10,18,44.444444,51.838519,1000,279928,7,1.000000,1.000000,0,2090,0,15352,0
100000718,defense_only,420.000000,460.000000,0.001944,100.000000,0.020321,18,18,9720,18,18,0.000000,27.925103,1000,271432,7,1.000000,1.000000,0,1763,0,19610,0
100000724,attack_only,120.000000,160.000000,0.000000,0.000000,0.000000,18,0,0,0,18,100.000000,0.000000,1000,257392,3,1.000000,1.000000,0,1575,0,6144,0
100000724,defense_only,220.000000,260.000000,0.001944,100.000000,0.012120,18,18,9720,18,18,0.000000,26.960494,1000,262056,3,1.000000,1.000000,0,1619,0,10119,0
100000724,baseline,320.000000,360.000000,0.001944,100.000000,0.008242,18,18,9720,18,18,0.000000,27.035391,1000,262784,3,1.000000,1.000000,0,1615,0,14114,0
100000724,defense_vs_attack,420.000000,460.000000,0.001512,77.777778,0.016146,18,14,7560,14,18,22.222222,34.484656,1000,260704,3,1.000000,1.000000,0,1628,0,18098,0
100000737,baseline,120.000000,160.000000,0.001944,100.000000,0.031120,18,18,9720,18,18,0.000000,29.381481,1000,285588,6,1.000000,1.000000,0,1787,0,6690,0
100000737,defense_only,220.000000,260.000000,0.001944,100.000000,0.012726,18,18,9720,18,18,0.000000,29.294239,1000,284740,6,1.000000,1.000000,0,1768,0,10957,0
100000737,attack_only,320.000000,360.000000,0.001944,100.000000,0.026038,18,18,9720,18,18,0.000000,28.957202,1000,281464,6,1.000000,1.000000,0,1753,0,15172,0
100000737,defense_vs_attack,420.000000,460.000000,0.001944,100.000000,0.015730,18,18,9720,18,18,0.000000,28.992593,1000,281808,6,1.000000,1.000000,0,1744,0,19410,0
100000738,defense_only,120.000000,160.000000,0.001944,100.000000,0.031954,18,18,9720,18,18,0.000000,28.754321,1000,279492,6,1.000000,1.000000,0,1824,0,6730,0
100000738,attack_only,220.000000,260.000000,0.000000,0.000000,0.000000,18,0,0,0,18,100.000000,0.000000,1000,292580,6,1.000000,1.000000,0,1800,0,11152,0
100000738,baseline,320.000000,360.000000,0.001944,100.000000,0.015076,18,18,9720,18,18,0.000000,28.751852,1000,279468,6,1.000000,1.000000,0,1823,0,15547,0
100000738,defense_vs_attack,420.000000,460.000000,0.000540,27.777778,0.020911,18,5,2700,5,18,72.222222,107.361481,1000,289876,6,1.000000,1.000000,0,1826,0,19977,0
100000742,attack_only,120.000000,160.000000,0.001944,100.000000,0.015393,18,18,9720,18,18,0.000000,28.227572,1000,274372,3,1.000000,1.000000,0,1659,0,6284,0
100000742,defense_only,220.000000,260.000000,0.001944,100.000000,0.005868,18,18,9720,18,18,0.000000,27.280247,1000,265164,3,1.000000,1.000000,0,1639,0,10313,0
100000742,baseline,320.000000,360.000000,0.001944,100.000000,0.012918,18,18,9720,18,18,0.000000,27.801235,1000,270228,3,1.000000,1.000000,0,1663,0,14337,0
100000742,defense_vs_attack,420.000000,460.000000,0.001944,100.000000,0.008687,18,18,9720,18,18,0.000000,28.330864,1000,275376,3,1.000000,1.000000,0,1631,0,18347,0
100000752,defense_only,120.000000,160.000000,0.001944,100.000000,0.036485,18,18,9720,18,18,0.000000,29.923457,1000,290856,7,1.000000,1.000000,0,1907,0,6978,0
100000752,baseline,220.000000,260.000000,0.001944,100.000000,0.013872,18,18,9720,18,18,0.000000,29.602058,1000,287732,7,1.000000,1.000000,0,1852,0,11439,0
100000752,attack_only,320.000000,360.000000,0.000000,0.000000,0.000000,18,0,0,0,18,100.000000,0.000000,1000,276252,8,1.000000,1.000000,0,1857,0,15935,0
100000752,defense_vs_attack,420.000000,460.000000,0.001512,77.777778,0.022680,18,14,7560,14,18,22.222222,37.356085,1000,282412,8,1.000000,1.000000,0,1886,0,20476,0
100000751,attack_only,120.000000,160.000000,0.000000,0.000000,0.000000,18,0,0,0,18,100.000000,0.000000,1000,291132,4,1.000000,1.000000,0,1734,0,6655,0
100000751,defense_vs_attack,220.000000,260.000000,0.000648,33.333333,0.023619,18,6,3240,6,18,66.666667,90.513580,1000,293264,4,1.000000,1.000000,0,1813,0,11040,0
100000751,defense_only,320.000000,360.000000,0.001944,100.000000,0.014568,18,18,9720,18,18,0.000000,30.133745,1000,292900,4,1.000000,1.000000,0,1768,0,15391,0
100000751,baseline,420.000000,460.000000,0.001944,100.000000,0.013076,18,18,9720,18,18,0.000000,30.669547,1000,298108,4,1.000000,1.000000,0,1784,0,19706,0
100000756,attack_only,120.000000,160.000000,0.001944,100.000000,0.036010,18,18,9720,18,18,0.000000,23.986008,1000,233144,7,1.000000,1.000000,0,1795,0,6552,0
100000756,defense_only,220.000000,260.000000,0.001944,100.000000,0.013875,18,18,9720,18,18,0.000000,25.179012,1000,244740,7,1.000000,1.000000,0,1780,0,10811,0
100000756,baseline,320.000000,360.000000,0.001944,100.000000,0.031172,18,18,9720,18,18,0.000000,25.307407,1000,245988,7,1.000000,1.000000,0,1754,0,14991,0
100000756,defense_vs_attack,420.000000,460.000000,0.001944,100.000000,0.027744,18,18,9720,18,18,0.000000,23.898354,1000,232292,8,1.000000,1.000000,0,1748,0,19187,0
100000759,baseline,120.000000,160.000000,0.001944,100.000000,0.015125,18,18,9720,18,18,0.000000,26.645267,1000,258992,3,1.000000,1.000000,0,1631,0,6187,0
100000759,defense_vs_attack,220.000000,260.000000,0.001512,77.777778,0.006592,18,14,7560,14,18,22.222222,32.778307,1000,247804,4,1.000000,1.000000,0,1593,0,10062,0
100000759,attack_only,320.000000,360.000000,0.000000,0.000000,0.000000,18,0,0,0,18,100.000000,0.000000,1000,241036,4,1.000000,1.000000,0,1524,0,13882,0
100000759,defense_only,420.000000,460.000000,0.001944,100.000000,0.011536,18,18,9720,18,18,0.000000,27.067901,1000,263100,3,1.000000,1.000000,0,1665,0,17927,0
100000762,baseline,120.000000,160.000000,0.001944,100.000000,0.031906,18,18,9720,18,18,0.000000,26.974074,1000,262188,6,1.000000,1.000000,0,1818,0,6716,0
100000762,defense_only,220.000000,260.000000,0.001944,100.000000,0.012313,18,18,9720,18,18,0.000000,26.769136,1000,260196,6,1.000000,1.000000,0,1778,0,11053,0
100000762,attack_only,320.000000,360.000000,0.000000,0.000000,0.000000,18,0,0,0,18,100.000000,0.000000,1000,259392,6,1.000000,1.000000,0,1750,0,15367,0
100000762,defense_vs_attack,420.000000,460.000000,0.000972,50.000000,0.145679,18,9,4860,9,18,50.000000,54.111111,1000,262980,6,1.000000,1.000000,0,1893,0,19815,0
100000761,baseline,120.000000,160.000000,0.001944,100.000000,0.015378,18,18,9720,18,18,0.000000,27.701235,1000,269256,3,1.000000,1.000000,0,1759,0,6720,0
100000761,defense_only,220.000000,260.000000,0.001944,100.000000,0.006169,18,18,9720,18,18,0.000000,27.424280,1000,266564,3,1.000000,1.000000,0,1774,0,11010,0
100000761,defense_vs_attack,320.000000,360.000000,0.001944,100.000000,0.012812,18,18,9720,18,18,0.000000,29.302881,1000,284824,3,1.000000,1.000000,0,1806,0,15409,0
100000761,attack_only,420.000000,460.000000,0.001944,100.000000,0.007066,18,18,9720,18,18,0.000000,29.006584,1000,281944,3,1.000000,1.000000,0,1779,0,19783,0
100000763,attack_only,120.000000,160.000000,0.001944,100.000000,0.025886,18,18,9720,18,18,0.000000,27.314403,1000,265496,5,1.000000,1.000000,0,1724,0,6383,0
100000763,baseline,220.000000,260.000000,0.001944,100.000000,0.009798,18,18,9720,18,18,0.000000,27.115638,1000,263564,5,1.000000,1.000000,0,1702,0,10484,0
100000763,defense_vs_attack,320.000000,360.000000,0.001944,100.000000,0.021841,18,18,9720,18,18,0.000000,27.491358,1000,267216,5,1.000000,1.000000,0,1731,0,14615,0
100000763,defense_only,420.000000,460.000000,0.001944,100.000000,0.012290,18,18,9720,18,18,0.000000,27.071193,1000,263132,5,1.000000,1.000000,0,1710,0,18745,0
100000768,defense_only,120.000000,160.000000,0.001944,100.000000,0.030609,18,18,9720,18,18,0.000000,30.505761,1000,296516,6,1.000000,1.000000,0,1840,0,6862,0
100000768,defense_vs_attack,220.000000,260.000000,0.000864,44.444444,0.023455,18,8,4320,8,18,55.555556,69.163889,1000,298788,7,1.000000,1.000000,0,1851,0,11310,0
100000768,attack_only,320.000000,360.000000,0.000000,0.000000,0.000000,18,0,0,0,18,100.000000,0.000000,1000,290212,7,1.000000,1.000000,0,1785,0,15735,0
100000768,baseline,420.000000,460.000000,0.001944,100.000000,0.016925,18,18,9720,18,18,0.000000,30.464609,1000,296116,6,1.000000,1.000000,0,1846,0,20169,0
100000770,defense_only,120.000000,160.000000,0.001944,100.000000,0.020652,18,18,9720,18,18,0.000000,28.819342,1000,280124,4,1.000000,1.000000,0,1758,0,6632,0
100000770,defense_vs_attack,220.000000,260.000000,0.001512,77.777778,0.014944,18,14,7560,14,18,22.222222,38.820635,1000,293484,4,1.000000,1.000000,0,1780,0,10951,0
100000770,attack_only,320.000000,360.000000,0.000000,0.000000,0.000000,18,0,0,0,18,100.000000,0.000000,1000,294364,4,1.000000,1.000000,0,1742,0,15269,0
100000770,baseline,420.000000,460.000000,0.001944,100.000000,0.011609,18,18,9720,18,18,0.000000,28.860905,1000,280528,4,1.000000,1.000000,0,1753,0,19590,0
100000774,defense_vs_attack,120.000000,160.000000,0.000972,50.000000,0.032869,18,9,4860,9,18,50.000000,59.418107,1000,288772,5,1.000000,1.000000,0,1776,0,6628,0
100000774,baseline,220.000000,260.000000,0.001944,100.000000,0.018477,18,18,9720,18,18,0.000000,29.380247,1000,285576,5,1.000000,1.000000,0,1817,0,10950,0
100000774,attack_only,320.000000,360.000000,0.000000,0.000000,0.000000,18,0,0,0,18,100.000000,0.000000,1000,286880,5,1.000000,1.000000,0,1726,0,15227,0
100000774,defense_only,420.000000,460.000000,0.001944,100.000000,0.013720,18,18,9720,18,18,0.000000,29.177366,1000,283604,5,1.000000,1.000000,0,1791,0,19536,0
100000779,attack_only,120.000000,160.000000,0.000000,0.000000,0.000000,18,0,0,0,18,100.000000,0.000000,1000,257160,5,1.000000,1.000000,0,1667,0,6300,0
100000779,baseline,220.000000,260.000000,0.001944,100.000000,0.016415,18,18,9720,18,18,0.000000,25.697119,1000,249776,5,1.000000,1.000000,0,1677,0,10348,0
100000779,defense_vs_attack,320.000000,360.000000,0.000972,50.000000,0.031368,18,9,4860,9,18,50.000000,53.043621,1000,257792,5,1.000000,1.000000,0,1659,0,14365,0
100000779,defense_only,420.000000,460.000000,0.001944,100.000000,0.015002,18,18,9720,18,18,0.000000,25.572016,1000,248560,5,1.000000,1.000000,0,1673,0,18381,0
100000784,baseline,120.000000,160.000000,0.001944,100.000000,0.038528,18,18,9720,18,18,0.000000,23.733333,1000,230688,7,1.000000,1.000000,0,1698,0,6206,0
100000784,attack_only,220.000000,260.000000,0.000000,0.000000,0.000000,18,0,0,0,18,100.000000,0.000000,1000,208364,7,1.000000,1.000000,0,1596,0,10091,0
100000784,defense_vs_attack,320.000000,360.000000,0.000864,50.000000,0.029072,16,8,4320,8,18,55.555556,48.432407,1000,209228,7,1.000000,1.000000,0,1621,0,14060,0
100000784,defense_only,420.000000,460.000000,0.001944,100.000000,0.019863,18,18,9720,18,18,0.000000,23.982305,1000,233108,7,1.000000,1.000000,0,1689,0,18084,0
100000786,baseline,120.000000,160.000000,0.001944,100.000000,0.015124,18,18,9720,18,18,0.000000,28.465432,1000,276684,3,1.000000,1.000000,0,1774,0,6740,0
100000786,defense_only,220.000000,260.000000,0.001944,100.000000,0.005907,18,18,9720,18,18,0.000000,28.368724,1000,275744,3,1.000000,1.000000,0,1761,0,11023,0
100000786,attack_only,320.000000,360.000000,0.000000,0.000000,0.000000,18,0,0,0,18,100.000000,0.000000,1000,272584,3,1.000000,1.000000,0,1789,0,15407,0
100000786,defense_vs_attack,420.000000,460.000000,0.000864,44.444444,0.040231,18,8,4320,8,18,55.555556,59.372222,1000,256488,3,1.000000,1.000000,0,1925,0,19916,0
100000785,attack_only,120.000000,160.000000,0.001944,100.000000,0.015134,18,18,9720,18,18,0.000000,32.163786,1000,312632,3,1.000000,1.000000,0,1727,0,6497,0
100000785,defense_only,220.000000,260.000000,0.001944,100.000000,0.005790,18,18,9720,18,18,0.000000,31.755556,1000,308664,3,1.000000,1.000000,0,1713,0,10703,0
100000785,defense_vs_attack,320.000000,360.000000,0.001944,100.000000,0.012812,18,18,9720,18,18,0.000000,31.976543,1000,310812,3,1.000000,1.000000,0,1696,0,14932,0
100000785,baseline,420.000000,460.000000,0.001944,100.000000,0.007132,18,18,9720,18,18,0.000000,31.672016,1000,307852,3,1.000000,1.000000,0,1693,0,19108,0
100000790,defense_only,120.000000,160.000000,0.001944,100.000000,0.031543,18,18,9720,18,18,0.000000,27.541975,1000,267708,6,1.000000,1.000000,0,1838,0,6737,0
100000790,defense_vs_attack,220.000000,260.000000,0.001512,77.777778,0.018464,18,14,7560,14,18,22.222222,35.794709,1000,270608,6,1.000000,1.000000,0,1815,0,11081,0
100000790,attack_only,320.000000,360.000000,0.000000,0.000000,0.000000,18,0,0,0,18,100.000000,0.000000,1000,266648,6,1.000000,1.000000,0,1815,0,15421,0
100000790,baseline,420.000000,460.000000,0.001944,100.000000,0.016716,18,18,9720,18,18,0.000000,27.539095,1000,267680,6,1.000000,1.000000,0,1771,0,19714,0
100000795,baseline,120.000000,160.000000,0.001944,100.000000,0.015874,18,18,9720,18,18,0.000000,26.556379,1000,258128,3,1.000000,1.000000,0,1671,0,6335,0
100000795,defense_only,220.000000,260.000000,0.001944,100.000000,0.005789,18,18,9720,18,18,0.000000,26.211934,1000,254780,3,1.000000,1.000000,0,1648,0,10334,0
100000795,attack_only,320.000000,360.000000,0.001944,100.000000,0.012812,18,18,9720,18,18,0.000000,23.661728,1000,229992,3,1.000000,1.000000,0,1620,0,14323,0
100000795,defense_vs_attack,420.000000,460.000000,0.001944,100.000000,0.007066,18,18,9720,18,18,0.000000,23.108230,1000,224612,3,1.000000,1.000000,0,1567,0,18229,0
100000796,defense_only,120.000000,160.000000,0.001944,100.000000,0.025541,18,18,9720,18,18,0.000000,32.785185,1000,318672,5,1.000000,1.000000,0,1843,0,6890,0
100000796,baseline,220.000000,260.000000,0.001944,100.000000,0.009975,18,18,9720,18,18,0.000000,32.608642,1000,316956,5,1.000000,1.000000,0,1808,0,11356,0
100000796,attack_only,320.000000,360.000000,0.001944,100.000000,0.021540,18,18,9720,18,18,0.000000,34.760082,1000,337868,5,1.000000,1.000000,0,1906,0,15964,0
100000796,defense_vs_attack,420.000000,460.000000,0.001944,100.000000,0.011933,18,18,9720,18,18,0.000000,34.500823,1000,335348,5,1.000000,1.000000,0,1877,0,20523,0
100000801,defense_vs_attack,120.000000,160.000000,0.001944,100.000000,0.080906,18,18,9720,18,18,0.000000,24.776132,1000,240824,5,1.000000,1.000000,0,1701,0,6285,0
100000801,attack_only,220.000000,260.000000,0.001944,100.000000,0.010054,18,18,9720,18,18,0.000000,24.791358,1000,240972,5,1.000000,1.000000,0,1687,0,10325,0
100000801,defense_only,320.000000,360.000000,0.001944,100.000000,0.021710,18,18,9720,18,18,0.000000,25.022222,1000,243216,5,1.000000,1.000000,0,1667,0,14341,0
100000801,baseline,420.000000,460.000000,0.001944,100.000000,0.012691,18,18,9720,18,18,0.000000,25.146914,1000,244428,5,1.000000,1.000000,0,1673,0,18436,0
100000807,defense_vs_attack,120.000000,160.000000,0.001944,100.000000,0.041325,18,18,9720,18,18,0.000000,23.047325,1000,224020,8,1.000000,1.000000,0,1647,0,5937,0
100000807,attack_only,220.000000,260.000000,0.001944,100.000000,0.015898,18,18,9720,18,18,0.000000,22.691358,1000,220560,8,1.000000,1.000000,0,1614,0,9766,0
100000807,baseline,320.000000,360.000000,0.001944,100.000000,0.034574,18,18,9720,18,18,0.000000,21.507407,1000,209052,7,1.000000,1.000000,0,1552,0,13478,0
100000807,defense_only,420.000000,460.000000,0.001944,100.000000,0.016798,18,18,9720,18,18,0.000000,21.619753,1000,210144,7,1.000000,1.000000,0,1599,0,17245,0
100000809,defense_vs_attack,120.000000,160.000000,0.001512,77.777778,0.015903,18,14,7560,14,18,22.222222,40.658730,1000,307380,4,1.000000,1.000000,0,1793,0,6767,0
100000809,attack_only,220.000000,260.000000,0.000000,0.000000,0.000000,18,0,0,0,18,100.000000,0.000000,1000,309596,4,1.000000,1.000000,0,1790,0,11130,0
100000809,defense_only,320.000000,360.000000,0.001944,100.000000,0.007275,18,18,9720,18,18,0.000000,30.145267,1000,293012,3,1.000000,1.000000,0,1791,0,15474,0
100000809,baseline,420.000000,460.000000,0.001944,100.000000,0.011917,18,18,9720,18,18,0.000000,30.384362,1000,295336,3,1.000000,1.000000,0,1774,0,19800,0
100000811,baseline,120.000000,160.000000,0.001944,100.000000,0.047691,18,18,9720,18,18,0.000000,34.060905,1000,331072,9,1.000000,1.000000,0,1945,0,7092,0
100000811,defense_only,220.000000,260.000000,0.001944,100.000000,0.018672,18,18,9720,18,18,0.000000,33.822634,1000,328756,9,1.000000,1.000000,0,1919,0,11732,0
100000811,attack_only,320.000000,360.000000,0.001944,100.000000,0.038093,18,18,9720,18,18,0.000000,34.244856,1000,332860,9,1.000000,1.000000,0,1970,0,16363,0
100000811,defense_vs_attack,420.000000,460.000000,0.001944,100.000000,0.023461,18,18,9720,18,18,0.000000,34.423045,1000,334592,9,1.000000,1.000000,0,1955,0,21003,0
100000815,defense_only,120.000000,160.000000,0.001944,100.000000,0.021093,18,18,9720,18,18,0.000000,27.451440,1000,266828,4,1.000000,1.000000,0,1765,0,6577,0
100000815,attack_only,220.000000,260.000000,0.000000,0.000000,0.000000,18,0,0,0,18,100.000000,0.000000,1000,273040,4,1.000000,1.000000,0,1708,0,10818,0
100000815,defense_vs_attack,320.000000,360.000000,0.000972,50.000000,0.011247,18,9,4860,9,18,50.000000,56.725926,1000,275688,4,1.000000,1.000000,0,1723,0,15132,0
100000815,baseline,420.000000,460.000000,0.001944,100.000000,0.012640,18,18,9720,18,18,0.000000,27.268313,1000,265048,4,1.000000,1.000000,0,1732,0,19345,0
100000814,defense_vs_attack,120.000000,160.000000,0.001944,100.000000,0.020506,18,18,9720,18,18,0.000000,27.933333,1000,271512,4,1.000000,1.000000,0,1727,0,6509,0
100000814,attack_only,220.000000,260.000000,0.001944,100.000000,0.007880,18,18,9720,18,18,0.000000,28.128807,1000,273412,4,1.000000,1.000000,0,1765,0,10720,0
100000814,baseline,320.000000,360.000000,0.001944,100.000000,0.017328,18,18,9720,18,18,0.000000,27.682305,1000,269072,4,1.000000,1.000000,0,1748,0,15019,0
100000814,defense_only,420.000000,460.000000,0.001944,100.000000,0.009982,18,18,9720,18,18,0.000000,27.541975,1000,267708,4,1.000000,1.000000,0,1699,0,19186,0
100000817,defense_vs_attack,120.000000,160.000000,0.001944,100.000000,0.020481,18,18,9720,18,18,0.000000,29.874897,1000,290384,4,1.000000,1.000000,0,1704,0,6404,0
100000817,baseline,220.000000,260.000000,0.001944,100.000000,0.007794,18,18,9720,18,18,0.000000,29.067490,1000,282536,4,1.000000,1.000000,0,1695,0,10532,0
100000817,defense_only,320.000000,360.000000,0.001944,100.000000,0.017381,18,18,9720,18,18,0.000000,28.919342,1000,281096,4,1.000000,1.000000,0,1635,0,14557,0
100000817,attack_only,420.000000,460.000000,0.001944,100.000000,0.009643,18,18,9720,18,18,0.000000,29.586008,1000,287576,4,1.000000,1.000000,0,1643,0,18595,0
100000821,defense_only,120.000000,160.000000,0.001944,100.000000,0.015337,18,18,9720,18,18,0.000000,19.884362,1000,193276,3,1.000000,1.000000,0,1516,0,5758,0
100000821,defense_vs_attack,220.000000,260.000000,0.001944,100.000000,0.005836,18,18,9720,18,18,0.000000,19.441975,1000,188976,3,1.000000,1.000000,0,1518,0,9479,0
100000821,attack_only,320.000000,360.000000,0.001944,100.000000,0.013059,18,18,9720,18,18,0.000000,19.607819,1000,190588,3,1.000000,1.000000,0,1516,0,13176,0
100000821,baseline,420.000000,460.000000,0.001944,100.000000,0.007364,18,18,9720,18,18,0.000000,20.030041,1000,194692,3,1.000000,1.000000,0,1517,0,16887,0
100000823,attack_only,120.000000,160.000000,0.001944,100.000000,0.015661,18,18,9720,18,18,0.000000,23.762551,1000,230972,3,1.000000,1.000000,0,1645,0,6203,0
100000823,defense_vs_attack,220.000000,260.000000,0.001944,100.000000,0.006218,18,18,9720,18,18,0.000000,23.893004,1000,232240,3,1.000000,1.000000,0,1646,0,10216,0
100000823,baseline,320.000000,360.000000,0.001944,100.000000,0.011219,18,18,9720,18,18,0.000000,23.038272,1000,223932,3,1.000000,1.000000,0,1594,0,14132,0
100000823,defense_only,420.000000,460.000000,0.001944,100.000000,0.009204,18,18,9720,18,18,0.000000,23.093004,1000,224464,3,1.000000,1.000000,0,1583,0,18052,0
100000830,attack_only,120.000000,160.000000,0.001944,100.000000,0.031596,18,18,9720,18,18,0.000000,27.017284,1000,262608,6,1.000000,1.000000,0,1819,0,6719,0
100000830,defense_vs_attack,220.000000,260.000000,0.001944,100.000000,0.011802,18,18,9720,18,18,0.000000,26.853498,1000,261016,6,1.000000,1.000000,0,1763,0,11016,0
100000830,defense_only,320.000000,360.000000,0.001944,100.000000,0.026119,18,18,9720,18,18,0.000000,26.299588,1000,255632,6,1.000000,1.000000,0,1783,0,15327,0
100000830,baseline,420.000000,460.000000,0.001944,100.000000,0.014365,18,18,9720,18,18,0.000000,26.476132,1000,257348,6,1.000000,1.000000,0,1774,0,19568,0
100000828,attack_only,120.000000,160.000000,0.001944,100.000000,0.086624,18,18,9720,18,18,0.000000,28.462140,1000,276652,6,1.000000,1.000000,0,1787,0,6559,0
100000828,defense_only,220.000000,260.000000,0.001944,100.000000,0.011802,18,18,9720,18,18,0.000000,29.844033,1000,290084,6,1.000000,1.000000,0,1789,0,10852,0
100000828,defense_vs_attack,320.000000,360.000000,0.001944,100.000000,0.025691,18,18,9720,18,18,0.000000,28.657613,1000,278552,6,1.000000,1.000000,0,1788,0,15126,0
100000828,baseline,420.000000,460.000000,0.001944,100.000000,0.014922,18,18,9720,18,18,0.000000,29.808230,1000,289736,6,1.000000,1.000000,0,1740,0,19435,0
100000831,defense_vs_attack,120.000000,160.000000,0.001944,100.000000,0.040750,18,18,9720,18,18,0.000000,27.693004,1000,269176,8,1.000000,1.000000,0,1795,0,6662,0
100000831,attack_only,220.000000,260.000000,0.001944,100.000000,0.015851,18,18,9720,18,18,0.000000,28.053909,1000,272684,8,1.000000,1.000000,0,1828,0,10975,0
100000831,baseline,320.000000,360.000000,0.001944,100.000000,0.035029,18,18,9720,18,18,0.000000,27.841564,1000,270620,8,1.000000,1.000000,0,1800,0,15270,0
100000831,defense_only,420.000000,460.000000,0.001944,100.000000,0.020089,18,18,9720,18,18,0.000000,27.962551,1000,271796,8,1.000000,1.000000,0,1842,0,19573,0
100000834,attack_only,120.000000,160.000000,0.000000,0.000000,0.000000,18,0,0,0,18,100.000000,0.000000,1000,195700,11,1.000000,1.000000,0,1552,0,5739,0
100000834,baseline,220.000000,260.000000,0.001944,100.000000,0.046819,18,18,9720,18,18,0.000000,20.328395,1000,197592,11,1.000000,1.000000,0,1636,0,9554,0
100000834,defense_vs_attack,320.000000,360.000000,0.000756,43.750000,0.034616,16,7,3780,7,18,61.111111,51.623280,1000,195136,11,1.000000,1.000000,0,1547,0,13274,0
100000834,defense_only,420.000000,460.000000,0.001944,100.000000,0.027456,18,18,9720,18,18,0.000000,20.409053,1000,198376,11,1.000000,1.000000,0,1610,0,17035,0
100000832,defense_only,120.000000,160.000000,0.001728,88.888889,0.038582,18,16,8640,16,18,11.111111,32.372222,1000,279696,7,1.000000,1.000000,0,1887,0,6859,0
100000832,defense_vs_attack,220.000000,260.000000,0.001944,100.000000,0.030486,18,18,9720,18,18,0.000000,28.817284,1000,280104,7,1.000000,1.000000,0,1907,0,11389,0
100000832,baseline,320.000000,360.000000,0.001944,100.000000,0.016611,18,18,9720,18,18,0.000000,28.497942,1000,277000,7,1.000000,1.000000,0,1899,0,15894,0
100000832,attack_only,420.000000,460.000000,0.001944,100.000000,0.014154,18,18,9720,18,18,0.000000,28.780247,1000,279744,7,1.000000,1.000000,0,1855,0,20359,0
100000837,defense_only,120.000000,160.000000,0.001944,100.000000,0.031081,18,18,9720,18,18,0.000000,25.534979,1000,248200,6,1.000000,1.000000,0,1668,0,6254,0
100000837,defense_vs_attack,220.000000,260.000000,0.001944,100.000000,0.011948,18,18,9720,18,18,0.000000,25.964609,1000,252376,6,1.000000,1.000000,0,1660,0,10255,0
100000837,baseline,320.000000,360.000000,0.001944,100.000000,0.027653,18,18,9720,18,18,0.000000,25.457202,1000,247444,6,1.000000,1.000000,0,1680,0,14290,0
100000837,attack_only,420.000000,460.000000,0.001944,100.000000,0.017893,18,18,9720,18,18,0.000000,25.802469,1000,250800,6,1.000000,1.000000,0,1650,0,18298,0
100000839,attack_only,120.000000,160.000000,0.001944,100.000000,0.020446,18,18,9720,18,18,0.000000,32.286008,1000,313820,4,1.000000,1.000000,0,1865,0,7082,0
100000839,defense_only,220.000000,260.000000,0.001944,100.000000,0.008226,18,18,9720,18,18,0.000000,32.848971,1000,319292,4,1.000000,1.000000,0,1856,0,11647,0
100000839,defense_vs_attack,320.000000,360.000000,0.001944,100.000000,0.017897,18,18,9720,18,18,0.000000,32.077778,1000,311796,4,1.000000,1.000000,0,1851,0,16173,0
100000839,baseline,420.000000,460.000000,0.001944,100.000000,0.009561,18,18,9720,18,18,0.000000,32.625103,1000,317116,4,1.000000,1.000000,0,1919,0,20816,0
100000847,attack_only,120.000000,160.000000,0.001944,100.000000,0.020776,18,18,9720,18,18,0.000000,21.929630,1000,213156,4,1.000000,1.000000,0,1531,0,5744,0
100000847,baseline,220.000000,260.000000,0.001944,100.000000,0.008029,18,18,9720,18,18,0.000000,21.371605,1000,207732,4,1.000000,1.000000,0,1518,0,9400,0
100000847,defense_vs_attack,320.000000,360.000000,0.001944,100.000000,0.017187,18,18,9720,18,18,0.000000,22.095885,1000,214772,4,1.000000,1.000000,0,1523,0,13121,0
100000847,defense_only,420.000000,460.000000,0.001944,100.000000,0.009692,18,18,9720,18,18,0.000000,21.399588,1000,208004,4,1.000000,1.000000,0,1501,0,16766,0
100000846,defense_only,120.000000,160.000000,0.001944,100.000000,0.030064,18,18,9720,18,18,0.000000,24.987243,1000,242876,6,1.000000,1.000000,0,1679,0,6294,0
100000846,defense_vs_attack,220.000000,260.000000,0.000324,16.666667,0.035563,18,3,1620,3,18,83.333333,155.150617,1000,251344,6,1.000000,1.000000,0,1699,0,10354,0
100000846,baseline,320.000000,360.000000,0.001944,100.000000,0.019736,18,18,9720,18,18,0.000000,24.969959,1000,242708,6,1.000000,1.000000,0,1689,0,14351,0
100000846,attack_only,420.000000,460.000000,0.000000,0.000000,0.000000,18,0,0,0,18,100.000000,0.000000,1000,242112,6,1.000000,1.000000,0,1611,0,18245,0
100000855,attack_only,120.000000,160.000000,0.001944,100.000000,0.015088,18,18,9720,18,18,0.000000,28.956379,1000,281456,3,1.000000,1.000000,0,1743,0,6609,0
100000855,defense_only,220.000000,260.000000,0.001944,100.000000,0.005790,18,18,9720,18,18,0.000000,31.546091,1000,306628,3,1.000000,1.000000,0,1795,0,10954,0
100000855,baseline,320.000000,360.000000,0.001944,100.000000,0.012957,18,18,9720,18,18,0.000000,31.427160,1000,305472,3,1.000000,1.000000,0,1780,0,15288,0
100000855,defense_vs_attack,420.000000,460.000000,0.001944,100.000000,0.007239,18,18,9720,18,18,0.000000,28.860494,1000,280524,3,1.000000,1.000000,0,1701,0,19466,0
100000881,defense_only,120.000000,160.000000,0.001944,100.000000,0.030671,18,18,9720,18,18,0.000000,25.044033,1000,243428,6,1.000000,1.000000,0,1698,0,6329,0
100000881,attack_only,220.000000,260.000000,0.000000,0.000000,0.000000,18,0,0,0,18,100.000000,0.000000,1000,240192,6,1.000000,1.000000,0,1650,0,10331,0
100000881,defense_vs_attack,320.000000,360.000000,0.001188,61.111111,0.021385,18,11,5940,11,18,38.888889,41.091582,1000,244084,6,1.000000,1.000000,0,1688,0,14391,0
100000881,baseline,420.000000,460.000000,0.001944,100.000000,0.016491,18,18,9720,18,18,0.000000,25.108230,1000,244052,6,1.000000,1.000000,0,1699,0,18472,0
100000882,attack_only,120.000000,160.000000,0.001944,100.000000,0.015501,18,18,9720,18,18,0.000000,26.352675,1000,256148,3,1.000000,1.000000,0,1590,0,6136,0
100000882,baseline,220.000000,260.000000,0.001944,100.000000,0.005789,18,18,9720,18,18,0.000000,26.000823,1000,252728,3,1.000000,1.000000,0,1588,0,10071,0
100000882,defense_only,320.000000,360.000000,0.001944,100.000000,0.010479,18,18,9720,18,18,0.000000,26.388889,1000,256500,3,1.000000,1.000000,0,1623,0,14026,0
100000882,defense_vs_attack,420.000000,460.000000,0.001944,100.000000,0.009336,18,18,9720,18,18,0.000000,26.567901,1000,258240,3,1.000000,1.000000,0,1612,0,17953,0
100000878,baseline,120.000000,160.000000,0.001944,100.000000,0.026616,18,18,9720,18,18,0.000000,28.861317,1000,280532,5,1.000000,1.000000,0,1689,0,6355,0
100000878,defense_only,220.000000,260.000000,0.001944,100.000000,0.009799,18,18,9720,18,18,0.000000,29.044856,1000,282316,5,1.000000,1.000000,0,1675,0,10472,0
100000878,attack_only,320.000000,360.000000,0.001944,100.000000,0.021997,18,18,9720,18,18,0.000000,28.716461,1000,279124,5,1.000000,1.000000,0,1714,0,14583,0
100000878,defense_vs_attack,420.000000,460.000000,0.001944,100.000000,0.011977,18,18,9720,18,18,0.000000,28.899177,1000,280900,5,1.000000,1.000000,0,1721,0,18684,0
100000884,defense_only,120.000000,160.000000,0.001944,100.000000,0.020371,18,18,9720,18,18,0.000000,26.113169,1000,253820,4,1.000000,1.000000,0,1679,0,6349,0
100000884,baseline,220.000000,260.000000,0.001944,100.000000,0.007853,18,18,9720,18,18,0.000000,26.339918,1000,256024,4,1.000000,1.000000,0,1706,0,10444,0
100000884,defense_vs_attack,320.000000,360.000000,0.001944,100.000000,0.018201,18,18,9720,18,18,0.000000,26.945267,1000,261908,4,1.000000,1.000000,0,1696,0,14568,0
100000884,attack_only,420.000000,460.000000,0.001944,100.000000,0.010936,18,18,9720,18,18,0.000000,26.804938,1000,260544,4,1.000000,1.000000,0,1664,0,18636,0
100000891,defense_vs_attack,120.000000,160.000000,0.001512,77.777778,0.027278,18,14,7560,14,18,22.222222,30.960847,1000,234064,6,1.000000,1.000000,0,1571,0,5894,0
100000891,attack_only,220.000000,260.000000,0.000000,0.000000,0.000000,18,0,0,0,18,100.000000,0.000000,1000,228528,6,1.000000,1.000000,0,1483,0,9596,0
100000891,defense_only,320.000000,360.000000,0.001944,100.000000,0.013903,18,18,9720,18,18,0.000000,23.531687,1000,228728,5,1.000000,1.000000,0,1553,0,13379,0
100000891,baseline,420.000000,460.000000,0.001944,100.000000,0.018144,18,18,9720,18,18,0.000000,23.672016,1000,230092,5,1.000000,1.000000,0,1579,0,17153,0
100000889,defense_vs_attack,120.000000,160.000000,0.001944,100.000000,0.037205,18,18,9720,18,18,0.000000,26.971605,1000,262164,7,1.000000,1.000000,0,1767,0,6580,0
100000889,baseline,220.000000,260.000000,0.001944,100.000000,0.014445,18,18,9720,18,18,0.000000,27.827160,1000,270480,7,1.000000,1.000000,0,1790,0,10789,0
100000889,attack_only,320.000000,360.000000,0.001944,100.000000,0.030034,18,18,9720,18,18,0.000000,27.779424,1000,270016,7,1.000000,1.000000,0,1837,0,15099,0
100000889,defense_only,420.000000,460.000000,0.001944,100.000000,0.023987,18,18,9720,18,18,0.000000,27.920576,1000,271388,7,1.000000,1.000000,0,1745,0,19325,0
100000890,baseline,120.000000,160.000000,0.001944,100.000000,0.030213,18,18,9720,18,18,0.000000,23.472428,1000,228152,6,1.000000,1.000000,0,1617,0,6039,0
100000890,defense_only,220.000000,260.000000,0.001944,100.000000,0.012736,18,18,9720,18,18,0.000000,23.920165,1000,232504,6,1.000000,1.000000,0,1654,0,9990,0
100000890,attack_only,320.000000,360.000000,0.000000,0.000000,0.000000,18,0,0,0,18,100.000000,0.000000,1000,237704,6,1.000000,1.000000,0,1609,0,13865,0
100000890,defense_vs_attack,420.000000,460.000000,0.000216,11.111111,0.032623,18,2,1080,2,18,88.888889,220.266667,1000,237888,6,1.000000,1.000000,0,1637,0,17790,0
100000894,defense_vs_attack,120.000000,160.000000,0.001944,100.000000,0.016554,18,18,9720,18,18,0.000000,31.857202,1000,309652,3,1.000000,1.000000,0,1809,0,6801,0
100000894,attack_only,220.000000,260.000000,0.001944,100.000000,0.006103,18,18,9720,18,18,0.000000,31.698765,1000,308112,3,1.000000,1.000000,0,1801,0,11205,0
100000894,baseline,320.000000,360.000000,0.001944,100.000000,0.012582,18,18,9720,18,18,0.000000,30.920576,1000,300548,3,1.000000,1.000000,0,1780,0,15540,0
100000894,defense_only,420.000000,460.000000,0.001944,100.000000,0.007357,18,18,9720,18,18,0.000000,31.395062,1000,305160,3,1.000000,1.000000,0,1813,0,19940,0
100000901,baseline,120.000000,160.000000,0.001944,100.000000,0.016045,18,18,9720,18,18,0.000000,28.226749,1000,274364,3,1.000000,1.000000,0,1758,0,6682,0
100000901,defense_vs_attack,220.000000,260.000000,0.001944,100.000000,0.005978,18,18,9720,18,18,0.000000,29.428395,1000,286044,3,1.000000,1.000000,0,1788,0,11069,0
100000901,defense_only,320.000000,360.000000,0.001944,100.000000,0.012812,18,18,9720,18,18,0.000000,28.057613,1000,272720,3,1.000000,1.000000,0,1719,0,15344,0
100000901,attack_only,420.000000,460.000000,0.001944,100.000000,0.007066,18,18,9720,18,18,0.000000,29.372840,1000,285504,3,1.000000,1.000000,0,1781,0,19689,0
100000897,defense_only,120.000000,160.000000,0.001944,100.000000,0.026941,18,18,9720,18,18,0.000000,28.533745,1000,277348,5,1.000000,1.000000,0,1774,0,6649,0
100000897,defense_vs_attack,220.000000,260.000000,0.001944,100.000000,0.009901,18,18,9720,18,18,0.000000,30.027984,1000,291872,5,1.000000,1.000000,0,1751,0,10919,0
100000897,attack_only,320.000000,360.000000,0.001944,100.000000,0.022083,18,18,9720,18,18,0.000000,30.086831,1000,292444,5,1.000000,1.000000,0,1785,0,15273,0
100000897,baseline,420.000000,460.000000,0.001944,100.000000,0.011933,18,18,9720,18,18,0.000000,28.821811,1000,280148,5,1.000000,1.000000,0,1766,0,19571,0
100000903,baseline,120.000000,160.000000,0.001944,100.000000,0.020590,18,18,9720,18,18,0.000000,29.572428,1000,287444,4,1.000000,1.000000,0,1716,0,6501,0
100000903,defense_vs_attack,220.000000,260.000000,0.001944,100.000000,0.007999,18,18,9720,18,18,0.000000,29.870370,1000,290340,4,1.000000,1.000000,0,1744,0,10708,0
100000903,defense_only,320.000000,360.000000,0.001944,100.000000,0.017249,18,18,9720,18,18,0.000000,29.611111,1000,287820,4,1.000000,1.000000,0,1697,0,14888,0
100000903,attack_only,420.000000,460.000000,0.001944,100.000000,0.009764,18,18,9720,18,18,0.000000,30.216049,1000,293700,4,1.000000,1.000000,0,1741,0,19090,0
100000913,defense_only,120.000000,160.000000,0.001944,100.000000,0.048042,18,18,9720,18,18,0.000000,26.899588,1000,261464,9,1.000000,1.000000,0,1973,0,7153,0
100000913,defense_vs_attack,220.000000,260.000000,0.001944,100.000000,0.018441,18,18,9720,18,18,0.000000,28.111111,1000,273240,9,1.000000,1.000000,0,1981,0,11867,0
100000913,baseline,320.000000,360.000000,0.001944,100.000000,0.038896,18,18,9720,18,18,0.000000,26.623868,1000,258784,9,1.000000,1.000000,0,1912,0,16555,0
100000913,attack_only,420.000000,460.000000,0.001944,100.000000,0.022509,18,18,9720,18,18,0.000000,27.770370,1000,269928,9,1.000000,1.000000,0,1945,0,21191,0
100000914,attack_only,120.000000,160.000000,0.001944,100.000000,0.030880,18,18,9720,18,18,0.000000,31.232922,1000,303584,6,1.000000,1.000000,0,1938,0,7146,0
100000914,defense_vs_attack,220.000000,260.000000,0.001944,100.000000,0.012135,18,18,9720,18,18,0.000000,31.266667,1000,303912,6,1.000000,1.000000,0,1930,0,11781,0
100000914,baseline,320.000000,360.000000,0.001944,100.000000,0.026160,18,18,9720,18,18,0.000000,29.358025,1000,285360,6,1.000000,1.000000,0,1847,0,16311,0
100000914,defense_only,420.000000,460.000000,0.001944,100.000000,0.014366,18,18,9720,18,18,0.000000,29.568313,1000,287404,6,1.000000,1.000000,0,1880,0,20899,0
100000919,attack_only,120.000000,160.000000,0.001944,100.000000,0.027341,18,18,9720,18,18,0.000000,27.278189,1000,265144,5,1.000000,1.000000,0,1766,0,6615,0
100000919,defense_vs_attack,220.000000,260.000000,0.001944,100.000000,0.012975,18,18,9720,18,18,0.000000,27.193827,1000,264324,5,1.000000,1.000000,0,1742,0,10818,0
100000919,defense_only,320.000000,360.000000,0.001944,100.000000,0.020323,18,18,9720,18,18,0.000000,27.942387,1000,271600,5,1.000000,1.000000,0,1729,0,15046,0
100000919,baseline,420.000000,460.000000,0.001944,100.000000,0.011613,18,18,9720,18,18,0.000000,28.083539,1000,272972,5,1.000000,1.000000,0,1736,0,19329,0
100000921,defense_vs_attack,120.000000,160.000000,0.000000,0.000000,0.000000,18,0,0,0,18,100.000000,0.000000,1000,293176,3,1.000000,1.000000,0,1768,0,6631,0
100000921,attack_only,220.000000,260.000000,0.000000,0.000000,0.000000,18,0,0,0,18,100.000000,0.000000,1000,292232,3,1.000000,1.000000,0,1751,0,10886,0
100000921,baseline,320.000000,360.000000,0.001944,100.000000,0.012132,18,18,9720,18,18,0.000000,29.927572,1000,290896,3,1.000000,1.000000,0,1709,0,15115,0
100000921,defense_only,420.000000,460.000000,0.001944,100.000000,0.008871,18,18,9720,18,18,0.000000,30.123045,1000,292796,3,1.000000,1.000000,0,1727,0,19408,0
100000917,defense_only,120.000000,160.000000,0.001944,100.000000,0.015333,18,18,9720,18,18,0.000000,33.696296,1000,327528,3,1.000000,1.000000,0,1729,0,6649,0
100000917,baseline,220.000000,260.000000,0.001944,100.000000,0.006207,18,18,9720,18,18,0.000000,33.938683,1000,329884,3,1.000000,1.000000,0,1752,0,10900,0
100000917,attack_only,320.000000,360.000000,0.001944,100.000000,0.012812,18,18,9720,18,18,0.000000,32.510288,1000,316000,3,1.000000,1.000000,0,1709,0,15132,0
100000917,defense_vs_attack,420.000000,460.000000,0.001944,100.000000,0.007179,18,18,9720,18,18,0.000000,33.220988,1000,322908,3,1.000000,1.000000,0,1745,0,19401,0
100000925,defense_only,120.000000,160.000000,0.001944,100.000000,0.015293,18,18,9720,18,18,0.000000,26.778189,1000,260284,3,1.000000,1.000000,0,1706,0,6417,0
100000925,attack_only,220.000000,260.000000,0.000000,0.000000,0.000000,18,0,0,0,18,100.000000,0.000000,1000,258936,3,1.000000,1.000000,0,1633,0,10481,0
100000925,defense_vs_attack,320.000000,360.000000,0.001080,55.555556,0.027385,18,10,5400,10,18,44.444444,48.682963,1000,262888,3,1.000000,1.000000,0,1757,0,14662,0
100000925,baseline,420.000000,460.000000,0.001944,100.000000,0.010674,18,18,9720,18,18,0.000000,26.555556,1000,258120,3,1.000000,1.000000,0,1690,0,18791,0
100000927,defense_vs_attack,120.000000,160.000000,0.001512,77.777778,0.023789,18,14,7560,14,18,22.222222,34.954497,1000,264256,5,1.000000,1.000000,0,1672,0,6413,0
100000927,attack_only,220.000000,260.000000,0.000000,0.000000,0.000000,18,0,0,0,18,100.000000,0.000000,1000,262052,5,1.000000,1.000000,0,1632,0,10484,0
100000927,baseline,320.000000,360.000000,0.001944,100.000000,0.010039,18,18,9720,18,18,0.000000,28.890123,1000,280812,4,1.000000,1.000000,0,1720,0,14688,0
100000927,defense_only,420.000000,460.000000,0.001728,88.888889,0.013943,18,16,8640,16,18,11.111111,32.262500,1000,278748,4,1.000000,1.000000,0,1708,0,18860,0
100000932,defense_only,120.000000,160.000000,0.001944,100.000000,0.016247,18,18,9720,18,18,0.000000,30.206173,1000,293604,3,1.000000,1.000000,0,1812,0,6957,0
100000932,baseline,220.000000,260.000000,0.001944,100.000000,0.006218,18,18,9720,18,18,0.000000,30.297531,1000,294492,3,1.000000,1.000000,0,1835,0,11426,0
100000932,defense_vs_attack,320.000000,360.000000,0.001944,100.000000,0.012487,18,18,9720,18,18,0.000000,30.306173,1000,294576,3,1.000000,1.000000,0,1826,0,15910,0
100000932,attack_only,420.000000,460.000000,0.001944,100.000000,0.007668,18,18,9720,18,18,0.000000,30.088477,1000,292460,3,1.000000,1.000000,0,1860,0,20394,0
100000934,attack_only,120.000000,160.000000,0.000000,0.000000,0.000000,18,0,0,0,18,100.000000,0.000000,1000,247728,3,1.000000,1.000000,0,1590,0,6049,0
100000934,baseline,220.000000,260.000000,0.001944,100.000000,0.012118,18,18,9720,18,18,0.000000,25.306584,1000,245980,3,1.000000,1.000000,0,1604,0,9973,0
100000934,defense_only,320.000000,360.000000,0.001944,100.000000,0.008249,18,18,9720,18,18,0.000000,25.250206,1000,245432,3,1.000000,1.000000,0,1602,0,13895,0
100000934,defense_vs_attack,420.000000,460.000000,0.001512,77.777778,0.021400,18,14,7560,14,18,22.222222,32.387302,1000,244848,3,1.000000,1.000000,0,1584,0,17819,0
100000942,baseline,120.000000,160.000000,0.001944,100.000000,0.035946,18,18,9720,18,18,0.000000,31.958025,1000,310632,7,1.000000,1.000000,0,1891,0,6866,0
100000942,defense_only,220.000000,260.000000,0.001944,100.000000,0.013807,18,18,9720,18,18,0.000000,31.921399,1000,310276,7,1.000000,1.000000,0,1879,0,11380,0
100000942,attack_only,320.000000,360.000000,0.001944,100.000000,0.038759,18,18,9720,18,18,0.000000,32.651440,1000,317372,8,1.000000,1.000000,0,1855,0,15846,0
100000942,defense_vs_attack,420.000000,460.000000,0.001944,100.000000,0.017785,18,18,9720,18,18,0.000000,32.610700,1000,316976,8,1.000000,1.000000,0,1886,0,20315,0
100000943,baseline,120.000000,160.000000,0.001944,100.000000,0.020515,18,18,9720,18,18,0.000000,26.614815,1000,258696,4,1.000000,1.000000,0,1677,0,6273,0
100000943,attack_only,220.000000,260.000000,0.001944,100.000000,0.008457,18,18,9720,18,18,0.000000,26.397942,1000,256588,4,1.000000,1.000000,0,1630,0,10219,0
100000943,defense_only,320.000000,360.000000,0.001944,100.000000,0.016897,18,18,9720,18,18,0.000000,26.474897,1000,257336,4,1.000000,1.000000,0,1650,0,14262,0
100000943,defense_vs_attack,420.000000,460.000000,0.001944,100.000000,0.010682,18,18,9720,18,18,0.000000,26.306996,1000,255704,4,1.000000,1.000000,0,1636,0,18246,0
100000944,baseline,120.000000,160.000000,0.001944,100.000000,0.026364,18,18,9720,18,18,0.000000,26.953086,1000,261984,5,1.000000,1.000000,0,1775,0,6617,0
100000944,defense_vs_attack,220.000000,260.000000,0.001944,100.000000,0.010223,18,18,9720,18,18,0.000000,27.340741,1000,265752,5,1.000000,1.000000,0,1749,0,10893,0
100000944,defense_only,320.000000,360.000000,0.001944,100.000000,0.021568,18,18,9720,18,18,0.000000,27.048560,1000,262912,5,1.000000,1.000000,0,1786,0,15142,0
100000944,attack_only,420.000000,460.000000,0.001944,100.000000,0.012193,18,18,9720,18,18,0.000000,27.023868,1000,262672,5,1.000000,1.000000,0,1729,0,19365,0
100000947,defense_only,120.000000,160.000000,0.001944,100.000000,0.015536,18,18,9720,18,18,0.000000,25.881481,1000,251568,3,1.000000,1.000000,0,1735,0,6657,0
100000947,defense_vs_attack,220.000000,260.000000,0.001944,100.000000,0.005896,18,18,9720,18,18,0.000000,26.020165,1000,252916,3,1.000000,1.000000,0,1740,0,10912,0
100000947,attack_only,320.000000,360.000000,0.001944,100.000000,0.012704,18,18,9720,18,18,0.000000,26.272840,1000,255372,3,1.000000,1.000000,0,1736,0,15177,0
100000947,baseline,420.000000,460.000000,0.001944,100.000000,0.007277,18,18,9720,18,18,0.000000,25.884362,1000,251596,3,1.000000,1.000000,0,1729,0,19403,0
100000952,attack_only,120.000000,160.000000,0.000000,0.000000,0.000000,18,0,0,0,18,100.000000,0.000000,1000,276296,6,1.000000,1.000000,0,1719,0,6552,0
100000952,defense_only,220.000000,260.000000,0.001944,100.000000,0.024925,18,18,9720,18,18,0.000000,28.023045,1000,272384,6,1.000000,1.000000,0,1771,0,10830,0
100000952,baseline,320.000000,360.000000,0.001944,100.000000,0.017032,18,18,9720,18,18,0.000000,28.242798,1000,274520,6,1.000000,1.000000,0,1800,0,15126,0
100000952,defense_vs_attack,420.000000,460.000000,0.001512,77.777778,0.042216,18,14,7560,14,18,22.222222,35.623810,1000,269316,6,1.000000,1.000000,0,1784,0,19409,0
100000951,defense_vs_attack,120.000000,160.000000,0.001944,100.000000,0.015138,18,18,9720,18,18,0.000000,25.199177,1000,244936,3,1.000000,1.000000,0,1662,0,6303,0
100000951,defense_only,220.000000,260.000000,0.001944,100.000000,0.006517,18,18,9720,18,18,0.000000,25.839095,1000,251156,3,1.000000,1.000000,0,1659,0,10309,0
100000951,attack_only,320.000000,360.000000,0.001944,100.000000,0.011888,18,18,9720,18,18,0.000000,25.083128,1000,243808,3,1.000000,1.000000,0,1692,0,14387,0
100000951,baseline,420.000000,460.000000,0.001944,100.000000,0.008226,18,18,9720,18,18,0.000000,25.791770,1000,250696,3,1.000000,1.000000,0,1634,0,18388,0
100000957,baseline,120.000000,160.000000,0.001944,100.000000,0.016109,18,18,9720,18,18,0.000000,25.839918,1000,251164,3,1.000000,1.000000,0,1674,0,6375,0
100000957,defense_only,220.000000,260.000000,0.001944,100.000000,0.006114,18,18,9720,18,18,0.000000,25.832922,1000,251096,3,1.000000,1.000000,0,1655,0,10461,0
100000957,defense_vs_attack,320.000000,360.000000,0.001944,100.000000,0.012661,18,18,9720,18,18,0.000000,25.868313,1000,251440,3,1.000000,1.000000,0,1667,0,14537,0
100000957,attack_only,420.000000,460.000000,0.001944,100.000000,0.007312,18,18,9720,18,18,0.000000,26.152263,1000,254200,3,1.000000,1.000000,0,1653,0,18590,0
100000960,defense_vs_attack,120.000000,160.000000,0.001944,100.000000,0.020915,18,18,9720,18,18,0.000000,30.155556,1000,293112,4,1.000000,1.000000,0,1802,0,6684,0
100000960,attack_only,220.000000,260.000000,0.001944,100.000000,0.007859,18,18,9720,18,18,0.000000,30.220576,1000,293744,4,1.000000,1.000000,0,1810,0,11115,0
100000960,baseline,320.000000,360.000000,0.001944,100.000000,0.017176,18,18,9720,18,18,0.000000,29.044444,1000,282312,4,1.000000,1.000000,0,1719,0,15379,0
100000960,defense_only,420.000000,460.000000,0.001944,100.000000,0.009666,18,18,9720,18,18,0.000000,29.310288,1000,284896,4,1.000000,1.000000,0,1773,0,19711,0
100000958,attack_only,120.000000,160.000000,0.001944,100.000000,0.020589,18,18,9720,18,18,0.000000,34.528807,1000,335620,4,1.000000,1.000000,0,1797,0,6857,0
100000958,baseline,220.000000,260.000000,0.001944,100.000000,0.007903,18,18,9720,18,18,0.000000,34.334979,1000,333736,4,1.000000,1.000000,0,1780,0,11264,0
100000958,defense_only,320.000000,360.000000,0.001944,100.000000,0.017495,18,18,9720,18,18,0.000000,34.644856,1000,336748,4,1.000000,1.000000,0,1805,0,15598,0
100000958,defense_vs_attack,420.000000,460.000000,0.001944,100.000000,0.009547,18,18,9720,18,18,0.000000,34.380247,1000,334176,4,1.000000,1.000000,0,1756,0,19972,0
100000962,defense_only,120.000000,160.000000,0.001944,100.000000,0.015686,18,18,9720,18,18,0.000000,35.591770,1000,345952,3,1.000000,1.000000,0,1862,0,7129,0
100000962,baseline,220.000000,260.000000,0.001944,100.000000,0.005896,18,18,9720,18,18,0.000000,35.534979,1000,345400,3,1.000000,1.000000,0,1878,0,11641,0
100000962,defense_vs_attack,320.000000,360.000000,0.001944,100.000000,0.012878,18,18,9720,18,18,0.000000,36.150206,1000,351380,3,1.000000,1.000000,0,1855,0,16148,0
100000962,attack_only,420.000000,460.000000,0.001944,100.000000,0.007173,18,18,9720,18,18,0.000000,36.369136,1000,353508,3,1.000000,1.000000,0,1872,0,20785,0
100000974,attack_only,120.000000,160.000000,0.001944,100.000000,0.019899,18,18,9720,18,18,0.000000,27.503292,1000,267332,4,1.000000,1.000000,0,1739,0,6616,0
100000974,baseline,220.000000,260.000000,0.001944,100.000000,0.007793,18,18,9720,18,18,0.000000,27.951440,1000,271688,4,1.000000,1.000000,0,1730,0,10816,0
100000974,defense_vs_attack,320.000000,360.000000,0.001944,100.000000,0.017591,18,18,9720,18,18,0.000000,27.471605,1000,267024,4,1.000000,1.000000,0,1748,0,15014,0
100000974,defense_only,420.000000,460.000000,0.001944,100.000000,0.009679,18,18,9720,18,18,0.000000,27.890123,1000,271092,4,1.000000,1.000000,0,1761,0,19264,0
100000977,defense_only,120.000000,160.000000,0.001944,100.000000,0.015736,18,18,9720,18,18,0.000000,31.081481,1000,302112,3,1.000000,1.000000,0,1739,0,6587,0
100000977,defense_vs_attack,220.000000,260.000000,0.001944,100.000000,0.005830,18,18,9720,18,18,0.000000,31.166255,1000,302936,3,1.000000,1.000000,0,1710,0,10766,0
100000977,attack_only,320.000000,360.000000,0.001944,100.000000,0.012812,18,18,9720,18,18,0.000000,31.006173,1000,301380,3,1.000000,1.000000,0,1687,0,14924,0
100000977,baseline,420.000000,460.000000,0.001944,100.000000,0.007143,18,18,9720,18,18,0.000000,30.830453,1000,299672,3,1.000000,1.000000,0,1721,0,19170,0
100000978,baseline,120.000000,160.000000,0.001944,100.000000,0.026792,18,18,9720,18,18,0.000000,30.383539,1000,295328,5,1.000000,1.000000,0,1754,0,6519,0
100000978,defense_vs_attack,220.000000,260.000000,0.001512,77.777778,0.010199,18,14,7560,14,18,22.222222,39.447619,1000,298224,5,1.000000,1.000000,0,1740,0,10794,0
100000978,defense_only,320.000000,360.000000,0.001944,100.000000,0.019446,18,18,9720,18,18,0.000000,30.471605,1000,296184,5,1.000000,1.000000,0,1724,0,14955,0
100000978,attack_only,420.000000,460.000000,0.001944,100.000000,0.014527,18,18,9720,18,18,0.000000,31.056790,1000,301872,5,1.000000,1.000000,0,1746,0,19157,0
100000981,baseline,120.000000,160.000000,0.001944,100.000000,0.016062,18,18,9720,18,18,0.000000,32.838683,1000,319192,3,1.000000,1.000000,0,1781,0,6827,0
100000981,defense_only,220.000000,260.000000,0.001944,100.000000,0.005850,18,18,9720,18,18,0.000000,33.117695,1000,321904,3,1.000000,1.000000,0,1794,0,11210,0
100000981,attack_only,320.000000,360.000000,0.001944,100.000000,0.013812,18,18,9720,18,18,0.000000,31.423457,1000,305436,3,1.000000,1.000000,0,1734,0,15489,0
100000981,defense_vs_attack,420.000000,460.000000,0.001944,100.000000,0.010404,18,18,9720,18,18,0.000000,31.176543,1000,303036,3,1.000000,1.000000,0,1749,0,19729,0
100000985,baseline,120.000000,160.000000,0.001944,100.000000,0.024090,18,18,9720,18,18,0.000000,28.252675,1000,274616,4,1.000000,1.000000,0,1627,0,6113,0
100000985,defense_only,220.000000,260.000000,0.001944,100.000000,0.009911,18,18,9720,18,18,0.000000,27.965432,1000,271824,4,1.000000,1.000000,0,1623,0,10087,0
100000985,attack_only,320.000000,360.000000,0.000000,0.000000,0.000000,18,0,0,0,18,100.000000,0.000000,1000,278896,4,1.000000,1.000000,0,1584,0,14034,0
100000985,defense_vs_attack,420.000000,460.000000,0.000972,50.000000,0.013525,18,9,4860,9,18,50.000000,58.370370,1000,283680,4,1.000000,1.000000,0,1639,0,18032,0
100000987,defense_vs_attack,120.000000,160.000000,0.001944,100.000000,0.021017,18,18,9720,18,18,0.000000,30.071193,1000,292292,4,1.000000,1.000000,0,2007,0,7523,0
100000987,attack_only,220.000000,260.000000,0.001944,100.000000,0.007896,18,18,9720,18,18,0.000000,29.978189,1000,291388,4,1.000000,1.000000,0,2000,0,12409,0
100000987,baseline,320.000000,360.000000,0.001944,100.000000,0.017213,18,18,9720,18,18,0.000000,28.181481,1000,273924,4,1.000000,1.000000,0,1923,0,17124,0
100000987,defense_only,420.000000,460.000000,0.001944,100.000000,0.009798,18,18,9720,18,18,0.000000,28.253086,1000,274620,4,1.000000,1.000000,0,1955,0,21926,0
100000991,baseline,120.000000,160.000000,0.001944,100.000000,0.020629,18,18,9720,18,18,0.000000,31.807407,1000,309168,4,1.000000,1.000000,0,1791,0,6531,0
100000991,attack_only,220.000000,260.000000,0.001944,100.000000,0.008160,18,18,9720,18,18,0.000000,31.821811,1000,309308,4,1.000000,1.000000,0,1755,0,10776,0
100000991,defense_only,320.000000,360.000000,0.001944,100.000000,0.017338,18,18,9720,18,18,0.000000,30.998354,1000,301304,4,1.000000,1.000000,0,1708,0,14931,0
100000991,defense_vs_attack,420.000000,460.000000,0.001944,100.000000,0.009714,18,18,9720,18,18,0.000000,31.598765,1000,307140,4,1.000000,1.000000,0,1714,0,19123,0
100000990,defense_only,120.000000,160.000000,0.001944,100.000000,0.020061,18,18,9720,18,18,0.000000,29.122222,1000,283068,4,1.000000,1.000000,0,1741,0,6630,0
100000990,defense_vs_attack,220.000000,260.000000,0.001944,100.000000,0.007793,18,18,9720,18,18,0.000000,29.305761,1000,284852,4,1.000000,1.000000,0,1728,0,10844,0
100000990,baseline,320.000000,360.000000,0.001944,100.000000,0.017176,18,18,9720,18,18,0.000000,29.527572,1000,287008,4,1.000000,1.000000,0,1769,0,15115,0
100000990,attack_only,420.000000,460.000000,0.001944,100.000000,0.009684,18,18,9720,18,18,0.000000,29.326337,1000,285052,4,1.000000,1.000000,0,1751,0,19379,0
100001001,defense_only,120.000000,160.000000,0.001944,100.000000,0.015432,18,18,9720,18,18,0.000000,29.068313,1000,282544,3,1.000000,1.000000,0,1742,0,6506,0
100001001,defense_vs_attack,220.000000,260.000000,0.001944,100.000000,0.005803,18,18,9720,18,18,0.000000,25.475720,1000,247624,3,1.000000,1.000000,0,1754,0,10800,0
100001001,attack_only,320.000000,360.000000,0.001944,100.000000,0.012906,18,18,9720,18,18,0.000000,25.467490,1000,247544,3,1.000000,1.000000,0,1738,0,15041,0
100001001,baseline,420.000000,460.000000,0.001944,100.000000,0.007103,18,18,9720,18,18,0.000000,28.728395,1000,279240,3,1.000000,1.000000,0,1670,0,19197,0
100001002,attack_only,120.000000,160.000000,0.000000,0.000000,0.000000,18,0,0,0,18,100.000000,0.000000,1000,292964,8,1.000000,1.000000,0,1888,0,7051,0
100001002,defense_only,220.000000,260.000000,0.001944,100.000000,0.022264,18,18,9720,18,18,0.000000,30.411523,1000,295600,8,1.000000,1.000000,0,1914,0,11560,0
100001002,defense_vs_attack,320.000000,360.000000,0.001080,55.555556,0.051521,18,10,5400,10,18,44.444444,55.385185,1000,299080,8,1.000000,1.000000,0,1966,0,16189,0
100001002,baseline,420.000000,460.000000,0.001944,100.000000,0.021479,18,18,9720,18,18,0.000000,30.472840,1000,296196,8,1.000000,1.000000,0,1885,0,20698,0
100001005,baseline,120.000000,160.000000,0.001944,100.000000,0.036906,18,18,9720,18,18,0.000000,26.913169,1000,261596,7,1.000000,1.000000,0,1775,0,6526,0
100001005,defense_only,220.000000,260.000000,0.001944,100.000000,0.014014,18,18,9720,18,18,0.000000,26.959259,1000,262044,7,1.000000,1.000000,0,1754,0,10734,0
100001005,attack_only,320.000000,360.000000,0.001944,100.000000,0.030834,18,18,9720,18,18,0.000000,25.181893,1000,244768,7,1.000000,1.000000,0,1736,0,14892,0
100001005,defense_vs_attack,420.000000,460.000000,0.001944,100.000000,0.017012,18,18,9720,18,18,0.000000,25.560905,1000,248452,7,1.000000,1.000000,0,1761,0,19079,0
100001003,baseline,120.000000,160.000000,0.001944,100.000000,0.031830,18,18,9720,18,18,0.000000,26.266667,1000,255312,6,1.000000,1.000000,0,1640,0,6078,0
100001003,defense_only,220.000000,260.000000,0.001944,100.000000,0.011883,18,18,9720,18,18,0.000000,25.877778,1000,251532,6,1.000000,1.000000,0,1616,0,9958,0
100001003,defense_vs_attack,320.000000,360.000000,0.001296,66.666667,0.028481,18,12,6480,12,18,33.333333,39.859259,1000,258288,7,1.000000,1.000000,0,1624,0,13834,0
100001003,attack_only,420.000000,460.000000,0.000000,0.000000,0.000000,18,0,0,0,18,100.000000,0.000000,1000,261760,7,1.000000,1.000000,0,1582,0,17697,0
100001006,defense_vs_attack,120.000000,160.000000,0.001944,100.000000,0.031466,18,18,9720,18,18,0.000000,28.870370,1000,280620,6,1.000000,1.000000,0,1745,0,6584,0
100001006,baseline,220.000000,260.000000,0.001944,100.000000,0.012152,18,18,9720,18,18,0.000000,27.532922,1000,267620,6,1.000000,1.000000,0,1748,0,10802,0
100001006,attack_only,320.000000,360.000000,0.001944,100.000000,0.025838,18,18,9720,18,18,0.000000,29.314815,1000,284940,6,1.000000,1.000000,0,1767,0,15090,0
100001006,defense_only,420.000000,460.000000,0.001944,100.000000,0.014747,18,18,9720,18,18,0.000000,27.517695,1000,267472,6,1.000000,1.000000,0,1745,0,19344,0
100001008,attack_only,120.000000,160.000000,0.001944,100.000000,0.020635,18,18,9720,18,18,0.000000,30.119342,1000,292760,4,1.000000,1.000000,0,1686,0,6377,0
100001008,defense_vs_attack,220.000000,260.000000,0.001944,100.000000,0.007794,18,18,9720,18,18,0.000000,30.030041,1000,291892,4,1.000000,1.000000,0,1690,0,10517,0
100001008,defense_only,320.000000,360.000000,0.001944,100.000000,0.018930,18,18,9720,18,18,0.000000,29.564609,1000,287368,4,1.000000,1.000000,0,1709,0,14641,0
100001008,baseline,420.000000,460.000000,0.001944,100.000000,0.008734,18,18,9720,18,18,0.000000,29.251852,1000,284328,4,1.000000,1.000000,0,1685,0,18764,0
100001029,baseline,120.000000,160.000000,0.001944,100.000000,0.030849,18,18,9720,18,18,0.000000,24.903704,1000,242064,6,1.000000,1.000000,0,1686,0,6185,0
100001029,attack_only,220.000000,260.000000,0.000000,0.000000,0.000000,18,0,0,0,18,100.000000,0.000000,1000,244620,6,1.000000,1.000000,0,1634,0,10153,0
100001029,defense_only,320.000000,360.000000,0.001944,100.000000,0.014695,18,18,9720,18,18,0.000000,24.845267,1000,241496,6,1.000000,1.000000,0,1666,0,14106,0
100001029,defense_vs_attack,420.000000,460.000000,0.000756,38.888889,0.019545,18,7,3780,7,18,61.111111,65.891005,1000,249068,6,1.000000,1.000000,0,1639,0,18072,0
100001025,defense_vs_attack,120.000000,160.000000,0.001512,77.777778,0.028042,18,14,7560,14,18,22.222222,39.524339,1000,298804,5,1.000000,1.000000,0,1729,0,6494,0
100001025,attack_only,220.000000,260.000000,0.000000,0.000000,0.000000,18,0,0,0,18,100.000000,0.000000,1000,296964,5,1.000000,1.000000,0,1649,0,10598,0
100001025,baseline,320.000000,360.000000,0.001944,100.000000,0.022798,18,18,9720,18,18,0.000000,30.430864,1000,295788,5,1.000000,1.000000,0,1742,0,14779,0
100001025,defense_only,420.000000,460.000000,0.001944,100.000000,0.013051,18,18,9720,18,18,0.000000,30.509053,1000,296548,5,1.000000,1.000000,0,1740,0,18959,0
100001033,attack_only,120.000000,160.000000,0.001944,100.000000,0.027140,18,18,9720,18,18,0.000000,33.320988,1000,323880,5,1.000000,1.000000,0,1786,0,6783,0
100001033,defense_vs_attack,220.000000,260.000000,0.001944,100.000000,0.010435,18,18,9720,18,18,0.000000,33.438683,1000,325024,5,1.000000,1.000000,0,1801,0,11203,0
100001033,defense_only,320.000000,360.000000,0.001944,100.000000,0.021382,18,18,9720,18,18,0.000000,32.541975,1000,316308,5,1.000000,1.000000,0,1831,0,15616,0
100001033,baseline,420.000000,460.000000,0.001944,100.000000,0.012230,18,18,9720,18,18,0.000000,32.539095,1000,316280,5,1.000000,1.000000,0,1811,0,20020,0
100001039,baseline,120.000000,160.000000,0.001944,100.000000,0.036831,18,18,9720,18,18,0.000000,27.192181,1000,264308,7,1.000000,1.000000,0,1773,0,6512,0
100001039,attack_only,220.000000,260.000000,0.001944,100.000000,0.014227,18,18,9720,18,18,0.000000,27.814815,1000,270360,7,1.000000,1.000000,0,1757,0,10756,0
100001039,defense_only,320.000000,360.000000,0.001944,100.000000,0.031505,18,18,9720,18,18,0.000000,27.361728,1000,265956,7,1.000000,1.000000,0,1767,0,14954,0
100001039,defense_vs_attack,420.000000,460.000000,0.001944,100.000000,0.017162,18,18,9720,18,18,0.000000,27.750617,1000,269736,7,1.000000,1.000000,0,1741,0,19151,0
100001037,defense_only,120.000000,160.000000,0.001944,100.000000,0.030802,18,18,9720,18,18,0.000000,26.956379,1000,262016,6,1.000000,1.000000,0,1720,0,6373,0
100001037,attack_only,220.000000,260.000000,0.001944,100.000000,0.011943,18,18,9720,18,18,0.000000,27.828395,1000,270492,6,1.000000,1.000000,0,1732,0,10480,0
100001037,defense_vs_attack,320.000000,360.000000,0.001944,100.000000,0.026115,18,18,9720,18,18,0.000000,27.569547,1000,267976,6,1.000000,1.000000,0,1691,0,14550,0
100001037,baseline,420.000000,460.000000,0.001944,100.000000,0.015456,18,18,9720,18,18,0.000000,27.215226,1000,264532,6,1.000000,1.000000,0,1711,0,18660,0
100001040,attack_only,120.000000,160.000000,0.001944,100.000000,0.025591,18,18,9720,18,18,0.000000,28.271605,1000,274800,5,1.000000,1.000000,0,1717,0,6498,0
100001040,defense_only,220.000000,260.000000,0.001944,100.000000,0.009797,18,18,9720,18,18,0.000000,28.361728,1000,275676,5,1.000000,1.000000,0,1718,0,10711,0
100001040,baseline,320.000000,360.000000,0.001944,100.000000,0.021899,18,18,9720,18,18,0.000000,28.639918,1000,278380,5,1.000000,1.000000,0,1731,0,14873,0
100001040,defense_vs_attack,420.000000,460.000000,0.001944,100.000000,0.012312,18,18,9720,18,18,0.000000,28.485185,1000,276876,5,1.000000,1.000000,0,1739,0,19084,0
100001045,baseline,120.000000,160.000000,0.001944,100.000000,0.025713,18,18,9720,18,18,0.000000,24.471605,1000,237864,5,1.000000,1.000000,0,1660,0,6178,0
100001045,attack_only,220.000000,260.000000,0.000000,0.000000,0.000000,18,0,0,0,18,100.000000,0.000000,1000,250924,6,1.000000,1.000000,0,1587,0,10096,0
100001045,defense_vs_attack,320.000000,360.000000,0.001512,77.777778,0.010664,18,14,7560,14,18,22.222222,33.010053,1000,249556,6,1.000000,1.000000,0,1688,0,14175,0
100001045,defense_only,420.000000,460.000000,0.001944,100.000000,0.019405,18,18,9720,18,18,0.000000,24.425926,1000,237420,5,1.000000,1.000000,0,1632,0,18139,0
100001048,defense_only,120.000000,160.000000,0.001944,100.000000,0.042699,18,18,9720,18,18,0.000000,27.258025,1000,264948,8,1.000000,1.000000,0,1803,0,6696,0
100001048,baseline,220.000000,260.000000,0.001944,100.000000,0.017058,18,18,9720,18,18,0.000000,27.490535,1000,267208,8,1.000000,1.000000,0,1849,0,11053,0
100001048,attack_only,320.000000,360.000000,0.001944,100.000000,0.035025,18,18,9720,18,18,0.000000,28.520576,1000,277220,8,1.000000,1.000000,0,1854,0,15502,0
100001048,defense_vs_attack,420.000000,460.000000,0.001944,100.000000,0.020234,18,18,9720,18,18,0.000000,28.435802,1000,276396,8,1.000000,1.000000,0,1894,0,19979,0
100001047,baseline,120.000000,160.000000,0.001944,100.000000,0.031900,18,18,9720,18,18,0.000000,28.388066,1000,275932,6,1.000000,1.000000,0,1769,0,6599,0
100001047,defense_only,220.000000,260.000000,0.001944,100.000000,0.012340,18,18,9720,18,18,0.000000,28.418519,1000,276228,6,1.000000,1.000000,0,1753,0,10885,0
100001047,defense_vs_attack,320.000000,360.000000,0.001944,100.000000,0.026162,18,18,9720,18,18,0.000000,28.634568,1000,278328,6,1.000000,1.000000,0,1796,0,15296,0
100001047,attack_only,420.000000,460.000000,0.001944,100.000000,0.014366,18,18,9720,18,18,0.000000,28.975720,1000,281644,6,1.000000,1.000000,0,1810,0,19599,0
100001050,attack_only,120.000000,160.000000,0.000000,0.000000,0.000000,18,0,0,0,18,100.000000,0.000000,1000,271824,7,1.000000,1.000000,0,1721,0,6551,0
100001050,baseline,220.000000,260.000000,0.001944,100.000000,0.079990,18,18,9720,18,18,0.000000,28.157202,1000,273688,7,1.000000,1.000000,0,1842,0,10856,0
100001050,defense_only,320.000000,360.000000,0.001944,100.000000,0.023780,18,18,9720,18,18,0.000000,28.220988,1000,274308,7,1.000000,1.000000,0,1870,0,15231,0
100001050,defense_vs_attack,420.000000,460.000000,0.000972,50.000000,0.027558,18,9,4860,9,18,50.000000,56.181070,1000,273040,7,1.000000,1.000000,0,1780,0,19505,0
100001053,baseline,120.000000,160.000000,0.001944,100.000000,0.020767,18,18,9720,18,18,0.000000,28.848971,1000,280412,4,1.000000,1.000000,0,1849,0,6819,0
100001053,defense_only,220.000000,260.000000,0.001944,100.000000,0.007793,18,18,9720,18,18,0.000000,28.672840,1000,278700,4,1.000000,1.000000,0,1813,0,11137,0
100001053,defense_vs_attack,320.000000,360.000000,0.001944,100.000000,0.017456,18,18,9720,18,18,0.000000,29.217284,1000,283992,4,1.000000,1.000000,0,1786,0,15496,0
100001053,attack_only,420.000000,460.000000,0.001944,100.000000,0.009683,18,18,9720,18,18,0.000000,29.600000,1000,287712,4,1.000000,1.000000,0,1826,0,19887,0
100001056,baseline,120.000000,160.000000,0.001944,100.000000,0.036411,18,18,9720,18,18,0.000000,25.303292,1000,245948,7,1.000000,1.000000,0,1759,0,6422,0
100001056,defense_only,220.000000,260.000000,0.001944,100.000000,0.014222,18,18,9720,18,18,0.000000,24.826749,1000,241316,7,1.000000,1.000000,0,1726,0,10539,0
100001056,attack_only,320.000000,360.000000,0.000000,0.000000,0.000000,18,0,0,0,18,100.000000,0.000000,1000,241368,7,1.000000,1.000000,0,1620,0,14561,0
100001056,defense_vs_attack,420.000000,460.000000,0.000432,22.222222,0.013430,18,4,2160,4,18,77.777778,112.772222,1000,243588,7,1.000000,1.000000,0,1706,0,18645,0
100001057,attack_only,120.000000,160.000000,0.001944,100.000000,0.026118,18,18,9720,18,18,0.000000,34.606996,1000,336380,5,1.000000,1.000000,0,1843,0,6884,0
100001057,defense_vs_attack,220.000000,260.000000,0.001944,100.000000,0.009908,18,18,9720,18,18,0.000000,34.369959,1000,334076,5,1.000000,1.000000,0,1806,0,11298,0
100001057,baseline,320.000000,360.000000,0.001944,100.000000,0.022318,18,18,9720,18,18,0.000000,33.939506,1000,329892,5,1.000000,1.000000,0,1795,0,15686,0
100001057,defense_only,420.000000,460.000000,0.001944,100.000000,0.013572,18,18,9720,18,18,0.000000,34.333745,1000,333724,5,1.000000,1.000000,0,1849,0,20151,0
100001063,baseline,120.000000,160.000000,0.001944,100.000000,0.036182,18,18,9720,18,18,0.000000,25.801235,1000,250788,7,1.000000,1.000000,0,1766,0,6475,0
100001063,defense_only,220.000000,260.000000,0.001944,100.000000,0.014804,18,18,9720,18,18,0.000000,25.690535,1000,249712,7,1.000000,1.000000,0,1744,0,10678,0
100001063,attack_only,320.000000,360.000000,0.001944,100.000000,0.034527,18,18,9720,18,18,0.000000,27.052675,1000,262952,7,1.000000,1.000000,0,1783,0,14896,0
100001063,defense_vs_attack,420.000000,460.000000,0.001944,100.000000,0.015739,18,18,9720,18,18,0.000000,26.906173,1000,261528,7,1.000000,1.000000,0,1748,0,19076,0
100001070,attack_only,120.000000,160.000000,0.001944,100.000000,0.032384,18,18,9720,18,18,0.000000,24.787654,1000,240936,6,1.000000,1.000000,0,1694,0,6325,0
100001070,defense_only,220.000000,260.000000,0.001944,100.000000,0.011909,18,18,9720,18,18,0.000000,25.701646,1000,249820,6,1.000000,1.000000,0,1689,0,10394,0
100001070,defense_vs_attack,320.000000,360.000000,0.001944,100.000000,0.026025,18,18,9720,18,18,0.000000,25.248971,1000,245420,6,1.000000,1.000000,0,1691,0,14462,0
100001070,baseline,420.000000,460.000000,0.001944,100.000000,0.014472,18,18,9720,18,18,0.000000,26.004115,1000,252760,6,1.000000,1.000000,0,1668,0,18504,0
100001073,baseline,120.000000,160.000000,0.001944,100.000000,0.031844,18,18,9720,18,18,0.000000,21.193827,1000,206004,6,1.000000,1.000000,0,1575,0,5853,0
100001073,defense_only,220.000000,260.000000,0.001944,100.000000,0.021818,18,18,9720,18,18,0.000000,20.983951,1000,203964,6,1.000000,1.000000,0,1561,0,9585,0
100001073,attack_only,320.000000,360.000000,0.001944,100.000000,0.018509,18,18,9720,18,18,0.000000,20.227572,1000,196612,6,1.000000,1.000000,0,1532,0,13299,0
100001073,defense_vs_attack,420.000000,460.000000,0.001944,100.000000,0.020991,18,18,9720,18,18,0.000000,20.325926,1000,197568,6,1.000000,1.000000,0,1583,0,17064,0
100001071,defense_vs_attack,120.000000,160.000000,0.001944,100.000000,0.020783,18,18,9720,18,18,0.000000,29.266667,1000,284472,4,1.000000,1.000000,0,1804,0,6884,0
100001071,defense_only,220.000000,260.000000,0.001944,100.000000,0.007793,18,18,9720,18,18,0.000000,28.948148,1000,281376,4,1.000000,1.000000,0,1835,0,11332,0
100001071,baseline,320.000000,360.000000,0.001944,100.000000,0.018094,18,18,9720,18,18,0.000000,28.502881,1000,277048,4,1.000000,1.000000,0,1785,0,15724,0
100001071,attack_only,420.000000,460.000000,0.001944,100.000000,0.010062,18,18,9720,18,18,0.000000,29.162963,1000,283464,4,1.000000,1.000000,0,1817,0,20213,0
100001072,baseline,120.000000,160.000000,0.001944,100.000000,0.020477,18,18,9720,18,18,0.000000,29.669136,1000,288384,4,1.000000,1.000000,0,1833,0,6861,0
100001072,defense_only,220.000000,260.000000,0.001944,100.000000,0.008076,18,18,9720,18,18,0.000000,29.546914,1000,287196,4,1.000000,1.000000,0,1787,0,11300,0
100001072,attack_only,320.000000,360.000000,0.001944,100.000000,0.017530,18,18,9720,18,18,0.000000,29.325514,1000,285044,4,1.000000,1.000000,0,1837,0,15782,0
100001072,defense_vs_attack,420.000000,460.000000,0.001944,100.000000,0.009499,18,18,9720,18,18,0.000000,29.564198,1000,287364,4,1.000000,1.000000,0,1855,0,20284,0
100001084,defense_vs_attack,120.000000,160.000000,0.001944,100.000000,0.016219,18,18,9720,18,18,0.000000,26.876132,1000,261236,3,1.000000,1.000000,0,1698,0,6414,0
100001084,defense_only,220.000000,260.000000,0.001944,100.000000,0.005929,18,18,9720,18,18,0.000000,25.824691,1000,251016,3,1.000000,1.000000,0,1645,0,10465,0
100001084,attack_only,320.000000,360.000000,0.001944,100.000000,0.013145,18,18,9720,18,18,0.000000,26.987654,1000,262320,3,1.000000,1.000000,0,1704,0,14612,0
100001084,baseline,420.000000,460.000000,0.001944,100.000000,0.007065,18,18,9720,18,18,0.000000,25.679012,1000,249600,3,1.000000,1.000000,0,1672,0,18727,0
100001086,attack_only,120.000000,160.000000,0.000000,0.000000,0.000000,18,0,0,0,18,100.000000,0.000000,1000,293820,7,1.000000,1.000000,0,1853,0,6860,0
100001086,baseline,220.000000,260.000000,0.001944,100.000000,0.036325,18,18,9720,18,18,0.000000,29.466667,1000,286416,7,1.000000,1.000000,0,1874,0,11353,0
100001086,defense_vs_attack,320.000000,360.000000,0.000972,50.000000,0.016450,18,9,4860,9,18,50.000000,61.474897,1000,298768,7,1.000000,1.000000,0,1883,0,15898,0
100001086,defense_only,420.000000,460.000000,0.001944,100.000000,0.020051,18,18,9720,18,18,0.000000,29.102469,1000,282876,7,1.000000,1.000000,0,1822,0,20298,0
100001091,defense_vs_attack,120.000000,160.000000,0.000972,50.000000,0.134476,18,9,4860,9,18,50.000000,62.782716,1000,305124,4,1.000000,1.000000,0,1812,0,6697,0
100001091,defense_only,220.000000,260.000000,0.001944,100.000000,0.016048,18,18,9720,18,18,0.000000,30.845267,1000,299816,4,1.000000,1.000000,0,1790,0,11048,0
100001091,attack_only,320.000000,360.000000,0.000000,0.000000,0.000000,18,0,0,0,18,100.000000,0.000000,1000,301208,4,1.000000,1.000000,0,1738,0,15294,0
100001091,baseline,420.000000,460.000000,0.001944,100.000000,0.012059,18,18,9720,18,18,0.000000,30.958436,1000,300916,4,1.000000,1.000000,0,1794,0,19639,0
100001094,baseline,120.000000,160.000000,0.001944,100.000000,0.020687,18,18,9720,18,18,0.000000,28.087243,1000,273008,4,1.000000,1.000000,0,1636,0,6222,0
100001094,attack_only,220.000000,260.000000,0.001944,100.000000,0.009465,18,18,9720,18,18,0.000000,28.835802,1000,280284,4,1.000000,1.000000,0,1669,0,10260,0
100001094,defense_vs_attack,320.000000,360.000000,0.001944,100.000000,0.017700,18,18,9720,18,18,0.000000,28.864198,1000,280560,4,1.000000,1.000000,0,1686,0,14333,0
100001094,defense_only,420.000000,460.000000,0.001944,100.000000,0.008396,18,18,9720,18,18,0.000000,27.946914,1000,271644,4,1.000000,1.000000,0,1615,0,18330,0
100001100,defense_vs_attack,120.000000,160.000000,0.000540,27.777778,0.033497,18,5,2700,5,18,72.222222,108.085926,1000,291832,5,1.000000,1.000000,0,1789,0,6698,0
100001100,attack_only,220.000000,260.000000,0.000000,0.000000,0.000000,18,0,0,0,18,100.000000,0.000000,1000,283404,5,1.000000,1.000000,0,1711,0,10900,0
100001100,baseline,320.000000,360.000000,0.001944,100.000000,0.017534,18,18,9720,18,18,0.000000,30.011111,1000,291708,5,1.000000,1.000000,0,1827,0,15275,0
100001100,defense_only,420.000000,460.000000,0.001944,100.000000,0.014633,18,18,9720,18,18,0.000000,29.923045,1000,290852,5,1.000000,1.000000,0,1795,0,19633,0
100001102,attack_only,120.000000,160.000000,0.001944,100.000000,0.041910,18,18,9720,18,18,0.000000,22.716049,1000,220800,8,1.000000,1.000000,0,1652,0,5970,0
100001102,baseline,220.000000,260.000000,0.001944,100.000000,0.016256,18,18,9720,18,18,0.000000,22.636214,1000,220024,8,1.000000,1.000000,0,1606,0,9776,0
100001102,defense_only,320.000000,360.000000,0.001944,100.000000,0.035216,18,18,9720,18,18,0.000000,22.439918,1000,218116,8,1.000000,1.000000,0,1614,0,13574,0
100001102,defense_vs_attack,420.000000,460.000000,0.001944,100.000000,0.019229,18,18,9720,18,18,0.000000,22.727572,1000,220912,8,1.000000,1.000000,0,1583,0,17388,0
100001107,attack_only,120.000000,160.000000,0.001944,100.000000,0.015020,18,18,9720,18,18,0.000000,27.919342,1000,271376,3,1.000000,1.000000,0,1654,0,6346,0
100001107,baseline,220.000000,260.000000,0.001944,100.000000,0.005789,18,18,9720,18,18,0.000000,26.884774,1000,261320,3,1.000000,1.000000,0,1640,0,10387,0
100001107,defense_only,320.000000,360.000000,0.001944,100.000000,0.012983,18,18,9720,18,18,0.000000,27.135802,1000,263760,3,1.000000,1.000000,0,1664,0,14424,0
100001107,defense_vs_attack,420.000000,460.000000,0.001944,100.000000,0.007146,18,18,9720,18,18,0.000000,28.052263,1000,272668,3,1.000000,1.000000,0,1672,0,18484,0
100001121,attack_only,120.000000,160.000000,0.001944,100.000000,0.025531,18,18,9720,18,18,0.000000,29.592181,1000,287636,5,1.000000,1.000000,0,1740,0,6372,0
100001121,defense_vs_attack,220.000000,260.000000,0.001944,100.000000,0.009836,18,18,9720,18,18,0.000000,29.390947,1000,285680,5,1.000000,1.000000,0,1709,0,10482,0
100001121,defense_only,320.000000,360.000000,0.001944,100.000000,0.021680,18,18,9720,18,18,0.000000,28.485597,1000,276880,5,1.000000,1.000000,0,1666,0,14538,0
100001121,baseline,420.000000,460.000000,0.001944,100.000000,0.012081,18,18,9720,18,18,0.000000,28.664198,1000,278616,5,1.000000,1.000000,0,1673,0,18651,0
100001119,baseline,120.000000,160.000000,0.001944,100.000000,0.021375,18,18,9720,18,18,0.000000,32.080658,1000,311824,4,1.000000,1.000000,0,1767,0,6577,0
100001119,defense_only,220.000000,260.000000,0.001944,100.000000,0.008223,18,18,9720,18,18,0.000000,31.668724,1000,307820,4,1.000000,1.000000,0,1729,0,10791,0
100001119,defense_vs_attack,320.000000,360.000000,0.001944,100.000000,0.021221,18,18,9720,18,18,0.000000,33.145267,1000,322172,4,1.000000,1.000000,0,1704,0,15014,0
100001119,attack_only,420.000000,460.000000,0.001944,100.000000,0.008819,18,18,9720,18,18,0.000000,33.255967,1000,323248,4,1.000000,1.000000,0,1746,0,19219,0
100001124,defense_only,120.000000,160.000000,0.001944,100.000000,0.030816,18,18,9720,18,18,0.000000,26.876543,1000,261240,6,1.000000,1.000000,0,1779,0,6586,0
100001124,attack_only,220.000000,260.000000,0.001944,100.000000,0.012170,18,18,9720,18,18,0.000000,27.055556,1000,262980,6,1.000000,1.000000,0,1736,0,10820,0
100001124,defense_vs_attack,320.000000,360.000000,0.001944,100.000000,0.026977,18,18,9720,18,18,0.000000,27.287654,1000,265236,6,1.000000,1.000000,0,1783,0,15082,0
100001124,baseline,420.000000,460.000000,0.001944,100.000000,0.014742,18,18,9720,18,18,0.000000,26.946914,1000,261924,6,1.000000,1.000000,0,1811,0,19403,0
100001128,attack_only,120.000000,160.000000,0.000000,0.000000,0.000000,18,0,0,0,18,100.000000,0.000000,1000,290324,4,1.000000,1.000000,0,1745,0,6652,0
100001128,defense_vs_attack,220.000000,260.000000,0.001080,55.555556,0.028371,18,10,5400,10,18,44.444444,52.932593,1000,285836,4,1.000000,1.000000,0,1741,0,10881,0
100001128,baseline,320.000000,360.000000,0.001944,100.000000,0.015026,18,18,9720,18,18,0.000000,29.459671,1000,286348,4,1.000000,1.000000,0,1775,0,15210,0
100001128,defense_only,420.000000,460.000000,0.001944,100.000000,0.012957,18,18,9720,18,18,0.000000,29.542798,1000,287156,4,1.000000,1.000000,0,1772,0,19562,0
100001136,baseline,120.000000,160.000000,0.001944,100.000000,0.036660,18,18,9720,18,18,0.000000,28.371193,1000,275768,7,1.000000,1.000000,0,1745,0,6444,0
100001136,attack_only,220.000000,260.000000,0.001944,100.000000,0.026532,18,18,9720,18,18,0.000000,28.654321,1000,278520,7,1.000000,1.000000,0,1743,0,10593,0
100001136,defense_vs_attack,320.000000,360.000000,0.001944,100.000000,0.022542,18,18,9720,18,18,0.000000,28.347737,1000,275540,7,1.000000,1.000000,0,1717,0,14725,0
100001136,defense_only,420.000000,460.000000,0.001944,100.000000,0.015862,18,18,9720,18,18,0.000000,28.568313,1000,277684,7,1.000000,1.000000,0,1773,0,18919,0
100001134,attack_only,120.000000,160.000000,0.000000,0.000000,0.000000,18,0,0,0,18,100.000000,0.000000,1000,282628,6,1.000000,1.000000,0,1696,0,6433,0
100001134,defense_only,220.000000,260.000000,0.001944,100.000000,0.019632,18,18,9720,18,18,0.000000,29.830041,1000,289948,5,1.000000,1.000000,0,1742,0,10680,0
100001134,baseline,320.000000,360.000000,0.001944,100.000000,0.014798,18,18,9720,18,18,0.000000,29.572840,1000,287448,5,1.000000,1.000000,0,1733,0,14867,0
100001134,defense_vs_attack,420.000000,460.000000,0.001512,77.777778,0.017829,18,14,7560,14,18,22.222222,36.497354,1000,275920,6,1.000000,1.000000,0,1718,0,19051,0
100001139,defense_only,120.000000,160.000000,0.001944,100.000000,0.070625,18,18,9720,18,18,0.000000,24.906173,1000,242088,3,1.000000,1.000000,0,1711,0,6357,0
100001139,attack_only,220.000000,260.000000,0.000000,0.000000,0.000000,18,0,0,0,18,100.000000,0.000000,1000,213164,4,1.000000,1.000000,0,1566,0,10284,0
100001139,defense_vs_attack,320.000000,360.000000,0.001512,77.777778,0.006174,18,14,7560,14,18,22.222222,28.925926,1000,218680,4,1.000000,1.000000,0,1615,0,14241,0
100001139,baseline,420.000000,460.000000,0.001944,100.000000,0.011535,18,18,9720,18,18,0.000000,24.918930,1000,242212,3,1.000000,1.000000,0,1669,0,18337,0
100001142,baseline,120.000000,160.000000,0.001944,100.000000,0.025457,18,18,9720,18,18,0.000000,25.890123,1000,251652,5,1.000000,1.000000,0,1702,0,6289,0
100001142,defense_vs_attack,220.000000,260.000000,0.001944,100.000000,0.010387,18,18,9720,18,18,0.000000,26.654321,1000,259080,5,1.000000,1.000000,0,1663,0,10321,0
100001142,defense_only,320.000000,360.000000,0.001728,88.888889,0.022145,18,16,8640,16,18,11.111111,29.113889,1000,251544,5,1.000000,1.000000,0,1705,0,14415,0
100001142,attack_only,420.000000,460.000000,0.001944,100.000000,0.012397,18,18,9720,18,18,0.000000,26.295885,1000,255596,5,1.000000,1.000000,0,1671,0,18475,0
100001154,baseline,120.000000,160.000000,0.001944,100.000000,0.026013,18,18,9720,18,18,0.000000,28.006173,1000,272220,5,1.000000,1.000000,0,1768,0,6555,0
100001154,defense_only,220.000000,260.000000,0.001944,100.000000,0.009889,18,18,9720,18,18,0.000000,28.008642,1000,272244,5,1.000000,1.000000,0,1737,0,10795,0
100001154,attack_only,320.000000,360.000000,0.001944,100.000000,0.021539,18,18,9720,18,18,0.000000,25.302469,1000,245940,5,1.000000,1.000000,0,1740,0,15030,0
100001154,defense_vs_attack,420.000000,460.000000,0.001944,100.000000,0.011932,18,18,9720,18,18,0.000000,25.112757,1000,244096,5,1.000000,1.000000,0,1716,0,19252,0
100001153,defense_vs_attack,120.000000,160.000000,0.001944,100.000000,0.021136,18,18,9720,18,18,0.000000,28.976543,1000,281652,4,1.000000,1.000000,0,1768,0,6594,0
100001153,attack_only,220.000000,260.000000,0.001944,100.000000,0.007794,18,18,9720,18,18,0.000000,29.083539,1000,282692,4,1.000000,1.000000,0,1750,0,10824,0
100001153,baseline,320.000000,360.000000,0.001944,100.000000,0.017176,18,18,9720,18,18,0.000000,29.566667,1000,287388,4,1.000000,1.000000,0,1748,0,15060,0
100001153,defense_only,420.000000,460.000000,0.001944,100.000000,0.009593,18,18,9720,18,18,0.000000,30.166667,1000,293220,4,1.000000,1.000000,0,1800,0,19391,0
100001155,defense_only,120.000000,160.000000,0.001944,100.000000,0.021091,18,18,9720,18,18,0.000000,30.955967,1000,300892,4,1.000000,1.000000,0,1740,0,6528,0
100001155,attack_only,220.000000,260.000000,0.001944,100.000000,0.007794,18,18,9720,18,18,0.000000,31.095062,1000,302244,4,1.000000,1.000000,0,1731,0,10778,0
100001155,defense_vs_attack,320.000000,360.000000,0.001944,100.000000,0.017176,18,18,9720,18,18,0.000000,31.246091,1000,303712,4,1.000000,1.000000,0,1710,0,14972,0
100001155,baseline,420.000000,460.000000,0.001944,100.000000,0.015246,18,18,9720,18,18,0.000000,30.965844,1000,300988,4,1.000000,1.000000,0,1718,0,19151,0
100001157,defense_only,120.000000,160.000000,0.001944,100.000000,0.015763,18,18,9720,18,18,0.000000,35.767490,1000,347660,3,1.000000,1.000000,0,1792,0,6899,0
100001157,defense_vs_attack,220.000000,260.000000,0.001944,100.000000,0.006585,18,18,9720,18,18,0.000000,37.468313,1000,364192,3,1.000000,1.000000,0,1873,0,11467,0
100001157,baseline,320.000000,360.000000,0.001944,100.000000,0.013561,18,18,9720,18,18,0.000000,35.853086,1000,348492,3,1.000000,1.000000,0,1811,0,15919,0
100001157,attack_only,420.000000,460.000000,0.001944,100.000000,0.007933,18,18,9720,18,18,0.000000,37.250617,1000,362076,3,1.000000,1.000000,0,1892,0,20534,0
100001166,defense_only,120.000000,160.000000,0.001944,100.000000,0.021029,18,18,9720,18,18,0.000000,25.475720,1000,247624,4,1.000000,1.000000,0,1595,0,6015,0
100001166,attack_only,220.000000,260.000000,0.000000,0.000000,0.000000,18,0,0,0,18,100.000000,0.000000,1000,239504,4,1.000000,1.000000,0,1548,0,9866,0
100001166,baseline,320.000000,360.000000,0.001944,100.000000,0.012912,18,18,9720,18,18,0.000000,25.342387,1000,246328,4,1.000000,1.000000,0,1604,0,13769,0
100001166,defense_vs_attack,420.000000,460.000000,0.001080,55.555556,0.031561,18,10,5400,10,18,44.444444,44.583704,1000,240752,4,1.000000,1.000000,0,1590,0,17646,0
100001167,defense_only,120.000000,160.000000,0.001944,100.000000,0.025523,18,18,9720,18,18,0.000000,37.914403,1000,368528,5,1.000000,1.000000,0,1960,0,7265,0
100001167,baseline,220.000000,260.000000,0.001944,100.000000,0.010296,18,18,9720,18,18,0.000000,37.804938,1000,367464,5,1.000000,1.000000,0,1919,0,11915,0
100001167,attack_only,320.000000,360.000000,0.001944,100.000000,0.021440,18,18,9720,18,18,0.000000,37.849794,1000,367900,5,1.000000,1.000000,0,1882,0,16467,0
100001167,defense_vs_attack,420.000000,460.000000,0.001944,100.000000,0.012917,18,18,9720,18,18,0.000000,37.463374,1000,364144,5,1.000000,1.000000,0,1919,0,21119,0
100001171,attack_only,120.000000,160.000000,0.001944,100.000000,0.020877,18,18,9720,18,18,0.000000,32.791358,1000,318732,4,1.000000,1.000000,0,1906,0,7149,0
100001171,defense_vs_attack,220.000000,260.000000,0.001944,100.000000,0.007977,18,18,9720,18,18,0.000000,32.907819,1000,319864,4,1.000000,1.000000,0,1893,0,11821,0
100001171,defense_only,320.000000,360.000000,0.001944,100.000000,0.016964,18,18,9720,18,18,0.000000,31.731276,1000,308428,4,1.000000,1.000000,0,1867,0,16371,0
100001171,baseline,420.000000,460.000000,0.001944,100.000000,0.009922,18,18,9720,18,18,0.000000,31.721399,1000,308332,4,1.000000,1.000000,0,1859,0,20923,0
100001175,defense_vs_attack,120.000000,160.000000,0.001404,72.222222,0.026405,18,13,7020,13,18,27.777778,48.292308,1000,339012,6,1.000000,1.000000,0,1835,0,6905,0
100001175,baseline,220.000000,260.000000,0.001944,100.000000,0.011714,18,18,9720,18,18,0.000000,34.336214,1000,333748,5,1.000000,1.000000,0,1839,0,11335,0
100001175,defense_only,320.000000,360.000000,0.001944,100.000000,0.020972,18,18,9720,18,18,0.000000,34.699588,1000,337280,5,1.000000,1.000000,0,1854,0,15844,0
100001175,attack_only,420.000000,460.000000,0.000000,0.000000,0.000000,18,0,0,0,18,100.000000,0.000000,1000,337368,6,1.000000,1.000000,0,1800,0,20250,0
100001180,attack_only,120.000000,160.000000,0.001944,100.000000,0.015154,18,18,9720,18,18,0.000000,27.458436,1000,266896,3,1.000000,1.000000,0,1699,0,6539,0
100001180,defense_only,220.000000,260.000000,0.001944,100.000000,0.006775,18,18,9720,18,18,0.000000,27.325926,1000,265608,3,1.000000,1.000000,0,1650,0,10685,0
100001180,baseline,320.000000,360.000000,0.001944,100.000000,0.012393,18,18,9720,18,18,0.000000,27.496708,1000,267268,3,1.000000,1.000000,0,1691,0,14808,0
100001180,defense_vs_attack,420.000000,460.000000,0.001944,100.000000,0.007497,18,18,9720,18,18,0.000000,27.329630,1000,265644,3,1.000000,1.000000,0,1670,0,18966,0
100001189,defense_only,120.000000,160.000000,0.001944,100.000000,0.030471,18,18,9720,18,18,0.000000,25.026749,1000,243260,6,1.000000,1.000000,0,1635,0,6108,0
100001189,baseline,220.000000,260.000000,0.001944,100.000000,0.011801,18,18,9720,18,18,0.000000,25.278601,1000,245708,6,1.000000,1.000000,0,1651,0,10078,0
100001189,defense_vs_attack,320.000000,360.000000,0.001944,100.000000,0.025990,18,18,9720,18,18,0.000000,27.133745,1000,263740,6,1.000000,1.000000,0,1684,0,14083,0
100001189,attack_only,420.000000,460.000000,0.001944,100.000000,0.014641,18,18,9720,18,18,0.000000,27.069959,1000,263120,6,1.000000,1.000000,0,1639,0,18081,0
100001188,defense_only,120.000000,160.000000,0.001944,100.000000,0.015541,18,18,9720,18,18,0.000000,27.379012,1000,266124,3,1.000000,1.000000,0,1662,0,6389,0
100001188,defense_vs_attack,220.000000,260.000000,0.001944,100.000000,0.005789,18,18,9720,18,18,0.000000,27.747737,1000,269708,3,1.000000,1.000000,0,1645,0,10458,0
100001188,baseline,320.000000,360.000000,0.001944,100.000000,0.012812,18,18,9720,18,18,0.000000,27.720988,1000,269448,3,1.000000,1.000000,0,1686,0,14594,0
100001188,attack_only,420.000000,460.000000,0.001944,100.000000,0.007163,18,18,9720,18,18,0.000000,28.297531,1000,275052,3,1.000000,1.000000,0,1679,0,18689,0
100001191,defense_vs_attack,120.000000,160.000000,0.001944,100.000000,0.025704,18,18,9720,18,18,0.000000,32.693416,1000,317780,5,1.000000,1.000000,0,1772,0,6717,0
100001191,baseline,220.000000,260.000000,0.001944,100.000000,0.009798,18,18,9720,18,18,0.000000,32.460905,1000,315520,5,1.000000,1.000000,0,1785,0,11034,0
100001191,defense_only,320.000000,360.000000,0.001944,100.000000,0.021663,18,18,9720,18,18,0.000000,32.831276,1000,319120,5,1.000000,1.000000,0,1799,0,15468,0
100001191,attack_only,420.000000,460.000000,0.001944,100.000000,0.012530,18,18,9720,18,18,0.000000,32.953086,1000,320304,5,1.000000,1.000000,0,1790,0,19870,0
100001195,attack_only,120.000000,160.000000,0.000000,0.000000,0.000000,18,0,0,0,18,100.000000,0.000000,1000,253792,6,1.000000,1.000000,0,1699,0,6510,0
100001195,defense_vs_attack,220.000000,260.000000,0.000432,22.222222,0.083659,18,4,2160,4,18,77.777778,115.048148,1000,248504,6,1.000000,1.000000,0,2192,0,11165,0
100001195,baseline,320.000000,360.000000,0.001944,100.000000,0.024350,18,18,9720,18,18,0.000000,25.539506,1000,248244,6,1.000000,1.000000,0,1743,0,15396,0
100001195,defense_only,420.000000,460.000000,0.001944,100.000000,0.014320,18,18,9720,18,18,0.000000,25.844444,1000,251208,6,1.000000,1.000000,0,1785,0,19648,0
100001198,baseline,120.000000,160.000000,0.001944,100.000000,0.037460,18,18,9720,18,18,0.000000,22.439918,1000,218116,7,1.000000,1.000000,0,1709,0,6293,0
100001198,defense_only,220.000000,260.000000,0.001944,100.000000,0.014574,18,18,9720,18,18,0.000000,22.440329,1000,218120,7,1.000000,1.000000,0,1715,0,10342,0
100001198,defense_vs_attack,320.000000,360.000000,0.001512,77.777778,0.031023,18,14,7560,14,18,22.222222,28.434921,1000,214968,7,1.000000,1.000000,0,1672,0,14380,0
100001198,attack_only,420.000000,460.000000,0.001944,100.000000,0.018180,18,18,9720,18,18,0.000000,22.782305,1000,221444,7,1.000000,1.000000,0,1701,0,18420,0
100001200,defense_vs_attack,120.000000,160.000000,0.001944,100.000000,0.021177,18,18,9720,18,18,0.000000,27.343621,1000,265780,4,1.000000,1.000000,0,1646,0,6309,0
100001200,defense_only,220.000000,260.000000,0.001944,100.000000,0.007792,18,18,9720,18,18,0.000000,27.588477,1000,268160,4,1.000000,1.000000,0,1670,0,10389,0
100001200,baseline,320.000000,360.000000,0.001944,100.000000,0.017221,18,18,9720,18,18,0.000000,27.307407,1000,265428,4,1.000000,1.000000,0,1671,0,14451,0
100001200,attack_only,420.000000,460.000000,0.001944,100.000000,0.009581,18,18,9720,18,18,0.000000,27.576955,1000,268048,4,1.000000,1.000000,0,1706,0,18500,0
100001199,defense_only,120.000000,160.000000,0.001944,100.000000,0.046799,18,18,9720,18,18,0.000000,31.775309,1000,308856,9,1.000000,1.000000,0,1898,0,6881,0
100001199,defense_vs_attack,220.000000,260.000000,0.001944,100.000000,0.018874,18,18,9720,18,18,0.000000,32.879424,1000,319588,9,1.000000,1.000000,0,1837,0,11285,0
100001199,attack_only,320.000000,360.000000,0.001944,100.000000,0.039401,18,18,9720,18,18,0.000000,33.480658,1000,325432,9,1.000000,1.000000,0,1907,0,15771,0
100001199,baseline,420.000000,460.000000,0.001944,100.000000,0.035558,18,18,9720,18,18,0.000000,32.095062,1000,311964,9,1.000000,1.000000,0,1851,0,20149,0
100001204,defense_vs_attack,120.000000,160.000000,0.001944,100.000000,0.015522,18,18,9720,18,18,0.000000,28.656790,1000,278544,3,1.000000,1.000000,0,1636,0,6389,0
100001204,baseline,220.000000,260.000000,0.001944,100.000000,0.005908,18,18,9720,18,18,0.000000,28.767490,1000,279620,3,1.000000,1.000000,0,1649,0,10422,0
100001204,attack_only,320.000000,360.000000,0.001944,100.000000,0.012485,18,18,9720,18,18,0.000000,29.007407,1000,281952,3,1.000000,1.000000,0,1663,0,14497,0
100001204,defense_only,420.000000,460.000000,0.001944,100.000000,0.007739,18,18,9720,18,18,0.000000,28.800823,1000,279944,3,1.000000,1.000000,0,1683,0,18633,0
100001208,attack_only,120.000000,160.000000,0.001944,100.000000,0.015438,18,18,9720,18,18,0.000000,23.306584,1000,226540,3,1.000000,1.000000,0,1627,0,6167,0
100001208,defense_vs_attack,220.000000,260.000000,0.001944,100.000000,0.005895,18,18,9720,18,18,0.000000,23.534979,1000,228760,3,1.000000,1.000000,0,1612,0,10126,0
100001208,baseline,320.000000,360.000000,0.001944,100.000000,0.012846,18,18,9720,18,18,0.000000,23.797119,1000,231308,3,1.000000,1.000000,0,1597,0,14023,0
100001208,defense_only,420.000000,460.000000,0.001944,100.000000,0.007347,18,18,9720,18,18,0.000000,23.320988,1000,226680,3,1.000000,1.000000,0,1628,0,17982,0
100001206,baseline,120.000000,160.000000,0.001944,100.000000,0.092539,18,18,9720,18,18,0.000000,28.028807,1000,272440,7,1.000000,1.000000,0,1822,0,6634,0
100001206,defense_only,220.000000,260.000000,0.001944,100.000000,0.017506,18,18,9720,18,18,0.000000,27.831687,1000,270524,7,1.000000,1.000000,0,1765,0,10868,0
100001206,defense_vs_attack,320.000000,360.000000,0.001944,100.000000,0.031365,18,18,9720,18,18,0.000000,28.881481,1000,280728,7,1.000000,1.000000,0,1833,0,15313,0
100001206,attack_only,420.000000,460.000000,0.001944,100.000000,0.017494,18,18,9720,18,18,0.000000,28.914815,1000,281052,7,1.000000,1.000000,0,1841,0,19746,0
100001210,defense_only,120.000000,160.000000,0.001944,100.000000,0.015103,18,18,9720,18,18,0.000000,22.079424,1000,214612,3,1.000000,1.000000,0,1556,0,5954,0
100001210,baseline,220.000000,260.000000,0.001944,100.000000,0.006118,18,18,9720,18,18,0.000000,22.074897,1000,214568,3,1.000000,1.000000,0,1547,0,9720,0
100001210,defense_vs_attack,320.000000,360.000000,0.001944,100.000000,0.012813,18,18,9720,18,18,0.000000,22.042798,1000,214256,3,1.000000,1.000000,0,1550,0,13497,0
100001210,attack_only,420.000000,460.000000,0.001944,100.000000,0.007067,18,18,9720,18,18,0.000000,22.154733,1000,215344,3,1.000000,1.000000,0,1556,0,17310,0
100001213,defense_vs_attack,120.000000,160.000000,0.001944,100.000000,0.031508,18,18,9720,18,18,0.000000,30.360494,1000,295104,6,1.000000,1.000000,0,1847,0,6698,0
100001213,attack_only,220.000000,260.000000,0.001944,100.000000,0.011921,18,18,9720,18,18,0.000000,30.194650,1000,293492,6,1.000000,1.000000,0,1786,0,11019,0
100001213,baseline,320.000000,360.000000,0.001944,100.000000,0.026117,18,18,9720,18,18,0.000000,30.312346,1000,294636,6,1.000000,1.000000,0,1766,0,15313,0
100001213,defense_only,420.000000,460.000000,0.001944,100.000000,0.014663,18,18,9720,18,18,0.000000,30.344856,1000,294952,6,1.000000,1.000000,0,1789,0,19632,0
100001215,defense_vs_attack,120.000000,160.000000,0.001944,100.000000,0.031247,18,18,9720,18,18,0.000000,27.951029,1000,271684,6,1.000000,1.000000,0,1740,0,6453,0
100001215,baseline,220.000000,260.000000,0.001944,100.000000,0.012182,18,18,9720,18,18,0.000000,27.590947,1000,268184,6,1.000000,1.000000,0,1724,0,10579,0
100001215,attack_only,320.000000,360.000000,0.001944,100.000000,0.027026,18,18,9720,18,18,0.000000,28.043621,1000,272584,6,1.000000,1.000000,0,1700,0,14686,0
100001215,defense_only,420.000000,460.000000,0.001944,100.000000,0.014861,18,18,9720,18,18,0.000000,27.611523,1000,268384,6,1.000000,1.000000,0,1715,0,18794,0
100001214,baseline,120.000000,160.000000,0.001944,100.000000,0.027102,18,18,9720,18,18,0.000000,25.550206,1000,248348,5,1.000000,1.000000,0,1670,0,6206,0
100001214,defense_vs_attack,220.000000,260.000000,0.000000,0.000000,0.000000,18,0,0,0,18,100.000000,0.000000,1000,246232,5,1.000000,1.000000,0,1631,0,10169,0
100001214,attack_only,320.000000,360.000000,0.000000,0.000000,0.000000,18,0,0,0,18,100.000000,0.000000,1000,243916,5,1.000000,1.000000,0,1603,0,14111,0
100001214,defense_only,420.000000,460.000000,0.001944,100.000000,0.014820,18,18,9720,18,18,0.000000,25.411111,1000,246996,5,1.000000,1.000000,0,1640,0,18077,0
100001216,defense_vs_attack,120.000000,160.000000,0.000972,50.000000,0.030894,18,9,4860,9,18,50.000000,60.663374,1000,294824,5,1.000000,1.000000,0,1755,0,6605,0
100001216,defense_only,220.000000,260.000000,0.001944,100.000000,0.014513,18,18,9720,18,18,0.000000,31.297942,1000,304216,5,1.000000,1.000000,0,1786,0,10880,0
100001216,attack_only,320.000000,360.000000,0.000000,0.000000,0.000000,18,0,0,0,18,100.000000,0.000000,1000,292604,5,1.000000,1.000000,0,1687,0,15044,0
100001216,baseline,420.000000,460.000000,0.001944,100.000000,0.014447,18,18,9720,18,18,0.000000,30.977778,1000,301104,5,1.000000,1.000000,0,1748,0,19280,0
100001224,defense_only,120.000000,160.000000,0.001944,100.000000,0.026031,18,18,9720,18,18,0.000000,29.654733,1000,288244,5,1.000000,1.000000,0,1800,0,6684,0
100001224,baseline,220.000000,260.000000,0.001944,100.000000,0.009830,18,18,9720,18,18,0.000000,29.978189,1000,291388,5,1.000000,1.000000,0,1786,0,11029,0
100001224,defense_vs_attack,320.000000,360.000000,0.000972,50.000000,0.023027,18,9,4860,9,18,50.000000,60.623045,1000,294628,5,1.000000,1.000000,0,1811,0,15419,0
100001224,attack_only,420.000000,460.000000,0.000000,0.000000,0.000000,18,0,0,0,18,100.000000,0.000000,1000,294692,5,1.000000,1.000000,0,1781,0,19746,0
100001230,defense_vs_attack,120.000000,160.000000,0.000972,50.000000,0.017476,18,9,4860,9,18,50.000000,52.845267,1000,256828,3,1.000000,1.000000,0,1654,0,6325,0
100001230,attack_only,220.000000,260.000000,0.000000,0.000000,0.000000,18,0,0,0,18,100.000000,0.000000,1000,254004,3,1.000000,1.000000,0,1656,0,10407,0
100001230,defense_only,320.000000,360.000000,0.001944,100.000000,0.011415,18,18,9720,18,18,0.000000,25.744856,1000,250240,3,1.000000,1.000000,0,1688,0,14538,0
100001230,baseline,420.000000,460.000000,0.001944,100.000000,0.008577,18,18,9720,18,18,0.000000,25.389712,1000,246788,3,1.000000,1.000000,0,1650,0,18632,0
100001227,baseline,120.000000,160.000000,0.001944,100.000000,0.020414,18,18,9720,18,18,0.000000,30.163374,1000,293188,4,1.000000,1.000000,0,1763,0,6661,0
100001227,defense_only,220.000000,260.000000,0.001944,100.000000,0.007978,18,18,9720,18,18,0.000000,30.171605,1000,293268,4,1.000000,1.000000,0,1777,0,10961,0
100001227,defense_vs_attack,320.000000,360.000000,0.001512,77.777778,0.021121,18,14,7560,14,18,22.222222,37.942857,1000,286848,4,1.000000,1.000000,0,1730,0,15231,0
100001227,attack_only,420.000000,460.000000,0.000000,0.000000,0.000000,18,0,0,0,18,100.000000,0.000000,1000,286412,4,1.000000,1.000000,0,1697,0,19427,0
100001228,defense_vs_attack,120.000000,160.000000,0.001944,100.000000,0.021633,18,18,9720,18,18,0.000000,31.623457,1000,307380,4,1.000000,1.000000,0,1810,0,6772,0
100001228,attack_only,220.000000,260.000000,0.001944,100.000000,0.011052,18,18,9720,18,18,0.000000,31.594650,1000,307100,4,1.000000,1.000000,0,1793,0,11115,0
100001228,baseline,320.000000,360.000000,0.001944,100.000000,0.016129,18,18,9720,18,18,0.000000,31.387654,1000,305088,4,1.000000,1.000000,0,1832,0,15512,0
100001228,defense_only,420.000000,460.000000,0.001944,100.000000,0.008998,18,18,9720,18,18,0.000000,31.420988,1000,305412,4,1.000000,1.000000,0,1835,0,19930,0
100001231,baseline,120.000000,160.000000,0.001944,100.000000,0.053544,18,18,9720,18,18,0.000000,24.498354,1000,238124,10,1.000000,1.000000,0,1810,0,6605,0
100001231,defense_only,220.000000,260.000000,0.001944,100.000000,0.019977,18,18,9720,18,18,0.000000,24.395473,1000,237124,10,1.000000,1.000000,0,1817,0,10860,0
100001231,defense_vs_attack,320.000000,360.000000,0.001944,100.000000,0.044501,18,18,9720,18,18,0.000000,24.301646,1000,236212,10,1.000000,1.000000,0,1844,0,15157,0
100001231,attack_only,420.000000,460.000000,0.001944,100.000000,0.024498,18,18,9720,18,18,0.000000,24.841152,1000,241456,10,1.000000,1.000000,0,1824,0,19442,0
100001232,defense_vs_attack,120.000000,160.000000,0.001944,100.000000,0.015812,18,18,9720,18,18,0.000000,29.376955,1000,285544,3,1.000000,1.000000,0,1665,0,6300,0
100001232,defense_only,220.000000,260.000000,0.001944,100.000000,0.006004,18,18,9720,18,18,0.000000,29.287654,1000,284676,3,1.000000,1.000000,0,1660,0,10420,0
100001232,baseline,320.000000,360.000000,0.001944,100.000000,0.012800,18,18,9720,18,18,0.000000,29.615638,1000,287864,3,1.000000,1.000000,0,1677,0,14561,0
100001232,attack_only,420.000000,460.000000,0.001944,100.000000,0.007281,18,18,9720,18,18,0.000000,29.248148,1000,284292,3,1.000000,1.000000,0,1606,0,18594,0
100001245,defense_only,120.000000,160.000000,0.001944,100.000000,0.025754,18,18,9720,18,18,0.000000,25.321811,1000,246128,5,1.000000,1.000000,0,1666,0,6333,0
100001245,defense_vs_attack,220.000000,260.000000,0.001944,100.000000,0.009893,18,18,9720,18,18,0.000000,26.370370,1000,256320,5,1.000000,1.000000,0,1748,0,10540,0
100001245,baseline,320.000000,360.000000,0.001944,100.000000,0.021635,18,18,9720,18,18,0.000000,25.290535,1000,245824,5,1.000000,1.000000,0,1676,0,14606,0
100001245,attack_only,420.000000,460.000000,0.001944,100.000000,0.012373,18,18,9720,18,18,0.000000,26.254733,1000,255196,5,1.000000,1.000000,0,1740,0,18853,0
100001247,baseline,120.000000,160.000000,0.001944,100.000000,0.024865,18,18,9720,18,18,0.000000,24.590947,1000,239024,5,1.000000,1.000000,0,1691,0,6261,0
100001247,defense_only,220.000000,260.000000,0.001944,100.000000,0.010038,18,18,9720,18,18,0.000000,24.395885,1000,237128,5,1.000000,1.000000,0,1596,0,10209,0
100001247,defense_vs_attack,320.000000,360.000000,0.001944,100.000000,0.021637,18,18,9720,18,18,0.000000,23.058025,1000,224124,5,1.000000,1.000000,0,1616,0,14116,0
100001247,attack_only,420.000000,460.000000,0.001944,100.000000,0.012158,18,18,9720,18,18,0.000000,22.766667,1000,221292,5,1.000000,1.000000,0,1602,0,17996,0
100001242,attack_only,120.000000,160.000000,0.000000,0.000000,0.000000,18,0,0,0,18,100.000000,0.000000,1000,274936,8,1.000000,1.000000,0,1711,0,6381,0
100001242,baseline,220.000000,260.000000,0.001944,100.000000,0.026732,18,18,9720,18,18,0.000000,27.462963,1000,266940,8,1.000000,1.000000,0,1733,0,10526,0
100001242,defense_only,320.000000,360.000000,0.001944,100.000000,0.027240,18,18,9720,18,18,0.000000,27.664198,1000,268896,8,1.000000,1.000000,0,1757,0,14670,0
100001242,defense_vs_attack,420.000000,460.000000,0.000972,50.000000,0.027441,18,9,4860,9,18,50.000000,58.052675,1000,282136,8,1.000000,1.000000,0,1766,0,18878,0
100001240,defense_only,120.000000,160.000000,0.001944,100.000000,0.025522,18,18,9720,18,18,0.000000,28.678601,1000,278756,5,1.000000,1.000000,0,1727,0,6391,0
100001240,attack_only,220.000000,260.000000,0.001944,100.000000,0.009945,18,18,9720,18,18,0.000000,29.509053,1000,286828,5,1.000000,1.000000,0,1733,0,10577,0
100001240,defense_vs_attack,320.000000,360.000000,0.001944,100.000000,0.021878,18,18,9720,18,18,0.000000,29.494239,1000,286684,5,1.000000,1.000000,0,1722,0,14711,0
100001240,baseline,420.000000,460.000000,0.001944,100.000000,0.013396,18,18,9720,18,18,0.000000,28.745267,1000,279404,5,1.000000,1.000000,0,1690,0,18794,0
100001244,defense_only,120.000000,160.000000,0.001944,100.000000,0.015454,18,18,9720,18,18,0.000000,26.675720,1000,259288,3,1.000000,1.000000,0,1619,0,6068,0
100001244,defense_vs_attack,220.000000,260.000000,0.001944,100.000000,0.007420,18,18,9720,18,18,0.000000,25.921399,1000,251956,3,1.000000,1.000000,0,1579,0,9957,0
100001244,baseline,320.000000,360.000000,0.001944,100.000000,0.011141,18,18,9720,18,18,0.000000,26.339095,1000,256016,3,1.000000,1.000000,0,1588,0,13847,0
100001244,attack_only,420.000000,460.000000,0.001944,100.000000,0.006588,18,18,9720,18,18,0.000000,26.098765,1000,253680,3,1.000000,1.000000,0,1594,0,17757,0
100001249,defense_only,120.000000,160.000000,0.001944,100.000000,0.020302,18,18,9720,18,18,0.000000,25.177366,1000,244724,4,1.000000,1.000000,0,1653,0,6183,0
100001249,attack_only,220.000000,260.000000,0.001944,100.000000,0.007793,18,18,9720,18,18,0.000000,26.138272,1000,254064,4,1.000000,1.000000,0,1670,0,10162,0
100001249,baseline,320.000000,360.000000,0.001944,100.000000,0.017254,18,18,9720,18,18,0.000000,24.987243,1000,242876,4,1.000000,1.000000,0,1593,0,14065,0
100001249,defense_vs_attack,420.000000,460.000000,0.001944,100.000000,0.009499,18,18,9720,18,18,0.000000,25.844856,1000,251212,4,1.000000,1.000000,0,1649,0,18023,0
100001248,defense_vs_attack,120.000000,160.000000,0.001944,100.000000,0.016088,18,18,9720,18,18,0.000000,32.000412,1000,311044,3,1.000000,1.000000,0,1751,0,6528,0
100001248,defense_only,220.000000,260.000000,0.001944,100.000000,0.005789,18,18,9720,18,18,0.000000,31.112346,1000,302412,3,1.000000,1.000000,0,1715,0,10672,0
100001248,attack_only,320.000000,360.000000,0.001944,100.000000,0.012812,18,18,9720,18,18,0.000000,31.958025,1000,310632,3,1.000000,1.000000,0,1741,0,14903,0
100001248,baseline,420.000000,460.000000,0.001944,100.000000,0.008590,18,18,9720,18,18,0.000000,31.157202,1000,302848,3,1.000000,1.000000,0,1707,0,19084,0
100001251,defense_vs_attack,120.000000,160.000000,0.001944,100.000000,0.026558,18,18,9720,18,18,0.000000,26.065432,1000,253356,5,1.000000,1.000000,0,1656,0,6089,0
100001251,baseline,220.000000,260.000000,0.001944,100.000000,0.015969,18,18,9720,18,18,0.000000,25.088889,1000,243864,5,1.000000,1.000000,0,1639,0,10017,0
100001251,attack_only,320.000000,360.000000,0.001944,100.000000,0.019957,18,18,9720,18,18,0.000000,25.819342,1000,250964,5,1.000000,1.000000,0,1613,0,13943,0
100001251,defense_only,420.000000,460.000000,0.001944,100.000000,0.013559,18,18,9720,18,18,0.000000,25.118930,1000,244156,5,1.000000,1.000000,0,1658,0,17919,0
100001253,defense_only,120.000000,160.000000,0.001944,100.000000,0.020213,18,18,9720,18,18,0.000000,29.927160,1000,290892,4,1.000000,1.000000,0,1688,0,6512,0
100001253,baseline,220.000000,260.000000,0.001944,100.000000,0.007911,18,18,9720,18,18,0.000000,30.332922,1000,294836,4,1.000000,1.000000,0,1738,0,10719,0
100001253,attack_only,320.000000,360.000000,0.001944,100.000000,0.017400,18,18,9720,18,18,0.000000,31.368313,1000,304900,4,1.000000,1.000000,0,1769,0,15078,0
100001253,defense_vs_attack,420.000000,460.000000,0.001944,100.000000,0.009792,18,18,9720,18,18,0.000000,30.760905,1000,298996,4,1.000000,1.000000,0,1710,0,19334,0
100001255,attack_only,120.000000,160.000000,0.001944,100.000000,0.044689,18,18,9720,18,18,0.000000,28.187654,1000,273984,8,1.000000,1.000000,0,1839,0,6726,0
100001255,defense_only,220.000000,260.000000,0.001944,100.000000,0.019022,18,18,9720,18,18,0.000000,27.579012,1000,268068,8,1.000000,1.000000,0,1852,0,11157,0
100001255,baseline,320.000000,360.000000,0.001944,100.000000,0.030125,18,18,9720,18,18,0.000000,27.897531,1000,271164,8,1.000000,1.000000,0,1827,0,15529,0
100001255,defense_vs_attack,420.000000,460.000000,0.001944,100.000000,0.024541,18,18,9720,18,18,0.000000,28.079012,1000,272928,8,1.000000,1.000000,0,1827,0,19912,0
100001257,defense_only,120.000000,160.000000,0.001944,100.000000,0.015116,18,18,9720,18,18,0.000000,28.970370,1000,281592,3,1.000000,1.000000,0,1745,0,6648,0
100001257,attack_only,220.000000,260.000000,0.001944,100.000000,0.005911,18,18,9720,18,18,0.000000,30.716872,1000,298568,3,1.000000,1.000000,0,1795,0,11048,0
100001257,baseline,320.000000,360.000000,0.001944,100.000000,0.013008,18,18,9720,18,18,0.000000,28.709053,1000,279052,3,1.000000,1.000000,0,1746,0,15371,0
100001257,defense_vs_attack,420.000000,460.000000,0.001944,100.000000,0.007324,18,18,9720,18,18,0.000000,30.789712,1000,299276,3,1.000000,1.000000,0,1783,0,19758,0
100001259,baseline,120.000000,160.000000,0.001944,100.000000,0.025551,18,18,9720,18,18,0.000000,24.084362,1000,234100,5,1.000000,1.000000,0,1568,0,5972,0
100001259,defense_vs_attack,220.000000,260.000000,0.000540,27.777778,0.016727,18,5,2700,5,18,72.222222,92.785185,1000,250520,5,1.000000,1.000000,0,1595,0,9882,0
100001259,attack_only,320.000000,360.000000,0.000000,0.000000,0.000000,18,0,0,0,18,100.000000,0.000000,1000,255688,5,1.000000,1.000000,0,1601,0,13784,0
100001259,defense_only,420.000000,460.000000,0.001944,100.000000,0.071953,18,18,9720,18,18,0.000000,23.864198,1000,231960,5,1.000000,1.000000,0,1556,0,17602,0
100001260,attack_only,120.000000,160.000000,0.001944,100.000000,0.016063,18,18,9720,18,18,0.000000,25.339095,1000,246296,3,1.000000,1.000000,0,1543,0,5857,0
100001260,defense_vs_attack,220.000000,260.000000,0.001944,100.000000,0.006304,18,18,9720,18,18,0.000000,25.198354,1000,244928,3,1.000000,1.000000,0,1524,0,9597,0
100001260,defense_only,320.000000,360.000000,0.001944,100.000000,0.012138,18,18,9720,18,18,0.000000,25.822634,1000,250996,3,1.000000,1.000000,0,1559,0,13404,0
100001260,baseline,420.000000,460.000000,0.001944,100.000000,0.008090,18,18,9720,18,18,0.000000,25.744444,1000,250236,3,1.000000,1.000000,0,1550,0,17173,0
100001263,baseline,120.000000,160.000000,0.001944,100.000000,0.021146,18,18,9720,18,18,0.000000,28.133333,1000,273456,4,1.000000,1.000000,0,1767,0,6678,0
100001263,defense_vs_attack,220.000000,260.000000,0.001944,100.000000,0.007870,18,18,9720,18,18,0.000000,29.149794,1000,283336,4,1.000000,1.000000,0,1801,0,10963,0
100001263,attack_only,320.000000,360.000000,0.001944,100.000000,0.017176,18,18,9720,18,18,0.000000,29.255556,1000,284364,4,1.000000,1.000000,0,1768,0,15255,0
100001263,defense_only,420.000000,460.000000,0.001944,100.000000,0.009632,18,18,9720,18,18,0.000000,28.380658,1000,275860,4,1.000000,1.000000,0,1767,0,19538,0
100001267,defense_vs_attack,120.000000,160.000000,0.001944,100.000000,0.015309,18,18,9720,18,18,0.000000,23.646091,1000,229840,3,1.000000,1.000000,0,1587,0,6124,0
100001267,defense_only,220.000000,260.000000,0.001944,100.000000,0.005971,18,18,9720,18,18,0.000000,24.265021,1000,235856,3,1.000000,1.000000,0,1622,0,10058,0
100001267,attack_only,320.000000,360.000000,0.001944,100.000000,0.012812,18,18,9720,18,18,0.000000,23.461728,1000,228048,3,1.000000,1.000000,0,1568,0,13907,0
100001267,baseline,420.000000,460.000000,0.001944,100.000000,0.007066,18,18,9720,18,18,0.000000,24.119753,1000,234444,3,1.000000,1.000000,0,1608,0,17835,0
100001264,defense_vs_attack,120.000000,160.000000,0.000540,27.777778,0.042874,18,5,2700,5,18,72.222222,104.706667,1000,282708,4,1.000000,1.000000,0,1719,0,6505,0
100001264,baseline,220.000000,260.000000,0.001944,100.000000,0.018550,18,18,9720,18,18,0.000000,28.298765,1000,275064,4,1.000000,1.000000,0,1736,0,10678,0
100001264,attack_only,320.000000,360.000000,0.000000,0.000000,0.000000,18,0,0,0,18,100.000000,0.000000,1000,281724,4,1.000000,1.000000,0,1715,0,14851,0
100001264,defense_only,420.000000,460.000000,0.001944,100.000000,0.010536,18,18,9720,18,18,0.000000,28.618107,1000,278168,4,1.000000,1.000000,0,1712,0,19023,0
100001269,defense_only,120.000000,160.000000,0.001944,100.000000,0.015897,18,18,9720,18,18,0.000000,25.625514,1000,249080,3,1.000000,1.000000,0,1636,0,6282,0
100001269,attack_only,220.000000,260.000000,0.001944,100.000000,0.005998,18,18,9720,18,18,0.000000,26.258436,1000,255232,3,1.000000,1.000000,0,1668,0,10323,0
100001269,defense_vs_attack,320.000000,360.000000,0.001944,100.000000,0.012965,18,18,9720,18,18,0.000000,26.188889,1000,254556,3,1.000000,1.000000,0,1661,0,14378,0
100001269,baseline,420.000000,460.000000,0.001944,100.000000,0.007066,18,18,9720,18,18,0.000000,25.801646,1000,250792,3,1.000000,1.000000,0,1641,0,18427,0
100001270,attack_only,120.000000,160.000000,0.000000,0.000000,0.000000,18,0,0,0,18,100.000000,0.000000,1000,242644,3,1.000000,1.000000,0,1501,0,5854,0
100001270,defense_only,220.000000,260.000000,0.001944,100.000000,0.015327,18,18,9720,18,18,0.000000,24.277778,1000,235980,3,1.000000,1.000000,0,1599,0,9717,0
100001270,defense_vs_attack,320.000000,360.000000,0.000972,50.000000,0.006544,18,9,4860,9,18,50.000000,50.741564,1000,246604,3,1.000000,1.000000,0,1572,0,13611,0
100001270,baseline,420.000000,460.000000,0.001944,100.000000,0.009526,18,18,9720,18,18,0.000000,24.035391,1000,233624,3,1.000000,1.000000,0,1555,0,17450,0
100001268,attack_only,120.000000,160.000000,0.001944,100.000000,0.025889,18,18,9720,18,18,0.000000,23.634979,1000,229732,5,1.000000,1.000000,0,1580,0,5957,0
100001268,defense_only,220.000000,260.000000,0.001944,100.000000,0.010171,18,18,9720,18,18,0.000000,23.593827,1000,229332,5,1.000000,1.000000,0,1569,0,9758,0
100001268,defense_vs_attack,320.000000,360.000000,0.001944,100.000000,0.022068,18,18,9720,18,18,0.000000,24.039918,1000,233668,5,1.000000,1.000000,0,1594,0,13570,0
100001268,baseline,420.000000,460.000000,0.001944,100.000000,0.012691,18,18,9720,18,18,0.000000,23.571193,1000,229112,5,1.000000,1.000000,0,1579,0,17372,0
100001273,defense_only,120.000000,160.000000,0.001944,100.000000,0.092662,18,18,9720,18,18,0.000000,29.371193,1000,285488,7,1.000000,1.000000,0,1802,0,6635,0
100001273,attack_only,220.000000,260.000000,0.000000,0.000000,0.000000,18,0,0,0,18,100.000000,0.000000,1000,295480,7,1.000000,1.000000,0,1741,0,10920,0
100001273,defense_vs_attack,320.000000,360.000000,0.000972,50.000000,0.035438,18,9,4860,9,18,50.000000,61.019753,1000,296556,7,1.000000,1.000000,0,1825,0,15256,0
100001273,baseline,420.000000,460.000000,0.001944,100.000000,0.020581,18,18,9720,18,18,0.000000,29.481070,1000,286556,7,1.000000,1.000000,0,1762,0,19539,0
100001278,baseline,120.000000,160.000000,0.001944,100.000000,0.031655,18,18,9720,18,18,0.000000,27.997531,1000,272136,6,1.000000,1.000000,0,1753,0,6481,0
100001278,defense_only,220.000000,260.000000,0.001944,100.000000,0.012063,18,18,9720,18,18,0.000000,28.181481,1000,273924,6,1.000000,1.000000,0,1723,0,10650,0
100001278,defense_vs_attack,320.000000,360.000000,0.001944,100.000000,0.025884,18,18,9720,18,18,0.000000,28.693827,1000,278904,6,1.000000,1.000000,0,1736,0,14811,0
100001278,attack_only,420.000000,460.000000,0.001944,100.000000,0.015153,18,18,9720,18,18,0.000000,28.581481,1000,277812,6,1.000000,1.000000,0,1734,0,18958,0
100001280,defense_vs_attack,120.000000,160.000000,0.000972,50.000000,0.025341,18,9,4860,9,18,50.000000,46.357202,1000,225296,5,1.000000,1.000000,0,1618,0,6074,0
100001280,baseline,220.000000,260.000000,0.001944,100.000000,0.016185,18,18,9720,18,18,0.000000,23.409465,1000,227540,5,1.000000,1.000000,0,1607,0,9987,0
100001280,attack_only,320.000000,360.000000,0.000000,0.000000,0.000000,18,0,0,0,18,100.000000,0.000000,1000,229752,5,1.000000,1.000000,0,1582,0,13854,0
100001280,defense_only,420.000000,460.000000,0.001944,100.000000,0.014947,18,18,9720,18,18,0.000000,23.835391,1000,231680,5,1.000000,1.000000,0,1586,0,17721,0
100001282,baseline,120.000000,160.000000,0.001944,100.000000,0.015203,18,18,9720,18,18,0.000000,26.833333,1000,260820,3,1.000000,1.000000,0,1660,0,6303,0
100001282,attack_only,220.000000,260.000000,0.001944,100.000000,0.005789,18,18,9720,18,18,0.000000,25.457613,1000,247448,3,1.000000,1.000000,0,1602,0,10254,0
100001282,defense_vs_attack,320.000000,360.000000,0.001944,100.000000,0.012811,18,18,9720,18,18,0.000000,25.562963,1000,248472,3,1.000000,1.000000,0,1626,0,14213,0
100001282,defense_only,420.000000,460.000000,0.001944,100.000000,0.007065,18,18,9720,18,18,0.000000,26.706996,1000,259592,3,1.000000,1.000000,0,1670,0,18234,0
100001279,defense_vs_attack,120.000000,160.000000,0.001944,100.000000,0.020633,18,18,9720,18,18,0.000000,28.480247,1000,276828,4,1.000000,1.000000,0,1757,0,6530,0
100001279,defense_only,220.000000,260.000000,0.001944,100.000000,0.008247,18,18,9720,18,18,0.000000,28.642798,1000,278408,4,1.000000,1.000000,0,1761,0,10800,0
100001279,baseline,320.000000,360.000000,0.001944,100.000000,0.017365,18,18,9720,18,18,0.000000,28.515226,1000,277168,4,1.000000,1.000000,0,1744,0,15064,0
100001279,attack_only,420.000000,460.000000,0.001944,100.000000,0.009653,18,18,9720,18,18,0.000000,28.525103,1000,277264,4,1.000000,1.000000,0,1742,0,19315,0
100001283,attack_only,120.000000,160.000000,0.000000,0.000000,0.000000,18,0,0,0,18,100.000000,0.000000,1000,394700,5,1.000000,1.000000,0,1935,0,7435,0
100001283,defense_only,220.000000,260.000000,0.001944,100.000000,0.018125,18,18,9720,18,18,0.000000,38.746502,1000,376616,4,1.000000,1.000000,0,1915,0,12158,0
100001283,baseline,320.000000,360.000000,0.001944,100.000000,0.010526,18,18,9720,18,18,0.000000,39.048971,1000,379556,4,1.000000,1.000000,0,1966,0,16924,0
100001283,defense_vs_attack,420.000000,460.000000,0.001512,77.777778,0.015823,18,14,7560,14,18,22.222222,51.710582,1000,390932,5,1.000000,1.000000,0,1965,0,21782,0
100001287,baseline,120.000000,160.000000,0.001944,100.000000,0.036437,18,18,9720,18,18,0.000000,25.968313,1000,252412,7,1.000000,1.000000,0,1735,0,6436,0
100001287,defense_only,220.000000,260.000000,0.001944,100.000000,0.014049,18,18,9720,18,18,0.000000,26.436214,1000,256960,7,1.000000,1.000000,0,1774,0,10603,0
100001287,defense_vs_attack,320.000000,360.000000,0.000972,50.000000,0.042153,18,9,4860,9,18,50.000000,51.803292,1000,251764,7,1.000000,1.000000,0,1793,0,14792,0
100001287,attack_only,420.000000,460.000000,0.000000,0.000000,0.000000,18,0,0,0,18,100.000000,0.000000,1000,248412,7,1.000000,1.000000,0,1636,0,18818,0
100001291,baseline,120.000000,160.000000,0.001944,100.000000,0.015583,18,18,9720,18,18,0.000000,26.881893,1000,261292,3,1.000000,1.000000,0,1621,0,6173,0
100001291,defense_only,220.000000,260.000000,0.001944,100.000000,0.006257,18,18,9720,18,18,0.000000,26.911111,1000,261576,3,1.000000,1.000000,0,1623,0,10171,0
100001291,attack_only,320.000000,360.000000,0.001944,100.000000,0.012534,18,18,9720,18,18,0.000000,25.865844,1000,251416,3,1.000000,1.000000,0,1585,0,14026,0
100001291,defense_vs_attack,420.000000,460.000000,0.001944,100.000000,0.007740,18,18,9720,18,18,0.000000,25.962140,1000,252352,3,1.000000,1.000000,0,1603,0,17923,0
100001293,baseline,120.000000,160.000000,0.001944,100.000000,0.020298,18,18,9720,18,18,0.000000,26.463374,1000,257224,4,1.000000,1.000000,0,1646,0,6183,0
100001293,defense_only,220.000000,260.000000,0.001944,100.000000,0.007794,18,18,9720,18,18,0.000000,26.289712,1000,255536,4,1.000000,1.000000,0,1608,0,10129,0
100001293,attack_only,320.000000,360.000000,0.001944,100.000000,0.017176,18,18,9720,18,18,0.000000,26.696296,1000,259488,4,1.000000,1.000000,0,1623,0,14081,0
100001293,defense_vs_attack,420.000000,460.000000,0.001944,100.000000,0.009656,18,18,9720,18,18,0.000000,26.906584,1000,261532,4,1.000000,1.000000,0,1656,0,18110,0
100001290,defense_vs_attack,120.000000,160.000000,0.000864,44.444444,0.031421,18,8,4320,8,18,55.555556,75.013889,1000,324060,7,1.000000,1.000000,0,1929,0,7210,0
100001290,attack_only,220.000000,260.000000,0.000000,0.000000,0.000000,18,0,0,0,18,100.000000,0.000000,1000,321300,7,1.000000,1.000000,0,1942,0,11877,0
100001290,defense_only,320.000000,360.000000,0.001944,100.000000,0.015037,18,18,9720,18,18,0.000000,33.917284,1000,329676,6,1.000000,1.000000,0,1993,0,16613,0
100001290,baseline,420.000000,460.000000,0.001944,100.000000,0.020455,18,18,9720,18,18,0.000000,33.613169,1000,326720,6,1.000000,1.000000,0,1934,0,21288,0
100001292,defense_vs_attack,120.000000,160.000000,0.001512,77.777778,0.023460,18,14,7560,14,18,22.222222,43.724868,1000,330560,4,1.000000,1.000000,0,1808,0,6776,0
100001292,defense_only,220.000000,260.000000,0.001944,100.000000,0.017202,18,18,9720,18,18,0.000000,33.946091,1000,329956,4,1.000000,1.000000,0,1778,0,11169,0
100001292,attack_only,320.000000,360.000000,0.000000,0.000000,0.000000,18,0,0,0,18,100.000000,0.000000,1000,333576,4,1.000000,1.000000,0,1723,0,15503,0
100001292,baseline,420.000000,460.000000,0.001944,100.000000,0.012657,18,18,9720,18,18,0.000000,34.083128,1000,331288,4,1.000000,1.000000,0,1789,0,19880,0
100001294,defense_vs_attack,120.000000,160.000000,0.001944,100.000000,0.031067,18,18,9720,18,18,0.000000,32.181481,1000,312804,6,1.000000,1.000000,0,1894,0,6908,0
100001294,defense_only,220.000000,260.000000,0.001944,100.000000,0.011898,18,18,9720,18,18,0.000000,30.200412,1000,293548,6,1.000000,1.000000,0,1867,0,11355,0
100001294,attack_only,320.000000,360.000000,0.001944,100.000000,0.026227,18,18,9720,18,18,0.000000,32.368724,1000,314624,6,1.000000,1.000000,0,1895,0,15874,0
100001294,baseline,420.000000,460.000000,0.001944,100.000000,0.014573,18,18,9720,18,18,0.000000,30.281481,1000,294336,6,1.000000,1.000000,0,1808,0,20290,0
100001296,defense_vs_attack,120.000000,160.000000,0.001944,100.000000,0.031609,18,18,9720,18,18,0.000000,25.420988,1000,247092,6,1.000000,1.000000,0,1657,0,6180,0
100001296,defense_only,220.000000,260.000000,0.001944,100.000000,0.012223,18,18,9720,18,18,0.000000,25.748560,1000,250276,6,1.000000,1.000000,0,1665,0,10232,0
100001296,baseline,320.000000,360.000000,0.001944,100.000000,0.025378,18,18,9720,18,18,0.000000,25.776132,1000,250544,6,1.000000,1.000000,0,1654,0,14202,0
100001296,attack_only,420.000000,460.000000,0.001944,100.000000,0.015636,18,18,9720,18,18,0.000000,25.718107,1000,249980,6,1.000000,1.000000,0,1700,0,18198,0
100001298,baseline,120.000000,160.000000,0.001944,100.000000,0.025967,18,18,9720,18,18,0.000000,29.183951,1000,283668,5,1.000000,1.000000,0,1781,0,6640,0
100001298,defense_vs_attack,220.000000,260.000000,0.001188,61.111111,0.017561,18,11,5940,11,18,38.888889,49.662626,1000,294996,5,1.000000,1.000000,0,1756,0,10856,0
100001298,defense_only,320.000000,360.000000,0.001944,100.000000,0.016490,18,18,9720,18,18,0.000000,29.396296,1000,285732,5,1.000000,1.000000,0,1724,0,15087,0
100001298,attack_only,420.000000,460.000000,0.000000,0.000000,0.000000,18,0,0,0,18,100.000000,0.000000,1000,291800,5,1.000000,1.000000,0,1726,0,19288,0
100001301,defense_only,120.000000,160.000000,0.001944,100.000000,0.037382,18,18,9720,18,18,0.000000,26.353909,1000,256160,7,1.000000,1.000000,0,1757,0,6666,0
100001301,baseline,220.000000,260.000000,0.001944,100.000000,0.013878,18,18,9720,18,18,0.000000,25.864198,1000,251400,7,1.000000,1.000000,0,1768,0,10938,0
100001301,attack_only,320.000000,360.000000,0.000000,0.000000,0.000000,18,0,0,0,18,100.000000,0.000000,1000,264800,7,1.000000,1.000000,0,1789,0,15308,0
100001301,defense_vs_attack,420.000000,460.000000,0.000972,50.000000,0.025343,18,9,4860,9,18,50.000000,54.590947,1000,265312,7,1.000000,1.000000,0,1835,0,19730,0
100001300,attack_only,120.000000,160.000000,0.000000,0.000000,0.000000,18,0,0,0,18,100.000000,0.000000,1000,278304,8,1.000000,1.000000,0,1755,0,6640,0
100001300,defense_vs_attack,220.000000,260.000000,0.000000,0.000000,0.000000,18,0,0,0,18,100.000000,0.000000,1000,265376,8,1.000000,1.000000,0,1734,0,10922,0
100001300,defense_only,320.000000,360.000000,0.001944,100.000000,0.034061,18,18,9720,18,18,0.000000,29.087243,1000,282728,8,1.000000,1.000000,0,1863,0,15268,0
100001300,baseline,420.000000,460.000000,0.001944,100.000000,0.021870,18,18,9720,18,18,0.000000,28.405761,1000,276104,8,1.000000,1.000000,0,1807,0,19590,0
100001302,defense_vs_attack,120.000000,160.000000,0.001080,55.555556,0.037038,18,10,5400,10,18,44.444444,51.597037,1000,278624,6,1.000000,1.000000,0,1805,0,6846,0
100001302,defense_only,220.000000,260.000000,0.001944,100.000000,0.016354,18,18,9720,18,18,0.000000,29.425926,1000,286020,6,1.000000,1.000000,0,1816,0,11320,0
100001302,baseline,320.000000,360.000000,0.001944,100.000000,0.019273,18,18,9720,18,18,0.000000,29.530041,1000,287032,6,1.000000,1.000000,0,1828,0,15856,0
100001302,attack_only,420.000000,460.000000,0.000000,0.000000,0.000000,18,0,0,0,18,100.000000,0.000000,1000,286400,6,1.000000,1.000000,0,1815,0,20301,0
100001303,baseline,120.000000,160.000000,0.001944,100.000000,0.031348,18,18,9720,18,18,0.000000,29.973663,1000,291344,6,1.000000,1.000000,0,1797,0,6566,0
100001303,defense_vs_attack,220.000000,260.000000,0.001944,100.000000,0.012101,18,18,9720,18,18,0.000000,31.148560,1000,302764,6,1.000000,1.000000,0,1792,0,10871,0
100001303,attack_only,320.000000,360.000000,0.001944,100.000000,0.027284,18,18,9720,18,18,0.000000,31.085597,1000,302152,6,1.000000,1.000000,0,1780,0,15162,0
100001303,defense_only,420.000000,460.000000,0.001944,100.000000,0.015843,18,18,9720,18,18,0.000000,29.809053,1000,289744,6,1.000000,1.000000,0,1757,0,19419,0
100001304,defense_vs_attack,120.000000,160.000000,0.001944,100.000000,0.030881,18,18,9720,18,18,0.000000,25.842387,1000,251188,6,1.000000,1.000000,0,1681,0,6235,0
100001304,defense_only,220.000000,260.000000,0.001944,100.000000,0.012292,18,18,9720,18,18,0.000000,24.921811,1000,242240,6,1.000000,1.000000,0,1671,0,10271,0
100001304,attack_only,320.000000,360.000000,0.001944,100.000000,0.023521,18,18,9720,18,18,0.000000,25.523457,1000,248088,6,1.000000,1.000000,0,1660,0,14292,0
100001304,baseline,420.000000,460.000000,0.001944,100.000000,0.014926,18,18,9720,18,18,0.000000,25.151029,1000,244468,6,1.000000,1.000000,0,1696,0,18380,0
100001306,defense_vs_attack,120.000000,160.000000,0.001944,100.000000,0.030887,18,18,9720,18,18,0.000000,28.668724,1000,278660,6,1.000000,1.000000,0,1713,0,6324,0
100001306,defense_only,220.000000,260.000000,0.001944,100.000000,0.011802,18,18,9720,18,18,0.000000,28.231276,1000,274408,6,1.000000,1.000000,0,1733,0,10467,0
100001306,baseline,320.000000,360.000000,0.001944,100.000000,0.027098,18,18,9720,18,18,0.000000,28.046091,1000,272608,6,1.000000,1.000000,0,1699,0,14547,0
100001306,attack_only,420.000000,460.000000,0.001944,100.000000,0.014918,18,18,9720,18,18,0.000000,29.101646,1000,282868,6,1.000000,1.000000,0,1769,0,18714,0
100001307,attack_only,120.000000,160.000000,0.000000,0.000000,0.000000,18,0,0,0,18,100.000000,0.000000,1000,250124,10,1.000000,1.000000,0,1694,0,6563,0
100001307,defense_only,220.000000,260.000000,0.001620,83.333333,0.051571,18,15,8100,15,18,16.666667,31.581728,1000,255812,10,1.000000,1.000000,0,2021,0,11092,0
100001307,baseline,320.000000,360.000000,0.001944,100.000000,0.025397,18,18,9720,18,18,0.000000,26.688066,1000,259408,10,1.000000,1.000000,0,1860,0,15503,0
100001307,defense_vs_attack,420.000000,460.000000,0.000972,50.000000,0.026866,18,9,4860,9,18,50.000000,51.916049,1000,252312,10,1.000000,1.000000,0,1811,0,19830,0
100001308,baseline,120.000000,160.000000,0.001944,100.000000,0.015422,18,18,9720,18,18,0.000000,24.710288,1000,240184,3,1.000000,1.000000,0,1674,0,6393,0
100001308,defense_only,220.000000,260.000000,0.001944,100.000000,0.006123,18,18,9720,18,18,0.000000,24.964609,1000,242656,3,1.000000,1.000000,0,1690,0,10543,0
100001308,attack_only,320.000000,360.000000,0.001944,100.000000,0.010698,18,18,9720,18,18,0.000000,25.096296,1000,243936,3,1.000000,1.000000,0,1687,0,14640,0
100001308,defense_vs_attack,420.000000,460.000000,0.001944,100.000000,0.006867,18,18,9720,18,18,0.000000,25.083539,1000,243812,3,1.000000,1.000000,0,1684,0,18760,0
100001316,defense_only,120.000000,160.000000,0.001944,100.000000,0.015779,18,18,9720,18,18,0.000000,31.327160,1000,304500,3,1.000000,1.000000,0,1797,0,6795,0
100001316,baseline,220.000000,260.000000,0.001944,100.000000,0.006218,18,18,9720,18,18,0.000000,31.242798,1000,303680,3,1.000000,1.000000,0,1795,0,11138,0
100001316,attack_only,320.000000,360.000000,0.001944,100.000000,0.012538,18,18,9720,18,18,0.000000,30.987243,1000,301196,3,1.000000,1.000000,0,1769,0,15466,0
100001316,defense_vs_attack,420.000000,460.000000,0.001944,100.000000,0.007502,18,18,9720,18,18,0.000000,31.336626,1000,304592,3,1.000000,1.000000,0,1774,0,19840,0
100001322,baseline,120.000000,160.000000,0.001944,100.000000,0.040956,18,18,9720,18,18,0.000000,22.855967,1000,222160,7,1.000000,1.000000,0,1628,0,5942,0
100001322,defense_vs_attack,220.000000,260.000000,0.000972,50.000000,0.027195,18,9,4860,9,18,50.000000,44.430453,1000,215932,7,1.000000,1.000000,0,1573,0,9726,0
100001322,defense_only,320.000000,360.000000,0.001944,100.000000,0.019174,18,18,9720,18,18,0.000000,23.220988,1000,225708,7,1.000000,1.000000,0,1614,0,13559,0
100001322,attack_only,420.000000,460.000000,0.000000,0.000000,0.000000,18,0,0,0,18,100.000000,0.000000,1000,221120,7,1.000000,1.000000,0,1532,0,17300,0
100001325,defense_vs_attack,120.000000,160.000000,0.001944,100.000000,0.015482,18,18,9720,18,18,0.000000,26.148971,1000,254168,3,1.000000,1.000000,0,1667,0,6379,0
100001325,attack_only,220.000000,260.000000,0.001944,100.000000,0.005914,18,18,9720,18,18,0.000000,26.178601,1000,254456,3,1.000000,1.000000,0,1663,0,10456,0
100001325,baseline,320.000000,360.000000,0.001944,100.000000,0.013010,18,18,9720,18,18,0.000000,27.581070,1000,268088,3,1.000000,1.000000,0,1727,0,14672,0
100001325,defense_only,420.000000,460.000000,0.001944,100.000000,0.007119,18,18,9720,18,18,0.000000,27.604115,1000,268312,3,1.000000,1.000000,0,1716,0,18856,0
100001324,defense_only,120.000000,160.000000,0.001944,100.000000,0.025874,18,18,9720,18,18,0.000000,36.034979,1000,350260,5,1.000000,1.000000,0,1951,0,7295,0
100001324,attack_only,220.000000,260.000000,0.001944,100.000000,0.028334,18,18,9720,18,18,0.000000,35.565021,1000,345692,6,1.000000,1.000000,0,1940,0,12042,0
100001324,defense_vs_attack,320.000000,360.000000,0.001944,100.000000,0.014454,18,18,9720,18,18,0.000000,35.808230,1000,348056,6,1.000000,1.000000,0,1921,0,16741,0
100001324,baseline,420.000000,460.000000,0.001944,100.000000,0.010704,18,18,9720,18,18,0.000000,35.941152,1000,349348,5,1.000000,1.000000,0,1904,0,21430,0
100001321,baseline,120.000000,160.000000,0.001944,100.000000,0.015231,18,18,9720,18,18,0.000000,32.303704,1000,313992,3,1.000000,1.000000,0,1742,0,6601,0
100001321,attack_only,220.000000,260.000000,0.001944,100.000000,0.005789,18,18,9720,18,18,0.000000,32.186008,1000,312848,3,1.000000,1.000000,0,1697,0,10733,0
100001321,defense_vs_attack,320.000000,360.000000,0.001944,100.000000,0.012812,18,18,9720,18,18,0.000000,32.345267,1000,314396,3,1.000000,1.000000,0,1690,0,14878,0
100001321,defense_only,420.000000,460.000000,0.001944,100.000000,0.007306,18,18,9720,18,18,0.000000,32.248971,1000,313460,3,1.000000,1.000000,0,1757,0,19123,0
100001330,attack_only,120.000000,160.000000,0.001944,100.000000,0.015474,18,18,9720,18,18,0.000000,28.635391,1000,278336,3,1.000000,1.000000,0,1696,0,6462,0
100001330,defense_only,220.000000,260.000000,0.001944,100.000000,0.005863,18,18,9720,18,18,0.000000,30.388066,1000,295372,3,1.000000,1.000000,0,1716,0,10675,0
100001330,defense_vs_attack,320.000000,360.000000,0.001944,100.000000,0.013065,18,18,9720,18,18,0.000000,28.823457,1000,280164,3,1.000000,1.000000,0,1682,0,14812,0
100001330,baseline,420.000000,460.000000,0.001944,100.000000,0.007243,18,18,9720,18,18,0.000000,30.338683,1000,294892,3,1.000000,1.000000,0,1720,0,18982,0
100001331,defense_vs_attack,120.000000,160.000000,0.001944,100.000000,0.015390,18,18,9720,18,18,0.000000,30.690535,1000,298312,3,1.000000,1.000000,0,1726,0,6572,0
100001331,attack_only,220.000000,260.000000,0.001944,100.000000,0.006217,18,18,9720,18,18,0.000000,30.327572,1000,294784,3,1.000000,1.000000,0,1742,0,10820,0
100001331,defense_only,320.000000,360.000000,0.001944,100.000000,0.012786,18,18,9720,18,18,0.000000,29.647737,1000,288176,3,1.000000,1.000000,0,1718,0,14994,0
100001331,baseline,420.000000,460.000000,0.001944,100.000000,0.008029,18,18,9720,18,18,0.000000,29.556379,1000,287288,3,1.000000,1.000000,0,1670,0,19128,0
100001332,attack_only,120.000000,160.000000,0.001944,100.000000,0.021948,18,18,9720,18,18,0.000000,25.316049,1000,246072,4,1.000000,1.000000,0,1657,0,6258,0
100001332,baseline,220.000000,260.000000,0.001944,100.000000,0.008311,18,18,9720,18,18,0.000000,24.958436,1000,242596,4,1.000000,1.000000,0,1667,0,10299,0
100001332,defense_only,320.000000,360.000000,0.001944,100.000000,0.016746,18,18,9720,18,18,0.000000,24.917284,1000,242196,4,1.000000,1.000000,0,1643,0,14317,0
100001332,defense_vs_attack,420.000000,460.000000,0.001944,100.000000,0.010097,18,18,9720,18,18,0.000000,25.312346,1000,246036,4,1.000000,1.000000,0,1666,0,18388,0
100001336,defense_only,120.000000,160.000000,0.001944,100.000000,0.015214,18,18,9720,18,18,0.000000,27.038683,1000,262816,3,1.000000,1.000000,0,1691,0,6453,0
100001336,baseline,220.000000,260.000000,0.001944,100.000000,0.005947,18,18,9720,18,18,0.000000,26.894239,1000,261412,3,1.000000,1.000000,0,1709,0,10676,0
100001336,defense_vs_attack,320.000000,360.000000,0.001944,100.000000,0.012912,18,18,9720,18,18,0.000000,28.345267,1000,275516,3,1.000000,1.000000,0,1735,0,14929,0
100001336,attack_only,420.000000,460.000000,0.001944,100.000000,0.007065,18,18,9720,18,18,0.000000,28.039918,1000,272548,3,1.000000,1.000000,0,1738,0,19222,0
100001339,defense_only,120.000000,160.000000,0.001944,100.000000,0.020798,18,18,9720,18,18,0.000000,26.742387,1000,259936,4,1.000000,1.000000,0,1684,0,6240,0
100001339,defense_vs_attack,220.000000,260.000000,0.001944,100.000000,0.008818,18,18,9720,18,18,0.000000,28.362551,1000,275684,4,1.000000,1.000000,0,1690,0,10315,0
100001339,baseline,320.000000,360.000000,0.001944,100.000000,0.016854,18,18,9720,18,18,0.000000,26.402058,1000,256628,4,1.000000,1.000000,0,1643,0,14336,0
100001339,attack_only,420.000000,460.000000,0.001944,100.000000,0.011007,18,18,9720,18,18,0.000000,27.941975,1000,271596,4,1.000000,1.000000,0,1676,0,18423,0
100001340,attack_only,120.000000,160.000000,0.001944,100.000000,0.020794,18,18,9720,18,18,0.000000,31.521811,1000,306392,4,1.000000,1.000000,0,1771,0,6645,0
100001340,defense_vs_attack,220.000000,260.000000,0.001944,100.000000,0.008914,18,18,9720,18,18,0.000000,31.348560,1000,304708,4,1.000000,1.000000,0,1758,0,10909,0
100001340,baseline,320.000000,360.000000,0.001944,100.000000,0.017046,18,18,9720,18,18,0.000000,29.687243,1000,288560,4,1.000000,1.000000,0,1744,0,15184,0
100001340,defense_only,420.000000,460.000000,0.001944,100.000000,0.009881,18,18,9720,18,18,0.000000,29.600823,1000,287720,4,1.000000,1.000000,0,1706,0,19368,0
100001347,defense_only,120.000000,160.000000,0.001944,100.000000,0.025018,18,18,9720,18,18,0.000000,22.846502,1000,222068,5,1.000000,1.000000,0,1620,0,5933,0
100001347,baseline,220.000000,260.000000,0.001944,100.000000,0.010290,18,18,9720,18,18,0.000000,22.542387,1000,219112,5,1.000000,1.000000,0,1570,0,9759,0
100001347,attack_only,320.000000,360.000000,0.000000,0.000000,0.000000,18,0,0,0,18,100.000000,0.000000,1000,219676,6,1.000000,1.000000,0,1555,0,13551,0
100001347,defense_vs_attack,420.000000,460.000000,0.001512,77.777778,0.014469,18,14,7560,14,18,22.222222,28.852910,1000,218128,6,1.000000,1.000000,0,1589,0,17410,0
100001346,attack_only,120.000000,160.000000,0.000000,0.000000,0.000000,18,0,0,0,18,100.000000,0.000000,1000,347596,7,1.000000,1.000000,0,1841,0,6921,0
100001346,baseline,220.000000,260.000000,0.001944,100.000000,0.025235,18,18,9720,18,18,0.000000,35.183951,1000,341988,6,1.000000,1.000000,0,1869,0,11491,0
100001346,defense_vs_attack,320.000000,360.000000,0.001512,77.777778,0.018727,18,14,7560,14,18,22.222222,46.191534,1000,349208,7,1.000000,1.000000,0,1858,0,15998,0
100001346,defense_only,420.000000,460.000000,0.001944,100.000000,0.020623,18,18,9720,18,18,0.000000,35.146502,1000,341624,6,1.000000,1.000000,0,1866,0,20496,0
100001349,defense_only,120.000000,160.000000,0.001944,100.000000,0.015612,18,18,9720,18,18,0.000000,28.862963,1000,280548,3,1.000000,1.000000,0,1687,0,6475,0
100001349,defense_vs_attack,220.000000,260.000000,0.001944,100.000000,0.005937,18,18,9720,18,18,0.000000,30.119753,1000,292764,3,1.000000,1.000000,0,1732,0,10731,0
100001349,attack_only,320.000000,360.000000,0.001944,100.000000,0.012812,18,18,9720,18,18,0.000000,30.279835,1000,294320,3,1.000000,1.000000,0,1728,0,14949,0
100001349,baseline,420.000000,460.000000,0.001944,100.000000,0.007066,18,18,9720,18,18,0.000000,28.893416,1000,280844,3,1.000000,1.000000,0,1649,0,19070,0
100001358,defense_vs_attack,120.000000,160.000000,0.001188,61.111111,0.018331,18,11,5940,11,18,38.888889,47.830976,1000,284116,3,1.000000,1.000000,0,1749,0,6593,0
100001358,defense_only,220.000000,260.000000,0.001944,100.000000,0.011332,18,18,9720,18,18,0.000000,28.869959,1000,280616,3,1.000000,1.000000,0,1692,0,10755,0
100001358,baseline,320.000000,360.000000,0.001944,100.000000,0.008292,18,18,9720,18,18,0.000000,28.685185,1000,278820,3,1.000000,1.000000,0,1689,0,14907,0
100001358,attack_only,420.000000,460.000000,0.000000,0.000000,0.000000,18,0,0,0,18,100.000000,0.000000,1000,284408,3,1.000000,1.000000,0,1699,0,19100,0
100001359,baseline,120.000000,160.000000,0.001944,100.000000,0.020589,18,18,9720,18,18,0.000000,32.547325,1000,316360,4,1.000000,1.000000,0,1772,0,6616,0
100001359,defense_vs_attack,220.000000,260.000000,0.001944,100.000000,0.008107,18,18,9720,18,18,0.000000,32.366255,1000,314600,4,1.000000,1.000000,0,1756,0,10947,0
100001359,attack_only,320.000000,360.000000,0.001944,100.000000,0.016812,18,18,9720,18,18,0.000000,31.938272,1000,310440,4,1.000000,1.000000,0,1742,0,15163,0
100001359,defense_only,420.000000,460.000000,0.001944,100.000000,0.072756,18,18,9720,18,18,0.000000,32.861317,1000,319412,4,1.000000,1.000000,0,1772,0,19477,0
100001363,defense_only,120.000000,160.000000,0.001944,100.000000,0.025662,18,18,9720,18,18,0.000000,25.823868,1000,251008,5,1.000000,1.000000,0,1710,0,6440,0
100001363,defense_vs_attack,220.000000,260.000000,0.001944,100.000000,0.009956,18,18,9720,18,18,0.000000,26.224280,1000,254900,5,1.000000,1.000000,0,1735,0,10629,0
100001363,baseline,320.000000,360.000000,0.001944,100.000000,0.021763,18,18,9720,18,18,0.000000,25.848560,1000,251248,5,1.000000,1.000000,0,1682,0,14764,0
100001363,attack_only,420.000000,460.000000,0.001944,100.000000,0.012942,18,18,9720,18,18,0.000000,26.554733,1000,258112,5,1.000000,1.000000,0,1718,0,18960,0
100001362,defense_vs_attack,120.000000,160.000000,0.000432,22.222222,0.048983,18,4,2160,4,18,77.777778,141.503704,1000,305648,7,1.000000,1.000000,0,1854,0,6787,0
100001362,attack_only,220.000000,260.000000,0.000000,0.000000,0.000000,18,0,0,0,18,100.000000,0.000000,1000,303904,7,1.000000,1.000000,0,1764,0,11156,0
100001362,baseline,320.000000,360.000000,0.001944,100.000000,0.031858,18,18,9720,18,18,0.000000,30.268313,1000,294208,7,1.000000,1.000000,0,1786,0,15457,0
100001362,defense_only,420.000000,460.000000,0.001944,100.000000,0.020478,18,18,9720,18,18,0.000000,30.270370,1000,294228,7,1.000000,1.000000,0,1842,0,19816,0
100001367,defense_vs_attack,120.000000,160.000000,0.001944,100.000000,0.031081,18,18,9720,18,18,0.000000,27.370782,1000,266044,6,1.000000,1.000000,0,1730,0,6243,0
100001367,attack_only,220.000000,260.000000,0.001944,100.000000,0.012191,18,18,9720,18,18,0.000000,27.161317,1000,264008,6,1.000000,1.000000,0,1682,0,10275,0
100001367,defense_only,320.000000,360.000000,0.001944,100.000000,0.025754,18,18,9720,18,18,0.000000,26.999177,1000,262432,6,1.000000,1.000000,0,1677,0,14303,0
100001367,baseline,420.000000,460.000000,0.001944,100.000000,0.015181,18,18,9720,18,18,0.000000,27.314815,1000,265500,6,1.000000,1.000000,0,1691,0,18319,0
100001376,defense_only,120.000000,160.000000,0.001944,100.000000,0.031716,18,18,9720,18,18,0.000000,26.309465,1000,255728,6,1.000000,1.000000,0,1711,0,6454,0
100001376,baseline,220.000000,260.000000,0.001944,100.000000,0.012286,18,18,9720,18,18,0.000000,26.483951,1000,257424,6,1.000000,1.000000,0,1737,0,10624,0
100001376,attack_only,320.000000,360.000000,0.001944,100.000000,0.025780,18,18,9720,18,18,0.000000,27.167078,1000,264064,6,1.000000,1.000000,0,1730,0,14843,0
100001376,defense_vs_attack,420.000000,460.000000,0.001944,100.000000,0.014851,18,18,9720,18,18,0.000000,26.759259,1000,260100,6,1.000000,1.000000,0,1728,0,19029,0
100001375,attack_only,120.000000,160.000000,0.000000,0.000000,0.000000,18,0,0,0,18,100.000000,0.000000,1000,333456,3,1.000000,1.000000,0,1866,0,7058,0
100001375,baseline,220.000000,260.000000,0.001944,100.000000,0.009228,18,18,9720,18,18,0.000000,34.672016,1000,337012,3,1.000000,1.000000,0,1863,0,11646,0
100001375,defense_vs_attack,320.000000,360.000000,0.000972,50.000000,0.030661,18,9,4860,9,18,50.000000,69.135802,1000,336000,3,1.000000,1.000000,0,1921,0,16312,0
100001375,defense_only,420.000000,460.000000,0.001944,100.000000,0.009006,18,18,9720,18,18,0.000000,34.381070,1000,334184,3,1.000000,1.000000,0,1861,0,20877,0
100001380,defense_vs_attack,120.000000,160.000000,0.001944,100.000000,0.021316,18,18,9720,18,18,0.000000,27.388066,1000,266212,4,1.000000,1.000000,0,1647,0,6158,0
100001380,attack_only,220.000000,260.000000,0.001944,100.000000,0.007836,18,18,9720,18,18,0.000000,27.232510,1000,264700,4,1.000000,1.000000,0,1615,0,10130,0
100001380,defense_only,320.000000,360.000000,0.001944,100.000000,0.017369,18,18,9720,18,18,0.000000,27.365021,1000,265988,4,1.000000,1.000000,0,1635,0,14109,0
100001380,baseline,420.000000,460.000000,0.001944,100.000000,0.010343,18,18,9720,18,18,0.000000,26.968724,1000,262136,4,1.000000,1.000000,0,1599,0,18023,0
100001382,baseline,120.000000,160.000000,0.001944,100.000000,0.020546,18,18,9720,18,18,0.000000,24.278601,1000,235988,4,1.000000,1.000000,0,1704,0,6391,0
100001382,defense_vs_attack,220.000000,260.000000,0.001512,77.777778,0.008308,18,14,7560,14,18,22.222222,33.003175,1000,249504,5,1.000000,1.000000,0,1706,0,10557,0
100001382,attack_only,320.000000,360.000000,0.000000,0.000000,0.000000,18,0,0,0,18,100.000000,0.000000,1000,237124,5,1.000000,1.000000,0,1630,0,14617,0
100001382,defense_only,420.000000,460.000000,0.001944,100.000000,0.015682,18,18,9720,18,18,0.000000,24.367078,1000,236848,4,1.000000,1.000000,0,1688,0,18738,0
100001388,baseline,120.000000,160.000000,0.001944,100.000000,0.030982,18,18,9720,18,18,0.000000,25.124691,1000,244212,6,1.000000,1.000000,0,1651,0,6080,0
100001388,defense_only,220.000000,260.000000,0.001944,100.000000,0.011896,18,18,9720,18,18,0.000000,25.194650,1000,244892,6,1.000000,1.000000,0,1641,0,9958,0
100001388,attack_only,320.000000,360.000000,0.000000,0.000000,0.000000,18,0,0,0,18,100.000000,0.000000,1000,243744,6,1.000000,1.000000,0,1613,0,13891,0
100001388,defense_vs_attack,420.000000,460.000000,0.000432,30.769231,0.025467,13,4,2160,4,18,77.777778,106.800000,1000,230688,6,1.000000,1.000000,0,1580,0,17756,0
100001386,defense_only,120.000000,160.000000,0.001944,100.000000,0.016298,18,18,9720,18,18,0.000000,32.073663,1000,311756,3,1.000000,1.000000,0,1738,0,6513,0
100001386,attack_only,220.000000,260.000000,0.001944,100.000000,0.005790,18,18,9720,18,18,0.000000,32.595062,1000,316824,3,1.000000,1.000000,0,1743,0,10716,0
100001386,baseline,320.000000,360.000000,0.001944,100.000000,0.013108,18,18,9720,18,18,0.000000,32.158848,1000,312584,3,1.000000,1.000000,0,1726,0,14956,0
100001386,defense_vs_attack,420.000000,460.000000,0.001944,100.000000,0.007220,18,18,9720,18,18,0.000000,32.275309,1000,313716,3,1.000000,1.000000,0,1729,0,19165,0
100001389,defense_only,120.000000,160.000000,0.001944,100.000000,0.025794,18,18,9720,18,18,0.000000,30.739918,1000,298792,5,1.000000,1.000000,0,1720,0,6515,0
100001389,attack_only,220.000000,260.000000,0.001944,100.000000,0.009954,18,18,9720,18,18,0.000000,32.893004,1000,319720,5,1.000000,1.000000,0,1741,0,10794,0
100001389,baseline,320.000000,360.000000,0.001944,100.000000,0.022177,18,18,9720,18,18,0.000000,31.150206,1000,302780,5,1.000000,1.000000,0,1729,0,14954,0
100001389,defense_vs_attack,420.000000,460.000000,0.001944,100.000000,0.012738,18,18,9720,18,18,0.000000,32.931687,1000,320096,5,1.000000,1.000000,0,1768,0,19251,0
100001391,attack_only,120.000000,160.000000,0.001944,100.000000,0.070443,18,18,9720,18,18,0.000000,35.009465,1000,340292,3,1.000000,1.000000,0,1787,0,6810,0
100001391,baseline,220.000000,260.000000,0.001944,100.000000,0.005928,18,18,9720,18,18,0.000000,35.588477,1000,345920,3,1.000000,1.000000,0,1747,0,11103,0
100001391,defense_vs_attack,320.000000,360.000000,0.001944,100.000000,0.013226,18,18,9720,18,18,0.000000,34.951440,1000,339728,3,1.000000,1.000000,0,1776,0,15446,0
100001391,defense_only,420.000000,460.000000,0.001944,100.000000,0.007437,18,18,9720,18,18,0.000000,35.875309,1000,348708,3,1.000000,1.000000,0,1748,0,19740,0
100001392,defense_only,120.000000,160.000000,0.001944,100.000000,0.020314,18,18,9720,18,18,0.000000,28.627160,1000,278256,4,1.000000,1.000000,0,1676,0,6288,0
100001392,attack_only,220.000000,260.000000,0.001944,100.000000,0.011037,18,18,9720,18,18,0.000000,29.296296,1000,284760,4,1.000000,1.000000,0,1656,0,10322,0
100001392,defense_vs_attack,320.000000,360.000000,0.001944,100.000000,0.017660,18,18,9720,18,18,0.000000,29.583539,1000,287552,4,1.000000,1.000000,0,1696,0,14403,0
100001392,baseline,420.000000,460.000000,0.001944,100.000000,0.008348,18,18,9720,18,18,0.000000,28.802469,1000,279960,4,1.000000,1.000000,0,1631,0,18407,0
100001395,attack_only,120.000000,160.000000,0.001944,100.000000,0.015119,18,18,9720,18,18,0.000000,30.746914,1000,298860,3,1.000000,1.000000,0,1690,0,6403,0
100001395,defense_vs_attack,220.000000,260.000000,0.001944,100.000000,0.005900,18,18,9720,18,18,0.000000,30.793004,1000,299308,3,1.000000,1.000000,0,1696,0,10535,0
100001395,baseline,320.000000,360.000000,0.001944,100.000000,0.013098,18,18,9720,18,18,0.000000,30.033745,1000,291928,3,1.000000,1.000000,0,1709,0,14714,0
100001395,defense_only,420.000000,460.000000,0.001944,100.000000,0.007317,18,18,9720,18,18,0.000000,29.963786,1000,291248,3,1.000000,1.000000,0,1701,0,18868,0
100001400,attack_only,120.000000,160.000000,0.000000,0.000000,0.000000,18,0,0,0,18,100.000000,0.000000,1000,268396,3,1.000000,1.000000,0,1616,0,6283,0
100001400,defense_vs_attack,220.000000,260.000000,0.001512,77.777778,0.012690,18,14,7560,14,18,22.222222,35.950794,1000,271788,3,1.000000,1.000000,0,1659,0,10327,0
100001400,defense_only,320.000000,360.000000,0.001944,100.000000,0.011568,18,18,9720,18,18,0.000000,27.000000,1000,262440,3,1.000000,1.000000,0,1659,0,14397,0
100001400,baseline,420.000000,460.000000,0.001944,100.000000,0.009259,18,18,9720,18,18,0.000000,27.011934,1000,262556,3,1.000000,1.000000,0,1645,0,18427,0
100001401,baseline,120.000000,160.000000,0.001944,100.000000,0.031927,18,18,9720,18,18,0.000000,28.042387,1000,272572,6,1.000000,1.000000,0,1818,0,6621,0
100001401,attack_only,220.000000,260.000000,0.001944,100.000000,0.011874,18,18,9720,18,18,0.000000,27.201646,1000,264400,6,1.000000,1.000000,0,1764,0,10905,0
100001401,defense_vs_attack,320.000000,360.000000,0.001944,100.000000,0.025850,18,18,9720,18,18,0.000000,27.883539,1000,271028,6,1.000000,1.000000,0,1806,0,15230,0
100001401,defense_only,420.000000,460.000000,0.001944,100.000000,0.014917,18,18,9720,18,18,0.000000,28.088066,1000,273016,6,1.000000,1.000000,0,1796,0,19574,0
100001413,defense_vs_attack,120.000000,160.000000,0.001944,100.000000,0.020844,18,18,9720,18,18,0.000000,25.254321,1000,245472,4,1.000000,1.000000,0,1684,0,6435,0
100001413,baseline,220.000000,260.000000,0.001944,100.000000,0.008187,18,18,9720,18,18,0.000000,24.020165,1000,233476,4,1.000000,1.000000,0,1702,0,10541,0
100001413,defense_only,320.000000,360.000000,0.001944,100.000000,0.017274,18,18,9720,18,18,0.000000,24.239506,1000,235608,4,1.000000,1.000000,0,1690,0,14646,0
100001413,attack_only,420.000000,460.000000,0.001944,100.000000,0.009500,18,18,9720,18,18,0.000000,25.647737,1000,249296,4,1.000000,1.000000,0,1704,0,18849,0
100001412,defense_vs_attack,120.000000,160.000000,0.001944,100.000000,0.020644,18,18,9720,18,18,0.000000,27.383539,1000,266168,4,1.000000,1.000000,0,1656,0,6207,0
100001412,attack_only,220.000000,260.000000,0.001944,100.000000,0.007981,18,18,9720,18,18,0.000000,27.441975,1000,266736,4,1.000000,1.000000,0,1645,0,10183,0
100001412,defense_only,320.000000,360.000000,0.001944,100.000000,0.017736,18,18,9720,18,18,0.000000,28.472016,1000,276748,4,1.000000,1.000000,0,1677,0,14271,0
100001412,baseline,420.000000,460.000000,0.001944,100.000000,0.009791,18,18,9720,18,18,0.000000,28.685597,1000,278824,4,1.000000,1.000000,0,1637,0,18252,0
100001411,defense_only,120.000000,160.000000,0.001944,100.000000,0.036997,18,18,9720,18,18,0.000000,27.323457,1000,265584,7,1.000000,1.000000,0,1734,0,6326,0
100001411,attack_only,220.000000,260.000000,0.000000,0.000000,0.000000,18,0,0,0,18,100.000000,0.000000,1000,271052,7,1.000000,1.000000,0,1610,0,10247,0
100001411,defense_vs_attack,320.000000,360.000000,0.001512,77.777778,0.029747,18,14,7560,14,18,22.222222,35.575661,1000,268952,7,1.000000,1.000000,0,1670,0,14204,0
100001411,baseline,420.000000,460.000000,0.001944,100.000000,0.025604,18,18,9720,18,18,0.000000,26.959259,1000,262044,7,1.000000,1.000000,0,1647,0,18201,0
100001418,defense_only,120.000000,160.000000,0.001944,100.000000,0.030668,18,18,9720,18,18,0.000000,31.708230,1000,308204,6,1.000000,1.000000,0,1840,0,6818,0
100001418,attack_only,220.000000,260.000000,0.001944,100.000000,0.012792,18,18,9720,18,18,0.000000,31.921811,1000,310280,6,1.000000,1.000000,0,1820,0,11262,0
100001418,baseline,320.000000,360.000000,0.001944,100.000000,0.026397,18,18,9720,18,18,0.000000,31.684362,1000,307972,6,1.000000,1.000000,0,1839,0,15668,0
100001418,defense_vs_attack,420.000000,460.000000,0.001944,100.000000,0.014875,18,18,9720,18,18,0.000000,32.074074,1000,311760,6,1.000000,1.000000,0,1835,0,20092,0
100001428,baseline,120.000000,160.000000,0.001944,100.000000,0.025962,18,18,9720,18,18,0.000000,32.269136,1000,313656,5,1.000000,1.000000,0,1885,0,7022,0
100001428,defense_only,220.000000,260.000000,0.001944,100.000000,0.010078,18,18,9720,18,18,0.000000,31.680247,1000,307932,5,1.000000,1.000000,0,1826,0,11560,0
100001428,defense_vs_attack,320.000000,360.000000,0.001944,100.000000,0.021539,18,18,9720,18,18,0.000000,32.110288,1000,312112,5,1.000000,1.000000,0,1864,0,16134,0
100001428,attack_only,420.000000,460.000000,0.001944,100.000000,0.012638,18,18,9720,18,18,0.000000,32.009465,1000,311132,5,1.000000,1.000000,0,1837,0,20702,0
100001429,defense_only,120.000000,160.000000,0.001944,100.000000,0.027321,18,18,9720,18,18,0.000000,30.276132,1000,294284,5,1.000000,1.000000,0,1806,0,6849,0
100001429,attack_only,220.000000,260.000000,0.001944,100.000000,0.013410,18,18,9720,18,18,0.000000,32.234156,1000,313316,5,1.000000,1.000000,0,1864,0,11352,0
100001429,baseline,320.000000,360.000000,0.001944,100.000000,0.020565,18,18,9720,18,18,0.000000,30.095885,1000,292532,5,1.000000,1.000000,0,1818,0,15767,0
100001429,defense_vs_attack,420.000000,460.000000,0.001944,100.000000,0.011582,18,18,9720,18,18,0.000000,32.224280,1000,313220,5,1.000000,1.000000,0,1857,0,20250,0
100001430,defense_only,120.000000,160.000000,0.001944,100.000000,0.025515,18,18,9720,18,18,0.000000,23.589300,1000,229288,5,1.000000,1.000000,0,1625,0,6071,0
100001430,attack_only,220.000000,260.000000,0.001944,100.000000,0.010249,18,18,9720,18,18,0.000000,25.289712,1000,245816,5,1.000000,1.000000,0,1646,0,10063,0
100001430,defense_vs_attack,320.000000,360.000000,0.001944,100.000000,0.022050,18,18,9720,18,18,0.000000,24.688889,1000,239976,5,1.000000,1.000000,0,1640,0,14053,0
100001430,baseline,420.000000,460.000000,0.001944,100.000000,0.012456,18,18,9720,18,18,0.000000,23.757613,1000,230924,5,1.000000,1.000000,0,1605,0,17965,0
100001434,baseline,120.000000,160.000000,0.001944,100.000000,0.024902,18,18,9720,18,18,0.000000,35.342387,1000,343528,5,1.000000,1.000000,0,1853,0,6963,0
100001434,attack_only,220.000000,260.000000,0.001944,100.000000,0.009797,18,18,9720,18,18,0.000000,35.143210,1000,341592,5,1.000000,1.000000,0,1861,0,11453,0
100001434,defense_only,320.000000,360.000000,0.001944,100.000000,0.021710,18,18,9720,18,18,0.000000,35.220165,1000,342340,5,1.000000,1.000000,0,1838,0,15944,0
100001434,defense_vs_attack,420.000000,460.000000,0.001944,100.000000,0.011932,18,18,9720,18,18,0.000000,35.190535,1000,342052,5,1.000000,1.000000,0,1887,0,20486,0
100001432,defense_only,120.000000,160.000000,0.001944,100.000000,0.020676,18,18,9720,18,18,0.000000,32.818930,1000,319000,4,1.000000,1.000000,0,1756,0,6564,0
100001432,baseline,220.000000,260.000000,0.001944,100.000000,0.007935,18,18,9720,18,18,0.000000,32.647737,1000,317336,4,1.000000,1.000000,0,1741,0,10799,0
100001432,attack_only,320.000000,360.000000,0.000000,0.000000,0.000000,18,0,0,0,18,100.000000,0.000000,1000,315080,4,1.000000,1.000000,0,1722,0,15044,0
100001432,defense_vs_attack,420.000000,460.000000,0.000648,33.333333,0.034047,18,6,3240,6,18,66.666667,99.276543,1000,321656,4,1.000000,1.000000,0,1799,0,19404,0
100001435,baseline,120.000000,160.000000,0.001944,100.000000,0.025451,18,18,9720,18,18,0.000000,26.623045,1000,258776,5,1.000000,1.000000,0,1644,0,6162,0
100001435,attack_only,220.000000,260.000000,0.001944,100.000000,0.009798,18,18,9720,18,18,0.000000,26.400823,1000,256616,5,1.000000,1.000000,0,1624,0,10110,0
100001435,defense_vs_attack,320.000000,360.000000,0.001944,100.000000,0.021851,18,18,9720,18,18,0.000000,26.823457,1000,260724,5,1.000000,1.000000,0,1674,0,14109,0
100001435,defense_only,420.000000,460.000000,0.001944,100.000000,0.012070,18,18,9720,18,18,0.000000,26.367490,1000,256292,5,1.000000,1.000000,0,1619,0,18094,0
100001437,attack_only,120.000000,160.000000,0.001944,100.000000,0.021743,18,18,9720,18,18,0.000000,30.417695,1000,295660,4,1.000000,1.000000,0,1816,0,6781,0
100001437,defense_only,220.000000,260.000000,0.001944,100.000000,0.008001,18,18,9720,18,18,0.000000,30.534156,1000,296792,4,1.000000,1.000000,0,1789,0,11126,0
100001437,defense_vs_attack,320.000000,360.000000,0.001944,100.000000,0.017215,18,18,9720,18,18,0.000000,30.594650,1000,297380,4,1.000000,1.000000,0,1823,0,15539,0
100001437,baseline,420.000000,460.000000,0.001944,100.000000,0.009605,18,18,9720,18,18,0.000000,30.413580,1000,295620,4,1.000000,1.000000,0,1835,0,19922,0
100001439,attack_only,120.000000,160.000000,0.000000,0.000000,0.000000,18,0,0,0,18,100.000000,0.000000,1000,237912,6,1.000000,1.000000,0,1642,0,6216,0
100001439,defense_vs_attack,220.000000,260.000000,0.000540,27.777778,0.030392,18,5,2700,5,18,72.222222,90.002963,1000,243008,6,1.000000,1.000000,0,1700,0,10253,0
100001439,baseline,320.000000,360.000000,0.001944,100.000000,0.025147,18,18,9720,18,18,0.000000,24.591770,1000,239032,6,1.000000,1.000000,0,1665,0,14330,0
100001439,defense_only,420.000000,460.000000,0.001944,100.000000,0.013397,18,18,9720,18,18,0.000000,24.976543,1000,242772,6,1.000000,1.000000,0,1677,0,18391,0
100001440,attack_only,120.000000,160.000000,0.001944,100.000000,0.020098,18,18,9720,18,18,0.000000,34.055556,1000,331020,4,1.000000,1.000000,0,1932,0,7368,0
100001440,defense_only,220.000000,260.000000,0.001944,100.000000,0.008016,18,18,9720,18,18,0.000000,33.804527,1000,328580,4,1.000000,1.000000,0,1960,0,12155,0
100001440,defense_vs_attack,320.000000,360.000000,0.001944,100.000000,0.016917,18,18,9720,18,18,0.000000,34.245679,1000,332868,4,1.000000,1.000000,0,1959,0,16964,0
100001440,baseline,420.000000,460.000000,0.001944,100.000000,0.009880,18,18,9720,18,18,0.000000,33.798354,1000,328520,4,1.000000,1.000000,0,1984,0,21788,0
100001443,attack_only,120.000000,160.000000,0.000000,0.000000,0.000000,18,0,0,0,18,100.000000,0.000000,1000,262072,7,1.000000,1.000000,0,1717,0,6506,0
100001443,baseline,220.000000,260.000000,0.001944,100.000000,0.081731,18,18,9720,18,18,0.000000,27.626749,1000,268532,7,1.000000,1.000000,0,1780,0,10821,0
100001443,defense_only,320.000000,360.000000,0.001944,100.000000,0.027345,18,18,9720,18,18,0.000000,27.932099,1000,271500,7,1.000000,1.000000,0,1812,0,15154,0
100001443,defense_vs_attack,420.000000,460.000000,0.000540,27.777778,0.017771,18,5,2700,5,18,72.222222,102.973333,1000,278028,7,1.000000,1.000000,0,1772,0,19392,0
100001449,defense_vs_attack,120.000000,160.000000,0.001944,100.000000,0.015607,18,18,9720,18,18,0.000000,32.085597,1000,311872,3,1.000000,1.000000,0,1763,0,6788,0
100001449,attack_only,220.000000,260.000000,0.001944,100.000000,0.005993,18,18,9720,18,18,0.000000,32.306996,1000,314024,3,1.000000,1.000000,0,1785,0,11177,0
100001449,defense_only,320.000000,360.000000,0.001944,100.000000,0.013155,18,18,9720,18,18,0.000000,31.840329,1000,309488,3,1.000000,1.000000,0,1812,0,15571,0
100001449,baseline,420.000000,460.000000,0.001944,100.000000,0.007776,18,18,9720,18,18,0.000000,31.777778,1000,308880,3,1.000000,1.000000,0,1786,0,20005,0
100001452,defense_only,120.000000,160.000000,0.001944,100.000000,0.025776,18,18,9720,18,18,0.000000,24.830453,1000,241352,5,1.000000,1.000000,0,1671,0,6111,0
100001452,baseline,220.000000,260.000000,0.001944,100.000000,0.009905,18,18,9720,18,18,0.000000,24.449794,1000,237652,5,1.000000,1.000000,0,1576,0,9980,0
100001452,defense_vs_attack,320.000000,360.000000,0.000000,0.000000,0.000000,0,0,0,0,18,100.000000,0.000000,1000,233244,0,1.000000,1.000000,0,1506,0,13765,0
100001452,attack_only,420.000000,460.000000,0.000000,0.000000,0.000000,0,0,0,0,18,100.000000,0.000000,1000,234528,0,1.000000,1.000000,0,1497,0,17556,0
100001451,attack_only,120.000000,160.000000,0.001944,100.000000,0.016081,18,18,9720,18,18,0.000000,29.274897,1000,284552,3,1.000000,1.000000,0,1741,0,6661,0
100001451,defense_only,220.000000,260.000000,0.001944,100.000000,0.005790,18,18,9720,18,18,0.000000,30.214815,1000,293688,3,1.000000,1.000000,0,1763,0,10973,0
100001451,baseline,320.000000,360.000000,0.001944,100.000000,0.012916,18,18,9720,18,18,0.000000,30.344444,1000,294948,3,1.000000,1.000000,0,1750,0,15319,0
100001451,defense_vs_attack,420.000000,460.000000,0.001944,100.000000,0.007067,18,18,9720,18,18,0.000000,29.333745,1000,285124,3,1.000000,1.000000,0,1728,0,19559,0
100001448,defense_only,120.000000,160.000000,0.001944,100.000000,0.058688,18,18,9720,18,18,0.000000,30.491770,1000,296380,11,1.000000,1.000000,0,1947,0,6912,0
100001448,baseline,220.000000,260.000000,0.001944,100.000000,0.022136,18,18,9720,18,18,0.000000,30.822634,1000,299596,11,1.000000,1.000000,0,1885,0,11321,0
100001448,defense_vs_attack,320.000000,360.000000,0.001944,100.000000,0.050801,18,18,9720,18,18,0.000000,31.248971,1000,303740,11,1.000000,1.000000,0,1882,0,15776,0
100001448,attack_only,420.000000,460.000000,0.001188,61.111111,0.029114,18,11,5940,11,18,38.888889,51.400000,1000,305316,11,1.000000,1.000000,0,1896,0,20243,0
100001455,attack_only,120.000000,160.000000,0.001944,100.000000,0.015578,18,18,9720,18,18,0.000000,23.267078,1000,226156,3,1.000000,1.000000,0,1571,0,6040,0
100001455,baseline,220.000000,260.000000,0.001944,100.000000,0.006099,18,18,9720,18,18,0.000000,23.162140,1000,225136,3,1.000000,1.000000,0,1571,0,9887,0
100001455,defense_vs_attack,320.000000,360.000000,0.001944,100.000000,0.012957,18,18,9720,18,18,0.000000,23.269136,1000,226176,3,1.000000,1.000000,0,1563,0,13712,0
100001455,defense_only,420.000000,460.000000,0.001944,100.000000,0.007067,18,18,9720,18,18,0.000000,23.045679,1000,224004,3,1.000000,1.000000,0,1576,0,17598,0
100001457,defense_vs_attack,120.000000,160.000000,0.001944,100.000000,0.015257,18,18,9720,18,18,0.000000,32.002469,1000,311064,3,1.000000,1.000000,0,1756,0,6672,0
100001457,attack_only,220.000000,260.000000,0.001944,100.000000,0.006110,18,18,9720,18,18,0.000000,32.195885,1000,312944,3,1.000000,1.000000,0,1766,0,11044,0
100001457,baseline,320.000000,360.000000,0.001944,100.000000,0.010334,18,18,9720,18,18,0.000000,31.307819,1000,304312,3,1.000000,1.000000,0,1727,0,15345,0
100001457,defense_only,420.000000,460.000000,0.001944,100.000000,0.006661,18,18,9720,18,18,0.000000,31.749794,1000,308608,3,1.000000,1.000000,0,1754,0,19621,0
100001458,baseline,120.000000,160.000000,0.001944,100.000000,0.020977,18,18,9720,18,18,0.000000,29.856379,1000,290204,4,1.000000,1.000000,0,1785,0,6681,0
100001458,defense_only,220.000000,260.000000,0.001944,100.000000,0.008121,18,18,9720,18,18,0.000000,30.062963,1000,292212,4,1.000000,1.000000,0,1759,0,10948,0
100001458,defense_vs_attack,320.000000,360.000000,0.001944,100.000000,0.020798,18,18,9720,18,18,0.000000,32.277366,1000,313736,4,1.000000,1.000000,0,1822,0,15360,0
100001458,attack_only,420.000000,460.000000,0.001944,100.000000,0.012208,18,18,9720,18,18,0.000000,32.449383,1000,315408,4,1.000000,1.000000,0,1803,0,19728,0
100001474,baseline,120.000000,160.000000,0.001944,100.000000,0.047275,18,18,9720,18,18,0.000000,20.300823,1000,197324,9,1.000000,1.000000,0,1649,0,5910,0
100001474,defense_vs_attack,220.000000,260.000000,0.000756,43.750000,0.017469,16,7,3780,7,18,61.111111,49.298413,1000,186348,9,1.000000,1.000000,0,1570,0,9606,0
100001474,defense_only,320.000000,360.000000,0.000972,52.941176,0.032065,17,9,4860,9,18,50.000000,40.502058,1000,196840,9,1.000000,1.000000,0,1593,0,13413,0
100001474,attack_only,420.000000,460.000000,0.000000,0.000000,0.000000,18,0,0,0,18,100.000000,0.000000,1000,194512,9,1.000000,1.000000,0,1576,0,17149,0
100001476,defense_only,120.000000,160.000000,0.001944,100.000000,0.053056,18,18,9720,18,18,0.000000,25.531276,1000,248164,10,1.000000,1.000000,0,1889,0,6762,0
100001476,defense_vs_attack,220.000000,260.000000,0.001080,55.555556,0.056434,18,10,5400,10,18,44.444444,45.196296,1000,244060,10,1.000000,1.000000,0,2139,0,11403,0
100001476,attack_only,320.000000,360.000000,0.000000,0.000000,0.000000,18,0,0,0,18,100.000000,0.000000,1000,249248,10,1.000000,1.000000,0,1807,0,15756,0
100001476,baseline,420.000000,460.000000,0.001944,100.000000,0.025581,18,18,9720,18,18,0.000000,25.640741,1000,249228,10,1.000000,1.000000,0,1836,0,20153,0
100001475,defense_vs_attack,120.000000,160.000000,0.001080,55.555556,0.043872,18,10,5400,10,18,44.444444,43.469630,1000,234736,5,1.000000,1.000000,0,1876,0,6340,0
100001475,defense_only,220.000000,260.000000,0.001944,100.000000,0.017620,18,18,9720,18,18,0.000000,24.968313,1000,242692,5,1.000000,1.000000,0,1587,0,10199,0
100001475,attack_only,320.000000,360.000000,0.000000,0.000000,0.000000,18,0,0,0,18,100.000000,0.000000,1000,244496,5,1.000000,1.000000,0,1564,0,13986,0
100001475,baseline,420.000000,460.000000,0.001944,100.000000,0.015606,18,18,9720,18,18,0.000000,25.029218,1000,243284,5,1.000000,1.000000,0,1592,0,17846,0
100001484,defense_vs_attack,120.000000,160.000000,0.000216,11.111111,0.076248,18,2,1080,2,18,88.888889,279.588889,1000,301956,7,1.000000,1.000000,0,2102,0,7064,0
100001484,attack_only,220.000000,260.000000,0.000000,0.000000,0.000000,16,0,0,0,18,100.000000,0.000000,1000,293752,7,1.000000,1.000000,0,1723,0,11369,0
100001484,baseline,320.000000,360.000000,0.001944,100.000000,0.028324,18,18,9720,18,18,0.000000,30.344033,1000,294944,7,1.000000,1.000000,0,1868,0,15870,0
100001484,defense_only,420.000000,460.000000,0.001944,100.000000,0.018470,18,18,9720,18,18,0.000000,30.284774,1000,294368,7,1.000000,1.000000,0,1859,0,20333,0
100001483,baseline,120.000000,160.000000,0.001944,100.000000,0.032013,18,18,9720,18,18,0.000000,24.934156,1000,242360,6,1.000000,1.000000,0,1639,0,6005,0
100001483,defense_vs_attack,220.000000,260.000000,0.001944,100.000000,0.012017,18,18,9720,18,18,0.000000,25.724280,1000,250040,6,1.000000,1.000000,0,1626,0,9848,0
100001483,defense_only,320.000000,360.000000,0.001944,100.000000,0.025725,18,18,9720,18,18,0.000000,24.884774,1000,241880,6,1.000000,1.000000,0,1604,0,13700,0
100001483,attack_only,420.000000,460.000000,0.001944,100.000000,0.014625,18,18,9720,18,18,0.000000,25.386008,1000,246752,6,1.000000,1.000000,0,1582,0,17541,0
100001487,baseline,120.000000,160.000000,0.001944,100.000000,0.014803,18,18,9720,18,18,0.000000,28.831687,1000,280244,3,1.000000,1.000000,0,1769,0,6813,0
100001487,defense_only,220.000000,260.000000,0.001944,100.000000,0.005789,18,18,9720,18,18,0.000000,28.660494,1000,278580,3,1.000000,1.000000,0,1774,0,11189,0
100001487,attack_only,320.000000,360.000000,0.001944,100.000000,0.012812,18,18,9720,18,18,0.000000,27.302881,1000,265384,3,1.000000,1.000000,0,1726,0,15490,0
100001487,defense_vs_attack,420.000000,460.000000,0.001944,100.000000,0.007144,18,18,9720,18,18,0.000000,27.222222,1000,264600,3,1.000000,1.000000,0,1700,0,19698,0
100001489,defense_vs_attack,120.000000,160.000000,0.001944,100.000000,0.051037,18,18,9720,18,18,0.000000,30.861728,1000,299976,10,1.000000,1.000000,0,2075,0,7634,0
100001489,attack_only,220.000000,260.000000,0.001944,100.000000,0.020086,18,18,9720,18,18,0.000000,31.352263,1000,304744,10,1.000000,1.000000,0,2072,0,12591,0
100001489,baseline,320.000000,360.000000,0.001944,100.000000,0.043707,18,18,9720,18,18,0.000000,31.673251,1000,307864,10,1.000000,1.000000,0,2097,0,17503,0
100001489,defense_only,420.000000,460.000000,0.001944,100.000000,0.024287,18,18,9720,18,18,0.000000,30.906584,1000,300412,10,1.000000,1.000000,0,2085,0,22411,0
100001496,baseline,120.000000,160.000000,0.001944,100.000000,0.015742,18,18,9720,18,18,0.000000,27.213169,1000,264512,3,1.000000,1.000000,0,1570,0,5921,0
100001496,defense_vs_attack,220.000000,260.000000,0.001944,100.000000,0.006166,18,18,9720,18,18,0.000000,27.331276,1000,265660,3,1.000000,1.000000,0,1537,0,9717,0
100001496,attack_only,320.000000,360.000000,0.001944,100.000000,0.012811,18,18,9720,18,18,0.000000,27.505761,1000,267356,3,1.000000,1.000000,0,1593,0,13576,0
100001496,defense_only,420.000000,460.000000,0.001944,100.000000,0.007065,18,18,9720,18,18,0.000000,26.951852,1000,261972,3,1.000000,1.000000,0,1550,0,17387,0
100001498,attack_only,120.000000,160.000000,0.001944,100.000000,0.016173,18,18,9720,18,18,0.000000,28.976132,1000,281648,3,1.000000,1.000000,0,1777,0,6595,0
100001498,defense_vs_attack,220.000000,260.000000,0.001944,100.000000,0.005789,18,18,9720,18,18,0.000000,28.683128,1000,278800,3,1.000000,1.000000,0,1722,0,10798,0
100001498,defense_only,320.000000,360.000000,0.001944,100.000000,0.012812,18,18,9720,18,18,0.000000,28.626749,1000,278252,3,1.000000,1.000000,0,1746,0,15034,0
100001498,baseline,420.000000,460.000000,0.001944,100.000000,0.007130,18,18,9720,18,18,0.000000,28.593004,1000,277924,3,1.000000,1.000000,0,1753,0,19287,0
100001505,defense_only,120.000000,160.000000,0.001944,100.000000,0.067960,18,18,9720,18,18,0.000000,24.097942,1000,234232,13,1.000000,1.000000,0,1924,0,6809,0
100001505,baseline,220.000000,260.000000,0.001944,100.000000,0.026131,18,18,9720,18,18,0.000000,24.134156,1000,234584,13,1.000000,1.000000,0,1892,0,11230,0
100001505,attack_only,320.000000,360.000000,0.000000,0.000000,0.000000,18,0,0,0,18,100.000000,0.000000,1000,232176,13,1.000000,1.000000,0,1870,0,15591,0
100001505,defense_vs_attack,420.000000,460.000000,0.000000,0.000000,0.000000,12,0,0,0,18,100.000000,0.000000,1000,200152,13,1.000000,1.000000,0,1706,0,19810,0
100001509,attack_only,120.000000,160.000000,0.000000,0.000000,0.000000,18,0,0,0,18,100.000000,0.000000,1000,274584,7,1.000000,1.000000,0,1786,0,6636,0
100001509,defense_vs_attack,220.000000,260.000000,0.000000,0.000000,0.000000,11,0,0,0,18,100.000000,0.000000,1000,246876,7,1.000000,1.000000,0,1657,0,10827,0
100001509,baseline,320.000000,360.000000,0.001944,100.000000,0.026272,18,18,9720,18,18,0.000000,27.748148,1000,269712,7,1.000000,1.000000,0,1796,0,15102,0
100001509,defense_only,420.000000,460.000000,0.001944,100.000000,0.022171,18,18,9720,18,18,0.000000,27.822634,1000,270436,7,1.000000,1.000000,0,1810,0,19436,0
100001508,defense_only,120.000000,160.000000,0.001944,100.000000,0.026034,18,18,9720,18,18,0.000000,25.962963,1000,252360,5,1.000000,1.000000,0,1702,0,6296,0
100001508,baseline,220.000000,260.000000,0.001944,100.000000,0.010816,18,18,9720,18,18,0.000000,26.031687,1000,253028,5,1.000000,1.000000,0,1707,0,10375,0
100001508,attack_only,320.000000,360.000000,0.000000,0.000000,0.000000,18,0,0,0,18,100.000000,0.000000,1000,269780,6,1.000000,1.000000,0,1724,0,14482,0
100001508,defense_vs_attack,420.000000,460.000000,0.001512,77.777778,0.026232,18,14,7560,14,18,22.222222,35.532275,1000,268624,6,1.000000,1.000000,0,1715,0,18637,0
100001507,defense_vs_attack,120.000000,160.000000,0.001944,100.000000,0.015246,18,18,9720,18,18,0.000000,28.831276,1000,280240,3,1.000000,1.000000,0,1657,0,6339,0
100001507,defense_only,220.000000,260.000000,0.001944,100.000000,0.005790,18,18,9720,18,18,0.000000,29.074486,1000,282604,3,1.000000,1.000000,0,1652,0,10383,0
100001507,attack_only,320.000000,360.000000,0.001944,100.000000,0.012879,18,18,9720,18,18,0.000000,28.759259,1000,279540,3,1.000000,1.000000,0,1641,0,14402,0
100001507,baseline,420.000000,460.000000,0.001944,100.000000,0.007067,18,18,9720,18,18,0.000000,28.627160,1000,278256,3,1.000000,1.000000,0,1611,0,18455,0
100001510,baseline,120.000000,160.000000,0.001944,100.000000,0.026007,18,18,9720,18,18,0.000000,28.048560,1000,272632,5,1.000000,1.000000,0,1726,0,6360,0
100001510,defense_vs_attack,220.000000,260.000000,0.001080,55.555556,0.020002,18,10,5400,10,18,44.444444,49.701481,1000,268388,5,1.000000,1.000000,0,1675,0,10409,0
100001510,defense_only,320.000000,360.000000,0.001944,100.000000,0.016911,18,18,9720,18,18,0.000000,28.396708,1000,276016,5,1.000000,1.000000,0,1750,0,14579,0
100001510,attack_only,420.000000,460.000000,0.000000,0.000000,0.000000,18,0,0,0,18,100.000000,0.000000,1000,269580,5,1.000000,1.000000,0,1683,0,18702,0
100001511,baseline,120.000000,160.000000,0.001944,100.000000,0.015925,18,18,9720,18,18,0.000000,27.234979,1000,264724,3,1.000000,1.000000,0,1636,0,6201,0
100001511,defense_vs_attack,220.000000,260.000000,0.001944,100.000000,0.006489,18,18,9720,18,18,0.000000,27.354321,1000,265884,3,1.000000,1.000000,0,1631,0,10227,0
100001511,attack_only,320.000000,360.000000,0.001944,100.000000,0.011756,18,18,9720,18,18,0.000000,27.443210,1000,266748,3,1.000000,1.000000,0,1651,0,14275,0
100001511,defense_only,420.000000,460.000000,0.001944,100.000000,0.008497,18,18,9720,18,18,0.000000,26.846502,1000,260948,3,1.000000,1.000000,0,1622,0,18304,0
100001513,attack_only,120.000000,160.000000,0.001944,100.000000,0.030776,18,18,9720,18,18,0.000000,21.316461,1000,207196,6,1.000000,1.000000,0,1543,0,5785,0
100001513,defense_vs_attack,220.000000,260.000000,0.001944,100.000000,0.012577,18,18,9720,18,18,0.000000,21.406173,1000,208068,6,1.000000,1.000000,0,1606,0,9577,0
100001513,baseline,320.000000,360.000000,0.001944,100.000000,0.026011,18,18,9720,18,18,0.000000,21.429218,1000,208292,6,1.000000,1.000000,0,1588,0,13359,0
100001513,defense_only,420.000000,460.000000,0.001944,100.000000,0.014954,18,18,9720,18,18,0.000000,21.195885,1000,206024,6,1.000000,1.000000,0,1547,0,17087,0
100001518,attack_only,120.000000,160.000000,0.000000,0.000000,0.000000,18,0,0,0,18,100.000000,0.000000,1000,293104,4,1.000000,1.000000,0,1742,0,6769,0
100001518,defense_only,220.000000,260.000000,0.001944,100.000000,0.018612,18,18,9720,18,18,0.000000,29.249383,1000,284304,4,1.000000,1.000000,0,1785,0,11139,0
100001518,defense_vs_attack,320.000000,360.000000,0.000972,50.000000,0.016084,18,9,4860,9,18,50.000000,60.616461,1000,294596,4,1.000000,1.000000,0,1774,0,15479,0
100001518,baseline,420.000000,460.000000,0.001944,100.000000,0.013179,18,18,9720,18,18,0.000000,29.388889,1000,285660,4,1.000000,1.000000,0,1779,0,19886,0
100001521,baseline,120.000000,160.000000,0.001944,100.000000,0.015789,18,18,9720,18,18,0.000000,28.891770,1000,280828,3,1.000000,1.000000,0,1697,0,6491,0
100001521,attack_only,220.000000,260.000000,0.001944,100.000000,0.005852,18,18,9720,18,18,0.000000,28.738683,1000,279340,3,1.000000,1.000000,0,1714,0,10657,0
100001521,defense_vs_attack,320.000000,360.000000,0.001944,100.000000,0.012926,18,18,9720,18,18,0.000000,28.540329,1000,277412,3,1.000000,1.000000,0,1690,0,14799,0
100001521,defense_only,420.000000,460.000000,0.001944,100.000000,0.007307,18,18,9720,18,18,0.000000,28.727572,1000,279232,3,1.000000,1.000000,0,1686,0,18986,0
100001525,baseline,120.000000,160.000000,0.001944,100.000000,0.015252,18,18,9720,18,18,0.000000,25.460494,1000,247476,3,1.000000,1.000000,0,1589,0,6041,0
100001525,attack_only,220.000000,260.000000,0.001944,100.000000,0.005844,18,18,9720,18,18,0.000000,27.374897,1000,266084,3,1.000000,1.000000,0,1602,0,9960,0
100001525,defense_only,320.000000,360.000000,0.001944,100.000000,0.013063,18,18,9720,18,18,0.000000,25.155144,1000,244508,3,1.000000,1.000000,0,1564,0,13804,0
100001525,defense_vs_attack,420.000000,460.000000,0.001944,100.000000,0.007066,18,18,9720,18,18,0.000000,27.313992,1000,265492,3,1.000000,1.000000,0,1589,0,17675,0
100001527,attack_only,120.000000,160.000000,0.000000,0.000000,0.000000,18,0,0,0,18,100.000000,0.000000,1000,323060,6,1.000000,1.000000,0,1843,0,6877,0
100001527,defense_vs_attack,220.000000,260.000000,0.000000,0.000000,0.000000,18,0,0,0,18,100.000000,0.000000,1000,328100,6,1.000000,1.000000,0,2267,0,11756,0
100001527,baseline,320.000000,360.000000,0.001944,100.000000,0.026684,18,18,9720,18,18,0.000000,33.217695,1000,322876,6,1.000000,1.000000,0,1852,0,16263,0
100001527,defense_only,420.000000,460.000000,0.001944,100.000000,0.013879,18,18,9720,18,18,0.000000,33.369959,1000,324356,6,1.000000,1.000000,0,1875,0,20749,0
100001529,defense_vs_attack,120.000000,160.000000,0.001944,100.000000,0.026253,18,18,9720,18,18,0.000000,25.995473,1000,252676,5,1.000000,1.000000,0,1641,0,6129,0
100001529,defense_only,220.000000,260.000000,0.001944,100.000000,0.010263,18,18,9720,18,18,0.000000,26.020576,1000,252920,5,1.000000,1.000000,0,1653,0,10109,0
100001529,baseline,320.000000,360.000000,0.001944,100.000000,0.021700,18,18,9720,18,18,0.000000,26.386420,1000,256476,5,1.000000,1.000000,0,1645,0,14085,0
100001529,attack_only,420.000000,460.000000,0.001944,100.000000,0.011932,18,18,9720,18,18,0.000000,26.572016,1000,258280,5,1.000000,1.000000,0,1658,0,18092,0
100001533,attack_only,120.000000,160.000000,0.000000,0.000000,0.000000,18,0,0,0,18,100.000000,0.000000,1000,246896,6,1.000000,1.000000,0,1694,0,6325,0
100001533,baseline,220.000000,260.000000,0.001944,100.000000,0.032923,18,18,9720,18,18,0.000000,25.804938,1000,250824,6,1.000000,1.000000,0,1715,0,10399,0
100001533,defense_vs_attack,320.000000,360.000000,0.000324,16.666667,0.027206,18,3,1620,3,18,83.333333,149.832099,1000,242728,6,1.000000,1.000000,0,1659,0,14394,0
100001533,defense_only,420.000000,460.000000,0.001944,100.000000,0.013259,18,18,9720,18,18,0.000000,25.745267,1000,250244,6,1.000000,1.000000,0,1712,0,18505,0
100001534,attack_only,120.000000,160.000000,0.001944,100.000000,0.015339,18,18,9720,18,18,0.000000,22.687654,1000,220524,3,1.000000,1.000000,0,1628,0,6139,0
100001534,defense_vs_attack,220.000000,260.000000,0.001944,100.000000,0.005789,18,18,9720,18,18,0.000000,22.611111,1000,219780,3,1.000000,1.000000,0,1607,0,10069,0
100001534,defense_only,320.000000,360.000000,0.001944,100.000000,0.012812,18,18,9720,18,18,0.000000,22.444033,1000,218156,3,1.000000,1.000000,0,1631,0,14014,0
100001534,baseline,420.000000,460.000000,0.001944,100.000000,0.007164,18,18,9720,18,18,0.000000,22.404938,1000,217776,3,1.000000,1.000000,0,1644,0,17989,0
100001547,baseline,120.000000,160.000000,0.001944,100.000000,0.015626,18,18,9720,18,18,0.000000,24.347737,1000,236660,3,1.000000,1.000000,0,1671,0,6414,0
100001547,defense_vs_attack,220.000000,260.000000,0.001944,100.000000,0.006731,18,18,9720,18,18,0.000000,25.973251,1000,252460,3,1.000000,1.000000,0,1703,0,10543,0
100001547,defense_only,320.000000,360.000000,0.001944,100.000000,0.011692,18,18,9720,18,18,0.000000,24.997119,1000,242972,3,1.000000,1.000000,0,1681,0,14650,0
100001547,attack_only,420.000000,460.000000,0.001944,100.000000,0.008401,18,18,9720,18,18,0.000000,25.188889,1000,244836,3,1.000000,1.000000,0,1663,0,18766,0
100001546,defense_only,120.000000,160.000000,0.001944,100.000000,0.015196,18,18,9720,18,18,0.000000,29.254733,1000,284356,3,1.000000,1.000000,0,1659,0,6401,0
100001546,baseline,220.000000,260.000000,0.001944,100.000000,0.005943,18,18,9720,18,18,0.000000,29.497119,1000,286712,3,1.000000,1.000000,0,1699,0,10524,0
100001546,defense_vs_attack,320.000000,360.000000,0.001944,100.000000,0.012911,18,18,9720,18,18,0.000000,29.971605,1000,291324,3,1.000000,1.000000,0,1668,0,14635,0
100001546,attack_only,420.000000,460.000000,0.001944,100.000000,0.007690,18,18,9720,18,18,0.000000,30.034568,1000,291936,3,1.000000,1.000000,0,1687,0,18741,0
100001549,attack_only,120.000000,160.000000,0.001944,100.000000,0.016629,18,18,9720,18,18,0.000000,28.759671,1000,279544,3,1.000000,1.000000,0,1660,0,6287,0
100001549,baseline,220.000000,260.000000,0.001944,100.000000,0.006289,18,18,9720,18,18,0.000000,29.153498,1000,283372,3,1.000000,1.000000,0,1666,0,10358,0
100001549,defense_vs_attack,320.000000,360.000000,0.001944,100.000000,0.012402,18,18,9720,18,18,0.000000,29.022222,1000,282096,3,1.000000,1.000000,0,1654,0,14403,0
100001549,defense_only,420.000000,460.000000,0.001944,100.000000,0.007963,18,18,9720,18,18,0.000000,29.185185,1000,283680,3,1.000000,1.000000,0,1638,0,18443,0
100001553,attack_only,120.000000,160.000000,0.001944,100.000000,0.025355,18,18,9720,18,18,0.000000,29.739506,1000,289068,5,1.000000,1.000000,0,1771,0,6549,0
100001553,defense_only,220.000000,260.000000,0.001944,100.000000,0.009969,18,18,9720,18,18,0.000000,29.560494,1000,287328,5,1.000000,1.000000,0,1749,0,10785,0
100001553,baseline,320.000000,360.000000,0.001944,100.000000,0.021797,18,18,9720,18,18,0.000000,29.337037,1000,285156,5,1.000000,1.000000,0,1699,0,14955,0
100001553,defense_vs_attack,420.000000,460.000000,0.001944,100.000000,0.012181,18,18,9720,18,18,0.000000,29.623868,1000,287944,5,1.000000,1.000000,0,1727,0,19225,0
100001559,defense_only,120.000000,160.000000,0.001944,100.000000,0.021481,18,18,9720,18,18,0.000000,25.703292,1000,249836,4,1.000000,1.000000,0,1708,0,6439,0
100001559,baseline,220.000000,260.000000,0.001944,100.000000,0.007860,18,18,9720,18,18,0.000000,25.790123,1000,250680,4,1.000000,1.000000,0,1731,0,10619,0
100001559,attack_only,320.000000,360.000000,0.001944,100.000000,0.017174,18,18,9720,18,18,0.000000,27.197119,1000,264356,4,1.000000,1.000000,0,1819,0,14998,0
100001559,defense_vs_attack,420.000000,460.000000,0.001944,100.000000,0.009498,18,18,9720,18,18,0.000000,26.918930,1000,261652,4,1.000000,1.000000,0,1789,0,19367,0
100001558,defense_only,120.000000,160.000000,0.001944,100.000000,0.026965,18,18,9720,18,18,0.000000,29.609877,1000,287808,5,1.000000,1.000000,0,1811,0,6759,0
100001558,attack_only,220.000000,260.000000,0.001944,100.000000,0.009848,18,18,9720,18,18,0.000000,31.196708,1000,303232,5,1.000000,1.000000,0,1791,0,11124,0
100001558,baseline,320.000000,360.000000,0.001944,100.000000,0.021633,18,18,9720,18,18,0.000000,29.826749,1000,289916,5,1.000000,1.000000,0,1827,0,15512,0
100001558,defense_vs_attack,420.000000,460.000000,0.001944,100.000000,0.012079,18,18,9720,18,18,0.000000,31.135391,1000,302636,5,1.000000,1.000000,0,1813,0,19919,0
100001562,attack_only,120.000000,160.000000,0.000000,0.000000,0.000000,18,0,0,0,18,100.000000,0.000000,1000,287124,4,1.000000,1.000000,0,1635,0,6297,0
100001562,defense_vs_attack,220.000000,260.000000,0.001512,77.777778,0.027519,18,14,7560,14,18,22.222222,38.461376,1000,290768,4,1.000000,1.000000,0,1709,0,10393,0
100001562,baseline,320.000000,360.000000,0.001944,100.000000,0.011458,18,18,9720,18,18,0.000000,29.467901,1000,286428,4,1.000000,1.000000,0,1720,0,14553,0
100001562,defense_only,420.000000,460.000000,0.001944,100.000000,0.014398,18,18,9720,18,18,0.000000,29.135802,1000,283200,4,1.000000,1.000000,0,1687,0,18636,0
100001566,defense_vs_attack,120.000000,160.000000,0.001512,77.777778,0.038790,18,14,7560,14,18,22.222222,35.597354,1000,269116,7,1.000000,1.000000,0,1717,0,6378,0
100001566,attack_only,220.000000,260.000000,0.000000,0.000000,0.000000,18,0,0,0,18,100.000000,0.000000,1000,269296,7,1.000000,1.000000,0,1666,0,10529,0
100001566,baseline,320.000000,360.000000,0.001944,100.000000,0.021373,18,18,9720,18,18,0.000000,27.636626,1000,268628,7,1.000000,1.000000,0,1769,0,14747,0
100001566,defense_only,420.000000,460.000000,0.001944,100.000000,0.024894,18,18,9720,18,18,0.000000,27.224691,1000,264624,7,1.000000,1.000000,0,1770,0,18994,0
100001568,attack_only,120.000000,160.000000,0.000000,0.000000,0.000000,18,0,0,0,18,100.000000,0.000000,1000,273144,7,1.000000,1.000000,0,1780,0,6773,0
100001568,baseline,220.000000,260.000000,0.001944,100.000000,0.025235,18,18,9720,18,18,0.000000,27.871193,1000,270908,6,1.000000,1.000000,0,1806,0,11134,0
100001568,defense_only,320.000000,360.000000,0.001944,100.000000,0.016522,18,18,9720,18,18,0.000000,27.846914,1000,270672,6,1.000000,1.000000,0,1810,0,15469,0
100001568,defense_vs_attack,420.000000,460.000000,0.001512,77.777778,0.022571,18,14,7560,14,18,22.222222,36.517989,1000,276076,7,1.000000,1.000000,0,1838,0,19891,0
100001565,defense_only,120.000000,160.000000,0.001944,100.000000,0.015815,18,18,9720,18,18,0.000000,37.780658,1000,367228,3,1.000000,1.000000,0,1879,0,7081,0
100001565,attack_only,220.000000,260.000000,0.000000,0.000000,0.000000,18,0,0,0,18,100.000000,0.000000,1000,365780,4,1.000000,1.000000,0,1827,0,11651,0
100001565,defense_vs_attack,320.000000,360.000000,0.001512,77.777778,0.006274,18,14,7560,14,18,22.222222,49.988889,1000,377916,4,1.000000,1.000000,0,1919,0,16346,0
100001565,baseline,420.000000,460.000000,0.001944,100.000000,0.011535,18,18,9720,18,18,0.000000,37.902469,1000,368412,3,1.000000,1.000000,0,1849,0,20910,0
100001567,attack_only,120.000000,160.000000,0.001944,100.000000,0.031320,18,18,9720,18,18,0.000000,30.936626,1000,300704,6,1.000000,1.000000,0,1850,0,6801,0
100001567,baseline,220.000000,260.000000,0.001944,100.000000,0.011908,18,18,9720,18,18,0.000000,30.381070,1000,295304,6,1.000000,1.000000,0,1775,0,11123,0
100001567,defense_vs_attack,320.000000,360.000000,0.001944,100.000000,0.026022,18,18,9720,18,18,0.000000,30.580247,1000,297240,6,1.000000,1.000000,0,1772,0,15409,0
100001567,defense_only,420.000000,460.000000,0.001944,100.000000,0.014629,18,18,9720,18,18,0.000000,30.591358,1000,297348,6,1.000000,1.000000,0,1799,0,19714,0
100001573,defense_only,120.000000,160.000000,0.001944,100.000000,0.031389,18,18,9720,18,18,0.000000,30.827572,1000,299644,6,1.000000,1.000000,0,1790,0,6612,0
100001573,attack_only,220.000000,260.000000,0.000000,0.000000,0.000000,18,0,0,0,18,100.000000,0.000000,1000,291968,6,1.000000,1.000000,0,1669,0,10759,0
100001573,baseline,320.000000,360.000000,0.001944,100.000000,0.019973,18,18,9720,18,18,0.000000,30.790123,1000,299280,6,1.000000,1.000000,0,1751,0,14974,0
100001573,defense_vs_attack,420.000000,460.000000,0.000756,38.888889,0.027535,18,7,3780,7,18,61.111111,79.842328,1000,301804,6,1.000000,1.000000,0,1768,0,19177,0
100001572,attack_only,120.000000,160.000000,0.001944,100.000000,0.026257,18,18,9720,18,18,0.000000,36.374897,1000,353564,5,1.000000,1.000000,0,1928,0,7115,0
100001572,defense_vs_attack,220.000000,260.000000,0.001944,100.000000,0.010261,18,18,9720,18,18,0.000000,36.036626,1000,350276,5,1.000000,1.000000,0,1863,0,11741,0
100001572,baseline,320.000000,360.000000,0.001944,100.000000,0.022243,18,18,9720,18,18,0.000000,35.246091,1000,342592,5,1.000000,1.000000,0,1803,0,16211,0
100001572,defense_only,420.000000,460.000000,0.001944,100.000000,0.013336,18,18,9720,18,18,0.000000,35.423868,1000,344320,5,1.000000,1.000000,0,1877,0,20728,0
100001579,attack_only,120.000000,160.000000,0.000000,0.000000,0.000000,18,0,0,0,18,100.000000,0.000000,1000,275716,5,1.000000,1.000000,0,1752,0,6583,0
100001579,defense_only,220.000000,260.000000,0.001944,100.000000,0.025955,18,18,9720,18,18,0.000000,28.349794,1000,275560,5,1.000000,1.000000,0,1757,0,10786,0
100001579,baseline,320.000000,360.000000,0.001944,100.000000,0.013072,18,18,9720,18,18,0.000000,27.889300,1000,271084,5,1.000000,1.000000,0,1754,0,14981,0
100001579,defense_vs_attack,420.000000,460.000000,0.000972,50.000000,0.018708,18,9,4860,9,18,50.000000,57.078189,1000,277400,5,1.000000,1.000000,0,1784,0,19247,0
100001577,baseline,120.000000,160.000000,0.001944,100.000000,0.015767,18,18,9720,18,18,0.000000,27.356379,1000,265904,3,1.000000,1.000000,0,1609,0,6090,0
100001577,attack_only,220.000000,260.000000,0.001944,100.000000,0.005832,18,18,9720,18,18,0.000000,28.361728,1000,275676,3,1.000000,1.000000,0,1637,0,10096,0
100001577,defense_vs_attack,320.000000,360.000000,0.001944,100.000000,0.012812,18,18,9720,18,18,0.000000,27.678189,1000,269032,3,1.000000,1.000000,0,1595,0,14055,0
100001577,defense_only,420.000000,460.000000,0.001944,100.000000,0.007172,18,18,9720,18,18,0.000000,26.910700,1000,261572,3,1.000000,1.000000,0,1597,0,17990,0
100001575,attack_only,120.000000,160.000000,0.001944,100.000000,0.014792,18,18,9720,18,18,0.000000,29.215638,1000,283976,3,1.000000,1.000000,0,1680,0,6401,0
100001575,baseline,220.000000,260.000000,0.001944,100.000000,0.005851,18,18,9720,18,18,0.000000,29.716872,1000,288848,3,1.000000,1.000000,0,1665,0,10479,0
100001575,defense_vs_attack,320.000000,360.000000,0.001944,100.000000,0.012812,18,18,9720,18,18,0.000000,29.201646,1000,283840,3,1.000000,1.000000,0,1670,0,14542,0
100001575,defense_only,420.000000,460.000000,0.001944,100.000000,0.007844,18,18,9720,18,18,0.000000,29.427572,1000,286036,3,1.000000,1.000000,0,1650,0,18639,0
100001580,defense_only,120.000000,160.000000,0.001944,100.000000,0.015316,18,18,9720,18,18,0.000000,26.875720,1000,261232,3,1.000000,1.000000,0,1708,0,6336,0
100001580,attack_only,220.000000,260.000000,0.001944,100.000000,0.006486,18,18,9720,18,18,0.000000,26.853909,1000,261020,3,1.000000,1.000000,0,1652,0,10428,0
100001580,defense_vs_attack,320.000000,360.000000,0.001944,100.000000,0.012435,18,18,9720,18,18,0.000000,26.765844,1000,260164,3,1.000000,1.000000,0,1681,0,14537,0
100001580,baseline,420.000000,460.000000,0.001944,100.000000,0.007794,18,18,9720,18,18,0.000000,26.650617,1000,259044,3,1.000000,1.000000,0,1677,0,18618,0
100001581,baseline,120.000000,160.000000,0.001944,100.000000,0.030761,18,18,9720,18,18,0.000000,28.858436,1000,280504,6,1.000000,1.000000,0,1859,0,6889,0
100001581,defense_vs_attack,220.000000,260.000000,0.000972,50.000000,0.016111,18,9,4860,9,18,50.000000,60.118519,1000,292176,6,1.000000,1.000000,0,1893,0,11398,0
100001581,defense_only,320.000000,360.000000,0.001944,100.000000,0.020202,18,18,9720,18,18,0.000000,28.978189,1000,281668,6,1.000000,1.000000,0,1864,0,15855,0
100001581,attack_only,420.000000,460.000000,0.000000,0.000000,0.000000,18,0,0,0,18,100.000000,0.000000,1000,284296,6,1.000000,1.000000,0,1825,0,20284,0
100001585,defense_vs_attack,120.000000,160.000000,0.000000,0.000000,0.000000,14,0,0,0,18,100.000000,0.000000,1000,295720,8,1.000000,1.000000,0,1839,0,7011,0
100001585,baseline,220.000000,260.000000,0.001944,100.000000,0.038819,18,18,9720,18,18,0.000000,30.998354,1000,301304,8,1.000000,1.000000,0,1961,0,11639,0
100001585,attack_only,320.000000,360.000000,0.000000,0.000000,0.000000,18,0,0,0,18,100.000000,0.000000,1000,309476,8,1.000000,1.000000,0,1859,0,16207,0
100001585,defense_only,420.000000,460.000000,0.001944,100.000000,0.021213,18,18,9720,18,18,0.000000,30.965844,1000,300988,8,1.000000,1.000000,0,1922,0,20840,0
100001586,baseline,120.000000,160.000000,0.001944,100.000000,0.014961,18,18,9720,18,18,0.000000,31.404115,1000,305248,3,1.000000,1.000000,0,1673,0,6543,0
100001586,defense_vs_attack,220.000000,260.000000,0.001944,100.000000,0.006074,18,18,9720,18,18,0.000000,31.169959,1000,302972,3,1.000000,1.000000,0,1684,0,10728,0
100001586,attack_only,320.000000,360.000000,0.001944,100.000000,0.013378,18,18,9720,18,18,0.000000,31.288066,1000,304120,3,1.000000,1.000000,0,1710,0,14933,0
100001586,defense_only,420.000000,460.000000,0.001944,100.000000,0.007327,18,18,9720,18,18,0.000000,31.339095,1000,304616,3,1.000000,1.000000,0,1717,0,19194,0
100001591,attack_only,120.000000,160.000000,0.000000,0.000000,0.000000,18,0,0,0,18,100.000000,0.000000,1000,246108,6,1.000000,1.000000,0,1687,0,6418,0
100001591,defense_vs_attack,220.000000,260.000000,0.000108,5.555556,0.067869,18,1,540,1,18,94.444444,454.985185,1000,245692,6,1.000000,1.000000,0,1790,0,10634,0
100001591,defense_only,320.000000,360.000000,0.001944,100.000000,0.024953,18,18,9720,18,18,0.000000,25.572428,1000,248564,6,1.000000,1.000000,0,1767,0,14851,0
100001591,baseline,420.000000,460.000000,0.001944,100.000000,0.016932,18,18,9720,18,18,0.000000,25.579424,1000,248632,6,1.000000,1.000000,0,1745,0,19077,0
100001596,defense_only,120.000000,160.000000,0.001944,100.000000,0.015173,18,18,9720,18,18,0.000000,26.065021,1000,253352,3,1.000000,1.000000,0,1663,0,6278,0
100001596,baseline,220.000000,260.000000,0.001944,100.000000,0.005789,18,18,9720,18,18,0.000000,26.949794,1000,261952,3,1.000000,1.000000,0,1650,0,10320,0
100001596,defense_vs_attack,320.000000,360.000000,0.001944,100.000000,0.013324,18,18,9720,18,18,0.000000,27.737449,1000,269608,3,1.000000,1.000000,0,1699,0,14408,0
100001596,attack_only,420.000000,460.000000,0.001944,100.000000,0.007239,18,18,9720,18,18,0.000000,27.183128,1000,264220,3,1.000000,1.000000,0,1667,0,18482,0
100001593,baseline,120.000000,160.000000,0.001944,100.000000,0.036863,18,18,9720,18,18,0.000000,31.830864,1000,309396,7,1.000000,1.000000,0,1960,0,7214,0
100001593,attack_only,220.000000,260.000000,0.001944,100.000000,0.014849,18,18,9720,18,18,0.000000,31.467490,1000,305864,7,1.000000,1.000000,0,1895,0,11798,0
100001593,defense_vs_attack,320.000000,360.000000,0.001944,100.000000,0.030374,18,18,9720,18,18,0.000000,31.213169,1000,303392,7,1.000000,1.000000,0,1897,0,16343,0
100001593,defense_only,420.000000,460.000000,0.001944,100.000000,0.017501,18,18,9720,18,18,0.000000,32.162551,1000,312620,7,1.000000,1.000000,0,1969,0,21091,0
100001595,attack_only,120.000000,160.000000,0.001944,100.000000,0.025795,18,18,9720,18,18,0.000000,25.790123,1000,250680,5,1.000000,1.000000,0,1634,0,6115,0
100001595,defense_vs_attack,220.000000,260.000000,0.001944,100.000000,0.009798,18,18,9720,18,18,0.000000,26.003704,1000,252756,5,1.000000,1.000000,0,1641,0,10062,0
100001595,defense_only,320.000000,360.000000,0.001944,100.000000,0.021540,18,18,9720,18,18,0.000000,25.264609,1000,245572,5,1.000000,1.000000,0,1617,0,13958,0
100001595,baseline,420.000000,460.000000,0.001944,100.000000,0.012618,18,18,9720,18,18,0.000000,25.458025,1000,247452,5,1.000000,1.000000,0,1643,0,17875,0
100001599,baseline,120.000000,160.000000,0.001944,100.000000,0.038375,18,18,9720,18,18,0.000000,22.812757,1000,221740,7,1.000000,1.000000,0,1663,0,6118,0
100001599,defense_vs_attack,220.000000,260.000000,0.000000,0.000000,0.000000,17,0,0,0,18,100.000000,0.000000,1000,201092,7,1.000000,1.000000,0,1594,0,9985,0
100001599,attack_only,320.000000,360.000000,0.000000,0.000000,0.000000,18,0,0,0,18,100.000000,0.000000,1000,216068,7,1.000000,1.000000,0,1577,0,13822,0
100001599,defense_only,420.000000,460.000000,0.001944,100.000000,0.019970,18,18,9720,18,18,0.000000,23.016461,1000,223720,7,1.000000,1.000000,0,1660,0,17769,0
100001602,attack_only,120.000000,160.000000,0.000000,0.000000,0.000000,18,0,0,0,18,100.000000,0.000000,1000,305548,5,1.000000,1.000000,0,1689,0,6496,0
100001602,defense_vs_attack,220.000000,260.000000,0.001512,77.777778,0.027911,18,14,7560,14,18,22.222222,42.286243,1000,319684,5,1.000000,1.000000,0,1780,0,10782,0
100001602,baseline,320.000000,360.000000,0.001944,100.000000,0.017133,18,18,9720,18,18,0.000000,32.016872,1000,311204,5,1.000000,1.000000,0,1792,0,15121,0
100001602,defense_only,420.000000,460.000000,0.001944,100.000000,0.015604,18,18,9720,18,18,0.000000,32.524280,1000,316136,5,1.000000,1.000000,0,1776,0,19412,0
100001605,attack_only,120.000000,160.000000,0.000000,0.000000,0.000000,18,0,0,0,18,100.000000,0.000000,1000,255560,5,1.000000,1.000000,0,1551,0,5976,0
100001605,baseline,220.000000,260.000000,0.001944,100.000000,0.020089,18,18,9720,18,18,0.000000,26.102058,1000,253712,5,1.000000,1.000000,0,1617,0,9867,0
100001605,defense_vs_attack,320.000000,360.000000,0.001512,77.777778,0.019174,18,14,7560,14,18,22.222222,33.944974,1000,256624,5,1.000000,1.000000,0,1584,0,13700,0
100001605,defense_only,420.000000,460.000000,0.001944,100.000000,0.018236,18,18,9720,18,18,0.000000,26.024280,1000,252956,5,1.000000,1.000000,0,1634,0,17645,0
100001614,baseline,120.000000,160.000000,0.001944,100.000000,0.018442,18,18,9720,18,18,0.000000,29.246091,1000,284272,3,1.000000,1.000000,0,1681,0,6448,0
100001614,defense_only,220.000000,260.000000,0.001944,100.000000,0.006967,18,18,9720,18,18,0.000000,29.336214,1000,285148,3,1.000000,1.000000,0,1715,0,10630,0
100001614,defense_vs_attack,320.000000,360.000000,0.001944,100.000000,0.012208,18,18,9720,18,18,0.000000,29.439506,1000,286152,3,1.000000,1.000000,0,1684,0,14738,0
100001614,attack_only,420.000000,460.000000,0.001944,100.000000,0.007769,18,18,9720,18,18,0.000000,29.375309,1000,285528,3,1.000000,1.000000,0,1699,0,18891,0
100001616,defense_vs_attack,120.000000,160.000000,0.001944,100.000000,0.031626,18,18,9720,18,18,0.000000,28.273251,1000,274816,6,1.000000,1.000000,0,1726,0,6302,0
100001616,attack_only,220.000000,260.000000,0.001944,100.000000,0.012042,18,18,9720,18,18,0.000000,28.131687,1000,273440,6,1.000000,1.000000,0,1655,0,10334,0
100001616,defense_only,320.000000,360.000000,0.001944,100.000000,0.026796,18,18,9720,18,18,0.000000,27.914403,1000,271328,6,1.000000,1.000000,0,1700,0,14414,0
100001616,baseline,420.000000,460.000000,0.001944,100.000000,0.015128,18,18,9720,18,18,0.000000,27.828807,1000,270496,6,1.000000,1.000000,0,1650,0,18443,0
100001618,defense_vs_attack,120.000000,160.000000,0.000972,50.000000,0.017589,18,9,4860,9,18,50.000000,56.603292,1000,275092,3,1.000000,1.000000,0,1702,0,6452,0
100001618,attack_only,220.000000,260.000000,0.000000,0.000000,0.000000,18,0,0,0,18,100.000000,0.000000,1000,272416,3,1.000000,1.000000,0,1672,0,10600,0
100001618,baseline,320.000000,360.000000,0.001944,100.000000,0.009615,18,18,9720,18,18,0.000000,27.291358,1000,265272,3,1.000000,1.000000,0,1697,0,14734,0
100001618,defense_only,420.000000,460.000000,0.001944,100.000000,0.009516,18,18,9720,18,18,0.000000,27.448148,1000,266796,3,1.000000,1.000000,0,1709,0,18908,0
100001619,attack_only,120.000000,160.000000,0.001944,100.000000,0.020749,18,18,9720,18,18,0.000000,29.072428,1000,282584,4,1.000000,1.000000,0,1704,0,6567,0
100001619,defense_vs_attack,220.000000,260.000000,0.001944,100.000000,0.007794,18,18,9720,18,18,0.000000,29.068724,1000,282548,4,1.000000,1.000000,0,1709,0,10788,0
100001619,baseline,320.000000,360.000000,0.001944,100.000000,0.017331,18,18,9720,18,18,0.000000,29.713169,1000,288812,4,1.000000,1.000000,0,1745,0,15064,0
100001619,defense_only,420.000000,460.000000,0.001944,100.000000,0.009591,18,18,9720,18,18,0.000000,30.016461,1000,291760,4,1.000000,1.000000,0,1783,0,19389,0
100001621,baseline,120.000000,160.000000,0.001944,100.000000,0.047414,18,18,9720,18,18,0.000000,28.586831,1000,277864,9,1.000000,1.000000,0,1884,0,6789,0
100001621,attack_only,220.000000,260.000000,0.001944,100.000000,0.018965,18,18,9720,18,18,0.000000,28.102881,1000,273160,9,1.000000,1.000000,0,1843,0,11152,0
100001621,defense_vs_attack,320.000000,360.000000,0.001404,72.222222,0.039591,18,13,7020,13,18,27.777778,38.990313,1000,273712,9,1.000000,1.000000,0,1830,0,15483,0
100001621,defense_only,420.000000,460.000000,0.001944,100.000000,0.032810,18,18,9720,18,18,0.000000,28.474486,1000,276772,9,1.000000,1.000000,0,1832,0,19900,0
100001622,baseline,120.000000,160.000000,0.001944,100.000000,0.025294,18,18,9720,18,18,0.000000,28.364198,1000,275700,5,1.000000,1.000000,0,1686,0,6203,0
100001622,attack_only,220.000000,260.000000,0.001944,100.000000,0.010649,18,18,9720,18,18,0.000000,29.049794,1000,282364,5,1.000000,1.000000,0,1629,0,10177,0
100001622,defense_only,320.000000,360.000000,0.001620,83.333333,0.026756,18,15,8100,15,18,16.666667,33.543210,1000,271700,5,1.000000,1.000000,0,1655,0,14245,0
100001622,defense_vs_attack,420.000000,460.000000,0.001944,100.000000,0.019887,18,18,9720,18,18,0.000000,29.057202,1000,282436,5,1.000000,1.000000,0,1680,0,18248,0
100001627,attack_only,120.000000,160.000000,0.001944,100.000000,0.031269,18,18,9720,18,18,0.000000,32.815638,1000,318968,6,1.000000,1.000000,0,1824,0,6846,0
100001627,defense_vs_attack,220.000000,260.000000,0.001944,100.000000,0.012147,18,18,9720,18,18,0.000000,32.961728,1000,320388,6,1.000000,1.000000,0,1807,0,11179,0
100001627,baseline,320.000000,360.000000,0.001944,100.000000,0.025672,18,18,9720,18,18,0.000000,32.743621,1000,318268,6,1.000000,1.000000,0,1848,0,15635,0
100001627,defense_only,420.000000,460.000000,0.001944,100.000000,0.014870,18,18,9720,18,18,0.000000,32.629218,1000,317156,6,1.000000,1.000000,0,1837,0,20057,0
100001632,defense_vs_attack,120.000000,160.000000,0.001944,100.000000,0.025671,18,18,9720,18,18,0.000000,28.787243,1000,279812,5,1.000000,1.000000,0,1790,0,6602,0
100001632,attack_only,220.000000,260.000000,0.001944,100.000000,0.010425,18,18,9720,18,18,0.000000,28.989300,1000,281776,5,1.000000,1.000000,0,1769,0,10815,0
100001632,baseline,320.000000,360.000000,0.001944,100.000000,0.021842,18,18,9720,18,18,0.000000,27.917695,1000,271360,5,1.000000,1.000000,0,1717,0,14981,0
100001632,defense_only,420.000000,460.000000,0.001944,100.000000,0.012377,18,18,9720,18,18,0.000000,27.862551,1000,270824,5,1.000000,1.000000,0,1751,0,19174,0
100001633,attack_only,120.000000,160.000000,0.001944,100.000000,0.082346,18,18,9720,18,18,0.000000,29.720576,1000,288884,5,1.000000,1.000000,0,1748,0,6543,0
100001633,defense_only,220.000000,260.000000,0.001944,100.000000,0.010452,18,18,9720,18,18,0.000000,29.388477,1000,285656,5,1.000000,1.000000,0,1765,0,10839,0
100001633,baseline,320.000000,360.000000,0.001944,100.000000,0.021578,18,18,9720,18,18,0.000000,29.160905,1000,283444,5,1.000000,1.000000,0,1722,0,15021,0
100001633,defense_vs_attack,420.000000,460.000000,0.001944,100.000000,0.012474,18,18,9720,18,18,0.000000,29.700412,1000,288688,5,1.000000,1.000000,0,1731,0,19223,0
100001637,defense_only,120.000000,160.000000,0.001944,100.000000,0.036888,18,18,9720,18,18,0.000000,31.011934,1000,301436,7,1.000000,1.000000,0,1901,0,6934,0
100001637,defense_vs_attack,220.000000,260.000000,0.000216,13.333333,0.019180,15,2,1080,2,18,88.888889,236.081481,1000,254968,8,1.000000,1.000000,0,1824,0,11456,0
100001637,baseline,320.000000,360.000000,0.001944,100.000000,0.016038,18,18,9720,18,18,0.000000,31.186008,1000,303128,7,1.000000,1.000000,0,1888,0,15968,0
100001637,attack_only,420.000000,460.000000,0.000000,0.000000,0.000000,13,0,0,0,18,100.000000,0.000000,1000,290664,8,1.000000,1.000000,0,1895,0,20602,0
100001639,baseline,120.000000,160.000000,0.001944,100.000000,0.030670,18,18,9720,18,18,0.000000,29.282716,1000,284628,6,1.000000,1.000000,0,1845,0,6763,0
100001639,defense_vs_attack,220.000000,260.000000,0.001944,100.000000,0.011910,18,18,9720,18,18,0.000000,29.763786,1000,289304,6,1.000000,1.000000,0,1866,0,11233,0
100001639,defense_only,320.000000,360.000000,0.001944,100.000000,0.026643,18,18,9720,18,18,0.000000,29.060082,1000,282464,6,1.000000,1.000000,0,1851,0,15670,0
100001639,attack_only,420.000000,460.000000,0.001944,100.000000,0.015094,18,18,9720,18,18,0.000000,29.104527,1000,282896,6,1.000000,1.000000,0,1798,0,20029,0
100001645,defense_only,120.000000,160.000000,0.001944,100.000000,0.015485,18,18,9720,18,18,0.000000,27.318107,1000,265532,3,1.000000,1.000000,0,1618,0,6213,0
100001645,attack_only,220.000000,260.000000,0.001944,100.000000,0.005996,18,18,9720,18,18,0.000000,27.888477,1000,271076,3,1.000000,1.000000,0,1666,0,10295,0
100001645,baseline,320.000000,360.000000,0.001944,100.000000,0.012811,18,18,9720,18,18,0.000000,27.300000,1000,265356,3,1.000000,1.000000,0,1645,0,14337,0
100001645,defense_vs_attack,420.000000,460.000000,0.001944,100.000000,0.007681,18,18,9720,18,18,0.000000,28.022634,1000,272380,3,1.000000,1.000000,0,1680,0,18432,0
100001648,attack_only,120.000000,160.000000,0.001944,100.000000,0.016990,18,18,9720,18,18,0.000000,23.953086,1000,232824,3,1.000000,1.000000,0,1712,0,6439,0
100001648,defense_vs_attack,220.000000,260.000000,0.001944,100.000000,0.006562,18,18,9720,18,18,0.000000,23.650617,1000,229884,3,1.000000,1.000000,0,1689,0,10604,0
100001648,baseline,320.000000,360.000000,0.001944,100.000000,0.012146,18,18,9720,18,18,0.000000,24.930864,1000,242328,3,1.000000,1.000000,0,1695,0,14744,0
100001648,defense_only,420.000000,460.000000,0.001944,100.000000,0.007854,18,18,9720,18,18,0.000000,24.625103,1000,239356,3,1.000000,1.000000,0,1688,0,18913,0
100001646,defense_only,120.000000,160.000000,0.001944,100.000000,0.025353,18,18,9720,18,18,0.000000,35.048560,1000,340672,5,1.000000,1.000000,0,1889,0,7082,0
100001646,defense_vs_attack,220.000000,260.000000,0.000648,33.333333,0.021318,18,6,3240,6,18,66.666667,107.283951,1000,347600,5,1.000000,1.000000,0,1937,0,11754,0
100001646,baseline,320.000000,360.000000,0.001944,100.000000,0.016406,18,18,9720,18,18,0.000000,35.265432,1000,342780,5,1.000000,1.000000,0,1907,0,16427,0
100001646,attack_only,420.000000,460.000000,0.000000,0.000000,0.000000,18,0,0,0,18,100.000000,0.000000,1000,333976,5,1.000000,1.000000,0,1859,0,21023,0
100001657,defense_only,120.000000,160.000000,0.001944,100.000000,0.027267,18,18,9720,18,18,0.000000,28.458025,1000,276612,5,1.000000,1.000000,0,1746,0,6487,0
100001657,defense_vs_attack,220.000000,260.000000,0.000972,50.000000,0.019451,18,9,4860,9,18,50.000000,58.598354,1000,284788,5,1.000000,1.000000,0,1695,0,10634,0
100001657,attack_only,320.000000,360.000000,0.000000,0.000000,0.000000,18,0,0,0,18,100.000000,0.000000,1000,284752,5,1.000000,1.000000,0,1706,0,14807,0
100001657,baseline,420.000000,460.000000,0.001944,100.000000,0.016189,18,18,9720,18,18,0.000000,28.465021,1000,276680,5,1.000000,1.000000,0,1747,0,19026,0
100001655,attack_only,120.000000,160.000000,0.001944,100.000000,0.015349,18,18,9720,18,18,0.000000,38.425103,1000,373492,3,1.000000,1.000000,0,1905,0,7280,0
100001655,defense_vs_attack,220.000000,260.000000,0.001944,100.000000,0.005788,18,18,9720,18,18,0.000000,38.644856,1000,375628,3,1.000000,1.000000,0,1908,0,11936,0
100001655,baseline,320.000000,360.000000,0.001944,100.000000,0.013154,18,18,9720,18,18,0.000000,37.954733,1000,368920,3,1.000000,1.000000,0,1861,0,16528,0
100001655,defense_only,420.000000,460.000000,0.001944,100.000000,0.007275,18,18,9720,18,18,0.000000,38.127572,1000,370600,3,1.000000,1.000000,0,1881,0,21150,0
100001663,baseline,120.000000,160.000000,0.001944,100.000000,0.020330,18,18,9720,18,18,0.000000,26.449794,1000,257092,4,1.000000,1.000000,0,1690,0,6502,0
100001663,defense_only,220.000000,260.000000,0.001944,100.000000,0.008283,18,18,9720,18,18,0.000000,26.630041,1000,258844,4,1.000000,1.000000,0,1716,0,10688,0
100001663,attack_only,320.000000,360.000000,0.000000,0.000000,0.000000,18,0,0,0,18,100.000000,0.000000,1000,262176,4,1.000000,1.000000,0,1656,0,14830,0
100001663,defense_vs_attack,420.000000,460.000000,0.000216,11.111111,0.599017,18,2,1080,2,18,88.888889,252.814815,1000,273040,4,1.000000,1.000000,0,2301,0,19593,0
100001661,defense_vs_attack,120.000000,160.000000,0.001944,100.000000,0.015630,18,18,9720,18,18,0.000000,28.363374,1000,275692,3,1.000000,1.000000,0,1696,0,6474,0
100001661,attack_only,220.000000,260.000000,0.001944,100.000000,0.005952,18,18,9720,18,18,0.000000,28.241564,1000,274508,3,1.000000,1.000000,0,1697,0,10663,0
100001661,defense_only,320.000000,360.000000,0.001944,100.000000,0.013113,18,18,9720,18,18,0.000000,28.023868,1000,272392,3,1.000000,1.000000,0,1726,0,14871,0
100001661,baseline,420.000000,460.000000,0.001944,100.000000,0.007300,18,18,9720,18,18,0.000000,27.957202,1000,271744,3,1.000000,1.000000,0,1731,0,19088,0
100001664,defense_only,120.000000,160.000000,0.001512,77.777778,0.036169,18,14,7560,14,18,22.222222,28.710582,1000,217052,6,1.000000,1.000000,0,1605,0,6002,0
100001664,baseline,220.000000,260.000000,0.001944,100.000000,0.013745,18,18,9720,18,18,0.000000,23.357202,1000,227032,6,1.000000,1.000000,0,1623,0,9921,0
100001664,attack_only,320.000000,360.000000,0.000000,0.000000,0.000000,18,0,0,0,18,100.000000,0.000000,1000,228960,6,1.000000,1.000000,0,1554,0,13744,0
100001664,defense_vs_attack,420.000000,460.000000,0.000540,27.777778,0.016007,18,5,2700,5,18,72.222222,85.761481,1000,231556,6,1.000000,1.000000,0,1608,0,17634,0
100001665,defense_only,120.000000,160.000000,0.001944,100.000000,0.015706,18,18,9720,18,18,0.000000,28.990947,1000,281792,3,1.000000,1.000000,0,1666,0,6372,0
100001665,baseline,220.000000,260.000000,0.001944,100.000000,0.005897,18,18,9720,18,18,0.000000,29.027572,1000,282148,3,1.000000,1.000000,0,1685,0,10455,0
100001665,defense_vs_attack,320.000000,360.000000,0.001944,100.000000,0.012973,18,18,9720,18,18,0.000000,28.906173,1000,280968,3,1.000000,1.000000,0,1703,0,14573,0
100001665,attack_only,420.000000,460.000000,0.001944,100.000000,0.007219,18,18,9720,18,18,0.000000,29.019753,1000,282072,3,1.000000,1.000000,0,1681,0,18683,0
100001672,defense_only,120.000000,160.000000,0.001944,100.000000,0.025649,18,18,9720,18,18,0.000000,24.316872,1000,236360,5,1.000000,1.000000,0,1688,0,6345,0
100001672,defense_vs_attack,220.000000,260.000000,0.001944,100.000000,0.009799,18,18,9720,18,18,0.000000,23.473251,1000,228160,5,1.000000,1.000000,0,1674,0,10390,0
100001672,attack_only,320.000000,360.000000,0.001944,100.000000,0.022540,18,18,9720,18,18,0.000000,23.323868,1000,226708,5,1.000000,1.000000,0,1651,0,14380,0
100001672,baseline,420.000000,460.000000,0.001944,100.000000,0.012314,18,18,9720,18,18,0.000000,24.429218,1000,237452,5,1.000000,1.000000,0,1689,0,18477,0
100001678,attack_only,120.000000,160.000000,0.001944,100.000000,0.015669,18,18,9720,18,18,0.000000,29.352675,1000,285308,3,1.000000,1.000000,0,1772,0,6793,0
100001678,defense_only,220.000000,260.000000,0.001944,100.000000,0.006054,18,18,9720,18,18,0.000000,29.765844,1000,289324,3,1.000000,1.000000,0,1818,0,11226,0
100001678,baseline,320.000000,360.000000,0.001944,100.000000,0.012491,18,18,9720,18,18,0.000000,29.627160,1000,287976,3,1.000000,1.000000,0,1803,0,15597,0
100001678,defense_vs_attack,420.000000,460.000000,0.001944,100.000000,0.007364,18,18,9720,18,18,0.000000,29.318107,1000,284972,3,1.000000,1.000000,0,1729,0,19929,0
100001689,defense_only,120.000000,160.000000,0.001944,100.000000,0.020698,18,18,9720,18,18,0.000000,27.207819,1000,264460,4,1.000000,1.000000,0,1733,0,6614,0
100001689,attack_only,220.000000,260.000000,0.001944,100.000000,0.007793,18,18,9720,18,18,0.000000,27.685597,1000,269104,4,1.000000,1.000000,0,1776,0,10907,0
100001689,baseline,320.000000,360.000000,0.001944,100.000000,0.017268,18,18,9720,18,18,0.000000,27.426749,1000,266588,4,1.000000,1.000000,0,1773,0,15189,0
100001689,defense_vs_attack,420.000000,460.000000,0.001944,100.000000,0.009735,18,18,9720,18,18,0.000000,27.829218,1000,270500,4,1.000000,1.000000,0,1753,0,19472,0
100001685,baseline,120.000000,160.000000,0.001944,100.000000,0.037440,18,18,9720,18,18,0.000000,28.827160,1000,280200,7,1.000000,1.000000,0,1792,0,6637,0
100001685,defense_vs_attack,220.000000,260.000000,0.000864,44.444444,0.024975,18,8,4320,8,18,55.555556,65.691667,1000,283788,8,1.000000,1.000000,0,1811,0,10956,0
100001685,attack_only,320.000000,360.000000,0.000000,0.000000,0.000000,18,0,0,0,18,100.000000,0.000000,1000,274388,8,1.000000,1.000000,0,1724,0,15184,0
100001685,defense_only,420.000000,460.000000,0.001944,100.000000,0.015970,18,18,9720,18,18,0.000000,29.054733,1000,282412,7,1.000000,1.000000,0,1788,0,19456,0
100001691,attack_only,120.000000,160.000000,0.001944,100.000000,0.015564,18,18,9720,18,18,0.000000,30.789712,1000,299276,3,1.000000,1.000000,0,1745,0,6715,0
100001691,baseline,220.000000,260.000000,0.001944,100.000000,0.006054,18,18,9720,18,18,0.000000,29.913992,1000,290764,3,1.000000,1.000000,0,1721,0,11028,0
100001691,defense_only,320.000000,360.000000,0.001944,100.000000,0.013090,18,18,9720,18,18,0.000000,30.130041,1000,292864,3,1.000000,1.000000,0,1767,0,15369,0
100001691,defense_vs_attack,420.000000,460.000000,0.001944,100.000000,0.007424,18,18,9720,18,18,0.000000,30.990535,1000,301228,3,1.000000,1.000000,0,1757,0,19709,0
100001697,baseline,120.000000,160.000000,0.001944,100.000000,0.025969,18,18,9720,18,18,0.000000,36.325514,1000,353084,5,1.000000,1.000000,0,1880,0,6982,0
100001697,defense_only,220.000000,260.000000,0.001944,100.000000,0.010208,18,18,9720,18,18,0.000000,36.326337,1000,353092,5,1.000000,1.000000,0,1864,0,11532,0
100001697,defense_vs_attack,320.000000,360.000000,0.001944,100.000000,0.025852,18,18,9720,18,18,0.000000,36.060494,1000,350508,5,1.000000,1.000000,0,1841,0,16008,0
100001697,attack_only,420.000000,460.000000,0.001944,100.000000,0.010965,18,18,9720,18,18,0.000000,35.942387,1000,349360,5,1.000000,1.000000,0,1882,0,20599,0
100001700,defense_only,120.000000,160.000000,0.001944,100.000000,0.015181,18,18,9720,18,18,0.000000,24.271193,1000,235916,3,1.000000,1.000000,0,1644,0,6248,0
100001700,baseline,220.000000,260.000000,0.001944,100.000000,0.005789,18,18,9720,18,18,0.000000,24.093827,1000,234192,3,1.000000,1.000000,0,1602,0,10224,0
100001700,defense_vs_attack,320.000000,360.000000,0.001944,100.000000,0.013840,18,18,9720,18,18,0.000000,23.090123,1000,224436,3,1.000000,1.000000,0,1578,0,14130,0
100001700,attack_only,420.000000,460.000000,0.001944,100.000000,0.007447,18,18,9720,18,18,0.000000,23.169547,1000,225208,3,1.000000,1.000000,0,1616,0,18098,0
100001708,defense_vs_attack,120.000000,160.000000,0.001944,100.000000,0.015547,18,18,9720,18,18,0.000000,24.053498,1000,233800,3,1.000000,1.000000,0,1599,0,6217,0
100001708,baseline,220.000000,260.000000,0.001944,100.000000,0.006150,18,18,9720,18,18,0.000000,23.491770,1000,228340,3,1.000000,1.000000,0,1583,0,10160,0
100001708,attack_only,320.000000,360.000000,0.001944,100.000000,0.013038,18,18,9720,18,18,0.000000,24.044856,1000,233716,3,1.000000,1.000000,0,1622,0,14152,0
100001708,defense_only,420.000000,460.000000,0.001944,100.000000,0.007065,18,18,9720,18,18,0.000000,23.967078,1000,232960,3,1.000000,1.000000,0,1647,0,18147,0
100001706,attack_only,120.000000,160.000000,0.000000,0.000000,0.000000,18,0,0,0,18,100.000000,0.000000,1000,269196,4,1.000000,1.000000,0,1736,0,6495,0
100001706,defense_vs_attack,220.000000,260.000000,0.001512,77.777778,0.016410,18,14,7560,14,18,22.222222,35.935450,1000,271672,4,1.000000,1.000000,0,1728,0,10733,0
100001706,baseline,320.000000,360.000000,0.001944,100.000000,0.007066,18,18,9720,18,18,0.000000,26.939506,1000,261852,3,1.000000,1.000000,0,1689,0,14912,0
100001706,defense_only,420.000000,460.000000,0.001944,100.000000,0.011635,18,18,9720,18,18,0.000000,26.834156,1000,260828,3,1.000000,1.000000,0,1677,0,19048,0
100001703,defense_vs_attack,120.000000,160.000000,0.001944,100.000000,0.026007,18,18,9720,18,18,0.000000,32.323457,1000,314184,5,1.000000,1.000000,0,1853,0,6802,0
100001703,defense_only,220.000000,260.000000,0.001944,100.000000,0.010049,18,18,9720,18,18,0.000000,33.515638,1000,325772,5,1.000000,1.000000,0,1807,0,11180,0
100001703,attack_only,320.000000,360.000000,0.001944,100.000000,0.019643,18,18,9720,18,18,0.000000,31.827572,1000,309364,5,1.000000,1.000000,0,1764,0,15483,0
100001703,baseline,420.000000,460.000000,0.001944,100.000000,0.011879,18,18,9720,18,18,0.000000,33.345679,1000,324120,5,1.000000,1.000000,0,1783,0,19773,0
100001716,baseline,120.000000,160.000000,0.001944,100.000000,0.032725,18,18,9720,18,18,0.000000,29.750206,1000,289172,6,1.000000,1.000000,0,1818,0,6807,0
100001716,defense_only,220.000000,260.000000,0.001944,100.000000,0.012850,18,18,9720,18,18,0.000000,29.923457,1000,290856,6,1.000000,1.000000,0,1822,0,11233,0
100001716,attack_only,320.000000,360.000000,0.001944,100.000000,0.024429,18,18,9720,18,18,0.000000,30.340741,1000,294912,6,1.000000,1.000000,0,1870,0,15668,0
100001716,defense_vs_attack,420.000000,460.000000,0.001944,100.000000,0.016585,18,18,9720,18,18,0.000000,30.515226,1000,296608,6,1.000000,1.000000,0,1875,0,20149,0
100001717,defense_vs_attack,120.000000,160.000000,0.000540,27.777778,0.046687,18,5,2700,5,18,72.222222,87.786667,1000,237024,7,1.000000,1.000000,0,1688,0,6362,0
100001717,defense_only,220.000000,260.000000,0.001512,77.777778,0.033781,18,14,7560,14,18,22.222222,30.930688,1000,233836,7,1.000000,1.000000,0,1725,0,10476,0
100001717,baseline,320.000000,360.000000,0.001944,100.000000,0.012908,18,18,9720,18,18,0.000000,24.011111,1000,233388,7,1.000000,1.000000,0,1720,0,14589,0
100001717,attack_only,420.000000,460.000000,0.000000,0.000000,0.000000,18,0,0,0,18,100.000000,0.000000,1000,232692,7,1.000000,1.000000,0,1646,0,18609,0
100001713,attack_only,120.000000,160.000000,0.001944,100.000000,0.046544,18,18,9720,18,18,0.000000,24.472016,1000,237868,9,1.000000,1.000000,0,1802,0,6490,0
100001713,baseline,220.000000,260.000000,0.001944,100.000000,0.017919,18,18,9720,18,18,0.000000,23.455967,1000,227992,9,1.000000,1.000000,0,1734,0,10618,0
100001713,defense_vs_attack,320.000000,360.000000,0.001944,100.000000,0.040125,18,18,9720,18,18,0.000000,24.737037,1000,240444,9,1.000000,1.000000,0,1820,0,14870,0
100001713,defense_only,420.000000,460.000000,0.001944,100.000000,0.021891,18,18,9720,18,18,0.000000,23.446091,1000,227896,9,1.000000,1.000000,0,1773,0,19051,0
100001715,defense_vs_attack,120.000000,160.000000,0.001944,100.000000,0.026475,18,18,9720,18,18,0.000000,29.633745,1000,288040,5,1.000000,1.000000,0,1752,0,6639,0
100001715,attack_only,220.000000,260.000000,0.001944,100.000000,0.010374,18,18,9720,18,18,0.000000,29.653086,1000,288228,5,1.000000,1.000000,0,1751,0,10917,0
100001715,defense_only,320.000000,360.000000,0.001944,100.000000,0.021111,18,18,9720,18,18,0.000000,30.316872,1000,294680,5,1.000000,1.000000,0,1766,0,15249,0
100001715,baseline,420.000000,460.000000,0.001944,100.000000,0.012601,18,18,9720,18,18,0.000000,30.228807,1000,293824,5,1.000000,1.000000,0,1749,0,19565,0
100001718,attack_only,120.000000,160.000000,0.000000,0.000000,0.000000,18,0,0,0,18,100.000000,0.000000,1000,312456,6,1.000000,1.000000,0,1746,0,6597,0
100001718,defense_vs_attack,220.000000,260.000000,0.000540,27.777778,0.043594,18,5,2700,5,18,72.222222,118.739259,1000,320596,6,1.000000,1.000000,0,1814,0,10956,0
100001718,defense_only,320.000000,360.000000,0.001944,100.000000,0.020641,18,18,9720,18,18,0.000000,32.459671,1000,315508,6,1.000000,1.000000,0,1814,0,15297,0
100001718,baseline,420.000000,460.000000,0.001944,100.000000,0.017253,18,18,9720,18,18,0.000000,32.552263,1000,316408,6,1.000000,1.000000,0,1811,0,19626,0
100001724,attack_only,120.000000,160.000000,0.001944,100.000000,0.014927,18,18,9720,18,18,0.000000,23.808230,1000,231416,3,1.000000,1.000000,0,1588,0,6045,0
100001724,defense_vs_attack,220.000000,260.000000,0.001944,100.000000,0.006354,18,18,9720,18,18,0.000000,23.627160,1000,229656,3,1.000000,1.000000,0,1591,0,9920,0
100001724,baseline,320.000000,360.000000,0.001944,100.000000,0.012995,18,18,9720,18,18,0.000000,23.839095,1000,231716,3,1.000000,1.000000,0,1589,0,13790,0
100001724,defense_only,420.000000,460.000000,0.001944,100.000000,0.007218,18,18,9720,18,18,0.000000,23.696296,1000,230328,3,1.000000,1.000000,0,1610,0,17700,0
100001728,baseline,120.000000,160.000000,0.001944,100.000000,0.030621,18,18,9720,18,18,0.000000,25.921399,1000,251956,6,1.000000,1.000000,0,1734,0,6490,0
100001728,defense_only,220.000000,260.000000,0.001944,100.000000,0.013166,18,18,9720,18,18,0.000000,25.711523,1000,249916,6,1.000000,1.000000,0,1731,0,10598,0
100001728,attack_only,320.000000,360.000000,0.001944,100.000000,0.025577,18,18,9720,18,18,0.000000,25.375309,1000,246648,6,1.000000,1.000000,0,1701,0,14696,0
100001728,defense_vs_attack,420.000000,460.000000,0.001944,100.000000,0.014961,18,18,9720,18,18,0.000000,25.617695,1000,249004,6,1.000000,1.000000,0,1703,0,18806,0
100001729,baseline,120.000000,160.000000,0.001944,100.000000,0.015160,18,18,9720,18,18,0.000000,34.506996,1000,335408,3,1.000000,1.000000,0,1823,0,6927,0
100001729,defense_vs_attack,220.000000,260.000000,0.001944,100.000000,0.005790,18,18,9720,18,18,0.000000,33.614403,1000,326732,3,1.000000,1.000000,0,1807,0,11360,0
100001729,attack_only,320.000000,360.000000,0.001944,100.000000,0.012897,18,18,9720,18,18,0.000000,33.613580,1000,326724,3,1.000000,1.000000,0,1798,0,15824,0
100001729,defense_only,420.000000,460.000000,0.001944,100.000000,0.007277,18,18,9720,18,18,0.000000,34.777366,1000,338036,3,1.000000,1.000000,0,1825,0,20284,0
100001727,defense_vs_attack,120.000000,160.000000,0.001944,100.000000,0.015612,18,18,9720,18,18,0.000000,31.247737,1000,303728,3,1.000000,1.000000,0,1932,0,7331,0
100001727,attack_only,220.000000,260.000000,0.001944,100.000000,0.005937,18,18,9720,18,18,0.000000,30.998354,1000,301304,3,1.000000,1.000000,0,1921,0,12122,0
100001727,baseline,320.000000,360.000000,0.001944,100.000000,0.012932,18,18,9720,18,18,0.000000,29.537449,1000,287104,3,1.000000,1.000000,0,1896,0,16744,0
100001727,defense_only,420.000000,460.000000,0.001944,100.000000,0.007627,18,18,9720,18,18,0.000000,29.249383,1000,284304,3,1.000000,1.000000,0,1870,0,21328,0
100001734,defense_vs_attack,120.000000,160.000000,0.001944,100.000000,0.020434,18,18,9720,18,18,0.000000,30.875720,1000,300112,4,1.000000,1.000000,0,1816,0,6885,0
100001734,attack_only,220.000000,260.000000,0.001944,100.000000,0.007830,18,18,9720,18,18,0.000000,31.401646,1000,305224,4,1.000000,1.000000,0,1870,0,11428,0
100001734,baseline,320.000000,360.000000,0.001944,100.000000,0.017176,18,18,9720,18,18,0.000000,30.993827,1000,301260,4,1.000000,1.000000,0,1830,0,15882,0
100001734,defense_only,420.000000,460.000000,0.001944,100.000000,0.009627,18,18,9720,18,18,0.000000,30.878189,1000,300136,4,1.000000,1.000000,0,1797,0,20284,0
100001741,defense_only,120.000000,160.000000,0.001944,100.000000,0.015131,18,18,9720,18,18,0.000000,22.321399,1000,216964,3,1.000000,1.000000,0,1526,0,5786,0
100001741,attack_only,220.000000,260.000000,0.001944,100.000000,0.006014,18,18,9720,18,18,0.000000,21.840329,1000,212288,3,1.000000,1.000000,0,1529,0,9530,0
100001741,baseline,320.000000,360.000000,0.001944,100.000000,0.012705,18,18,9720,18,18,0.000000,22.514403,1000,218840,3,1.000000,1.000000,0,1542,0,13270,0
100001741,defense_vs_attack,420.000000,460.000000,0.001944,100.000000,0.007277,18,18,9720,18,18,0.000000,21.585597,1000,209812,3,1.000000,1.000000,0,1514,0,16993,0
100001742,attack_only,120.000000,160.000000,0.001944,100.000000,0.025797,18,18,9720,18,18,0.000000,31.604527,1000,307196,5,1.000000,1.000000,0,1864,0,6811,0
100001742,defense_only,220.000000,260.000000,0.001944,100.000000,0.009797,18,18,9720,18,18,0.000000,30.836626,1000,299732,5,1.000000,1.000000,0,1832,0,11211,0
100001742,defense_vs_attack,320.000000,360.000000,0.001944,100.000000,0.021925,18,18,9720,18,18,0.000000,31.327984,1000,304508,5,1.000000,1.000000,0,1795,0,15615,0
100001742,baseline,420.000000,460.000000,0.001944,100.000000,0.011932,18,18,9720,18,18,0.000000,31.065432,1000,301956,5,1.000000,1.000000,0,1810,0,20057,0
100001743,baseline,120.000000,160.000000,0.001944,100.000000,0.036724,18,18,9720,18,18,0.000000,29.048971,1000,282356,7,1.000000,1.000000,0,1796,0,6581,0
100001743,attack_only,220.000000,260.000000,0.000000,0.000000,0.000000,18,0,0,0,18,100.000000,0.000000,1000,293336,8,1.000000,1.000000,0,1731,0,10816,0
100001743,defense_only,320.000000,360.000000,0.001944,100.000000,0.016473,18,18,9720,18,18,0.000000,29.206173,1000,283884,7,1.000000,1.000000,0,1797,0,15091,0
100001743,defense_vs_attack,420.000000,460.000000,0.001512,77.777778,0.028821,18,14,7560,14,18,22.222222,39.314815,1000,297220,8,1.000000,1.000000,0,1778,0,19388,0
100001747,attack_only,120.000000,160.000000,0.000000,0.000000,0.000000,18,0,0,0,18,100.000000,0.000000,1000,245892,6,1.000000,1.000000,0,1655,0,6189,0
100001747,defense_vs_attack,220.000000,260.000000,0.000324,16.666667,0.042696,18,3,1620,3,18,83.333333,152.839506,1000,247600,6,1.000000,1.000000,0,1665,0,10220,0
100001747,defense_only,320.000000,360.000000,0.001944,100.000000,0.022834,18,18,9720,18,18,0.000000,25.941152,1000,252148,6,1.000000,1.000000,0,1690,0,14264,0
100001747,baseline,420.000000,460.000000,0.001944,100.000000,0.018755,18,18,9720,18,18,0.000000,25.697942,1000,249784,6,1.000000,1.000000,0,1674,0,18331,0
100001750,defense_vs_attack,120.000000,160.000000,0.001944,100.000000,0.020235,18,18,9720,18,18,0.000000,29.917284,1000,290796,4,1.000000,1.000000,0,1729,0,6674,0
100001750,baseline,220.000000,260.000000,0.001944,100.000000,0.007863,18,18,9720,18,18,0.000000,32.456790,1000,315480,4,1.000000,1.000000,0,1822,0,11026,0
100001750,attack_only,320.000000,360.000000,0.001944,100.000000,0.018005,18,18,9720,18,18,0.000000,30.066255,1000,292244,4,1.000000,1.000000,0,1768,0,15296,0
100001750,defense_only,420.000000,460.000000,0.001944,100.000000,0.013182,18,18,9720,18,18,0.000000,32.259671,1000,313564,4,1.000000,1.000000,0,1797,0,19698,0
100001759,attack_only,120.000000,160.000000,0.001944,100.000000,0.019786,18,18,9720,18,18,0.000000,27.866667,1000,270864,4,1.000000,1.000000,0,1733,0,6501,0
100001759,defense_only,220.000000,260.000000,0.001944,100.000000,0.008136,18,18,9720,18,18,0.000000,27.672016,1000,268972,4,1.000000,1.000000,0,1723,0,10681,0
100001759,baseline,320.000000,360.000000,0.001944,100.000000,0.018172,18,18,9720,18,18,0.000000,27.420165,1000,266524,4,1.000000,1.000000,0,1681,0,14805,0
100001759,defense_vs_attack,420.000000,460.000000,0.001944,100.000000,0.009871,18,18,9720,18,18,0.000000,27.461728,1000,266928,4,1.000000,1.000000,0,1719,0,18977,0
100001758,attack_only,120.000000,160.000000,0.000000,0.000000,0.000000,18,0,0,0,18,100.000000,0.000000,1000,265244,4,1.000000,1.000000,0,1689,0,6407,0
100001758,defense_vs_attack,220.000000,260.000000,0.001512,77.777778,0.021255,18,14,7560,14,18,22.222222,35.371429,1000,267408,4,1.000000,1.000000,0,1706,0,10543,0
100001758,baseline,320.000000,360.000000,0.001944,100.000000,0.016269,18,18,9720,18,18,0.000000,26.835391,1000,260840,4,1.000000,1.000000,0,1729,0,14689,0
100001758,defense_only,420.000000,460.000000,0.001944,100.000000,0.012311,18,18,9720,18,18,0.000000,26.469136,1000,257280,4,1.000000,1.000000,0,1669,0,18753,0
100001765,attack_only,120.000000,160.000000,0.001944,100.000000,0.021072,18,18,9720,18,18,0.000000,34.569136,1000,336012,4,1.000000,1.000000,0,1830,0,6808,0
100001765,defense_only,220.000000,260.000000,0.001944,100.000000,0.007889,18,18,9720,18,18,0.000000,34.204938,1000,332472,4,1.000000,1.000000,0,1829,0,11250,0
100001765,defense_vs_attack,320.000000,360.000000,0.001944,100.000000,0.017754,18,18,9720,18,18,0.000000,34.159671,1000,332032,4,1.000000,1.000000,0,1790,0,15653,0
100001765,baseline,420.000000,460.000000,0.001944,100.000000,0.009499,18,18,9720,18,18,0.000000,34.297942,1000,333376,4,1.000000,1.000000,0,1779,0,20064,0
100001770,defense_only,120.000000,160.000000,0.001944,100.000000,0.020536,18,18,9720,18,18,0.000000,28.644444,1000,278424,4,1.000000,1.000000,0,1775,0,6692,0
100001770,attack_only,220.000000,260.000000,0.001944,100.000000,0.007992,18,18,9720,18,18,0.000000,29.127572,1000,283120,4,1.000000,1.000000,0,1753,0,10980,0
100001770,defense_vs_attack,320.000000,360.000000,0.001944,100.000000,0.014800,18,18,9720,18,18,0.000000,29.213992,1000,283960,4,1.000000,1.000000,0,1790,0,15280,0
100001770,baseline,420.000000,460.000000,0.001944,100.000000,0.011557,18,18,9720,18,18,0.000000,28.656379,1000,278540,4,1.000000,1.000000,0,1771,0,19591,0
100001774,baseline,120.000000,160.000000,0.001944,100.000000,0.020091,18,18,9720,18,18,0.000000,25.966667,1000,252396,4,1.000000,1.000000,0,1613,0,6122,0
100001774,defense_vs_attack,220.000000,260.000000,0.001944,100.000000,0.007838,18,18,9720,18,18,0.000000,27.550206,1000,267788,4,1.000000,1.000000,0,1609,0,10110,0
100001774,attack_only,320.000000,360.000000,0.001944,100.000000,0.017526,18,18,9720,18,18,0.000000,27.709465,1000,269336,4,1.000000,1.000000,0,1600,0,14073,0
100001774,defense_only,420.000000,460.000000,0.001944,100.000000,0.009704,18,18,9720,18,18,0.000000,26.051029,1000,253216,4,1.000000,1.000000,0,1594,0,17989,0
100001772,baseline,120.000000,160.000000,0.001944,100.000000,0.025447,18,18,9720,18,18,0.000000,32.258025,1000,313548,5,1.000000,1.000000,0,1829,0,6945,0
100001772,defense_only,220.000000,260.000000,0.001944,100.000000,0.010232,18,18,9720,18,18,0.000000,32.114815,1000,312156,5,1.000000,1.000000,0,1838,0,11402,0
100001772,defense_vs_attack,320.000000,360.000000,0.001944,100.000000,0.024658,18,18,9720,18,18,0.000000,33.098765,1000,321720,5,1.000000,1.000000,0,1860,0,15926,0
100001772,attack_only,420.000000,460.000000,0.001944,100.000000,0.015698,18,18,9720,18,18,0.000000,32.882305,1000,319616,5,1.000000,1.000000,0,1813,0,20437,0
100001775,attack_only,120.000000,160.000000,0.000000,0.000000,0.000000,18,0,0,0,18,100.000000,0.000000,1000,322648,6,1.000000,1.000000,0,1740,0,6623,0
100001775,defense_vs_attack,220.000000,260.000000,0.000972,50.000000,0.036267,18,9,4860,9,18,50.000000,66.399177,1000,322700,6,1.000000,1.000000,0,1814,0,11000,0
100001775,baseline,320.000000,360.000000,0.001944,100.000000,0.019473,18,18,9720,18,18,0.000000,32.708230,1000,317924,6,1.000000,1.000000,0,1762,0,15270,0
100001775,defense_only,420.000000,460.000000,0.001944,100.000000,0.020126,18,18,9720,18,18,0.000000,32.768724,1000,318512,6,1.000000,1.000000,0,1783,0,19583,0
100001777,defense_vs_attack,120.000000,160.000000,0.001944,100.000000,0.020443,18,18,9720,18,18,0.000000,26.708230,1000,259604,4,1.000000,1.000000,0,1717,0,6453,0
100001777,defense_only,220.000000,260.000000,0.001944,100.000000,0.007853,18,18,9720,18,18,0.000000,26.137037,1000,254052,4,1.000000,1.000000,0,1637,0,10525,0
100001777,baseline,320.000000,360.000000,0.001944,100.000000,0.017174,18,18,9720,18,18,0.000000,25.956790,1000,252300,4,1.000000,1.000000,0,1662,0,14584,0
100001777,attack_only,420.000000,460.000000,0.001944,100.000000,0.009669,18,18,9720,18,18,0.000000,26.997942,1000,262420,4,1.000000,1.000000,0,1743,0,18793,0
100001779,defense_vs_attack,120.000000,160.000000,0.001944,100.000000,0.046672,18,18,9720,18,18,0.000000,29.675309,1000,288444,9,1.000000,1.000000,0,1828,0,6622,0
100001779,defense_only,220.000000,260.000000,0.001944,100.000000,0.026670,18,18,9720,18,18,0.000000,28.377366,1000,275828,9,1.000000,1.000000,0,1799,0,10900,0
100001779,attack_only,320.000000,360.000000,0.001944,100.000000,0.034823,18,18,9720,18,18,0.000000,30.097942,1000,292552,9,1.000000,1.000000,0,1814,0,15188,0
100001779,baseline,420.000000,460.000000,0.001944,100.000000,0.023977,18,18,9720,18,18,0.000000,28.378601,1000,275840,9,1.000000,1.000000,0,1765,0,19386,0
100001780,baseline,120.000000,160.000000,0.001944,100.000000,0.030431,18,18,9720,18,18,0.000000,23.253086,1000,226020,6,1.000000,1.000000,0,1594,0,5926,0
100001780,attack_only,220.000000,260.000000,0.001944,100.000000,0.012022,18,18,9720,18,18,0.000000,23.076543,1000,224304,6,1.000000,1.000000,0,1568,0,9652,0
100001780,defense_vs_attack,320.000000,360.000000,0.001944,100.000000,0.026357,18,18,9720,18,18,0.000000,23.502469,1000,228444,6,1.000000,1.000000,0,1600,0,13412,0
100001780,defense_only,420.000000,460.000000,0.001944,100.000000,0.015024,18,18,9720,18,18,0.000000,23.295885,1000,226436,6,1.000000,1.000000,0,1565,0,17177,0
100001782,defense_only,120.000000,160.000000,0.001944,100.000000,0.030684,18,18,9720,18,18,0.000000,26.187654,1000,254544,6,1.000000,1.000000,0,1708,0,6357,0
100001782,defense_vs_attack,220.000000,260.000000,0.001944,100.000000,0.028185,18,18,9720,18,18,0.000000,25.374897,1000,246644,6,1.000000,1.000000,0,1709,0,10430,0
100001782,attack_only,320.000000,360.000000,0.001944,100.000000,0.014673,18,18,9720,18,18,0.000000,25.912757,1000,251872,6,1.000000,1.000000,0,1709,0,14539,0
100001782,baseline,420.000000,460.000000,0.001944,100.000000,0.023859,18,18,9720,18,18,0.000000,25.969136,1000,252420,6,1.000000,1.000000,0,1704,0,18595,0
100001783,defense_vs_attack,120.000000,160.000000,0.000756,38.888889,0.050063,18,7,3780,7,18,61.111111,103.911111,1000,392784,6,1.000000,1.000000,0,1995,0,7445,0
100001783,attack_only,220.000000,260.000000,0.000000,0.000000,0.000000,18,0,0,0,18,100.000000,0.000000,1000,375200,6,1.000000,1.000000,0,1927,0,12169,0
100001783,baseline,320.000000,360.000000,0.001944,100.000000,0.020842,18,18,9720,18,18,0.000000,39.374486,1000,382720,6,1.000000,1.000000,0,1950,0,16908,0
100001783,defense_only,420.000000,460.000000,0.001944,100.000000,0.018264,18,18,9720,18,18,0.000000,39.619342,1000,385100,6,1.000000,1.000000,0,2005,0,21741,0
100001785,defense_only,120.000000,160.000000,0.001944,100.000000,0.026180,18,18,9720,18,18,0.000000,35.674897,1000,346760,5,1.000000,1.000000,0,1942,0,7250,0
100001785,baseline,220.000000,260.000000,0.001944,100.000000,0.009797,18,18,9720,18,18,0.000000,35.534979,1000,345400,5,1.000000,1.000000,0,1935,0,11976,0
100001785,attack_only,320.000000,360.000000,0.000000,0.000000,0.000000,18,0,0,0,18,100.000000,0.000000,1000,336356,5,1.000000,1.000000,0,1882,0,16593,0
100001785,defense_vs_attack,420.000000,460.000000,0.000972,50.000000,0.023357,18,9,4860,9,18,50.000000,68.851852,1000,334620,5,1.000000,1.000000,0,1889,0,21289,0
100001788,baseline,120.000000,160.000000,0.001944,100.000000,0.031063,18,18,9720,18,18,0.000000,23.946091,1000,232756,6,1.000000,1.000000,0,1714,0,6330,0
100001788,attack_only,220.000000,260.000000,0.000000,0.000000,0.000000,18,0,0,0,18,100.000000,0.000000,1000,236556,6,1.000000,1.000000,0,1645,0,10390,0
100001788,defense_vs_attack,320.000000,360.000000,0.001080,55.555556,0.166755,18,10,5400,10,18,44.444444,42.418519,1000,229060,6,1.000000,1.000000,0,2043,0,14875,0
100001788,defense_only,420.000000,460.000000,0.001944,100.000000,0.019881,18,18,9720,18,18,0.000000,23.852675,1000,231848,6,1.000000,1.000000,0,1707,0,19023,0
100001789,defense_vs_attack,120.000000,160.000000,0.001944,100.000000,0.031917,18,18,9720,18,18,0.000000,30.690947,1000,298316,6,1.000000,1.000000,0,1845,0,6800,0
100001789,baseline,220.000000,260.000000,0.001944,100.000000,0.012016,18,18,9720,18,18,0.000000,29.417284,1000,285936,6,1.000000,1.000000,0,1820,0,11228,0
100001789,defense_only,320.000000,360.000000,0.001944,100.000000,0.026052,18,18,9720,18,18,0.000000,29.479012,1000,286536,6,1.000000,1.000000,0,1806,0,15607,0
100001789,attack_only,420.000000,460.000000,0.001944,100.000000,0.014579,18,18,9720,18,18,0.000000,30.579835,1000,297236,6,1.000000,1.000000,0,1866,0,20082,0
100001790,attack_only,120.000000,160.000000,0.001944,100.000000,0.026466,18,18,9720,18,18,0.000000,31.666667,1000,307800,5,1.000000,1.000000,0,1766,0,6709,0
100001790,defense_vs_attack,220.000000,260.000000,0.001944,100.000000,0.010105,18,18,9720,18,18,0.000000,31.601646,1000,307168,5,1.000000,1.000000,0,1773,0,11030,0
100001790,baseline,320.000000,360.000000,0.001944,100.000000,0.025995,18,18,9720,18,18,0.000000,31.574074,1000,306900,5,1.000000,1.000000,0,1757,0,15262,0
100001790,defense_only,420.000000,460.000000,0.001944,100.000000,0.010042,18,18,9720,18,18,0.000000,31.867901,1000,309756,5,1.000000,1.000000,0,1767,0,19558,0
100001792,attack_only,120.000000,160.000000,0.001944,100.000000,0.020842,18,18,9720,18,18,0.000000,28.661728,1000,278592,4,1.000000,1.000000,0,1832,0,6885,0
100001792,baseline,220.000000,260.000000,0.001944,100.000000,0.007904,18,18,9720,18,18,0.000000,27.459259,1000,266904,4,1.000000,1.000000,0,1769,0,11229,0
100001792,defense_vs_attack,320.000000,360.000000,0.001944,100.000000,0.017367,18,18,9720,18,18,0.000000,28.437449,1000,276412,4,1.000000,1.000000,0,1863,0,15728,0
100001792,defense_only,420.000000,460.000000,0.001944,100.000000,0.010095,18,18,9720,18,18,0.000000,27.361317,1000,265952,4,1.000000,1.000000,0,1731,0,20065,0
100001801,defense_only,120.000000,160.000000,0.001944,100.000000,0.030915,18,18,9720,18,18,0.000000,21.511934,1000,209096,6,1.000000,1.000000,0,1635,0,5917,0
100001801,attack_only,220.000000,260.000000,0.001944,100.000000,0.022024,18,18,9720,18,18,0.000000,22.406584,1000,217792,6,1.000000,1.000000,0,1638,0,9856,0
100001801,defense_vs_attack,320.000000,360.000000,0.001944,100.000000,0.017750,18,18,9720,18,18,0.000000,22.433333,1000,218052,6,1.000000,1.000000,0,1629,0,13774,0
100001801,baseline,420.000000,460.000000,0.001944,100.000000,0.021526,18,18,9720,18,18,0.000000,21.275309,1000,206796,6,1.000000,1.000000,0,1567,0,17595,0
100001798,baseline,120.000000,160.000000,0.001944,100.000000,0.020958,18,18,9720,18,18,0.000000,31.446502,1000,305660,4,1.000000,1.000000,0,1788,0,6758,0
100001798,defense_vs_attack,220.000000,260.000000,0.001080,55.555556,0.035565,18,10,5400,10,18,44.444444,56.226667,1000,303624,4,1.000000,1.000000,0,1832,0,11138,0
100001798,attack_only,320.000000,360.000000,0.000000,0.000000,0.000000,18,0,0,0,18,100.000000,0.000000,1000,298256,4,1.000000,1.000000,0,1725,0,15413,0
100001798,defense_only,420.000000,460.000000,0.001944,100.000000,0.014518,18,18,9720,18,18,0.000000,31.017695,1000,301492,4,1.000000,1.000000,0,1746,0,19693,0
100001806,attack_only,120.000000,160.000000,0.001944,100.000000,0.021187,18,18,9720,18,18,0.000000,28.903704,1000,280944,4,1.000000,1.000000,0,1745,0,6565,0
100001806,baseline,220.000000,260.000000,0.001944,100.000000,0.016564,18,18,9720,18,18,0.000000,29.272840,1000,284532,4,1.000000,1.000000,0,1719,0,10732,0
100001806,defense_vs_attack,320.000000,360.000000,0.001944,100.000000,0.013373,18,18,9720,18,18,0.000000,28.400412,1000,276052,4,1.000000,1.000000,0,1724,0,14944,0
100001806,defense_only,420.000000,460.000000,0.001944,100.000000,0.008148,18,18,9720,18,18,0.000000,29.333745,1000,285124,4,1.000000,1.000000,0,1715,0,19161,0
100001805,defense_vs_attack,120.000000,160.000000,0.001944,100.000000,0.086945,18,18,9720,18,18,0.000000,33.857202,1000,329092,6,1.000000,1.000000,0,1987,0,7267,0
100001805,attack_only,220.000000,260.000000,0.001944,100.000000,0.012208,18,18,9720,18,18,0.000000,33.486831,1000,325492,6,1.000000,1.000000,0,1961,0,12015,0
100001805,defense_only,320.000000,360.000000,0.001944,100.000000,0.025489,18,18,9720,18,18,0.000000,32.288066,1000,313840,6,1.000000,1.000000,0,1965,0,16716,0
100001805,baseline,420.000000,460.000000,0.001944,100.000000,0.015302,18,18,9720,18,18,0.000000,31.915226,1000,310216,6,1.000000,1.000000,0,1920,0,21376,0
100001804,defense_only,120.000000,160.000000,0.001944,100.000000,0.076018,18,18,9720,18,18,0.000000,30.110288,1000,292672,4,1.000000,1.000000,0,1742,0,6540,0
100001804,defense_vs_attack,220.000000,260.000000,0.001944,100.000000,0.022756,18,18,9720,18,18,0.000000,28.610288,1000,278092,5,1.000000,1.000000,0,1714,0,10700,0
100001804,attack_only,320.000000,360.000000,0.001944,100.000000,0.012273,18,18,9720,18,18,0.000000,28.728807,1000,279244,5,1.000000,1.000000,0,1713,0,14825,0
100001804,baseline,420.000000,460.000000,0.001944,100.000000,0.008330,18,18,9720,18,18,0.000000,29.681070,1000,288500,4,1.000000,1.000000,0,1748,0,19017,0
100001807,attack_only,120.000000,160.000000,0.000000,0.000000,0.000000,18,0,0,0,18,100.000000,0.000000,1000,302192,5,1.000000,1.000000,0,1688,0,6635,0
100001807,defense_only,220.000000,260.000000,0.001944,100.000000,0.025940,18,18,9720,18,18,0.000000,31.806584,1000,309160,5,1.000000,1.000000,0,1790,0,10945,0
100001807,defense_vs_attack,320.000000,360.000000,0.000972,50.000000,0.012038,18,9,4860,9,18,50.000000,62.877366,1000,305584,5,1.000000,1.000000,0,1745,0,15215,0
100001807,baseline,420.000000,460.000000,0.001944,100.000000,0.013327,18,18,9720,18,18,0.000000,32.067490,1000,311696,5,1.000000,1.000000,0,1759,0,19532,0
100001809,baseline,120.000000,160.000000,0.001944,100.000000,0.102560,18,18,9720,18,18,0.000000,23.610288,1000,229492,9,1.000000,1.000000,0,1743,0,6293,0
100001809,defense_only,220.000000,260.000000,0.001944,100.000000,0.018325,18,18,9720,18,18,0.000000,23.240329,1000,225896,9,1.000000,1.000000,0,1707,0,10334,0
100001809,defense_vs_attack,320.000000,360.000000,0.000972,50.000000,0.042751,18,9,4860,9,18,50.000000,47.600823,1000,231340,9,1.000000,1.000000,0,1707,0,14367,0
100001809,attack_only,420.000000,460.000000,0.000000,0.000000,0.000000,18,0,0,0,18,100.000000,0.000000,1000,231140,9,1.000000,1.000000,0,1693,0,18402,0
100001810,attack_only,120.000000,160.000000,0.001944,100.000000,0.025431,18,18,9720,18,18,0.000000,32.001235,1000,311052,5,1.000000,1.000000,0,1873,0,6920,0
100001810,defense_vs_attack,220.000000,260.000000,0.001944,100.000000,0.010151,18,18,9720,18,18,0.000000,32.116461,1000,312172,5,1.000000,1.000000,0,1857,0,11409,0
100001810,defense_only,320.000000,360.000000,0.001944,100.000000,0.021869,18,18,9720,18,18,0.000000,31.515638,1000,306332,5,1.000000,1.000000,0,1813,0,15847,0
100001810,baseline,420.000000,460.000000,0.001944,100.000000,0.013750,18,18,9720,18,18,0.000000,31.527160,1000,306444,5,1.000000,1.000000,0,1835,0,20310,0
100001813,defense_only,120.000000,160.000000,0.001944,100.000000,0.015418,18,18,9720,18,18,0.000000,27.340741,1000,265752,3,1.000000,1.000000,0,1670,0,6392,0
100001813,attack_only,220.000000,260.000000,0.001944,100.000000,0.005790,18,18,9720,18,18,0.000000,25.311934,1000,246032,3,1.000000,1.000000,0,1614,0,10395,0
100001813,defense_vs_attack,320.000000,360.000000,0.001944,100.000000,0.013024,18,18,9720,18,18,0.000000,25.150206,1000,244460,3,1.000000,1.000000,0,1653,0,14421,0
100001813,baseline,420.000000,460.000000,0.001944,100.000000,0.007131,18,18,9720,18,18,0.000000,27.142387,1000,263824,3,1.000000,1.000000,0,1663,0,18544,0
100001817,attack_only,120.000000,160.000000,0.001944,100.000000,0.025784,18,18,9720,18,18,0.000000,35.877366,1000,348728,5,1.000000,1.000000,0,1939,0,7118,0
100001817,defense_vs_attack,220.000000,260.000000,0.001944,100.000000,0.010439,18,18,9720,18,18,0.000000,35.686420,1000,346872,5,1.000000,1.000000,0,1837,0,11668,0
100001817,defense_only,320.000000,360.000000,0.001944,100.000000,0.021248,18,18,9720,18,18,0.000000,35.617284,1000,346200,5,1.000000,1.000000,0,1861,0,16203,0
100001817,baseline,420.000000,460.000000,0.001944,100.000000,0.012549,18,18,9720,18,18,0.000000,35.179835,1000,341948,5,1.000000,1.000000,0,1863,0,20767,0
100001825,baseline,120.000000,160.000000,0.001944,100.000000,0.037103,18,18,9720,18,18,0.000000,23.946091,1000,232756,7,1.000000,1.000000,0,1683,0,6152,0
100001825,attack_only,220.000000,260.000000,0.001944,100.000000,0.014917,18,18,9720,18,18,0.000000,24.077366,1000,234032,7,1.000000,1.000000,0,1664,0,10124,0
100001825,defense_vs_attack,320.000000,360.000000,0.001944,100.000000,0.031228,18,18,9720,18,18,0.000000,24.263786,1000,235844,7,1.000000,1.000000,0,1700,0,14134,0
100001825,defense_only,420.000000,460.000000,0.001944,100.000000,0.019611,18,18,9720,18,18,0.000000,23.854321,1000,231864,7,1.000000,1.000000,0,1651,0,18094,0
100001827,attack_only,120.000000,160.000000,0.000000,0.000000,0.000000,18,0,0,0,18,100.000000,0.000000,1000,327376,5,1.000000,1.000000,0,1825,0,6839,0
100001827,baseline,220.000000,260.000000,0.001944,100.000000,0.016377,18,18,9720,18,18,0.000000,34.338272,1000,333768,5,1.000000,1.000000,0,1858,0,11378,0
100001827,defense_only,320.000000,360.000000,0.001944,100.000000,0.016532,18,18,9720,18,18,0.000000,34.612757,1000,336436,5,1.000000,1.000000,0,1876,0,15948,0
100001827,defense_vs_attack,420.000000,460.000000,0.000000,0.000000,0.000000,18,0,0,0,18,100.000000,0.000000,1000,331928,5,1.000000,1.000000,0,2001,0,20570,0
100001838,attack_only,120.000000,160.000000,0.000000,0.000000,0.000000,18,0,0,0,18,100.000000,0.000000,1000,272052,5,1.000000,1.000000,0,1673,0,6519,0
100001838,defense_vs_attack,220.000000,260.000000,0.000972,50.000000,0.027078,18,9,4860,9,18,50.000000,56.158025,1000,272928,5,1.000000,1.000000,0,1772,0,10772,0
100001838,defense_only,320.000000,360.000000,0.001944,100.000000,0.016048,18,18,9720,18,18,0.000000,28.464198,1000,276672,5,1.000000,1.000000,0,1753,0,15008,0
100001838,baseline,420.000000,460.000000,0.001944,100.000000,0.014387,18,18,9720,18,18,0.000000,28.446502,1000,276500,5,1.000000,1.000000,0,1737,0,19251,0
100001835,attack_only,120.000000,160.000000,0.001944,100.000000,0.025734,18,18,9720,18,18,0.000000,28.871605,1000,280632,5,1.000000,1.000000,0,1773,0,6646,0
100001835,defense_only,220.000000,260.000000,0.001944,100.000000,0.009844,18,18,9720,18,18,0.000000,29.610288,1000,287812,5,1.000000,1.000000,0,1761,0,10934,0
100001835,defense_vs_attack,320.000000,360.000000,0.001944,100.000000,0.021825,18,18,9720,18,18,0.000000,29.490123,1000,286644,5,1.000000,1.000000,0,1806,0,15247,0
100001835,baseline,420.000000,460.000000,0.001944,100.000000,0.012090,18,18,9720,18,18,0.000000,29.920165,1000,290824,5,1.000000,1.000000,0,1796,0,19601,0
100001841,attack_only,120.000000,160.000000,0.000000,0.000000,0.000000,18,0,0,0,18,100.000000,0.000000,1000,247024,5,1.000000,1.000000,0,1609,0,6142,0
100001841,defense_only,220.000000,260.000000,0.001944,100.000000,0.020271,18,18,9720,18,18,0.000000,25.316461,1000,246076,5,1.000000,1.000000,0,1646,0,10144,0
100001841,baseline,320.000000,360.000000,0.001944,100.000000,0.014824,18,18,9720,18,18,0.000000,25.090123,1000,243876,5,1.000000,1.000000,0,1640,0,14115,0
100001841,defense_vs_attack,420.000000,460.000000,0.001080,55.555556,0.038431,18,10,5400,10,18,44.444444,45.445926,1000,245408,5,1.000000,1.000000,0,1916,0,18358,0
100001839,defense_only,120.000000,160.000000,0.001944,100.000000,0.015610,18,18,9720,18,18,0.000000,28.696708,1000,278932,3,1.000000,1.000000,0,1661,0,6337,0
100001839,baseline,220.000000,260.000000,0.001944,100.000000,0.006040,18,18,9720,18,18,0.000000,28.726337,1000,279220,3,1.000000,1.000000,0,1649,0,10346,0
100001839,attack_only,320.000000,360.000000,0.001944,100.000000,0.013785,18,18,9720,18,18,0.000000,28.662140,1000,278596,3,1.000000,1.000000,0,1614,0,14303,0
100001839,defense_vs_attack,420.000000,460.000000,0.001944,100.000000,0.007679,18,18,9720,18,18,0.000000,28.465844,1000,276688,3,1.000000,1.000000,0,1606,0,18250,0
100001842,attack_only,120.000000,160.000000,0.001944,100.000000,0.026737,18,18,9720,18,18,0.000000,31.604527,1000,307196,5,1.000000,1.000000,0,1923,0,7012,0
100001842,baseline,220.000000,260.000000,0.001944,100.000000,0.010468,18,18,9720,18,18,0.000000,30.274074,1000,294264,5,1.000000,1.000000,0,1847,0,11535,0
100001842,defense_only,320.000000,360.000000,0.001944,100.000000,0.021184,18,18,9720,18,18,0.000000,30.373251,1000,295228,5,1.000000,1.000000,0,1848,0,16053,0
100001842,defense_vs_attack,420.000000,460.000000,0.001944,100.000000,0.012563,18,18,9720,18,18,0.000000,31.618930,1000,307336,5,1.000000,1.000000,0,1899,0,20654,0
100001843,attack_only,120.000000,160.000000,0.001944,100.000000,0.026669,18,18,9720,18,18,0.000000,27.000412,1000,262444,5,1.000000,1.000000,0,1731,0,6470,0
100001843,defense_vs_attack,220.000000,260.000000,0.001944,100.000000,0.009845,18,18,9720,18,18,0.000000,27.004938,1000,262488,5,1.000000,1.000000,0,1736,0,10633,0
100001843,defense_only,320.000000,360.000000,0.001944,100.000000,0.022396,18,18,9720,18,18,0.000000,25.918930,1000,251932,5,1.000000,1.000000,0,1693,0,14789,0
100001843,baseline,420.000000,460.000000,0.001944,100.000000,0.012307,18,18,9720,18,18,0.000000,26.047737,1000,253184,5,1.000000,1.000000,0,1718,0,18931,0
100001845,defense_only,120.000000,160.000000,0.001944,100.000000,0.087787,18,18,9720,18,18,0.000000,28.868313,1000,280600,6,1.000000,1.000000,0,1835,0,6808,0
100001845,attack_only,220.000000,260.000000,0.001944,100.000000,0.013016,18,18,9720,18,18,0.000000,28.964609,1000,281536,6,1.000000,1.000000,0,1838,0,11229,0
100001845,baseline,320.000000,360.000000,0.001944,100.000000,0.024395,18,18,9720,18,18,0.000000,28.745267,1000,279404,6,1.000000,1.000000,0,1808,0,15666,0
100001845,defense_vs_attack,420.000000,460.000000,0.001944,100.000000,0.016002,18,18,9720,18,18,0.000000,29.031276,1000,282184,6,1.000000,1.000000,0,1829,0,20076,0
100001849,defense_only,120.000000,160.000000,0.001944,100.000000,0.020476,18,18,9720,18,18,0.000000,27.588066,1000,268156,4,1.000000,1.000000,0,1690,0,6400,0
100001849,attack_only,220.000000,260.000000,0.001944,100.000000,0.008192,18,18,9720,18,18,0.000000,28.204938,1000,274152,4,1.000000,1.000000,0,1692,0,10502,0
100001849,baseline,320.000000,360.000000,0.001944,100.000000,0.016840,18,18,9720,18,18,0.000000,27.765432,1000,269880,4,1.000000,1.000000,0,1674,0,14623,0
100001849,defense_vs_attack,420.000000,460.000000,0.001944,100.000000,0.010101,18,18,9720,18,18,0.000000,28.019342,1000,272348,4,1.000000,1.000000,0,1667,0,18674,0
100001857,attack_only,120.000000,160.000000,0.001944,100.000000,0.015411,18,18,9720,18,18,0.000000,33.640741,1000,326988,3,1.000000,1.000000,0,1839,0,7003,0
100001857,defense_only,220.000000,260.000000,0.001944,100.000000,0.006396,18,18,9720,18,18,0.000000,33.725103,1000,327808,3,1.000000,1.000000,0,1857,0,11510,0
100001857,defense_vs_attack,320.000000,360.000000,0.001944,100.000000,0.012871,18,18,9720,18,18,0.000000,32.987243,1000,320636,3,1.000000,1.000000,0,1833,0,16059,0
100001857,baseline,420.000000,460.000000,0.001944,100.000000,0.007552,18,18,9720,18,18,0.000000,33.614815,1000,326736,3,1.000000,1.000000,0,1813,0,20546,0
100001860,defense_only,120.000000,160.000000,0.001944,100.000000,0.020758,18,18,9720,18,18,0.000000,29.403292,1000,285800,4,1.000000,1.000000,0,1707,0,6494,0
100001860,baseline,220.000000,260.000000,0.001944,100.000000,0.007794,18,18,9720,18,18,0.000000,29.689712,1000,288584,4,1.000000,1.000000,0,1734,0,10670,0
100001860,defense_vs_attack,320.000000,360.000000,0.001512,77.777778,0.018317,18,14,7560,14,18,22.222222,38.396296,1000,290276,4,1.000000,1.000000,0,1759,0,14877,0
100001860,attack_only,420.000000,460.000000,0.000000,0.000000,0.000000,18,0,0,0,18,100.000000,0.000000,1000,288280,4,1.000000,1.000000,0,1670,0,19019,0
100001871,defense_only,120.000000,160.000000,0.001944,100.000000,0.038312,18,18,9720,18,18,0.000000,28.740329,1000,279356,7,1.000000,1.000000,0,1884,0,6987,0
100001871,baseline,220.000000,260.000000,0.001944,100.000000,0.014596,18,18,9720,18,18,0.000000,28.662963,1000,278604,7,1.000000,1.000000,0,1852,0,11546,0
100001871,attack_only,320.000000,360.000000,0.000000,0.000000,0.000000,18,0,0,0,18,100.000000,0.000000,1000,279880,8,1.000000,1.000000,0,1849,0,16097,0
100001871,defense_vs_attack,420.000000,460.000000,0.001512,77.777778,0.028095,18,14,7560,14,18,22.222222,37.575132,1000,284068,8,1.000000,1.000000,0,1907,0,20748,0
100001875,attack_only,120.000000,160.000000,0.001944,100.000000,0.015339,18,18,9720,18,18,0.000000,27.076132,1000,263180,3,1.000000,1.000000,0,1700,0,6337,0
100001875,baseline,220.000000,260.000000,0.001944,100.000000,0.005884,18,18,9720,18,18,0.000000,26.430453,1000,256904,3,1.000000,1.000000,0,1624,0,10411,0
100001875,defense_vs_attack,320.000000,360.000000,0.001944,100.000000,0.012812,18,18,9720,18,18,0.000000,26.952675,1000,261980,3,1.000000,1.000000,0,1641,0,14397,0
100001875,defense_only,420.000000,460.000000,0.001944,100.000000,0.007154,18,18,9720,18,18,0.000000,26.523868,1000,257812,3,1.000000,1.000000,0,1656,0,18460,0
100001874,defense_vs_attack,120.000000,160.000000,0.001188,61.111111,0.035645,18,11,5940,11,18,38.888889,54.971717,1000,326532,6,1.000000,1.000000,0,1810,0,6803,0
100001874,defense_only,220.000000,260.000000,0.001944,100.000000,0.020058,18,18,9720,18,18,0.000000,32.989300,1000,320656,6,1.000000,1.000000,0,1870,0,11214,0
100001874,attack_only,320.000000,360.000000,0.000000,0.000000,0.000000,18,0,0,0,18,100.000000,0.000000,1000,319868,6,1.000000,1.000000,0,1754,0,15575,0
100001874,baseline,420.000000,460.000000,0.001944,100.000000,0.018676,18,18,9720,18,18,0.000000,32.829630,1000,319104,6,1.000000,1.000000,0,1845,0,20018,0
100001877,defense_only,120.000000,160.000000,0.001944,100.000000,0.015208,18,18,9720,18,18,0.000000,36.853498,1000,358216,3,1.000000,1.000000,0,1899,0,7214,0
100001877,baseline,220.000000,260.000000,0.001944,100.000000,0.005988,18,18,9720,18,18,0.000000,36.826749,1000,357956,3,1.000000,1.000000,0,1889,0,11982,0
100001877,attack_only,320.000000,360.000000,0.001944,100.000000,0.012495,18,18,9720,18,18,0.000000,36.488477,1000,354668,3,1.000000,1.000000,0,1859,0,16623,0
100001877,defense_vs_attack,420.000000,460.000000,0.001944,100.000000,0.007446,18,18,9720,18,18,0.000000,36.584362,1000,355600,3,1.000000,1.000000,0,1893,0,21189,0
100001878,defense_vs_attack,120.000000,160.000000,0.001944,100.000000,0.015167,18,18,9720,18,18,0.000000,32.497942,1000,315880,3,1.000000,1.000000,0,1769,0,6746,0
100001878,attack_only,220.000000,260.000000,0.001944,100.000000,0.005895,18,18,9720,18,18,0.000000,32.427984,1000,315200,3,1.000000,1.000000,0,1741,0,11019,0
100001878,defense_only,320.000000,360.000000,0.001944,100.000000,0.013010,18,18,9720,18,18,0.000000,32.883539,1000,319628,3,1.000000,1.000000,0,1792,0,15381,0
100001878,baseline,420.000000,460.000000,0.001944,100.000000,0.007159,18,18,9720,18,18,0.000000,33.133333,1000,322056,3,1.000000,1.000000,0,1787,0,19728,0
100001881,attack_only,120.000000,160.000000,0.001944,100.000000,0.020775,18,18,9720,18,18,0.000000,28.195885,1000,274064,4,1.000000,1.000000,0,1786,0,6683,0
100001881,baseline,220.000000,260.000000,0.001944,100.000000,0.007847,18,18,9720,18,18,0.000000,27.635802,1000,268620,4,1.000000,1.000000,0,1725,0,10992,0
100001881,defense_vs_attack,320.000000,360.000000,0.001944,100.000000,0.017113,18,18,9720,18,18,0.000000,28.048560,1000,272632,4,1.000000,1.000000,0,1752,0,15302,0
100001881,defense_only,420.000000,460.000000,0.001944,100.000000,0.009961,18,18,9720,18,18,0.000000,27.872016,1000,270916,4,1.000000,1.000000,0,1769,0,19644,0
100001880,baseline,120.000000,160.000000,0.001944,100.000000,0.026176,18,18,9720,18,18,0.000000,30.760082,1000,298988,5,1.000000,1.000000,0,1812,0,6786,0
100001880,attack_only,220.000000,260.000000,0.001944,100.000000,0.009905,18,18,9720,18,18,0.000000,31.101235,1000,302304,5,1.000000,1.000000,0,1800,0,11172,0
100001880,defense_vs_attack,320.000000,360.000000,0.001944,100.000000,0.026106,18,18,9720,18,18,0.000000,30.998765,1000,301308,5,1.000000,1.000000,0,1829,0,15556,0
100001880,defense_only,420.000000,460.000000,0.001944,100.000000,0.014086,18,18,9720,18,18,0.000000,30.596296,1000,297396,5,1.000000,1.000000,0,1808,0,19963,0
100001888,attack_only,120.000000,160.000000,0.000000,0.000000,0.000000,18,0,0,0,18,100.000000,0.000000,1000,235800,6,1.000000,1.000000,0,1608,0,6027,0
100001888,defense_vs_attack,220.000000,260.000000,0.000972,50.000000,0.022773,18,9,4860,9,18,50.000000,47.877366,1000,232684,6,1.000000,1.000000,0,1621,0,9962,0
100001888,baseline,320.000000,360.000000,0.001944,100.000000,0.022773,18,18,9720,18,18,0.000000,24.066255,1000,233924,6,1.000000,1.000000,0,1618,0,13895,0
100001888,defense_only,420.000000,460.000000,0.001944,100.000000,0.017269,18,18,9720,18,18,0.000000,23.937449,1000,232672,6,1.000000,1.000000,0,1606,0,17779,0
100001885,defense_vs_attack,120.000000,160.000000,0.001944,100.000000,0.020279,18,18,9720,18,18,0.000000,30.090535,1000,292480,4,1.000000,1.000000,0,1787,0,6647,0
100001885,baseline,220.000000,260.000000,0.001944,100.000000,0.007795,18,18,9720,18,18,0.000000,29.468313,1000,286432,4,1.000000,1.000000,0,1777,0,10987,0
100001885,defense_only,320.000000,360.000000,0.001944,100.000000,0.014710,18,18,9720,18,18,0.000000,29.295473,1000,284752,4,1.000000,1.000000,0,1759,0,15289,0
100001885,attack_only,420.000000,460.000000,0.001944,100.000000,0.011815,18,18,9720,18,18,0.000000,29.104115,1000,282892,4,1.000000,1.000000,0,1769,0,19587,0
100001889,baseline,120.000000,160.000000,0.001944,100.000000,0.020952,18,18,9720,18,18,0.000000,25.317695,1000,246088,4,1.000000,1.000000,0,1642,0,6274,0
100001889,defense_vs_attack,220.000000,260.000000,0.001944,100.000000,0.007793,18,18,9720,18,18,0.000000,24.820576,1000,241256,4,1.000000,1.000000,0,1649,0,10248,0
100001889,attack_only,320.000000,360.000000,0.001944,100.000000,0.017267,18,18,9720,18,18,0.000000,25.416049,1000,247044,4,1.000000,1.000000,0,1702,0,14306,0
100001889,defense_only,420.000000,460.000000,0.001944,100.000000,0.009499,18,18,9720,18,18,0.000000,25.233333,1000,245268,4,1.000000,1.000000,0,1665,0,18367,0
100001891,baseline,120.000000,160.000000,0.001944,100.000000,0.021352,18,18,9720,18,18,0.000000,31.865432,1000,309732,4,1.000000,1.000000,0,1879,0,6974,0
100001891,defense_vs_attack,220.000000,260.000000,0.001944,100.000000,0.008518,18,18,9720,18,18,0.000000,32.340329,1000,314348,4,1.000000,1.000000,0,1883,0,11511,0
100001891,defense_only,320.000000,360.000000,0.001944,100.000000,0.017085,18,18,9720,18,18,0.000000,31.667078,1000,307804,4,1.000000,1.000000,0,1869,0,16016,0
100001891,attack_only,420.000000,460.000000,0.001944,100.000000,0.010061,18,18,9720,18,18,0.000000,32.089712,1000,311912,4,1.000000,1.000000,0,1824,0,20431,0
100001905,attack_only,120.000000,160.000000,0.001944,100.000000,0.031191,18,18,9720,18,18,0.000000,22.986008,1000,223424,6,1.000000,1.000000,0,1608,0,5976,0
100001905,defense_vs_attack,220.000000,260.000000,0.001944,100.000000,0.012492,18,18,9720,18,18,0.000000,23.279835,1000,226280,6,1.000000,1.000000,0,1636,0,9875,0
100001905,defense_only,320.000000,360.000000,0.001944,100.000000,0.023748,18,18,9720,18,18,0.000000,22.704115,1000,220684,6,1.000000,1.000000,0,1623,0,13749,0
100001905,baseline,420.000000,460.000000,0.001944,100.000000,0.015691,18,18,9720,18,18,0.000000,22.588477,1000,219560,6,1.000000,1.000000,0,1601,0,17621,0
100001904,baseline,120.000000,160.000000,0.001944,100.000000,0.025388,18,18,9720,18,18,0.000000,31.060494,1000,301908,5,1.000000,1.000000,0,1773,0,6686,0
100001904,attack_only,220.000000,260.000000,0.000000,0.000000,0.000000,18,0,0,0,18,100.000000,0.000000,1000,315920,6,1.000000,1.000000,0,1748,0,11006,0
100001904,defense_vs_attack,320.000000,360.000000,0.001512,77.777778,0.013910,18,14,7560,14,18,22.222222,42.526455,1000,321500,6,1.000000,1.000000,0,1839,0,15431,0
100001904,defense_only,420.000000,460.000000,0.001944,100.000000,0.018489,18,18,9720,18,18,0.000000,31.475309,1000,305940,5,1.000000,1.000000,0,1791,0,19803,0
100001913,attack_only,120.000000,160.000000,0.000000,0.000000,0.000000,18,0,0,0,18,100.000000,0.000000,1000,314556,5,1.000000,1.000000,0,1793,0,6764,0
100001913,baseline,220.000000,260.000000,0.001944,100.000000,0.026385,18,18,9720,18,18,0.000000,32.640329,1000,317264,5,1.000000,1.000000,0,1848,0,11237,0
100001913,defense_vs_attack,320.000000,360.000000,0.001512,77.777778,0.010831,18,14,7560,14,18,22.222222,41.574074,1000,314300,5,1.000000,1.000000,0,1781,0,15626,0
100001913,defense_only,420.000000,460.000000,0.001944,100.000000,0.018963,18,18,9720,18,18,0.000000,32.990123,1000,320664,5,1.000000,1.000000,0,1871,0,20112,0
100001923,defense_vs_attack,120.000000,160.000000,0.001944,100.000000,0.020457,18,18,9720,18,18,0.000000,27.720988,1000,269448,4,1.000000,1.000000,0,1701,0,6317,0
100001923,baseline,220.000000,260.000000,0.001944,100.000000,0.008071,18,18,9720,18,18,0.000000,27.627984,1000,268544,4,1.000000,1.000000,0,1632,0,10290,0
100001923,defense_only,320.000000,360.000000,0.001944,100.000000,0.017175,18,18,9720,18,18,0.000000,27.723868,1000,269476,4,1.000000,1.000000,0,1654,0,14300,0
100001923,attack_only,420.000000,460.000000,0.001944,100.000000,0.010250,18,18,9720,18,18,0.000000,27.536214,1000,267652,4,1.000000,1.000000,0,1662,0,18382,0
100001927,defense_only,120.000000,160.000000,0.001944,100.000000,0.041272,18,18,9720,18,18,0.000000,22.796296,1000,221580,8,1.000000,1.000000,0,1695,0,6280,0
100001927,attack_only,220.000000,260.000000,0.001944,100.000000,0.016013,18,18,9720,18,18,0.000000,23.406996,1000,227516,8,1.000000,1.000000,0,1725,0,10344,0
100001927,defense_vs_attack,320.000000,360.000000,0.001944,100.000000,0.034983,18,18,9720,18,18,0.000000,22.507407,1000,218772,8,1.000000,1.000000,0,1683,0,14378,0
100001927,baseline,420.000000,460.000000,0.001944,100.000000,0.019300,18,18,9720,18,18,0.000000,23.010700,1000,223664,8,1.000000,1.000000,0,1692,0,18419,0
100001932,defense_vs_attack,120.000000,160.000000,0.001512,77.777778,0.043896,18,14,7560,14,18,22.222222,33.453439,1000,252908,8,1.000000,1.000000,0,1724,0,6370,0
100001932,defense_only,220.000000,260.000000,0.001944,100.000000,0.023395,18,18,9720,18,18,0.000000,25.557613,1000,248420,8,1.000000,1.000000,0,1747,0,10491,0
100001932,baseline,320.000000,360.000000,0.001944,100.000000,0.025967,18,18,9720,18,18,0.000000,25.768724,1000,250472,8,1.000000,1.000000,0,1765,0,14650,0
100001932,attack_only,420.000000,460.000000,0.000000,0.000000,0.000000,18,0,0,0,18,100.000000,0.000000,1000,250468,8,1.000000,1.000000,0,1619,0,18686,0
100001928,defense_vs_attack,120.000000,160.000000,0.001620,100.000000,0.021449,15,15,8100,15,18,16.666667,35.869630,1000,290544,4,1.000000,1.000000,0,1669,0,6392,0
100001928,defense_only,220.000000,260.000000,0.001944,100.000000,0.009165,18,18,9720,18,18,0.000000,29.804527,1000,289700,4,1.000000,1.000000,0,1678,0,10494,0
100001928,baseline,320.000000,360.000000,0.001944,100.000000,0.015897,18,18,9720,18,18,0.000000,29.793827,1000,289596,4,1.000000,1.000000,0,1708,0,14612,0
100001928,attack_only,420.000000,460.000000,0.000648,100.000000,0.013970,6,6,3240,6,18,66.666667,88.188889,1000,285732,4,1.000000,1.000000,0,1612,0,18631,0
100001933,defense_vs_attack,120.000000,160.000000,0.001944,100.000000,0.020266,18,18,9720,18,18,0.000000,30.082716,1000,292404,4,1.000000,1.000000,0,1824,0,6857,0
100001933,attack_only,220.000000,260.000000,0.001944,100.000000,0.007794,18,18,9720,18,18,0.000000,29.786831,1000,289528,4,1.000000,1.000000,0,1817,0,11299,0
100001933,defense_only,320.000000,360.000000,0.001944,100.000000,0.018668,18,18,9720,18,18,0.000000,28.949383,1000,281388,4,1.000000,1.000000,0,1771,0,15678,0
100001933,baseline,420.000000,460.000000,0.001944,100.000000,0.009979,18,18,9720,18,18,0.000000,29.500000,1000,286740,4,1.000000,1.000000,0,1817,0,20168,0
100001937,defense_only,120.000000,160.000000,0.001944,100.000000,0.026068,18,18,9720,18,18,0.000000,28.350206,1000,275564,5,1.000000,1.000000,0,1758,0,6496,0
100001937,defense_vs_attack,220.000000,260.000000,0.000972,50.000000,0.028396,18,9,4860,9,18,50.000000,56.448560,1000,274340,5,1.000000,1.000000,0,1742,0,10704,0
100001937,baseline,320.000000,360.000000,0.001944,100.000000,0.018056,18,18,9720,18,18,0.000000,28.075720,1000,272896,5,1.000000,1.000000,0,1769,0,14943,0
100001937,attack_only,420.000000,460.000000,0.000000,0.000000,0.000000,18,0,0,0,18,100.000000,0.000000,1000,277264,5,1.000000,1.000000,0,1690,0,19048,0
100001938,defense_vs_attack,120.000000,160.000000,0.001944,100.000000,0.030588,18,18,9720,18,18,0.000000,31.414403,1000,305348,6,1.000000,1.000000,0,1918,0,7021,0
100001938,attack_only,220.000000,260.000000,0.001944,100.000000,0.012251,18,18,9720,18,18,0.000000,31.342387,1000,304648,6,1.000000,1.000000,0,1913,0,11623,0
100001938,baseline,320.000000,360.000000,0.001944,100.000000,0.025903,18,18,9720,18,18,0.000000,30.865844,1000,300016,6,1.000000,1.000000,0,1832,0,16082,0
100001938,defense_only,420.000000,460.000000,0.001944,100.000000,0.014790,18,18,9720,18,18,0.000000,30.728395,1000,298680,6,1.000000,1.000000,0,1811,0,20532,0
100001939,defense_only,120.000000,160.000000,0.001944,100.000000,0.046420,18,18,9720,18,18,0.000000,28.648971,1000,278468,9,1.000000,1.000000,0,1885,0,6858,0
100001939,defense_vs_attack,220.000000,260.000000,0.001944,100.000000,0.018219,18,18,9720,18,18,0.000000,30.580247,1000,297240,9,1.000000,1.000000,0,1905,0,11455,0
100001939,baseline,320.000000,360.000000,0.001944,100.000000,0.040032,18,18,9720,18,18,0.000000,29.224280,1000,284060,9,1.000000,1.000000,0,1916,0,15975,0
100001939,attack_only,420.000000,460.000000,0.001944,100.000000,0.035121,18,18,9720,18,18,0.000000,30.488889,1000,296352,9,1.000000,1.000000,0,1948,0,20531,0
100001942,defense_vs_attack,120.000000,160.000000,0.001944,100.000000,0.022023,18,18,9720,18,18,0.000000,34.679835,1000,337088,4,1.000000,1.000000,0,1966,0,7325,0
100001942,baseline,220.000000,260.000000,0.001944,100.000000,0.008449,18,18,9720,18,18,0.000000,32.546091,1000,316348,4,1.000000,1.000000,0,1869,0,11910,0
100001942,attack_only,320.000000,360.000000,0.001944,100.000000,0.016696,18,18,9720,18,18,0.000000,34.618930,1000,336496,4,1.000000,1.000000,0,1944,0,16654,0
100001942,defense_only,420.000000,460.000000,0.001944,100.000000,0.010579,18,18,9720,18,18,0.000000,32.958848,1000,320360,4,1.000000,1.000000,0,1894,0,21302,0
100001943,attack_only,120.000000,160.000000,0.000000,0.000000,0.000000,18,0,0,0,18,100.000000,0.000000,1000,323624,5,1.000000,1.000000,0,1852,0,7038,0
100001943,baseline,220.000000,260.000000,0.001944,100.000000,0.014219,18,18,9720,18,18,0.000000,32.680658,1000,317656,4,1.000000,1.000000,0,1845,0,11533,0
100001943,defense_vs_attack,320.000000,360.000000,0.001512,77.777778,0.014583,18,14,7560,14,18,22.222222,42.785714,1000,323460,5,1.000000,1.000000,0,1827,0,15955,0
100001943,defense_only,420.000000,460.000000,0.001944,100.000000,0.011540,18,18,9720,18,18,0.000000,32.309465,1000,314048,4,1.000000,1.000000,0,1813,0,20434,0
100001944,defense_only,120.000000,160.000000,0.001944,100.000000,0.021322,18,18,9720,18,18,0.000000,22.549383,1000,219180,4,1.000000,1.000000,0,1598,0,5968,0
100001944,attack_only,220.000000,260.000000,0.000000,0.000000,0.000000,18,0,0,0,18,100.000000,0.000000,1000,219332,4,1.000000,1.000000,0,1538,0,9746,0
100001944,defense_vs_attack,320.000000,360.000000,0.001080,55.555556,0.131075,18,10,5400,10,18,44.444444,39.316296,1000,212308,4,1.000000,1.000000,0,1588,0,13556,0
100001944,baseline,420.000000,460.000000,0.001944,100.000000,0.013490,18,18,9720,18,18,0.000000,22.938272,1000,222960,4,1.000000,1.000000,0,1616,0,17459,0
100001950,baseline,120.000000,160.000000,0.001944,100.000000,0.031788,18,18,9720,18,18,0.000000,21.881481,1000,212688,6,1.000000,1.000000,0,1660,0,6116,0
100001950,defense_vs_attack,220.000000,260.000000,0.001944,100.000000,0.011891,18,18,9720,18,18,0.000000,20.790947,1000,202088,6,1.000000,1.000000,0,1607,0,10037,0
100001950,attack_only,320.000000,360.000000,0.001944,100.000000,0.026176,18,18,9720,18,18,0.000000,20.707819,1000,201280,6,1.000000,1.000000,0,1627,0,13936,0
100001950,defense_only,420.000000,460.000000,0.001944,100.000000,0.014662,18,18,9720,18,18,0.000000,21.782716,1000,211728,6,1.000000,1.000000,0,1668,0,17938,0
100001952,defense_only,120.000000,160.000000,0.001944,100.000000,0.020407,18,18,9720,18,18,0.000000,25.307819,1000,245992,4,1.000000,1.000000,0,1712,0,6384,0
100001952,baseline,220.000000,260.000000,0.001944,100.000000,0.007793,18,18,9720,18,18,0.000000,25.227160,1000,245208,4,1.000000,1.000000,0,1737,0,10600,0
100001952,attack_only,320.000000,360.000000,0.000000,0.000000,0.000000,18,0,0,0,18,100.000000,0.000000,1000,239868,4,1.000000,1.000000,0,1665,0,14765,0
100001952,defense_vs_attack,420.000000,460.000000,0.000972,50.000000,0.018621,18,9,4860,9,18,50.000000,49.852675,1000,242284,4,1.000000,1.000000,0,1684,0,18924,0
100001958,defense_only,120.000000,160.000000,0.001944,100.000000,0.016872,18,18,9720,18,18,0.000000,28.194239,1000,274048,3,1.000000,1.000000,0,1849,0,7033,0
100001958,baseline,220.000000,260.000000,0.001944,100.000000,0.008928,18,18,9720,18,18,0.000000,28.172016,1000,273832,3,1.000000,1.000000,0,1847,0,11532,0
100001958,attack_only,320.000000,360.000000,0.000000,0.000000,0.000000,18,0,0,0,18,100.000000,0.000000,1000,273248,3,1.000000,1.000000,0,1765,0,15966,0
100001958,defense_vs_attack,420.000000,460.000000,0.000000,0.000000,0.000000,18,0,0,0,18,100.000000,0.000000,1000,267480,3,1.000000,1.000000,0,2204,0,20832,0
100001962,defense_vs_attack,120.000000,160.000000,0.000432,30.769231,0.046001,13,4,2160,4,18,77.777778,136.411111,1000,294648,7,1.000000,1.000000,0,1759,0,6667,0
100001962,baseline,220.000000,260.000000,0.001944,100.000000,0.027366,18,18,9720,18,18,0.000000,29.941975,1000,291036,7,1.000000,1.000000,0,1860,0,11052,0
100001962,attack_only,320.000000,360.000000,0.000000,0.000000,0.000000,18,0,0,0,18,100.000000,0.000000,1000,292028,7,1.000000,1.000000,0,1738,0,15339,0
100001962,defense_only,420.000000,460.000000,0.001944,100.000000,0.022739,18,18,9720,18,18,0.000000,30.010700,1000,291704,7,1.000000,1.000000,0,1811,0,19697,0
100001964,defense_only,120.000000,160.000000,0.001944,100.000000,0.036675,18,18,9720,18,18,0.000000,30.154733,1000,293104,7,1.000000,1.000000,0,1760,0,6535,0
100001964,defense_vs_attack,220.000000,260.000000,0.001944,100.000000,0.013901,18,18,9720,18,18,0.000000,30.723868,1000,298636,7,1.000000,1.000000,0,1812,0,10878,0
100001964,baseline,320.000000,360.000000,0.001944,100.000000,0.036314,18,18,9720,18,18,0.000000,30.031687,1000,291908,7,1.000000,1.000000,0,1787,0,15144,0
100001964,attack_only,420.000000,460.000000,0.001944,100.000000,0.030352,18,18,9720,18,18,0.000000,30.755556,1000,298944,7,1.000000,1.000000,0,1807,0,19475,0
100001961,baseline,120.000000,160.000000,0.001944,100.000000,0.020335,18,18,9720,18,18,0.000000,37.621399,1000,365680,4,1.000000,1.000000,0,1917,0,7293,0
100001961,attack_only,220.000000,260.000000,0.001944,100.000000,0.008004,18,18,9720,18,18,0.000000,36.350617,1000,353328,4,1.000000,1.000000,0,1869,0,11894,0
100001961,defense_only,320.000000,360.000000,0.001944,100.000000,0.016832,18,18,9720,18,18,0.000000,37.544033,1000,364928,4,1.000000,1.000000,0,1968,0,16646,0
100001961,defense_vs_attack,420.000000,460.000000,0.001944,100.000000,0.009881,18,18,9720,18,18,0.000000,36.243621,1000,352288,4,1.000000,1.000000,0,1880,0,21213,0
100001965,baseline,120.000000,160.000000,0.001944,100.000000,0.025522,18,18,9720,18,18,0.000000,28.039918,1000,272548,5,1.000000,1.000000,0,1708,0,6422,0
100001965,attack_only,220.000000,260.000000,0.001944,100.000000,0.010138,18,18,9720,18,18,0.000000,29.930864,1000,290928,5,1.000000,1.000000,0,1744,0,10619,0
100001965,defense_only,320.000000,360.000000,0.001620,83.333333,0.030375,18,15,8100,15,18,16.666667,33.904691,1000,274628,5,1.000000,1.000000,0,1933,0,14951,0
100001965,defense_vs_attack,420.000000,460.000000,0.001944,100.000000,0.015412,18,18,9720,18,18,0.000000,29.541152,1000,287140,5,1.000000,1.000000,0,1686,0,19095,0
100001967,attack_only,120.000000,160.000000,0.000000,0.000000,0.000000,18,0,0,0,18,100.000000,0.000000,1000,244940,7,1.000000,1.000000,0,1634,0,6166,0
100001967,defense_only,220.000000,260.000000,0.001944,100.000000,0.021915,18,18,9720,18,18,0.000000,26.255556,1000,255204,6,1.000000,1.000000,0,1661,0,10192,0
100001967,defense_vs_attack,320.000000,360.000000,0.001944,100.000000,0.025642,18,18,9720,18,18,0.000000,24.977366,1000,242780,6,1.000000,1.000000,0,1649,0,14143,0
100001967,baseline,420.000000,460.000000,0.001944,100.000000,0.015575,18,18,9720,18,18,0.000000,26.314815,1000,255780,6,1.000000,1.000000,0,1666,0,18136,0
100001980,defense_only,120.000000,160.000000,0.001944,100.000000,0.015872,18,18,9720,18,18,0.000000,27.460494,1000,266916,3,1.000000,1.000000,0,1747,0,6640,0
100001980,attack_only,220.000000,260.000000,0.001944,100.000000,0.005789,18,18,9720,18,18,0.000000,26.123045,1000,253916,3,1.000000,1.000000,0,1718,0,10823,0
100001980,baseline,320.000000,360.000000,0.001944,100.000000,0.012859,18,18,9720,18,18,0.000000,27.225514,1000,264632,3,1.000000,1.000000,0,1735,0,15108,0
100001980,defense_vs_attack,420.000000,460.000000,0.001944,100.000000,0.007175,18,18,9720,18,18,0.000000,25.829630,1000,251064,3,1.000000,1.000000,0,1685,0,19272,0
100001976,attack_only,120.000000,160.000000,0.000000,0.000000,0.000000,18,0,0,0,18,100.000000,0.000000,1000,309316,5,1.000000,1.000000,0,1758,0,6558,0
100001976,defense_only,220.000000,260.000000,0.001944,100.000000,0.025822,18,18,9720,18,18,0.000000,31.518519,1000,306360,5,1.000000,1.000000,0,1736,0,10815,0
100001976,defense_vs_attack,320.000000,360.000000,0.000000,0.000000,0.000000,18,0,0,0,18,100.000000,0.000000,1000,313744,5,1.000000,1.000000,0,1760,0,15081,0
100001976,baseline,420.000000,460.000000,0.001944,100.000000,0.012295,18,18,9720,18,18,0.000000,31.549794,1000,306664,5,1.000000,1.000000,0,1742,0,19270,0
100001979,defense_vs_attack,120.000000,160.000000,0.001944,100.000000,0.015159,18,18,9720,18,18,0.000000,36.642387,1000,356164,3,1.000000,1.000000,0,1842,0,6996,0
100001979,defense_only,220.000000,260.000000,0.001944,100.000000,0.005789,18,18,9720,18,18,0.000000,36.067490,1000,350576,3,1.000000,1.000000,0,1845,0,11502,0
100001979,attack_only,320.000000,360.000000,0.001944,100.000000,0.012660,18,18,9720,18,18,0.000000,36.597942,1000,355732,3,1.000000,1.000000,0,1836,0,16032,0
100001979,baseline,420.000000,460.000000,0.001944,100.000000,0.007550,18,18,9720,18,18,0.000000,36.047737,1000,350384,3,1.000000,1.000000,0,1832,0,20541,0
100001982,defense_only,120.000000,160.000000,0.001944,100.000000,0.020252,18,18,9720,18,18,0.000000,25.566255,1000,248504,4,1.000000,1.000000,0,1736,0,6465,0
100001982,baseline,220.000000,260.000000,0.001944,100.000000,0.007858,18,18,9720,18,18,0.000000,25.400823,1000,246896,4,1.000000,1.000000,0,1692,0,10666,0
100001982,defense_vs_attack,320.000000,360.000000,0.001944,100.000000,0.017301,18,18,9720,18,18,0.000000,24.691358,1000,240000,4,1.000000,1.000000,0,1669,0,14730,0
100001982,attack_only,420.000000,460.000000,0.001944,100.000000,0.009655,18,18,9720,18,18,0.000000,24.779012,1000,240852,4,1.000000,1.000000,0,1661,0,18783,0
100001978,baseline,120.000000,160.000000,0.001944,100.000000,0.020552,18,18,9720,18,18,0.000000,32.471605,1000,315624,4,1.000000,1.000000,0,1908,0,7235,0
100001978,defense_vs_attack,220.000000,260.000000,0.001944,100.000000,0.007865,18,18,9720,18,18,0.000000,34.061317,1000,331076,4,1.000000,1.000000,0,1980,0,12033,0
100001978,attack_only,320.000000,360.000000,0.001944,100.000000,0.017266,18,18,9720,18,18,0.000000,33.356790,1000,324228,4,1.000000,1.000000,0,1945,0,16734,0
100001978,defense_only,420.000000,460.000000,0.001944,100.000000,0.009626,18,18,9720,18,18,0.000000,32.219342,1000,313172,4,1.000000,1.000000,0,1935,0,21372,0
100001987,defense_vs_attack,120.000000,160.000000,0.001944,100.000000,0.020793,18,18,9720,18,18,0.000000,24.013169,1000,233408,4,1.000000,1.000000,0,1637,0,6224,0
100001987,defense_only,220.000000,260.000000,0.001944,100.000000,0.007969,18,18,9720,18,18,0.000000,24.444033,1000,237596,4,1.000000,1.000000,0,1656,0,10210,0
100001987,attack_only,320.000000,360.000000,0.001944,100.000000,0.017366,18,18,9720,18,18,0.000000,23.904115,1000,232348,4,1.000000,1.000000,0,1638,0,14188,0
100001987,baseline,420.000000,460.000000,0.001944,100.000000,0.009675,18,18,9720,18,18,0.000000,24.374486,1000,236920,4,1.000000,1.000000,0,1626,0,18156,0
100001986,baseline,120.000000,160.000000,0.001944,100.000000,0.046734,18,18,9720,18,18,0.000000,29.778189,1000,289444,9,1.000000,1.000000,0,1958,0,7046,0
100001986,defense_vs_attack,220.000000,260.000000,0.001944,100.000000,0.017903,18,18,9720,18,18,0.000000,30.730041,1000,298696,9,1.000000,1.000000,0,1986,0,11710,0
100001986,defense_only,320.000000,360.000000,0.001944,100.000000,0.039004,18,18,9720,18,18,0.000000,29.799177,1000,289648,9,1.000000,1.000000,0,1939,0,16285,0
100001986,attack_only,420.000000,460.000000,0.001944,100.000000,0.023201,18,18,9720,18,18,0.000000,30.887654,1000,300228,9,1.000000,1.000000,0,1982,0,20965,0
100002002,defense_only,120.000000,160.000000,0.001944,100.000000,0.031755,18,18,9720,18,18,0.000000,32.354733,1000,314488,6,1.000000,1.000000,0,1892,0,7017,0
100002002,defense_vs_attack,220.000000,260.000000,0.001944,100.000000,0.012037,18,18,9720,18,18,0.000000,32.260905,1000,313576,6,1.000000,1.000000,0,1866,0,11488,0
100002002,baseline,320.000000,360.000000,0.001944,100.000000,0.026689,18,18,9720,18,18,0.000000,32.738272,1000,318216,6,1.000000,1.000000,0,1890,0,16043,0
100002002,attack_only,420.000000,460.000000,0.001944,100.000000,0.014574,18,18,9720,18,18,0.000000,32.129218,1000,312296,6,1.000000,1.000000,0,1845,0,20559,0
100002000,attack_only,120.000000,160.000000,0.001944,100.000000,0.020531,18,18,9720,18,18,0.000000,26.892593,1000,261396,4,1.000000,1.000000,0,1727,0,6447,0
100002000,defense_vs_attack,220.000000,260.000000,0.001944,100.000000,0.008169,18,18,9720,18,18,0.000000,27.218107,1000,264560,4,1.000000,1.000000,0,1709,0,10623,0
100002000,defense_only,320.000000,360.000000,0.001944,100.000000,0.017030,18,18,9720,18,18,0.000000,25.176955,1000,244720,4,1.000000,1.000000,0,1669,0,14706,0
100002000,baseline,420.000000,460.000000,0.001944,100.000000,0.010094,18,18,9720,18,18,0.000000,25.481481,1000,247680,4,1.000000,1.000000,0,1662,0,18765,0
100002003,attack_only,120.000000,160.000000,0.001944,100.000000,0.015184,18,18,9720,18,18,0.000000,29.778601,1000,289448,3,1.000000,1.000000,0,1906,0,6974,0
100002003,baseline,220.000000,260.000000,0.001944,100.000000,0.005789,18,18,9720,18,18,0.000000,28.519753,1000,277212,3,1.000000,1.000000,0,1777,0,11420,0
100002003,defense_vs_attack,320.000000,360.000000,0.001944,100.000000,0.012811,18,18,9720,18,18,0.000000,29.784774,1000,289508,3,1.000000,1.000000,0,1806,0,15892,0
100002003,defense_only,420.000000,460.000000,0.001944,100.000000,0.007399,18,18,9720,18,18,0.000000,28.593004,1000,277924,3,1.000000,1.000000,0,1839,0,20387,0
100002007,attack_only,120.000000,160.000000,0.000000,0.000000,0.000000,18,0,0,0,18,100.000000,0.000000,1000,260164,7,1.000000,1.000000,0,1635,0,6287,0
100002007,baseline,220.000000,260.000000,0.001944,100.000000,0.030208,18,18,9720,18,18,0.000000,26.156379,1000,254240,7,1.000000,1.000000,0,1725,0,10353,0
100002007,defense_vs_attack,320.000000,360.000000,0.000972,50.000000,0.021100,18,9,4860,9,18,50.000000,53.548148,1000,260244,7,1.000000,1.000000,0,1677,0,14423,0
100002007,defense_only,420.000000,460.000000,0.001944,100.000000,0.020896,18,18,9720,18,18,0.000000,26.363374,1000,256252,7,1.000000,1.000000,0,1716,0,18551,0
100002008,defense_vs_attack,120.000000,160.000000,0.001944,100.000000,0.020237,18,18,9720,18,18,0.000000,24.820576,1000,241256,4,1.000000,1.000000,0,1676,0,6339,0
100002008,attack_only,220.000000,260.000000,0.001944,100.000000,0.008090,18,18,9720,18,18,0.000000,24.427984,1000,237440,4,1.000000,1.000000,0,1668,0,10387,0
100002008,defense_only,320.000000,360.000000,0.001944,100.000000,0.017175,18,18,9720,18,18,0.000000,24.476543,1000,237912,4,1.000000,1.000000,0,1686,0,14480,0
100002008,baseline,420.000000,460.000000,0.001944,100.000000,0.009499,18,18,9720,18,18,0.000000,24.584774,1000,238964,4,1.000000,1.000000,0,1677,0,18602,0
100002013,baseline,120.000000,160.000000,0.001944,100.000000,0.020894,18,18,9720,18,18,0.000000,25.388889,1000,246780,4,1.000000,1.000000,0,1582,0,6001,0
100002013,attack_only,220.000000,260.000000,0.001944,100.000000,0.008158,18,18,9720,18,18,0.000000,25.548148,1000,248328,4,1.000000,1.000000,0,1576,0,9852,0
100002013,defense_only,320.000000,360.000000,0.001944,100.000000,0.017287,18,18,9720,18,18,0.000000,25.190947,1000,244856,4,1.000000,1.000000,0,1600,0,13710,0
100002013,defense_vs_attack,420.000000,460.000000,0.001944,100.000000,0.010074,18,18,9720,18,18,0.000000,25.334979,1000,246256,4,1.000000,1.000000,0,1552,0,17538,0
100002014,baseline,120.000000,160.000000,0.001944,100.000000,0.025739,18,18,9720,18,18,0.000000,35.251852,1000,342648,5,1.000000,1.000000,0,1918,0,7171,0
100002014,attack_only,220.000000,260.000000,0.000000,0.000000,0.000000,18,0,0,0,18,100.000000,0.000000,1000,344968,5,1.000000,1.000000,0,1856,0,11708,0
100002014,defense_only,320.000000,360.000000,0.001944,100.000000,0.014730,18,18,9720,18,18,0.000000,34.925103,1000,339472,5,1.000000,1.000000,0,1877,0,16317,0
100002014,defense_vs_attack,420.000000,460.000000,0.001080,55.555556,0.132099,18,10,5400,10,18,44.444444,64.048148,1000,345860,5,1.000000,1.000000,0,1883,0,20910,0
100002018,defense_vs_attack,120.000000,160.000000,0.001512,77.777778,0.033370,18,14,7560,14,18,22.222222,34.752381,1000,262728,6,1.000000,1.000000,0,1588,0,5956,0
100002018,defense_only,220.000000,260.000000,0.001944,100.000000,0.018515,18,18,9720,18,18,0.000000,27.260082,1000,264968,6,1.000000,1.000000,0,1618,0,9894,0
100002018,attack_only,320.000000,360.000000,0.000000,0.000000,0.000000,18,0,0,0,18,100.000000,0.000000,1000,262444,6,1.000000,1.000000,0,1557,0,13730,0
100002018,baseline,420.000000,460.000000,0.001944,100.000000,0.021153,18,18,9720,18,18,0.000000,27.807819,1000,270292,6,1.000000,1.000000,0,1672,0,17680,0
100002023,attack_only,120.000000,160.000000,0.001944,100.000000,0.015179,18,18,9720,18,18,0.000000,25.394650,1000,246836,3,1.000000,1.000000,0,1664,0,6356,0
100002023,defense_vs_attack,220.000000,260.000000,0.001944,100.000000,0.005839,18,18,9720,18,18,0.000000,25.357202,1000,246472,3,1.000000,1.000000,0,1661,0,10374,0
100002023,defense_only,320.000000,360.000000,0.001944,100.000000,0.012861,18,18,9720,18,18,0.000000,25.516049,1000,248016,3,1.000000,1.000000,0,1690,0,14483,0
100002023,baseline,420.000000,460.000000,0.001944,100.000000,0.007065,18,18,9720,18,18,0.000000,25.385597,1000,246748,3,1.000000,1.000000,0,1663,0,18540,0
100002022,defense_only,120.000000,160.000000,0.001944,100.000000,0.031445,18,18,9720,18,18,0.000000,26.429630,1000,256896,6,1.000000,1.000000,0,1683,0,6312,0
100002022,attack_only,220.000000,260.000000,0.001944,100.000000,0.011897,18,18,9720,18,18,0.000000,25.821811,1000,250988,6,1.000000,1.000000,0,1685,0,10351,0
100002022,baseline,320.000000,360.000000,0.001944,100.000000,0.026821,18,18,9720,18,18,0.000000,26.478189,1000,257368,6,1.000000,1.000000,0,1671,0,14379,0
100002022,defense_vs_attack,420.000000,460.000000,0.001944,100.000000,0.014520,18,18,9720,18,18,0.000000,25.639506,1000,249216,6,1.000000,1.000000,0,1663,0,18402,0
100002027,attack_only,120.000000,160.000000,0.000000,0.000000,0.000000,18,0,0,0,18,100.000000,0.000000,1000,273908,8,1.000000,1.000000,0,1738,0,6565,0
100002027,baseline,220.000000,260.000000,0.001944,100.000000,0.032801,18,18,9720,18,18,0.000000,26.624691,1000,258792,8,1.000000,1.000000,0,1834,0,10906,0
100002027,defense_only,320.000000,360.000000,0.001944,100.000000,0.023389,18,18,9720,18,18,0.000000,26.594239,1000,258496,8,1.000000,1.000000,0,1782,0,15129,0
100002027,defense_vs_attack,420.000000,460.000000,0.001080,55.555556,0.035248,18,10,5400,10,18,44.444444,50.388148,1000,272096,8,1.000000,1.000000,0,1795,0,19436,0
100002035,baseline,120.000000,160.000000,0.001944,100.000000,0.015277,18,18,9720,18,18,0.000000,27.827160,1000,270480,3,1.000000,1.000000,0,1709,0,6372,0
100002035,defense_vs_attack,220.000000,260.000000,0.001944,100.000000,0.005840,18,18,9720,18,18,0.000000,28.083128,1000,272968,3,1.000000,1.000000,0,1677,0,10514,0
100002035,attack_only,320.000000,360.000000,0.001944,100.000000,0.013497,18,18,9720,18,18,0.000000,27.909053,1000,271276,3,1.000000,1.000000,0,1656,0,14630,0
100002035,defense_only,420.000000,460.000000,0.001944,100.000000,0.007424,18,18,9720,18,18,0.000000,27.685597,1000,269104,3,1.000000,1.000000,0,1673,0,18730,0
100002036,defense_vs_attack,120.000000,160.000000,0.001944,100.000000,0.041630,18,18,9720,18,18,0.000000,31.009877,1000,301416,8,1.000000,1.000000,0,1939,0,7142,0
100002036,attack_only,220.000000,260.000000,0.001944,100.000000,0.016401,18,18,9720,18,18,0.000000,30.750617,1000,298896,8,1.000000,1.000000,0,1905,0,11695,0
100002036,defense_only,320.000000,360.000000,0.001944,100.000000,0.035064,18,18,9720,18,18,0.000000,30.407819,1000,295564,8,1.000000,1.000000,0,1928,0,16304,0
100002036,baseline,420.000000,460.000000,0.001944,100.000000,0.019579,18,18,9720,18,18,0.000000,30.248148,1000,294012,8,1.000000,1.000000,0,1935,0,20914,0
100002042,attack_only,120.000000,160.000000,0.001944,100.000000,0.025384,18,18,9720,18,18,0.000000,35.658025,1000,346596,5,1.000000,1.000000,0,1902,0,7186,0
100002042,baseline,220.000000,260.000000,0.001944,100.000000,0.020920,18,18,9720,18,18,0.000000,35.518107,1000,345236,5,1.000000,1.000000,0,1939,0,11866,0
100002042,defense_only,320.000000,360.000000,0.001944,100.000000,0.016585,18,18,9720,18,18,0.000000,35.318107,1000,343292,5,1.000000,1.000000,0,1914,0,16499,0
100002042,defense_vs_attack,420.000000,460.000000,0.001944,100.000000,0.015021,18,18,9720,18,18,0.000000,35.847737,1000,348440,5,1.000000,1.000000,0,1946,0,21186,0
100002043,baseline,120.000000,160.000000,0.001944,100.000000,0.024943,18,18,9720,18,18,0.000000,23.198354,1000,225488,5,1.000000,1.000000,0,1700,0,6332,0
100002043,attack_only,220.000000,260.000000,0.001944,100.000000,0.010071,18,18,9720,18,18,0.000000,22.427572,1000,217996,5,1.000000,1.000000,0,1682,0,10440,0
100002043,defense_vs_attack,320.000000,360.000000,0.001944,100.000000,0.021210,18,18,9720,18,18,0.000000,22.150617,1000,215304,5,1.000000,1.000000,0,1674,0,14469,0
100002043,defense_only,420.000000,460.000000,0.001944,100.000000,0.012580,18,18,9720,18,18,0.000000,23.119342,1000,224720,5,1.000000,1.000000,0,1692,0,18540,0
100002039,baseline,120.000000,160.000000,0.001944,100.000000,0.016429,18,18,9720,18,18,0.000000,31.162963,1000,302904,3,1.000000,1.000000,0,1686,0,6550,0
100002039,defense_only,220.000000,260.000000,0.001944,100.000000,0.006485,18,18,9720,18,18,0.000000,31.147737,1000,302756,3,1.000000,1.000000,0,1703,0,10722,0
100002039,defense_vs_attack,320.000000,360.000000,0.001944,100.000000,0.011623,18,18,9720,18,18,0.000000,30.707819,1000,298480,3,1.000000,1.000000,0,1681,0,14862,0
100002039,attack_only,420.000000,460.000000,0.001944,100.000000,0.008564,18,18,9720,18,18,0.000000,30.560905,1000,297052,3,1.000000,1.000000,0,1661,0,18963,0
100002050,defense_only,120.000000,160.000000,0.001944,100.000000,0.081356,18,18,9720,18,18,0.000000,27.981893,1000,271984,5,1.000000,1.000000,0,1764,0,6676,0
100002050,baseline,220.000000,260.000000,0.001944,100.000000,0.010047,18,18,9720,18,18,0.000000,28.124691,1000,273372,5,1.000000,1.000000,0,1761,0,10915,0
100002050,defense_vs_attack,320.000000,360.000000,0.001944,100.000000,0.022170,18,18,9720,18,18,0.000000,27.637860,1000,268640,5,1.000000,1.000000,0,1764,0,15221,0
100002050,attack_only,420.000000,460.000000,0.001944,100.000000,0.012360,18,18,9720,18,18,0.000000,27.951852,1000,271692,5,1.000000,1.000000,0,1806,0,19573,0
100002049,attack_only,120.000000,160.000000,0.001944,100.000000,0.015391,18,18,9720,18,18,0.000000,29.209877,1000,283920,3,1.000000,1.000000,0,1745,0,6735,0
100002049,defense_only,220.000000,260.000000,0.001944,100.000000,0.005832,18,18,9720,18,18,0.000000,29.007407,1000,281952,3,1.000000,1.000000,0,1756,0,11084,0
100002049,defense_vs_attack,320.000000,360.000000,0.001944,100.000000,0.012811,18,18,9720,18,18,0.000000,28.888889,1000,280800,3,1.000000,1.000000,0,1751,0,15390,0
100002049,baseline,420.000000,460.000000,0.001944,100.000000,0.007065,18,18,9720,18,18,0.000000,29.095473,1000,282808,3,1.000000,1.000000,0,1804,0,19754,0
100002060,defense_only,120.000000,160.000000,0.001944,100.000000,0.041954,18,18,9720,18,18,0.000000,32.764609,1000,318472,8,1.000000,1.000000,0,1918,0,7088,0
100002060,baseline,220.000000,260.000000,0.001944,100.000000,0.017205,18,18,9720,18,18,0.000000,32.881481,1000,319608,8,1.000000,1.000000,0,1921,0,11707,0
100002060,attack_only,320.000000,360.000000,0.001944,100.000000,0.034100,18,18,9720,18,18,0.000000,34.830864,1000,338556,8,1.000000,1.000000,0,1992,0,16369,0
100002060,defense_vs_attack,420.000000,460.000000,0.001944,100.000000,0.020178,18,18,9720,18,18,0.000000,34.432099,1000,334680,8,1.000000,1.000000,0,1905,0,20971,0
100002063,defense_only,120.000000,160.000000,0.001944,100.000000,0.042536,18,18,9720,18,18,0.000000,25.029218,1000,243284,8,1.000000,1.000000,0,1751,0,6391,0
100002063,baseline,220.000000,260.000000,0.001944,100.000000,0.016830,18,18,9720,18,18,0.000000,25.414815,1000,247032,8,1.000000,1.000000,0,1750,0,10514,0
100002063,defense_vs_attack,320.000000,360.000000,0.001944,100.000000,0.036124,18,18,9720,18,18,0.000000,25.426749,1000,247148,8,1.000000,1.000000,0,1756,0,14640,0
100002063,attack_only,420.000000,460.000000,0.001944,100.000000,0.019042,18,18,9720,18,18,0.000000,25.326337,1000,246172,8,1.000000,1.000000,0,1726,0,18777,0
100002067,defense_only,120.000000,160.000000,0.001944,100.000000,0.075324,18,18,9720,18,18,0.000000,26.397119,1000,256580,4,1.000000,1.000000,0,1738,0,6551,0
100002067,defense_vs_attack,220.000000,260.000000,0.001944,100.000000,0.008444,18,18,9720,18,18,0.000000,25.861317,1000,251372,4,1.000000,1.000000,0,1736,0,10723,0
100002067,attack_only,320.000000,360.000000,0.001944,100.000000,0.016857,18,18,9720,18,18,0.000000,25.843621,1000,251200,4,1.000000,1.000000,0,1714,0,14892,0
100002067,baseline,420.000000,460.000000,0.001944,100.000000,0.010298,18,18,9720,18,18,0.000000,26.454733,1000,257140,4,1.000000,1.000000,0,1790,0,19167,0
100002069,attack_only,120.000000,160.000000,0.001944,100.000000,0.032498,18,18,9720,18,18,0.000000,29.990947,1000,291512,6,1.000000,1.000000,0,1745,0,6558,0
100002069,baseline,220.000000,260.000000,0.001944,100.000000,0.012548,18,18,9720,18,18,0.000000,29.720576,1000,288884,6,1.000000,1.000000,0,1759,0,10815,0
100002069,defense_vs_attack,320.000000,360.000000,0.001944,100.000000,0.025913,18,18,9720,18,18,0.000000,29.817695,1000,289828,6,1.000000,1.000000,0,1766,0,15068,0
100002069,defense_only,420.000000,460.000000,0.001944,100.000000,0.015515,18,18,9720,18,18,0.000000,30.062140,1000,292204,6,1.000000,1.000000,0,1762,0,19315,0
100002071,attack_only,120.000000,160.000000,0.001944,100.000000,0.086144,18,18,9720,18,18,0.000000,26.344856,1000,256072,6,1.000000,1.000000,0,1788,0,6701,0
100002071,defense_vs_attack,220.000000,260.000000,0.001944,100.000000,0.011991,18,18,9720,18,18,0.000000,25.924691,1000,251988,6,1.000000,1.000000,0,1761,0,10962,0
100002071,baseline,320.000000,360.000000,0.001944,100.000000,0.026100,18,18,9720,18,18,0.000000,26.252675,1000,255176,6,1.000000,1.000000,0,1792,0,15250,0
100002071,defense_only,420.000000,460.000000,0.001944,100.000000,0.014869,18,18,9720,18,18,0.000000,26.429218,1000,256892,6,1.000000,1.000000,0,1848,0,19624,0
100002070,defense_only,120.000000,160.000000,0.001944,100.000000,0.020601,18,18,9720,18,18,0.000000,29.065432,1000,282516,4,1.000000,1.000000,0,1637,0,6202,0
100002070,defense_vs_attack,220.000000,260.000000,0.001188,61.111111,0.008049,18,11,5940,11,18,38.888889,48.845118,1000,290140,5,1.000000,1.000000,0,1640,0,10189,0
100002070,attack_only,320.000000,360.000000,0.000000,0.000000,0.000000,18,0,0,0,18,100.000000,0.000000,1000,290700,5,1.000000,1.000000,0,1633,0,14197,0
100002070,baseline,420.000000,460.000000,0.001944,100.000000,0.011399,18,18,9720,18,18,0.000000,29.262140,1000,284428,4,1.000000,1.000000,0,1597,0,18145,0
100002076,defense_vs_attack,120.000000,160.000000,0.000000,0.000000,0.000000,18,0,0,0,18,100.000000,0.000000,1000,217380,7,1.000000,1.000000,0,1701,0,6167,0
100002076,defense_only,220.000000,260.000000,0.001944,100.000000,0.029335,18,18,9720,18,18,0.000000,23.200000,1000,225504,7,1.000000,1.000000,0,1650,0,10111,0
100002076,baseline,320.000000,360.000000,0.001944,100.000000,0.016100,18,18,9720,18,18,0.000000,23.177778,1000,225288,7,1.000000,1.000000,0,1658,0,14091,0
100002076,attack_only,420.000000,460.000000,0.000000,0.000000,0.000000,18,0,0,0,18,100.000000,0.000000,1000,217812,7,1.000000,1.000000,0,1595,0,17987,0
100002083,baseline,120.000000,160.000000,0.001944,100.000000,0.021133,18,18,9720,18,18,0.000000,27.387243,1000,266204,4,1.000000,1.000000,0,1614,0,6056,0
100002083,defense_vs_attack,220.000000,260.000000,0.001944,100.000000,0.007987,18,18,9720,18,18,0.000000,27.487654,1000,267180,4,1.000000,1.000000,0,1602,0,9976,0
100002083,defense_only,320.000000,360.000000,0.001944,100.000000,0.017334,18,18,9720,18,18,0.000000,27.446091,1000,266776,4,1.000000,1.000000,0,1590,0,13851,0
100002083,attack_only,420.000000,460.000000,0.001944,100.000000,0.009499,18,18,9720,18,18,0.000000,27.330453,1000,265652,4,1.000000,1.000000,0,1591,0,17729,0
100002085,attack_only,120.000000,160.000000,0.000000,0.000000,0.000000,18,0,0,0,18,100.000000,0.000000,1000,231888,5,1.000000,1.000000,0,1580,0,6060,0
100002085,defense_only,220.000000,260.000000,0.001944,100.000000,0.020114,18,18,9720,18,18,0.000000,24.758025,1000,240648,5,1.000000,1.000000,0,1635,0,9975,0
100002085,baseline,320.000000,360.000000,0.001944,100.000000,0.013881,18,18,9720,18,18,0.000000,24.282716,1000,236028,5,1.000000,1.000000,0,1600,0,13870,0
100002085,defense_vs_attack,420.000000,460.000000,0.000648,33.333333,0.024734,18,6,3240,6,18,66.666667,72.790123,1000,235840,5,1.000000,1.000000,0,1625,0,17764,0
100002092,baseline,120.000000,160.000000,0.001944,100.000000,0.034186,18,18,9720,18,18,0.000000,31.368724,1000,304904,6,1.000000,1.000000,0,1868,0,6945,0
100002092,attack_only,220.000000,260.000000,0.000000,0.000000,0.000000,18,0,0,0,18,100.000000,0.000000,1000,302756,6,1.000000,1.000000,0,1796,0,11394,0
100002092,defense_vs_attack,320.000000,360.000000,0.001080,55.555556,0.020181,18,10,5400,10,18,44.444444,55.694815,1000,300752,6,1.000000,1.000000,0,2093,0,16159,0
100002092,defense_only,420.000000,460.000000,0.001944,100.000000,0.017482,18,18,9720,18,18,0.000000,31.216049,1000,303420,6,1.000000,1.000000,0,1859,0,20599,0
100002087,defense_vs_attack,120.000000,160.000000,0.001944,100.000000,0.020410,18,18,9720,18,18,0.000000,31.359259,1000,304812,4,1.000000,1.000000,0,1801,0,6849,0
100002087,defense_only,220.000000,260.000000,0.001944,100.000000,0.008146,18,18,9720,18,18,0.000000,31.224280,1000,303500,4,1.000000,1.000000,0,1795,0,11231,0
100002087,baseline,320.000000,360.000000,0.001944,100.000000,0.017325,18,18,9720,18,18,0.000000,31.556379,1000,306728,4,1.000000,1.000000,0,1823,0,15711,0
100002087,attack_only,420.000000,460.000000,0.001944,100.000000,0.009498,18,18,9720,18,18,0.000000,31.455967,1000,305752,4,1.000000,1.000000,0,1769,0,20136,0
100002094,defense_vs_attack,120.000000,160.000000,0.000000,0.000000,0.000000,11,0,0,0,18,100.000000,0.000000,1000,214044,5,1.000000,1.000000,0,1683,0,5980,0
100002094,attack_only,220.000000,260.000000,0.000000,0.000000,0.000000,18,0,0,0,18,100.000000,0.000000,1000,223356,5,1.000000,1.000000,0,1506,0,9681,0
100002094,defense_only,320.000000,360.000000,0.001944,100.000000,0.019766,18,18,9720,18,18,0.000000,23.106996,1000,224600,5,1.000000,1.000000,0,1552,0,13418,0
100002094,baseline,420.000000,460.000000,0.001944,100.000000,0.014953,18,18,9720,18,18,0.000000,23.219342,1000,225692,5,1.000000,1.000000,0,1591,0,17213,0
100002095,baseline,120.000000,160.000000,0.001944,100.000000,0.015307,18,18,9720,18,18,0.000000,29.187243,1000,283700,3,1.000000,1.000000,0,1734,0,6570,0
100002095,defense_only,220.000000,260.000000,0.001944,100.000000,0.005929,18,18,9720,18,18,0.000000,29.137449,1000,283216,3,1.000000,1.000000,0,1702,0,10755,0
100002095,attack_only,320.000000,360.000000,0.001944,100.000000,0.012812,18,18,9720,18,18,0.000000,29.235802,1000,284172,3,1.000000,1.000000,0,1705,0,14930,0
100002095,defense_vs_attack,420.000000,460.000000,0.001944,100.000000,0.007103,18,18,9720,18,18,0.000000,29.430041,1000,286060,3,1.000000,1.000000,0,1739,0,19146,0
100002097,defense_only,120.000000,160.000000,0.001944,100.000000,0.041952,18,18,9720,18,18,0.000000,29.723045,1000,288908,8,1.000000,1.000000,0,1763,0,6544,0
100002097,baseline,220.000000,260.000000,0.001944,100.000000,0.016693,18,18,9720,18,18,0.000000,29.863786,1000,290276,8,1.000000,1.000000,0,1817,0,10769,0
100002097,attack_only,320.000000,360.000000,0.000000,0.000000,0.000000,18,0,0,0,18,100.000000,0.000000,1000,284436,8,1.000000,1.000000,0,1650,0,14868,0
100002097,defense_vs_attack,420.000000,460.000000,0.000864,44.444444,0.042215,18,8,4320,8,18,55.555556,66.108333,1000,285588,8,1.000000,1.000000,0,2155,0,19476,0
100002098,defense_vs_attack,120.000000,160.000000,0.001944,100.000000,0.020715,18,18,9720,18,18,0.000000,34.494239,1000,335284,4,1.000000,1.000000,0,1894,0,7121,0
100002098,baseline,220.000000,260.000000,0.001944,100.000000,0.008167,18,18,9720,18,18,0.000000,34.226749,1000,332684,4,1.000000,1.000000,0,1879,0,11780,0
100002098,attack_only,320.000000,360.000000,0.001944,100.000000,0.017292,18,18,9720,18,18,0.000000,34.589712,1000,336212,4,1.000000,1.000000,0,1930,0,16480,0
100002098,defense_only,420.000000,460.000000,0.001944,100.000000,0.009499,18,18,9720,18,18,0.000000,34.158025,1000,332016,4,1.000000,1.000000,0,1874,0,21114,0
100002100,attack_only,120.000000,160.000000,0.001944,100.000000,0.015283,18,18,9720,18,18,0.000000,33.692181,1000,327488,3,1.000000,1.000000,0,1825,0,6841,0
100002100,baseline,220.000000,260.000000,0.001944,100.000000,0.005988,18,18,9720,18,18,0.000000,33.020988,1000,320964,3,1.000000,1.000000,0,1803,0,11288,0
100002100,defense_only,320.000000,360.000000,0.001944,100.000000,0.012674,18,18,9720,18,18,0.000000,32.941564,1000,320192,3,1.000000,1.000000,0,1782,0,15645,0
100002100,defense_vs_attack,420.000000,460.000000,0.001944,100.000000,0.007788,18,18,9720,18,18,0.000000,33.345679,1000,324120,3,1.000000,1.000000,0,1801,0,20093,0
100002106,defense_vs_attack,120.000000,160.000000,0.001944,100.000000,0.014954,18,18,9720,18,18,0.000000,31.827572,1000,309364,3,1.000000,1.000000,0,1748,0,6713,0
100002106,defense_only,220.000000,260.000000,0.001944,100.000000,0.005954,18,18,9720,18,18,0.000000,31.023868,1000,301552,3,1.000000,1.000000,0,1723,0,10932,0
100002106,baseline,320.000000,360.000000,0.001944,100.000000,0.012902,18,18,9720,18,18,0.000000,31.472428,1000,305912,3,1.000000,1.000000,0,1789,0,15283,0
100002106,attack_only,420.000000,460.000000,0.001944,100.000000,0.007065,18,18,9720,18,18,0.000000,31.688066,1000,308008,3,1.000000,1.000000,0,1761,0,19545,0
100002104,baseline,120.000000,160.000000,0.001944,100.000000,0.062796,18,18,9720,18,18,0.000000,23.620165,1000,229588,12,1.000000,1.000000,0,1867,0,6610,0
100002104,defense_vs_attack,220.000000,260.000000,0.000648,42.857143,0.033537,14,6,3240,6,18,66.666667,69.498765,1000,225176,12,1.000000,1.000000,0,1766,0,10869,0
100002104,attack_only,320.000000,360.000000,0.000000,0.000000,0.000000,18,0,0,0,18,100.000000,0.000000,1000,234664,12,1.000000,1.000000,0,1775,0,15095,0
100002104,defense_only,420.000000,460.000000,0.001944,100.000000,0.035080,18,18,9720,18,18,0.000000,24.511523,1000,238252,12,1.000000,1.000000,0,1885,0,19449,0
100002108,baseline,120.000000,160.000000,0.001944,100.000000,0.025912,18,18,9720,18,18,0.000000,31.198354,1000,303248,5,1.000000,1.000000,0,1814,0,6831,0
100002108,defense_only,220.000000,260.000000,0.001944,100.000000,0.009933,18,18,9720,18,18,0.000000,31.329218,1000,304520,5,1.000000,1.000000,0,1821,0,11285,0
100002108,attack_only,320.000000,360.000000,0.000000,0.000000,0.000000,18,0,0,0,18,100.000000,0.000000,1000,308248,5,1.000000,1.000000,0,1782,0,15639,0
100002108,defense_vs_attack,420.000000,460.000000,0.000216,11.111111,0.088338,18,2,1080,2,18,88.888889,287.277778,1000,310260,5,1.000000,1.000000,0,2071,0,20331,0
100002113,defense_vs_attack,120.000000,160.000000,0.001512,77.777778,0.030224,18,14,7560,14,18,22.222222,34.798942,1000,263080,6,1.000000,1.000000,0,1767,0,6629,0
100002113,attack_only,220.000000,260.000000,0.000000,0.000000,0.000000,18,0,0,0,18,100.000000,0.000000,1000,264636,6,1.000000,1.000000,0,1763,0,10888,0
100002113,baseline,320.000000,360.000000,0.001944,100.000000,0.023666,18,18,9720,18,18,0.000000,26.909877,1000,261564,6,1.000000,1.000000,0,1830,0,15300,0
100002113,defense_only,420.000000,460.000000,0.001944,100.000000,0.017211,18,18,9720,18,18,0.000000,26.611934,1000,258668,6,1.000000,1.000000,0,1761,0,19572,0
100002115,attack_only,120.000000,160.000000,0.001944,100.000000,0.031106,18,18,9720,18,18,0.000000,27.240329,1000,264776,6,1.000000,1.000000,0,1745,0,6454,0
100002115,baseline,220.000000,260.000000,0.001944,100.000000,0.011852,18,18,9720,18,18,0.000000,26.771605,1000,260220,6,1.000000,1.000000,0,1736,0,10704,0
100002115,defense_vs_attack,320.000000,360.000000,0.001944,100.000000,0.028205,18,18,9720,18,18,0.000000,27.592593,1000,268200,6,1.000000,1.000000,0,1781,0,14931,0
100002115,defense_only,420.000000,460.000000,0.001944,100.000000,0.018323,18,18,9720,18,18,0.000000,27.080658,1000,263224,6,1.000000,1.000000,0,1775,0,19201,0
100002118,defense_only,120.000000,160.000000,0.001944,100.000000,0.031079,18,18,9720,18,18,0.000000,26.725514,1000,259772,6,1.000000,1.000000,0,1714,0,6276,0
100002118,baseline,220.000000,260.000000,0.001944,100.000000,0.012098,18,18,9720,18,18,0.000000,26.643621,1000,258976,6,1.000000,1.000000,0,1695,0,10334,0
100002118,attack_only,320.000000,360.000000,0.000000,0.000000,0.000000,18,0,0,0,18,100.000000,0.000000,1000,236584,6,1.000000,1.000000,0,1608,0,14253,0
100002118,defense_vs_attack,420.000000,460.000000,0.000756,38.888889,0.022696,18,7,3780,7,18,61.111111,63.905820,1000,241564,6,1.000000,1.000000,0,1629,0,18196,0
100002123,baseline,120.000000,160.000000,0.001944,100.000000,0.021102,18,18,9720,18,18,0.000000,32.181070,1000,312800,4,1.000000,1.000000,0,1854,0,6874,0
100002123,attack_only,220.000000,260.000000,0.000000,0.000000,0.000000,18,0,0,0,18,100.000000,0.000000,1000,317132,4,1.000000,1.000000,0,1802,0,11289,0
100002123,defense_only,320.000000,360.000000,0.001944,100.000000,0.012569,18,18,9720,18,18,0.000000,32.187654,1000,312864,4,1.000000,1.000000,0,1820,0,15708,0
100002123,defense_vs_attack,420.000000,460.000000,0.000540,27.777778,0.025704,18,5,2700,5,18,72.222222,117.069630,1000,316088,4,1.000000,1.000000,0,1839,0,20143,0
100002122,defense_only,120.000000,160.000000,0.001836,94.444444,0.015627,18,17,9180,17,18,5.555556,28.983007,1000,266064,3,1.000000,1.000000,0,1796,0,6604,0
100002122,defense_vs_attack,220.000000,260.000000,0.001944,100.000000,0.006351,18,18,9720,18,18,0.000000,29.086420,1000,282720,3,1.000000,1.000000,0,1769,0,10886,0
100002122,attack_only,320.000000,360.000000,0.001944,100.000000,0.012240,18,18,9720,18,18,0.000000,28.967078,1000,281560,3,1.000000,1.000000,0,1752,0,15209,0
100002122,baseline,420.000000,460.000000,0.001944,100.000000,0.007660,18,18,9720,18,18,0.000000,27.424691,1000,266568,3,1.000000,1.000000,0,1714,0,19458,0
100002133,baseline,120.000000,160.000000,0.001944,100.000000,0.031512,18,18,9720,18,18,0.000000,24.013992,1000,233416,6,1.000000,1.000000,0,1739,0,6439,0
100002133,attack_only,220.000000,260.000000,0.001944,100.000000,0.012173,18,18,9720,18,18,0.000000,24.495473,1000,238096,6,1.000000,1.000000,0,1756,0,10616,0
100002133,defense_only,320.000000,360.000000,0.001944,100.000000,0.025975,18,18,9720,18,18,0.000000,24.164198,1000,234876,6,1.000000,1.000000,0,1729,0,14766,0
100002133,defense_vs_attack,420.000000,460.000000,0.001944,100.000000,0.014517,18,18,9720,18,18,0.000000,24.465844,1000,237808,6,1.000000,1.000000,0,1749,0,18965,0
100002134,attack_only,120.000000,160.000000,0.000000,0.000000,0.000000,18,0,0,0,18,100.000000,0.000000,1000,281928,4,1.000000,1.000000,0,1615,0,6281,0
100002134,baseline,220.000000,260.000000,0.001944,100.000000,0.021408,18,18,9720,18,18,0.000000,28.546502,1000,277472,4,1.000000,1.000000,0,1677,0,10329,0
100002134,defense_vs_attack,320.000000,360.000000,0.001512,77.777778,0.014248,18,14,7560,14,18,22.222222,38.391005,1000,290236,4,1.000000,1.000000,0,1689,0,14412,0
100002134,defense_only,420.000000,460.000000,0.001944,100.000000,0.010852,18,18,9720,18,18,0.000000,28.439095,1000,276428,4,1.000000,1.000000,0,1680,0,18488,0
100002140,defense_only,120.000000,160.000000,0.001944,100.000000,0.015766,18,18,9720,18,18,0.000000,29.909465,1000,290720,3,1.000000,1.000000,0,1749,0,6691,0
100002140,baseline,220.000000,260.000000,0.001944,100.000000,0.006413,18,18,9720,18,18,0.000000,29.876543,1000,290400,3,1.000000,1.000000,0,1756,0,10981,0
100002140,defense_vs_attack,320.000000,360.000000,0.001944,100.000000,0.012166,18,18,9720,18,18,0.000000,30.282716,1000,294348,3,1.000000,1.000000,0,1725,0,15285,0
100002140,attack_only,420.000000,460.000000,0.001944,100.000000,0.008087,18,18,9720,18,18,0.000000,30.410288,1000,295588,3,1.000000,1.000000,0,1742,0,19571,0
100002141,baseline,120.000000,160.000000,0.001944,100.000000,0.030518,18,18,9720,18,18,0.000000,25.170370,1000,244656,6,1.000000,1.000000,0,1741,0,6430,0
100002141,defense_vs_attack,220.000000,260.000000,0.001188,61.111111,0.012716,18,11,5940,11,18,38.888889,41.042424,1000,243792,7,1.000000,1.000000,0,1689,0,10571,0
100002141,attack_only,320.000000,360.000000,0.000000,0.000000,0.000000,18,0,0,0,18,100.000000,0.000000,1000,239924,7,1.000000,1.000000,0,1687,0,14695,0
100002141,defense_only,420.000000,460.000000,0.001944,100.000000,0.018621,18,18,9720,18,18,0.000000,25.076132,1000,243740,6,1.000000,1.000000,0,1748,0,18899,0
100002144,baseline,120.000000,160.000000,0.001944,100.000000,0.031000,18,18,9720,18,18,0.000000,26.397531,1000,256584,6,1.000000,1.000000,0,1671,0,6283,0
100002144,defense_vs_attack,220.000000,260.000000,0.001944,100.000000,0.012169,18,18,9720,18,18,0.000000,26.964198,1000,262092,6,1.000000,1.000000,0,1717,0,10389,0
100002144,attack_only,320.000000,360.000000,0.001944,100.000000,0.026223,18,18,9720,18,18,0.000000,26.828395,1000,260772,6,1.000000,1.000000,0,1726,0,14538,0
100002144,defense_only,420.000000,460.000000,0.001944,100.000000,0.014734,18,18,9720,18,18,0.000000,26.399177,1000,256600,6,1.000000,1.000000,0,1641,0,18549,0
100002149,attack_only,120.000000,160.000000,0.001944,100.000000,0.020943,18,18,9720,18,18,0.000000,36.018930,1000,350104,4,1.000000,1.000000,0,1832,0,6914,0
100002149,defense_only,220.000000,260.000000,0.001944,100.000000,0.007793,18,18,9720,18,18,0.000000,35.716461,1000,347164,4,1.000000,1.000000,0,1802,0,11398,0
100002149,defense_vs_attack,320.000000,360.000000,0.001944,100.000000,0.017379,18,18,9720,18,18,0.000000,36.093827,1000,350832,4,1.000000,1.000000,0,1836,0,15876,0
100002149,baseline,420.000000,460.000000,0.001944,100.000000,0.009678,18,18,9720,18,18,0.000000,35.988889,1000,349812,4,1.000000,1.000000,0,1889,0,20371,0
100002153,baseline,120.000000,160.000000,0.001944,100.000000,0.022018,18,18,9720,18,18,0.000000,29.053498,1000,282400,4,1.000000,1.000000,0,1786,0,6585,0
100002153,attack_only,220.000000,260.000000,0.001944,100.000000,0.008336,18,18,9720,18,18,0.000000,29.149794,1000,283336,4,1.000000,1.000000,0,1706,0,10742,0
100002153,defense_only,320.000000,360.000000,0.001944,100.000000,0.016508,18,18,9720,18,18,0.000000,29.037037,1000,282240,4,1.000000,1.000000,0,1729,0,14988,0
100002153,defense_vs_attack,420.000000,460.000000,0.001944,100.000000,0.010094,18,18,9720,18,18,0.000000,29.120576,1000,283052,4,1.000000,1.000000,0,1693,0,19099,0
100002165,attack_only,120.000000,160.000000,0.000000,0.000000,0.000000,18,0,0,0,18,100.000000,0.000000,1000,252608,8,1.000000,1.000000,0,1654,0,6370,0
100002165,defense_only,220.000000,260.000000,0.001944,100.000000,0.036683,18,18,9720,18,18,0.000000,26.314815,1000,255780,7,1.000000,1.000000,0,1762,0,10518,0
100002165,defense_vs_attack,320.000000,360.000000,0.001512,77.777778,0.014707,18,14,7560,14,18,22.222222,33.774603,1000,255336,8,1.000000,1.000000,0,1710,0,14675,0
100002165,baseline,420.000000,460.000000,0.001944,100.000000,0.027438,18,18,9720,18,18,0.000000,26.334156,1000,255968,7,1.000000,1.000000,0,1741,0,18895,0
100002163,defense_only,120.000000,160.000000,0.001620,83.333333,0.025123,18,15,8100,15,18,16.666667,31.337284,1000,253832,4,1.000000,1.000000,0,1595,0,6034,0
100002163,baseline,220.000000,260.000000,0.001944,100.000000,0.009074,18,18,9720,18,18,0.000000,26.039506,1000,253104,4,1.000000,1.000000,0,1601,0,9922,0
100002163,attack_only,320.000000,360.000000,0.001944,100.000000,0.015963,18,18,9720,18,18,0.000000,25.861317,1000,251372,4,1.000000,1.000000,0,1580,0,13790,0
100002163,defense_vs_attack,420.000000,460.000000,0.001944,100.000000,0.011237,18,18,9720,18,18,0.000000,26.062963,1000,253332,4,1.000000,1.000000,0,1601,0,17682,0
100002167,baseline,120.000000,160.000000,0.001944,100.000000,0.015601,18,18,9720,18,18,0.000000,20.847325,1000,202636,3,1.000000,1.000000,0,1588,0,6038,0
100002167,defense_vs_attack,220.000000,260.000000,0.001944,100.000000,0.005789,18,18,9720,18,18,0.000000,22.676132,1000,220412,3,1.000000,1.000000,0,1623,0,9971,0
100002167,attack_only,320.000000,360.000000,0.001944,100.000000,0.012906,18,18,9720,18,18,0.000000,22.229630,1000,216072,3,1.000000,1.000000,0,1622,0,13978,0
100002167,defense_only,420.000000,460.000000,0.001944,100.000000,0.007450,18,18,9720,18,18,0.000000,21.134979,1000,205432,3,1.000000,1.000000,0,1584,0,17838,0
100002164,attack_only,120.000000,160.000000,0.001944,100.000000,0.031590,18,18,9720,18,18,0.000000,24.751440,1000,240584,6,1.000000,1.000000,0,1621,0,5960,0
100002164,defense_only,220.000000,260.000000,0.001944,100.000000,0.012235,18,18,9720,18,18,0.000000,24.941564,1000,242432,6,1.000000,1.000000,0,1631,0,9799,0
100002164,defense_vs_attack,320.000000,360.000000,0.001944,100.000000,0.026076,18,18,9720,18,18,0.000000,24.970782,1000,242716,6,1.000000,1.000000,0,1622,0,13642,0
100002164,baseline,420.000000,460.000000,0.001944,100.000000,0.014452,18,18,9720,18,18,0.000000,24.748148,1000,240552,6,1.000000,1.000000,0,1614,0,17520,0
100002168,defense_only,120.000000,160.000000,0.001944,100.000000,0.032422,18,18,9720,18,18,0.000000,32.295062,1000,313908,6,1.000000,1.000000,0,1834,0,6725,0
100002168,baseline,220.000000,260.000000,0.001944,100.000000,0.013235,18,18,9720,18,18,0.000000,32.593004,1000,316804,6,1.000000,1.000000,0,1827,0,11124,0
100002168,attack_only,320.000000,360.000000,0.001944,100.000000,0.035735,18,18,9720,18,18,0.000000,34.985185,1000,340056,7,1.000000,1.000000,0,1909,0,15634,0
100002168,defense_vs_attack,420.000000,460.000000,0.001944,100.000000,0.014501,18,18,9720,18,18,0.000000,35.027572,1000,340468,7,1.000000,1.000000,0,1895,0,20181,0
100002169,baseline,120.000000,160.000000,0.001944,100.000000,0.032783,18,18,9720,18,18,0.000000,29.016461,1000,282040,6,1.000000,1.000000,0,1755,0,6444,0
100002169,defense_only,220.000000,260.000000,0.001944,100.000000,0.015056,18,18,9720,18,18,0.000000,28.746914,1000,279420,6,1.000000,1.000000,0,1715,0,10568,0
100002169,defense_vs_attack,320.000000,360.000000,0.001296,66.666667,0.031224,18,12,6480,12,18,33.333333,45.754938,1000,296492,6,1.000000,1.000000,0,2027,0,15042,0
100002169,attack_only,420.000000,460.000000,0.001944,100.000000,0.016811,18,18,9720,18,18,0.000000,30.156790,1000,293124,6,1.000000,1.000000,0,1753,0,19264,0
100002176,defense_vs_attack,120.000000,160.000000,0.001188,61.111111,0.027101,18,11,5940,11,18,38.888889,46.198653,1000,274420,5,1.000000,1.000000,0,1735,0,6517,0
100002176,defense_only,220.000000,260.000000,0.001944,100.000000,0.016870,18,18,9720,18,18,0.000000,28.513580,1000,277152,5,1.000000,1.000000,0,1749,0,10814,0
100002176,baseline,320.000000,360.000000,0.001944,100.000000,0.016456,18,18,9720,18,18,0.000000,28.943621,1000,281332,5,1.000000,1.000000,0,1758,0,15087,0
100002176,attack_only,420.000000,460.000000,0.000000,0.000000,0.000000,18,0,0,0,18,100.000000,0.000000,1000,272368,5,1.000000,1.000000,0,1702,0,19280,0
100002180,attack_only,120.000000,160.000000,0.000000,0.000000,0.000000,18,0,0,0,18,100.000000,0.000000,1000,229152,10,1.000000,1.000000,0,1650,0,6258,0
100002180,baseline,220.000000,260.000000,0.001944,100.000000,0.039661,18,18,9720,18,18,0.000000,24.721811,1000,240296,9,1.000000,1.000000,0,1764,0,10412,0
100002180,defense_only,320.000000,360.000000,0.001944,100.000000,0.022948,18,18,9720,18,18,0.000000,24.650617,1000,239604,9,1.000000,1.000000,0,1720,0,14516,0
100002180,defense_vs_attack,420.000000,460.000000,0.001512,77.777778,0.045208,18,14,7560,14,18,22.222222,30.213757,1000,228416,10,1.000000,1.000000,0,1726,0,18566,0
100002181,defense_only,120.000000,160.000000,0.001944,100.000000,0.026154,18,18,9720,18,18,0.000000,26.949383,1000,261948,5,1.000000,1.000000,0,1744,0,6532,0
100002181,attack_only,220.000000,260.000000,0.001944,100.000000,0.009842,18,18,9720,18,18,0.000000,26.604115,1000,258592,5,1.000000,1.000000,0,1781,0,10823,0
100002181,baseline,320.000000,360.000000,0.001944,100.000000,0.021539,18,18,9720,18,18,0.000000,27.113580,1000,263544,5,1.000000,1.000000,0,1736,0,15050,0
100002181,defense_vs_attack,420.000000,460.000000,0.001944,100.000000,0.011991,18,18,9720,18,18,0.000000,26.768313,1000,260188,5,1.000000,1.000000,0,1821,0,19397,0
100002188,defense_vs_attack,120.000000,160.000000,0.001944,100.000000,0.026987,18,18,9720,18,18,0.000000,24.276132,1000,235964,5,1.000000,1.000000,0,1640,0,6179,0
100002188,defense_only,220.000000,260.000000,0.001944,100.000000,0.010312,18,18,9720,18,18,0.000000,23.996708,1000,233248,5,1.000000,1.000000,0,1638,0,10150,0
100002188,attack_only,320.000000,360.000000,0.001728,88.888889,0.021800,18,16,8640,16,18,11.111111,27.359259,1000,236384,5,1.000000,1.000000,0,1642,0,14123,0
100002188,baseline,420.000000,460.000000,0.001944,100.000000,0.013787,18,18,9720,18,18,0.000000,24.026337,1000,233536,5,1.000000,1.000000,0,1612,0,18104,0
100002191,baseline,120.000000,160.000000,0.001944,100.000000,0.015487,18,18,9720,18,18,0.000000,30.279424,1000,294316,3,1.000000,1.000000,0,1669,0,6408,0
100002191,defense_only,220.000000,260.000000,0.001944,100.000000,0.005857,18,18,9720,18,18,0.000000,30.266255,1000,294188,3,1.000000,1.000000,0,1675,0,10542,0
100002191,attack_only,320.000000,360.000000,0.001944,100.000000,0.013577,18,18,9720,18,18,0.000000,29.936214,1000,290980,3,1.000000,1.000000,0,1636,0,14556,0
100002191,defense_vs_attack,420.000000,460.000000,0.001944,100.000000,0.007424,18,18,9720,18,18,0.000000,30.128395,1000,292848,3,1.000000,1.000000,0,1662,0,18619,0
100002192,baseline,120.000000,160.000000,0.001944,100.000000,0.025857,18,18,9720,18,18,0.000000,25.870370,1000,251460,5,1.000000,1.000000,0,1716,0,6372,0
100002192,defense_only,220.000000,260.000000,0.001944,100.000000,0.009862,18,18,9720,18,18,0.000000,25.681893,1000,249628,5,1.000000,1.000000,0,1674,0,10442,0
100002192,defense_vs_attack,320.000000,360.000000,0.001944,100.000000,0.021766,18,18,9720,18,18,0.000000,25.940329,1000,252140,5,1.000000,1.000000,0,1652,0,14480,0
100002192,attack_only,420.000000,460.000000,0.001944,100.000000,0.012260,18,18,9720,18,18,0.000000,26.331687,1000,255944,5,1.000000,1.000000,0,1700,0,18544,0
100002189,attack_only,120.000000,160.000000,0.001944,100.000000,0.020504,18,18,9720,18,18,0.000000,29.235391,1000,284168,4,1.000000,1.000000,0,1670,0,6307,0
100002189,defense_vs_attack,220.000000,260.000000,0.001944,100.000000,0.008157,18,18,9720,18,18,0.000000,29.006996,1000,281948,4,1.000000,1.000000,0,1699,0,10390,0
100002189,defense_only,320.000000,360.000000,0.001944,100.000000,0.017682,18,18,9720,18,18,0.000000,27.994650,1000,272108,4,1.000000,1.000000,0,1629,0,14420,0
100002189,baseline,420.000000,460.000000,0.001944,100.000000,0.009693,18,18,9720,18,18,0.000000,28.303704,1000,275112,4,1.000000,1.000000,0,1680,0,18533,0
100002193,defense_vs_attack,120.000000,160.000000,0.001944,100.000000,0.041367,18,18,9720,18,18,0.000000,32.553909,1000,316424,8,1.000000,1.000000,0,1988,0,7252,0
100002193,attack_only,220.000000,260.000000,0.001944,100.000000,0.016265,18,18,9720,18,18,0.000000,32.595062,1000,316824,8,1.000000,1.000000,0,1972,0,11975,0
100002193,defense_only,320.000000,360.000000,0.001944,100.000000,0.034217,18,18,9720,18,18,0.000000,32.354321,1000,314484,8,1.000000,1.000000,0,1964,0,16648,0
100002193,baseline,420.000000,460.000000,0.001944,100.000000,0.019927,18,18,9720,18,18,0.000000,32.234568,1000,313320,8,1.000000,1.000000,0,1942,0,21298,0
100002196,defense_only,120.000000,160.000000,0.001944,100.000000,0.020477,18,18,9720,18,18,0.000000,26.927984,1000,261740,4,1.000000,1.000000,0,1672,0,6223,0
100002196,baseline,220.000000,260.000000,0.001944,100.000000,0.007879,18,18,9720,18,18,0.000000,26.534568,1000,257916,4,1.000000,1.000000,0,1597,0,10166,0
100002196,defense_vs_attack,320.000000,360.000000,0.000972,50.000000,0.031910,18,9,4860,9,18,50.000000,53.018107,1000,257668,4,1.000000,1.000000,0,1642,0,14177,0
100002196,attack_only,420.000000,460.000000,0.000000,0.000000,0.000000,18,0,0,0,18,100.000000,0.000000,1000,257792,4,1.000000,1.000000,0,1606,0,18108,0
100002195,baseline,120.000000,160.000000,0.001944,100.000000,0.068015,18,18,9720,18,18,0.000000,25.804938,1000,250824,12,1.000000,1.000000,0,1890,0,6745,0
100002195,defense_only,220.000000,260.000000,0.001944,100.000000,0.028422,18,18,9720,18,18,0.000000,25.404527,1000,246932,12,1.000000,1.000000,0,1926,0,11181,0
100002195,defense_vs_attack,320.000000,360.000000,0.001944,100.000000,0.046749,18,18,9720,18,18,0.000000,25.970782,1000,252436,12,1.000000,1.000000,0,1885,0,15567,0
100002195,attack_only,420.000000,460.000000,0.001944,100.000000,0.034799,18,18,9720,18,18,0.000000,25.688066,1000,249688,12,1.000000,1.000000,0,1895,0,20004,0
100002198,baseline,120.000000,160.000000,0.001944,100.000000,0.031674,18,18,9720,18,18,0.000000,27.574897,1000,268028,6,1.000000,1.000000,0,1706,0,6281,0
100002198,defense_only,220.000000,260.000000,0.001944,100.000000,0.012367,18,18,9720,18,18,0.000000,27.815638,1000,270368,6,1.000000,1.000000,0,1711,0,10314,0
100002198,defense_vs_attack,320.000000,360.000000,0.001620,83.333333,0.029021,18,15,8100,15,18,16.666667,34.295309,1000,277792,6,1.000000,1.000000,0,1751,0,14552,0
100002198,attack_only,420.000000,460.000000,0.001944,100.000000,0.015559,18,18,9720,18,18,0.000000,28.636214,1000,278344,6,1.000000,1.000000,0,1755,0,18716,0
100002206,baseline,120.000000,160.000000,0.001944,100.000000,0.020905,18,18,9720,18,18,0.000000,29.865432,1000,290292,4,1.000000,1.000000,0,1862,0,7028,0
100002206,defense_only,220.000000,260.000000,0.001944,100.000000,0.008339,18,18,9720,18,18,0.000000,29.816049,1000,289812,4,1.000000,1.000000,0,1832,0,11512,0
100002206,attack_only,320.000000,360.000000,0.001944,100.000000,0.017480,18,18,9720,18,18,0.000000,29.583951,1000,287556,4,1.000000,1.000000,0,1819,0,15941,0
100002206,defense_vs_attack,420.000000,460.000000,0.001944,100.000000,0.009562,18,18,9720,18,18,0.000000,29.581893,1000,287536,4,1.000000,1.000000,0,1826,0,20446,0
100002212,baseline,120.000000,160.000000,0.001944,100.000000,0.025595,18,18,9720,18,18,0.000000,26.499588,1000,257576,5,1.000000,1.000000,0,1649,0,6277,0
100002212,defense_vs_attack,220.000000,260.000000,0.001944,100.000000,0.009799,18,18,9720,18,18,0.000000,24.830041,1000,241348,5,1.000000,1.000000,0,1645,0,10325,0
100002212,attack_only,320.000000,360.000000,0.001944,100.000000,0.021646,18,18,9720,18,18,0.000000,24.752263,1000,240592,5,1.000000,1.000000,0,1638,0,14338,0
100002212,defense_only,420.000000,460.000000,0.001944,100.000000,0.012426,18,18,9720,18,18,0.000000,26.939095,1000,261848,5,1.000000,1.000000,0,1653,0,18352,0
100002211,defense_vs_attack,120.000000,160.000000,0.001944,100.000000,0.036410,18,18,9720,18,18,0.000000,27.828807,1000,270496,7,1.000000,1.000000,0,1796,0,6616,0
100002211,defense_only,220.000000,260.000000,0.001944,100.000000,0.013807,18,18,9720,18,18,0.000000,27.027984,1000,262712,7,1.000000,1.000000,0,1812,0,10938,0
100002211,attack_only,320.000000,360.000000,0.001944,100.000000,0.030851,18,18,9720,18,18,0.000000,27.808230,1000,270296,7,1.000000,1.000000,0,1779,0,15177,0
100002211,baseline,420.000000,460.000000,0.001944,100.000000,0.017180,18,18,9720,18,18,0.000000,27.171193,1000,264104,7,1.000000,1.000000,0,1774,0,19421,0
100002217,defense_vs_attack,120.000000,160.000000,0.001944,100.000000,0.015173,18,18,9720,18,18,0.000000,23.035391,1000,223904,3,1.000000,1.000000,0,1657,0,6269,0
100002217,defense_only,220.000000,260.000000,0.001944,100.000000,0.005922,18,18,9720,18,18,0.000000,24.676543,1000,239856,3,1.000000,1.000000,0,1610,0,10233,0
100002217,attack_only,320.000000,360.000000,0.001944,100.000000,0.013035,18,18,9720,18,18,0.000000,23.183128,1000,225340,3,1.000000,1.000000,0,1678,0,14338,0
100002217,baseline,420.000000,460.000000,0.001944,100.000000,0.007065,18,18,9720,18,18,0.000000,24.862963,1000,241668,3,1.000000,1.000000,0,1612,0,18309,0
100002216,baseline,120.000000,160.000000,0.001944,100.000000,0.047478,18,18,9720,18,18,0.000000,21.662551,1000,210560,9,1.000000,1.000000,0,1655,0,6002,0
100002216,defense_vs_attack,220.000000,260.000000,0.000000,0.000000,0.000000,13,0,0,0,18,100.000000,0.000000,1000,203540,9,1.000000,1.000000,0,1515,0,9714,0
100002216,attack_only,320.000000,360.000000,0.000000,0.000000,0.000000,18,0,0,0,18,100.000000,0.000000,1000,215288,9,1.000000,1.000000,0,1576,0,13537,0
100002216,defense_only,420.000000,460.000000,0.001944,100.000000,0.026040,18,18,9720,18,18,0.000000,22.117695,1000,214984,9,1.000000,1.000000,0,1654,0,17425,0
100002219,attack_only,120.000000,160.000000,0.001944,100.000000,0.015025,18,18,9720,18,18,0.000000,30.235802,1000,293892,3,1.000000,1.000000,0,1787,0,6678,0
100002219,defense_vs_attack,220.000000,260.000000,0.001944,100.000000,0.006347,18,18,9720,18,18,0.000000,29.754321,1000,289212,3,1.000000,1.000000,0,1757,0,10991,0
100002219,defense_only,320.000000,360.000000,0.001944,100.000000,0.012538,18,18,9720,18,18,0.000000,28.583128,1000,277828,3,1.000000,1.000000,0,1741,0,15256,0
100002219,baseline,420.000000,460.000000,0.001944,100.000000,0.007523,18,18,9720,18,18,0.000000,28.994239,1000,281824,3,1.000000,1.000000,0,1726,0,19485,0
100002221,attack_only,120.000000,160.000000,0.000000,0.000000,0.000000,18,0,0,0,18,100.000000,0.000000,1000,299788,7,1.000000,1.000000,0,1805,0,6772,0
100002221,defense_vs_attack,220.000000,260.000000,0.000972,50.000000,0.032129,18,9,4860,9,18,50.000000,61.992593,1000,301284,7,1.000000,1.000000,0,1856,0,11222,0
100002221,baseline,320.000000,360.000000,0.001944,100.000000,0.027196,18,18,9720,18,18,0.000000,31.997942,1000,311020,7,1.000000,1.000000,0,1886,0,15743,0
100002221,defense_only,420.000000,460.000000,0.001944,100.000000,0.019782,18,18,9720,18,18,0.000000,31.734568,1000,308460,7,1.000000,1.000000,0,1832,0,20140,0
100002222,defense_vs_attack,120.000000,160.000000,0.001944,100.000000,0.047533,18,18,9720,18,18,0.000000,25.352675,1000,246428,9,1.000000,1.000000,0,1810,0,6631,0
100002222,attack_only,220.000000,260.000000,0.001944,100.000000,0.018117,18,18,9720,18,18,0.000000,25.806996,1000,250844,9,1.000000,1.000000,0,1842,0,10971,0
100002222,baseline,320.000000,360.000000,0.001944,100.000000,0.039820,18,18,9720,18,18,0.000000,25.727984,1000,250076,9,1.000000,1.000000,0,1838,0,15334,0
100002222,defense_only,420.000000,460.000000,0.001944,100.000000,0.022504,18,18,9720,18,18,0.000000,25.369547,1000,246592,9,1.000000,1.000000,0,1824,0,19696,0
100002224,defense_vs_attack,120.000000,160.000000,0.001944,100.000000,0.015394,18,18,9720,18,18,0.000000,22.921811,1000,222800,3,1.000000,1.000000,0,1585,0,6088,0
100002224,baseline,220.000000,260.000000,0.001944,100.000000,0.005873,18,18,9720,18,18,0.000000,23.969959,1000,232988,3,1.000000,1.000000,0,1623,0,10025,0
100002224,defense_only,320.000000,360.000000,0.001944,100.000000,0.013052,18,18,9720,18,18,0.000000,23.889712,1000,232208,3,1.000000,1.000000,0,1589,0,13957,0
100002224,attack_only,420.000000,460.000000,0.001944,100.000000,0.007265,18,18,9720,18,18,0.000000,22.747737,1000,221108,3,1.000000,1.000000,0,1592,0,17895,0
100002227,attack_only,120.000000,160.000000,0.001944,100.000000,0.020453,18,18,9720,18,18,0.000000,36.549383,1000,355260,4,1.000000,1.000000,0,1970,0,7426,0
100002227,defense_only,220.000000,260.000000,0.001944,100.000000,0.007900,18,18,9720,18,18,0.000000,35.965021,1000,349580,4,1.000000,1.000000,0,1975,0,12179,0
100002227,baseline,320.000000,360.000000,0.001944,100.000000,0.017278,18,18,9720,18,18,0.000000,35.884362,1000,348796,4,1.000000,1.000000,0,1980,0,16959,0
100002227,defense_vs_attack,420.000000,460.000000,0.001944,100.000000,0.009777,18,18,9720,18,18,0.000000,36.474897,1000,354536,4,1.000000,1.000000,0,1959,0,21744,0
100002232,attack_only,120.000000,160.000000,0.000000,0.000000,0.000000,18,0,0,0,18,100.000000,0.000000,1000,257280,5,1.000000,1.000000,0,1675,0,6346,0
100002232,baseline,220.000000,260.000000,0.001944,100.000000,0.020257,18,18,9720,18,18,0.000000,25.998354,1000,252704,5,1.000000,1.000000,0,1747,0,10536,0
100002232,defense_vs_attack,320.000000,360.000000,0.000432,22.222222,0.057071,18,4,2160,4,18,77.777778,117.405556,1000,253596,5,1.000000,1.000000,0,2342,0,15334,0
100002232,defense_only,420.000000,460.000000,0.001944,100.000000,0.014341,18,18,9720,18,18,0.000000,26.405761,1000,256664,5,1.000000,1.000000,0,1751,0,19498,0
100002237,attack_only,120.000000,160.000000,0.000000,0.000000,0.000000,18,0,0,0,18,100.000000,0.000000,1000,244436,5,1.000000,1.000000,0,1600,0,6035,0
100002237,defense_only,220.000000,260.000000,0.001944,100.000000,0.013356,18,18,9720,18,18,0.000000,24.890123,1000,241932,5,1.000000,1.000000,0,1603,0,9914,0
100002237,baseline,320.000000,360.000000,0.001944,100.000000,0.017247,18,18,9720,18,18,0.000000,25.130041,1000,244264,5,1.000000,1.000000,0,1609,0,13760,0
100002237,defense_vs_attack,420.000000,460.000000,0.001188,61.111111,0.019146,18,11,5940,11,18,38.888889,41.444444,1000,246180,5,1.000000,1.000000,0,1626,0,17663,0
100002238,defense_vs_attack,120.000000,160.000000,0.001944,100.000000,0.020521,18,18,9720,18,18,0.000000,29.237860,1000,284192,4,1.000000,1.000000,0,1699,0,6445,0
100002238,attack_only,220.000000,260.000000,0.001944,100.000000,0.007794,18,18,9720,18,18,0.000000,29.048148,1000,282348,4,1.000000,1.000000,0,1689,0,10566,0
100002238,baseline,320.000000,360.000000,0.001944,100.000000,0.017177,18,18,9720,18,18,0.000000,29.285597,1000,284656,4,1.000000,1.000000,0,1713,0,14737,0
100002238,defense_only,420.000000,460.000000,0.001944,100.000000,0.009986,18,18,9720,18,18,0.000000,29.103292,1000,282884,4,1.000000,1.000000,0,1737,0,18912,0
100002241,baseline,120.000000,160.000000,0.001944,100.000000,0.036446,18,18,9720,18,18,0.000000,30.381070,1000,295304,7,1.000000,1.000000,0,1793,0,6590,0
100002241,defense_vs_attack,220.000000,260.000000,0.001080,55.555556,0.035986,18,10,5400,10,18,44.444444,57.322222,1000,309540,7,1.000000,1.000000,0,1797,0,10824,0
100002241,attack_only,320.000000,360.000000,0.000000,0.000000,0.000000,18,0,0,0,18,100.000000,0.000000,1000,302948,7,1.000000,1.000000,0,1739,0,15071,0
100002241,defense_only,420.000000,460.000000,0.001944,100.000000,0.026871,18,18,9720,18,18,0.000000,30.284362,1000,294364,7,1.000000,1.000000,0,1758,0,19298,0
100002239,defense_vs_attack,120.000000,160.000000,0.001944,100.000000,0.032575,18,18,9720,18,18,0.000000,30.598354,1000,297416,6,1.000000,1.000000,0,1860,0,6775,0
100002239,baseline,220.000000,260.000000,0.001944,100.000000,0.012535,18,18,9720,18,18,0.000000,30.609053,1000,297520,6,1.000000,1.000000,0,1843,0,11189,0
100002239,defense_only,320.000000,360.000000,0.001944,100.000000,0.025396,18,18,9720,18,18,0.000000,30.072016,1000,292300,6,1.000000,1.000000,0,1837,0,15606,0
100002239,attack_only,420.000000,460.000000,0.001944,100.000000,0.015415,18,18,9720,18,18,0.000000,30.623457,1000,297660,6,1.000000,1.000000,0,1758,0,19881,0
100002242,defense_only,120.000000,160.000000,0.001944,100.000000,0.052633,18,18,9720,18,18,0.000000,26.787243,1000,260372,10,1.000000,1.000000,0,1872,0,6718,0
100002242,defense_vs_attack,220.000000,260.000000,0.000000,0.000000,0.000000,16,0,0,0,18,100.000000,0.000000,1000,258816,0,1.000000,1.000000,0,1772,0,11068,0
100002242,attack_only,320.000000,360.000000,0.000000,0.000000,0.000000,18,0,0,0,18,100.000000,0.000000,1000,264288,10,1.000000,1.000000,0,1705,0,15271,0
100002242,baseline,420.000000,460.000000,0.001944,100.000000,0.023785,18,18,9720,18,18,0.000000,26.769959,1000,260204,10,1.000000,1.000000,0,1817,0,19622,0
100002243,defense_vs_attack,120.000000,160.000000,0.001944,100.000000,0.036930,18,18,9720,18,18,0.000000,25.094650,1000,243920,7,1.000000,1.000000,0,1733,0,6323,0
100002243,attack_only,220.000000,260.000000,0.001944,100.000000,0.013994,18,18,9720,18,18,0.000000,24.734568,1000,240420,7,1.000000,1.000000,0,1688,0,10380,0
100002243,baseline,320.000000,360.000000,0.001944,100.000000,0.030307,18,18,9720,18,18,0.000000,23.590123,1000,229296,7,1.000000,1.000000,0,1654,0,14357,0
100002243,defense_only,420.000000,460.000000,0.001944,100.000000,0.017064,18,18,9720,18,18,0.000000,23.651852,1000,229896,7,1.000000,1.000000,0,1661,0,18347,0
100002244,defense_only,120.000000,160.000000,0.001944,100.000000,0.052408,18,18,9720,18,18,0.000000,20.400823,1000,198296,10,1.000000,1.000000,0,1698,0,6053,0
100002244,defense_vs_attack,220.000000,260.000000,0.000000,0.000000,0.000000,10,0,0,0,18,100.000000,0.000000,1000,182496,10,1.000000,1.000000,0,1452,0,9760,0
100002244,baseline,320.000000,360.000000,0.001944,100.000000,0.021558,18,18,9720,18,18,0.000000,20.693827,1000,201144,10,1.000000,1.000000,0,1673,0,13645,0
100002244,attack_only,420.000000,460.000000,0.000000,0.000000,0.000000,18,0,0,0,18,100.000000,0.000000,1000,198020,10,1.000000,1.000000,0,1554,0,17461,0
100002245,attack_only,120.000000,160.000000,0.001944,100.000000,0.035930,18,18,9720,18,18,0.000000,25.291358,1000,245832,7,1.000000,1.000000,0,1701,0,6180,0
100002245,baseline,220.000000,260.000000,0.001944,100.000000,0.013970,18,18,9720,18,18,0.000000,24.882305,1000,241856,7,1.000000,1.000000,0,1659,0,10162,0
100002245,defense_only,320.000000,360.000000,0.001944,100.000000,0.031743,18,18,9720,18,18,0.000000,24.715226,1000,240232,7,1.000000,1.000000,0,1640,0,14121,0
100002245,defense_vs_attack,420.000000,460.000000,0.001944,100.000000,0.017676,18,18,9720,18,18,0.000000,24.775720,1000,240820,7,1.000000,1.000000,0,1668,0,18103,0
100002246,defense_only,120.000000,160.000000,0.001944,100.000000,0.015414,18,18,9720,18,18,0.000000,32.696708,1000,317812,3,1.000000,1.000000,0,1734,0,6565,0
100002246,baseline,220.000000,260.000000,0.001944,100.000000,0.005854,18,18,9720,18,18,0.000000,32.537449,1000,316264,3,1.000000,1.000000,0,1717,0,10773,0
100002246,attack_only,320.000000,360.000000,0.001944,100.000000,0.012813,18,18,9720,18,18,0.000000,32.536626,1000,316256,3,1.000000,1.000000,0,1754,0,15060,0
100002246,defense_vs_attack,420.000000,460.000000,0.001944,100.000000,0.007346,18,18,9720,18,18,0.000000,32.693827,1000,317784,3,1.000000,1.000000,0,1755,0,19371,0
100002251,attack_only,120.000000,160.000000,0.001944,100.000000,0.025836,18,18,9720,18,18,0.000000,28.128807,1000,273412,5,1.000000,1.000000,0,1755,0,6525,0
100002251,defense_only,220.000000,260.000000,0.001944,100.000000,0.010892,18,18,9720,18,18,0.000000,27.865021,1000,270848,5,1.000000,1.000000,0,1725,0,10680,0
100002251,defense_vs_attack,320.000000,360.000000,0.001944,100.000000,0.021381,18,18,9720,18,18,0.000000,27.758436,1000,269812,5,1.000000,1.000000,0,1736,0,14898,0
100002251,baseline,420.000000,460.000000,0.001944,100.000000,0.012408,18,18,9720,18,18,0.000000,27.793416,1000,270152,5,1.000000,1.000000,0,1720,0,19076,0
100002254,attack_only,120.000000,160.000000,0.001944,100.000000,0.031498,18,18,9720,18,18,0.000000,19.920165,1000,193624,6,1.000000,1.000000,0,1562,0,5696,0
100002254,baseline,220.000000,260.000000,0.001944,100.000000,0.012730,18,18,9720,18,18,0.000000,20.845267,1000,202616,6,1.000000,1.000000,0,1551,0,9386,0
100002254,defense_vs_attack,320.000000,360.000000,0.001944,100.000000,0.024827,18,18,9720,18,18,0.000000,19.799177,1000,192448,6,1.000000,1.000000,0,1526,0,13016,0
100002254,defense_only,420.000000,460.000000,0.001944,100.000000,0.015857,18,18,9720,18,18,0.000000,21.004938,1000,204168,6,1.000000,1.000000,0,1567,0,16714,0
100002249,defense_vs_attack,120.000000,160.000000,0.001944,100.000000,0.021796,18,18,9720,18,18,0.000000,28.440329,1000,276440,3,1.000000,1.000000,0,1743,0,6557,0
100002249,attack_only,220.000000,260.000000,0.001944,100.000000,0.006862,18,18,9720,18,18,0.000000,28.070370,1000,272844,3,1.000000,1.000000,0,1730,0,10802,0
100002249,defense_only,320.000000,360.000000,0.001944,100.000000,0.012057,18,18,9720,18,18,0.000000,26.448148,1000,257076,3,1.000000,1.000000,0,1723,0,15010,0
100002249,baseline,420.000000,460.000000,0.001944,100.000000,0.007990,18,18,9720,18,18,0.000000,26.265021,1000,255296,3,1.000000,1.000000,0,1661,0,19085,0
100002253,defense_vs_attack,120.000000,160.000000,0.001944,100.000000,0.020410,18,18,9720,18,18,0.000000,27.265432,1000,265020,4,1.000000,1.000000,0,1644,0,6212,0
100002253,defense_only,220.000000,260.000000,0.001944,100.000000,0.007794,18,18,9720,18,18,0.000000,26.702881,1000,259552,4,1.000000,1.000000,0,1632,0,10168,0
100002253,baseline,320.000000,360.000000,0.001944,100.000000,0.017286,18,18,9720,18,18,0.000000,26.729630,1000,259812,4,1.000000,1.000000,0,1614,0,14107,0
100002253,attack_only,420.000000,460.000000,0.001944,100.000000,0.009799,18,18,9720,18,18,0.000000,27.206996,1000,264452,4,1.000000,1.000000,0,1634,0,18034,0
100002260,baseline,120.000000,160.000000,0.001944,100.000000,0.015284,18,18,9720,18,18,0.000000,30.312757,1000,294640,3,1.000000,1.000000,0,1744,0,6697,0
100002260,defense_vs_attack,220.000000,260.000000,0.001944,100.000000,0.005884,18,18,9720,18,18,0.000000,31.062963,1000,301932,3,1.000000,1.000000,0,1754,0,10941,0
100002260,attack_only,320.000000,360.000000,0.001944,100.000000,0.013975,18,18,9720,18,18,0.000000,30.740329,1000,298796,3,1.000000,1.000000,0,1702,0,15162,0
100002260,defense_only,420.000000,460.000000,0.001944,100.000000,0.008041,18,18,9720,18,18,0.000000,30.489300,1000,296356,3,1.000000,1.000000,0,1746,0,19425,0
100002262,attack_only,120.000000,160.000000,0.001944,100.000000,0.015382,18,18,9720,18,18,0.000000,29.373663,1000,285512,3,1.000000,1.000000,0,1750,0,6636,0
100002262,baseline,220.000000,260.000000,0.001944,100.000000,0.005858,18,18,9720,18,18,0.000000,29.183539,1000,283664,3,1.000000,1.000000,0,1772,0,10933,0
100002262,defense_vs_attack,320.000000,360.000000,0.001944,100.000000,0.012812,18,18,9720,18,18,0.000000,29.353909,1000,285320,3,1.000000,1.000000,0,1713,0,15168,0
100002262,defense_only,420.000000,460.000000,0.001944,100.000000,0.007066,18,18,9720,18,18,0.000000,29.035391,1000,282224,3,1.000000,1.000000,0,1713,0,19431,0
100002270,defense_only,120.000000,160.000000,0.001944,100.000000,0.075636,18,18,9720,18,18,0.000000,26.871605,1000,261192,4,1.000000,1.000000,0,1635,0,6224,0
100002270,attack_only,220.000000,260.000000,0.001944,100.000000,0.008201,18,18,9720,18,18,0.000000,27.907407,1000,271260,4,1.000000,1.000000,0,1633,0,10301,0
100002270,baseline,320.000000,360.000000,0.001944,100.000000,0.014769,18,18,9720,18,18,0.000000,26.881070,1000,261284,4,1.000000,1.000000,0,1621,0,14263,0
100002270,defense_vs_attack,420.000000,460.000000,0.001944,100.000000,0.011980,18,18,9720,18,18,0.000000,28.019753,1000,272352,4,1.000000,1.000000,0,1682,0,18337,0
100002269,attack_only,120.000000,160.000000,0.001944,100.000000,0.041192,18,18,9720,18,18,0.000000,28.204115,1000,274144,8,1.000000,1.000000,0,1865,0,6633,0
100002269,defense_only,220.000000,260.000000,0.001944,100.000000,0.016227,18,18,9720,18,18,0.000000,27.226337,1000,264640,8,1.000000,1.000000,0,1842,0,10948,0
100002269,baseline,320.000000,360.000000,0.001944,100.000000,0.035097,18,18,9720,18,18,0.000000,26.817695,1000,260668,8,1.000000,1.000000,0,1788,0,15193,0
100002269,defense_vs_attack,420.000000,460.000000,0.001944,100.000000,0.019531,18,18,9720,18,18,0.000000,28.566667,1000,277668,8,1.000000,1.000000,0,1880,0,19628,0
100002271,attack_only,120.000000,160.000000,0.001944,100.000000,0.020959,18,18,9720,18,18,0.000000,27.304527,1000,265400,4,1.000000,1.000000,0,1729,0,6527,0
100002271,defense_vs_attack,220.000000,260.000000,0.001944,100.000000,0.008008,18,18,9720,18,18,0.000000,26.869136,1000,261168,4,1.000000,1.000000,0,1652,0,10611,0
100002271,baseline,320.000000,360.000000,0.001944,100.000000,0.016904,18,18,9720,18,18,0.000000,27.801646,1000,270232,4,1.000000,1.000000,0,1766,0,14837,0
100002271,defense_only,420.000000,460.000000,0.001944,100.000000,0.010089,18,18,9720,18,18,0.000000,27.977778,1000,271944,4,1.000000,1.000000,0,1774,0,19145,0
100002273,defense_vs_attack,120.000000,160.000000,0.001944,100.000000,0.020810,18,18,9720,18,18,0.000000,29.038272,1000,282252,4,1.000000,1.000000,0,1674,0,6324,0
100002273,defense_only,220.000000,260.000000,0.001944,100.000000,0.008167,18,18,9720,18,18,0.000000,28.516872,1000,277184,4,1.000000,1.000000,0,1669,0,10384,0
100002273,attack_only,320.000000,360.000000,0.001944,100.000000,0.017365,18,18,9720,18,18,0.000000,28.727160,1000,279228,4,1.000000,1.000000,0,1657,0,14433,0
100002273,baseline,420.000000,460.000000,0.001944,100.000000,0.009781,18,18,9720,18,18,0.000000,28.512346,1000,277140,4,1.000000,1.000000,0,1687,0,18505,0
100002276,defense_only,120.000000,160.000000,0.001944,100.000000,0.025680,18,18,9720,18,18,0.000000,31.111934,1000,302408,5,1.000000,1.000000,0,1798,0,6787,0
100002276,baseline,220.000000,260.000000,0.001944,100.000000,0.010141,18,18,9720,18,18,0.000000,31.211934,1000,303380,5,1.000000,1.000000,0,1794,0,11136,0
100002276,defense_vs_attack,320.000000,360.000000,0.001512,77.777778,0.038559,18,14,7560,14,18,22.222222,39.986772,1000,302300,5,1.000000,1.000000,0,1833,0,15604,0
100002276,attack_only,420.000000,460.000000,0.000000,0.000000,0.000000,18,0,0,0,18,100.000000,0.000000,1000,303576,5,1.000000,1.000000,0,1785,0,20031,0
100002279,attack_only,120.000000,160.000000,0.000000,0.000000,0.000000,18,0,0,0,18,100.000000,0.000000,1000,258340,5,1.000000,1.000000,0,1710,0,6526,0
100002279,baseline,220.000000,260.000000,0.001944,100.000000,0.016230,18,18,9720,18,18,0.000000,26.028395,1000,252996,5,1.000000,1.000000,0,1762,0,10741,0
100002279,defense_vs_attack,320.000000,360.000000,0.000540,27.777778,0.034260,18,5,2700,5,18,72.222222,96.075556,1000,259404,5,1.000000,1.000000,0,1777,0,14937,0
100002279,defense_only,420.000000,460.000000,0.001944,100.000000,0.015585,18,18,9720,18,18,0.000000,26.068313,1000,253384,5,1.000000,1.000000,0,1731,0,19110,0
100002281,defense_only,120.000000,160.000000,0.001944,100.000000,0.015550,18,18,9720,18,18,0.000000,28.841564,1000,280340,3,1.000000,1.000000,0,1690,0,6375,0
100002281,defense_vs_attack,220.000000,260.000000,0.001944,100.000000,0.005789,18,18,9720,18,18,0.000000,29.479835,1000,286544,3,1.000000,1.000000,0,1691,0,10543,0
100002281,attack_only,320.000000,360.000000,0.001944,100.000000,0.012812,18,18,9720,18,18,0.000000,29.120988,1000,283056,3,1.000000,1.000000,0,1674,0,14617,0
100002281,baseline,420.000000,460.000000,0.001944,100.000000,0.007066,18,18,9720,18,18,0.000000,28.727984,1000,279236,3,1.000000,1.000000,0,1689,0,18730,0
100002285,attack_only,120.000000,160.000000,0.001944,100.000000,0.021476,18,18,9720,18,18,0.000000,23.585185,1000,229248,4,1.000000,1.000000,0,1592,0,6006,0
100002285,defense_vs_attack,220.000000,260.000000,0.001296,75.000000,0.010419,16,12,6480,12,18,33.333333,35.537654,1000,230284,4,1.000000,1.000000,0,1593,0,9921,0
100002285,baseline,320.000000,360.000000,0.001944,100.000000,0.013517,18,18,9720,18,18,0.000000,22.456379,1000,218276,4,1.000000,1.000000,0,1556,0,13748,0
100002285,defense_only,420.000000,460.000000,0.001944,100.000000,0.013518,18,18,9720,18,18,0.000000,22.079424,1000,214612,4,1.000000,1.000000,0,1577,0,17554,0
100002284,defense_vs_attack,120.000000,160.000000,0.001944,100.000000,0.025377,18,18,9720,18,18,0.000000,36.614403,1000,355892,5,1.000000,1.000000,0,1933,0,7270,0
100002284,attack_only,220.000000,260.000000,0.001944,100.000000,0.010010,18,18,9720,18,18,0.000000,36.790123,1000,357600,5,1.000000,1.000000,0,1932,0,11955,0
100002284,baseline,320.000000,360.000000,0.001944,100.000000,0.021838,18,18,9720,18,18,0.000000,36.353498,1000,353356,5,1.000000,1.000000,0,1930,0,16696,0
100002284,defense_only,420.000000,460.000000,0.001944,100.000000,0.011996,18,18,9720,18,18,0.000000,36.363786,1000,353456,5,1.000000,1.000000,0,1941,0,21396,0
100002283,defense_vs_attack,120.000000,160.000000,0.001944,100.000000,0.021353,18,18,9720,18,18,0.000000,27.804115,1000,270256,4,1.000000,1.000000,0,1664,0,6301,0
100002283,attack_only,220.000000,260.000000,0.001944,100.000000,0.008496,18,18,9720,18,18,0.000000,28.106584,1000,273196,4,1.000000,1.000000,0,1692,0,10328,0
100002283,baseline,320.000000,360.000000,0.001944,100.000000,0.016955,18,18,9720,18,18,0.000000,28.442798,1000,276464,4,1.000000,1.000000,0,1692,0,14449,0
100002283,defense_only,420.000000,460.000000,0.001944,100.000000,0.010055,18,18,9720,18,18,0.000000,28.504938,1000,277068,4,1.000000,1.000000,0,1689,0,18535,0
100002288,defense_only,120.000000,160.000000,0.001944,100.000000,0.015959,18,18,9720,18,18,0.000000,22.698354,1000,220628,3,1.000000,1.000000,0,1586,0,6045,0
100002288,defense_vs_attack,220.000000,260.000000,0.001944,100.000000,0.005852,18,18,9720,18,18,0.000000,23.102469,1000,224556,3,1.000000,1.000000,0,1586,0,9961,0
100002288,attack_only,320.000000,360.000000,0.001944,100.000000,0.013033,18,18,9720,18,18,0.000000,23.246502,1000,225956,3,1.000000,1.000000,0,1610,0,13844,0
100002288,baseline,420.000000,460.000000,0.001944,100.000000,0.007065,18,18,9720,18,18,0.000000,22.834568,1000,221952,3,1.000000,1.000000,0,1615,0,17768,0
100002292,defense_only,120.000000,160.000000,0.001944,100.000000,0.015966,18,18,9720,18,18,0.000000,28.510700,1000,277124,3,1.000000,1.000000,0,1810,0,6822,0
100002292,baseline,220.000000,260.000000,0.001944,100.000000,0.006918,18,18,9720,18,18,0.000000,28.267078,1000,274756,3,1.000000,1.000000,0,1777,0,11187,0
100002292,attack_only,320.000000,360.000000,0.001944,100.000000,0.013800,18,18,9720,18,18,0.000000,29.102881,1000,282880,3,1.000000,1.000000,0,1802,0,15581,0
100002292,defense_vs_attack,420.000000,460.000000,0.001944,100.000000,0.007392,18,18,9720,18,18,0.000000,29.206173,1000,283884,3,1.000000,1.000000,0,1793,0,20030,0
100002294,attack_only,120.000000,160.000000,0.000000,0.000000,0.000000,18,0,0,0,18,100.000000,0.000000,1000,271072,10,1.000000,1.000000,0,1799,0,6686,0
100002294,defense_vs_attack,220.000000,260.000000,0.001512,77.777778,0.118942,18,14,7560,14,18,22.222222,34.443386,1000,260392,10,1.000000,1.000000,0,1868,0,11088,0
100002294,defense_only,320.000000,360.000000,0.001944,100.000000,0.040463,18,18,9720,18,18,0.000000,27.738272,1000,269616,10,1.000000,1.000000,0,1905,0,15551,0
100002294,baseline,420.000000,460.000000,0.001944,100.000000,0.028370,18,18,9720,18,18,0.000000,27.764609,1000,269872,10,1.000000,1.000000,0,1867,0,19959,0
100002297,defense_vs_attack,120.000000,160.000000,0.001944,100.000000,0.026270,18,18,9720,18,18,0.000000,28.669547,1000,278668,5,1.000000,1.000000,0,1790,0,6723,0
100002297,defense_only,220.000000,260.000000,0.001944,100.000000,0.010129,18,18,9720,18,18,0.000000,26.929630,1000,261756,5,1.000000,1.000000,0,1765,0,10979,0
100002297,attack_only,320.000000,360.000000,0.001944,100.000000,0.021404,18,18,9720,18,18,0.000000,28.689712,1000,278864,5,1.000000,1.000000,0,1782,0,15314,0
100002297,baseline,420.000000,460.000000,0.001944,100.000000,0.013221,18,18,9720,18,18,0.000000,26.954321,1000,261996,5,1.000000,1.000000,0,1728,0,19537,0
100002298,defense_vs_attack,120.000000,160.000000,0.001944,100.000000,0.015552,18,18,9720,18,18,0.000000,32.724280,1000,318080,3,1.000000,1.000000,0,1814,0,7015,0
100002298,defense_only,220.000000,260.000000,0.001944,100.000000,0.005871,18,18,9720,18,18,0.000000,33.870782,1000,329224,3,1.000000,1.000000,0,1861,0,11611,0
100002298,attack_only,320.000000,360.000000,0.001944,100.000000,0.012492,18,18,9720,18,18,0.000000,32.700823,1000,317852,3,1.000000,1.000000,0,1836,0,16145,0
100002298,baseline,420.000000,460.000000,0.001944,100.000000,0.007972,18,18,9720,18,18,0.000000,34.185185,1000,332280,3,1.000000,1.000000,0,1857,0,20697,0
100002300,defense_vs_attack,120.000000,160.000000,0.001944,100.000000,0.015313,18,18,9720,18,18,0.000000,26.477366,1000,257360,3,1.000000,1.000000,0,1624,0,6188,0
100002300,defense_only,220.000000,260.000000,0.001944,100.000000,0.014993,18,18,9720,18,18,0.000000,26.563374,1000,258196,3,1.000000,1.000000,0,1642,0,10209,0
100002300,attack_only,320.000000,360.000000,0.001944,100.000000,0.008286,18,18,9720,18,18,0.000000,26.565844,1000,258220,3,1.000000,1.000000,0,1612,0,14164,0
100002300,baseline,420.000000,460.000000,0.001944,100.000000,0.008115,18,18,9720,18,18,0.000000,26.590123,1000,258456,3,1.000000,1.000000,0,1623,0,18126,0
100002301,attack_only,120.000000,160.000000,0.001944,100.000000,0.021572,18,18,9720,18,18,0.000000,32.236214,1000,313336,4,1.000000,1.000000,0,1890,0,7038,0
100002301,baseline,220.000000,260.000000,0.001944,100.000000,0.007879,18,18,9720,18,18,0.000000,32.370370,1000,314640,4,1.000000,1.000000,0,1865,0,11632,0
100002301,defense_vs_attack,320.000000,360.000000,0.001944,100.000000,0.017388,18,18,9720,18,18,0.000000,32.020165,1000,311236,4,1.000000,1.000000,0,1890,0,16231,0
100002301,defense_only,420.000000,460.000000,0.001944,100.000000,0.009966,18,18,9720,18,18,0.000000,32.113580,1000,312144,4,1.000000,1.000000,0,1868,0,20796,0
100002303,baseline,120.000000,160.000000,0.001944,100.000000,0.025292,18,18,9720,18,18,0.000000,32.788889,1000,318708,5,1.000000,1.000000,0,1763,0,6733,0
100002303,attack_only,220.000000,260.000000,0.000000,0.000000,0.000000,18,0,0,0,18,100.000000,0.000000,1000,348176,5,1.000000,1.000000,0,1778,0,11081,0
100002303,defense_only,320.000000,360.000000,0.001944,100.000000,0.010428,18,18,9720,18,18,0.000000,33.200412,1000,322708,5,1.000000,1.000000,0,1787,0,15476,0
100002303,defense_vs_attack,420.000000,460.000000,0.001944,100.000000,0.021983,18,18,9720,18,18,0.000000,35.871193,1000,348668,5,1.000000,1.000000,0,1856,0,19886,0
100002305,baseline,120.000000,160.000000,0.001944,100.000000,0.057168,18,18,9720,18,18,0.000000,23.978189,1000,233068,11,1.000000,1.000000,0,1724,0,6240,0
100002305,defense_vs_attack,220.000000,260.000000,0.001944,100.000000,0.022218,18,18,9720,18,18,0.000000,25.530453,1000,248156,11,1.000000,1.000000,0,1794,0,10417,0
100002305,defense_only,320.000000,360.000000,0.001944,100.000000,0.048178,18,18,9720,18,18,0.000000,23.958025,1000,232872,11,1.000000,1.000000,0,1755,0,14497,0
100002305,attack_only,420.000000,460.000000,0.001944,100.000000,0.026798,18,18,9720,18,18,0.000000,25.508230,1000,247940,11,1.000000,1.000000,0,1774,0,18600,0
100002308,defense_vs_attack,120.000000,160.000000,0.001944,100.000000,0.036470,18,18,9720,18,18,0.000000,27.200000,1000,264384,7,1.000000,1.000000,0,1908,0,6871,0
100002308,defense_only,220.000000,260.000000,0.001944,100.000000,0.013927,18,18,9720,18,18,0.000000,25.359671,1000,246496,7,1.000000,1.000000,0,1793,0,11210,0
100002308,baseline,320.000000,360.000000,0.001944,100.000000,0.030973,18,18,9720,18,18,0.000000,25.404938,1000,246936,7,1.000000,1.000000,0,1822,0,15552,0
100002308,attack_only,420.000000,460.000000,0.001944,100.000000,0.017100,18,18,9720,18,18,0.000000,27.442798,1000,266744,7,1.000000,1.000000,0,1878,0,20020,0
100002310,defense_vs_attack,120.000000,160.000000,0.000216,11.111111,0.051733,18,2,1080,2,18,88.888889,273.929630,1000,295844,5,1.000000,1.000000,0,2277,0,7302,0
100002310,baseline,220.000000,260.000000,0.001944,100.000000,0.017096,18,18,9720,18,18,0.000000,30.107407,1000,292644,5,1.000000,1.000000,0,1811,0,11701,0
100002310,attack_only,320.000000,360.000000,0.000000,0.000000,0.000000,18,0,0,0,18,100.000000,0.000000,1000,297724,5,1.000000,1.000000,0,1817,0,16129,0
100002310,defense_only,420.000000,460.000000,0.001944,100.000000,0.011771,18,18,9720,18,18,0.000000,30.134979,1000,292912,5,1.000000,1.000000,0,1819,0,20536,0
100002316,baseline,120.000000,160.000000,0.001944,100.000000,0.051820,18,18,9720,18,18,0.000000,27.606996,1000,268340,10,1.000000,1.000000,0,1890,0,6781,0
100002316,defense_vs_attack,220.000000,260.000000,0.001512,77.777778,0.019893,18,14,7560,14,18,22.222222,36.695767,1000,277420,11,1.000000,1.000000,0,1895,0,11206,0
100002316,defense_only,320.000000,360.000000,0.001944,100.000000,0.039923,18,18,9720,18,18,0.000000,27.789300,1000,270112,10,1.000000,1.000000,0,1889,0,15609,0
100002316,attack_only,420.000000,460.000000,0.000000,0.000000,0.000000,18,0,0,0,18,100.000000,0.000000,1000,283428,11,1.000000,1.000000,0,1832,0,19991,0
100002315,baseline,120.000000,160.000000,0.001944,100.000000,0.020674,18,18,9720,18,18,0.000000,28.995062,1000,281832,4,1.000000,1.000000,0,1726,0,6477,0
100002315,defense_vs_attack,220.000000,260.000000,0.001944,100.000000,0.007921,18,18,9720,18,18,0.000000,29.853909,1000,290180,4,1.000000,1.000000,0,1737,0,10673,0
100002315,defense_only,320.000000,360.000000,0.001944,100.000000,0.018222,18,18,9720,18,18,0.000000,28.941152,1000,281308,4,1.000000,1.000000,0,1710,0,14827,0
100002315,attack_only,420.000000,460.000000,0.001944,100.000000,0.009881,18,18,9720,18,18,0.000000,30.037860,1000,291968,4,1.000000,1.000000,0,1731,0,19071,0
100002319,defense_only,120.000000,160.000000,0.001944,100.000000,0.020904,18,18,9720,18,18,0.000000,27.733745,1000,269572,4,1.000000,1.000000,0,1691,0,6257,0
100002319,baseline,220.000000,260.000000,0.001944,100.000000,0.007793,18,18,9720,18,18,0.000000,27.531687,1000,267608,4,1.000000,1.000000,0,1630,0,10258,0
100002319,defense_vs_attack,320.000000,360.000000,0.001944,100.000000,0.019618,18,18,9720,18,18,0.000000,28.013169,1000,272288,4,1.000000,1.000000,0,1656,0,14273,0
100002319,attack_only,420.000000,460.000000,0.001944,100.000000,0.008485,18,18,9720,18,18,0.000000,27.958436,1000,271756,4,1.000000,1.000000,0,1664,0,18269,0
100002325,attack_only,120.000000,160.000000,0.001944,100.000000,0.036710,18,18,9720,18,18,0.000000,30.736214,1000,298756,7,1.000000,1.000000,0,1837,0,6590,0
100002325,defense_only,220.000000,260.000000,0.001944,100.000000,0.026409,18,18,9720,18,18,0.000000,28.753909,1000,279488,7,1.000000,1.000000,0,1745,0,10771,0
100002325,defense_vs_attack,320.000000,360.000000,0.001944,100.000000,0.020980,18,18,9720,18,18,0.000000,30.526337,1000,296716,7,1.000000,1.000000,0,1764,0,15040,0
100002325,baseline,420.000000,460.000000,0.001944,100.000000,0.015942,18,18,9720,18,18,0.000000,29.100823,1000,282860,7,1.000000,1.000000,0,1767,0,19289,0
100002328,defense_only,120.000000,160.000000,0.001944,100.000000,0.021465,18,18,9720,18,18,0.000000,27.253909,1000,264908,4,1.000000,1.000000,0,1605,0,6007,0
100002328,attack_only,220.000000,260.000000,0.001944,100.000000,0.008788,18,18,9720,18,18,0.000000,27.685185,1000,269100,4,1.000000,1.000000,0,1626,0,9916,0
100002328,defense_vs_attack,320.000000,360.000000,0.001944,100.000000,0.016271,18,18,9720,18,18,0.000000,27.645679,1000,268716,4,1.000000,1.000000,0,1612,0,13827,0
100002328,baseline,420.000000,460.000000,0.001944,100.000000,0.012035,18,18,9720,18,18,0.000000,27.201646,1000,264400,4,1.000000,1.000000,0,1578,0,17661,0
100002324,defense_vs_attack,120.000000,160.000000,0.001944,100.000000,0.025991,18,18,9720,18,18,0.000000,35.284774,1000,342968,5,1.000000,1.000000,0,1906,0,7088,0
100002324,defense_only,220.000000,260.000000,0.001944,100.000000,0.010765,18,18,9720,18,18,0.000000,36.695885,1000,356684,5,1.000000,1.000000,0,1875,0,11739,0
100002324,baseline,320.000000,360.000000,0.001944,100.000000,0.021110,18,18,9720,18,18,0.000000,36.534156,1000,355112,5,1.000000,1.000000,0,1909,0,16355,0
100002324,attack_only,420.000000,460.000000,0.001944,100.000000,0.012397,18,18,9720,18,18,0.000000,35.208230,1000,342224,5,1.000000,1.000000,0,1848,0,20938,0
100002335,attack_only,120.000000,160.000000,0.001944,100.000000,0.031374,18,18,9720,18,18,0.000000,30.455556,1000,296028,6,1.000000,1.000000,0,1808,0,6755,0
100002335,baseline,220.000000,260.000000,0.001944,100.000000,0.011965,18,18,9720,18,18,0.000000,29.364198,1000,285420,6,1.000000,1.000000,0,1794,0,11070,0
100002335,defense_vs_attack,320.000000,360.000000,0.001944,100.000000,0.025994,18,18,9720,18,18,0.000000,30.493004,1000,296392,6,1.000000,1.000000,0,1820,0,15424,0
100002335,defense_only,420.000000,460.000000,0.001944,100.000000,0.014670,18,18,9720,18,18,0.000000,29.086420,1000,282720,6,1.000000,1.000000,0,1779,0,19693,0
100002339,defense_only,120.000000,160.000000,0.001944,100.000000,0.025858,18,18,9720,18,18,0.000000,26.199177,1000,254656,5,1.000000,1.000000,0,1663,0,6251,0
100002339,baseline,220.000000,260.000000,0.001944,100.000000,0.010336,18,18,9720,18,18,0.000000,26.234979,1000,255004,5,1.000000,1.000000,0,1688,0,10245,0
100002339,defense_vs_attack,320.000000,360.000000,0.000216,11.111111,0.037603,18,2,1080,2,18,88.888889,245.400000,1000,265032,5,1.000000,1.000000,0,1680,0,14255,0
100002339,attack_only,420.000000,460.000000,0.000000,0.000000,0.000000,18,0,0,0,18,100.000000,0.000000,1000,257020,5,1.000000,1.000000,0,1578,0,18200,0
100002341,attack_only,120.000000,160.000000,0.000000,0.000000,0.000000,18,0,0,0,18,100.000000,0.000000,1000,282520,6,1.000000,1.000000,0,1708,0,6476,0
100002341,defense_only,220.000000,260.000000,0.001944,100.000000,0.019653,18,18,9720,18,18,0.000000,29.437037,1000,286128,5,1.000000,1.000000,0,1754,0,10640,0
100002341,defense_vs_attack,320.000000,360.000000,0.001512,77.777778,0.021170,18,14,7560,14,18,22.222222,37.679365,1000,284856,6,1.000000,1.000000,0,1743,0,14814,0
100002341,baseline,420.000000,460.000000,0.001944,100.000000,0.013841,18,18,9720,18,18,0.000000,29.293004,1000,284728,5,1.000000,1.000000,0,1728,0,18977,0
100002344,baseline,120.000000,160.000000,0.001944,100.000000,0.015507,18,18,9720,18,18,0.000000,29.334156,1000,285128,3,1.000000,1.000000,0,1782,0,6779,0
100002344,defense_only,220.000000,260.000000,0.001944,100.000000,0.006218,18,18,9720,18,18,0.000000,29.302058,1000,284816,3,1.000000,1.000000,0,1780,0,11135,0
100002344,attack_only,320.000000,360.000000,0.001944,100.000000,0.011731,18,18,9720,18,18,0.000000,27.572016,1000,268000,3,1.000000,1.000000,0,1756,0,15389,0
100002344,defense_vs_attack,420.000000,460.000000,0.001944,100.000000,0.008265,18,18,9720,18,18,0.000000,27.407407,1000,266400,3,1.000000,1.000000,0,1769,0,19720,0
100002342,attack_only,120.000000,160.000000,0.000000,0.000000,0.000000,18,0,0,0,18,100.000000,0.000000,1000,309988,6,1.000000,1.000000,0,1712,0,6509,0
100002342,defense_vs_attack,220.000000,260.000000,0.001512,77.777778,0.033645,18,14,7560,14,18,22.222222,40.804762,1000,308484,6,1.000000,1.000000,0,1797,0,10824,0
100002342,defense_only,320.000000,360.000000,0.001944,100.000000,0.023775,18,18,9720,18,18,0.000000,30.799588,1000,299372,6,1.000000,1.000000,0,1770,0,15151,0
100002342,baseline,420.000000,460.000000,0.001944,100.000000,0.017170,18,18,9720,18,18,0.000000,31.005761,1000,301376,6,1.000000,1.000000,0,1767,0,19461,0
100002350,baseline,120.000000,160.000000,0.001944,100.000000,0.020818,18,18,9720,18,18,0.000000,30.545267,1000,296900,4,1.000000,1.000000,0,1723,0,6537,0
100002350,defense_vs_attack,220.000000,260.000000,0.001944,100.000000,0.007917,18,18,9720,18,18,0.000000,31.580247,1000,306960,4,1.000000,1.000000,0,1728,0,10727,0
100002350,attack_only,320.000000,360.000000,0.001944,100.000000,0.017610,18,18,9720,18,18,0.000000,31.009465,1000,301412,4,1.000000,1.000000,0,1689,0,14942,0
100002350,defense_only,420.000000,460.000000,0.001944,100.000000,0.009831,18,18,9720,18,18,0.000000,30.684774,1000,298256,4,1.000000,1.000000,0,1725,0,19205,0
100002361,baseline,120.000000,160.000000,0.001944,100.000000,0.041148,18,18,9720,18,18,0.000000,24.637037,1000,239472,8,1.000000,1.000000,0,1795,0,6562,0
100002361,defense_vs_attack,220.000000,260.000000,0.001728,88.888889,0.017094,18,16,8640,16,18,11.111111,29.937500,1000,258660,8,1.000000,1.000000,0,1841,0,10886,0
100002361,attack_only,320.000000,360.000000,0.001944,100.000000,0.033759,18,18,9720,18,18,0.000000,26.171193,1000,254384,8,1.000000,1.000000,0,1820,0,15270,0
100002361,defense_only,420.000000,460.000000,0.001404,100.000000,0.027295,13,13,7020,13,18,27.777778,33.746439,1000,236900,8,1.000000,1.000000,0,1763,0,19555,0
100002363,attack_only,120.000000,160.000000,0.001944,100.000000,0.036129,18,18,9720,18,18,0.000000,31.218930,1000,303448,7,1.000000,1.000000,0,1817,0,6620,0
100002363,baseline,220.000000,260.000000,0.001944,100.000000,0.014030,18,18,9720,18,18,0.000000,31.121811,1000,302504,7,1.000000,1.000000,0,1787,0,10894,0
100002363,defense_vs_attack,320.000000,360.000000,0.001944,100.000000,0.030456,18,18,9720,18,18,0.000000,30.989300,1000,301216,7,1.000000,1.000000,0,1791,0,15205,0
100002363,defense_only,420.000000,460.000000,0.001944,100.000000,0.017972,18,18,9720,18,18,0.000000,31.438272,1000,305580,7,1.000000,1.000000,0,1809,0,19556,0
100002372,baseline,120.000000,160.000000,0.001944,100.000000,0.020169,18,18,9720,18,18,0.000000,30.788066,1000,299260,4,1.000000,1.000000,0,1802,0,6855,0
100002372,defense_vs_attack,220.000000,260.000000,0.001080,55.555556,0.023450,18,10,5400,10,18,44.444444,56.234815,1000,303668,4,1.000000,1.000000,0,1852,0,11294,0
100002372,attack_only,320.000000,360.000000,0.000000,0.000000,0.000000,18,0,0,0,18,100.000000,0.000000,1000,304532,4,1.000000,1.000000,0,1812,0,15743,0
100002372,defense_only,420.000000,460.000000,0.001944,100.000000,0.012202,18,18,9720,18,18,0.000000,31.058848,1000,301892,4,1.000000,1.000000,0,1831,0,20165,0
100002377,attack_only,120.000000,160.000000,0.001944,100.000000,0.016280,18,18,9720,18,18,0.000000,28.671605,1000,278688,3,1.000000,1.000000,0,1639,0,6176,0
100002377,defense_only,220.000000,260.000000,0.001944,100.000000,0.005885,18,18,9720,18,18,0.000000,28.285597,1000,274936,3,1.000000,1.000000,0,1629,0,10207,0
100002377,defense_vs_attack,320.000000,360.000000,0.001944,100.000000,0.012811,18,18,9720,18,18,0.000000,28.571193,1000,277712,3,1.000000,1.000000,0,1634,0,14225,0
100002377,baseline,420.000000,460.000000,0.001944,100.000000,0.007604,18,18,9720,18,18,0.000000,28.283951,1000,274920,3,1.000000,1.000000,0,1617,0,18213,0
100002380,defense_vs_attack,120.000000,160.000000,0.000648,54.545455,0.032521,11,6,3240,6,18,66.666667,73.261728,1000,237368,5,1.000000,1.000000,0,1615,0,6255,0
100002380,attack_only,220.000000,260.000000,0.000000,0.000000,0.000000,18,0,0,0,18,100.000000,0.000000,1000,241064,5,1.000000,1.000000,0,1622,0,10272,0
100002380,baseline,320.000000,360.000000,0.001944,100.000000,0.016291,18,18,9720,18,18,0.000000,26.768724,1000,260192,5,1.000000,1.000000,0,1755,0,14467,0
100002380,defense_only,420.000000,460.000000,0.001944,100.000000,0.019738,18,18,9720,18,18,0.000000,26.640329,1000,258944,5,1.000000,1.000000,0,1732,0,18702,0
100002386,defense_only,120.000000,160.000000,0.001944,100.000000,0.020962,18,18,9720,18,18,0.000000,24.937449,1000,242392,4,1.000000,1.000000,0,1551,0,5861,0
100002386,baseline,220.000000,260.000000,0.001944,100.000000,0.008047,18,18,9720,18,18,0.000000,24.687654,1000,239964,4,1.000000,1.000000,0,1545,0,9628,0
100002386,defense_vs_attack,320.000000,360.000000,0.001944,100.000000,0.017271,18,18,9720,18,18,0.000000,24.625514,1000,239360,4,1.000000,1.000000,0,1512,0,13325,0
100002386,attack_only,420.000000,460.000000,0.001944,100.000000,0.009558,18,18,9720,18,18,0.000000,24.807819,1000,241132,4,1.000000,1.000000,0,1545,0,17049,0
100002387,defense_only,120.000000,160.000000,0.001944,100.000000,0.025505,18,18,9720,18,18,0.000000,28.633745,1000,278320,5,1.000000,1.000000,0,1679,0,6315,0
100002387,defense_vs_attack,220.000000,260.000000,0.000000,0.000000,0.000000,8,0,0,0,18,100.000000,0.000000,1000,240556,5,1.000000,1.000000,0,1560,0,10255,0
100002387,attack_only,320.000000,360.000000,0.000000,0.000000,0.000000,18,0,0,0,18,100.000000,0.000000,1000,277384,5,1.000000,1.000000,0,1659,0,14332,0
100002387,baseline,420.000000,460.000000,0.001944,100.000000,0.015414,18,18,9720,18,18,0.000000,28.652675,1000,278504,5,1.000000,1.000000,0,1701,0,18432,0
100002391,defense_only,120.000000,160.000000,0.001944,100.000000,0.026088,18,18,9720,18,18,0.000000,31.375309,1000,304968,5,1.000000,1.000000,0,1710,0,6397,0
100002391,baseline,220.000000,260.000000,0.001944,100.000000,0.010080,18,18,9720,18,18,0.000000,31.262963,1000,303876,5,1.000000,1.000000,0,1719,0,10573,0
100002391,attack_only,320.000000,360.000000,0.000000,0.000000,0.000000,18,0,0,0,18,100.000000,0.000000,1000,307924,5,1.000000,1.000000,0,1678,0,14721,0
100002391,defense_vs_attack,420.000000,460.000000,0.001188,61.111111,0.026971,18,11,5940,11,18,38.888889,52.268013,1000,310472,5,1.000000,1.000000,0,1723,0,18922,0
100002392,attack_only,120.000000,160.000000,0.001944,100.000000,0.031567,18,18,9720,18,18,0.000000,27.456379,1000,266876,6,1.000000,1.000000,0,1759,0,6441,0
100002392,baseline,220.000000,260.000000,0.001944,100.000000,0.012328,18,18,9720,18,18,0.000000,26.904115,1000,261508,6,1.000000,1.000000,0,1719,0,10602,0
100002392,defense_vs_attack,320.000000,360.000000,0.001944,100.000000,0.025888,18,18,9720,18,18,0.000000,27.325514,1000,265604,6,1.000000,1.000000,0,1742,0,14760,0
100002392,defense_only,420.000000,460.000000,0.001944,100.000000,0.014813,18,18,9720,18,18,0.000000,26.876955,1000,261244,6,1.000000,1.000000,0,1753,0,18933,0
100002395,attack_only,120.000000,160.000000,0.001944,100.000000,0.047273,18,18,9720,18,18,0.000000,23.132922,1000,224852,9,1.000000,1.000000,0,1733,0,6324,0
100002395,defense_only,220.000000,260.000000,0.001944,100.000000,0.018213,18,18,9720,18,18,0.000000,23.788066,1000,231220,9,1.000000,1.000000,0,1754,0,10438,0
100002395,defense_vs_attack,320.000000,360.000000,0.001944,100.000000,0.039383,18,18,9720,18,18,0.000000,23.209465,1000,225596,9,1.000000,1.000000,0,1723,0,14526,0
100002395,baseline,420.000000,460.000000,0.001944,100.000000,0.021727,18,18,9720,18,18,0.000000,23.845679,1000,231780,9,1.000000,1.000000,0,1778,0,18672,0
100002399,attack_only,120.000000,160.000000,0.001944,100.000000,0.025651,18,18,9720,18,18,0.000000,28.586008,1000,277856,5,1.000000,1.000000,0,1758,0,6520,0
100002399,baseline,220.000000,260.000000,0.001944,100.000000,0.010168,18,18,9720,18,18,0.000000,28.268313,1000,274768,5,1.000000,1.000000,0,1737,0,10746,0
100002399,defense_vs_attack,320.000000,360.000000,0.001944,100.000000,0.021540,18,18,9720,18,18,0.000000,28.682716,1000,278796,5,1.000000,1.000000,0,1771,0,14981,0
100002399,defense_only,420.000000,460.000000,0.001944,100.000000,0.012343,18,18,9720,18,18,0.000000,28.336214,1000,275428,5,1.000000,1.000000,0,1779,0,19287,0
100002401,defense_only,120.000000,160.000000,0.001944,100.000000,0.021057,18,18,9720,18,18,0.000000,28.718107,1000,279140,4,1.000000,1.000000,0,1683,0,6391,0
100002401,attack_only,220.000000,260.000000,0.001944,100.000000,0.007900,18,18,9720,18,18,0.000000,28.742798,1000,279380,4,1.000000,1.000000,0,1713,0,10536,0
100002401,baseline,320.000000,360.000000,0.001944,100.000000,0.017481,18,18,9720,18,18,0.000000,28.596296,1000,277956,4,1.000000,1.000000,0,1700,0,14662,0
100002401,defense_vs_attack,420.000000,460.000000,0.001944,100.000000,0.009954,18,18,9720,18,18,0.000000,28.515638,1000,277172,4,1.000000,1.000000,0,1704,0,18773,0
100002404,attack_only,120.000000,160.000000,0.000000,0.000000,0.000000,18,0,0,0,18,100.000000,0.000000,1000,263956,4,1.000000,1.000000,0,1660,0,6332,0
100002404,defense_vs_attack,220.000000,260.000000,0.000540,27.777778,0.058201,18,5,2700,5,18,72.222222,95.768889,1000,258576,4,1.000000,1.000000,0,2297,0,11003,0
100002404,baseline,320.000000,360.000000,0.001944,100.000000,0.014091,18,18,9720,18,18,0.000000,27.025926,1000,262692,4,1.000000,1.000000,0,1676,0,15121,0
100002404,defense_only,420.000000,460.000000,0.001944,100.000000,0.011824,18,18,9720,18,18,0.000000,26.691770,1000,259444,4,1.000000,1.000000,0,1682,0,19205,0
100002405,attack_only,120.000000,160.000000,0.000000,0.000000,0.000000,18,0,0,0,18,100.000000,0.000000,1000,353464,4,1.000000,1.000000,0,1804,0,6883,0
100002405,defense_vs_attack,220.000000,260.000000,0.001512,77.777778,0.019355,18,14,7560,14,18,22.222222,46.797354,1000,353788,4,1.000000,1.000000,0,1855,0,11404,0
100002405,defense_only,320.000000,360.000000,0.001944,100.000000,0.013658,18,18,9720,18,18,0.000000,36.623045,1000,355976,4,1.000000,1.000000,0,1813,0,15852,0
100002405,baseline,420.000000,460.000000,0.001944,100.000000,0.013759,18,18,9720,18,18,0.000000,36.418107,1000,353984,4,1.000000,1.000000,0,1845,0,20371,0
100002408,defense_vs_attack,120.000000,160.000000,0.001944,100.000000,0.015668,18,18,9720,18,18,0.000000,31.573663,1000,306896,3,1.000000,1.000000,0,1773,0,6791,0
100002408,attack_only,220.000000,260.000000,0.001944,100.000000,0.005899,18,18,9720,18,18,0.000000,31.544856,1000,306616,3,1.000000,1.000000,0,1781,0,11142,0
100002408,defense_only,320.000000,360.000000,0.001944,100.000000,0.012940,18,18,9720,18,18,0.000000,30.783128,1000,299212,3,1.000000,1.000000,0,1813,0,15576,0
100002408,baseline,420.000000,460.000000,0.001944,100.000000,0.007212,18,18,9720,18,18,0.000000,30.712757,1000,298528,3,1.000000,1.000000,0,1777,0,19913,0
100002413,attack_only,120.000000,160.000000,0.001944,100.000000,0.031324,18,18,9720,18,18,0.000000,30.158436,1000,293140,6,1.000000,1.000000,0,1845,0,6837,0
100002413,baseline,220.000000,260.000000,0.001944,100.000000,0.021582,18,18,9720,18,18,0.000000,30.369547,1000,295192,6,1.000000,1.000000,0,1814,0,11260,0
100002413,defense_vs_attack,320.000000,360.000000,0.001944,100.000000,0.019112,18,18,9720,18,18,0.000000,29.662551,1000,288320,6,1.000000,1.000000,0,1781,0,15625,0
100002413,defense_only,420.000000,460.000000,0.001944,100.000000,0.020940,18,18,9720,18,18,0.000000,30.402881,1000,295516,6,1.000000,1.000000,0,1829,0,20060,0
100002416,attack_only,120.000000,160.000000,0.001944,100.000000,0.020397,18,18,9720,18,18,0.000000,33.491358,1000,325536,4,1.000000,1.000000,0,1853,0,6871,0
100002416,defense_vs_attack,220.000000,260.000000,0.000864,44.444444,0.010154,18,8,4320,8,18,55.555556,74.112963,1000,320168,4,1.000000,1.000000,0,1793,0,11254,0
100002416,defense_only,320.000000,360.000000,0.001944,100.000000,0.018563,18,18,9720,18,18,0.000000,32.822222,1000,319032,4,1.000000,1.000000,0,1801,0,15676,0
100002416,baseline,420.000000,460.000000,0.001944,100.000000,0.008236,18,18,9720,18,18,0.000000,32.769547,1000,318520,4,1.000000,1.000000,0,1777,0,20071,0
100002418,defense_only,120.000000,160.000000,0.001944,100.000000,0.076312,18,18,9720,18,18,0.000000,26.329630,1000,255924,4,1.000000,1.000000,0,1669,0,6266,0
100002418,attack_only,220.000000,260.000000,0.000000,0.000000,0.000000,18,0,0,0,18,100.000000,0.000000,1000,264900,4,1.000000,1.000000,0,1633,0,10235,0
100002418,baseline,320.000000,360.000000,0.001944,100.000000,0.016516,18,18,9720,18,18,0.000000,26.310288,1000,255736,4,1.000000,1.000000,0,1651,0,14222,0
100002418,defense_vs_attack,420.000000,460.000000,0.000972,50.000000,0.032772,18,9,4860,9,18,50.000000,54.665021,1000,265672,4,1.000000,1.000000,0,1685,0,18310,0
100002421,baseline,120.000000,160.000000,0.001944,100.000000,0.016180,18,18,9720,18,18,0.000000,34.264609,1000,333052,3,1.000000,1.000000,0,1845,0,7032,0
100002421,defense_vs_attack,220.000000,260.000000,0.001944,100.000000,0.006218,18,18,9720,18,18,0.000000,34.068724,1000,331148,3,1.000000,1.000000,0,1833,0,11588,0
100002421,attack_only,320.000000,360.000000,0.001944,100.000000,0.012383,18,18,9720,18,18,0.000000,34.295885,1000,333356,3,1.000000,1.000000,0,1864,0,16181,0
100002421,defense_only,420.000000,460.000000,0.001944,100.000000,0.007566,18,18,9720,18,18,0.000000,33.987654,1000,330360,3,1.000000,1.000000,0,1831,0,20704,0
100002422,defense_only,120.000000,160.000000,0.001944,100.000000,0.041280,18,18,9720,18,18,0.000000,32.818930,1000,319000,8,1.000000,1.000000,0,1885,0,6926,0
100002422,defense_vs_attack,220.000000,260.000000,0.000216,11.111111,0.025663,18,2,1080,2,18,88.888889,295.600000,1000,319248,8,1.000000,1.000000,0,1927,0,11485,0
100002422,attack_only,320.000000,360.000000,0.000000,0.000000,0.000000,18,0,0,0,18,100.000000,0.000000,1000,314096,8,1.000000,1.000000,0,1848,0,15988,0
100002422,baseline,420.000000,460.000000,0.001944,100.000000,0.015010,18,18,9720,18,18,0.000000,32.990947,1000,320672,8,1.000000,1.000000,0,1892,0,20526,0
100002425,baseline,120.000000,160.000000,0.001944,100.000000,0.036902,18,18,9720,18,18,0.000000,29.176132,1000,283592,7,1.000000,1.000000,0,1797,0,6637,0
100002425,defense_only,220.000000,260.000000,0.001944,100.000000,0.014630,18,18,9720,18,18,0.000000,29.093827,1000,282792,7,1.000000,1.000000,0,1809,0,11003,0
100002425,attack_only,320.000000,360.000000,0.001944,100.000000,0.033583,18,18,9720,18,18,0.000000,29.547737,1000,287204,7,1.000000,1.000000,0,1884,0,15439,0
100002425,defense_vs_attack,420.000000,460.000000,0.001944,100.000000,0.015582,18,18,9720,18,18,0.000000,29.177778,1000,283608,7,1.000000,1.000000,0,1853,0,19904,0
100002428,baseline,120.000000,160.000000,0.001944,100.000000,0.025704,18,18,9720,18,18,0.000000,31.527160,1000,306444,5,1.000000,1.000000,0,1781,0,6667,0
100002428,defense_vs_attack,220.000000,260.000000,0.001944,100.000000,0.010563,18,18,9720,18,18,0.000000,31.837449,1000,309460,5,1.000000,1.000000,0,1813,0,11066,0
100002428,defense_only,320.000000,360.000000,0.001944,100.000000,0.021394,18,18,9720,18,18,0.000000,31.412757,1000,305332,5,1.000000,1.000000,0,1763,0,15394,0
100002428,attack_only,420.000000,460.000000,0.001944,100.000000,0.012441,18,18,9720,18,18,0.000000,31.807819,1000,309172,5,1.000000,1.000000,0,1788,0,19776,0
100002431,defense_only,120.000000,160.000000,0.001944,100.000000,0.015063,18,18,9720,18,18,0.000000,30.707819,1000,298480,3,1.000000,1.000000,0,1787,0,6743,0
100002431,attack_only,220.000000,260.000000,0.001944,100.000000,0.005828,18,18,9720,18,18,0.000000,30.362140,1000,295120,3,1.000000,1.000000,0,1724,0,11020,0
100002431,defense_vs_attack,320.000000,360.000000,0.001944,100.000000,0.012857,18,18,9720,18,18,0.000000,30.234979,1000,293884,3,1.000000,1.000000,0,1741,0,15247,0
100002431,baseline,420.000000,460.000000,0.001944,100.000000,0.007065,18,18,9720,18,18,0.000000,31.094650,1000,302240,3,1.000000,1.000000,0,1768,0,19549,0
100002432,defense_vs_attack,120.000000,160.000000,0.001512,77.777778,0.038696,18,14,7560,14,18,22.222222,48.065079,1000,363372,8,1.000000,1.000000,0,2010,0,7495,0
100002432,baseline,220.000000,260.000000,0.001944,100.000000,0.016642,18,18,9720,18,18,0.000000,36.155967,1000,351436,7,1.000000,1.000000,0,1965,0,12259,0
100002432,defense_only,320.000000,360.000000,0.001944,100.000000,0.027705,18,18,9720,18,18,0.000000,35.897119,1000,348920,7,1.000000,1.000000,0,1981,0,17034,0
100002432,attack_only,420.000000,460.000000,0.000000,0.000000,0.000000,18,0,0,0,18,100.000000,0.000000,1000,366940,8,1.000000,1.000000,0,1982,0,21891,0
100002439,defense_vs_attack,120.000000,160.000000,0.001944,100.000000,0.015372,18,18,9720,18,18,0.000000,24.545679,1000,238584,3,1.000000,1.000000,0,1571,0,6035,0
100002439,defense_only,220.000000,260.000000,0.001944,100.000000,0.005854,18,18,9720,18,18,0.000000,24.578601,1000,238904,3,1.000000,1.000000,0,1592,0,9912,0
100002439,attack_only,320.000000,360.000000,0.001944,100.000000,0.012812,18,18,9720,18,18,0.000000,24.596296,1000,239076,3,1.000000,1.000000,0,1563,0,13777,0
100002439,baseline,420.000000,460.000000,0.001944,100.000000,0.007066,18,18,9720,18,18,0.000000,24.622222,1000,239328,3,1.000000,1.000000,0,1606,0,17664,0
100002437,defense_only,120.000000,160.000000,0.000864,72.727273,0.038956,11,8,4320,8,18,55.555556,58.659259,1000,253408,6,1.000000,1.000000,0,1677,0,6302,0
100002437,baseline,220.000000,260.000000,0.001944,100.000000,0.018345,18,18,9720,18,18,0.000000,26.205761,1000,254720,6,1.000000,1.000000,0,1697,0,10424,0
100002437,defense_vs_attack,320.000000,360.000000,0.001512,77.777778,0.017870,18,14,7560,14,18,22.222222,34.028571,1000,257256,6,1.000000,1.000000,0,1724,0,14529,0
100002437,attack_only,420.000000,460.000000,0.000000,0.000000,0.000000,18,0,0,0,18,100.000000,0.000000,1000,259876,6,1.000000,1.000000,0,1656,0,18628,0
100002440,attack_only,120.000000,160.000000,0.000000,0.000000,0.000000,18,0,0,0,18,100.000000,0.000000,1000,246896,8,1.000000,1.000000,0,1730,0,6500,0
100002440,baseline,220.000000,260.000000,0.001944,100.000000,0.027705,18,18,9720,18,18,0.000000,25.516461,1000,248020,7,1.000000,1.000000,0,1764,0,10728,0
100002440,defense_vs_attack,320.000000,360.000000,0.001404,72.222222,0.025037,18,13,7020,13,18,27.777778,35.213105,1000,247196,8,1.000000,1.000000,0,1798,0,15006,0
100002440,defense_only,420.000000,460.000000,0.001944,100.000000,0.021179,18,18,9720,18,18,0.000000,25.075720,1000,243736,7,1.000000,1.000000,0,1756,0,19206,0
100002441,defense_vs_attack,120.000000,160.000000,0.001944,100.000000,0.015342,18,18,9720,18,18,0.000000,24.206584,1000,235288,3,1.000000,1.000000,0,1667,0,6398,0
100002441,baseline,220.000000,260.000000,0.001944,100.000000,0.006135,18,18,9720,18,18,0.000000,23.990947,1000,233192,3,1.000000,1.000000,0,1668,0,10492,0
100002441,attack_only,320.000000,360.000000,0.001944,100.000000,0.013112,18,18,9720,18,18,0.000000,24.242798,1000,235640,3,1.000000,1.000000,0,1695,0,14599,0
100002441,defense_only,420.000000,460.000000,0.001944,100.000000,0.007372,18,18,9720,18,18,0.000000,24.015638,1000,233432,3,1.000000,1.000000,0,1668,0,18702,0
100002443,defense_only,120.000000,160.000000,0.001944,100.000000,0.027245,18,18,9720,18,18,0.000000,28.650206,1000,278480,5,1.000000,1.000000,0,1751,0,6485,0
100002443,attack_only,220.000000,260.000000,0.001944,100.000000,0.009884,18,18,9720,18,18,0.000000,29.103704,1000,282888,5,1.000000,1.000000,0,1688,0,10613,0
100002443,defense_vs_attack,320.000000,360.000000,0.001944,100.000000,0.021649,18,18,9720,18,18,0.000000,29.810288,1000,289756,5,1.000000,1.000000,0,1744,0,14777,0
100002443,baseline,420.000000,460.000000,0.001944,100.000000,0.012334,18,18,9720,18,18,0.000000,28.754321,1000,279492,5,1.000000,1.000000,0,1760,0,19055,0
100002450,defense_vs_attack,120.000000,160.000000,0.001944,100.000000,0.015445,18,18,9720,18,18,0.000000,27.242387,1000,264796,3,1.000000,1.000000,0,1605,0,6152,0
100002450,baseline,220.000000,260.000000,0.001944,100.000000,0.005884,18,18,9720,18,18,0.000000,26.946914,1000,261924,3,1.000000,1.000000,0,1589,0,10091,0
100002450,defense_only,320.000000,360.000000,0.001944,100.000000,0.012968,18,18,9720,18,18,0.000000,27.104115,1000,263452,3,1.000000,1.000000,0,1619,0,14078,0
100002450,attack_only,420.000000,460.000000,0.001944,100.000000,0.007244,18,18,9720,18,18,0.000000,27.469959,1000,267008,3,1.000000,1.000000,0,1615,0,18007,0
100002448,defense_vs_attack,120.000000,160.000000,0.001944,100.000000,0.031408,18,18,9720,18,18,0.000000,33.831276,1000,328840,6,1.000000,1.000000,0,1893,0,6939,0
100002448,baseline,220.000000,260.000000,0.001944,100.000000,0.012222,18,18,9720,18,18,0.000000,33.244444,1000,323136,6,1.000000,1.000000,0,1874,0,11465,0
100002448,attack_only,320.000000,360.000000,0.001944,100.000000,0.026362,18,18,9720,18,18,0.000000,33.904115,1000,329548,6,1.000000,1.000000,0,1910,0,16032,0
100002448,defense_only,420.000000,460.000000,0.001944,100.000000,0.014633,18,18,9720,18,18,0.000000,33.395473,1000,324604,6,1.000000,1.000000,0,1862,0,20585,0
100002460,defense_vs_attack,120.000000,160.000000,0.000000,0.000000,0.000000,18,0,0,0,18,100.000000,0.000000,1000,225472,8,1.000000,1.000000,0,1708,0,6379,0
100002460,defense_only,220.000000,260.000000,0.001944,100.000000,0.029255,18,18,9720,18,18,0.000000,26.398354,1000,256592,8,1.000000,1.000000,0,1780,0,10631,0
100002460,attack_only,320.000000,360.000000,0.000000,0.000000,0.000000,13,0,0,0,18,100.000000,0.000000,1000,231916,8,1.000000,1.000000,0,1659,0,14685,0
100002460,baseline,420.000000,460.000000,0.001944,100.000000,0.025616,18,18,9720,18,18,0.000000,25.820165,1000,250972,8,1.000000,1.000000,0,1757,0,18873,0
100002463,defense_vs_attack,120.000000,160.000000,0.001944,100.000000,0.015594,18,18,9720,18,18,0.000000,27.503704,1000,267336,3,1.000000,1.000000,0,1657,0,6321,0
100002463,baseline,220.000000,260.000000,0.001944,100.000000,0.005790,18,18,9720,18,18,0.000000,27.064609,1000,263068,3,1.000000,1.000000,0,1681,0,10433,0
100002463,defense_only,320.000000,360.000000,0.001944,100.000000,0.013040,18,18,9720,18,18,0.000000,27.416461,1000,266488,3,1.000000,1.000000,0,1692,0,14501,0
100002463,attack_only,420.000000,460.000000,0.001944,100.000000,0.007168,18,18,9720,18,18,0.000000,27.456379,1000,266876,3,1.000000,1.000000,0,1671,0,18581,0
100002464,defense_vs_attack,120.000000,160.000000,0.001944,100.000000,0.020781,18,18,9720,18,18,0.000000,29.760494,1000,289272,4,1.000000,1.000000,0,1652,0,6261,0
100002464,defense_only,220.000000,260.000000,0.001944,100.000000,0.007976,18,18,9720,18,18,0.000000,29.379012,1000,285564,4,1.000000,1.000000,0,1629,0,10244,0
100002464,baseline,320.000000,360.000000,0.001944,100.000000,0.018218,18,18,9720,18,18,0.000000,29.319753,1000,284988,4,1.000000,1.000000,0,1628,0,14235,0
100002464,attack_only,420.000000,460.000000,0.001944,100.000000,0.010254,18,18,9720,18,18,0.000000,30.451440,1000,295988,4,1.000000,1.000000,0,1665,0,18299,0
100002467,attack_only,120.000000,160.000000,0.000000,0.000000,0.000000,18,0,0,0,18,100.000000,0.000000,1000,258364,5,1.000000,1.000000,0,1617,0,6135,0
100002467,defense_vs_attack,220.000000,260.000000,0.000000,0.000000,0.000000,16,0,0,0,18,100.000000,0.000000,1000,247240,5,1.000000,1.000000,0,1584,0,10079,0
100002467,baseline,320.000000,360.000000,0.001944,100.000000,0.022344,18,18,9720,18,18,0.000000,26.514815,1000,257724,5,1.000000,1.000000,0,1686,0,14103,0
100002467,defense_only,420.000000,460.000000,0.001944,100.000000,0.010633,18,18,9720,18,18,0.000000,26.470370,1000,257292,5,1.000000,1.000000,0,1682,0,18147,0
100002468,defense_only,120.000000,160.000000,0.001944,100.000000,0.020861,18,18,9720,18,18,0.000000,30.390947,1000,295400,4,1.000000,1.000000,0,1766,0,6568,0
100002468,baseline,220.000000,260.000000,0.001944,100.000000,0.008304,18,18,9720,18,18,0.000000,30.348971,1000,294992,4,1.000000,1.000000,0,1750,0,10817,0
100002468,attack_only,320.000000,360.000000,0.001944,100.000000,0.016427,18,18,9720,18,18,0.000000,31.140329,1000,302684,4,1.000000,1.000000,0,1712,0,14990,0
100002468,defense_vs_attack,420.000000,460.000000,0.001944,100.000000,0.010670,18,18,9720,18,18,0.000000,31.103292,1000,302324,4,1.000000,1.000000,0,1700,0,19192,0
100002472,baseline,120.000000,160.000000,0.001944,100.000000,0.031829,18,18,9720,18,18,0.000000,24.279835,1000,236000,6,1.000000,1.000000,0,1666,0,6185,0
100002472,attack_only,220.000000,260.000000,0.000000,0.000000,0.000000,18,0,0,0,18,100.000000,0.000000,1000,227444,6,1.000000,1.000000,0,1550,0,10008,0
100002472,defense_only,320.000000,360.000000,0.001944,100.000000,0.014437,18,18,9720,18,18,0.000000,24.388477,1000,237056,6,1.000000,1.000000,0,1652,0,13975,0
100002472,defense_vs_attack,420.000000,460.000000,0.000000,0.000000,0.000000,4,0,0,0,18,100.000000,0.000000,1000,224296,6,1.000000,1.000000,0,1508,0,17777,0
100002479,defense_vs_attack,120.000000,160.000000,0.001944,100.000000,0.031365,18,18,9720,18,18,0.000000,31.790123,1000,309000,6,1.000000,1.000000,0,1884,0,7139,0
100002479,defense_only,220.000000,260.000000,0.001944,100.000000,0.011802,18,18,9720,18,18,0.000000,31.948148,1000,310536,6,1.000000,1.000000,0,1902,0,11759,0
100002479,baseline,320.000000,360.000000,0.001944,100.000000,0.025970,18,18,9720,18,18,0.000000,31.780658,1000,308908,6,1.000000,1.000000,0,1897,0,16395,0
100002479,attack_only,420.000000,460.000000,0.001944,100.000000,0.014515,18,18,9720,18,18,0.000000,31.816872,1000,309260,6,1.000000,1.000000,0,1884,0,21025,0
100002490,defense_vs_attack,120.000000,160.000000,0.000324,16.666667,0.059707,18,3,1620,3,18,83.333333,185.296296,1000,300180,7,1.000000,1.000000,0,1928,0,6944,0
100002490,baseline,220.000000,260.000000,0.001944,100.000000,0.025598,18,18,9720,18,18,0.000000,29.882716,1000,290460,7,1.000000,1.000000,0,1827,0,11372,0
100002490,attack_only,320.000000,360.000000,0.000000,0.000000,0.000000,18,0,0,0,18,100.000000,0.000000,1000,291160,7,1.000000,1.000000,0,1792,0,15707,0
100002490,defense_only,420.000000,460.000000,0.001944,100.000000,0.016246,18,18,9720,18,18,0.000000,30.279012,1000,294312,7,1.000000,1.000000,0,1855,0,20204,0
100002485,baseline,120.000000,160.000000,0.001944,100.000000,0.015719,18,18,9720,18,18,0.000000,24.975720,1000,242764,3,1.000000,1.000000,0,1515,0,5808,0
100002485,defense_only,220.000000,260.000000,0.001944,100.000000,0.005959,18,18,9720,18,18,0.000000,24.789712,1000,240956,3,1.000000,1.000000,0,1530,0,9523,0
100002485,attack_only,320.000000,360.000000,0.001944,100.000000,0.012811,18,18,9720,18,18,0.000000,24.752263,1000,240592,3,1.000000,1.000000,0,1505,0,13175,0
100002485,defense_vs_attack,420.000000,460.000000,0.001944,100.000000,0.007065,18,18,9720,18,18,0.000000,24.918107,1000,242204,3,1.000000,1.000000,0,1505,0,16865,0
100002496,baseline,120.000000,160.000000,0.001944,100.000000,0.035900,18,18,9720,18,18,0.000000,21.895062,1000,212820,7,1.000000,1.000000,0,1641,0,6102,0
100002496,defense_vs_attack,220.000000,260.000000,0.001188,61.111111,0.015325,18,11,5940,11,18,38.888889,38.278114,1000,227372,8,1.000000,1.000000,0,1680,0,10124,0
100002496,attack_only,320.000000,360.000000,0.000000,0.000000,0.000000,18,0,0,0,18,100.000000,0.000000,1000,221844,8,1.000000,1.000000,0,1596,0,14047,0
100002496,defense_only,420.000000,460.000000,0.001944,100.000000,0.021070,18,18,9720,18,18,0.000000,22.081481,1000,214632,7,1.000000,1.000000,0,1656,0,17977,0
100002495,defense_vs_attack,120.000000,160.000000,0.001944,100.000000,0.025945,18,18,9720,18,18,0.000000,28.782305,1000,279764,5,1.000000,1.000000,0,1819,0,6707,0
100002495,baseline,220.000000,260.000000,0.001944,100.000000,0.010088,18,18,9720,18,18,0.000000,27.424691,1000,266568,5,1.000000,1.000000,0,1737,0,10971,0
100002495,defense_only,320.000000,360.000000,0.001944,100.000000,0.021764,18,18,9720,18,18,0.000000,27.631687,1000,268580,5,1.000000,1.000000,0,1775,0,15245,0
100002495,attack_only,420.000000,460.000000,0.001944,100.000000,0.011974,18,18,9720,18,18,0.000000,28.479835,1000,276824,5,1.000000,1.000000,0,1787,0,19573,0
100002493,defense_vs_attack,120.000000,160.000000,0.001944,100.000000,0.026021,18,18,9720,18,18,0.000000,30.906584,1000,300412,5,1.000000,1.000000,0,1806,0,6797,0
100002493,baseline,220.000000,260.000000,0.001944,100.000000,0.009884,18,18,9720,18,18,0.000000,30.648971,1000,297908,5,1.000000,1.000000,0,1787,0,11170,0
100002493,defense_only,320.000000,360.000000,0.001944,100.000000,0.024866,18,18,9720,18,18,0.000000,30.616872,1000,297596,5,1.000000,1.000000,0,1822,0,15579,0
100002493,attack_only,420.000000,460.000000,0.000000,0.000000,0.000000,18,0,0,0,18,100.000000,0.000000,1000,300936,5,1.000000,1.000000,0,1755,0,19910,0
100002499,attack_only,120.000000,160.000000,0.001944,100.000000,0.031224,18,18,9720,18,18,0.000000,27.009053,1000,262528,6,1.000000,1.000000,0,1774,0,6474,0
100002499,defense_vs_attack,220.000000,260.000000,0.001944,100.000000,0.011803,18,18,9720,18,18,0.000000,26.769136,1000,260196,6,1.000000,1.000000,0,1714,0,10631,0
100002499,defense_only,320.000000,360.000000,0.001944,100.000000,0.026055,18,18,9720,18,18,0.000000,25.313992,1000,246052,6,1.000000,1.000000,0,1716,0,14737,0
100002499,baseline,420.000000,460.000000,0.001944,100.000000,0.014509,18,18,9720,18,18,0.000000,25.281070,1000,245732,6,1.000000,1.000000,0,1720,0,18865,0
100002500,attack_only,120.000000,160.000000,0.001944,100.000000,0.015630,18,18,9720,18,18,0.000000,31.397942,1000,305188,3,1.000000,1.000000,0,1794,0,6700,0
100002500,defense_vs_attack,220.000000,260.000000,0.001944,100.000000,0.005833,18,18,9720,18,18,0.000000,31.056379,1000,301868,3,1.000000,1.000000,0,1718,0,10906,0
100002500,defense_only,320.000000,360.000000,0.001944,100.000000,0.012908,18,18,9720,18,18,0.000000,31.771193,1000,308816,3,1.000000,1.000000,0,1762,0,15218,0
100002500,baseline,420.000000,460.000000,0.001944,100.000000,0.007171,18,18,9720,18,18,0.000000,31.701235,1000,308136,3,1.000000,1.000000,0,1789,0,19567,0
100002503,attack_only,120.000000,160.000000,0.001944,100.000000,0.015426,18,18,9720,18,18,0.000000,27.330041,1000,265648,3,1.000000,1.000000,0,1672,0,6422,0
100002503,defense_vs_attack,220.000000,260.000000,0.001944,100.000000,0.005789,18,18,9720,18,18,0.000000,27.642387,1000,268684,3,1.000000,1.000000,0,1714,0,10557,0
100002503,defense_only,320.000000,360.000000,0.001944,100.000000,0.012812,18,18,9720,18,18,0.000000,27.248971,1000,264860,3,1.000000,1.000000,0,1658,0,14622,0
100002503,baseline,420.000000,460.000000,0.001944,100.000000,0.007165,18,18,9720,18,18,0.000000,27.312346,1000,265476,3,1.000000,1.000000,0,1710,0,18771,0
100002501,defense_vs_attack,120.000000,160.000000,0.000000,0.000000,0.000000,18,0,0,0,18,100.000000,0.000000,1000,291428,6,1.000000,1.000000,0,1710,0,6406,0
100002501,attack_only,220.000000,260.000000,0.000000,0.000000,0.000000,18,0,0,0,18,100.000000,0.000000,1000,290208,6,1.000000,1.000000,0,1690,0,10523,0
100002501,baseline,320.000000,360.000000,0.001944,100.000000,0.026881,18,18,9720,18,18,0.000000,28.900412,1000,280912,6,1.000000,1.000000,0,1720,0,14639,0
100002501,defense_only,420.000000,460.000000,0.001944,100.000000,0.013717,18,18,9720,18,18,0.000000,29.139095,1000,283232,6,1.000000,1.000000,0,1712,0,18763,0
100002502,baseline,120.000000,160.000000,0.001944,100.000000,0.047186,18,18,9720,18,18,0.000000,30.626749,1000,297692,9,1.000000,1.000000,0,1953,0,7058,0
100002502,defense_vs_attack,220.000000,260.000000,0.001188,61.111111,0.036495,18,11,5940,11,18,38.888889,51.475421,1000,305764,9,1.000000,1.000000,0,1932,0,11648,0
100002502,attack_only,320.000000,360.000000,0.000000,0.000000,0.000000,18,0,0,0,18,100.000000,0.000000,1000,303524,9,1.000000,1.000000,0,1852,0,16215,0
100002502,defense_only,420.000000,460.000000,0.001944,100.000000,0.024263,18,18,9720,18,18,0.000000,30.909877,1000,300444,9,1.000000,1.000000,0,1968,0,20834,0
100002510,defense_only,120.000000,160.000000,0.001944,100.000000,0.025976,18,18,9720,18,18,0.000000,26.445679,1000,257052,5,1.000000,1.000000,0,1902,0,6985,0
100002510,attack_only,220.000000,260.000000,0.001944,100.000000,0.009943,18,18,9720,18,18,0.000000,26.390123,1000,256512,5,1.000000,1.000000,0,1872,0,11481,0
100002510,baseline,320.000000,360.000000,0.001944,100.000000,0.021894,18,18,9720,18,18,0.000000,27.259671,1000,264964,5,1.000000,1.000000,0,1890,0,16045,0
100002510,defense_vs_attack,420.000000,460.000000,0.001944,100.000000,0.012214,18,18,9720,18,18,0.000000,25.681481,1000,249624,5,1.000000,1.000000,0,1840,0,20515,0
100002512,defense_vs_attack,120.000000,160.000000,0.001944,100.000000,0.031938,18,18,9720,18,18,0.000000,34.619342,1000,336500,6,1.000000,1.000000,0,1902,0,6973,0
100002512,defense_only,220.000000,260.000000,0.001944,100.000000,0.011857,18,18,9720,18,18,0.000000,34.026749,1000,330740,6,1.000000,1.000000,0,1865,0,11507,0
100002512,attack_only,320.000000,360.000000,0.001944,100.000000,0.026265,18,18,9720,18,18,0.000000,34.658848,1000,336884,6,1.000000,1.000000,0,1877,0,16049,0
100002512,baseline,420.000000,460.000000,0.001944,100.000000,0.015130,18,18,9720,18,18,0.000000,34.156790,1000,332004,6,1.000000,1.000000,0,1877,0,20628,0
100002524,defense_only,120.000000,160.000000,0.001944,100.000000,0.020451,18,18,9720,18,18,0.000000,29.393004,1000,285700,4,1.000000,1.000000,0,1675,0,6321,0
100002524,defense_vs_attack,220.000000,260.000000,0.001512,77.777778,0.008062,18,14,7560,14,18,22.222222,37.683069,1000,284884,5,1.000000,1.000000,0,1659,0,10353,0
100002524,baseline,320.000000,360.000000,0.001944,100.000000,0.016846,18,18,9720,18,18,0.000000,29.290535,1000,284704,4,1.000000,1.000000,0,1669,0,14424,0
100002524,attack_only,420.000000,460.000000,0.000000,0.000000,0.000000,18,0,0,0,18,100.000000,0.000000,1000,285928,5,1.000000,1.000000,0,1634,0,18388,0
100002538,defense_vs_attack,120.000000,160.000000,0.001944,100.000000,0.014970,18,18,9720,18,18,0.000000,29.814815,1000,289800,3,1.000000,1.000000,0,1733,0,6640,0
100002538,defense_only,220.000000,260.000000,0.001944,100.000000,0.005790,18,18,9720,18,18,0.000000,29.416049,1000,285924,3,1.000000,1.000000,0,1696,0,10863,0
100002538,attack_only,320.000000,360.000000,0.001944,100.000000,0.012812,18,18,9720,18,18,0.000000,30.083128,1000,292408,3,1.000000,1.000000,0,1772,0,15155,0
100002538,baseline,420.000000,460.000000,0.001944,100.000000,0.007104,18,18,9720,18,18,0.000000,29.828807,1000,289936,3,1.000000,1.000000,0,1744,0,19492,0
100002551,baseline,120.000000,160.000000,0.001944,100.000000,0.026313,18,18,9720,18,18,0.000000,29.025926,1000,282132,5,1.000000,1.000000,0,1718,0,6437,0
100002551,attack_only,220.000000,260.000000,0.000000,0.000000,0.000000,18,0,0,0,18,100.000000,0.000000,1000,282500,6,1.000000,1.000000,0,1679,0,10597,0
100002551,defense_only,320.000000,360.000000,0.001944,100.000000,0.014880,18,18,9720,18,18,0.000000,28.852263,1000,280444,5,1.000000,1.000000,0,1739,0,14788,0
100002551,defense_vs_attack,420.000000,460.000000,0.001512,77.777778,0.017953,18,14,7560,14,18,22.222222,37.620106,1000,284408,6,1.000000,1.000000,0,1730,0,18944,0
100002547,attack_only,120.000000,160.000000,0.001944,100.000000,0.025873,18,18,9720,18,18,0.000000,36.388477,1000,353696,5,1.000000,1.000000,0,1961,0,7371,0
100002547,defense_only,220.000000,260.000000,0.001944,100.000000,0.010153,18,18,9720,18,18,0.000000,37.802058,1000,367436,5,1.000000,1.000000,0,1978,0,12193,0
100002547,defense_vs_attack,320.000000,360.000000,0.001944,100.000000,0.019551,18,18,9720,18,18,0.000000,35.885185,1000,348804,5,1.000000,1.000000,0,1937,0,16990,0
100002547,baseline,420.000000,460.000000,0.001944,100.000000,0.014071,18,18,9720,18,18,0.000000,37.721399,1000,366652,5,1.000000,1.000000,0,1928,0,21764,0
100002564,baseline,120.000000,160.000000,0.001944,100.000000,0.025893,18,18,9720,18,18,0.000000,28.848148,1000,280404,5,1.000000,1.000000,0,1719,0,6384,0
100002564,defense_only,220.000000,260.000000,0.001944,100.000000,0.009797,18,18,9720,18,18,0.000000,28.600000,1000,277992,5,1.000000,1.000000,0,1701,0,10540,0
100002564,attack_only,320.000000,360.000000,0.000000,0.000000,0.000000,18,0,0,0,18,100.000000,0.000000,1000,277360,5,1.000000,1.000000,0,1639,0,14613,0
100002564,defense_vs_attack,420.000000,460.000000,0.000216,11.111111,0.024838,18,2,1080,2,18,88.888889,253.725926,1000,274024,5,1.000000,1.000000,0,1669,0,18667,0
100002565,attack_only,120.000000,160.000000,0.000000,0.000000,0.000000,18,0,0,0,18,100.000000,0.000000,1000,306288,5,1.000000,1.000000,0,1750,0,6704,0
100002565,defense_vs_attack,220.000000,260.000000,0.001512,77.777778,0.024720,18,14,7560,14,18,22.222222,41.707407,1000,315308,5,1.000000,1.000000,0,1820,0,11113,0
100002565,defense_only,320.000000,360.000000,0.001944,100.000000,0.016080,18,18,9720,18,18,0.000000,31.892593,1000,309996,5,1.000000,1.000000,0,1821,0,15430,0
100002565,baseline,420.000000,460.000000,0.001944,100.000000,0.017564,18,18,9720,18,18,0.000000,31.666255,1000,307796,5,1.000000,1.000000,0,1794,0,19761,0
100002567,baseline,120.000000,160.000000,0.001944,100.000000,0.026909,18,18,9720,18,18,0.000000,25.497119,1000,247832,5,1.000000,1.000000,0,1642,0,6080,0
100002567,attack_only,220.000000,260.000000,0.001944,100.000000,0.015113,18,18,9720,18,18,0.000000,25.469136,1000,247560,5,1.000000,1.000000,0,1623,0,9997,0
100002567,defense_only,320.000000,360.000000,0.001944,100.000000,0.017627,18,18,9720,18,18,0.000000,25.125926,1000,244224,5,1.000000,1.000000,0,1610,0,13885,0
100002567,defense_vs_attack,420.000000,460.000000,0.001944,100.000000,0.013496,18,18,9720,18,18,0.000000,25.102469,1000,243996,5,1.000000,1.000000,0,1601,0,17781,0
100002570,baseline,120.000000,160.000000,0.001944,100.000000,0.031359,18,18,9720,18,18,0.000000,27.374486,1000,266080,6,1.000000,1.000000,0,1719,0,6226,0
100002570,defense_only,220.000000,260.000000,0.001944,100.000000,0.012444,18,18,9720,18,18,0.000000,27.116049,1000,263568,6,1.000000,1.000000,0,1665,0,10258,0
100002570,defense_vs_attack,320.000000,360.000000,0.001944,100.000000,0.025838,18,18,9720,18,18,0.000000,28.653909,1000,278516,6,1.000000,1.000000,0,1708,0,14335,0
100002570,attack_only,420.000000,460.000000,0.001944,100.000000,0.016316,18,18,9720,18,18,0.000000,28.558436,1000,277588,6,1.000000,1.000000,0,1710,0,18445,0
100002569,attack_only,120.000000,160.000000,0.000000,0.000000,0.000000,18,0,0,0,18,100.000000,0.000000,1000,320268,7,1.000000,1.000000,0,1799,0,6637,0
100002569,baseline,220.000000,260.000000,0.001944,100.000000,0.029989,18,18,9720,18,18,0.000000,31.278601,1000,304028,7,1.000000,1.000000,0,1796,0,10932,0
100002569,defense_only,320.000000,360.000000,0.001944,100.000000,0.019482,18,18,9720,18,18,0.000000,31.248560,1000,303736,7,1.000000,1.000000,0,1750,0,15179,0
100002569,defense_vs_attack,420.000000,460.000000,0.001188,61.111111,0.032039,18,11,5940,11,18,38.888889,53.209428,1000,316064,7,1.000000,1.000000,0,1771,0,19409,0
100002574,defense_only,120.000000,160.000000,0.001944,100.000000,0.021179,18,18,9720,18,18,0.000000,30.134979,1000,292912,4,1.000000,1.000000,0,1761,0,6705,0
100002574,defense_vs_attack,220.000000,260.000000,0.001944,100.000000,0.008470,18,18,9720,18,18,0.000000,30.574897,1000,297188,4,1.000000,1.000000,0,1784,0,10999,0
100002574,baseline,320.000000,360.000000,0.001944,100.000000,0.016723,18,18,9720,18,18,0.000000,30.162963,1000,293184,4,1.000000,1.000000,0,1777,0,15302,0
100002574,attack_only,420.000000,460.000000,0.001944,100.000000,0.009987,18,18,9720,18,18,0.000000,30.766667,1000,299052,4,1.000000,1.000000,0,1790,0,19644,0
100002575,defense_vs_attack,120.000000,160.000000,0.001512,77.777778,0.023026,18,14,7560,14,18,22.222222,40.416402,1000,305548,5,1.000000,1.000000,0,1763,0,6642,0
100002575,defense_only,220.000000,260.000000,0.001944,100.000000,0.013995,18,18,9720,18,18,0.000000,30.369959,1000,295196,4,1.000000,1.000000,0,1753,0,10897,0
100002575,baseline,320.000000,360.000000,0.001944,100.000000,0.012087,18,18,9720,18,18,0.000000,30.253909,1000,294068,4,1.000000,1.000000,0,1732,0,15146,0
100002575,attack_only,420.000000,460.000000,0.000000,0.000000,0.000000,18,0,0,0,18,100.000000,0.000000,1000,304928,5,1.000000,1.000000,0,1718,0,19384,0
100002585,defense_vs_attack,120.000000,160.000000,0.001512,77.777778,0.017663,18,14,7560,14,18,22.222222,41.149206,1000,311088,3,1.000000,1.000000,0,1700,0,6511,0
100002585,baseline,220.000000,260.000000,0.001944,100.000000,0.011526,18,18,9720,18,18,0.000000,31.427572,1000,305476,3,1.000000,1.000000,0,1671,0,10657,0
100002585,attack_only,320.000000,360.000000,0.000000,0.000000,0.000000,18,0,0,0,18,100.000000,0.000000,1000,310852,3,1.000000,1.000000,0,1669,0,14802,0
100002585,defense_only,420.000000,460.000000,0.001944,100.000000,0.010462,18,18,9720,18,18,0.000000,31.548971,1000,306656,3,1.000000,1.000000,0,1720,0,19028,0
100002582,defense_only,120.000000,160.000000,0.001944,100.000000,0.015488,18,18,9720,18,18,0.000000,29.243621,1000,284248,3,1.000000,1.000000,0,1766,0,6619,0
100002582,attack_only,220.000000,260.000000,0.001944,100.000000,0.006227,18,18,9720,18,18,0.000000,27.941564,1000,271592,3,1.000000,1.000000,0,1666,0,10789,0
100002582,baseline,320.000000,360.000000,0.001944,100.000000,0.012799,18,18,9720,18,18,0.000000,28.957613,1000,281468,3,1.000000,1.000000,0,1741,0,15054,0
100002582,defense_vs_attack,420.000000,460.000000,0.001944,100.000000,0.007448,18,18,9720,18,18,0.000000,27.974486,1000,271912,3,1.000000,1.000000,0,1675,0,19186,0
100002587,baseline,120.000000,160.000000,0.001944,100.000000,0.031556,18,18,9720,18,18,0.000000,27.130453,1000,263708,6,1.000000,1.000000,0,1760,0,6445,0
100002587,defense_vs_attack,220.000000,260.000000,0.001944,100.000000,0.012419,18,18,9720,18,18,0.000000,27.086831,1000,263284,6,1.000000,1.000000,0,1719,0,10561,0
100002587,defense_only,320.000000,360.000000,0.001944,100.000000,0.027742,18,18,9720,18,18,0.000000,27.091770,1000,263332,6,1.000000,1.000000,0,1722,0,14744,0
100002587,attack_only,420.000000,460.000000,0.001944,100.000000,0.017068,18,18,9720,18,18,0.000000,27.040741,1000,262836,6,1.000000,1.000000,0,1751,0,18846,0
100002588,defense_only,120.000000,160.000000,0.001944,100.000000,0.015443,18,18,9720,18,18,0.000000,29.866255,1000,290300,3,1.000000,1.000000,0,1755,0,6642,0
100002588,defense_vs_attack,220.000000,260.000000,0.001944,100.000000,0.005789,18,18,9720,18,18,0.000000,29.627160,1000,287976,3,1.000000,1.000000,0,1664,0,10748,0
100002588,attack_only,320.000000,360.000000,0.001944,100.000000,0.013068,18,18,9720,18,18,0.000000,29.468313,1000,286432,3,1.000000,1.000000,0,1675,0,14908,0
100002588,baseline,420.000000,460.000000,0.001944,100.000000,0.007712,18,18,9720,18,18,0.000000,29.996708,1000,291568,3,1.000000,1.000000,0,1745,0,19150,0
100002597,defense_only,120.000000,160.000000,0.001944,100.000000,0.036898,18,18,9720,18,18,0.000000,22.515226,1000,218848,7,1.000000,1.000000,0,1647,0,6006,0
100002597,defense_vs_attack,220.000000,260.000000,0.000972,50.000000,0.014403,18,9,4860,9,18,50.000000,46.982716,1000,228336,7,1.000000,1.000000,0,1662,0,9952,0
100002597,attack_only,320.000000,360.000000,0.000000,0.000000,0.000000,18,0,0,0,18,100.000000,0.000000,1000,223588,7,1.000000,1.000000,0,1579,0,13845,0
100002597,baseline,420.000000,460.000000,0.001944,100.000000,0.020472,18,18,9720,18,18,0.000000,22.240741,1000,216180,7,1.000000,1.000000,0,1630,0,17735,0
100002601,baseline,120.000000,160.000000,0.001944,100.000000,0.015250,18,18,9720,18,18,0.000000,34.220576,1000,332624,3,1.000000,1.000000,0,1862,0,7099,0
100002601,attack_only,220.000000,260.000000,0.000000,0.000000,0.000000,18,0,0,0,18,100.000000,0.000000,1000,331116,4,1.000000,1.000000,0,1846,0,11713,0
100002601,defense_vs_attack,320.000000,360.000000,0.001512,77.777778,0.006430,18,14,7560,14,18,22.222222,43.974603,1000,332448,4,1.000000,1.000000,0,1879,0,16332,0
100002601,defense_only,420.000000,460.000000,0.001944,100.000000,0.011742,18,18,9720,18,18,0.000000,34.303292,1000,333428,3,1.000000,1.000000,0,1846,0,20890,0
100002602,defense_vs_attack,120.000000,160.000000,0.001944,100.000000,0.020540,18,18,9720,18,18,0.000000,27.769136,1000,269916,4,1.000000,1.000000,0,1619,0,6109,0
100002602,baseline,220.000000,260.000000,0.001944,100.000000,0.008164,18,18,9720,18,18,0.000000,27.432510,1000,266644,4,1.000000,1.000000,0,1599,0,10040,0
100002602,attack_only,320.000000,360.000000,0.001944,100.000000,0.016827,18,18,9720,18,18,0.000000,27.839095,1000,270596,4,1.000000,1.000000,0,1651,0,14040,0
100002602,defense_only,420.000000,460.000000,0.001944,100.000000,0.010484,18,18,9720,18,18,0.000000,27.462551,1000,266936,4,1.000000,1.000000,0,1625,0,17992,0
100002604,attack_only,120.000000,160.000000,0.000000,0.000000,0.000000,18,0,0,0,18,100.000000,0.000000,1000,264016,5,1.000000,1.000000,0,1620,0,6217,0
100002604,defense_only,220.000000,260.000000,0.001944,100.000000,0.016246,18,18,9720,18,18,0.000000,29.141152,1000,283252,5,1.000000,1.000000,0,1684,0,10245,0
100002604,baseline,320.000000,360.000000,0.001944,100.000000,0.017367,18,18,9720,18,18,0.000000,29.291770,1000,284716,5,1.000000,1.000000,0,1668,0,14316,0
100002604,defense_vs_attack,420.000000,460.000000,0.001512,77.777778,0.025518,18,14,7560,14,18,22.222222,35.291534,1000,266804,5,1.000000,1.000000,0,1631,0,18301,0
100002606,attack_only,120.000000,160.000000,0.000000,0.000000,0.000000,18,0,0,0,18,100.000000,0.000000,1000,282788,4,1.000000,1.000000,0,1630,0,6289,0
100002606,defense_only,220.000000,260.000000,0.001944,100.000000,0.017218,18,18,9720,18,18,0.000000,29.253909,1000,284348,4,1.000000,1.000000,0,1677,0,10383,0
100002606,baseline,320.000000,360.000000,0.001944,100.000000,0.010342,18,18,9720,18,18,0.000000,29.074486,1000,282604,4,1.000000,1.000000,0,1691,0,14494,0
100002606,defense_vs_attack,420.000000,460.000000,0.000972,50.000000,0.025831,18,9,4860,9,18,50.000000,58.637037,1000,284976,4,1.000000,1.000000,0,1672,0,18556,0
100002613,attack_only,120.000000,160.000000,0.000000,0.000000,0.000000,18,0,0,0,18,100.000000,0.000000,1000,204808,6,1.000000,1.000000,0,1510,0,5776,0
100002613,defense_only,220.000000,260.000000,0.001944,100.000000,0.025156,18,18,9720,18,18,0.000000,22.074074,1000,214560,6,1.000000,1.000000,0,1612,0,9605,0
100002613,defense_vs_attack,320.000000,360.000000,0.000000,0.000000,0.000000,18,0,0,0,18,100.000000,0.000000,1000,189624,6,1.000000,1.000000,0,1463,0,13202,0
100002613,baseline,420.000000,460.000000,0.001944,100.000000,0.016634,18,18,9720,18,18,0.000000,21.971605,1000,213564,6,1.000000,1.000000,0,1590,0,17018,0
100002614,defense_vs_attack,120.000000,160.000000,0.001944,100.000000,0.026255,18,18,9720,18,18,0.000000,29.155556,1000,283392,5,1.000000,1.000000,0,1822,0,6747,0
100002614,defense_only,220.000000,260.000000,0.001944,100.000000,0.010816,18,18,9720,18,18,0.000000,29.061317,1000,282476,5,1.000000,1.000000,0,1818,0,11109,0
100002614,attack_only,320.000000,360.000000,0.001944,100.000000,0.020682,18,18,9720,18,18,0.000000,29.122634,1000,283072,5,1.000000,1.000000,0,1806,0,15457,0
100002614,baseline,420.000000,460.000000,0.001944,100.000000,0.013599,18,18,9720,18,18,0.000000,28.904527,1000,280952,5,1.000000,1.000000,0,1797,0,19811,0
100002621,defense_vs_attack,120.000000,160.000000,0.001944,100.000000,0.016571,18,18,9720,18,18,0.000000,33.137449,1000,322096,3,1.000000,1.000000,0,1738,0,6547,0
100002621,baseline,220.000000,260.000000,0.001944,100.000000,0.006432,18,18,9720,18,18,0.000000,32.099588,1000,312008,3,1.000000,1.000000,0,1678,0,10638,0
100002621,attack_only,320.000000,360.000000,0.001944,100.000000,0.012204,18,18,9720,18,18,0.000000,33.280247,1000,323484,3,1.000000,1.000000,0,1726,0,14845,0
100002621,defense_only,420.000000,460.000000,0.001944,100.000000,0.008353,18,18,9720,18,18,0.000000,31.883539,1000,309908,3,1.000000,1.000000,0,1719,0,19100,0
100002626,attack_only,120.000000,160.000000,0.001944,100.000000,0.026958,18,18,9720,18,18,0.000000,33.958436,1000,330076,5,1.000000,1.000000,0,1907,0,7014,0
100002626,defense_vs_attack,220.000000,260.000000,0.001944,100.000000,0.010315,18,18,9720,18,18,0.000000,34.204115,1000,332464,5,1.000000,1.000000,0,1882,0,11570,0
100002626,defense_only,320.000000,360.000000,0.001944,100.000000,0.023445,18,18,9720,18,18,0.000000,33.423045,1000,324872,5,1.000000,1.000000,0,1858,0,16112,0
100002626,baseline,420.000000,460.000000,0.001944,100.000000,0.011938,18,18,9720,18,18,0.000000,33.575720,1000,326356,5,1.000000,1.000000,0,1856,0,20675,0
100002631,baseline,120.000000,160.000000,0.001944,100.000000,0.026258,18,18,9720,18,18,0.000000,28.917695,1000,281080,5,1.000000,1.000000,0,1750,0,6471,0
100002631,defense_only,220.000000,260.000000,0.001944,100.000000,0.010335,18,18,9720,18,18,0.000000,28.667078,1000,278644,5,1.000000,1.000000,0,1692,0,10598,0
100002631,attack_only,320.000000,360.000000,0.001944,100.000000,0.021460,18,18,9720,18,18,0.000000,27.797119,1000,270188,5,1.000000,1.000000,0,1683,0,14711,0
100002631,defense_vs_attack,420.000000,460.000000,0.001944,100.000000,0.012431,18,18,9720,18,18,0.000000,27.935802,1000,271536,5,1.000000,1.000000,0,1670,0,18792,0
100002627,baseline,120.000000,160.000000,0.001944,100.000000,0.035909,18,18,9720,18,18,0.000000,30.122222,1000,292788,7,1.000000,1.000000,0,1786,0,6579,0
100002627,defense_only,220.000000,260.000000,0.001944,100.000000,0.014330,18,18,9720,18,18,0.000000,30.291358,1000,294432,7,1.000000,1.000000,0,1783,0,10829,0
100002627,defense_vs_attack,320.000000,360.000000,0.001944,100.000000,0.031173,18,18,9720,18,18,0.000000,30.338683,1000,294892,7,1.000000,1.000000,0,1807,0,15120,0
100002627,attack_only,420.000000,460.000000,0.001944,100.000000,0.017093,18,18,9720,18,18,0.000000,30.533745,1000,296788,7,1.000000,1.000000,0,1817,0,19402,0
100002633,defense_only,120.000000,160.000000,0.001944,100.000000,0.019905,18,18,9720,18,18,0.000000,26.890123,1000,261372,4,1.000000,1.000000,0,1720,0,6433,0
100002633,defense_vs_attack,220.000000,260.000000,0.001944,100.000000,0.017085,18,18,9720,18,18,0.000000,26.835802,1000,260844,4,1.000000,1.000000,0,1682,0,10506,0
100002633,attack_only,320.000000,360.000000,0.001944,100.000000,0.010261,18,18,9720,18,18,0.000000,26.930041,1000,261760,4,1.000000,1.000000,0,1692,0,14649,0
100002633,baseline,420.000000,460.000000,0.001944,100.000000,0.015601,18,18,9720,18,18,0.000000,26.563374,1000,258196,4,1.000000,1.000000,0,1654,0,18707,0
100002636,attack_only,120.000000,160.000000,0.001944,100.000000,0.015903,18,18,9720,18,18,0.000000,27.630041,1000,268564,3,1.000000,1.000000,0,1637,0,6209,0
100002636,defense_vs_attack,220.000000,260.000000,0.001944,100.000000,0.006356,18,18,9720,18,18,0.000000,27.270782,1000,265072,3,1.000000,1.000000,0,1590,0,10133,0
100002636,defense_only,320.000000,360.000000,0.001944,100.000000,0.012812,18,18,9720,18,18,0.000000,27.799177,1000,270208,3,1.000000,1.000000,0,1612,0,14100,0
100002636,baseline,420.000000,460.000000,0.001944,100.000000,0.007205,18,18,9720,18,18,0.000000,27.513580,1000,267432,3,1.000000,1.000000,0,1603,0,18065,0
100002639,baseline,120.000000,160.000000,0.001944,100.000000,0.020409,18,18,9720,18,18,0.000000,29.872016,1000,290356,4,1.000000,1.000000,0,1758,0,6529,0
100002639,attack_only,220.000000,260.000000,0.001944,100.000000,0.008041,18,18,9720,18,18,0.000000,30.242387,1000,293956,4,1.000000,1.000000,0,1711,0,10669,0
100002639,defense_only,320.000000,360.000000,0.001944,100.000000,0.017424,18,18,9720,18,18,0.000000,29.690123,1000,288588,4,1.000000,1.000000,0,1690,0,14772,0
100002639,defense_vs_attack,420.000000,460.000000,0.001944,100.000000,0.009685,18,18,9720,18,18,0.000000,30.560494,1000,297048,4,1.000000,1.000000,0,1744,0,18976,0
100002640,defense_vs_attack,120.000000,160.000000,0.001512,77.777778,0.040504,18,14,7560,14,18,22.222222,33.375661,1000,252320,7,1.000000,1.000000,0,1728,0,6383,0
100002640,defense_only,220.000000,260.000000,0.001944,100.000000,0.017503,18,18,9720,18,18,0.000000,26.532922,1000,257900,7,1.000000,1.000000,0,1744,0,10608,0
100002640,attack_only,320.000000,360.000000,0.000000,0.000000,0.000000,18,0,0,0,18,100.000000,0.000000,1000,248964,7,1.000000,1.000000,0,1578,0,14561,0
100002640,baseline,420.000000,460.000000,0.001944,100.000000,0.026853,18,18,9720,18,18,0.000000,26.609877,1000,258648,7,1.000000,1.000000,0,1765,0,18737,0
100002641,defense_only,120.000000,160.000000,0.001944,100.000000,0.025387,18,18,9720,18,18,0.000000,29.811111,1000,289764,5,1.000000,1.000000,0,1863,0,6939,0
100002641,attack_only,220.000000,260.000000,0.001944,100.000000,0.009957,18,18,9720,18,18,0.000000,31.013580,1000,301452,5,1.000000,1.000000,0,1838,0,11426,0
100002641,defense_vs_attack,320.000000,360.000000,0.001944,100.000000,0.021778,18,18,9720,18,18,0.000000,30.697942,1000,298384,5,1.000000,1.000000,0,1842,0,15909,0
100002641,baseline,420.000000,460.000000,0.001944,100.000000,0.011931,18,18,9720,18,18,0.000000,29.894650,1000,290576,5,1.000000,1.000000,0,1837,0,20440,0
100002642,defense_vs_attack,120.000000,160.000000,0.001944,100.000000,0.041621,18,18,9720,18,18,0.000000,25.587243,1000,248708,8,1.000000,1.000000,0,1825,0,6615,0
100002642,baseline,220.000000,260.000000,0.001944,100.000000,0.017750,18,18,9720,18,18,0.000000,25.033745,1000,243328,8,1.000000,1.000000,0,1793,0,10892,0
100002642,attack_only,320.000000,360.000000,0.001944,100.000000,0.033102,18,18,9720,18,18,0.000000,25.663786,1000,249452,8,1.000000,1.000000,0,1816,0,15223,0
100002642,defense_only,420.000000,460.000000,0.001944,100.000000,0.018958,18,18,9720,18,18,0.000000,24.816872,1000,241220,8,1.000000,1.000000,0,1774,0,19475,0
100002647,defense_only,120.000000,160.000000,0.001944,100.000000,0.035651,18,18,9720,18,18,0.000000,26.224691,1000,254904,7,1.000000,1.000000,0,1774,0,6514,0
100002647,attack_only,220.000000,260.000000,0.000000,0.000000,0.000000,18,0,0,0,18,100.000000,0.000000,1000,257456,7,1.000000,1.000000,0,1651,0,10588,0
100002647,baseline,320.000000,360.000000,0.001944,100.000000,0.023478,18,18,9720,18,18,0.000000,26.333745,1000,255964,7,1.000000,1.000000,0,1762,0,14804,0
100002647,defense_vs_attack,420.000000,460.000000,0.000756,38.888889,0.020667,18,7,3780,7,18,61.111111,70.030688,1000,264716,7,1.000000,1.000000,0,1762,0,18980,0
100002646,defense_only,120.000000,160.000000,0.001944,100.000000,0.016019,18,18,9720,18,18,0.000000,24.565021,1000,238772,3,1.000000,1.000000,0,1523,0,5750,0
100002646,attack_only,220.000000,260.000000,0.001944,100.000000,0.005916,18,18,9720,18,18,0.000000,24.639918,1000,239500,3,1.000000,1.000000,0,1533,0,9515,0
100002646,baseline,320.000000,360.000000,0.001944,100.000000,0.013895,18,18,9720,18,18,0.000000,24.203704,1000,235260,3,1.000000,1.000000,0,1508,0,13208,0
100002646,defense_vs_attack,420.000000,460.000000,0.001944,100.000000,0.010342,18,18,9720,18,18,0.000000,24.855967,1000,241600,3,1.000000,1.000000,0,1553,0,17030,0
100002649,defense_only,120.000000,160.000000,0.001944,100.000000,0.051980,18,18,9720,18,18,0.000000,25.783951,1000,250620,10,1.000000,1.000000,0,1838,0,6577,0
100002649,defense_vs_attack,220.000000,260.000000,0.001080,55.555556,0.020890,18,10,5400,10,18,44.444444,48.250370,1000,260552,10,1.000000,1.000000,0,1835,0,10883,0
100002649,attack_only,320.000000,360.000000,0.000000,0.000000,0.000000,18,0,0,0,18,100.000000,0.000000,1000,255460,10,1.000000,1.000000,0,1771,0,15127,0
100002649,baseline,420.000000,460.000000,0.001944,100.000000,0.028350,18,18,9720,18,18,0.000000,25.541564,1000,248264,10,1.000000,1.000000,0,1778,0,19360,0
100002650,attack_only,120.000000,160.000000,0.001944,100.000000,0.015087,18,18,9720,18,18,0.000000,25.142798,1000,244388,3,1.000000,1.000000,0,1661,0,6209,0
100002650,defense_vs_attack,220.000000,260.000000,0.001944,100.000000,0.005790,18,18,9720,18,18,0.000000,25.027984,1000,243272,3,1.000000,1.000000,0,1631,0,10168,0
100002650,defense_only,320.000000,360.000000,0.001944,100.000000,0.012812,18,18,9720,18,18,0.000000,25.865432,1000,251412,3,1.000000,1.000000,0,1624,0,14122,0
100002650,baseline,420.000000,460.000000,0.001944,100.000000,0.007164,18,18,9720,18,18,0.000000,25.790535,1000,250684,3,1.000000,1.000000,0,1601,0,18033,0
100002651,attack_only,120.000000,160.000000,0.000000,0.000000,0.000000,18,0,0,0,18,100.000000,0.000000,1000,284444,4,1.000000,1.000000,0,1635,0,6467,0
100002651,baseline,220.000000,260.000000,0.001944,100.000000,0.015432,18,18,9720,18,18,0.000000,29.965432,1000,291264,3,1.000000,1.000000,0,1686,0,10650,0
100002651,defense_only,320.000000,360.000000,0.001944,100.000000,0.005890,18,18,9720,18,18,0.000000,29.932099,1000,290940,3,1.000000,1.000000,0,1719,0,14843,0
100002651,defense_vs_attack,420.000000,460.000000,0.001512,77.777778,0.013561,18,14,7560,14,18,22.222222,38.095767,1000,288004,4,1.000000,1.000000,0,1679,0,18963,0
100002653,defense_only,120.000000,160.000000,0.001944,100.000000,0.020697,18,18,9720,18,18,0.000000,23.358436,1000,227044,4,1.000000,1.000000,0,1551,0,5833,0
100002653,attack_only,220.000000,260.000000,0.000000,0.000000,0.000000,0,0,0,0,18,100.000000,0.000000,1000,219920,0,1.000000,1.000000,0,1453,0,9486,0
100002653,baseline,320.000000,360.000000,0.001944,100.000000,0.007979,18,18,9720,18,18,0.000000,23.013992,1000,223696,4,1.000000,1.000000,0,1528,0,13176,0
100002653,defense_vs_attack,420.000000,460.000000,0.000000,0.000000,0.000000,0,0,0,0,18,100.000000,0.000000,1000,216616,0,1.000000,1.000000,0,1445,0,16823,0
100002654,attack_only,120.000000,160.000000,0.000000,0.000000,0.000000,18,0,0,0,18,100.000000,0.000000,1000,289224,6,1.000000,1.000000,0,1681,0,6482,0
100002654,baseline,220.000000,260.000000,0.001944,100.000000,0.022371,18,18,9720,18,18,0.000000,29.942387,1000,291040,6,1.000000,1.000000,0,1801,0,10722,0
100002654,defense_only,320.000000,360.000000,0.001944,100.000000,0.024764,18,18,9720,18,18,0.000000,29.840741,1000,290052,6,1.000000,1.000000,0,1754,0,14945,0
100002654,defense_vs_attack,420.000000,460.000000,0.001944,100.000000,0.020013,18,18,9720,18,18,0.000000,29.509877,1000,286836,6,1.000000,1.000000,0,1743,0,19161,0
100002658,defense_vs_attack,120.000000,160.000000,0.001512,77.777778,0.030462,18,14,7560,14,18,22.222222,34.923280,1000,264020,7,1.000000,1.000000,0,1741,0,6491,0
100002658,defense_only,220.000000,260.000000,0.001944,100.000000,0.013311,18,18,9720,18,18,0.000000,27.323868,1000,265588,6,1.000000,1.000000,0,1760,0,10700,0
100002658,attack_only,320.000000,360.000000,0.000000,0.000000,0.000000,18,0,0,0,18,100.000000,0.000000,1000,261476,7,1.000000,1.000000,0,1682,0,14790,0
100002658,baseline,420.000000,460.000000,0.001944,100.000000,0.019053,18,18,9720,18,18,0.000000,27.165021,1000,264044,6,1.000000,1.000000,0,1714,0,18965,0
100002671,attack_only,120.000000,160.000000,0.000000,0.000000,0.000000,0,0,0,0,18,100.000000,0.000000,1000,189184,0,1.000000,1.000000,0,1443,0,5813,0
100002671,defense_only,220.000000,260.000000,0.001944,100.000000,0.026081,18,18,9720,18,18,0.000000,23.190123,1000,225408,5,1.000000,1.000000,0,1620,0,9726,0
100002671,defense_vs_attack,320.000000,360.000000,0.000000,0.000000,0.000000,0,0,0,0,18,100.000000,0.000000,1000,186700,0,1.000000,1.000000,0,1447,0,13370,0
100002671,baseline,420.000000,460.000000,0.001944,100.000000,0.009799,18,18,9720,18,18,0.000000,23.388066,1000,227332,5,1.000000,1.000000,0,1623,0,17260,0
100002667,baseline,120.000000,160.000000,0.001944,100.000000,0.072038,18,18,9720,18,18,0.000000,23.806584,1000,231400,14,1.000000,1.000000,0,1899,0,6652,0
100002667,attack_only,220.000000,260.000000,0.000000,0.000000,0.000000,18,0,0,0,18,100.000000,0.000000,1000,229356,14,1.000000,1.000000,0,1701,0,10781,0
100002667,defense_vs_attack,320.000000,360.000000,0.000216,13.333333,0.061064,15,2,1080,2,18,88.888889,207.559259,1000,224164,14,1.000000,1.000000,0,1748,0,15003,0
100002667,defense_only,420.000000,460.000000,0.001944,100.000000,0.032221,18,18,9720,18,18,0.000000,23.076955,1000,224308,14,1.000000,1.000000,0,1871,0,19307,0
100002669,baseline,120.000000,160.000000,0.001944,100.000000,0.037724,18,18,9720,18,18,0.000000,23.787654,1000,231216,7,1.000000,1.000000,0,1658,0,6136,0
100002669,defense_vs_attack,220.000000,260.000000,0.001944,100.000000,0.025640,18,18,9720,18,18,0.000000,24.741564,1000,240488,8,1.000000,1.000000,0,1718,0,10169,0
100002669,attack_only,320.000000,360.000000,0.001944,100.000000,0.027351,18,18,9720,18,18,0.000000,24.586420,1000,238980,8,1.000000,1.000000,0,1697,0,14195,0
100002669,defense_only,420.000000,460.000000,0.001944,100.000000,0.016539,18,18,9720,18,18,0.000000,23.869547,1000,232012,7,1.000000,1.000000,0,1618,0,18106,0
100002673,attack_only,120.000000,160.000000,0.001944,100.000000,0.014893,18,18,9720,18,18,0.000000,26.655556,1000,259092,3,1.000000,1.000000,0,1567,0,6006,0
100002673,baseline,220.000000,260.000000,0.001944,100.000000,0.005973,18,18,9720,18,18,0.000000,27.320988,1000,265560,3,1.000000,1.000000,0,1550,0,9862,0
100002673,defense_vs_attack,320.000000,360.000000,0.001944,100.000000,0.012930,18,18,9720,18,18,0.000000,26.746502,1000,259976,3,1.000000,1.000000,0,1578,0,13729,0
100002673,defense_only,420.000000,460.000000,0.001944,100.000000,0.007289,18,18,9720,18,18,0.000000,27.593827,1000,268212,3,1.000000,1.000000,0,1589,0,17654,0
100002675,defense_vs_attack,120.000000,160.000000,0.001512,77.777778,0.016832,18,14,7560,14,18,22.222222,34.774074,1000,262892,4,1.000000,1.000000,0,1828,0,6867,0
100002675,defense_only,220.000000,260.000000,0.001944,100.000000,0.007215,18,18,9720,18,18,0.000000,25.172840,1000,244680,3,1.000000,1.000000,0,1740,0,11195,0
100002675,baseline,320.000000,360.000000,0.001944,100.000000,0.010769,18,18,9720,18,18,0.000000,25.394650,1000,246836,3,1.000000,1.000000,0,1764,0,15556,0
100002675,attack_only,420.000000,460.000000,0.000000,0.000000,0.000000,18,0,0,0,18,100.000000,0.000000,1000,261764,4,1.000000,1.000000,0,1768,0,20001,0
100002676,attack_only,120.000000,160.000000,0.001944,100.000000,0.015452,18,18,9720,18,18,0.000000,32.753498,1000,318364,3,1.000000,1.000000,0,1839,0,6943,0
100002676,defense_vs_attack,220.000000,260.000000,0.001944,100.000000,0.005790,18,18,9720,18,18,0.000000,32.780658,1000,318628,3,1.000000,1.000000,0,1833,0,11471,0
100002676,baseline,320.000000,360.000000,0.001944,100.000000,0.012606,18,18,9720,18,18,0.000000,31.318107,1000,304412,3,1.000000,1.000000,0,1771,0,15863,0
100002676,defense_only,420.000000,460.000000,0.001944,100.000000,0.009055,18,18,9720,18,18,0.000000,31.368313,1000,304900,3,1.000000,1.000000,0,1843,0,20407,0
100002678,defense_vs_attack,120.000000,160.000000,0.001944,100.000000,0.025973,18,18,9720,18,18,0.000000,30.994239,1000,301264,5,1.000000,1.000000,0,1806,0,6682,0
100002678,defense_only,220.000000,260.000000,0.001944,100.000000,0.010711,18,18,9720,18,18,0.000000,32.142387,1000,312424,5,1.000000,1.000000,0,1776,0,11034,0
100002678,baseline,320.000000,360.000000,0.001944,100.000000,0.021806,18,18,9720,18,18,0.000000,32.073251,1000,311752,5,1.000000,1.000000,0,1787,0,15365,0
100002678,attack_only,420.000000,460.000000,0.001944,100.000000,0.012347,18,18,9720,18,18,0.000000,31.366667,1000,304884,5,1.000000,1.000000,0,1793,0,19750,0
100002687,baseline,120.000000,160.000000,0.001944,100.000000,0.025788,18,18,9720,18,18,0.000000,25.500000,1000,247860,5,1.000000,1.000000,0,1674,0,6195,0
100002687,defense_vs_attack,220.000000,260.000000,0.001080,55.555556,0.037503,18,10,5400,10,18,44.444444,44.702222,1000,241392,5,1.000000,1.000000,0,1907,0,10452,0
100002687,attack_only,320.000000,360.000000,0.000000,0.000000,0.000000,18,0,0,0,18,100.000000,0.000000,1000,247288,5,1.000000,1.000000,0,1591,0,14381,0
100002687,defense_only,420.000000,460.000000,0.001944,100.000000,0.016937,18,18,9720,18,18,0.000000,25.398354,1000,246872,5,1.000000,1.000000,0,1645,0,18373,0
100002683,baseline,120.000000,160.000000,0.001944,100.000000,0.031763,18,18,9720,18,18,0.000000,30.464198,1000,296112,6,1.000000,1.000000,0,1814,0,6885,0
100002683,attack_only,220.000000,260.000000,0.001944,100.000000,0.012156,18,18,9720,18,18,0.000000,31.974897,1000,310796,6,1.000000,1.000000,0,1864,0,11354,0
100002683,defense_only,320.000000,360.000000,0.001944,100.000000,0.025770,18,18,9720,18,18,0.000000,30.738683,1000,298780,6,1.000000,1.000000,0,1851,0,15814,0
100002683,defense_vs_attack,420.000000,460.000000,0.001944,100.000000,0.014663,18,18,9720,18,18,0.000000,31.921399,1000,310276,6,1.000000,1.000000,0,1879,0,20296,0
100002688,attack_only,120.000000,160.000000,0.001944,100.000000,0.031481,18,18,9720,18,18,0.000000,28.000823,1000,272168,6,1.000000,1.000000,0,1781,0,6488,0
100002688,defense_vs_attack,220.000000,260.000000,0.001944,100.000000,0.011892,18,18,9720,18,18,0.000000,27.804527,1000,270260,6,1.000000,1.000000,0,1760,0,10673,0
100002688,defense_only,320.000000,360.000000,0.001944,100.000000,0.026041,18,18,9720,18,18,0.000000,27.625926,1000,268524,6,1.000000,1.000000,0,1708,0,14851,0
100002688,baseline,420.000000,460.000000,0.001944,100.000000,0.014366,18,18,9720,18,18,0.000000,27.600000,1000,268272,6,1.000000,1.000000,0,1730,0,19013,0
100002685,attack_only,120.000000,160.000000,0.001944,100.000000,0.020664,18,18,9720,18,18,0.000000,28.550617,1000,277512,4,1.000000,1.000000,0,1634,0,6260,0
100002685,defense_only,220.000000,260.000000,0.001944,100.000000,0.007959,18,18,9720,18,18,0.000000,29.606584,1000,287776,4,1.000000,1.000000,0,1649,0,10269,0
100002685,defense_vs_attack,320.000000,360.000000,0.001944,100.000000,0.017374,18,18,9720,18,18,0.000000,28.728395,1000,279240,4,1.000000,1.000000,0,1655,0,14274,0
100002685,baseline,420.000000,460.000000,0.001944,100.000000,0.009694,18,18,9720,18,18,0.000000,29.653909,1000,288236,4,1.000000,1.000000,0,1648,0,18323,0
100002689,defense_only,120.000000,160.000000,0.001944,100.000000,0.026055,18,18,9720,18,18,0.000000,27.080247,1000,263220,5,1.000000,1.000000,0,1750,0,6483,0
100002689,attack_only,220.000000,260.000000,0.000000,0.000000,0.000000,18,0,0,0,18,100.000000,0.000000,1000,271984,5,1.000000,1.000000,0,1694,0,10665,0
100002689,defense_vs_attack,320.000000,360.000000,0.000648,33.333333,0.192254,18,6,3240,6,18,66.666667,85.188889,1000,276012,5,1.000000,1.000000,0,1753,0,14814,0
100002689,baseline,420.000000,460.000000,0.001944,100.000000,0.020188,18,18,9720,18,18,0.000000,27.413580,1000,266460,5,1.000000,1.000000,0,1732,0,19036,0
100002690,attack_only,120.000000,160.000000,0.000000,0.000000,0.000000,18,0,0,0,18,100.000000,0.000000,1000,327916,4,1.000000,1.000000,0,1797,0,6887,0
100002690,defense_vs_attack,220.000000,260.000000,0.000000,0.000000,0.000000,18,0,0,0,18,100.000000,0.000000,1000,329980,4,1.000000,1.000000,0,1834,0,11347,0
100002690,baseline,320.000000,360.000000,0.001944,100.000000,0.017891,18,18,9720,18,18,0.000000,33.545267,1000,326060,4,1.000000,1.000000,0,1857,0,15889,0
100002690,defense_only,420.000000,460.000000,0.001944,100.000000,0.007921,18,18,9720,18,18,0.000000,33.552675,1000,326132,4,1.000000,1.000000,0,1850,0,20376,0
100002694,defense_vs_attack,120.000000,160.000000,0.001512,77.777778,0.037989,18,14,7560,14,18,22.222222,35.625926,1000,269332,8,1.000000,1.000000,0,1694,0,6186,0
100002694,defense_only,220.000000,260.000000,0.001944,100.000000,0.022333,18,18,9720,18,18,0.000000,27.748560,1000,269716,7,1.000000,1.000000,0,1698,0,10219,0
100002694,attack_only,320.000000,360.000000,0.000000,0.000000,0.000000,18,0,0,0,18,100.000000,0.000000,1000,267772,8,1.000000,1.000000,0,1656,0,14214,0
100002694,baseline,420.000000,460.000000,0.001944,100.000000,0.025811,18,18,9720,18,18,0.000000,27.352675,1000,265868,7,1.000000,1.000000,0,1683,0,18213,0
100002696,attack_only,120.000000,160.000000,0.001944,100.000000,0.025341,18,18,9720,18,18,0.000000,27.435802,1000,266676,5,1.000000,1.000000,0,1710,0,6495,0
100002696,defense_only,220.000000,260.000000,0.001944,100.000000,0.010120,18,18,9720,18,18,0.000000,26.977778,1000,262224,5,1.000000,1.000000,0,1714,0,10649,0
100002696,baseline,320.000000,360.000000,0.001944,100.000000,0.019333,18,18,9720,18,18,0.000000,26.860082,1000,261080,5,1.000000,1.000000,0,1701,0,14747,0
100002696,defense_vs_attack,420.000000,460.000000,0.001944,100.000000,0.014132,18,18,9720,18,18,0.000000,27.343621,1000,265780,5,1.000000,1.000000,0,1709,0,18871,0
100002700,defense_only,120.000000,160.000000,0.001944,100.000000,0.035720,18,18,9720,18,18,0.000000,26.468313,1000,257272,7,1.000000,1.000000,0,1824,0,6703,0
100002700,baseline,220.000000,260.000000,0.001944,100.000000,0.013879,18,18,9720,18,18,0.000000,26.240741,1000,255060,7,1.000000,1.000000,0,1789,0,11026,0
100002700,attack_only,320.000000,360.000000,0.001944,100.000000,0.031454,18,18,9720,18,18,0.000000,27.014815,1000,262584,7,1.000000,1.000000,0,1857,0,15451,0
100002700,defense_vs_attack,420.000000,460.000000,0.000756,38.888889,0.031090,18,7,3780,7,18,61.111111,68.777778,1000,259980,7,1.000000,1.000000,0,1745,0,19736,0
100002705,attack_only,120.000000,160.000000,0.000000,0.000000,0.000000,18,0,0,0,18,100.000000,0.000000,1000,212676,4,1.000000,1.000000,0,1556,0,6017,0
100002705,baseline,220.000000,260.000000,0.001944,100.000000,0.015614,18,18,9720,18,18,0.000000,22.584362,1000,219520,3,1.000000,1.000000,0,1577,0,9859,0
100002705,defense_vs_attack,320.000000,360.000000,0.001512,77.777778,0.006174,18,14,7560,14,18,22.222222,27.727513,1000,209620,4,1.000000,1.000000,0,1559,0,13728,0
100002705,defense_only,420.000000,460.000000,0.001944,100.000000,0.011786,18,18,9720,18,18,0.000000,22.242798,1000,216200,3,1.000000,1.000000,0,1560,0,17566,0
100002701,defense_only,120.000000,160.000000,0.001944,100.000000,0.027323,18,18,9720,18,18,0.000000,28.397942,1000,276028,5,1.000000,1.000000,0,1722,0,6360,0
100002701,attack_only,220.000000,260.000000,0.000000,0.000000,0.000000,18,0,0,0,18,100.000000,0.000000,1000,275780,6,1.000000,1.000000,0,1635,0,10399,0
100002701,baseline,320.000000,360.000000,0.001944,100.000000,0.013781,18,18,9720,18,18,0.000000,28.298765,1000,275064,5,1.000000,1.000000,0,1689,0,14497,0
100002701,defense_vs_attack,420.000000,460.000000,0.001512,77.777778,0.017749,18,14,7560,14,18,22.222222,37.135979,1000,280748,6,1.000000,1.000000,0,1659,0,18522,0
100002702,defense_vs_attack,120.000000,160.000000,0.001512,77.777778,0.021929,18,14,7560,14,18,22.222222,39.420635,1000,298020,5,1.000000,1.000000,0,1690,0,6507,0
100002702,baseline,220.000000,260.000000,0.001944,100.000000,0.009624,18,18,9720,18,18,0.000000,30.823045,1000,299600,4,1.000000,1.000000,0,1754,0,10700,0
100002702,defense_only,320.000000,360.000000,0.001944,100.000000,0.015574,18,18,9720,18,18,0.000000,31.076132,1000,302060,4,1.000000,1.000000,0,1743,0,14913,0
100002702,attack_only,420.000000,460.000000,0.000000,0.000000,0.000000,18,0,0,0,18,100.000000,0.000000,1000,301204,5,1.000000,1.000000,0,1708,0,19090,0
100002706,defense_only,120.000000,160.000000,0.001944,100.000000,0.020478,18,18,9720,18,18,0.000000,29.358848,1000,285368,4,1.000000,1.000000,0,1714,0,6486,0
100002706,baseline,220.000000,260.000000,0.001944,100.000000,0.007907,18,18,9720,18,18,0.000000,29.427572,1000,286036,4,1.000000,1.000000,0,1702,0,10683,0
100002706,attack_only,320.000000,360.000000,0.001944,100.000000,0.017317,18,18,9720,18,18,0.000000,29.713169,1000,288812,4,1.000000,1.000000,0,1770,0,14983,0
100002706,defense_vs_attack,420.000000,460.000000,0.001944,100.000000,0.009498,18,18,9720,18,18,0.000000,29.632510,1000,288028,4,1.000000,1.000000,0,1727,0,19211,0
100002708,defense_only,120.000000,160.000000,0.001944,100.000000,0.036796,18,18,9720,18,18,0.000000,28.784774,1000,279788,7,1.000000,1.000000,0,1856,0,6750,0
100002708,attack_only,220.000000,260.000000,0.000000,0.000000,0.000000,18,0,0,0,18,100.000000,0.000000,1000,280244,7,1.000000,1.000000,0,1790,0,11089,0
100002708,baseline,320.000000,360.000000,0.001944,100.000000,0.023384,18,18,9720,18,18,0.000000,28.283128,1000,274912,7,1.000000,1.000000,0,1806,0,15448,0
100002708,defense_vs_attack,420.000000,460.000000,0.000216,12.500000,0.064060,16,2,1080,2,18,88.888889,252.211111,1000,272388,7,1.000000,1.000000,0,1800,0,19800,0
100002712,defense_only,120.000000,160.000000,0.001944,100.000000,0.031610,18,18,9720,18,18,0.000000,24.843210,1000,241476,6,1.000000,1.000000,0,1665,0,6138,0
100002712,defense_vs_attack,220.000000,260.000000,0.000216,11.111111,0.060684,18,2,1080,2,18,88.888889,231.655556,1000,250188,6,1.000000,1.000000,0,2045,0,10543,0
100002712,attack_only,320.000000,360.000000,0.000000,0.000000,0.000000,18,0,0,0,18,100.000000,0.000000,1000,243100,6,1.000000,1.000000,0,1594,0,14500,0
100002712,baseline,420.000000,460.000000,0.001944,100.000000,0.017831,18,18,9720,18,18,0.000000,24.884362,1000,241876,6,1.000000,1.000000,0,1660,0,18449,0
100002715,defense_vs_attack,120.000000,160.000000,0.000972,50.000000,0.040396,18,9,4860,9,18,50.000000,76.334979,1000,370988,5,1.000000,1.000000,0,2454,0,8063,0
100002715,baseline,220.000000,260.000000,0.001944,100.000000,0.016657,18,18,9720,18,18,0.000000,37.836214,1000,367768,5,1.000000,1.000000,0,2017,0,12967,0
100002715,attack_only,320.000000,360.000000,0.000000,0.000000,0.000000,18,0,0,0,18,100.000000,0.000000,1000,367396,5,1.000000,1.000000,0,1970,0,17830,0
100002715,defense_only,420.000000,460.000000,0.001944,100.000000,0.011904,18,18,9720,18,18,0.000000,37.825926,1000,367668,5,1.000000,1.000000,0,2012,0,22790,0
100002718,defense_vs_attack,120.000000,160.000000,0.001944,100.000000,0.015284,18,18,9720,18,18,0.000000,30.272428,1000,294248,3,1.000000,1.000000,0,1802,0,6746,0
100002718,attack_only,220.000000,260.000000,0.001944,100.000000,0.006016,18,18,9720,18,18,0.000000,29.716461,1000,288844,3,1.000000,1.000000,0,1780,0,11118,0
100002718,baseline,320.000000,360.000000,0.001944,100.000000,0.012888,18,18,9720,18,18,0.000000,29.188477,1000,283712,3,1.000000,1.000000,0,1733,0,15430,0
100002718,defense_only,420.000000,460.000000,0.001944,100.000000,0.007101,18,18,9720,18,18,0.000000,28.709053,1000,279052,3,1.000000,1.000000,0,1746,0,19746,0
100002722,defense_only,120.000000,160.000000,0.001944,100.000000,0.042692,18,18,9720,18,18,0.000000,25.690535,1000,249712,8,1.000000,1.000000,0,1827,0,6633,0
100002722,baseline,220.000000,260.000000,0.001944,100.000000,0.017378,18,18,9720,18,18,0.000000,25.660082,1000,249416,8,1.000000,1.000000,0,1813,0,10931,0
100002722,defense_vs_attack,320.000000,360.000000,0.000324,16.666667,0.029948,18,3,1620,3,18,83.333333,156.464198,1000,253472,8,1.000000,1.000000,0,1802,0,15202,0
100002722,attack_only,420.000000,460.000000,0.000000,0.000000,0.000000,18,0,0,0,18,100.000000,0.000000,1000,250016,8,1.000000,1.000000,0,1757,0,19470,0
100002726,defense_only,120.000000,160.000000,0.001944,100.000000,0.030929,18,18,9720,18,18,0.000000,23.344444,1000,226908,6,1.000000,1.000000,0,1651,0,6094,0
100002726,attack_only,220.000000,260.000000,0.000000,0.000000,0.000000,18,0,0,0,18,100.000000,0.000000,1000,227848,6,1.000000,1.000000,0,1566,0,9941,0
100002726,defense_vs_attack,320.000000,360.000000,0.001188,61.111111,0.017465,18,11,5940,11,18,38.888889,39.124579,1000,232400,6,1.000000,1.000000,0,1620,0,13876,0
100002726,baseline,420.000000,460.000000,0.001944,100.000000,0.017030,18,18,9720,18,18,0.000000,23.491358,1000,228336,6,1.000000,1.000000,0,1645,0,17859,0
100002730,baseline,120.000000,160.000000,0.001944,100.000000,0.027401,18,18,9720,18,18,0.000000,26.324280,1000,255872,5,1.000000,1.000000,0,1730,0,6521,0
100002730,defense_only,220.000000,260.000000,0.001944,100.000000,0.010708,18,18,9720,18,18,0.000000,26.097119,1000,253664,5,1.000000,1.000000,0,1664,0,10576,0
100002730,defense_vs_attack,320.000000,360.000000,0.001944,100.000000,0.022124,18,18,9720,18,18,0.000000,25.689300,1000,249700,5,1.000000,1.000000,0,1698,0,14691,0
100002730,attack_only,420.000000,460.000000,0.001944,100.000000,0.012037,18,18,9720,18,18,0.000000,26.003704,1000,252756,5,1.000000,1.000000,0,1718,0,18782,0
100002728,baseline,120.000000,160.000000,0.001944,100.000000,0.015111,18,18,9720,18,18,0.000000,31.174074,1000,303012,3,1.000000,1.000000,0,1751,0,6647,0
100002728,defense_only,220.000000,260.000000,0.001944,100.000000,0.005789,18,18,9720,18,18,0.000000,30.724280,1000,298640,3,1.000000,1.000000,0,1694,0,10901,0
100002728,defense_vs_attack,320.000000,360.000000,0.001944,100.000000,0.012980,18,18,9720,18,18,0.000000,31.047325,1000,301780,3,1.000000,1.000000,0,1747,0,15183,0
100002728,attack_only,420.000000,460.000000,0.001944,100.000000,0.007582,18,18,9720,18,18,0.000000,31.178601,1000,303056,3,1.000000,1.000000,0,1751,0,19444,0
100002732,defense_vs_attack,120.000000,160.000000,0.001944,100.000000,0.020813,18,18,9720,18,18,0.000000,32.019342,1000,311228,4,1.000000,1.000000,0,1861,0,6937,0
100002732,defense_only,220.000000,260.000000,0.001944,100.000000,0.008200,18,18,9720,18,18,0.000000,32.069547,1000,311716,4,1.000000,1.000000,0,1836,0,11442,0
100002732,attack_only,320.000000,360.000000,0.001944,100.000000,0.014789,18,18,9720,18,18,0.000000,32.349794,1000,314440,4,1.000000,1.000000,0,1790,0,15858,0
100002732,baseline,420.000000,460.000000,0.001944,100.000000,0.009181,18,18,9720,18,18,0.000000,32.445679,1000,315372,4,1.000000,1.000000,0,1834,0,20336,0
100002735,baseline,120.000000,160.000000,0.001944,100.000000,0.042684,18,18,9720,18,18,0.000000,28.967490,1000,281564,8,1.000000,1.000000,0,1902,0,6860,0
100002735,attack_only,220.000000,260.000000,0.001944,100.000000,0.015929,18,18,9720,18,18,0.000000,29.314403,1000,284936,8,1.000000,1.000000,0,1878,0,11349,0
100002735,defense_vs_attack,320.000000,360.000000,0.001944,100.000000,0.035163,18,18,9720,18,18,0.000000,29.356790,1000,285348,8,1.000000,1.000000,0,1885,0,15821,0
100002735,defense_only,420.000000,460.000000,0.001944,100.000000,0.019550,18,18,9720,18,18,0.000000,28.972016,1000,281608,8,1.000000,1.000000,0,1872,0,20331,0
100002737,defense_vs_attack,120.000000,160.000000,0.001512,77.777778,0.033288,18,14,7560,14,18,22.222222,34.589418,1000,261496,7,1.000000,1.000000,0,1708,0,6278,0
100002737,baseline,220.000000,260.000000,0.001944,100.000000,0.014228,18,18,9720,18,18,0.000000,25.541975,1000,248268,6,1.000000,1.000000,0,1685,0,10268,0
100002737,attack_only,320.000000,360.000000,0.000000,0.000000,0.000000,18,0,0,0,18,100.000000,0.000000,1000,257892,7,1.000000,1.000000,0,1632,0,14206,0
100002737,defense_only,420.000000,460.000000,0.001944,100.000000,0.019816,18,18,9720,18,18,0.000000,25.536214,1000,248212,6,1.000000,1.000000,0,1691,0,18245,0
100002738,defense_vs_attack,120.000000,160.000000,0.001944,100.000000,0.025217,18,18,9720,18,18,0.000000,27.902881,1000,271216,4,1.000000,1.000000,0,1780,0,6616,0
100002738,baseline,220.000000,260.000000,0.001944,100.000000,0.010433,18,18,9720,18,18,0.000000,26.464609,1000,257236,4,1.000000,1.000000,0,1695,0,10830,0
100002738,attack_only,320.000000,360.000000,0.001944,100.000000,0.013749,18,18,9720,18,18,0.000000,27.596296,1000,268236,4,1.000000,1.000000,0,1762,0,15101,0
100002738,defense_only,420.000000,460.000000,0.001944,100.000000,0.014077,18,18,9720,18,18,0.000000,27.064609,1000,263068,4,1.000000,1.000000,0,1785,0,19372,0
100002740,baseline,120.000000,160.000000,0.001944,100.000000,0.020964,18,18,9720,18,18,0.000000,28.377366,1000,275828,4,1.000000,1.000000,0,1753,0,6605,0
100002740,defense_only,220.000000,260.000000,0.001944,100.000000,0.007794,18,18,9720,18,18,0.000000,28.510700,1000,277124,4,1.000000,1.000000,0,1754,0,10878,0
100002740,attack_only,320.000000,360.000000,0.001944,100.000000,0.017447,18,18,9720,18,18,0.000000,28.540329,1000,277412,4,1.000000,1.000000,0,1825,0,15269,0
100002740,defense_vs_attack,420.000000,460.000000,0.001944,100.000000,0.009634,18,18,9720,18,18,0.000000,28.377366,1000,275828,4,1.000000,1.000000,0,1774,0,19610,0
100002743,defense_vs_attack,120.000000,160.000000,0.001944,100.000000,0.015100,18,18,9720,18,18,0.000000,27.327160,1000,265620,3,1.000000,1.000000,0,1688,0,6457,0
100002743,attack_only,220.000000,260.000000,0.001944,100.000000,0.006435,18,18,9720,18,18,0.000000,27.433745,1000,266656,3,1.000000,1.000000,0,1710,0,10648,0
100002743,baseline,320.000000,360.000000,0.001944,100.000000,0.012382,18,18,9720,18,18,0.000000,26.088477,1000,253580,3,1.000000,1.000000,0,1668,0,14773,0
100002743,defense_only,420.000000,460.000000,0.001944,100.000000,0.007513,18,18,9720,18,18,0.000000,26.185597,1000,254524,3,1.000000,1.000000,0,1701,0,18919,0
100002742,defense_only,120.000000,160.000000,0.001944,100.000000,0.020766,18,18,9720,18,18,0.000000,32.557202,1000,316456,4,1.000000,1.000000,0,1775,0,6650,0
100002742,baseline,220.000000,260.000000,0.001944,100.000000,0.007857,18,18,9720,18,18,0.000000,32.424691,1000,315168,4,1.000000,1.000000,0,1772,0,10971,0
100002742,defense_vs_attack,320.000000,360.000000,0.001944,100.000000,0.017330,18,18,9720,18,18,0.000000,31.775720,1000,308860,4,1.000000,1.000000,0,1791,0,15264,0
100002742,attack_only,420.000000,460.000000,0.001944,100.000000,0.009589,18,18,9720,18,18,0.000000,31.827984,1000,309368,4,1.000000,1.000000,0,1754,0,19558,0
100002745,defense_only,120.000000,160.000000,0.001944,100.000000,0.086372,18,18,9720,18,18,0.000000,27.009877,1000,262536,6,1.000000,1.000000,0,1738,0,6389,0
100002745,baseline,220.000000,260.000000,0.001944,100.000000,0.012130,18,18,9720,18,18,0.000000,27.202881,1000,264412,6,1.000000,1.000000,0,1710,0,10512,0
100002745,defense_vs_attack,320.000000,360.000000,0.001512,77.777778,0.039700,18,14,7560,14,18,22.222222,36.232275,1000,273916,6,1.000000,1.000000,0,1753,0,14727,0
100002745,attack_only,420.000000,460.000000,0.000000,0.000000,0.000000,18,0,0,0,18,100.000000,0.000000,1000,274996,6,1.000000,1.000000,0,1692,0,18858,0
100002749,attack_only,120.000000,160.000000,0.000000,0.000000,0.000000,18,0,0,0,18,100.000000,0.000000,1000,344648,5,1.000000,1.000000,0,1869,0,7145,0
100002749,defense_vs_attack,220.000000,260.000000,0.001512,77.777778,0.031492,18,14,7560,14,18,22.222222,46.311111,1000,350112,5,1.000000,1.000000,0,1930,0,11886,0
100002749,defense_only,320.000000,360.000000,0.001944,100.000000,0.013191,18,18,9720,18,18,0.000000,33.830453,1000,328832,5,1.000000,1.000000,0,1848,0,16408,0
100002749,baseline,420.000000,460.000000,0.001944,100.000000,0.016901,18,18,9720,18,18,0.000000,33.909465,1000,329600,5,1.000000,1.000000,0,1884,0,20963,0
100002750,baseline,120.000000,160.000000,0.001944,100.000000,0.026329,18,18,9720,18,18,0.000000,29.672016,1000,288412,5,1.000000,1.000000,0,1801,0,6691,0
100002750,defense_only,220.000000,260.000000,0.001944,100.000000,0.010105,18,18,9720,18,18,0.000000,29.448971,1000,286244,5,1.000000,1.000000,0,1760,0,10978,0
100002750,defense_vs_attack,320.000000,360.000000,0.001944,100.000000,0.021705,18,18,9720,18,18,0.000000,31.025514,1000,301568,5,1.000000,1.000000,0,1801,0,15345,0
100002750,attack_only,420.000000,460.000000,0.001944,100.000000,0.012136,18,18,9720,18,18,0.000000,31.084362,1000,302140,5,1.000000,1.000000,0,1784,0,19679,0
100002752,attack_only,120.000000,160.000000,0.001944,100.000000,0.015021,18,18,9720,18,18,0.000000,21.677366,1000,210704,3,1.000000,1.000000,0,1565,0,5849,0
100002752,defense_vs_attack,220.000000,260.000000,0.001944,100.000000,0.005788,18,18,9720,18,18,0.000000,21.896708,1000,212836,3,1.000000,1.000000,0,1527,0,9583,0
100002752,baseline,320.000000,360.000000,0.001944,100.000000,0.012811,18,18,9720,18,18,0.000000,21.121399,1000,205300,3,1.000000,1.000000,0,1515,0,13303,0
100002752,defense_only,420.000000,460.000000,0.001944,100.000000,0.007253,18,18,9720,18,18,0.000000,21.488889,1000,208872,3,1.000000,1.000000,0,1538,0,17045,0
100002755,defense_only,120.000000,160.000000,0.001944,100.000000,0.015278,18,18,9720,18,18,0.000000,23.990535,1000,233188,3,1.000000,1.000000,0,1574,0,5988,0
100002755,defense_vs_attack,220.000000,260.000000,0.001944,100.000000,0.005789,18,18,9720,18,18,0.000000,24.348971,1000,236672,3,1.000000,1.000000,0,1572,0,9846,0
100002755,baseline,320.000000,360.000000,0.001944,100.000000,0.012812,18,18,9720,18,18,0.000000,24.039918,1000,233668,3,1.000000,1.000000,0,1561,0,13695,0
100002755,attack_only,420.000000,460.000000,0.001944,100.000000,0.007465,18,18,9720,18,18,0.000000,24.608642,1000,239196,3,1.000000,1.000000,0,1560,0,17516,0
100002757,defense_vs_attack,120.000000,160.000000,0.001944,100.000000,0.022001,18,18,9720,18,18,0.000000,30.776955,1000,299152,4,1.000000,1.000000,0,1776,0,6678,0
100002757,baseline,220.000000,260.000000,0.001944,100.000000,0.008787,18,18,9720,18,18,0.000000,31.176543,1000,303036,4,1.000000,1.000000,0,1821,0,11058,0
100002757,defense_only,320.000000,360.000000,0.001944,100.000000,0.016625,18,18,9720,18,18,0.000000,31.139918,1000,302680,4,1.000000,1.000000,0,1799,0,15418,0
100002757,attack_only,420.000000,460.000000,0.001944,100.000000,0.010314,18,18,9720,18,18,0.000000,30.629218,1000,297716,4,1.000000,1.000000,0,1772,0,19729,0
100002768,baseline,120.000000,160.000000,0.001944,100.000000,0.015492,18,18,9720,18,18,0.000000,27.856790,1000,270768,3,1.000000,1.000000,0,1614,0,6150,0
100002768,defense_only,220.000000,260.000000,0.001944,100.000000,0.005851,18,18,9720,18,18,0.000000,27.895062,1000,271140,3,1.000000,1.000000,0,1630,0,10128,0
100002768,defense_vs_attack,320.000000,360.000000,0.001944,100.000000,0.012923,18,18,9720,18,18,0.000000,29.443210,1000,286188,3,1.000000,1.000000,0,1661,0,14162,0
100002768,attack_only,420.000000,460.000000,0.001944,100.000000,0.007264,18,18,9720,18,18,0.000000,29.419753,1000,285960,3,1.000000,1.000000,0,1616,0,18184,0
100002779,baseline,120.000000,160.000000,0.001944,100.000000,0.031399,18,18,9720,18,18,0.000000,24.636214,1000,239464,6,1.000000,1.000000,0,1767,0,6513,0
100002779,defense_only,220.000000,260.000000,0.001944,100.000000,0.011910,18,18,9720,18,18,0.000000,24.517695,1000,238312,6,1.000000,1.000000,0,1740,0,10747,0
100002779,defense_vs_attack,320.000000,360.000000,0.001944,100.000000,0.025971,18,18,9720,18,18,0.000000,24.865844,1000,241696,6,1.000000,1.000000,0,1753,0,14909,0
100002779,attack_only,420.000000,460.000000,0.001944,100.000000,0.014532,18,18,9720,18,18,0.000000,24.841152,1000,241456,6,1.000000,1.000000,0,1732,0,19144,0
100002764,defense_only,120.000000,160.000000,0.001944,100.000000,0.021284,18,18,9720,18,18,0.000000,36.886008,1000,358532,4,1.000000,1.000000,0,1783,0,6654,0
100002764,attack_only,220.000000,260.000000,0.000000,0.000000,0.000000,18,0,0,0,18,100.000000,0.000000,1000,363348,4,1.000000,1.000000,0,1771,0,10961,0
100002764,defense_vs_attack,320.000000,360.000000,0.001512,77.777778,0.022176,18,14,7560,14,18,22.222222,47.937566,1000,362408,4,1.000000,1.000000,0,1804,0,15328,0
100002764,baseline,420.000000,460.000000,0.001944,100.000000,0.015494,18,18,9720,18,18,0.000000,36.868313,1000,358360,4,1.000000,1.000000,0,1766,0,19681,0
100002782,defense_vs_attack,120.000000,160.000000,0.001944,100.000000,0.042768,18,18,9720,18,18,0.000000,24.667078,1000,239764,8,1.000000,1.000000,0,1783,0,6419,0
100002782,baseline,220.000000,260.000000,0.001944,100.000000,0.017625,18,18,9720,18,18,0.000000,24.021811,1000,233492,8,1.000000,1.000000,0,1699,0,10465,0
100002782,attack_only,320.000000,360.000000,0.000000,0.000000,0.000000,18,0,0,0,18,100.000000,0.000000,1000,238164,9,1.000000,1.000000,0,1698,0,14575,0
100002782,defense_only,420.000000,460.000000,0.001944,100.000000,0.032328,18,18,9720,18,18,0.000000,23.920165,1000,232504,8,1.000000,1.000000,0,1697,0,18582,0
100002783,defense_vs_attack,120.000000,160.000000,0.001944,100.000000,0.015451,18,18,9720,18,18,0.000000,25.840741,1000,251172,3,1.000000,1.000000,0,1716,0,6433,0
100002783,baseline,220.000000,260.000000,0.001944,100.000000,0.005788,18,18,9720,18,18,0.000000,25.472016,1000,247588,3,1.000000,1.000000,0,1675,0,10502,0
100002783,attack_only,320.000000,360.000000,0.001944,100.000000,0.012811,18,18,9720,18,18,0.000000,26.034156,1000,253052,3,1.000000,1.000000,0,1662,0,14565,0
100002783,defense_only,420.000000,460.000000,0.001944,100.000000,0.007065,18,18,9720,18,18,0.000000,25.806173,1000,250836,3,1.000000,1.000000,0,1639,0,18636,0
100002791,defense_vs_attack,120.000000,160.000000,0.001944,100.000000,0.015779,18,18,9720,18,18,0.000000,24.751852,1000,240588,3,1.000000,1.000000,0,1592,0,6190,0
100002791,attack_only,220.000000,260.000000,0.001944,100.000000,0.006002,18,18,9720,18,18,0.000000,24.556790,1000,238692,3,1.000000,1.000000,0,1603,0,10162,0
100002791,baseline,320.000000,360.000000,0.001944,100.000000,0.013080,18,18,9720,18,18,0.000000,25.808642,1000,250860,3,1.000000,1.000000,0,1638,0,14152,0
100002791,defense_only,420.000000,460.000000,0.001944,100.000000,0.007066,18,18,9720,18,18,0.000000,25.561728,1000,248460,3,1.000000,1.000000,0,1650,0,18177,0
100002793,attack_only,120.000000,160.000000,0.000000,0.000000,0.000000,18,0,0,0,18,100.000000,0.000000,1000,319184,7,1.000000,1.000000,0,1822,0,6875,0
100002793,defense_only,220.000000,260.000000,0.001944,100.000000,0.036492,18,18,9720,18,18,0.000000,33.153498,1000,322252,7,1.000000,1.000000,0,1898,0,11419,0
100002793,defense_vs_attack,320.000000,360.000000,0.000216,11.111111,0.045616,18,2,1080,2,18,88.888889,302.955556,1000,327192,7,1.000000,1.000000,0,1870,0,15915,0
100002793,baseline,420.000000,460.000000,0.001944,100.000000,0.013195,18,18,9720,18,18,0.000000,33.435802,1000,324996,7,1.000000,1.000000,0,1928,0,20491,0
100002796,baseline,120.000000,160.000000,0.001944,100.000000,0.071472,18,18,9720,18,18,0.000000,24.362963,1000,236808,3,1.000000,1.000000,0,1530,0,5837,0
100002796,defense_vs_attack,220.000000,260.000000,0.001512,77.777778,0.015158,18,14,7560,14,18,22.222222,31.507407,1000,238196,3,1.000000,1.000000,0,1554,0,9607,0
100002796,defense_only,320.000000,360.000000,0.001944,100.000000,0.005312,18,18,9720,18,18,0.000000,24.492181,1000,238064,3,1.000000,1.000000,0,1547,0,13403,0
100002796,attack_only,420.000000,460.000000,0.001944,100.000000,0.009488,18,18,9720,18,18,0.000000,23.917284,1000,232476,3,1.000000,1.000000,0,1514,0,17125,0
100002801,defense_only,120.000000,160.000000,0.001944,100.000000,0.015472,18,18,9720,18,18,0.000000,23.436214,1000,227800,3,1.000000,1.000000,0,1632,0,6244,0
100002801,attack_only,220.000000,260.000000,0.001944,100.000000,0.006037,18,18,9720,18,18,0.000000,23.377778,1000,227232,3,1.000000,1.000000,0,1631,0,10274,0
100002801,defense_vs_attack,320.000000,360.000000,0.001944,100.000000,0.012812,18,18,9720,18,18,0.000000,23.223045,1000,225728,3,1.000000,1.000000,0,1635,0,14281,0
100002801,baseline,420.000000,460.000000,0.001944,100.000000,0.007345,18,18,9720,18,18,0.000000,23.655967,1000,229936,3,1.000000,1.000000,0,1630,0,18334,0
100002797,defense_vs_attack,120.000000,160.000000,0.001944,100.000000,0.014767,18,18,9720,18,18,0.000000,37.737037,1000,366804,3,1.000000,1.000000,0,1889,0,7092,0
100002797,defense_only,220.000000,260.000000,0.001944,100.000000,0.005892,18,18,9720,18,18,0.000000,37.412757,1000,363652,3,1.000000,1.000000,0,1871,0,11625,0
100002797,baseline,320.000000,360.000000,0.001944,100.000000,0.012945,18,18,9720,18,18,0.000000,37.485597,1000,364360,3,1.000000,1.000000,0,1859,0,16181,0
100002797,attack_only,420.000000,460.000000,0.001944,100.000000,0.007066,18,18,9720,18,18,0.000000,38.009465,1000,369452,3,1.000000,1.000000,0,1866,0,20728,0
100002807,defense_vs_attack,120.000000,160.000000,0.001944,100.000000,0.015777,18,18,9720,18,18,0.000000,25.928807,1000,252028,3,1.000000,1.000000,0,1713,0,6467,0
100002807,defense_only,220.000000,260.000000,0.001944,100.000000,0.005790,18,18,9720,18,18,0.000000,25.476543,1000,247632,3,1.000000,1.000000,0,1631,0,10534,0
100002807,attack_only,320.000000,360.000000,0.001944,100.000000,0.012813,18,18,9720,18,18,0.000000,25.772016,1000,250504,3,1.000000,1.000000,0,1731,0,14740,0
100002807,baseline,420.000000,460.000000,0.001944,100.000000,0.007145,18,18,9720,18,18,0.000000,25.544856,1000,248296,3,1.000000,1.000000,0,1689,0,18838,0
100002809,baseline,120.000000,160.000000,0.001944,100.000000,0.031759,18,18,9720,18,18,0.000000,22.672428,1000,220376,6,1.000000,1.000000,0,1657,0,6039,0
100002809,defense_vs_attack,220.000000,260.000000,0.001944,100.000000,0.013729,18,18,9720,18,18,0.000000,22.647737,1000,220136,6,1.000000,1.000000,0,1608,0,9867,0
100002809,defense_only,320.000000,360.000000,0.001944,100.000000,0.024875,18,18,9720,18,18,0.000000,22.760082,1000,221228,6,1.000000,1.000000,0,1591,0,13703,0
100002809,attack_only,420.000000,460.000000,0.001944,100.000000,0.014596,18,18,9720,18,18,0.000000,22.895062,1000,222540,6,1.000000,1.000000,0,1599,0,17532,0
100002812,defense_vs_attack,120.000000,160.000000,0.001944,100.000000,0.031361,18,18,9720,18,18,0.000000,28.375720,1000,275812,6,1.000000,1.000000,0,1762,0,6576,0
100002812,attack_only,220.000000,260.000000,0.001944,100.000000,0.012386,18,18,9720,18,18,0.000000,28.447737,1000,276512,6,1.000000,1.000000,0,1786,0,10845,0
100002812,baseline,320.000000,360.000000,0.001944,100.000000,0.026005,18,18,9720,18,18,0.000000,28.418519,1000,276228,6,1.000000,1.000000,0,1760,0,15081,0
100002812,defense_only,420.000000,460.000000,0.001944,100.000000,0.014820,18,18,9720,18,18,0.000000,28.573663,1000,277736,6,1.000000,1.000000,0,1784,0,19356,0
100002816,defense_only,120.000000,160.000000,0.001944,100.000000,0.014741,18,18,9720,18,18,0.000000,27.421399,1000,266536,3,1.000000,1.000000,0,1717,0,6525,0
100002816,attack_only,220.000000,260.000000,0.000000,0.000000,0.000000,18,0,0,0,18,100.000000,0.000000,1000,281576,0,1.000000,1.000000,0,1695,0,10727,0
100002816,defense_vs_attack,320.000000,360.000000,0.001512,77.777778,0.006585,18,14,7560,14,18,22.222222,36.266667,1000,274176,0,1.000000,1.000000,0,1723,0,14988,0
100002816,baseline,420.000000,460.000000,0.001944,100.000000,0.011535,18,18,9720,18,18,0.000000,27.293416,1000,265292,3,1.000000,1.000000,0,1717,0,19163,0
100002814,attack_only,120.000000,160.000000,0.001944,100.000000,0.031631,18,18,9720,18,18,0.000000,29.709877,1000,288780,6,1.000000,1.000000,0,1909,0,6919,0
100002814,defense_vs_attack,220.000000,260.000000,0.001944,100.000000,0.013906,18,18,9720,18,18,0.000000,29.954321,1000,291156,6,1.000000,1.000000,0,1855,0,11448,0
100002814,baseline,320.000000,360.000000,0.001944,100.000000,0.024016,18,18,9720,18,18,0.000000,27.503292,1000,267332,6,1.000000,1.000000,0,1840,0,15932,0
100002814,defense_only,420.000000,460.000000,0.001944,100.000000,0.013976,18,18,9720,18,18,0.000000,27.559671,1000,267880,6,1.000000,1.000000,0,1834,0,20391,0
100002822,defense_vs_attack,120.000000,160.000000,0.001944,100.000000,0.020888,18,18,9720,18,18,0.000000,30.200000,1000,293544,4,1.000000,1.000000,0,1723,0,6543,0
100002822,defense_only,220.000000,260.000000,0.001944,100.000000,0.008408,18,18,9720,18,18,0.000000,29.089300,1000,282748,4,1.000000,1.000000,0,1715,0,10743,0
100002822,baseline,320.000000,360.000000,0.001944,100.000000,0.017362,18,18,9720,18,18,0.000000,29.267901,1000,284484,4,1.000000,1.000000,0,1719,0,14928,0
100002822,attack_only,420.000000,460.000000,0.001944,100.000000,0.009979,18,18,9720,18,18,0.000000,29.816872,1000,289820,4,1.000000,1.000000,0,1689,0,19062,0
100002825,baseline,120.000000,160.000000,0.001944,100.000000,0.026175,18,18,9720,18,18,0.000000,29.180247,1000,283632,5,1.000000,1.000000,0,1792,0,6676,0
100002825,attack_only,220.000000,260.000000,0.001944,100.000000,0.010484,18,18,9720,18,18,0.000000,30.376132,1000,295256,5,1.000000,1.000000,0,1793,0,11119,0
100002825,defense_vs_attack,320.000000,360.000000,0.001944,100.000000,0.020696,18,18,9720,18,18,0.000000,30.502881,1000,296488,5,1.000000,1.000000,0,1796,0,15562,0
100002825,defense_only,420.000000,460.000000,0.001944,100.000000,0.013495,18,18,9720,18,18,0.000000,29.106996,1000,282920,5,1.000000,1.000000,0,1814,0,19937,0
100002821,attack_only,120.000000,160.000000,0.000000,0.000000,0.000000,18,0,0,0,18,100.000000,0.000000,1000,333872,6,1.000000,1.000000,0,1859,0,7072,0
100002821,defense_only,220.000000,260.000000,0.001944,100.000000,0.021791,18,18,9720,18,18,0.000000,33.971605,1000,330204,6,1.000000,1.000000,0,1926,0,11609,0
100002821,defense_vs_attack,320.000000,360.000000,0.001512,77.777778,0.030002,18,14,7560,14,18,22.222222,45.110053,1000,341032,6,1.000000,1.000000,0,1887,0,16158,0
100002821,baseline,420.000000,460.000000,0.001944,100.000000,0.019380,18,18,9720,18,18,0.000000,33.863374,1000,329152,6,1.000000,1.000000,0,1900,0,20754,0
100002827,attack_only,120.000000,160.000000,0.001944,100.000000,0.015919,18,18,9720,18,18,0.000000,33.324691,1000,323916,3,1.000000,1.000000,0,1852,0,6912,0
100002827,defense_vs_attack,220.000000,260.000000,0.001944,100.000000,0.005906,18,18,9720,18,18,0.000000,33.123868,1000,321964,3,1.000000,1.000000,0,1796,0,11413,0
100002827,defense_only,320.000000,360.000000,0.001944,100.000000,0.012813,18,18,9720,18,18,0.000000,33.039506,1000,321144,3,1.000000,1.000000,0,1827,0,15866,0
100002827,baseline,420.000000,460.000000,0.001944,100.000000,0.007066,18,18,9720,18,18,0.000000,32.775720,1000,318580,3,1.000000,1.000000,0,1749,0,20269,0
100002831,baseline,120.000000,160.000000,0.001944,100.000000,0.016496,18,18,9720,18,18,0.000000,26.999588,1000,262436,3,1.000000,1.000000,0,1619,0,6295,0
100002831,attack_only,220.000000,260.000000,0.001944,100.000000,0.007056,18,18,9720,18,18,0.000000,27.193827,1000,264324,3,1.000000,1.000000,0,1642,0,10294,0
100002831,defense_vs_attack,320.000000,360.000000,0.001944,100.000000,0.011712,18,18,9720,18,18,0.000000,27.042798,1000,262856,3,1.000000,1.000000,0,1632,0,14320,0
100002831,defense_only,420.000000,460.000000,0.001944,100.000000,0.009370,18,18,9720,18,18,0.000000,26.995062,1000,262392,3,1.000000,1.000000,0,1612,0,18295,0
100002834,defense_vs_attack,120.000000,160.000000,0.001944,100.000000,0.015665,18,18,9720,18,18,0.000000,28.602058,1000,278012,3,1.000000,1.000000,0,1651,0,6294,0
100002834,defense_only,220.000000,260.000000,0.001944,100.000000,0.005789,18,18,9720,18,18,0.000000,27.732510,1000,269560,3,1.000000,1.000000,0,1631,0,10363,0
100002834,attack_only,320.000000,360.000000,0.001944,100.000000,0.013072,18,18,9720,18,18,0.000000,28.634568,1000,278328,3,1.000000,1.000000,0,1664,0,14412,0
100002834,baseline,420.000000,460.000000,0.001944,100.000000,0.007402,18,18,9720,18,18,0.000000,27.664198,1000,268896,3,1.000000,1.000000,0,1654,0,18450,0
100002837,defense_vs_attack,120.000000,160.000000,0.001512,77.777778,0.015791,18,14,7560,14,18,22.222222,30.889418,1000,233524,4,1.000000,1.000000,0,1612,0,6184,0
100002837,baseline,220.000000,260.000000,0.001944,100.000000,0.006732,18,18,9720,18,18,0.000000,24.365844,1000,236836,3,1.000000,1.000000,0,1617,0,10164,0
100002837,attack_only,320.000000,360.000000,0.000000,0.000000,0.000000,18,0,0,0,18,100.000000,0.000000,1000,225320,4,1.000000,1.000000,0,1607,0,14102,0
100002837,defense_only,420.000000,460.000000,0.001944,100.000000,0.010034,18,18,9720,18,18,0.000000,24.322222,1000,236412,3,1.000000,1.000000,0,1614,0,18054,0
100002842,baseline,120.000000,160.000000,0.001944,100.000000,0.026152,18,18,9720,18,18,0.000000,30.618930,1000,297616,5,1.000000,1.000000,0,1805,0,6642,0
100002842,defense_only,220.000000,260.000000,0.001944,100.000000,0.009892,18,18,9720,18,18,0.000000,30.498354,1000,296444,5,1.000000,1.000000,0,1774,0,10965,0
100002842,attack_only,320.000000,360.000000,0.001944,100.000000,0.022507,18,18,9720,18,18,0.000000,29.878601,1000,290420,5,1.000000,1.000000,0,1779,0,15211,0
100002842,defense_vs_attack,420.000000,460.000000,0.001944,100.000000,0.012238,18,18,9720,18,18,0.000000,29.812346,1000,289776,5,1.000000,1.000000,0,1764,0,19530,0
100002847,baseline,120.000000,160.000000,0.001944,100.000000,0.032359,18,18,9720,18,18,0.000000,23.565021,1000,229052,6,1.000000,1.000000,0,1655,0,6160,0
100002847,defense_only,220.000000,260.000000,0.001944,100.000000,0.012313,18,18,9720,18,18,0.000000,23.111523,1000,224644,6,1.000000,1.000000,0,1616,0,10109,0
100002847,defense_vs_attack,320.000000,360.000000,0.001944,100.000000,0.025373,18,18,9720,18,18,0.000000,23.406173,1000,227508,6,1.000000,1.000000,0,1684,0,14096,0
100002847,attack_only,420.000000,460.000000,0.001944,100.000000,0.015138,18,18,9720,18,18,0.000000,23.304527,1000,226520,6,1.000000,1.000000,0,1655,0,18120,0
100002845,baseline,120.000000,160.000000,0.001944,100.000000,0.020993,18,18,9720,18,18,0.000000,28.665021,1000,278624,4,1.000000,1.000000,0,1717,0,6330,0
100002845,attack_only,220.000000,260.000000,0.000000,0.000000,0.000000,18,0,0,0,18,100.000000,0.000000,1000,279900,5,1.000000,1.000000,0,1645,0,10364,0
100002845,defense_only,320.000000,360.000000,0.001944,100.000000,0.013485,18,18,9720,18,18,0.000000,28.588066,1000,277876,4,1.000000,1.000000,0,1661,0,14434,0
100002845,defense_vs_attack,420.000000,460.000000,0.000972,50.000000,0.017141,18,9,4860,9,18,50.000000,58.392593,1000,283788,5,1.000000,1.000000,0,1682,0,18530,0
100002848,defense_only,120.000000,160.000000,0.001944,100.000000,0.020585,18,18,9720,18,18,0.000000,22.339506,1000,217140,4,1.000000,1.000000,0,1540,0,5822,0
100002848,baseline,220.000000,260.000000,0.001944,100.000000,0.008215,18,18,9720,18,18,0.000000,22.279424,1000,216556,4,1.000000,1.000000,0,1519,0,9490,0
100002848,defense_vs_attack,320.000000,360.000000,0.001944,100.000000,0.017108,18,18,9720,18,18,0.000000,22.261317,1000,216380,4,1.000000,1.000000,0,1496,0,13158,0
100002848,attack_only,420.000000,460.000000,0.001944,100.000000,0.010185,18,18,9720,18,18,0.000000,21.982716,1000,213672,4,1.000000,1.000000,0,1504,0,16838,0
100002850,defense_only,120.000000,160.000000,0.001944,100.000000,0.020187,18,18,9720,18,18,0.000000,28.146091,1000,273580,4,1.000000,1.000000,0,1716,0,6438,0
100002850,attack_only,220.000000,260.000000,0.000000,0.000000,0.000000,18,0,0,0,18,100.000000,0.000000,1000,285420,4,1.000000,1.000000,0,1755,0,10702,0
100002850,baseline,320.000000,360.000000,0.001944,100.000000,0.014872,18,18,9720,18,18,0.000000,28.075720,1000,272896,4,1.000000,1.000000,0,1712,0,14871,0
100002850,defense_vs_attack,420.000000,460.000000,0.001512,77.777778,0.024320,18,14,7560,14,18,22.222222,37.215873,1000,281352,4,1.000000,1.000000,0,1738,0,19106,0
100002854,defense_only,120.000000,160.000000,0.001944,100.000000,0.020590,18,18,9720,18,18,0.000000,28.197119,1000,274076,4,1.000000,1.000000,0,1745,0,6535,0
100002854,defense_vs_attack,220.000000,260.000000,0.000000,0.000000,0.000000,18,0,0,0,18,100.000000,0.000000,1000,280928,4,1.000000,1.000000,0,1943,0,10966,0
100002854,attack_only,320.000000,360.000000,0.000000,0.000000,0.000000,18,0,0,0,18,100.000000,0.000000,1000,277852,4,1.000000,1.000000,0,1698,0,15184,0
100002854,baseline,420.000000,460.000000,0.001944,100.000000,0.013000,18,18,9720,18,18,0.000000,28.131687,1000,273440,4,1.000000,1.000000,0,1740,0,19450,0
100002858,defense_vs_attack,120.000000,160.000000,0.001944,100.000000,0.027180,18,18,9720,18,18,0.000000,26.637037,1000,258912,5,1.000000,1.000000,0,1783,0,6544,0
100002858,baseline,220.000000,260.000000,0.001944,100.000000,0.010540,18,18,9720,18,18,0.000000,25.325514,1000,246164,5,1.000000,1.000000,0,1706,0,10705,0
100002858,attack_only,320.000000,360.000000,0.001944,100.000000,0.022286,18,18,9720,18,18,0.000000,26.300412,1000,255640,5,1.000000,1.000000,0,1810,0,15016,0
100002858,defense_only,420.000000,460.000000,0.001944,100.000000,0.013370,18,18,9720,18,18,0.000000,25.086008,1000,243836,5,1.000000,1.000000,0,1742,0,19196,0
100002859,attack_only,120.000000,160.000000,0.001944,100.000000,0.015518,18,18,9720,18,18,0.000000,29.760082,1000,289268,3,1.000000,1.000000,0,1708,0,6490,0
100002859,baseline,220.000000,260.000000,0.001944,100.000000,0.006006,18,18,9720,18,18,0.000000,29.296708,1000,284764,3,1.000000,1.000000,0,1705,0,10694,0
100002859,defense_vs_attack,320.000000,360.000000,0.001944,100.000000,0.012466,18,18,9720,18,18,0.000000,29.431276,1000,286072,3,1.000000,1.000000,0,1686,0,14852,0
100002859,defense_only,420.000000,460.000000,0.001944,100.000000,0.007447,18,18,9720,18,18,0.000000,28.834568,1000,280272,3,1.000000,1.000000,0,1730,0,19016,0
100002857,defense_only,120.000000,160.000000,0.001944,100.000000,0.047506,18,18,9720,18,18,0.000000,24.445267,1000,237608,9,1.000000,1.000000,0,1816,0,6572,0
100002857,attack_only,220.000000,260.000000,0.001944,100.000000,0.017982,18,18,9720,18,18,0.000000,26.267901,1000,255324,9,1.000000,1.000000,0,1824,0,10928,0
100002857,defense_vs_attack,320.000000,360.000000,0.001944,100.000000,0.036875,18,18,9720,18,18,0.000000,25.882716,1000,251580,9,1.000000,1.000000,0,1796,0,15200,0
100002857,baseline,420.000000,460.000000,0.001944,100.000000,0.024254,18,18,9720,18,18,0.000000,24.399588,1000,237164,9,1.000000,1.000000,0,1797,0,19423,0
100002861,baseline,120.000000,160.000000,0.001944,100.000000,0.025808,18,18,9720,18,18,0.000000,30.347737,1000,294980,5,1.000000,1.000000,0,1871,0,7073,0
100002861,defense_vs_attack,220.000000,260.000000,0.001512,77.777778,0.010760,18,14,7560,14,18,22.222222,38.499471,1000,291056,5,1.000000,1.000000,0,1858,0,11578,0
100002861,attack_only,320.000000,360.000000,0.000000,0.000000,0.000000,18,0,0,0,18,100.000000,0.000000,1000,287484,5,1.000000,1.000000,0,1745,0,16009,0
100002861,defense_only,420.000000,460.000000,0.001944,100.000000,0.019472,18,18,9720,18,18,0.000000,30.232099,1000,293856,5,1.000000,1.000000,0,1858,0,20549,0
100002860,attack_only,120.000000,160.000000,0.001944,100.000000,0.041570,18,18,9720,18,18,0.000000,26.323045,1000,255860,8,1.000000,1.000000,0,1741,0,6358,0
100002860,defense_only,220.000000,260.000000,0.001944,100.000000,0.018239,18,18,9720,18,18,0.000000,25.450206,1000,247376,8,1.000000,1.000000,0,1741,0,10459,0
100002860,baseline,320.000000,360.000000,0.001944,100.000000,0.032868,18,18,9720,18,18,0.000000,25.128395,1000,244248,8,1.000000,1.000000,0,1683,0,14536,0
100002860,defense_vs_attack,420.000000,460.000000,0.001944,100.000000,0.019665,18,18,9720,18,18,0.000000,26.320988,1000,255840,8,1.000000,1.000000,0,1784,0,18757,0
100002864,attack_only,120.000000,160.000000,0.001944,100.000000,0.015111,18,18,9720,18,18,0.000000,30.872840,1000,300084,3,1.000000,1.000000,0,1757,0,6616,0
100002864,baseline,220.000000,260.000000,0.001944,100.000000,0.005882,18,18,9720,18,18,0.000000,30.661728,1000,298032,3,1.000000,1.000000,0,1718,0,10857,0
100002864,defense_only,320.000000,360.000000,0.001944,100.000000,0.012811,18,18,9720,18,18,0.000000,30.853086,1000,299892,3,1.000000,1.000000,0,1718,0,15079,0
100002864,defense_vs_attack,420.000000,460.000000,0.001944,100.000000,0.007223,18,18,9720,18,18,0.000000,30.717284,1000,298572,3,1.000000,1.000000,0,1705,0,19262,0
100002867,defense_only,120.000000,160.000000,0.001944,100.000000,0.036690,18,18,9720,18,18,0.000000,29.937860,1000,290996,7,1.000000,1.000000,0,1901,0,6976,0
100002867,baseline,220.000000,260.000000,0.001944,100.000000,0.014014,18,18,9720,18,18,0.000000,29.869136,1000,290328,7,1.000000,1.000000,0,1869,0,11481,0
100002867,attack_only,320.000000,360.000000,0.001944,100.000000,0.030296,18,18,9720,18,18,0.000000,30.048148,1000,292068,7,1.000000,1.000000,0,1877,0,16049,0
100002867,defense_vs_attack,420.000000,460.000000,0.001944,100.000000,0.018686,18,18,9720,18,18,0.000000,30.042798,1000,292016,7,1.000000,1.000000,0,1896,0,20528,0
100002866,attack_only,120.000000,160.000000,0.000000,0.000000,0.000000,18,0,0,0,18,100.000000,0.000000,1000,304928,6,1.000000,1.000000,0,1739,0,6448,0
100002866,baseline,220.000000,260.000000,0.001944,100.000000,0.031820,18,18,9720,18,18,0.000000,30.991770,1000,301240,6,1.000000,1.000000,0,1735,0,10627,0
100002866,defense_only,320.000000,360.000000,0.001944,100.000000,0.021776,18,18,9720,18,18,0.000000,30.756790,1000,298956,6,1.000000,1.000000,0,1693,0,14771,0
100002866,defense_vs_attack,420.000000,460.000000,0.000972,50.000000,0.021655,18,9,4860,9,18,50.000000,61.718519,1000,299952,6,1.000000,1.000000,0,1722,0,18934,0
100002870,defense_vs_attack,120.000000,160.000000,0.001944,100.000000,0.031244,18,18,9720,18,18,0.000000,25.338272,1000,246288,6,1.000000,1.000000,0,1811,0,6523,0
100002870,defense_only,220.000000,260.000000,0.001944,100.000000,0.011972,18,18,9720,18,18,0.000000,24.603704,1000,239148,6,1.000000,1.000000,0,1719,0,10647,0
100002870,baseline,320.000000,360.000000,0.001944,100.000000,0.026289,18,18,9720,18,18,0.000000,24.764609,1000,240712,6,1.000000,1.000000,0,1706,0,14782,0
100002870,attack_only,420.000000,460.000000,0.001944,100.000000,0.014639,18,18,9720,18,18,0.000000,25.646502,1000,249284,6,1.000000,1.000000,0,1749,0,19017,0
100002869,defense_only,120.000000,160.000000,0.001944,100.000000,0.025661,18,18,9720,18,18,0.000000,34.710288,1000,337384,5,1.000000,1.000000,0,1818,0,6778,0
100002869,defense_vs_attack,220.000000,260.000000,0.000000,0.000000,0.000000,18,0,0,0,18,100.000000,0.000000,1000,337972,5,1.000000,1.000000,0,1725,0,11059,0
100002869,attack_only,320.000000,360.000000,0.000000,0.000000,0.000000,18,0,0,0,18,100.000000,0.000000,1000,334516,5,1.000000,1.000000,0,1732,0,15340,0
100002869,baseline,420.000000,460.000000,0.001944,100.000000,0.010470,18,18,9720,18,18,0.000000,34.479424,1000,335140,5,1.000000,1.000000,0,1795,0,19689,0
100002872,attack_only,120.000000,160.000000,0.001944,100.000000,0.042055,18,18,9720,18,18,0.000000,30.465021,1000,296120,8,1.000000,1.000000,0,1909,0,6902,0
100002872,defense_only,220.000000,260.000000,0.001944,100.000000,0.015954,18,18,9720,18,18,0.000000,30.179835,1000,293348,8,1.000000,1.000000,0,1839,0,11337,0
100002872,defense_vs_attack,320.000000,360.000000,0.001944,100.000000,0.034995,18,18,9720,18,18,0.000000,30.883539,1000,300188,8,1.000000,1.000000,0,1907,0,15842,0
100002872,baseline,420.000000,460.000000,0.001944,100.000000,0.019756,18,18,9720,18,18,0.000000,30.425926,1000,295740,8,1.000000,1.000000,0,1870,0,20279,0
100002874,defense_only,120.000000,160.000000,0.001944,100.000000,0.035357,18,18,9720,18,18,0.000000,31.153086,1000,302808,7,1.000000,1.000000,0,1941,0,7319,0
100002874,attack_only,220.000000,260.000000,0.001944,100.000000,0.013973,18,18,9720,18,18,0.000000,29.423457,1000,285996,7,1.000000,1.000000,0,1927,0,11948,0
100002874,baseline,320.000000,360.000000,0.001944,100.000000,0.030610,18,18,9720,18,18,0.000000,31.001646,1000,301336,7,1.000000,1.000000,0,1982,0,16636,0
100002874,defense_vs_attack,420.000000,460.000000,0.001944,100.000000,0.016798,18,18,9720,18,18,0.000000,29.308642,1000,284880,7,1.000000,1.000000,0,1934,0,21301,0
100002875,defense_vs_attack,120.000000,160.000000,0.001944,100.000000,0.025886,18,18,9720,18,18,0.000000,31.200000,1000,303264,5,1.000000,1.000000,0,1844,0,6894,0
100002875,defense_only,220.000000,260.000000,0.001944,100.000000,0.016544,18,18,9720,18,18,0.000000,32.205761,1000,313040,5,1.000000,1.000000,0,1883,0,11369,0
100002875,attack_only,320.000000,360.000000,0.001944,100.000000,0.016915,18,18,9720,18,18,0.000000,31.193004,1000,303196,5,1.000000,1.000000,0,1825,0,15778,0
100002875,baseline,420.000000,460.000000,0.001944,100.000000,0.011439,18,18,9720,18,18,0.000000,32.559671,1000,316480,5,1.000000,1.000000,0,1836,0,20301,0
100002876,defense_vs_attack,120.000000,160.000000,0.001944,100.000000,0.020918,18,18,9720,18,18,0.000000,33.330864,1000,323976,4,1.000000,1.000000,0,1778,0,6648,0
100002876,attack_only,220.000000,260.000000,0.001944,100.000000,0.008340,18,18,9720,18,18,0.000000,33.324280,1000,323912,4,1.000000,1.000000,0,1764,0,10917,0
100002876,defense_only,320.000000,360.000000,0.001944,100.000000,0.017854,18,18,9720,18,18,0.000000,33.480247,1000,325428,4,1.000000,1.000000,0,1763,0,15258,0
100002876,baseline,420.000000,460.000000,0.001944,100.000000,0.010343,18,18,9720,18,18,0.000000,33.717284,1000,327732,4,1.000000,1.000000,0,1749,0,19497,0
100002879,baseline,120.000000,160.000000,0.001944,100.000000,0.083660,18,18,9720,18,18,0.000000,29.822222,1000,289872,5,1.000000,1.000000,0,1776,0,6559,0
100002879,defense_vs_attack,220.000000,260.000000,0.000540,27.777778,0.025019,18,5,2700,5,18,72.222222,107.666667,1000,290700,5,1.000000,1.000000,0,1806,0,10850,0
100002879,attack_only,320.000000,360.000000,0.000000,0.000000,0.000000,18,0,0,0,18,100.000000,0.000000,1000,284236,5,1.000000,1.000000,0,1692,0,15058,0
100002879,defense_only,420.000000,460.000000,0.001944,100.000000,0.021573,18,18,9720,18,18,0.000000,30.237860,1000,293912,5,1.000000,1.000000,0,1744,0,19338,0
100002884,baseline,120.000000,160.000000,0.001944,100.000000,0.030412,18,18,9720,18,18,0.000000,27.925926,1000,271440,6,1.000000,1.000000,0,1681,0,6240,0
100002884,defense_only,220.000000,260.000000,0.001944,100.000000,0.011904,18,18,9720,18,18,0.000000,27.613169,1000,268400,6,1.000000,1.000000,0,1669,0,10225,0
100002884,attack_only,320.000000,360.000000,0.001944,100.000000,0.026037,18,18,9720,18,18,0.000000,26.556379,1000,258128,6,1.000000,1.000000,0,1653,0,14191,0
100002884,defense_vs_attack,420.000000,460.000000,0.001944,100.000000,0.014498,18,18,9720,18,18,0.000000,26.595062,1000,258504,6,1.000000,1.000000,0,1684,0,18188,0
100002883,defense_vs_attack,120.000000,160.000000,0.001944,100.000000,0.026055,18,18,9720,18,18,0.000000,33.568313,1000,326284,5,1.000000,1.000000,0,1791,0,6622,0
100002883,attack_only,220.000000,260.000000,0.001944,100.000000,0.010617,18,18,9720,18,18,0.000000,33.854733,1000,329068,5,1.000000,1.000000,0,1793,0,11006,0
100002883,defense_only,320.000000,360.000000,0.001944,100.000000,0.021072,18,18,9720,18,18,0.000000,31.606173,1000,307212,5,1.000000,1.000000,0,1721,0,15241,0
100002883,baseline,420.000000,460.000000,0.001944,100.000000,0.012695,18,18,9720,18,18,0.000000,31.434979,1000,305548,5,1.000000,1.000000,0,1737,0,19514,0
100002888,baseline,120.000000,160.000000,0.001944,100.000000,0.020533,18,18,9720,18,18,0.000000,25.436626,1000,247244,4,1.000000,1.000000,0,1609,0,6032,0
100002888,defense_only,220.000000,260.000000,0.001944,100.000000,0.007900,18,18,9720,18,18,0.000000,25.204938,1000,244992,4,1.000000,1.000000,0,1588,0,9889,0
100002888,attack_only,320.000000,360.000000,0.001944,100.000000,0.017177,18,18,9720,18,18,0.000000,24.890123,1000,241932,4,1.000000,1.000000,0,1579,0,13762,0
100002888,defense_vs_attack,420.000000,460.000000,0.001944,100.000000,0.009500,18,18,9720,18,18,0.000000,24.942798,1000,242444,4,1.000000,1.000000,0,1584,0,17646,0
100002887,baseline,120.000000,160.000000,0.001944,100.000000,0.020421,18,18,9720,18,18,0.000000,28.543210,1000,277440,4,1.000000,1.000000,0,1711,0,6469,0
100002887,defense_vs_attack,220.000000,260.000000,0.001944,100.000000,0.007837,18,18,9720,18,18,0.000000,28.821399,1000,280144,4,1.000000,1.000000,0,1682,0,10589,0
100002887,defense_only,320.000000,360.000000,0.001944,100.000000,0.017175,18,18,9720,18,18,0.000000,28.769547,1000,279640,4,1.000000,1.000000,0,1702,0,14688,0
100002887,attack_only,420.000000,460.000000,0.001944,100.000000,0.009498,18,18,9720,18,18,0.000000,29.139095,1000,283232,4,1.000000,1.000000,0,1725,0,18872,0
100002889,defense_only,120.000000,160.000000,0.001944,100.000000,0.084880,18,18,9720,18,18,0.000000,29.068313,1000,282544,5,1.000000,1.000000,0,1855,0,6802,0
100002889,baseline,220.000000,260.000000,0.001944,100.000000,0.012291,18,18,9720,18,18,0.000000,29.179835,1000,283628,5,1.000000,1.000000,0,1826,0,11223,0
100002889,attack_only,320.000000,360.000000,0.000000,0.000000,0.000000,18,0,0,0,18,100.000000,0.000000,1000,285432,5,1.000000,1.000000,0,1757,0,15596,0
100002889,defense_vs_attack,420.000000,460.000000,0.000972,50.000000,0.019641,18,9,4860,9,18,50.000000,59.012346,1000,286800,5,1.000000,1.000000,0,1802,0,19991,0
100002892,defense_vs_attack,120.000000,160.000000,0.001512,77.777778,0.017273,18,14,7560,14,18,22.222222,36.368783,1000,274948,4,1.000000,1.000000,0,1667,0,6288,0
100002892,defense_only,220.000000,260.000000,0.001944,100.000000,0.007243,18,18,9720,18,18,0.000000,27.206173,1000,264444,3,1.000000,1.000000,0,1632,0,10302,0
100002892,attack_only,320.000000,360.000000,0.000000,0.000000,0.000000,18,0,0,0,18,100.000000,0.000000,1000,267696,4,1.000000,1.000000,0,1618,0,14301,0
100002892,baseline,420.000000,460.000000,0.001944,100.000000,0.011830,18,18,9720,18,18,0.000000,27.683539,1000,269084,3,1.000000,1.000000,0,1640,0,18320,0
100002893,defense_vs_attack,120.000000,160.000000,0.001944,100.000000,0.014722,18,18,9720,18,18,0.000000,29.148560,1000,283324,3,1.000000,1.000000,0,1741,0,6515,0
100002893,attack_only,220.000000,260.000000,0.001944,100.000000,0.006148,18,18,9720,18,18,0.000000,29.532510,1000,287056,3,1.000000,1.000000,0,1753,0,10769,0
100002893,defense_only,320.000000,360.000000,0.001944,100.000000,0.012812,18,18,9720,18,18,0.000000,29.377366,1000,285548,3,1.000000,1.000000,0,1697,0,14923,0
100002893,baseline,420.000000,460.000000,0.001944,100.000000,0.007170,18,18,9720,18,18,0.000000,29.269136,1000,284496,3,1.000000,1.000000,0,1694,0,19102,0
100002894,baseline,120.000000,160.000000,0.001944,100.000000,0.031561,18,18,9720,18,18,0.000000,29.069547,1000,282556,6,1.000000,1.000000,0,1809,0,6637,0
100002894,attack_only,220.000000,260.000000,0.001944,100.000000,0.012003,18,18,9720,18,18,0.000000,29.472016,1000,286468,6,1.000000,1.000000,0,1766,0,10906,0
100002894,defense_only,320.000000,360.000000,0.001944,100.000000,0.026205,18,18,9720,18,18,0.000000,29.025514,1000,282128,6,1.000000,1.000000,0,1795,0,15164,0
100002894,defense_vs_attack,420.000000,460.000000,0.001944,100.000000,0.014837,18,18,9720,18,18,0.000000,29.544444,1000,287172,6,1.000000,1.000000,0,1784,0,19453,0
100002899,attack_only,120.000000,160.000000,0.001944,100.000000,0.015728,18,18,9720,18,18,0.000000,27.702469,1000,269268,3,1.000000,1.000000,0,1719,0,6429,0
100002899,defense_only,220.000000,260.000000,0.001944,100.000000,0.005788,18,18,9720,18,18,0.000000,27.399588,1000,266324,3,1.000000,1.000000,0,1659,0,10508,0
100002899,baseline,320.000000,360.000000,0.001944,100.000000,0.012951,18,18,9720,18,18,0.000000,27.540741,1000,267696,3,1.000000,1.000000,0,1690,0,14598,0
100002899,defense_vs_attack,420.000000,460.000000,0.001944,100.000000,0.007407,18,18,9720,18,18,0.000000,27.385185,1000,266184,3,1.000000,1.000000,0,1671,0,18703,0
100002895,defense_only,120.000000,160.000000,0.001944,100.000000,0.027217,18,18,9720,18,18,0.000000,28.406996,1000,276116,5,1.000000,1.000000,0,1755,0,6546,0
100002895,attack_only,220.000000,260.000000,0.001944,100.000000,0.010227,18,18,9720,18,18,0.000000,27.545267,1000,267740,5,1.000000,1.000000,0,1698,0,10700,0
100002895,baseline,320.000000,360.000000,0.001944,100.000000,0.021146,18,18,9720,18,18,0.000000,28.387654,1000,275928,5,1.000000,1.000000,0,1751,0,14946,0
100002895,defense_vs_attack,420.000000,460.000000,0.001944,100.000000,0.013043,18,18,9720,18,18,0.000000,27.924691,1000,271428,5,1.000000,1.000000,0,1732,0,19144,0
100002897,defense_vs_attack,120.000000,160.000000,0.000972,50.000000,0.038986,18,9,4860,9,18,50.000000,64.683951,1000,314364,6,1.000000,1.000000,0,1786,0,6866,0
100002897,attack_only,220.000000,260.000000,0.000000,0.000000,0.000000,18,0,0,0,18,100.000000,0.000000,1000,295356,6,1.000000,1.000000,0,1712,0,11125,0
100002897,defense_only,320.000000,360.000000,0.001944,100.000000,0.021728,18,18,9720,18,18,0.000000,32.430864,1000,315228,6,1.000000,1.000000,0,1930,0,15682,0
100002897,baseline,420.000000,460.000000,0.001944,100.000000,0.016613,18,18,9720,18,18,0.000000,32.700000,1000,317844,6,1.000000,1.000000,0,1929,0,20233,0
100002898,baseline,120.000000,160.000000,0.001944,100.000000,0.015391,18,18,9720,18,18,0.000000,31.098354,1000,302276,3,1.000000,1.000000,0,1745,0,6590,0
100002898,defense_only,220.000000,260.000000,0.001944,100.000000,0.006068,18,18,9720,18,18,0.000000,30.988066,1000,301204,3,1.000000,1.000000,0,1746,0,10875,0
100002898,attack_only,320.000000,360.000000,0.001944,100.000000,0.012946,18,18,9720,18,18,0.000000,31.728395,1000,308400,3,1.000000,1.000000,0,1741,0,15163,0
100002898,defense_vs_attack,420.000000,460.000000,0.001944,100.000000,0.007121,18,18,9720,18,18,0.000000,31.869547,1000,309772,3,1.000000,1.000000,0,1761,0,19483,0
100002904,defense_vs_attack,120.000000,160.000000,0.001944,100.000000,0.026292,18,18,9720,18,18,0.000000,31.938683,1000,310444,5,1.000000,1.000000,0,1797,0,6696,0
100002904,defense_only,220.000000,260.000000,0.001944,100.000000,0.010325,18,18,9720,18,18,0.000000,30.995062,1000,301272,5,1.000000,1.000000,0,1772,0,10929,0
100002904,baseline,320.000000,360.000000,0.001944,100.000000,0.021654,18,18,9720,18,18,0.000000,31.106173,1000,302352,5,1.000000,1.000000,0,1764,0,15210,0
100002904,attack_only,420.000000,460.000000,0.001944,100.000000,0.015339,18,18,9720,18,18,0.000000,31.993416,1000,310976,5,1.000000,1.000000,0,1808,0,19596,0
100002905,attack_only,120.000000,160.000000,0.001944,100.000000,0.081548,18,18,9720,18,18,0.000000,32.960082,1000,320372,5,1.000000,1.000000,0,1852,0,6848,0
100002905,defense_only,220.000000,260.000000,0.001944,100.000000,0.009852,18,18,9720,18,18,0.000000,33.200412,1000,322708,5,1.000000,1.000000,0,1828,0,11259,0
100002905,baseline,320.000000,360.000000,0.001944,100.000000,0.021265,18,18,9720,18,18,0.000000,32.934979,1000,320128,5,1.000000,1.000000,0,1811,0,15650,0
100002905,defense_vs_attack,420.000000,460.000000,0.001944,100.000000,0.025157,18,18,9720,18,18,0.000000,33.016872,1000,320924,5,1.000000,1.000000,0,1813,0,20067,0
100002911,defense_vs_attack,120.000000,160.000000,0.001944,100.000000,0.031291,18,18,9720,18,18,0.000000,24.623868,1000,239344,6,1.000000,1.000000,0,1767,0,6594,0
100002911,defense_only,220.000000,260.000000,0.001944,100.000000,0.012167,18,18,9720,18,18,0.000000,24.642387,1000,239524,6,1.000000,1.000000,0,1771,0,10853,0
100002911,baseline,320.000000,360.000000,0.001944,100.000000,0.025902,18,18,9720,18,18,0.000000,24.703292,1000,240116,6,1.000000,1.000000,0,1758,0,15041,0
100002911,attack_only,420.000000,460.000000,0.001944,100.000000,0.016250,18,18,9720,18,18,0.000000,24.771605,1000,240780,6,1.000000,1.000000,0,1762,0,19238,0
100002912,baseline,120.000000,160.000000,0.001944,100.000000,0.015146,18,18,9720,18,18,0.000000,23.185185,1000,225360,3,1.000000,1.000000,0,1576,0,6016,0
100002912,defense_only,220.000000,260.000000,0.001944,100.000000,0.005790,18,18,9720,18,18,0.000000,23.308642,1000,226560,3,1.000000,1.000000,0,1574,0,9886,0
100002912,defense_vs_attack,320.000000,360.000000,0.001944,100.000000,0.012976,18,18,9720,18,18,0.000000,23.805350,1000,231388,3,1.000000,1.000000,0,1621,0,13823,0
100002912,attack_only,420.000000,460.000000,0.001944,100.000000,0.007459,18,18,9720,18,18,0.000000,23.811934,1000,231452,3,1.000000,1.000000,0,1647,0,17768,0
100002903,defense_only,120.000000,160.000000,0.001944,100.000000,0.015397,18,18,9720,18,18,0.000000,31.024280,1000,301556,3,1.000000,1.000000,0,1925,0,7270,0
100002903,attack_only,220.000000,260.000000,0.001944,100.000000,0.005789,18,18,9720,18,18,0.000000,32.558436,1000,316468,3,1.000000,1.000000,0,1934,0,11959,0
100002903,baseline,320.000000,360.000000,0.001944,100.000000,0.012812,18,18,9720,18,18,0.000000,31.361317,1000,304832,3,1.000000,1.000000,0,1894,0,16670,0
100002903,defense_vs_attack,420.000000,460.000000,0.001944,100.000000,0.007065,18,18,9720,18,18,0.000000,32.018519,1000,311220,3,1.000000,1.000000,0,1879,0,21315,0
100002908,defense_only,120.000000,160.000000,0.001944,100.000000,0.020785,18,18,9720,18,18,0.000000,23.765432,1000,231000,4,1.000000,1.000000,0,1537,0,5901,0
100002908,defense_vs_attack,220.000000,260.000000,0.001512,77.777778,0.007634,18,14,7560,14,18,22.222222,32.788360,1000,247880,5,1.000000,1.000000,0,1610,0,9829,0
100002908,baseline,320.000000,360.000000,0.001944,100.000000,0.016490,18,18,9720,18,18,0.000000,24.192181,1000,235148,4,1.000000,1.000000,0,1560,0,13617,0
100002908,attack_only,420.000000,460.000000,0.000000,0.000000,0.000000,18,0,0,0,18,100.000000,0.000000,1000,256252,5,1.000000,1.000000,0,1603,0,17536,0
100002913,defense_only,120.000000,160.000000,0.001944,100.000000,0.026107,18,18,9720,18,18,0.000000,26.810288,1000,260596,4,1.000000,1.000000,0,1685,0,6311,0
100002913,baseline,220.000000,260.000000,0.001944,100.000000,0.014205,18,18,9720,18,18,0.000000,26.559671,1000,258160,4,1.000000,1.000000,0,1693,0,10419,0
100002913,attack_only,320.000000,360.000000,0.001944,100.000000,0.010861,18,18,9720,18,18,0.000000,27.123868,1000,263644,4,1.000000,1.000000,0,1658,0,14504,0
100002913,defense_vs_attack,420.000000,460.000000,0.001944,100.000000,0.012809,18,18,9720,18,18,0.000000,26.872016,1000,261196,4,1.000000,1.000000,0,1650,0,18537,0
100002918,defense_only,120.000000,160.000000,0.001944,100.000000,0.036001,18,18,9720,18,18,0.000000,29.923457,1000,290856,7,1.000000,1.000000,0,1781,0,6452,0
100002918,attack_only,220.000000,260.000000,0.000000,0.000000,0.000000,18,0,0,0,18,100.000000,0.000000,1000,276220,7,1.000000,1.000000,0,1649,0,10497,0
100002918,defense_vs_attack,320.000000,360.000000,0.000756,38.888889,0.033864,18,7,3780,7,18,61.111111,75.320635,1000,284712,7,1.000000,1.000000,0,1724,0,14600,0
100002918,baseline,420.000000,460.000000,0.001944,100.000000,0.023970,18,18,9720,18,18,0.000000,29.904115,1000,290668,7,1.000000,1.000000,0,1716,0,18739,0
100002924,defense_vs_attack,120.000000,160.000000,0.001944,100.000000,0.032400,18,18,9720,18,18,0.000000,33.241975,1000,323112,6,1.000000,1.000000,0,1955,0,7145,0
100002924,attack_only,220.000000,260.000000,0.001944,100.000000,0.012531,18,18,9720,18,18,0.000000,33.283539,1000,323516,6,1.000000,1.000000,0,1951,0,11789,0
100002924,defense_only,320.000000,360.000000,0.001944,100.000000,0.025450,18,18,9720,18,18,0.000000,32.756790,1000,318396,6,1.000000,1.000000,0,1923,0,16470,0
100002924,baseline,420.000000,460.000000,0.001944,100.000000,0.015404,18,18,9720,18,18,0.000000,32.986831,1000,320632,6,1.000000,1.000000,0,1958,0,21172,0
100002920,defense_vs_attack,120.000000,160.000000,0.001944,100.000000,0.020793,18,18,9720,18,18,0.000000,26.396708,1000,256576,4,1.000000,1.000000,0,1655,0,6187,0
100002920,attack_only,220.000000,260.000000,0.001944,100.000000,0.008107,18,18,9720,18,18,0.000000,26.303704,1000,255672,4,1.000000,1.000000,0,1648,0,10195,0
100002920,defense_only,320.000000,360.000000,0.001944,100.000000,0.017707,18,18,9720,18,18,0.000000,25.790123,1000,250680,4,1.000000,1.000000,0,1614,0,14121,0
100002920,baseline,420.000000,460.000000,0.001944,100.000000,0.010499,18,18,9720,18,18,0.000000,25.874897,1000,251504,4,1.000000,1.000000,0,1643,0,18086,0
100002927,defense_only,120.000000,160.000000,0.001944,100.000000,0.020120,18,18,9720,18,18,0.000000,25.868313,1000,251440,4,1.000000,1.000000,0,1691,0,6366,0
100002927,baseline,220.000000,260.000000,0.001944,100.000000,0.008226,18,18,9720,18,18,0.000000,25.406584,1000,246952,4,1.000000,1.000000,0,1693,0,10433,0
100002927,defense_vs_attack,320.000000,360.000000,0.000000,0.000000,0.000000,18,0,0,0,18,100.000000,0.000000,1000,233812,4,1.000000,1.000000,0,1644,0,14470,0
100002927,attack_only,420.000000,460.000000,0.000000,0.000000,0.000000,18,0,0,0,18,100.000000,0.000000,1000,232160,4,1.000000,1.000000,0,1569,0,18440,0
100002928,baseline,120.000000,160.000000,0.001944,100.000000,0.016304,18,18,9720,18,18,0.000000,31.260082,1000,303848,3,1.000000,1.000000,0,1816,0,6770,0
100002928,attack_only,220.000000,260.000000,0.001944,100.000000,0.005789,18,18,9720,18,18,0.000000,33.215638,1000,322856,3,1.000000,1.000000,0,1783,0,11129,0
100002928,defense_vs_attack,320.000000,360.000000,0.001944,100.000000,0.015034,18,18,9720,18,18,0.000000,33.049383,1000,321240,3,1.000000,1.000000,0,1769,0,15515,0
100002928,defense_only,420.000000,460.000000,0.001944,100.000000,0.012029,18,18,9720,18,18,0.000000,30.900412,1000,300352,3,1.000000,1.000000,0,1744,0,19841,0
100002934,defense_vs_attack,120.000000,160.000000,0.001944,100.000000,0.030933,18,18,9720,18,18,0.000000,29.619342,1000,287900,6,1.000000,1.000000,0,1838,0,6723,0
100002934,defense_only,220.000000,260.000000,0.001944,100.000000,0.012092,18,18,9720,18,18,0.000000,28.504938,1000,277068,6,1.000000,1.000000,0,1814,0,11045,0
100002934,attack_only,320.000000,360.000000,0.001944,100.000000,0.026688,18,18,9720,18,18,0.000000,29.843210,1000,290076,6,1.000000,1.000000,0,1855,0,15493,0
100002934,baseline,420.000000,460.000000,0.001944,100.000000,0.014806,18,18,9720,18,18,0.000000,28.257202,1000,274660,6,1.000000,1.000000,0,1758,0,19803,0
100002942,defense_only,120.000000,160.000000,0.001944,100.000000,0.020184,18,18,9720,18,18,0.000000,36.083951,1000,350736,4,1.000000,1.000000,0,1861,0,6900,0
100002942,attack_only,220.000000,260.000000,0.001944,100.000000,0.007793,18,18,9720,18,18,0.000000,35.849794,1000,348460,4,1.000000,1.000000,0,1839,0,11370,0
100002942,defense_vs_attack,320.000000,360.000000,0.001944,100.000000,0.017268,18,18,9720,18,18,0.000000,35.948148,1000,349416,4,1.000000,1.000000,0,1865,0,15842,0
100002942,baseline,420.000000,460.000000,0.001944,100.000000,0.010144,18,18,9720,18,18,0.000000,35.702058,1000,347024,4,1.000000,1.000000,0,1814,0,20284,0
